<?xml version="1.0" encoding="UTF-8"?>
<gpx xmlns="http://www.topografix.com/GPX/1/1" xmlns:xsi="http://www.w3.org/2001/XMLSchema-instance" xsi:schemaLocation="http://www.topografix.com/GPX/1/1 http://www.topografix.com/GPX/1/1/gpx.xsd" version="1.1" creator="gpx.py -- https://github.com/tkrajina/gpxpy">
  <metadata>
    <name>1785495547.Lunch_break_spin</name>
    <time>2026-07-31T10:59:07Z</time>
    <keywords>19542369121</keywords>
  </metadata>
  <trk>
    <name>1785495547.Lunch_break_spin</name>
    <cmt>2026-07-31</cmt>
    <type>Ride</type>
    <trkseg>
      <trkpt lat="46.331677" lon="6.194241">
        <ele>397.1</ele>
        <time>2026-07-31T10:59:07Z</time>
      </trkpt>
      <trkpt lat="46.331677" lon="6.194241">
        <ele>397.1</ele>
        <time>2026-07-31T10:59:35Z</time>
      </trkpt>
      <trkpt lat="46.331677" lon="6.194241">
        <ele>397.1</ele>
        <time>2026-07-31T10:59:39Z</time>
      </trkpt>
      <trkpt lat="46.331681" lon="6.19427">
        <ele>397.1</ele>
        <time>2026-07-31T10:59:41Z</time>
      </trkpt>
      <trkpt lat="46.331677" lon="6.194241">
        <ele>397.1</ele>
        <time>2026-07-31T10:59:45Z</time>
      </trkpt>
      <trkpt lat="46.331747" lon="6.194297">
        <ele>397.2</ele>
        <time>2026-07-31T10:59:47Z</time>
      </trkpt>
      <trkpt lat="46.331786" lon="6.194264">
        <ele>397.2</ele>
        <time>2026-07-31T10:59:53Z</time>
      </trkpt>
      <trkpt lat="46.331786" lon="6.194272">
        <ele>397.2</ele>
        <time>2026-07-31T10:59:54Z</time>
      </trkpt>
      <trkpt lat="46.331779" lon="6.194272">
        <ele>397.2</ele>
        <time>2026-07-31T10:59:55Z</time>
      </trkpt>
      <trkpt lat="46.331782" lon="6.19427">
        <ele>397.2</ele>
        <time>2026-07-31T10:59:56Z</time>
      </trkpt>
      <trkpt lat="46.331789" lon="6.194269">
        <ele>397.2</ele>
        <time>2026-07-31T10:59:57Z</time>
      </trkpt>
      <trkpt lat="46.331797" lon="6.194257">
        <ele>397.2</ele>
        <time>2026-07-31T10:59:58Z</time>
      </trkpt>
      <trkpt lat="46.331804" lon="6.194244">
        <ele>397.2</ele>
        <time>2026-07-31T10:59:59Z</time>
      </trkpt>
      <trkpt lat="46.331807" lon="6.194223">
        <ele>397.2</ele>
        <time>2026-07-31T11:00:00Z</time>
      </trkpt>
      <trkpt lat="46.331811" lon="6.194207">
        <ele>397.3</ele>
        <time>2026-07-31T11:00:01Z</time>
      </trkpt>
      <trkpt lat="46.331825" lon="6.194189">
        <ele>397.3</ele>
        <time>2026-07-31T11:00:02Z</time>
      </trkpt>
      <trkpt lat="46.331835" lon="6.194161">
        <ele>397.3</ele>
        <time>2026-07-31T11:00:03Z</time>
      </trkpt>
      <trkpt lat="46.331846" lon="6.194117">
        <ele>397.3</ele>
        <time>2026-07-31T11:00:04Z</time>
      </trkpt>
      <trkpt lat="46.331851" lon="6.194075">
        <ele>397.4</ele>
        <time>2026-07-31T11:00:05Z</time>
      </trkpt>
      <trkpt lat="46.331849" lon="6.194031">
        <ele>397.4</ele>
        <time>2026-07-31T11:00:06Z</time>
      </trkpt>
      <trkpt lat="46.331838" lon="6.193986">
        <ele>397.4</ele>
        <time>2026-07-31T11:00:07Z</time>
      </trkpt>
      <trkpt lat="46.331824" lon="6.193937">
        <ele>397.4</ele>
        <time>2026-07-31T11:00:08Z</time>
      </trkpt>
      <trkpt lat="46.331816" lon="6.193877">
        <ele>397.5</ele>
        <time>2026-07-31T11:00:09Z</time>
      </trkpt>
      <trkpt lat="46.331817" lon="6.193821">
        <ele>397.5</ele>
        <time>2026-07-31T11:00:10Z</time>
      </trkpt>
      <trkpt lat="46.331824" lon="6.193768">
        <ele>397.6</ele>
        <time>2026-07-31T11:00:11Z</time>
      </trkpt>
      <trkpt lat="46.33183" lon="6.193712">
        <ele>397.7</ele>
        <time>2026-07-31T11:00:12Z</time>
      </trkpt>
      <trkpt lat="46.331838" lon="6.193657">
        <ele>397.8</ele>
        <time>2026-07-31T11:00:13Z</time>
      </trkpt>
      <trkpt lat="46.331843" lon="6.193603">
        <ele>397.8</ele>
        <time>2026-07-31T11:00:14Z</time>
      </trkpt>
      <trkpt lat="46.331852" lon="6.193544">
        <ele>397.9</ele>
        <time>2026-07-31T11:00:15Z</time>
      </trkpt>
      <trkpt lat="46.33186" lon="6.19349">
        <ele>398.0</ele>
        <time>2026-07-31T11:00:16Z</time>
      </trkpt>
      <trkpt lat="46.331869" lon="6.193433">
        <ele>398.1</ele>
        <time>2026-07-31T11:00:17Z</time>
      </trkpt>
      <trkpt lat="46.33188" lon="6.193378">
        <ele>398.2</ele>
        <time>2026-07-31T11:00:18Z</time>
      </trkpt>
      <trkpt lat="46.331882" lon="6.193306">
        <ele>398.3</ele>
        <time>2026-07-31T11:00:19Z</time>
      </trkpt>
      <trkpt lat="46.331894" lon="6.193256">
        <ele>398.3</ele>
        <time>2026-07-31T11:00:20Z</time>
      </trkpt>
      <trkpt lat="46.331905" lon="6.193205">
        <ele>398.4</ele>
        <time>2026-07-31T11:00:21Z</time>
      </trkpt>
      <trkpt lat="46.331916" lon="6.193166">
        <ele>398.4</ele>
        <time>2026-07-31T11:00:22Z</time>
      </trkpt>
      <trkpt lat="46.331926" lon="6.19312">
        <ele>398.5</ele>
        <time>2026-07-31T11:00:23Z</time>
      </trkpt>
      <trkpt lat="46.331933" lon="6.193076">
        <ele>398.6</ele>
        <time>2026-07-31T11:00:24Z</time>
      </trkpt>
      <trkpt lat="46.331937" lon="6.193036">
        <ele>398.7</ele>
        <time>2026-07-31T11:00:25Z</time>
      </trkpt>
      <trkpt lat="46.331939" lon="6.193">
        <ele>398.8</ele>
        <time>2026-07-31T11:00:26Z</time>
      </trkpt>
      <trkpt lat="46.33196" lon="6.19297">
        <ele>398.9</ele>
        <time>2026-07-31T11:00:27Z</time>
      </trkpt>
      <trkpt lat="46.331998" lon="6.192978">
        <ele>399.0</ele>
        <time>2026-07-31T11:00:28Z</time>
      </trkpt>
      <trkpt lat="46.332034" lon="6.192999">
        <ele>399.1</ele>
        <time>2026-07-31T11:00:29Z</time>
      </trkpt>
      <trkpt lat="46.332063" lon="6.193006">
        <ele>399.2</ele>
        <time>2026-07-31T11:00:30Z</time>
      </trkpt>
      <trkpt lat="46.332103" lon="6.193003">
        <ele>399.3</ele>
        <time>2026-07-31T11:00:31Z</time>
      </trkpt>
      <trkpt lat="46.332139" lon="6.192979">
        <ele>399.4</ele>
        <time>2026-07-31T11:00:32Z</time>
      </trkpt>
      <trkpt lat="46.332166" lon="6.192936">
        <ele>399.5</ele>
        <time>2026-07-31T11:00:33Z</time>
      </trkpt>
      <trkpt lat="46.332185" lon="6.192873">
        <ele>399.7</ele>
        <time>2026-07-31T11:00:34Z</time>
      </trkpt>
      <trkpt lat="46.3322" lon="6.192802">
        <ele>399.9</ele>
        <time>2026-07-31T11:00:35Z</time>
      </trkpt>
      <trkpt lat="46.332198" lon="6.19274">
        <ele>400.1</ele>
        <time>2026-07-31T11:00:36Z</time>
      </trkpt>
      <trkpt lat="46.332198" lon="6.192699">
        <ele>400.2</ele>
        <time>2026-07-31T11:00:37Z</time>
      </trkpt>
      <trkpt lat="46.332207" lon="6.192642">
        <ele>400.3</ele>
        <time>2026-07-31T11:00:38Z</time>
      </trkpt>
      <trkpt lat="46.332216" lon="6.192583">
        <ele>400.5</ele>
        <time>2026-07-31T11:00:39Z</time>
      </trkpt>
      <trkpt lat="46.332227" lon="6.192528">
        <ele>400.7</ele>
        <time>2026-07-31T11:00:40Z</time>
      </trkpt>
      <trkpt lat="46.33224" lon="6.192477">
        <ele>401.0</ele>
        <time>2026-07-31T11:00:41Z</time>
      </trkpt>
      <trkpt lat="46.332271" lon="6.192444">
        <ele>401.4</ele>
        <time>2026-07-31T11:00:42Z</time>
      </trkpt>
      <trkpt lat="46.332306" lon="6.192437">
        <ele>401.3</ele>
        <time>2026-07-31T11:00:43Z</time>
      </trkpt>
      <trkpt lat="46.332356" lon="6.192459">
        <ele>401.1</ele>
        <time>2026-07-31T11:00:44Z</time>
      </trkpt>
      <trkpt lat="46.332402" lon="6.192477">
        <ele>401.0</ele>
        <time>2026-07-31T11:00:45Z</time>
      </trkpt>
      <trkpt lat="46.332447" lon="6.192501">
        <ele>400.9</ele>
        <time>2026-07-31T11:00:46Z</time>
      </trkpt>
      <trkpt lat="46.332493" lon="6.192526">
        <ele>400.8</ele>
        <time>2026-07-31T11:00:47Z</time>
      </trkpt>
      <trkpt lat="46.332544" lon="6.192548">
        <ele>400.7</ele>
        <time>2026-07-31T11:00:48Z</time>
      </trkpt>
      <trkpt lat="46.332595" lon="6.192564">
        <ele>400.6</ele>
        <time>2026-07-31T11:00:49Z</time>
      </trkpt>
      <trkpt lat="46.332646" lon="6.192587">
        <ele>400.5</ele>
        <time>2026-07-31T11:00:50Z</time>
      </trkpt>
      <trkpt lat="46.332701" lon="6.192609">
        <ele>400.4</ele>
        <time>2026-07-31T11:00:51Z</time>
      </trkpt>
      <trkpt lat="46.332755" lon="6.192628">
        <ele>400.3</ele>
        <time>2026-07-31T11:00:52Z</time>
      </trkpt>
      <trkpt lat="46.332806" lon="6.192655">
        <ele>400.2</ele>
        <time>2026-07-31T11:00:53Z</time>
      </trkpt>
      <trkpt lat="46.33285" lon="6.192675">
        <ele>400.1</ele>
        <time>2026-07-31T11:00:54Z</time>
      </trkpt>
      <trkpt lat="46.332888" lon="6.192643">
        <ele>400.4</ele>
        <time>2026-07-31T11:00:55Z</time>
      </trkpt>
      <trkpt lat="46.332915" lon="6.192592">
        <ele>400.7</ele>
        <time>2026-07-31T11:00:56Z</time>
      </trkpt>
      <trkpt lat="46.332929" lon="6.192514">
        <ele>401.1</ele>
        <time>2026-07-31T11:00:57Z</time>
      </trkpt>
      <trkpt lat="46.332946" lon="6.192471">
        <ele>401.3</ele>
        <time>2026-07-31T11:00:58Z</time>
      </trkpt>
      <trkpt lat="46.332964" lon="6.192407">
        <ele>401.6</ele>
        <time>2026-07-31T11:00:59Z</time>
      </trkpt>
      <trkpt lat="46.332977" lon="6.192325">
        <ele>401.9</ele>
        <time>2026-07-31T11:01:00Z</time>
      </trkpt>
      <trkpt lat="46.332995" lon="6.192248">
        <ele>402.3</ele>
        <time>2026-07-31T11:01:01Z</time>
      </trkpt>
      <trkpt lat="46.333003" lon="6.192179">
        <ele>402.6</ele>
        <time>2026-07-31T11:01:02Z</time>
      </trkpt>
      <trkpt lat="46.333011" lon="6.192107">
        <ele>402.8</ele>
        <time>2026-07-31T11:01:03Z</time>
      </trkpt>
      <trkpt lat="46.333026" lon="6.192034">
        <ele>403.1</ele>
        <time>2026-07-31T11:01:04Z</time>
      </trkpt>
      <trkpt lat="46.33304" lon="6.191963">
        <ele>403.3</ele>
        <time>2026-07-31T11:01:05Z</time>
      </trkpt>
      <trkpt lat="46.333047" lon="6.191897">
        <ele>403.4</ele>
        <time>2026-07-31T11:01:06Z</time>
      </trkpt>
      <trkpt lat="46.333053" lon="6.191829">
        <ele>403.5</ele>
        <time>2026-07-31T11:01:07Z</time>
      </trkpt>
      <trkpt lat="46.333057" lon="6.191764">
        <ele>403.7</ele>
        <time>2026-07-31T11:01:08Z</time>
      </trkpt>
      <trkpt lat="46.333065" lon="6.191698">
        <ele>403.8</ele>
        <time>2026-07-31T11:01:09Z</time>
      </trkpt>
      <trkpt lat="46.333073" lon="6.191639">
        <ele>403.9</ele>
        <time>2026-07-31T11:01:10Z</time>
      </trkpt>
      <trkpt lat="46.333079" lon="6.191574">
        <ele>404.1</ele>
        <time>2026-07-31T11:01:11Z</time>
      </trkpt>
      <trkpt lat="46.333088" lon="6.191514">
        <ele>404.2</ele>
        <time>2026-07-31T11:01:12Z</time>
      </trkpt>
      <trkpt lat="46.333093" lon="6.191441">
        <ele>404.3</ele>
        <time>2026-07-31T11:01:13Z</time>
      </trkpt>
      <trkpt lat="46.333098" lon="6.191372">
        <ele>404.5</ele>
        <time>2026-07-31T11:01:14Z</time>
      </trkpt>
      <trkpt lat="46.333106" lon="6.191307">
        <ele>404.6</ele>
        <time>2026-07-31T11:01:15Z</time>
      </trkpt>
      <trkpt lat="46.333115" lon="6.191238">
        <ele>404.8</ele>
        <time>2026-07-31T11:01:16Z</time>
      </trkpt>
      <trkpt lat="46.333123" lon="6.191168">
        <ele>404.9</ele>
        <time>2026-07-31T11:01:17Z</time>
      </trkpt>
      <trkpt lat="46.333127" lon="6.191099">
        <ele>405.0</ele>
        <time>2026-07-31T11:01:18Z</time>
      </trkpt>
      <trkpt lat="46.333135" lon="6.191035">
        <ele>405.1</ele>
        <time>2026-07-31T11:01:19Z</time>
      </trkpt>
      <trkpt lat="46.333146" lon="6.190967">
        <ele>405.2</ele>
        <time>2026-07-31T11:01:20Z</time>
      </trkpt>
      <trkpt lat="46.333158" lon="6.190906">
        <ele>405.3</ele>
        <time>2026-07-31T11:01:21Z</time>
      </trkpt>
      <trkpt lat="46.333163" lon="6.190845">
        <ele>405.4</ele>
        <time>2026-07-31T11:01:22Z</time>
      </trkpt>
      <trkpt lat="46.333163" lon="6.190777">
        <ele>405.5</ele>
        <time>2026-07-31T11:01:23Z</time>
      </trkpt>
      <trkpt lat="46.333162" lon="6.190713">
        <ele>405.6</ele>
        <time>2026-07-31T11:01:24Z</time>
      </trkpt>
      <trkpt lat="46.333167" lon="6.190646">
        <ele>405.7</ele>
        <time>2026-07-31T11:01:25Z</time>
      </trkpt>
      <trkpt lat="46.333172" lon="6.190579">
        <ele>405.8</ele>
        <time>2026-07-31T11:01:26Z</time>
      </trkpt>
      <trkpt lat="46.333183" lon="6.190511">
        <ele>405.9</ele>
        <time>2026-07-31T11:01:27Z</time>
      </trkpt>
      <trkpt lat="46.333201" lon="6.190446">
        <ele>406.0</ele>
        <time>2026-07-31T11:01:28Z</time>
      </trkpt>
      <trkpt lat="46.333217" lon="6.190377">
        <ele>406.0</ele>
        <time>2026-07-31T11:01:29Z</time>
      </trkpt>
      <trkpt lat="46.333226" lon="6.190303">
        <ele>406.1</ele>
        <time>2026-07-31T11:01:30Z</time>
      </trkpt>
      <trkpt lat="46.333233" lon="6.190233">
        <ele>406.1</ele>
        <time>2026-07-31T11:01:31Z</time>
      </trkpt>
      <trkpt lat="46.333239" lon="6.190162">
        <ele>406.2</ele>
        <time>2026-07-31T11:01:32Z</time>
      </trkpt>
      <trkpt lat="46.33325" lon="6.190096">
        <ele>406.2</ele>
        <time>2026-07-31T11:01:33Z</time>
      </trkpt>
      <trkpt lat="46.333261" lon="6.190023">
        <ele>406.3</ele>
        <time>2026-07-31T11:01:34Z</time>
      </trkpt>
      <trkpt lat="46.333275" lon="6.189955">
        <ele>406.3</ele>
        <time>2026-07-31T11:01:35Z</time>
      </trkpt>
      <trkpt lat="46.333319" lon="6.189923">
        <ele>406.1</ele>
        <time>2026-07-31T11:01:36Z</time>
      </trkpt>
      <trkpt lat="46.333375" lon="6.18994">
        <ele>405.9</ele>
        <time>2026-07-31T11:01:37Z</time>
      </trkpt>
      <trkpt lat="46.333428" lon="6.189977">
        <ele>405.7</ele>
        <time>2026-07-31T11:01:38Z</time>
      </trkpt>
      <trkpt lat="46.333482" lon="6.190016">
        <ele>405.4</ele>
        <time>2026-07-31T11:01:39Z</time>
      </trkpt>
      <trkpt lat="46.333538" lon="6.190047">
        <ele>405.2</ele>
        <time>2026-07-31T11:01:40Z</time>
      </trkpt>
      <trkpt lat="46.333597" lon="6.190076">
        <ele>405.0</ele>
        <time>2026-07-31T11:01:41Z</time>
      </trkpt>
      <trkpt lat="46.333657" lon="6.190106">
        <ele>404.8</ele>
        <time>2026-07-31T11:01:42Z</time>
      </trkpt>
      <trkpt lat="46.333719" lon="6.190146">
        <ele>404.7</ele>
        <time>2026-07-31T11:01:43Z</time>
      </trkpt>
      <trkpt lat="46.333782" lon="6.190185">
        <ele>404.6</ele>
        <time>2026-07-31T11:01:44Z</time>
      </trkpt>
      <trkpt lat="46.333844" lon="6.19022">
        <ele>404.6</ele>
        <time>2026-07-31T11:01:45Z</time>
      </trkpt>
      <trkpt lat="46.333908" lon="6.190254">
        <ele>404.6</ele>
        <time>2026-07-31T11:01:46Z</time>
      </trkpt>
      <trkpt lat="46.333971" lon="6.190281">
        <ele>404.6</ele>
        <time>2026-07-31T11:01:47Z</time>
      </trkpt>
      <trkpt lat="46.334034" lon="6.190325">
        <ele>404.6</ele>
        <time>2026-07-31T11:01:48Z</time>
      </trkpt>
      <trkpt lat="46.334091" lon="6.190376">
        <ele>404.8</ele>
        <time>2026-07-31T11:01:49Z</time>
      </trkpt>
      <trkpt lat="46.334148" lon="6.190417">
        <ele>404.9</ele>
        <time>2026-07-31T11:01:50Z</time>
      </trkpt>
      <trkpt lat="46.334207" lon="6.190444">
        <ele>405.1</ele>
        <time>2026-07-31T11:01:51Z</time>
      </trkpt>
      <trkpt lat="46.334267" lon="6.190467">
        <ele>405.3</ele>
        <time>2026-07-31T11:01:52Z</time>
      </trkpt>
      <trkpt lat="46.334327" lon="6.190496">
        <ele>405.4</ele>
        <time>2026-07-31T11:01:53Z</time>
      </trkpt>
      <trkpt lat="46.334385" lon="6.19053">
        <ele>405.6</ele>
        <time>2026-07-31T11:01:54Z</time>
      </trkpt>
      <trkpt lat="46.33444" lon="6.190564">
        <ele>405.8</ele>
        <time>2026-07-31T11:01:55Z</time>
      </trkpt>
      <trkpt lat="46.334495" lon="6.190597">
        <ele>406.0</ele>
        <time>2026-07-31T11:01:56Z</time>
      </trkpt>
      <trkpt lat="46.334552" lon="6.190628">
        <ele>406.1</ele>
        <time>2026-07-31T11:01:57Z</time>
      </trkpt>
      <trkpt lat="46.334609" lon="6.190658">
        <ele>406.2</ele>
        <time>2026-07-31T11:01:58Z</time>
      </trkpt>
      <trkpt lat="46.334663" lon="6.190687">
        <ele>406.4</ele>
        <time>2026-07-31T11:01:59Z</time>
      </trkpt>
      <trkpt lat="46.334722" lon="6.190718">
        <ele>406.5</ele>
        <time>2026-07-31T11:02:00Z</time>
      </trkpt>
      <trkpt lat="46.334779" lon="6.190752">
        <ele>406.6</ele>
        <time>2026-07-31T11:02:01Z</time>
      </trkpt>
      <trkpt lat="46.334832" lon="6.190783">
        <ele>406.7</ele>
        <time>2026-07-31T11:02:02Z</time>
      </trkpt>
      <trkpt lat="46.334885" lon="6.190812">
        <ele>406.7</ele>
        <time>2026-07-31T11:02:03Z</time>
      </trkpt>
      <trkpt lat="46.33494" lon="6.190841">
        <ele>406.8</ele>
        <time>2026-07-31T11:02:04Z</time>
      </trkpt>
      <trkpt lat="46.334993" lon="6.190871">
        <ele>406.8</ele>
        <time>2026-07-31T11:02:05Z</time>
      </trkpt>
      <trkpt lat="46.335049" lon="6.190904">
        <ele>406.9</ele>
        <time>2026-07-31T11:02:06Z</time>
      </trkpt>
      <trkpt lat="46.335103" lon="6.190932">
        <ele>406.9</ele>
        <time>2026-07-31T11:02:07Z</time>
      </trkpt>
      <trkpt lat="46.335159" lon="6.190965">
        <ele>406.9</ele>
        <time>2026-07-31T11:02:08Z</time>
      </trkpt>
      <trkpt lat="46.335215" lon="6.190995">
        <ele>406.9</ele>
        <time>2026-07-31T11:02:09Z</time>
      </trkpt>
      <trkpt lat="46.33527" lon="6.191029">
        <ele>407.0</ele>
        <time>2026-07-31T11:02:10Z</time>
      </trkpt>
      <trkpt lat="46.335327" lon="6.191057">
        <ele>407.0</ele>
        <time>2026-07-31T11:02:11Z</time>
      </trkpt>
      <trkpt lat="46.335379" lon="6.191082">
        <ele>407.0</ele>
        <time>2026-07-31T11:02:12Z</time>
      </trkpt>
      <trkpt lat="46.335441" lon="6.19111">
        <ele>406.9</ele>
        <time>2026-07-31T11:02:13Z</time>
      </trkpt>
      <trkpt lat="46.335498" lon="6.191146">
        <ele>406.9</ele>
        <time>2026-07-31T11:02:14Z</time>
      </trkpt>
      <trkpt lat="46.335556" lon="6.191181">
        <ele>406.9</ele>
        <time>2026-07-31T11:02:15Z</time>
      </trkpt>
      <trkpt lat="46.335616" lon="6.191216">
        <ele>406.8</ele>
        <time>2026-07-31T11:02:16Z</time>
      </trkpt>
      <trkpt lat="46.335675" lon="6.191249">
        <ele>406.8</ele>
        <time>2026-07-31T11:02:17Z</time>
      </trkpt>
      <trkpt lat="46.335735" lon="6.191281">
        <ele>406.7</ele>
        <time>2026-07-31T11:02:18Z</time>
      </trkpt>
      <trkpt lat="46.335795" lon="6.191316">
        <ele>406.7</ele>
        <time>2026-07-31T11:02:19Z</time>
      </trkpt>
      <trkpt lat="46.335859" lon="6.191344">
        <ele>406.6</ele>
        <time>2026-07-31T11:02:20Z</time>
      </trkpt>
      <trkpt lat="46.335923" lon="6.191377">
        <ele>406.5</ele>
        <time>2026-07-31T11:02:21Z</time>
      </trkpt>
      <trkpt lat="46.335987" lon="6.191404">
        <ele>406.4</ele>
        <time>2026-07-31T11:02:22Z</time>
      </trkpt>
      <trkpt lat="46.336054" lon="6.191435">
        <ele>406.2</ele>
        <time>2026-07-31T11:02:23Z</time>
      </trkpt>
      <trkpt lat="46.336118" lon="6.191478">
        <ele>405.9</ele>
        <time>2026-07-31T11:02:24Z</time>
      </trkpt>
      <trkpt lat="46.336186" lon="6.191519">
        <ele>405.4</ele>
        <time>2026-07-31T11:02:25Z</time>
      </trkpt>
      <trkpt lat="46.336258" lon="6.19156">
        <ele>404.9</ele>
        <time>2026-07-31T11:02:26Z</time>
      </trkpt>
      <trkpt lat="46.336334" lon="6.191604">
        <ele>404.2</ele>
        <time>2026-07-31T11:02:27Z</time>
      </trkpt>
      <trkpt lat="46.336398" lon="6.191641">
        <ele>403.7</ele>
        <time>2026-07-31T11:02:28Z</time>
      </trkpt>
      <trkpt lat="46.336447" lon="6.191661">
        <ele>403.4</ele>
        <time>2026-07-31T11:02:29Z</time>
      </trkpt>
      <trkpt lat="46.336484" lon="6.191672">
        <ele>403.2</ele>
        <time>2026-07-31T11:02:30Z</time>
      </trkpt>
      <trkpt lat="46.336511" lon="6.191681">
        <ele>403.0</ele>
        <time>2026-07-31T11:02:31Z</time>
      </trkpt>
      <trkpt lat="46.33653" lon="6.191688">
        <ele>402.9</ele>
        <time>2026-07-31T11:02:32Z</time>
      </trkpt>
      <trkpt lat="46.336558" lon="6.191687">
        <ele>402.9</ele>
        <time>2026-07-31T11:02:33Z</time>
      </trkpt>
      <trkpt lat="46.336599" lon="6.191692">
        <ele>403.0</ele>
        <time>2026-07-31T11:02:34Z</time>
      </trkpt>
      <trkpt lat="46.336642" lon="6.191709">
        <ele>403.2</ele>
        <time>2026-07-31T11:02:35Z</time>
      </trkpt>
      <trkpt lat="46.33669" lon="6.191712">
        <ele>403.3</ele>
        <time>2026-07-31T11:02:36Z</time>
      </trkpt>
      <trkpt lat="46.336742" lon="6.191698">
        <ele>403.6</ele>
        <time>2026-07-31T11:02:37Z</time>
      </trkpt>
      <trkpt lat="46.336788" lon="6.191673">
        <ele>403.8</ele>
        <time>2026-07-31T11:02:38Z</time>
      </trkpt>
      <trkpt lat="46.336835" lon="6.191647">
        <ele>404.0</ele>
        <time>2026-07-31T11:02:39Z</time>
      </trkpt>
      <trkpt lat="46.336883" lon="6.191623">
        <ele>404.2</ele>
        <time>2026-07-31T11:02:40Z</time>
      </trkpt>
      <trkpt lat="46.336929" lon="6.191601">
        <ele>404.4</ele>
        <time>2026-07-31T11:02:41Z</time>
      </trkpt>
      <trkpt lat="46.336971" lon="6.191578">
        <ele>404.6</ele>
        <time>2026-07-31T11:02:42Z</time>
      </trkpt>
      <trkpt lat="46.337013" lon="6.191547">
        <ele>404.8</ele>
        <time>2026-07-31T11:02:43Z</time>
      </trkpt>
      <trkpt lat="46.337056" lon="6.19152">
        <ele>405.0</ele>
        <time>2026-07-31T11:02:44Z</time>
      </trkpt>
      <trkpt lat="46.337099" lon="6.191496">
        <ele>405.2</ele>
        <time>2026-07-31T11:02:45Z</time>
      </trkpt>
      <trkpt lat="46.337143" lon="6.191469">
        <ele>405.4</ele>
        <time>2026-07-31T11:02:46Z</time>
      </trkpt>
      <trkpt lat="46.337189" lon="6.191445">
        <ele>405.6</ele>
        <time>2026-07-31T11:02:47Z</time>
      </trkpt>
      <trkpt lat="46.337234" lon="6.19142">
        <ele>405.8</ele>
        <time>2026-07-31T11:02:48Z</time>
      </trkpt>
      <trkpt lat="46.337281" lon="6.191395">
        <ele>406.0</ele>
        <time>2026-07-31T11:02:49Z</time>
      </trkpt>
      <trkpt lat="46.337326" lon="6.191371">
        <ele>406.3</ele>
        <time>2026-07-31T11:02:50Z</time>
      </trkpt>
      <trkpt lat="46.337368" lon="6.191342">
        <ele>406.5</ele>
        <time>2026-07-31T11:02:51Z</time>
      </trkpt>
      <trkpt lat="46.337408" lon="6.191314">
        <ele>406.7</ele>
        <time>2026-07-31T11:02:52Z</time>
      </trkpt>
      <trkpt lat="46.337453" lon="6.19128">
        <ele>406.9</ele>
        <time>2026-07-31T11:02:53Z</time>
      </trkpt>
      <trkpt lat="46.337496" lon="6.191251">
        <ele>407.1</ele>
        <time>2026-07-31T11:02:54Z</time>
      </trkpt>
      <trkpt lat="46.33754" lon="6.191227">
        <ele>407.3</ele>
        <time>2026-07-31T11:02:55Z</time>
      </trkpt>
      <trkpt lat="46.337582" lon="6.191197">
        <ele>407.5</ele>
        <time>2026-07-31T11:02:56Z</time>
      </trkpt>
      <trkpt lat="46.337622" lon="6.191162">
        <ele>407.7</ele>
        <time>2026-07-31T11:02:57Z</time>
      </trkpt>
      <trkpt lat="46.33766" lon="6.191128">
        <ele>407.9</ele>
        <time>2026-07-31T11:02:58Z</time>
      </trkpt>
      <trkpt lat="46.337699" lon="6.191096">
        <ele>408.1</ele>
        <time>2026-07-31T11:02:59Z</time>
      </trkpt>
      <trkpt lat="46.337738" lon="6.191067">
        <ele>408.3</ele>
        <time>2026-07-31T11:03:00Z</time>
      </trkpt>
      <trkpt lat="46.337777" lon="6.191033">
        <ele>408.6</ele>
        <time>2026-07-31T11:03:01Z</time>
      </trkpt>
      <trkpt lat="46.337817" lon="6.190999">
        <ele>408.8</ele>
        <time>2026-07-31T11:03:02Z</time>
      </trkpt>
      <trkpt lat="46.337857" lon="6.190968">
        <ele>409.0</ele>
        <time>2026-07-31T11:03:03Z</time>
      </trkpt>
      <trkpt lat="46.337895" lon="6.190941">
        <ele>409.2</ele>
        <time>2026-07-31T11:03:04Z</time>
      </trkpt>
      <trkpt lat="46.337934" lon="6.190915">
        <ele>409.4</ele>
        <time>2026-07-31T11:03:05Z</time>
      </trkpt>
      <trkpt lat="46.337971" lon="6.190886">
        <ele>409.6</ele>
        <time>2026-07-31T11:03:06Z</time>
      </trkpt>
      <trkpt lat="46.338006" lon="6.190853">
        <ele>409.8</ele>
        <time>2026-07-31T11:03:07Z</time>
      </trkpt>
      <trkpt lat="46.338042" lon="6.190821">
        <ele>410.1</ele>
        <time>2026-07-31T11:03:08Z</time>
      </trkpt>
      <trkpt lat="46.338076" lon="6.190796">
        <ele>410.3</ele>
        <time>2026-07-31T11:03:09Z</time>
      </trkpt>
      <trkpt lat="46.338112" lon="6.19077">
        <ele>410.5</ele>
        <time>2026-07-31T11:03:10Z</time>
      </trkpt>
      <trkpt lat="46.338149" lon="6.190747">
        <ele>410.6</ele>
        <time>2026-07-31T11:03:11Z</time>
      </trkpt>
      <trkpt lat="46.338187" lon="6.190723">
        <ele>410.8</ele>
        <time>2026-07-31T11:03:12Z</time>
      </trkpt>
      <trkpt lat="46.338223" lon="6.190693">
        <ele>411.0</ele>
        <time>2026-07-31T11:03:13Z</time>
      </trkpt>
      <trkpt lat="46.33826" lon="6.190667">
        <ele>411.2</ele>
        <time>2026-07-31T11:03:14Z</time>
      </trkpt>
      <trkpt lat="46.338299" lon="6.190643">
        <ele>411.4</ele>
        <time>2026-07-31T11:03:15Z</time>
      </trkpt>
      <trkpt lat="46.338337" lon="6.190612">
        <ele>411.5</ele>
        <time>2026-07-31T11:03:16Z</time>
      </trkpt>
      <trkpt lat="46.338379" lon="6.190583">
        <ele>411.7</ele>
        <time>2026-07-31T11:03:17Z</time>
      </trkpt>
      <trkpt lat="46.338419" lon="6.190553">
        <ele>411.9</ele>
        <time>2026-07-31T11:03:18Z</time>
      </trkpt>
      <trkpt lat="46.338458" lon="6.190522">
        <ele>412.0</ele>
        <time>2026-07-31T11:03:19Z</time>
      </trkpt>
      <trkpt lat="46.338497" lon="6.190492">
        <ele>412.2</ele>
        <time>2026-07-31T11:03:20Z</time>
      </trkpt>
      <trkpt lat="46.338533" lon="6.190453">
        <ele>412.3</ele>
        <time>2026-07-31T11:03:21Z</time>
      </trkpt>
      <trkpt lat="46.33857" lon="6.190416">
        <ele>412.4</ele>
        <time>2026-07-31T11:03:22Z</time>
      </trkpt>
      <trkpt lat="46.338608" lon="6.190378">
        <ele>412.6</ele>
        <time>2026-07-31T11:03:23Z</time>
      </trkpt>
      <trkpt lat="46.338644" lon="6.190341">
        <ele>412.7</ele>
        <time>2026-07-31T11:03:24Z</time>
      </trkpt>
      <trkpt lat="46.338676" lon="6.190294">
        <ele>412.8</ele>
        <time>2026-07-31T11:03:25Z</time>
      </trkpt>
      <trkpt lat="46.338714" lon="6.190248">
        <ele>413.0</ele>
        <time>2026-07-31T11:03:26Z</time>
      </trkpt>
      <trkpt lat="46.338751" lon="6.190205">
        <ele>413.2</ele>
        <time>2026-07-31T11:03:27Z</time>
      </trkpt>
      <trkpt lat="46.33879" lon="6.190163">
        <ele>413.4</ele>
        <time>2026-07-31T11:03:28Z</time>
      </trkpt>
      <trkpt lat="46.338826" lon="6.190119">
        <ele>413.5</ele>
        <time>2026-07-31T11:03:29Z</time>
      </trkpt>
      <trkpt lat="46.33886" lon="6.190073">
        <ele>413.7</ele>
        <time>2026-07-31T11:03:30Z</time>
      </trkpt>
      <trkpt lat="46.338896" lon="6.190023">
        <ele>413.9</ele>
        <time>2026-07-31T11:03:31Z</time>
      </trkpt>
      <trkpt lat="46.338928" lon="6.189972">
        <ele>414.1</ele>
        <time>2026-07-31T11:03:32Z</time>
      </trkpt>
      <trkpt lat="46.33896" lon="6.189923">
        <ele>414.3</ele>
        <time>2026-07-31T11:03:33Z</time>
      </trkpt>
      <trkpt lat="46.338991" lon="6.189872">
        <ele>414.5</ele>
        <time>2026-07-31T11:03:34Z</time>
      </trkpt>
      <trkpt lat="46.33902" lon="6.189817">
        <ele>414.7</ele>
        <time>2026-07-31T11:03:35Z</time>
      </trkpt>
      <trkpt lat="46.339045" lon="6.189763">
        <ele>414.9</ele>
        <time>2026-07-31T11:03:36Z</time>
      </trkpt>
      <trkpt lat="46.339068" lon="6.189703">
        <ele>415.1</ele>
        <time>2026-07-31T11:03:37Z</time>
      </trkpt>
      <trkpt lat="46.339089" lon="6.189644">
        <ele>415.2</ele>
        <time>2026-07-31T11:03:38Z</time>
      </trkpt>
      <trkpt lat="46.339109" lon="6.189584">
        <ele>415.3</ele>
        <time>2026-07-31T11:03:39Z</time>
      </trkpt>
      <trkpt lat="46.339127" lon="6.189521">
        <ele>415.4</ele>
        <time>2026-07-31T11:03:40Z</time>
      </trkpt>
      <trkpt lat="46.339146" lon="6.189455">
        <ele>415.4</ele>
        <time>2026-07-31T11:03:41Z</time>
      </trkpt>
      <trkpt lat="46.339165" lon="6.189385">
        <ele>415.5</ele>
        <time>2026-07-31T11:03:42Z</time>
      </trkpt>
      <trkpt lat="46.339181" lon="6.189319">
        <ele>415.5</ele>
        <time>2026-07-31T11:03:43Z</time>
      </trkpt>
      <trkpt lat="46.339201" lon="6.189249">
        <ele>415.5</ele>
        <time>2026-07-31T11:03:44Z</time>
      </trkpt>
      <trkpt lat="46.339223" lon="6.189178">
        <ele>415.6</ele>
        <time>2026-07-31T11:03:45Z</time>
      </trkpt>
      <trkpt lat="46.339244" lon="6.189111">
        <ele>415.6</ele>
        <time>2026-07-31T11:03:46Z</time>
      </trkpt>
      <trkpt lat="46.339273" lon="6.189039">
        <ele>415.6</ele>
        <time>2026-07-31T11:03:47Z</time>
      </trkpt>
      <trkpt lat="46.339309" lon="6.188972">
        <ele>415.6</ele>
        <time>2026-07-31T11:03:48Z</time>
      </trkpt>
      <trkpt lat="46.339344" lon="6.188907">
        <ele>415.6</ele>
        <time>2026-07-31T11:03:49Z</time>
      </trkpt>
      <trkpt lat="46.339377" lon="6.188844">
        <ele>415.6</ele>
        <time>2026-07-31T11:03:50Z</time>
      </trkpt>
      <trkpt lat="46.339413" lon="6.188779">
        <ele>415.6</ele>
        <time>2026-07-31T11:03:51Z</time>
      </trkpt>
      <trkpt lat="46.339448" lon="6.188714">
        <ele>415.7</ele>
        <time>2026-07-31T11:03:52Z</time>
      </trkpt>
      <trkpt lat="46.339485" lon="6.188651">
        <ele>415.7</ele>
        <time>2026-07-31T11:03:53Z</time>
      </trkpt>
      <trkpt lat="46.33952" lon="6.188586">
        <ele>415.8</ele>
        <time>2026-07-31T11:03:54Z</time>
      </trkpt>
      <trkpt lat="46.339557" lon="6.188519">
        <ele>415.8</ele>
        <time>2026-07-31T11:03:55Z</time>
      </trkpt>
      <trkpt lat="46.339593" lon="6.188455">
        <ele>415.9</ele>
        <time>2026-07-31T11:03:56Z</time>
      </trkpt>
      <trkpt lat="46.33963" lon="6.188389">
        <ele>416.0</ele>
        <time>2026-07-31T11:03:57Z</time>
      </trkpt>
      <trkpt lat="46.339666" lon="6.188324">
        <ele>416.1</ele>
        <time>2026-07-31T11:03:58Z</time>
      </trkpt>
      <trkpt lat="46.339703" lon="6.18826">
        <ele>416.2</ele>
        <time>2026-07-31T11:03:59Z</time>
      </trkpt>
      <trkpt lat="46.339741" lon="6.188203">
        <ele>416.3</ele>
        <time>2026-07-31T11:04:00Z</time>
      </trkpt>
      <trkpt lat="46.339783" lon="6.188146">
        <ele>416.4</ele>
        <time>2026-07-31T11:04:01Z</time>
      </trkpt>
      <trkpt lat="46.339813" lon="6.188077">
        <ele>416.5</ele>
        <time>2026-07-31T11:04:02Z</time>
      </trkpt>
      <trkpt lat="46.339847" lon="6.188013">
        <ele>416.6</ele>
        <time>2026-07-31T11:04:03Z</time>
      </trkpt>
      <trkpt lat="46.339882" lon="6.187951">
        <ele>416.7</ele>
        <time>2026-07-31T11:04:04Z</time>
      </trkpt>
      <trkpt lat="46.339914" lon="6.187892">
        <ele>416.8</ele>
        <time>2026-07-31T11:04:05Z</time>
      </trkpt>
      <trkpt lat="46.339947" lon="6.18783">
        <ele>416.9</ele>
        <time>2026-07-31T11:04:06Z</time>
      </trkpt>
      <trkpt lat="46.339982" lon="6.18777">
        <ele>417.0</ele>
        <time>2026-07-31T11:04:07Z</time>
      </trkpt>
      <trkpt lat="46.340018" lon="6.187708">
        <ele>417.0</ele>
        <time>2026-07-31T11:04:08Z</time>
      </trkpt>
      <trkpt lat="46.340054" lon="6.187647">
        <ele>417.1</ele>
        <time>2026-07-31T11:04:09Z</time>
      </trkpt>
      <trkpt lat="46.340086" lon="6.187588">
        <ele>417.2</ele>
        <time>2026-07-31T11:04:10Z</time>
      </trkpt>
      <trkpt lat="46.34012" lon="6.187527">
        <ele>417.3</ele>
        <time>2026-07-31T11:04:11Z</time>
      </trkpt>
      <trkpt lat="46.340155" lon="6.187469">
        <ele>417.3</ele>
        <time>2026-07-31T11:04:12Z</time>
      </trkpt>
      <trkpt lat="46.340189" lon="6.187408">
        <ele>417.4</ele>
        <time>2026-07-31T11:04:13Z</time>
      </trkpt>
      <trkpt lat="46.340223" lon="6.187347">
        <ele>417.5</ele>
        <time>2026-07-31T11:04:14Z</time>
      </trkpt>
      <trkpt lat="46.340255" lon="6.187287">
        <ele>417.5</ele>
        <time>2026-07-31T11:04:15Z</time>
      </trkpt>
      <trkpt lat="46.34029" lon="6.187223">
        <ele>417.6</ele>
        <time>2026-07-31T11:04:16Z</time>
      </trkpt>
      <trkpt lat="46.340326" lon="6.187162">
        <ele>417.7</ele>
        <time>2026-07-31T11:04:17Z</time>
      </trkpt>
      <trkpt lat="46.340365" lon="6.187105">
        <ele>417.8</ele>
        <time>2026-07-31T11:04:18Z</time>
      </trkpt>
      <trkpt lat="46.340406" lon="6.187048">
        <ele>417.9</ele>
        <time>2026-07-31T11:04:19Z</time>
      </trkpt>
      <trkpt lat="46.340441" lon="6.186987">
        <ele>418.0</ele>
        <time>2026-07-31T11:04:20Z</time>
      </trkpt>
      <trkpt lat="46.340476" lon="6.186926">
        <ele>418.1</ele>
        <time>2026-07-31T11:04:21Z</time>
      </trkpt>
      <trkpt lat="46.340516" lon="6.186862">
        <ele>418.2</ele>
        <time>2026-07-31T11:04:22Z</time>
      </trkpt>
      <trkpt lat="46.340554" lon="6.186806">
        <ele>418.3</ele>
        <time>2026-07-31T11:04:23Z</time>
      </trkpt>
      <trkpt lat="46.340591" lon="6.186754">
        <ele>418.4</ele>
        <time>2026-07-31T11:04:24Z</time>
      </trkpt>
      <trkpt lat="46.340625" lon="6.186694">
        <ele>418.5</ele>
        <time>2026-07-31T11:04:25Z</time>
      </trkpt>
      <trkpt lat="46.34066" lon="6.186636">
        <ele>418.6</ele>
        <time>2026-07-31T11:04:26Z</time>
      </trkpt>
      <trkpt lat="46.340693" lon="6.18658">
        <ele>418.6</ele>
        <time>2026-07-31T11:04:27Z</time>
      </trkpt>
      <trkpt lat="46.340726" lon="6.186521">
        <ele>418.7</ele>
        <time>2026-07-31T11:04:28Z</time>
      </trkpt>
      <trkpt lat="46.340763" lon="6.186464">
        <ele>418.8</ele>
        <time>2026-07-31T11:04:29Z</time>
      </trkpt>
      <trkpt lat="46.340793" lon="6.186409">
        <ele>418.9</ele>
        <time>2026-07-31T11:04:30Z</time>
      </trkpt>
      <trkpt lat="46.340827" lon="6.186344">
        <ele>419.0</ele>
        <time>2026-07-31T11:04:31Z</time>
      </trkpt>
      <trkpt lat="46.340861" lon="6.186284">
        <ele>419.0</ele>
        <time>2026-07-31T11:04:32Z</time>
      </trkpt>
      <trkpt lat="46.340894" lon="6.186227">
        <ele>419.2</ele>
        <time>2026-07-31T11:04:33Z</time>
      </trkpt>
      <trkpt lat="46.34093" lon="6.186168">
        <ele>419.4</ele>
        <time>2026-07-31T11:04:34Z</time>
      </trkpt>
      <trkpt lat="46.340958" lon="6.186112">
        <ele>419.6</ele>
        <time>2026-07-31T11:04:35Z</time>
      </trkpt>
      <trkpt lat="46.340987" lon="6.186054">
        <ele>419.8</ele>
        <time>2026-07-31T11:04:36Z</time>
      </trkpt>
      <trkpt lat="46.341014" lon="6.185997">
        <ele>420.0</ele>
        <time>2026-07-31T11:04:37Z</time>
      </trkpt>
      <trkpt lat="46.341042" lon="6.185944">
        <ele>420.2</ele>
        <time>2026-07-31T11:04:38Z</time>
      </trkpt>
      <trkpt lat="46.341072" lon="6.185898">
        <ele>420.4</ele>
        <time>2026-07-31T11:04:39Z</time>
      </trkpt>
      <trkpt lat="46.341102" lon="6.185846">
        <ele>420.6</ele>
        <time>2026-07-31T11:04:40Z</time>
      </trkpt>
      <trkpt lat="46.341128" lon="6.185798">
        <ele>420.8</ele>
        <time>2026-07-31T11:04:41Z</time>
      </trkpt>
      <trkpt lat="46.341153" lon="6.185748">
        <ele>421.0</ele>
        <time>2026-07-31T11:04:42Z</time>
      </trkpt>
      <trkpt lat="46.34118" lon="6.185701">
        <ele>421.2</ele>
        <time>2026-07-31T11:04:43Z</time>
      </trkpt>
      <trkpt lat="46.341206" lon="6.185653">
        <ele>421.3</ele>
        <time>2026-07-31T11:04:44Z</time>
      </trkpt>
      <trkpt lat="46.341235" lon="6.185607">
        <ele>421.5</ele>
        <time>2026-07-31T11:04:45Z</time>
      </trkpt>
      <trkpt lat="46.341262" lon="6.185559">
        <ele>421.6</ele>
        <time>2026-07-31T11:04:46Z</time>
      </trkpt>
      <trkpt lat="46.341288" lon="6.185509">
        <ele>421.7</ele>
        <time>2026-07-31T11:04:47Z</time>
      </trkpt>
      <trkpt lat="46.341309" lon="6.185461">
        <ele>421.8</ele>
        <time>2026-07-31T11:04:48Z</time>
      </trkpt>
      <trkpt lat="46.341334" lon="6.185413">
        <ele>421.9</ele>
        <time>2026-07-31T11:04:49Z</time>
      </trkpt>
      <trkpt lat="46.34136" lon="6.185366">
        <ele>422.0</ele>
        <time>2026-07-31T11:04:50Z</time>
      </trkpt>
      <trkpt lat="46.341386" lon="6.185321">
        <ele>422.1</ele>
        <time>2026-07-31T11:04:51Z</time>
      </trkpt>
      <trkpt lat="46.341415" lon="6.185276">
        <ele>422.1</ele>
        <time>2026-07-31T11:04:52Z</time>
      </trkpt>
      <trkpt lat="46.341445" lon="6.185232">
        <ele>422.2</ele>
        <time>2026-07-31T11:04:53Z</time>
      </trkpt>
      <trkpt lat="46.341475" lon="6.185186">
        <ele>422.2</ele>
        <time>2026-07-31T11:04:54Z</time>
      </trkpt>
      <trkpt lat="46.341506" lon="6.185136">
        <ele>422.3</ele>
        <time>2026-07-31T11:04:55Z</time>
      </trkpt>
      <trkpt lat="46.341534" lon="6.185081">
        <ele>422.3</ele>
        <time>2026-07-31T11:04:56Z</time>
      </trkpt>
      <trkpt lat="46.341562" lon="6.185024">
        <ele>422.3</ele>
        <time>2026-07-31T11:04:57Z</time>
      </trkpt>
      <trkpt lat="46.341592" lon="6.184972">
        <ele>422.4</ele>
        <time>2026-07-31T11:04:58Z</time>
      </trkpt>
      <trkpt lat="46.341617" lon="6.184917">
        <ele>422.4</ele>
        <time>2026-07-31T11:04:59Z</time>
      </trkpt>
      <trkpt lat="46.34164" lon="6.184852">
        <ele>422.4</ele>
        <time>2026-07-31T11:05:00Z</time>
      </trkpt>
      <trkpt lat="46.341664" lon="6.184788">
        <ele>422.5</ele>
        <time>2026-07-31T11:05:01Z</time>
      </trkpt>
      <trkpt lat="46.341687" lon="6.184727">
        <ele>422.5</ele>
        <time>2026-07-31T11:05:02Z</time>
      </trkpt>
      <trkpt lat="46.341709" lon="6.184661">
        <ele>422.6</ele>
        <time>2026-07-31T11:05:03Z</time>
      </trkpt>
      <trkpt lat="46.341732" lon="6.184598">
        <ele>422.7</ele>
        <time>2026-07-31T11:05:04Z</time>
      </trkpt>
      <trkpt lat="46.341757" lon="6.184537">
        <ele>422.8</ele>
        <time>2026-07-31T11:05:05Z</time>
      </trkpt>
      <trkpt lat="46.341778" lon="6.184469">
        <ele>422.9</ele>
        <time>2026-07-31T11:05:06Z</time>
      </trkpt>
      <trkpt lat="46.341801" lon="6.184407">
        <ele>423.1</ele>
        <time>2026-07-31T11:05:07Z</time>
      </trkpt>
      <trkpt lat="46.341829" lon="6.184346">
        <ele>423.2</ele>
        <time>2026-07-31T11:05:08Z</time>
      </trkpt>
      <trkpt lat="46.341854" lon="6.184284">
        <ele>423.4</ele>
        <time>2026-07-31T11:05:09Z</time>
      </trkpt>
      <trkpt lat="46.341877" lon="6.18423">
        <ele>423.5</ele>
        <time>2026-07-31T11:05:10Z</time>
      </trkpt>
      <trkpt lat="46.341899" lon="6.184171">
        <ele>423.7</ele>
        <time>2026-07-31T11:05:11Z</time>
      </trkpt>
      <trkpt lat="46.341922" lon="6.184115">
        <ele>423.8</ele>
        <time>2026-07-31T11:05:12Z</time>
      </trkpt>
      <trkpt lat="46.341945" lon="6.184059">
        <ele>424.0</ele>
        <time>2026-07-31T11:05:13Z</time>
      </trkpt>
      <trkpt lat="46.341969" lon="6.184004">
        <ele>424.1</ele>
        <time>2026-07-31T11:05:14Z</time>
      </trkpt>
      <trkpt lat="46.341993" lon="6.183952">
        <ele>424.3</ele>
        <time>2026-07-31T11:05:15Z</time>
      </trkpt>
      <trkpt lat="46.342018" lon="6.183898">
        <ele>424.4</ele>
        <time>2026-07-31T11:05:16Z</time>
      </trkpt>
      <trkpt lat="46.342045" lon="6.183845">
        <ele>424.6</ele>
        <time>2026-07-31T11:05:17Z</time>
      </trkpt>
      <trkpt lat="46.342068" lon="6.183789">
        <ele>424.7</ele>
        <time>2026-07-31T11:05:18Z</time>
      </trkpt>
      <trkpt lat="46.342093" lon="6.183736">
        <ele>424.9</ele>
        <time>2026-07-31T11:05:19Z</time>
      </trkpt>
      <trkpt lat="46.342117" lon="6.183683">
        <ele>425.0</ele>
        <time>2026-07-31T11:05:20Z</time>
      </trkpt>
      <trkpt lat="46.342141" lon="6.18363">
        <ele>425.2</ele>
        <time>2026-07-31T11:05:21Z</time>
      </trkpt>
      <trkpt lat="46.342165" lon="6.183574">
        <ele>425.4</ele>
        <time>2026-07-31T11:05:22Z</time>
      </trkpt>
      <trkpt lat="46.342189" lon="6.183523">
        <ele>425.5</ele>
        <time>2026-07-31T11:05:23Z</time>
      </trkpt>
      <trkpt lat="46.342214" lon="6.183474">
        <ele>425.7</ele>
        <time>2026-07-31T11:05:24Z</time>
      </trkpt>
      <trkpt lat="46.342241" lon="6.183423">
        <ele>425.8</ele>
        <time>2026-07-31T11:05:25Z</time>
      </trkpt>
      <trkpt lat="46.342274" lon="6.183378">
        <ele>426.0</ele>
        <time>2026-07-31T11:05:26Z</time>
      </trkpt>
      <trkpt lat="46.342307" lon="6.183333">
        <ele>426.2</ele>
        <time>2026-07-31T11:05:27Z</time>
      </trkpt>
      <trkpt lat="46.342344" lon="6.183283">
        <ele>426.4</ele>
        <time>2026-07-31T11:05:28Z</time>
      </trkpt>
      <trkpt lat="46.342382" lon="6.183247">
        <ele>426.7</ele>
        <time>2026-07-31T11:05:29Z</time>
      </trkpt>
      <trkpt lat="46.342422" lon="6.183215">
        <ele>426.9</ele>
        <time>2026-07-31T11:05:30Z</time>
      </trkpt>
      <trkpt lat="46.342464" lon="6.183184">
        <ele>427.2</ele>
        <time>2026-07-31T11:05:31Z</time>
      </trkpt>
      <trkpt lat="46.342504" lon="6.183157">
        <ele>427.5</ele>
        <time>2026-07-31T11:05:32Z</time>
      </trkpt>
      <trkpt lat="46.342541" lon="6.183133">
        <ele>427.7</ele>
        <time>2026-07-31T11:05:33Z</time>
      </trkpt>
      <trkpt lat="46.342576" lon="6.18311">
        <ele>428.0</ele>
        <time>2026-07-31T11:05:34Z</time>
      </trkpt>
      <trkpt lat="46.342612" lon="6.18309">
        <ele>428.2</ele>
        <time>2026-07-31T11:05:35Z</time>
      </trkpt>
      <trkpt lat="46.342646" lon="6.183072">
        <ele>428.4</ele>
        <time>2026-07-31T11:05:36Z</time>
      </trkpt>
      <trkpt lat="46.34268" lon="6.183049">
        <ele>428.7</ele>
        <time>2026-07-31T11:05:37Z</time>
      </trkpt>
      <trkpt lat="46.342715" lon="6.183032">
        <ele>428.9</ele>
        <time>2026-07-31T11:05:38Z</time>
      </trkpt>
      <trkpt lat="46.342751" lon="6.183017">
        <ele>429.1</ele>
        <time>2026-07-31T11:05:39Z</time>
      </trkpt>
      <trkpt lat="46.342786" lon="6.182998">
        <ele>429.3</ele>
        <time>2026-07-31T11:05:40Z</time>
      </trkpt>
      <trkpt lat="46.342822" lon="6.182979">
        <ele>429.5</ele>
        <time>2026-07-31T11:05:41Z</time>
      </trkpt>
      <trkpt lat="46.342858" lon="6.18296">
        <ele>429.7</ele>
        <time>2026-07-31T11:05:42Z</time>
      </trkpt>
      <trkpt lat="46.342892" lon="6.182938">
        <ele>429.9</ele>
        <time>2026-07-31T11:05:43Z</time>
      </trkpt>
      <trkpt lat="46.342922" lon="6.182912">
        <ele>430.1</ele>
        <time>2026-07-31T11:05:44Z</time>
      </trkpt>
      <trkpt lat="46.342953" lon="6.182885">
        <ele>430.4</ele>
        <time>2026-07-31T11:05:45Z</time>
      </trkpt>
      <trkpt lat="46.342986" lon="6.182856">
        <ele>430.6</ele>
        <time>2026-07-31T11:05:46Z</time>
      </trkpt>
      <trkpt lat="46.343018" lon="6.182822">
        <ele>430.8</ele>
        <time>2026-07-31T11:05:47Z</time>
      </trkpt>
      <trkpt lat="46.343045" lon="6.182784">
        <ele>431.0</ele>
        <time>2026-07-31T11:05:48Z</time>
      </trkpt>
      <trkpt lat="46.343072" lon="6.182747">
        <ele>431.2</ele>
        <time>2026-07-31T11:05:49Z</time>
      </trkpt>
      <trkpt lat="46.3431" lon="6.182705">
        <ele>431.5</ele>
        <time>2026-07-31T11:05:50Z</time>
      </trkpt>
      <trkpt lat="46.343128" lon="6.182665">
        <ele>431.7</ele>
        <time>2026-07-31T11:05:51Z</time>
      </trkpt>
      <trkpt lat="46.343154" lon="6.182627">
        <ele>432.0</ele>
        <time>2026-07-31T11:05:52Z</time>
      </trkpt>
      <trkpt lat="46.343177" lon="6.182583">
        <ele>432.2</ele>
        <time>2026-07-31T11:05:53Z</time>
      </trkpt>
      <trkpt lat="46.343199" lon="6.182544">
        <ele>432.5</ele>
        <time>2026-07-31T11:05:54Z</time>
      </trkpt>
      <trkpt lat="46.34322" lon="6.182497">
        <ele>432.7</ele>
        <time>2026-07-31T11:05:55Z</time>
      </trkpt>
      <trkpt lat="46.343241" lon="6.182456">
        <ele>433.0</ele>
        <time>2026-07-31T11:05:56Z</time>
      </trkpt>
      <trkpt lat="46.343262" lon="6.182414">
        <ele>433.2</ele>
        <time>2026-07-31T11:05:57Z</time>
      </trkpt>
      <trkpt lat="46.343281" lon="6.182379">
        <ele>433.5</ele>
        <time>2026-07-31T11:05:58Z</time>
      </trkpt>
      <trkpt lat="46.343301" lon="6.182339">
        <ele>433.7</ele>
        <time>2026-07-31T11:05:59Z</time>
      </trkpt>
      <trkpt lat="46.343322" lon="6.182298">
        <ele>434.0</ele>
        <time>2026-07-31T11:06:00Z</time>
      </trkpt>
      <trkpt lat="46.34334" lon="6.182256">
        <ele>434.3</ele>
        <time>2026-07-31T11:06:01Z</time>
      </trkpt>
      <trkpt lat="46.343355" lon="6.182216">
        <ele>434.6</ele>
        <time>2026-07-31T11:06:02Z</time>
      </trkpt>
      <trkpt lat="46.343375" lon="6.182178">
        <ele>434.9</ele>
        <time>2026-07-31T11:06:03Z</time>
      </trkpt>
      <trkpt lat="46.343394" lon="6.182143">
        <ele>435.1</ele>
        <time>2026-07-31T11:06:04Z</time>
      </trkpt>
      <trkpt lat="46.343409" lon="6.182103">
        <ele>435.4</ele>
        <time>2026-07-31T11:06:05Z</time>
      </trkpt>
      <trkpt lat="46.343421" lon="6.182063">
        <ele>435.7</ele>
        <time>2026-07-31T11:06:06Z</time>
      </trkpt>
      <trkpt lat="46.343441" lon="6.182024">
        <ele>436.1</ele>
        <time>2026-07-31T11:06:07Z</time>
      </trkpt>
      <trkpt lat="46.34346" lon="6.181989">
        <ele>436.4</ele>
        <time>2026-07-31T11:06:08Z</time>
      </trkpt>
      <trkpt lat="46.343479" lon="6.181953">
        <ele>436.7</ele>
        <time>2026-07-31T11:06:09Z</time>
      </trkpt>
      <trkpt lat="46.343503" lon="6.181916">
        <ele>437.1</ele>
        <time>2026-07-31T11:06:10Z</time>
      </trkpt>
      <trkpt lat="46.343521" lon="6.18188">
        <ele>437.4</ele>
        <time>2026-07-31T11:06:11Z</time>
      </trkpt>
      <trkpt lat="46.343536" lon="6.18184">
        <ele>437.7</ele>
        <time>2026-07-31T11:06:12Z</time>
      </trkpt>
      <trkpt lat="46.343553" lon="6.1818">
        <ele>438.1</ele>
        <time>2026-07-31T11:06:13Z</time>
      </trkpt>
      <trkpt lat="46.343567" lon="6.181758">
        <ele>438.4</ele>
        <time>2026-07-31T11:06:14Z</time>
      </trkpt>
      <trkpt lat="46.343574" lon="6.181714">
        <ele>438.7</ele>
        <time>2026-07-31T11:06:15Z</time>
      </trkpt>
      <trkpt lat="46.343574" lon="6.181665">
        <ele>439.0</ele>
        <time>2026-07-31T11:06:16Z</time>
      </trkpt>
      <trkpt lat="46.343568" lon="6.181617">
        <ele>439.3</ele>
        <time>2026-07-31T11:06:17Z</time>
      </trkpt>
      <trkpt lat="46.343548" lon="6.181574">
        <ele>439.5</ele>
        <time>2026-07-31T11:06:18Z</time>
      </trkpt>
      <trkpt lat="46.343526" lon="6.181534">
        <ele>439.7</ele>
        <time>2026-07-31T11:06:19Z</time>
      </trkpt>
      <trkpt lat="46.343498" lon="6.181499">
        <ele>439.9</ele>
        <time>2026-07-31T11:06:20Z</time>
      </trkpt>
      <trkpt lat="46.343469" lon="6.181468">
        <ele>440.0</ele>
        <time>2026-07-31T11:06:21Z</time>
      </trkpt>
      <trkpt lat="46.34344" lon="6.181436">
        <ele>440.1</ele>
        <time>2026-07-31T11:06:22Z</time>
      </trkpt>
      <trkpt lat="46.343411" lon="6.181404">
        <ele>440.1</ele>
        <time>2026-07-31T11:06:23Z</time>
      </trkpt>
      <trkpt lat="46.343378" lon="6.181368">
        <ele>440.1</ele>
        <time>2026-07-31T11:06:24Z</time>
      </trkpt>
      <trkpt lat="46.343345" lon="6.181328">
        <ele>440.1</ele>
        <time>2026-07-31T11:06:25Z</time>
      </trkpt>
      <trkpt lat="46.34331" lon="6.181285">
        <ele>440.1</ele>
        <time>2026-07-31T11:06:26Z</time>
      </trkpt>
      <trkpt lat="46.343275" lon="6.181243">
        <ele>440.1</ele>
        <time>2026-07-31T11:06:27Z</time>
      </trkpt>
      <trkpt lat="46.343239" lon="6.181202">
        <ele>440.0</ele>
        <time>2026-07-31T11:06:28Z</time>
      </trkpt>
      <trkpt lat="46.343201" lon="6.181159">
        <ele>440.0</ele>
        <time>2026-07-31T11:06:29Z</time>
      </trkpt>
      <trkpt lat="46.343163" lon="6.181117">
        <ele>439.9</ele>
        <time>2026-07-31T11:06:30Z</time>
      </trkpt>
      <trkpt lat="46.343125" lon="6.181072">
        <ele>439.9</ele>
        <time>2026-07-31T11:06:31Z</time>
      </trkpt>
      <trkpt lat="46.343086" lon="6.181024">
        <ele>439.8</ele>
        <time>2026-07-31T11:06:32Z</time>
      </trkpt>
      <trkpt lat="46.343048" lon="6.180974">
        <ele>439.7</ele>
        <time>2026-07-31T11:06:33Z</time>
      </trkpt>
      <trkpt lat="46.343009" lon="6.180924">
        <ele>439.6</ele>
        <time>2026-07-31T11:06:34Z</time>
      </trkpt>
      <trkpt lat="46.34297" lon="6.180876">
        <ele>439.5</ele>
        <time>2026-07-31T11:06:35Z</time>
      </trkpt>
      <trkpt lat="46.34293" lon="6.180824">
        <ele>439.4</ele>
        <time>2026-07-31T11:06:36Z</time>
      </trkpt>
      <trkpt lat="46.34289" lon="6.18077">
        <ele>439.2</ele>
        <time>2026-07-31T11:06:37Z</time>
      </trkpt>
      <trkpt lat="46.342848" lon="6.180712">
        <ele>439.1</ele>
        <time>2026-07-31T11:06:38Z</time>
      </trkpt>
      <trkpt lat="46.342804" lon="6.180655">
        <ele>438.9</ele>
        <time>2026-07-31T11:06:39Z</time>
      </trkpt>
      <trkpt lat="46.34276" lon="6.180591">
        <ele>438.6</ele>
        <time>2026-07-31T11:06:40Z</time>
      </trkpt>
      <trkpt lat="46.342716" lon="6.180527">
        <ele>438.4</ele>
        <time>2026-07-31T11:06:41Z</time>
      </trkpt>
      <trkpt lat="46.34267" lon="6.18046">
        <ele>438.1</ele>
        <time>2026-07-31T11:06:42Z</time>
      </trkpt>
      <trkpt lat="46.342622" lon="6.180393">
        <ele>437.9</ele>
        <time>2026-07-31T11:06:43Z</time>
      </trkpt>
      <trkpt lat="46.342574" lon="6.180327">
        <ele>437.8</ele>
        <time>2026-07-31T11:06:44Z</time>
      </trkpt>
      <trkpt lat="46.342522" lon="6.180263">
        <ele>437.6</ele>
        <time>2026-07-31T11:06:45Z</time>
      </trkpt>
      <trkpt lat="46.342476" lon="6.180196">
        <ele>437.5</ele>
        <time>2026-07-31T11:06:46Z</time>
      </trkpt>
      <trkpt lat="46.34244" lon="6.180112">
        <ele>437.5</ele>
        <time>2026-07-31T11:06:47Z</time>
      </trkpt>
      <trkpt lat="46.342423" lon="6.180018">
        <ele>437.6</ele>
        <time>2026-07-31T11:06:48Z</time>
      </trkpt>
      <trkpt lat="46.342433" lon="6.179915">
        <ele>437.9</ele>
        <time>2026-07-31T11:06:49Z</time>
      </trkpt>
      <trkpt lat="46.342467" lon="6.179827">
        <ele>438.2</ele>
        <time>2026-07-31T11:06:50Z</time>
      </trkpt>
      <trkpt lat="46.342505" lon="6.179757">
        <ele>438.6</ele>
        <time>2026-07-31T11:06:51Z</time>
      </trkpt>
      <trkpt lat="46.342536" lon="6.179708">
        <ele>438.9</ele>
        <time>2026-07-31T11:06:52Z</time>
      </trkpt>
      <trkpt lat="46.342568" lon="6.179655">
        <ele>439.3</ele>
        <time>2026-07-31T11:06:53Z</time>
      </trkpt>
      <trkpt lat="46.342597" lon="6.179605">
        <ele>439.6</ele>
        <time>2026-07-31T11:06:54Z</time>
      </trkpt>
      <trkpt lat="46.34262" lon="6.179565">
        <ele>439.9</ele>
        <time>2026-07-31T11:06:55Z</time>
      </trkpt>
      <trkpt lat="46.342641" lon="6.179522">
        <ele>440.2</ele>
        <time>2026-07-31T11:06:56Z</time>
      </trkpt>
      <trkpt lat="46.342664" lon="6.179481">
        <ele>440.5</ele>
        <time>2026-07-31T11:06:57Z</time>
      </trkpt>
      <trkpt lat="46.342686" lon="6.179443">
        <ele>440.8</ele>
        <time>2026-07-31T11:06:58Z</time>
      </trkpt>
      <trkpt lat="46.342709" lon="6.179404">
        <ele>441.0</ele>
        <time>2026-07-31T11:06:59Z</time>
      </trkpt>
      <trkpt lat="46.342732" lon="6.179363">
        <ele>441.4</ele>
        <time>2026-07-31T11:07:00Z</time>
      </trkpt>
      <trkpt lat="46.342752" lon="6.179323">
        <ele>441.6</ele>
        <time>2026-07-31T11:07:01Z</time>
      </trkpt>
      <trkpt lat="46.342772" lon="6.179283">
        <ele>442.0</ele>
        <time>2026-07-31T11:07:02Z</time>
      </trkpt>
      <trkpt lat="46.342791" lon="6.179244">
        <ele>442.3</ele>
        <time>2026-07-31T11:07:03Z</time>
      </trkpt>
      <trkpt lat="46.34281" lon="6.179203">
        <ele>442.6</ele>
        <time>2026-07-31T11:07:04Z</time>
      </trkpt>
      <trkpt lat="46.34283" lon="6.179163">
        <ele>442.9</ele>
        <time>2026-07-31T11:07:05Z</time>
      </trkpt>
      <trkpt lat="46.34285" lon="6.179121">
        <ele>443.3</ele>
        <time>2026-07-31T11:07:06Z</time>
      </trkpt>
      <trkpt lat="46.342867" lon="6.179083">
        <ele>443.6</ele>
        <time>2026-07-31T11:07:07Z</time>
      </trkpt>
      <trkpt lat="46.342886" lon="6.17904">
        <ele>444.0</ele>
        <time>2026-07-31T11:07:08Z</time>
      </trkpt>
      <trkpt lat="46.342906" lon="6.179001">
        <ele>444.3</ele>
        <time>2026-07-31T11:07:09Z</time>
      </trkpt>
      <trkpt lat="46.342923" lon="6.178959">
        <ele>444.7</ele>
        <time>2026-07-31T11:07:10Z</time>
      </trkpt>
      <trkpt lat="46.342937" lon="6.178918">
        <ele>445.0</ele>
        <time>2026-07-31T11:07:11Z</time>
      </trkpt>
      <trkpt lat="46.342953" lon="6.17888">
        <ele>445.3</ele>
        <time>2026-07-31T11:07:12Z</time>
      </trkpt>
      <trkpt lat="46.342969" lon="6.178839">
        <ele>445.6</ele>
        <time>2026-07-31T11:07:13Z</time>
      </trkpt>
      <trkpt lat="46.34298" lon="6.178797">
        <ele>445.9</ele>
        <time>2026-07-31T11:07:14Z</time>
      </trkpt>
      <trkpt lat="46.342991" lon="6.178759">
        <ele>446.2</ele>
        <time>2026-07-31T11:07:15Z</time>
      </trkpt>
      <trkpt lat="46.343005" lon="6.178718">
        <ele>446.5</ele>
        <time>2026-07-31T11:07:16Z</time>
      </trkpt>
      <trkpt lat="46.343015" lon="6.178676">
        <ele>446.9</ele>
        <time>2026-07-31T11:07:17Z</time>
      </trkpt>
      <trkpt lat="46.343024" lon="6.178637">
        <ele>447.1</ele>
        <time>2026-07-31T11:07:18Z</time>
      </trkpt>
      <trkpt lat="46.343036" lon="6.178597">
        <ele>447.4</ele>
        <time>2026-07-31T11:07:19Z</time>
      </trkpt>
      <trkpt lat="46.343051" lon="6.178563">
        <ele>447.7</ele>
        <time>2026-07-31T11:07:20Z</time>
      </trkpt>
      <trkpt lat="46.343063" lon="6.178525">
        <ele>447.9</ele>
        <time>2026-07-31T11:07:21Z</time>
      </trkpt>
      <trkpt lat="46.343073" lon="6.178485">
        <ele>448.2</ele>
        <time>2026-07-31T11:07:22Z</time>
      </trkpt>
      <trkpt lat="46.343083" lon="6.178443">
        <ele>448.4</ele>
        <time>2026-07-31T11:07:23Z</time>
      </trkpt>
      <trkpt lat="46.343099" lon="6.178402">
        <ele>448.6</ele>
        <time>2026-07-31T11:07:24Z</time>
      </trkpt>
      <trkpt lat="46.343113" lon="6.178361">
        <ele>448.8</ele>
        <time>2026-07-31T11:07:25Z</time>
      </trkpt>
      <trkpt lat="46.343121" lon="6.178318">
        <ele>448.9</ele>
        <time>2026-07-31T11:07:26Z</time>
      </trkpt>
      <trkpt lat="46.343136" lon="6.178277">
        <ele>449.1</ele>
        <time>2026-07-31T11:07:27Z</time>
      </trkpt>
      <trkpt lat="46.343153" lon="6.178237">
        <ele>449.2</ele>
        <time>2026-07-31T11:07:28Z</time>
      </trkpt>
      <trkpt lat="46.343171" lon="6.178197">
        <ele>449.4</ele>
        <time>2026-07-31T11:07:29Z</time>
      </trkpt>
      <trkpt lat="46.343185" lon="6.178157">
        <ele>449.5</ele>
        <time>2026-07-31T11:07:30Z</time>
      </trkpt>
      <trkpt lat="46.343202" lon="6.178113">
        <ele>449.6</ele>
        <time>2026-07-31T11:07:31Z</time>
      </trkpt>
      <trkpt lat="46.343215" lon="6.178068">
        <ele>449.7</ele>
        <time>2026-07-31T11:07:32Z</time>
      </trkpt>
      <trkpt lat="46.343228" lon="6.178022">
        <ele>449.8</ele>
        <time>2026-07-31T11:07:33Z</time>
      </trkpt>
      <trkpt lat="46.343243" lon="6.177976">
        <ele>449.9</ele>
        <time>2026-07-31T11:07:34Z</time>
      </trkpt>
      <trkpt lat="46.343264" lon="6.177933">
        <ele>449.9</ele>
        <time>2026-07-31T11:07:35Z</time>
      </trkpt>
      <trkpt lat="46.343283" lon="6.177887">
        <ele>450.0</ele>
        <time>2026-07-31T11:07:36Z</time>
      </trkpt>
      <trkpt lat="46.343294" lon="6.177837">
        <ele>450.1</ele>
        <time>2026-07-31T11:07:37Z</time>
      </trkpt>
      <trkpt lat="46.343308" lon="6.177787">
        <ele>450.1</ele>
        <time>2026-07-31T11:07:38Z</time>
      </trkpt>
      <trkpt lat="46.343337" lon="6.177749">
        <ele>450.2</ele>
        <time>2026-07-31T11:07:39Z</time>
      </trkpt>
      <trkpt lat="46.343373" lon="6.177721">
        <ele>450.2</ele>
        <time>2026-07-31T11:07:40Z</time>
      </trkpt>
      <trkpt lat="46.343424" lon="6.177708">
        <ele>450.1</ele>
        <time>2026-07-31T11:07:41Z</time>
      </trkpt>
      <trkpt lat="46.343477" lon="6.177704">
        <ele>450.1</ele>
        <time>2026-07-31T11:07:42Z</time>
      </trkpt>
      <trkpt lat="46.343527" lon="6.177702">
        <ele>450.0</ele>
        <time>2026-07-31T11:07:43Z</time>
      </trkpt>
      <trkpt lat="46.34358" lon="6.177695">
        <ele>450.0</ele>
        <time>2026-07-31T11:07:44Z</time>
      </trkpt>
      <trkpt lat="46.343634" lon="6.177689">
        <ele>449.9</ele>
        <time>2026-07-31T11:07:45Z</time>
      </trkpt>
      <trkpt lat="46.343692" lon="6.177681">
        <ele>449.8</ele>
        <time>2026-07-31T11:07:46Z</time>
      </trkpt>
      <trkpt lat="46.34375" lon="6.17767">
        <ele>449.8</ele>
        <time>2026-07-31T11:07:47Z</time>
      </trkpt>
      <trkpt lat="46.343811" lon="6.177659">
        <ele>449.7</ele>
        <time>2026-07-31T11:07:48Z</time>
      </trkpt>
      <trkpt lat="46.343868" lon="6.177655">
        <ele>449.6</ele>
        <time>2026-07-31T11:07:49Z</time>
      </trkpt>
      <trkpt lat="46.343928" lon="6.177647">
        <ele>449.6</ele>
        <time>2026-07-31T11:07:50Z</time>
      </trkpt>
      <trkpt lat="46.343992" lon="6.177645">
        <ele>449.5</ele>
        <time>2026-07-31T11:07:51Z</time>
      </trkpt>
      <trkpt lat="46.344058" lon="6.177634">
        <ele>449.4</ele>
        <time>2026-07-31T11:07:52Z</time>
      </trkpt>
      <trkpt lat="46.344122" lon="6.17763">
        <ele>449.3</ele>
        <time>2026-07-31T11:07:53Z</time>
      </trkpt>
      <trkpt lat="46.344193" lon="6.177622">
        <ele>449.3</ele>
        <time>2026-07-31T11:07:54Z</time>
      </trkpt>
      <trkpt lat="46.34426" lon="6.177616">
        <ele>449.2</ele>
        <time>2026-07-31T11:07:55Z</time>
      </trkpt>
      <trkpt lat="46.344328" lon="6.177611">
        <ele>449.2</ele>
        <time>2026-07-31T11:07:56Z</time>
      </trkpt>
      <trkpt lat="46.344395" lon="6.177606">
        <ele>449.2</ele>
        <time>2026-07-31T11:07:57Z</time>
      </trkpt>
      <trkpt lat="46.344461" lon="6.1776">
        <ele>449.2</ele>
        <time>2026-07-31T11:07:58Z</time>
      </trkpt>
      <trkpt lat="46.34453" lon="6.177594">
        <ele>449.3</ele>
        <time>2026-07-31T11:07:59Z</time>
      </trkpt>
      <trkpt lat="46.344598" lon="6.177592">
        <ele>449.3</ele>
        <time>2026-07-31T11:08:00Z</time>
      </trkpt>
      <trkpt lat="46.344664" lon="6.177586">
        <ele>449.3</ele>
        <time>2026-07-31T11:08:01Z</time>
      </trkpt>
      <trkpt lat="46.344733" lon="6.177582">
        <ele>449.4</ele>
        <time>2026-07-31T11:08:02Z</time>
      </trkpt>
      <trkpt lat="46.3448" lon="6.177581">
        <ele>449.5</ele>
        <time>2026-07-31T11:08:03Z</time>
      </trkpt>
      <trkpt lat="46.344865" lon="6.177579">
        <ele>449.6</ele>
        <time>2026-07-31T11:08:04Z</time>
      </trkpt>
      <trkpt lat="46.344928" lon="6.177578">
        <ele>449.7</ele>
        <time>2026-07-31T11:08:05Z</time>
      </trkpt>
      <trkpt lat="46.344989" lon="6.17757">
        <ele>449.8</ele>
        <time>2026-07-31T11:08:06Z</time>
      </trkpt>
      <trkpt lat="46.345046" lon="6.177534">
        <ele>449.8</ele>
        <time>2026-07-31T11:08:07Z</time>
      </trkpt>
      <trkpt lat="46.345097" lon="6.177473">
        <ele>449.6</ele>
        <time>2026-07-31T11:08:08Z</time>
      </trkpt>
      <trkpt lat="46.345146" lon="6.177395">
        <ele>449.5</ele>
        <time>2026-07-31T11:08:09Z</time>
      </trkpt>
      <trkpt lat="46.34519" lon="6.177307">
        <ele>449.4</ele>
        <time>2026-07-31T11:08:10Z</time>
      </trkpt>
      <trkpt lat="46.345229" lon="6.177212">
        <ele>449.3</ele>
        <time>2026-07-31T11:08:11Z</time>
      </trkpt>
      <trkpt lat="46.345267" lon="6.177122">
        <ele>449.2</ele>
        <time>2026-07-31T11:08:12Z</time>
      </trkpt>
      <trkpt lat="46.345305" lon="6.177031">
        <ele>449.3</ele>
        <time>2026-07-31T11:08:13Z</time>
      </trkpt>
      <trkpt lat="46.345342" lon="6.176943">
        <ele>449.4</ele>
        <time>2026-07-31T11:08:14Z</time>
      </trkpt>
      <trkpt lat="46.34538" lon="6.176858">
        <ele>449.5</ele>
        <time>2026-07-31T11:08:15Z</time>
      </trkpt>
      <trkpt lat="46.34542" lon="6.176777">
        <ele>449.8</ele>
        <time>2026-07-31T11:08:16Z</time>
      </trkpt>
      <trkpt lat="46.345466" lon="6.176707">
        <ele>450.1</ele>
        <time>2026-07-31T11:08:17Z</time>
      </trkpt>
      <trkpt lat="46.345522" lon="6.176645">
        <ele>450.4</ele>
        <time>2026-07-31T11:08:18Z</time>
      </trkpt>
      <trkpt lat="46.345576" lon="6.176601">
        <ele>450.8</ele>
        <time>2026-07-31T11:08:19Z</time>
      </trkpt>
      <trkpt lat="46.345629" lon="6.176566">
        <ele>451.2</ele>
        <time>2026-07-31T11:08:20Z</time>
      </trkpt>
      <trkpt lat="46.345682" lon="6.176545">
        <ele>451.6</ele>
        <time>2026-07-31T11:08:21Z</time>
      </trkpt>
      <trkpt lat="46.345724" lon="6.176537">
        <ele>451.9</ele>
        <time>2026-07-31T11:08:22Z</time>
      </trkpt>
      <trkpt lat="46.345778" lon="6.17655">
        <ele>452.3</ele>
        <time>2026-07-31T11:08:23Z</time>
      </trkpt>
      <trkpt lat="46.345821" lon="6.176575">
        <ele>452.6</ele>
        <time>2026-07-31T11:08:24Z</time>
      </trkpt>
      <trkpt lat="46.345865" lon="6.176613">
        <ele>452.8</ele>
        <time>2026-07-31T11:08:25Z</time>
      </trkpt>
      <trkpt lat="46.345896" lon="6.176649">
        <ele>452.9</ele>
        <time>2026-07-31T11:08:26Z</time>
      </trkpt>
      <trkpt lat="46.34593" lon="6.176685">
        <ele>453.1</ele>
        <time>2026-07-31T11:08:27Z</time>
      </trkpt>
      <trkpt lat="46.345962" lon="6.176694">
        <ele>453.3</ele>
        <time>2026-07-31T11:08:28Z</time>
      </trkpt>
      <trkpt lat="46.345986" lon="6.176659">
        <ele>453.4</ele>
        <time>2026-07-31T11:08:29Z</time>
      </trkpt>
      <trkpt lat="46.345997" lon="6.176594">
        <ele>453.6</ele>
        <time>2026-07-31T11:08:30Z</time>
      </trkpt>
      <trkpt lat="46.346005" lon="6.176531">
        <ele>453.8</ele>
        <time>2026-07-31T11:08:31Z</time>
      </trkpt>
      <trkpt lat="46.346006" lon="6.176466">
        <ele>453.9</ele>
        <time>2026-07-31T11:08:32Z</time>
      </trkpt>
      <trkpt lat="46.346028" lon="6.176412">
        <ele>454.1</ele>
        <time>2026-07-31T11:08:33Z</time>
      </trkpt>
      <trkpt lat="46.346053" lon="6.176367">
        <ele>454.3</ele>
        <time>2026-07-31T11:08:34Z</time>
      </trkpt>
      <trkpt lat="46.346078" lon="6.176322">
        <ele>454.5</ele>
        <time>2026-07-31T11:08:35Z</time>
      </trkpt>
      <trkpt lat="46.346103" lon="6.176273">
        <ele>454.7</ele>
        <time>2026-07-31T11:08:36Z</time>
      </trkpt>
      <trkpt lat="46.346131" lon="6.176221">
        <ele>454.8</ele>
        <time>2026-07-31T11:08:37Z</time>
      </trkpt>
      <trkpt lat="46.346156" lon="6.176174">
        <ele>455.0</ele>
        <time>2026-07-31T11:08:38Z</time>
      </trkpt>
      <trkpt lat="46.346184" lon="6.176125">
        <ele>455.1</ele>
        <time>2026-07-31T11:08:39Z</time>
      </trkpt>
      <trkpt lat="46.34621" lon="6.176075">
        <ele>455.3</ele>
        <time>2026-07-31T11:08:40Z</time>
      </trkpt>
      <trkpt lat="46.346238" lon="6.176022">
        <ele>455.4</ele>
        <time>2026-07-31T11:08:41Z</time>
      </trkpt>
      <trkpt lat="46.346266" lon="6.175969">
        <ele>455.6</ele>
        <time>2026-07-31T11:08:42Z</time>
      </trkpt>
      <trkpt lat="46.346297" lon="6.175913">
        <ele>455.7</ele>
        <time>2026-07-31T11:08:43Z</time>
      </trkpt>
      <trkpt lat="46.346326" lon="6.175862">
        <ele>455.9</ele>
        <time>2026-07-31T11:08:44Z</time>
      </trkpt>
      <trkpt lat="46.346356" lon="6.175808">
        <ele>456.1</ele>
        <time>2026-07-31T11:08:45Z</time>
      </trkpt>
      <trkpt lat="46.346385" lon="6.175753">
        <ele>456.3</ele>
        <time>2026-07-31T11:08:46Z</time>
      </trkpt>
      <trkpt lat="46.346417" lon="6.175697">
        <ele>456.5</ele>
        <time>2026-07-31T11:08:47Z</time>
      </trkpt>
      <trkpt lat="46.346443" lon="6.175642">
        <ele>456.7</ele>
        <time>2026-07-31T11:08:48Z</time>
      </trkpt>
      <trkpt lat="46.346474" lon="6.17559">
        <ele>456.9</ele>
        <time>2026-07-31T11:08:49Z</time>
      </trkpt>
      <trkpt lat="46.346501" lon="6.175542">
        <ele>457.2</ele>
        <time>2026-07-31T11:08:50Z</time>
      </trkpt>
      <trkpt lat="46.346527" lon="6.175489">
        <ele>457.5</ele>
        <time>2026-07-31T11:08:51Z</time>
      </trkpt>
      <trkpt lat="46.346553" lon="6.175443">
        <ele>457.7</ele>
        <time>2026-07-31T11:08:52Z</time>
      </trkpt>
      <trkpt lat="46.346579" lon="6.175394">
        <ele>458.0</ele>
        <time>2026-07-31T11:08:53Z</time>
      </trkpt>
      <trkpt lat="46.346604" lon="6.175349">
        <ele>458.2</ele>
        <time>2026-07-31T11:08:54Z</time>
      </trkpt>
      <trkpt lat="46.346631" lon="6.175297">
        <ele>458.5</ele>
        <time>2026-07-31T11:08:55Z</time>
      </trkpt>
      <trkpt lat="46.346654" lon="6.17525">
        <ele>458.8</ele>
        <time>2026-07-31T11:08:56Z</time>
      </trkpt>
      <trkpt lat="46.346678" lon="6.175204">
        <ele>459.0</ele>
        <time>2026-07-31T11:08:57Z</time>
      </trkpt>
      <trkpt lat="46.346703" lon="6.175155">
        <ele>459.2</ele>
        <time>2026-07-31T11:08:58Z</time>
      </trkpt>
      <trkpt lat="46.34673" lon="6.175104">
        <ele>459.4</ele>
        <time>2026-07-31T11:08:59Z</time>
      </trkpt>
      <trkpt lat="46.34675" lon="6.175054">
        <ele>459.6</ele>
        <time>2026-07-31T11:09:00Z</time>
      </trkpt>
      <trkpt lat="46.346775" lon="6.174999">
        <ele>459.8</ele>
        <time>2026-07-31T11:09:01Z</time>
      </trkpt>
      <trkpt lat="46.346799" lon="6.174948">
        <ele>459.9</ele>
        <time>2026-07-31T11:09:02Z</time>
      </trkpt>
      <trkpt lat="46.346823" lon="6.174894">
        <ele>460.0</ele>
        <time>2026-07-31T11:09:03Z</time>
      </trkpt>
      <trkpt lat="46.346846" lon="6.17484">
        <ele>460.1</ele>
        <time>2026-07-31T11:09:04Z</time>
      </trkpt>
      <trkpt lat="46.346869" lon="6.174782">
        <ele>460.2</ele>
        <time>2026-07-31T11:09:05Z</time>
      </trkpt>
      <trkpt lat="46.346892" lon="6.174727">
        <ele>460.3</ele>
        <time>2026-07-31T11:09:06Z</time>
      </trkpt>
      <trkpt lat="46.346915" lon="6.174668">
        <ele>460.4</ele>
        <time>2026-07-31T11:09:07Z</time>
      </trkpt>
      <trkpt lat="46.346939" lon="6.17461">
        <ele>460.5</ele>
        <time>2026-07-31T11:09:08Z</time>
      </trkpt>
      <trkpt lat="46.34696" lon="6.174549">
        <ele>460.6</ele>
        <time>2026-07-31T11:09:09Z</time>
      </trkpt>
      <trkpt lat="46.346976" lon="6.174494">
        <ele>460.7</ele>
        <time>2026-07-31T11:09:10Z</time>
      </trkpt>
      <trkpt lat="46.347011" lon="6.174452">
        <ele>460.7</ele>
        <time>2026-07-31T11:09:11Z</time>
      </trkpt>
      <trkpt lat="46.347058" lon="6.174473">
        <ele>460.7</ele>
        <time>2026-07-31T11:09:12Z</time>
      </trkpt>
      <trkpt lat="46.347104" lon="6.174514">
        <ele>460.6</ele>
        <time>2026-07-31T11:09:13Z</time>
      </trkpt>
      <trkpt lat="46.347147" lon="6.174562">
        <ele>460.5</ele>
        <time>2026-07-31T11:09:14Z</time>
      </trkpt>
      <trkpt lat="46.347197" lon="6.174606">
        <ele>460.4</ele>
        <time>2026-07-31T11:09:15Z</time>
      </trkpt>
      <trkpt lat="46.347252" lon="6.174644">
        <ele>460.3</ele>
        <time>2026-07-31T11:09:16Z</time>
      </trkpt>
      <trkpt lat="46.347311" lon="6.17468">
        <ele>460.3</ele>
        <time>2026-07-31T11:09:17Z</time>
      </trkpt>
      <trkpt lat="46.347366" lon="6.174711">
        <ele>460.3</ele>
        <time>2026-07-31T11:09:18Z</time>
      </trkpt>
      <trkpt lat="46.347426" lon="6.174737">
        <ele>460.3</ele>
        <time>2026-07-31T11:09:19Z</time>
      </trkpt>
      <trkpt lat="46.347485" lon="6.174755">
        <ele>460.4</ele>
        <time>2026-07-31T11:09:20Z</time>
      </trkpt>
      <trkpt lat="46.347545" lon="6.174769">
        <ele>460.5</ele>
        <time>2026-07-31T11:09:21Z</time>
      </trkpt>
      <trkpt lat="46.347605" lon="6.174787">
        <ele>460.6</ele>
        <time>2026-07-31T11:09:22Z</time>
      </trkpt>
      <trkpt lat="46.347665" lon="6.174805">
        <ele>460.7</ele>
        <time>2026-07-31T11:09:23Z</time>
      </trkpt>
      <trkpt lat="46.347724" lon="6.17482">
        <ele>460.9</ele>
        <time>2026-07-31T11:09:24Z</time>
      </trkpt>
      <trkpt lat="46.347785" lon="6.174831">
        <ele>461.1</ele>
        <time>2026-07-31T11:09:25Z</time>
      </trkpt>
      <trkpt lat="46.347844" lon="6.174848">
        <ele>461.3</ele>
        <time>2026-07-31T11:09:26Z</time>
      </trkpt>
      <trkpt lat="46.347899" lon="6.174859">
        <ele>461.5</ele>
        <time>2026-07-31T11:09:27Z</time>
      </trkpt>
      <trkpt lat="46.347957" lon="6.17487">
        <ele>461.7</ele>
        <time>2026-07-31T11:09:28Z</time>
      </trkpt>
      <trkpt lat="46.348013" lon="6.174875">
        <ele>461.9</ele>
        <time>2026-07-31T11:09:29Z</time>
      </trkpt>
      <trkpt lat="46.348071" lon="6.174888">
        <ele>462.0</ele>
        <time>2026-07-31T11:09:30Z</time>
      </trkpt>
      <trkpt lat="46.34813" lon="6.174897">
        <ele>462.2</ele>
        <time>2026-07-31T11:09:31Z</time>
      </trkpt>
      <trkpt lat="46.348187" lon="6.1749">
        <ele>462.3</ele>
        <time>2026-07-31T11:09:32Z</time>
      </trkpt>
      <trkpt lat="46.348248" lon="6.174903">
        <ele>462.4</ele>
        <time>2026-07-31T11:09:33Z</time>
      </trkpt>
      <trkpt lat="46.348312" lon="6.17489">
        <ele>462.5</ele>
        <time>2026-07-31T11:09:34Z</time>
      </trkpt>
      <trkpt lat="46.348372" lon="6.174868">
        <ele>462.6</ele>
        <time>2026-07-31T11:09:35Z</time>
      </trkpt>
      <trkpt lat="46.348436" lon="6.17486">
        <ele>462.7</ele>
        <time>2026-07-31T11:09:36Z</time>
      </trkpt>
      <trkpt lat="46.348499" lon="6.174838">
        <ele>462.9</ele>
        <time>2026-07-31T11:09:37Z</time>
      </trkpt>
      <trkpt lat="46.348555" lon="6.174823">
        <ele>463.0</ele>
        <time>2026-07-31T11:09:38Z</time>
      </trkpt>
      <trkpt lat="46.348608" lon="6.174786">
        <ele>463.2</ele>
        <time>2026-07-31T11:09:39Z</time>
      </trkpt>
      <trkpt lat="46.348666" lon="6.174768">
        <ele>463.4</ele>
        <time>2026-07-31T11:09:40Z</time>
      </trkpt>
      <trkpt lat="46.348724" lon="6.174757">
        <ele>463.7</ele>
        <time>2026-07-31T11:09:41Z</time>
      </trkpt>
      <trkpt lat="46.348776" lon="6.17474">
        <ele>463.8</ele>
        <time>2026-07-31T11:09:42Z</time>
      </trkpt>
      <trkpt lat="46.348823" lon="6.174714">
        <ele>464.0</ele>
        <time>2026-07-31T11:09:43Z</time>
      </trkpt>
      <trkpt lat="46.348867" lon="6.174692">
        <ele>464.2</ele>
        <time>2026-07-31T11:09:44Z</time>
      </trkpt>
      <trkpt lat="46.348917" lon="6.174656">
        <ele>464.4</ele>
        <time>2026-07-31T11:09:45Z</time>
      </trkpt>
      <trkpt lat="46.348958" lon="6.174612">
        <ele>464.5</ele>
        <time>2026-07-31T11:09:46Z</time>
      </trkpt>
      <trkpt lat="46.349011" lon="6.174573">
        <ele>464.7</ele>
        <time>2026-07-31T11:09:47Z</time>
      </trkpt>
      <trkpt lat="46.349057" lon="6.17454">
        <ele>464.7</ele>
        <time>2026-07-31T11:09:48Z</time>
      </trkpt>
      <trkpt lat="46.349111" lon="6.1745">
        <ele>464.8</ele>
        <time>2026-07-31T11:09:49Z</time>
      </trkpt>
      <trkpt lat="46.34916" lon="6.174472">
        <ele>464.9</ele>
        <time>2026-07-31T11:09:50Z</time>
      </trkpt>
      <trkpt lat="46.349221" lon="6.174435">
        <ele>465.0</ele>
        <time>2026-07-31T11:09:51Z</time>
      </trkpt>
      <trkpt lat="46.349275" lon="6.174406">
        <ele>465.0</ele>
        <time>2026-07-31T11:09:52Z</time>
      </trkpt>
      <trkpt lat="46.349337" lon="6.174395">
        <ele>465.0</ele>
        <time>2026-07-31T11:09:53Z</time>
      </trkpt>
      <trkpt lat="46.349409" lon="6.174399">
        <ele>465.0</ele>
        <time>2026-07-31T11:09:54Z</time>
      </trkpt>
      <trkpt lat="46.349473" lon="6.174429">
        <ele>465.0</ele>
        <time>2026-07-31T11:09:55Z</time>
      </trkpt>
      <trkpt lat="46.349539" lon="6.174473">
        <ele>465.0</ele>
        <time>2026-07-31T11:09:56Z</time>
      </trkpt>
      <trkpt lat="46.349604" lon="6.174524">
        <ele>464.9</ele>
        <time>2026-07-31T11:09:57Z</time>
      </trkpt>
      <trkpt lat="46.349652" lon="6.174569">
        <ele>464.8</ele>
        <time>2026-07-31T11:09:58Z</time>
      </trkpt>
      <trkpt lat="46.349714" lon="6.174617">
        <ele>464.8</ele>
        <time>2026-07-31T11:09:59Z</time>
      </trkpt>
      <trkpt lat="46.349783" lon="6.174663">
        <ele>464.7</ele>
        <time>2026-07-31T11:10:00Z</time>
      </trkpt>
      <trkpt lat="46.349854" lon="6.174693">
        <ele>464.6</ele>
        <time>2026-07-31T11:10:01Z</time>
      </trkpt>
      <trkpt lat="46.349928" lon="6.174712">
        <ele>464.5</ele>
        <time>2026-07-31T11:10:02Z</time>
      </trkpt>
      <trkpt lat="46.350002" lon="6.174719">
        <ele>464.4</ele>
        <time>2026-07-31T11:10:03Z</time>
      </trkpt>
      <trkpt lat="46.350064" lon="6.174729">
        <ele>464.4</ele>
        <time>2026-07-31T11:10:04Z</time>
      </trkpt>
      <trkpt lat="46.350159" lon="6.174718">
        <ele>464.4</ele>
        <time>2026-07-31T11:10:05Z</time>
      </trkpt>
      <trkpt lat="46.350236" lon="6.174706">
        <ele>464.4</ele>
        <time>2026-07-31T11:10:06Z</time>
      </trkpt>
      <trkpt lat="46.350305" lon="6.174691">
        <ele>464.4</ele>
        <time>2026-07-31T11:10:07Z</time>
      </trkpt>
      <trkpt lat="46.350377" lon="6.174685">
        <ele>464.3</ele>
        <time>2026-07-31T11:10:08Z</time>
      </trkpt>
      <trkpt lat="46.35045" lon="6.174699">
        <ele>464.2</ele>
        <time>2026-07-31T11:10:09Z</time>
      </trkpt>
      <trkpt lat="46.350522" lon="6.174733">
        <ele>464.1</ele>
        <time>2026-07-31T11:10:10Z</time>
      </trkpt>
      <trkpt lat="46.350579" lon="6.174793">
        <ele>464.0</ele>
        <time>2026-07-31T11:10:11Z</time>
      </trkpt>
      <trkpt lat="46.350637" lon="6.174843">
        <ele>463.9</ele>
        <time>2026-07-31T11:10:12Z</time>
      </trkpt>
      <trkpt lat="46.350701" lon="6.174891">
        <ele>463.8</ele>
        <time>2026-07-31T11:10:13Z</time>
      </trkpt>
      <trkpt lat="46.350772" lon="6.174932">
        <ele>463.8</ele>
        <time>2026-07-31T11:10:14Z</time>
      </trkpt>
      <trkpt lat="46.350848" lon="6.174979">
        <ele>463.8</ele>
        <time>2026-07-31T11:10:15Z</time>
      </trkpt>
      <trkpt lat="46.350918" lon="6.175012">
        <ele>463.8</ele>
        <time>2026-07-31T11:10:16Z</time>
      </trkpt>
      <trkpt lat="46.350996" lon="6.175053">
        <ele>463.8</ele>
        <time>2026-07-31T11:10:17Z</time>
      </trkpt>
      <trkpt lat="46.351063" lon="6.175088">
        <ele>463.8</ele>
        <time>2026-07-31T11:10:18Z</time>
      </trkpt>
      <trkpt lat="46.351127" lon="6.17512">
        <ele>463.8</ele>
        <time>2026-07-31T11:10:19Z</time>
      </trkpt>
      <trkpt lat="46.351183" lon="6.175152">
        <ele>463.8</ele>
        <time>2026-07-31T11:10:20Z</time>
      </trkpt>
      <trkpt lat="46.351237" lon="6.175147">
        <ele>463.8</ele>
        <time>2026-07-31T11:10:21Z</time>
      </trkpt>
      <trkpt lat="46.351308" lon="6.17513">
        <ele>463.7</ele>
        <time>2026-07-31T11:10:22Z</time>
      </trkpt>
      <trkpt lat="46.351371" lon="6.175076">
        <ele>463.7</ele>
        <time>2026-07-31T11:10:23Z</time>
      </trkpt>
      <trkpt lat="46.351405" lon="6.175013">
        <ele>463.8</ele>
        <time>2026-07-31T11:10:24Z</time>
      </trkpt>
      <trkpt lat="46.35142" lon="6.174945">
        <ele>463.8</ele>
        <time>2026-07-31T11:10:25Z</time>
      </trkpt>
      <trkpt lat="46.351445" lon="6.174869">
        <ele>463.8</ele>
        <time>2026-07-31T11:10:26Z</time>
      </trkpt>
      <trkpt lat="46.351469" lon="6.174766">
        <ele>463.9</ele>
        <time>2026-07-31T11:10:27Z</time>
      </trkpt>
      <trkpt lat="46.351489" lon="6.174668">
        <ele>463.9</ele>
        <time>2026-07-31T11:10:28Z</time>
      </trkpt>
      <trkpt lat="46.351507" lon="6.174586">
        <ele>464.0</ele>
        <time>2026-07-31T11:10:29Z</time>
      </trkpt>
      <trkpt lat="46.351533" lon="6.174506">
        <ele>464.0</ele>
        <time>2026-07-31T11:10:30Z</time>
      </trkpt>
      <trkpt lat="46.351563" lon="6.174407">
        <ele>464.0</ele>
        <time>2026-07-31T11:10:31Z</time>
      </trkpt>
      <trkpt lat="46.351593" lon="6.17432">
        <ele>464.1</ele>
        <time>2026-07-31T11:10:32Z</time>
      </trkpt>
      <trkpt lat="46.351627" lon="6.174237">
        <ele>464.1</ele>
        <time>2026-07-31T11:10:33Z</time>
      </trkpt>
      <trkpt lat="46.351647" lon="6.174116">
        <ele>464.1</ele>
        <time>2026-07-31T11:10:34Z</time>
      </trkpt>
      <trkpt lat="46.351678" lon="6.174014">
        <ele>464.2</ele>
        <time>2026-07-31T11:10:35Z</time>
      </trkpt>
      <trkpt lat="46.35171" lon="6.173912">
        <ele>464.3</ele>
        <time>2026-07-31T11:10:36Z</time>
      </trkpt>
      <trkpt lat="46.351737" lon="6.173808">
        <ele>464.3</ele>
        <time>2026-07-31T11:10:37Z</time>
      </trkpt>
      <trkpt lat="46.351768" lon="6.173706">
        <ele>464.4</ele>
        <time>2026-07-31T11:10:38Z</time>
      </trkpt>
      <trkpt lat="46.351796" lon="6.173609">
        <ele>464.5</ele>
        <time>2026-07-31T11:10:39Z</time>
      </trkpt>
      <trkpt lat="46.351825" lon="6.173508">
        <ele>464.6</ele>
        <time>2026-07-31T11:10:40Z</time>
      </trkpt>
      <trkpt lat="46.351857" lon="6.173412">
        <ele>464.7</ele>
        <time>2026-07-31T11:10:41Z</time>
      </trkpt>
      <trkpt lat="46.351888" lon="6.173318">
        <ele>464.7</ele>
        <time>2026-07-31T11:10:42Z</time>
      </trkpt>
      <trkpt lat="46.351918" lon="6.173219">
        <ele>464.8</ele>
        <time>2026-07-31T11:10:43Z</time>
      </trkpt>
      <trkpt lat="46.351943" lon="6.173107">
        <ele>465.0</ele>
        <time>2026-07-31T11:10:44Z</time>
      </trkpt>
      <trkpt lat="46.351988" lon="6.173019">
        <ele>465.2</ele>
        <time>2026-07-31T11:10:45Z</time>
      </trkpt>
      <trkpt lat="46.35202" lon="6.172964">
        <ele>465.4</ele>
        <time>2026-07-31T11:10:46Z</time>
      </trkpt>
      <trkpt lat="46.352042" lon="6.172871">
        <ele>465.6</ele>
        <time>2026-07-31T11:10:47Z</time>
      </trkpt>
      <trkpt lat="46.352062" lon="6.172788">
        <ele>465.9</ele>
        <time>2026-07-31T11:10:48Z</time>
      </trkpt>
      <trkpt lat="46.352086" lon="6.172707">
        <ele>466.1</ele>
        <time>2026-07-31T11:10:49Z</time>
      </trkpt>
      <trkpt lat="46.35211" lon="6.172623">
        <ele>466.3</ele>
        <time>2026-07-31T11:10:50Z</time>
      </trkpt>
      <trkpt lat="46.352137" lon="6.17254">
        <ele>466.5</ele>
        <time>2026-07-31T11:10:51Z</time>
      </trkpt>
      <trkpt lat="46.352159" lon="6.172468">
        <ele>466.7</ele>
        <time>2026-07-31T11:10:52Z</time>
      </trkpt>
      <trkpt lat="46.35218" lon="6.172388">
        <ele>466.9</ele>
        <time>2026-07-31T11:10:53Z</time>
      </trkpt>
      <trkpt lat="46.352205" lon="6.172315">
        <ele>467.1</ele>
        <time>2026-07-31T11:10:54Z</time>
      </trkpt>
      <trkpt lat="46.352228" lon="6.172242">
        <ele>467.3</ele>
        <time>2026-07-31T11:10:55Z</time>
      </trkpt>
      <trkpt lat="46.352255" lon="6.172166">
        <ele>467.5</ele>
        <time>2026-07-31T11:10:56Z</time>
      </trkpt>
      <trkpt lat="46.352281" lon="6.172094">
        <ele>467.7</ele>
        <time>2026-07-31T11:10:57Z</time>
      </trkpt>
      <trkpt lat="46.352305" lon="6.172018">
        <ele>467.9</ele>
        <time>2026-07-31T11:10:58Z</time>
      </trkpt>
      <trkpt lat="46.352332" lon="6.171941">
        <ele>468.1</ele>
        <time>2026-07-31T11:10:59Z</time>
      </trkpt>
      <trkpt lat="46.352354" lon="6.171865">
        <ele>468.3</ele>
        <time>2026-07-31T11:11:00Z</time>
      </trkpt>
      <trkpt lat="46.352372" lon="6.17179">
        <ele>468.4</ele>
        <time>2026-07-31T11:11:01Z</time>
      </trkpt>
      <trkpt lat="46.352389" lon="6.171712">
        <ele>468.6</ele>
        <time>2026-07-31T11:11:02Z</time>
      </trkpt>
      <trkpt lat="46.352407" lon="6.171635">
        <ele>468.7</ele>
        <time>2026-07-31T11:11:03Z</time>
      </trkpt>
      <trkpt lat="46.352428" lon="6.171557">
        <ele>468.9</ele>
        <time>2026-07-31T11:11:04Z</time>
      </trkpt>
      <trkpt lat="46.352451" lon="6.171478">
        <ele>469.0</ele>
        <time>2026-07-31T11:11:05Z</time>
      </trkpt>
      <trkpt lat="46.352476" lon="6.171409">
        <ele>469.1</ele>
        <time>2026-07-31T11:11:06Z</time>
      </trkpt>
      <trkpt lat="46.352499" lon="6.171326">
        <ele>469.2</ele>
        <time>2026-07-31T11:11:07Z</time>
      </trkpt>
      <trkpt lat="46.352524" lon="6.171251">
        <ele>469.3</ele>
        <time>2026-07-31T11:11:08Z</time>
      </trkpt>
      <trkpt lat="46.35255" lon="6.171179">
        <ele>469.4</ele>
        <time>2026-07-31T11:11:09Z</time>
      </trkpt>
      <trkpt lat="46.352573" lon="6.171097">
        <ele>469.4</ele>
        <time>2026-07-31T11:11:10Z</time>
      </trkpt>
      <trkpt lat="46.352597" lon="6.171015">
        <ele>469.5</ele>
        <time>2026-07-31T11:11:11Z</time>
      </trkpt>
      <trkpt lat="46.352622" lon="6.170935">
        <ele>469.5</ele>
        <time>2026-07-31T11:11:12Z</time>
      </trkpt>
      <trkpt lat="46.352646" lon="6.170854">
        <ele>469.5</ele>
        <time>2026-07-31T11:11:13Z</time>
      </trkpt>
      <trkpt lat="46.35267" lon="6.170775">
        <ele>469.5</ele>
        <time>2026-07-31T11:11:14Z</time>
      </trkpt>
      <trkpt lat="46.352695" lon="6.170692">
        <ele>469.5</ele>
        <time>2026-07-31T11:11:15Z</time>
      </trkpt>
      <trkpt lat="46.35272" lon="6.170606">
        <ele>469.4</ele>
        <time>2026-07-31T11:11:16Z</time>
      </trkpt>
      <trkpt lat="46.352742" lon="6.17052">
        <ele>469.4</ele>
        <time>2026-07-31T11:11:17Z</time>
      </trkpt>
      <trkpt lat="46.352769" lon="6.170433">
        <ele>469.3</ele>
        <time>2026-07-31T11:11:18Z</time>
      </trkpt>
      <trkpt lat="46.352797" lon="6.170343">
        <ele>469.2</ele>
        <time>2026-07-31T11:11:19Z</time>
      </trkpt>
      <trkpt lat="46.352826" lon="6.170251">
        <ele>469.1</ele>
        <time>2026-07-31T11:11:20Z</time>
      </trkpt>
      <trkpt lat="46.352855" lon="6.170159">
        <ele>469.1</ele>
        <time>2026-07-31T11:11:21Z</time>
      </trkpt>
      <trkpt lat="46.352882" lon="6.170066">
        <ele>469.0</ele>
        <time>2026-07-31T11:11:22Z</time>
      </trkpt>
      <trkpt lat="46.352911" lon="6.169976">
        <ele>468.9</ele>
        <time>2026-07-31T11:11:23Z</time>
      </trkpt>
      <trkpt lat="46.352941" lon="6.169886">
        <ele>468.9</ele>
        <time>2026-07-31T11:11:24Z</time>
      </trkpt>
      <trkpt lat="46.352971" lon="6.169795">
        <ele>468.8</ele>
        <time>2026-07-31T11:11:25Z</time>
      </trkpt>
      <trkpt lat="46.353" lon="6.169702">
        <ele>468.8</ele>
        <time>2026-07-31T11:11:26Z</time>
      </trkpt>
      <trkpt lat="46.353027" lon="6.169612">
        <ele>468.7</ele>
        <time>2026-07-31T11:11:27Z</time>
      </trkpt>
      <trkpt lat="46.353055" lon="6.169519">
        <ele>468.7</ele>
        <time>2026-07-31T11:11:28Z</time>
      </trkpt>
      <trkpt lat="46.353068" lon="6.169418">
        <ele>468.7</ele>
        <time>2026-07-31T11:11:29Z</time>
      </trkpt>
      <trkpt lat="46.35306" lon="6.169311">
        <ele>468.7</ele>
        <time>2026-07-31T11:11:30Z</time>
      </trkpt>
      <trkpt lat="46.353014" lon="6.169222">
        <ele>468.8</ele>
        <time>2026-07-31T11:11:31Z</time>
      </trkpt>
      <trkpt lat="46.352964" lon="6.169148">
        <ele>468.9</ele>
        <time>2026-07-31T11:11:32Z</time>
      </trkpt>
      <trkpt lat="46.352914" lon="6.169086">
        <ele>469.1</ele>
        <time>2026-07-31T11:11:33Z</time>
      </trkpt>
      <trkpt lat="46.352871" lon="6.169017">
        <ele>469.2</ele>
        <time>2026-07-31T11:11:34Z</time>
      </trkpt>
      <trkpt lat="46.352835" lon="6.168947">
        <ele>469.3</ele>
        <time>2026-07-31T11:11:35Z</time>
      </trkpt>
      <trkpt lat="46.352805" lon="6.16887">
        <ele>469.4</ele>
        <time>2026-07-31T11:11:36Z</time>
      </trkpt>
      <trkpt lat="46.352782" lon="6.168788">
        <ele>469.5</ele>
        <time>2026-07-31T11:11:37Z</time>
      </trkpt>
      <trkpt lat="46.352761" lon="6.168705">
        <ele>469.5</ele>
        <time>2026-07-31T11:11:38Z</time>
      </trkpt>
      <trkpt lat="46.352747" lon="6.168617">
        <ele>469.5</ele>
        <time>2026-07-31T11:11:39Z</time>
      </trkpt>
      <trkpt lat="46.352743" lon="6.168526">
        <ele>469.6</ele>
        <time>2026-07-31T11:11:40Z</time>
      </trkpt>
      <trkpt lat="46.352743" lon="6.168434">
        <ele>469.6</ele>
        <time>2026-07-31T11:11:41Z</time>
      </trkpt>
      <trkpt lat="46.352747" lon="6.168342">
        <ele>469.6</ele>
        <time>2026-07-31T11:11:42Z</time>
      </trkpt>
      <trkpt lat="46.352762" lon="6.168242">
        <ele>469.6</ele>
        <time>2026-07-31T11:11:43Z</time>
      </trkpt>
      <trkpt lat="46.352791" lon="6.16815">
        <ele>469.7</ele>
        <time>2026-07-31T11:11:44Z</time>
      </trkpt>
      <trkpt lat="46.352818" lon="6.16806">
        <ele>469.7</ele>
        <time>2026-07-31T11:11:45Z</time>
      </trkpt>
      <trkpt lat="46.352842" lon="6.167972">
        <ele>469.7</ele>
        <time>2026-07-31T11:11:46Z</time>
      </trkpt>
      <trkpt lat="46.352868" lon="6.167877">
        <ele>469.8</ele>
        <time>2026-07-31T11:11:47Z</time>
      </trkpt>
      <trkpt lat="46.352893" lon="6.167786">
        <ele>469.8</ele>
        <time>2026-07-31T11:11:48Z</time>
      </trkpt>
      <trkpt lat="46.352907" lon="6.167692">
        <ele>469.8</ele>
        <time>2026-07-31T11:11:49Z</time>
      </trkpt>
      <trkpt lat="46.352926" lon="6.167601">
        <ele>469.8</ele>
        <time>2026-07-31T11:11:50Z</time>
      </trkpt>
      <trkpt lat="46.352945" lon="6.167509">
        <ele>469.9</ele>
        <time>2026-07-31T11:11:51Z</time>
      </trkpt>
      <trkpt lat="46.352961" lon="6.167414">
        <ele>469.8</ele>
        <time>2026-07-31T11:11:52Z</time>
      </trkpt>
      <trkpt lat="46.352976" lon="6.167322">
        <ele>469.8</ele>
        <time>2026-07-31T11:11:53Z</time>
      </trkpt>
      <trkpt lat="46.352995" lon="6.167229">
        <ele>469.8</ele>
        <time>2026-07-31T11:11:54Z</time>
      </trkpt>
      <trkpt lat="46.353015" lon="6.167138">
        <ele>469.8</ele>
        <time>2026-07-31T11:11:55Z</time>
      </trkpt>
      <trkpt lat="46.353041" lon="6.16705">
        <ele>469.8</ele>
        <time>2026-07-31T11:11:56Z</time>
      </trkpt>
      <trkpt lat="46.353068" lon="6.166964">
        <ele>469.8</ele>
        <time>2026-07-31T11:11:57Z</time>
      </trkpt>
      <trkpt lat="46.353099" lon="6.166873">
        <ele>469.7</ele>
        <time>2026-07-31T11:11:58Z</time>
      </trkpt>
      <trkpt lat="46.353127" lon="6.166788">
        <ele>469.7</ele>
        <time>2026-07-31T11:11:59Z</time>
      </trkpt>
      <trkpt lat="46.35316" lon="6.166704">
        <ele>469.7</ele>
        <time>2026-07-31T11:12:00Z</time>
      </trkpt>
      <trkpt lat="46.353193" lon="6.166622">
        <ele>469.7</ele>
        <time>2026-07-31T11:12:01Z</time>
      </trkpt>
      <trkpt lat="46.353218" lon="6.16654">
        <ele>469.7</ele>
        <time>2026-07-31T11:12:02Z</time>
      </trkpt>
      <trkpt lat="46.353239" lon="6.166455">
        <ele>469.6</ele>
        <time>2026-07-31T11:12:03Z</time>
      </trkpt>
      <trkpt lat="46.353271" lon="6.166374">
        <ele>469.5</ele>
        <time>2026-07-31T11:12:04Z</time>
      </trkpt>
      <trkpt lat="46.353326" lon="6.166312">
        <ele>469.4</ele>
        <time>2026-07-31T11:12:05Z</time>
      </trkpt>
      <trkpt lat="46.353381" lon="6.166254">
        <ele>469.3</ele>
        <time>2026-07-31T11:12:06Z</time>
      </trkpt>
      <trkpt lat="46.353434" lon="6.166193">
        <ele>469.2</ele>
        <time>2026-07-31T11:12:07Z</time>
      </trkpt>
      <trkpt lat="46.353483" lon="6.166117">
        <ele>469.1</ele>
        <time>2026-07-31T11:12:08Z</time>
      </trkpt>
      <trkpt lat="46.353534" lon="6.166042">
        <ele>469.0</ele>
        <time>2026-07-31T11:12:09Z</time>
      </trkpt>
      <trkpt lat="46.353586" lon="6.165971">
        <ele>468.9</ele>
        <time>2026-07-31T11:12:10Z</time>
      </trkpt>
      <trkpt lat="46.35364" lon="6.165896">
        <ele>468.8</ele>
        <time>2026-07-31T11:12:11Z</time>
      </trkpt>
      <trkpt lat="46.353695" lon="6.165819">
        <ele>468.7</ele>
        <time>2026-07-31T11:12:12Z</time>
      </trkpt>
      <trkpt lat="46.353749" lon="6.165745">
        <ele>468.7</ele>
        <time>2026-07-31T11:12:13Z</time>
      </trkpt>
      <trkpt lat="46.353801" lon="6.165683">
        <ele>468.6</ele>
        <time>2026-07-31T11:12:14Z</time>
      </trkpt>
      <trkpt lat="46.353843" lon="6.165624">
        <ele>468.6</ele>
        <time>2026-07-31T11:12:15Z</time>
      </trkpt>
      <trkpt lat="46.353857" lon="6.165554">
        <ele>468.5</ele>
        <time>2026-07-31T11:12:16Z</time>
      </trkpt>
      <trkpt lat="46.353856" lon="6.165504">
        <ele>468.3</ele>
        <time>2026-07-31T11:12:17Z</time>
      </trkpt>
      <trkpt lat="46.353848" lon="6.165467">
        <ele>468.1</ele>
        <time>2026-07-31T11:12:18Z</time>
      </trkpt>
      <trkpt lat="46.353817" lon="6.165445">
        <ele>467.9</ele>
        <time>2026-07-31T11:12:19Z</time>
      </trkpt>
      <trkpt lat="46.353782" lon="6.165425">
        <ele>467.7</ele>
        <time>2026-07-31T11:12:20Z</time>
      </trkpt>
      <trkpt lat="46.353736" lon="6.165407">
        <ele>467.5</ele>
        <time>2026-07-31T11:12:21Z</time>
      </trkpt>
      <trkpt lat="46.353695" lon="6.16539">
        <ele>467.5</ele>
        <time>2026-07-31T11:12:22Z</time>
      </trkpt>
      <trkpt lat="46.353653" lon="6.165358">
        <ele>467.5</ele>
        <time>2026-07-31T11:12:23Z</time>
      </trkpt>
      <trkpt lat="46.353609" lon="6.165315">
        <ele>467.5</ele>
        <time>2026-07-31T11:12:24Z</time>
      </trkpt>
      <trkpt lat="46.353566" lon="6.165282">
        <ele>467.5</ele>
        <time>2026-07-31T11:12:25Z</time>
      </trkpt>
      <trkpt lat="46.353526" lon="6.165247">
        <ele>467.5</ele>
        <time>2026-07-31T11:12:26Z</time>
      </trkpt>
      <trkpt lat="46.353495" lon="6.165189">
        <ele>467.5</ele>
        <time>2026-07-31T11:12:27Z</time>
      </trkpt>
      <trkpt lat="46.353493" lon="6.165127">
        <ele>467.4</ele>
        <time>2026-07-31T11:12:28Z</time>
      </trkpt>
      <trkpt lat="46.353509" lon="6.165077">
        <ele>467.4</ele>
        <time>2026-07-31T11:12:29Z</time>
      </trkpt>
      <trkpt lat="46.353513" lon="6.16504">
        <ele>467.4</ele>
        <time>2026-07-31T11:12:30Z</time>
      </trkpt>
      <trkpt lat="46.353507" lon="6.164996">
        <ele>467.4</ele>
        <time>2026-07-31T11:12:31Z</time>
      </trkpt>
      <trkpt lat="46.353502" lon="6.164945">
        <ele>467.4</ele>
        <time>2026-07-31T11:12:32Z</time>
      </trkpt>
      <trkpt lat="46.3535" lon="6.16489">
        <ele>467.4</ele>
        <time>2026-07-31T11:12:33Z</time>
      </trkpt>
      <trkpt lat="46.353493" lon="6.164842">
        <ele>467.4</ele>
        <time>2026-07-31T11:12:34Z</time>
      </trkpt>
      <trkpt lat="46.353489" lon="6.164788">
        <ele>467.4</ele>
        <time>2026-07-31T11:12:35Z</time>
      </trkpt>
      <trkpt lat="46.35349" lon="6.164747">
        <ele>467.4</ele>
        <time>2026-07-31T11:12:36Z</time>
      </trkpt>
      <trkpt lat="46.353483" lon="6.164724">
        <ele>467.4</ele>
        <time>2026-07-31T11:12:37Z</time>
      </trkpt>
      <trkpt lat="46.353469" lon="6.16473">
        <ele>467.4</ele>
        <time>2026-07-31T11:12:38Z</time>
      </trkpt>
      <trkpt lat="46.353462" lon="6.164748">
        <ele>467.4</ele>
        <time>2026-07-31T11:12:39Z</time>
      </trkpt>
      <trkpt lat="46.353475" lon="6.164785">
        <ele>467.4</ele>
        <time>2026-07-31T11:12:40Z</time>
      </trkpt>
      <trkpt lat="46.353474" lon="6.164848">
        <ele>467.3</ele>
        <time>2026-07-31T11:12:41Z</time>
      </trkpt>
      <trkpt lat="46.353485" lon="6.16491">
        <ele>467.3</ele>
        <time>2026-07-31T11:12:42Z</time>
      </trkpt>
      <trkpt lat="46.353488" lon="6.164965">
        <ele>467.3</ele>
        <time>2026-07-31T11:12:43Z</time>
      </trkpt>
      <trkpt lat="46.353487" lon="6.165023">
        <ele>467.3</ele>
        <time>2026-07-31T11:12:44Z</time>
      </trkpt>
      <trkpt lat="46.353491" lon="6.165079">
        <ele>467.3</ele>
        <time>2026-07-31T11:12:45Z</time>
      </trkpt>
      <trkpt lat="46.353498" lon="6.165138">
        <ele>467.3</ele>
        <time>2026-07-31T11:12:46Z</time>
      </trkpt>
      <trkpt lat="46.353513" lon="6.165193">
        <ele>467.4</ele>
        <time>2026-07-31T11:12:47Z</time>
      </trkpt>
      <trkpt lat="46.353537" lon="6.165246">
        <ele>467.4</ele>
        <time>2026-07-31T11:12:48Z</time>
      </trkpt>
      <trkpt lat="46.353565" lon="6.165292">
        <ele>467.4</ele>
        <time>2026-07-31T11:12:49Z</time>
      </trkpt>
      <trkpt lat="46.353601" lon="6.165337">
        <ele>467.4</ele>
        <time>2026-07-31T11:12:50Z</time>
      </trkpt>
      <trkpt lat="46.353639" lon="6.165372">
        <ele>467.5</ele>
        <time>2026-07-31T11:12:51Z</time>
      </trkpt>
      <trkpt lat="46.353681" lon="6.165397">
        <ele>467.5</ele>
        <time>2026-07-31T11:12:52Z</time>
      </trkpt>
      <trkpt lat="46.353723" lon="6.16542">
        <ele>467.5</ele>
        <time>2026-07-31T11:12:53Z</time>
      </trkpt>
      <trkpt lat="46.353762" lon="6.165453">
        <ele>467.7</ele>
        <time>2026-07-31T11:12:54Z</time>
      </trkpt>
      <trkpt lat="46.353802" lon="6.165486">
        <ele>468.0</ele>
        <time>2026-07-31T11:12:55Z</time>
      </trkpt>
      <trkpt lat="46.353835" lon="6.165525">
        <ele>468.2</ele>
        <time>2026-07-31T11:12:56Z</time>
      </trkpt>
      <trkpt lat="46.353859" lon="6.165564">
        <ele>468.5</ele>
        <time>2026-07-31T11:12:57Z</time>
      </trkpt>
      <trkpt lat="46.353884" lon="6.165574">
        <ele>468.5</ele>
        <time>2026-07-31T11:12:58Z</time>
      </trkpt>
      <trkpt lat="46.353922" lon="6.165584">
        <ele>468.6</ele>
        <time>2026-07-31T11:12:59Z</time>
      </trkpt>
      <trkpt lat="46.353971" lon="6.165603">
        <ele>468.6</ele>
        <time>2026-07-31T11:13:00Z</time>
      </trkpt>
      <trkpt lat="46.354022" lon="6.16563">
        <ele>468.7</ele>
        <time>2026-07-31T11:13:01Z</time>
      </trkpt>
      <trkpt lat="46.354078" lon="6.165654">
        <ele>468.7</ele>
        <time>2026-07-31T11:13:02Z</time>
      </trkpt>
      <trkpt lat="46.354132" lon="6.165681">
        <ele>468.8</ele>
        <time>2026-07-31T11:13:03Z</time>
      </trkpt>
      <trkpt lat="46.354184" lon="6.16572">
        <ele>468.9</ele>
        <time>2026-07-31T11:13:04Z</time>
      </trkpt>
      <trkpt lat="46.354234" lon="6.165763">
        <ele>468.9</ele>
        <time>2026-07-31T11:13:05Z</time>
      </trkpt>
      <trkpt lat="46.354289" lon="6.1658">
        <ele>469.0</ele>
        <time>2026-07-31T11:13:06Z</time>
      </trkpt>
      <trkpt lat="46.354347" lon="6.165824">
        <ele>469.1</ele>
        <time>2026-07-31T11:13:07Z</time>
      </trkpt>
      <trkpt lat="46.354403" lon="6.165848">
        <ele>469.1</ele>
        <time>2026-07-31T11:13:08Z</time>
      </trkpt>
      <trkpt lat="46.354458" lon="6.16587">
        <ele>469.2</ele>
        <time>2026-07-31T11:13:09Z</time>
      </trkpt>
      <trkpt lat="46.354512" lon="6.165885">
        <ele>469.3</ele>
        <time>2026-07-31T11:13:10Z</time>
      </trkpt>
      <trkpt lat="46.354538" lon="6.165896">
        <ele>469.3</ele>
        <time>2026-07-31T11:13:11Z</time>
      </trkpt>
      <trkpt lat="46.354543" lon="6.165889">
        <ele>469.3</ele>
        <time>2026-07-31T11:13:12Z</time>
      </trkpt>
      <trkpt lat="46.354535" lon="6.165867">
        <ele>469.3</ele>
        <time>2026-07-31T11:13:13Z</time>
      </trkpt>
      <trkpt lat="46.354522" lon="6.165854">
        <ele>469.4</ele>
        <time>2026-07-31T11:13:14Z</time>
      </trkpt>
      <trkpt lat="46.354505" lon="6.165856">
        <ele>469.4</ele>
        <time>2026-07-31T11:13:15Z</time>
      </trkpt>
      <trkpt lat="46.354475" lon="6.165877">
        <ele>469.4</ele>
        <time>2026-07-31T11:13:16Z</time>
      </trkpt>
      <trkpt lat="46.354446" lon="6.165925">
        <ele>469.5</ele>
        <time>2026-07-31T11:13:17Z</time>
      </trkpt>
      <trkpt lat="46.354415" lon="6.165985">
        <ele>469.6</ele>
        <time>2026-07-31T11:13:18Z</time>
      </trkpt>
      <trkpt lat="46.354401" lon="6.166048">
        <ele>469.7</ele>
        <time>2026-07-31T11:13:19Z</time>
      </trkpt>
      <trkpt lat="46.354384" lon="6.16612">
        <ele>469.8</ele>
        <time>2026-07-31T11:13:20Z</time>
      </trkpt>
      <trkpt lat="46.35438" lon="6.166191">
        <ele>469.9</ele>
        <time>2026-07-31T11:13:21Z</time>
      </trkpt>
      <trkpt lat="46.354374" lon="6.166261">
        <ele>470.0</ele>
        <time>2026-07-31T11:13:22Z</time>
      </trkpt>
      <trkpt lat="46.354358" lon="6.16632">
        <ele>470.1</ele>
        <time>2026-07-31T11:13:23Z</time>
      </trkpt>
      <trkpt lat="46.354348" lon="6.166377">
        <ele>470.2</ele>
        <time>2026-07-31T11:13:24Z</time>
      </trkpt>
      <trkpt lat="46.354333" lon="6.166427">
        <ele>470.2</ele>
        <time>2026-07-31T11:13:25Z</time>
      </trkpt>
      <trkpt lat="46.35431" lon="6.166466">
        <ele>470.3</ele>
        <time>2026-07-31T11:13:26Z</time>
      </trkpt>
      <trkpt lat="46.354302" lon="6.166496">
        <ele>470.3</ele>
        <time>2026-07-31T11:13:27Z</time>
      </trkpt>
      <trkpt lat="46.354309" lon="6.166511">
        <ele>470.3</ele>
        <time>2026-07-31T11:13:28Z</time>
      </trkpt>
      <trkpt lat="46.354319" lon="6.166504">
        <ele>470.3</ele>
        <time>2026-07-31T11:13:29Z</time>
      </trkpt>
      <trkpt lat="46.354325" lon="6.166492">
        <ele>470.3</ele>
        <time>2026-07-31T11:13:30Z</time>
      </trkpt>
      <trkpt lat="46.354324" lon="6.166488">
        <ele>470.3</ele>
        <time>2026-07-31T11:13:31Z</time>
      </trkpt>
      <trkpt lat="46.354324" lon="6.166493">
        <ele>470.3</ele>
        <time>2026-07-31T11:13:32Z</time>
      </trkpt>
      <trkpt lat="46.354324" lon="6.166495">
        <ele>470.3</ele>
        <time>2026-07-31T11:13:33Z</time>
      </trkpt>
      <trkpt lat="46.354326" lon="6.166496">
        <ele>470.3</ele>
        <time>2026-07-31T11:13:34Z</time>
      </trkpt>
      <trkpt lat="46.354329" lon="6.166495">
        <ele>470.3</ele>
        <time>2026-07-31T11:13:35Z</time>
      </trkpt>
      <trkpt lat="46.354332" lon="6.166494">
        <ele>470.3</ele>
        <time>2026-07-31T11:13:36Z</time>
      </trkpt>
      <trkpt lat="46.354328" lon="6.166499">
        <ele>470.3</ele>
        <time>2026-07-31T11:13:37Z</time>
      </trkpt>
      <trkpt lat="46.354334" lon="6.166511">
        <ele>470.4</ele>
        <time>2026-07-31T11:13:38Z</time>
      </trkpt>
      <trkpt lat="46.35435" lon="6.166519">
        <ele>470.4</ele>
        <time>2026-07-31T11:13:39Z</time>
      </trkpt>
      <trkpt lat="46.354359" lon="6.166524">
        <ele>470.4</ele>
        <time>2026-07-31T11:13:40Z</time>
      </trkpt>
      <trkpt lat="46.354361" lon="6.166528">
        <ele>470.4</ele>
        <time>2026-07-31T11:13:41Z</time>
      </trkpt>
      <trkpt lat="46.354354" lon="6.166519">
        <ele>470.4</ele>
        <time>2026-07-31T11:13:42Z</time>
      </trkpt>
      <trkpt lat="46.354351" lon="6.166509">
        <ele>470.4</ele>
        <time>2026-07-31T11:13:43Z</time>
      </trkpt>
      <trkpt lat="46.354348" lon="6.16651">
        <ele>470.4</ele>
        <time>2026-07-31T11:13:44Z</time>
      </trkpt>
      <trkpt lat="46.354347" lon="6.166512">
        <ele>470.4</ele>
        <time>2026-07-31T11:13:45Z</time>
      </trkpt>
      <trkpt lat="46.354346" lon="6.166522">
        <ele>470.4</ele>
        <time>2026-07-31T11:13:46Z</time>
      </trkpt>
      <trkpt lat="46.354347" lon="6.166526">
        <ele>470.4</ele>
        <time>2026-07-31T11:13:47Z</time>
      </trkpt>
      <trkpt lat="46.354348" lon="6.166534">
        <ele>470.4</ele>
        <time>2026-07-31T11:13:48Z</time>
      </trkpt>
      <trkpt lat="46.354347" lon="6.166532">
        <ele>470.4</ele>
        <time>2026-07-31T11:13:49Z</time>
      </trkpt>
      <trkpt lat="46.354345" lon="6.166527">
        <ele>470.4</ele>
        <time>2026-07-31T11:13:50Z</time>
      </trkpt>
      <trkpt lat="46.354336" lon="6.166524">
        <ele>470.4</ele>
        <time>2026-07-31T11:13:51Z</time>
      </trkpt>
      <trkpt lat="46.35433" lon="6.16652">
        <ele>470.4</ele>
        <time>2026-07-31T11:13:52Z</time>
      </trkpt>
      <trkpt lat="46.354327" lon="6.166526">
        <ele>470.4</ele>
        <time>2026-07-31T11:13:53Z</time>
      </trkpt>
      <trkpt lat="46.354327" lon="6.166534">
        <ele>470.4</ele>
        <time>2026-07-31T11:13:54Z</time>
      </trkpt>
      <trkpt lat="46.354324" lon="6.166533">
        <ele>470.4</ele>
        <time>2026-07-31T11:13:55Z</time>
      </trkpt>
      <trkpt lat="46.354321" lon="6.166541">
        <ele>470.4</ele>
        <time>2026-07-31T11:13:56Z</time>
      </trkpt>
      <trkpt lat="46.354314" lon="6.166539">
        <ele>470.4</ele>
        <time>2026-07-31T11:13:57Z</time>
      </trkpt>
      <trkpt lat="46.354306" lon="6.166531">
        <ele>470.4</ele>
        <time>2026-07-31T11:13:58Z</time>
      </trkpt>
      <trkpt lat="46.354306" lon="6.166531">
        <ele>470.4</ele>
        <time>2026-07-31T11:13:59Z</time>
      </trkpt>
      <trkpt lat="46.354302" lon="6.166538">
        <ele>470.4</ele>
        <time>2026-07-31T11:14:00Z</time>
      </trkpt>
      <trkpt lat="46.354297" lon="6.166538">
        <ele>470.4</ele>
        <time>2026-07-31T11:14:01Z</time>
      </trkpt>
      <trkpt lat="46.354287" lon="6.166529">
        <ele>470.4</ele>
        <time>2026-07-31T11:14:02Z</time>
      </trkpt>
      <trkpt lat="46.354279" lon="6.16653">
        <ele>470.5</ele>
        <time>2026-07-31T11:14:03Z</time>
      </trkpt>
      <trkpt lat="46.354285" lon="6.166533">
        <ele>470.5</ele>
        <time>2026-07-31T11:14:04Z</time>
      </trkpt>
      <trkpt lat="46.354286" lon="6.166538">
        <ele>470.5</ele>
        <time>2026-07-31T11:14:05Z</time>
      </trkpt>
      <trkpt lat="46.354283" lon="6.166535">
        <ele>470.5</ele>
        <time>2026-07-31T11:14:06Z</time>
      </trkpt>
      <trkpt lat="46.354281" lon="6.166533">
        <ele>470.5</ele>
        <time>2026-07-31T11:14:07Z</time>
      </trkpt>
      <trkpt lat="46.354281" lon="6.166535">
        <ele>470.5</ele>
        <time>2026-07-31T11:14:08Z</time>
      </trkpt>
      <trkpt lat="46.354294" lon="6.166543">
        <ele>470.5</ele>
        <time>2026-07-31T11:14:09Z</time>
      </trkpt>
      <trkpt lat="46.354302" lon="6.166573">
        <ele>470.5</ele>
        <time>2026-07-31T11:14:10Z</time>
      </trkpt>
      <trkpt lat="46.354312" lon="6.166594">
        <ele>470.5</ele>
        <time>2026-07-31T11:14:11Z</time>
      </trkpt>
      <trkpt lat="46.354331" lon="6.166605">
        <ele>470.5</ele>
        <time>2026-07-31T11:14:12Z</time>
      </trkpt>
      <trkpt lat="46.35431" lon="6.166569">
        <ele>470.5</ele>
        <time>2026-07-31T11:14:13Z</time>
      </trkpt>
      <trkpt lat="46.354303" lon="6.166553">
        <ele>470.5</ele>
        <time>2026-07-31T11:14:14Z</time>
      </trkpt>
      <trkpt lat="46.354308" lon="6.166537">
        <ele>470.4</ele>
        <time>2026-07-31T11:14:15Z</time>
      </trkpt>
      <trkpt lat="46.354314" lon="6.166531">
        <ele>470.4</ele>
        <time>2026-07-31T11:14:16Z</time>
      </trkpt>
      <trkpt lat="46.35431" lon="6.166526">
        <ele>470.4</ele>
        <time>2026-07-31T11:14:17Z</time>
      </trkpt>
      <trkpt lat="46.354307" lon="6.166528">
        <ele>470.4</ele>
        <time>2026-07-31T11:14:18Z</time>
      </trkpt>
      <trkpt lat="46.354305" lon="6.16653">
        <ele>470.4</ele>
        <time>2026-07-31T11:14:19Z</time>
      </trkpt>
      <trkpt lat="46.354304" lon="6.166528">
        <ele>470.4</ele>
        <time>2026-07-31T11:14:20Z</time>
      </trkpt>
      <trkpt lat="46.354306" lon="6.166517">
        <ele>470.4</ele>
        <time>2026-07-31T11:14:21Z</time>
      </trkpt>
      <trkpt lat="46.354313" lon="6.166506">
        <ele>470.4</ele>
        <time>2026-07-31T11:14:22Z</time>
      </trkpt>
      <trkpt lat="46.35432" lon="6.166506">
        <ele>470.4</ele>
        <time>2026-07-31T11:14:23Z</time>
      </trkpt>
      <trkpt lat="46.354323" lon="6.166503">
        <ele>470.4</ele>
        <time>2026-07-31T11:14:24Z</time>
      </trkpt>
      <trkpt lat="46.354328" lon="6.166501">
        <ele>470.4</ele>
        <time>2026-07-31T11:14:25Z</time>
      </trkpt>
      <trkpt lat="46.354331" lon="6.1665">
        <ele>470.3</ele>
        <time>2026-07-31T11:14:26Z</time>
      </trkpt>
      <trkpt lat="46.354334" lon="6.166497">
        <ele>470.3</ele>
        <time>2026-07-31T11:14:27Z</time>
      </trkpt>
      <trkpt lat="46.354335" lon="6.166493">
        <ele>470.3</ele>
        <time>2026-07-31T11:14:28Z</time>
      </trkpt>
      <trkpt lat="46.354336" lon="6.166495">
        <ele>470.3</ele>
        <time>2026-07-31T11:14:29Z</time>
      </trkpt>
      <trkpt lat="46.354333" lon="6.166496">
        <ele>470.3</ele>
        <time>2026-07-31T11:14:30Z</time>
      </trkpt>
      <trkpt lat="46.354327" lon="6.166489">
        <ele>470.3</ele>
        <time>2026-07-31T11:14:31Z</time>
      </trkpt>
      <trkpt lat="46.354324" lon="6.166483">
        <ele>470.3</ele>
        <time>2026-07-31T11:14:32Z</time>
      </trkpt>
      <trkpt lat="46.354323" lon="6.16648">
        <ele>470.3</ele>
        <time>2026-07-31T11:14:33Z</time>
      </trkpt>
      <trkpt lat="46.354318" lon="6.166474">
        <ele>470.3</ele>
        <time>2026-07-31T11:14:34Z</time>
      </trkpt>
      <trkpt lat="46.354317" lon="6.166441">
        <ele>470.3</ele>
        <time>2026-07-31T11:14:35Z</time>
      </trkpt>
      <trkpt lat="46.354325" lon="6.166413">
        <ele>470.2</ele>
        <time>2026-07-31T11:14:36Z</time>
      </trkpt>
      <trkpt lat="46.354339" lon="6.166372">
        <ele>470.1</ele>
        <time>2026-07-31T11:14:37Z</time>
      </trkpt>
      <trkpt lat="46.35435" lon="6.166332">
        <ele>470.1</ele>
        <time>2026-07-31T11:14:38Z</time>
      </trkpt>
      <trkpt lat="46.354359" lon="6.166299">
        <ele>470.0</ele>
        <time>2026-07-31T11:14:39Z</time>
      </trkpt>
      <trkpt lat="46.354367" lon="6.166252">
        <ele>470.0</ele>
        <time>2026-07-31T11:14:40Z</time>
      </trkpt>
      <trkpt lat="46.354384" lon="6.166194">
        <ele>469.9</ele>
        <time>2026-07-31T11:14:41Z</time>
      </trkpt>
      <trkpt lat="46.354399" lon="6.16614">
        <ele>469.8</ele>
        <time>2026-07-31T11:14:42Z</time>
      </trkpt>
      <trkpt lat="46.354405" lon="6.166068">
        <ele>469.6</ele>
        <time>2026-07-31T11:14:43Z</time>
      </trkpt>
      <trkpt lat="46.354414" lon="6.165994">
        <ele>469.5</ele>
        <time>2026-07-31T11:14:44Z</time>
      </trkpt>
      <trkpt lat="46.354434" lon="6.165925">
        <ele>469.4</ele>
        <time>2026-07-31T11:14:45Z</time>
      </trkpt>
      <trkpt lat="46.354475" lon="6.165891">
        <ele>469.3</ele>
        <time>2026-07-31T11:14:46Z</time>
      </trkpt>
      <trkpt lat="46.354531" lon="6.165896">
        <ele>469.4</ele>
        <time>2026-07-31T11:14:47Z</time>
      </trkpt>
      <trkpt lat="46.354592" lon="6.16593">
        <ele>469.5</ele>
        <time>2026-07-31T11:14:48Z</time>
      </trkpt>
      <trkpt lat="46.354649" lon="6.16596">
        <ele>469.6</ele>
        <time>2026-07-31T11:14:49Z</time>
      </trkpt>
      <trkpt lat="46.354708" lon="6.165978">
        <ele>469.8</ele>
        <time>2026-07-31T11:14:50Z</time>
      </trkpt>
      <trkpt lat="46.354766" lon="6.165999">
        <ele>470.0</ele>
        <time>2026-07-31T11:14:51Z</time>
      </trkpt>
      <trkpt lat="46.354824" lon="6.166014">
        <ele>470.1</ele>
        <time>2026-07-31T11:14:52Z</time>
      </trkpt>
      <trkpt lat="46.354879" lon="6.166033">
        <ele>470.3</ele>
        <time>2026-07-31T11:14:53Z</time>
      </trkpt>
      <trkpt lat="46.354931" lon="6.16606">
        <ele>470.4</ele>
        <time>2026-07-31T11:14:54Z</time>
      </trkpt>
      <trkpt lat="46.354985" lon="6.166093">
        <ele>470.6</ele>
        <time>2026-07-31T11:14:55Z</time>
      </trkpt>
      <trkpt lat="46.355042" lon="6.166107">
        <ele>470.7</ele>
        <time>2026-07-31T11:14:56Z</time>
      </trkpt>
      <trkpt lat="46.355102" lon="6.166111">
        <ele>470.9</ele>
        <time>2026-07-31T11:14:57Z</time>
      </trkpt>
      <trkpt lat="46.355161" lon="6.166121">
        <ele>471.0</ele>
        <time>2026-07-31T11:14:58Z</time>
      </trkpt>
      <trkpt lat="46.355219" lon="6.166127">
        <ele>471.2</ele>
        <time>2026-07-31T11:14:59Z</time>
      </trkpt>
      <trkpt lat="46.355277" lon="6.166119">
        <ele>471.3</ele>
        <time>2026-07-31T11:15:00Z</time>
      </trkpt>
      <trkpt lat="46.35533" lon="6.166089">
        <ele>471.4</ele>
        <time>2026-07-31T11:15:01Z</time>
      </trkpt>
      <trkpt lat="46.355379" lon="6.166043">
        <ele>471.6</ele>
        <time>2026-07-31T11:15:02Z</time>
      </trkpt>
      <trkpt lat="46.355418" lon="6.165981">
        <ele>471.7</ele>
        <time>2026-07-31T11:15:03Z</time>
      </trkpt>
      <trkpt lat="46.355456" lon="6.165918">
        <ele>471.9</ele>
        <time>2026-07-31T11:15:04Z</time>
      </trkpt>
      <trkpt lat="46.355492" lon="6.165858">
        <ele>472.0</ele>
        <time>2026-07-31T11:15:05Z</time>
      </trkpt>
      <trkpt lat="46.355526" lon="6.165792">
        <ele>472.1</ele>
        <time>2026-07-31T11:15:06Z</time>
      </trkpt>
      <trkpt lat="46.35556" lon="6.165725">
        <ele>472.3</ele>
        <time>2026-07-31T11:15:07Z</time>
      </trkpt>
      <trkpt lat="46.355599" lon="6.165646">
        <ele>472.4</ele>
        <time>2026-07-31T11:15:08Z</time>
      </trkpt>
      <trkpt lat="46.355631" lon="6.165579">
        <ele>472.5</ele>
        <time>2026-07-31T11:15:09Z</time>
      </trkpt>
      <trkpt lat="46.355668" lon="6.165511">
        <ele>472.6</ele>
        <time>2026-07-31T11:15:10Z</time>
      </trkpt>
      <trkpt lat="46.355709" lon="6.16545">
        <ele>472.7</ele>
        <time>2026-07-31T11:15:11Z</time>
      </trkpt>
      <trkpt lat="46.355746" lon="6.165393">
        <ele>472.8</ele>
        <time>2026-07-31T11:15:12Z</time>
      </trkpt>
      <trkpt lat="46.355786" lon="6.165338">
        <ele>472.9</ele>
        <time>2026-07-31T11:15:13Z</time>
      </trkpt>
      <trkpt lat="46.355838" lon="6.165289">
        <ele>473.0</ele>
        <time>2026-07-31T11:15:14Z</time>
      </trkpt>
      <trkpt lat="46.355874" lon="6.165234">
        <ele>472.8</ele>
        <time>2026-07-31T11:15:15Z</time>
      </trkpt>
      <trkpt lat="46.355896" lon="6.165181">
        <ele>472.6</ele>
        <time>2026-07-31T11:15:16Z</time>
      </trkpt>
      <trkpt lat="46.355899" lon="6.165117">
        <ele>472.2</ele>
        <time>2026-07-31T11:15:17Z</time>
      </trkpt>
      <trkpt lat="46.355888" lon="6.165041">
        <ele>471.9</ele>
        <time>2026-07-31T11:15:18Z</time>
      </trkpt>
      <trkpt lat="46.35587" lon="6.164956">
        <ele>471.5</ele>
        <time>2026-07-31T11:15:19Z</time>
      </trkpt>
      <trkpt lat="46.35585" lon="6.164875">
        <ele>471.2</ele>
        <time>2026-07-31T11:15:20Z</time>
      </trkpt>
      <trkpt lat="46.355822" lon="6.164794">
        <ele>471.0</ele>
        <time>2026-07-31T11:15:21Z</time>
      </trkpt>
      <trkpt lat="46.355781" lon="6.164718">
        <ele>470.8</ele>
        <time>2026-07-31T11:15:22Z</time>
      </trkpt>
      <trkpt lat="46.355733" lon="6.164647">
        <ele>470.6</ele>
        <time>2026-07-31T11:15:23Z</time>
      </trkpt>
      <trkpt lat="46.355685" lon="6.164574">
        <ele>470.4</ele>
        <time>2026-07-31T11:15:24Z</time>
      </trkpt>
      <trkpt lat="46.355638" lon="6.164495">
        <ele>470.3</ele>
        <time>2026-07-31T11:15:25Z</time>
      </trkpt>
      <trkpt lat="46.355591" lon="6.164409">
        <ele>470.1</ele>
        <time>2026-07-31T11:15:26Z</time>
      </trkpt>
      <trkpt lat="46.355546" lon="6.164334">
        <ele>470.0</ele>
        <time>2026-07-31T11:15:27Z</time>
      </trkpt>
      <trkpt lat="46.355503" lon="6.16425">
        <ele>469.9</ele>
        <time>2026-07-31T11:15:28Z</time>
      </trkpt>
      <trkpt lat="46.355464" lon="6.16416">
        <ele>469.7</ele>
        <time>2026-07-31T11:15:29Z</time>
      </trkpt>
      <trkpt lat="46.355424" lon="6.164076">
        <ele>469.6</ele>
        <time>2026-07-31T11:15:30Z</time>
      </trkpt>
      <trkpt lat="46.355385" lon="6.163992">
        <ele>469.5</ele>
        <time>2026-07-31T11:15:31Z</time>
      </trkpt>
      <trkpt lat="46.355344" lon="6.163898">
        <ele>469.4</ele>
        <time>2026-07-31T11:15:32Z</time>
      </trkpt>
      <trkpt lat="46.355305" lon="6.163823">
        <ele>469.3</ele>
        <time>2026-07-31T11:15:33Z</time>
      </trkpt>
      <trkpt lat="46.355263" lon="6.163746">
        <ele>469.2</ele>
        <time>2026-07-31T11:15:34Z</time>
      </trkpt>
      <trkpt lat="46.355221" lon="6.163664">
        <ele>469.1</ele>
        <time>2026-07-31T11:15:35Z</time>
      </trkpt>
      <trkpt lat="46.355173" lon="6.163577">
        <ele>469.0</ele>
        <time>2026-07-31T11:15:36Z</time>
      </trkpt>
      <trkpt lat="46.355129" lon="6.163501">
        <ele>469.0</ele>
        <time>2026-07-31T11:15:37Z</time>
      </trkpt>
      <trkpt lat="46.355088" lon="6.163412">
        <ele>468.9</ele>
        <time>2026-07-31T11:15:38Z</time>
      </trkpt>
      <trkpt lat="46.355054" lon="6.163342">
        <ele>468.8</ele>
        <time>2026-07-31T11:15:39Z</time>
      </trkpt>
      <trkpt lat="46.355007" lon="6.163274">
        <ele>468.8</ele>
        <time>2026-07-31T11:15:40Z</time>
      </trkpt>
      <trkpt lat="46.354955" lon="6.16321">
        <ele>468.7</ele>
        <time>2026-07-31T11:15:41Z</time>
      </trkpt>
      <trkpt lat="46.354893" lon="6.163157">
        <ele>468.7</ele>
        <time>2026-07-31T11:15:42Z</time>
      </trkpt>
      <trkpt lat="46.354844" lon="6.163104">
        <ele>468.7</ele>
        <time>2026-07-31T11:15:43Z</time>
      </trkpt>
      <trkpt lat="46.3548" lon="6.163053">
        <ele>468.6</ele>
        <time>2026-07-31T11:15:44Z</time>
      </trkpt>
      <trkpt lat="46.354746" lon="6.163014">
        <ele>468.6</ele>
        <time>2026-07-31T11:15:45Z</time>
      </trkpt>
      <trkpt lat="46.354693" lon="6.162973">
        <ele>468.6</ele>
        <time>2026-07-31T11:15:46Z</time>
      </trkpt>
      <trkpt lat="46.354638" lon="6.162931">
        <ele>468.6</ele>
        <time>2026-07-31T11:15:47Z</time>
      </trkpt>
      <trkpt lat="46.354588" lon="6.162886">
        <ele>468.5</ele>
        <time>2026-07-31T11:15:48Z</time>
      </trkpt>
      <trkpt lat="46.354537" lon="6.162839">
        <ele>468.5</ele>
        <time>2026-07-31T11:15:49Z</time>
      </trkpt>
      <trkpt lat="46.354494" lon="6.162785">
        <ele>468.4</ele>
        <time>2026-07-31T11:15:50Z</time>
      </trkpt>
      <trkpt lat="46.354438" lon="6.162746">
        <ele>468.3</ele>
        <time>2026-07-31T11:15:51Z</time>
      </trkpt>
      <trkpt lat="46.354387" lon="6.162694">
        <ele>468.2</ele>
        <time>2026-07-31T11:15:52Z</time>
      </trkpt>
      <trkpt lat="46.354335" lon="6.162658">
        <ele>468.1</ele>
        <time>2026-07-31T11:15:53Z</time>
      </trkpt>
      <trkpt lat="46.354277" lon="6.16261">
        <ele>468.0</ele>
        <time>2026-07-31T11:15:54Z</time>
      </trkpt>
      <trkpt lat="46.354224" lon="6.162562">
        <ele>467.8</ele>
        <time>2026-07-31T11:15:55Z</time>
      </trkpt>
      <trkpt lat="46.354168" lon="6.162516">
        <ele>467.7</ele>
        <time>2026-07-31T11:15:56Z</time>
      </trkpt>
      <trkpt lat="46.35411" lon="6.16247">
        <ele>467.5</ele>
        <time>2026-07-31T11:15:57Z</time>
      </trkpt>
      <trkpt lat="46.354056" lon="6.162419">
        <ele>467.4</ele>
        <time>2026-07-31T11:15:58Z</time>
      </trkpt>
      <trkpt lat="46.354001" lon="6.162365">
        <ele>467.2</ele>
        <time>2026-07-31T11:15:59Z</time>
      </trkpt>
      <trkpt lat="46.353943" lon="6.162313">
        <ele>467.0</ele>
        <time>2026-07-31T11:16:00Z</time>
      </trkpt>
      <trkpt lat="46.353886" lon="6.162257">
        <ele>466.9</ele>
        <time>2026-07-31T11:16:01Z</time>
      </trkpt>
      <trkpt lat="46.353823" lon="6.162204">
        <ele>466.8</ele>
        <time>2026-07-31T11:16:02Z</time>
      </trkpt>
      <trkpt lat="46.353764" lon="6.16215">
        <ele>466.7</ele>
        <time>2026-07-31T11:16:03Z</time>
      </trkpt>
      <trkpt lat="46.35371" lon="6.162108">
        <ele>466.6</ele>
        <time>2026-07-31T11:16:04Z</time>
      </trkpt>
      <trkpt lat="46.353655" lon="6.162052">
        <ele>466.5</ele>
        <time>2026-07-31T11:16:05Z</time>
      </trkpt>
      <trkpt lat="46.353604" lon="6.162011">
        <ele>466.4</ele>
        <time>2026-07-31T11:16:06Z</time>
      </trkpt>
      <trkpt lat="46.353554" lon="6.16197">
        <ele>466.3</ele>
        <time>2026-07-31T11:16:07Z</time>
      </trkpt>
      <trkpt lat="46.353498" lon="6.161958">
        <ele>466.5</ele>
        <time>2026-07-31T11:16:08Z</time>
      </trkpt>
      <trkpt lat="46.353446" lon="6.161949">
        <ele>466.6</ele>
        <time>2026-07-31T11:16:09Z</time>
      </trkpt>
      <trkpt lat="46.353398" lon="6.161931">
        <ele>466.8</ele>
        <time>2026-07-31T11:16:10Z</time>
      </trkpt>
      <trkpt lat="46.353345" lon="6.161925">
        <ele>466.9</ele>
        <time>2026-07-31T11:16:11Z</time>
      </trkpt>
      <trkpt lat="46.353299" lon="6.161906">
        <ele>467.0</ele>
        <time>2026-07-31T11:16:12Z</time>
      </trkpt>
      <trkpt lat="46.353257" lon="6.161887">
        <ele>467.1</ele>
        <time>2026-07-31T11:16:13Z</time>
      </trkpt>
      <trkpt lat="46.353222" lon="6.161862">
        <ele>467.2</ele>
        <time>2026-07-31T11:16:14Z</time>
      </trkpt>
      <trkpt lat="46.353189" lon="6.161844">
        <ele>467.2</ele>
        <time>2026-07-31T11:16:15Z</time>
      </trkpt>
      <trkpt lat="46.353152" lon="6.161824">
        <ele>467.3</ele>
        <time>2026-07-31T11:16:16Z</time>
      </trkpt>
      <trkpt lat="46.353121" lon="6.161801">
        <ele>467.4</ele>
        <time>2026-07-31T11:16:17Z</time>
      </trkpt>
      <trkpt lat="46.353091" lon="6.1618">
        <ele>467.4</ele>
        <time>2026-07-31T11:16:18Z</time>
      </trkpt>
      <trkpt lat="46.353065" lon="6.161817">
        <ele>467.5</ele>
        <time>2026-07-31T11:16:19Z</time>
      </trkpt>
      <trkpt lat="46.353045" lon="6.161841">
        <ele>467.5</ele>
        <time>2026-07-31T11:16:20Z</time>
      </trkpt>
      <trkpt lat="46.353037" lon="6.161864">
        <ele>467.5</ele>
        <time>2026-07-31T11:16:21Z</time>
      </trkpt>
      <trkpt lat="46.353023" lon="6.161895">
        <ele>467.5</ele>
        <time>2026-07-31T11:16:22Z</time>
      </trkpt>
      <trkpt lat="46.353007" lon="6.1619">
        <ele>467.5</ele>
        <time>2026-07-31T11:16:23Z</time>
      </trkpt>
      <trkpt lat="46.352992" lon="6.161896">
        <ele>467.6</ele>
        <time>2026-07-31T11:16:24Z</time>
      </trkpt>
      <trkpt lat="46.352965" lon="6.161895">
        <ele>467.6</ele>
        <time>2026-07-31T11:16:25Z</time>
      </trkpt>
      <trkpt lat="46.352945" lon="6.161887">
        <ele>467.6</ele>
        <time>2026-07-31T11:16:26Z</time>
      </trkpt>
      <trkpt lat="46.35292" lon="6.161865">
        <ele>467.7</ele>
        <time>2026-07-31T11:16:27Z</time>
      </trkpt>
      <trkpt lat="46.352877" lon="6.161839">
        <ele>467.7</ele>
        <time>2026-07-31T11:16:28Z</time>
      </trkpt>
      <trkpt lat="46.35284" lon="6.161816">
        <ele>467.7</ele>
        <time>2026-07-31T11:16:29Z</time>
      </trkpt>
      <trkpt lat="46.352801" lon="6.161773">
        <ele>467.8</ele>
        <time>2026-07-31T11:16:30Z</time>
      </trkpt>
      <trkpt lat="46.352765" lon="6.161713">
        <ele>467.8</ele>
        <time>2026-07-31T11:16:31Z</time>
      </trkpt>
      <trkpt lat="46.352728" lon="6.16167">
        <ele>467.8</ele>
        <time>2026-07-31T11:16:32Z</time>
      </trkpt>
      <trkpt lat="46.352689" lon="6.161597">
        <ele>467.9</ele>
        <time>2026-07-31T11:16:33Z</time>
      </trkpt>
      <trkpt lat="46.35265" lon="6.161528">
        <ele>467.9</ele>
        <time>2026-07-31T11:16:34Z</time>
      </trkpt>
      <trkpt lat="46.352614" lon="6.161462">
        <ele>467.9</ele>
        <time>2026-07-31T11:16:35Z</time>
      </trkpt>
      <trkpt lat="46.352581" lon="6.161408">
        <ele>467.9</ele>
        <time>2026-07-31T11:16:36Z</time>
      </trkpt>
      <trkpt lat="46.352544" lon="6.16136">
        <ele>467.9</ele>
        <time>2026-07-31T11:16:37Z</time>
      </trkpt>
      <trkpt lat="46.352502" lon="6.161309">
        <ele>467.9</ele>
        <time>2026-07-31T11:16:38Z</time>
      </trkpt>
      <trkpt lat="46.352457" lon="6.161243">
        <ele>467.9</ele>
        <time>2026-07-31T11:16:39Z</time>
      </trkpt>
      <trkpt lat="46.352412" lon="6.161173">
        <ele>467.9</ele>
        <time>2026-07-31T11:16:40Z</time>
      </trkpt>
      <trkpt lat="46.352369" lon="6.161102">
        <ele>467.9</ele>
        <time>2026-07-31T11:16:41Z</time>
      </trkpt>
      <trkpt lat="46.352319" lon="6.161044">
        <ele>467.9</ele>
        <time>2026-07-31T11:16:42Z</time>
      </trkpt>
      <trkpt lat="46.352269" lon="6.160983">
        <ele>468.0</ele>
        <time>2026-07-31T11:16:43Z</time>
      </trkpt>
      <trkpt lat="46.352224" lon="6.160922">
        <ele>468.0</ele>
        <time>2026-07-31T11:16:44Z</time>
      </trkpt>
      <trkpt lat="46.352172" lon="6.160862">
        <ele>468.1</ele>
        <time>2026-07-31T11:16:45Z</time>
      </trkpt>
      <trkpt lat="46.352118" lon="6.160799">
        <ele>468.1</ele>
        <time>2026-07-31T11:16:46Z</time>
      </trkpt>
      <trkpt lat="46.352068" lon="6.160744">
        <ele>468.2</ele>
        <time>2026-07-31T11:16:47Z</time>
      </trkpt>
      <trkpt lat="46.352016" lon="6.160685">
        <ele>468.2</ele>
        <time>2026-07-31T11:16:48Z</time>
      </trkpt>
      <trkpt lat="46.351965" lon="6.160625">
        <ele>468.2</ele>
        <time>2026-07-31T11:16:49Z</time>
      </trkpt>
      <trkpt lat="46.351914" lon="6.160572">
        <ele>468.2</ele>
        <time>2026-07-31T11:16:50Z</time>
      </trkpt>
      <trkpt lat="46.351862" lon="6.160516">
        <ele>468.2</ele>
        <time>2026-07-31T11:16:51Z</time>
      </trkpt>
      <trkpt lat="46.351808" lon="6.160453">
        <ele>468.2</ele>
        <time>2026-07-31T11:16:52Z</time>
      </trkpt>
      <trkpt lat="46.351754" lon="6.160388">
        <ele>468.1</ele>
        <time>2026-07-31T11:16:53Z</time>
      </trkpt>
      <trkpt lat="46.351702" lon="6.160327">
        <ele>468.1</ele>
        <time>2026-07-31T11:16:54Z</time>
      </trkpt>
      <trkpt lat="46.351644" lon="6.160272">
        <ele>468.0</ele>
        <time>2026-07-31T11:16:55Z</time>
      </trkpt>
      <trkpt lat="46.351584" lon="6.16022">
        <ele>467.9</ele>
        <time>2026-07-31T11:16:56Z</time>
      </trkpt>
      <trkpt lat="46.351523" lon="6.160167">
        <ele>467.8</ele>
        <time>2026-07-31T11:16:57Z</time>
      </trkpt>
      <trkpt lat="46.351464" lon="6.160115">
        <ele>467.8</ele>
        <time>2026-07-31T11:16:58Z</time>
      </trkpt>
      <trkpt lat="46.351403" lon="6.160061">
        <ele>467.7</ele>
        <time>2026-07-31T11:16:59Z</time>
      </trkpt>
      <trkpt lat="46.351343" lon="6.16001">
        <ele>467.6</ele>
        <time>2026-07-31T11:17:00Z</time>
      </trkpt>
      <trkpt lat="46.351283" lon="6.159954">
        <ele>467.6</ele>
        <time>2026-07-31T11:17:01Z</time>
      </trkpt>
      <trkpt lat="46.351223" lon="6.1599">
        <ele>467.6</ele>
        <time>2026-07-31T11:17:02Z</time>
      </trkpt>
      <trkpt lat="46.351165" lon="6.159843">
        <ele>467.6</ele>
        <time>2026-07-31T11:17:03Z</time>
      </trkpt>
      <trkpt lat="46.351106" lon="6.159788">
        <ele>467.6</ele>
        <time>2026-07-31T11:17:04Z</time>
      </trkpt>
      <trkpt lat="46.351049" lon="6.159735">
        <ele>467.6</ele>
        <time>2026-07-31T11:17:05Z</time>
      </trkpt>
      <trkpt lat="46.35099" lon="6.159685">
        <ele>467.6</ele>
        <time>2026-07-31T11:17:06Z</time>
      </trkpt>
      <trkpt lat="46.35093" lon="6.159638">
        <ele>467.7</ele>
        <time>2026-07-31T11:17:07Z</time>
      </trkpt>
      <trkpt lat="46.35088" lon="6.159581">
        <ele>467.7</ele>
        <time>2026-07-31T11:17:08Z</time>
      </trkpt>
      <trkpt lat="46.350824" lon="6.159529">
        <ele>467.7</ele>
        <time>2026-07-31T11:17:09Z</time>
      </trkpt>
      <trkpt lat="46.35077" lon="6.159484">
        <ele>467.7</ele>
        <time>2026-07-31T11:17:10Z</time>
      </trkpt>
      <trkpt lat="46.350713" lon="6.159439">
        <ele>467.8</ele>
        <time>2026-07-31T11:17:11Z</time>
      </trkpt>
      <trkpt lat="46.350653" lon="6.159385">
        <ele>467.8</ele>
        <time>2026-07-31T11:17:12Z</time>
      </trkpt>
      <trkpt lat="46.350597" lon="6.159331">
        <ele>467.8</ele>
        <time>2026-07-31T11:17:13Z</time>
      </trkpt>
      <trkpt lat="46.35054" lon="6.159288">
        <ele>467.9</ele>
        <time>2026-07-31T11:17:14Z</time>
      </trkpt>
      <trkpt lat="46.350481" lon="6.159244">
        <ele>467.9</ele>
        <time>2026-07-31T11:17:15Z</time>
      </trkpt>
      <trkpt lat="46.350425" lon="6.1592">
        <ele>467.9</ele>
        <time>2026-07-31T11:17:16Z</time>
      </trkpt>
      <trkpt lat="46.350368" lon="6.159148">
        <ele>467.9</ele>
        <time>2026-07-31T11:17:17Z</time>
      </trkpt>
      <trkpt lat="46.350309" lon="6.159104">
        <ele>468.0</ele>
        <time>2026-07-31T11:17:18Z</time>
      </trkpt>
      <trkpt lat="46.350245" lon="6.159066">
        <ele>468.0</ele>
        <time>2026-07-31T11:17:19Z</time>
      </trkpt>
      <trkpt lat="46.350182" lon="6.159028">
        <ele>468.0</ele>
        <time>2026-07-31T11:17:20Z</time>
      </trkpt>
      <trkpt lat="46.350119" lon="6.158995">
        <ele>468.0</ele>
        <time>2026-07-31T11:17:21Z</time>
      </trkpt>
      <trkpt lat="46.350058" lon="6.158965">
        <ele>468.0</ele>
        <time>2026-07-31T11:17:22Z</time>
      </trkpt>
      <trkpt lat="46.35" lon="6.158933">
        <ele>468.0</ele>
        <time>2026-07-31T11:17:23Z</time>
      </trkpt>
      <trkpt lat="46.349934" lon="6.158899">
        <ele>468.0</ele>
        <time>2026-07-31T11:17:24Z</time>
      </trkpt>
      <trkpt lat="46.349872" lon="6.158853">
        <ele>467.9</ele>
        <time>2026-07-31T11:17:25Z</time>
      </trkpt>
      <trkpt lat="46.349813" lon="6.158798">
        <ele>467.9</ele>
        <time>2026-07-31T11:17:26Z</time>
      </trkpt>
      <trkpt lat="46.349766" lon="6.15873">
        <ele>467.8</ele>
        <time>2026-07-31T11:17:27Z</time>
      </trkpt>
      <trkpt lat="46.349716" lon="6.158657">
        <ele>467.8</ele>
        <time>2026-07-31T11:17:28Z</time>
      </trkpt>
      <trkpt lat="46.349664" lon="6.15859">
        <ele>467.7</ele>
        <time>2026-07-31T11:17:29Z</time>
      </trkpt>
      <trkpt lat="46.349613" lon="6.15852">
        <ele>467.7</ele>
        <time>2026-07-31T11:17:30Z</time>
      </trkpt>
      <trkpt lat="46.349559" lon="6.15845">
        <ele>467.7</ele>
        <time>2026-07-31T11:17:31Z</time>
      </trkpt>
      <trkpt lat="46.349507" lon="6.158381">
        <ele>467.7</ele>
        <time>2026-07-31T11:17:32Z</time>
      </trkpt>
      <trkpt lat="46.349458" lon="6.158311">
        <ele>467.8</ele>
        <time>2026-07-31T11:17:33Z</time>
      </trkpt>
      <trkpt lat="46.349407" lon="6.158242">
        <ele>467.8</ele>
        <time>2026-07-31T11:17:34Z</time>
      </trkpt>
      <trkpt lat="46.349355" lon="6.15817">
        <ele>467.9</ele>
        <time>2026-07-31T11:17:35Z</time>
      </trkpt>
      <trkpt lat="46.349304" lon="6.158103">
        <ele>468.0</ele>
        <time>2026-07-31T11:17:36Z</time>
      </trkpt>
      <trkpt lat="46.349251" lon="6.158032">
        <ele>468.1</ele>
        <time>2026-07-31T11:17:37Z</time>
      </trkpt>
      <trkpt lat="46.349198" lon="6.157965">
        <ele>468.1</ele>
        <time>2026-07-31T11:17:38Z</time>
      </trkpt>
      <trkpt lat="46.349147" lon="6.157894">
        <ele>468.2</ele>
        <time>2026-07-31T11:17:39Z</time>
      </trkpt>
      <trkpt lat="46.349097" lon="6.15782">
        <ele>468.2</ele>
        <time>2026-07-31T11:17:40Z</time>
      </trkpt>
      <trkpt lat="46.349043" lon="6.157748">
        <ele>468.2</ele>
        <time>2026-07-31T11:17:41Z</time>
      </trkpt>
      <trkpt lat="46.348989" lon="6.157673">
        <ele>468.2</ele>
        <time>2026-07-31T11:17:42Z</time>
      </trkpt>
      <trkpt lat="46.348936" lon="6.1576">
        <ele>468.2</ele>
        <time>2026-07-31T11:17:43Z</time>
      </trkpt>
      <trkpt lat="46.348883" lon="6.157526">
        <ele>468.1</ele>
        <time>2026-07-31T11:17:44Z</time>
      </trkpt>
      <trkpt lat="46.348827" lon="6.157456">
        <ele>468.1</ele>
        <time>2026-07-31T11:17:45Z</time>
      </trkpt>
      <trkpt lat="46.348776" lon="6.157383">
        <ele>468.1</ele>
        <time>2026-07-31T11:17:46Z</time>
      </trkpt>
      <trkpt lat="46.348723" lon="6.157307">
        <ele>468.1</ele>
        <time>2026-07-31T11:17:47Z</time>
      </trkpt>
      <trkpt lat="46.348671" lon="6.157234">
        <ele>468.1</ele>
        <time>2026-07-31T11:17:48Z</time>
      </trkpt>
      <trkpt lat="46.348621" lon="6.157158">
        <ele>468.2</ele>
        <time>2026-07-31T11:17:49Z</time>
      </trkpt>
      <trkpt lat="46.34857" lon="6.157086">
        <ele>468.2</ele>
        <time>2026-07-31T11:17:50Z</time>
      </trkpt>
      <trkpt lat="46.348521" lon="6.157014">
        <ele>468.1</ele>
        <time>2026-07-31T11:17:51Z</time>
      </trkpt>
      <trkpt lat="46.348481" lon="6.156926">
        <ele>468.1</ele>
        <time>2026-07-31T11:17:52Z</time>
      </trkpt>
      <trkpt lat="46.348439" lon="6.156839">
        <ele>468.0</ele>
        <time>2026-07-31T11:17:53Z</time>
      </trkpt>
      <trkpt lat="46.348394" lon="6.156756">
        <ele>468.0</ele>
        <time>2026-07-31T11:17:54Z</time>
      </trkpt>
      <trkpt lat="46.348352" lon="6.156674">
        <ele>467.9</ele>
        <time>2026-07-31T11:17:55Z</time>
      </trkpt>
      <trkpt lat="46.348309" lon="6.156592">
        <ele>467.9</ele>
        <time>2026-07-31T11:17:56Z</time>
      </trkpt>
      <trkpt lat="46.348265" lon="6.156511">
        <ele>467.8</ele>
        <time>2026-07-31T11:17:57Z</time>
      </trkpt>
      <trkpt lat="46.34822" lon="6.156426">
        <ele>467.9</ele>
        <time>2026-07-31T11:17:58Z</time>
      </trkpt>
      <trkpt lat="46.348178" lon="6.156346">
        <ele>467.9</ele>
        <time>2026-07-31T11:17:59Z</time>
      </trkpt>
      <trkpt lat="46.348137" lon="6.156267">
        <ele>467.9</ele>
        <time>2026-07-31T11:18:00Z</time>
      </trkpt>
      <trkpt lat="46.348093" lon="6.156188">
        <ele>468.0</ele>
        <time>2026-07-31T11:18:01Z</time>
      </trkpt>
      <trkpt lat="46.348051" lon="6.156107">
        <ele>468.0</ele>
        <time>2026-07-31T11:18:02Z</time>
      </trkpt>
      <trkpt lat="46.348013" lon="6.156035">
        <ele>468.0</ele>
        <time>2026-07-31T11:18:03Z</time>
      </trkpt>
      <trkpt lat="46.347972" lon="6.155953">
        <ele>468.1</ele>
        <time>2026-07-31T11:18:04Z</time>
      </trkpt>
      <trkpt lat="46.347928" lon="6.155874">
        <ele>468.1</ele>
        <time>2026-07-31T11:18:05Z</time>
      </trkpt>
      <trkpt lat="46.347888" lon="6.155796">
        <ele>468.0</ele>
        <time>2026-07-31T11:18:06Z</time>
      </trkpt>
      <trkpt lat="46.347844" lon="6.155713">
        <ele>468.0</ele>
        <time>2026-07-31T11:18:07Z</time>
      </trkpt>
      <trkpt lat="46.347802" lon="6.155632">
        <ele>468.0</ele>
        <time>2026-07-31T11:18:08Z</time>
      </trkpt>
      <trkpt lat="46.34776" lon="6.15555">
        <ele>468.0</ele>
        <time>2026-07-31T11:18:09Z</time>
      </trkpt>
      <trkpt lat="46.347715" lon="6.155473">
        <ele>468.0</ele>
        <time>2026-07-31T11:18:10Z</time>
      </trkpt>
      <trkpt lat="46.347661" lon="6.155398">
        <ele>467.9</ele>
        <time>2026-07-31T11:18:11Z</time>
      </trkpt>
      <trkpt lat="46.347602" lon="6.155335">
        <ele>467.9</ele>
        <time>2026-07-31T11:18:12Z</time>
      </trkpt>
      <trkpt lat="46.347548" lon="6.155272">
        <ele>467.8</ele>
        <time>2026-07-31T11:18:13Z</time>
      </trkpt>
      <trkpt lat="46.34749" lon="6.155207">
        <ele>467.8</ele>
        <time>2026-07-31T11:18:14Z</time>
      </trkpt>
      <trkpt lat="46.347435" lon="6.155144">
        <ele>467.8</ele>
        <time>2026-07-31T11:18:15Z</time>
      </trkpt>
      <trkpt lat="46.347378" lon="6.155079">
        <ele>467.8</ele>
        <time>2026-07-31T11:18:16Z</time>
      </trkpt>
      <trkpt lat="46.347321" lon="6.155018">
        <ele>467.7</ele>
        <time>2026-07-31T11:18:17Z</time>
      </trkpt>
      <trkpt lat="46.347262" lon="6.154954">
        <ele>467.7</ele>
        <time>2026-07-31T11:18:18Z</time>
      </trkpt>
      <trkpt lat="46.347205" lon="6.154887">
        <ele>467.7</ele>
        <time>2026-07-31T11:18:19Z</time>
      </trkpt>
      <trkpt lat="46.347149" lon="6.154816">
        <ele>467.6</ele>
        <time>2026-07-31T11:18:20Z</time>
      </trkpt>
      <trkpt lat="46.34709" lon="6.15475">
        <ele>467.6</ele>
        <time>2026-07-31T11:18:21Z</time>
      </trkpt>
      <trkpt lat="46.347035" lon="6.154684">
        <ele>467.6</ele>
        <time>2026-07-31T11:18:22Z</time>
      </trkpt>
      <trkpt lat="46.346978" lon="6.154612">
        <ele>467.6</ele>
        <time>2026-07-31T11:18:23Z</time>
      </trkpt>
      <trkpt lat="46.346923" lon="6.154545">
        <ele>467.6</ele>
        <time>2026-07-31T11:18:24Z</time>
      </trkpt>
      <trkpt lat="46.346868" lon="6.15448">
        <ele>467.6</ele>
        <time>2026-07-31T11:18:25Z</time>
      </trkpt>
      <trkpt lat="46.346809" lon="6.154416">
        <ele>467.6</ele>
        <time>2026-07-31T11:18:26Z</time>
      </trkpt>
      <trkpt lat="46.346751" lon="6.154359">
        <ele>467.6</ele>
        <time>2026-07-31T11:18:27Z</time>
      </trkpt>
      <trkpt lat="46.346697" lon="6.154286">
        <ele>467.7</ele>
        <time>2026-07-31T11:18:28Z</time>
      </trkpt>
      <trkpt lat="46.346644" lon="6.154218">
        <ele>467.8</ele>
        <time>2026-07-31T11:18:29Z</time>
      </trkpt>
      <trkpt lat="46.346588" lon="6.154162">
        <ele>467.9</ele>
        <time>2026-07-31T11:18:30Z</time>
      </trkpt>
      <trkpt lat="46.34653" lon="6.154107">
        <ele>467.9</ele>
        <time>2026-07-31T11:18:31Z</time>
      </trkpt>
      <trkpt lat="46.34647" lon="6.154059">
        <ele>468.0</ele>
        <time>2026-07-31T11:18:32Z</time>
      </trkpt>
      <trkpt lat="46.34641" lon="6.154008">
        <ele>468.1</ele>
        <time>2026-07-31T11:18:33Z</time>
      </trkpt>
      <trkpt lat="46.346353" lon="6.153957">
        <ele>468.2</ele>
        <time>2026-07-31T11:18:34Z</time>
      </trkpt>
      <trkpt lat="46.346294" lon="6.153908">
        <ele>468.3</ele>
        <time>2026-07-31T11:18:35Z</time>
      </trkpt>
      <trkpt lat="46.346234" lon="6.153857">
        <ele>468.4</ele>
        <time>2026-07-31T11:18:36Z</time>
      </trkpt>
      <trkpt lat="46.346176" lon="6.153809">
        <ele>468.5</ele>
        <time>2026-07-31T11:18:37Z</time>
      </trkpt>
      <trkpt lat="46.346121" lon="6.153767">
        <ele>468.6</ele>
        <time>2026-07-31T11:18:38Z</time>
      </trkpt>
      <trkpt lat="46.346059" lon="6.15372">
        <ele>468.7</ele>
        <time>2026-07-31T11:18:39Z</time>
      </trkpt>
      <trkpt lat="46.346001" lon="6.153675">
        <ele>468.7</ele>
        <time>2026-07-31T11:18:40Z</time>
      </trkpt>
      <trkpt lat="46.345945" lon="6.15363">
        <ele>468.8</ele>
        <time>2026-07-31T11:18:41Z</time>
      </trkpt>
      <trkpt lat="46.345892" lon="6.153582">
        <ele>468.9</ele>
        <time>2026-07-31T11:18:42Z</time>
      </trkpt>
      <trkpt lat="46.345834" lon="6.153539">
        <ele>468.9</ele>
        <time>2026-07-31T11:18:43Z</time>
      </trkpt>
      <trkpt lat="46.345782" lon="6.153501">
        <ele>469.0</ele>
        <time>2026-07-31T11:18:44Z</time>
      </trkpt>
      <trkpt lat="46.345727" lon="6.153465">
        <ele>469.1</ele>
        <time>2026-07-31T11:18:45Z</time>
      </trkpt>
      <trkpt lat="46.345676" lon="6.153428">
        <ele>469.1</ele>
        <time>2026-07-31T11:18:46Z</time>
      </trkpt>
      <trkpt lat="46.345634" lon="6.153389">
        <ele>469.2</ele>
        <time>2026-07-31T11:18:47Z</time>
      </trkpt>
      <trkpt lat="46.345594" lon="6.153368">
        <ele>469.3</ele>
        <time>2026-07-31T11:18:48Z</time>
      </trkpt>
      <trkpt lat="46.345566" lon="6.153353">
        <ele>469.3</ele>
        <time>2026-07-31T11:18:49Z</time>
      </trkpt>
      <trkpt lat="46.345544" lon="6.153336">
        <ele>469.3</ele>
        <time>2026-07-31T11:18:50Z</time>
      </trkpt>
      <trkpt lat="46.345528" lon="6.153323">
        <ele>469.3</ele>
        <time>2026-07-31T11:18:51Z</time>
      </trkpt>
      <trkpt lat="46.345508" lon="6.153313">
        <ele>469.3</ele>
        <time>2026-07-31T11:18:52Z</time>
      </trkpt>
      <trkpt lat="46.345485" lon="6.153309">
        <ele>469.3</ele>
        <time>2026-07-31T11:18:53Z</time>
      </trkpt>
      <trkpt lat="46.345446" lon="6.153295">
        <ele>469.2</ele>
        <time>2026-07-31T11:18:54Z</time>
      </trkpt>
      <trkpt lat="46.345393" lon="6.153259">
        <ele>469.2</ele>
        <time>2026-07-31T11:18:55Z</time>
      </trkpt>
      <trkpt lat="46.345344" lon="6.153228">
        <ele>469.2</ele>
        <time>2026-07-31T11:18:56Z</time>
      </trkpt>
      <trkpt lat="46.345287" lon="6.1532">
        <ele>469.1</ele>
        <time>2026-07-31T11:18:57Z</time>
      </trkpt>
      <trkpt lat="46.345229" lon="6.153193">
        <ele>469.2</ele>
        <time>2026-07-31T11:18:58Z</time>
      </trkpt>
      <trkpt lat="46.345167" lon="6.153194">
        <ele>469.2</ele>
        <time>2026-07-31T11:18:59Z</time>
      </trkpt>
      <trkpt lat="46.34511" lon="6.153198">
        <ele>469.3</ele>
        <time>2026-07-31T11:19:00Z</time>
      </trkpt>
      <trkpt lat="46.345056" lon="6.153183">
        <ele>469.4</ele>
        <time>2026-07-31T11:19:01Z</time>
      </trkpt>
      <trkpt lat="46.345007" lon="6.153143">
        <ele>469.5</ele>
        <time>2026-07-31T11:19:02Z</time>
      </trkpt>
      <trkpt lat="46.344961" lon="6.153092">
        <ele>469.7</ele>
        <time>2026-07-31T11:19:03Z</time>
      </trkpt>
      <trkpt lat="46.34492" lon="6.153033">
        <ele>469.8</ele>
        <time>2026-07-31T11:19:04Z</time>
      </trkpt>
      <trkpt lat="46.344876" lon="6.152982">
        <ele>469.9</ele>
        <time>2026-07-31T11:19:05Z</time>
      </trkpt>
      <trkpt lat="46.344835" lon="6.15293">
        <ele>469.9</ele>
        <time>2026-07-31T11:19:06Z</time>
      </trkpt>
      <trkpt lat="46.344791" lon="6.152885">
        <ele>470.0</ele>
        <time>2026-07-31T11:19:07Z</time>
      </trkpt>
      <trkpt lat="46.344745" lon="6.152837">
        <ele>470.0</ele>
        <time>2026-07-31T11:19:08Z</time>
      </trkpt>
      <trkpt lat="46.344698" lon="6.152796">
        <ele>470.0</ele>
        <time>2026-07-31T11:19:09Z</time>
      </trkpt>
      <trkpt lat="46.34465" lon="6.152747">
        <ele>470.0</ele>
        <time>2026-07-31T11:19:10Z</time>
      </trkpt>
      <trkpt lat="46.3446" lon="6.152701">
        <ele>470.0</ele>
        <time>2026-07-31T11:19:11Z</time>
      </trkpt>
      <trkpt lat="46.344551" lon="6.152654">
        <ele>470.0</ele>
        <time>2026-07-31T11:19:12Z</time>
      </trkpt>
      <trkpt lat="46.344504" lon="6.152605">
        <ele>470.0</ele>
        <time>2026-07-31T11:19:13Z</time>
      </trkpt>
      <trkpt lat="46.344455" lon="6.152552">
        <ele>470.0</ele>
        <time>2026-07-31T11:19:14Z</time>
      </trkpt>
      <trkpt lat="46.344406" lon="6.1525">
        <ele>470.0</ele>
        <time>2026-07-31T11:19:15Z</time>
      </trkpt>
      <trkpt lat="46.344359" lon="6.152446">
        <ele>470.0</ele>
        <time>2026-07-31T11:19:16Z</time>
      </trkpt>
      <trkpt lat="46.34431" lon="6.152393">
        <ele>469.9</ele>
        <time>2026-07-31T11:19:17Z</time>
      </trkpt>
      <trkpt lat="46.344261" lon="6.152334">
        <ele>469.9</ele>
        <time>2026-07-31T11:19:18Z</time>
      </trkpt>
      <trkpt lat="46.344214" lon="6.152271">
        <ele>469.8</ele>
        <time>2026-07-31T11:19:19Z</time>
      </trkpt>
      <trkpt lat="46.344164" lon="6.152209">
        <ele>469.8</ele>
        <time>2026-07-31T11:19:20Z</time>
      </trkpt>
      <trkpt lat="46.344108" lon="6.152148">
        <ele>469.7</ele>
        <time>2026-07-31T11:19:21Z</time>
      </trkpt>
      <trkpt lat="46.344058" lon="6.152086">
        <ele>469.6</ele>
        <time>2026-07-31T11:19:22Z</time>
      </trkpt>
      <trkpt lat="46.344003" lon="6.152024">
        <ele>469.5</ele>
        <time>2026-07-31T11:19:23Z</time>
      </trkpt>
      <trkpt lat="46.343949" lon="6.151961">
        <ele>469.5</ele>
        <time>2026-07-31T11:19:24Z</time>
      </trkpt>
      <trkpt lat="46.343894" lon="6.1519">
        <ele>469.4</ele>
        <time>2026-07-31T11:19:25Z</time>
      </trkpt>
      <trkpt lat="46.34384" lon="6.151836">
        <ele>469.3</ele>
        <time>2026-07-31T11:19:26Z</time>
      </trkpt>
      <trkpt lat="46.343782" lon="6.151775">
        <ele>469.3</ele>
        <time>2026-07-31T11:19:27Z</time>
      </trkpt>
      <trkpt lat="46.343727" lon="6.151708">
        <ele>469.2</ele>
        <time>2026-07-31T11:19:28Z</time>
      </trkpt>
      <trkpt lat="46.343671" lon="6.151638">
        <ele>469.2</ele>
        <time>2026-07-31T11:19:29Z</time>
      </trkpt>
      <trkpt lat="46.343619" lon="6.151574">
        <ele>469.1</ele>
        <time>2026-07-31T11:19:30Z</time>
      </trkpt>
      <trkpt lat="46.343562" lon="6.151508">
        <ele>469.0</ele>
        <time>2026-07-31T11:19:31Z</time>
      </trkpt>
      <trkpt lat="46.343505" lon="6.15144">
        <ele>469.0</ele>
        <time>2026-07-31T11:19:32Z</time>
      </trkpt>
      <trkpt lat="46.343449" lon="6.151376">
        <ele>468.9</ele>
        <time>2026-07-31T11:19:33Z</time>
      </trkpt>
      <trkpt lat="46.343393" lon="6.151306">
        <ele>468.9</ele>
        <time>2026-07-31T11:19:34Z</time>
      </trkpt>
      <trkpt lat="46.343338" lon="6.151243">
        <ele>468.8</ele>
        <time>2026-07-31T11:19:35Z</time>
      </trkpt>
      <trkpt lat="46.343279" lon="6.151176">
        <ele>468.8</ele>
        <time>2026-07-31T11:19:36Z</time>
      </trkpt>
      <trkpt lat="46.343222" lon="6.151114">
        <ele>468.8</ele>
        <time>2026-07-31T11:19:37Z</time>
      </trkpt>
      <trkpt lat="46.343167" lon="6.151048">
        <ele>468.7</ele>
        <time>2026-07-31T11:19:38Z</time>
      </trkpt>
      <trkpt lat="46.343111" lon="6.150981">
        <ele>468.8</ele>
        <time>2026-07-31T11:19:39Z</time>
      </trkpt>
      <trkpt lat="46.343056" lon="6.150914">
        <ele>468.8</ele>
        <time>2026-07-31T11:19:40Z</time>
      </trkpt>
      <trkpt lat="46.343001" lon="6.150846">
        <ele>468.8</ele>
        <time>2026-07-31T11:19:41Z</time>
      </trkpt>
      <trkpt lat="46.342948" lon="6.150775">
        <ele>468.8</ele>
        <time>2026-07-31T11:19:42Z</time>
      </trkpt>
      <trkpt lat="46.342893" lon="6.150709">
        <ele>468.8</ele>
        <time>2026-07-31T11:19:43Z</time>
      </trkpt>
      <trkpt lat="46.342839" lon="6.150643">
        <ele>468.8</ele>
        <time>2026-07-31T11:19:44Z</time>
      </trkpt>
      <trkpt lat="46.342786" lon="6.150576">
        <ele>468.7</ele>
        <time>2026-07-31T11:19:45Z</time>
      </trkpt>
      <trkpt lat="46.342733" lon="6.150506">
        <ele>468.7</ele>
        <time>2026-07-31T11:19:46Z</time>
      </trkpt>
      <trkpt lat="46.34268" lon="6.150442">
        <ele>468.7</ele>
        <time>2026-07-31T11:19:47Z</time>
      </trkpt>
      <trkpt lat="46.34263" lon="6.150379">
        <ele>468.7</ele>
        <time>2026-07-31T11:19:48Z</time>
      </trkpt>
      <trkpt lat="46.342577" lon="6.150308">
        <ele>468.6</ele>
        <time>2026-07-31T11:19:49Z</time>
      </trkpt>
      <trkpt lat="46.342528" lon="6.150237">
        <ele>468.6</ele>
        <time>2026-07-31T11:19:50Z</time>
      </trkpt>
      <trkpt lat="46.34248" lon="6.150164">
        <ele>468.5</ele>
        <time>2026-07-31T11:19:51Z</time>
      </trkpt>
      <trkpt lat="46.342431" lon="6.150088">
        <ele>468.5</ele>
        <time>2026-07-31T11:19:52Z</time>
      </trkpt>
      <trkpt lat="46.342385" lon="6.150012">
        <ele>468.4</ele>
        <time>2026-07-31T11:19:53Z</time>
      </trkpt>
      <trkpt lat="46.34234" lon="6.149936">
        <ele>468.4</ele>
        <time>2026-07-31T11:19:54Z</time>
      </trkpt>
      <trkpt lat="46.3423" lon="6.149852">
        <ele>468.3</ele>
        <time>2026-07-31T11:19:55Z</time>
      </trkpt>
      <trkpt lat="46.342264" lon="6.149763">
        <ele>468.2</ele>
        <time>2026-07-31T11:19:56Z</time>
      </trkpt>
      <trkpt lat="46.342227" lon="6.149671">
        <ele>468.2</ele>
        <time>2026-07-31T11:19:57Z</time>
      </trkpt>
      <trkpt lat="46.342191" lon="6.149582">
        <ele>468.1</ele>
        <time>2026-07-31T11:19:58Z</time>
      </trkpt>
      <trkpt lat="46.34216" lon="6.149488">
        <ele>468.1</ele>
        <time>2026-07-31T11:19:59Z</time>
      </trkpt>
      <trkpt lat="46.342125" lon="6.149399">
        <ele>468.0</ele>
        <time>2026-07-31T11:20:00Z</time>
      </trkpt>
      <trkpt lat="46.34209" lon="6.149315">
        <ele>467.9</ele>
        <time>2026-07-31T11:20:01Z</time>
      </trkpt>
      <trkpt lat="46.342056" lon="6.149229">
        <ele>467.9</ele>
        <time>2026-07-31T11:20:02Z</time>
      </trkpt>
      <trkpt lat="46.342024" lon="6.149137">
        <ele>467.8</ele>
        <time>2026-07-31T11:20:03Z</time>
      </trkpt>
      <trkpt lat="46.341989" lon="6.149047">
        <ele>467.7</ele>
        <time>2026-07-31T11:20:04Z</time>
      </trkpt>
      <trkpt lat="46.341953" lon="6.148957">
        <ele>467.6</ele>
        <time>2026-07-31T11:20:05Z</time>
      </trkpt>
      <trkpt lat="46.341915" lon="6.148866">
        <ele>467.5</ele>
        <time>2026-07-31T11:20:06Z</time>
      </trkpt>
      <trkpt lat="46.341875" lon="6.148779">
        <ele>467.4</ele>
        <time>2026-07-31T11:20:07Z</time>
      </trkpt>
      <trkpt lat="46.341828" lon="6.148693">
        <ele>467.4</ele>
        <time>2026-07-31T11:20:08Z</time>
      </trkpt>
      <trkpt lat="46.341782" lon="6.148607">
        <ele>467.3</ele>
        <time>2026-07-31T11:20:09Z</time>
      </trkpt>
      <trkpt lat="46.341737" lon="6.148525">
        <ele>467.3</ele>
        <time>2026-07-31T11:20:10Z</time>
      </trkpt>
      <trkpt lat="46.341691" lon="6.148446">
        <ele>467.3</ele>
        <time>2026-07-31T11:20:11Z</time>
      </trkpt>
      <trkpt lat="46.341645" lon="6.148366">
        <ele>467.2</ele>
        <time>2026-07-31T11:20:12Z</time>
      </trkpt>
      <trkpt lat="46.341601" lon="6.148281">
        <ele>467.2</ele>
        <time>2026-07-31T11:20:13Z</time>
      </trkpt>
      <trkpt lat="46.341555" lon="6.148194">
        <ele>467.2</ele>
        <time>2026-07-31T11:20:14Z</time>
      </trkpt>
      <trkpt lat="46.341511" lon="6.148107">
        <ele>467.1</ele>
        <time>2026-07-31T11:20:15Z</time>
      </trkpt>
      <trkpt lat="46.341467" lon="6.148029">
        <ele>467.0</ele>
        <time>2026-07-31T11:20:16Z</time>
      </trkpt>
      <trkpt lat="46.341423" lon="6.147951">
        <ele>466.9</ele>
        <time>2026-07-31T11:20:17Z</time>
      </trkpt>
      <trkpt lat="46.34138" lon="6.147865">
        <ele>466.8</ele>
        <time>2026-07-31T11:20:18Z</time>
      </trkpt>
      <trkpt lat="46.341338" lon="6.147786">
        <ele>466.8</ele>
        <time>2026-07-31T11:20:19Z</time>
      </trkpt>
      <trkpt lat="46.341293" lon="6.147702">
        <ele>466.7</ele>
        <time>2026-07-31T11:20:20Z</time>
      </trkpt>
      <trkpt lat="46.341251" lon="6.147617">
        <ele>466.6</ele>
        <time>2026-07-31T11:20:21Z</time>
      </trkpt>
      <trkpt lat="46.341213" lon="6.147525">
        <ele>466.5</ele>
        <time>2026-07-31T11:20:22Z</time>
      </trkpt>
      <trkpt lat="46.341178" lon="6.14743">
        <ele>466.4</ele>
        <time>2026-07-31T11:20:23Z</time>
      </trkpt>
      <trkpt lat="46.341152" lon="6.147329">
        <ele>466.3</ele>
        <time>2026-07-31T11:20:24Z</time>
      </trkpt>
      <trkpt lat="46.341128" lon="6.147225">
        <ele>466.3</ele>
        <time>2026-07-31T11:20:25Z</time>
      </trkpt>
      <trkpt lat="46.341098" lon="6.147127">
        <ele>466.2</ele>
        <time>2026-07-31T11:20:26Z</time>
      </trkpt>
      <trkpt lat="46.341065" lon="6.147035">
        <ele>466.1</ele>
        <time>2026-07-31T11:20:27Z</time>
      </trkpt>
      <trkpt lat="46.341029" lon="6.14694">
        <ele>466.0</ele>
        <time>2026-07-31T11:20:28Z</time>
      </trkpt>
      <trkpt lat="46.340982" lon="6.14685">
        <ele>466.0</ele>
        <time>2026-07-31T11:20:29Z</time>
      </trkpt>
      <trkpt lat="46.340939" lon="6.146761">
        <ele>465.9</ele>
        <time>2026-07-31T11:20:30Z</time>
      </trkpt>
      <trkpt lat="46.340901" lon="6.146667">
        <ele>465.9</ele>
        <time>2026-07-31T11:20:31Z</time>
      </trkpt>
      <trkpt lat="46.340859" lon="6.146579">
        <ele>465.9</ele>
        <time>2026-07-31T11:20:32Z</time>
      </trkpt>
      <trkpt lat="46.340811" lon="6.146494">
        <ele>465.9</ele>
        <time>2026-07-31T11:20:33Z</time>
      </trkpt>
      <trkpt lat="46.340757" lon="6.146421">
        <ele>466.0</ele>
        <time>2026-07-31T11:20:34Z</time>
      </trkpt>
      <trkpt lat="46.340704" lon="6.146349">
        <ele>466.1</ele>
        <time>2026-07-31T11:20:35Z</time>
      </trkpt>
      <trkpt lat="46.340648" lon="6.14628">
        <ele>466.2</ele>
        <time>2026-07-31T11:20:36Z</time>
      </trkpt>
      <trkpt lat="46.340594" lon="6.146213">
        <ele>466.2</ele>
        <time>2026-07-31T11:20:37Z</time>
      </trkpt>
      <trkpt lat="46.340542" lon="6.146144">
        <ele>466.1</ele>
        <time>2026-07-31T11:20:38Z</time>
      </trkpt>
      <trkpt lat="46.340485" lon="6.146081">
        <ele>466.1</ele>
        <time>2026-07-31T11:20:39Z</time>
      </trkpt>
      <trkpt lat="46.340418" lon="6.146041">
        <ele>466.1</ele>
        <time>2026-07-31T11:20:40Z</time>
      </trkpt>
      <trkpt lat="46.340348" lon="6.14601">
        <ele>466.1</ele>
        <time>2026-07-31T11:20:41Z</time>
      </trkpt>
      <trkpt lat="46.340273" lon="6.145986">
        <ele>466.1</ele>
        <time>2026-07-31T11:20:42Z</time>
      </trkpt>
      <trkpt lat="46.3402" lon="6.145976">
        <ele>466.2</ele>
        <time>2026-07-31T11:20:43Z</time>
      </trkpt>
      <trkpt lat="46.340126" lon="6.145968">
        <ele>466.1</ele>
        <time>2026-07-31T11:20:44Z</time>
      </trkpt>
      <trkpt lat="46.340056" lon="6.145952">
        <ele>466.1</ele>
        <time>2026-07-31T11:20:45Z</time>
      </trkpt>
      <trkpt lat="46.339987" lon="6.14595">
        <ele>466.0</ele>
        <time>2026-07-31T11:20:46Z</time>
      </trkpt>
      <trkpt lat="46.339917" lon="6.145932">
        <ele>466.0</ele>
        <time>2026-07-31T11:20:47Z</time>
      </trkpt>
      <trkpt lat="46.339845" lon="6.145922">
        <ele>466.0</ele>
        <time>2026-07-31T11:20:48Z</time>
      </trkpt>
      <trkpt lat="46.339774" lon="6.145907">
        <ele>466.1</ele>
        <time>2026-07-31T11:20:49Z</time>
      </trkpt>
      <trkpt lat="46.339708" lon="6.145879">
        <ele>466.1</ele>
        <time>2026-07-31T11:20:50Z</time>
      </trkpt>
      <trkpt lat="46.339639" lon="6.145866">
        <ele>466.2</ele>
        <time>2026-07-31T11:20:51Z</time>
      </trkpt>
      <trkpt lat="46.339571" lon="6.145852">
        <ele>466.3</ele>
        <time>2026-07-31T11:20:52Z</time>
      </trkpt>
      <trkpt lat="46.339503" lon="6.145837">
        <ele>466.3</ele>
        <time>2026-07-31T11:20:53Z</time>
      </trkpt>
      <trkpt lat="46.339432" lon="6.145824">
        <ele>466.4</ele>
        <time>2026-07-31T11:20:54Z</time>
      </trkpt>
      <trkpt lat="46.339368" lon="6.145816">
        <ele>466.5</ele>
        <time>2026-07-31T11:20:55Z</time>
      </trkpt>
      <trkpt lat="46.339299" lon="6.145791">
        <ele>466.5</ele>
        <time>2026-07-31T11:20:56Z</time>
      </trkpt>
      <trkpt lat="46.339237" lon="6.145764">
        <ele>466.6</ele>
        <time>2026-07-31T11:20:57Z</time>
      </trkpt>
      <trkpt lat="46.339172" lon="6.145736">
        <ele>466.7</ele>
        <time>2026-07-31T11:20:58Z</time>
      </trkpt>
      <trkpt lat="46.339105" lon="6.14571">
        <ele>466.8</ele>
        <time>2026-07-31T11:20:59Z</time>
      </trkpt>
      <trkpt lat="46.339041" lon="6.145683">
        <ele>466.8</ele>
        <time>2026-07-31T11:21:00Z</time>
      </trkpt>
      <trkpt lat="46.338977" lon="6.145654">
        <ele>466.9</ele>
        <time>2026-07-31T11:21:01Z</time>
      </trkpt>
      <trkpt lat="46.338914" lon="6.145623">
        <ele>467.0</ele>
        <time>2026-07-31T11:21:02Z</time>
      </trkpt>
      <trkpt lat="46.338852" lon="6.145595">
        <ele>467.1</ele>
        <time>2026-07-31T11:21:03Z</time>
      </trkpt>
      <trkpt lat="46.338787" lon="6.145569">
        <ele>467.1</ele>
        <time>2026-07-31T11:21:04Z</time>
      </trkpt>
      <trkpt lat="46.338722" lon="6.145543">
        <ele>467.2</ele>
        <time>2026-07-31T11:21:05Z</time>
      </trkpt>
      <trkpt lat="46.338662" lon="6.145517">
        <ele>467.2</ele>
        <time>2026-07-31T11:21:06Z</time>
      </trkpt>
      <trkpt lat="46.338597" lon="6.145492">
        <ele>467.2</ele>
        <time>2026-07-31T11:21:07Z</time>
      </trkpt>
      <trkpt lat="46.338536" lon="6.145469">
        <ele>467.3</ele>
        <time>2026-07-31T11:21:08Z</time>
      </trkpt>
      <trkpt lat="46.338469" lon="6.145444">
        <ele>467.3</ele>
        <time>2026-07-31T11:21:09Z</time>
      </trkpt>
      <trkpt lat="46.338405" lon="6.14542">
        <ele>467.3</ele>
        <time>2026-07-31T11:21:10Z</time>
      </trkpt>
      <trkpt lat="46.338342" lon="6.145399">
        <ele>467.3</ele>
        <time>2026-07-31T11:21:11Z</time>
      </trkpt>
      <trkpt lat="46.338274" lon="6.145374">
        <ele>467.4</ele>
        <time>2026-07-31T11:21:12Z</time>
      </trkpt>
      <trkpt lat="46.338211" lon="6.145346">
        <ele>467.4</ele>
        <time>2026-07-31T11:21:13Z</time>
      </trkpt>
      <trkpt lat="46.338148" lon="6.145311">
        <ele>467.4</ele>
        <time>2026-07-31T11:21:14Z</time>
      </trkpt>
      <trkpt lat="46.338088" lon="6.145263">
        <ele>467.4</ele>
        <time>2026-07-31T11:21:15Z</time>
      </trkpt>
      <trkpt lat="46.338028" lon="6.1452">
        <ele>467.4</ele>
        <time>2026-07-31T11:21:16Z</time>
      </trkpt>
      <trkpt lat="46.337975" lon="6.145139">
        <ele>467.5</ele>
        <time>2026-07-31T11:21:17Z</time>
      </trkpt>
      <trkpt lat="46.33792" lon="6.145075">
        <ele>467.5</ele>
        <time>2026-07-31T11:21:18Z</time>
      </trkpt>
      <trkpt lat="46.337867" lon="6.14501">
        <ele>467.6</ele>
        <time>2026-07-31T11:21:19Z</time>
      </trkpt>
      <trkpt lat="46.337815" lon="6.14495">
        <ele>467.7</ele>
        <time>2026-07-31T11:21:20Z</time>
      </trkpt>
      <trkpt lat="46.337765" lon="6.144888">
        <ele>467.8</ele>
        <time>2026-07-31T11:21:21Z</time>
      </trkpt>
      <trkpt lat="46.337715" lon="6.144823">
        <ele>468.0</ele>
        <time>2026-07-31T11:21:22Z</time>
      </trkpt>
      <trkpt lat="46.337665" lon="6.144767">
        <ele>468.1</ele>
        <time>2026-07-31T11:21:23Z</time>
      </trkpt>
      <trkpt lat="46.337616" lon="6.14471">
        <ele>468.2</ele>
        <time>2026-07-31T11:21:24Z</time>
      </trkpt>
      <trkpt lat="46.337567" lon="6.144647">
        <ele>468.4</ele>
        <time>2026-07-31T11:21:25Z</time>
      </trkpt>
      <trkpt lat="46.337519" lon="6.144589">
        <ele>468.6</ele>
        <time>2026-07-31T11:21:26Z</time>
      </trkpt>
      <trkpt lat="46.33747" lon="6.144536">
        <ele>468.7</ele>
        <time>2026-07-31T11:21:27Z</time>
      </trkpt>
      <trkpt lat="46.337425" lon="6.144486">
        <ele>468.9</ele>
        <time>2026-07-31T11:21:28Z</time>
      </trkpt>
      <trkpt lat="46.337384" lon="6.144421">
        <ele>469.0</ele>
        <time>2026-07-31T11:21:29Z</time>
      </trkpt>
      <trkpt lat="46.337353" lon="6.144348">
        <ele>468.9</ele>
        <time>2026-07-31T11:21:30Z</time>
      </trkpt>
      <trkpt lat="46.337317" lon="6.144261">
        <ele>468.9</ele>
        <time>2026-07-31T11:21:31Z</time>
      </trkpt>
      <trkpt lat="46.337279" lon="6.144199">
        <ele>468.9</ele>
        <time>2026-07-31T11:21:32Z</time>
      </trkpt>
      <trkpt lat="46.337222" lon="6.144147">
        <ele>468.8</ele>
        <time>2026-07-31T11:21:33Z</time>
      </trkpt>
      <trkpt lat="46.337168" lon="6.144096">
        <ele>468.7</ele>
        <time>2026-07-31T11:21:34Z</time>
      </trkpt>
      <trkpt lat="46.337113" lon="6.14404">
        <ele>468.7</ele>
        <time>2026-07-31T11:21:35Z</time>
      </trkpt>
      <trkpt lat="46.337062" lon="6.143983">
        <ele>468.6</ele>
        <time>2026-07-31T11:21:36Z</time>
      </trkpt>
      <trkpt lat="46.337004" lon="6.143925">
        <ele>468.5</ele>
        <time>2026-07-31T11:21:37Z</time>
      </trkpt>
      <trkpt lat="46.336948" lon="6.143877">
        <ele>468.4</ele>
        <time>2026-07-31T11:21:38Z</time>
      </trkpt>
      <trkpt lat="46.336893" lon="6.143834">
        <ele>468.4</ele>
        <time>2026-07-31T11:21:39Z</time>
      </trkpt>
      <trkpt lat="46.33683" lon="6.143788">
        <ele>468.3</ele>
        <time>2026-07-31T11:21:40Z</time>
      </trkpt>
      <trkpt lat="46.336766" lon="6.143748">
        <ele>468.2</ele>
        <time>2026-07-31T11:21:41Z</time>
      </trkpt>
      <trkpt lat="46.336705" lon="6.143709">
        <ele>468.2</ele>
        <time>2026-07-31T11:21:42Z</time>
      </trkpt>
      <trkpt lat="46.336639" lon="6.14367">
        <ele>468.1</ele>
        <time>2026-07-31T11:21:43Z</time>
      </trkpt>
      <trkpt lat="46.336572" lon="6.143638">
        <ele>468.0</ele>
        <time>2026-07-31T11:21:44Z</time>
      </trkpt>
      <trkpt lat="46.336503" lon="6.143609">
        <ele>467.9</ele>
        <time>2026-07-31T11:21:45Z</time>
      </trkpt>
      <trkpt lat="46.336436" lon="6.143569">
        <ele>467.9</ele>
        <time>2026-07-31T11:21:46Z</time>
      </trkpt>
      <trkpt lat="46.336368" lon="6.143537">
        <ele>467.8</ele>
        <time>2026-07-31T11:21:47Z</time>
      </trkpt>
      <trkpt lat="46.336299" lon="6.143496">
        <ele>467.8</ele>
        <time>2026-07-31T11:21:48Z</time>
      </trkpt>
      <trkpt lat="46.336234" lon="6.143452">
        <ele>467.7</ele>
        <time>2026-07-31T11:21:49Z</time>
      </trkpt>
      <trkpt lat="46.336167" lon="6.143413">
        <ele>467.6</ele>
        <time>2026-07-31T11:21:50Z</time>
      </trkpt>
      <trkpt lat="46.336097" lon="6.143378">
        <ele>467.6</ele>
        <time>2026-07-31T11:21:51Z</time>
      </trkpt>
      <trkpt lat="46.336029" lon="6.143345">
        <ele>467.5</ele>
        <time>2026-07-31T11:21:52Z</time>
      </trkpt>
      <trkpt lat="46.335961" lon="6.143313">
        <ele>467.5</ele>
        <time>2026-07-31T11:21:53Z</time>
      </trkpt>
      <trkpt lat="46.335892" lon="6.143276">
        <ele>467.4</ele>
        <time>2026-07-31T11:21:54Z</time>
      </trkpt>
      <trkpt lat="46.335826" lon="6.143242">
        <ele>467.4</ele>
        <time>2026-07-31T11:21:55Z</time>
      </trkpt>
      <trkpt lat="46.335756" lon="6.143209">
        <ele>467.4</ele>
        <time>2026-07-31T11:21:56Z</time>
      </trkpt>
      <trkpt lat="46.33569" lon="6.143167">
        <ele>467.3</ele>
        <time>2026-07-31T11:21:57Z</time>
      </trkpt>
      <trkpt lat="46.335622" lon="6.143131">
        <ele>467.3</ele>
        <time>2026-07-31T11:21:58Z</time>
      </trkpt>
      <trkpt lat="46.335553" lon="6.143095">
        <ele>467.2</ele>
        <time>2026-07-31T11:21:59Z</time>
      </trkpt>
      <trkpt lat="46.335485" lon="6.143062">
        <ele>467.2</ele>
        <time>2026-07-31T11:22:00Z</time>
      </trkpt>
      <trkpt lat="46.335415" lon="6.143027">
        <ele>467.2</ele>
        <time>2026-07-31T11:22:01Z</time>
      </trkpt>
      <trkpt lat="46.335348" lon="6.142992">
        <ele>467.2</ele>
        <time>2026-07-31T11:22:02Z</time>
      </trkpt>
      <trkpt lat="46.33528" lon="6.142952">
        <ele>467.2</ele>
        <time>2026-07-31T11:22:03Z</time>
      </trkpt>
      <trkpt lat="46.335215" lon="6.142918">
        <ele>467.2</ele>
        <time>2026-07-31T11:22:04Z</time>
      </trkpt>
      <trkpt lat="46.335147" lon="6.142881">
        <ele>467.2</ele>
        <time>2026-07-31T11:22:05Z</time>
      </trkpt>
      <trkpt lat="46.335078" lon="6.142846">
        <ele>467.2</ele>
        <time>2026-07-31T11:22:06Z</time>
      </trkpt>
      <trkpt lat="46.335012" lon="6.142807">
        <ele>467.2</ele>
        <time>2026-07-31T11:22:07Z</time>
      </trkpt>
      <trkpt lat="46.334945" lon="6.142773">
        <ele>467.2</ele>
        <time>2026-07-31T11:22:08Z</time>
      </trkpt>
      <trkpt lat="46.33488" lon="6.142738">
        <ele>467.2</ele>
        <time>2026-07-31T11:22:09Z</time>
      </trkpt>
      <trkpt lat="46.334811" lon="6.1427">
        <ele>467.2</ele>
        <time>2026-07-31T11:22:10Z</time>
      </trkpt>
      <trkpt lat="46.33474" lon="6.14267">
        <ele>467.2</ele>
        <time>2026-07-31T11:22:11Z</time>
      </trkpt>
      <trkpt lat="46.334673" lon="6.142634">
        <ele>467.2</ele>
        <time>2026-07-31T11:22:12Z</time>
      </trkpt>
      <trkpt lat="46.334606" lon="6.142598">
        <ele>467.2</ele>
        <time>2026-07-31T11:22:13Z</time>
      </trkpt>
      <trkpt lat="46.334539" lon="6.142568">
        <ele>467.2</ele>
        <time>2026-07-31T11:22:14Z</time>
      </trkpt>
      <trkpt lat="46.334471" lon="6.142543">
        <ele>467.2</ele>
        <time>2026-07-31T11:22:15Z</time>
      </trkpt>
      <trkpt lat="46.334404" lon="6.142501">
        <ele>467.2</ele>
        <time>2026-07-31T11:22:16Z</time>
      </trkpt>
      <trkpt lat="46.334336" lon="6.142466">
        <ele>467.2</ele>
        <time>2026-07-31T11:22:17Z</time>
      </trkpt>
      <trkpt lat="46.334269" lon="6.142431">
        <ele>467.2</ele>
        <time>2026-07-31T11:22:18Z</time>
      </trkpt>
      <trkpt lat="46.334202" lon="6.142395">
        <ele>467.1</ele>
        <time>2026-07-31T11:22:19Z</time>
      </trkpt>
      <trkpt lat="46.334133" lon="6.14236">
        <ele>467.1</ele>
        <time>2026-07-31T11:22:20Z</time>
      </trkpt>
      <trkpt lat="46.334068" lon="6.142327">
        <ele>467.0</ele>
        <time>2026-07-31T11:22:21Z</time>
      </trkpt>
      <trkpt lat="46.333999" lon="6.14229">
        <ele>466.9</ele>
        <time>2026-07-31T11:22:22Z</time>
      </trkpt>
      <trkpt lat="46.333925" lon="6.14226">
        <ele>466.9</ele>
        <time>2026-07-31T11:22:23Z</time>
      </trkpt>
      <trkpt lat="46.333852" lon="6.142222">
        <ele>466.8</ele>
        <time>2026-07-31T11:22:24Z</time>
      </trkpt>
      <trkpt lat="46.333781" lon="6.142177">
        <ele>466.8</ele>
        <time>2026-07-31T11:22:25Z</time>
      </trkpt>
      <trkpt lat="46.33371" lon="6.142132">
        <ele>466.8</ele>
        <time>2026-07-31T11:22:26Z</time>
      </trkpt>
      <trkpt lat="46.333643" lon="6.142083">
        <ele>466.8</ele>
        <time>2026-07-31T11:22:27Z</time>
      </trkpt>
      <trkpt lat="46.333579" lon="6.142026">
        <ele>466.8</ele>
        <time>2026-07-31T11:22:28Z</time>
      </trkpt>
      <trkpt lat="46.333513" lon="6.14197">
        <ele>466.7</ele>
        <time>2026-07-31T11:22:29Z</time>
      </trkpt>
      <trkpt lat="46.333445" lon="6.141917">
        <ele>466.7</ele>
        <time>2026-07-31T11:22:30Z</time>
      </trkpt>
      <trkpt lat="46.333378" lon="6.141871">
        <ele>466.7</ele>
        <time>2026-07-31T11:22:31Z</time>
      </trkpt>
      <trkpt lat="46.33331" lon="6.141817">
        <ele>466.6</ele>
        <time>2026-07-31T11:22:32Z</time>
      </trkpt>
      <trkpt lat="46.333236" lon="6.141766">
        <ele>466.6</ele>
        <time>2026-07-31T11:22:33Z</time>
      </trkpt>
      <trkpt lat="46.333172" lon="6.141709">
        <ele>466.6</ele>
        <time>2026-07-31T11:22:34Z</time>
      </trkpt>
      <trkpt lat="46.333102" lon="6.141652">
        <ele>466.6</ele>
        <time>2026-07-31T11:22:35Z</time>
      </trkpt>
      <trkpt lat="46.333034" lon="6.141596">
        <ele>466.6</ele>
        <time>2026-07-31T11:22:36Z</time>
      </trkpt>
      <trkpt lat="46.332971" lon="6.14154">
        <ele>466.6</ele>
        <time>2026-07-31T11:22:37Z</time>
      </trkpt>
      <trkpt lat="46.332903" lon="6.141482">
        <ele>466.7</ele>
        <time>2026-07-31T11:22:38Z</time>
      </trkpt>
      <trkpt lat="46.332835" lon="6.141429">
        <ele>466.7</ele>
        <time>2026-07-31T11:22:39Z</time>
      </trkpt>
      <trkpt lat="46.332769" lon="6.141373">
        <ele>466.8</ele>
        <time>2026-07-31T11:22:40Z</time>
      </trkpt>
      <trkpt lat="46.332704" lon="6.141319">
        <ele>466.8</ele>
        <time>2026-07-31T11:22:41Z</time>
      </trkpt>
      <trkpt lat="46.332642" lon="6.141266">
        <ele>466.9</ele>
        <time>2026-07-31T11:22:42Z</time>
      </trkpt>
      <trkpt lat="46.332577" lon="6.141212">
        <ele>466.9</ele>
        <time>2026-07-31T11:22:43Z</time>
      </trkpt>
      <trkpt lat="46.332512" lon="6.141166">
        <ele>467.0</ele>
        <time>2026-07-31T11:22:44Z</time>
      </trkpt>
      <trkpt lat="46.332448" lon="6.141114">
        <ele>467.0</ele>
        <time>2026-07-31T11:22:45Z</time>
      </trkpt>
      <trkpt lat="46.332389" lon="6.141058">
        <ele>467.1</ele>
        <time>2026-07-31T11:22:46Z</time>
      </trkpt>
      <trkpt lat="46.332329" lon="6.141016">
        <ele>467.1</ele>
        <time>2026-07-31T11:22:47Z</time>
      </trkpt>
      <trkpt lat="46.332267" lon="6.140965">
        <ele>467.2</ele>
        <time>2026-07-31T11:22:48Z</time>
      </trkpt>
      <trkpt lat="46.332208" lon="6.140919">
        <ele>467.2</ele>
        <time>2026-07-31T11:22:49Z</time>
      </trkpt>
      <trkpt lat="46.332148" lon="6.140873">
        <ele>467.2</ele>
        <time>2026-07-31T11:22:50Z</time>
      </trkpt>
      <trkpt lat="46.332088" lon="6.140831">
        <ele>467.3</ele>
        <time>2026-07-31T11:22:51Z</time>
      </trkpt>
      <trkpt lat="46.332031" lon="6.140788">
        <ele>467.3</ele>
        <time>2026-07-31T11:22:52Z</time>
      </trkpt>
      <trkpt lat="46.331973" lon="6.140735">
        <ele>467.3</ele>
        <time>2026-07-31T11:22:53Z</time>
      </trkpt>
      <trkpt lat="46.331915" lon="6.140681">
        <ele>467.3</ele>
        <time>2026-07-31T11:22:54Z</time>
      </trkpt>
      <trkpt lat="46.331858" lon="6.140631">
        <ele>467.3</ele>
        <time>2026-07-31T11:22:55Z</time>
      </trkpt>
      <trkpt lat="46.331797" lon="6.14058">
        <ele>467.2</ele>
        <time>2026-07-31T11:22:56Z</time>
      </trkpt>
      <trkpt lat="46.331738" lon="6.140529">
        <ele>467.2</ele>
        <time>2026-07-31T11:22:57Z</time>
      </trkpt>
      <trkpt lat="46.331679" lon="6.140477">
        <ele>467.2</ele>
        <time>2026-07-31T11:22:58Z</time>
      </trkpt>
      <trkpt lat="46.331622" lon="6.140433">
        <ele>467.2</ele>
        <time>2026-07-31T11:22:59Z</time>
      </trkpt>
      <trkpt lat="46.331563" lon="6.140389">
        <ele>467.2</ele>
        <time>2026-07-31T11:23:00Z</time>
      </trkpt>
      <trkpt lat="46.331505" lon="6.140341">
        <ele>467.2</ele>
        <time>2026-07-31T11:23:01Z</time>
      </trkpt>
      <trkpt lat="46.331444" lon="6.14029">
        <ele>467.2</ele>
        <time>2026-07-31T11:23:02Z</time>
      </trkpt>
      <trkpt lat="46.331383" lon="6.14024">
        <ele>467.2</ele>
        <time>2026-07-31T11:23:03Z</time>
      </trkpt>
      <trkpt lat="46.331324" lon="6.140201">
        <ele>467.2</ele>
        <time>2026-07-31T11:23:04Z</time>
      </trkpt>
      <trkpt lat="46.331261" lon="6.140136">
        <ele>467.2</ele>
        <time>2026-07-31T11:23:05Z</time>
      </trkpt>
      <trkpt lat="46.331202" lon="6.140079">
        <ele>467.2</ele>
        <time>2026-07-31T11:23:06Z</time>
      </trkpt>
      <trkpt lat="46.33115" lon="6.140025">
        <ele>467.2</ele>
        <time>2026-07-31T11:23:07Z</time>
      </trkpt>
      <trkpt lat="46.331088" lon="6.139981">
        <ele>467.2</ele>
        <time>2026-07-31T11:23:08Z</time>
      </trkpt>
      <trkpt lat="46.331032" lon="6.139942">
        <ele>467.2</ele>
        <time>2026-07-31T11:23:09Z</time>
      </trkpt>
      <trkpt lat="46.330971" lon="6.139893">
        <ele>467.2</ele>
        <time>2026-07-31T11:23:10Z</time>
      </trkpt>
      <trkpt lat="46.330915" lon="6.139844">
        <ele>467.2</ele>
        <time>2026-07-31T11:23:11Z</time>
      </trkpt>
      <trkpt lat="46.330859" lon="6.139802">
        <ele>467.1</ele>
        <time>2026-07-31T11:23:12Z</time>
      </trkpt>
      <trkpt lat="46.3308" lon="6.139757">
        <ele>467.1</ele>
        <time>2026-07-31T11:23:13Z</time>
      </trkpt>
      <trkpt lat="46.330745" lon="6.139707">
        <ele>467.1</ele>
        <time>2026-07-31T11:23:14Z</time>
      </trkpt>
      <trkpt lat="46.330691" lon="6.139651">
        <ele>467.0</ele>
        <time>2026-07-31T11:23:15Z</time>
      </trkpt>
      <trkpt lat="46.330636" lon="6.139602">
        <ele>466.9</ele>
        <time>2026-07-31T11:23:16Z</time>
      </trkpt>
      <trkpt lat="46.330584" lon="6.139554">
        <ele>466.9</ele>
        <time>2026-07-31T11:23:17Z</time>
      </trkpt>
      <trkpt lat="46.330517" lon="6.13951">
        <ele>466.8</ele>
        <time>2026-07-31T11:23:18Z</time>
      </trkpt>
      <trkpt lat="46.330454" lon="6.139471">
        <ele>466.7</ele>
        <time>2026-07-31T11:23:19Z</time>
      </trkpt>
      <trkpt lat="46.330397" lon="6.139419">
        <ele>466.7</ele>
        <time>2026-07-31T11:23:20Z</time>
      </trkpt>
      <trkpt lat="46.330335" lon="6.139364">
        <ele>466.6</ele>
        <time>2026-07-31T11:23:21Z</time>
      </trkpt>
      <trkpt lat="46.330275" lon="6.13932">
        <ele>466.6</ele>
        <time>2026-07-31T11:23:22Z</time>
      </trkpt>
      <trkpt lat="46.330211" lon="6.139269">
        <ele>466.5</ele>
        <time>2026-07-31T11:23:23Z</time>
      </trkpt>
      <trkpt lat="46.330145" lon="6.139231">
        <ele>466.5</ele>
        <time>2026-07-31T11:23:24Z</time>
      </trkpt>
      <trkpt lat="46.330086" lon="6.139169">
        <ele>466.5</ele>
        <time>2026-07-31T11:23:25Z</time>
      </trkpt>
      <trkpt lat="46.330027" lon="6.139117">
        <ele>466.5</ele>
        <time>2026-07-31T11:23:26Z</time>
      </trkpt>
      <trkpt lat="46.329973" lon="6.139065">
        <ele>466.5</ele>
        <time>2026-07-31T11:23:27Z</time>
      </trkpt>
      <trkpt lat="46.329916" lon="6.139016">
        <ele>466.5</ele>
        <time>2026-07-31T11:23:28Z</time>
      </trkpt>
      <trkpt lat="46.329857" lon="6.138969">
        <ele>466.5</ele>
        <time>2026-07-31T11:23:29Z</time>
      </trkpt>
      <trkpt lat="46.329797" lon="6.138919">
        <ele>466.5</ele>
        <time>2026-07-31T11:23:30Z</time>
      </trkpt>
      <trkpt lat="46.329737" lon="6.138876">
        <ele>466.4</ele>
        <time>2026-07-31T11:23:31Z</time>
      </trkpt>
      <trkpt lat="46.329675" lon="6.138824">
        <ele>466.4</ele>
        <time>2026-07-31T11:23:32Z</time>
      </trkpt>
      <trkpt lat="46.329616" lon="6.138775">
        <ele>466.4</ele>
        <time>2026-07-31T11:23:33Z</time>
      </trkpt>
      <trkpt lat="46.329558" lon="6.138726">
        <ele>466.4</ele>
        <time>2026-07-31T11:23:34Z</time>
      </trkpt>
      <trkpt lat="46.329492" lon="6.138682">
        <ele>466.4</ele>
        <time>2026-07-31T11:23:35Z</time>
      </trkpt>
      <trkpt lat="46.329441" lon="6.138623">
        <ele>466.4</ele>
        <time>2026-07-31T11:23:36Z</time>
      </trkpt>
      <trkpt lat="46.329373" lon="6.13857">
        <ele>466.5</ele>
        <time>2026-07-31T11:23:37Z</time>
      </trkpt>
      <trkpt lat="46.329319" lon="6.138535">
        <ele>466.6</ele>
        <time>2026-07-31T11:23:38Z</time>
      </trkpt>
      <trkpt lat="46.329265" lon="6.138476">
        <ele>466.7</ele>
        <time>2026-07-31T11:23:39Z</time>
      </trkpt>
      <trkpt lat="46.329204" lon="6.138443">
        <ele>466.8</ele>
        <time>2026-07-31T11:23:40Z</time>
      </trkpt>
      <trkpt lat="46.329145" lon="6.138397">
        <ele>466.9</ele>
        <time>2026-07-31T11:23:41Z</time>
      </trkpt>
      <trkpt lat="46.329092" lon="6.138357">
        <ele>467.0</ele>
        <time>2026-07-31T11:23:42Z</time>
      </trkpt>
      <trkpt lat="46.329035" lon="6.138319">
        <ele>467.2</ele>
        <time>2026-07-31T11:23:43Z</time>
      </trkpt>
      <trkpt lat="46.32898" lon="6.138273">
        <ele>467.3</ele>
        <time>2026-07-31T11:23:44Z</time>
      </trkpt>
      <trkpt lat="46.328926" lon="6.138228">
        <ele>467.5</ele>
        <time>2026-07-31T11:23:45Z</time>
      </trkpt>
      <trkpt lat="46.328872" lon="6.138184">
        <ele>467.6</ele>
        <time>2026-07-31T11:23:46Z</time>
      </trkpt>
      <trkpt lat="46.328821" lon="6.138144">
        <ele>467.7</ele>
        <time>2026-07-31T11:23:47Z</time>
      </trkpt>
      <trkpt lat="46.328765" lon="6.138101">
        <ele>467.9</ele>
        <time>2026-07-31T11:23:48Z</time>
      </trkpt>
      <trkpt lat="46.328713" lon="6.138061">
        <ele>468.0</ele>
        <time>2026-07-31T11:23:49Z</time>
      </trkpt>
      <trkpt lat="46.328659" lon="6.13802">
        <ele>468.1</ele>
        <time>2026-07-31T11:23:50Z</time>
      </trkpt>
      <trkpt lat="46.328602" lon="6.137975">
        <ele>468.2</ele>
        <time>2026-07-31T11:23:51Z</time>
      </trkpt>
      <trkpt lat="46.328549" lon="6.13793">
        <ele>468.3</ele>
        <time>2026-07-31T11:23:52Z</time>
      </trkpt>
      <trkpt lat="46.328489" lon="6.137889">
        <ele>468.4</ele>
        <time>2026-07-31T11:23:53Z</time>
      </trkpt>
      <trkpt lat="46.328442" lon="6.137836">
        <ele>468.4</ele>
        <time>2026-07-31T11:23:54Z</time>
      </trkpt>
      <trkpt lat="46.328389" lon="6.137779">
        <ele>468.6</ele>
        <time>2026-07-31T11:23:55Z</time>
      </trkpt>
      <trkpt lat="46.328335" lon="6.13774">
        <ele>468.7</ele>
        <time>2026-07-31T11:23:56Z</time>
      </trkpt>
      <trkpt lat="46.328276" lon="6.137705">
        <ele>468.8</ele>
        <time>2026-07-31T11:23:57Z</time>
      </trkpt>
      <trkpt lat="46.328224" lon="6.13766">
        <ele>468.8</ele>
        <time>2026-07-31T11:23:58Z</time>
      </trkpt>
      <trkpt lat="46.328169" lon="6.137615">
        <ele>468.9</ele>
        <time>2026-07-31T11:23:59Z</time>
      </trkpt>
      <trkpt lat="46.328113" lon="6.137579">
        <ele>469.0</ele>
        <time>2026-07-31T11:24:00Z</time>
      </trkpt>
      <trkpt lat="46.328058" lon="6.137535">
        <ele>469.0</ele>
        <time>2026-07-31T11:24:01Z</time>
      </trkpt>
      <trkpt lat="46.328006" lon="6.137497">
        <ele>469.1</ele>
        <time>2026-07-31T11:24:02Z</time>
      </trkpt>
      <trkpt lat="46.327951" lon="6.137454">
        <ele>469.1</ele>
        <time>2026-07-31T11:24:03Z</time>
      </trkpt>
      <trkpt lat="46.327897" lon="6.137409">
        <ele>469.1</ele>
        <time>2026-07-31T11:24:04Z</time>
      </trkpt>
      <trkpt lat="46.327841" lon="6.137355">
        <ele>469.1</ele>
        <time>2026-07-31T11:24:05Z</time>
      </trkpt>
      <trkpt lat="46.327785" lon="6.137317">
        <ele>469.2</ele>
        <time>2026-07-31T11:24:06Z</time>
      </trkpt>
      <trkpt lat="46.327729" lon="6.137277">
        <ele>469.2</ele>
        <time>2026-07-31T11:24:07Z</time>
      </trkpt>
      <trkpt lat="46.327672" lon="6.137234">
        <ele>469.2</ele>
        <time>2026-07-31T11:24:08Z</time>
      </trkpt>
      <trkpt lat="46.327613" lon="6.137188">
        <ele>469.2</ele>
        <time>2026-07-31T11:24:09Z</time>
      </trkpt>
      <trkpt lat="46.327557" lon="6.137146">
        <ele>469.2</ele>
        <time>2026-07-31T11:24:10Z</time>
      </trkpt>
      <trkpt lat="46.327501" lon="6.137105">
        <ele>469.2</ele>
        <time>2026-07-31T11:24:11Z</time>
      </trkpt>
      <trkpt lat="46.327443" lon="6.137057">
        <ele>469.3</ele>
        <time>2026-07-31T11:24:12Z</time>
      </trkpt>
      <trkpt lat="46.327387" lon="6.137011">
        <ele>469.3</ele>
        <time>2026-07-31T11:24:13Z</time>
      </trkpt>
      <trkpt lat="46.327333" lon="6.136963">
        <ele>469.3</ele>
        <time>2026-07-31T11:24:14Z</time>
      </trkpt>
      <trkpt lat="46.327278" lon="6.136918">
        <ele>469.4</ele>
        <time>2026-07-31T11:24:15Z</time>
      </trkpt>
      <trkpt lat="46.327224" lon="6.136872">
        <ele>469.5</ele>
        <time>2026-07-31T11:24:16Z</time>
      </trkpt>
      <trkpt lat="46.327171" lon="6.136818">
        <ele>469.5</ele>
        <time>2026-07-31T11:24:17Z</time>
      </trkpt>
      <trkpt lat="46.327116" lon="6.136772">
        <ele>469.6</ele>
        <time>2026-07-31T11:24:18Z</time>
      </trkpt>
      <trkpt lat="46.327062" lon="6.13673">
        <ele>469.6</ele>
        <time>2026-07-31T11:24:19Z</time>
      </trkpt>
      <trkpt lat="46.327006" lon="6.136685">
        <ele>469.7</ele>
        <time>2026-07-31T11:24:20Z</time>
      </trkpt>
      <trkpt lat="46.326949" lon="6.13664">
        <ele>469.7</ele>
        <time>2026-07-31T11:24:21Z</time>
      </trkpt>
      <trkpt lat="46.326895" lon="6.136591">
        <ele>469.8</ele>
        <time>2026-07-31T11:24:22Z</time>
      </trkpt>
      <trkpt lat="46.326839" lon="6.136548">
        <ele>469.8</ele>
        <time>2026-07-31T11:24:23Z</time>
      </trkpt>
      <trkpt lat="46.326783" lon="6.136494">
        <ele>469.8</ele>
        <time>2026-07-31T11:24:24Z</time>
      </trkpt>
      <trkpt lat="46.326727" lon="6.136451">
        <ele>469.9</ele>
        <time>2026-07-31T11:24:25Z</time>
      </trkpt>
      <trkpt lat="46.326667" lon="6.136408">
        <ele>469.9</ele>
        <time>2026-07-31T11:24:26Z</time>
      </trkpt>
      <trkpt lat="46.326607" lon="6.136375">
        <ele>469.9</ele>
        <time>2026-07-31T11:24:27Z</time>
      </trkpt>
      <trkpt lat="46.326555" lon="6.136326">
        <ele>469.9</ele>
        <time>2026-07-31T11:24:28Z</time>
      </trkpt>
      <trkpt lat="46.326503" lon="6.136262">
        <ele>470.0</ele>
        <time>2026-07-31T11:24:29Z</time>
      </trkpt>
      <trkpt lat="46.326447" lon="6.136223">
        <ele>470.0</ele>
        <time>2026-07-31T11:24:30Z</time>
      </trkpt>
      <trkpt lat="46.326391" lon="6.136169">
        <ele>470.0</ele>
        <time>2026-07-31T11:24:31Z</time>
      </trkpt>
      <trkpt lat="46.326334" lon="6.136127">
        <ele>470.0</ele>
        <time>2026-07-31T11:24:32Z</time>
      </trkpt>
      <trkpt lat="46.326277" lon="6.136086">
        <ele>470.1</ele>
        <time>2026-07-31T11:24:33Z</time>
      </trkpt>
      <trkpt lat="46.326219" lon="6.136038">
        <ele>470.1</ele>
        <time>2026-07-31T11:24:34Z</time>
      </trkpt>
      <trkpt lat="46.326166" lon="6.135992">
        <ele>470.2</ele>
        <time>2026-07-31T11:24:35Z</time>
      </trkpt>
      <trkpt lat="46.326116" lon="6.135937">
        <ele>470.3</ele>
        <time>2026-07-31T11:24:36Z</time>
      </trkpt>
      <trkpt lat="46.326061" lon="6.135898">
        <ele>470.4</ele>
        <time>2026-07-31T11:24:37Z</time>
      </trkpt>
      <trkpt lat="46.326005" lon="6.135858">
        <ele>470.4</ele>
        <time>2026-07-31T11:24:38Z</time>
      </trkpt>
      <trkpt lat="46.325954" lon="6.135824">
        <ele>470.5</ele>
        <time>2026-07-31T11:24:39Z</time>
      </trkpt>
      <trkpt lat="46.325901" lon="6.135777">
        <ele>470.6</ele>
        <time>2026-07-31T11:24:40Z</time>
      </trkpt>
      <trkpt lat="46.325852" lon="6.135739">
        <ele>470.7</ele>
        <time>2026-07-31T11:24:41Z</time>
      </trkpt>
      <trkpt lat="46.325799" lon="6.135698">
        <ele>470.9</ele>
        <time>2026-07-31T11:24:42Z</time>
      </trkpt>
      <trkpt lat="46.325747" lon="6.135656">
        <ele>471.0</ele>
        <time>2026-07-31T11:24:43Z</time>
      </trkpt>
      <trkpt lat="46.325696" lon="6.13562">
        <ele>471.2</ele>
        <time>2026-07-31T11:24:44Z</time>
      </trkpt>
      <trkpt lat="46.325643" lon="6.135581">
        <ele>471.3</ele>
        <time>2026-07-31T11:24:45Z</time>
      </trkpt>
      <trkpt lat="46.325586" lon="6.135555">
        <ele>471.4</ele>
        <time>2026-07-31T11:24:46Z</time>
      </trkpt>
      <trkpt lat="46.325534" lon="6.135526">
        <ele>471.6</ele>
        <time>2026-07-31T11:24:47Z</time>
      </trkpt>
      <trkpt lat="46.325482" lon="6.135498">
        <ele>471.7</ele>
        <time>2026-07-31T11:24:48Z</time>
      </trkpt>
      <trkpt lat="46.325429" lon="6.13548">
        <ele>471.9</ele>
        <time>2026-07-31T11:24:49Z</time>
      </trkpt>
      <trkpt lat="46.325375" lon="6.135453">
        <ele>472.1</ele>
        <time>2026-07-31T11:24:50Z</time>
      </trkpt>
      <trkpt lat="46.325324" lon="6.13544">
        <ele>472.3</ele>
        <time>2026-07-31T11:24:51Z</time>
      </trkpt>
      <trkpt lat="46.325272" lon="6.135417">
        <ele>472.4</ele>
        <time>2026-07-31T11:24:52Z</time>
      </trkpt>
      <trkpt lat="46.325216" lon="6.135399">
        <ele>472.6</ele>
        <time>2026-07-31T11:24:53Z</time>
      </trkpt>
      <trkpt lat="46.325164" lon="6.135382">
        <ele>472.8</ele>
        <time>2026-07-31T11:24:54Z</time>
      </trkpt>
      <trkpt lat="46.325108" lon="6.135364">
        <ele>472.9</ele>
        <time>2026-07-31T11:24:55Z</time>
      </trkpt>
      <trkpt lat="46.325054" lon="6.135342">
        <ele>473.1</ele>
        <time>2026-07-31T11:24:56Z</time>
      </trkpt>
      <trkpt lat="46.324999" lon="6.135319">
        <ele>473.2</ele>
        <time>2026-07-31T11:24:57Z</time>
      </trkpt>
      <trkpt lat="46.324943" lon="6.135305">
        <ele>473.3</ele>
        <time>2026-07-31T11:24:58Z</time>
      </trkpt>
      <trkpt lat="46.324888" lon="6.135282">
        <ele>473.4</ele>
        <time>2026-07-31T11:24:59Z</time>
      </trkpt>
      <trkpt lat="46.324832" lon="6.135249">
        <ele>473.5</ele>
        <time>2026-07-31T11:25:00Z</time>
      </trkpt>
      <trkpt lat="46.324781" lon="6.135241">
        <ele>473.6</ele>
        <time>2026-07-31T11:25:01Z</time>
      </trkpt>
      <trkpt lat="46.324726" lon="6.135222">
        <ele>473.7</ele>
        <time>2026-07-31T11:25:02Z</time>
      </trkpt>
      <trkpt lat="46.324676" lon="6.135203">
        <ele>473.7</ele>
        <time>2026-07-31T11:25:03Z</time>
      </trkpt>
      <trkpt lat="46.32462" lon="6.135192">
        <ele>473.7</ele>
        <time>2026-07-31T11:25:04Z</time>
      </trkpt>
      <trkpt lat="46.32457" lon="6.135174">
        <ele>473.8</ele>
        <time>2026-07-31T11:25:05Z</time>
      </trkpt>
      <trkpt lat="46.324521" lon="6.135153">
        <ele>473.8</ele>
        <time>2026-07-31T11:25:06Z</time>
      </trkpt>
      <trkpt lat="46.32447" lon="6.135139">
        <ele>473.7</ele>
        <time>2026-07-31T11:25:07Z</time>
      </trkpt>
      <trkpt lat="46.324413" lon="6.135119">
        <ele>473.7</ele>
        <time>2026-07-31T11:25:08Z</time>
      </trkpt>
      <trkpt lat="46.324369" lon="6.135103">
        <ele>473.7</ele>
        <time>2026-07-31T11:25:09Z</time>
      </trkpt>
      <trkpt lat="46.324329" lon="6.135082">
        <ele>473.7</ele>
        <time>2026-07-31T11:25:10Z</time>
      </trkpt>
      <trkpt lat="46.324289" lon="6.135068">
        <ele>473.6</ele>
        <time>2026-07-31T11:25:11Z</time>
      </trkpt>
      <trkpt lat="46.324255" lon="6.135059">
        <ele>473.6</ele>
        <time>2026-07-31T11:25:12Z</time>
      </trkpt>
      <trkpt lat="46.324227" lon="6.135054">
        <ele>473.6</ele>
        <time>2026-07-31T11:25:13Z</time>
      </trkpt>
      <trkpt lat="46.324204" lon="6.135049">
        <ele>473.6</ele>
        <time>2026-07-31T11:25:14Z</time>
      </trkpt>
      <trkpt lat="46.324176" lon="6.135042">
        <ele>473.6</ele>
        <time>2026-07-31T11:25:15Z</time>
      </trkpt>
      <trkpt lat="46.324141" lon="6.135046">
        <ele>473.5</ele>
        <time>2026-07-31T11:25:16Z</time>
      </trkpt>
      <trkpt lat="46.324117" lon="6.135039">
        <ele>473.5</ele>
        <time>2026-07-31T11:25:17Z</time>
      </trkpt>
      <trkpt lat="46.324095" lon="6.135031">
        <ele>473.5</ele>
        <time>2026-07-31T11:25:18Z</time>
      </trkpt>
      <trkpt lat="46.324063" lon="6.135023">
        <ele>473.5</ele>
        <time>2026-07-31T11:25:19Z</time>
      </trkpt>
      <trkpt lat="46.324019" lon="6.13502">
        <ele>473.5</ele>
        <time>2026-07-31T11:25:20Z</time>
      </trkpt>
      <trkpt lat="46.323985" lon="6.135035">
        <ele>473.5</ele>
        <time>2026-07-31T11:25:21Z</time>
      </trkpt>
      <trkpt lat="46.323949" lon="6.135059">
        <ele>473.5</ele>
        <time>2026-07-31T11:25:22Z</time>
      </trkpt>
      <trkpt lat="46.323913" lon="6.135106">
        <ele>473.6</ele>
        <time>2026-07-31T11:25:23Z</time>
      </trkpt>
      <trkpt lat="46.323886" lon="6.135157">
        <ele>473.7</ele>
        <time>2026-07-31T11:25:24Z</time>
      </trkpt>
      <trkpt lat="46.323857" lon="6.135212">
        <ele>473.8</ele>
        <time>2026-07-31T11:25:25Z</time>
      </trkpt>
      <trkpt lat="46.323825" lon="6.135264">
        <ele>473.9</ele>
        <time>2026-07-31T11:25:26Z</time>
      </trkpt>
      <trkpt lat="46.323796" lon="6.13532">
        <ele>474.0</ele>
        <time>2026-07-31T11:25:27Z</time>
      </trkpt>
      <trkpt lat="46.323767" lon="6.135378">
        <ele>474.1</ele>
        <time>2026-07-31T11:25:28Z</time>
      </trkpt>
      <trkpt lat="46.323736" lon="6.135435">
        <ele>474.2</ele>
        <time>2026-07-31T11:25:29Z</time>
      </trkpt>
      <trkpt lat="46.323704" lon="6.135496">
        <ele>474.3</ele>
        <time>2026-07-31T11:25:30Z</time>
      </trkpt>
      <trkpt lat="46.323675" lon="6.135554">
        <ele>474.4</ele>
        <time>2026-07-31T11:25:31Z</time>
      </trkpt>
      <trkpt lat="46.323636" lon="6.135611">
        <ele>474.6</ele>
        <time>2026-07-31T11:25:32Z</time>
      </trkpt>
      <trkpt lat="46.323606" lon="6.135664">
        <ele>474.7</ele>
        <time>2026-07-31T11:25:33Z</time>
      </trkpt>
      <trkpt lat="46.323573" lon="6.135722">
        <ele>474.9</ele>
        <time>2026-07-31T11:25:34Z</time>
      </trkpt>
      <trkpt lat="46.323544" lon="6.135778">
        <ele>475.0</ele>
        <time>2026-07-31T11:25:35Z</time>
      </trkpt>
      <trkpt lat="46.323503" lon="6.135836">
        <ele>475.2</ele>
        <time>2026-07-31T11:25:36Z</time>
      </trkpt>
      <trkpt lat="46.323463" lon="6.135892">
        <ele>475.4</ele>
        <time>2026-07-31T11:25:37Z</time>
      </trkpt>
      <trkpt lat="46.323423" lon="6.135946">
        <ele>475.6</ele>
        <time>2026-07-31T11:25:38Z</time>
      </trkpt>
      <trkpt lat="46.323391" lon="6.136">
        <ele>475.8</ele>
        <time>2026-07-31T11:25:39Z</time>
      </trkpt>
      <trkpt lat="46.323359" lon="6.136047">
        <ele>476.0</ele>
        <time>2026-07-31T11:25:40Z</time>
      </trkpt>
      <trkpt lat="46.323315" lon="6.136102">
        <ele>476.3</ele>
        <time>2026-07-31T11:25:41Z</time>
      </trkpt>
      <trkpt lat="46.323277" lon="6.136159">
        <ele>476.6</ele>
        <time>2026-07-31T11:25:42Z</time>
      </trkpt>
      <trkpt lat="46.323253" lon="6.136209">
        <ele>476.8</ele>
        <time>2026-07-31T11:25:43Z</time>
      </trkpt>
      <trkpt lat="46.323228" lon="6.136261">
        <ele>477.0</ele>
        <time>2026-07-31T11:25:44Z</time>
      </trkpt>
      <trkpt lat="46.323191" lon="6.136311">
        <ele>477.2</ele>
        <time>2026-07-31T11:25:45Z</time>
      </trkpt>
      <trkpt lat="46.323161" lon="6.136357">
        <ele>477.4</ele>
        <time>2026-07-31T11:25:46Z</time>
      </trkpt>
      <trkpt lat="46.323139" lon="6.136405">
        <ele>477.6</ele>
        <time>2026-07-31T11:25:47Z</time>
      </trkpt>
      <trkpt lat="46.323105" lon="6.136451">
        <ele>477.8</ele>
        <time>2026-07-31T11:25:48Z</time>
      </trkpt>
      <trkpt lat="46.323071" lon="6.136502">
        <ele>478.1</ele>
        <time>2026-07-31T11:25:49Z</time>
      </trkpt>
      <trkpt lat="46.323038" lon="6.136552">
        <ele>478.3</ele>
        <time>2026-07-31T11:25:50Z</time>
      </trkpt>
      <trkpt lat="46.323015" lon="6.136602">
        <ele>478.4</ele>
        <time>2026-07-31T11:25:51Z</time>
      </trkpt>
      <trkpt lat="46.322994" lon="6.136647">
        <ele>478.6</ele>
        <time>2026-07-31T11:25:52Z</time>
      </trkpt>
      <trkpt lat="46.322966" lon="6.136699">
        <ele>478.8</ele>
        <time>2026-07-31T11:25:53Z</time>
      </trkpt>
      <trkpt lat="46.322938" lon="6.136749">
        <ele>479.0</ele>
        <time>2026-07-31T11:25:54Z</time>
      </trkpt>
      <trkpt lat="46.322907" lon="6.136801">
        <ele>479.2</ele>
        <time>2026-07-31T11:25:55Z</time>
      </trkpt>
      <trkpt lat="46.322879" lon="6.136854">
        <ele>479.3</ele>
        <time>2026-07-31T11:25:56Z</time>
      </trkpt>
      <trkpt lat="46.32285" lon="6.136899">
        <ele>479.5</ele>
        <time>2026-07-31T11:25:57Z</time>
      </trkpt>
      <trkpt lat="46.322821" lon="6.136938">
        <ele>479.7</ele>
        <time>2026-07-31T11:25:58Z</time>
      </trkpt>
      <trkpt lat="46.322793" lon="6.136992">
        <ele>479.9</ele>
        <time>2026-07-31T11:25:59Z</time>
      </trkpt>
      <trkpt lat="46.322759" lon="6.13705">
        <ele>480.1</ele>
        <time>2026-07-31T11:26:00Z</time>
      </trkpt>
      <trkpt lat="46.322732" lon="6.137091">
        <ele>480.3</ele>
        <time>2026-07-31T11:26:01Z</time>
      </trkpt>
      <trkpt lat="46.322694" lon="6.137142">
        <ele>480.5</ele>
        <time>2026-07-31T11:26:02Z</time>
      </trkpt>
      <trkpt lat="46.322664" lon="6.137189">
        <ele>480.8</ele>
        <time>2026-07-31T11:26:03Z</time>
      </trkpt>
      <trkpt lat="46.32264" lon="6.137223">
        <ele>480.9</ele>
        <time>2026-07-31T11:26:04Z</time>
      </trkpt>
      <trkpt lat="46.322607" lon="6.137274">
        <ele>481.2</ele>
        <time>2026-07-31T11:26:05Z</time>
      </trkpt>
      <trkpt lat="46.322578" lon="6.137309">
        <ele>481.4</ele>
        <time>2026-07-31T11:26:06Z</time>
      </trkpt>
      <trkpt lat="46.322549" lon="6.137332">
        <ele>481.5</ele>
        <time>2026-07-31T11:26:07Z</time>
      </trkpt>
      <trkpt lat="46.322519" lon="6.137352">
        <ele>481.7</ele>
        <time>2026-07-31T11:26:08Z</time>
      </trkpt>
      <trkpt lat="46.322484" lon="6.137363">
        <ele>481.9</ele>
        <time>2026-07-31T11:26:09Z</time>
      </trkpt>
      <trkpt lat="46.322454" lon="6.137376">
        <ele>482.0</ele>
        <time>2026-07-31T11:26:10Z</time>
      </trkpt>
      <trkpt lat="46.322428" lon="6.137398">
        <ele>482.0</ele>
        <time>2026-07-31T11:26:11Z</time>
      </trkpt>
      <trkpt lat="46.322413" lon="6.137411">
        <ele>482.0</ele>
        <time>2026-07-31T11:26:12Z</time>
      </trkpt>
      <trkpt lat="46.322394" lon="6.137406">
        <ele>482.0</ele>
        <time>2026-07-31T11:26:13Z</time>
      </trkpt>
      <trkpt lat="46.32237" lon="6.13739">
        <ele>481.9</ele>
        <time>2026-07-31T11:26:14Z</time>
      </trkpt>
      <trkpt lat="46.322341" lon="6.137351">
        <ele>481.9</ele>
        <time>2026-07-31T11:26:15Z</time>
      </trkpt>
      <trkpt lat="46.322315" lon="6.137302">
        <ele>481.9</ele>
        <time>2026-07-31T11:26:16Z</time>
      </trkpt>
      <trkpt lat="46.322285" lon="6.137261">
        <ele>481.8</ele>
        <time>2026-07-31T11:26:17Z</time>
      </trkpt>
      <trkpt lat="46.322246" lon="6.137222">
        <ele>481.8</ele>
        <time>2026-07-31T11:26:18Z</time>
      </trkpt>
      <trkpt lat="46.322211" lon="6.137182">
        <ele>481.7</ele>
        <time>2026-07-31T11:26:19Z</time>
      </trkpt>
      <trkpt lat="46.322174" lon="6.137142">
        <ele>481.7</ele>
        <time>2026-07-31T11:26:20Z</time>
      </trkpt>
      <trkpt lat="46.322142" lon="6.137109">
        <ele>481.7</ele>
        <time>2026-07-31T11:26:21Z</time>
      </trkpt>
      <trkpt lat="46.322095" lon="6.13708">
        <ele>481.6</ele>
        <time>2026-07-31T11:26:22Z</time>
      </trkpt>
      <trkpt lat="46.322057" lon="6.137057">
        <ele>481.5</ele>
        <time>2026-07-31T11:26:23Z</time>
      </trkpt>
      <trkpt lat="46.322014" lon="6.137046">
        <ele>481.5</ele>
        <time>2026-07-31T11:26:24Z</time>
      </trkpt>
      <trkpt lat="46.321977" lon="6.137049">
        <ele>481.4</ele>
        <time>2026-07-31T11:26:25Z</time>
      </trkpt>
      <trkpt lat="46.32193" lon="6.137056">
        <ele>481.2</ele>
        <time>2026-07-31T11:26:26Z</time>
      </trkpt>
      <trkpt lat="46.321892" lon="6.137086">
        <ele>481.1</ele>
        <time>2026-07-31T11:26:27Z</time>
      </trkpt>
      <trkpt lat="46.321864" lon="6.13712">
        <ele>481.0</ele>
        <time>2026-07-31T11:26:28Z</time>
      </trkpt>
      <trkpt lat="46.321834" lon="6.137158">
        <ele>480.9</ele>
        <time>2026-07-31T11:26:29Z</time>
      </trkpt>
      <trkpt lat="46.321807" lon="6.137199">
        <ele>480.8</ele>
        <time>2026-07-31T11:26:30Z</time>
      </trkpt>
      <trkpt lat="46.321802" lon="6.137227">
        <ele>480.8</ele>
        <time>2026-07-31T11:26:31Z</time>
      </trkpt>
      <trkpt lat="46.321803" lon="6.137248">
        <ele>480.7</ele>
        <time>2026-07-31T11:26:32Z</time>
      </trkpt>
      <trkpt lat="46.321804" lon="6.137259">
        <ele>480.7</ele>
        <time>2026-07-31T11:26:33Z</time>
      </trkpt>
      <trkpt lat="46.321799" lon="6.137256">
        <ele>480.7</ele>
        <time>2026-07-31T11:26:34Z</time>
      </trkpt>
      <trkpt lat="46.321797" lon="6.137253">
        <ele>480.7</ele>
        <time>2026-07-31T11:26:35Z</time>
      </trkpt>
      <trkpt lat="46.32179" lon="6.137254">
        <ele>480.7</ele>
        <time>2026-07-31T11:26:36Z</time>
      </trkpt>
      <trkpt lat="46.321782" lon="6.137263">
        <ele>480.6</ele>
        <time>2026-07-31T11:26:37Z</time>
      </trkpt>
      <trkpt lat="46.321771" lon="6.137278">
        <ele>480.6</ele>
        <time>2026-07-31T11:26:38Z</time>
      </trkpt>
      <trkpt lat="46.321769" lon="6.13728">
        <ele>480.6</ele>
        <time>2026-07-31T11:26:39Z</time>
      </trkpt>
      <trkpt lat="46.32177" lon="6.137277">
        <ele>480.6</ele>
        <time>2026-07-31T11:26:40Z</time>
      </trkpt>
      <trkpt lat="46.321767" lon="6.137287">
        <ele>480.6</ele>
        <time>2026-07-31T11:26:41Z</time>
      </trkpt>
      <trkpt lat="46.32176" lon="6.137294">
        <ele>480.5</ele>
        <time>2026-07-31T11:26:42Z</time>
      </trkpt>
      <trkpt lat="46.321756" lon="6.137312">
        <ele>480.5</ele>
        <time>2026-07-31T11:26:43Z</time>
      </trkpt>
      <trkpt lat="46.321756" lon="6.137323">
        <ele>480.5</ele>
        <time>2026-07-31T11:26:44Z</time>
      </trkpt>
      <trkpt lat="46.321759" lon="6.137315">
        <ele>480.5</ele>
        <time>2026-07-31T11:26:45Z</time>
      </trkpt>
      <trkpt lat="46.321765" lon="6.137316">
        <ele>480.4</ele>
        <time>2026-07-31T11:26:46Z</time>
      </trkpt>
      <trkpt lat="46.321768" lon="6.137309">
        <ele>480.4</ele>
        <time>2026-07-31T11:26:47Z</time>
      </trkpt>
      <trkpt lat="46.321763" lon="6.137314">
        <ele>480.4</ele>
        <time>2026-07-31T11:26:48Z</time>
      </trkpt>
      <trkpt lat="46.321764" lon="6.137312">
        <ele>480.4</ele>
        <time>2026-07-31T11:26:49Z</time>
      </trkpt>
      <trkpt lat="46.321765" lon="6.137306">
        <ele>480.4</ele>
        <time>2026-07-31T11:26:50Z</time>
      </trkpt>
      <trkpt lat="46.321766" lon="6.137311">
        <ele>480.4</ele>
        <time>2026-07-31T11:26:51Z</time>
      </trkpt>
      <trkpt lat="46.321762" lon="6.137311">
        <ele>480.4</ele>
        <time>2026-07-31T11:26:52Z</time>
      </trkpt>
      <trkpt lat="46.321757" lon="6.137313">
        <ele>480.4</ele>
        <time>2026-07-31T11:26:53Z</time>
      </trkpt>
      <trkpt lat="46.321748" lon="6.137324">
        <ele>480.3</ele>
        <time>2026-07-31T11:26:54Z</time>
      </trkpt>
      <trkpt lat="46.321742" lon="6.137334">
        <ele>480.3</ele>
        <time>2026-07-31T11:26:55Z</time>
      </trkpt>
      <trkpt lat="46.321723" lon="6.137344">
        <ele>480.3</ele>
        <time>2026-07-31T11:26:56Z</time>
      </trkpt>
      <trkpt lat="46.321694" lon="6.137367">
        <ele>480.2</ele>
        <time>2026-07-31T11:26:57Z</time>
      </trkpt>
      <trkpt lat="46.32166" lon="6.137417">
        <ele>480.1</ele>
        <time>2026-07-31T11:26:58Z</time>
      </trkpt>
      <trkpt lat="46.321625" lon="6.137482">
        <ele>479.9</ele>
        <time>2026-07-31T11:26:59Z</time>
      </trkpt>
      <trkpt lat="46.321585" lon="6.137558">
        <ele>479.8</ele>
        <time>2026-07-31T11:27:00Z</time>
      </trkpt>
      <trkpt lat="46.321541" lon="6.137614">
        <ele>479.6</ele>
        <time>2026-07-31T11:27:01Z</time>
      </trkpt>
      <trkpt lat="46.321496" lon="6.13767">
        <ele>479.5</ele>
        <time>2026-07-31T11:27:02Z</time>
      </trkpt>
      <trkpt lat="46.321445" lon="6.13773">
        <ele>479.3</ele>
        <time>2026-07-31T11:27:03Z</time>
      </trkpt>
      <trkpt lat="46.321406" lon="6.137798">
        <ele>479.1</ele>
        <time>2026-07-31T11:27:04Z</time>
      </trkpt>
      <trkpt lat="46.321364" lon="6.137867">
        <ele>479.0</ele>
        <time>2026-07-31T11:27:05Z</time>
      </trkpt>
      <trkpt lat="46.32132" lon="6.137941">
        <ele>478.8</ele>
        <time>2026-07-31T11:27:06Z</time>
      </trkpt>
      <trkpt lat="46.321274" lon="6.138021">
        <ele>478.6</ele>
        <time>2026-07-31T11:27:07Z</time>
      </trkpt>
      <trkpt lat="46.321226" lon="6.138098">
        <ele>478.3</ele>
        <time>2026-07-31T11:27:08Z</time>
      </trkpt>
      <trkpt lat="46.321181" lon="6.138175">
        <ele>478.1</ele>
        <time>2026-07-31T11:27:09Z</time>
      </trkpt>
      <trkpt lat="46.321132" lon="6.138257">
        <ele>477.8</ele>
        <time>2026-07-31T11:27:10Z</time>
      </trkpt>
      <trkpt lat="46.321082" lon="6.138336">
        <ele>477.6</ele>
        <time>2026-07-31T11:27:11Z</time>
      </trkpt>
      <trkpt lat="46.321028" lon="6.138416">
        <ele>477.3</ele>
        <time>2026-07-31T11:27:12Z</time>
      </trkpt>
      <trkpt lat="46.320978" lon="6.138497">
        <ele>477.0</ele>
        <time>2026-07-31T11:27:13Z</time>
      </trkpt>
      <trkpt lat="46.320922" lon="6.138579">
        <ele>476.7</ele>
        <time>2026-07-31T11:27:14Z</time>
      </trkpt>
      <trkpt lat="46.320865" lon="6.138662">
        <ele>476.4</ele>
        <time>2026-07-31T11:27:15Z</time>
      </trkpt>
      <trkpt lat="46.320806" lon="6.13875">
        <ele>476.1</ele>
        <time>2026-07-31T11:27:16Z</time>
      </trkpt>
      <trkpt lat="46.320741" lon="6.138835">
        <ele>475.8</ele>
        <time>2026-07-31T11:27:17Z</time>
      </trkpt>
      <trkpt lat="46.320679" lon="6.138922">
        <ele>475.4</ele>
        <time>2026-07-31T11:27:18Z</time>
      </trkpt>
      <trkpt lat="46.320614" lon="6.139014">
        <ele>475.1</ele>
        <time>2026-07-31T11:27:19Z</time>
      </trkpt>
      <trkpt lat="46.32055" lon="6.139109">
        <ele>474.7</ele>
        <time>2026-07-31T11:27:20Z</time>
      </trkpt>
      <trkpt lat="46.320486" lon="6.139203">
        <ele>474.4</ele>
        <time>2026-07-31T11:27:21Z</time>
      </trkpt>
      <trkpt lat="46.320418" lon="6.139297">
        <ele>474.0</ele>
        <time>2026-07-31T11:27:22Z</time>
      </trkpt>
      <trkpt lat="46.320348" lon="6.139392">
        <ele>473.6</ele>
        <time>2026-07-31T11:27:23Z</time>
      </trkpt>
      <trkpt lat="46.320277" lon="6.139488">
        <ele>473.2</ele>
        <time>2026-07-31T11:27:24Z</time>
      </trkpt>
      <trkpt lat="46.320206" lon="6.139591">
        <ele>472.8</ele>
        <time>2026-07-31T11:27:25Z</time>
      </trkpt>
      <trkpt lat="46.320134" lon="6.139692">
        <ele>472.4</ele>
        <time>2026-07-31T11:27:26Z</time>
      </trkpt>
      <trkpt lat="46.320061" lon="6.139792">
        <ele>472.0</ele>
        <time>2026-07-31T11:27:27Z</time>
      </trkpt>
      <trkpt lat="46.319989" lon="6.139896">
        <ele>471.6</ele>
        <time>2026-07-31T11:27:28Z</time>
      </trkpt>
      <trkpt lat="46.319917" lon="6.139997">
        <ele>471.2</ele>
        <time>2026-07-31T11:27:29Z</time>
      </trkpt>
      <trkpt lat="46.319841" lon="6.140098">
        <ele>470.8</ele>
        <time>2026-07-31T11:27:30Z</time>
      </trkpt>
      <trkpt lat="46.319767" lon="6.140199">
        <ele>470.3</ele>
        <time>2026-07-31T11:27:31Z</time>
      </trkpt>
      <trkpt lat="46.319693" lon="6.140301">
        <ele>469.9</ele>
        <time>2026-07-31T11:27:32Z</time>
      </trkpt>
      <trkpt lat="46.319621" lon="6.140404">
        <ele>469.5</ele>
        <time>2026-07-31T11:27:33Z</time>
      </trkpt>
      <trkpt lat="46.319548" lon="6.140505">
        <ele>469.1</ele>
        <time>2026-07-31T11:27:34Z</time>
      </trkpt>
      <trkpt lat="46.319477" lon="6.140608">
        <ele>468.6</ele>
        <time>2026-07-31T11:27:35Z</time>
      </trkpt>
      <trkpt lat="46.319406" lon="6.14071">
        <ele>468.2</ele>
        <time>2026-07-31T11:27:36Z</time>
      </trkpt>
      <trkpt lat="46.319333" lon="6.14081">
        <ele>467.8</ele>
        <time>2026-07-31T11:27:37Z</time>
      </trkpt>
      <trkpt lat="46.319261" lon="6.140911">
        <ele>467.4</ele>
        <time>2026-07-31T11:27:38Z</time>
      </trkpt>
      <trkpt lat="46.319189" lon="6.141012">
        <ele>467.0</ele>
        <time>2026-07-31T11:27:39Z</time>
      </trkpt>
      <trkpt lat="46.319117" lon="6.141113">
        <ele>466.6</ele>
        <time>2026-07-31T11:27:40Z</time>
      </trkpt>
      <trkpt lat="46.319047" lon="6.141216">
        <ele>466.2</ele>
        <time>2026-07-31T11:27:41Z</time>
      </trkpt>
      <trkpt lat="46.318975" lon="6.141322">
        <ele>465.7</ele>
        <time>2026-07-31T11:27:42Z</time>
      </trkpt>
      <trkpt lat="46.3189" lon="6.141427">
        <ele>465.3</ele>
        <time>2026-07-31T11:27:43Z</time>
      </trkpt>
      <trkpt lat="46.318826" lon="6.141538">
        <ele>464.9</ele>
        <time>2026-07-31T11:27:44Z</time>
      </trkpt>
      <trkpt lat="46.318752" lon="6.141651">
        <ele>464.4</ele>
        <time>2026-07-31T11:27:45Z</time>
      </trkpt>
      <trkpt lat="46.318678" lon="6.141767">
        <ele>463.8</ele>
        <time>2026-07-31T11:27:46Z</time>
      </trkpt>
      <trkpt lat="46.318604" lon="6.141886">
        <ele>463.3</ele>
        <time>2026-07-31T11:27:47Z</time>
      </trkpt>
      <trkpt lat="46.318534" lon="6.14201">
        <ele>462.7</ele>
        <time>2026-07-31T11:27:48Z</time>
      </trkpt>
      <trkpt lat="46.318466" lon="6.142141">
        <ele>462.2</ele>
        <time>2026-07-31T11:27:49Z</time>
      </trkpt>
      <trkpt lat="46.318397" lon="6.142273">
        <ele>461.6</ele>
        <time>2026-07-31T11:27:50Z</time>
      </trkpt>
      <trkpt lat="46.318328" lon="6.142408">
        <ele>461.0</ele>
        <time>2026-07-31T11:27:51Z</time>
      </trkpt>
      <trkpt lat="46.318264" lon="6.142548">
        <ele>460.4</ele>
        <time>2026-07-31T11:27:52Z</time>
      </trkpt>
      <trkpt lat="46.318193" lon="6.142686">
        <ele>459.9</ele>
        <time>2026-07-31T11:27:53Z</time>
      </trkpt>
      <trkpt lat="46.318133" lon="6.142833">
        <ele>459.4</ele>
        <time>2026-07-31T11:27:54Z</time>
      </trkpt>
      <trkpt lat="46.318067" lon="6.14298">
        <ele>459.0</ele>
        <time>2026-07-31T11:27:55Z</time>
      </trkpt>
      <trkpt lat="46.318003" lon="6.143127">
        <ele>458.5</ele>
        <time>2026-07-31T11:27:56Z</time>
      </trkpt>
      <trkpt lat="46.317939" lon="6.143275">
        <ele>458.1</ele>
        <time>2026-07-31T11:27:57Z</time>
      </trkpt>
      <trkpt lat="46.317873" lon="6.143426">
        <ele>457.6</ele>
        <time>2026-07-31T11:27:58Z</time>
      </trkpt>
      <trkpt lat="46.31781" lon="6.143579">
        <ele>457.2</ele>
        <time>2026-07-31T11:27:59Z</time>
      </trkpt>
      <trkpt lat="46.317745" lon="6.143727">
        <ele>456.9</ele>
        <time>2026-07-31T11:28:00Z</time>
      </trkpt>
      <trkpt lat="46.317682" lon="6.143875">
        <ele>456.6</ele>
        <time>2026-07-31T11:28:01Z</time>
      </trkpt>
      <trkpt lat="46.317618" lon="6.144025">
        <ele>456.4</ele>
        <time>2026-07-31T11:28:02Z</time>
      </trkpt>
      <trkpt lat="46.317554" lon="6.144172">
        <ele>456.2</ele>
        <time>2026-07-31T11:28:03Z</time>
      </trkpt>
      <trkpt lat="46.317491" lon="6.144316">
        <ele>455.9</ele>
        <time>2026-07-31T11:28:04Z</time>
      </trkpt>
      <trkpt lat="46.317426" lon="6.144461">
        <ele>455.6</ele>
        <time>2026-07-31T11:28:05Z</time>
      </trkpt>
      <trkpt lat="46.317363" lon="6.144602">
        <ele>455.4</ele>
        <time>2026-07-31T11:28:06Z</time>
      </trkpt>
      <trkpt lat="46.317299" lon="6.144742">
        <ele>455.2</ele>
        <time>2026-07-31T11:28:07Z</time>
      </trkpt>
      <trkpt lat="46.317239" lon="6.144883">
        <ele>455.0</ele>
        <time>2026-07-31T11:28:08Z</time>
      </trkpt>
      <trkpt lat="46.317178" lon="6.145024">
        <ele>454.9</ele>
        <time>2026-07-31T11:28:09Z</time>
      </trkpt>
      <trkpt lat="46.317119" lon="6.145164">
        <ele>454.9</ele>
        <time>2026-07-31T11:28:10Z</time>
      </trkpt>
      <trkpt lat="46.317059" lon="6.145299">
        <ele>454.8</ele>
        <time>2026-07-31T11:28:11Z</time>
      </trkpt>
      <trkpt lat="46.317" lon="6.145436">
        <ele>454.7</ele>
        <time>2026-07-31T11:28:12Z</time>
      </trkpt>
      <trkpt lat="46.316934" lon="6.14557">
        <ele>454.8</ele>
        <time>2026-07-31T11:28:13Z</time>
      </trkpt>
      <trkpt lat="46.316873" lon="6.145709">
        <ele>454.9</ele>
        <time>2026-07-31T11:28:14Z</time>
      </trkpt>
      <trkpt lat="46.31681" lon="6.145835">
        <ele>455.0</ele>
        <time>2026-07-31T11:28:15Z</time>
      </trkpt>
      <trkpt lat="46.316745" lon="6.145969">
        <ele>455.2</ele>
        <time>2026-07-31T11:28:16Z</time>
      </trkpt>
      <trkpt lat="46.316685" lon="6.146089">
        <ele>455.5</ele>
        <time>2026-07-31T11:28:17Z</time>
      </trkpt>
      <trkpt lat="46.316633" lon="6.146212">
        <ele>455.8</ele>
        <time>2026-07-31T11:28:18Z</time>
      </trkpt>
      <trkpt lat="46.316588" lon="6.146335">
        <ele>456.2</ele>
        <time>2026-07-31T11:28:19Z</time>
      </trkpt>
      <trkpt lat="46.316536" lon="6.146448">
        <ele>456.6</ele>
        <time>2026-07-31T11:28:20Z</time>
      </trkpt>
      <trkpt lat="46.316487" lon="6.146557">
        <ele>456.9</ele>
        <time>2026-07-31T11:28:21Z</time>
      </trkpt>
      <trkpt lat="46.31645" lon="6.146664">
        <ele>457.3</ele>
        <time>2026-07-31T11:28:22Z</time>
      </trkpt>
      <trkpt lat="46.316413" lon="6.14677">
        <ele>457.6</ele>
        <time>2026-07-31T11:28:23Z</time>
      </trkpt>
      <trkpt lat="46.316373" lon="6.14688">
        <ele>458.0</ele>
        <time>2026-07-31T11:28:24Z</time>
      </trkpt>
      <trkpt lat="46.316343" lon="6.146986">
        <ele>458.3</ele>
        <time>2026-07-31T11:28:25Z</time>
      </trkpt>
      <trkpt lat="46.316309" lon="6.147088">
        <ele>458.6</ele>
        <time>2026-07-31T11:28:26Z</time>
      </trkpt>
      <trkpt lat="46.316279" lon="6.147186">
        <ele>458.9</ele>
        <time>2026-07-31T11:28:27Z</time>
      </trkpt>
      <trkpt lat="46.316251" lon="6.147285">
        <ele>459.2</ele>
        <time>2026-07-31T11:28:28Z</time>
      </trkpt>
      <trkpt lat="46.316226" lon="6.14738">
        <ele>459.4</ele>
        <time>2026-07-31T11:28:29Z</time>
      </trkpt>
      <trkpt lat="46.316201" lon="6.147475">
        <ele>459.7</ele>
        <time>2026-07-31T11:28:30Z</time>
      </trkpt>
      <trkpt lat="46.31618" lon="6.147573">
        <ele>459.9</ele>
        <time>2026-07-31T11:28:31Z</time>
      </trkpt>
      <trkpt lat="46.316155" lon="6.147667">
        <ele>460.0</ele>
        <time>2026-07-31T11:28:32Z</time>
      </trkpt>
      <trkpt lat="46.316131" lon="6.147758">
        <ele>460.2</ele>
        <time>2026-07-31T11:28:33Z</time>
      </trkpt>
      <trkpt lat="46.31611" lon="6.147846">
        <ele>460.3</ele>
        <time>2026-07-31T11:28:34Z</time>
      </trkpt>
      <trkpt lat="46.316077" lon="6.147935">
        <ele>460.4</ele>
        <time>2026-07-31T11:28:35Z</time>
      </trkpt>
      <trkpt lat="46.316048" lon="6.148024">
        <ele>460.5</ele>
        <time>2026-07-31T11:28:36Z</time>
      </trkpt>
      <trkpt lat="46.316023" lon="6.148113">
        <ele>460.6</ele>
        <time>2026-07-31T11:28:37Z</time>
      </trkpt>
      <trkpt lat="46.315994" lon="6.148201">
        <ele>460.6</ele>
        <time>2026-07-31T11:28:38Z</time>
      </trkpt>
      <trkpt lat="46.315968" lon="6.148291">
        <ele>460.6</ele>
        <time>2026-07-31T11:28:39Z</time>
      </trkpt>
      <trkpt lat="46.315908" lon="6.148389">
        <ele>460.7</ele>
        <time>2026-07-31T11:28:40Z</time>
      </trkpt>
      <trkpt lat="46.3159" lon="6.148481">
        <ele>460.7</ele>
        <time>2026-07-31T11:28:41Z</time>
      </trkpt>
      <trkpt lat="46.31588" lon="6.148574">
        <ele>460.7</ele>
        <time>2026-07-31T11:28:42Z</time>
      </trkpt>
      <trkpt lat="46.315856" lon="6.148661">
        <ele>460.7</ele>
        <time>2026-07-31T11:28:43Z</time>
      </trkpt>
      <trkpt lat="46.315827" lon="6.148754">
        <ele>460.7</ele>
        <time>2026-07-31T11:28:44Z</time>
      </trkpt>
      <trkpt lat="46.31581" lon="6.148845">
        <ele>460.6</ele>
        <time>2026-07-31T11:28:45Z</time>
      </trkpt>
      <trkpt lat="46.315784" lon="6.148936">
        <ele>460.6</ele>
        <time>2026-07-31T11:28:46Z</time>
      </trkpt>
      <trkpt lat="46.315761" lon="6.149028">
        <ele>460.5</ele>
        <time>2026-07-31T11:28:47Z</time>
      </trkpt>
      <trkpt lat="46.315733" lon="6.14912">
        <ele>460.4</ele>
        <time>2026-07-31T11:28:48Z</time>
      </trkpt>
      <trkpt lat="46.315703" lon="6.149216">
        <ele>460.3</ele>
        <time>2026-07-31T11:28:49Z</time>
      </trkpt>
      <trkpt lat="46.315671" lon="6.149304">
        <ele>460.1</ele>
        <time>2026-07-31T11:28:50Z</time>
      </trkpt>
      <trkpt lat="46.315641" lon="6.149402">
        <ele>460.0</ele>
        <time>2026-07-31T11:28:51Z</time>
      </trkpt>
      <trkpt lat="46.315614" lon="6.149504">
        <ele>459.8</ele>
        <time>2026-07-31T11:28:52Z</time>
      </trkpt>
      <trkpt lat="46.315586" lon="6.149604">
        <ele>459.6</ele>
        <time>2026-07-31T11:28:53Z</time>
      </trkpt>
      <trkpt lat="46.315554" lon="6.149705">
        <ele>459.5</ele>
        <time>2026-07-31T11:28:54Z</time>
      </trkpt>
      <trkpt lat="46.315521" lon="6.149805">
        <ele>459.3</ele>
        <time>2026-07-31T11:28:55Z</time>
      </trkpt>
      <trkpt lat="46.315488" lon="6.14991">
        <ele>459.1</ele>
        <time>2026-07-31T11:28:56Z</time>
      </trkpt>
      <trkpt lat="46.315461" lon="6.150019">
        <ele>458.9</ele>
        <time>2026-07-31T11:28:57Z</time>
      </trkpt>
      <trkpt lat="46.315435" lon="6.150125">
        <ele>458.7</ele>
        <time>2026-07-31T11:28:58Z</time>
      </trkpt>
      <trkpt lat="46.315404" lon="6.15023">
        <ele>458.5</ele>
        <time>2026-07-31T11:28:59Z</time>
      </trkpt>
      <trkpt lat="46.315372" lon="6.150339">
        <ele>458.3</ele>
        <time>2026-07-31T11:29:00Z</time>
      </trkpt>
      <trkpt lat="46.315339" lon="6.150453">
        <ele>458.1</ele>
        <time>2026-07-31T11:29:01Z</time>
      </trkpt>
      <trkpt lat="46.315303" lon="6.150566">
        <ele>457.9</ele>
        <time>2026-07-31T11:29:02Z</time>
      </trkpt>
      <trkpt lat="46.315266" lon="6.150682">
        <ele>457.6</ele>
        <time>2026-07-31T11:29:03Z</time>
      </trkpt>
      <trkpt lat="46.315233" lon="6.150799">
        <ele>457.3</ele>
        <time>2026-07-31T11:29:04Z</time>
      </trkpt>
      <trkpt lat="46.315196" lon="6.150913">
        <ele>457.0</ele>
        <time>2026-07-31T11:29:05Z</time>
      </trkpt>
      <trkpt lat="46.315162" lon="6.151033">
        <ele>456.9</ele>
        <time>2026-07-31T11:29:06Z</time>
      </trkpt>
      <trkpt lat="46.315124" lon="6.151153">
        <ele>456.6</ele>
        <time>2026-07-31T11:29:07Z</time>
      </trkpt>
      <trkpt lat="46.315087" lon="6.151272">
        <ele>456.2</ele>
        <time>2026-07-31T11:29:08Z</time>
      </trkpt>
      <trkpt lat="46.315051" lon="6.151397">
        <ele>455.8</ele>
        <time>2026-07-31T11:29:09Z</time>
      </trkpt>
      <trkpt lat="46.31501" lon="6.15152">
        <ele>455.4</ele>
        <time>2026-07-31T11:29:10Z</time>
      </trkpt>
      <trkpt lat="46.314965" lon="6.151643">
        <ele>454.9</ele>
        <time>2026-07-31T11:29:11Z</time>
      </trkpt>
      <trkpt lat="46.31492" lon="6.151767">
        <ele>454.4</ele>
        <time>2026-07-31T11:29:12Z</time>
      </trkpt>
      <trkpt lat="46.314877" lon="6.151895">
        <ele>453.9</ele>
        <time>2026-07-31T11:29:13Z</time>
      </trkpt>
      <trkpt lat="46.314833" lon="6.152023">
        <ele>453.4</ele>
        <time>2026-07-31T11:29:14Z</time>
      </trkpt>
      <trkpt lat="46.314786" lon="6.152151">
        <ele>452.8</ele>
        <time>2026-07-31T11:29:15Z</time>
      </trkpt>
      <trkpt lat="46.314737" lon="6.152281">
        <ele>452.3</ele>
        <time>2026-07-31T11:29:16Z</time>
      </trkpt>
      <trkpt lat="46.314681" lon="6.152411">
        <ele>451.7</ele>
        <time>2026-07-31T11:29:17Z</time>
      </trkpt>
      <trkpt lat="46.314626" lon="6.152539">
        <ele>451.2</ele>
        <time>2026-07-31T11:29:18Z</time>
      </trkpt>
      <trkpt lat="46.314571" lon="6.152671">
        <ele>450.6</ele>
        <time>2026-07-31T11:29:19Z</time>
      </trkpt>
      <trkpt lat="46.314513" lon="6.152803">
        <ele>450.0</ele>
        <time>2026-07-31T11:29:20Z</time>
      </trkpt>
      <trkpt lat="46.314455" lon="6.152932">
        <ele>449.5</ele>
        <time>2026-07-31T11:29:21Z</time>
      </trkpt>
      <trkpt lat="46.3144" lon="6.153064">
        <ele>448.9</ele>
        <time>2026-07-31T11:29:22Z</time>
      </trkpt>
      <trkpt lat="46.314345" lon="6.153201">
        <ele>448.3</ele>
        <time>2026-07-31T11:29:23Z</time>
      </trkpt>
      <trkpt lat="46.314292" lon="6.153339">
        <ele>447.7</ele>
        <time>2026-07-31T11:29:24Z</time>
      </trkpt>
      <trkpt lat="46.314241" lon="6.153482">
        <ele>447.1</ele>
        <time>2026-07-31T11:29:25Z</time>
      </trkpt>
      <trkpt lat="46.314199" lon="6.153634">
        <ele>446.5</ele>
        <time>2026-07-31T11:29:26Z</time>
      </trkpt>
      <trkpt lat="46.314156" lon="6.153786">
        <ele>446.0</ele>
        <time>2026-07-31T11:29:27Z</time>
      </trkpt>
      <trkpt lat="46.31412" lon="6.153943">
        <ele>445.4</ele>
        <time>2026-07-31T11:29:28Z</time>
      </trkpt>
      <trkpt lat="46.314097" lon="6.154107">
        <ele>445.0</ele>
        <time>2026-07-31T11:29:29Z</time>
      </trkpt>
      <trkpt lat="46.314082" lon="6.154275">
        <ele>444.6</ele>
        <time>2026-07-31T11:29:30Z</time>
      </trkpt>
      <trkpt lat="46.314071" lon="6.154445">
        <ele>444.2</ele>
        <time>2026-07-31T11:29:31Z</time>
      </trkpt>
      <trkpt lat="46.314064" lon="6.154614">
        <ele>443.8</ele>
        <time>2026-07-31T11:29:32Z</time>
      </trkpt>
      <trkpt lat="46.314074" lon="6.154783">
        <ele>443.5</ele>
        <time>2026-07-31T11:29:33Z</time>
      </trkpt>
      <trkpt lat="46.314093" lon="6.15495">
        <ele>443.3</ele>
        <time>2026-07-31T11:29:34Z</time>
      </trkpt>
      <trkpt lat="46.314113" lon="6.155119">
        <ele>443.1</ele>
        <time>2026-07-31T11:29:35Z</time>
      </trkpt>
      <trkpt lat="46.314138" lon="6.155282">
        <ele>442.9</ele>
        <time>2026-07-31T11:29:36Z</time>
      </trkpt>
      <trkpt lat="46.314169" lon="6.155445">
        <ele>442.8</ele>
        <time>2026-07-31T11:29:37Z</time>
      </trkpt>
      <trkpt lat="46.314203" lon="6.155602">
        <ele>442.6</ele>
        <time>2026-07-31T11:29:38Z</time>
      </trkpt>
      <trkpt lat="46.314239" lon="6.155759">
        <ele>442.5</ele>
        <time>2026-07-31T11:29:39Z</time>
      </trkpt>
      <trkpt lat="46.314274" lon="6.155918">
        <ele>442.3</ele>
        <time>2026-07-31T11:29:40Z</time>
      </trkpt>
      <trkpt lat="46.314306" lon="6.156077">
        <ele>442.1</ele>
        <time>2026-07-31T11:29:41Z</time>
      </trkpt>
      <trkpt lat="46.314337" lon="6.156236">
        <ele>441.9</ele>
        <time>2026-07-31T11:29:42Z</time>
      </trkpt>
      <trkpt lat="46.31437" lon="6.156394">
        <ele>441.7</ele>
        <time>2026-07-31T11:29:43Z</time>
      </trkpt>
      <trkpt lat="46.314397" lon="6.156554">
        <ele>441.5</ele>
        <time>2026-07-31T11:29:44Z</time>
      </trkpt>
      <trkpt lat="46.31442" lon="6.156715">
        <ele>441.2</ele>
        <time>2026-07-31T11:29:45Z</time>
      </trkpt>
      <trkpt lat="46.314439" lon="6.156876">
        <ele>441.0</ele>
        <time>2026-07-31T11:29:46Z</time>
      </trkpt>
      <trkpt lat="46.314457" lon="6.157037">
        <ele>440.7</ele>
        <time>2026-07-31T11:29:47Z</time>
      </trkpt>
      <trkpt lat="46.314473" lon="6.157198">
        <ele>440.5</ele>
        <time>2026-07-31T11:29:48Z</time>
      </trkpt>
      <trkpt lat="46.314485" lon="6.157362">
        <ele>440.3</ele>
        <time>2026-07-31T11:29:49Z</time>
      </trkpt>
      <trkpt lat="46.314494" lon="6.157525">
        <ele>440.1</ele>
        <time>2026-07-31T11:29:50Z</time>
      </trkpt>
      <trkpt lat="46.314502" lon="6.157687">
        <ele>440.0</ele>
        <time>2026-07-31T11:29:51Z</time>
      </trkpt>
      <trkpt lat="46.314513" lon="6.157845">
        <ele>439.8</ele>
        <time>2026-07-31T11:29:52Z</time>
      </trkpt>
      <trkpt lat="46.314523" lon="6.158007">
        <ele>439.6</ele>
        <time>2026-07-31T11:29:53Z</time>
      </trkpt>
      <trkpt lat="46.314534" lon="6.158165">
        <ele>439.5</ele>
        <time>2026-07-31T11:29:54Z</time>
      </trkpt>
      <trkpt lat="46.314541" lon="6.158323">
        <ele>439.2</ele>
        <time>2026-07-31T11:29:55Z</time>
      </trkpt>
      <trkpt lat="46.314552" lon="6.158479">
        <ele>439.1</ele>
        <time>2026-07-31T11:29:56Z</time>
      </trkpt>
      <trkpt lat="46.31457" lon="6.158637">
        <ele>438.9</ele>
        <time>2026-07-31T11:29:57Z</time>
      </trkpt>
      <trkpt lat="46.314592" lon="6.158792">
        <ele>438.8</ele>
        <time>2026-07-31T11:29:58Z</time>
      </trkpt>
      <trkpt lat="46.31462" lon="6.158943">
        <ele>438.8</ele>
        <time>2026-07-31T11:29:59Z</time>
      </trkpt>
      <trkpt lat="46.314653" lon="6.159095">
        <ele>438.7</ele>
        <time>2026-07-31T11:30:00Z</time>
      </trkpt>
      <trkpt lat="46.314685" lon="6.159243">
        <ele>438.7</ele>
        <time>2026-07-31T11:30:01Z</time>
      </trkpt>
      <trkpt lat="46.314715" lon="6.159393">
        <ele>438.7</ele>
        <time>2026-07-31T11:30:02Z</time>
      </trkpt>
      <trkpt lat="46.314743" lon="6.159543">
        <ele>438.8</ele>
        <time>2026-07-31T11:30:03Z</time>
      </trkpt>
      <trkpt lat="46.314766" lon="6.159692">
        <ele>438.9</ele>
        <time>2026-07-31T11:30:04Z</time>
      </trkpt>
      <trkpt lat="46.314773" lon="6.159843">
        <ele>439.1</ele>
        <time>2026-07-31T11:30:05Z</time>
      </trkpt>
      <trkpt lat="46.31475" lon="6.159989">
        <ele>439.2</ele>
        <time>2026-07-31T11:30:06Z</time>
      </trkpt>
      <trkpt lat="46.314702" lon="6.160127">
        <ele>439.2</ele>
        <time>2026-07-31T11:30:07Z</time>
      </trkpt>
      <trkpt lat="46.31463" lon="6.160241">
        <ele>439.3</ele>
        <time>2026-07-31T11:30:08Z</time>
      </trkpt>
      <trkpt lat="46.314548" lon="6.160329">
        <ele>439.3</ele>
        <time>2026-07-31T11:30:09Z</time>
      </trkpt>
      <trkpt lat="46.314468" lon="6.160412">
        <ele>439.3</ele>
        <time>2026-07-31T11:30:10Z</time>
      </trkpt>
      <trkpt lat="46.314395" lon="6.160503">
        <ele>439.2</ele>
        <time>2026-07-31T11:30:11Z</time>
      </trkpt>
      <trkpt lat="46.314318" lon="6.160584">
        <ele>439.1</ele>
        <time>2026-07-31T11:30:12Z</time>
      </trkpt>
      <trkpt lat="46.314233" lon="6.160642">
        <ele>439.1</ele>
        <time>2026-07-31T11:30:13Z</time>
      </trkpt>
      <trkpt lat="46.314136" lon="6.160676">
        <ele>439.0</ele>
        <time>2026-07-31T11:30:14Z</time>
      </trkpt>
      <trkpt lat="46.314038" lon="6.160696">
        <ele>438.9</ele>
        <time>2026-07-31T11:30:15Z</time>
      </trkpt>
      <trkpt lat="46.313949" lon="6.160727">
        <ele>438.9</ele>
        <time>2026-07-31T11:30:16Z</time>
      </trkpt>
      <trkpt lat="46.313863" lon="6.160756">
        <ele>438.9</ele>
        <time>2026-07-31T11:30:17Z</time>
      </trkpt>
      <trkpt lat="46.313768" lon="6.160765">
        <ele>438.9</ele>
        <time>2026-07-31T11:30:18Z</time>
      </trkpt>
      <trkpt lat="46.313676" lon="6.160753">
        <ele>438.8</ele>
        <time>2026-07-31T11:30:19Z</time>
      </trkpt>
      <trkpt lat="46.313591" lon="6.160723">
        <ele>438.8</ele>
        <time>2026-07-31T11:30:20Z</time>
      </trkpt>
      <trkpt lat="46.313502" lon="6.160692">
        <ele>438.7</ele>
        <time>2026-07-31T11:30:21Z</time>
      </trkpt>
      <trkpt lat="46.313419" lon="6.160656">
        <ele>438.6</ele>
        <time>2026-07-31T11:30:22Z</time>
      </trkpt>
      <trkpt lat="46.31334" lon="6.160619">
        <ele>438.6</ele>
        <time>2026-07-31T11:30:23Z</time>
      </trkpt>
      <trkpt lat="46.313259" lon="6.160583">
        <ele>438.6</ele>
        <time>2026-07-31T11:30:24Z</time>
      </trkpt>
      <trkpt lat="46.313181" lon="6.160544">
        <ele>438.5</ele>
        <time>2026-07-31T11:30:25Z</time>
      </trkpt>
      <trkpt lat="46.313107" lon="6.160499">
        <ele>438.5</ele>
        <time>2026-07-31T11:30:26Z</time>
      </trkpt>
      <trkpt lat="46.313035" lon="6.160451">
        <ele>438.5</ele>
        <time>2026-07-31T11:30:27Z</time>
      </trkpt>
      <trkpt lat="46.312964" lon="6.1604">
        <ele>438.5</ele>
        <time>2026-07-31T11:30:28Z</time>
      </trkpt>
      <trkpt lat="46.312894" lon="6.160347">
        <ele>438.4</ele>
        <time>2026-07-31T11:30:29Z</time>
      </trkpt>
      <trkpt lat="46.312827" lon="6.160295">
        <ele>438.4</ele>
        <time>2026-07-31T11:30:30Z</time>
      </trkpt>
      <trkpt lat="46.312758" lon="6.160239">
        <ele>438.4</ele>
        <time>2026-07-31T11:30:31Z</time>
      </trkpt>
      <trkpt lat="46.312696" lon="6.160169">
        <ele>438.3</ele>
        <time>2026-07-31T11:30:32Z</time>
      </trkpt>
      <trkpt lat="46.312655" lon="6.16007">
        <ele>438.1</ele>
        <time>2026-07-31T11:30:33Z</time>
      </trkpt>
      <trkpt lat="46.312643" lon="6.159943">
        <ele>437.8</ele>
        <time>2026-07-31T11:30:34Z</time>
      </trkpt>
      <trkpt lat="46.312663" lon="6.159818">
        <ele>437.6</ele>
        <time>2026-07-31T11:30:35Z</time>
      </trkpt>
      <trkpt lat="46.312674" lon="6.159688">
        <ele>437.4</ele>
        <time>2026-07-31T11:30:36Z</time>
      </trkpt>
      <trkpt lat="46.312639" lon="6.159572">
        <ele>437.2</ele>
        <time>2026-07-31T11:30:37Z</time>
      </trkpt>
      <trkpt lat="46.312575" lon="6.159476">
        <ele>437.0</ele>
        <time>2026-07-31T11:30:38Z</time>
      </trkpt>
      <trkpt lat="46.312504" lon="6.159402">
        <ele>436.9</ele>
        <time>2026-07-31T11:30:39Z</time>
      </trkpt>
      <trkpt lat="46.312432" lon="6.159332">
        <ele>436.8</ele>
        <time>2026-07-31T11:30:40Z</time>
      </trkpt>
      <trkpt lat="46.312368" lon="6.159254">
        <ele>436.7</ele>
        <time>2026-07-31T11:30:41Z</time>
      </trkpt>
      <trkpt lat="46.312305" lon="6.159177">
        <ele>436.6</ele>
        <time>2026-07-31T11:30:42Z</time>
      </trkpt>
      <trkpt lat="46.312239" lon="6.159103">
        <ele>436.6</ele>
        <time>2026-07-31T11:30:43Z</time>
      </trkpt>
      <trkpt lat="46.312169" lon="6.159041">
        <ele>436.5</ele>
        <time>2026-07-31T11:30:44Z</time>
      </trkpt>
      <trkpt lat="46.3121" lon="6.158977">
        <ele>436.5</ele>
        <time>2026-07-31T11:30:45Z</time>
      </trkpt>
      <trkpt lat="46.312033" lon="6.158913">
        <ele>436.5</ele>
        <time>2026-07-31T11:30:46Z</time>
      </trkpt>
      <trkpt lat="46.311964" lon="6.158843">
        <ele>436.5</ele>
        <time>2026-07-31T11:30:47Z</time>
      </trkpt>
      <trkpt lat="46.311895" lon="6.158778">
        <ele>436.5</ele>
        <time>2026-07-31T11:30:48Z</time>
      </trkpt>
      <trkpt lat="46.311828" lon="6.158708">
        <ele>436.4</ele>
        <time>2026-07-31T11:30:49Z</time>
      </trkpt>
      <trkpt lat="46.311764" lon="6.158637">
        <ele>436.4</ele>
        <time>2026-07-31T11:30:50Z</time>
      </trkpt>
      <trkpt lat="46.311702" lon="6.158561">
        <ele>436.3</ele>
        <time>2026-07-31T11:30:51Z</time>
      </trkpt>
      <trkpt lat="46.311636" lon="6.15849">
        <ele>436.2</ele>
        <time>2026-07-31T11:30:52Z</time>
      </trkpt>
      <trkpt lat="46.311565" lon="6.158424">
        <ele>436.2</ele>
        <time>2026-07-31T11:30:53Z</time>
      </trkpt>
      <trkpt lat="46.31149" lon="6.158368">
        <ele>436.1</ele>
        <time>2026-07-31T11:30:54Z</time>
      </trkpt>
      <trkpt lat="46.311418" lon="6.15831">
        <ele>436.0</ele>
        <time>2026-07-31T11:30:55Z</time>
      </trkpt>
      <trkpt lat="46.311342" lon="6.158253">
        <ele>436.0</ele>
        <time>2026-07-31T11:30:56Z</time>
      </trkpt>
      <trkpt lat="46.311269" lon="6.158197">
        <ele>435.9</ele>
        <time>2026-07-31T11:30:57Z</time>
      </trkpt>
      <trkpt lat="46.311193" lon="6.158138">
        <ele>435.9</ele>
        <time>2026-07-31T11:30:58Z</time>
      </trkpt>
      <trkpt lat="46.311119" lon="6.158077">
        <ele>435.9</ele>
        <time>2026-07-31T11:30:59Z</time>
      </trkpt>
      <trkpt lat="46.311046" lon="6.158017">
        <ele>435.8</ele>
        <time>2026-07-31T11:31:00Z</time>
      </trkpt>
      <trkpt lat="46.310974" lon="6.157944">
        <ele>435.9</ele>
        <time>2026-07-31T11:31:01Z</time>
      </trkpt>
      <trkpt lat="46.310923" lon="6.157851">
        <ele>435.9</ele>
        <time>2026-07-31T11:31:02Z</time>
      </trkpt>
      <trkpt lat="46.310879" lon="6.157754">
        <ele>435.9</ele>
        <time>2026-07-31T11:31:03Z</time>
      </trkpt>
      <trkpt lat="46.310828" lon="6.157665">
        <ele>435.9</ele>
        <time>2026-07-31T11:31:04Z</time>
      </trkpt>
      <trkpt lat="46.310765" lon="6.157611">
        <ele>435.9</ele>
        <time>2026-07-31T11:31:05Z</time>
      </trkpt>
      <trkpt lat="46.310689" lon="6.157583">
        <ele>435.9</ele>
        <time>2026-07-31T11:31:06Z</time>
      </trkpt>
      <trkpt lat="46.31061" lon="6.157573">
        <ele>435.9</ele>
        <time>2026-07-31T11:31:07Z</time>
      </trkpt>
      <trkpt lat="46.310535" lon="6.157548">
        <ele>435.8</ele>
        <time>2026-07-31T11:31:08Z</time>
      </trkpt>
      <trkpt lat="46.310464" lon="6.157509">
        <ele>435.7</ele>
        <time>2026-07-31T11:31:09Z</time>
      </trkpt>
      <trkpt lat="46.310392" lon="6.15747">
        <ele>435.6</ele>
        <time>2026-07-31T11:31:10Z</time>
      </trkpt>
      <trkpt lat="46.310318" lon="6.157439">
        <ele>435.5</ele>
        <time>2026-07-31T11:31:11Z</time>
      </trkpt>
      <trkpt lat="46.310245" lon="6.157434">
        <ele>435.4</ele>
        <time>2026-07-31T11:31:12Z</time>
      </trkpt>
      <trkpt lat="46.310174" lon="6.157476">
        <ele>435.3</ele>
        <time>2026-07-31T11:31:13Z</time>
      </trkpt>
      <trkpt lat="46.310117" lon="6.157557">
        <ele>435.1</ele>
        <time>2026-07-31T11:31:14Z</time>
      </trkpt>
      <trkpt lat="46.310083" lon="6.157669">
        <ele>434.9</ele>
        <time>2026-07-31T11:31:15Z</time>
      </trkpt>
      <trkpt lat="46.310072" lon="6.157789">
        <ele>434.7</ele>
        <time>2026-07-31T11:31:16Z</time>
      </trkpt>
      <trkpt lat="46.310049" lon="6.157904">
        <ele>434.4</ele>
        <time>2026-07-31T11:31:17Z</time>
      </trkpt>
      <trkpt lat="46.310023" lon="6.158016">
        <ele>434.2</ele>
        <time>2026-07-31T11:31:18Z</time>
      </trkpt>
      <trkpt lat="46.309997" lon="6.158126">
        <ele>433.9</ele>
        <time>2026-07-31T11:31:19Z</time>
      </trkpt>
      <trkpt lat="46.309969" lon="6.158237">
        <ele>433.7</ele>
        <time>2026-07-31T11:31:20Z</time>
      </trkpt>
      <trkpt lat="46.309942" lon="6.158352">
        <ele>433.4</ele>
        <time>2026-07-31T11:31:21Z</time>
      </trkpt>
      <trkpt lat="46.309912" lon="6.158466">
        <ele>433.0</ele>
        <time>2026-07-31T11:31:22Z</time>
      </trkpt>
      <trkpt lat="46.309884" lon="6.158585">
        <ele>432.7</ele>
        <time>2026-07-31T11:31:23Z</time>
      </trkpt>
      <trkpt lat="46.309854" lon="6.158705">
        <ele>432.3</ele>
        <time>2026-07-31T11:31:24Z</time>
      </trkpt>
      <trkpt lat="46.30982" lon="6.15883">
        <ele>431.9</ele>
        <time>2026-07-31T11:31:25Z</time>
      </trkpt>
      <trkpt lat="46.309783" lon="6.158956">
        <ele>431.5</ele>
        <time>2026-07-31T11:31:26Z</time>
      </trkpt>
      <trkpt lat="46.309747" lon="6.159084">
        <ele>431.0</ele>
        <time>2026-07-31T11:31:27Z</time>
      </trkpt>
      <trkpt lat="46.309712" lon="6.159215">
        <ele>430.6</ele>
        <time>2026-07-31T11:31:28Z</time>
      </trkpt>
      <trkpt lat="46.309674" lon="6.159346">
        <ele>430.2</ele>
        <time>2026-07-31T11:31:29Z</time>
      </trkpt>
      <trkpt lat="46.309628" lon="6.159477">
        <ele>429.8</ele>
        <time>2026-07-31T11:31:30Z</time>
      </trkpt>
      <trkpt lat="46.309579" lon="6.159605">
        <ele>429.4</ele>
        <time>2026-07-31T11:31:31Z</time>
      </trkpt>
      <trkpt lat="46.309528" lon="6.159732">
        <ele>429.0</ele>
        <time>2026-07-31T11:31:32Z</time>
      </trkpt>
      <trkpt lat="46.309473" lon="6.159859">
        <ele>428.7</ele>
        <time>2026-07-31T11:31:33Z</time>
      </trkpt>
      <trkpt lat="46.309415" lon="6.159984">
        <ele>428.3</ele>
        <time>2026-07-31T11:31:34Z</time>
      </trkpt>
      <trkpt lat="46.309355" lon="6.160105">
        <ele>428.0</ele>
        <time>2026-07-31T11:31:35Z</time>
      </trkpt>
      <trkpt lat="46.309294" lon="6.160231">
        <ele>427.7</ele>
        <time>2026-07-31T11:31:36Z</time>
      </trkpt>
      <trkpt lat="46.309235" lon="6.160353">
        <ele>427.5</ele>
        <time>2026-07-31T11:31:37Z</time>
      </trkpt>
      <trkpt lat="46.30918" lon="6.160476">
        <ele>427.3</ele>
        <time>2026-07-31T11:31:38Z</time>
      </trkpt>
      <trkpt lat="46.309125" lon="6.160601">
        <ele>427.2</ele>
        <time>2026-07-31T11:31:39Z</time>
      </trkpt>
      <trkpt lat="46.30907" lon="6.160724">
        <ele>427.0</ele>
        <time>2026-07-31T11:31:40Z</time>
      </trkpt>
      <trkpt lat="46.309013" lon="6.160846">
        <ele>426.9</ele>
        <time>2026-07-31T11:31:41Z</time>
      </trkpt>
      <trkpt lat="46.308956" lon="6.160966">
        <ele>426.8</ele>
        <time>2026-07-31T11:31:42Z</time>
      </trkpt>
      <trkpt lat="46.308904" lon="6.161082">
        <ele>426.7</ele>
        <time>2026-07-31T11:31:43Z</time>
      </trkpt>
      <trkpt lat="46.308849" lon="6.161201">
        <ele>426.6</ele>
        <time>2026-07-31T11:31:44Z</time>
      </trkpt>
      <trkpt lat="46.308795" lon="6.161314">
        <ele>426.5</ele>
        <time>2026-07-31T11:31:45Z</time>
      </trkpt>
      <trkpt lat="46.308747" lon="6.161406">
        <ele>426.4</ele>
        <time>2026-07-31T11:31:46Z</time>
      </trkpt>
      <trkpt lat="46.308708" lon="6.161473">
        <ele>426.3</ele>
        <time>2026-07-31T11:31:47Z</time>
      </trkpt>
      <trkpt lat="46.308677" lon="6.161528">
        <ele>426.3</ele>
        <time>2026-07-31T11:31:48Z</time>
      </trkpt>
      <trkpt lat="46.308661" lon="6.161587">
        <ele>426.2</ele>
        <time>2026-07-31T11:31:49Z</time>
      </trkpt>
      <trkpt lat="46.308666" lon="6.161666">
        <ele>426.2</ele>
        <time>2026-07-31T11:31:50Z</time>
      </trkpt>
      <trkpt lat="46.308703" lon="6.161738">
        <ele>426.1</ele>
        <time>2026-07-31T11:31:51Z</time>
      </trkpt>
      <trkpt lat="46.308757" lon="6.1618">
        <ele>426.1</ele>
        <time>2026-07-31T11:31:52Z</time>
      </trkpt>
      <trkpt lat="46.308826" lon="6.161867">
        <ele>425.9</ele>
        <time>2026-07-31T11:31:53Z</time>
      </trkpt>
      <trkpt lat="46.308877" lon="6.161942">
        <ele>425.8</ele>
        <time>2026-07-31T11:31:54Z</time>
      </trkpt>
      <trkpt lat="46.308926" lon="6.162025">
        <ele>425.6</ele>
        <time>2026-07-31T11:31:55Z</time>
      </trkpt>
      <trkpt lat="46.308979" lon="6.162109">
        <ele>425.4</ele>
        <time>2026-07-31T11:31:56Z</time>
      </trkpt>
      <trkpt lat="46.309031" lon="6.162194">
        <ele>425.2</ele>
        <time>2026-07-31T11:31:57Z</time>
      </trkpt>
      <trkpt lat="46.309088" lon="6.162281">
        <ele>425.1</ele>
        <time>2026-07-31T11:31:58Z</time>
      </trkpt>
      <trkpt lat="46.30914" lon="6.162372">
        <ele>425.0</ele>
        <time>2026-07-31T11:31:59Z</time>
      </trkpt>
      <trkpt lat="46.309185" lon="6.162473">
        <ele>425.0</ele>
        <time>2026-07-31T11:32:00Z</time>
      </trkpt>
      <trkpt lat="46.309228" lon="6.162577">
        <ele>425.0</ele>
        <time>2026-07-31T11:32:01Z</time>
      </trkpt>
      <trkpt lat="46.309269" lon="6.162685">
        <ele>425.0</ele>
        <time>2026-07-31T11:32:02Z</time>
      </trkpt>
      <trkpt lat="46.309303" lon="6.162793">
        <ele>425.0</ele>
        <time>2026-07-31T11:32:03Z</time>
      </trkpt>
      <trkpt lat="46.30934" lon="6.162902">
        <ele>425.1</ele>
        <time>2026-07-31T11:32:04Z</time>
      </trkpt>
      <trkpt lat="46.309387" lon="6.162996">
        <ele>425.2</ele>
        <time>2026-07-31T11:32:05Z</time>
      </trkpt>
      <trkpt lat="46.309444" lon="6.163078">
        <ele>425.4</ele>
        <time>2026-07-31T11:32:06Z</time>
      </trkpt>
      <trkpt lat="46.309495" lon="6.163163">
        <ele>425.5</ele>
        <time>2026-07-31T11:32:07Z</time>
      </trkpt>
      <trkpt lat="46.309547" lon="6.163248">
        <ele>425.6</ele>
        <time>2026-07-31T11:32:08Z</time>
      </trkpt>
      <trkpt lat="46.309593" lon="6.163336">
        <ele>425.7</ele>
        <time>2026-07-31T11:32:09Z</time>
      </trkpt>
      <trkpt lat="46.309645" lon="6.163418">
        <ele>425.8</ele>
        <time>2026-07-31T11:32:10Z</time>
      </trkpt>
      <trkpt lat="46.309699" lon="6.163495">
        <ele>425.8</ele>
        <time>2026-07-31T11:32:11Z</time>
      </trkpt>
      <trkpt lat="46.309755" lon="6.16357">
        <ele>425.8</ele>
        <time>2026-07-31T11:32:12Z</time>
      </trkpt>
      <trkpt lat="46.309814" lon="6.163647">
        <ele>425.7</ele>
        <time>2026-07-31T11:32:13Z</time>
      </trkpt>
      <trkpt lat="46.309873" lon="6.163722">
        <ele>425.7</ele>
        <time>2026-07-31T11:32:14Z</time>
      </trkpt>
      <trkpt lat="46.309933" lon="6.163794">
        <ele>425.6</ele>
        <time>2026-07-31T11:32:15Z</time>
      </trkpt>
      <trkpt lat="46.309997" lon="6.163863">
        <ele>425.5</ele>
        <time>2026-07-31T11:32:16Z</time>
      </trkpt>
      <trkpt lat="46.310062" lon="6.163929">
        <ele>425.3</ele>
        <time>2026-07-31T11:32:17Z</time>
      </trkpt>
      <trkpt lat="46.310131" lon="6.163992">
        <ele>425.2</ele>
        <time>2026-07-31T11:32:18Z</time>
      </trkpt>
      <trkpt lat="46.310202" lon="6.164053">
        <ele>425.0</ele>
        <time>2026-07-31T11:32:19Z</time>
      </trkpt>
      <trkpt lat="46.310274" lon="6.164107">
        <ele>424.9</ele>
        <time>2026-07-31T11:32:20Z</time>
      </trkpt>
      <trkpt lat="46.310341" lon="6.164167">
        <ele>424.8</ele>
        <time>2026-07-31T11:32:21Z</time>
      </trkpt>
      <trkpt lat="46.310384" lon="6.164262">
        <ele>424.7</ele>
        <time>2026-07-31T11:32:22Z</time>
      </trkpt>
      <trkpt lat="46.310389" lon="6.164384">
        <ele>424.5</ele>
        <time>2026-07-31T11:32:23Z</time>
      </trkpt>
      <trkpt lat="46.310361" lon="6.164499">
        <ele>424.4</ele>
        <time>2026-07-31T11:32:24Z</time>
      </trkpt>
      <trkpt lat="46.310325" lon="6.164617">
        <ele>424.3</ele>
        <time>2026-07-31T11:32:25Z</time>
      </trkpt>
      <trkpt lat="46.310286" lon="6.164726">
        <ele>424.2</ele>
        <time>2026-07-31T11:32:26Z</time>
      </trkpt>
      <trkpt lat="46.310262" lon="6.164843">
        <ele>424.1</ele>
        <time>2026-07-31T11:32:27Z</time>
      </trkpt>
      <trkpt lat="46.310237" lon="6.164967">
        <ele>424.1</ele>
        <time>2026-07-31T11:32:28Z</time>
      </trkpt>
      <trkpt lat="46.310213" lon="6.165093">
        <ele>424.0</ele>
        <time>2026-07-31T11:32:29Z</time>
      </trkpt>
      <trkpt lat="46.310186" lon="6.165217">
        <ele>423.8</ele>
        <time>2026-07-31T11:32:30Z</time>
      </trkpt>
      <trkpt lat="46.310161" lon="6.165345">
        <ele>423.7</ele>
        <time>2026-07-31T11:32:31Z</time>
      </trkpt>
      <trkpt lat="46.310136" lon="6.16547">
        <ele>423.6</ele>
        <time>2026-07-31T11:32:32Z</time>
      </trkpt>
      <trkpt lat="46.310105" lon="6.165598">
        <ele>423.5</ele>
        <time>2026-07-31T11:32:33Z</time>
      </trkpt>
      <trkpt lat="46.310076" lon="6.165725">
        <ele>423.4</ele>
        <time>2026-07-31T11:32:34Z</time>
      </trkpt>
      <trkpt lat="46.310052" lon="6.16585">
        <ele>423.3</ele>
        <time>2026-07-31T11:32:35Z</time>
      </trkpt>
      <trkpt lat="46.310029" lon="6.165976">
        <ele>423.3</ele>
        <time>2026-07-31T11:32:36Z</time>
      </trkpt>
      <trkpt lat="46.310004" lon="6.166096">
        <ele>423.2</ele>
        <time>2026-07-31T11:32:37Z</time>
      </trkpt>
      <trkpt lat="46.309976" lon="6.166219">
        <ele>423.1</ele>
        <time>2026-07-31T11:32:38Z</time>
      </trkpt>
      <trkpt lat="46.309952" lon="6.166343">
        <ele>423.0</ele>
        <time>2026-07-31T11:32:39Z</time>
      </trkpt>
      <trkpt lat="46.309932" lon="6.166466">
        <ele>422.9</ele>
        <time>2026-07-31T11:32:40Z</time>
      </trkpt>
      <trkpt lat="46.309915" lon="6.166591">
        <ele>422.8</ele>
        <time>2026-07-31T11:32:41Z</time>
      </trkpt>
      <trkpt lat="46.309904" lon="6.166714">
        <ele>422.7</ele>
        <time>2026-07-31T11:32:42Z</time>
      </trkpt>
      <trkpt lat="46.309896" lon="6.166839">
        <ele>422.6</ele>
        <time>2026-07-31T11:32:43Z</time>
      </trkpt>
      <trkpt lat="46.309893" lon="6.166966">
        <ele>422.4</ele>
        <time>2026-07-31T11:32:44Z</time>
      </trkpt>
      <trkpt lat="46.309895" lon="6.167095">
        <ele>422.1</ele>
        <time>2026-07-31T11:32:45Z</time>
      </trkpt>
      <trkpt lat="46.309897" lon="6.167225">
        <ele>421.8</ele>
        <time>2026-07-31T11:32:46Z</time>
      </trkpt>
      <trkpt lat="46.3099" lon="6.16736">
        <ele>421.4</ele>
        <time>2026-07-31T11:32:47Z</time>
      </trkpt>
      <trkpt lat="46.309906" lon="6.167499">
        <ele>421.0</ele>
        <time>2026-07-31T11:32:48Z</time>
      </trkpt>
      <trkpt lat="46.309913" lon="6.167641">
        <ele>420.6</ele>
        <time>2026-07-31T11:32:49Z</time>
      </trkpt>
      <trkpt lat="46.309921" lon="6.167787">
        <ele>420.2</ele>
        <time>2026-07-31T11:32:50Z</time>
      </trkpt>
      <trkpt lat="46.30993" lon="6.167931">
        <ele>419.9</ele>
        <time>2026-07-31T11:32:51Z</time>
      </trkpt>
      <trkpt lat="46.309946" lon="6.168078">
        <ele>419.6</ele>
        <time>2026-07-31T11:32:52Z</time>
      </trkpt>
      <trkpt lat="46.309963" lon="6.168223">
        <ele>419.4</ele>
        <time>2026-07-31T11:32:53Z</time>
      </trkpt>
      <trkpt lat="46.309978" lon="6.168368">
        <ele>419.1</ele>
        <time>2026-07-31T11:32:54Z</time>
      </trkpt>
      <trkpt lat="46.309995" lon="6.168515">
        <ele>418.9</ele>
        <time>2026-07-31T11:32:55Z</time>
      </trkpt>
      <trkpt lat="46.310014" lon="6.16866">
        <ele>418.7</ele>
        <time>2026-07-31T11:32:56Z</time>
      </trkpt>
      <trkpt lat="46.310035" lon="6.168805">
        <ele>418.5</ele>
        <time>2026-07-31T11:32:57Z</time>
      </trkpt>
      <trkpt lat="46.310054" lon="6.168947">
        <ele>418.3</ele>
        <time>2026-07-31T11:32:58Z</time>
      </trkpt>
      <trkpt lat="46.310079" lon="6.169092">
        <ele>418.1</ele>
        <time>2026-07-31T11:32:59Z</time>
      </trkpt>
      <trkpt lat="46.310107" lon="6.169233">
        <ele>417.9</ele>
        <time>2026-07-31T11:33:00Z</time>
      </trkpt>
      <trkpt lat="46.310134" lon="6.169375">
        <ele>417.5</ele>
        <time>2026-07-31T11:33:01Z</time>
      </trkpt>
      <trkpt lat="46.310164" lon="6.169515">
        <ele>417.2</ele>
        <time>2026-07-31T11:33:02Z</time>
      </trkpt>
      <trkpt lat="46.31019" lon="6.169664">
        <ele>416.7</ele>
        <time>2026-07-31T11:33:03Z</time>
      </trkpt>
      <trkpt lat="46.310219" lon="6.169807">
        <ele>416.3</ele>
        <time>2026-07-31T11:33:04Z</time>
      </trkpt>
      <trkpt lat="46.310251" lon="6.16995">
        <ele>415.8</ele>
        <time>2026-07-31T11:33:05Z</time>
      </trkpt>
      <trkpt lat="46.310288" lon="6.170094">
        <ele>415.3</ele>
        <time>2026-07-31T11:33:06Z</time>
      </trkpt>
      <trkpt lat="46.310325" lon="6.170236">
        <ele>414.9</ele>
        <time>2026-07-31T11:33:07Z</time>
      </trkpt>
      <trkpt lat="46.310367" lon="6.170376">
        <ele>414.6</ele>
        <time>2026-07-31T11:33:08Z</time>
      </trkpt>
      <trkpt lat="46.3104" lon="6.170527">
        <ele>414.1</ele>
        <time>2026-07-31T11:33:09Z</time>
      </trkpt>
      <trkpt lat="46.310422" lon="6.170683">
        <ele>413.7</ele>
        <time>2026-07-31T11:33:10Z</time>
      </trkpt>
      <trkpt lat="46.310433" lon="6.170841">
        <ele>413.4</ele>
        <time>2026-07-31T11:33:11Z</time>
      </trkpt>
      <trkpt lat="46.310445" lon="6.171002">
        <ele>413.2</ele>
        <time>2026-07-31T11:33:12Z</time>
      </trkpt>
      <trkpt lat="46.310455" lon="6.171165">
        <ele>413.0</ele>
        <time>2026-07-31T11:33:13Z</time>
      </trkpt>
      <trkpt lat="46.310463" lon="6.171319">
        <ele>412.9</ele>
        <time>2026-07-31T11:33:14Z</time>
      </trkpt>
      <trkpt lat="46.310459" lon="6.17148">
        <ele>412.9</ele>
        <time>2026-07-31T11:33:15Z</time>
      </trkpt>
      <trkpt lat="46.310445" lon="6.17164">
        <ele>413.0</ele>
        <time>2026-07-31T11:33:16Z</time>
      </trkpt>
      <trkpt lat="46.310427" lon="6.171799">
        <ele>413.1</ele>
        <time>2026-07-31T11:33:17Z</time>
      </trkpt>
      <trkpt lat="46.310402" lon="6.171941">
        <ele>413.2</ele>
        <time>2026-07-31T11:33:18Z</time>
      </trkpt>
      <trkpt lat="46.310377" lon="6.172074">
        <ele>413.3</ele>
        <time>2026-07-31T11:33:19Z</time>
      </trkpt>
      <trkpt lat="46.310353" lon="6.172214">
        <ele>413.4</ele>
        <time>2026-07-31T11:33:20Z</time>
      </trkpt>
      <trkpt lat="46.310322" lon="6.172341">
        <ele>413.7</ele>
        <time>2026-07-31T11:33:21Z</time>
      </trkpt>
      <trkpt lat="46.310291" lon="6.172461">
        <ele>414.0</ele>
        <time>2026-07-31T11:33:22Z</time>
      </trkpt>
      <trkpt lat="46.310256" lon="6.172576">
        <ele>414.3</ele>
        <time>2026-07-31T11:33:23Z</time>
      </trkpt>
      <trkpt lat="46.310227" lon="6.172688">
        <ele>414.5</ele>
        <time>2026-07-31T11:33:24Z</time>
      </trkpt>
      <trkpt lat="46.310188" lon="6.172795">
        <ele>414.6</ele>
        <time>2026-07-31T11:33:25Z</time>
      </trkpt>
      <trkpt lat="46.310157" lon="6.1729">
        <ele>414.8</ele>
        <time>2026-07-31T11:33:26Z</time>
      </trkpt>
      <trkpt lat="46.310123" lon="6.173">
        <ele>414.9</ele>
        <time>2026-07-31T11:33:27Z</time>
      </trkpt>
      <trkpt lat="46.310089" lon="6.173099">
        <ele>415.0</ele>
        <time>2026-07-31T11:33:28Z</time>
      </trkpt>
      <trkpt lat="46.310056" lon="6.17319">
        <ele>415.0</ele>
        <time>2026-07-31T11:33:29Z</time>
      </trkpt>
      <trkpt lat="46.310024" lon="6.173281">
        <ele>415.1</ele>
        <time>2026-07-31T11:33:30Z</time>
      </trkpt>
      <trkpt lat="46.309995" lon="6.173348">
        <ele>415.1</ele>
        <time>2026-07-31T11:33:31Z</time>
      </trkpt>
      <trkpt lat="46.309971" lon="6.173393">
        <ele>415.1</ele>
        <time>2026-07-31T11:33:32Z</time>
      </trkpt>
      <trkpt lat="46.309963" lon="6.173405">
        <ele>415.1</ele>
        <time>2026-07-31T11:33:33Z</time>
      </trkpt>
      <trkpt lat="46.30996" lon="6.173419">
        <ele>415.1</ele>
        <time>2026-07-31T11:33:34Z</time>
      </trkpt>
      <trkpt lat="46.309939" lon="6.173458">
        <ele>415.0</ele>
        <time>2026-07-31T11:33:35Z</time>
      </trkpt>
      <trkpt lat="46.309914" lon="6.173514">
        <ele>414.9</ele>
        <time>2026-07-31T11:33:36Z</time>
      </trkpt>
      <trkpt lat="46.309885" lon="6.173579">
        <ele>414.8</ele>
        <time>2026-07-31T11:33:37Z</time>
      </trkpt>
      <trkpt lat="46.309855" lon="6.17365">
        <ele>414.8</ele>
        <time>2026-07-31T11:33:38Z</time>
      </trkpt>
      <trkpt lat="46.309833" lon="6.173727">
        <ele>414.7</ele>
        <time>2026-07-31T11:33:39Z</time>
      </trkpt>
      <trkpt lat="46.309819" lon="6.173832">
        <ele>414.6</ele>
        <time>2026-07-31T11:33:40Z</time>
      </trkpt>
      <trkpt lat="46.309793" lon="6.173922">
        <ele>414.5</ele>
        <time>2026-07-31T11:33:41Z</time>
      </trkpt>
      <trkpt lat="46.309768" lon="6.174007">
        <ele>414.4</ele>
        <time>2026-07-31T11:33:42Z</time>
      </trkpt>
      <trkpt lat="46.309737" lon="6.174097">
        <ele>414.4</ele>
        <time>2026-07-31T11:33:43Z</time>
      </trkpt>
      <trkpt lat="46.30971" lon="6.174192">
        <ele>414.3</ele>
        <time>2026-07-31T11:33:44Z</time>
      </trkpt>
      <trkpt lat="46.309683" lon="6.174287">
        <ele>414.2</ele>
        <time>2026-07-31T11:33:45Z</time>
      </trkpt>
      <trkpt lat="46.309653" lon="6.174385">
        <ele>414.2</ele>
        <time>2026-07-31T11:33:46Z</time>
      </trkpt>
      <trkpt lat="46.30962" lon="6.174477">
        <ele>414.1</ele>
        <time>2026-07-31T11:33:47Z</time>
      </trkpt>
      <trkpt lat="46.309584" lon="6.174568">
        <ele>414.0</ele>
        <time>2026-07-31T11:33:48Z</time>
      </trkpt>
      <trkpt lat="46.309546" lon="6.174655">
        <ele>414.0</ele>
        <time>2026-07-31T11:33:49Z</time>
      </trkpt>
      <trkpt lat="46.309506" lon="6.174743">
        <ele>413.9</ele>
        <time>2026-07-31T11:33:50Z</time>
      </trkpt>
      <trkpt lat="46.309469" lon="6.174836">
        <ele>413.8</ele>
        <time>2026-07-31T11:33:51Z</time>
      </trkpt>
      <trkpt lat="46.309431" lon="6.17493">
        <ele>413.7</ele>
        <time>2026-07-31T11:33:52Z</time>
      </trkpt>
      <trkpt lat="46.309398" lon="6.175031">
        <ele>413.6</ele>
        <time>2026-07-31T11:33:53Z</time>
      </trkpt>
      <trkpt lat="46.309372" lon="6.175131">
        <ele>413.5</ele>
        <time>2026-07-31T11:33:54Z</time>
      </trkpt>
      <trkpt lat="46.309342" lon="6.175231">
        <ele>413.4</ele>
        <time>2026-07-31T11:33:55Z</time>
      </trkpt>
      <trkpt lat="46.309309" lon="6.175326">
        <ele>413.4</ele>
        <time>2026-07-31T11:33:56Z</time>
      </trkpt>
      <trkpt lat="46.309282" lon="6.175425">
        <ele>413.3</ele>
        <time>2026-07-31T11:33:57Z</time>
      </trkpt>
      <trkpt lat="46.309254" lon="6.175524">
        <ele>413.1</ele>
        <time>2026-07-31T11:33:58Z</time>
      </trkpt>
      <trkpt lat="46.309212" lon="6.175621">
        <ele>413.0</ele>
        <time>2026-07-31T11:33:59Z</time>
      </trkpt>
      <trkpt lat="46.309176" lon="6.175716">
        <ele>412.9</ele>
        <time>2026-07-31T11:34:00Z</time>
      </trkpt>
      <trkpt lat="46.309134" lon="6.175814">
        <ele>412.8</ele>
        <time>2026-07-31T11:34:01Z</time>
      </trkpt>
      <trkpt lat="46.3091" lon="6.175908">
        <ele>412.6</ele>
        <time>2026-07-31T11:34:02Z</time>
      </trkpt>
      <trkpt lat="46.309057" lon="6.175998">
        <ele>412.5</ele>
        <time>2026-07-31T11:34:03Z</time>
      </trkpt>
      <trkpt lat="46.309017" lon="6.176087">
        <ele>412.4</ele>
        <time>2026-07-31T11:34:04Z</time>
      </trkpt>
      <trkpt lat="46.308978" lon="6.176159">
        <ele>412.4</ele>
        <time>2026-07-31T11:34:05Z</time>
      </trkpt>
      <trkpt lat="46.308949" lon="6.176195">
        <ele>412.3</ele>
        <time>2026-07-31T11:34:06Z</time>
      </trkpt>
      <trkpt lat="46.308913" lon="6.176185">
        <ele>412.3</ele>
        <time>2026-07-31T11:34:07Z</time>
      </trkpt>
      <trkpt lat="46.308871" lon="6.176167">
        <ele>412.3</ele>
        <time>2026-07-31T11:34:08Z</time>
      </trkpt>
      <trkpt lat="46.308845" lon="6.176165">
        <ele>412.2</ele>
        <time>2026-07-31T11:34:09Z</time>
      </trkpt>
      <trkpt lat="46.308836" lon="6.176188">
        <ele>412.2</ele>
        <time>2026-07-31T11:34:10Z</time>
      </trkpt>
      <trkpt lat="46.308834" lon="6.176201">
        <ele>412.2</ele>
        <time>2026-07-31T11:34:11Z</time>
      </trkpt>
      <trkpt lat="46.308848" lon="6.176196">
        <ele>412.2</ele>
        <time>2026-07-31T11:34:12Z</time>
      </trkpt>
      <trkpt lat="46.30885" lon="6.176196">
        <ele>412.2</ele>
        <time>2026-07-31T11:34:13Z</time>
      </trkpt>
      <trkpt lat="46.308848" lon="6.176198">
        <ele>412.2</ele>
        <time>2026-07-31T11:34:14Z</time>
      </trkpt>
      <trkpt lat="46.308841" lon="6.176209">
        <ele>412.2</ele>
        <time>2026-07-31T11:34:15Z</time>
      </trkpt>
      <trkpt lat="46.308848" lon="6.176212">
        <ele>412.2</ele>
        <time>2026-07-31T11:34:16Z</time>
      </trkpt>
      <trkpt lat="46.308852" lon="6.176211">
        <ele>412.2</ele>
        <time>2026-07-31T11:34:17Z</time>
      </trkpt>
      <trkpt lat="46.30886" lon="6.17621">
        <ele>412.2</ele>
        <time>2026-07-31T11:34:18Z</time>
      </trkpt>
      <trkpt lat="46.308856" lon="6.176214">
        <ele>412.2</ele>
        <time>2026-07-31T11:34:19Z</time>
      </trkpt>
      <trkpt lat="46.308857" lon="6.176217">
        <ele>412.2</ele>
        <time>2026-07-31T11:34:20Z</time>
      </trkpt>
      <trkpt lat="46.308858" lon="6.176212">
        <ele>412.2</ele>
        <time>2026-07-31T11:34:21Z</time>
      </trkpt>
      <trkpt lat="46.308857" lon="6.176213">
        <ele>412.2</ele>
        <time>2026-07-31T11:34:22Z</time>
      </trkpt>
      <trkpt lat="46.308864" lon="6.176208">
        <ele>412.1</ele>
        <time>2026-07-31T11:34:23Z</time>
      </trkpt>
      <trkpt lat="46.308868" lon="6.176207">
        <ele>412.1</ele>
        <time>2026-07-31T11:34:24Z</time>
      </trkpt>
      <trkpt lat="46.308869" lon="6.176199">
        <ele>412.1</ele>
        <time>2026-07-31T11:34:25Z</time>
      </trkpt>
      <trkpt lat="46.308869" lon="6.17619">
        <ele>412.1</ele>
        <time>2026-07-31T11:34:26Z</time>
      </trkpt>
      <trkpt lat="46.308869" lon="6.176181">
        <ele>412.1</ele>
        <time>2026-07-31T11:34:27Z</time>
      </trkpt>
      <trkpt lat="46.308869" lon="6.176192">
        <ele>412.1</ele>
        <time>2026-07-31T11:34:28Z</time>
      </trkpt>
      <trkpt lat="46.308868" lon="6.176195">
        <ele>412.1</ele>
        <time>2026-07-31T11:34:29Z</time>
      </trkpt>
      <trkpt lat="46.308877" lon="6.176193">
        <ele>412.1</ele>
        <time>2026-07-31T11:34:30Z</time>
      </trkpt>
      <trkpt lat="46.308881" lon="6.176186">
        <ele>412.1</ele>
        <time>2026-07-31T11:34:31Z</time>
      </trkpt>
      <trkpt lat="46.308885" lon="6.17618">
        <ele>412.1</ele>
        <time>2026-07-31T11:34:32Z</time>
      </trkpt>
      <trkpt lat="46.308893" lon="6.176175">
        <ele>412.1</ele>
        <time>2026-07-31T11:34:33Z</time>
      </trkpt>
      <trkpt lat="46.308897" lon="6.176171">
        <ele>412.1</ele>
        <time>2026-07-31T11:34:34Z</time>
      </trkpt>
      <trkpt lat="46.308904" lon="6.176169">
        <ele>412.1</ele>
        <time>2026-07-31T11:34:35Z</time>
      </trkpt>
      <trkpt lat="46.3089" lon="6.176172">
        <ele>412.1</ele>
        <time>2026-07-31T11:34:36Z</time>
      </trkpt>
      <trkpt lat="46.308904" lon="6.176168">
        <ele>412.1</ele>
        <time>2026-07-31T11:34:37Z</time>
      </trkpt>
      <trkpt lat="46.308905" lon="6.176165">
        <ele>412.1</ele>
        <time>2026-07-31T11:34:38Z</time>
      </trkpt>
      <trkpt lat="46.308908" lon="6.176161">
        <ele>412.1</ele>
        <time>2026-07-31T11:34:39Z</time>
      </trkpt>
      <trkpt lat="46.308908" lon="6.176157">
        <ele>412.1</ele>
        <time>2026-07-31T11:34:40Z</time>
      </trkpt>
      <trkpt lat="46.308904" lon="6.176172">
        <ele>412.0</ele>
        <time>2026-07-31T11:34:41Z</time>
      </trkpt>
      <trkpt lat="46.308907" lon="6.176162">
        <ele>412.0</ele>
        <time>2026-07-31T11:34:42Z</time>
      </trkpt>
      <trkpt lat="46.3089" lon="6.176181">
        <ele>412.0</ele>
        <time>2026-07-31T11:34:43Z</time>
      </trkpt>
      <trkpt lat="46.308893" lon="6.176196">
        <ele>412.0</ele>
        <time>2026-07-31T11:34:44Z</time>
      </trkpt>
      <trkpt lat="46.308888" lon="6.176185">
        <ele>412.0</ele>
        <time>2026-07-31T11:34:45Z</time>
      </trkpt>
      <trkpt lat="46.308881" lon="6.176184">
        <ele>412.0</ele>
        <time>2026-07-31T11:34:46Z</time>
      </trkpt>
      <trkpt lat="46.308881" lon="6.176183">
        <ele>412.0</ele>
        <time>2026-07-31T11:34:47Z</time>
      </trkpt>
      <trkpt lat="46.308877" lon="6.176186">
        <ele>412.0</ele>
        <time>2026-07-31T11:34:48Z</time>
      </trkpt>
      <trkpt lat="46.308874" lon="6.176188">
        <ele>412.0</ele>
        <time>2026-07-31T11:34:49Z</time>
      </trkpt>
      <trkpt lat="46.308873" lon="6.176192">
        <ele>412.0</ele>
        <time>2026-07-31T11:34:50Z</time>
      </trkpt>
      <trkpt lat="46.308868" lon="6.176195">
        <ele>412.0</ele>
        <time>2026-07-31T11:34:51Z</time>
      </trkpt>
      <trkpt lat="46.308868" lon="6.176195">
        <ele>412.0</ele>
        <time>2026-07-31T11:34:52Z</time>
      </trkpt>
      <trkpt lat="46.308868" lon="6.176197">
        <ele>412.0</ele>
        <time>2026-07-31T11:34:53Z</time>
      </trkpt>
      <trkpt lat="46.308869" lon="6.1762">
        <ele>412.0</ele>
        <time>2026-07-31T11:34:54Z</time>
      </trkpt>
      <trkpt lat="46.308867" lon="6.176199">
        <ele>412.0</ele>
        <time>2026-07-31T11:34:55Z</time>
      </trkpt>
      <trkpt lat="46.308867" lon="6.176191">
        <ele>412.0</ele>
        <time>2026-07-31T11:34:56Z</time>
      </trkpt>
      <trkpt lat="46.308859" lon="6.176195">
        <ele>412.0</ele>
        <time>2026-07-31T11:34:57Z</time>
      </trkpt>
      <trkpt lat="46.308856" lon="6.176203">
        <ele>412.0</ele>
        <time>2026-07-31T11:34:58Z</time>
      </trkpt>
      <trkpt lat="46.308852" lon="6.176204">
        <ele>412.0</ele>
        <time>2026-07-31T11:34:59Z</time>
      </trkpt>
      <trkpt lat="46.30884" lon="6.176218">
        <ele>411.9</ele>
        <time>2026-07-31T11:35:00Z</time>
      </trkpt>
      <trkpt lat="46.308846" lon="6.176224">
        <ele>411.9</ele>
        <time>2026-07-31T11:35:01Z</time>
      </trkpt>
      <trkpt lat="46.308845" lon="6.176244">
        <ele>411.9</ele>
        <time>2026-07-31T11:35:02Z</time>
      </trkpt>
      <trkpt lat="46.308848" lon="6.176299">
        <ele>411.9</ele>
        <time>2026-07-31T11:35:03Z</time>
      </trkpt>
      <trkpt lat="46.308881" lon="6.176374">
        <ele>411.7</ele>
        <time>2026-07-31T11:35:04Z</time>
      </trkpt>
      <trkpt lat="46.308907" lon="6.17645">
        <ele>411.5</ele>
        <time>2026-07-31T11:35:05Z</time>
      </trkpt>
      <trkpt lat="46.308924" lon="6.176533">
        <ele>411.4</ele>
        <time>2026-07-31T11:35:06Z</time>
      </trkpt>
      <trkpt lat="46.30894" lon="6.176623">
        <ele>411.2</ele>
        <time>2026-07-31T11:35:07Z</time>
      </trkpt>
      <trkpt lat="46.308941" lon="6.17671">
        <ele>411.0</ele>
        <time>2026-07-31T11:35:08Z</time>
      </trkpt>
      <trkpt lat="46.308948" lon="6.176802">
        <ele>410.8</ele>
        <time>2026-07-31T11:35:09Z</time>
      </trkpt>
      <trkpt lat="46.30896" lon="6.176893">
        <ele>410.6</ele>
        <time>2026-07-31T11:35:10Z</time>
      </trkpt>
      <trkpt lat="46.308973" lon="6.176994">
        <ele>410.4</ele>
        <time>2026-07-31T11:35:11Z</time>
      </trkpt>
      <trkpt lat="46.308985" lon="6.177101">
        <ele>410.1</ele>
        <time>2026-07-31T11:35:12Z</time>
      </trkpt>
      <trkpt lat="46.309" lon="6.177205">
        <ele>409.8</ele>
        <time>2026-07-31T11:35:13Z</time>
      </trkpt>
      <trkpt lat="46.30901" lon="6.177313">
        <ele>409.5</ele>
        <time>2026-07-31T11:35:14Z</time>
      </trkpt>
      <trkpt lat="46.309022" lon="6.177416">
        <ele>409.2</ele>
        <time>2026-07-31T11:35:15Z</time>
      </trkpt>
      <trkpt lat="46.309034" lon="6.177525">
        <ele>409.0</ele>
        <time>2026-07-31T11:35:16Z</time>
      </trkpt>
      <trkpt lat="46.309054" lon="6.177629">
        <ele>408.8</ele>
        <time>2026-07-31T11:35:17Z</time>
      </trkpt>
      <trkpt lat="46.309087" lon="6.177724">
        <ele>408.6</ele>
        <time>2026-07-31T11:35:18Z</time>
      </trkpt>
      <trkpt lat="46.309104" lon="6.177833">
        <ele>408.2</ele>
        <time>2026-07-31T11:35:19Z</time>
      </trkpt>
      <trkpt lat="46.309091" lon="6.177954">
        <ele>407.5</ele>
        <time>2026-07-31T11:35:20Z</time>
      </trkpt>
      <trkpt lat="46.309054" lon="6.178065">
        <ele>406.8</ele>
        <time>2026-07-31T11:35:21Z</time>
      </trkpt>
      <trkpt lat="46.30901" lon="6.17818">
        <ele>406.4</ele>
        <time>2026-07-31T11:35:22Z</time>
      </trkpt>
      <trkpt lat="46.308968" lon="6.178283">
        <ele>405.8</ele>
        <time>2026-07-31T11:35:23Z</time>
      </trkpt>
      <trkpt lat="46.308932" lon="6.178415">
        <ele>405.2</ele>
        <time>2026-07-31T11:35:24Z</time>
      </trkpt>
      <trkpt lat="46.308889" lon="6.178548">
        <ele>404.5</ele>
        <time>2026-07-31T11:35:25Z</time>
      </trkpt>
      <trkpt lat="46.308843" lon="6.178675">
        <ele>403.9</ele>
        <time>2026-07-31T11:35:26Z</time>
      </trkpt>
      <trkpt lat="46.308796" lon="6.178805">
        <ele>403.2</ele>
        <time>2026-07-31T11:35:27Z</time>
      </trkpt>
      <trkpt lat="46.308737" lon="6.17893">
        <ele>402.5</ele>
        <time>2026-07-31T11:35:28Z</time>
      </trkpt>
      <trkpt lat="46.308677" lon="6.17905">
        <ele>401.9</ele>
        <time>2026-07-31T11:35:29Z</time>
      </trkpt>
      <trkpt lat="46.308611" lon="6.179176">
        <ele>401.2</ele>
        <time>2026-07-31T11:35:30Z</time>
      </trkpt>
      <trkpt lat="46.308548" lon="6.179302">
        <ele>400.7</ele>
        <time>2026-07-31T11:35:31Z</time>
      </trkpt>
      <trkpt lat="46.308482" lon="6.179427">
        <ele>400.2</ele>
        <time>2026-07-31T11:35:32Z</time>
      </trkpt>
      <trkpt lat="46.308416" lon="6.17955">
        <ele>399.7</ele>
        <time>2026-07-31T11:35:33Z</time>
      </trkpt>
      <trkpt lat="46.308354" lon="6.17968">
        <ele>399.3</ele>
        <time>2026-07-31T11:35:34Z</time>
      </trkpt>
      <trkpt lat="46.308286" lon="6.1798">
        <ele>398.9</ele>
        <time>2026-07-31T11:35:35Z</time>
      </trkpt>
      <trkpt lat="46.308209" lon="6.179906">
        <ele>398.6</ele>
        <time>2026-07-31T11:35:36Z</time>
      </trkpt>
      <trkpt lat="46.308135" lon="6.180015">
        <ele>398.1</ele>
        <time>2026-07-31T11:35:37Z</time>
      </trkpt>
      <trkpt lat="46.308061" lon="6.180126">
        <ele>397.7</ele>
        <time>2026-07-31T11:35:38Z</time>
      </trkpt>
      <trkpt lat="46.307993" lon="6.180237">
        <ele>397.3</ele>
        <time>2026-07-31T11:35:39Z</time>
      </trkpt>
      <trkpt lat="46.307924" lon="6.180344">
        <ele>396.7</ele>
        <time>2026-07-31T11:35:40Z</time>
      </trkpt>
      <trkpt lat="46.307856" lon="6.180454">
        <ele>396.1</ele>
        <time>2026-07-31T11:35:41Z</time>
      </trkpt>
      <trkpt lat="46.307789" lon="6.180564">
        <ele>395.6</ele>
        <time>2026-07-31T11:35:42Z</time>
      </trkpt>
      <trkpt lat="46.307728" lon="6.18068">
        <ele>395.0</ele>
        <time>2026-07-31T11:35:43Z</time>
      </trkpt>
      <trkpt lat="46.307688" lon="6.180809">
        <ele>394.6</ele>
        <time>2026-07-31T11:35:44Z</time>
      </trkpt>
      <trkpt lat="46.307707" lon="6.180951">
        <ele>394.1</ele>
        <time>2026-07-31T11:35:45Z</time>
      </trkpt>
      <trkpt lat="46.307753" lon="6.181078">
        <ele>393.6</ele>
        <time>2026-07-31T11:35:46Z</time>
      </trkpt>
      <trkpt lat="46.307827" lon="6.181171">
        <ele>393.2</ele>
        <time>2026-07-31T11:35:47Z</time>
      </trkpt>
      <trkpt lat="46.307919" lon="6.181248">
        <ele>392.8</ele>
        <time>2026-07-31T11:35:48Z</time>
      </trkpt>
      <trkpt lat="46.307997" lon="6.181333">
        <ele>392.5</ele>
        <time>2026-07-31T11:35:49Z</time>
      </trkpt>
      <trkpt lat="46.308074" lon="6.181427">
        <ele>392.1</ele>
        <time>2026-07-31T11:35:50Z</time>
      </trkpt>
      <trkpt lat="46.308148" lon="6.181518">
        <ele>391.8</ele>
        <time>2026-07-31T11:35:51Z</time>
      </trkpt>
      <trkpt lat="46.308221" lon="6.181614">
        <ele>391.5</ele>
        <time>2026-07-31T11:35:52Z</time>
      </trkpt>
      <trkpt lat="46.3083" lon="6.181706">
        <ele>391.2</ele>
        <time>2026-07-31T11:35:53Z</time>
      </trkpt>
      <trkpt lat="46.30838" lon="6.181791">
        <ele>390.9</ele>
        <time>2026-07-31T11:35:54Z</time>
      </trkpt>
      <trkpt lat="46.308462" lon="6.181875">
        <ele>390.6</ele>
        <time>2026-07-31T11:35:55Z</time>
      </trkpt>
      <trkpt lat="46.308544" lon="6.181959">
        <ele>390.3</ele>
        <time>2026-07-31T11:35:56Z</time>
      </trkpt>
      <trkpt lat="46.308626" lon="6.182051">
        <ele>390.0</ele>
        <time>2026-07-31T11:35:57Z</time>
      </trkpt>
      <trkpt lat="46.3087" lon="6.182145">
        <ele>389.7</ele>
        <time>2026-07-31T11:35:58Z</time>
      </trkpt>
      <trkpt lat="46.308758" lon="6.182255">
        <ele>389.4</ele>
        <time>2026-07-31T11:35:59Z</time>
      </trkpt>
      <trkpt lat="46.308775" lon="6.182393">
        <ele>389.1</ele>
        <time>2026-07-31T11:36:00Z</time>
      </trkpt>
      <trkpt lat="46.308746" lon="6.182533">
        <ele>388.9</ele>
        <time>2026-07-31T11:36:01Z</time>
      </trkpt>
      <trkpt lat="46.308686" lon="6.182657">
        <ele>388.8</ele>
        <time>2026-07-31T11:36:02Z</time>
      </trkpt>
      <trkpt lat="46.308636" lon="6.182785">
        <ele>388.5</ele>
        <time>2026-07-31T11:36:03Z</time>
      </trkpt>
      <trkpt lat="46.308583" lon="6.182906">
        <ele>388.2</ele>
        <time>2026-07-31T11:36:04Z</time>
      </trkpt>
      <trkpt lat="46.308545" lon="6.183012">
        <ele>388.1</ele>
        <time>2026-07-31T11:36:05Z</time>
      </trkpt>
      <trkpt lat="46.308484" lon="6.183115">
        <ele>388.0</ele>
        <time>2026-07-31T11:36:06Z</time>
      </trkpt>
      <trkpt lat="46.308435" lon="6.183212">
        <ele>387.9</ele>
        <time>2026-07-31T11:36:07Z</time>
      </trkpt>
      <trkpt lat="46.308387" lon="6.183292">
        <ele>387.8</ele>
        <time>2026-07-31T11:36:08Z</time>
      </trkpt>
      <trkpt lat="46.308336" lon="6.183345">
        <ele>387.7</ele>
        <time>2026-07-31T11:36:09Z</time>
      </trkpt>
      <trkpt lat="46.308282" lon="6.183384">
        <ele>387.6</ele>
        <time>2026-07-31T11:36:10Z</time>
      </trkpt>
      <trkpt lat="46.308234" lon="6.183435">
        <ele>387.2</ele>
        <time>2026-07-31T11:36:11Z</time>
      </trkpt>
      <trkpt lat="46.308212" lon="6.183524">
        <ele>386.7</ele>
        <time>2026-07-31T11:36:12Z</time>
      </trkpt>
      <trkpt lat="46.308234" lon="6.183612">
        <ele>386.8</ele>
        <time>2026-07-31T11:36:13Z</time>
      </trkpt>
      <trkpt lat="46.308307" lon="6.183678">
        <ele>387.1</ele>
        <time>2026-07-31T11:36:14Z</time>
      </trkpt>
      <trkpt lat="46.308386" lon="6.183706">
        <ele>387.3</ele>
        <time>2026-07-31T11:36:15Z</time>
      </trkpt>
      <trkpt lat="46.308461" lon="6.183734">
        <ele>387.5</ele>
        <time>2026-07-31T11:36:16Z</time>
      </trkpt>
      <trkpt lat="46.308523" lon="6.183793">
        <ele>387.5</ele>
        <time>2026-07-31T11:36:17Z</time>
      </trkpt>
      <trkpt lat="46.308566" lon="6.183881">
        <ele>387.6</ele>
        <time>2026-07-31T11:36:18Z</time>
      </trkpt>
      <trkpt lat="46.308616" lon="6.183959">
        <ele>387.7</ele>
        <time>2026-07-31T11:36:19Z</time>
      </trkpt>
      <trkpt lat="46.308684" lon="6.183999">
        <ele>387.8</ele>
        <time>2026-07-31T11:36:20Z</time>
      </trkpt>
      <trkpt lat="46.30875" lon="6.184053">
        <ele>387.8</ele>
        <time>2026-07-31T11:36:21Z</time>
      </trkpt>
      <trkpt lat="46.308816" lon="6.184116">
        <ele>387.9</ele>
        <time>2026-07-31T11:36:22Z</time>
      </trkpt>
      <trkpt lat="46.30888" lon="6.184174">
        <ele>387.9</ele>
        <time>2026-07-31T11:36:23Z</time>
      </trkpt>
      <trkpt lat="46.308946" lon="6.184233">
        <ele>387.9</ele>
        <time>2026-07-31T11:36:24Z</time>
      </trkpt>
      <trkpt lat="46.309014" lon="6.184297">
        <ele>388.0</ele>
        <time>2026-07-31T11:36:25Z</time>
      </trkpt>
      <trkpt lat="46.309082" lon="6.184358">
        <ele>388.0</ele>
        <time>2026-07-31T11:36:26Z</time>
      </trkpt>
      <trkpt lat="46.309154" lon="6.184421">
        <ele>388.0</ele>
        <time>2026-07-31T11:36:27Z</time>
      </trkpt>
      <trkpt lat="46.309227" lon="6.184489">
        <ele>388.0</ele>
        <time>2026-07-31T11:36:28Z</time>
      </trkpt>
      <trkpt lat="46.309299" lon="6.184555">
        <ele>387.9</ele>
        <time>2026-07-31T11:36:29Z</time>
      </trkpt>
      <trkpt lat="46.309373" lon="6.184619">
        <ele>387.9</ele>
        <time>2026-07-31T11:36:30Z</time>
      </trkpt>
      <trkpt lat="46.309445" lon="6.184685">
        <ele>387.9</ele>
        <time>2026-07-31T11:36:31Z</time>
      </trkpt>
      <trkpt lat="46.309517" lon="6.184752">
        <ele>387.8</ele>
        <time>2026-07-31T11:36:32Z</time>
      </trkpt>
      <trkpt lat="46.309594" lon="6.184824">
        <ele>387.8</ele>
        <time>2026-07-31T11:36:33Z</time>
      </trkpt>
      <trkpt lat="46.309674" lon="6.184895">
        <ele>387.6</ele>
        <time>2026-07-31T11:36:34Z</time>
      </trkpt>
      <trkpt lat="46.309752" lon="6.184968">
        <ele>387.5</ele>
        <time>2026-07-31T11:36:35Z</time>
      </trkpt>
      <trkpt lat="46.309832" lon="6.185042">
        <ele>387.4</ele>
        <time>2026-07-31T11:36:36Z</time>
      </trkpt>
      <trkpt lat="46.309913" lon="6.185121">
        <ele>387.2</ele>
        <time>2026-07-31T11:36:37Z</time>
      </trkpt>
      <trkpt lat="46.309994" lon="6.185198">
        <ele>387.0</ele>
        <time>2026-07-31T11:36:38Z</time>
      </trkpt>
      <trkpt lat="46.310077" lon="6.185274">
        <ele>386.8</ele>
        <time>2026-07-31T11:36:39Z</time>
      </trkpt>
      <trkpt lat="46.310161" lon="6.185352">
        <ele>386.6</ele>
        <time>2026-07-31T11:36:40Z</time>
      </trkpt>
      <trkpt lat="46.310245" lon="6.18543">
        <ele>386.5</ele>
        <time>2026-07-31T11:36:41Z</time>
      </trkpt>
      <trkpt lat="46.310327" lon="6.185512">
        <ele>386.3</ele>
        <time>2026-07-31T11:36:42Z</time>
      </trkpt>
      <trkpt lat="46.310411" lon="6.185595">
        <ele>386.2</ele>
        <time>2026-07-31T11:36:43Z</time>
      </trkpt>
      <trkpt lat="46.310496" lon="6.185672">
        <ele>386.1</ele>
        <time>2026-07-31T11:36:44Z</time>
      </trkpt>
      <trkpt lat="46.310585" lon="6.18575">
        <ele>386.0</ele>
        <time>2026-07-31T11:36:45Z</time>
      </trkpt>
      <trkpt lat="46.31067" lon="6.18583">
        <ele>385.9</ele>
        <time>2026-07-31T11:36:46Z</time>
      </trkpt>
      <trkpt lat="46.310757" lon="6.185909">
        <ele>385.8</ele>
        <time>2026-07-31T11:36:47Z</time>
      </trkpt>
      <trkpt lat="46.310845" lon="6.185989">
        <ele>385.8</ele>
        <time>2026-07-31T11:36:48Z</time>
      </trkpt>
      <trkpt lat="46.310933" lon="6.186066">
        <ele>385.7</ele>
        <time>2026-07-31T11:36:49Z</time>
      </trkpt>
      <trkpt lat="46.311017" lon="6.186139">
        <ele>385.7</ele>
        <time>2026-07-31T11:36:50Z</time>
      </trkpt>
      <trkpt lat="46.311104" lon="6.186216">
        <ele>385.6</ele>
        <time>2026-07-31T11:36:51Z</time>
      </trkpt>
      <trkpt lat="46.311191" lon="6.186292">
        <ele>385.6</ele>
        <time>2026-07-31T11:36:52Z</time>
      </trkpt>
      <trkpt lat="46.311276" lon="6.186371">
        <ele>385.6</ele>
        <time>2026-07-31T11:36:53Z</time>
      </trkpt>
      <trkpt lat="46.311359" lon="6.186451">
        <ele>385.6</ele>
        <time>2026-07-31T11:36:54Z</time>
      </trkpt>
      <trkpt lat="46.31144" lon="6.186524">
        <ele>385.6</ele>
        <time>2026-07-31T11:36:55Z</time>
      </trkpt>
      <trkpt lat="46.311523" lon="6.186598">
        <ele>385.6</ele>
        <time>2026-07-31T11:36:56Z</time>
      </trkpt>
      <trkpt lat="46.311605" lon="6.186676">
        <ele>385.6</ele>
        <time>2026-07-31T11:36:57Z</time>
      </trkpt>
      <trkpt lat="46.311687" lon="6.186749">
        <ele>385.6</ele>
        <time>2026-07-31T11:36:58Z</time>
      </trkpt>
      <trkpt lat="46.311767" lon="6.186826">
        <ele>385.7</ele>
        <time>2026-07-31T11:36:59Z</time>
      </trkpt>
      <trkpt lat="46.311847" lon="6.186905">
        <ele>385.7</ele>
        <time>2026-07-31T11:37:00Z</time>
      </trkpt>
      <trkpt lat="46.311928" lon="6.186981">
        <ele>385.7</ele>
        <time>2026-07-31T11:37:01Z</time>
      </trkpt>
      <trkpt lat="46.312008" lon="6.187055">
        <ele>385.7</ele>
        <time>2026-07-31T11:37:02Z</time>
      </trkpt>
      <trkpt lat="46.312091" lon="6.187132">
        <ele>385.8</ele>
        <time>2026-07-31T11:37:03Z</time>
      </trkpt>
      <trkpt lat="46.312172" lon="6.187206">
        <ele>385.8</ele>
        <time>2026-07-31T11:37:04Z</time>
      </trkpt>
      <trkpt lat="46.312252" lon="6.187276">
        <ele>385.8</ele>
        <time>2026-07-31T11:37:05Z</time>
      </trkpt>
      <trkpt lat="46.312332" lon="6.18735">
        <ele>385.8</ele>
        <time>2026-07-31T11:37:06Z</time>
      </trkpt>
      <trkpt lat="46.312411" lon="6.187427">
        <ele>385.8</ele>
        <time>2026-07-31T11:37:07Z</time>
      </trkpt>
      <trkpt lat="46.31249" lon="6.187499">
        <ele>385.8</ele>
        <time>2026-07-31T11:37:08Z</time>
      </trkpt>
      <trkpt lat="46.312571" lon="6.18757">
        <ele>385.9</ele>
        <time>2026-07-31T11:37:09Z</time>
      </trkpt>
      <trkpt lat="46.31265" lon="6.187645">
        <ele>385.9</ele>
        <time>2026-07-31T11:37:10Z</time>
      </trkpt>
      <trkpt lat="46.312731" lon="6.187725">
        <ele>385.9</ele>
        <time>2026-07-31T11:37:11Z</time>
      </trkpt>
      <trkpt lat="46.312809" lon="6.187805">
        <ele>385.9</ele>
        <time>2026-07-31T11:37:12Z</time>
      </trkpt>
      <trkpt lat="46.312885" lon="6.187882">
        <ele>385.9</ele>
        <time>2026-07-31T11:37:13Z</time>
      </trkpt>
      <trkpt lat="46.312961" lon="6.187958">
        <ele>385.9</ele>
        <time>2026-07-31T11:37:14Z</time>
      </trkpt>
      <trkpt lat="46.313037" lon="6.188036">
        <ele>385.9</ele>
        <time>2026-07-31T11:37:15Z</time>
      </trkpt>
      <trkpt lat="46.31311" lon="6.188123">
        <ele>385.9</ele>
        <time>2026-07-31T11:37:16Z</time>
      </trkpt>
      <trkpt lat="46.313183" lon="6.188212">
        <ele>385.8</ele>
        <time>2026-07-31T11:37:17Z</time>
      </trkpt>
      <trkpt lat="46.313257" lon="6.188307">
        <ele>385.8</ele>
        <time>2026-07-31T11:37:18Z</time>
      </trkpt>
      <trkpt lat="46.313326" lon="6.188408">
        <ele>385.7</ele>
        <time>2026-07-31T11:37:19Z</time>
      </trkpt>
      <trkpt lat="46.313392" lon="6.188515">
        <ele>385.6</ele>
        <time>2026-07-31T11:37:20Z</time>
      </trkpt>
      <trkpt lat="46.313455" lon="6.188622">
        <ele>385.5</ele>
        <time>2026-07-31T11:37:21Z</time>
      </trkpt>
      <trkpt lat="46.313519" lon="6.18873">
        <ele>385.4</ele>
        <time>2026-07-31T11:37:22Z</time>
      </trkpt>
      <trkpt lat="46.313581" lon="6.188839">
        <ele>385.3</ele>
        <time>2026-07-31T11:37:23Z</time>
      </trkpt>
      <trkpt lat="46.313641" lon="6.188949">
        <ele>385.1</ele>
        <time>2026-07-31T11:37:24Z</time>
      </trkpt>
      <trkpt lat="46.313705" lon="6.189058">
        <ele>384.9</ele>
        <time>2026-07-31T11:37:25Z</time>
      </trkpt>
      <trkpt lat="46.313768" lon="6.189177">
        <ele>384.7</ele>
        <time>2026-07-31T11:37:26Z</time>
      </trkpt>
      <trkpt lat="46.313829" lon="6.189292">
        <ele>384.5</ele>
        <time>2026-07-31T11:37:27Z</time>
      </trkpt>
      <trkpt lat="46.313889" lon="6.189398">
        <ele>384.3</ele>
        <time>2026-07-31T11:37:28Z</time>
      </trkpt>
      <trkpt lat="46.31395" lon="6.189509">
        <ele>384.1</ele>
        <time>2026-07-31T11:37:29Z</time>
      </trkpt>
      <trkpt lat="46.314012" lon="6.189618">
        <ele>384.0</ele>
        <time>2026-07-31T11:37:30Z</time>
      </trkpt>
      <trkpt lat="46.314074" lon="6.189727">
        <ele>383.8</ele>
        <time>2026-07-31T11:37:31Z</time>
      </trkpt>
      <trkpt lat="46.314137" lon="6.189835">
        <ele>383.7</ele>
        <time>2026-07-31T11:37:32Z</time>
      </trkpt>
      <trkpt lat="46.314198" lon="6.189947">
        <ele>383.5</ele>
        <time>2026-07-31T11:37:33Z</time>
      </trkpt>
      <trkpt lat="46.314257" lon="6.190052">
        <ele>383.4</ele>
        <time>2026-07-31T11:37:34Z</time>
      </trkpt>
      <trkpt lat="46.314321" lon="6.190165">
        <ele>383.2</ele>
        <time>2026-07-31T11:37:35Z</time>
      </trkpt>
      <trkpt lat="46.314393" lon="6.190266">
        <ele>383.0</ele>
        <time>2026-07-31T11:37:36Z</time>
      </trkpt>
      <trkpt lat="46.314465" lon="6.190373">
        <ele>382.6</ele>
        <time>2026-07-31T11:37:37Z</time>
      </trkpt>
      <trkpt lat="46.314526" lon="6.190492">
        <ele>382.2</ele>
        <time>2026-07-31T11:37:38Z</time>
      </trkpt>
      <trkpt lat="46.31459" lon="6.190607">
        <ele>381.9</ele>
        <time>2026-07-31T11:37:39Z</time>
      </trkpt>
      <trkpt lat="46.314659" lon="6.190732">
        <ele>381.6</ele>
        <time>2026-07-31T11:37:40Z</time>
      </trkpt>
      <trkpt lat="46.314724" lon="6.190848">
        <ele>381.3</ele>
        <time>2026-07-31T11:37:41Z</time>
      </trkpt>
      <trkpt lat="46.31479" lon="6.190968">
        <ele>381.1</ele>
        <time>2026-07-31T11:37:42Z</time>
      </trkpt>
      <trkpt lat="46.314854" lon="6.191084">
        <ele>380.8</ele>
        <time>2026-07-31T11:37:43Z</time>
      </trkpt>
      <trkpt lat="46.31492" lon="6.191201">
        <ele>380.6</ele>
        <time>2026-07-31T11:37:44Z</time>
      </trkpt>
      <trkpt lat="46.314989" lon="6.191332">
        <ele>380.5</ele>
        <time>2026-07-31T11:37:45Z</time>
      </trkpt>
      <trkpt lat="46.315051" lon="6.191451">
        <ele>380.4</ele>
        <time>2026-07-31T11:37:46Z</time>
      </trkpt>
      <trkpt lat="46.31512" lon="6.191572">
        <ele>380.3</ele>
        <time>2026-07-31T11:37:47Z</time>
      </trkpt>
      <trkpt lat="46.315184" lon="6.191687">
        <ele>380.2</ele>
        <time>2026-07-31T11:37:48Z</time>
      </trkpt>
      <trkpt lat="46.315249" lon="6.191801">
        <ele>380.0</ele>
        <time>2026-07-31T11:37:49Z</time>
      </trkpt>
      <trkpt lat="46.315313" lon="6.19191">
        <ele>379.9</ele>
        <time>2026-07-31T11:37:50Z</time>
      </trkpt>
      <trkpt lat="46.315374" lon="6.192019">
        <ele>379.7</ele>
        <time>2026-07-31T11:37:51Z</time>
      </trkpt>
      <trkpt lat="46.315431" lon="6.19212">
        <ele>379.6</ele>
        <time>2026-07-31T11:37:52Z</time>
      </trkpt>
      <trkpt lat="46.315486" lon="6.192225">
        <ele>379.4</ele>
        <time>2026-07-31T11:37:53Z</time>
      </trkpt>
      <trkpt lat="46.315537" lon="6.192332">
        <ele>379.3</ele>
        <time>2026-07-31T11:37:54Z</time>
      </trkpt>
      <trkpt lat="46.315586" lon="6.192434">
        <ele>379.2</ele>
        <time>2026-07-31T11:37:55Z</time>
      </trkpt>
      <trkpt lat="46.315642" lon="6.192526">
        <ele>379.1</ele>
        <time>2026-07-31T11:37:56Z</time>
      </trkpt>
      <trkpt lat="46.315696" lon="6.192614">
        <ele>379.0</ele>
        <time>2026-07-31T11:37:57Z</time>
      </trkpt>
      <trkpt lat="46.315747" lon="6.192691">
        <ele>378.9</ele>
        <time>2026-07-31T11:37:58Z</time>
      </trkpt>
      <trkpt lat="46.315794" lon="6.192766">
        <ele>378.8</ele>
        <time>2026-07-31T11:37:59Z</time>
      </trkpt>
      <trkpt lat="46.315845" lon="6.192838">
        <ele>378.7</ele>
        <time>2026-07-31T11:38:00Z</time>
      </trkpt>
      <trkpt lat="46.315899" lon="6.192895">
        <ele>378.7</ele>
        <time>2026-07-31T11:38:01Z</time>
      </trkpt>
      <trkpt lat="46.315952" lon="6.192952">
        <ele>378.6</ele>
        <time>2026-07-31T11:38:02Z</time>
      </trkpt>
      <trkpt lat="46.316006" lon="6.193002">
        <ele>378.5</ele>
        <time>2026-07-31T11:38:03Z</time>
      </trkpt>
      <trkpt lat="46.316055" lon="6.193059">
        <ele>378.4</ele>
        <time>2026-07-31T11:38:04Z</time>
      </trkpt>
      <trkpt lat="46.3161" lon="6.193119">
        <ele>378.3</ele>
        <time>2026-07-31T11:38:05Z</time>
      </trkpt>
      <trkpt lat="46.316147" lon="6.193174">
        <ele>378.2</ele>
        <time>2026-07-31T11:38:06Z</time>
      </trkpt>
      <trkpt lat="46.3162" lon="6.193224">
        <ele>378.2</ele>
        <time>2026-07-31T11:38:07Z</time>
      </trkpt>
      <trkpt lat="46.316248" lon="6.193279">
        <ele>378.1</ele>
        <time>2026-07-31T11:38:08Z</time>
      </trkpt>
      <trkpt lat="46.316302" lon="6.193331">
        <ele>378.1</ele>
        <time>2026-07-31T11:38:09Z</time>
      </trkpt>
      <trkpt lat="46.316353" lon="6.193387">
        <ele>378.0</ele>
        <time>2026-07-31T11:38:10Z</time>
      </trkpt>
      <trkpt lat="46.316409" lon="6.193439">
        <ele>378.0</ele>
        <time>2026-07-31T11:38:11Z</time>
      </trkpt>
      <trkpt lat="46.316471" lon="6.193476">
        <ele>377.9</ele>
        <time>2026-07-31T11:38:12Z</time>
      </trkpt>
      <trkpt lat="46.316534" lon="6.193506">
        <ele>377.9</ele>
        <time>2026-07-31T11:38:13Z</time>
      </trkpt>
      <trkpt lat="46.316597" lon="6.193547">
        <ele>377.9</ele>
        <time>2026-07-31T11:38:14Z</time>
      </trkpt>
      <trkpt lat="46.316659" lon="6.193595">
        <ele>377.9</ele>
        <time>2026-07-31T11:38:15Z</time>
      </trkpt>
      <trkpt lat="46.316729" lon="6.193638">
        <ele>377.9</ele>
        <time>2026-07-31T11:38:16Z</time>
      </trkpt>
      <trkpt lat="46.316793" lon="6.193688">
        <ele>377.9</ele>
        <time>2026-07-31T11:38:17Z</time>
      </trkpt>
      <trkpt lat="46.316855" lon="6.193747">
        <ele>377.9</ele>
        <time>2026-07-31T11:38:18Z</time>
      </trkpt>
      <trkpt lat="46.316917" lon="6.193805">
        <ele>377.9</ele>
        <time>2026-07-31T11:38:19Z</time>
      </trkpt>
      <trkpt lat="46.316979" lon="6.193863">
        <ele>377.9</ele>
        <time>2026-07-31T11:38:20Z</time>
      </trkpt>
      <trkpt lat="46.317049" lon="6.193917">
        <ele>378.0</ele>
        <time>2026-07-31T11:38:21Z</time>
      </trkpt>
      <trkpt lat="46.317111" lon="6.193979">
        <ele>378.1</ele>
        <time>2026-07-31T11:38:22Z</time>
      </trkpt>
      <trkpt lat="46.317166" lon="6.194052">
        <ele>378.2</ele>
        <time>2026-07-31T11:38:23Z</time>
      </trkpt>
      <trkpt lat="46.317225" lon="6.194122">
        <ele>378.3</ele>
        <time>2026-07-31T11:38:24Z</time>
      </trkpt>
      <trkpt lat="46.31729" lon="6.194182">
        <ele>378.4</ele>
        <time>2026-07-31T11:38:25Z</time>
      </trkpt>
      <trkpt lat="46.317352" lon="6.194229">
        <ele>378.5</ele>
        <time>2026-07-31T11:38:26Z</time>
      </trkpt>
      <trkpt lat="46.317416" lon="6.19427">
        <ele>378.7</ele>
        <time>2026-07-31T11:38:27Z</time>
      </trkpt>
      <trkpt lat="46.31748" lon="6.194313">
        <ele>378.9</ele>
        <time>2026-07-31T11:38:28Z</time>
      </trkpt>
      <trkpt lat="46.317544" lon="6.194352">
        <ele>379.1</ele>
        <time>2026-07-31T11:38:29Z</time>
      </trkpt>
      <trkpt lat="46.317611" lon="6.194392">
        <ele>379.3</ele>
        <time>2026-07-31T11:38:30Z</time>
      </trkpt>
      <trkpt lat="46.317677" lon="6.194435">
        <ele>379.5</ele>
        <time>2026-07-31T11:38:31Z</time>
      </trkpt>
      <trkpt lat="46.317743" lon="6.194468">
        <ele>379.7</ele>
        <time>2026-07-31T11:38:32Z</time>
      </trkpt>
      <trkpt lat="46.317812" lon="6.194503">
        <ele>380.0</ele>
        <time>2026-07-31T11:38:33Z</time>
      </trkpt>
      <trkpt lat="46.317878" lon="6.194542">
        <ele>380.2</ele>
        <time>2026-07-31T11:38:34Z</time>
      </trkpt>
      <trkpt lat="46.317943" lon="6.194575">
        <ele>380.4</ele>
        <time>2026-07-31T11:38:35Z</time>
      </trkpt>
      <trkpt lat="46.318009" lon="6.194607">
        <ele>380.6</ele>
        <time>2026-07-31T11:38:36Z</time>
      </trkpt>
      <trkpt lat="46.318073" lon="6.194642">
        <ele>380.7</ele>
        <time>2026-07-31T11:38:37Z</time>
      </trkpt>
      <trkpt lat="46.318135" lon="6.194686">
        <ele>380.9</ele>
        <time>2026-07-31T11:38:38Z</time>
      </trkpt>
      <trkpt lat="46.318197" lon="6.194727">
        <ele>381.0</ele>
        <time>2026-07-31T11:38:39Z</time>
      </trkpt>
      <trkpt lat="46.318264" lon="6.19476">
        <ele>381.1</ele>
        <time>2026-07-31T11:38:40Z</time>
      </trkpt>
      <trkpt lat="46.318329" lon="6.194795">
        <ele>381.3</ele>
        <time>2026-07-31T11:38:41Z</time>
      </trkpt>
      <trkpt lat="46.318391" lon="6.194833">
        <ele>381.4</ele>
        <time>2026-07-31T11:38:42Z</time>
      </trkpt>
      <trkpt lat="46.318457" lon="6.194871">
        <ele>381.5</ele>
        <time>2026-07-31T11:38:43Z</time>
      </trkpt>
      <trkpt lat="46.31852" lon="6.194905">
        <ele>381.6</ele>
        <time>2026-07-31T11:38:44Z</time>
      </trkpt>
      <trkpt lat="46.318589" lon="6.194939">
        <ele>381.6</ele>
        <time>2026-07-31T11:38:45Z</time>
      </trkpt>
      <trkpt lat="46.318653" lon="6.194972">
        <ele>381.7</ele>
        <time>2026-07-31T11:38:46Z</time>
      </trkpt>
      <trkpt lat="46.318719" lon="6.195007">
        <ele>381.8</ele>
        <time>2026-07-31T11:38:47Z</time>
      </trkpt>
      <trkpt lat="46.318786" lon="6.195042">
        <ele>381.9</ele>
        <time>2026-07-31T11:38:48Z</time>
      </trkpt>
      <trkpt lat="46.318853" lon="6.195077">
        <ele>382.0</ele>
        <time>2026-07-31T11:38:49Z</time>
      </trkpt>
      <trkpt lat="46.318922" lon="6.195112">
        <ele>382.0</ele>
        <time>2026-07-31T11:38:50Z</time>
      </trkpt>
      <trkpt lat="46.318991" lon="6.195148">
        <ele>382.1</ele>
        <time>2026-07-31T11:38:51Z</time>
      </trkpt>
      <trkpt lat="46.319061" lon="6.195182">
        <ele>382.2</ele>
        <time>2026-07-31T11:38:52Z</time>
      </trkpt>
      <trkpt lat="46.319132" lon="6.19522">
        <ele>382.3</ele>
        <time>2026-07-31T11:38:53Z</time>
      </trkpt>
      <trkpt lat="46.319205" lon="6.195263">
        <ele>382.4</ele>
        <time>2026-07-31T11:38:54Z</time>
      </trkpt>
      <trkpt lat="46.319278" lon="6.195303">
        <ele>382.5</ele>
        <time>2026-07-31T11:38:55Z</time>
      </trkpt>
      <trkpt lat="46.319355" lon="6.195346">
        <ele>382.6</ele>
        <time>2026-07-31T11:38:56Z</time>
      </trkpt>
      <trkpt lat="46.319435" lon="6.19539">
        <ele>382.7</ele>
        <time>2026-07-31T11:38:57Z</time>
      </trkpt>
      <trkpt lat="46.319516" lon="6.195435">
        <ele>382.7</ele>
        <time>2026-07-31T11:38:58Z</time>
      </trkpt>
      <trkpt lat="46.319596" lon="6.195483">
        <ele>382.8</ele>
        <time>2026-07-31T11:38:59Z</time>
      </trkpt>
      <trkpt lat="46.319676" lon="6.19553">
        <ele>382.9</ele>
        <time>2026-07-31T11:39:00Z</time>
      </trkpt>
      <trkpt lat="46.319758" lon="6.195574">
        <ele>382.9</ele>
        <time>2026-07-31T11:39:01Z</time>
      </trkpt>
      <trkpt lat="46.319843" lon="6.195615">
        <ele>383.0</ele>
        <time>2026-07-31T11:39:02Z</time>
      </trkpt>
      <trkpt lat="46.319929" lon="6.195662">
        <ele>383.0</ele>
        <time>2026-07-31T11:39:03Z</time>
      </trkpt>
      <trkpt lat="46.320014" lon="6.195714">
        <ele>383.0</ele>
        <time>2026-07-31T11:39:04Z</time>
      </trkpt>
      <trkpt lat="46.320096" lon="6.195772">
        <ele>383.1</ele>
        <time>2026-07-31T11:39:05Z</time>
      </trkpt>
      <trkpt lat="46.320179" lon="6.195818">
        <ele>383.1</ele>
        <time>2026-07-31T11:39:06Z</time>
      </trkpt>
      <trkpt lat="46.320264" lon="6.195865">
        <ele>383.2</ele>
        <time>2026-07-31T11:39:07Z</time>
      </trkpt>
      <trkpt lat="46.320348" lon="6.195912">
        <ele>383.3</ele>
        <time>2026-07-31T11:39:08Z</time>
      </trkpt>
      <trkpt lat="46.320432" lon="6.195959">
        <ele>383.3</ele>
        <time>2026-07-31T11:39:09Z</time>
      </trkpt>
      <trkpt lat="46.320513" lon="6.196004">
        <ele>383.4</ele>
        <time>2026-07-31T11:39:10Z</time>
      </trkpt>
      <trkpt lat="46.320598" lon="6.196053">
        <ele>383.4</ele>
        <time>2026-07-31T11:39:11Z</time>
      </trkpt>
      <trkpt lat="46.320685" lon="6.196104">
        <ele>383.4</ele>
        <time>2026-07-31T11:39:12Z</time>
      </trkpt>
      <trkpt lat="46.320769" lon="6.196151">
        <ele>383.5</ele>
        <time>2026-07-31T11:39:13Z</time>
      </trkpt>
      <trkpt lat="46.320856" lon="6.196194">
        <ele>383.5</ele>
        <time>2026-07-31T11:39:14Z</time>
      </trkpt>
      <trkpt lat="46.320945" lon="6.19624">
        <ele>383.6</ele>
        <time>2026-07-31T11:39:15Z</time>
      </trkpt>
      <trkpt lat="46.321037" lon="6.196293">
        <ele>383.6</ele>
        <time>2026-07-31T11:39:16Z</time>
      </trkpt>
      <trkpt lat="46.321129" lon="6.196347">
        <ele>383.6</ele>
        <time>2026-07-31T11:39:17Z</time>
      </trkpt>
      <trkpt lat="46.321222" lon="6.196403">
        <ele>383.7</ele>
        <time>2026-07-31T11:39:18Z</time>
      </trkpt>
      <trkpt lat="46.321315" lon="6.196458">
        <ele>383.7</ele>
        <time>2026-07-31T11:39:19Z</time>
      </trkpt>
      <trkpt lat="46.321408" lon="6.196513">
        <ele>383.7</ele>
        <time>2026-07-31T11:39:20Z</time>
      </trkpt>
      <trkpt lat="46.321503" lon="6.196563">
        <ele>383.7</ele>
        <time>2026-07-31T11:39:21Z</time>
      </trkpt>
      <trkpt lat="46.321599" lon="6.196616">
        <ele>383.7</ele>
        <time>2026-07-31T11:39:22Z</time>
      </trkpt>
      <trkpt lat="46.321695" lon="6.196669">
        <ele>383.8</ele>
        <time>2026-07-31T11:39:23Z</time>
      </trkpt>
      <trkpt lat="46.321793" lon="6.196726">
        <ele>383.8</ele>
        <time>2026-07-31T11:39:24Z</time>
      </trkpt>
      <trkpt lat="46.321889" lon="6.196786">
        <ele>383.8</ele>
        <time>2026-07-31T11:39:25Z</time>
      </trkpt>
      <trkpt lat="46.321988" lon="6.196838">
        <ele>383.8</ele>
        <time>2026-07-31T11:39:26Z</time>
      </trkpt>
      <trkpt lat="46.322086" lon="6.196896">
        <ele>383.8</ele>
        <time>2026-07-31T11:39:27Z</time>
      </trkpt>
      <trkpt lat="46.322186" lon="6.196955">
        <ele>383.9</ele>
        <time>2026-07-31T11:39:28Z</time>
      </trkpt>
      <trkpt lat="46.322283" lon="6.197015">
        <ele>383.9</ele>
        <time>2026-07-31T11:39:29Z</time>
      </trkpt>
      <trkpt lat="46.322384" lon="6.197067">
        <ele>383.9</ele>
        <time>2026-07-31T11:39:30Z</time>
      </trkpt>
      <trkpt lat="46.322484" lon="6.197124">
        <ele>383.9</ele>
        <time>2026-07-31T11:39:31Z</time>
      </trkpt>
      <trkpt lat="46.322582" lon="6.197181">
        <ele>383.9</ele>
        <time>2026-07-31T11:39:32Z</time>
      </trkpt>
      <trkpt lat="46.322682" lon="6.197236">
        <ele>383.9</ele>
        <time>2026-07-31T11:39:33Z</time>
      </trkpt>
      <trkpt lat="46.322783" lon="6.197291">
        <ele>383.9</ele>
        <time>2026-07-31T11:39:34Z</time>
      </trkpt>
      <trkpt lat="46.322884" lon="6.19735">
        <ele>383.9</ele>
        <time>2026-07-31T11:39:35Z</time>
      </trkpt>
      <trkpt lat="46.322983" lon="6.197406">
        <ele>383.9</ele>
        <time>2026-07-31T11:39:36Z</time>
      </trkpt>
      <trkpt lat="46.323083" lon="6.19746">
        <ele>384.0</ele>
        <time>2026-07-31T11:39:37Z</time>
      </trkpt>
      <trkpt lat="46.323183" lon="6.197517">
        <ele>384.0</ele>
        <time>2026-07-31T11:39:38Z</time>
      </trkpt>
      <trkpt lat="46.323283" lon="6.197569">
        <ele>384.0</ele>
        <time>2026-07-31T11:39:39Z</time>
      </trkpt>
      <trkpt lat="46.323378" lon="6.197618">
        <ele>384.0</ele>
        <time>2026-07-31T11:39:40Z</time>
      </trkpt>
      <trkpt lat="46.323476" lon="6.197671">
        <ele>384.0</ele>
        <time>2026-07-31T11:39:41Z</time>
      </trkpt>
      <trkpt lat="46.323573" lon="6.197724">
        <ele>384.0</ele>
        <time>2026-07-31T11:39:42Z</time>
      </trkpt>
      <trkpt lat="46.323671" lon="6.197781">
        <ele>384.0</ele>
        <time>2026-07-31T11:39:43Z</time>
      </trkpt>
      <trkpt lat="46.323769" lon="6.197834">
        <ele>383.9</ele>
        <time>2026-07-31T11:39:44Z</time>
      </trkpt>
      <trkpt lat="46.323864" lon="6.197881">
        <ele>383.8</ele>
        <time>2026-07-31T11:39:45Z</time>
      </trkpt>
      <trkpt lat="46.323964" lon="6.197928">
        <ele>383.7</ele>
        <time>2026-07-31T11:39:46Z</time>
      </trkpt>
      <trkpt lat="46.324063" lon="6.197975">
        <ele>383.6</ele>
        <time>2026-07-31T11:39:47Z</time>
      </trkpt>
      <trkpt lat="46.324159" lon="6.198023">
        <ele>383.5</ele>
        <time>2026-07-31T11:39:48Z</time>
      </trkpt>
      <trkpt lat="46.324261" lon="6.198065">
        <ele>383.4</ele>
        <time>2026-07-31T11:39:49Z</time>
      </trkpt>
      <trkpt lat="46.324361" lon="6.198102">
        <ele>383.3</ele>
        <time>2026-07-31T11:39:50Z</time>
      </trkpt>
      <trkpt lat="46.324462" lon="6.198141">
        <ele>383.1</ele>
        <time>2026-07-31T11:39:51Z</time>
      </trkpt>
      <trkpt lat="46.324561" lon="6.198183">
        <ele>382.9</ele>
        <time>2026-07-31T11:39:52Z</time>
      </trkpt>
      <trkpt lat="46.324662" lon="6.198229">
        <ele>382.7</ele>
        <time>2026-07-31T11:39:53Z</time>
      </trkpt>
      <trkpt lat="46.324764" lon="6.198271">
        <ele>382.5</ele>
        <time>2026-07-31T11:39:54Z</time>
      </trkpt>
      <trkpt lat="46.324867" lon="6.198311">
        <ele>382.3</ele>
        <time>2026-07-31T11:39:55Z</time>
      </trkpt>
      <trkpt lat="46.324968" lon="6.198356">
        <ele>382.1</ele>
        <time>2026-07-31T11:39:56Z</time>
      </trkpt>
      <trkpt lat="46.32507" lon="6.198404">
        <ele>381.9</ele>
        <time>2026-07-31T11:39:57Z</time>
      </trkpt>
      <trkpt lat="46.325169" lon="6.198449">
        <ele>381.8</ele>
        <time>2026-07-31T11:39:58Z</time>
      </trkpt>
      <trkpt lat="46.325269" lon="6.198497">
        <ele>381.6</ele>
        <time>2026-07-31T11:39:59Z</time>
      </trkpt>
      <trkpt lat="46.325366" lon="6.198545">
        <ele>381.5</ele>
        <time>2026-07-31T11:40:00Z</time>
      </trkpt>
      <trkpt lat="46.32547" lon="6.198581">
        <ele>381.4</ele>
        <time>2026-07-31T11:40:01Z</time>
      </trkpt>
      <trkpt lat="46.325573" lon="6.198613">
        <ele>381.3</ele>
        <time>2026-07-31T11:40:02Z</time>
      </trkpt>
      <trkpt lat="46.325674" lon="6.198661">
        <ele>381.2</ele>
        <time>2026-07-31T11:40:03Z</time>
      </trkpt>
      <trkpt lat="46.325772" lon="6.198706">
        <ele>381.2</ele>
        <time>2026-07-31T11:40:04Z</time>
      </trkpt>
      <trkpt lat="46.325872" lon="6.198748">
        <ele>381.2</ele>
        <time>2026-07-31T11:40:05Z</time>
      </trkpt>
      <trkpt lat="46.325974" lon="6.198787">
        <ele>381.2</ele>
        <time>2026-07-31T11:40:06Z</time>
      </trkpt>
      <trkpt lat="46.32607" lon="6.198821">
        <ele>381.2</ele>
        <time>2026-07-31T11:40:07Z</time>
      </trkpt>
      <trkpt lat="46.326166" lon="6.198869">
        <ele>381.2</ele>
        <time>2026-07-31T11:40:08Z</time>
      </trkpt>
      <trkpt lat="46.326258" lon="6.198921">
        <ele>381.2</ele>
        <time>2026-07-31T11:40:09Z</time>
      </trkpt>
      <trkpt lat="46.326355" lon="6.198969">
        <ele>381.2</ele>
        <time>2026-07-31T11:40:10Z</time>
      </trkpt>
      <trkpt lat="46.326448" lon="6.199017">
        <ele>381.3</ele>
        <time>2026-07-31T11:40:11Z</time>
      </trkpt>
      <trkpt lat="46.326537" lon="6.199066">
        <ele>381.4</ele>
        <time>2026-07-31T11:40:12Z</time>
      </trkpt>
      <trkpt lat="46.326626" lon="6.199119">
        <ele>381.4</ele>
        <time>2026-07-31T11:40:13Z</time>
      </trkpt>
      <trkpt lat="46.326714" lon="6.199168">
        <ele>381.5</ele>
        <time>2026-07-31T11:40:14Z</time>
      </trkpt>
      <trkpt lat="46.3268" lon="6.199213">
        <ele>381.6</ele>
        <time>2026-07-31T11:40:15Z</time>
      </trkpt>
      <trkpt lat="46.326885" lon="6.199262">
        <ele>381.7</ele>
        <time>2026-07-31T11:40:16Z</time>
      </trkpt>
      <trkpt lat="46.326967" lon="6.199312">
        <ele>381.8</ele>
        <time>2026-07-31T11:40:17Z</time>
      </trkpt>
      <trkpt lat="46.327048" lon="6.199368">
        <ele>381.9</ele>
        <time>2026-07-31T11:40:18Z</time>
      </trkpt>
      <trkpt lat="46.327123" lon="6.199418">
        <ele>382.0</ele>
        <time>2026-07-31T11:40:19Z</time>
      </trkpt>
      <trkpt lat="46.327202" lon="6.199468">
        <ele>382.2</ele>
        <time>2026-07-31T11:40:20Z</time>
      </trkpt>
      <trkpt lat="46.327277" lon="6.199515">
        <ele>382.3</ele>
        <time>2026-07-31T11:40:21Z</time>
      </trkpt>
      <trkpt lat="46.327347" lon="6.199559">
        <ele>382.5</ele>
        <time>2026-07-31T11:40:22Z</time>
      </trkpt>
      <trkpt lat="46.327419" lon="6.199597">
        <ele>382.7</ele>
        <time>2026-07-31T11:40:23Z</time>
      </trkpt>
      <trkpt lat="46.32749" lon="6.199626">
        <ele>382.9</ele>
        <time>2026-07-31T11:40:24Z</time>
      </trkpt>
      <trkpt lat="46.327561" lon="6.199663">
        <ele>383.1</ele>
        <time>2026-07-31T11:40:25Z</time>
      </trkpt>
      <trkpt lat="46.327622" lon="6.1997">
        <ele>383.1</ele>
        <time>2026-07-31T11:40:26Z</time>
      </trkpt>
      <trkpt lat="46.327673" lon="6.199729">
        <ele>383.2</ele>
        <time>2026-07-31T11:40:27Z</time>
      </trkpt>
      <trkpt lat="46.327722" lon="6.199759">
        <ele>383.2</ele>
        <time>2026-07-31T11:40:28Z</time>
      </trkpt>
      <trkpt lat="46.327771" lon="6.199805">
        <ele>383.2</ele>
        <time>2026-07-31T11:40:29Z</time>
      </trkpt>
      <trkpt lat="46.327826" lon="6.199856">
        <ele>383.2</ele>
        <time>2026-07-31T11:40:30Z</time>
      </trkpt>
      <trkpt lat="46.327887" lon="6.199861">
        <ele>383.2</ele>
        <time>2026-07-31T11:40:31Z</time>
      </trkpt>
      <trkpt lat="46.327936" lon="6.199805">
        <ele>383.2</ele>
        <time>2026-07-31T11:40:32Z</time>
      </trkpt>
      <trkpt lat="46.327956" lon="6.199703">
        <ele>383.2</ele>
        <time>2026-07-31T11:40:33Z</time>
      </trkpt>
      <trkpt lat="46.327947" lon="6.199597">
        <ele>383.4</ele>
        <time>2026-07-31T11:40:34Z</time>
      </trkpt>
      <trkpt lat="46.327925" lon="6.199513">
        <ele>383.6</ele>
        <time>2026-07-31T11:40:35Z</time>
      </trkpt>
      <trkpt lat="46.327922" lon="6.199443">
        <ele>383.7</ele>
        <time>2026-07-31T11:40:36Z</time>
      </trkpt>
      <trkpt lat="46.327927" lon="6.199349">
        <ele>384.0</ele>
        <time>2026-07-31T11:40:37Z</time>
      </trkpt>
      <trkpt lat="46.327942" lon="6.199281">
        <ele>384.3</ele>
        <time>2026-07-31T11:40:38Z</time>
      </trkpt>
      <trkpt lat="46.327967" lon="6.199208">
        <ele>384.4</ele>
        <time>2026-07-31T11:40:39Z</time>
      </trkpt>
      <trkpt lat="46.327996" lon="6.199143">
        <ele>384.6</ele>
        <time>2026-07-31T11:40:40Z</time>
      </trkpt>
      <trkpt lat="46.328017" lon="6.199085">
        <ele>384.7</ele>
        <time>2026-07-31T11:40:41Z</time>
      </trkpt>
      <trkpt lat="46.328048" lon="6.19902">
        <ele>384.9</ele>
        <time>2026-07-31T11:40:42Z</time>
      </trkpt>
      <trkpt lat="46.328069" lon="6.198953">
        <ele>385.1</ele>
        <time>2026-07-31T11:40:43Z</time>
      </trkpt>
      <trkpt lat="46.328094" lon="6.198879">
        <ele>385.3</ele>
        <time>2026-07-31T11:40:44Z</time>
      </trkpt>
      <trkpt lat="46.328122" lon="6.198808">
        <ele>385.5</ele>
        <time>2026-07-31T11:40:45Z</time>
      </trkpt>
      <trkpt lat="46.328148" lon="6.198741">
        <ele>385.7</ele>
        <time>2026-07-31T11:40:46Z</time>
      </trkpt>
      <trkpt lat="46.328178" lon="6.198674">
        <ele>385.9</ele>
        <time>2026-07-31T11:40:47Z</time>
      </trkpt>
      <trkpt lat="46.328202" lon="6.198601">
        <ele>386.1</ele>
        <time>2026-07-31T11:40:48Z</time>
      </trkpt>
      <trkpt lat="46.328228" lon="6.198532">
        <ele>386.3</ele>
        <time>2026-07-31T11:40:49Z</time>
      </trkpt>
      <trkpt lat="46.328256" lon="6.198462">
        <ele>386.5</ele>
        <time>2026-07-31T11:40:50Z</time>
      </trkpt>
      <trkpt lat="46.32828" lon="6.198395">
        <ele>386.6</ele>
        <time>2026-07-31T11:40:51Z</time>
      </trkpt>
      <trkpt lat="46.328306" lon="6.198321">
        <ele>386.8</ele>
        <time>2026-07-31T11:40:52Z</time>
      </trkpt>
      <trkpt lat="46.328328" lon="6.198255">
        <ele>387.0</ele>
        <time>2026-07-31T11:40:53Z</time>
      </trkpt>
      <trkpt lat="46.328356" lon="6.198186">
        <ele>387.2</ele>
        <time>2026-07-31T11:40:54Z</time>
      </trkpt>
      <trkpt lat="46.328381" lon="6.19812">
        <ele>387.4</ele>
        <time>2026-07-31T11:40:55Z</time>
      </trkpt>
      <trkpt lat="46.328405" lon="6.198048">
        <ele>387.5</ele>
        <time>2026-07-31T11:40:56Z</time>
      </trkpt>
      <trkpt lat="46.328436" lon="6.197976">
        <ele>387.7</ele>
        <time>2026-07-31T11:40:57Z</time>
      </trkpt>
      <trkpt lat="46.328462" lon="6.19791">
        <ele>387.9</ele>
        <time>2026-07-31T11:40:58Z</time>
      </trkpt>
      <trkpt lat="46.328488" lon="6.197838">
        <ele>388.0</ele>
        <time>2026-07-31T11:40:59Z</time>
      </trkpt>
      <trkpt lat="46.32851" lon="6.19777">
        <ele>388.2</ele>
        <time>2026-07-31T11:41:00Z</time>
      </trkpt>
      <trkpt lat="46.328536" lon="6.197699">
        <ele>388.3</ele>
        <time>2026-07-31T11:41:01Z</time>
      </trkpt>
      <trkpt lat="46.328563" lon="6.19763">
        <ele>388.4</ele>
        <time>2026-07-31T11:41:02Z</time>
      </trkpt>
      <trkpt lat="46.328588" lon="6.197557">
        <ele>388.6</ele>
        <time>2026-07-31T11:41:03Z</time>
      </trkpt>
      <trkpt lat="46.328614" lon="6.197487">
        <ele>388.7</ele>
        <time>2026-07-31T11:41:04Z</time>
      </trkpt>
      <trkpt lat="46.328637" lon="6.197412">
        <ele>388.8</ele>
        <time>2026-07-31T11:41:05Z</time>
      </trkpt>
      <trkpt lat="46.328663" lon="6.197337">
        <ele>389.0</ele>
        <time>2026-07-31T11:41:06Z</time>
      </trkpt>
      <trkpt lat="46.328691" lon="6.197261">
        <ele>389.1</ele>
        <time>2026-07-31T11:41:07Z</time>
      </trkpt>
      <trkpt lat="46.32872" lon="6.197183">
        <ele>389.3</ele>
        <time>2026-07-31T11:41:08Z</time>
      </trkpt>
      <trkpt lat="46.328745" lon="6.197102">
        <ele>389.5</ele>
        <time>2026-07-31T11:41:09Z</time>
      </trkpt>
      <trkpt lat="46.328767" lon="6.197028">
        <ele>389.6</ele>
        <time>2026-07-31T11:41:10Z</time>
      </trkpt>
      <trkpt lat="46.328793" lon="6.196948">
        <ele>389.8</ele>
        <time>2026-07-31T11:41:11Z</time>
      </trkpt>
      <trkpt lat="46.328819" lon="6.19687">
        <ele>390.0</ele>
        <time>2026-07-31T11:41:12Z</time>
      </trkpt>
      <trkpt lat="46.328846" lon="6.196792">
        <ele>390.2</ele>
        <time>2026-07-31T11:41:13Z</time>
      </trkpt>
      <trkpt lat="46.328869" lon="6.196718">
        <ele>390.4</ele>
        <time>2026-07-31T11:41:14Z</time>
      </trkpt>
      <trkpt lat="46.328894" lon="6.196642">
        <ele>390.6</ele>
        <time>2026-07-31T11:41:15Z</time>
      </trkpt>
      <trkpt lat="46.328918" lon="6.196567">
        <ele>390.8</ele>
        <time>2026-07-31T11:41:16Z</time>
      </trkpt>
      <trkpt lat="46.328942" lon="6.196491">
        <ele>391.0</ele>
        <time>2026-07-31T11:41:17Z</time>
      </trkpt>
      <trkpt lat="46.328965" lon="6.196419">
        <ele>391.2</ele>
        <time>2026-07-31T11:41:18Z</time>
      </trkpt>
      <trkpt lat="46.328989" lon="6.196345">
        <ele>391.4</ele>
        <time>2026-07-31T11:41:19Z</time>
      </trkpt>
      <trkpt lat="46.329013" lon="6.196268">
        <ele>391.4</ele>
        <time>2026-07-31T11:41:20Z</time>
      </trkpt>
      <trkpt lat="46.32904" lon="6.196193">
        <ele>391.4</ele>
        <time>2026-07-31T11:41:21Z</time>
      </trkpt>
      <trkpt lat="46.329063" lon="6.196118">
        <ele>391.5</ele>
        <time>2026-07-31T11:41:22Z</time>
      </trkpt>
      <trkpt lat="46.329086" lon="6.19604">
        <ele>391.5</ele>
        <time>2026-07-31T11:41:23Z</time>
      </trkpt>
      <trkpt lat="46.32911" lon="6.195963">
        <ele>391.5</ele>
        <time>2026-07-31T11:41:24Z</time>
      </trkpt>
      <trkpt lat="46.329134" lon="6.195884">
        <ele>391.5</ele>
        <time>2026-07-31T11:41:25Z</time>
      </trkpt>
      <trkpt lat="46.329159" lon="6.195802">
        <ele>391.5</ele>
        <time>2026-07-31T11:41:26Z</time>
      </trkpt>
      <trkpt lat="46.329178" lon="6.195717">
        <ele>391.4</ele>
        <time>2026-07-31T11:41:27Z</time>
      </trkpt>
      <trkpt lat="46.3292" lon="6.19563">
        <ele>391.3</ele>
        <time>2026-07-31T11:41:28Z</time>
      </trkpt>
      <trkpt lat="46.329221" lon="6.195538">
        <ele>391.1</ele>
        <time>2026-07-31T11:41:29Z</time>
      </trkpt>
      <trkpt lat="46.329245" lon="6.195439">
        <ele>390.9</ele>
        <time>2026-07-31T11:41:30Z</time>
      </trkpt>
      <trkpt lat="46.329266" lon="6.195337">
        <ele>390.6</ele>
        <time>2026-07-31T11:41:31Z</time>
      </trkpt>
      <trkpt lat="46.329286" lon="6.195227">
        <ele>390.3</ele>
        <time>2026-07-31T11:41:32Z</time>
      </trkpt>
      <trkpt lat="46.329308" lon="6.195114">
        <ele>390.1</ele>
        <time>2026-07-31T11:41:33Z</time>
      </trkpt>
      <trkpt lat="46.329327" lon="6.195001">
        <ele>389.9</ele>
        <time>2026-07-31T11:41:34Z</time>
      </trkpt>
      <trkpt lat="46.32935" lon="6.194886">
        <ele>389.7</ele>
        <time>2026-07-31T11:41:35Z</time>
      </trkpt>
      <trkpt lat="46.329376" lon="6.194765">
        <ele>389.6</ele>
        <time>2026-07-31T11:41:36Z</time>
      </trkpt>
      <trkpt lat="46.3294" lon="6.194647">
        <ele>389.6</ele>
        <time>2026-07-31T11:41:37Z</time>
      </trkpt>
      <trkpt lat="46.329419" lon="6.194535">
        <ele>389.7</ele>
        <time>2026-07-31T11:41:38Z</time>
      </trkpt>
      <trkpt lat="46.32945" lon="6.194432">
        <ele>390.0</ele>
        <time>2026-07-31T11:41:39Z</time>
      </trkpt>
      <trkpt lat="46.329465" lon="6.194338">
        <ele>390.2</ele>
        <time>2026-07-31T11:41:40Z</time>
      </trkpt>
      <trkpt lat="46.329484" lon="6.194241">
        <ele>390.5</ele>
        <time>2026-07-31T11:41:41Z</time>
      </trkpt>
      <trkpt lat="46.329499" lon="6.194154">
        <ele>390.9</ele>
        <time>2026-07-31T11:41:42Z</time>
      </trkpt>
      <trkpt lat="46.329508" lon="6.19407">
        <ele>391.3</ele>
        <time>2026-07-31T11:41:43Z</time>
      </trkpt>
      <trkpt lat="46.329528" lon="6.193996">
        <ele>391.7</ele>
        <time>2026-07-31T11:41:44Z</time>
      </trkpt>
      <trkpt lat="46.32954" lon="6.193926">
        <ele>392.0</ele>
        <time>2026-07-31T11:41:45Z</time>
      </trkpt>
      <trkpt lat="46.329555" lon="6.193868">
        <ele>392.4</ele>
        <time>2026-07-31T11:41:46Z</time>
      </trkpt>
      <trkpt lat="46.329569" lon="6.193809">
        <ele>392.7</ele>
        <time>2026-07-31T11:41:47Z</time>
      </trkpt>
      <trkpt lat="46.32958" lon="6.193753">
        <ele>393.1</ele>
        <time>2026-07-31T11:41:48Z</time>
      </trkpt>
      <trkpt lat="46.329589" lon="6.193693">
        <ele>393.4</ele>
        <time>2026-07-31T11:41:49Z</time>
      </trkpt>
      <trkpt lat="46.329593" lon="6.193635">
        <ele>393.7</ele>
        <time>2026-07-31T11:41:50Z</time>
      </trkpt>
      <trkpt lat="46.329605" lon="6.19358">
        <ele>394.1</ele>
        <time>2026-07-31T11:41:51Z</time>
      </trkpt>
      <trkpt lat="46.329618" lon="6.193526">
        <ele>394.4</ele>
        <time>2026-07-31T11:41:52Z</time>
      </trkpt>
      <trkpt lat="46.329632" lon="6.193472">
        <ele>394.7</ele>
        <time>2026-07-31T11:41:53Z</time>
      </trkpt>
      <trkpt lat="46.329643" lon="6.193419">
        <ele>395.0</ele>
        <time>2026-07-31T11:41:54Z</time>
      </trkpt>
      <trkpt lat="46.32966" lon="6.193367">
        <ele>395.3</ele>
        <time>2026-07-31T11:41:55Z</time>
      </trkpt>
      <trkpt lat="46.32968" lon="6.19332">
        <ele>395.5</ele>
        <time>2026-07-31T11:41:56Z</time>
      </trkpt>
      <trkpt lat="46.329706" lon="6.193277">
        <ele>395.8</ele>
        <time>2026-07-31T11:41:57Z</time>
      </trkpt>
      <trkpt lat="46.329734" lon="6.193237">
        <ele>396.1</ele>
        <time>2026-07-31T11:41:58Z</time>
      </trkpt>
      <trkpt lat="46.329771" lon="6.193209">
        <ele>396.3</ele>
        <time>2026-07-31T11:41:59Z</time>
      </trkpt>
      <trkpt lat="46.329808" lon="6.193191">
        <ele>396.6</ele>
        <time>2026-07-31T11:42:00Z</time>
      </trkpt>
      <trkpt lat="46.329849" lon="6.19318">
        <ele>396.8</ele>
        <time>2026-07-31T11:42:01Z</time>
      </trkpt>
      <trkpt lat="46.32989" lon="6.19318">
        <ele>397.0</ele>
        <time>2026-07-31T11:42:02Z</time>
      </trkpt>
      <trkpt lat="46.329933" lon="6.193177">
        <ele>397.2</ele>
        <time>2026-07-31T11:42:03Z</time>
      </trkpt>
      <trkpt lat="46.329971" lon="6.193178">
        <ele>397.4</ele>
        <time>2026-07-31T11:42:04Z</time>
      </trkpt>
      <trkpt lat="46.330012" lon="6.193175">
        <ele>397.6</ele>
        <time>2026-07-31T11:42:05Z</time>
      </trkpt>
      <trkpt lat="46.330051" lon="6.193164">
        <ele>397.7</ele>
        <time>2026-07-31T11:42:06Z</time>
      </trkpt>
      <trkpt lat="46.33009" lon="6.193153">
        <ele>397.9</ele>
        <time>2026-07-31T11:42:07Z</time>
      </trkpt>
      <trkpt lat="46.33013" lon="6.193175">
        <ele>398.0</ele>
        <time>2026-07-31T11:42:08Z</time>
      </trkpt>
      <trkpt lat="46.330152" lon="6.193239">
        <ele>398.0</ele>
        <time>2026-07-31T11:42:09Z</time>
      </trkpt>
      <trkpt lat="46.330145" lon="6.193318">
        <ele>397.9</ele>
        <time>2026-07-31T11:42:10Z</time>
      </trkpt>
      <trkpt lat="46.330128" lon="6.193393">
        <ele>397.9</ele>
        <time>2026-07-31T11:42:11Z</time>
      </trkpt>
      <trkpt lat="46.330115" lon="6.193464">
        <ele>397.9</ele>
        <time>2026-07-31T11:42:12Z</time>
      </trkpt>
      <trkpt lat="46.330103" lon="6.19354">
        <ele>397.9</ele>
        <time>2026-07-31T11:42:13Z</time>
      </trkpt>
      <trkpt lat="46.330099" lon="6.193618">
        <ele>397.9</ele>
        <time>2026-07-31T11:42:14Z</time>
      </trkpt>
      <trkpt lat="46.330084" lon="6.193697">
        <ele>397.9</ele>
        <time>2026-07-31T11:42:15Z</time>
      </trkpt>
      <trkpt lat="46.330076" lon="6.193781">
        <ele>397.9</ele>
        <time>2026-07-31T11:42:16Z</time>
      </trkpt>
      <trkpt lat="46.33007" lon="6.193865">
        <ele>397.9</ele>
        <time>2026-07-31T11:42:17Z</time>
      </trkpt>
      <trkpt lat="46.330084" lon="6.193954">
        <ele>397.9</ele>
        <time>2026-07-31T11:42:18Z</time>
      </trkpt>
      <trkpt lat="46.330126" lon="6.194031">
        <ele>397.8</ele>
        <time>2026-07-31T11:42:19Z</time>
      </trkpt>
      <trkpt lat="46.330189" lon="6.194074">
        <ele>397.8</ele>
        <time>2026-07-31T11:42:20Z</time>
      </trkpt>
      <trkpt lat="46.330256" lon="6.194094">
        <ele>397.7</ele>
        <time>2026-07-31T11:42:21Z</time>
      </trkpt>
      <trkpt lat="46.330323" lon="6.194116">
        <ele>397.6</ele>
        <time>2026-07-31T11:42:22Z</time>
      </trkpt>
      <trkpt lat="46.330387" lon="6.19415">
        <ele>397.5</ele>
        <time>2026-07-31T11:42:23Z</time>
      </trkpt>
      <trkpt lat="46.330452" lon="6.194188">
        <ele>397.4</ele>
        <time>2026-07-31T11:42:24Z</time>
      </trkpt>
      <trkpt lat="46.330517" lon="6.194228">
        <ele>397.3</ele>
        <time>2026-07-31T11:42:25Z</time>
      </trkpt>
      <trkpt lat="46.330583" lon="6.194267">
        <ele>397.2</ele>
        <time>2026-07-31T11:42:26Z</time>
      </trkpt>
      <trkpt lat="46.330651" lon="6.194306">
        <ele>397.1</ele>
        <time>2026-07-31T11:42:27Z</time>
      </trkpt>
      <trkpt lat="46.330722" lon="6.194337">
        <ele>397.1</ele>
        <time>2026-07-31T11:42:28Z</time>
      </trkpt>
      <trkpt lat="46.330793" lon="6.194376">
        <ele>397.0</ele>
        <time>2026-07-31T11:42:29Z</time>
      </trkpt>
      <trkpt lat="46.330864" lon="6.194416">
        <ele>396.9</ele>
        <time>2026-07-31T11:42:30Z</time>
      </trkpt>
      <trkpt lat="46.330938" lon="6.194455">
        <ele>396.9</ele>
        <time>2026-07-31T11:42:31Z</time>
      </trkpt>
      <trkpt lat="46.331011" lon="6.194489">
        <ele>396.9</ele>
        <time>2026-07-31T11:42:32Z</time>
      </trkpt>
      <trkpt lat="46.331087" lon="6.194521">
        <ele>396.8</ele>
        <time>2026-07-31T11:42:33Z</time>
      </trkpt>
      <trkpt lat="46.331159" lon="6.194554">
        <ele>396.7</ele>
        <time>2026-07-31T11:42:34Z</time>
      </trkpt>
      <trkpt lat="46.331232" lon="6.194586">
        <ele>396.7</ele>
        <time>2026-07-31T11:42:35Z</time>
      </trkpt>
      <trkpt lat="46.331306" lon="6.194613">
        <ele>396.7</ele>
        <time>2026-07-31T11:42:36Z</time>
      </trkpt>
      <trkpt lat="46.331376" lon="6.194641">
        <ele>396.7</ele>
        <time>2026-07-31T11:42:37Z</time>
      </trkpt>
      <trkpt lat="46.331446" lon="6.194667">
        <ele>396.7</ele>
        <time>2026-07-31T11:42:38Z</time>
      </trkpt>
      <trkpt lat="46.331514" lon="6.194698">
        <ele>396.7</ele>
        <time>2026-07-31T11:42:39Z</time>
      </trkpt>
      <trkpt lat="46.331578" lon="6.194726">
        <ele>396.7</ele>
        <time>2026-07-31T11:42:40Z</time>
      </trkpt>
      <trkpt lat="46.331635" lon="6.194748">
        <ele>396.7</ele>
        <time>2026-07-31T11:42:41Z</time>
      </trkpt>
      <trkpt lat="46.331678" lon="6.194719">
        <ele>396.7</ele>
        <time>2026-07-31T11:42:42Z</time>
      </trkpt>
      <trkpt lat="46.331696" lon="6.194639">
        <ele>396.7</ele>
        <time>2026-07-31T11:42:43Z</time>
      </trkpt>
      <trkpt lat="46.331711" lon="6.194557">
        <ele>396.8</ele>
        <time>2026-07-31T11:42:44Z</time>
      </trkpt>
      <trkpt lat="46.331737" lon="6.194495">
        <ele>396.8</ele>
        <time>2026-07-31T11:42:45Z</time>
      </trkpt>
      <trkpt lat="46.331764" lon="6.194447">
        <ele>396.8</ele>
        <time>2026-07-31T11:42:46Z</time>
      </trkpt>
      <trkpt lat="46.331787" lon="6.194406">
        <ele>396.9</ele>
        <time>2026-07-31T11:42:47Z</time>
      </trkpt>
      <trkpt lat="46.331803" lon="6.194354">
        <ele>396.9</ele>
        <time>2026-07-31T11:42:48Z</time>
      </trkpt>
      <trkpt lat="46.331808" lon="6.194307">
        <ele>396.9</ele>
        <time>2026-07-31T11:42:49Z</time>
      </trkpt>
      <trkpt lat="46.331808" lon="6.194266">
        <ele>396.9</ele>
        <time>2026-07-31T11:42:50Z</time>
      </trkpt>
      <trkpt lat="46.331803" lon="6.194244">
        <ele>397.0</ele>
        <time>2026-07-31T11:42:51Z</time>
      </trkpt>
      <trkpt lat="46.331785" lon="6.194222">
        <ele>397.0</ele>
        <time>2026-07-31T11:42:52Z</time>
      </trkpt>
      <trkpt lat="46.331768" lon="6.194209">
        <ele>397.0</ele>
        <time>2026-07-31T11:42:53Z</time>
      </trkpt>
      <trkpt lat="46.331769" lon="6.19422">
        <ele>397.0</ele>
        <time>2026-07-31T11:42:54Z</time>
      </trkpt>
      <trkpt lat="46.331776" lon="6.194224">
        <ele>397.0</ele>
        <time>2026-07-31T11:42:55Z</time>
      </trkpt>
      <trkpt lat="46.331785" lon="6.194258">
        <ele>397.0</ele>
        <time>2026-07-31T11:42:56Z</time>
      </trkpt>
      <trkpt lat="46.33178" lon="6.194257">
        <ele>397.1</ele>
        <time>2026-07-31T11:42:57Z</time>
      </trkpt>
      <trkpt lat="46.331775" lon="6.194257">
        <ele>397.1</ele>
        <time>2026-07-31T11:42:58Z</time>
      </trkpt>
      <trkpt lat="46.33177" lon="6.194256">
        <ele>397.1</ele>
        <time>2026-07-31T11:42:59Z</time>
      </trkpt>
      <trkpt lat="46.331764" lon="6.194255">
        <ele>397.1</ele>
        <time>2026-07-31T11:43:00Z</time>
      </trkpt>
      <trkpt lat="46.331758" lon="6.194254">
        <ele>397.1</ele>
        <time>2026-07-31T11:43:01Z</time>
      </trkpt>
      <trkpt lat="46.331753" lon="6.194254">
        <ele>397.1</ele>
        <time>2026-07-31T11:43:02Z</time>
      </trkpt>
      <trkpt lat="46.331748" lon="6.194253">
        <ele>397.1</ele>
        <time>2026-07-31T11:43:03Z</time>
      </trkpt>
      <trkpt lat="46.331742" lon="6.194252">
        <ele>397.1</ele>
        <time>2026-07-31T11:43:04Z</time>
      </trkpt>
    </trkseg>
  </trk>
</gpx>