<?xml version="1.0" encoding="UTF-8"?>
<gpx xmlns="http://www.topografix.com/GPX/1/1" xmlns:xsi="http://www.w3.org/2001/XMLSchema-instance" xsi:schemaLocation="http://www.topografix.com/GPX/1/1 http://www.topografix.com/GPX/1/1/gpx.xsd" version="1.1" creator="gpx.py -- https://github.com/tkrajina/gpxpy">
  <metadata>
    <name>1787031057.Morning_Ride</name>
    <time>2026-08-18T05:30:57Z</time>
    <keywords>19789028472</keywords>
  </metadata>
  <trk>
    <name>1787031057.Morning_Ride</name>
    <cmt>2026-08-18</cmt>
    <type>Ride</type>
    <trkseg>
      <trkpt lat="46.331796" lon="6.194313">
        <ele>397.4</ele>
        <time>2026-08-18T05:30:57Z</time>
      </trkpt>
      <trkpt lat="46.331796" lon="6.194313">
        <ele>397.4</ele>
        <time>2026-08-18T05:30:58Z</time>
      </trkpt>
      <trkpt lat="46.33179" lon="6.194328">
        <ele>397.4</ele>
        <time>2026-08-18T05:30:59Z</time>
      </trkpt>
      <trkpt lat="46.331774" lon="6.194312">
        <ele>397.4</ele>
        <time>2026-08-18T05:31:00Z</time>
      </trkpt>
      <trkpt lat="46.331774" lon="6.194299">
        <ele>397.4</ele>
        <time>2026-08-18T05:31:01Z</time>
      </trkpt>
      <trkpt lat="46.331783" lon="6.194302">
        <ele>397.4</ele>
        <time>2026-08-18T05:31:02Z</time>
      </trkpt>
      <trkpt lat="46.331788" lon="6.194311">
        <ele>397.4</ele>
        <time>2026-08-18T05:31:03Z</time>
      </trkpt>
      <trkpt lat="46.331787" lon="6.194329">
        <ele>397.4</ele>
        <time>2026-08-18T05:31:04Z</time>
      </trkpt>
      <trkpt lat="46.33179" lon="6.194353">
        <ele>397.4</ele>
        <time>2026-08-18T05:31:05Z</time>
      </trkpt>
      <trkpt lat="46.331791" lon="6.194375">
        <ele>397.4</ele>
        <time>2026-08-18T05:31:06Z</time>
      </trkpt>
      <trkpt lat="46.331784" lon="6.1944">
        <ele>397.6</ele>
        <time>2026-08-18T05:31:07Z</time>
      </trkpt>
      <trkpt lat="46.331771" lon="6.194422">
        <ele>397.4</ele>
        <time>2026-08-18T05:31:08Z</time>
      </trkpt>
      <trkpt lat="46.331753" lon="6.19445">
        <ele>397.4</ele>
        <time>2026-08-18T05:31:09Z</time>
      </trkpt>
      <trkpt lat="46.331736" lon="6.194485">
        <ele>397.4</ele>
        <time>2026-08-18T05:31:10Z</time>
      </trkpt>
      <trkpt lat="46.331723" lon="6.194526">
        <ele>397.4</ele>
        <time>2026-08-18T05:31:11Z</time>
      </trkpt>
      <trkpt lat="46.331716" lon="6.194573">
        <ele>397.2</ele>
        <time>2026-08-18T05:31:12Z</time>
      </trkpt>
      <trkpt lat="46.331705" lon="6.194611">
        <ele>397.2</ele>
        <time>2026-08-18T05:31:13Z</time>
      </trkpt>
      <trkpt lat="46.331685" lon="6.194649">
        <ele>397.0</ele>
        <time>2026-08-18T05:31:14Z</time>
      </trkpt>
      <trkpt lat="46.331657" lon="6.194687">
        <ele>397.0</ele>
        <time>2026-08-18T05:31:15Z</time>
      </trkpt>
      <trkpt lat="46.331621" lon="6.194702">
        <ele>397.0</ele>
        <time>2026-08-18T05:31:16Z</time>
      </trkpt>
      <trkpt lat="46.331584" lon="6.194695">
        <ele>397.0</ele>
        <time>2026-08-18T05:31:17Z</time>
      </trkpt>
      <trkpt lat="46.331544" lon="6.19468">
        <ele>397.0</ele>
        <time>2026-08-18T05:31:18Z</time>
      </trkpt>
      <trkpt lat="46.331502" lon="6.194659">
        <ele>397.0</ele>
        <time>2026-08-18T05:31:19Z</time>
      </trkpt>
      <trkpt lat="46.33146" lon="6.194637">
        <ele>397.0</ele>
        <time>2026-08-18T05:31:20Z</time>
      </trkpt>
      <trkpt lat="46.331418" lon="6.194619">
        <ele>396.8</ele>
        <time>2026-08-18T05:31:21Z</time>
      </trkpt>
      <trkpt lat="46.331377" lon="6.194598">
        <ele>396.6</ele>
        <time>2026-08-18T05:31:22Z</time>
      </trkpt>
      <trkpt lat="46.331335" lon="6.19458">
        <ele>396.6</ele>
        <time>2026-08-18T05:31:23Z</time>
      </trkpt>
      <trkpt lat="46.331289" lon="6.19456">
        <ele>396.6</ele>
        <time>2026-08-18T05:31:24Z</time>
      </trkpt>
      <trkpt lat="46.331242" lon="6.194542">
        <ele>396.6</ele>
        <time>2026-08-18T05:31:25Z</time>
      </trkpt>
      <trkpt lat="46.331193" lon="6.194522">
        <ele>396.6</ele>
        <time>2026-08-18T05:31:26Z</time>
      </trkpt>
      <trkpt lat="46.331143" lon="6.194502">
        <ele>396.6</ele>
        <time>2026-08-18T05:31:27Z</time>
      </trkpt>
      <trkpt lat="46.331094" lon="6.194481">
        <ele>396.6</ele>
        <time>2026-08-18T05:31:28Z</time>
      </trkpt>
      <trkpt lat="46.331042" lon="6.194461">
        <ele>396.4</ele>
        <time>2026-08-18T05:31:29Z</time>
      </trkpt>
      <trkpt lat="46.330992" lon="6.194439">
        <ele>396.4</ele>
        <time>2026-08-18T05:31:30Z</time>
      </trkpt>
      <trkpt lat="46.330942" lon="6.194413">
        <ele>396.4</ele>
        <time>2026-08-18T05:31:31Z</time>
      </trkpt>
      <trkpt lat="46.330892" lon="6.194387">
        <ele>396.4</ele>
        <time>2026-08-18T05:31:32Z</time>
      </trkpt>
      <trkpt lat="46.330843" lon="6.194361">
        <ele>396.4</ele>
        <time>2026-08-18T05:31:33Z</time>
      </trkpt>
      <trkpt lat="46.330794" lon="6.194334">
        <ele>396.4</ele>
        <time>2026-08-18T05:31:34Z</time>
      </trkpt>
      <trkpt lat="46.330746" lon="6.194309">
        <ele>396.6</ele>
        <time>2026-08-18T05:31:35Z</time>
      </trkpt>
      <trkpt lat="46.330697" lon="6.194284">
        <ele>396.8</ele>
        <time>2026-08-18T05:31:36Z</time>
      </trkpt>
      <trkpt lat="46.330648" lon="6.194261">
        <ele>397.0</ele>
        <time>2026-08-18T05:31:37Z</time>
      </trkpt>
      <trkpt lat="46.330602" lon="6.194234">
        <ele>397.0</ele>
        <time>2026-08-18T05:31:38Z</time>
      </trkpt>
      <trkpt lat="46.330556" lon="6.194204">
        <ele>397.2</ele>
        <time>2026-08-18T05:31:39Z</time>
      </trkpt>
      <trkpt lat="46.330509" lon="6.194176">
        <ele>397.4</ele>
        <time>2026-08-18T05:31:40Z</time>
      </trkpt>
      <trkpt lat="46.330462" lon="6.194152">
        <ele>397.6</ele>
        <time>2026-08-18T05:31:41Z</time>
      </trkpt>
      <trkpt lat="46.330415" lon="6.19413">
        <ele>397.6</ele>
        <time>2026-08-18T05:31:42Z</time>
      </trkpt>
      <trkpt lat="46.330369" lon="6.194106">
        <ele>397.8</ele>
        <time>2026-08-18T05:31:43Z</time>
      </trkpt>
      <trkpt lat="46.330323" lon="6.194082">
        <ele>398.0</ele>
        <time>2026-08-18T05:31:44Z</time>
      </trkpt>
      <trkpt lat="46.330277" lon="6.194059">
        <ele>398.2</ele>
        <time>2026-08-18T05:31:45Z</time>
      </trkpt>
      <trkpt lat="46.33023" lon="6.194039">
        <ele>398.2</ele>
        <time>2026-08-18T05:31:46Z</time>
      </trkpt>
      <trkpt lat="46.330186" lon="6.194012">
        <ele>398.4</ele>
        <time>2026-08-18T05:31:47Z</time>
      </trkpt>
      <trkpt lat="46.330149" lon="6.19397">
        <ele>398.4</ele>
        <time>2026-08-18T05:31:48Z</time>
      </trkpt>
      <trkpt lat="46.330125" lon="6.19391">
        <ele>398.4</ele>
        <time>2026-08-18T05:31:49Z</time>
      </trkpt>
      <trkpt lat="46.33012" lon="6.193841">
        <ele>398.4</ele>
        <time>2026-08-18T05:31:50Z</time>
      </trkpt>
      <trkpt lat="46.330124" lon="6.193773">
        <ele>398.6</ele>
        <time>2026-08-18T05:31:51Z</time>
      </trkpt>
      <trkpt lat="46.330133" lon="6.193705">
        <ele>398.6</ele>
        <time>2026-08-18T05:31:52Z</time>
      </trkpt>
      <trkpt lat="46.330141" lon="6.193637">
        <ele>398.6</ele>
        <time>2026-08-18T05:31:53Z</time>
      </trkpt>
      <trkpt lat="46.330148" lon="6.193567">
        <ele>398.6</ele>
        <time>2026-08-18T05:31:54Z</time>
      </trkpt>
      <trkpt lat="46.330158" lon="6.193498">
        <ele>398.6</ele>
        <time>2026-08-18T05:31:55Z</time>
      </trkpt>
      <trkpt lat="46.330167" lon="6.19343">
        <ele>398.8</ele>
        <time>2026-08-18T05:31:56Z</time>
      </trkpt>
      <trkpt lat="46.330177" lon="6.193364">
        <ele>398.8</ele>
        <time>2026-08-18T05:31:57Z</time>
      </trkpt>
      <trkpt lat="46.330182" lon="6.193304">
        <ele>398.8</ele>
        <time>2026-08-18T05:31:58Z</time>
      </trkpt>
      <trkpt lat="46.330187" lon="6.193257">
        <ele>399.0</ele>
        <time>2026-08-18T05:31:59Z</time>
      </trkpt>
      <trkpt lat="46.330191" lon="6.193222">
        <ele>399.2</ele>
        <time>2026-08-18T05:32:00Z</time>
      </trkpt>
      <trkpt lat="46.330191" lon="6.193193">
        <ele>399.2</ele>
        <time>2026-08-18T05:32:01Z</time>
      </trkpt>
      <trkpt lat="46.330183" lon="6.193157">
        <ele>399.4</ele>
        <time>2026-08-18T05:32:02Z</time>
      </trkpt>
      <trkpt lat="46.330158" lon="6.193125">
        <ele>399.6</ele>
        <time>2026-08-18T05:32:03Z</time>
      </trkpt>
      <trkpt lat="46.330114" lon="6.193114">
        <ele>399.8</ele>
        <time>2026-08-18T05:32:04Z</time>
      </trkpt>
      <trkpt lat="46.330064" lon="6.193113">
        <ele>399.8</ele>
        <time>2026-08-18T05:32:05Z</time>
      </trkpt>
      <trkpt lat="46.330008" lon="6.193116">
        <ele>399.8</ele>
        <time>2026-08-18T05:32:06Z</time>
      </trkpt>
      <trkpt lat="46.329947" lon="6.193121">
        <ele>399.6</ele>
        <time>2026-08-18T05:32:07Z</time>
      </trkpt>
      <trkpt lat="46.329884" lon="6.193127">
        <ele>399.6</ele>
        <time>2026-08-18T05:32:08Z</time>
      </trkpt>
      <trkpt lat="46.32982" lon="6.193134">
        <ele>399.2</ele>
        <time>2026-08-18T05:32:09Z</time>
      </trkpt>
      <trkpt lat="46.329756" lon="6.193169">
        <ele>399.0</ele>
        <time>2026-08-18T05:32:10Z</time>
      </trkpt>
      <trkpt lat="46.329698" lon="6.193227">
        <ele>398.8</ele>
        <time>2026-08-18T05:32:11Z</time>
      </trkpt>
      <trkpt lat="46.329657" lon="6.193308">
        <ele>398.6</ele>
        <time>2026-08-18T05:32:12Z</time>
      </trkpt>
      <trkpt lat="46.329611" lon="6.193397">
        <ele>398.2</ele>
        <time>2026-08-18T05:32:13Z</time>
      </trkpt>
      <trkpt lat="46.329583" lon="6.193506">
        <ele>397.8</ele>
        <time>2026-08-18T05:32:14Z</time>
      </trkpt>
      <trkpt lat="46.329557" lon="6.193626">
        <ele>397.4</ele>
        <time>2026-08-18T05:32:15Z</time>
      </trkpt>
      <trkpt lat="46.329532" lon="6.193754">
        <ele>396.8</ele>
        <time>2026-08-18T05:32:16Z</time>
      </trkpt>
      <trkpt lat="46.329505" lon="6.193892">
        <ele>396.0</ele>
        <time>2026-08-18T05:32:17Z</time>
      </trkpt>
      <trkpt lat="46.329479" lon="6.194035">
        <ele>395.2</ele>
        <time>2026-08-18T05:32:18Z</time>
      </trkpt>
      <trkpt lat="46.329453" lon="6.194185">
        <ele>394.4</ele>
        <time>2026-08-18T05:32:19Z</time>
      </trkpt>
      <trkpt lat="46.329425" lon="6.194344">
        <ele>393.4</ele>
        <time>2026-08-18T05:32:20Z</time>
      </trkpt>
      <trkpt lat="46.329394" lon="6.194505">
        <ele>392.6</ele>
        <time>2026-08-18T05:32:21Z</time>
      </trkpt>
      <trkpt lat="46.329368" lon="6.194662">
        <ele>391.6</ele>
        <time>2026-08-18T05:32:22Z</time>
      </trkpt>
      <trkpt lat="46.32934" lon="6.194816">
        <ele>390.8</ele>
        <time>2026-08-18T05:32:23Z</time>
      </trkpt>
      <trkpt lat="46.329308" lon="6.194967">
        <ele>390.2</ele>
        <time>2026-08-18T05:32:24Z</time>
      </trkpt>
      <trkpt lat="46.329276" lon="6.195117">
        <ele>389.6</ele>
        <time>2026-08-18T05:32:25Z</time>
      </trkpt>
      <trkpt lat="46.329245" lon="6.19526">
        <ele>389.4</ele>
        <time>2026-08-18T05:32:26Z</time>
      </trkpt>
      <trkpt lat="46.329218" lon="6.195393">
        <ele>389.4</ele>
        <time>2026-08-18T05:32:27Z</time>
      </trkpt>
      <trkpt lat="46.329189" lon="6.195517">
        <ele>389.6</ele>
        <time>2026-08-18T05:32:28Z</time>
      </trkpt>
      <trkpt lat="46.329159" lon="6.195633">
        <ele>389.8</ele>
        <time>2026-08-18T05:32:29Z</time>
      </trkpt>
      <trkpt lat="46.32913" lon="6.195743">
        <ele>390.4</ele>
        <time>2026-08-18T05:32:30Z</time>
      </trkpt>
      <trkpt lat="46.329103" lon="6.19585">
        <ele>390.8</ele>
        <time>2026-08-18T05:32:31Z</time>
      </trkpt>
      <trkpt lat="46.329075" lon="6.195955">
        <ele>391.2</ele>
        <time>2026-08-18T05:32:32Z</time>
      </trkpt>
      <trkpt lat="46.329047" lon="6.196056">
        <ele>391.6</ele>
        <time>2026-08-18T05:32:33Z</time>
      </trkpt>
      <trkpt lat="46.329023" lon="6.196159">
        <ele>392.0</ele>
        <time>2026-08-18T05:32:34Z</time>
      </trkpt>
      <trkpt lat="46.328996" lon="6.196263">
        <ele>392.4</ele>
        <time>2026-08-18T05:32:35Z</time>
      </trkpt>
      <trkpt lat="46.328959" lon="6.196363">
        <ele>392.6</ele>
        <time>2026-08-18T05:32:36Z</time>
      </trkpt>
      <trkpt lat="46.328924" lon="6.196467">
        <ele>392.6</ele>
        <time>2026-08-18T05:32:37Z</time>
      </trkpt>
      <trkpt lat="46.328887" lon="6.196574">
        <ele>392.6</ele>
        <time>2026-08-18T05:32:38Z</time>
      </trkpt>
      <trkpt lat="46.328854" lon="6.196685">
        <ele>392.4</ele>
        <time>2026-08-18T05:32:39Z</time>
      </trkpt>
      <trkpt lat="46.328817" lon="6.196796">
        <ele>392.2</ele>
        <time>2026-08-18T05:32:40Z</time>
      </trkpt>
      <trkpt lat="46.328778" lon="6.196907">
        <ele>391.8</ele>
        <time>2026-08-18T05:32:41Z</time>
      </trkpt>
      <trkpt lat="46.328741" lon="6.197022">
        <ele>391.6</ele>
        <time>2026-08-18T05:32:42Z</time>
      </trkpt>
      <trkpt lat="46.328702" lon="6.197138">
        <ele>391.2</ele>
        <time>2026-08-18T05:32:43Z</time>
      </trkpt>
      <trkpt lat="46.328662" lon="6.197254">
        <ele>391.0</ele>
        <time>2026-08-18T05:32:44Z</time>
      </trkpt>
      <trkpt lat="46.328622" lon="6.197369">
        <ele>390.6</ele>
        <time>2026-08-18T05:32:45Z</time>
      </trkpt>
      <trkpt lat="46.328585" lon="6.197483">
        <ele>390.2</ele>
        <time>2026-08-18T05:32:46Z</time>
      </trkpt>
      <trkpt lat="46.328542" lon="6.197597">
        <ele>390.0</ele>
        <time>2026-08-18T05:32:47Z</time>
      </trkpt>
      <trkpt lat="46.328499" lon="6.197711">
        <ele>389.8</ele>
        <time>2026-08-18T05:32:48Z</time>
      </trkpt>
      <trkpt lat="46.328455" lon="6.197825">
        <ele>389.4</ele>
        <time>2026-08-18T05:32:49Z</time>
      </trkpt>
      <trkpt lat="46.328411" lon="6.197942">
        <ele>389.2</ele>
        <time>2026-08-18T05:32:50Z</time>
      </trkpt>
      <trkpt lat="46.32837" lon="6.19806">
        <ele>389.0</ele>
        <time>2026-08-18T05:32:51Z</time>
      </trkpt>
      <trkpt lat="46.328326" lon="6.198176">
        <ele>388.8</ele>
        <time>2026-08-18T05:32:52Z</time>
      </trkpt>
      <trkpt lat="46.328282" lon="6.198295">
        <ele>388.6</ele>
        <time>2026-08-18T05:32:53Z</time>
      </trkpt>
      <trkpt lat="46.328238" lon="6.198413">
        <ele>388.2</ele>
        <time>2026-08-18T05:32:54Z</time>
      </trkpt>
      <trkpt lat="46.328192" lon="6.198533">
        <ele>388.0</ele>
        <time>2026-08-18T05:32:55Z</time>
      </trkpt>
      <trkpt lat="46.328147" lon="6.198654">
        <ele>387.6</ele>
        <time>2026-08-18T05:32:56Z</time>
      </trkpt>
      <trkpt lat="46.328102" lon="6.198774">
        <ele>387.2</ele>
        <time>2026-08-18T05:32:57Z</time>
      </trkpt>
      <trkpt lat="46.328057" lon="6.198893">
        <ele>386.8</ele>
        <time>2026-08-18T05:32:58Z</time>
      </trkpt>
      <trkpt lat="46.328011" lon="6.199009">
        <ele>386.6</ele>
        <time>2026-08-18T05:32:59Z</time>
      </trkpt>
      <trkpt lat="46.327965" lon="6.199122">
        <ele>386.2</ele>
        <time>2026-08-18T05:33:00Z</time>
      </trkpt>
      <trkpt lat="46.327925" lon="6.19923">
        <ele>386.0</ele>
        <time>2026-08-18T05:33:01Z</time>
      </trkpt>
      <trkpt lat="46.327891" lon="6.199335">
        <ele>385.6</ele>
        <time>2026-08-18T05:33:02Z</time>
      </trkpt>
      <trkpt lat="46.327861" lon="6.199436">
        <ele>385.4</ele>
        <time>2026-08-18T05:33:03Z</time>
      </trkpt>
      <trkpt lat="46.327826" lon="6.199524">
        <ele>385.2</ele>
        <time>2026-08-18T05:33:04Z</time>
      </trkpt>
      <trkpt lat="46.327784" lon="6.1996">
        <ele>385.0</ele>
        <time>2026-08-18T05:33:05Z</time>
      </trkpt>
      <trkpt lat="46.327754" lon="6.19968">
        <ele>384.8</ele>
        <time>2026-08-18T05:33:06Z</time>
      </trkpt>
      <trkpt lat="46.327759" lon="6.199773">
        <ele>384.6</ele>
        <time>2026-08-18T05:33:07Z</time>
      </trkpt>
      <trkpt lat="46.327789" lon="6.199848">
        <ele>384.4</ele>
        <time>2026-08-18T05:33:08Z</time>
      </trkpt>
      <trkpt lat="46.327833" lon="6.199904">
        <ele>384.2</ele>
        <time>2026-08-18T05:33:09Z</time>
      </trkpt>
      <trkpt lat="46.32789" lon="6.199926">
        <ele>384.0</ele>
        <time>2026-08-18T05:33:10Z</time>
      </trkpt>
      <trkpt lat="46.327942" lon="6.199968">
        <ele>383.8</ele>
        <time>2026-08-18T05:33:11Z</time>
      </trkpt>
      <trkpt lat="46.32798" lon="6.200037">
        <ele>383.8</ele>
        <time>2026-08-18T05:33:12Z</time>
      </trkpt>
      <trkpt lat="46.328025" lon="6.200103">
        <ele>383.6</ele>
        <time>2026-08-18T05:33:13Z</time>
      </trkpt>
      <trkpt lat="46.328081" lon="6.200152">
        <ele>383.6</ele>
        <time>2026-08-18T05:33:14Z</time>
      </trkpt>
      <trkpt lat="46.328137" lon="6.200204">
        <ele>383.4</ele>
        <time>2026-08-18T05:33:15Z</time>
      </trkpt>
      <trkpt lat="46.328199" lon="6.200255">
        <ele>383.4</ele>
        <time>2026-08-18T05:33:16Z</time>
      </trkpt>
      <trkpt lat="46.328261" lon="6.200306">
        <ele>383.2</ele>
        <time>2026-08-18T05:33:17Z</time>
      </trkpt>
      <trkpt lat="46.328326" lon="6.200356">
        <ele>383.2</ele>
        <time>2026-08-18T05:33:18Z</time>
      </trkpt>
      <trkpt lat="46.328387" lon="6.200414">
        <ele>383.2</ele>
        <time>2026-08-18T05:33:19Z</time>
      </trkpt>
      <trkpt lat="46.328449" lon="6.200473">
        <ele>383.0</ele>
        <time>2026-08-18T05:33:20Z</time>
      </trkpt>
      <trkpt lat="46.328513" lon="6.200528">
        <ele>382.8</ele>
        <time>2026-08-18T05:33:21Z</time>
      </trkpt>
      <trkpt lat="46.328577" lon="6.200584">
        <ele>382.6</ele>
        <time>2026-08-18T05:33:22Z</time>
      </trkpt>
      <trkpt lat="46.328642" lon="6.20064">
        <ele>382.4</ele>
        <time>2026-08-18T05:33:23Z</time>
      </trkpt>
      <trkpt lat="46.328707" lon="6.2007">
        <ele>382.4</ele>
        <time>2026-08-18T05:33:24Z</time>
      </trkpt>
      <trkpt lat="46.328775" lon="6.200755">
        <ele>382.4</ele>
        <time>2026-08-18T05:33:25Z</time>
      </trkpt>
      <trkpt lat="46.328845" lon="6.200812">
        <ele>382.4</ele>
        <time>2026-08-18T05:33:26Z</time>
      </trkpt>
      <trkpt lat="46.328911" lon="6.20087">
        <ele>382.2</ele>
        <time>2026-08-18T05:33:27Z</time>
      </trkpt>
      <trkpt lat="46.328976" lon="6.200926">
        <ele>382.2</ele>
        <time>2026-08-18T05:33:28Z</time>
      </trkpt>
      <trkpt lat="46.329045" lon="6.200977">
        <ele>382.2</ele>
        <time>2026-08-18T05:33:29Z</time>
      </trkpt>
      <trkpt lat="46.329113" lon="6.201023">
        <ele>382.0</ele>
        <time>2026-08-18T05:33:30Z</time>
      </trkpt>
      <trkpt lat="46.329182" lon="6.201077">
        <ele>382.0</ele>
        <time>2026-08-18T05:33:31Z</time>
      </trkpt>
      <trkpt lat="46.329252" lon="6.201125">
        <ele>382.0</ele>
        <time>2026-08-18T05:33:32Z</time>
      </trkpt>
      <trkpt lat="46.329321" lon="6.201172">
        <ele>381.8</ele>
        <time>2026-08-18T05:33:33Z</time>
      </trkpt>
      <trkpt lat="46.329391" lon="6.201219">
        <ele>381.6</ele>
        <time>2026-08-18T05:33:34Z</time>
      </trkpt>
      <trkpt lat="46.329461" lon="6.201271">
        <ele>381.6</ele>
        <time>2026-08-18T05:33:35Z</time>
      </trkpt>
      <trkpt lat="46.329528" lon="6.201318">
        <ele>381.6</ele>
        <time>2026-08-18T05:33:36Z</time>
      </trkpt>
      <trkpt lat="46.329598" lon="6.201362">
        <ele>381.6</ele>
        <time>2026-08-18T05:33:37Z</time>
      </trkpt>
      <trkpt lat="46.329668" lon="6.201403">
        <ele>381.6</ele>
        <time>2026-08-18T05:33:38Z</time>
      </trkpt>
      <trkpt lat="46.32974" lon="6.201446">
        <ele>381.6</ele>
        <time>2026-08-18T05:33:39Z</time>
      </trkpt>
      <trkpt lat="46.32981" lon="6.20149">
        <ele>381.6</ele>
        <time>2026-08-18T05:33:40Z</time>
      </trkpt>
      <trkpt lat="46.329882" lon="6.201531">
        <ele>381.4</ele>
        <time>2026-08-18T05:33:41Z</time>
      </trkpt>
      <trkpt lat="46.329953" lon="6.201576">
        <ele>381.4</ele>
        <time>2026-08-18T05:33:42Z</time>
      </trkpt>
      <trkpt lat="46.330026" lon="6.201616">
        <ele>381.2</ele>
        <time>2026-08-18T05:33:43Z</time>
      </trkpt>
      <trkpt lat="46.330101" lon="6.201655">
        <ele>381.2</ele>
        <time>2026-08-18T05:33:44Z</time>
      </trkpt>
      <trkpt lat="46.330173" lon="6.201691">
        <ele>381.0</ele>
        <time>2026-08-18T05:33:45Z</time>
      </trkpt>
      <trkpt lat="46.330248" lon="6.20173">
        <ele>381.0</ele>
        <time>2026-08-18T05:33:46Z</time>
      </trkpt>
      <trkpt lat="46.330322" lon="6.201767">
        <ele>381.0</ele>
        <time>2026-08-18T05:33:47Z</time>
      </trkpt>
      <trkpt lat="46.330401" lon="6.201803">
        <ele>381.0</ele>
        <time>2026-08-18T05:33:48Z</time>
      </trkpt>
      <trkpt lat="46.33048" lon="6.201843">
        <ele>380.8</ele>
        <time>2026-08-18T05:33:49Z</time>
      </trkpt>
      <trkpt lat="46.33056" lon="6.201883">
        <ele>380.6</ele>
        <time>2026-08-18T05:33:50Z</time>
      </trkpt>
      <trkpt lat="46.330639" lon="6.201922">
        <ele>380.6</ele>
        <time>2026-08-18T05:33:51Z</time>
      </trkpt>
      <trkpt lat="46.33072" lon="6.20196">
        <ele>380.4</ele>
        <time>2026-08-18T05:33:52Z</time>
      </trkpt>
      <trkpt lat="46.330799" lon="6.201995">
        <ele>380.2</ele>
        <time>2026-08-18T05:33:53Z</time>
      </trkpt>
      <trkpt lat="46.33088" lon="6.202034">
        <ele>380.2</ele>
        <time>2026-08-18T05:33:54Z</time>
      </trkpt>
      <trkpt lat="46.330962" lon="6.202068">
        <ele>380.0</ele>
        <time>2026-08-18T05:33:55Z</time>
      </trkpt>
      <trkpt lat="46.331046" lon="6.202099">
        <ele>380.0</ele>
        <time>2026-08-18T05:33:56Z</time>
      </trkpt>
      <trkpt lat="46.331129" lon="6.202131">
        <ele>379.8</ele>
        <time>2026-08-18T05:33:57Z</time>
      </trkpt>
      <trkpt lat="46.331215" lon="6.202158">
        <ele>379.8</ele>
        <time>2026-08-18T05:33:58Z</time>
      </trkpt>
      <trkpt lat="46.331298" lon="6.202187">
        <ele>379.6</ele>
        <time>2026-08-18T05:33:59Z</time>
      </trkpt>
      <trkpt lat="46.331381" lon="6.202217">
        <ele>379.6</ele>
        <time>2026-08-18T05:34:00Z</time>
      </trkpt>
      <trkpt lat="46.331464" lon="6.202248">
        <ele>379.6</ele>
        <time>2026-08-18T05:34:01Z</time>
      </trkpt>
      <trkpt lat="46.331548" lon="6.202277">
        <ele>379.4</ele>
        <time>2026-08-18T05:34:02Z</time>
      </trkpt>
      <trkpt lat="46.331633" lon="6.202302">
        <ele>379.4</ele>
        <time>2026-08-18T05:34:03Z</time>
      </trkpt>
      <trkpt lat="46.33172" lon="6.202322">
        <ele>379.4</ele>
        <time>2026-08-18T05:34:04Z</time>
      </trkpt>
      <trkpt lat="46.331806" lon="6.202342">
        <ele>379.2</ele>
        <time>2026-08-18T05:34:05Z</time>
      </trkpt>
      <trkpt lat="46.331892" lon="6.202361">
        <ele>379.2</ele>
        <time>2026-08-18T05:34:06Z</time>
      </trkpt>
      <trkpt lat="46.33198" lon="6.202376">
        <ele>379.2</ele>
        <time>2026-08-18T05:34:07Z</time>
      </trkpt>
      <trkpt lat="46.332068" lon="6.202392">
        <ele>379.2</ele>
        <time>2026-08-18T05:34:08Z</time>
      </trkpt>
      <trkpt lat="46.332155" lon="6.202411">
        <ele>379.2</ele>
        <time>2026-08-18T05:34:09Z</time>
      </trkpt>
      <trkpt lat="46.332244" lon="6.202423">
        <ele>379.0</ele>
        <time>2026-08-18T05:34:10Z</time>
      </trkpt>
      <trkpt lat="46.332334" lon="6.202434">
        <ele>379.0</ele>
        <time>2026-08-18T05:34:11Z</time>
      </trkpt>
      <trkpt lat="46.332423" lon="6.202443">
        <ele>378.6</ele>
        <time>2026-08-18T05:34:12Z</time>
      </trkpt>
      <trkpt lat="46.332511" lon="6.202456">
        <ele>378.6</ele>
        <time>2026-08-18T05:34:13Z</time>
      </trkpt>
      <trkpt lat="46.332599" lon="6.202463">
        <ele>378.4</ele>
        <time>2026-08-18T05:34:14Z</time>
      </trkpt>
      <trkpt lat="46.332687" lon="6.202468">
        <ele>378.2</ele>
        <time>2026-08-18T05:34:15Z</time>
      </trkpt>
      <trkpt lat="46.332777" lon="6.202474">
        <ele>378.2</ele>
        <time>2026-08-18T05:34:16Z</time>
      </trkpt>
      <trkpt lat="46.332865" lon="6.202479">
        <ele>378.0</ele>
        <time>2026-08-18T05:34:17Z</time>
      </trkpt>
      <trkpt lat="46.33295" lon="6.202479">
        <ele>377.8</ele>
        <time>2026-08-18T05:34:18Z</time>
      </trkpt>
      <trkpt lat="46.333036" lon="6.202478">
        <ele>377.8</ele>
        <time>2026-08-18T05:34:19Z</time>
      </trkpt>
      <trkpt lat="46.333122" lon="6.202475">
        <ele>377.6</ele>
        <time>2026-08-18T05:34:20Z</time>
      </trkpt>
      <trkpt lat="46.333209" lon="6.202477">
        <ele>377.6</ele>
        <time>2026-08-18T05:34:21Z</time>
      </trkpt>
      <trkpt lat="46.333294" lon="6.202476">
        <ele>377.6</ele>
        <time>2026-08-18T05:34:22Z</time>
      </trkpt>
      <trkpt lat="46.333378" lon="6.202476">
        <ele>377.6</ele>
        <time>2026-08-18T05:34:23Z</time>
      </trkpt>
      <trkpt lat="46.333463" lon="6.202476">
        <ele>377.6</ele>
        <time>2026-08-18T05:34:24Z</time>
      </trkpt>
      <trkpt lat="46.333547" lon="6.202476">
        <ele>377.8</ele>
        <time>2026-08-18T05:34:25Z</time>
      </trkpt>
      <trkpt lat="46.333631" lon="6.202473">
        <ele>378.0</ele>
        <time>2026-08-18T05:34:26Z</time>
      </trkpt>
      <trkpt lat="46.333714" lon="6.202469">
        <ele>377.8</ele>
        <time>2026-08-18T05:34:27Z</time>
      </trkpt>
      <trkpt lat="46.333798" lon="6.202466">
        <ele>378.0</ele>
        <time>2026-08-18T05:34:28Z</time>
      </trkpt>
      <trkpt lat="46.333882" lon="6.202471">
        <ele>378.0</ele>
        <time>2026-08-18T05:34:29Z</time>
      </trkpt>
      <trkpt lat="46.333965" lon="6.202473">
        <ele>378.0</ele>
        <time>2026-08-18T05:34:30Z</time>
      </trkpt>
      <trkpt lat="46.334046" lon="6.202484">
        <ele>378.0</ele>
        <time>2026-08-18T05:34:31Z</time>
      </trkpt>
      <trkpt lat="46.334129" lon="6.202494">
        <ele>378.0</ele>
        <time>2026-08-18T05:34:32Z</time>
      </trkpt>
      <trkpt lat="46.334213" lon="6.202497">
        <ele>378.0</ele>
        <time>2026-08-18T05:34:33Z</time>
      </trkpt>
      <trkpt lat="46.334296" lon="6.202492">
        <ele>377.8</ele>
        <time>2026-08-18T05:34:34Z</time>
      </trkpt>
      <trkpt lat="46.334378" lon="6.202477">
        <ele>377.8</ele>
        <time>2026-08-18T05:34:35Z</time>
      </trkpt>
      <trkpt lat="46.334459" lon="6.202469">
        <ele>377.8</ele>
        <time>2026-08-18T05:34:36Z</time>
      </trkpt>
      <trkpt lat="46.33454" lon="6.202465">
        <ele>377.8</ele>
        <time>2026-08-18T05:34:37Z</time>
      </trkpt>
      <trkpt lat="46.334619" lon="6.202469">
        <ele>377.8</ele>
        <time>2026-08-18T05:34:38Z</time>
      </trkpt>
      <trkpt lat="46.3347" lon="6.202464">
        <ele>377.8</ele>
        <time>2026-08-18T05:34:39Z</time>
      </trkpt>
      <trkpt lat="46.33478" lon="6.202468">
        <ele>377.6</ele>
        <time>2026-08-18T05:34:40Z</time>
      </trkpt>
      <trkpt lat="46.334859" lon="6.202466">
        <ele>377.6</ele>
        <time>2026-08-18T05:34:41Z</time>
      </trkpt>
      <trkpt lat="46.334941" lon="6.202467">
        <ele>377.6</ele>
        <time>2026-08-18T05:34:42Z</time>
      </trkpt>
      <trkpt lat="46.33502" lon="6.202467">
        <ele>377.4</ele>
        <time>2026-08-18T05:34:43Z</time>
      </trkpt>
      <trkpt lat="46.335101" lon="6.20247">
        <ele>377.4</ele>
        <time>2026-08-18T05:34:44Z</time>
      </trkpt>
      <trkpt lat="46.335181" lon="6.202472">
        <ele>377.2</ele>
        <time>2026-08-18T05:34:45Z</time>
      </trkpt>
      <trkpt lat="46.335262" lon="6.202479">
        <ele>377.2</ele>
        <time>2026-08-18T05:34:46Z</time>
      </trkpt>
      <trkpt lat="46.335346" lon="6.202483">
        <ele>377.2</ele>
        <time>2026-08-18T05:34:47Z</time>
      </trkpt>
      <trkpt lat="46.335428" lon="6.202491">
        <ele>377.0</ele>
        <time>2026-08-18T05:34:48Z</time>
      </trkpt>
      <trkpt lat="46.335511" lon="6.202496">
        <ele>377.0</ele>
        <time>2026-08-18T05:34:49Z</time>
      </trkpt>
      <trkpt lat="46.33559" lon="6.202505">
        <ele>377.0</ele>
        <time>2026-08-18T05:34:50Z</time>
      </trkpt>
      <trkpt lat="46.335672" lon="6.202512">
        <ele>376.6</ele>
        <time>2026-08-18T05:34:51Z</time>
      </trkpt>
      <trkpt lat="46.335756" lon="6.20252">
        <ele>376.6</ele>
        <time>2026-08-18T05:34:52Z</time>
      </trkpt>
      <trkpt lat="46.33584" lon="6.202536">
        <ele>376.4</ele>
        <time>2026-08-18T05:34:53Z</time>
      </trkpt>
      <trkpt lat="46.335924" lon="6.202552">
        <ele>376.4</ele>
        <time>2026-08-18T05:34:54Z</time>
      </trkpt>
      <trkpt lat="46.336005" lon="6.202569">
        <ele>376.4</ele>
        <time>2026-08-18T05:34:55Z</time>
      </trkpt>
      <trkpt lat="46.336089" lon="6.202584">
        <ele>376.4</ele>
        <time>2026-08-18T05:34:56Z</time>
      </trkpt>
      <trkpt lat="46.336168" lon="6.202603">
        <ele>376.4</ele>
        <time>2026-08-18T05:34:57Z</time>
      </trkpt>
      <trkpt lat="46.336252" lon="6.202622">
        <ele>376.4</ele>
        <time>2026-08-18T05:34:58Z</time>
      </trkpt>
      <trkpt lat="46.33633" lon="6.202639">
        <ele>376.4</ele>
        <time>2026-08-18T05:34:59Z</time>
      </trkpt>
      <trkpt lat="46.336406" lon="6.202657">
        <ele>376.4</ele>
        <time>2026-08-18T05:35:00Z</time>
      </trkpt>
      <trkpt lat="46.336485" lon="6.202676">
        <ele>376.4</ele>
        <time>2026-08-18T05:35:01Z</time>
      </trkpt>
      <trkpt lat="46.336566" lon="6.2027">
        <ele>376.4</ele>
        <time>2026-08-18T05:35:02Z</time>
      </trkpt>
      <trkpt lat="46.336645" lon="6.202722">
        <ele>376.4</ele>
        <time>2026-08-18T05:35:03Z</time>
      </trkpt>
      <trkpt lat="46.336724" lon="6.202744">
        <ele>376.6</ele>
        <time>2026-08-18T05:35:04Z</time>
      </trkpt>
      <trkpt lat="46.336801" lon="6.202768">
        <ele>376.6</ele>
        <time>2026-08-18T05:35:05Z</time>
      </trkpt>
      <trkpt lat="46.336875" lon="6.202792">
        <ele>377.0</ele>
        <time>2026-08-18T05:35:06Z</time>
      </trkpt>
      <trkpt lat="46.336946" lon="6.202811">
        <ele>377.0</ele>
        <time>2026-08-18T05:35:07Z</time>
      </trkpt>
      <trkpt lat="46.337018" lon="6.202835">
        <ele>377.2</ele>
        <time>2026-08-18T05:35:08Z</time>
      </trkpt>
      <trkpt lat="46.337084" lon="6.202857">
        <ele>377.4</ele>
        <time>2026-08-18T05:35:09Z</time>
      </trkpt>
      <trkpt lat="46.337151" lon="6.202881">
        <ele>377.4</ele>
        <time>2026-08-18T05:35:10Z</time>
      </trkpt>
      <trkpt lat="46.337217" lon="6.202909">
        <ele>377.6</ele>
        <time>2026-08-18T05:35:11Z</time>
      </trkpt>
      <trkpt lat="46.337285" lon="6.202934">
        <ele>377.6</ele>
        <time>2026-08-18T05:35:12Z</time>
      </trkpt>
      <trkpt lat="46.337351" lon="6.202959">
        <ele>377.8</ele>
        <time>2026-08-18T05:35:13Z</time>
      </trkpt>
      <trkpt lat="46.33742" lon="6.202984">
        <ele>378.0</ele>
        <time>2026-08-18T05:35:14Z</time>
      </trkpt>
      <trkpt lat="46.337486" lon="6.20301">
        <ele>378.2</ele>
        <time>2026-08-18T05:35:15Z</time>
      </trkpt>
      <trkpt lat="46.33755" lon="6.203041">
        <ele>378.2</ele>
        <time>2026-08-18T05:35:16Z</time>
      </trkpt>
      <trkpt lat="46.337616" lon="6.203069">
        <ele>378.4</ele>
        <time>2026-08-18T05:35:17Z</time>
      </trkpt>
      <trkpt lat="46.337679" lon="6.2031">
        <ele>378.6</ele>
        <time>2026-08-18T05:35:18Z</time>
      </trkpt>
      <trkpt lat="46.337743" lon="6.20313">
        <ele>378.8</ele>
        <time>2026-08-18T05:35:19Z</time>
      </trkpt>
      <trkpt lat="46.337806" lon="6.20316">
        <ele>378.8</ele>
        <time>2026-08-18T05:35:20Z</time>
      </trkpt>
      <trkpt lat="46.337868" lon="6.203193">
        <ele>378.8</ele>
        <time>2026-08-18T05:35:21Z</time>
      </trkpt>
      <trkpt lat="46.337931" lon="6.203223">
        <ele>379.0</ele>
        <time>2026-08-18T05:35:22Z</time>
      </trkpt>
      <trkpt lat="46.337995" lon="6.203252">
        <ele>379.0</ele>
        <time>2026-08-18T05:35:23Z</time>
      </trkpt>
      <trkpt lat="46.338057" lon="6.203284">
        <ele>379.2</ele>
        <time>2026-08-18T05:35:24Z</time>
      </trkpt>
      <trkpt lat="46.338118" lon="6.203316">
        <ele>379.2</ele>
        <time>2026-08-18T05:35:25Z</time>
      </trkpt>
      <trkpt lat="46.33818" lon="6.203348">
        <ele>379.4</ele>
        <time>2026-08-18T05:35:26Z</time>
      </trkpt>
      <trkpt lat="46.338242" lon="6.203383">
        <ele>379.6</ele>
        <time>2026-08-18T05:35:27Z</time>
      </trkpt>
      <trkpt lat="46.338302" lon="6.203419">
        <ele>379.6</ele>
        <time>2026-08-18T05:35:28Z</time>
      </trkpt>
      <trkpt lat="46.338363" lon="6.203454">
        <ele>379.8</ele>
        <time>2026-08-18T05:35:29Z</time>
      </trkpt>
      <trkpt lat="46.338424" lon="6.203487">
        <ele>379.8</ele>
        <time>2026-08-18T05:35:30Z</time>
      </trkpt>
      <trkpt lat="46.338484" lon="6.203526">
        <ele>380.0</ele>
        <time>2026-08-18T05:35:31Z</time>
      </trkpt>
      <trkpt lat="46.338543" lon="6.203564">
        <ele>380.0</ele>
        <time>2026-08-18T05:35:32Z</time>
      </trkpt>
      <trkpt lat="46.338604" lon="6.203602">
        <ele>380.0</ele>
        <time>2026-08-18T05:35:33Z</time>
      </trkpt>
      <trkpt lat="46.338662" lon="6.203642">
        <ele>380.2</ele>
        <time>2026-08-18T05:35:34Z</time>
      </trkpt>
      <trkpt lat="46.338719" lon="6.203684">
        <ele>380.4</ele>
        <time>2026-08-18T05:35:35Z</time>
      </trkpt>
      <trkpt lat="46.338776" lon="6.203729">
        <ele>380.4</ele>
        <time>2026-08-18T05:35:36Z</time>
      </trkpt>
      <trkpt lat="46.338835" lon="6.203763">
        <ele>380.6</ele>
        <time>2026-08-18T05:35:37Z</time>
      </trkpt>
      <trkpt lat="46.338896" lon="6.203805">
        <ele>380.6</ele>
        <time>2026-08-18T05:35:38Z</time>
      </trkpt>
      <trkpt lat="46.338955" lon="6.203847">
        <ele>380.6</ele>
        <time>2026-08-18T05:35:39Z</time>
      </trkpt>
      <trkpt lat="46.339014" lon="6.203889">
        <ele>380.8</ele>
        <time>2026-08-18T05:35:40Z</time>
      </trkpt>
      <trkpt lat="46.339075" lon="6.203931">
        <ele>380.8</ele>
        <time>2026-08-18T05:35:41Z</time>
      </trkpt>
      <trkpt lat="46.339133" lon="6.203978">
        <ele>380.8</ele>
        <time>2026-08-18T05:35:42Z</time>
      </trkpt>
      <trkpt lat="46.339196" lon="6.204022">
        <ele>381.0</ele>
        <time>2026-08-18T05:35:43Z</time>
      </trkpt>
      <trkpt lat="46.339258" lon="6.204062">
        <ele>381.0</ele>
        <time>2026-08-18T05:35:44Z</time>
      </trkpt>
      <trkpt lat="46.339323" lon="6.204103">
        <ele>381.0</ele>
        <time>2026-08-18T05:35:45Z</time>
      </trkpt>
      <trkpt lat="46.339386" lon="6.204147">
        <ele>381.0</ele>
        <time>2026-08-18T05:35:46Z</time>
      </trkpt>
      <trkpt lat="46.339451" lon="6.204189">
        <ele>381.2</ele>
        <time>2026-08-18T05:35:47Z</time>
      </trkpt>
      <trkpt lat="46.339517" lon="6.204238">
        <ele>381.2</ele>
        <time>2026-08-18T05:35:48Z</time>
      </trkpt>
      <trkpt lat="46.339583" lon="6.204289">
        <ele>381.0</ele>
        <time>2026-08-18T05:35:49Z</time>
      </trkpt>
      <trkpt lat="46.33965" lon="6.204342">
        <ele>381.0</ele>
        <time>2026-08-18T05:35:50Z</time>
      </trkpt>
      <trkpt lat="46.339714" lon="6.204396">
        <ele>381.0</ele>
        <time>2026-08-18T05:35:51Z</time>
      </trkpt>
      <trkpt lat="46.339774" lon="6.204452">
        <ele>381.0</ele>
        <time>2026-08-18T05:35:52Z</time>
      </trkpt>
      <trkpt lat="46.339839" lon="6.204501">
        <ele>381.0</ele>
        <time>2026-08-18T05:35:53Z</time>
      </trkpt>
      <trkpt lat="46.339909" lon="6.204544">
        <ele>381.0</ele>
        <time>2026-08-18T05:35:54Z</time>
      </trkpt>
      <trkpt lat="46.339983" lon="6.204584">
        <ele>381.0</ele>
        <time>2026-08-18T05:35:55Z</time>
      </trkpt>
      <trkpt lat="46.340062" lon="6.204624">
        <ele>380.8</ele>
        <time>2026-08-18T05:35:56Z</time>
      </trkpt>
      <trkpt lat="46.340131" lon="6.204666">
        <ele>380.6</ele>
        <time>2026-08-18T05:35:57Z</time>
      </trkpt>
      <trkpt lat="46.340197" lon="6.204707">
        <ele>380.4</ele>
        <time>2026-08-18T05:35:58Z</time>
      </trkpt>
      <trkpt lat="46.340263" lon="6.20475">
        <ele>380.2</ele>
        <time>2026-08-18T05:35:59Z</time>
      </trkpt>
      <trkpt lat="46.340337" lon="6.204791">
        <ele>380.0</ele>
        <time>2026-08-18T05:36:00Z</time>
      </trkpt>
      <trkpt lat="46.340411" lon="6.204839">
        <ele>380.0</ele>
        <time>2026-08-18T05:36:01Z</time>
      </trkpt>
      <trkpt lat="46.340485" lon="6.204885">
        <ele>379.8</ele>
        <time>2026-08-18T05:36:02Z</time>
      </trkpt>
      <trkpt lat="46.340559" lon="6.204927">
        <ele>379.8</ele>
        <time>2026-08-18T05:36:03Z</time>
      </trkpt>
      <trkpt lat="46.340632" lon="6.204966">
        <ele>379.8</ele>
        <time>2026-08-18T05:36:04Z</time>
      </trkpt>
      <trkpt lat="46.340706" lon="6.205005">
        <ele>379.8</ele>
        <time>2026-08-18T05:36:05Z</time>
      </trkpt>
      <trkpt lat="46.340782" lon="6.205041">
        <ele>379.8</ele>
        <time>2026-08-18T05:36:06Z</time>
      </trkpt>
      <trkpt lat="46.340859" lon="6.205074">
        <ele>379.8</ele>
        <time>2026-08-18T05:36:07Z</time>
      </trkpt>
      <trkpt lat="46.340936" lon="6.205104">
        <ele>379.8</ele>
        <time>2026-08-18T05:36:08Z</time>
      </trkpt>
      <trkpt lat="46.341015" lon="6.205137">
        <ele>379.6</ele>
        <time>2026-08-18T05:36:09Z</time>
      </trkpt>
      <trkpt lat="46.341095" lon="6.205167">
        <ele>379.6</ele>
        <time>2026-08-18T05:36:10Z</time>
      </trkpt>
      <trkpt lat="46.341177" lon="6.205199">
        <ele>379.4</ele>
        <time>2026-08-18T05:36:11Z</time>
      </trkpt>
      <trkpt lat="46.341259" lon="6.205227">
        <ele>379.4</ele>
        <time>2026-08-18T05:36:12Z</time>
      </trkpt>
      <trkpt lat="46.341343" lon="6.205256">
        <ele>379.4</ele>
        <time>2026-08-18T05:36:13Z</time>
      </trkpt>
      <trkpt lat="46.341424" lon="6.205281">
        <ele>379.4</ele>
        <time>2026-08-18T05:36:14Z</time>
      </trkpt>
      <trkpt lat="46.341508" lon="6.205303">
        <ele>379.4</ele>
        <time>2026-08-18T05:36:15Z</time>
      </trkpt>
      <trkpt lat="46.34159" lon="6.205328">
        <ele>379.2</ele>
        <time>2026-08-18T05:36:16Z</time>
      </trkpt>
      <trkpt lat="46.341674" lon="6.20535">
        <ele>379.2</ele>
        <time>2026-08-18T05:36:17Z</time>
      </trkpt>
      <trkpt lat="46.341757" lon="6.205373">
        <ele>379.0</ele>
        <time>2026-08-18T05:36:18Z</time>
      </trkpt>
      <trkpt lat="46.341844" lon="6.205395">
        <ele>379.0</ele>
        <time>2026-08-18T05:36:19Z</time>
      </trkpt>
      <trkpt lat="46.34193" lon="6.205418">
        <ele>378.8</ele>
        <time>2026-08-18T05:36:20Z</time>
      </trkpt>
      <trkpt lat="46.342013" lon="6.20544">
        <ele>378.8</ele>
        <time>2026-08-18T05:36:21Z</time>
      </trkpt>
      <trkpt lat="46.342095" lon="6.205464">
        <ele>378.8</ele>
        <time>2026-08-18T05:36:22Z</time>
      </trkpt>
      <trkpt lat="46.342174" lon="6.205488">
        <ele>378.8</ele>
        <time>2026-08-18T05:36:23Z</time>
      </trkpt>
      <trkpt lat="46.342256" lon="6.205505">
        <ele>378.6</ele>
        <time>2026-08-18T05:36:24Z</time>
      </trkpt>
      <trkpt lat="46.342339" lon="6.205524">
        <ele>378.8</ele>
        <time>2026-08-18T05:36:25Z</time>
      </trkpt>
      <trkpt lat="46.342419" lon="6.205544">
        <ele>378.6</ele>
        <time>2026-08-18T05:36:26Z</time>
      </trkpt>
      <trkpt lat="46.3425" lon="6.205562">
        <ele>378.6</ele>
        <time>2026-08-18T05:36:27Z</time>
      </trkpt>
      <trkpt lat="46.342582" lon="6.205581">
        <ele>378.6</ele>
        <time>2026-08-18T05:36:28Z</time>
      </trkpt>
      <trkpt lat="46.342667" lon="6.205604">
        <ele>378.4</ele>
        <time>2026-08-18T05:36:29Z</time>
      </trkpt>
      <trkpt lat="46.342751" lon="6.205626">
        <ele>378.2</ele>
        <time>2026-08-18T05:36:30Z</time>
      </trkpt>
      <trkpt lat="46.342834" lon="6.205645">
        <ele>378.2</ele>
        <time>2026-08-18T05:36:31Z</time>
      </trkpt>
      <trkpt lat="46.342916" lon="6.205665">
        <ele>378.0</ele>
        <time>2026-08-18T05:36:32Z</time>
      </trkpt>
      <trkpt lat="46.342997" lon="6.205687">
        <ele>378.0</ele>
        <time>2026-08-18T05:36:33Z</time>
      </trkpt>
      <trkpt lat="46.34308" lon="6.205707">
        <ele>378.0</ele>
        <time>2026-08-18T05:36:34Z</time>
      </trkpt>
      <trkpt lat="46.343166" lon="6.205727">
        <ele>377.8</ele>
        <time>2026-08-18T05:36:35Z</time>
      </trkpt>
      <trkpt lat="46.343251" lon="6.205749">
        <ele>377.8</ele>
        <time>2026-08-18T05:36:36Z</time>
      </trkpt>
      <trkpt lat="46.343338" lon="6.205768">
        <ele>377.8</ele>
        <time>2026-08-18T05:36:37Z</time>
      </trkpt>
      <trkpt lat="46.343425" lon="6.205788">
        <ele>377.8</ele>
        <time>2026-08-18T05:36:38Z</time>
      </trkpt>
      <trkpt lat="46.343511" lon="6.205811">
        <ele>377.6</ele>
        <time>2026-08-18T05:36:39Z</time>
      </trkpt>
      <trkpt lat="46.343595" lon="6.205832">
        <ele>377.6</ele>
        <time>2026-08-18T05:36:40Z</time>
      </trkpt>
      <trkpt lat="46.343677" lon="6.20585">
        <ele>377.6</ele>
        <time>2026-08-18T05:36:41Z</time>
      </trkpt>
      <trkpt lat="46.343759" lon="6.205865">
        <ele>377.4</ele>
        <time>2026-08-18T05:36:42Z</time>
      </trkpt>
      <trkpt lat="46.343843" lon="6.205885">
        <ele>377.2</ele>
        <time>2026-08-18T05:36:43Z</time>
      </trkpt>
      <trkpt lat="46.343928" lon="6.205904">
        <ele>377.2</ele>
        <time>2026-08-18T05:36:44Z</time>
      </trkpt>
      <trkpt lat="46.344013" lon="6.205922">
        <ele>377.0</ele>
        <time>2026-08-18T05:36:45Z</time>
      </trkpt>
      <trkpt lat="46.344095" lon="6.205944">
        <ele>377.0</ele>
        <time>2026-08-18T05:36:46Z</time>
      </trkpt>
      <trkpt lat="46.344176" lon="6.205959">
        <ele>377.0</ele>
        <time>2026-08-18T05:36:47Z</time>
      </trkpt>
      <trkpt lat="46.344259" lon="6.205978">
        <ele>377.0</ele>
        <time>2026-08-18T05:36:48Z</time>
      </trkpt>
      <trkpt lat="46.344342" lon="6.205998">
        <ele>377.0</ele>
        <time>2026-08-18T05:36:49Z</time>
      </trkpt>
      <trkpt lat="46.344427" lon="6.20602">
        <ele>377.0</ele>
        <time>2026-08-18T05:36:50Z</time>
      </trkpt>
      <trkpt lat="46.344515" lon="6.20604">
        <ele>377.0</ele>
        <time>2026-08-18T05:36:51Z</time>
      </trkpt>
      <trkpt lat="46.3446" lon="6.20606">
        <ele>377.0</ele>
        <time>2026-08-18T05:36:52Z</time>
      </trkpt>
      <trkpt lat="46.344683" lon="6.206083">
        <ele>377.0</ele>
        <time>2026-08-18T05:36:53Z</time>
      </trkpt>
      <trkpt lat="46.344767" lon="6.206103">
        <ele>377.0</ele>
        <time>2026-08-18T05:36:54Z</time>
      </trkpt>
      <trkpt lat="46.34485" lon="6.206123">
        <ele>377.0</ele>
        <time>2026-08-18T05:36:55Z</time>
      </trkpt>
      <trkpt lat="46.344934" lon="6.206144">
        <ele>377.0</ele>
        <time>2026-08-18T05:36:56Z</time>
      </trkpt>
      <trkpt lat="46.345019" lon="6.206163">
        <ele>377.0</ele>
        <time>2026-08-18T05:36:57Z</time>
      </trkpt>
      <trkpt lat="46.345104" lon="6.206178">
        <ele>376.8</ele>
        <time>2026-08-18T05:36:58Z</time>
      </trkpt>
      <trkpt lat="46.345189" lon="6.2062">
        <ele>376.8</ele>
        <time>2026-08-18T05:36:59Z</time>
      </trkpt>
      <trkpt lat="46.345274" lon="6.206221">
        <ele>376.6</ele>
        <time>2026-08-18T05:37:00Z</time>
      </trkpt>
      <trkpt lat="46.345356" lon="6.206237">
        <ele>376.6</ele>
        <time>2026-08-18T05:37:01Z</time>
      </trkpt>
      <trkpt lat="46.345436" lon="6.20626">
        <ele>376.6</ele>
        <time>2026-08-18T05:37:02Z</time>
      </trkpt>
      <trkpt lat="46.34552" lon="6.206287">
        <ele>376.6</ele>
        <time>2026-08-18T05:37:03Z</time>
      </trkpt>
      <trkpt lat="46.345605" lon="6.20631">
        <ele>376.6</ele>
        <time>2026-08-18T05:37:04Z</time>
      </trkpt>
      <trkpt lat="46.345687" lon="6.206336">
        <ele>376.6</ele>
        <time>2026-08-18T05:37:05Z</time>
      </trkpt>
      <trkpt lat="46.345769" lon="6.206354">
        <ele>376.6</ele>
        <time>2026-08-18T05:37:06Z</time>
      </trkpt>
      <trkpt lat="46.34585" lon="6.20637">
        <ele>376.6</ele>
        <time>2026-08-18T05:37:07Z</time>
      </trkpt>
      <trkpt lat="46.345933" lon="6.206392">
        <ele>376.6</ele>
        <time>2026-08-18T05:37:08Z</time>
      </trkpt>
      <trkpt lat="46.346016" lon="6.206412">
        <ele>376.6</ele>
        <time>2026-08-18T05:37:09Z</time>
      </trkpt>
      <trkpt lat="46.346097" lon="6.206431">
        <ele>376.6</ele>
        <time>2026-08-18T05:37:10Z</time>
      </trkpt>
      <trkpt lat="46.346179" lon="6.206448">
        <ele>376.6</ele>
        <time>2026-08-18T05:37:11Z</time>
      </trkpt>
      <trkpt lat="46.346257" lon="6.206465">
        <ele>376.6</ele>
        <time>2026-08-18T05:37:12Z</time>
      </trkpt>
      <trkpt lat="46.346335" lon="6.206479">
        <ele>376.6</ele>
        <time>2026-08-18T05:37:13Z</time>
      </trkpt>
      <trkpt lat="46.346413" lon="6.206494">
        <ele>376.6</ele>
        <time>2026-08-18T05:37:14Z</time>
      </trkpt>
      <trkpt lat="46.346491" lon="6.20651">
        <ele>376.6</ele>
        <time>2026-08-18T05:37:15Z</time>
      </trkpt>
      <trkpt lat="46.346568" lon="6.206525">
        <ele>377.0</ele>
        <time>2026-08-18T05:37:16Z</time>
      </trkpt>
      <trkpt lat="46.346645" lon="6.206541">
        <ele>377.0</ele>
        <time>2026-08-18T05:37:17Z</time>
      </trkpt>
      <trkpt lat="46.346724" lon="6.206558">
        <ele>377.0</ele>
        <time>2026-08-18T05:37:18Z</time>
      </trkpt>
      <trkpt lat="46.3468" lon="6.206577">
        <ele>377.2</ele>
        <time>2026-08-18T05:37:19Z</time>
      </trkpt>
      <trkpt lat="46.346879" lon="6.206596">
        <ele>377.4</ele>
        <time>2026-08-18T05:37:20Z</time>
      </trkpt>
      <trkpt lat="46.346955" lon="6.206614">
        <ele>377.4</ele>
        <time>2026-08-18T05:37:21Z</time>
      </trkpt>
      <trkpt lat="46.347033" lon="6.206633">
        <ele>377.4</ele>
        <time>2026-08-18T05:37:22Z</time>
      </trkpt>
      <trkpt lat="46.347109" lon="6.206652">
        <ele>377.4</ele>
        <time>2026-08-18T05:37:23Z</time>
      </trkpt>
      <trkpt lat="46.347186" lon="6.206672">
        <ele>377.4</ele>
        <time>2026-08-18T05:37:24Z</time>
      </trkpt>
      <trkpt lat="46.347262" lon="6.206694">
        <ele>377.2</ele>
        <time>2026-08-18T05:37:25Z</time>
      </trkpt>
      <trkpt lat="46.347339" lon="6.206714">
        <ele>377.2</ele>
        <time>2026-08-18T05:37:26Z</time>
      </trkpt>
      <trkpt lat="46.347416" lon="6.206734">
        <ele>377.2</ele>
        <time>2026-08-18T05:37:27Z</time>
      </trkpt>
      <trkpt lat="46.347492" lon="6.206755">
        <ele>377.2</ele>
        <time>2026-08-18T05:37:28Z</time>
      </trkpt>
      <trkpt lat="46.347573" lon="6.206767">
        <ele>377.0</ele>
        <time>2026-08-18T05:37:29Z</time>
      </trkpt>
      <trkpt lat="46.347653" lon="6.206778">
        <ele>377.2</ele>
        <time>2026-08-18T05:37:30Z</time>
      </trkpt>
      <trkpt lat="46.347729" lon="6.206796">
        <ele>377.2</ele>
        <time>2026-08-18T05:37:31Z</time>
      </trkpt>
      <trkpt lat="46.347804" lon="6.206818">
        <ele>377.4</ele>
        <time>2026-08-18T05:37:32Z</time>
      </trkpt>
      <trkpt lat="46.347882" lon="6.20684">
        <ele>377.2</ele>
        <time>2026-08-18T05:37:33Z</time>
      </trkpt>
      <trkpt lat="46.347959" lon="6.206864">
        <ele>377.4</ele>
        <time>2026-08-18T05:37:34Z</time>
      </trkpt>
      <trkpt lat="46.348034" lon="6.206888">
        <ele>377.6</ele>
        <time>2026-08-18T05:37:35Z</time>
      </trkpt>
      <trkpt lat="46.348112" lon="6.206913">
        <ele>377.6</ele>
        <time>2026-08-18T05:37:36Z</time>
      </trkpt>
      <trkpt lat="46.348189" lon="6.206936">
        <ele>377.6</ele>
        <time>2026-08-18T05:37:37Z</time>
      </trkpt>
      <trkpt lat="46.348266" lon="6.206959">
        <ele>377.6</ele>
        <time>2026-08-18T05:37:38Z</time>
      </trkpt>
      <trkpt lat="46.34834" lon="6.206982">
        <ele>377.6</ele>
        <time>2026-08-18T05:37:39Z</time>
      </trkpt>
      <trkpt lat="46.348415" lon="6.207007">
        <ele>377.6</ele>
        <time>2026-08-18T05:37:40Z</time>
      </trkpt>
      <trkpt lat="46.348492" lon="6.207031">
        <ele>377.6</ele>
        <time>2026-08-18T05:37:41Z</time>
      </trkpt>
      <trkpt lat="46.348565" lon="6.207057">
        <ele>377.6</ele>
        <time>2026-08-18T05:37:42Z</time>
      </trkpt>
      <trkpt lat="46.348636" lon="6.207081">
        <ele>377.6</ele>
        <time>2026-08-18T05:37:43Z</time>
      </trkpt>
      <trkpt lat="46.348711" lon="6.207103">
        <ele>377.6</ele>
        <time>2026-08-18T05:37:44Z</time>
      </trkpt>
      <trkpt lat="46.348785" lon="6.207129">
        <ele>377.6</ele>
        <time>2026-08-18T05:37:45Z</time>
      </trkpt>
      <trkpt lat="46.348858" lon="6.207159">
        <ele>377.6</ele>
        <time>2026-08-18T05:37:46Z</time>
      </trkpt>
      <trkpt lat="46.348927" lon="6.207195">
        <ele>377.8</ele>
        <time>2026-08-18T05:37:47Z</time>
      </trkpt>
      <trkpt lat="46.348997" lon="6.207228">
        <ele>377.8</ele>
        <time>2026-08-18T05:37:48Z</time>
      </trkpt>
      <trkpt lat="46.349069" lon="6.207258">
        <ele>377.8</ele>
        <time>2026-08-18T05:37:49Z</time>
      </trkpt>
      <trkpt lat="46.34914" lon="6.207291">
        <ele>378.0</ele>
        <time>2026-08-18T05:37:50Z</time>
      </trkpt>
      <trkpt lat="46.349212" lon="6.207324">
        <ele>378.2</ele>
        <time>2026-08-18T05:37:51Z</time>
      </trkpt>
      <trkpt lat="46.349283" lon="6.207359">
        <ele>378.2</ele>
        <time>2026-08-18T05:37:52Z</time>
      </trkpt>
      <trkpt lat="46.349353" lon="6.207395">
        <ele>378.4</ele>
        <time>2026-08-18T05:37:53Z</time>
      </trkpt>
      <trkpt lat="46.349424" lon="6.20743">
        <ele>378.4</ele>
        <time>2026-08-18T05:37:54Z</time>
      </trkpt>
      <trkpt lat="46.349496" lon="6.207465">
        <ele>378.6</ele>
        <time>2026-08-18T05:37:55Z</time>
      </trkpt>
      <trkpt lat="46.349567" lon="6.207502">
        <ele>378.6</ele>
        <time>2026-08-18T05:37:56Z</time>
      </trkpt>
      <trkpt lat="46.349638" lon="6.20754">
        <ele>378.6</ele>
        <time>2026-08-18T05:37:57Z</time>
      </trkpt>
      <trkpt lat="46.349709" lon="6.20758">
        <ele>378.6</ele>
        <time>2026-08-18T05:37:58Z</time>
      </trkpt>
      <trkpt lat="46.34978" lon="6.20762">
        <ele>378.6</ele>
        <time>2026-08-18T05:37:59Z</time>
      </trkpt>
      <trkpt lat="46.349851" lon="6.20766">
        <ele>378.6</ele>
        <time>2026-08-18T05:38:00Z</time>
      </trkpt>
      <trkpt lat="46.34992" lon="6.207703">
        <ele>378.4</ele>
        <time>2026-08-18T05:38:01Z</time>
      </trkpt>
      <trkpt lat="46.349989" lon="6.207747">
        <ele>378.4</ele>
        <time>2026-08-18T05:38:02Z</time>
      </trkpt>
      <trkpt lat="46.350058" lon="6.207793">
        <ele>378.4</ele>
        <time>2026-08-18T05:38:03Z</time>
      </trkpt>
      <trkpt lat="46.350127" lon="6.207837">
        <ele>378.4</ele>
        <time>2026-08-18T05:38:04Z</time>
      </trkpt>
      <trkpt lat="46.350198" lon="6.207879">
        <ele>378.6</ele>
        <time>2026-08-18T05:38:05Z</time>
      </trkpt>
      <trkpt lat="46.350267" lon="6.207924">
        <ele>378.6</ele>
        <time>2026-08-18T05:38:06Z</time>
      </trkpt>
      <trkpt lat="46.350335" lon="6.207972">
        <ele>378.6</ele>
        <time>2026-08-18T05:38:07Z</time>
      </trkpt>
      <trkpt lat="46.350405" lon="6.20802">
        <ele>378.6</ele>
        <time>2026-08-18T05:38:08Z</time>
      </trkpt>
      <trkpt lat="46.350474" lon="6.208066">
        <ele>378.6</ele>
        <time>2026-08-18T05:38:09Z</time>
      </trkpt>
      <trkpt lat="46.350543" lon="6.208116">
        <ele>378.8</ele>
        <time>2026-08-18T05:38:10Z</time>
      </trkpt>
      <trkpt lat="46.350613" lon="6.208168">
        <ele>378.6</ele>
        <time>2026-08-18T05:38:11Z</time>
      </trkpt>
      <trkpt lat="46.350681" lon="6.208223">
        <ele>378.8</ele>
        <time>2026-08-18T05:38:12Z</time>
      </trkpt>
      <trkpt lat="46.350748" lon="6.208277">
        <ele>378.6</ele>
        <time>2026-08-18T05:38:13Z</time>
      </trkpt>
      <trkpt lat="46.350811" lon="6.208332">
        <ele>378.4</ele>
        <time>2026-08-18T05:38:14Z</time>
      </trkpt>
      <trkpt lat="46.350877" lon="6.208387">
        <ele>378.6</ele>
        <time>2026-08-18T05:38:15Z</time>
      </trkpt>
      <trkpt lat="46.350943" lon="6.208441">
        <ele>378.6</ele>
        <time>2026-08-18T05:38:16Z</time>
      </trkpt>
      <trkpt lat="46.351007" lon="6.208496">
        <ele>378.8</ele>
        <time>2026-08-18T05:38:17Z</time>
      </trkpt>
      <trkpt lat="46.351078" lon="6.20855">
        <ele>378.8</ele>
        <time>2026-08-18T05:38:18Z</time>
      </trkpt>
      <trkpt lat="46.351146" lon="6.208608">
        <ele>379.0</ele>
        <time>2026-08-18T05:38:19Z</time>
      </trkpt>
      <trkpt lat="46.351216" lon="6.208671">
        <ele>379.0</ele>
        <time>2026-08-18T05:38:20Z</time>
      </trkpt>
      <trkpt lat="46.351284" lon="6.20873">
        <ele>379.0</ele>
        <time>2026-08-18T05:38:21Z</time>
      </trkpt>
      <trkpt lat="46.351353" lon="6.208786">
        <ele>379.0</ele>
        <time>2026-08-18T05:38:22Z</time>
      </trkpt>
      <trkpt lat="46.351419" lon="6.208843">
        <ele>378.8</ele>
        <time>2026-08-18T05:38:23Z</time>
      </trkpt>
      <trkpt lat="46.351485" lon="6.208903">
        <ele>378.8</ele>
        <time>2026-08-18T05:38:24Z</time>
      </trkpt>
      <trkpt lat="46.351551" lon="6.208963">
        <ele>378.8</ele>
        <time>2026-08-18T05:38:25Z</time>
      </trkpt>
      <trkpt lat="46.351617" lon="6.209024">
        <ele>378.8</ele>
        <time>2026-08-18T05:38:26Z</time>
      </trkpt>
      <trkpt lat="46.351685" lon="6.209088">
        <ele>378.8</ele>
        <time>2026-08-18T05:38:27Z</time>
      </trkpt>
      <trkpt lat="46.351755" lon="6.209152">
        <ele>378.8</ele>
        <time>2026-08-18T05:38:28Z</time>
      </trkpt>
      <trkpt lat="46.351827" lon="6.209215">
        <ele>378.8</ele>
        <time>2026-08-18T05:38:29Z</time>
      </trkpt>
      <trkpt lat="46.3519" lon="6.209282">
        <ele>378.8</ele>
        <time>2026-08-18T05:38:30Z</time>
      </trkpt>
      <trkpt lat="46.35197" lon="6.209352">
        <ele>379.0</ele>
        <time>2026-08-18T05:38:31Z</time>
      </trkpt>
      <trkpt lat="46.35204" lon="6.209418">
        <ele>379.0</ele>
        <time>2026-08-18T05:38:32Z</time>
      </trkpt>
      <trkpt lat="46.35211" lon="6.209484">
        <ele>378.8</ele>
        <time>2026-08-18T05:38:33Z</time>
      </trkpt>
      <trkpt lat="46.35218" lon="6.20955">
        <ele>378.8</ele>
        <time>2026-08-18T05:38:34Z</time>
      </trkpt>
      <trkpt lat="46.352251" lon="6.209619">
        <ele>378.8</ele>
        <time>2026-08-18T05:38:35Z</time>
      </trkpt>
      <trkpt lat="46.35232" lon="6.209686">
        <ele>378.6</ele>
        <time>2026-08-18T05:38:36Z</time>
      </trkpt>
      <trkpt lat="46.352391" lon="6.209756">
        <ele>378.6</ele>
        <time>2026-08-18T05:38:37Z</time>
      </trkpt>
      <trkpt lat="46.35246" lon="6.209822">
        <ele>378.8</ele>
        <time>2026-08-18T05:38:38Z</time>
      </trkpt>
      <trkpt lat="46.352528" lon="6.20989">
        <ele>378.6</ele>
        <time>2026-08-18T05:38:39Z</time>
      </trkpt>
      <trkpt lat="46.352598" lon="6.209959">
        <ele>378.6</ele>
        <time>2026-08-18T05:38:40Z</time>
      </trkpt>
      <trkpt lat="46.352671" lon="6.210025">
        <ele>378.6</ele>
        <time>2026-08-18T05:38:41Z</time>
      </trkpt>
      <trkpt lat="46.352742" lon="6.210088">
        <ele>378.4</ele>
        <time>2026-08-18T05:38:42Z</time>
      </trkpt>
      <trkpt lat="46.352807" lon="6.210152">
        <ele>378.4</ele>
        <time>2026-08-18T05:38:43Z</time>
      </trkpt>
      <trkpt lat="46.352876" lon="6.210217">
        <ele>378.4</ele>
        <time>2026-08-18T05:38:44Z</time>
      </trkpt>
      <trkpt lat="46.352945" lon="6.210284">
        <ele>378.2</ele>
        <time>2026-08-18T05:38:45Z</time>
      </trkpt>
      <trkpt lat="46.353013" lon="6.21035">
        <ele>378.4</ele>
        <time>2026-08-18T05:38:46Z</time>
      </trkpt>
      <trkpt lat="46.353088" lon="6.210417">
        <ele>378.4</ele>
        <time>2026-08-18T05:38:47Z</time>
      </trkpt>
      <trkpt lat="46.353161" lon="6.210488">
        <ele>378.4</ele>
        <time>2026-08-18T05:38:48Z</time>
      </trkpt>
      <trkpt lat="46.353229" lon="6.210555">
        <ele>378.6</ele>
        <time>2026-08-18T05:38:49Z</time>
      </trkpt>
      <trkpt lat="46.353299" lon="6.210621">
        <ele>378.6</ele>
        <time>2026-08-18T05:38:50Z</time>
      </trkpt>
      <trkpt lat="46.353373" lon="6.210689">
        <ele>378.6</ele>
        <time>2026-08-18T05:38:51Z</time>
      </trkpt>
      <trkpt lat="46.353444" lon="6.210761">
        <ele>378.4</ele>
        <time>2026-08-18T05:38:52Z</time>
      </trkpt>
      <trkpt lat="46.353516" lon="6.210822">
        <ele>378.4</ele>
        <time>2026-08-18T05:38:53Z</time>
      </trkpt>
      <trkpt lat="46.353589" lon="6.210884">
        <ele>378.4</ele>
        <time>2026-08-18T05:38:54Z</time>
      </trkpt>
      <trkpt lat="46.35366" lon="6.210953">
        <ele>378.2</ele>
        <time>2026-08-18T05:38:55Z</time>
      </trkpt>
      <trkpt lat="46.353732" lon="6.211017">
        <ele>378.2</ele>
        <time>2026-08-18T05:38:56Z</time>
      </trkpt>
      <trkpt lat="46.353802" lon="6.211088">
        <ele>378.2</ele>
        <time>2026-08-18T05:38:57Z</time>
      </trkpt>
      <trkpt lat="46.353873" lon="6.211159">
        <ele>378.2</ele>
        <time>2026-08-18T05:38:58Z</time>
      </trkpt>
      <trkpt lat="46.353944" lon="6.211227">
        <ele>378.2</ele>
        <time>2026-08-18T05:38:59Z</time>
      </trkpt>
      <trkpt lat="46.354014" lon="6.211296">
        <ele>378.2</ele>
        <time>2026-08-18T05:39:00Z</time>
      </trkpt>
      <trkpt lat="46.354084" lon="6.211364">
        <ele>378.2</ele>
        <time>2026-08-18T05:39:01Z</time>
      </trkpt>
      <trkpt lat="46.354154" lon="6.211432">
        <ele>378.2</ele>
        <time>2026-08-18T05:39:02Z</time>
      </trkpt>
      <trkpt lat="46.354225" lon="6.211499">
        <ele>378.2</ele>
        <time>2026-08-18T05:39:03Z</time>
      </trkpt>
      <trkpt lat="46.354295" lon="6.211565">
        <ele>378.2</ele>
        <time>2026-08-18T05:39:04Z</time>
      </trkpt>
      <trkpt lat="46.354365" lon="6.211632">
        <ele>378.4</ele>
        <time>2026-08-18T05:39:05Z</time>
      </trkpt>
      <trkpt lat="46.354434" lon="6.211696">
        <ele>378.4</ele>
        <time>2026-08-18T05:39:06Z</time>
      </trkpt>
      <trkpt lat="46.354502" lon="6.211764">
        <ele>378.4</ele>
        <time>2026-08-18T05:39:07Z</time>
      </trkpt>
      <trkpt lat="46.354569" lon="6.211832">
        <ele>378.4</ele>
        <time>2026-08-18T05:39:08Z</time>
      </trkpt>
      <trkpt lat="46.354637" lon="6.211898">
        <ele>378.4</ele>
        <time>2026-08-18T05:39:09Z</time>
      </trkpt>
      <trkpt lat="46.354705" lon="6.211964">
        <ele>378.4</ele>
        <time>2026-08-18T05:39:10Z</time>
      </trkpt>
      <trkpt lat="46.354773" lon="6.212028">
        <ele>378.4</ele>
        <time>2026-08-18T05:39:11Z</time>
      </trkpt>
      <trkpt lat="46.354841" lon="6.212093">
        <ele>378.4</ele>
        <time>2026-08-18T05:39:12Z</time>
      </trkpt>
      <trkpt lat="46.354908" lon="6.212159">
        <ele>378.4</ele>
        <time>2026-08-18T05:39:13Z</time>
      </trkpt>
      <trkpt lat="46.354977" lon="6.212227">
        <ele>378.4</ele>
        <time>2026-08-18T05:39:14Z</time>
      </trkpt>
      <trkpt lat="46.355047" lon="6.212292">
        <ele>378.4</ele>
        <time>2026-08-18T05:39:15Z</time>
      </trkpt>
      <trkpt lat="46.355115" lon="6.212355">
        <ele>378.4</ele>
        <time>2026-08-18T05:39:16Z</time>
      </trkpt>
      <trkpt lat="46.355185" lon="6.212422">
        <ele>378.6</ele>
        <time>2026-08-18T05:39:17Z</time>
      </trkpt>
      <trkpt lat="46.355253" lon="6.212488">
        <ele>378.6</ele>
        <time>2026-08-18T05:39:18Z</time>
      </trkpt>
      <trkpt lat="46.355321" lon="6.212555">
        <ele>378.6</ele>
        <time>2026-08-18T05:39:19Z</time>
      </trkpt>
      <trkpt lat="46.35539" lon="6.212622">
        <ele>378.6</ele>
        <time>2026-08-18T05:39:20Z</time>
      </trkpt>
      <trkpt lat="46.355456" lon="6.212687">
        <ele>378.8</ele>
        <time>2026-08-18T05:39:21Z</time>
      </trkpt>
      <trkpt lat="46.355522" lon="6.212753">
        <ele>378.8</ele>
        <time>2026-08-18T05:39:22Z</time>
      </trkpt>
      <trkpt lat="46.355589" lon="6.212819">
        <ele>378.8</ele>
        <time>2026-08-18T05:39:23Z</time>
      </trkpt>
      <trkpt lat="46.355657" lon="6.212884">
        <ele>379.0</ele>
        <time>2026-08-18T05:39:24Z</time>
      </trkpt>
      <trkpt lat="46.355723" lon="6.212947">
        <ele>379.0</ele>
        <time>2026-08-18T05:39:25Z</time>
      </trkpt>
      <trkpt lat="46.355791" lon="6.213009">
        <ele>378.8</ele>
        <time>2026-08-18T05:39:26Z</time>
      </trkpt>
      <trkpt lat="46.355859" lon="6.213073">
        <ele>379.0</ele>
        <time>2026-08-18T05:39:27Z</time>
      </trkpt>
      <trkpt lat="46.355926" lon="6.213138">
        <ele>379.0</ele>
        <time>2026-08-18T05:39:28Z</time>
      </trkpt>
      <trkpt lat="46.355992" lon="6.213204">
        <ele>379.0</ele>
        <time>2026-08-18T05:39:29Z</time>
      </trkpt>
      <trkpt lat="46.356062" lon="6.213267">
        <ele>379.0</ele>
        <time>2026-08-18T05:39:30Z</time>
      </trkpt>
      <trkpt lat="46.356129" lon="6.213332">
        <ele>379.2</ele>
        <time>2026-08-18T05:39:31Z</time>
      </trkpt>
      <trkpt lat="46.356198" lon="6.213395">
        <ele>379.2</ele>
        <time>2026-08-18T05:39:32Z</time>
      </trkpt>
      <trkpt lat="46.356264" lon="6.213456">
        <ele>379.2</ele>
        <time>2026-08-18T05:39:33Z</time>
      </trkpt>
      <trkpt lat="46.356329" lon="6.21352">
        <ele>379.2</ele>
        <time>2026-08-18T05:39:34Z</time>
      </trkpt>
      <trkpt lat="46.356395" lon="6.213584">
        <ele>379.4</ele>
        <time>2026-08-18T05:39:35Z</time>
      </trkpt>
      <trkpt lat="46.356461" lon="6.21365">
        <ele>379.4</ele>
        <time>2026-08-18T05:39:36Z</time>
      </trkpt>
      <trkpt lat="46.356526" lon="6.213714">
        <ele>379.4</ele>
        <time>2026-08-18T05:39:37Z</time>
      </trkpt>
      <trkpt lat="46.356593" lon="6.213778">
        <ele>379.6</ele>
        <time>2026-08-18T05:39:38Z</time>
      </trkpt>
      <trkpt lat="46.356658" lon="6.213839">
        <ele>379.6</ele>
        <time>2026-08-18T05:39:39Z</time>
      </trkpt>
      <trkpt lat="46.356724" lon="6.213901">
        <ele>379.6</ele>
        <time>2026-08-18T05:39:40Z</time>
      </trkpt>
      <trkpt lat="46.35679" lon="6.213966">
        <ele>379.6</ele>
        <time>2026-08-18T05:39:41Z</time>
      </trkpt>
      <trkpt lat="46.356857" lon="6.214032">
        <ele>379.8</ele>
        <time>2026-08-18T05:39:42Z</time>
      </trkpt>
      <trkpt lat="46.356923" lon="6.214095">
        <ele>379.8</ele>
        <time>2026-08-18T05:39:43Z</time>
      </trkpt>
      <trkpt lat="46.356989" lon="6.214158">
        <ele>379.8</ele>
        <time>2026-08-18T05:39:44Z</time>
      </trkpt>
      <trkpt lat="46.357057" lon="6.214224">
        <ele>380.0</ele>
        <time>2026-08-18T05:39:45Z</time>
      </trkpt>
      <trkpt lat="46.357121" lon="6.214288">
        <ele>380.0</ele>
        <time>2026-08-18T05:39:46Z</time>
      </trkpt>
      <trkpt lat="46.357184" lon="6.214352">
        <ele>380.0</ele>
        <time>2026-08-18T05:39:47Z</time>
      </trkpt>
      <trkpt lat="46.357251" lon="6.214414">
        <ele>380.0</ele>
        <time>2026-08-18T05:39:48Z</time>
      </trkpt>
      <trkpt lat="46.35732" lon="6.214478">
        <ele>380.0</ele>
        <time>2026-08-18T05:39:49Z</time>
      </trkpt>
      <trkpt lat="46.357384" lon="6.214541">
        <ele>380.0</ele>
        <time>2026-08-18T05:39:50Z</time>
      </trkpt>
      <trkpt lat="46.357452" lon="6.214604">
        <ele>380.0</ele>
        <time>2026-08-18T05:39:51Z</time>
      </trkpt>
      <trkpt lat="46.357521" lon="6.21467">
        <ele>380.0</ele>
        <time>2026-08-18T05:39:52Z</time>
      </trkpt>
      <trkpt lat="46.357591" lon="6.214739">
        <ele>379.8</ele>
        <time>2026-08-18T05:39:53Z</time>
      </trkpt>
      <trkpt lat="46.357661" lon="6.214807">
        <ele>379.8</ele>
        <time>2026-08-18T05:39:54Z</time>
      </trkpt>
      <trkpt lat="46.357731" lon="6.214874">
        <ele>379.8</ele>
        <time>2026-08-18T05:39:55Z</time>
      </trkpt>
      <trkpt lat="46.357803" lon="6.21494">
        <ele>379.8</ele>
        <time>2026-08-18T05:39:56Z</time>
      </trkpt>
      <trkpt lat="46.357872" lon="6.215009">
        <ele>380.0</ele>
        <time>2026-08-18T05:39:57Z</time>
      </trkpt>
      <trkpt lat="46.35794" lon="6.215081">
        <ele>379.8</ele>
        <time>2026-08-18T05:39:58Z</time>
      </trkpt>
      <trkpt lat="46.35801" lon="6.215151">
        <ele>379.8</ele>
        <time>2026-08-18T05:39:59Z</time>
      </trkpt>
      <trkpt lat="46.358078" lon="6.215221">
        <ele>379.8</ele>
        <time>2026-08-18T05:40:00Z</time>
      </trkpt>
      <trkpt lat="46.358147" lon="6.215291">
        <ele>379.8</ele>
        <time>2026-08-18T05:40:01Z</time>
      </trkpt>
      <trkpt lat="46.358215" lon="6.215363">
        <ele>379.6</ele>
        <time>2026-08-18T05:40:02Z</time>
      </trkpt>
      <trkpt lat="46.358283" lon="6.215432">
        <ele>379.6</ele>
        <time>2026-08-18T05:40:03Z</time>
      </trkpt>
      <trkpt lat="46.358352" lon="6.215503">
        <ele>379.6</ele>
        <time>2026-08-18T05:40:04Z</time>
      </trkpt>
      <trkpt lat="46.358425" lon="6.215571">
        <ele>379.6</ele>
        <time>2026-08-18T05:40:05Z</time>
      </trkpt>
      <trkpt lat="46.358498" lon="6.215635">
        <ele>379.4</ele>
        <time>2026-08-18T05:40:06Z</time>
      </trkpt>
      <trkpt lat="46.358571" lon="6.215697">
        <ele>379.2</ele>
        <time>2026-08-18T05:40:07Z</time>
      </trkpt>
      <trkpt lat="46.358647" lon="6.215752">
        <ele>379.2</ele>
        <time>2026-08-18T05:40:08Z</time>
      </trkpt>
      <trkpt lat="46.358721" lon="6.215809">
        <ele>379.0</ele>
        <time>2026-08-18T05:40:09Z</time>
      </trkpt>
      <trkpt lat="46.35879" lon="6.215876">
        <ele>378.8</ele>
        <time>2026-08-18T05:40:10Z</time>
      </trkpt>
      <trkpt lat="46.358846" lon="6.215963">
        <ele>378.8</ele>
        <time>2026-08-18T05:40:11Z</time>
      </trkpt>
      <trkpt lat="46.358904" lon="6.21605">
        <ele>378.8</ele>
        <time>2026-08-18T05:40:12Z</time>
      </trkpt>
      <trkpt lat="46.358968" lon="6.216131">
        <ele>378.6</ele>
        <time>2026-08-18T05:40:13Z</time>
      </trkpt>
      <trkpt lat="46.359033" lon="6.216205">
        <ele>378.8</ele>
        <time>2026-08-18T05:40:14Z</time>
      </trkpt>
      <trkpt lat="46.359101" lon="6.216276">
        <ele>378.6</ele>
        <time>2026-08-18T05:40:15Z</time>
      </trkpt>
      <trkpt lat="46.359164" lon="6.216351">
        <ele>378.6</ele>
        <time>2026-08-18T05:40:16Z</time>
      </trkpt>
      <trkpt lat="46.35923" lon="6.216425">
        <ele>378.4</ele>
        <time>2026-08-18T05:40:17Z</time>
      </trkpt>
      <trkpt lat="46.359294" lon="6.216498">
        <ele>378.4</ele>
        <time>2026-08-18T05:40:18Z</time>
      </trkpt>
      <trkpt lat="46.359357" lon="6.216574">
        <ele>378.2</ele>
        <time>2026-08-18T05:40:19Z</time>
      </trkpt>
      <trkpt lat="46.359423" lon="6.216645">
        <ele>378.2</ele>
        <time>2026-08-18T05:40:20Z</time>
      </trkpt>
      <trkpt lat="46.359489" lon="6.216717">
        <ele>378.0</ele>
        <time>2026-08-18T05:40:21Z</time>
      </trkpt>
      <trkpt lat="46.359553" lon="6.21679">
        <ele>378.0</ele>
        <time>2026-08-18T05:40:22Z</time>
      </trkpt>
      <trkpt lat="46.359619" lon="6.216864">
        <ele>378.0</ele>
        <time>2026-08-18T05:40:23Z</time>
      </trkpt>
      <trkpt lat="46.359685" lon="6.216935">
        <ele>378.0</ele>
        <time>2026-08-18T05:40:24Z</time>
      </trkpt>
      <trkpt lat="46.359749" lon="6.217004">
        <ele>378.0</ele>
        <time>2026-08-18T05:40:25Z</time>
      </trkpt>
      <trkpt lat="46.359811" lon="6.217073">
        <ele>378.0</ele>
        <time>2026-08-18T05:40:26Z</time>
      </trkpt>
      <trkpt lat="46.359875" lon="6.217142">
        <ele>378.0</ele>
        <time>2026-08-18T05:40:27Z</time>
      </trkpt>
      <trkpt lat="46.359938" lon="6.217211">
        <ele>378.0</ele>
        <time>2026-08-18T05:40:28Z</time>
      </trkpt>
      <trkpt lat="46.359999" lon="6.21728">
        <ele>377.8</ele>
        <time>2026-08-18T05:40:29Z</time>
      </trkpt>
      <trkpt lat="46.360059" lon="6.217345">
        <ele>377.8</ele>
        <time>2026-08-18T05:40:30Z</time>
      </trkpt>
      <trkpt lat="46.36012" lon="6.21741">
        <ele>377.8</ele>
        <time>2026-08-18T05:40:31Z</time>
      </trkpt>
      <trkpt lat="46.360181" lon="6.217476">
        <ele>377.8</ele>
        <time>2026-08-18T05:40:32Z</time>
      </trkpt>
      <trkpt lat="46.36024" lon="6.217541">
        <ele>378.0</ele>
        <time>2026-08-18T05:40:33Z</time>
      </trkpt>
      <trkpt lat="46.360301" lon="6.217607">
        <ele>378.0</ele>
        <time>2026-08-18T05:40:34Z</time>
      </trkpt>
      <trkpt lat="46.360363" lon="6.21767">
        <ele>378.0</ele>
        <time>2026-08-18T05:40:35Z</time>
      </trkpt>
      <trkpt lat="46.360424" lon="6.217734">
        <ele>378.2</ele>
        <time>2026-08-18T05:40:36Z</time>
      </trkpt>
      <trkpt lat="46.360483" lon="6.217798">
        <ele>378.2</ele>
        <time>2026-08-18T05:40:37Z</time>
      </trkpt>
      <trkpt lat="46.360541" lon="6.217864">
        <ele>378.2</ele>
        <time>2026-08-18T05:40:38Z</time>
      </trkpt>
      <trkpt lat="46.360601" lon="6.217926">
        <ele>378.2</ele>
        <time>2026-08-18T05:40:39Z</time>
      </trkpt>
      <trkpt lat="46.36066" lon="6.217986">
        <ele>378.2</ele>
        <time>2026-08-18T05:40:40Z</time>
      </trkpt>
      <trkpt lat="46.360719" lon="6.218046">
        <ele>378.4</ele>
        <time>2026-08-18T05:40:41Z</time>
      </trkpt>
      <trkpt lat="46.360778" lon="6.218104">
        <ele>378.4</ele>
        <time>2026-08-18T05:40:42Z</time>
      </trkpt>
      <trkpt lat="46.360838" lon="6.218161">
        <ele>378.6</ele>
        <time>2026-08-18T05:40:43Z</time>
      </trkpt>
      <trkpt lat="46.360898" lon="6.218217">
        <ele>379.0</ele>
        <time>2026-08-18T05:40:44Z</time>
      </trkpt>
      <trkpt lat="46.360956" lon="6.218278">
        <ele>379.0</ele>
        <time>2026-08-18T05:40:45Z</time>
      </trkpt>
      <trkpt lat="46.361014" lon="6.21834">
        <ele>379.0</ele>
        <time>2026-08-18T05:40:46Z</time>
      </trkpt>
      <trkpt lat="46.361074" lon="6.218397">
        <ele>379.2</ele>
        <time>2026-08-18T05:40:47Z</time>
      </trkpt>
      <trkpt lat="46.361134" lon="6.218452">
        <ele>379.2</ele>
        <time>2026-08-18T05:40:48Z</time>
      </trkpt>
      <trkpt lat="46.361195" lon="6.218508">
        <ele>379.0</ele>
        <time>2026-08-18T05:40:49Z</time>
      </trkpt>
      <trkpt lat="46.361254" lon="6.218566">
        <ele>379.4</ele>
        <time>2026-08-18T05:40:50Z</time>
      </trkpt>
      <trkpt lat="46.361313" lon="6.218624">
        <ele>379.6</ele>
        <time>2026-08-18T05:40:51Z</time>
      </trkpt>
      <trkpt lat="46.361371" lon="6.218679">
        <ele>379.6</ele>
        <time>2026-08-18T05:40:52Z</time>
      </trkpt>
      <trkpt lat="46.361432" lon="6.218734">
        <ele>379.8</ele>
        <time>2026-08-18T05:40:53Z</time>
      </trkpt>
      <trkpt lat="46.361492" lon="6.218791">
        <ele>380.0</ele>
        <time>2026-08-18T05:40:54Z</time>
      </trkpt>
      <trkpt lat="46.361554" lon="6.218847">
        <ele>380.0</ele>
        <time>2026-08-18T05:40:55Z</time>
      </trkpt>
      <trkpt lat="46.361613" lon="6.218901">
        <ele>380.0</ele>
        <time>2026-08-18T05:40:56Z</time>
      </trkpt>
      <trkpt lat="46.361674" lon="6.218954">
        <ele>380.2</ele>
        <time>2026-08-18T05:40:57Z</time>
      </trkpt>
      <trkpt lat="46.361736" lon="6.219008">
        <ele>380.2</ele>
        <time>2026-08-18T05:40:58Z</time>
      </trkpt>
      <trkpt lat="46.361797" lon="6.219061">
        <ele>380.2</ele>
        <time>2026-08-18T05:40:59Z</time>
      </trkpt>
      <trkpt lat="46.36186" lon="6.219116">
        <ele>380.2</ele>
        <time>2026-08-18T05:41:00Z</time>
      </trkpt>
      <trkpt lat="46.361925" lon="6.219169">
        <ele>380.4</ele>
        <time>2026-08-18T05:41:01Z</time>
      </trkpt>
      <trkpt lat="46.361989" lon="6.219224">
        <ele>380.4</ele>
        <time>2026-08-18T05:41:02Z</time>
      </trkpt>
      <trkpt lat="46.362054" lon="6.219278">
        <ele>380.8</ele>
        <time>2026-08-18T05:41:03Z</time>
      </trkpt>
      <trkpt lat="46.362118" lon="6.219333">
        <ele>380.8</ele>
        <time>2026-08-18T05:41:04Z</time>
      </trkpt>
      <trkpt lat="46.362179" lon="6.219389">
        <ele>381.0</ele>
        <time>2026-08-18T05:41:05Z</time>
      </trkpt>
      <trkpt lat="46.362245" lon="6.219443">
        <ele>381.0</ele>
        <time>2026-08-18T05:41:06Z</time>
      </trkpt>
      <trkpt lat="46.362309" lon="6.219494">
        <ele>381.2</ele>
        <time>2026-08-18T05:41:07Z</time>
      </trkpt>
      <trkpt lat="46.362373" lon="6.219547">
        <ele>381.2</ele>
        <time>2026-08-18T05:41:08Z</time>
      </trkpt>
      <trkpt lat="46.362439" lon="6.219599">
        <ele>381.2</ele>
        <time>2026-08-18T05:41:09Z</time>
      </trkpt>
      <trkpt lat="46.362506" lon="6.219649">
        <ele>381.2</ele>
        <time>2026-08-18T05:41:10Z</time>
      </trkpt>
      <trkpt lat="46.362571" lon="6.219703">
        <ele>381.4</ele>
        <time>2026-08-18T05:41:11Z</time>
      </trkpt>
      <trkpt lat="46.362638" lon="6.219754">
        <ele>381.4</ele>
        <time>2026-08-18T05:41:12Z</time>
      </trkpt>
      <trkpt lat="46.362702" lon="6.2198">
        <ele>381.4</ele>
        <time>2026-08-18T05:41:13Z</time>
      </trkpt>
      <trkpt lat="46.362765" lon="6.219846">
        <ele>381.4</ele>
        <time>2026-08-18T05:41:14Z</time>
      </trkpt>
      <trkpt lat="46.362834" lon="6.219897">
        <ele>381.6</ele>
        <time>2026-08-18T05:41:15Z</time>
      </trkpt>
      <trkpt lat="46.362901" lon="6.219946">
        <ele>381.8</ele>
        <time>2026-08-18T05:41:16Z</time>
      </trkpt>
      <trkpt lat="46.362971" lon="6.219999">
        <ele>381.8</ele>
        <time>2026-08-18T05:41:17Z</time>
      </trkpt>
      <trkpt lat="46.363038" lon="6.220054">
        <ele>381.8</ele>
        <time>2026-08-18T05:41:18Z</time>
      </trkpt>
      <trkpt lat="46.363109" lon="6.220104">
        <ele>382.0</ele>
        <time>2026-08-18T05:41:19Z</time>
      </trkpt>
      <trkpt lat="46.363181" lon="6.220153">
        <ele>382.0</ele>
        <time>2026-08-18T05:41:20Z</time>
      </trkpt>
      <trkpt lat="46.363249" lon="6.220203">
        <ele>382.0</ele>
        <time>2026-08-18T05:41:21Z</time>
      </trkpt>
      <trkpt lat="46.363317" lon="6.220252">
        <ele>382.0</ele>
        <time>2026-08-18T05:41:22Z</time>
      </trkpt>
      <trkpt lat="46.363386" lon="6.220297">
        <ele>382.0</ele>
        <time>2026-08-18T05:41:23Z</time>
      </trkpt>
      <trkpt lat="46.363454" lon="6.220344">
        <ele>382.0</ele>
        <time>2026-08-18T05:41:24Z</time>
      </trkpt>
      <trkpt lat="46.363521" lon="6.220391">
        <ele>382.0</ele>
        <time>2026-08-18T05:41:25Z</time>
      </trkpt>
      <trkpt lat="46.363591" lon="6.220439">
        <ele>382.0</ele>
        <time>2026-08-18T05:41:26Z</time>
      </trkpt>
      <trkpt lat="46.363659" lon="6.220489">
        <ele>382.0</ele>
        <time>2026-08-18T05:41:27Z</time>
      </trkpt>
      <trkpt lat="46.363727" lon="6.220538">
        <ele>382.0</ele>
        <time>2026-08-18T05:41:28Z</time>
      </trkpt>
      <trkpt lat="46.363795" lon="6.220584">
        <ele>382.2</ele>
        <time>2026-08-18T05:41:29Z</time>
      </trkpt>
      <trkpt lat="46.36386" lon="6.220632">
        <ele>382.2</ele>
        <time>2026-08-18T05:41:30Z</time>
      </trkpt>
      <trkpt lat="46.363924" lon="6.220677">
        <ele>382.2</ele>
        <time>2026-08-18T05:41:31Z</time>
      </trkpt>
      <trkpt lat="46.363989" lon="6.220722">
        <ele>382.2</ele>
        <time>2026-08-18T05:41:32Z</time>
      </trkpt>
      <trkpt lat="46.364053" lon="6.220766">
        <ele>382.2</ele>
        <time>2026-08-18T05:41:33Z</time>
      </trkpt>
      <trkpt lat="46.364123" lon="6.22081">
        <ele>382.2</ele>
        <time>2026-08-18T05:41:34Z</time>
      </trkpt>
      <trkpt lat="46.364187" lon="6.220852">
        <ele>382.4</ele>
        <time>2026-08-18T05:41:35Z</time>
      </trkpt>
      <trkpt lat="46.364251" lon="6.2209">
        <ele>382.4</ele>
        <time>2026-08-18T05:41:36Z</time>
      </trkpt>
      <trkpt lat="46.364317" lon="6.22095">
        <ele>382.6</ele>
        <time>2026-08-18T05:41:37Z</time>
      </trkpt>
      <trkpt lat="46.364382" lon="6.220998">
        <ele>382.6</ele>
        <time>2026-08-18T05:41:38Z</time>
      </trkpt>
      <trkpt lat="46.364446" lon="6.221046">
        <ele>382.6</ele>
        <time>2026-08-18T05:41:39Z</time>
      </trkpt>
      <trkpt lat="46.364511" lon="6.221093">
        <ele>382.8</ele>
        <time>2026-08-18T05:41:40Z</time>
      </trkpt>
      <trkpt lat="46.364577" lon="6.221138">
        <ele>382.8</ele>
        <time>2026-08-18T05:41:41Z</time>
      </trkpt>
      <trkpt lat="46.36464" lon="6.221185">
        <ele>382.8</ele>
        <time>2026-08-18T05:41:42Z</time>
      </trkpt>
      <trkpt lat="46.364698" lon="6.221237">
        <ele>382.8</ele>
        <time>2026-08-18T05:41:43Z</time>
      </trkpt>
      <trkpt lat="46.364764" lon="6.221281">
        <ele>383.0</ele>
        <time>2026-08-18T05:41:44Z</time>
      </trkpt>
      <trkpt lat="46.364829" lon="6.221328">
        <ele>383.0</ele>
        <time>2026-08-18T05:41:45Z</time>
      </trkpt>
      <trkpt lat="46.364897" lon="6.221376">
        <ele>383.0</ele>
        <time>2026-08-18T05:41:46Z</time>
      </trkpt>
      <trkpt lat="46.364963" lon="6.221421">
        <ele>383.0</ele>
        <time>2026-08-18T05:41:47Z</time>
      </trkpt>
      <trkpt lat="46.365032" lon="6.221465">
        <ele>383.2</ele>
        <time>2026-08-18T05:41:48Z</time>
      </trkpt>
      <trkpt lat="46.365098" lon="6.221514">
        <ele>383.2</ele>
        <time>2026-08-18T05:41:49Z</time>
      </trkpt>
      <trkpt lat="46.365167" lon="6.22156">
        <ele>383.4</ele>
        <time>2026-08-18T05:41:50Z</time>
      </trkpt>
      <trkpt lat="46.365234" lon="6.221608">
        <ele>383.6</ele>
        <time>2026-08-18T05:41:51Z</time>
      </trkpt>
      <trkpt lat="46.365302" lon="6.221655">
        <ele>383.6</ele>
        <time>2026-08-18T05:41:52Z</time>
      </trkpt>
      <trkpt lat="46.365369" lon="6.2217">
        <ele>383.6</ele>
        <time>2026-08-18T05:41:53Z</time>
      </trkpt>
      <trkpt lat="46.365437" lon="6.221746">
        <ele>383.6</ele>
        <time>2026-08-18T05:41:54Z</time>
      </trkpt>
      <trkpt lat="46.365509" lon="6.221795">
        <ele>383.6</ele>
        <time>2026-08-18T05:41:55Z</time>
      </trkpt>
      <trkpt lat="46.36558" lon="6.221844">
        <ele>383.6</ele>
        <time>2026-08-18T05:41:56Z</time>
      </trkpt>
      <trkpt lat="46.365652" lon="6.221897">
        <ele>383.8</ele>
        <time>2026-08-18T05:41:57Z</time>
      </trkpt>
      <trkpt lat="46.365725" lon="6.221948">
        <ele>383.8</ele>
        <time>2026-08-18T05:41:58Z</time>
      </trkpt>
      <trkpt lat="46.365797" lon="6.221998">
        <ele>384.0</ele>
        <time>2026-08-18T05:41:59Z</time>
      </trkpt>
      <trkpt lat="46.365869" lon="6.22205">
        <ele>384.0</ele>
        <time>2026-08-18T05:42:00Z</time>
      </trkpt>
      <trkpt lat="46.365942" lon="6.222102">
        <ele>383.8</ele>
        <time>2026-08-18T05:42:01Z</time>
      </trkpt>
      <trkpt lat="46.366014" lon="6.222153">
        <ele>384.0</ele>
        <time>2026-08-18T05:42:02Z</time>
      </trkpt>
      <trkpt lat="46.366087" lon="6.222205">
        <ele>383.8</ele>
        <time>2026-08-18T05:42:03Z</time>
      </trkpt>
      <trkpt lat="46.36616" lon="6.222255">
        <ele>383.8</ele>
        <time>2026-08-18T05:42:04Z</time>
      </trkpt>
      <trkpt lat="46.366232" lon="6.222309">
        <ele>383.8</ele>
        <time>2026-08-18T05:42:05Z</time>
      </trkpt>
      <trkpt lat="46.366304" lon="6.222369">
        <ele>384.0</ele>
        <time>2026-08-18T05:42:06Z</time>
      </trkpt>
      <trkpt lat="46.366376" lon="6.222428">
        <ele>383.8</ele>
        <time>2026-08-18T05:42:07Z</time>
      </trkpt>
      <trkpt lat="46.366449" lon="6.222482">
        <ele>384.0</ele>
        <time>2026-08-18T05:42:08Z</time>
      </trkpt>
      <trkpt lat="46.366516" lon="6.222544">
        <ele>384.0</ele>
        <time>2026-08-18T05:42:09Z</time>
      </trkpt>
      <trkpt lat="46.366584" lon="6.222606">
        <ele>384.0</ele>
        <time>2026-08-18T05:42:10Z</time>
      </trkpt>
      <trkpt lat="46.366655" lon="6.222665">
        <ele>384.0</ele>
        <time>2026-08-18T05:42:11Z</time>
      </trkpt>
      <trkpt lat="46.366722" lon="6.222727">
        <ele>384.0</ele>
        <time>2026-08-18T05:42:12Z</time>
      </trkpt>
      <trkpt lat="46.36679" lon="6.222792">
        <ele>384.0</ele>
        <time>2026-08-18T05:42:13Z</time>
      </trkpt>
      <trkpt lat="46.366857" lon="6.222858">
        <ele>384.0</ele>
        <time>2026-08-18T05:42:14Z</time>
      </trkpt>
      <trkpt lat="46.366925" lon="6.222924">
        <ele>384.0</ele>
        <time>2026-08-18T05:42:15Z</time>
      </trkpt>
      <trkpt lat="46.36699" lon="6.222992">
        <ele>384.0</ele>
        <time>2026-08-18T05:42:16Z</time>
      </trkpt>
      <trkpt lat="46.367057" lon="6.223059">
        <ele>384.2</ele>
        <time>2026-08-18T05:42:17Z</time>
      </trkpt>
      <trkpt lat="46.367122" lon="6.223128">
        <ele>384.2</ele>
        <time>2026-08-18T05:42:18Z</time>
      </trkpt>
      <trkpt lat="46.367189" lon="6.223198">
        <ele>384.2</ele>
        <time>2026-08-18T05:42:19Z</time>
      </trkpt>
      <trkpt lat="46.367255" lon="6.223266">
        <ele>384.4</ele>
        <time>2026-08-18T05:42:20Z</time>
      </trkpt>
      <trkpt lat="46.36732" lon="6.223337">
        <ele>384.4</ele>
        <time>2026-08-18T05:42:21Z</time>
      </trkpt>
      <trkpt lat="46.367384" lon="6.22341">
        <ele>384.2</ele>
        <time>2026-08-18T05:42:22Z</time>
      </trkpt>
      <trkpt lat="46.367448" lon="6.223484">
        <ele>384.4</ele>
        <time>2026-08-18T05:42:23Z</time>
      </trkpt>
      <trkpt lat="46.367513" lon="6.223559">
        <ele>384.2</ele>
        <time>2026-08-18T05:42:24Z</time>
      </trkpt>
      <trkpt lat="46.367579" lon="6.223635">
        <ele>384.0</ele>
        <time>2026-08-18T05:42:25Z</time>
      </trkpt>
      <trkpt lat="46.367644" lon="6.223711">
        <ele>383.8</ele>
        <time>2026-08-18T05:42:26Z</time>
      </trkpt>
      <trkpt lat="46.367707" lon="6.22379">
        <ele>384.0</ele>
        <time>2026-08-18T05:42:27Z</time>
      </trkpt>
      <trkpt lat="46.367765" lon="6.223874">
        <ele>384.0</ele>
        <time>2026-08-18T05:42:28Z</time>
      </trkpt>
      <trkpt lat="46.367821" lon="6.22396">
        <ele>384.2</ele>
        <time>2026-08-18T05:42:29Z</time>
      </trkpt>
      <trkpt lat="46.367877" lon="6.224047">
        <ele>384.2</ele>
        <time>2026-08-18T05:42:30Z</time>
      </trkpt>
      <trkpt lat="46.367933" lon="6.224128">
        <ele>384.2</ele>
        <time>2026-08-18T05:42:31Z</time>
      </trkpt>
      <trkpt lat="46.367991" lon="6.224212">
        <ele>384.2</ele>
        <time>2026-08-18T05:42:32Z</time>
      </trkpt>
      <trkpt lat="46.36805" lon="6.224295">
        <ele>384.2</ele>
        <time>2026-08-18T05:42:33Z</time>
      </trkpt>
      <trkpt lat="46.368108" lon="6.224381">
        <ele>384.2</ele>
        <time>2026-08-18T05:42:34Z</time>
      </trkpt>
      <trkpt lat="46.368167" lon="6.224468">
        <ele>384.2</ele>
        <time>2026-08-18T05:42:35Z</time>
      </trkpt>
      <trkpt lat="46.368222" lon="6.224557">
        <ele>384.4</ele>
        <time>2026-08-18T05:42:36Z</time>
      </trkpt>
      <trkpt lat="46.368284" lon="6.22464">
        <ele>384.4</ele>
        <time>2026-08-18T05:42:37Z</time>
      </trkpt>
      <trkpt lat="46.368348" lon="6.224715">
        <ele>384.4</ele>
        <time>2026-08-18T05:42:38Z</time>
      </trkpt>
      <trkpt lat="46.368408" lon="6.224795">
        <ele>384.4</ele>
        <time>2026-08-18T05:42:39Z</time>
      </trkpt>
      <trkpt lat="46.368464" lon="6.224879">
        <ele>384.4</ele>
        <time>2026-08-18T05:42:40Z</time>
      </trkpt>
      <trkpt lat="46.368517" lon="6.224967">
        <ele>384.4</ele>
        <time>2026-08-18T05:42:41Z</time>
      </trkpt>
      <trkpt lat="46.368566" lon="6.225056">
        <ele>384.4</ele>
        <time>2026-08-18T05:42:42Z</time>
      </trkpt>
      <trkpt lat="46.368617" lon="6.225142">
        <ele>384.6</ele>
        <time>2026-08-18T05:42:43Z</time>
      </trkpt>
      <trkpt lat="46.368667" lon="6.225228">
        <ele>384.4</ele>
        <time>2026-08-18T05:42:44Z</time>
      </trkpt>
      <trkpt lat="46.368714" lon="6.225314">
        <ele>384.4</ele>
        <time>2026-08-18T05:42:45Z</time>
      </trkpt>
      <trkpt lat="46.368761" lon="6.225399">
        <ele>384.6</ele>
        <time>2026-08-18T05:42:46Z</time>
      </trkpt>
      <trkpt lat="46.368809" lon="6.225486">
        <ele>384.6</ele>
        <time>2026-08-18T05:42:47Z</time>
      </trkpt>
      <trkpt lat="46.368855" lon="6.225572">
        <ele>384.6</ele>
        <time>2026-08-18T05:42:48Z</time>
      </trkpt>
      <trkpt lat="46.368901" lon="6.225658">
        <ele>385.0</ele>
        <time>2026-08-18T05:42:49Z</time>
      </trkpt>
      <trkpt lat="46.368946" lon="6.225744">
        <ele>385.2</ele>
        <time>2026-08-18T05:42:50Z</time>
      </trkpt>
      <trkpt lat="46.368989" lon="6.22583">
        <ele>385.6</ele>
        <time>2026-08-18T05:42:51Z</time>
      </trkpt>
      <trkpt lat="46.369031" lon="6.225915">
        <ele>385.8</ele>
        <time>2026-08-18T05:42:52Z</time>
      </trkpt>
      <trkpt lat="46.369073" lon="6.225999">
        <ele>386.0</ele>
        <time>2026-08-18T05:42:53Z</time>
      </trkpt>
      <trkpt lat="46.369115" lon="6.226081">
        <ele>386.0</ele>
        <time>2026-08-18T05:42:54Z</time>
      </trkpt>
      <trkpt lat="46.369156" lon="6.226163">
        <ele>386.0</ele>
        <time>2026-08-18T05:42:55Z</time>
      </trkpt>
      <trkpt lat="46.369196" lon="6.226246">
        <ele>386.2</ele>
        <time>2026-08-18T05:42:56Z</time>
      </trkpt>
      <trkpt lat="46.369236" lon="6.226327">
        <ele>386.4</ele>
        <time>2026-08-18T05:42:57Z</time>
      </trkpt>
      <trkpt lat="46.369277" lon="6.226406">
        <ele>386.6</ele>
        <time>2026-08-18T05:42:58Z</time>
      </trkpt>
      <trkpt lat="46.369315" lon="6.226486">
        <ele>386.8</ele>
        <time>2026-08-18T05:42:59Z</time>
      </trkpt>
      <trkpt lat="46.369355" lon="6.226567">
        <ele>387.0</ele>
        <time>2026-08-18T05:43:00Z</time>
      </trkpt>
      <trkpt lat="46.369394" lon="6.226647">
        <ele>387.2</ele>
        <time>2026-08-18T05:43:01Z</time>
      </trkpt>
      <trkpt lat="46.369432" lon="6.226727">
        <ele>387.2</ele>
        <time>2026-08-18T05:43:02Z</time>
      </trkpt>
      <trkpt lat="46.36947" lon="6.226809">
        <ele>387.4</ele>
        <time>2026-08-18T05:43:03Z</time>
      </trkpt>
      <trkpt lat="46.36951" lon="6.226889">
        <ele>387.6</ele>
        <time>2026-08-18T05:43:04Z</time>
      </trkpt>
      <trkpt lat="46.369549" lon="6.226971">
        <ele>387.6</ele>
        <time>2026-08-18T05:43:05Z</time>
      </trkpt>
      <trkpt lat="46.369587" lon="6.227051">
        <ele>387.6</ele>
        <time>2026-08-18T05:43:06Z</time>
      </trkpt>
      <trkpt lat="46.369625" lon="6.227133">
        <ele>388.0</ele>
        <time>2026-08-18T05:43:07Z</time>
      </trkpt>
      <trkpt lat="46.369666" lon="6.227214">
        <ele>388.0</ele>
        <time>2026-08-18T05:43:08Z</time>
      </trkpt>
      <trkpt lat="46.369704" lon="6.227294">
        <ele>388.2</ele>
        <time>2026-08-18T05:43:09Z</time>
      </trkpt>
      <trkpt lat="46.369743" lon="6.227374">
        <ele>388.4</ele>
        <time>2026-08-18T05:43:10Z</time>
      </trkpt>
      <trkpt lat="46.369784" lon="6.227454">
        <ele>388.6</ele>
        <time>2026-08-18T05:43:11Z</time>
      </trkpt>
      <trkpt lat="46.369823" lon="6.227537">
        <ele>388.6</ele>
        <time>2026-08-18T05:43:12Z</time>
      </trkpt>
      <trkpt lat="46.369864" lon="6.227616">
        <ele>388.8</ele>
        <time>2026-08-18T05:43:13Z</time>
      </trkpt>
      <trkpt lat="46.369906" lon="6.227693">
        <ele>388.8</ele>
        <time>2026-08-18T05:43:14Z</time>
      </trkpt>
      <trkpt lat="46.369948" lon="6.227775">
        <ele>388.8</ele>
        <time>2026-08-18T05:43:15Z</time>
      </trkpt>
      <trkpt lat="46.36999" lon="6.227856">
        <ele>388.8</ele>
        <time>2026-08-18T05:43:16Z</time>
      </trkpt>
      <trkpt lat="46.37003" lon="6.227938">
        <ele>388.8</ele>
        <time>2026-08-18T05:43:17Z</time>
      </trkpt>
      <trkpt lat="46.37007" lon="6.228022">
        <ele>389.0</ele>
        <time>2026-08-18T05:43:18Z</time>
      </trkpt>
      <trkpt lat="46.370112" lon="6.228103">
        <ele>389.2</ele>
        <time>2026-08-18T05:43:19Z</time>
      </trkpt>
      <trkpt lat="46.370152" lon="6.228184">
        <ele>389.4</ele>
        <time>2026-08-18T05:43:20Z</time>
      </trkpt>
      <trkpt lat="46.370189" lon="6.228266">
        <ele>389.8</ele>
        <time>2026-08-18T05:43:21Z</time>
      </trkpt>
      <trkpt lat="46.370227" lon="6.228348">
        <ele>390.0</ele>
        <time>2026-08-18T05:43:22Z</time>
      </trkpt>
      <trkpt lat="46.370266" lon="6.228429">
        <ele>390.0</ele>
        <time>2026-08-18T05:43:23Z</time>
      </trkpt>
      <trkpt lat="46.370305" lon="6.228513">
        <ele>390.2</ele>
        <time>2026-08-18T05:43:24Z</time>
      </trkpt>
      <trkpt lat="46.370348" lon="6.228594">
        <ele>390.4</ele>
        <time>2026-08-18T05:43:25Z</time>
      </trkpt>
      <trkpt lat="46.370388" lon="6.228677">
        <ele>390.6</ele>
        <time>2026-08-18T05:43:26Z</time>
      </trkpt>
      <trkpt lat="46.370431" lon="6.228755">
        <ele>390.6</ele>
        <time>2026-08-18T05:43:27Z</time>
      </trkpt>
      <trkpt lat="46.370476" lon="6.228831">
        <ele>390.6</ele>
        <time>2026-08-18T05:43:28Z</time>
      </trkpt>
      <trkpt lat="46.370519" lon="6.22891">
        <ele>390.8</ele>
        <time>2026-08-18T05:43:29Z</time>
      </trkpt>
      <trkpt lat="46.370559" lon="6.228987">
        <ele>391.0</ele>
        <time>2026-08-18T05:43:30Z</time>
      </trkpt>
      <trkpt lat="46.370605" lon="6.22906">
        <ele>391.0</ele>
        <time>2026-08-18T05:43:31Z</time>
      </trkpt>
      <trkpt lat="46.370649" lon="6.229138">
        <ele>391.0</ele>
        <time>2026-08-18T05:43:32Z</time>
      </trkpt>
      <trkpt lat="46.370695" lon="6.229213">
        <ele>391.2</ele>
        <time>2026-08-18T05:43:33Z</time>
      </trkpt>
      <trkpt lat="46.37074" lon="6.229287">
        <ele>391.2</ele>
        <time>2026-08-18T05:43:34Z</time>
      </trkpt>
      <trkpt lat="46.370786" lon="6.229359">
        <ele>391.2</ele>
        <time>2026-08-18T05:43:35Z</time>
      </trkpt>
      <trkpt lat="46.370831" lon="6.229431">
        <ele>391.4</ele>
        <time>2026-08-18T05:43:36Z</time>
      </trkpt>
      <trkpt lat="46.370875" lon="6.229505">
        <ele>391.6</ele>
        <time>2026-08-18T05:43:37Z</time>
      </trkpt>
      <trkpt lat="46.370918" lon="6.229578">
        <ele>391.8</ele>
        <time>2026-08-18T05:43:38Z</time>
      </trkpt>
      <trkpt lat="46.370963" lon="6.229652">
        <ele>392.0</ele>
        <time>2026-08-18T05:43:39Z</time>
      </trkpt>
      <trkpt lat="46.37101" lon="6.229725">
        <ele>392.2</ele>
        <time>2026-08-18T05:43:40Z</time>
      </trkpt>
      <trkpt lat="46.371056" lon="6.229797">
        <ele>392.4</ele>
        <time>2026-08-18T05:43:41Z</time>
      </trkpt>
      <trkpt lat="46.371104" lon="6.22987">
        <ele>392.4</ele>
        <time>2026-08-18T05:43:42Z</time>
      </trkpt>
      <trkpt lat="46.371153" lon="6.229942">
        <ele>392.8</ele>
        <time>2026-08-18T05:43:43Z</time>
      </trkpt>
      <trkpt lat="46.371202" lon="6.230009">
        <ele>392.8</ele>
        <time>2026-08-18T05:43:44Z</time>
      </trkpt>
      <trkpt lat="46.371252" lon="6.230077">
        <ele>392.8</ele>
        <time>2026-08-18T05:43:45Z</time>
      </trkpt>
      <trkpt lat="46.371304" lon="6.230146">
        <ele>392.8</ele>
        <time>2026-08-18T05:43:46Z</time>
      </trkpt>
      <trkpt lat="46.371357" lon="6.230217">
        <ele>393.0</ele>
        <time>2026-08-18T05:43:47Z</time>
      </trkpt>
      <trkpt lat="46.37141" lon="6.230289">
        <ele>393.0</ele>
        <time>2026-08-18T05:43:48Z</time>
      </trkpt>
      <trkpt lat="46.371465" lon="6.230359">
        <ele>393.2</ele>
        <time>2026-08-18T05:43:49Z</time>
      </trkpt>
      <trkpt lat="46.371521" lon="6.230431">
        <ele>393.0</ele>
        <time>2026-08-18T05:43:50Z</time>
      </trkpt>
      <trkpt lat="46.37158" lon="6.230502">
        <ele>393.2</ele>
        <time>2026-08-18T05:43:51Z</time>
      </trkpt>
      <trkpt lat="46.37164" lon="6.230571">
        <ele>393.2</ele>
        <time>2026-08-18T05:43:52Z</time>
      </trkpt>
      <trkpt lat="46.3717" lon="6.230639">
        <ele>393.0</ele>
        <time>2026-08-18T05:43:53Z</time>
      </trkpt>
      <trkpt lat="46.37176" lon="6.230706">
        <ele>393.2</ele>
        <time>2026-08-18T05:43:54Z</time>
      </trkpt>
      <trkpt lat="46.37182" lon="6.230775">
        <ele>393.0</ele>
        <time>2026-08-18T05:43:55Z</time>
      </trkpt>
      <trkpt lat="46.37188" lon="6.230847">
        <ele>392.8</ele>
        <time>2026-08-18T05:43:56Z</time>
      </trkpt>
      <trkpt lat="46.371943" lon="6.230916">
        <ele>392.8</ele>
        <time>2026-08-18T05:43:57Z</time>
      </trkpt>
      <trkpt lat="46.372013" lon="6.230989">
        <ele>392.6</ele>
        <time>2026-08-18T05:43:58Z</time>
      </trkpt>
      <trkpt lat="46.372079" lon="6.231061">
        <ele>392.2</ele>
        <time>2026-08-18T05:43:59Z</time>
      </trkpt>
      <trkpt lat="46.372143" lon="6.231139">
        <ele>392.0</ele>
        <time>2026-08-18T05:44:00Z</time>
      </trkpt>
      <trkpt lat="46.372206" lon="6.231212">
        <ele>392.0</ele>
        <time>2026-08-18T05:44:01Z</time>
      </trkpt>
      <trkpt lat="46.372273" lon="6.231288">
        <ele>391.8</ele>
        <time>2026-08-18T05:44:02Z</time>
      </trkpt>
      <trkpt lat="46.372344" lon="6.231366">
        <ele>391.4</ele>
        <time>2026-08-18T05:44:03Z</time>
      </trkpt>
      <trkpt lat="46.372415" lon="6.231445">
        <ele>391.2</ele>
        <time>2026-08-18T05:44:04Z</time>
      </trkpt>
      <trkpt lat="46.372489" lon="6.231525">
        <ele>391.0</ele>
        <time>2026-08-18T05:44:05Z</time>
      </trkpt>
      <trkpt lat="46.372564" lon="6.231607">
        <ele>390.8</ele>
        <time>2026-08-18T05:44:06Z</time>
      </trkpt>
      <trkpt lat="46.372643" lon="6.23169">
        <ele>390.4</ele>
        <time>2026-08-18T05:44:07Z</time>
      </trkpt>
      <trkpt lat="46.372721" lon="6.231775">
        <ele>390.2</ele>
        <time>2026-08-18T05:44:08Z</time>
      </trkpt>
      <trkpt lat="46.372801" lon="6.231858">
        <ele>389.8</ele>
        <time>2026-08-18T05:44:09Z</time>
      </trkpt>
      <trkpt lat="46.372879" lon="6.231944">
        <ele>389.2</ele>
        <time>2026-08-18T05:44:10Z</time>
      </trkpt>
      <trkpt lat="46.372958" lon="6.23203">
        <ele>388.8</ele>
        <time>2026-08-18T05:44:11Z</time>
      </trkpt>
      <trkpt lat="46.37304" lon="6.232124">
        <ele>388.2</ele>
        <time>2026-08-18T05:44:12Z</time>
      </trkpt>
      <trkpt lat="46.373123" lon="6.232215">
        <ele>387.6</ele>
        <time>2026-08-18T05:44:13Z</time>
      </trkpt>
      <trkpt lat="46.373209" lon="6.232308">
        <ele>387.2</ele>
        <time>2026-08-18T05:44:14Z</time>
      </trkpt>
      <trkpt lat="46.373298" lon="6.232405">
        <ele>386.6</ele>
        <time>2026-08-18T05:44:15Z</time>
      </trkpt>
      <trkpt lat="46.37339" lon="6.232498">
        <ele>386.0</ele>
        <time>2026-08-18T05:44:16Z</time>
      </trkpt>
      <trkpt lat="46.373477" lon="6.232595">
        <ele>385.4</ele>
        <time>2026-08-18T05:44:17Z</time>
      </trkpt>
      <trkpt lat="46.373567" lon="6.232687">
        <ele>385.0</ele>
        <time>2026-08-18T05:44:18Z</time>
      </trkpt>
      <trkpt lat="46.373659" lon="6.232779">
        <ele>384.2</ele>
        <time>2026-08-18T05:44:19Z</time>
      </trkpt>
      <trkpt lat="46.373754" lon="6.232868">
        <ele>383.6</ele>
        <time>2026-08-18T05:44:20Z</time>
      </trkpt>
      <trkpt lat="46.373851" lon="6.232951">
        <ele>383.0</ele>
        <time>2026-08-18T05:44:21Z</time>
      </trkpt>
      <trkpt lat="46.373943" lon="6.233025">
        <ele>382.6</ele>
        <time>2026-08-18T05:44:22Z</time>
      </trkpt>
      <trkpt lat="46.374038" lon="6.233092">
        <ele>382.2</ele>
        <time>2026-08-18T05:44:23Z</time>
      </trkpt>
      <trkpt lat="46.374129" lon="6.233162">
        <ele>382.0</ele>
        <time>2026-08-18T05:44:24Z</time>
      </trkpt>
      <trkpt lat="46.374223" lon="6.233224">
        <ele>382.0</ele>
        <time>2026-08-18T05:44:25Z</time>
      </trkpt>
      <trkpt lat="46.374312" lon="6.233292">
        <ele>381.8</ele>
        <time>2026-08-18T05:44:26Z</time>
      </trkpt>
      <trkpt lat="46.374398" lon="6.233359">
        <ele>381.8</ele>
        <time>2026-08-18T05:44:27Z</time>
      </trkpt>
      <trkpt lat="46.374485" lon="6.233426">
        <ele>381.8</ele>
        <time>2026-08-18T05:44:28Z</time>
      </trkpt>
      <trkpt lat="46.374568" lon="6.233486">
        <ele>381.8</ele>
        <time>2026-08-18T05:44:29Z</time>
      </trkpt>
      <trkpt lat="46.374648" lon="6.233555">
        <ele>382.0</ele>
        <time>2026-08-18T05:44:30Z</time>
      </trkpt>
      <trkpt lat="46.374731" lon="6.233621">
        <ele>382.0</ele>
        <time>2026-08-18T05:44:31Z</time>
      </trkpt>
      <trkpt lat="46.374813" lon="6.233685">
        <ele>382.0</ele>
        <time>2026-08-18T05:44:32Z</time>
      </trkpt>
      <trkpt lat="46.374896" lon="6.233751">
        <ele>382.0</ele>
        <time>2026-08-18T05:44:33Z</time>
      </trkpt>
      <trkpt lat="46.374981" lon="6.233817">
        <ele>382.2</ele>
        <time>2026-08-18T05:44:34Z</time>
      </trkpt>
      <trkpt lat="46.375063" lon="6.233882">
        <ele>382.2</ele>
        <time>2026-08-18T05:44:35Z</time>
      </trkpt>
      <trkpt lat="46.375147" lon="6.233943">
        <ele>382.4</ele>
        <time>2026-08-18T05:44:36Z</time>
      </trkpt>
      <trkpt lat="46.375228" lon="6.234006">
        <ele>382.4</ele>
        <time>2026-08-18T05:44:37Z</time>
      </trkpt>
      <trkpt lat="46.375309" lon="6.234069">
        <ele>382.4</ele>
        <time>2026-08-18T05:44:38Z</time>
      </trkpt>
      <trkpt lat="46.37539" lon="6.23413">
        <ele>382.4</ele>
        <time>2026-08-18T05:44:39Z</time>
      </trkpt>
      <trkpt lat="46.375467" lon="6.234189">
        <ele>382.4</ele>
        <time>2026-08-18T05:44:40Z</time>
      </trkpt>
      <trkpt lat="46.375545" lon="6.234252">
        <ele>382.2</ele>
        <time>2026-08-18T05:44:41Z</time>
      </trkpt>
      <trkpt lat="46.375627" lon="6.234316">
        <ele>382.2</ele>
        <time>2026-08-18T05:44:42Z</time>
      </trkpt>
      <trkpt lat="46.375705" lon="6.234382">
        <ele>382.4</ele>
        <time>2026-08-18T05:44:43Z</time>
      </trkpt>
      <trkpt lat="46.375785" lon="6.234448">
        <ele>382.2</ele>
        <time>2026-08-18T05:44:44Z</time>
      </trkpt>
      <trkpt lat="46.375866" lon="6.234512">
        <ele>382.2</ele>
        <time>2026-08-18T05:44:45Z</time>
      </trkpt>
      <trkpt lat="46.375949" lon="6.234576">
        <ele>382.4</ele>
        <time>2026-08-18T05:44:46Z</time>
      </trkpt>
      <trkpt lat="46.376033" lon="6.234638">
        <ele>382.4</ele>
        <time>2026-08-18T05:44:47Z</time>
      </trkpt>
      <trkpt lat="46.376115" lon="6.234701">
        <ele>382.4</ele>
        <time>2026-08-18T05:44:48Z</time>
      </trkpt>
      <trkpt lat="46.376199" lon="6.234765">
        <ele>382.4</ele>
        <time>2026-08-18T05:44:49Z</time>
      </trkpt>
      <trkpt lat="46.37628" lon="6.234831">
        <ele>382.4</ele>
        <time>2026-08-18T05:44:50Z</time>
      </trkpt>
      <trkpt lat="46.376364" lon="6.234896">
        <ele>382.2</ele>
        <time>2026-08-18T05:44:51Z</time>
      </trkpt>
      <trkpt lat="46.376449" lon="6.234958">
        <ele>382.2</ele>
        <time>2026-08-18T05:44:52Z</time>
      </trkpt>
      <trkpt lat="46.376532" lon="6.235026">
        <ele>381.8</ele>
        <time>2026-08-18T05:44:53Z</time>
      </trkpt>
      <trkpt lat="46.376613" lon="6.235102">
        <ele>381.8</ele>
        <time>2026-08-18T05:44:54Z</time>
      </trkpt>
      <trkpt lat="46.376691" lon="6.235185">
        <ele>381.6</ele>
        <time>2026-08-18T05:44:55Z</time>
      </trkpt>
      <trkpt lat="46.376766" lon="6.235276">
        <ele>381.4</ele>
        <time>2026-08-18T05:44:56Z</time>
      </trkpt>
      <trkpt lat="46.376838" lon="6.235371">
        <ele>381.2</ele>
        <time>2026-08-18T05:44:57Z</time>
      </trkpt>
      <trkpt lat="46.376906" lon="6.235473">
        <ele>381.0</ele>
        <time>2026-08-18T05:44:58Z</time>
      </trkpt>
      <trkpt lat="46.376967" lon="6.23558">
        <ele>380.8</ele>
        <time>2026-08-18T05:44:59Z</time>
      </trkpt>
      <trkpt lat="46.377023" lon="6.235694">
        <ele>380.6</ele>
        <time>2026-08-18T05:45:00Z</time>
      </trkpt>
      <trkpt lat="46.37708" lon="6.235806">
        <ele>380.6</ele>
        <time>2026-08-18T05:45:01Z</time>
      </trkpt>
      <trkpt lat="46.377135" lon="6.235921">
        <ele>380.4</ele>
        <time>2026-08-18T05:45:02Z</time>
      </trkpt>
      <trkpt lat="46.377191" lon="6.236035">
        <ele>380.2</ele>
        <time>2026-08-18T05:45:03Z</time>
      </trkpt>
      <trkpt lat="46.377245" lon="6.236149">
        <ele>380.0</ele>
        <time>2026-08-18T05:45:04Z</time>
      </trkpt>
      <trkpt lat="46.377297" lon="6.236262">
        <ele>380.0</ele>
        <time>2026-08-18T05:45:05Z</time>
      </trkpt>
      <trkpt lat="46.377352" lon="6.236378">
        <ele>379.8</ele>
        <time>2026-08-18T05:45:06Z</time>
      </trkpt>
      <trkpt lat="46.37741" lon="6.236492">
        <ele>379.6</ele>
        <time>2026-08-18T05:45:07Z</time>
      </trkpt>
      <trkpt lat="46.377465" lon="6.236607">
        <ele>379.4</ele>
        <time>2026-08-18T05:45:08Z</time>
      </trkpt>
      <trkpt lat="46.37752" lon="6.236723">
        <ele>379.4</ele>
        <time>2026-08-18T05:45:09Z</time>
      </trkpt>
      <trkpt lat="46.377572" lon="6.236835">
        <ele>379.2</ele>
        <time>2026-08-18T05:45:10Z</time>
      </trkpt>
      <trkpt lat="46.377627" lon="6.236946">
        <ele>379.2</ele>
        <time>2026-08-18T05:45:11Z</time>
      </trkpt>
      <trkpt lat="46.377682" lon="6.23706">
        <ele>379.0</ele>
        <time>2026-08-18T05:45:12Z</time>
      </trkpt>
      <trkpt lat="46.377736" lon="6.237174">
        <ele>379.0</ele>
        <time>2026-08-18T05:45:13Z</time>
      </trkpt>
      <trkpt lat="46.377787" lon="6.237287">
        <ele>378.8</ele>
        <time>2026-08-18T05:45:14Z</time>
      </trkpt>
      <trkpt lat="46.377842" lon="6.237399">
        <ele>378.8</ele>
        <time>2026-08-18T05:45:15Z</time>
      </trkpt>
      <trkpt lat="46.377894" lon="6.237507">
        <ele>378.6</ele>
        <time>2026-08-18T05:45:16Z</time>
      </trkpt>
      <trkpt lat="46.37795" lon="6.237614">
        <ele>378.6</ele>
        <time>2026-08-18T05:45:17Z</time>
      </trkpt>
      <trkpt lat="46.378005" lon="6.237718">
        <ele>378.4</ele>
        <time>2026-08-18T05:45:18Z</time>
      </trkpt>
      <trkpt lat="46.378063" lon="6.237812">
        <ele>378.2</ele>
        <time>2026-08-18T05:45:19Z</time>
      </trkpt>
      <trkpt lat="46.378114" lon="6.237906">
        <ele>378.2</ele>
        <time>2026-08-18T05:45:20Z</time>
      </trkpt>
      <trkpt lat="46.378154" lon="6.237997">
        <ele>378.2</ele>
        <time>2026-08-18T05:45:21Z</time>
      </trkpt>
      <trkpt lat="46.378181" lon="6.238091">
        <ele>378.2</ele>
        <time>2026-08-18T05:45:22Z</time>
      </trkpt>
      <trkpt lat="46.378209" lon="6.238184">
        <ele>378.2</ele>
        <time>2026-08-18T05:45:23Z</time>
      </trkpt>
      <trkpt lat="46.378252" lon="6.23826">
        <ele>378.2</ele>
        <time>2026-08-18T05:45:24Z</time>
      </trkpt>
      <trkpt lat="46.378308" lon="6.23831">
        <ele>378.4</ele>
        <time>2026-08-18T05:45:25Z</time>
      </trkpt>
      <trkpt lat="46.378365" lon="6.238313">
        <ele>378.4</ele>
        <time>2026-08-18T05:45:26Z</time>
      </trkpt>
      <trkpt lat="46.37841" lon="6.238268">
        <ele>378.4</ele>
        <time>2026-08-18T05:45:27Z</time>
      </trkpt>
      <trkpt lat="46.378428" lon="6.2382">
        <ele>378.6</ele>
        <time>2026-08-18T05:45:28Z</time>
      </trkpt>
      <trkpt lat="46.378419" lon="6.238134">
        <ele>378.6</ele>
        <time>2026-08-18T05:45:29Z</time>
      </trkpt>
      <trkpt lat="46.37839" lon="6.238066">
        <ele>378.6</ele>
        <time>2026-08-18T05:45:30Z</time>
      </trkpt>
      <trkpt lat="46.378347" lon="6.238015">
        <ele>378.6</ele>
        <time>2026-08-18T05:45:31Z</time>
      </trkpt>
      <trkpt lat="46.378297" lon="6.237958">
        <ele>378.6</ele>
        <time>2026-08-18T05:45:32Z</time>
      </trkpt>
      <trkpt lat="46.378241" lon="6.237901">
        <ele>378.6</ele>
        <time>2026-08-18T05:45:33Z</time>
      </trkpt>
      <trkpt lat="46.378183" lon="6.237841">
        <ele>378.6</ele>
        <time>2026-08-18T05:45:34Z</time>
      </trkpt>
      <trkpt lat="46.378135" lon="6.237776">
        <ele>378.6</ele>
        <time>2026-08-18T05:45:35Z</time>
      </trkpt>
      <trkpt lat="46.378094" lon="6.237708">
        <ele>378.6</ele>
        <time>2026-08-18T05:45:36Z</time>
      </trkpt>
      <trkpt lat="46.378051" lon="6.237647">
        <ele>378.6</ele>
        <time>2026-08-18T05:45:37Z</time>
      </trkpt>
      <trkpt lat="46.37801" lon="6.23758">
        <ele>378.6</ele>
        <time>2026-08-18T05:45:38Z</time>
      </trkpt>
      <trkpt lat="46.37797" lon="6.237508">
        <ele>378.6</ele>
        <time>2026-08-18T05:45:39Z</time>
      </trkpt>
      <trkpt lat="46.37793" lon="6.237434">
        <ele>378.8</ele>
        <time>2026-08-18T05:45:40Z</time>
      </trkpt>
      <trkpt lat="46.377893" lon="6.237358">
        <ele>378.8</ele>
        <time>2026-08-18T05:45:41Z</time>
      </trkpt>
      <trkpt lat="46.377859" lon="6.237278">
        <ele>378.8</ele>
        <time>2026-08-18T05:45:42Z</time>
      </trkpt>
      <trkpt lat="46.377825" lon="6.237199">
        <ele>379.0</ele>
        <time>2026-08-18T05:45:43Z</time>
      </trkpt>
      <trkpt lat="46.377789" lon="6.237119">
        <ele>379.0</ele>
        <time>2026-08-18T05:45:44Z</time>
      </trkpt>
      <trkpt lat="46.377752" lon="6.237042">
        <ele>379.0</ele>
        <time>2026-08-18T05:45:45Z</time>
      </trkpt>
      <trkpt lat="46.377712" lon="6.236965">
        <ele>379.2</ele>
        <time>2026-08-18T05:45:46Z</time>
      </trkpt>
      <trkpt lat="46.377676" lon="6.236883">
        <ele>379.2</ele>
        <time>2026-08-18T05:45:47Z</time>
      </trkpt>
      <trkpt lat="46.37764" lon="6.2368">
        <ele>379.2</ele>
        <time>2026-08-18T05:45:48Z</time>
      </trkpt>
      <trkpt lat="46.3776" lon="6.236719">
        <ele>379.4</ele>
        <time>2026-08-18T05:45:49Z</time>
      </trkpt>
      <trkpt lat="46.37756" lon="6.236638">
        <ele>379.4</ele>
        <time>2026-08-18T05:45:50Z</time>
      </trkpt>
      <trkpt lat="46.377521" lon="6.236558">
        <ele>379.6</ele>
        <time>2026-08-18T05:45:51Z</time>
      </trkpt>
      <trkpt lat="46.377485" lon="6.236475">
        <ele>379.8</ele>
        <time>2026-08-18T05:45:52Z</time>
      </trkpt>
      <trkpt lat="46.377449" lon="6.236391">
        <ele>379.8</ele>
        <time>2026-08-18T05:45:53Z</time>
      </trkpt>
      <trkpt lat="46.37741" lon="6.236309">
        <ele>380.0</ele>
        <time>2026-08-18T05:45:54Z</time>
      </trkpt>
      <trkpt lat="46.377371" lon="6.236228">
        <ele>380.2</ele>
        <time>2026-08-18T05:45:55Z</time>
      </trkpt>
      <trkpt lat="46.377333" lon="6.236143">
        <ele>380.0</ele>
        <time>2026-08-18T05:45:56Z</time>
      </trkpt>
      <trkpt lat="46.377294" lon="6.236063">
        <ele>380.2</ele>
        <time>2026-08-18T05:45:57Z</time>
      </trkpt>
      <trkpt lat="46.377254" lon="6.235985">
        <ele>380.4</ele>
        <time>2026-08-18T05:45:58Z</time>
      </trkpt>
      <trkpt lat="46.377215" lon="6.23591">
        <ele>380.4</ele>
        <time>2026-08-18T05:45:59Z</time>
      </trkpt>
      <trkpt lat="46.377175" lon="6.235829">
        <ele>380.4</ele>
        <time>2026-08-18T05:46:00Z</time>
      </trkpt>
      <trkpt lat="46.377135" lon="6.23575">
        <ele>380.6</ele>
        <time>2026-08-18T05:46:01Z</time>
      </trkpt>
      <trkpt lat="46.377096" lon="6.235671">
        <ele>380.6</ele>
        <time>2026-08-18T05:46:02Z</time>
      </trkpt>
      <trkpt lat="46.377056" lon="6.235595">
        <ele>380.6</ele>
        <time>2026-08-18T05:46:03Z</time>
      </trkpt>
      <trkpt lat="46.377015" lon="6.235522">
        <ele>380.8</ele>
        <time>2026-08-18T05:46:04Z</time>
      </trkpt>
      <trkpt lat="46.37697" lon="6.235449">
        <ele>380.8</ele>
        <time>2026-08-18T05:46:05Z</time>
      </trkpt>
      <trkpt lat="46.376931" lon="6.235372">
        <ele>380.8</ele>
        <time>2026-08-18T05:46:06Z</time>
      </trkpt>
      <trkpt lat="46.376886" lon="6.235299">
        <ele>381.0</ele>
        <time>2026-08-18T05:46:07Z</time>
      </trkpt>
      <trkpt lat="46.376835" lon="6.235235">
        <ele>381.2</ele>
        <time>2026-08-18T05:46:08Z</time>
      </trkpt>
      <trkpt lat="46.376783" lon="6.235175">
        <ele>381.2</ele>
        <time>2026-08-18T05:46:09Z</time>
      </trkpt>
      <trkpt lat="46.37673" lon="6.235113">
        <ele>381.4</ele>
        <time>2026-08-18T05:46:10Z</time>
      </trkpt>
      <trkpt lat="46.376679" lon="6.235053">
        <ele>381.6</ele>
        <time>2026-08-18T05:46:11Z</time>
      </trkpt>
      <trkpt lat="46.376626" lon="6.234996">
        <ele>381.6</ele>
        <time>2026-08-18T05:46:12Z</time>
      </trkpt>
      <trkpt lat="46.376568" lon="6.234943">
        <ele>381.8</ele>
        <time>2026-08-18T05:46:13Z</time>
      </trkpt>
      <trkpt lat="46.37651" lon="6.234897">
        <ele>381.8</ele>
        <time>2026-08-18T05:46:14Z</time>
      </trkpt>
      <trkpt lat="46.376453" lon="6.234847">
        <ele>381.8</ele>
        <time>2026-08-18T05:46:15Z</time>
      </trkpt>
      <trkpt lat="46.376394" lon="6.234798">
        <ele>382.0</ele>
        <time>2026-08-18T05:46:16Z</time>
      </trkpt>
      <trkpt lat="46.376334" lon="6.234754">
        <ele>382.0</ele>
        <time>2026-08-18T05:46:17Z</time>
      </trkpt>
      <trkpt lat="46.376272" lon="6.234707">
        <ele>382.2</ele>
        <time>2026-08-18T05:46:18Z</time>
      </trkpt>
      <trkpt lat="46.376209" lon="6.234659">
        <ele>382.4</ele>
        <time>2026-08-18T05:46:19Z</time>
      </trkpt>
      <trkpt lat="46.376147" lon="6.234612">
        <ele>382.4</ele>
        <time>2026-08-18T05:46:20Z</time>
      </trkpt>
      <trkpt lat="46.376084" lon="6.234564">
        <ele>382.4</ele>
        <time>2026-08-18T05:46:21Z</time>
      </trkpt>
      <trkpt lat="46.376023" lon="6.234515">
        <ele>382.6</ele>
        <time>2026-08-18T05:46:22Z</time>
      </trkpt>
      <trkpt lat="46.375959" lon="6.234469">
        <ele>382.6</ele>
        <time>2026-08-18T05:46:23Z</time>
      </trkpt>
      <trkpt lat="46.375896" lon="6.234423">
        <ele>382.6</ele>
        <time>2026-08-18T05:46:24Z</time>
      </trkpt>
      <trkpt lat="46.375832" lon="6.234372">
        <ele>382.8</ele>
        <time>2026-08-18T05:46:25Z</time>
      </trkpt>
      <trkpt lat="46.37577" lon="6.234322">
        <ele>382.8</ele>
        <time>2026-08-18T05:46:26Z</time>
      </trkpt>
      <trkpt lat="46.375708" lon="6.234273">
        <ele>382.8</ele>
        <time>2026-08-18T05:46:27Z</time>
      </trkpt>
      <trkpt lat="46.375646" lon="6.234223">
        <ele>382.8</ele>
        <time>2026-08-18T05:46:28Z</time>
      </trkpt>
      <trkpt lat="46.375582" lon="6.234173">
        <ele>382.8</ele>
        <time>2026-08-18T05:46:29Z</time>
      </trkpt>
      <trkpt lat="46.375516" lon="6.234124">
        <ele>382.8</ele>
        <time>2026-08-18T05:46:30Z</time>
      </trkpt>
      <trkpt lat="46.375451" lon="6.234073">
        <ele>383.0</ele>
        <time>2026-08-18T05:46:31Z</time>
      </trkpt>
      <trkpt lat="46.375386" lon="6.234022">
        <ele>382.8</ele>
        <time>2026-08-18T05:46:32Z</time>
      </trkpt>
      <trkpt lat="46.375323" lon="6.233971">
        <ele>382.8</ele>
        <time>2026-08-18T05:46:33Z</time>
      </trkpt>
      <trkpt lat="46.375255" lon="6.233923">
        <ele>383.0</ele>
        <time>2026-08-18T05:46:34Z</time>
      </trkpt>
      <trkpt lat="46.375188" lon="6.233872">
        <ele>382.8</ele>
        <time>2026-08-18T05:46:35Z</time>
      </trkpt>
      <trkpt lat="46.375123" lon="6.233821">
        <ele>382.8</ele>
        <time>2026-08-18T05:46:36Z</time>
      </trkpt>
      <trkpt lat="46.375054" lon="6.233772">
        <ele>383.0</ele>
        <time>2026-08-18T05:46:37Z</time>
      </trkpt>
      <trkpt lat="46.374987" lon="6.233721">
        <ele>382.8</ele>
        <time>2026-08-18T05:46:38Z</time>
      </trkpt>
      <trkpt lat="46.374921" lon="6.233667">
        <ele>382.8</ele>
        <time>2026-08-18T05:46:39Z</time>
      </trkpt>
      <trkpt lat="46.374853" lon="6.233614">
        <ele>382.8</ele>
        <time>2026-08-18T05:46:40Z</time>
      </trkpt>
      <trkpt lat="46.374791" lon="6.233551">
        <ele>382.8</ele>
        <time>2026-08-18T05:46:41Z</time>
      </trkpt>
      <trkpt lat="46.374732" lon="6.233487">
        <ele>382.6</ele>
        <time>2026-08-18T05:46:42Z</time>
      </trkpt>
      <trkpt lat="46.374668" lon="6.233437">
        <ele>382.8</ele>
        <time>2026-08-18T05:46:43Z</time>
      </trkpt>
      <trkpt lat="46.374608" lon="6.233384">
        <ele>383.0</ele>
        <time>2026-08-18T05:46:44Z</time>
      </trkpt>
      <trkpt lat="46.374546" lon="6.233334">
        <ele>383.0</ele>
        <time>2026-08-18T05:46:45Z</time>
      </trkpt>
      <trkpt lat="46.374482" lon="6.233284">
        <ele>383.2</ele>
        <time>2026-08-18T05:46:46Z</time>
      </trkpt>
      <trkpt lat="46.374413" lon="6.23324">
        <ele>383.4</ele>
        <time>2026-08-18T05:46:47Z</time>
      </trkpt>
      <trkpt lat="46.374348" lon="6.23319">
        <ele>383.4</ele>
        <time>2026-08-18T05:46:48Z</time>
      </trkpt>
      <trkpt lat="46.374285" lon="6.23314">
        <ele>383.4</ele>
        <time>2026-08-18T05:46:49Z</time>
      </trkpt>
      <trkpt lat="46.374219" lon="6.233089">
        <ele>383.6</ele>
        <time>2026-08-18T05:46:50Z</time>
      </trkpt>
      <trkpt lat="46.374154" lon="6.233039">
        <ele>383.4</ele>
        <time>2026-08-18T05:46:51Z</time>
      </trkpt>
      <trkpt lat="46.374085" lon="6.232987">
        <ele>383.4</ele>
        <time>2026-08-18T05:46:52Z</time>
      </trkpt>
      <trkpt lat="46.374015" lon="6.232933">
        <ele>383.4</ele>
        <time>2026-08-18T05:46:53Z</time>
      </trkpt>
      <trkpt lat="46.373947" lon="6.23288">
        <ele>383.4</ele>
        <time>2026-08-18T05:46:54Z</time>
      </trkpt>
      <trkpt lat="46.37388" lon="6.232824">
        <ele>383.4</ele>
        <time>2026-08-18T05:46:55Z</time>
      </trkpt>
      <trkpt lat="46.373821" lon="6.232761">
        <ele>383.6</ele>
        <time>2026-08-18T05:46:56Z</time>
      </trkpt>
      <trkpt lat="46.373759" lon="6.232703">
        <ele>383.8</ele>
        <time>2026-08-18T05:46:57Z</time>
      </trkpt>
      <trkpt lat="46.373697" lon="6.232643">
        <ele>384.0</ele>
        <time>2026-08-18T05:46:58Z</time>
      </trkpt>
      <trkpt lat="46.373639" lon="6.232584">
        <ele>384.2</ele>
        <time>2026-08-18T05:46:59Z</time>
      </trkpt>
      <trkpt lat="46.373581" lon="6.232524">
        <ele>384.4</ele>
        <time>2026-08-18T05:47:00Z</time>
      </trkpt>
      <trkpt lat="46.373525" lon="6.232466">
        <ele>384.4</ele>
        <time>2026-08-18T05:47:01Z</time>
      </trkpt>
      <trkpt lat="46.373471" lon="6.232414">
        <ele>384.6</ele>
        <time>2026-08-18T05:47:02Z</time>
      </trkpt>
      <trkpt lat="46.373418" lon="6.232362">
        <ele>385.0</ele>
        <time>2026-08-18T05:47:03Z</time>
      </trkpt>
      <trkpt lat="46.373366" lon="6.232307">
        <ele>385.4</ele>
        <time>2026-08-18T05:47:04Z</time>
      </trkpt>
      <trkpt lat="46.373315" lon="6.232253">
        <ele>385.6</ele>
        <time>2026-08-18T05:47:05Z</time>
      </trkpt>
      <trkpt lat="46.373266" lon="6.232201">
        <ele>386.0</ele>
        <time>2026-08-18T05:47:06Z</time>
      </trkpt>
      <trkpt lat="46.37322" lon="6.23215">
        <ele>386.4</ele>
        <time>2026-08-18T05:47:07Z</time>
      </trkpt>
      <trkpt lat="46.373174" lon="6.232099">
        <ele>386.6</ele>
        <time>2026-08-18T05:47:08Z</time>
      </trkpt>
      <trkpt lat="46.373128" lon="6.232052">
        <ele>387.0</ele>
        <time>2026-08-18T05:47:09Z</time>
      </trkpt>
      <trkpt lat="46.373086" lon="6.232001">
        <ele>387.2</ele>
        <time>2026-08-18T05:47:10Z</time>
      </trkpt>
      <trkpt lat="46.373043" lon="6.231948">
        <ele>387.6</ele>
        <time>2026-08-18T05:47:11Z</time>
      </trkpt>
      <trkpt lat="46.372998" lon="6.231897">
        <ele>387.8</ele>
        <time>2026-08-18T05:47:12Z</time>
      </trkpt>
      <trkpt lat="46.372956" lon="6.231843">
        <ele>388.0</ele>
        <time>2026-08-18T05:47:13Z</time>
      </trkpt>
      <trkpt lat="46.372922" lon="6.231782">
        <ele>388.2</ele>
        <time>2026-08-18T05:47:14Z</time>
      </trkpt>
      <trkpt lat="46.372883" lon="6.231719">
        <ele>388.4</ele>
        <time>2026-08-18T05:47:15Z</time>
      </trkpt>
      <trkpt lat="46.372833" lon="6.23167">
        <ele>388.8</ele>
        <time>2026-08-18T05:47:16Z</time>
      </trkpt>
      <trkpt lat="46.372777" lon="6.231625">
        <ele>389.0</ele>
        <time>2026-08-18T05:47:17Z</time>
      </trkpt>
      <trkpt lat="46.372723" lon="6.231584">
        <ele>389.0</ele>
        <time>2026-08-18T05:47:18Z</time>
      </trkpt>
      <trkpt lat="46.372671" lon="6.231539">
        <ele>389.4</ele>
        <time>2026-08-18T05:47:19Z</time>
      </trkpt>
      <trkpt lat="46.372624" lon="6.23149">
        <ele>389.6</ele>
        <time>2026-08-18T05:47:20Z</time>
      </trkpt>
      <trkpt lat="46.372579" lon="6.231436">
        <ele>389.6</ele>
        <time>2026-08-18T05:47:21Z</time>
      </trkpt>
      <trkpt lat="46.372533" lon="6.231387">
        <ele>390.0</ele>
        <time>2026-08-18T05:47:22Z</time>
      </trkpt>
      <trkpt lat="46.372489" lon="6.231336">
        <ele>390.2</ele>
        <time>2026-08-18T05:47:23Z</time>
      </trkpt>
      <trkpt lat="46.372444" lon="6.231287">
        <ele>390.4</ele>
        <time>2026-08-18T05:47:24Z</time>
      </trkpt>
      <trkpt lat="46.3724" lon="6.231234">
        <ele>390.4</ele>
        <time>2026-08-18T05:47:25Z</time>
      </trkpt>
      <trkpt lat="46.372355" lon="6.231183">
        <ele>390.6</ele>
        <time>2026-08-18T05:47:26Z</time>
      </trkpt>
      <trkpt lat="46.372311" lon="6.231132">
        <ele>390.8</ele>
        <time>2026-08-18T05:47:27Z</time>
      </trkpt>
      <trkpt lat="46.372266" lon="6.231082">
        <ele>391.0</ele>
        <time>2026-08-18T05:47:28Z</time>
      </trkpt>
      <trkpt lat="46.372223" lon="6.231032">
        <ele>391.2</ele>
        <time>2026-08-18T05:47:29Z</time>
      </trkpt>
      <trkpt lat="46.372181" lon="6.230981">
        <ele>391.4</ele>
        <time>2026-08-18T05:47:30Z</time>
      </trkpt>
      <trkpt lat="46.372137" lon="6.230931">
        <ele>391.4</ele>
        <time>2026-08-18T05:47:31Z</time>
      </trkpt>
      <trkpt lat="46.372092" lon="6.230881">
        <ele>391.4</ele>
        <time>2026-08-18T05:47:32Z</time>
      </trkpt>
      <trkpt lat="46.372047" lon="6.230832">
        <ele>391.4</ele>
        <time>2026-08-18T05:47:33Z</time>
      </trkpt>
      <trkpt lat="46.372001" lon="6.230786">
        <ele>391.4</ele>
        <time>2026-08-18T05:47:34Z</time>
      </trkpt>
      <trkpt lat="46.371958" lon="6.230734">
        <ele>391.6</ele>
        <time>2026-08-18T05:47:35Z</time>
      </trkpt>
      <trkpt lat="46.371913" lon="6.230684">
        <ele>391.8</ele>
        <time>2026-08-18T05:47:36Z</time>
      </trkpt>
      <trkpt lat="46.371864" lon="6.230631">
        <ele>392.0</ele>
        <time>2026-08-18T05:47:37Z</time>
      </trkpt>
      <trkpt lat="46.37182" lon="6.230574">
        <ele>392.2</ele>
        <time>2026-08-18T05:47:38Z</time>
      </trkpt>
      <trkpt lat="46.371779" lon="6.230516">
        <ele>392.4</ele>
        <time>2026-08-18T05:47:39Z</time>
      </trkpt>
      <trkpt lat="46.371733" lon="6.230459">
        <ele>392.4</ele>
        <time>2026-08-18T05:47:40Z</time>
      </trkpt>
      <trkpt lat="46.371688" lon="6.230401">
        <ele>392.6</ele>
        <time>2026-08-18T05:47:41Z</time>
      </trkpt>
      <trkpt lat="46.371643" lon="6.230339">
        <ele>392.8</ele>
        <time>2026-08-18T05:47:42Z</time>
      </trkpt>
      <trkpt lat="46.371596" lon="6.23028">
        <ele>392.8</ele>
        <time>2026-08-18T05:47:43Z</time>
      </trkpt>
      <trkpt lat="46.371547" lon="6.230221">
        <ele>392.8</ele>
        <time>2026-08-18T05:47:44Z</time>
      </trkpt>
      <trkpt lat="46.371499" lon="6.23016">
        <ele>392.8</ele>
        <time>2026-08-18T05:47:45Z</time>
      </trkpt>
      <trkpt lat="46.371453" lon="6.230101">
        <ele>393.0</ele>
        <time>2026-08-18T05:47:46Z</time>
      </trkpt>
      <trkpt lat="46.371409" lon="6.230038">
        <ele>393.0</ele>
        <time>2026-08-18T05:47:47Z</time>
      </trkpt>
      <trkpt lat="46.371364" lon="6.229975">
        <ele>393.0</ele>
        <time>2026-08-18T05:47:48Z</time>
      </trkpt>
      <trkpt lat="46.371315" lon="6.229913">
        <ele>393.0</ele>
        <time>2026-08-18T05:47:49Z</time>
      </trkpt>
      <trkpt lat="46.371267" lon="6.229846">
        <ele>393.0</ele>
        <time>2026-08-18T05:47:50Z</time>
      </trkpt>
      <trkpt lat="46.371222" lon="6.229774">
        <ele>392.8</ele>
        <time>2026-08-18T05:47:51Z</time>
      </trkpt>
      <trkpt lat="46.371174" lon="6.229702">
        <ele>392.8</ele>
        <time>2026-08-18T05:47:52Z</time>
      </trkpt>
      <trkpt lat="46.371125" lon="6.229631">
        <ele>392.6</ele>
        <time>2026-08-18T05:47:53Z</time>
      </trkpt>
      <trkpt lat="46.371075" lon="6.229559">
        <ele>392.4</ele>
        <time>2026-08-18T05:47:54Z</time>
      </trkpt>
      <trkpt lat="46.371026" lon="6.229482">
        <ele>392.2</ele>
        <time>2026-08-18T05:47:55Z</time>
      </trkpt>
      <trkpt lat="46.370976" lon="6.229404">
        <ele>392.2</ele>
        <time>2026-08-18T05:47:56Z</time>
      </trkpt>
      <trkpt lat="46.370926" lon="6.229323">
        <ele>392.0</ele>
        <time>2026-08-18T05:47:57Z</time>
      </trkpt>
      <trkpt lat="46.370876" lon="6.229241">
        <ele>392.0</ele>
        <time>2026-08-18T05:47:58Z</time>
      </trkpt>
      <trkpt lat="46.370826" lon="6.229157">
        <ele>391.8</ele>
        <time>2026-08-18T05:47:59Z</time>
      </trkpt>
      <trkpt lat="46.370776" lon="6.22907">
        <ele>391.6</ele>
        <time>2026-08-18T05:48:00Z</time>
      </trkpt>
      <trkpt lat="46.370725" lon="6.228981">
        <ele>391.4</ele>
        <time>2026-08-18T05:48:01Z</time>
      </trkpt>
      <trkpt lat="46.370675" lon="6.228892">
        <ele>391.2</ele>
        <time>2026-08-18T05:48:02Z</time>
      </trkpt>
      <trkpt lat="46.370622" lon="6.228802">
        <ele>390.8</ele>
        <time>2026-08-18T05:48:03Z</time>
      </trkpt>
      <trkpt lat="46.370569" lon="6.228712">
        <ele>390.6</ele>
        <time>2026-08-18T05:48:04Z</time>
      </trkpt>
      <trkpt lat="46.370518" lon="6.22862">
        <ele>390.6</ele>
        <time>2026-08-18T05:48:05Z</time>
      </trkpt>
      <trkpt lat="46.370467" lon="6.228526">
        <ele>390.4</ele>
        <time>2026-08-18T05:48:06Z</time>
      </trkpt>
      <trkpt lat="46.370417" lon="6.22843">
        <ele>390.2</ele>
        <time>2026-08-18T05:48:07Z</time>
      </trkpt>
      <trkpt lat="46.370368" lon="6.228331">
        <ele>390.2</ele>
        <time>2026-08-18T05:48:08Z</time>
      </trkpt>
      <trkpt lat="46.370324" lon="6.22823">
        <ele>390.0</ele>
        <time>2026-08-18T05:48:09Z</time>
      </trkpt>
      <trkpt lat="46.37028" lon="6.228124">
        <ele>390.0</ele>
        <time>2026-08-18T05:48:10Z</time>
      </trkpt>
      <trkpt lat="46.37024" lon="6.228017">
        <ele>390.0</ele>
        <time>2026-08-18T05:48:11Z</time>
      </trkpt>
      <trkpt lat="46.370197" lon="6.227912">
        <ele>389.8</ele>
        <time>2026-08-18T05:48:12Z</time>
      </trkpt>
      <trkpt lat="46.37015" lon="6.227814">
        <ele>389.6</ele>
        <time>2026-08-18T05:48:13Z</time>
      </trkpt>
      <trkpt lat="46.370103" lon="6.227718">
        <ele>389.4</ele>
        <time>2026-08-18T05:48:14Z</time>
      </trkpt>
      <trkpt lat="46.370056" lon="6.227622">
        <ele>389.0</ele>
        <time>2026-08-18T05:48:15Z</time>
      </trkpt>
      <trkpt lat="46.370013" lon="6.227526">
        <ele>389.0</ele>
        <time>2026-08-18T05:48:16Z</time>
      </trkpt>
      <trkpt lat="46.36997" lon="6.227433">
        <ele>388.8</ele>
        <time>2026-08-18T05:48:17Z</time>
      </trkpt>
      <trkpt lat="46.369929" lon="6.227341">
        <ele>388.8</ele>
        <time>2026-08-18T05:48:18Z</time>
      </trkpt>
      <trkpt lat="46.369889" lon="6.227247">
        <ele>388.8</ele>
        <time>2026-08-18T05:48:19Z</time>
      </trkpt>
      <trkpt lat="46.369845" lon="6.22716">
        <ele>388.6</ele>
        <time>2026-08-18T05:48:20Z</time>
      </trkpt>
      <trkpt lat="46.369787" lon="6.227093">
        <ele>388.6</ele>
        <time>2026-08-18T05:48:21Z</time>
      </trkpt>
      <trkpt lat="46.369733" lon="6.227018">
        <ele>388.8</ele>
        <time>2026-08-18T05:48:22Z</time>
      </trkpt>
      <trkpt lat="46.369688" lon="6.226929">
        <ele>388.6</ele>
        <time>2026-08-18T05:48:23Z</time>
      </trkpt>
      <trkpt lat="46.369643" lon="6.226832">
        <ele>388.4</ele>
        <time>2026-08-18T05:48:24Z</time>
      </trkpt>
      <trkpt lat="46.369593" lon="6.226732">
        <ele>388.2</ele>
        <time>2026-08-18T05:48:25Z</time>
      </trkpt>
      <trkpt lat="46.369544" lon="6.226629">
        <ele>388.2</ele>
        <time>2026-08-18T05:48:26Z</time>
      </trkpt>
      <trkpt lat="46.369492" lon="6.226525">
        <ele>387.8</ele>
        <time>2026-08-18T05:48:27Z</time>
      </trkpt>
      <trkpt lat="46.36944" lon="6.226419">
        <ele>387.8</ele>
        <time>2026-08-18T05:48:28Z</time>
      </trkpt>
      <trkpt lat="46.369387" lon="6.226307">
        <ele>387.6</ele>
        <time>2026-08-18T05:48:29Z</time>
      </trkpt>
      <trkpt lat="46.369334" lon="6.226197">
        <ele>387.6</ele>
        <time>2026-08-18T05:48:30Z</time>
      </trkpt>
      <trkpt lat="46.369279" lon="6.226085">
        <ele>387.4</ele>
        <time>2026-08-18T05:48:31Z</time>
      </trkpt>
      <trkpt lat="46.369222" lon="6.225975">
        <ele>387.2</ele>
        <time>2026-08-18T05:48:32Z</time>
      </trkpt>
      <trkpt lat="46.369165" lon="6.225861">
        <ele>386.8</ele>
        <time>2026-08-18T05:48:33Z</time>
      </trkpt>
      <trkpt lat="46.369107" lon="6.225744">
        <ele>386.6</ele>
        <time>2026-08-18T05:48:34Z</time>
      </trkpt>
      <trkpt lat="46.369049" lon="6.225625">
        <ele>386.2</ele>
        <time>2026-08-18T05:48:35Z</time>
      </trkpt>
      <trkpt lat="46.368987" lon="6.225507">
        <ele>386.0</ele>
        <time>2026-08-18T05:48:36Z</time>
      </trkpt>
      <trkpt lat="46.368925" lon="6.225388">
        <ele>385.6</ele>
        <time>2026-08-18T05:48:37Z</time>
      </trkpt>
      <trkpt lat="46.368859" lon="6.225269">
        <ele>385.4</ele>
        <time>2026-08-18T05:48:38Z</time>
      </trkpt>
      <trkpt lat="46.368793" lon="6.22515">
        <ele>385.2</ele>
        <time>2026-08-18T05:48:39Z</time>
      </trkpt>
      <trkpt lat="46.368724" lon="6.225029">
        <ele>385.0</ele>
        <time>2026-08-18T05:48:40Z</time>
      </trkpt>
      <trkpt lat="46.368655" lon="6.22491">
        <ele>384.8</ele>
        <time>2026-08-18T05:48:41Z</time>
      </trkpt>
      <trkpt lat="46.368585" lon="6.224791">
        <ele>384.6</ele>
        <time>2026-08-18T05:48:42Z</time>
      </trkpt>
      <trkpt lat="46.368514" lon="6.224673">
        <ele>384.4</ele>
        <time>2026-08-18T05:48:43Z</time>
      </trkpt>
      <trkpt lat="46.36844" lon="6.224561">
        <ele>384.0</ele>
        <time>2026-08-18T05:48:44Z</time>
      </trkpt>
      <trkpt lat="46.368366" lon="6.224449">
        <ele>383.8</ele>
        <time>2026-08-18T05:48:45Z</time>
      </trkpt>
      <trkpt lat="46.36829" lon="6.224339">
        <ele>383.8</ele>
        <time>2026-08-18T05:48:46Z</time>
      </trkpt>
      <trkpt lat="46.368213" lon="6.22423">
        <ele>383.6</ele>
        <time>2026-08-18T05:48:47Z</time>
      </trkpt>
      <trkpt lat="46.368139" lon="6.224122">
        <ele>383.4</ele>
        <time>2026-08-18T05:48:48Z</time>
      </trkpt>
      <trkpt lat="46.368063" lon="6.224016">
        <ele>383.4</ele>
        <time>2026-08-18T05:48:49Z</time>
      </trkpt>
      <trkpt lat="46.367987" lon="6.223912">
        <ele>383.4</ele>
        <time>2026-08-18T05:48:50Z</time>
      </trkpt>
      <trkpt lat="46.367912" lon="6.223812">
        <ele>383.4</ele>
        <time>2026-08-18T05:48:51Z</time>
      </trkpt>
      <trkpt lat="46.367835" lon="6.223712">
        <ele>383.4</ele>
        <time>2026-08-18T05:48:52Z</time>
      </trkpt>
      <trkpt lat="46.367759" lon="6.223613">
        <ele>383.4</ele>
        <time>2026-08-18T05:48:53Z</time>
      </trkpt>
      <trkpt lat="46.367682" lon="6.223516">
        <ele>383.4</ele>
        <time>2026-08-18T05:48:54Z</time>
      </trkpt>
      <trkpt lat="46.367605" lon="6.223422">
        <ele>383.4</ele>
        <time>2026-08-18T05:48:55Z</time>
      </trkpt>
      <trkpt lat="46.367525" lon="6.223334">
        <ele>383.4</ele>
        <time>2026-08-18T05:48:56Z</time>
      </trkpt>
      <trkpt lat="46.367446" lon="6.223245">
        <ele>383.4</ele>
        <time>2026-08-18T05:48:57Z</time>
      </trkpt>
      <trkpt lat="46.367365" lon="6.223159">
        <ele>383.4</ele>
        <time>2026-08-18T05:48:58Z</time>
      </trkpt>
      <trkpt lat="46.367285" lon="6.223072">
        <ele>383.4</ele>
        <time>2026-08-18T05:48:59Z</time>
      </trkpt>
      <trkpt lat="46.367206" lon="6.222983">
        <ele>383.6</ele>
        <time>2026-08-18T05:49:00Z</time>
      </trkpt>
      <trkpt lat="46.367125" lon="6.2229">
        <ele>383.6</ele>
        <time>2026-08-18T05:49:01Z</time>
      </trkpt>
      <trkpt lat="46.367042" lon="6.222821">
        <ele>383.4</ele>
        <time>2026-08-18T05:49:02Z</time>
      </trkpt>
      <trkpt lat="46.366963" lon="6.22274">
        <ele>383.6</ele>
        <time>2026-08-18T05:49:03Z</time>
      </trkpt>
      <trkpt lat="46.366882" lon="6.222659">
        <ele>383.6</ele>
        <time>2026-08-18T05:49:04Z</time>
      </trkpt>
      <trkpt lat="46.366799" lon="6.222582">
        <ele>383.8</ele>
        <time>2026-08-18T05:49:05Z</time>
      </trkpt>
      <trkpt lat="46.366716" lon="6.222506">
        <ele>383.6</ele>
        <time>2026-08-18T05:49:06Z</time>
      </trkpt>
      <trkpt lat="46.366632" lon="6.222433">
        <ele>383.8</ele>
        <time>2026-08-18T05:49:07Z</time>
      </trkpt>
      <trkpt lat="46.366545" lon="6.222364">
        <ele>383.6</ele>
        <time>2026-08-18T05:49:08Z</time>
      </trkpt>
      <trkpt lat="46.366459" lon="6.222295">
        <ele>383.4</ele>
        <time>2026-08-18T05:49:09Z</time>
      </trkpt>
      <trkpt lat="46.366372" lon="6.222225">
        <ele>383.4</ele>
        <time>2026-08-18T05:49:10Z</time>
      </trkpt>
      <trkpt lat="46.366287" lon="6.222156">
        <ele>383.2</ele>
        <time>2026-08-18T05:49:11Z</time>
      </trkpt>
      <trkpt lat="46.3662" lon="6.22209">
        <ele>383.2</ele>
        <time>2026-08-18T05:49:12Z</time>
      </trkpt>
      <trkpt lat="46.366114" lon="6.222028">
        <ele>383.4</ele>
        <time>2026-08-18T05:49:13Z</time>
      </trkpt>
      <trkpt lat="46.366028" lon="6.221963">
        <ele>383.4</ele>
        <time>2026-08-18T05:49:14Z</time>
      </trkpt>
      <trkpt lat="46.365943" lon="6.221902">
        <ele>383.2</ele>
        <time>2026-08-18T05:49:15Z</time>
      </trkpt>
      <trkpt lat="46.365857" lon="6.221842">
        <ele>383.2</ele>
        <time>2026-08-18T05:49:16Z</time>
      </trkpt>
      <trkpt lat="46.365772" lon="6.221781">
        <ele>383.2</ele>
        <time>2026-08-18T05:49:17Z</time>
      </trkpt>
      <trkpt lat="46.365686" lon="6.221723">
        <ele>383.0</ele>
        <time>2026-08-18T05:49:18Z</time>
      </trkpt>
      <trkpt lat="46.365601" lon="6.221665">
        <ele>383.0</ele>
        <time>2026-08-18T05:49:19Z</time>
      </trkpt>
      <trkpt lat="46.365515" lon="6.221605">
        <ele>383.0</ele>
        <time>2026-08-18T05:49:20Z</time>
      </trkpt>
      <trkpt lat="46.36543" lon="6.221546">
        <ele>383.0</ele>
        <time>2026-08-18T05:49:21Z</time>
      </trkpt>
      <trkpt lat="46.365343" lon="6.221488">
        <ele>383.0</ele>
        <time>2026-08-18T05:49:22Z</time>
      </trkpt>
      <trkpt lat="46.36526" lon="6.221423">
        <ele>383.0</ele>
        <time>2026-08-18T05:49:23Z</time>
      </trkpt>
      <trkpt lat="46.365176" lon="6.22136">
        <ele>383.0</ele>
        <time>2026-08-18T05:49:24Z</time>
      </trkpt>
      <trkpt lat="46.365093" lon="6.221294">
        <ele>383.0</ele>
        <time>2026-08-18T05:49:25Z</time>
      </trkpt>
      <trkpt lat="46.365005" lon="6.221239">
        <ele>382.8</ele>
        <time>2026-08-18T05:49:26Z</time>
      </trkpt>
      <trkpt lat="46.364917" lon="6.221182">
        <ele>382.8</ele>
        <time>2026-08-18T05:49:27Z</time>
      </trkpt>
      <trkpt lat="46.364831" lon="6.221122">
        <ele>382.8</ele>
        <time>2026-08-18T05:49:28Z</time>
      </trkpt>
      <trkpt lat="46.364744" lon="6.22106">
        <ele>382.6</ele>
        <time>2026-08-18T05:49:29Z</time>
      </trkpt>
      <trkpt lat="46.364657" lon="6.220998">
        <ele>382.6</ele>
        <time>2026-08-18T05:49:30Z</time>
      </trkpt>
      <trkpt lat="46.36457" lon="6.220933">
        <ele>382.4</ele>
        <time>2026-08-18T05:49:31Z</time>
      </trkpt>
      <trkpt lat="46.364483" lon="6.220872">
        <ele>382.4</ele>
        <time>2026-08-18T05:49:32Z</time>
      </trkpt>
      <trkpt lat="46.364397" lon="6.220809">
        <ele>382.4</ele>
        <time>2026-08-18T05:49:33Z</time>
      </trkpt>
      <trkpt lat="46.364311" lon="6.220745">
        <ele>382.4</ele>
        <time>2026-08-18T05:49:34Z</time>
      </trkpt>
      <trkpt lat="46.364222" lon="6.220684">
        <ele>382.4</ele>
        <time>2026-08-18T05:49:35Z</time>
      </trkpt>
      <trkpt lat="46.364133" lon="6.220622">
        <ele>382.2</ele>
        <time>2026-08-18T05:49:36Z</time>
      </trkpt>
      <trkpt lat="46.364041" lon="6.220564">
        <ele>382.2</ele>
        <time>2026-08-18T05:49:37Z</time>
      </trkpt>
      <trkpt lat="46.363954" lon="6.220504">
        <ele>382.2</ele>
        <time>2026-08-18T05:49:38Z</time>
      </trkpt>
      <trkpt lat="46.363868" lon="6.220442">
        <ele>382.2</ele>
        <time>2026-08-18T05:49:39Z</time>
      </trkpt>
      <trkpt lat="46.363784" lon="6.220379">
        <ele>382.0</ele>
        <time>2026-08-18T05:49:40Z</time>
      </trkpt>
      <trkpt lat="46.3637" lon="6.220319">
        <ele>382.0</ele>
        <time>2026-08-18T05:49:41Z</time>
      </trkpt>
      <trkpt lat="46.363613" lon="6.220259">
        <ele>381.8</ele>
        <time>2026-08-18T05:49:42Z</time>
      </trkpt>
      <trkpt lat="46.363527" lon="6.220197">
        <ele>381.8</ele>
        <time>2026-08-18T05:49:43Z</time>
      </trkpt>
      <trkpt lat="46.363442" lon="6.220135">
        <ele>381.6</ele>
        <time>2026-08-18T05:49:44Z</time>
      </trkpt>
      <trkpt lat="46.363358" lon="6.220071">
        <ele>381.6</ele>
        <time>2026-08-18T05:49:45Z</time>
      </trkpt>
      <trkpt lat="46.363272" lon="6.220014">
        <ele>381.4</ele>
        <time>2026-08-18T05:49:46Z</time>
      </trkpt>
      <trkpt lat="46.363186" lon="6.219956">
        <ele>381.2</ele>
        <time>2026-08-18T05:49:47Z</time>
      </trkpt>
      <trkpt lat="46.363103" lon="6.219895">
        <ele>381.2</ele>
        <time>2026-08-18T05:49:48Z</time>
      </trkpt>
      <trkpt lat="46.363018" lon="6.219834">
        <ele>381.0</ele>
        <time>2026-08-18T05:49:49Z</time>
      </trkpt>
      <trkpt lat="46.362935" lon="6.219772">
        <ele>380.8</ele>
        <time>2026-08-18T05:49:50Z</time>
      </trkpt>
      <trkpt lat="46.362853" lon="6.219708">
        <ele>380.8</ele>
        <time>2026-08-18T05:49:51Z</time>
      </trkpt>
      <trkpt lat="46.36277" lon="6.219645">
        <ele>380.6</ele>
        <time>2026-08-18T05:49:52Z</time>
      </trkpt>
      <trkpt lat="46.362686" lon="6.219582">
        <ele>380.4</ele>
        <time>2026-08-18T05:49:53Z</time>
      </trkpt>
      <trkpt lat="46.362602" lon="6.21952">
        <ele>380.4</ele>
        <time>2026-08-18T05:49:54Z</time>
      </trkpt>
      <trkpt lat="46.362519" lon="6.219453">
        <ele>380.2</ele>
        <time>2026-08-18T05:49:55Z</time>
      </trkpt>
      <trkpt lat="46.362436" lon="6.219385">
        <ele>380.2</ele>
        <time>2026-08-18T05:49:56Z</time>
      </trkpt>
      <trkpt lat="46.362352" lon="6.219316">
        <ele>380.0</ele>
        <time>2026-08-18T05:49:57Z</time>
      </trkpt>
      <trkpt lat="46.362267" lon="6.219249">
        <ele>380.0</ele>
        <time>2026-08-18T05:49:58Z</time>
      </trkpt>
      <trkpt lat="46.362181" lon="6.219184">
        <ele>380.0</ele>
        <time>2026-08-18T05:49:59Z</time>
      </trkpt>
      <trkpt lat="46.362099" lon="6.219112">
        <ele>379.8</ele>
        <time>2026-08-18T05:50:00Z</time>
      </trkpt>
      <trkpt lat="46.362017" lon="6.21904">
        <ele>379.6</ele>
        <time>2026-08-18T05:50:01Z</time>
      </trkpt>
      <trkpt lat="46.361934" lon="6.218966">
        <ele>379.6</ele>
        <time>2026-08-18T05:50:02Z</time>
      </trkpt>
      <trkpt lat="46.36185" lon="6.21889">
        <ele>379.6</ele>
        <time>2026-08-18T05:50:03Z</time>
      </trkpt>
      <trkpt lat="46.361764" lon="6.218818">
        <ele>379.4</ele>
        <time>2026-08-18T05:50:04Z</time>
      </trkpt>
      <trkpt lat="46.36168" lon="6.218745">
        <ele>379.2</ele>
        <time>2026-08-18T05:50:05Z</time>
      </trkpt>
      <trkpt lat="46.361596" lon="6.21867">
        <ele>379.2</ele>
        <time>2026-08-18T05:50:06Z</time>
      </trkpt>
      <trkpt lat="46.361512" lon="6.218594">
        <ele>379.2</ele>
        <time>2026-08-18T05:50:07Z</time>
      </trkpt>
      <trkpt lat="46.361429" lon="6.218518">
        <ele>379.0</ele>
        <time>2026-08-18T05:50:08Z</time>
      </trkpt>
      <trkpt lat="46.361347" lon="6.218439">
        <ele>378.8</ele>
        <time>2026-08-18T05:50:09Z</time>
      </trkpt>
      <trkpt lat="46.361265" lon="6.218357">
        <ele>378.8</ele>
        <time>2026-08-18T05:50:10Z</time>
      </trkpt>
      <trkpt lat="46.361182" lon="6.218278">
        <ele>378.6</ele>
        <time>2026-08-18T05:50:11Z</time>
      </trkpt>
      <trkpt lat="46.3611" lon="6.218198">
        <ele>378.4</ele>
        <time>2026-08-18T05:50:12Z</time>
      </trkpt>
      <trkpt lat="46.361017" lon="6.218119">
        <ele>378.2</ele>
        <time>2026-08-18T05:50:13Z</time>
      </trkpt>
      <trkpt lat="46.360934" lon="6.218038">
        <ele>378.2</ele>
        <time>2026-08-18T05:50:14Z</time>
      </trkpt>
      <trkpt lat="46.36085" lon="6.217958">
        <ele>378.2</ele>
        <time>2026-08-18T05:50:15Z</time>
      </trkpt>
      <trkpt lat="46.360769" lon="6.217878">
        <ele>378.2</ele>
        <time>2026-08-18T05:50:16Z</time>
      </trkpt>
      <trkpt lat="46.360688" lon="6.217796">
        <ele>378.0</ele>
        <time>2026-08-18T05:50:17Z</time>
      </trkpt>
      <trkpt lat="46.360609" lon="6.217712">
        <ele>377.8</ele>
        <time>2026-08-18T05:50:18Z</time>
      </trkpt>
      <trkpt lat="46.360528" lon="6.217629">
        <ele>377.6</ele>
        <time>2026-08-18T05:50:19Z</time>
      </trkpt>
      <trkpt lat="46.360448" lon="6.217547">
        <ele>377.4</ele>
        <time>2026-08-18T05:50:20Z</time>
      </trkpt>
      <trkpt lat="46.36037" lon="6.217463">
        <ele>377.2</ele>
        <time>2026-08-18T05:50:21Z</time>
      </trkpt>
      <trkpt lat="46.360293" lon="6.217379">
        <ele>377.2</ele>
        <time>2026-08-18T05:50:22Z</time>
      </trkpt>
      <trkpt lat="46.360216" lon="6.217295">
        <ele>377.2</ele>
        <time>2026-08-18T05:50:23Z</time>
      </trkpt>
      <trkpt lat="46.36014" lon="6.217212">
        <ele>377.0</ele>
        <time>2026-08-18T05:50:24Z</time>
      </trkpt>
      <trkpt lat="46.360064" lon="6.217127">
        <ele>377.2</ele>
        <time>2026-08-18T05:50:25Z</time>
      </trkpt>
      <trkpt lat="46.359989" lon="6.217044">
        <ele>377.0</ele>
        <time>2026-08-18T05:50:26Z</time>
      </trkpt>
      <trkpt lat="46.359914" lon="6.216962">
        <ele>377.0</ele>
        <time>2026-08-18T05:50:27Z</time>
      </trkpt>
      <trkpt lat="46.359836" lon="6.216884">
        <ele>377.2</ele>
        <time>2026-08-18T05:50:28Z</time>
      </trkpt>
      <trkpt lat="46.359761" lon="6.216805">
        <ele>377.2</ele>
        <time>2026-08-18T05:50:29Z</time>
      </trkpt>
      <trkpt lat="46.35969" lon="6.21672">
        <ele>377.4</ele>
        <time>2026-08-18T05:50:30Z</time>
      </trkpt>
      <trkpt lat="46.359621" lon="6.216633">
        <ele>377.4</ele>
        <time>2026-08-18T05:50:31Z</time>
      </trkpt>
      <trkpt lat="46.359554" lon="6.216546">
        <ele>377.4</ele>
        <time>2026-08-18T05:50:32Z</time>
      </trkpt>
      <trkpt lat="46.359488" lon="6.216462">
        <ele>377.4</ele>
        <time>2026-08-18T05:50:33Z</time>
      </trkpt>
      <trkpt lat="46.359418" lon="6.216389">
        <ele>377.6</ele>
        <time>2026-08-18T05:50:34Z</time>
      </trkpt>
      <trkpt lat="46.35935" lon="6.216318">
        <ele>377.4</ele>
        <time>2026-08-18T05:50:35Z</time>
      </trkpt>
      <trkpt lat="46.359283" lon="6.216249">
        <ele>377.6</ele>
        <time>2026-08-18T05:50:36Z</time>
      </trkpt>
      <trkpt lat="46.359218" lon="6.216177">
        <ele>377.6</ele>
        <time>2026-08-18T05:50:37Z</time>
      </trkpt>
      <trkpt lat="46.359162" lon="6.216098">
        <ele>377.8</ele>
        <time>2026-08-18T05:50:38Z</time>
      </trkpt>
      <trkpt lat="46.359115" lon="6.216013">
        <ele>378.0</ele>
        <time>2026-08-18T05:50:39Z</time>
      </trkpt>
      <trkpt lat="46.359076" lon="6.215921">
        <ele>378.2</ele>
        <time>2026-08-18T05:50:40Z</time>
      </trkpt>
      <trkpt lat="46.359034" lon="6.215831">
        <ele>378.2</ele>
        <time>2026-08-18T05:50:41Z</time>
      </trkpt>
      <trkpt lat="46.358972" lon="6.215766">
        <ele>378.6</ele>
        <time>2026-08-18T05:50:42Z</time>
      </trkpt>
      <trkpt lat="46.358899" lon="6.215737">
        <ele>378.8</ele>
        <time>2026-08-18T05:50:43Z</time>
      </trkpt>
      <trkpt lat="46.358822" lon="6.215724">
        <ele>378.8</ele>
        <time>2026-08-18T05:50:44Z</time>
      </trkpt>
      <trkpt lat="46.358747" lon="6.215692">
        <ele>378.8</ele>
        <time>2026-08-18T05:50:45Z</time>
      </trkpt>
      <trkpt lat="46.358682" lon="6.215638">
        <ele>379.0</ele>
        <time>2026-08-18T05:50:46Z</time>
      </trkpt>
      <trkpt lat="46.358617" lon="6.21558">
        <ele>378.8</ele>
        <time>2026-08-18T05:50:47Z</time>
      </trkpt>
      <trkpt lat="46.358555" lon="6.215517">
        <ele>378.8</ele>
        <time>2026-08-18T05:50:48Z</time>
      </trkpt>
      <trkpt lat="46.358494" lon="6.215449">
        <ele>379.0</ele>
        <time>2026-08-18T05:50:49Z</time>
      </trkpt>
      <trkpt lat="46.358438" lon="6.215379">
        <ele>379.0</ele>
        <time>2026-08-18T05:50:50Z</time>
      </trkpt>
      <trkpt lat="46.358383" lon="6.215304">
        <ele>379.0</ele>
        <time>2026-08-18T05:50:51Z</time>
      </trkpt>
      <trkpt lat="46.358325" lon="6.215238">
        <ele>379.0</ele>
        <time>2026-08-18T05:50:52Z</time>
      </trkpt>
      <trkpt lat="46.358264" lon="6.215177">
        <ele>379.0</ele>
        <time>2026-08-18T05:50:53Z</time>
      </trkpt>
      <trkpt lat="46.358203" lon="6.215113">
        <ele>379.0</ele>
        <time>2026-08-18T05:50:54Z</time>
      </trkpt>
      <trkpt lat="46.358142" lon="6.215049">
        <ele>379.0</ele>
        <time>2026-08-18T05:50:55Z</time>
      </trkpt>
      <trkpt lat="46.358083" lon="6.214986">
        <ele>379.2</ele>
        <time>2026-08-18T05:50:56Z</time>
      </trkpt>
      <trkpt lat="46.35802" lon="6.214924">
        <ele>379.4</ele>
        <time>2026-08-18T05:50:57Z</time>
      </trkpt>
      <trkpt lat="46.357957" lon="6.214861">
        <ele>379.4</ele>
        <time>2026-08-18T05:50:58Z</time>
      </trkpt>
      <trkpt lat="46.357894" lon="6.2148">
        <ele>379.6</ele>
        <time>2026-08-18T05:50:59Z</time>
      </trkpt>
      <trkpt lat="46.35783" lon="6.214739">
        <ele>379.8</ele>
        <time>2026-08-18T05:51:00Z</time>
      </trkpt>
      <trkpt lat="46.357767" lon="6.214675">
        <ele>379.6</ele>
        <time>2026-08-18T05:51:01Z</time>
      </trkpt>
      <trkpt lat="46.357702" lon="6.214611">
        <ele>379.8</ele>
        <time>2026-08-18T05:51:02Z</time>
      </trkpt>
      <trkpt lat="46.357636" lon="6.214552">
        <ele>379.8</ele>
        <time>2026-08-18T05:51:03Z</time>
      </trkpt>
      <trkpt lat="46.357568" lon="6.214488">
        <ele>379.8</ele>
        <time>2026-08-18T05:51:04Z</time>
      </trkpt>
      <trkpt lat="46.357501" lon="6.21442">
        <ele>379.6</ele>
        <time>2026-08-18T05:51:05Z</time>
      </trkpt>
      <trkpt lat="46.357434" lon="6.214352">
        <ele>379.6</ele>
        <time>2026-08-18T05:51:06Z</time>
      </trkpt>
      <trkpt lat="46.357365" lon="6.214285">
        <ele>379.8</ele>
        <time>2026-08-18T05:51:07Z</time>
      </trkpt>
      <trkpt lat="46.357295" lon="6.21422">
        <ele>379.6</ele>
        <time>2026-08-18T05:51:08Z</time>
      </trkpt>
      <trkpt lat="46.357226" lon="6.214152">
        <ele>379.6</ele>
        <time>2026-08-18T05:51:09Z</time>
      </trkpt>
      <trkpt lat="46.357155" lon="6.214087">
        <ele>379.6</ele>
        <time>2026-08-18T05:51:10Z</time>
      </trkpt>
      <trkpt lat="46.357085" lon="6.214021">
        <ele>379.6</ele>
        <time>2026-08-18T05:51:11Z</time>
      </trkpt>
      <trkpt lat="46.357014" lon="6.213953">
        <ele>379.4</ele>
        <time>2026-08-18T05:51:12Z</time>
      </trkpt>
      <trkpt lat="46.356942" lon="6.213883">
        <ele>379.2</ele>
        <time>2026-08-18T05:51:13Z</time>
      </trkpt>
      <trkpt lat="46.356868" lon="6.213814">
        <ele>379.2</ele>
        <time>2026-08-18T05:51:14Z</time>
      </trkpt>
      <trkpt lat="46.356795" lon="6.213743">
        <ele>379.0</ele>
        <time>2026-08-18T05:51:15Z</time>
      </trkpt>
      <trkpt lat="46.356722" lon="6.21367">
        <ele>379.2</ele>
        <time>2026-08-18T05:51:16Z</time>
      </trkpt>
      <trkpt lat="46.356646" lon="6.213602">
        <ele>379.0</ele>
        <time>2026-08-18T05:51:17Z</time>
      </trkpt>
      <trkpt lat="46.356571" lon="6.213532">
        <ele>379.0</ele>
        <time>2026-08-18T05:51:18Z</time>
      </trkpt>
      <trkpt lat="46.356497" lon="6.213458">
        <ele>378.8</ele>
        <time>2026-08-18T05:51:19Z</time>
      </trkpt>
      <trkpt lat="46.356422" lon="6.213383">
        <ele>378.8</ele>
        <time>2026-08-18T05:51:20Z</time>
      </trkpt>
      <trkpt lat="46.356346" lon="6.213309">
        <ele>378.6</ele>
        <time>2026-08-18T05:51:21Z</time>
      </trkpt>
      <trkpt lat="46.356268" lon="6.213234">
        <ele>378.6</ele>
        <time>2026-08-18T05:51:22Z</time>
      </trkpt>
      <trkpt lat="46.356191" lon="6.21316">
        <ele>378.4</ele>
        <time>2026-08-18T05:51:23Z</time>
      </trkpt>
      <trkpt lat="46.356114" lon="6.213083">
        <ele>378.4</ele>
        <time>2026-08-18T05:51:24Z</time>
      </trkpt>
      <trkpt lat="46.356035" lon="6.213012">
        <ele>378.4</ele>
        <time>2026-08-18T05:51:25Z</time>
      </trkpt>
      <trkpt lat="46.355955" lon="6.212938">
        <ele>378.2</ele>
        <time>2026-08-18T05:51:26Z</time>
      </trkpt>
      <trkpt lat="46.355876" lon="6.212863">
        <ele>378.2</ele>
        <time>2026-08-18T05:51:27Z</time>
      </trkpt>
      <trkpt lat="46.355799" lon="6.212788">
        <ele>378.2</ele>
        <time>2026-08-18T05:51:28Z</time>
      </trkpt>
      <trkpt lat="46.35572" lon="6.212713">
        <ele>378.0</ele>
        <time>2026-08-18T05:51:29Z</time>
      </trkpt>
      <trkpt lat="46.355641" lon="6.212638">
        <ele>378.0</ele>
        <time>2026-08-18T05:51:30Z</time>
      </trkpt>
      <trkpt lat="46.355562" lon="6.212564">
        <ele>377.8</ele>
        <time>2026-08-18T05:51:31Z</time>
      </trkpt>
      <trkpt lat="46.355482" lon="6.21249">
        <ele>377.6</ele>
        <time>2026-08-18T05:51:32Z</time>
      </trkpt>
      <trkpt lat="46.355402" lon="6.212414">
        <ele>377.2</ele>
        <time>2026-08-18T05:51:33Z</time>
      </trkpt>
      <trkpt lat="46.355325" lon="6.212337">
        <ele>377.2</ele>
        <time>2026-08-18T05:51:34Z</time>
      </trkpt>
      <trkpt lat="46.355247" lon="6.212261">
        <ele>377.2</ele>
        <time>2026-08-18T05:51:35Z</time>
      </trkpt>
      <trkpt lat="46.355171" lon="6.212185">
        <ele>377.4</ele>
        <time>2026-08-18T05:51:36Z</time>
      </trkpt>
      <trkpt lat="46.355092" lon="6.212108">
        <ele>377.4</ele>
        <time>2026-08-18T05:51:37Z</time>
      </trkpt>
      <trkpt lat="46.355013" lon="6.212031">
        <ele>377.6</ele>
        <time>2026-08-18T05:51:38Z</time>
      </trkpt>
      <trkpt lat="46.354933" lon="6.211953">
        <ele>377.6</ele>
        <time>2026-08-18T05:51:39Z</time>
      </trkpt>
      <trkpt lat="46.354853" lon="6.211877">
        <ele>377.6</ele>
        <time>2026-08-18T05:51:40Z</time>
      </trkpt>
      <trkpt lat="46.354773" lon="6.211803">
        <ele>377.4</ele>
        <time>2026-08-18T05:51:41Z</time>
      </trkpt>
      <trkpt lat="46.354694" lon="6.211727">
        <ele>377.2</ele>
        <time>2026-08-18T05:51:42Z</time>
      </trkpt>
      <trkpt lat="46.354614" lon="6.21165">
        <ele>377.0</ele>
        <time>2026-08-18T05:51:43Z</time>
      </trkpt>
      <trkpt lat="46.354533" lon="6.211578">
        <ele>377.0</ele>
        <time>2026-08-18T05:51:44Z</time>
      </trkpt>
      <trkpt lat="46.354454" lon="6.211504">
        <ele>377.0</ele>
        <time>2026-08-18T05:51:45Z</time>
      </trkpt>
      <trkpt lat="46.354377" lon="6.211427">
        <ele>376.8</ele>
        <time>2026-08-18T05:51:46Z</time>
      </trkpt>
      <trkpt lat="46.3543" lon="6.211352">
        <ele>377.0</ele>
        <time>2026-08-18T05:51:47Z</time>
      </trkpt>
      <trkpt lat="46.354222" lon="6.21128">
        <ele>377.0</ele>
        <time>2026-08-18T05:51:48Z</time>
      </trkpt>
      <trkpt lat="46.354146" lon="6.211205">
        <ele>377.0</ele>
        <time>2026-08-18T05:51:49Z</time>
      </trkpt>
      <trkpt lat="46.35407" lon="6.211129">
        <ele>377.0</ele>
        <time>2026-08-18T05:51:50Z</time>
      </trkpt>
      <trkpt lat="46.353991" lon="6.21106">
        <ele>376.8</ele>
        <time>2026-08-18T05:51:51Z</time>
      </trkpt>
      <trkpt lat="46.353916" lon="6.210986">
        <ele>376.8</ele>
        <time>2026-08-18T05:51:52Z</time>
      </trkpt>
      <trkpt lat="46.353846" lon="6.210905">
        <ele>377.0</ele>
        <time>2026-08-18T05:51:53Z</time>
      </trkpt>
      <trkpt lat="46.353772" lon="6.21083">
        <ele>376.8</ele>
        <time>2026-08-18T05:51:54Z</time>
      </trkpt>
      <trkpt lat="46.353699" lon="6.21076">
        <ele>377.0</ele>
        <time>2026-08-18T05:51:55Z</time>
      </trkpt>
      <trkpt lat="46.353625" lon="6.210691">
        <ele>377.0</ele>
        <time>2026-08-18T05:51:56Z</time>
      </trkpt>
      <trkpt lat="46.353553" lon="6.210624">
        <ele>377.0</ele>
        <time>2026-08-18T05:51:57Z</time>
      </trkpt>
      <trkpt lat="46.353474" lon="6.210557">
        <ele>377.0</ele>
        <time>2026-08-18T05:51:58Z</time>
      </trkpt>
      <trkpt lat="46.353397" lon="6.210487">
        <ele>377.0</ele>
        <time>2026-08-18T05:51:59Z</time>
      </trkpt>
      <trkpt lat="46.353323" lon="6.210415">
        <ele>377.0</ele>
        <time>2026-08-18T05:52:00Z</time>
      </trkpt>
      <trkpt lat="46.353252" lon="6.210342">
        <ele>377.0</ele>
        <time>2026-08-18T05:52:01Z</time>
      </trkpt>
      <trkpt lat="46.353181" lon="6.210269">
        <ele>377.2</ele>
        <time>2026-08-18T05:52:02Z</time>
      </trkpt>
      <trkpt lat="46.35311" lon="6.210196">
        <ele>377.4</ele>
        <time>2026-08-18T05:52:03Z</time>
      </trkpt>
      <trkpt lat="46.353037" lon="6.210124">
        <ele>377.4</ele>
        <time>2026-08-18T05:52:04Z</time>
      </trkpt>
      <trkpt lat="46.352962" lon="6.210055">
        <ele>377.6</ele>
        <time>2026-08-18T05:52:05Z</time>
      </trkpt>
      <trkpt lat="46.352888" lon="6.209986">
        <ele>377.6</ele>
        <time>2026-08-18T05:52:06Z</time>
      </trkpt>
      <trkpt lat="46.352813" lon="6.209917">
        <ele>377.8</ele>
        <time>2026-08-18T05:52:07Z</time>
      </trkpt>
      <trkpt lat="46.352738" lon="6.209848">
        <ele>377.8</ele>
        <time>2026-08-18T05:52:08Z</time>
      </trkpt>
      <trkpt lat="46.352667" lon="6.209772">
        <ele>377.8</ele>
        <time>2026-08-18T05:52:09Z</time>
      </trkpt>
      <trkpt lat="46.352594" lon="6.2097">
        <ele>377.8</ele>
        <time>2026-08-18T05:52:10Z</time>
      </trkpt>
      <trkpt lat="46.35252" lon="6.209632">
        <ele>377.8</ele>
        <time>2026-08-18T05:52:11Z</time>
      </trkpt>
      <trkpt lat="46.352446" lon="6.209562">
        <ele>377.8</ele>
        <time>2026-08-18T05:52:12Z</time>
      </trkpt>
      <trkpt lat="46.352374" lon="6.209491">
        <ele>377.8</ele>
        <time>2026-08-18T05:52:13Z</time>
      </trkpt>
      <trkpt lat="46.352302" lon="6.209418">
        <ele>377.8</ele>
        <time>2026-08-18T05:52:14Z</time>
      </trkpt>
      <trkpt lat="46.35223" lon="6.209347">
        <ele>377.8</ele>
        <time>2026-08-18T05:52:15Z</time>
      </trkpt>
      <trkpt lat="46.352157" lon="6.209278">
        <ele>377.8</ele>
        <time>2026-08-18T05:52:16Z</time>
      </trkpt>
      <trkpt lat="46.352083" lon="6.209211">
        <ele>377.8</ele>
        <time>2026-08-18T05:52:17Z</time>
      </trkpt>
      <trkpt lat="46.352009" lon="6.209143">
        <ele>377.8</ele>
        <time>2026-08-18T05:52:18Z</time>
      </trkpt>
      <trkpt lat="46.351935" lon="6.209075">
        <ele>378.0</ele>
        <time>2026-08-18T05:52:19Z</time>
      </trkpt>
      <trkpt lat="46.351862" lon="6.209005">
        <ele>378.0</ele>
        <time>2026-08-18T05:52:20Z</time>
      </trkpt>
      <trkpt lat="46.351787" lon="6.208936">
        <ele>378.0</ele>
        <time>2026-08-18T05:52:21Z</time>
      </trkpt>
      <trkpt lat="46.351713" lon="6.208866">
        <ele>378.0</ele>
        <time>2026-08-18T05:52:22Z</time>
      </trkpt>
      <trkpt lat="46.351642" lon="6.208794">
        <ele>378.0</ele>
        <time>2026-08-18T05:52:23Z</time>
      </trkpt>
      <trkpt lat="46.351566" lon="6.208728">
        <ele>378.0</ele>
        <time>2026-08-18T05:52:24Z</time>
      </trkpt>
      <trkpt lat="46.35149" lon="6.208664">
        <ele>378.0</ele>
        <time>2026-08-18T05:52:25Z</time>
      </trkpt>
      <trkpt lat="46.351413" lon="6.208602">
        <ele>378.0</ele>
        <time>2026-08-18T05:52:26Z</time>
      </trkpt>
      <trkpt lat="46.351339" lon="6.208535">
        <ele>378.0</ele>
        <time>2026-08-18T05:52:27Z</time>
      </trkpt>
      <trkpt lat="46.351265" lon="6.20847">
        <ele>378.0</ele>
        <time>2026-08-18T05:52:28Z</time>
      </trkpt>
      <trkpt lat="46.35119" lon="6.208406">
        <ele>378.2</ele>
        <time>2026-08-18T05:52:29Z</time>
      </trkpt>
      <trkpt lat="46.351115" lon="6.208341">
        <ele>378.2</ele>
        <time>2026-08-18T05:52:30Z</time>
      </trkpt>
      <trkpt lat="46.351039" lon="6.208276">
        <ele>378.2</ele>
        <time>2026-08-18T05:52:31Z</time>
      </trkpt>
      <trkpt lat="46.350964" lon="6.208212">
        <ele>378.2</ele>
        <time>2026-08-18T05:52:32Z</time>
      </trkpt>
      <trkpt lat="46.350891" lon="6.208147">
        <ele>378.4</ele>
        <time>2026-08-18T05:52:33Z</time>
      </trkpt>
      <trkpt lat="46.350815" lon="6.208086">
        <ele>378.4</ele>
        <time>2026-08-18T05:52:34Z</time>
      </trkpt>
      <trkpt lat="46.350737" lon="6.208026">
        <ele>378.4</ele>
        <time>2026-08-18T05:52:35Z</time>
      </trkpt>
      <trkpt lat="46.35066" lon="6.207967">
        <ele>378.4</ele>
        <time>2026-08-18T05:52:36Z</time>
      </trkpt>
      <trkpt lat="46.350583" lon="6.207908">
        <ele>378.4</ele>
        <time>2026-08-18T05:52:37Z</time>
      </trkpt>
      <trkpt lat="46.350503" lon="6.207852">
        <ele>378.4</ele>
        <time>2026-08-18T05:52:38Z</time>
      </trkpt>
      <trkpt lat="46.350423" lon="6.207798">
        <ele>378.4</ele>
        <time>2026-08-18T05:52:39Z</time>
      </trkpt>
      <trkpt lat="46.350343" lon="6.207743">
        <ele>378.4</ele>
        <time>2026-08-18T05:52:40Z</time>
      </trkpt>
      <trkpt lat="46.350263" lon="6.207688">
        <ele>378.4</ele>
        <time>2026-08-18T05:52:41Z</time>
      </trkpt>
      <trkpt lat="46.350183" lon="6.207637">
        <ele>378.4</ele>
        <time>2026-08-18T05:52:42Z</time>
      </trkpt>
      <trkpt lat="46.350103" lon="6.207584">
        <ele>378.2</ele>
        <time>2026-08-18T05:52:43Z</time>
      </trkpt>
      <trkpt lat="46.350022" lon="6.207532">
        <ele>378.2</ele>
        <time>2026-08-18T05:52:44Z</time>
      </trkpt>
      <trkpt lat="46.34994" lon="6.207485">
        <ele>378.0</ele>
        <time>2026-08-18T05:52:45Z</time>
      </trkpt>
      <trkpt lat="46.349857" lon="6.207439">
        <ele>378.0</ele>
        <time>2026-08-18T05:52:46Z</time>
      </trkpt>
      <trkpt lat="46.349773" lon="6.207391">
        <ele>377.8</ele>
        <time>2026-08-18T05:52:47Z</time>
      </trkpt>
      <trkpt lat="46.34969" lon="6.207344">
        <ele>377.6</ele>
        <time>2026-08-18T05:52:48Z</time>
      </trkpt>
      <trkpt lat="46.349605" lon="6.2073">
        <ele>377.6</ele>
        <time>2026-08-18T05:52:49Z</time>
      </trkpt>
      <trkpt lat="46.349519" lon="6.207257">
        <ele>377.4</ele>
        <time>2026-08-18T05:52:50Z</time>
      </trkpt>
      <trkpt lat="46.349435" lon="6.207215">
        <ele>377.4</ele>
        <time>2026-08-18T05:52:51Z</time>
      </trkpt>
      <trkpt lat="46.34935" lon="6.207175">
        <ele>377.4</ele>
        <time>2026-08-18T05:52:52Z</time>
      </trkpt>
      <trkpt lat="46.349266" lon="6.207136">
        <ele>377.2</ele>
        <time>2026-08-18T05:52:53Z</time>
      </trkpt>
      <trkpt lat="46.349179" lon="6.207098">
        <ele>377.2</ele>
        <time>2026-08-18T05:52:54Z</time>
      </trkpt>
      <trkpt lat="46.349094" lon="6.20706">
        <ele>377.2</ele>
        <time>2026-08-18T05:52:55Z</time>
      </trkpt>
      <trkpt lat="46.349009" lon="6.207024">
        <ele>377.2</ele>
        <time>2026-08-18T05:52:56Z</time>
      </trkpt>
      <trkpt lat="46.348923" lon="6.206992">
        <ele>377.2</ele>
        <time>2026-08-18T05:52:57Z</time>
      </trkpt>
      <trkpt lat="46.348836" lon="6.206959">
        <ele>377.0</ele>
        <time>2026-08-18T05:52:58Z</time>
      </trkpt>
      <trkpt lat="46.348748" lon="6.206928">
        <ele>377.0</ele>
        <time>2026-08-18T05:52:59Z</time>
      </trkpt>
      <trkpt lat="46.348663" lon="6.206894">
        <ele>377.0</ele>
        <time>2026-08-18T05:53:00Z</time>
      </trkpt>
      <trkpt lat="46.348577" lon="6.206863">
        <ele>377.0</ele>
        <time>2026-08-18T05:53:01Z</time>
      </trkpt>
      <trkpt lat="46.348488" lon="6.206835">
        <ele>377.0</ele>
        <time>2026-08-18T05:53:02Z</time>
      </trkpt>
      <trkpt lat="46.348401" lon="6.206804">
        <ele>377.0</ele>
        <time>2026-08-18T05:53:03Z</time>
      </trkpt>
      <trkpt lat="46.348313" lon="6.206773">
        <ele>377.0</ele>
        <time>2026-08-18T05:53:04Z</time>
      </trkpt>
      <trkpt lat="46.348225" lon="6.206741">
        <ele>377.0</ele>
        <time>2026-08-18T05:53:05Z</time>
      </trkpt>
      <trkpt lat="46.348135" lon="6.206713">
        <ele>377.0</ele>
        <time>2026-08-18T05:53:06Z</time>
      </trkpt>
      <trkpt lat="46.348045" lon="6.206686">
        <ele>376.8</ele>
        <time>2026-08-18T05:53:07Z</time>
      </trkpt>
      <trkpt lat="46.347955" lon="6.20666">
        <ele>376.8</ele>
        <time>2026-08-18T05:53:08Z</time>
      </trkpt>
      <trkpt lat="46.347864" lon="6.206636">
        <ele>376.8</ele>
        <time>2026-08-18T05:53:09Z</time>
      </trkpt>
      <trkpt lat="46.347774" lon="6.206619">
        <ele>376.6</ele>
        <time>2026-08-18T05:53:10Z</time>
      </trkpt>
      <trkpt lat="46.347681" lon="6.206597">
        <ele>376.6</ele>
        <time>2026-08-18T05:53:11Z</time>
      </trkpt>
      <trkpt lat="46.34759" lon="6.20657">
        <ele>376.6</ele>
        <time>2026-08-18T05:53:12Z</time>
      </trkpt>
      <trkpt lat="46.3475" lon="6.206546">
        <ele>376.4</ele>
        <time>2026-08-18T05:53:13Z</time>
      </trkpt>
      <trkpt lat="46.347408" lon="6.206524">
        <ele>376.2</ele>
        <time>2026-08-18T05:53:14Z</time>
      </trkpt>
      <trkpt lat="46.347318" lon="6.206502">
        <ele>376.2</ele>
        <time>2026-08-18T05:53:15Z</time>
      </trkpt>
      <trkpt lat="46.347225" lon="6.206479">
        <ele>376.2</ele>
        <time>2026-08-18T05:53:16Z</time>
      </trkpt>
      <trkpt lat="46.347132" lon="6.206454">
        <ele>376.0</ele>
        <time>2026-08-18T05:53:17Z</time>
      </trkpt>
      <trkpt lat="46.347041" lon="6.206428">
        <ele>376.0</ele>
        <time>2026-08-18T05:53:18Z</time>
      </trkpt>
      <trkpt lat="46.346949" lon="6.206408">
        <ele>376.0</ele>
        <time>2026-08-18T05:53:19Z</time>
      </trkpt>
      <trkpt lat="46.346857" lon="6.206386">
        <ele>375.8</ele>
        <time>2026-08-18T05:53:20Z</time>
      </trkpt>
      <trkpt lat="46.346765" lon="6.206366">
        <ele>375.8</ele>
        <time>2026-08-18T05:53:21Z</time>
      </trkpt>
      <trkpt lat="46.346675" lon="6.206344">
        <ele>375.8</ele>
        <time>2026-08-18T05:53:22Z</time>
      </trkpt>
      <trkpt lat="46.346584" lon="6.206322">
        <ele>375.8</ele>
        <time>2026-08-18T05:53:23Z</time>
      </trkpt>
      <trkpt lat="46.346494" lon="6.2063">
        <ele>375.8</ele>
        <time>2026-08-18T05:53:24Z</time>
      </trkpt>
      <trkpt lat="46.346404" lon="6.206282">
        <ele>375.8</ele>
        <time>2026-08-18T05:53:25Z</time>
      </trkpt>
      <trkpt lat="46.346312" lon="6.206261">
        <ele>375.6</ele>
        <time>2026-08-18T05:53:26Z</time>
      </trkpt>
      <trkpt lat="46.346219" lon="6.206243">
        <ele>375.6</ele>
        <time>2026-08-18T05:53:27Z</time>
      </trkpt>
      <trkpt lat="46.346127" lon="6.206219">
        <ele>375.6</ele>
        <time>2026-08-18T05:53:28Z</time>
      </trkpt>
      <trkpt lat="46.346036" lon="6.206199">
        <ele>375.6</ele>
        <time>2026-08-18T05:53:29Z</time>
      </trkpt>
      <trkpt lat="46.345945" lon="6.206179">
        <ele>375.6</ele>
        <time>2026-08-18T05:53:30Z</time>
      </trkpt>
      <trkpt lat="46.345853" lon="6.206158">
        <ele>375.6</ele>
        <time>2026-08-18T05:53:31Z</time>
      </trkpt>
      <trkpt lat="46.345763" lon="6.206135">
        <ele>375.6</ele>
        <time>2026-08-18T05:53:32Z</time>
      </trkpt>
      <trkpt lat="46.345674" lon="6.206113">
        <ele>375.6</ele>
        <time>2026-08-18T05:53:33Z</time>
      </trkpt>
      <trkpt lat="46.345585" lon="6.206093">
        <ele>375.4</ele>
        <time>2026-08-18T05:53:34Z</time>
      </trkpt>
      <trkpt lat="46.345499" lon="6.206071">
        <ele>375.4</ele>
        <time>2026-08-18T05:53:35Z</time>
      </trkpt>
      <trkpt lat="46.345412" lon="6.206049">
        <ele>375.4</ele>
        <time>2026-08-18T05:53:36Z</time>
      </trkpt>
      <trkpt lat="46.345323" lon="6.206025">
        <ele>375.4</ele>
        <time>2026-08-18T05:53:37Z</time>
      </trkpt>
      <trkpt lat="46.345234" lon="6.206001">
        <ele>375.4</ele>
        <time>2026-08-18T05:53:38Z</time>
      </trkpt>
      <trkpt lat="46.345144" lon="6.20598">
        <ele>375.4</ele>
        <time>2026-08-18T05:53:39Z</time>
      </trkpt>
      <trkpt lat="46.345054" lon="6.20596">
        <ele>375.6</ele>
        <time>2026-08-18T05:53:40Z</time>
      </trkpt>
      <trkpt lat="46.344963" lon="6.205934">
        <ele>375.6</ele>
        <time>2026-08-18T05:53:41Z</time>
      </trkpt>
      <trkpt lat="46.344869" lon="6.205911">
        <ele>375.6</ele>
        <time>2026-08-18T05:53:42Z</time>
      </trkpt>
      <trkpt lat="46.344772" lon="6.205888">
        <ele>375.6</ele>
        <time>2026-08-18T05:53:43Z</time>
      </trkpt>
      <trkpt lat="46.344675" lon="6.205869">
        <ele>375.6</ele>
        <time>2026-08-18T05:53:44Z</time>
      </trkpt>
      <trkpt lat="46.344577" lon="6.205848">
        <ele>375.6</ele>
        <time>2026-08-18T05:53:45Z</time>
      </trkpt>
      <trkpt lat="46.344482" lon="6.205828">
        <ele>375.6</ele>
        <time>2026-08-18T05:53:46Z</time>
      </trkpt>
      <trkpt lat="46.344387" lon="6.205805">
        <ele>375.6</ele>
        <time>2026-08-18T05:53:47Z</time>
      </trkpt>
      <trkpt lat="46.344293" lon="6.20578">
        <ele>375.6</ele>
        <time>2026-08-18T05:53:48Z</time>
      </trkpt>
      <trkpt lat="46.344199" lon="6.205754">
        <ele>375.4</ele>
        <time>2026-08-18T05:53:49Z</time>
      </trkpt>
      <trkpt lat="46.344104" lon="6.205729">
        <ele>375.4</ele>
        <time>2026-08-18T05:53:50Z</time>
      </trkpt>
      <trkpt lat="46.344009" lon="6.205705">
        <ele>375.4</ele>
        <time>2026-08-18T05:53:51Z</time>
      </trkpt>
      <trkpt lat="46.343912" lon="6.205684">
        <ele>375.4</ele>
        <time>2026-08-18T05:53:52Z</time>
      </trkpt>
      <trkpt lat="46.343814" lon="6.205667">
        <ele>375.4</ele>
        <time>2026-08-18T05:53:53Z</time>
      </trkpt>
      <trkpt lat="46.343716" lon="6.205649">
        <ele>375.4</ele>
        <time>2026-08-18T05:53:54Z</time>
      </trkpt>
      <trkpt lat="46.343618" lon="6.205626">
        <ele>375.4</ele>
        <time>2026-08-18T05:53:55Z</time>
      </trkpt>
      <trkpt lat="46.34352" lon="6.205604">
        <ele>375.4</ele>
        <time>2026-08-18T05:53:56Z</time>
      </trkpt>
      <trkpt lat="46.343423" lon="6.205577">
        <ele>375.4</ele>
        <time>2026-08-18T05:53:57Z</time>
      </trkpt>
      <trkpt lat="46.343324" lon="6.205556">
        <ele>375.4</ele>
        <time>2026-08-18T05:53:58Z</time>
      </trkpt>
      <trkpt lat="46.343225" lon="6.205539">
        <ele>375.4</ele>
        <time>2026-08-18T05:53:59Z</time>
      </trkpt>
      <trkpt lat="46.343126" lon="6.205517">
        <ele>375.6</ele>
        <time>2026-08-18T05:54:00Z</time>
      </trkpt>
      <trkpt lat="46.343028" lon="6.205493">
        <ele>375.6</ele>
        <time>2026-08-18T05:54:01Z</time>
      </trkpt>
      <trkpt lat="46.342931" lon="6.205471">
        <ele>375.6</ele>
        <time>2026-08-18T05:54:02Z</time>
      </trkpt>
      <trkpt lat="46.342832" lon="6.205451">
        <ele>375.8</ele>
        <time>2026-08-18T05:54:03Z</time>
      </trkpt>
      <trkpt lat="46.342733" lon="6.205428">
        <ele>375.8</ele>
        <time>2026-08-18T05:54:04Z</time>
      </trkpt>
      <trkpt lat="46.342634" lon="6.205399">
        <ele>375.8</ele>
        <time>2026-08-18T05:54:05Z</time>
      </trkpt>
      <trkpt lat="46.342537" lon="6.205372">
        <ele>375.8</ele>
        <time>2026-08-18T05:54:06Z</time>
      </trkpt>
      <trkpt lat="46.342439" lon="6.205349">
        <ele>375.8</ele>
        <time>2026-08-18T05:54:07Z</time>
      </trkpt>
      <trkpt lat="46.342341" lon="6.205328">
        <ele>375.8</ele>
        <time>2026-08-18T05:54:08Z</time>
      </trkpt>
      <trkpt lat="46.342242" lon="6.205305">
        <ele>376.0</ele>
        <time>2026-08-18T05:54:09Z</time>
      </trkpt>
      <trkpt lat="46.342143" lon="6.205279">
        <ele>376.0</ele>
        <time>2026-08-18T05:54:10Z</time>
      </trkpt>
      <trkpt lat="46.342045" lon="6.205254">
        <ele>376.0</ele>
        <time>2026-08-18T05:54:11Z</time>
      </trkpt>
      <trkpt lat="46.341947" lon="6.205229">
        <ele>376.0</ele>
        <time>2026-08-18T05:54:12Z</time>
      </trkpt>
      <trkpt lat="46.34185" lon="6.205203">
        <ele>376.0</ele>
        <time>2026-08-18T05:54:13Z</time>
      </trkpt>
      <trkpt lat="46.341754" lon="6.205173">
        <ele>376.2</ele>
        <time>2026-08-18T05:54:14Z</time>
      </trkpt>
      <trkpt lat="46.341659" lon="6.205141">
        <ele>376.2</ele>
        <time>2026-08-18T05:54:15Z</time>
      </trkpt>
      <trkpt lat="46.341564" lon="6.205111">
        <ele>376.2</ele>
        <time>2026-08-18T05:54:16Z</time>
      </trkpt>
      <trkpt lat="46.341469" lon="6.205086">
        <ele>376.4</ele>
        <time>2026-08-18T05:54:17Z</time>
      </trkpt>
      <trkpt lat="46.341375" lon="6.205058">
        <ele>376.4</ele>
        <time>2026-08-18T05:54:18Z</time>
      </trkpt>
      <trkpt lat="46.341283" lon="6.205025">
        <ele>376.6</ele>
        <time>2026-08-18T05:54:19Z</time>
      </trkpt>
      <trkpt lat="46.34119" lon="6.204989">
        <ele>376.6</ele>
        <time>2026-08-18T05:54:20Z</time>
      </trkpt>
      <trkpt lat="46.341099" lon="6.20495">
        <ele>376.8</ele>
        <time>2026-08-18T05:54:21Z</time>
      </trkpt>
      <trkpt lat="46.341008" lon="6.204912">
        <ele>377.0</ele>
        <time>2026-08-18T05:54:22Z</time>
      </trkpt>
      <trkpt lat="46.340916" lon="6.204874">
        <ele>377.0</ele>
        <time>2026-08-18T05:54:23Z</time>
      </trkpt>
      <trkpt lat="46.340829" lon="6.20483">
        <ele>377.0</ele>
        <time>2026-08-18T05:54:24Z</time>
      </trkpt>
      <trkpt lat="46.340742" lon="6.204785">
        <ele>377.0</ele>
        <time>2026-08-18T05:54:25Z</time>
      </trkpt>
      <trkpt lat="46.340653" lon="6.204741">
        <ele>377.0</ele>
        <time>2026-08-18T05:54:26Z</time>
      </trkpt>
      <trkpt lat="46.340566" lon="6.204704">
        <ele>377.2</ele>
        <time>2026-08-18T05:54:27Z</time>
      </trkpt>
      <trkpt lat="46.340479" lon="6.204672">
        <ele>377.2</ele>
        <time>2026-08-18T05:54:28Z</time>
      </trkpt>
      <trkpt lat="46.340391" lon="6.204637">
        <ele>377.4</ele>
        <time>2026-08-18T05:54:29Z</time>
      </trkpt>
      <trkpt lat="46.340308" lon="6.204588">
        <ele>377.6</ele>
        <time>2026-08-18T05:54:30Z</time>
      </trkpt>
      <trkpt lat="46.340227" lon="6.204543">
        <ele>377.8</ele>
        <time>2026-08-18T05:54:31Z</time>
      </trkpt>
      <trkpt lat="46.340146" lon="6.204495">
        <ele>378.0</ele>
        <time>2026-08-18T05:54:32Z</time>
      </trkpt>
      <trkpt lat="46.340067" lon="6.204449">
        <ele>378.0</ele>
        <time>2026-08-18T05:54:33Z</time>
      </trkpt>
      <trkpt lat="46.339988" lon="6.2044">
        <ele>378.2</ele>
        <time>2026-08-18T05:54:34Z</time>
      </trkpt>
      <trkpt lat="46.339909" lon="6.204349">
        <ele>378.4</ele>
        <time>2026-08-18T05:54:35Z</time>
      </trkpt>
      <trkpt lat="46.339827" lon="6.204296">
        <ele>378.4</ele>
        <time>2026-08-18T05:54:36Z</time>
      </trkpt>
      <trkpt lat="46.339746" lon="6.204242">
        <ele>378.4</ele>
        <time>2026-08-18T05:54:37Z</time>
      </trkpt>
      <trkpt lat="46.339666" lon="6.20419">
        <ele>378.6</ele>
        <time>2026-08-18T05:54:38Z</time>
      </trkpt>
      <trkpt lat="46.339588" lon="6.204134">
        <ele>378.6</ele>
        <time>2026-08-18T05:54:39Z</time>
      </trkpt>
      <trkpt lat="46.339508" lon="6.20408">
        <ele>378.8</ele>
        <time>2026-08-18T05:54:40Z</time>
      </trkpt>
      <trkpt lat="46.33943" lon="6.204021">
        <ele>379.0</ele>
        <time>2026-08-18T05:54:41Z</time>
      </trkpt>
      <trkpt lat="46.33935" lon="6.203967">
        <ele>379.2</ele>
        <time>2026-08-18T05:54:42Z</time>
      </trkpt>
      <trkpt lat="46.339269" lon="6.203913">
        <ele>379.2</ele>
        <time>2026-08-18T05:54:43Z</time>
      </trkpt>
      <trkpt lat="46.339186" lon="6.203857">
        <ele>379.4</ele>
        <time>2026-08-18T05:54:44Z</time>
      </trkpt>
      <trkpt lat="46.339105" lon="6.203799">
        <ele>379.4</ele>
        <time>2026-08-18T05:54:45Z</time>
      </trkpt>
      <trkpt lat="46.339025" lon="6.203744">
        <ele>379.4</ele>
        <time>2026-08-18T05:54:46Z</time>
      </trkpt>
      <trkpt lat="46.338943" lon="6.203687">
        <ele>379.6</ele>
        <time>2026-08-18T05:54:47Z</time>
      </trkpt>
      <trkpt lat="46.338862" lon="6.20363">
        <ele>379.6</ele>
        <time>2026-08-18T05:54:48Z</time>
      </trkpt>
      <trkpt lat="46.33878" lon="6.203574">
        <ele>379.8</ele>
        <time>2026-08-18T05:54:49Z</time>
      </trkpt>
      <trkpt lat="46.338694" lon="6.203521">
        <ele>379.8</ele>
        <time>2026-08-18T05:54:50Z</time>
      </trkpt>
      <trkpt lat="46.338608" lon="6.203467">
        <ele>379.8</ele>
        <time>2026-08-18T05:54:51Z</time>
      </trkpt>
      <trkpt lat="46.33852" lon="6.203411">
        <ele>379.6</ele>
        <time>2026-08-18T05:54:52Z</time>
      </trkpt>
      <trkpt lat="46.338432" lon="6.203358">
        <ele>379.4</ele>
        <time>2026-08-18T05:54:53Z</time>
      </trkpt>
      <trkpt lat="46.338343" lon="6.203306">
        <ele>379.0</ele>
        <time>2026-08-18T05:54:54Z</time>
      </trkpt>
      <trkpt lat="46.338254" lon="6.203256">
        <ele>378.8</ele>
        <time>2026-08-18T05:54:55Z</time>
      </trkpt>
      <trkpt lat="46.338164" lon="6.203206">
        <ele>378.8</ele>
        <time>2026-08-18T05:54:56Z</time>
      </trkpt>
      <trkpt lat="46.338073" lon="6.203156">
        <ele>378.4</ele>
        <time>2026-08-18T05:54:57Z</time>
      </trkpt>
      <trkpt lat="46.337981" lon="6.203107">
        <ele>378.4</ele>
        <time>2026-08-18T05:54:58Z</time>
      </trkpt>
      <trkpt lat="46.337889" lon="6.20306">
        <ele>378.2</ele>
        <time>2026-08-18T05:54:59Z</time>
      </trkpt>
      <trkpt lat="46.337796" lon="6.203013">
        <ele>378.0</ele>
        <time>2026-08-18T05:55:00Z</time>
      </trkpt>
      <trkpt lat="46.337701" lon="6.20297">
        <ele>377.8</ele>
        <time>2026-08-18T05:55:01Z</time>
      </trkpt>
      <trkpt lat="46.337606" lon="6.202928">
        <ele>377.8</ele>
        <time>2026-08-18T05:55:02Z</time>
      </trkpt>
      <trkpt lat="46.337511" lon="6.202887">
        <ele>377.6</ele>
        <time>2026-08-18T05:55:03Z</time>
      </trkpt>
      <trkpt lat="46.337413" lon="6.202846">
        <ele>377.4</ele>
        <time>2026-08-18T05:55:04Z</time>
      </trkpt>
      <trkpt lat="46.337316" lon="6.202806">
        <ele>377.2</ele>
        <time>2026-08-18T05:55:05Z</time>
      </trkpt>
      <trkpt lat="46.337217" lon="6.202766">
        <ele>377.0</ele>
        <time>2026-08-18T05:55:06Z</time>
      </trkpt>
      <trkpt lat="46.337119" lon="6.202728">
        <ele>376.8</ele>
        <time>2026-08-18T05:55:07Z</time>
      </trkpt>
      <trkpt lat="46.33702" lon="6.202697">
        <ele>376.6</ele>
        <time>2026-08-18T05:55:08Z</time>
      </trkpt>
      <trkpt lat="46.336922" lon="6.202663">
        <ele>376.4</ele>
        <time>2026-08-18T05:55:09Z</time>
      </trkpt>
      <trkpt lat="46.336823" lon="6.202633">
        <ele>376.2</ele>
        <time>2026-08-18T05:55:10Z</time>
      </trkpt>
      <trkpt lat="46.33672" lon="6.202603">
        <ele>376.0</ele>
        <time>2026-08-18T05:55:11Z</time>
      </trkpt>
      <trkpt lat="46.33662" lon="6.202574">
        <ele>375.8</ele>
        <time>2026-08-18T05:55:12Z</time>
      </trkpt>
      <trkpt lat="46.336516" lon="6.202545">
        <ele>375.6</ele>
        <time>2026-08-18T05:55:13Z</time>
      </trkpt>
      <trkpt lat="46.336415" lon="6.202517">
        <ele>375.2</ele>
        <time>2026-08-18T05:55:14Z</time>
      </trkpt>
      <trkpt lat="46.336313" lon="6.202491">
        <ele>375.2</ele>
        <time>2026-08-18T05:55:15Z</time>
      </trkpt>
      <trkpt lat="46.336211" lon="6.202467">
        <ele>374.8</ele>
        <time>2026-08-18T05:55:16Z</time>
      </trkpt>
      <trkpt lat="46.336108" lon="6.202445">
        <ele>374.8</ele>
        <time>2026-08-18T05:55:17Z</time>
      </trkpt>
      <trkpt lat="46.336004" lon="6.202428">
        <ele>374.8</ele>
        <time>2026-08-18T05:55:18Z</time>
      </trkpt>
      <trkpt lat="46.335899" lon="6.202415">
        <ele>374.8</ele>
        <time>2026-08-18T05:55:19Z</time>
      </trkpt>
      <trkpt lat="46.335795" lon="6.2024">
        <ele>374.8</ele>
        <time>2026-08-18T05:55:20Z</time>
      </trkpt>
      <trkpt lat="46.335693" lon="6.202385">
        <ele>374.8</ele>
        <time>2026-08-18T05:55:21Z</time>
      </trkpt>
      <trkpt lat="46.335591" lon="6.202374">
        <ele>374.8</ele>
        <time>2026-08-18T05:55:22Z</time>
      </trkpt>
      <trkpt lat="46.335489" lon="6.202363">
        <ele>374.6</ele>
        <time>2026-08-18T05:55:23Z</time>
      </trkpt>
      <trkpt lat="46.335386" lon="6.202353">
        <ele>374.8</ele>
        <time>2026-08-18T05:55:24Z</time>
      </trkpt>
      <trkpt lat="46.335282" lon="6.202346">
        <ele>374.8</ele>
        <time>2026-08-18T05:55:25Z</time>
      </trkpt>
      <trkpt lat="46.335176" lon="6.202341">
        <ele>375.0</ele>
        <time>2026-08-18T05:55:26Z</time>
      </trkpt>
      <trkpt lat="46.335072" lon="6.202335">
        <ele>375.0</ele>
        <time>2026-08-18T05:55:27Z</time>
      </trkpt>
      <trkpt lat="46.334968" lon="6.202332">
        <ele>375.0</ele>
        <time>2026-08-18T05:55:28Z</time>
      </trkpt>
      <trkpt lat="46.334864" lon="6.202331">
        <ele>375.0</ele>
        <time>2026-08-18T05:55:29Z</time>
      </trkpt>
      <trkpt lat="46.334761" lon="6.202332">
        <ele>375.0</ele>
        <time>2026-08-18T05:55:30Z</time>
      </trkpt>
      <trkpt lat="46.334658" lon="6.202328">
        <ele>375.0</ele>
        <time>2026-08-18T05:55:31Z</time>
      </trkpt>
      <trkpt lat="46.334553" lon="6.202327">
        <ele>375.0</ele>
        <time>2026-08-18T05:55:32Z</time>
      </trkpt>
      <trkpt lat="46.33445" lon="6.202327">
        <ele>375.0</ele>
        <time>2026-08-18T05:55:33Z</time>
      </trkpt>
      <trkpt lat="46.334346" lon="6.202327">
        <ele>375.0</ele>
        <time>2026-08-18T05:55:34Z</time>
      </trkpt>
      <trkpt lat="46.334242" lon="6.202328">
        <ele>375.0</ele>
        <time>2026-08-18T05:55:35Z</time>
      </trkpt>
      <trkpt lat="46.33414" lon="6.202329">
        <ele>375.0</ele>
        <time>2026-08-18T05:55:36Z</time>
      </trkpt>
      <trkpt lat="46.334037" lon="6.202329">
        <ele>375.0</ele>
        <time>2026-08-18T05:55:37Z</time>
      </trkpt>
      <trkpt lat="46.333936" lon="6.202332">
        <ele>375.0</ele>
        <time>2026-08-18T05:55:38Z</time>
      </trkpt>
      <trkpt lat="46.333833" lon="6.202333">
        <ele>374.8</ele>
        <time>2026-08-18T05:55:39Z</time>
      </trkpt>
      <trkpt lat="46.333732" lon="6.202336">
        <ele>374.8</ele>
        <time>2026-08-18T05:55:40Z</time>
      </trkpt>
      <trkpt lat="46.333631" lon="6.20234">
        <ele>374.8</ele>
        <time>2026-08-18T05:55:41Z</time>
      </trkpt>
      <trkpt lat="46.333529" lon="6.202343">
        <ele>374.8</ele>
        <time>2026-08-18T05:55:42Z</time>
      </trkpt>
      <trkpt lat="46.333429" lon="6.202343">
        <ele>375.0</ele>
        <time>2026-08-18T05:55:43Z</time>
      </trkpt>
      <trkpt lat="46.333329" lon="6.202344">
        <ele>375.0</ele>
        <time>2026-08-18T05:55:44Z</time>
      </trkpt>
      <trkpt lat="46.333228" lon="6.202345">
        <ele>375.0</ele>
        <time>2026-08-18T05:55:45Z</time>
      </trkpt>
      <trkpt lat="46.333128" lon="6.202345">
        <ele>375.0</ele>
        <time>2026-08-18T05:55:46Z</time>
      </trkpt>
      <trkpt lat="46.333029" lon="6.202345">
        <ele>375.0</ele>
        <time>2026-08-18T05:55:47Z</time>
      </trkpt>
      <trkpt lat="46.332929" lon="6.202346">
        <ele>375.0</ele>
        <time>2026-08-18T05:55:48Z</time>
      </trkpt>
      <trkpt lat="46.332833" lon="6.202343">
        <ele>374.8</ele>
        <time>2026-08-18T05:55:49Z</time>
      </trkpt>
      <trkpt lat="46.332736" lon="6.202339">
        <ele>375.0</ele>
        <time>2026-08-18T05:55:50Z</time>
      </trkpt>
      <trkpt lat="46.332639" lon="6.202332">
        <ele>375.0</ele>
        <time>2026-08-18T05:55:51Z</time>
      </trkpt>
      <trkpt lat="46.332541" lon="6.202321">
        <ele>375.2</ele>
        <time>2026-08-18T05:55:52Z</time>
      </trkpt>
      <trkpt lat="46.332447" lon="6.20231">
        <ele>375.2</ele>
        <time>2026-08-18T05:55:53Z</time>
      </trkpt>
      <trkpt lat="46.332353" lon="6.202298">
        <ele>375.4</ele>
        <time>2026-08-18T05:55:54Z</time>
      </trkpt>
      <trkpt lat="46.332259" lon="6.202284">
        <ele>375.4</ele>
        <time>2026-08-18T05:55:55Z</time>
      </trkpt>
      <trkpt lat="46.332169" lon="6.202266">
        <ele>375.4</ele>
        <time>2026-08-18T05:55:56Z</time>
      </trkpt>
      <trkpt lat="46.332081" lon="6.202247">
        <ele>375.6</ele>
        <time>2026-08-18T05:55:57Z</time>
      </trkpt>
      <trkpt lat="46.331992" lon="6.202228">
        <ele>375.6</ele>
        <time>2026-08-18T05:55:58Z</time>
      </trkpt>
      <trkpt lat="46.331902" lon="6.202213">
        <ele>375.8</ele>
        <time>2026-08-18T05:55:59Z</time>
      </trkpt>
      <trkpt lat="46.33181" lon="6.202197">
        <ele>375.8</ele>
        <time>2026-08-18T05:56:00Z</time>
      </trkpt>
      <trkpt lat="46.331719" lon="6.202182">
        <ele>376.0</ele>
        <time>2026-08-18T05:56:01Z</time>
      </trkpt>
      <trkpt lat="46.331631" lon="6.202159">
        <ele>376.0</ele>
        <time>2026-08-18T05:56:02Z</time>
      </trkpt>
      <trkpt lat="46.331544" lon="6.202135">
        <ele>376.2</ele>
        <time>2026-08-18T05:56:03Z</time>
      </trkpt>
      <trkpt lat="46.331458" lon="6.202104">
        <ele>376.4</ele>
        <time>2026-08-18T05:56:04Z</time>
      </trkpt>
      <trkpt lat="46.331372" lon="6.202072">
        <ele>376.6</ele>
        <time>2026-08-18T05:56:05Z</time>
      </trkpt>
      <trkpt lat="46.331286" lon="6.202043">
        <ele>376.8</ele>
        <time>2026-08-18T05:56:06Z</time>
      </trkpt>
      <trkpt lat="46.331202" lon="6.202013">
        <ele>376.8</ele>
        <time>2026-08-18T05:56:07Z</time>
      </trkpt>
      <trkpt lat="46.331118" lon="6.201979">
        <ele>376.8</ele>
        <time>2026-08-18T05:56:08Z</time>
      </trkpt>
      <trkpt lat="46.331034" lon="6.201946">
        <ele>377.0</ele>
        <time>2026-08-18T05:56:09Z</time>
      </trkpt>
      <trkpt lat="46.33095" lon="6.201911">
        <ele>377.0</ele>
        <time>2026-08-18T05:56:10Z</time>
      </trkpt>
      <trkpt lat="46.330866" lon="6.201874">
        <ele>377.0</ele>
        <time>2026-08-18T05:56:11Z</time>
      </trkpt>
      <trkpt lat="46.330783" lon="6.201836">
        <ele>377.2</ele>
        <time>2026-08-18T05:56:12Z</time>
      </trkpt>
      <trkpt lat="46.330701" lon="6.201799">
        <ele>377.2</ele>
        <time>2026-08-18T05:56:13Z</time>
      </trkpt>
      <trkpt lat="46.330619" lon="6.201762">
        <ele>377.4</ele>
        <time>2026-08-18T05:56:14Z</time>
      </trkpt>
      <trkpt lat="46.330537" lon="6.201723">
        <ele>377.6</ele>
        <time>2026-08-18T05:56:15Z</time>
      </trkpt>
      <trkpt lat="46.330457" lon="6.20168">
        <ele>377.6</ele>
        <time>2026-08-18T05:56:16Z</time>
      </trkpt>
      <trkpt lat="46.330376" lon="6.201644">
        <ele>377.8</ele>
        <time>2026-08-18T05:56:17Z</time>
      </trkpt>
      <trkpt lat="46.330295" lon="6.201607">
        <ele>378.0</ele>
        <time>2026-08-18T05:56:18Z</time>
      </trkpt>
      <trkpt lat="46.330215" lon="6.20157">
        <ele>378.0</ele>
        <time>2026-08-18T05:56:19Z</time>
      </trkpt>
      <trkpt lat="46.330137" lon="6.201532">
        <ele>378.0</ele>
        <time>2026-08-18T05:56:20Z</time>
      </trkpt>
      <trkpt lat="46.330059" lon="6.20149">
        <ele>378.2</ele>
        <time>2026-08-18T05:56:21Z</time>
      </trkpt>
      <trkpt lat="46.329982" lon="6.201445">
        <ele>378.0</ele>
        <time>2026-08-18T05:56:22Z</time>
      </trkpt>
      <trkpt lat="46.329904" lon="6.201399">
        <ele>378.0</ele>
        <time>2026-08-18T05:56:23Z</time>
      </trkpt>
      <trkpt lat="46.329827" lon="6.20135">
        <ele>378.2</ele>
        <time>2026-08-18T05:56:24Z</time>
      </trkpt>
      <trkpt lat="46.329753" lon="6.2013">
        <ele>378.4</ele>
        <time>2026-08-18T05:56:25Z</time>
      </trkpt>
      <trkpt lat="46.329678" lon="6.20125">
        <ele>378.4</ele>
        <time>2026-08-18T05:56:26Z</time>
      </trkpt>
      <trkpt lat="46.329605" lon="6.201201">
        <ele>378.6</ele>
        <time>2026-08-18T05:56:27Z</time>
      </trkpt>
      <trkpt lat="46.32953" lon="6.201154">
        <ele>378.6</ele>
        <time>2026-08-18T05:56:28Z</time>
      </trkpt>
      <trkpt lat="46.329457" lon="6.201102">
        <ele>378.6</ele>
        <time>2026-08-18T05:56:29Z</time>
      </trkpt>
      <trkpt lat="46.329384" lon="6.201051">
        <ele>378.6</ele>
        <time>2026-08-18T05:56:30Z</time>
      </trkpt>
      <trkpt lat="46.32931" lon="6.201002">
        <ele>378.6</ele>
        <time>2026-08-18T05:56:31Z</time>
      </trkpt>
      <trkpt lat="46.329236" lon="6.20095">
        <ele>378.6</ele>
        <time>2026-08-18T05:56:32Z</time>
      </trkpt>
      <trkpt lat="46.329162" lon="6.200895">
        <ele>378.6</ele>
        <time>2026-08-18T05:56:33Z</time>
      </trkpt>
      <trkpt lat="46.329089" lon="6.20084">
        <ele>378.6</ele>
        <time>2026-08-18T05:56:34Z</time>
      </trkpt>
      <trkpt lat="46.329016" lon="6.200784">
        <ele>378.8</ele>
        <time>2026-08-18T05:56:35Z</time>
      </trkpt>
      <trkpt lat="46.328944" lon="6.200727">
        <ele>378.8</ele>
        <time>2026-08-18T05:56:36Z</time>
      </trkpt>
      <trkpt lat="46.328875" lon="6.200667">
        <ele>378.8</ele>
        <time>2026-08-18T05:56:37Z</time>
      </trkpt>
      <trkpt lat="46.328805" lon="6.200607">
        <ele>379.0</ele>
        <time>2026-08-18T05:56:38Z</time>
      </trkpt>
      <trkpt lat="46.328735" lon="6.200548">
        <ele>379.2</ele>
        <time>2026-08-18T05:56:39Z</time>
      </trkpt>
      <trkpt lat="46.328666" lon="6.200489">
        <ele>379.2</ele>
        <time>2026-08-18T05:56:40Z</time>
      </trkpt>
      <trkpt lat="46.328596" lon="6.200433">
        <ele>379.4</ele>
        <time>2026-08-18T05:56:41Z</time>
      </trkpt>
      <trkpt lat="46.328527" lon="6.200375">
        <ele>379.4</ele>
        <time>2026-08-18T05:56:42Z</time>
      </trkpt>
      <trkpt lat="46.328461" lon="6.200317">
        <ele>379.6</ele>
        <time>2026-08-18T05:56:43Z</time>
      </trkpt>
      <trkpt lat="46.328394" lon="6.200259">
        <ele>379.8</ele>
        <time>2026-08-18T05:56:44Z</time>
      </trkpt>
      <trkpt lat="46.32833" lon="6.200201">
        <ele>379.8</ele>
        <time>2026-08-18T05:56:45Z</time>
      </trkpt>
      <trkpt lat="46.328266" lon="6.200148">
        <ele>380.0</ele>
        <time>2026-08-18T05:56:46Z</time>
      </trkpt>
      <trkpt lat="46.328201" lon="6.200096">
        <ele>380.0</ele>
        <time>2026-08-18T05:56:47Z</time>
      </trkpt>
      <trkpt lat="46.328138" lon="6.200041">
        <ele>380.0</ele>
        <time>2026-08-18T05:56:48Z</time>
      </trkpt>
      <trkpt lat="46.328077" lon="6.199982">
        <ele>380.2</ele>
        <time>2026-08-18T05:56:49Z</time>
      </trkpt>
      <trkpt lat="46.328024" lon="6.199907">
        <ele>380.4</ele>
        <time>2026-08-18T05:56:50Z</time>
      </trkpt>
      <trkpt lat="46.327983" lon="6.199818">
        <ele>380.6</ele>
        <time>2026-08-18T05:56:51Z</time>
      </trkpt>
      <trkpt lat="46.327958" lon="6.199718">
        <ele>381.0</ele>
        <time>2026-08-18T05:56:52Z</time>
      </trkpt>
      <trkpt lat="46.327939" lon="6.199616">
        <ele>381.2</ele>
        <time>2026-08-18T05:56:53Z</time>
      </trkpt>
      <trkpt lat="46.327925" lon="6.199513">
        <ele>381.4</ele>
        <time>2026-08-18T05:56:54Z</time>
      </trkpt>
      <trkpt lat="46.327927" lon="6.19941">
        <ele>381.6</ele>
        <time>2026-08-18T05:56:55Z</time>
      </trkpt>
      <trkpt lat="46.327944" lon="6.19932">
        <ele>381.8</ele>
        <time>2026-08-18T05:56:56Z</time>
      </trkpt>
      <trkpt lat="46.327972" lon="6.199239">
        <ele>382.0</ele>
        <time>2026-08-18T05:56:57Z</time>
      </trkpt>
      <trkpt lat="46.328002" lon="6.199163">
        <ele>382.6</ele>
        <time>2026-08-18T05:56:58Z</time>
      </trkpt>
      <trkpt lat="46.328029" lon="6.19909">
        <ele>382.8</ele>
        <time>2026-08-18T05:56:59Z</time>
      </trkpt>
      <trkpt lat="46.328054" lon="6.199018">
        <ele>383.2</ele>
        <time>2026-08-18T05:57:00Z</time>
      </trkpt>
      <trkpt lat="46.328083" lon="6.198948">
        <ele>383.4</ele>
        <time>2026-08-18T05:57:01Z</time>
      </trkpt>
      <trkpt lat="46.328113" lon="6.198875">
        <ele>383.6</ele>
        <time>2026-08-18T05:57:02Z</time>
      </trkpt>
      <trkpt lat="46.32814" lon="6.198804">
        <ele>383.8</ele>
        <time>2026-08-18T05:57:03Z</time>
      </trkpt>
      <trkpt lat="46.328168" lon="6.198732">
        <ele>384.0</ele>
        <time>2026-08-18T05:57:04Z</time>
      </trkpt>
      <trkpt lat="46.328196" lon="6.198659">
        <ele>384.2</ele>
        <time>2026-08-18T05:57:05Z</time>
      </trkpt>
      <trkpt lat="46.328223" lon="6.198587">
        <ele>384.4</ele>
        <time>2026-08-18T05:57:06Z</time>
      </trkpt>
      <trkpt lat="46.328251" lon="6.198514">
        <ele>384.6</ele>
        <time>2026-08-18T05:57:07Z</time>
      </trkpt>
      <trkpt lat="46.328279" lon="6.198444">
        <ele>384.8</ele>
        <time>2026-08-18T05:57:08Z</time>
      </trkpt>
      <trkpt lat="46.328306" lon="6.198371">
        <ele>385.0</ele>
        <time>2026-08-18T05:57:09Z</time>
      </trkpt>
      <trkpt lat="46.328332" lon="6.198299">
        <ele>385.2</ele>
        <time>2026-08-18T05:57:10Z</time>
      </trkpt>
      <trkpt lat="46.328358" lon="6.19823">
        <ele>385.4</ele>
        <time>2026-08-18T05:57:11Z</time>
      </trkpt>
      <trkpt lat="46.328383" lon="6.19816">
        <ele>385.6</ele>
        <time>2026-08-18T05:57:12Z</time>
      </trkpt>
      <trkpt lat="46.328407" lon="6.198088">
        <ele>385.8</ele>
        <time>2026-08-18T05:57:13Z</time>
      </trkpt>
      <trkpt lat="46.328435" lon="6.19802">
        <ele>386.0</ele>
        <time>2026-08-18T05:57:14Z</time>
      </trkpt>
      <trkpt lat="46.328463" lon="6.197954">
        <ele>386.2</ele>
        <time>2026-08-18T05:57:15Z</time>
      </trkpt>
      <trkpt lat="46.328488" lon="6.197886">
        <ele>386.2</ele>
        <time>2026-08-18T05:57:16Z</time>
      </trkpt>
      <trkpt lat="46.328512" lon="6.197817">
        <ele>386.4</ele>
        <time>2026-08-18T05:57:17Z</time>
      </trkpt>
      <trkpt lat="46.32854" lon="6.197748">
        <ele>386.6</ele>
        <time>2026-08-18T05:57:18Z</time>
      </trkpt>
      <trkpt lat="46.328567" lon="6.197679">
        <ele>386.8</ele>
        <time>2026-08-18T05:57:19Z</time>
      </trkpt>
      <trkpt lat="46.328589" lon="6.197605">
        <ele>387.0</ele>
        <time>2026-08-18T05:57:20Z</time>
      </trkpt>
      <trkpt lat="46.328616" lon="6.197533">
        <ele>387.0</ele>
        <time>2026-08-18T05:57:21Z</time>
      </trkpt>
      <trkpt lat="46.328642" lon="6.197461">
        <ele>387.2</ele>
        <time>2026-08-18T05:57:22Z</time>
      </trkpt>
      <trkpt lat="46.328668" lon="6.197389">
        <ele>387.4</ele>
        <time>2026-08-18T05:57:23Z</time>
      </trkpt>
      <trkpt lat="46.328696" lon="6.197316">
        <ele>387.6</ele>
        <time>2026-08-18T05:57:24Z</time>
      </trkpt>
      <trkpt lat="46.328723" lon="6.197241">
        <ele>387.6</ele>
        <time>2026-08-18T05:57:25Z</time>
      </trkpt>
      <trkpt lat="46.32875" lon="6.197167">
        <ele>387.8</ele>
        <time>2026-08-18T05:57:26Z</time>
      </trkpt>
      <trkpt lat="46.328773" lon="6.197093">
        <ele>387.8</ele>
        <time>2026-08-18T05:57:27Z</time>
      </trkpt>
      <trkpt lat="46.328798" lon="6.197021">
        <ele>387.8</ele>
        <time>2026-08-18T05:57:28Z</time>
      </trkpt>
      <trkpt lat="46.328821" lon="6.19695">
        <ele>388.0</ele>
        <time>2026-08-18T05:57:29Z</time>
      </trkpt>
      <trkpt lat="46.328845" lon="6.196879">
        <ele>388.2</ele>
        <time>2026-08-18T05:57:30Z</time>
      </trkpt>
      <trkpt lat="46.328867" lon="6.196808">
        <ele>388.4</ele>
        <time>2026-08-18T05:57:31Z</time>
      </trkpt>
      <trkpt lat="46.328888" lon="6.196737">
        <ele>388.6</ele>
        <time>2026-08-18T05:57:32Z</time>
      </trkpt>
      <trkpt lat="46.328911" lon="6.196667">
        <ele>388.8</ele>
        <time>2026-08-18T05:57:33Z</time>
      </trkpt>
      <trkpt lat="46.328935" lon="6.196599">
        <ele>389.0</ele>
        <time>2026-08-18T05:57:34Z</time>
      </trkpt>
      <trkpt lat="46.328959" lon="6.196528">
        <ele>389.2</ele>
        <time>2026-08-18T05:57:35Z</time>
      </trkpt>
      <trkpt lat="46.32898" lon="6.196461">
        <ele>389.4</ele>
        <time>2026-08-18T05:57:36Z</time>
      </trkpt>
      <trkpt lat="46.329" lon="6.196395">
        <ele>389.6</ele>
        <time>2026-08-18T05:57:37Z</time>
      </trkpt>
      <trkpt lat="46.32902" lon="6.196327">
        <ele>389.6</ele>
        <time>2026-08-18T05:57:38Z</time>
      </trkpt>
      <trkpt lat="46.329039" lon="6.196256">
        <ele>389.8</ele>
        <time>2026-08-18T05:57:39Z</time>
      </trkpt>
      <trkpt lat="46.329061" lon="6.196181">
        <ele>390.0</ele>
        <time>2026-08-18T05:57:40Z</time>
      </trkpt>
      <trkpt lat="46.329084" lon="6.196107">
        <ele>390.2</ele>
        <time>2026-08-18T05:57:41Z</time>
      </trkpt>
      <trkpt lat="46.329105" lon="6.196033">
        <ele>390.4</ele>
        <time>2026-08-18T05:57:42Z</time>
      </trkpt>
      <trkpt lat="46.329129" lon="6.195957">
        <ele>390.4</ele>
        <time>2026-08-18T05:57:43Z</time>
      </trkpt>
      <trkpt lat="46.329153" lon="6.19588">
        <ele>390.6</ele>
        <time>2026-08-18T05:57:44Z</time>
      </trkpt>
      <trkpt lat="46.329176" lon="6.1958">
        <ele>390.6</ele>
        <time>2026-08-18T05:57:45Z</time>
      </trkpt>
      <trkpt lat="46.329196" lon="6.195718">
        <ele>390.6</ele>
        <time>2026-08-18T05:57:46Z</time>
      </trkpt>
      <trkpt lat="46.329217" lon="6.195632">
        <ele>390.6</ele>
        <time>2026-08-18T05:57:47Z</time>
      </trkpt>
      <trkpt lat="46.329237" lon="6.195541">
        <ele>390.4</ele>
        <time>2026-08-18T05:57:48Z</time>
      </trkpt>
      <trkpt lat="46.32926" lon="6.195442">
        <ele>390.2</ele>
        <time>2026-08-18T05:57:49Z</time>
      </trkpt>
      <trkpt lat="46.329286" lon="6.195341">
        <ele>390.0</ele>
        <time>2026-08-18T05:57:50Z</time>
      </trkpt>
      <trkpt lat="46.329309" lon="6.195232">
        <ele>389.6</ele>
        <time>2026-08-18T05:57:51Z</time>
      </trkpt>
      <trkpt lat="46.329332" lon="6.195119">
        <ele>389.4</ele>
        <time>2026-08-18T05:57:52Z</time>
      </trkpt>
      <trkpt lat="46.329352" lon="6.194999">
        <ele>388.8</ele>
        <time>2026-08-18T05:57:53Z</time>
      </trkpt>
      <trkpt lat="46.32937" lon="6.194883">
        <ele>388.6</ele>
        <time>2026-08-18T05:57:54Z</time>
      </trkpt>
      <trkpt lat="46.329394" lon="6.194761">
        <ele>388.0</ele>
        <time>2026-08-18T05:57:55Z</time>
      </trkpt>
      <trkpt lat="46.329413" lon="6.194656">
        <ele>387.8</ele>
        <time>2026-08-18T05:57:56Z</time>
      </trkpt>
      <trkpt lat="46.329437" lon="6.194548">
        <ele>387.6</ele>
        <time>2026-08-18T05:57:57Z</time>
      </trkpt>
      <trkpt lat="46.329457" lon="6.194435">
        <ele>387.4</ele>
        <time>2026-08-18T05:57:58Z</time>
      </trkpt>
      <trkpt lat="46.329476" lon="6.194329">
        <ele>387.4</ele>
        <time>2026-08-18T05:57:59Z</time>
      </trkpt>
      <trkpt lat="46.329497" lon="6.194229">
        <ele>387.6</ele>
        <time>2026-08-18T05:58:00Z</time>
      </trkpt>
      <trkpt lat="46.329518" lon="6.194134">
        <ele>388.0</ele>
        <time>2026-08-18T05:58:01Z</time>
      </trkpt>
      <trkpt lat="46.329535" lon="6.194045">
        <ele>388.2</ele>
        <time>2026-08-18T05:58:02Z</time>
      </trkpt>
      <trkpt lat="46.329549" lon="6.193965">
        <ele>388.6</ele>
        <time>2026-08-18T05:58:03Z</time>
      </trkpt>
      <trkpt lat="46.329559" lon="6.193892">
        <ele>389.2</ele>
        <time>2026-08-18T05:58:04Z</time>
      </trkpt>
      <trkpt lat="46.329574" lon="6.193826">
        <ele>389.6</ele>
        <time>2026-08-18T05:58:05Z</time>
      </trkpt>
      <trkpt lat="46.329586" lon="6.193762">
        <ele>390.2</ele>
        <time>2026-08-18T05:58:06Z</time>
      </trkpt>
      <trkpt lat="46.3296" lon="6.193702">
        <ele>390.8</ele>
        <time>2026-08-18T05:58:07Z</time>
      </trkpt>
      <trkpt lat="46.329614" lon="6.193646">
        <ele>391.4</ele>
        <time>2026-08-18T05:58:08Z</time>
      </trkpt>
      <trkpt lat="46.329626" lon="6.193591">
        <ele>391.8</ele>
        <time>2026-08-18T05:58:09Z</time>
      </trkpt>
      <trkpt lat="46.329634" lon="6.193536">
        <ele>392.2</ele>
        <time>2026-08-18T05:58:10Z</time>
      </trkpt>
      <trkpt lat="46.329643" lon="6.193482">
        <ele>392.8</ele>
        <time>2026-08-18T05:58:11Z</time>
      </trkpt>
      <trkpt lat="46.329656" lon="6.19343">
        <ele>393.0</ele>
        <time>2026-08-18T05:58:12Z</time>
      </trkpt>
      <trkpt lat="46.329672" lon="6.193382">
        <ele>393.4</ele>
        <time>2026-08-18T05:58:13Z</time>
      </trkpt>
      <trkpt lat="46.329694" lon="6.193336">
        <ele>393.8</ele>
        <time>2026-08-18T05:58:14Z</time>
      </trkpt>
      <trkpt lat="46.329719" lon="6.193296">
        <ele>394.2</ele>
        <time>2026-08-18T05:58:15Z</time>
      </trkpt>
      <trkpt lat="46.329748" lon="6.193261">
        <ele>394.4</ele>
        <time>2026-08-18T05:58:16Z</time>
      </trkpt>
      <trkpt lat="46.32978" lon="6.193233">
        <ele>394.8</ele>
        <time>2026-08-18T05:58:17Z</time>
      </trkpt>
      <trkpt lat="46.329815" lon="6.193213">
        <ele>395.2</ele>
        <time>2026-08-18T05:58:18Z</time>
      </trkpt>
      <trkpt lat="46.329851" lon="6.193203">
        <ele>395.4</ele>
        <time>2026-08-18T05:58:19Z</time>
      </trkpt>
      <trkpt lat="46.329889" lon="6.193204">
        <ele>395.8</ele>
        <time>2026-08-18T05:58:20Z</time>
      </trkpt>
      <trkpt lat="46.329928" lon="6.193202">
        <ele>396.0</ele>
        <time>2026-08-18T05:58:21Z</time>
      </trkpt>
      <trkpt lat="46.329968" lon="6.1932">
        <ele>396.2</ele>
        <time>2026-08-18T05:58:22Z</time>
      </trkpt>
      <trkpt lat="46.330006" lon="6.193195">
        <ele>396.4</ele>
        <time>2026-08-18T05:58:23Z</time>
      </trkpt>
      <trkpt lat="46.330045" lon="6.193184">
        <ele>396.4</ele>
        <time>2026-08-18T05:58:24Z</time>
      </trkpt>
      <trkpt lat="46.330088" lon="6.193176">
        <ele>396.6</ele>
        <time>2026-08-18T05:58:25Z</time>
      </trkpt>
      <trkpt lat="46.330128" lon="6.193196">
        <ele>396.8</ele>
        <time>2026-08-18T05:58:26Z</time>
      </trkpt>
      <trkpt lat="46.330149" lon="6.193242">
        <ele>397.0</ele>
        <time>2026-08-18T05:58:27Z</time>
      </trkpt>
      <trkpt lat="46.330148" lon="6.193306">
        <ele>397.2</ele>
        <time>2026-08-18T05:58:28Z</time>
      </trkpt>
      <trkpt lat="46.330138" lon="6.193375">
        <ele>397.2</ele>
        <time>2026-08-18T05:58:29Z</time>
      </trkpt>
      <trkpt lat="46.330127" lon="6.193448">
        <ele>397.4</ele>
        <time>2026-08-18T05:58:30Z</time>
      </trkpt>
      <trkpt lat="46.330115" lon="6.193523">
        <ele>397.4</ele>
        <time>2026-08-18T05:58:31Z</time>
      </trkpt>
      <trkpt lat="46.330102" lon="6.193601">
        <ele>397.2</ele>
        <time>2026-08-18T05:58:32Z</time>
      </trkpt>
      <trkpt lat="46.33009" lon="6.193681">
        <ele>397.2</ele>
        <time>2026-08-18T05:58:33Z</time>
      </trkpt>
      <trkpt lat="46.330079" lon="6.193763">
        <ele>397.0</ele>
        <time>2026-08-18T05:58:34Z</time>
      </trkpt>
      <trkpt lat="46.330079" lon="6.193849">
        <ele>396.8</ele>
        <time>2026-08-18T05:58:35Z</time>
      </trkpt>
      <trkpt lat="46.330102" lon="6.193935">
        <ele>396.8</ele>
        <time>2026-08-18T05:58:36Z</time>
      </trkpt>
      <trkpt lat="46.330144" lon="6.194006">
        <ele>396.6</ele>
        <time>2026-08-18T05:58:37Z</time>
      </trkpt>
      <trkpt lat="46.330203" lon="6.194058">
        <ele>396.4</ele>
        <time>2026-08-18T05:58:38Z</time>
      </trkpt>
      <trkpt lat="46.330268" lon="6.194096">
        <ele>396.4</ele>
        <time>2026-08-18T05:58:39Z</time>
      </trkpt>
      <trkpt lat="46.330333" lon="6.194137">
        <ele>396.4</ele>
        <time>2026-08-18T05:58:40Z</time>
      </trkpt>
      <trkpt lat="46.330401" lon="6.194176">
        <ele>396.4</ele>
        <time>2026-08-18T05:58:41Z</time>
      </trkpt>
      <trkpt lat="46.330471" lon="6.194212">
        <ele>396.2</ele>
        <time>2026-08-18T05:58:42Z</time>
      </trkpt>
      <trkpt lat="46.330544" lon="6.194247">
        <ele>396.0</ele>
        <time>2026-08-18T05:58:43Z</time>
      </trkpt>
      <trkpt lat="46.330617" lon="6.194285">
        <ele>395.8</ele>
        <time>2026-08-18T05:58:44Z</time>
      </trkpt>
      <trkpt lat="46.33069" lon="6.194327">
        <ele>395.6</ele>
        <time>2026-08-18T05:58:45Z</time>
      </trkpt>
      <trkpt lat="46.330762" lon="6.194376">
        <ele>395.4</ele>
        <time>2026-08-18T05:58:46Z</time>
      </trkpt>
      <trkpt lat="46.330836" lon="6.194418">
        <ele>395.2</ele>
        <time>2026-08-18T05:58:47Z</time>
      </trkpt>
      <trkpt lat="46.330911" lon="6.194455">
        <ele>394.8</ele>
        <time>2026-08-18T05:58:48Z</time>
      </trkpt>
      <trkpt lat="46.330987" lon="6.19449">
        <ele>394.6</ele>
        <time>2026-08-18T05:58:49Z</time>
      </trkpt>
      <trkpt lat="46.331064" lon="6.194523">
        <ele>394.6</ele>
        <time>2026-08-18T05:58:50Z</time>
      </trkpt>
      <trkpt lat="46.331139" lon="6.194559">
        <ele>394.4</ele>
        <time>2026-08-18T05:58:51Z</time>
      </trkpt>
      <trkpt lat="46.331215" lon="6.194593">
        <ele>394.2</ele>
        <time>2026-08-18T05:58:52Z</time>
      </trkpt>
      <trkpt lat="46.331288" lon="6.194629">
        <ele>394.4</ele>
        <time>2026-08-18T05:58:53Z</time>
      </trkpt>
      <trkpt lat="46.331361" lon="6.194661">
        <ele>394.2</ele>
        <time>2026-08-18T05:58:54Z</time>
      </trkpt>
      <trkpt lat="46.331431" lon="6.19469">
        <ele>394.0</ele>
        <time>2026-08-18T05:58:55Z</time>
      </trkpt>
      <trkpt lat="46.331497" lon="6.194718">
        <ele>394.0</ele>
        <time>2026-08-18T05:58:56Z</time>
      </trkpt>
      <trkpt lat="46.33156" lon="6.194753">
        <ele>394.2</ele>
        <time>2026-08-18T05:58:57Z</time>
      </trkpt>
      <trkpt lat="46.33162" lon="6.194751">
        <ele>394.2</ele>
        <time>2026-08-18T05:58:58Z</time>
      </trkpt>
      <trkpt lat="46.331663" lon="6.194715">
        <ele>394.4</ele>
        <time>2026-08-18T05:58:59Z</time>
      </trkpt>
      <trkpt lat="46.331695" lon="6.194658">
        <ele>394.4</ele>
        <time>2026-08-18T05:59:00Z</time>
      </trkpt>
      <trkpt lat="46.33172" lon="6.194604">
        <ele>394.6</ele>
        <time>2026-08-18T05:59:01Z</time>
      </trkpt>
      <trkpt lat="46.331741" lon="6.194554">
        <ele>394.8</ele>
        <time>2026-08-18T05:59:02Z</time>
      </trkpt>
      <trkpt lat="46.331762" lon="6.194507">
        <ele>394.8</ele>
        <time>2026-08-18T05:59:03Z</time>
      </trkpt>
      <trkpt lat="46.331781" lon="6.194462">
        <ele>395.0</ele>
        <time>2026-08-18T05:59:04Z</time>
      </trkpt>
      <trkpt lat="46.331795" lon="6.194418">
        <ele>395.0</ele>
        <time>2026-08-18T05:59:05Z</time>
      </trkpt>
      <trkpt lat="46.331806" lon="6.194378">
        <ele>395.2</ele>
        <time>2026-08-18T05:59:06Z</time>
      </trkpt>
      <trkpt lat="46.331804" lon="6.194341">
        <ele>395.4</ele>
        <time>2026-08-18T05:59:07Z</time>
      </trkpt>
      <trkpt lat="46.331794" lon="6.194316">
        <ele>395.4</ele>
        <time>2026-08-18T05:59:08Z</time>
      </trkpt>
      <trkpt lat="46.331787" lon="6.194301">
        <ele>395.6</ele>
        <time>2026-08-18T05:59:09Z</time>
      </trkpt>
      <trkpt lat="46.331782" lon="6.194289">
        <ele>395.8</ele>
        <time>2026-08-18T05:59:10Z</time>
      </trkpt>
      <trkpt lat="46.331778" lon="6.194287">
        <ele>395.8</ele>
        <time>2026-08-18T05:59:11Z</time>
      </trkpt>
      <trkpt lat="46.331775" lon="6.194288">
        <ele>395.8</ele>
        <time>2026-08-18T05:59:12Z</time>
      </trkpt>
      <trkpt lat="46.331778" lon="6.194289">
        <ele>395.8</ele>
        <time>2026-08-18T05:59:13Z</time>
      </trkpt>
      <trkpt lat="46.331777" lon="6.194285">
        <ele>395.8</ele>
        <time>2026-08-18T05:59:14Z</time>
      </trkpt>
      <trkpt lat="46.331775" lon="6.194286">
        <ele>395.8</ele>
        <time>2026-08-18T05:59:15Z</time>
      </trkpt>
      <trkpt lat="46.331772" lon="6.194294">
        <ele>395.8</ele>
        <time>2026-08-18T05:59:16Z</time>
      </trkpt>
      <trkpt lat="46.331772" lon="6.194294">
        <ele>395.8</ele>
        <time>2026-08-18T05:59:17Z</time>
      </trkpt>
    </trkseg>
  </trk>
</gpx>