Timestamp,UTC,Callsign,Position,Altitude,Speed,Direction
1765537119,2025-12-12T10:58:39Z,UAE83,"25.253586,55.370434",75,111,301
1765537146,2025-12-12T10:59:06Z,UAE83,"25.264551,55.35083",375,186,301
1765537152,2025-12-12T10:59:12Z,UAE83,"25.267273,55.345867",650,185,301
1765537160,2025-12-12T10:59:20Z,UAE83,"25.270882,55.339275",1000,186,301
1765537168,2025-12-12T10:59:28Z,UAE83,"25.274607,55.332485",1325,186,301
1765537175,2025-12-12T10:59:35Z,UAE83,"25.277353,55.327461",1475,189,300
1765537183,2025-12-12T10:59:43Z,UAE83,"25.281218,55.320412",1525,200,300
1765537191,2025-12-12T10:59:51Z,UAE83,"25.28536,55.312847",1625,210,301
1765537197,2025-12-12T10:59:57Z,UAE83,"25.288559,55.307056",1725,218,301
1765537205,2025-12-12T11:00:05Z,UAE83,"25.293274,55.298801",1875,227,302
1765537213,2025-12-12T11:00:13Z,UAE83,"25.297882,55.290977",2125,230,303
1765537222,2025-12-12T11:00:22Z,UAE83,"25.302841,55.282795",2450,230,304
1765537228,2025-12-12T11:00:28Z,UAE83,"25.306541,55.276985",2650,232,304
1765537236,2025-12-12T11:00:36Z,UAE83,"25.311941,55.268486",2950,234,304
1765537245,2025-12-12T11:00:45Z,UAE83,"25.317015,55.260452",3125,241,304
1765537253,2025-12-12T11:00:53Z,UAE83,"25.322323,55.252056",3250,249,304
1765537259,2025-12-12T11:00:59Z,UAE83,"25.326698,55.245216",3350,257,304
1765537267,2025-12-12T11:01:07Z,UAE83,"25.332518,55.236095",3550,265,304
1765537276,2025-12-12T11:01:16Z,UAE83,"25.338522,55.226509",3750,271,304
1765537284,2025-12-12T11:01:24Z,UAE83,"25.344635,55.21698",4075,273,305
1765537292,2025-12-12T11:01:32Z,UAE83,"25.350174,55.207569",4375,275,300
1765537294,2025-12-12T11:01:34Z,UAE83,"25.351456,55.205029",4450,275,299
1765537296,2025-12-12T11:01:36Z,UAE83,"25.3526,55.202435",4525,275,295
1765537298,2025-12-12T11:01:38Z,UAE83,"25.353836,55.199078",4650,274,293
1765537301,2025-12-12T11:01:41Z,UAE83,"25.354723,55.196453",4725,274,290
1765537303,2025-12-12T11:01:43Z,UAE83,"25.355421,55.193913",4800,274,288
1765537305,2025-12-12T11:01:45Z,UAE83,"25.356119,55.191116",4875,274,285
1765537307,2025-12-12T11:01:47Z,UAE83,"25.356628,55.188599",4950,274,283
1765537309,2025-12-12T11:01:49Z,UAE83,"25.357132,55.185749",5025,274,281
1765537311,2025-12-12T11:01:51Z,UAE83,"25.357407,55.183514",5100,275,278
1765537313,2025-12-12T11:01:53Z,UAE83,"25.357748,55.179817",5175,275,276
1765537315,2025-12-12T11:01:55Z,UAE83,"25.357864,55.177002",5250,276,272
1765537317,2025-12-12T11:01:57Z,UAE83,"25.357841,55.173443",5350,276,270
1765537319,2025-12-12T11:01:59Z,UAE83,"25.357748,55.170696",5425,276,268
1765537321,2025-12-12T11:02:01Z,UAE83,"25.357656,55.167744",5500,277,267
1765537324,2025-12-12T11:02:04Z,UAE83,"25.357515,55.164997",5575,277,267
1765537326,2025-12-12T11:02:06Z,UAE83,"25.357376,55.161526",5650,278,267
1765537328,2025-12-12T11:02:08Z,UAE83,"25.357237,55.158363",5750,278,267
1765537330,2025-12-12T11:02:10Z,UAE83,"25.357143,55.156082",5800,278,267
1765537332,2025-12-12T11:02:12Z,UAE83,"25.356995,55.152843",5875,279,267
1765537334,2025-12-12T11:02:14Z,UAE83,"25.356865,55.150177",5950,280,267
1765537336,2025-12-12T11:02:16Z,UAE83,"25.356724,55.146652",6050,280,267
1765537338,2025-12-12T11:02:18Z,UAE83,"25.356632,55.143955",6125,281,267
1765537340,2025-12-12T11:02:20Z,UAE83,"25.356491,55.140736",6200,282,267
1765537353,2025-12-12T11:02:33Z,UAE83,"25.355759,55.122021",6550,288,267
1765537368,2025-12-12T11:02:48Z,UAE83,"25.354889,55.100506",6900,299,267
1765537382,2025-12-12T11:03:02Z,UAE83,"25.354164,55.077415",7200,311,267
1765537395,2025-12-12T11:03:15Z,UAE83,"25.353559,55.056324",7500,320,268
1765537410,2025-12-12T11:03:30Z,UAE83,"25.352814,55.032539",7800,330,267
1765537423,2025-12-12T11:03:43Z,UAE83,"25.352005,55.009411",8025,342,267
1765537438,2025-12-12T11:03:58Z,UAE83,"25.351044,54.983471",8275,353,267
1765537450,2025-12-12T11:04:10Z,UAE83,"25.350161,54.960194",8550,360,267
1765537463,2025-12-12T11:04:23Z,UAE83,"25.349396,54.936169",8825,361,268
1765537478,2025-12-12T11:04:38Z,UAE83,"25.351046,54.909355",9425,361,276
1765537480,2025-12-12T11:04:40Z,UAE83,"25.351547,54.905651",9500,362,277
1765537482,2025-12-12T11:04:42Z,UAE83,"25.352142,54.901836",9575,361,279
1765537484,2025-12-12T11:04:44Z,UAE83,"25.352692,54.898479",9650,362,279
1765537486,2025-12-12T11:04:46Z,UAE83,"25.353559,54.89381",9725,364,280
1765537488,2025-12-12T11:04:48Z,UAE83,"25.354303,54.889977",9775,363,281
1765537490,2025-12-12T11:04:50Z,UAE83,"25.354816,54.887489",9825,366,282
1765537492,2025-12-12T11:04:52Z,UAE83,"25.355934,54.882824",9900,366,284
1765537495,2025-12-12T11:04:55Z,UAE83,"25.356585,54.880131",9950,367,285
1765537497,2025-12-12T11:04:57Z,UAE83,"25.357773,54.87569",10025,367,286
1765537499,2025-12-12T11:04:59Z,UAE83,"25.359098,54.870903",10125,368,287
1765537501,2025-12-12T11:05:01Z,UAE83,"25.36017,54.867172",10200,368,287
1765537503,2025-12-12T11:05:03Z,UAE83,"25.36116,54.863789",10250,368,287
1765537505,2025-12-12T11:05:05Z,UAE83,"25.362171,54.860176",10325,368,287
1765537508,2025-12-12T11:05:08Z,UAE83,"25.363382,54.855877",10425,368,287
1765537510,2025-12-12T11:05:10Z,UAE83,"25.364359,54.852303",10500,370,287
1765537523,2025-12-12T11:05:23Z,UAE83,"25.371185,54.827984",11025,370,287
1765537536,2025-12-12T11:05:36Z,UAE83,"25.377998,54.804108",11625,372,287
1765537550,2025-12-12T11:05:50Z,UAE83,"25.385513,54.778137",12350,372,287
1765537588,2025-12-12T11:06:28Z,UAE83,"25.405138,54.710049",14200,378,287
1765537619,2025-12-12T11:06:59Z,UAE83,"25.421265,54.653576",15850,376,287
1765537650,2025-12-12T11:07:30Z,UAE83,"25.437447,54.59692",17325,376,287
1765537683,2025-12-12T11:08:03Z,UAE83,"25.456207,54.534061",18775,382,288
1765537714,2025-12-12T11:08:34Z,UAE83,"25.473524,54.475502",19850,393,288
1765537747,2025-12-12T11:09:07Z,UAE83,"25.49168,54.413471",21025,400,287
1765537777,2025-12-12T11:09:37Z,UAE83,"25.509155,54.354145",22150,406,287
1765537810,2025-12-12T11:10:10Z,UAE83,"25.528381,54.288635",23450,409,287
1765537842,2025-12-12T11:10:42Z,UAE83,"25.547262,54.224682",24700,412,287
1765537873,2025-12-12T11:11:13Z,UAE83,"25.565512,54.162651",25825,412,287
1765537904,2025-12-12T11:11:44Z,UAE83,"25.584274,54.098866",27250,406,287
1765537936,2025-12-12T11:12:16Z,UAE83,"25.602264,54.037273",28250,408,287
1765537967,2025-12-12T11:12:47Z,UAE83,"25.620346,53.973034",29075,414,287
1765537999,2025-12-12T11:13:19Z,UAE83,"25.638199,53.909912",29675,422,287
1765538031,2025-12-12T11:13:51Z,UAE83,"25.657471,53.84206",30025,424,287
1765538063,2025-12-12T11:14:23Z,UAE83,"25.675415,53.779041",30000,424,287
1765538093,2025-12-12T11:14:53Z,UAE83,"25.69339,53.716045",30000,420,287
1765538124,2025-12-12T11:15:24Z,UAE83,"25.711546,53.651318",30000,418,287
1765538157,2025-12-12T11:15:57Z,UAE83,"25.730307,53.584366",30000,418,287
1765538188,2025-12-12T11:16:28Z,UAE83,"25.748322,53.520157",30000,418,287
1765538222,2025-12-12T11:17:02Z,UAE83,"25.767654,53.45108",30000,417,287
1765538252,2025-12-12T11:17:32Z,UAE83,"25.784866,53.389927",30000,417,287
1765538286,2025-12-12T11:18:06Z,UAE83,"25.804325,53.320484",30000,418,287
1765538317,2025-12-12T11:18:37Z,UAE83,"25.821854,53.257648",30000,417,287
1765538348,2025-12-12T11:19:08Z,UAE83,"25.840448,53.194321",30000,419,289
1765538379,2025-12-12T11:19:39Z,UAE83,"25.864098,53.131256",30000,423,294
1765538412,2025-12-12T11:20:12Z,UAE83,"25.890106,53.067177",30000,423,294
1765538443,2025-12-12T11:20:43Z,UAE83,"25.915878,53.003902",30000,423,294
1765538474,2025-12-12T11:21:14Z,UAE83,"25.94063,52.943062",30000,424,294
1765538506,2025-12-12T11:21:46Z,UAE83,"25.966278,52.879787",30000,422,294
1765538538,2025-12-12T11:22:18Z,UAE83,"25.991558,52.817196",30000,422,294
1765538570,2025-12-12T11:22:50Z,UAE83,"26.016928,52.754395",30000,422,294
1765538600,2025-12-12T11:23:20Z,UAE83,"26.042908,52.694111",30000,426,296
1765538631,2025-12-12T11:23:51Z,UAE83,"26.069733,52.636326",30000,424,297
1765538663,2025-12-12T11:24:23Z,UAE83,"26.098801,52.572845",30000,423,296
1765538694,2025-12-12T11:24:54Z,UAE83,"26.125814,52.512798",30000,422,296
1765538726,2025-12-12T11:25:26Z,UAE83,"26.153374,52.45153",30000,423,296
1765538759,2025-12-12T11:25:59Z,UAE83,"26.182663,52.386127",30000,424,296
1765538790,2025-12-12T11:26:30Z,UAE83,"26.209717,52.325756",30000,423,296
1765538821,2025-12-12T11:27:01Z,UAE83,"26.236609,52.265026",30000,421,295
1765538852,2025-12-12T11:27:32Z,UAE83,"26.262634,52.204338",30000,421,295
1765538884,2025-12-12T11:28:04Z,UAE83,"26.28891,52.143185",30000,422,295
1765538914,2025-12-12T11:28:34Z,UAE83,"26.315329,52.082008",30000,422,295
1765538946,2025-12-12T11:29:06Z,UAE83,"26.342056,52.020264",30825,423,295
1765538978,2025-12-12T11:29:38Z,UAE83,"26.36891,51.957039",31825,419,294
1765539009,2025-12-12T11:30:09Z,UAE83,"26.391495,51.895424",32025,412,290
1765539041,2025-12-12T11:30:41Z,UAE83,"26.412716,51.832176",32000,400,290
1765539074,2025-12-12T11:31:14Z,UAE83,"26.434595,51.766731",32000,411,290
1765539105,2025-12-12T11:31:45Z,UAE83,"26.455582,51.704044",32000,412,290
1765539136,2025-12-12T11:32:16Z,UAE83,"26.475607,51.644192",32000,412,290
1765539169,2025-12-12T11:32:49Z,UAE83,"26.497114,51.579807",32000,412,290
1765539199,2025-12-12T11:33:19Z,UAE83,"26.517883,51.517326",32000,412,290
1765539230,2025-12-12T11:33:50Z,UAE83,"26.538267,51.456051",32000,412,290
1765539262,2025-12-12T11:34:22Z,UAE83,"26.559542,51.391983",32000,412,290
1765539294,2025-12-12T11:34:54Z,UAE83,"26.580584,51.328335",32000,412,290
1765539325,2025-12-12T11:35:25Z,UAE83,"26.601196,51.266094",32000,411,290
1765539356,2025-12-12T11:35:56Z,UAE83,"26.621384,51.205048",32000,410,290
1765539388,2025-12-12T11:36:28Z,UAE83,"26.642357,51.141727",32000,410,290
1765539420,2025-12-12T11:37:00Z,UAE83,"26.66304,51.079014",32000,410,290
1765539451,2025-12-12T11:37:31Z,UAE83,"26.683365,51.017296",32000,410,290
1765539482,2025-12-12T11:38:02Z,UAE83,"26.703108,50.956173",32000,408,289
1765539512,2025-12-12T11:38:32Z,UAE83,"26.722708,50.894535",32000,407,289
1765539543,2025-12-12T11:39:03Z,UAE83,"26.742119,50.833633",32000,407,289
1765539574,2025-12-12T11:39:34Z,UAE83,"26.761717,50.772152",32000,406,289
1765539605,2025-12-12T11:40:05Z,UAE83,"26.781223,50.711201",32000,404,289
1765539636,2025-12-12T11:40:36Z,UAE83,"26.804266,50.651619",32000,412,299
1765539638,2025-12-12T11:40:38Z,UAE83,"26.806362,50.647766",32000,414,300
1765539640,2025-12-12T11:40:40Z,UAE83,"26.808596,50.6437",32000,414,301
1765539642,2025-12-12T11:40:42Z,UAE83,"26.810669,50.640079",32000,414,302
1765539644,2025-12-12T11:40:44Z,UAE83,"26.812832,50.63641",32000,416,303
1765539646,2025-12-12T11:40:46Z,UAE83,"26.815067,50.632816",32000,416,304
1765539648,2025-12-12T11:40:48Z,UAE83,"26.816254,50.630856",32000,418,305
1765539650,2025-12-12T11:40:50Z,UAE83,"26.819304,50.626213",32000,418,305
1765539652,2025-12-12T11:40:52Z,UAE83,"26.82177,50.622623",32000,419,307
1765539654,2025-12-12T11:40:54Z,UAE83,"26.824036,50.619404",32000,422,307
1765539657,2025-12-12T11:40:57Z,UAE83,"26.827078,50.615124",32000,422,308
1765539659,2025-12-12T11:40:59Z,UAE83,"26.829941,50.611267",32000,422,309
1765539661,2025-12-12T11:41:01Z,UAE83,"26.832384,50.607994",32000,422,309
1765539663,2025-12-12T11:41:03Z,UAE83,"26.834339,50.605247",32000,422,309
1765539694,2025-12-12T11:41:34Z,UAE83,"26.873396,50.551476",32000,422,309
1765539725,2025-12-12T11:42:05Z,UAE83,"26.911514,50.50016",32000,423,310
1765539756,2025-12-12T11:42:36Z,UAE83,"26.952675,50.449429",32000,425,313
1765539788,2025-12-12T11:43:08Z,UAE83,"26.996201,50.397667",32000,425,313
1765539819,2025-12-12T11:43:39Z,UAE83,"27.037586,50.348492",32000,423,313
1765539851,2025-12-12T11:44:11Z,UAE83,"27.079742,50.297951",32000,423,312
1765539883,2025-12-12T11:44:43Z,UAE83,"27.122681,50.245869",32000,422,312
1765539914,2025-12-12T11:45:14Z,UAE83,"27.166164,50.197483",32000,430,318
1765539945,2025-12-12T11:45:45Z,UAE83,"27.21644,50.153751",32000,438,323
1765539977,2025-12-12T11:46:17Z,UAE83,"27.267368,50.111706",32000,439,323
1765540009,2025-12-12T11:46:49Z,UAE83,"27.320572,50.06786",32000,439,323
1765540041,2025-12-12T11:47:21Z,UAE83,"27.372715,50.024712",32000,438,323
1765540072,2025-12-12T11:47:52Z,UAE83,"27.422012,49.981365",32000,436,321
1765540104,2025-12-12T11:48:24Z,UAE83,"27.472321,49.936436",32000,436,321
1765540134,2025-12-12T11:48:54Z,UAE83,"27.51996,49.894199",32000,436,321
1765540166,2025-12-12T11:49:26Z,UAE83,"27.57019,49.849998",32000,434,321
1765540198,2025-12-12T11:49:58Z,UAE83,"27.622004,49.804405",32000,435,321
1765540228,2025-12-12T11:50:28Z,UAE83,"27.6693,49.76268",32000,435,321
1765540260,2025-12-12T11:51:00Z,UAE83,"27.720741,49.717148",32000,435,321
1765540292,2025-12-12T11:51:32Z,UAE83,"27.77083,49.672832",32000,435,321
1765540322,2025-12-12T11:52:02Z,UAE83,"27.817566,49.631413",32000,434,321
1765540353,2025-12-12T11:52:33Z,UAE83,"27.867325,49.586895",32000,435,321
1765540385,2025-12-12T11:53:05Z,UAE83,"27.9191,49.540524",32000,438,321
1765540417,2025-12-12T11:53:37Z,UAE83,"27.969236,49.49567",32000,438,321
1765540448,2025-12-12T11:54:08Z,UAE83,"28.01889,49.451206",32000,438,321
1765540479,2025-12-12T11:54:39Z,UAE83,"28.067871,49.406891",32000,437,321
1765540512,2025-12-12T11:55:12Z,UAE83,"28.118761,49.360332",32000,437,320
1765540543,2025-12-12T11:55:43Z,UAE83,"28.168154,49.315094",32000,438,320
1765540575,2025-12-12T11:56:15Z,UAE83,"28.219687,49.267918",32000,440,320
1765540606,2025-12-12T11:56:46Z,UAE83,"28.268475,49.223274",32000,441,321
1765540639,2025-12-12T11:57:19Z,UAE83,"28.319595,49.176388",32000,442,320
1765540670,2025-12-12T11:57:50Z,UAE83,"28.371214,49.129242",32000,444,321
1765540703,2025-12-12T11:58:23Z,UAE83,"28.425495,49.083897",32000,448,325
1765540736,2025-12-12T11:58:56Z,UAE83,"28.481873,49.040485",32000,432,325
1765540768,2025-12-12T11:59:28Z,UAE83,"28.536896,48.998283",32000,449,325
1765540800,2025-12-12T12:00:00Z,UAE83,"28.59375,48.954708",32000,447,325
1765540833,2025-12-12T12:00:33Z,UAE83,"28.649643,48.911659",32000,448,325
1765540863,2025-12-12T12:01:03Z,UAE83,"28.701643,48.871712",32000,444,325
1765540894,2025-12-12T12:01:34Z,UAE83,"28.753874,48.831429",32000,444,325
1765540927,2025-12-12T12:02:07Z,UAE83,"28.808853,48.78891",32000,444,325
1765540957,2025-12-12T12:02:37Z,UAE83,"28.861084,48.748875",32000,444,326
1765540989,2025-12-12T12:03:09Z,UAE83,"28.9151,48.707623",32000,444,326
1765541019,2025-12-12T12:03:39Z,UAE83,"28.96669,48.668007",32000,442,326
1765541050,2025-12-12T12:04:10Z,UAE83,"29.01964,48.627373",32000,442,325
1765541082,2025-12-12T12:04:42Z,UAE83,"29.074247,48.585312",32000,442,325
1765541113,2025-12-12T12:05:13Z,UAE83,"29.126617,48.544975",32000,442,325
1765541145,2025-12-12T12:05:45Z,UAE83,"29.180433,48.503345",32000,442,325
1765541178,2025-12-12T12:06:18Z,UAE83,"29.237366,48.45948",32000,442,325
1765541210,2025-12-12T12:06:50Z,UAE83,"29.290833,48.418175",32000,442,325
1765541242,2025-12-12T12:07:22Z,UAE83,"29.344576,48.376518",32000,442,325
1765541272,2025-12-12T12:07:52Z,UAE83,"29.396301,48.336304",32000,444,325
1765541305,2025-12-12T12:08:25Z,UAE83,"29.452578,48.295197",32000,448,328
1765541336,2025-12-12T12:08:56Z,UAE83,"29.510193,48.256706",32000,451,330
1765541367,2025-12-12T12:09:27Z,UAE83,"29.565353,48.220367",32000,452,330
1765541400,2025-12-12T12:10:00Z,UAE83,"29.624771,48.181282",32000,453,330
1765541432,2025-12-12T12:10:32Z,UAE83,"29.684555,48.14188",32000,453,330
1765541463,2025-12-12T12:11:03Z,UAE83,"29.739664,48.105362",32000,453,330
1765541496,2025-12-12T12:11:36Z,UAE83,"29.799774,48.065662",32000,453,330
1765541526,2025-12-12T12:12:06Z,UAE83,"29.855255,48.0289",32000,452,330
1765541559,2025-12-12T12:12:39Z,UAE83,"29.914608,47.989544",32000,451,330
1765541589,2025-12-12T12:13:09Z,UAE83,"29.968887,47.953564",32000,450,329
1765541621,2025-12-12T12:13:41Z,UAE83,"30.023209,47.910892",32000,440,320
1765541623,2025-12-12T12:13:43Z,UAE83,"30.027145,47.90696",32000,439,319
1765541625,2025-12-12T12:13:45Z,UAE83,"30.029663,47.904377",32000,439,318
1765541627,2025-12-12T12:13:47Z,UAE83,"30.033222,47.900555",32000,438,317
1765541629,2025-12-12T12:13:49Z,UAE83,"30.03611,47.897423",32025,437,316
1765541631,2025-12-12T12:13:51Z,UAE83,"30.038773,47.894466",32025,437,315
1765541634,2025-12-12T12:13:54Z,UAE83,"30.042206,47.89048",32050,436,314
1765541636,2025-12-12T12:13:56Z,UAE83,"30.044954,47.887154",32075,437,314
1765541638,2025-12-12T12:13:58Z,UAE83,"30.048111,47.883266",32125,436,313
1765541640,2025-12-12T12:14:00Z,UAE83,"30.051239,47.879353",32150,435,312
1765541643,2025-12-12T12:14:03Z,UAE83,"30.054777,47.874683",32225,434,311
1765541645,2025-12-12T12:14:05Z,UAE83,"30.057291,47.871277",32275,433,310
1765541647,2025-12-12T12:14:07Z,UAE83,"30.060608,47.866787",32350,434,310
1765541649,2025-12-12T12:14:09Z,UAE83,"30.063263,47.863232",32425,433,310
1765541682,2025-12-12T12:14:42Z,UAE83,"30.105984,47.806511",33400,431,310
1765541714,2025-12-12T12:15:14Z,UAE83,"30.147675,47.750835",34000,427,310
1765541746,2025-12-12T12:15:46Z,UAE83,"30.188103,47.696758",34000,421,310
1765541778,2025-12-12T12:16:18Z,UAE83,"30.229202,47.641674",34000,421,310
1765541808,2025-12-12T12:16:48Z,UAE83,"30.267845,47.589806",34000,422,310
1765541840,2025-12-12T12:17:20Z,UAE83,"30.308899,47.534824",34000,421,310
1765541871,2025-12-12T12:17:51Z,UAE83,"30.348404,47.481781",34000,420,310
1765541902,2025-12-12T12:18:22Z,UAE83,"30.387346,47.429298",34000,419,310
1765541933,2025-12-12T12:18:53Z,UAE83,"30.426498,47.376495",34000,421,310
1765541966,2025-12-12T12:19:26Z,UAE83,"30.467648,47.320915",34000,421,310
1765541997,2025-12-12T12:19:57Z,UAE83,"30.508055,47.266426",34000,423,310
1765542028,2025-12-12T12:20:28Z,UAE83,"30.547623,47.2131",34000,424,311
1765542059,2025-12-12T12:20:59Z,UAE83,"30.591156,47.164684",34000,432,319
1765542090,2025-12-12T12:21:30Z,UAE83,"30.640503,47.118206",34000,434,321
1765542123,2025-12-12T12:22:03Z,UAE83,"30.691635,47.070599",34000,433,321
1765542156,2025-12-12T12:22:36Z,UAE83,"30.743088,47.022614",34000,431,321
1765542186,2025-12-12T12:23:06Z,UAE83,"30.789511,46.979134",34000,430,320
1765542218,2025-12-12T12:23:38Z,UAE83,"30.838715,46.932892",34000,432,320
1765542249,2025-12-12T12:24:09Z,UAE83,"30.888107,46.886574",34000,433,320
1765542280,2025-12-12T12:24:40Z,UAE83,"30.936859,46.840801",34000,433,320
1765542312,2025-12-12T12:25:12Z,UAE83,"30.986481,46.794003",34000,432,320
1765542343,2025-12-12T12:25:43Z,UAE83,"31.034981,46.748199",34000,432,320
1765542374,2025-12-12T12:26:14Z,UAE83,"31.082611,46.703259",34000,430,320
1765542405,2025-12-12T12:26:45Z,UAE83,"31.130493,46.657913",34000,429,320
1765542436,2025-12-12T12:27:16Z,UAE83,"31.177988,46.613014",34000,425,320
1765542468,2025-12-12T12:27:48Z,UAE83,"31.225658,46.567802",34000,422,320
1765542498,2025-12-12T12:28:18Z,UAE83,"31.272118,46.52375",34000,420,320
1765542530,2025-12-12T12:28:50Z,UAE83,"31.319553,46.478706",34000,419,320
1765542561,2025-12-12T12:29:21Z,UAE83,"31.365921,46.434486",34000,422,320
1765542592,2025-12-12T12:29:52Z,UAE83,"31.413803,46.388802",34000,423,320
1765542624,2025-12-12T12:30:24Z,UAE83,"31.462463,46.342377",34000,423,320
1765542657,2025-12-12T12:30:57Z,UAE83,"31.511955,46.295124",34000,424,320
1765542690,2025-12-12T12:31:30Z,UAE83,"31.562603,46.24662",34000,424,320
1765542722,2025-12-12T12:32:02Z,UAE83,"31.611145,46.200096",34000,427,320
1765542755,2025-12-12T12:32:35Z,UAE83,"31.661453,46.151787",34000,429,320
1765542786,2025-12-12T12:33:06Z,UAE83,"31.708878,46.106228",34000,432,320
1765542817,2025-12-12T12:33:37Z,UAE83,"31.757238,46.059742",34000,432,320
1765542850,2025-12-12T12:34:10Z,UAE83,"31.807281,46.010239",34000,432,319
1765542881,2025-12-12T12:34:41Z,UAE83,"31.855316,45.962292",34000,431,319
1765542913,2025-12-12T12:35:13Z,UAE83,"31.904949,45.912872",34000,431,319
1765542945,2025-12-12T12:35:45Z,UAE83,"31.952106,45.86607",34000,429,319
1765542976,2025-12-12T12:36:16Z,UAE83,"31.998705,45.819771",34000,429,319
1765543008,2025-12-12T12:36:48Z,UAE83,"32.048355,45.770195",34000,429,319
1765543040,2025-12-12T12:37:20Z,UAE83,"32.096695,45.721966",34000,429,319
1765543071,2025-12-12T12:37:51Z,UAE83,"32.143391,45.675266",34000,430,319
1765543101,2025-12-12T12:38:21Z,UAE83,"32.189713,45.628803",34000,432,319
1765543134,2025-12-12T12:38:54Z,UAE83,"32.239517,45.578926",34000,432,319
1765543165,2025-12-12T12:39:25Z,UAE83,"32.285568,45.532673",34000,432,319
1765543195,2025-12-12T12:39:55Z,UAE83,"32.333084,45.484936",34000,433,319
1765543228,2025-12-12T12:40:28Z,UAE83,"32.383087,45.434521",34000,434,319
1765543260,2025-12-12T12:41:00Z,UAE83,"32.431221,45.385979",34000,433,319
1765543292,2025-12-12T12:41:32Z,UAE83,"32.479824,45.336933",34000,431,319
1765543324,2025-12-12T12:42:04Z,UAE83,"32.529308,45.287045",34000,432,320
1765543356,2025-12-12T12:42:36Z,UAE83,"32.581261,45.241028",34000,436,325
1765543387,2025-12-12T12:43:07Z,UAE83,"32.632839,45.199829",34000,437,325
1765543418,2025-12-12T12:43:38Z,UAE83,"32.685516,45.158092",34000,437,326
1765543450,2025-12-12T12:44:10Z,UAE83,"32.739723,45.115524",34000,438,327
1765543481,2025-12-12T12:44:41Z,UAE83,"32.795471,45.080914",34000,444,335
1765543514,2025-12-12T12:45:14Z,UAE83,"32.858337,45.053978",34000,449,341
1765543546,2025-12-12T12:45:46Z,UAE83,"32.922024,45.029541",34000,448,342
1765543576,2025-12-12T12:46:16Z,UAE83,"32.982285,45.006538",34000,448,342
1765543608,2025-12-12T12:46:48Z,UAE83,"33.045525,44.982231",34000,449,341
1765543640,2025-12-12T12:47:20Z,UAE83,"33.107483,44.958199",34000,450,341
1765543673,2025-12-12T12:47:53Z,UAE83,"33.174194,44.932121",34000,451,341
1765543703,2025-12-12T12:48:23Z,UAE83,"33.23518,44.908356",34000,452,341
1765543735,2025-12-12T12:48:55Z,UAE83,"33.298676,44.883579",34000,452,341
1765543766,2025-12-12T12:49:26Z,UAE83,"33.359798,44.859756",34000,451,341
1765543799,2025-12-12T12:49:59Z,UAE83,"33.423935,44.834709",34000,451,341
1765543831,2025-12-12T12:50:31Z,UAE83,"33.487633,44.809647",34000,451,341
1765543862,2025-12-12T12:51:02Z,UAE83,"33.549686,44.785252",34000,450,341
1765543893,2025-12-12T12:51:33Z,UAE83,"33.611042,44.761219",34000,450,341
1765543924,2025-12-12T12:52:04Z,UAE83,"33.672501,44.737",34000,450,341
1765543955,2025-12-12T12:52:35Z,UAE83,"33.732975,44.712269",34000,450,341
1765543977,2025-12-12T12:52:57Z,UAE83,"33.776581,44.694691",34000,453,357
1765543979,2025-12-12T12:52:59Z,UAE83,"33.781052,44.693665",34000,453,357
1765543981,2025-12-12T12:53:01Z,UAE83,"33.781334,44.723816",34000,280,357
1765543983,2025-12-12T12:53:03Z,UAE83,"33.785606,44.721882",34000,280,357
1765543985,2025-12-12T12:53:05Z,UAE83,"33.793297,44.688206",34000,270,357
1765543988,2025-12-12T12:53:08Z,UAE83,"33.798233,44.685753",34000,400,357
1765543990,2025-12-12T12:53:10Z,UAE83,"33.801296,44.684677",34000,80,357
1765543992,2025-12-12T12:53:12Z,UAE83,"33.805336,44.683392",34000,80,357
1765543994,2025-12-12T12:53:14Z,UAE83,"33.809441,44.682312",34000,120,357
1765543996,2025-12-12T12:53:16Z,UAE83,"33.813725,44.681702",34000,120,357
1765543998,2025-12-12T12:53:18Z,UAE83,"33.818909,44.677372",34000,410,357
1765544001,2025-12-12T12:53:21Z,UAE83,"33.819843,44.708206",34000,240,357
1765544003,2025-12-12T12:53:23Z,UAE83,"33.827213,44.675144",34000,190,357
1765544005,2025-12-12T12:53:25Z,UAE83,"33.831066,44.673676",34000,411,357
1765544007,2025-12-12T12:53:27Z,UAE83,"33.835865,44.671757",34000,260,342
1765544011,2025-12-12T12:53:31Z,UAE83,"33.84317,44.668186",34000,449,341
1765544013,2025-12-12T12:53:33Z,UAE83,"33.847187,44.666859",34000,450,341
1765544015,2025-12-12T12:53:35Z,UAE83,"33.851093,44.665268",34000,449,341
1765544017,2025-12-12T12:53:37Z,UAE83,"33.855141,44.663506",34000,449,341
1765544019,2025-12-12T12:53:39Z,UAE83,"33.859879,44.661842",34000,449,341
1765544021,2025-12-12T12:53:41Z,UAE83,"33.864304,44.65984",34000,449,341
1765544023,2025-12-12T12:53:43Z,UAE83,"33.868111,44.659233",34000,449,341
1765544027,2025-12-12T12:53:47Z,UAE83,"33.874588,44.655327",34000,449,341
1765544030,2025-12-12T12:53:50Z,UAE83,"33.881985,44.653072",34000,448,341
1765544032,2025-12-12T12:53:52Z,UAE83,"33.885731,44.651241",34000,448,341
1765544034,2025-12-12T12:53:54Z,UAE83,"33.890545,44.649441",34000,448,341
1765544066,2025-12-12T12:54:26Z,UAE83,"33.952068,44.625736",34000,448,341
1765544097,2025-12-12T12:54:57Z,UAE83,"34.01292,44.601948",34000,446,341
1765544130,2025-12-12T12:55:30Z,UAE83,"34.076916,44.576611",34000,446,341
1765544160,2025-12-12T12:56:00Z,UAE83,"34.136143,44.5527",34000,445,341
1765544191,2025-12-12T12:56:31Z,UAE83,"34.199085,44.527618",34000,444,341
1765544223,2025-12-12T12:57:03Z,UAE83,"34.261093,44.503319",34000,444,341
1765544256,2025-12-12T12:57:36Z,UAE83,"34.324593,44.477863",34000,444,341
1765544286,2025-12-12T12:58:06Z,UAE83,"34.384094,44.454048",34000,444,341
1765544318,2025-12-12T12:58:38Z,UAE83,"34.446701,44.428883",34000,443,341
1765544351,2025-12-12T12:59:11Z,UAE83,"34.510246,44.403305",34000,443,341
1765544383,2025-12-12T12:59:43Z,UAE83,"34.572903,44.378071",34000,442,341
1765544414,2025-12-12T13:00:14Z,UAE83,"34.632164,44.35421",34000,440,341
1765544447,2025-12-12T13:00:47Z,UAE83,"34.698074,44.32748",34000,438,341
1765544480,2025-12-12T13:01:20Z,UAE83,"34.7593,44.302711",34000,438,341
1765544510,2025-12-12T13:01:50Z,UAE83,"34.818466,44.27877",34000,438,341
1765544543,2025-12-12T13:02:23Z,UAE83,"34.881317,44.253323",34000,438,341
1765544573,2025-12-12T13:02:53Z,UAE83,"34.940186,44.229389",34000,437,341
1765544606,2025-12-12T13:03:26Z,UAE83,"35.002029,44.204109",34000,437,341
1765544638,2025-12-12T13:03:58Z,UAE83,"35.063416,44.179108",34000,437,341
1765544670,2025-12-12T13:04:30Z,UAE83,"35.125168,44.153885",34000,437,341
1765544701,2025-12-12T13:05:01Z,UAE83,"35.186275,44.128819",34000,438,341
1765544733,2025-12-12T13:05:33Z,UAE83,"35.246887,44.104031",34000,439,341
1765544766,2025-12-12T13:06:06Z,UAE83,"35.309647,44.078293",34000,439,341
1765544796,2025-12-12T13:06:36Z,UAE83,"35.368286,44.05426",34000,439,341
1765544829,2025-12-12T13:07:09Z,UAE83,"35.432327,44.027882",34000,439,341
1765544861,2025-12-12T13:07:41Z,UAE83,"35.492825,44.002872",34000,439,341
1765544893,2025-12-12T13:08:13Z,UAE83,"35.555202,43.977043",34000,439,341
1765544934,2025-12-12T13:08:54Z,UAE83,"35.612446,44.013519",34000,440,341
1765544966,2025-12-12T13:09:26Z,UAE83,"35.694847,43.918934",34000,440,341
1765544996,2025-12-12T13:09:56Z,UAE83,"35.752319,43.895382",34000,440,341
1765545027,2025-12-12T13:10:27Z,UAE83,"35.813824,43.869526",34000,440,341
1765545038,2025-12-12T13:10:38Z,UAE83,"35.834545,43.860943",34000,440,341
1765545040,2025-12-12T13:10:40Z,UAE83,"35.83857,43.859253",34000,440,341
1765545043,2025-12-12T13:10:43Z,UAE83,"35.843502,43.857212",34000,440,341
1765545045,2025-12-12T13:10:45Z,UAE83,"35.847328,43.855656",34000,440,341
1765545047,2025-12-12T13:10:47Z,UAE83,"35.851879,43.85379",34000,440,341
1765545078,2025-12-12T13:11:18Z,UAE83,"35.911102,43.829338",34000,440,341
1765545110,2025-12-12T13:11:50Z,UAE83,"35.974358,43.802734",34000,442,340
1765545141,2025-12-12T13:12:21Z,UAE83,"36.03405,43.777657",34000,442,341
1765545173,2025-12-12T13:12:53Z,UAE83,"36.096413,43.751472",34000,444,341
1765545203,2025-12-12T13:13:23Z,UAE83,"36.155216,43.726795",34000,444,341
1765545234,2025-12-12T13:13:54Z,UAE83,"36.214611,43.701435",34000,444,340
1765545266,2025-12-12T13:14:26Z,UAE83,"36.277863,43.674854",34000,442,341
1765545297,2025-12-12T13:14:57Z,UAE83,"36.337894,43.649708",34000,442,349
1765545324,2025-12-12T13:15:24Z,UAE83,"36.389668,43.627323",34000,442,337
1765545326,2025-12-12T13:15:26Z,UAE83,"36.394333,43.625496",34000,442,340
1765545328,2025-12-12T13:15:28Z,UAE83,"36.397991,43.623989",34000,442,340
1765545331,2025-12-12T13:15:31Z,UAE83,"36.403576,43.621651",34000,442,338
1765545333,2025-12-12T13:15:33Z,UAE83,"36.40731,43.619984",34000,442,339
1765545335,2025-12-12T13:15:35Z,UAE83,"36.412388,43.618069",34000,442,341
1765545337,2025-12-12T13:15:37Z,UAE83,"36.41597,43.616474",34000,442,340
1765545339,2025-12-12T13:15:39Z,UAE83,"36.421116,43.614407",34000,442,339
1765545342,2025-12-12T13:15:42Z,UAE83,"36.424126,43.613152",34000,442,341
1765545344,2025-12-12T13:15:44Z,UAE83,"36.428795,43.611233",34000,442,341
1765545347,2025-12-12T13:15:47Z,UAE83,"36.435379,43.60854",34000,442,342
1765545349,2025-12-12T13:15:49Z,UAE83,"36.439381,43.606522",34000,442,342
1765545352,2025-12-12T13:15:52Z,UAE83,"36.443363,43.604481",34000,442,337
1765545354,2025-12-12T13:15:54Z,UAE83,"36.448891,43.602509",34000,442,326
1765545356,2025-12-12T13:15:56Z,UAE83,"36.453228,43.600513",34000,442,339
1765545358,2025-12-12T13:15:58Z,UAE83,"36.456913,43.599041",34000,442,340
1765545360,2025-12-12T13:16:00Z,UAE83,"36.460613,43.597477",34000,442,340
1765545363,2025-12-12T13:16:03Z,UAE83,"36.465382,43.595474",34000,442,340
1765545365,2025-12-12T13:16:05Z,UAE83,"36.469364,43.593777",34000,442,340
1765545367,2025-12-12T13:16:07Z,UAE83,"36.473137,43.592239",34000,442,341
1765545369,2025-12-12T13:16:09Z,UAE83,"36.477341,43.590473",34000,442,341
1765545371,2025-12-12T13:16:11Z,UAE83,"36.481895,43.588455",34000,442,340
1765545373,2025-12-12T13:16:13Z,UAE83,"36.485394,43.586784",34000,442,340
1765545376,2025-12-12T13:16:16Z,UAE83,"36.489555,43.585003",34000,442,340
1765545378,2025-12-12T13:16:18Z,UAE83,"36.49472,43.582905",34000,442,341
1765545380,2025-12-12T13:16:20Z,UAE83,"36.499199,43.581013",34000,442,341
1765545383,2025-12-12T13:16:23Z,UAE83,"36.503918,43.578976",34000,442,340
1765545404,2025-12-12T13:16:44Z,UAE83,"36.545837,43.560982",34000,442,340
1765545406,2025-12-12T13:16:46Z,UAE83,"36.550598,43.558887",34000,442,340
1765545409,2025-12-12T13:16:49Z,UAE83,"36.553665,43.55764",34000,442,341
1765545411,2025-12-12T13:16:51Z,UAE83,"36.558102,43.555767",34000,442,341
1765545441,2025-12-12T13:17:21Z,UAE83,"36.618927,43.529919",34000,442,341
1765545445,2025-12-12T13:17:25Z,UAE83,"36.625462,43.527225",34000,442,343
1765545449,2025-12-12T13:17:29Z,UAE83,"36.632469,43.523975",34000,440,339
1765545451,2025-12-12T13:17:31Z,UAE83,"36.63652,43.522789",34000,440,341
1765545453,2025-12-12T13:17:33Z,UAE83,"36.640514,43.520836",34000,440,340
1765545455,2025-12-12T13:17:35Z,UAE83,"36.645515,43.518799",34000,440,342
1765545458,2025-12-12T13:17:38Z,UAE83,"36.649994,43.516502",34000,440,337
1765545461,2025-12-12T13:17:41Z,UAE83,"36.654358,43.51482",34000,440,340
1765545463,2025-12-12T13:17:43Z,UAE83,"36.65929,43.512764",34000,440,341
1765545465,2025-12-12T13:17:45Z,UAE83,"36.663162,43.511055",34000,440,340
1765545467,2025-12-12T13:17:47Z,UAE83,"36.666916,43.509453",34000,440,340
1765545469,2025-12-12T13:17:49Z,UAE83,"36.671268,43.507576",34000,440,340
1765545471,2025-12-12T13:17:51Z,UAE83,"36.67556,43.50576",34000,440,340
1765545474,2025-12-12T13:17:54Z,UAE83,"36.680573,43.503685",34000,440,341
1765545476,2025-12-12T13:17:56Z,UAE83,"36.684105,43.502213",34000,440,341
1765545478,2025-12-12T13:17:58Z,UAE83,"36.688805,43.500668",34000,440,353
1765545480,2025-12-12T13:18:00Z,UAE83,"36.692406,43.498283",34000,440,330
1765545482,2025-12-12T13:18:02Z,UAE83,"36.697266,43.496525",34000,440,341
1765545485,2025-12-12T13:18:05Z,UAE83,"36.701416,43.494804",34000,440,348
1765545487,2025-12-12T13:18:07Z,UAE83,"36.705246,43.492966",34000,440,342
1765545489,2025-12-12T13:18:09Z,UAE83,"36.709354,43.49115",34000,440,339
1765545491,2025-12-12T13:18:11Z,UAE83,"36.713589,43.48959",34000,440,341
1765545493,2025-12-12T13:18:13Z,UAE83,"36.717506,43.487732",34000,440,332
1765545495,2025-12-12T13:18:15Z,UAE83,"36.722061,43.48637",34000,440,348
1765545498,2025-12-12T13:18:18Z,UAE83,"36.726482,43.484077",34000,438,340
1765545500,2025-12-12T13:18:20Z,UAE83,"36.730427,43.482288",34000,438,340
1765545502,2025-12-12T13:18:22Z,UAE83,"36.735432,43.480263",34000,438,341
1765545504,2025-12-12T13:18:24Z,UAE83,"36.739479,43.479034",34000,438,347
1765545506,2025-12-12T13:18:26Z,UAE83,"36.742821,43.477505",34000,438,341
1765545508,2025-12-12T13:18:28Z,UAE83,"36.748737,43.474743",34000,438,339
1765545510,2025-12-12T13:18:30Z,UAE83,"36.750816,43.47385",34000,438,340
1765545513,2025-12-12T13:18:33Z,UAE83,"36.755333,43.471714",34000,438,340
1765545515,2025-12-12T13:18:35Z,UAE83,"36.759369,43.470081",34000,438,343
1765545517,2025-12-12T13:18:37Z,UAE83,"36.764114,43.468018",34000,438,339
1765545519,2025-12-12T13:18:39Z,UAE83,"36.768745,43.466042",34000,438,340
1765545521,2025-12-12T13:18:41Z,UAE83,"36.771965,43.464745",34000,438,341
1765545523,2025-12-12T13:18:43Z,UAE83,"36.775558,43.463364",34000,438,344
1765545525,2025-12-12T13:18:45Z,UAE83,"36.779194,43.461575",34000,438,338
1765545527,2025-12-12T13:18:47Z,UAE83,"36.784031,43.459293",34000,440,339
1765545530,2025-12-12T13:18:50Z,UAE83,"36.787399,43.45787",34000,440,335
1765545532,2025-12-12T13:18:52Z,UAE83,"36.791786,43.455788",34000,440,339
1765545534,2025-12-12T13:18:54Z,UAE83,"36.79554,43.454311",34000,440,340
1765545536,2025-12-12T13:18:56Z,UAE83,"36.800304,43.452408",34000,440,338
1765545538,2025-12-12T13:18:58Z,UAE83,"36.805103,43.45031",34000,440,340
1765545540,2025-12-12T13:19:00Z,UAE83,"36.809181,43.448727",34000,440,337
1765545542,2025-12-12T13:19:02Z,UAE83,"36.813232,43.447079",34000,440,342
1765545544,2025-12-12T13:19:04Z,UAE83,"36.815884,43.445423",34000,440,332
1765545547,2025-12-12T13:19:07Z,UAE83,"36.820995,43.443787",34000,440,345
1765545549,2025-12-12T13:19:09Z,UAE83,"36.825294,43.441971",34000,440,342
1765545551,2025-12-12T13:19:11Z,UAE83,"36.828812,43.440479",34000,440,341
1765545553,2025-12-12T13:19:13Z,UAE83,"36.83353,43.438484",34000,440,341
1765545555,2025-12-12T13:19:15Z,UAE83,"36.836891,43.436852",34000,440,340
1765545557,2025-12-12T13:19:17Z,UAE83,"36.841736,43.434692",34000,440,340
1765545559,2025-12-12T13:19:19Z,UAE83,"36.845238,43.433331",34000,440,343
1765545561,2025-12-12T13:19:21Z,UAE83,"36.849255,43.431942",34000,440,351
1765545563,2025-12-12T13:19:23Z,UAE83,"36.853195,43.429874",34000,440,338
1765545566,2025-12-12T13:19:26Z,UAE83,"36.857922,43.428375",34000,438,351
1765545568,2025-12-12T13:19:28Z,UAE83,"36.862038,43.426159",34000,438,339
1765545570,2025-12-12T13:19:30Z,UAE83,"36.866035,43.424801",34000,438,343
1765545572,2025-12-12T13:19:32Z,UAE83,"36.87048,43.422611",34000,438,338
1765545574,2025-12-12T13:19:34Z,UAE83,"36.875252,43.420521",34000,438,344
1765545577,2025-12-12T13:19:37Z,UAE83,"36.878464,43.418789",34000,438,335
1765545579,2025-12-12T13:19:39Z,UAE83,"36.882153,43.417095",34000,438,339
1765545581,2025-12-12T13:19:41Z,UAE83,"36.886368,43.415531",34000,438,324
1765545583,2025-12-12T13:19:43Z,UAE83,"36.891571,43.413685",34000,438,345
1765545585,2025-12-12T13:19:45Z,UAE83,"36.893993,43.411587",34000,438,307
1765545587,2025-12-12T13:19:47Z,UAE83,"36.898285,43.409626",34000,438,307
1765545590,2025-12-12T13:19:50Z,UAE83,"36.903481,43.407959",34000,438,336
1765545592,2025-12-12T13:19:52Z,UAE83,"36.90826,43.405693",34000,438,338
1765545595,2025-12-12T13:19:55Z,UAE83,"36.913586,43.403835",34000,438,281
1765545597,2025-12-12T13:19:57Z,UAE83,"36.908283,43.396908",34000,438,333
1765545601,2025-12-12T13:20:01Z,UAE83,"36.915142,43.394131",34000,438,343
1765545606,2025-12-12T13:20:06Z,UAE83,"36.93523,43.394512",34000,438,4
1765545608,2025-12-12T13:20:08Z,UAE83,"36.939453,43.392445",34000,438,345
1765545610,2025-12-12T13:20:10Z,UAE83,"36.942326,43.391273",34000,438,16
1765545612,2025-12-12T13:20:12Z,UAE83,"36.946968,43.389065",34000,440,339
1765545614,2025-12-12T13:20:14Z,UAE83,"36.950356,43.387543",34000,440,339
1765545617,2025-12-12T13:20:17Z,UAE83,"36.954659,43.385723",34000,440,340
1765545619,2025-12-12T13:20:19Z,UAE83,"36.958378,43.383621",34000,440,339
1765545621,2025-12-12T13:20:21Z,UAE83,"36.96299,43.382149",34000,440,331
1765545623,2025-12-12T13:20:23Z,UAE83,"36.967049,43.380638",34000,440,343
1765545625,2025-12-12T13:20:25Z,UAE83,"36.971127,43.378841",34000,440,340
1765545627,2025-12-12T13:20:27Z,UAE83,"36.974758,43.377304",34000,440,341
1765545629,2025-12-12T13:20:29Z,UAE83,"36.979309,43.375664",34000,440,344
1765545631,2025-12-12T13:20:31Z,UAE83,"36.982838,43.373814",34000,440,327
1765545633,2025-12-12T13:20:33Z,UAE83,"36.98732,43.371685",34000,440,338
1765545635,2025-12-12T13:20:35Z,UAE83,"36.990986,43.37009",34000,440,331
1765545637,2025-12-12T13:20:37Z,UAE83,"36.995266,43.368534",34000,440,345
1765545639,2025-12-12T13:20:39Z,UAE83,"36.99881,43.366875",34000,440,340
1765545642,2025-12-12T13:20:42Z,UAE83,"37.003139,43.365047",34000,440,341
1765545644,2025-12-12T13:20:44Z,UAE83,"37.007042,43.363377",34000,440,341
1765545646,2025-12-12T13:20:46Z,UAE83,"37.011044,43.361668",34000,440,341
1765545648,2025-12-12T13:20:48Z,UAE83,"37.015209,43.359882",34000,440,340
1765545650,2025-12-12T13:20:50Z,UAE83,"37.019054,43.358284",34000,440,338
1765545652,2025-12-12T13:20:52Z,UAE83,"37.023399,43.356449",34000,440,341
1765545654,2025-12-12T13:20:54Z,UAE83,"37.027283,43.354107",34000,440,311
1765545656,2025-12-12T13:20:56Z,UAE83,"37.030624,43.352642",34000,440,304
1765545658,2025-12-12T13:20:58Z,UAE83,"37.034855,43.350685",34000,442,311
1765545660,2025-12-12T13:21:00Z,UAE83,"37.039314,43.349369",34000,442,353
1765545663,2025-12-12T13:21:03Z,UAE83,"37.04385,43.347603",34000,442,353
1765545665,2025-12-12T13:21:05Z,UAE83,"37.047718,43.345566",34000,442,342
1765545667,2025-12-12T13:21:07Z,UAE83,"37.051704,43.343727",34000,442,338
1765545669,2025-12-12T13:21:09Z,UAE83,"37.055748,43.342247",34000,442,341
1765545671,2025-12-12T13:21:11Z,UAE83,"37.059711,43.340614",34000,442,341
1765545673,2025-12-12T13:21:13Z,UAE83,"37.064255,43.338413",34000,442,340
1765545675,2025-12-12T13:21:15Z,UAE83,"37.067986,43.336845",34000,442,340
1765545678,2025-12-12T13:21:18Z,UAE83,"37.072769,43.334927",34000,442,341
1765545680,2025-12-12T13:21:20Z,UAE83,"37.077087,43.333157",34000,442,341
1765545682,2025-12-12T13:21:22Z,UAE83,"37.081928,43.33131",34000,442,341
1765545684,2025-12-12T13:21:24Z,UAE83,"37.085922,43.329716",34000,442,342
1765545687,2025-12-12T13:21:27Z,UAE83,"37.08992,43.328075",34000,442,341
1765545689,2025-12-12T13:21:29Z,UAE83,"37.093819,43.326397",34000,442,341
1765545691,2025-12-12T13:21:31Z,UAE83,"37.098347,43.32439",34000,442,341
1765545693,2025-12-12T13:21:33Z,UAE83,"37.10363,43.322086",34000,442,341
1765545726,2025-12-12T13:22:06Z,UAE83,"37.165524,43.296757",34000,442,341
1765545758,2025-12-12T13:22:38Z,UAE83,"37.228554,43.270336",34000,444,341
1765545790,2025-12-12T13:23:10Z,UAE83,"37.291248,43.243183",34000,442,340
1765545812,2025-12-12T13:23:32Z,UAE83,"37.331333,43.219795",34000,436,331
1765545815,2025-12-12T13:23:35Z,UAE83,"37.336555,43.215431",34000,436,329
1765545818,2025-12-12T13:23:38Z,UAE83,"37.340248,43.211647",34000,436,327
1765545820,2025-12-12T13:23:40Z,UAE83,"37.345234,43.206554",34000,436,325
1765545823,2025-12-12T13:23:43Z,UAE83,"37.350319,43.201756",34000,436,324
1765545826,2025-12-12T13:23:46Z,UAE83,"37.354263,43.196903",34000,436,322
1765545840,2025-12-12T13:24:00Z,UAE83,"37.371494,43.167118",34000,438,305
1765545848,2025-12-12T13:24:08Z,UAE83,"37.378632,43.151093",34000,438,299
1765545850,2025-12-12T13:24:10Z,UAE83,"37.38026,43.147537",34000,438,299
1765545852,2025-12-12T13:24:12Z,UAE83,"37.382339,43.142456",34000,438,298
1765545854,2025-12-12T13:24:14Z,UAE83,"37.384212,43.137207",34000,438,297
1765545857,2025-12-12T13:24:17Z,UAE83,"37.386543,43.132175",34000,438,298
1765545861,2025-12-12T13:24:21Z,UAE83,"37.391083,43.122276",34000,438,299
1765545863,2025-12-12T13:24:23Z,UAE83,"37.393482,43.116806",34000,438,298
1765545865,2025-12-12T13:24:25Z,UAE83,"37.395386,43.112267",34000,438,298
1765545867,2025-12-12T13:24:27Z,UAE83,"37.397278,43.107674",34000,438,298
1765545870,2025-12-12T13:24:30Z,UAE83,"37.399448,43.102688",34000,438,298
1765545911,2025-12-12T13:25:11Z,UAE83,"37.439152,43.008282",34000,438,297
1765547979,2025-12-12T13:59:39Z,UAE83,"39.932312,38.792393",34000,438,309
1765548011,2025-12-12T14:00:11Z,UAE83,"39.974072,38.72715",34000,438,312
1765548013,2025-12-12T14:00:13Z,UAE83,"39.975159,38.723526",34000,438,292
1765548016,2025-12-12T14:00:16Z,UAE83,"39.977623,38.719086",34000,438,302
1765548018,2025-12-12T14:00:18Z,UAE83,"39.980267,38.714523",34000,438,304
1765548020,2025-12-12T14:00:20Z,UAE83,"39.982807,38.710533",34000,438,306
1765548022,2025-12-12T14:00:22Z,UAE83,"39.985867,38.705765",34000,438,308
1765548024,2025-12-12T14:00:24Z,UAE83,"39.988979,38.700966",34000,438,308
1765548026,2025-12-12T14:00:26Z,UAE83,"39.991261,38.697327",34000,438,309
1765548028,2025-12-12T14:00:28Z,UAE83,"39.993984,38.692963",34000,438,309
1765548030,2025-12-12T14:00:30Z,UAE83,"39.996666,38.688602",34000,438,308
1765548033,2025-12-12T14:00:33Z,UAE83,"40.000156,38.682804",34000,438,308
1765548035,2025-12-12T14:00:35Z,UAE83,"40.001987,38.679996",34000,436,309
1765548037,2025-12-12T14:00:37Z,UAE83,"40.004757,38.675514",34000,436,309
1765548039,2025-12-12T14:00:39Z,UAE83,"40.007366,38.671177",34000,436,308
1765548041,2025-12-12T14:00:41Z,UAE83,"40.010021,38.666931",34000,436,308
1765548043,2025-12-12T14:00:43Z,UAE83,"40.012802,38.662437",34000,436,308
1765548076,2025-12-12T14:01:16Z,UAE83,"40.054028,38.595634",34000,436,309
1765548088,2025-12-12T14:01:28Z,UAE83,"40.067699,38.573677",34000,436,308
1765548159,2025-12-12T14:02:39Z,UAE83,"40.15863,38.426159",34000,434,308
1765548191,2025-12-12T14:03:11Z,UAE83,"40.198215,38.361553",34000,432,308
1765548221,2025-12-12T14:03:41Z,UAE83,"40.235565,38.300724",34000,429,308
1765548256,2025-12-12T14:04:16Z,UAE83,"40.278999,38.229221",34000,430,308
1765548287,2025-12-12T14:04:47Z,UAE83,"40.315647,38.166946",34000,424,303
1765548300,2025-12-12T14:05:00Z,UAE83,"40.328892,38.138287",34000,422,298
1765548302,2025-12-12T14:05:02Z,UAE83,"40.331284,38.13192",34000,422,297
1765548304,2025-12-12T14:05:04Z,UAE83,"40.332954,38.127834",34000,422,297
1765548306,2025-12-12T14:05:06Z,UAE83,"40.334702,38.122692",34000,421,296
1765548309,2025-12-12T14:05:09Z,UAE83,"40.337078,38.116257",34000,421,295
1765548311,2025-12-12T14:05:11Z,UAE83,"40.338718,38.111546",34000,421,294
1765548314,2025-12-12T14:05:14Z,UAE83,"40.340202,38.106762",34000,422,294
1765548316,2025-12-12T14:05:16Z,UAE83,"40.342056,38.101238",34000,422,293
1765548318,2025-12-12T14:05:18Z,UAE83,"40.3433,38.097565",34000,421,292
1765548320,2025-12-12T14:05:20Z,UAE83,"40.345108,38.090725",34000,422,291
1765548322,2025-12-12T14:05:22Z,UAE83,"40.346802,38.085644",34000,421,291
1765548356,2025-12-12T14:05:56Z,UAE83,"40.370613,38.006279",34000,420,291
1765548388,2025-12-12T14:06:28Z,UAE83,"40.393116,37.931412",34000,420,291
1765548429,2025-12-12T14:07:09Z,UAE83,"40.422821,37.831444",34000,420,291
1765548437,2025-12-12T14:07:17Z,UAE83,"40.427937,37.814274",34000,420,291
1765548515,2025-12-12T14:08:35Z,UAE83,"40.483246,37.627708",34000,420,291
1765548522,2025-12-12T14:08:42Z,UAE83,"40.487339,37.613873",34000,420,291
1765548582,2025-12-12T14:09:42Z,UAE83,"40.530701,37.471809",34000,421,291
1765548632,2025-12-12T14:10:32Z,UAE83,"40.56649,37.350323",34000,421,290
1765548664,2025-12-12T14:11:04Z,UAE83,"40.589439,37.276871",34000,421,290
1765548694,2025-12-12T14:11:34Z,UAE83,"40.609276,37.203712",34000,422,290
1765548727,2025-12-12T14:12:07Z,UAE83,"40.632748,37.123363",34000,423,290
1765548759,2025-12-12T14:12:39Z,UAE83,"40.654675,37.047897",34000,426,290
1765548789,2025-12-12T14:13:09Z,UAE83,"40.676136,36.973614",34000,426,290
1765548822,2025-12-12T14:13:42Z,UAE83,"40.699265,36.893799",34000,427,290
1765548853,2025-12-12T14:14:13Z,UAE83,"40.721664,36.815998",34000,427,290
1765548883,2025-12-12T14:14:43Z,UAE83,"40.742565,36.743401",34000,426,290
1765548916,2025-12-12T14:15:16Z,UAE83,"40.764912,36.665684",34000,426,290
1765548946,2025-12-12T14:15:46Z,UAE83,"40.785858,36.5924",34000,425,290
1765548978,2025-12-12T14:16:18Z,UAE83,"40.808121,36.514282",34200,420,290
1765549011,2025-12-12T14:16:51Z,UAE83,"40.83041,36.435719",34500,417,290
1765549044,2025-12-12T14:17:24Z,UAE83,"40.852249,36.358582",34825,421,290
1765549075,2025-12-12T14:17:55Z,UAE83,"40.874268,36.280518",35150,425,290
1765549108,2025-12-12T14:18:28Z,UAE83,"40.896286,36.202515",35450,430,290
1765549139,2025-12-12T14:18:59Z,UAE83,"40.918205,36.124294",35725,432,290
1765549171,2025-12-12T14:19:31Z,UAE83,"40.940365,36.045456",35975,430,290
1765549203,2025-12-12T14:20:03Z,UAE83,"40.962246,35.967239",36000,428,290
1765549235,2025-12-12T14:20:35Z,UAE83,"40.983673,35.889893",36000,428,290
1765549266,2025-12-12T14:21:06Z,UAE83,"41.005096,35.812805",36000,427,290
1765549298,2025-12-12T14:21:38Z,UAE83,"41.026695,35.734726",36000,428,290
1765549330,2025-12-12T14:22:10Z,UAE83,"41.047935,35.657532",36000,426,290
1765549362,2025-12-12T14:22:42Z,UAE83,"41.06971,35.578663",36000,424,289
1765549382,2025-12-12T14:23:02Z,UAE83,"41.08289,35.531071",36000,422,289
1765549384,2025-12-12T14:23:04Z,UAE83,"41.084183,35.525879",36000,423,290
1765549386,2025-12-12T14:23:06Z,UAE83,"41.08593,35.520458",36000,423,290
1765549388,2025-12-12T14:23:08Z,UAE83,"41.087742,35.513382",36000,423,290
1765549391,2025-12-12T14:23:11Z,UAE83,"41.088917,35.509293",36000,422,290
1765549393,2025-12-12T14:23:13Z,UAE83,"41.090359,35.503803",36000,422,290
1765549395,2025-12-12T14:23:15Z,UAE83,"41.091896,35.498436",36000,422,290
1765549397,2025-12-12T14:23:17Z,UAE83,"41.093292,35.493416",36000,422,290
1765549399,2025-12-12T14:23:19Z,UAE83,"41.095139,35.486816",36000,422,290
1765549401,2025-12-12T14:23:21Z,UAE83,"41.096447,35.482014",36000,422,290
1765549404,2025-12-12T14:23:24Z,UAE83,"41.097477,35.478134",36000,423,289
1765549436,2025-12-12T14:23:56Z,UAE83,"41.119183,35.399139",36000,422,289
1765549468,2025-12-12T14:24:28Z,UAE83,"41.140553,35.320656",36000,422,289
1765549501,2025-12-12T14:25:01Z,UAE83,"41.162098,35.242001",36000,424,289
1765549531,2025-12-12T14:25:31Z,UAE83,"41.182182,35.168274",36000,424,289
1765549563,2025-12-12T14:26:03Z,UAE83,"41.203281,35.09021",36000,424,289
1765549595,2025-12-12T14:26:35Z,UAE83,"41.224926,35.009705",36000,425,289
1765549625,2025-12-12T14:27:05Z,UAE83,"41.244408,34.937553",36000,424,289
1765549651,2025-12-12T14:27:31Z,UAE83,"41.261177,34.873272",36000,426,288
1765549653,2025-12-12T14:27:33Z,UAE83,"41.262566,34.867908",36000,426,288
1765549655,2025-12-12T14:27:35Z,UAE83,"41.263885,34.863033",36000,426,289
1765549657,2025-12-12T14:27:37Z,UAE83,"41.265259,34.857998",36000,426,289
1765549659,2025-12-12T14:27:39Z,UAE83,"41.266666,34.852867",36000,426,289
1765549661,2025-12-12T14:27:41Z,UAE83,"41.26807,34.847759",36000,426,293
1765549664,2025-12-12T14:27:44Z,UAE83,"41.269695,34.841705",36000,426,289
1765549667,2025-12-12T14:27:47Z,UAE83,"41.272125,34.832565",36000,426,289
1765549669,2025-12-12T14:27:49Z,UAE83,"41.272961,34.828667",36000,426,284
1765549671,2025-12-12T14:27:51Z,UAE83,"41.271904,34.821316",36000,426,237
1765549674,2025-12-12T14:27:54Z,UAE83,"41.276222,34.817413",36000,426,267
1765549676,2025-12-12T14:27:56Z,UAE83,"41.277649,34.811752",36000,426,289
1765549678,2025-12-12T14:27:58Z,UAE83,"41.279186,34.806107",36000,426,289
1765549680,2025-12-12T14:28:00Z,UAE83,"41.280842,34.800133",36000,426,290
1765549683,2025-12-12T14:28:03Z,UAE83,"41.282856,34.792225",36000,426,289
1765549685,2025-12-12T14:28:05Z,UAE83,"41.2841,34.787975",36000,426,290
1765549689,2025-12-12T14:28:09Z,UAE83,"41.286114,34.780125",36000,426,290
1765549691,2025-12-12T14:28:11Z,UAE83,"41.287823,34.773903",36000,426,291
1765549693,2025-12-12T14:28:13Z,UAE83,"41.289356,34.768116",36000,426,290
1765549695,2025-12-12T14:28:15Z,UAE83,"41.290112,34.765163",36000,426,289
1765549697,2025-12-12T14:28:17Z,UAE83,"41.291492,34.760132",36000,426,289
1765549699,2025-12-12T14:28:19Z,UAE83,"41.293167,34.753914",36000,426,289
1765549701,2025-12-12T14:28:21Z,UAE83,"41.294575,34.749008",36000,426,290
1765549703,2025-12-12T14:28:23Z,UAE83,"41.295925,34.743843",36000,426,289
1765549708,2025-12-12T14:28:28Z,UAE83,"41.298634,34.733765",36000,426,289
1765549710,2025-12-12T14:28:30Z,UAE83,"41.300022,34.728271",36000,426,288
1765549712,2025-12-12T14:28:32Z,UAE83,"41.301636,34.72192",36000,428,314
1765549714,2025-12-12T14:28:34Z,UAE83,"41.302681,34.717648",36000,428,317
1765549716,2025-12-12T14:28:36Z,UAE83,"41.304352,34.711651",36000,428,290
1765549719,2025-12-12T14:28:39Z,UAE83,"41.305851,34.70652",36000,428,290
1765549721,2025-12-12T14:28:41Z,UAE83,"41.307858,34.699409",36000,428,290
1765549723,2025-12-12T14:28:43Z,UAE83,"41.308575,34.69635",36000,428,289
1765549725,2025-12-12T14:28:45Z,UAE83,"41.310436,34.689545",36000,428,289
1765549727,2025-12-12T14:28:47Z,UAE83,"41.311893,34.684414",36000,428,290
1765549729,2025-12-12T14:28:49Z,UAE83,"41.312981,34.680321",36000,428,297
1765549731,2025-12-12T14:28:51Z,UAE83,"41.311974,34.673603",36000,428,236
1765549733,2025-12-12T14:28:53Z,UAE83,"41.315914,34.669441",36000,428,290
1765549735,2025-12-12T14:28:55Z,UAE83,"41.317139,34.663765",36000,428,285
1765549738,2025-12-12T14:28:58Z,UAE83,"41.318722,34.658276",36000,428,289
1765549740,2025-12-12T14:29:00Z,UAE83,"41.320778,34.65094",36000,428,289
1765549742,2025-12-12T14:29:02Z,UAE83,"41.321373,34.648117",36000,428,284
1765549746,2025-12-12T14:29:06Z,UAE83,"41.322292,34.636044",36000,428,268
1765549748,2025-12-12T14:29:08Z,UAE83,"41.325726,34.632153",36000,428,285
1765549751,2025-12-12T14:29:11Z,UAE83,"41.327011,34.627052",36000,428,288
1765549753,2025-12-12T14:29:13Z,UAE83,"41.328461,34.621208",36000,428,287
1765549755,2025-12-12T14:29:15Z,UAE83,"41.329041,34.615803",36000,428,262
1765549757,2025-12-12T14:29:17Z,UAE83,"41.331249,34.609985",36000,428,302
1765549759,2025-12-12T14:29:19Z,UAE83,"41.33279,34.606087",36000,428,294
1765549761,2025-12-12T14:29:21Z,UAE83,"41.334297,34.599785",36000,428,287
1765549764,2025-12-12T14:29:24Z,UAE83,"41.332905,34.590229",36000,428,261
1765549768,2025-12-12T14:29:28Z,UAE83,"41.33757,34.583122",36000,428,311
1765549771,2025-12-12T14:29:31Z,UAE83,"41.340836,34.574516",36000,428,305
1765549774,2025-12-12T14:29:34Z,UAE83,"41.342041,34.569824",36000,428,287
1765549777,2025-12-12T14:29:37Z,UAE83,"41.344658,34.560345",36000,428,291
1765549779,2025-12-12T14:29:39Z,UAE83,"41.346008,34.555355",36000,428,290
1765549781,2025-12-12T14:29:41Z,UAE83,"41.347332,34.550377",36000,428,288
1765549783,2025-12-12T14:29:43Z,UAE83,"41.348671,34.545166",36000,428,288
1765549786,2025-12-12T14:29:46Z,UAE83,"41.350723,34.537441",36000,428,338
1765549788,2025-12-12T14:29:48Z,UAE83,"41.352142,34.532269",36000,428,290
1765549791,2025-12-12T14:29:51Z,UAE83,"41.351433,34.525452",36000,428,235
1765549793,2025-12-12T14:29:53Z,UAE83,"41.354809,34.521126",36000,428,307
1765549795,2025-12-12T14:29:55Z,UAE83,"41.355991,34.51656",36000,428,287
1765549797,2025-12-12T14:29:57Z,UAE83,"41.357788,34.510353",36000,428,291
1765549799,2025-12-12T14:29:59Z,UAE83,"41.359055,34.505493",36000,428,289
1765549801,2025-12-12T14:30:01Z,UAE83,"41.360535,34.499954",36000,428,289
1765549804,2025-12-12T14:30:04Z,UAE83,"41.361816,34.494892",36000,430,289
1765549806,2025-12-12T14:30:06Z,UAE83,"41.363293,34.489319",36000,430,289
1765549808,2025-12-12T14:30:08Z,UAE83,"41.362679,34.482533",36000,430,245
1765549810,2025-12-12T14:30:10Z,UAE83,"41.362339,34.477699",36000,430,214
1765549813,2025-12-12T14:30:13Z,UAE83,"41.368324,34.470425",36000,430,283
1765549815,2025-12-12T14:30:15Z,UAE83,"41.369568,34.465073",36000,430,287
1765549817,2025-12-12T14:30:17Z,UAE83,"41.370872,34.460312",36000,430,287
1765549820,2025-12-12T14:30:20Z,UAE83,"41.369812,34.453873",36000,430,252
1765549822,2025-12-12T14:30:22Z,UAE83,"41.373692,34.449402",36000,430,287
1765549824,2025-12-12T14:30:24Z,UAE83,"41.37542,34.442879",36000,430,283
1765549826,2025-12-12T14:30:26Z,UAE83,"41.376766,34.43784",36000,430,286
1765549829,2025-12-12T14:30:29Z,UAE83,"41.378708,34.431068",36000,430,292
1765549831,2025-12-12T14:30:31Z,UAE83,"41.380157,34.425781",36000,430,291
1765549833,2025-12-12T14:30:33Z,UAE83,"41.380989,34.422173",36000,430,344
1765549835,2025-12-12T14:30:35Z,UAE83,"41.381126,34.416134",36000,430,254
1765549837,2025-12-12T14:30:37Z,UAE83,"41.383591,34.408325",36000,430,271
1765549839,2025-12-12T14:30:39Z,UAE83,"41.385426,34.405373",36000,430,290
1765549841,2025-12-12T14:30:41Z,UAE83,"41.386795,34.400803",36000,430,292
1765549843,2025-12-12T14:30:43Z,UAE83,"41.388153,34.394821",36000,430,288
1765549845,2025-12-12T14:30:45Z,UAE83,"41.38945,34.390255",36000,430,289
1765549848,2025-12-12T14:30:48Z,UAE83,"41.390785,34.384911",36000,430,289
1765549850,2025-12-12T14:30:50Z,UAE83,"41.392269,34.37912",36000,430,288
1765549852,2025-12-12T14:30:52Z,UAE83,"41.393974,34.372532",36000,430,288
1765549854,2025-12-12T14:30:54Z,UAE83,"41.395042,34.368382",36000,430,288
1765549856,2025-12-12T14:30:56Z,UAE83,"41.396526,34.363201",36000,430,290
1765549858,2025-12-12T14:30:58Z,UAE83,"41.397869,34.357769",36000,430,291
1765549860,2025-12-12T14:31:00Z,UAE83,"41.399231,34.352699",36000,430,316
1765549864,2025-12-12T14:31:04Z,UAE83,"41.401417,34.34399",36000,430,346
1765549866,2025-12-12T14:31:06Z,UAE83,"41.402977,34.33886",36000,430,299
1765549868,2025-12-12T14:31:08Z,UAE83,"41.404465,34.332886",36000,430,288
1765549870,2025-12-12T14:31:10Z,UAE83,"41.405598,34.328094",36000,430,286
1765549872,2025-12-12T14:31:12Z,UAE83,"41.407154,34.322529",36000,430,291
1765549874,2025-12-12T14:31:14Z,UAE83,"41.408684,34.316895",36000,430,289
1765549876,2025-12-12T14:31:16Z,UAE83,"41.409698,34.312752",36000,430,288
1765549878,2025-12-12T14:31:18Z,UAE83,"41.410973,34.307659",36000,430,288
1765549880,2025-12-12T14:31:20Z,UAE83,"41.412514,34.301426",36000,430,288
1765549883,2025-12-12T14:31:23Z,UAE83,"41.413746,34.297131",36000,430,289
1765549885,2025-12-12T14:31:25Z,UAE83,"41.415173,34.291538",36000,430,288
1765549887,2025-12-12T14:31:27Z,UAE83,"41.416649,34.286034",36000,430,289
1765549889,2025-12-12T14:31:29Z,UAE83,"41.417927,34.28096",36000,430,288
1765549891,2025-12-12T14:31:31Z,UAE83,"41.419209,34.27594",36000,430,288
1765549894,2025-12-12T14:31:34Z,UAE83,"41.421314,34.26804",36000,430,287
1765549897,2025-12-12T14:31:37Z,UAE83,"41.423389,34.260033",36000,430,299
1765549899,2025-12-12T14:31:39Z,UAE83,"41.424713,34.254791",36000,430,292
1765549901,2025-12-12T14:31:41Z,UAE83,"41.426285,34.249954",36000,432,338
1765549903,2025-12-12T14:31:43Z,UAE83,"41.427361,34.244511",36000,432,290
1765549906,2025-12-12T14:31:46Z,UAE83,"41.428913,34.238514",36000,432,284
1765549908,2025-12-12T14:31:48Z,UAE83,"41.430084,34.234062",36000,432,286
1765549910,2025-12-12T14:31:50Z,UAE83,"41.431416,34.228642",36000,432,288
1765549912,2025-12-12T14:31:52Z,UAE83,"41.432747,34.223667",36000,432,288
1765549914,2025-12-12T14:31:54Z,UAE83,"41.434025,34.218685",36000,432,288
1765549916,2025-12-12T14:31:56Z,UAE83,"41.435795,34.212288",36000,432,289
1765549918,2025-12-12T14:31:58Z,UAE83,"41.436829,34.208305",36000,432,289
1765549920,2025-12-12T14:32:00Z,UAE83,"41.438408,34.202126",36000,432,289
1765549922,2025-12-12T14:32:02Z,UAE83,"41.439739,34.197105",36000,434,289
1765549924,2025-12-12T14:32:04Z,UAE83,"41.440975,34.19228",36000,434,335
1765549927,2025-12-12T14:32:07Z,UAE83,"41.440655,34.187187",36000,434,264
1765549929,2025-12-12T14:32:09Z,UAE83,"41.442039,34.182194",36000,434,294
1765549933,2025-12-12T14:32:13Z,UAE83,"41.444649,34.172096",36000,434,286
1765549935,2025-12-12T14:32:15Z,UAE83,"41.446911,34.165268",36000,434,289
1765549937,2025-12-12T14:32:17Z,UAE83,"41.448074,34.16082",36000,434,289
1765549941,2025-12-12T14:32:21Z,UAE83,"41.450993,34.150688",36000,434,290
1765549943,2025-12-12T14:32:23Z,UAE83,"41.451832,34.145451",36000,434,282
1765549945,2025-12-12T14:32:25Z,UAE83,"41.452118,34.141876",36000,434,266
1765549947,2025-12-12T14:32:27Z,UAE83,"41.454517,34.134987",36000,434,290
1765549959,2025-12-12T14:32:39Z,UAE83,"41.463955,34.104744",36000,434,292
1765549962,2025-12-12T14:32:42Z,UAE83,"41.465618,34.096348",36000,434,287
1765549966,2025-12-12T14:32:46Z,UAE83,"41.469124,34.085339",36000,434,293
1765549968,2025-12-12T14:32:48Z,UAE83,"41.470028,34.080734",36000,451,290
1765549970,2025-12-12T14:32:50Z,UAE83,"41.471355,34.074657",36000,439,289
1765549972,2025-12-12T14:32:52Z,UAE83,"41.47179,34.070133",36000,434,287
1765549975,2025-12-12T14:32:55Z,UAE83,"41.473015,34.064804",36000,434,287
1765549977,2025-12-12T14:32:57Z,UAE83,"41.474407,34.059326",36000,434,287
1765549979,2025-12-12T14:32:59Z,UAE83,"41.475769,34.055012",36000,434,288
1765549981,2025-12-12T14:33:01Z,UAE83,"41.477455,34.049114",36000,434,289
1765549984,2025-12-12T14:33:04Z,UAE83,"41.479664,34.040356",36000,434,288
1765549986,2025-12-12T14:33:06Z,UAE83,"41.481186,34.034523",36000,434,288
1765549989,2025-12-12T14:33:09Z,UAE83,"41.482162,34.030609",36000,434,288
1765549991,2025-12-12T14:33:11Z,UAE83,"41.484234,34.023544",36000,434,289
1765549993,2025-12-12T14:33:13Z,UAE83,"41.486176,34.01701",36000,434,289
1765549995,2025-12-12T14:33:15Z,UAE83,"41.487244,34.012947",36000,434,289
1765550025,2025-12-12T14:33:45Z,UAE83,"41.509541,33.935863",36000,434,320
1765550027,2025-12-12T14:33:47Z,UAE83,"41.509529,33.931156",36000,434,271
1765550029,2025-12-12T14:33:49Z,UAE83,"41.509518,33.926685",36000,434,269
1765550032,2025-12-12T14:33:52Z,UAE83,"41.510712,33.921375",36000,434,215
1765550034,2025-12-12T14:33:54Z,UAE83,"41.512169,33.916386",36000,434,294
1765550036,2025-12-12T14:33:56Z,UAE83,"41.51334,33.911213",36000,434,283
1765550038,2025-12-12T14:33:58Z,UAE83,"41.51535,33.905029",36000,434,293
1765550040,2025-12-12T14:34:00Z,UAE83,"41.517384,33.898354",36000,434,312
1765550042,2025-12-12T14:34:02Z,UAE83,"41.518433,33.893936",36000,434,286
1765550044,2025-12-12T14:34:04Z,UAE83,"41.519798,33.888916",36000,434,289
1765550046,2025-12-12T14:34:06Z,UAE83,"41.521118,33.883705",36000,434,288
1765550049,2025-12-12T14:34:09Z,UAE83,"41.522655,33.877712",36000,434,288
1765550051,2025-12-12T14:34:11Z,UAE83,"41.524025,33.872345",36000,434,288
1765550053,2025-12-12T14:34:13Z,UAE83,"41.525307,33.867371",36000,434,288
1765550055,2025-12-12T14:34:15Z,UAE83,"41.526566,33.862171",36000,434,288
1765550057,2025-12-12T14:34:17Z,UAE83,"41.527828,33.857166",36000,434,288
1765550059,2025-12-12T14:34:19Z,UAE83,"41.529182,33.85194",36000,434,288
1765550061,2025-12-12T14:34:21Z,UAE83,"41.530952,33.845108",36000,434,288
1765550063,2025-12-12T14:34:23Z,UAE83,"41.532051,33.841003",36000,434,288
1765550065,2025-12-12T14:34:25Z,UAE83,"41.533356,33.835846",36000,434,288
1765550067,2025-12-12T14:34:27Z,UAE83,"41.534725,33.830296",36000,434,288
1765550069,2025-12-12T14:34:29Z,UAE83,"41.536034,33.825367",36000,434,288
1765550092,2025-12-12T14:34:52Z,UAE83,"41.550751,33.766777",36000,436,279
1765550095,2025-12-12T14:34:55Z,UAE83,"41.552258,33.76099",36000,436,272
1765550097,2025-12-12T14:34:57Z,UAE83,"41.553638,33.755665",36000,436,287
1765550099,2025-12-12T14:34:59Z,UAE83,"41.555077,33.750217",36000,436,288
1765550101,2025-12-12T14:35:01Z,UAE83,"41.556469,33.744541",36000,436,288
1765550103,2025-12-12T14:35:03Z,UAE83,"41.557926,33.739281",36000,436,289
1765550105,2025-12-12T14:35:05Z,UAE83,"41.559776,33.73262",36000,436,289
1765550110,2025-12-12T14:35:10Z,UAE83,"41.562416,33.722183",36000,436,339
1765550112,2025-12-12T14:35:12Z,UAE83,"41.563694,33.717152",36000,436,290
1765550114,2025-12-12T14:35:14Z,UAE83,"41.563889,33.712704",36000,436,257
1765550116,2025-12-12T14:35:16Z,UAE83,"41.566448,33.705948",36000,436,288
1765550118,2025-12-12T14:35:18Z,UAE83,"41.567669,33.700848",36000,436,288
1765550120,2025-12-12T14:35:20Z,UAE83,"41.569271,33.694683",36000,436,288
1765550122,2025-12-12T14:35:22Z,UAE83,"41.570847,33.68898",36000,436,288
1765550124,2025-12-12T14:35:24Z,UAE83,"41.57201,33.684395",36000,436,288
1765550126,2025-12-12T14:35:26Z,UAE83,"41.57328,33.67907",36000,436,288
1765550129,2025-12-12T14:35:29Z,UAE83,"41.57452,33.673985",36000,436,288
1765550131,2025-12-12T14:35:31Z,UAE83,"41.575829,33.669071",36000,436,288
1765550133,2025-12-12T14:35:33Z,UAE83,"41.576008,33.663898",36000,436,282
1765550135,2025-12-12T14:35:35Z,UAE83,"41.577724,33.657883",36000,436,304
1765550137,2025-12-12T14:35:37Z,UAE83,"41.581093,33.650818",36000,436,297
1765550140,2025-12-12T14:35:40Z,UAE83,"41.581425,33.645966",36000,436,300
1765550142,2025-12-12T14:35:42Z,UAE83,"41.582245,33.641273",36000,436,285
1765550144,2025-12-12T14:35:44Z,UAE83,"41.584053,33.634724",36000,436,288
1765550146,2025-12-12T14:35:46Z,UAE83,"41.585354,33.629837",36000,436,300
1765550148,2025-12-12T14:35:48Z,UAE83,"41.586956,33.624134",36000,436,289
1765550150,2025-12-12T14:35:50Z,UAE83,"41.588078,33.618965",36000,436,287
1765550153,2025-12-12T14:35:53Z,UAE83,"41.589363,33.613522",36000,436,287
1765550155,2025-12-12T14:35:55Z,UAE83,"41.592236,33.605721",36000,436,301
1765550157,2025-12-12T14:35:57Z,UAE83,"41.593384,33.604309",36000,436,21
1765550159,2025-12-12T14:35:59Z,UAE83,"41.59333,33.596851",36000,436,292
1765550161,2025-12-12T14:36:01Z,UAE83,"41.595112,33.591396",36000,436,300
1765550164,2025-12-12T14:36:04Z,UAE83,"41.597439,33.582909",36000,436,20
1765550166,2025-12-12T14:36:06Z,UAE83,"41.598034,33.578209",36000,436,17
1765550168,2025-12-12T14:36:08Z,UAE83,"41.599747,33.572353",36000,436,286
1765550171,2025-12-12T14:36:11Z,UAE83,"41.601059,33.567436",36000,436,20
1765550173,2025-12-12T14:36:13Z,UAE83,"41.602497,33.561764",36000,436,287
1765550177,2025-12-12T14:36:17Z,UAE83,"41.605309,33.550568",36000,436,12
1765550179,2025-12-12T14:36:19Z,UAE83,"41.606987,33.544502",36000,436,291
1765550181,2025-12-12T14:36:21Z,UAE83,"41.608124,33.539635",36000,436,299
1765550183,2025-12-12T14:36:23Z,UAE83,"41.608551,33.535088",36000,436,272
1765550185,2025-12-12T14:36:25Z,UAE83,"41.610497,33.529198",36000,436,293
1765550188,2025-12-12T14:36:28Z,UAE83,"41.611973,33.52393",36000,436,288
1765550190,2025-12-12T14:36:30Z,UAE83,"41.613438,33.518059",36000,436,288
1765550192,2025-12-12T14:36:32Z,UAE83,"41.614803,33.512695",36000,436,288
1765550194,2025-12-12T14:36:34Z,UAE83,"41.616211,33.507095",36000,436,288
1765550196,2025-12-12T14:36:36Z,UAE83,"41.616982,33.501846",36000,436,18
1765550198,2025-12-12T14:36:38Z,UAE83,"41.61911,33.496078",36000,436,289
1765550200,2025-12-12T14:36:40Z,UAE83,"41.620369,33.489933",36000,436,277
1765550203,2025-12-12T14:36:43Z,UAE83,"41.621681,33.485592",36000,436,288
1765550205,2025-12-12T14:36:45Z,UAE83,"41.623207,33.479546",36000,436,288
1765550207,2025-12-12T14:36:47Z,UAE83,"41.624622,33.47382",36000,436,288
1765550210,2025-12-12T14:36:50Z,UAE83,"41.626225,33.467674",36000,436,288
1765550212,2025-12-12T14:36:52Z,UAE83,"41.627422,33.462353",36000,436,288
1765550214,2025-12-12T14:36:54Z,UAE83,"41.62888,33.456909",36000,436,288
1765550216,2025-12-12T14:36:56Z,UAE83,"41.630184,33.451778",36000,436,288
1765550218,2025-12-12T14:36:58Z,UAE83,"41.631622,33.446285",36000,438,288
1765550220,2025-12-12T14:37:00Z,UAE83,"41.633457,33.440563",36000,438,290
1765550222,2025-12-12T14:37:02Z,UAE83,"41.634418,33.43549",36000,438,287
1765550224,2025-12-12T14:37:04Z,UAE83,"41.635464,33.429958",36000,438,317
1765550227,2025-12-12T14:37:07Z,UAE83,"41.637413,33.423561",36000,438,289
1765550229,2025-12-12T14:37:09Z,UAE83,"41.63858,33.418907",36000,438,289
1765550231,2025-12-12T14:37:11Z,UAE83,"41.639957,33.413239",36000,438,288
1765550233,2025-12-12T14:37:13Z,UAE83,"41.641308,33.407738",36000,438,288
1765550235,2025-12-12T14:37:15Z,UAE83,"41.642639,33.402531",36000,438,288
1765550237,2025-12-12T14:37:17Z,UAE83,"41.644024,33.396999",36000,438,288
1765550239,2025-12-12T14:37:19Z,UAE83,"41.645515,33.391167",36000,438,288
1765550241,2025-12-12T14:37:21Z,UAE83,"41.646942,33.385345",36000,438,288
1765550243,2025-12-12T14:37:23Z,UAE83,"41.64809,33.380722",36000,438,288
1765550246,2025-12-12T14:37:26Z,UAE83,"41.649345,33.375473",36000,438,288
1765550248,2025-12-12T14:37:28Z,UAE83,"41.650879,33.369759",36000,438,288
1765550250,2025-12-12T14:37:30Z,UAE83,"41.652214,33.364529",36000,438,288
1765550252,2025-12-12T14:37:32Z,UAE83,"41.653622,33.358871",36000,438,288
1765550254,2025-12-12T14:37:34Z,UAE83,"41.65514,33.352894",36000,438,288
1765550287,2025-12-12T14:38:07Z,UAE83,"41.675747,33.269783",36000,438,288
1765550295,2025-12-12T14:38:15Z,UAE83,"41.680965,33.248978",36000,438,283
1765550298,2025-12-12T14:38:18Z,UAE83,"41.683163,33.240448",36000,438,3
1765550300,2025-12-12T14:38:20Z,UAE83,"41.684635,33.234581",36000,438,296
1765550302,2025-12-12T14:38:22Z,UAE83,"41.685902,33.229599",36000,438,290
1765550304,2025-12-12T14:38:24Z,UAE83,"41.68734,33.223824",36000,438,288
1765550306,2025-12-12T14:38:26Z,UAE83,"41.68895,33.217403",36000,438,288
1765550308,2025-12-12T14:38:28Z,UAE83,"41.689877,33.213779",36000,438,288
1765550310,2025-12-12T14:38:30Z,UAE83,"41.691238,33.208271",36000,438,288
1765550313,2025-12-12T14:38:33Z,UAE83,"41.692413,33.20343",36000,438,288
1765550315,2025-12-12T14:38:35Z,UAE83,"41.694248,33.195984",36000,438,288
1765550317,2025-12-12T14:38:37Z,UAE83,"41.695221,33.19215",36000,438,288
1765550319,2025-12-12T14:38:39Z,UAE83,"41.696579,33.186882",36000,438,288
1765550321,2025-12-12T14:38:41Z,UAE83,"41.69812,33.180683",36000,438,288
1765550323,2025-12-12T14:38:43Z,UAE83,"41.699398,33.175522",36000,438,288
1765550325,2025-12-12T14:38:45Z,UAE83,"41.700722,33.169674",36000,438,248
1765550327,2025-12-12T14:38:47Z,UAE83,"41.701847,33.165398",36000,438,289
1765550329,2025-12-12T14:38:49Z,UAE83,"41.7033,33.159409",36000,438,287
1765550331,2025-12-12T14:38:51Z,UAE83,"41.703827,33.153385",36000,438,269
1765550334,2025-12-12T14:38:54Z,UAE83,"41.705925,33.148483",36000,438,286
1765550336,2025-12-12T14:38:56Z,UAE83,"41.707062,33.143505",36000,438,286
1765550338,2025-12-12T14:38:58Z,UAE83,"41.708664,33.137592",36000,438,288
1765550340,2025-12-12T14:39:00Z,UAE83,"41.709652,33.133446",36000,438,288
1765550342,2025-12-12T14:39:02Z,UAE83,"41.711128,33.124043",36000,438,274
1765550344,2025-12-12T14:39:04Z,UAE83,"41.712727,33.120972",36000,438,284
1765550347,2025-12-12T14:39:07Z,UAE83,"41.714672,33.113266",36000,438,6
1765550349,2025-12-12T14:39:09Z,UAE83,"41.716015,33.108112",36000,438,289
1765550352,2025-12-12T14:39:12Z,UAE83,"41.717213,33.102581",36000,438,285
1765550354,2025-12-12T14:39:14Z,UAE83,"41.718597,33.097389",36000,438,288
1765550356,2025-12-12T14:39:16Z,UAE83,"41.7202,33.090714",36000,438,287
1765550358,2025-12-12T14:39:18Z,UAE83,"41.721272,33.086369",36000,438,288
1765550360,2025-12-12T14:39:20Z,UAE83,"41.722519,33.081142",36000,438,287
1765550362,2025-12-12T14:39:22Z,UAE83,"41.723797,33.07539",36000,438,6
1765550364,2025-12-12T14:39:24Z,UAE83,"41.725292,33.069527",36000,438,288
1765550367,2025-12-12T14:39:27Z,UAE83,"41.72673,33.063931",36000,438,288
1765550370,2025-12-12T14:39:30Z,UAE83,"41.72805,33.056667",36000,438,279
1765550372,2025-12-12T14:39:32Z,UAE83,"41.729973,33.050716",36000,438,288
1765550374,2025-12-12T14:39:34Z,UAE83,"41.731327,33.044781",36000,438,287
1765550377,2025-12-12T14:39:37Z,UAE83,"41.733307,33.036343",36000,438,288
1765550379,2025-12-12T14:39:39Z,UAE83,"41.734539,33.031559",36000,438,289
1765550381,2025-12-12T14:39:41Z,UAE83,"41.73587,33.026272",36000,438,288
1765550383,2025-12-12T14:39:43Z,UAE83,"41.737358,33.020496",36000,438,288
1765550386,2025-12-12T14:39:46Z,UAE83,"41.738827,33.014458",36000,438,288
1765550388,2025-12-12T14:39:48Z,UAE83,"41.740067,33.009624",36000,438,288
1765550390,2025-12-12T14:39:50Z,UAE83,"41.741199,33.004669",36000,438,288
1765550392,2025-12-12T14:39:52Z,UAE83,"41.742508,32.999226",36000,438,287
1765550394,2025-12-12T14:39:54Z,UAE83,"41.743801,32.993992",36000,438,288
1765550396,2025-12-12T14:39:56Z,UAE83,"41.745468,32.987404",36000,438,288
1765550398,2025-12-12T14:39:58Z,UAE83,"41.746368,32.983349",36000,438,279
1765550400,2025-12-12T14:40:00Z,UAE83,"41.748077,32.976757",36000,438,289
1765550402,2025-12-12T14:40:02Z,UAE83,"41.749058,32.972488",36000,438,288
1765550404,2025-12-12T14:40:04Z,UAE83,"41.750305,32.967155",36000,438,287
1765550406,2025-12-12T14:40:06Z,UAE83,"41.751785,32.961212",36000,438,288
1765550408,2025-12-12T14:40:08Z,UAE83,"41.753326,32.955349",36000,438,289
1765550411,2025-12-12T14:40:11Z,UAE83,"41.754341,32.950672",36000,438,287
1765550413,2025-12-12T14:40:13Z,UAE83,"41.755699,32.945427",36000,438,288
1765550415,2025-12-12T14:40:15Z,UAE83,"41.75703,32.939705",36000,438,287
1765550417,2025-12-12T14:40:17Z,UAE83,"41.758263,32.934784",36000,438,287
1765550419,2025-12-12T14:40:19Z,UAE83,"41.759518,32.929638",36000,438,287
1765550421,2025-12-12T14:40:21Z,UAE83,"41.760864,32.924114",36000,438,287
1765550424,2025-12-12T14:40:24Z,UAE83,"41.762371,32.917797",36000,438,287
1765550426,2025-12-12T14:40:26Z,UAE83,"41.764004,32.911682",36000,438,289
1765550428,2025-12-12T14:40:28Z,UAE83,"41.76519,32.906372",36000,438,287
1765550430,2025-12-12T14:40:30Z,UAE83,"41.766399,32.901428",36000,438,287
1765550432,2025-12-12T14:40:32Z,UAE83,"41.76775,32.896",36000,438,288
1765550434,2025-12-12T14:40:34Z,UAE83,"41.76902,32.890663",36000,438,287
1765550436,2025-12-12T14:40:36Z,UAE83,"41.770058,32.885746",36000,438,283
1765550438,2025-12-12T14:40:38Z,UAE83,"41.771679,32.879864",36000,438,287
1765550440,2025-12-12T14:40:40Z,UAE83,"41.773014,32.874271",36000,438,287
1765550442,2025-12-12T14:40:42Z,UAE83,"41.774651,32.868538",36000,438,292
1765550444,2025-12-12T14:40:44Z,UAE83,"41.776081,32.862286",36000,438,312
1765550446,2025-12-12T14:40:46Z,UAE83,"41.778172,32.855492",36000,438,292
1765550449,2025-12-12T14:40:49Z,UAE83,"41.778267,32.852848",36000,438,292
1765550451,2025-12-12T14:40:51Z,UAE83,"41.779705,32.847111",36000,438,287
1765550453,2025-12-12T14:40:53Z,UAE83,"41.780895,32.841621",36000,440,286
1765550455,2025-12-12T14:40:55Z,UAE83,"41.782715,32.834637",36000,440,288
1765550457,2025-12-12T14:40:57Z,UAE83,"41.78355,32.831146",36000,440,287
1765550459,2025-12-12T14:40:59Z,UAE83,"41.78513,32.824406",36000,440,287
1765550461,2025-12-12T14:41:01Z,UAE83,"41.786381,32.819153",36000,440,286
1765550464,2025-12-12T14:41:04Z,UAE83,"41.788292,32.811623",36000,440,291
1765550467,2025-12-12T14:41:07Z,UAE83,"41.789833,32.803535",36000,440,274
1765550470,2025-12-12T14:41:10Z,UAE83,"41.79129,32.798286",36000,440,282
1765550472,2025-12-12T14:41:12Z,UAE83,"41.792564,32.792892",36000,440,286
1765550474,2025-12-12T14:41:14Z,UAE83,"41.793869,32.787739",36000,440,287
1765550476,2025-12-12T14:41:16Z,UAE83,"41.795284,32.782066",36000,440,287
1765550479,2025-12-12T14:41:19Z,UAE83,"41.79871,32.775288",36000,440,359
1765550482,2025-12-12T14:41:22Z,UAE83,"41.799419,32.765537",36000,440,287
1765550484,2025-12-12T14:41:24Z,UAE83,"41.800514,32.760452",36000,440,283
1765550486,2025-12-12T14:41:26Z,UAE83,"41.802002,32.75486",36000,440,287
1765550489,2025-12-12T14:41:29Z,UAE83,"41.803429,32.749096",36000,440,288
1765550491,2025-12-12T14:41:31Z,UAE83,"41.80471,32.743591",36000,440,287
1765550493,2025-12-12T14:41:33Z,UAE83,"41.806179,32.737926",36000,440,288
1765550495,2025-12-12T14:41:35Z,UAE83,"41.80764,32.731888",36000,440,288
1765550497,2025-12-12T14:41:37Z,UAE83,"41.808868,32.726826",36000,440,288
1765550499,2025-12-12T14:41:39Z,UAE83,"41.81015,32.721638",36000,440,288
1765550501,2025-12-12T14:41:41Z,UAE83,"41.81155,32.71574",36000,440,287
1765550503,2025-12-12T14:41:43Z,UAE83,"41.812824,32.710201",36000,440,287
1765550505,2025-12-12T14:41:45Z,UAE83,"41.814148,32.704655",36000,440,272
1765550508,2025-12-12T14:41:48Z,UAE83,"41.815765,32.698849",36000,438,292
1765550510,2025-12-12T14:41:50Z,UAE83,"41.816319,32.694618",36000,438,357
1765550512,2025-12-12T14:41:52Z,UAE83,"41.818047,32.68866",36000,438,288
1765550514,2025-12-12T14:41:54Z,UAE83,"41.819477,32.68264",36000,438,288
1765550516,2025-12-12T14:41:56Z,UAE83,"41.820507,32.678459",36000,438,288
1765550518,2025-12-12T14:41:58Z,UAE83,"41.821728,32.672951",36000,438,287
1765550520,2025-12-12T14:42:00Z,UAE83,"41.823265,32.666794",36000,438,287
1765550522,2025-12-12T14:42:02Z,UAE83,"41.824654,32.660946",36000,438,287
1765550525,2025-12-12T14:42:05Z,UAE83,"41.825821,32.656094",36000,438,287
1765550527,2025-12-12T14:42:07Z,UAE83,"41.827518,32.649559",36000,438,288
1765550529,2025-12-12T14:42:09Z,UAE83,"41.828442,32.645123",36000,438,342
1765550531,2025-12-12T14:42:11Z,UAE83,"41.827942,32.64077",36000,438,43
1765550533,2025-12-12T14:42:13Z,UAE83,"41.831944,32.634239",36000,438,1
1765550535,2025-12-12T14:42:15Z,UAE83,"41.83255,32.628887",36000,438,290
1765550537,2025-12-12T14:42:17Z,UAE83,"41.834427,32.621532",36000,438,289
1765550539,2025-12-12T14:42:19Z,UAE83,"41.835136,32.618378",36000,438,288
1765550542,2025-12-12T14:42:22Z,UAE83,"41.836533,32.612339",36000,438,287
1765550544,2025-12-12T14:42:24Z,UAE83,"41.837971,32.606518",36000,438,288
1765550546,2025-12-12T14:42:26Z,UAE83,"41.839718,32.599586",36000,438,288
1765550548,2025-12-12T14:42:28Z,UAE83,"41.840599,32.595856",36000,438,288
1765550550,2025-12-12T14:42:30Z,UAE83,"41.842064,32.589661",36000,438,287
1765550552,2025-12-12T14:42:32Z,UAE83,"41.843132,32.585175",36000,438,287
1765550554,2025-12-12T14:42:34Z,UAE83,"41.84481,32.578323",36000,438,287
1765550556,2025-12-12T14:42:36Z,UAE83,"41.845917,32.573772",36000,438,287
1765550558,2025-12-12T14:42:38Z,UAE83,"41.84697,32.569168",36000,438,287
1765550560,2025-12-12T14:42:40Z,UAE83,"41.848579,32.562355",36000,438,287
1765550562,2025-12-12T14:42:42Z,UAE83,"41.849583,32.558273",36000,438,287
1765550570,2025-12-12T14:42:50Z,UAE83,"41.854427,32.538795",36000,438,302
1765550572,2025-12-12T14:42:52Z,UAE83,"41.855793,32.532806",36000,438,288
1765550574,2025-12-12T14:42:54Z,UAE83,"41.85722,32.52634",36000,438,287
1765550577,2025-12-12T14:42:57Z,UAE83,"41.858559,32.520744",36000,438,287
1765550579,2025-12-12T14:42:59Z,UAE83,"41.85984,32.515293",36000,438,287
1765550581,2025-12-12T14:43:01Z,UAE83,"41.860729,32.510632",36000,438,292
1765550583,2025-12-12T14:43:03Z,UAE83,"41.862198,32.505138",36000,438,31
1765550586,2025-12-12T14:43:06Z,UAE83,"41.86409,32.496689",36000,438,286
1765550588,2025-12-12T14:43:08Z,UAE83,"41.86594,32.490135",36000,438,291
1765550591,2025-12-12T14:43:11Z,UAE83,"41.866928,32.484543",36000,438,283
1765550593,2025-12-12T14:43:13Z,UAE83,"41.868526,32.479713",36000,438,293
1765550595,2025-12-12T14:43:15Z,UAE83,"41.869923,32.473343",36000,438,293
1765550597,2025-12-12T14:43:17Z,UAE83,"41.87611,32.46666",36000,438,27
1765550600,2025-12-12T14:43:20Z,UAE83,"41.872952,32.459946",36000,438,219
1765550602,2025-12-12T14:43:22Z,UAE83,"41.874107,32.45541",36000,438,287
1765550604,2025-12-12T14:43:24Z,UAE83,"41.876083,32.448524",36000,438,289
1765550610,2025-12-12T14:43:30Z,UAE83,"41.879383,32.433796",36000,438,22
1765550613,2025-12-12T14:43:33Z,UAE83,"41.880951,32.427441",36000,438,288
1765550615,2025-12-12T14:43:35Z,UAE83,"41.8825,32.420048",36000,438,285
1765550620,2025-12-12T14:43:40Z,UAE83,"41.883476,32.402794",36000,438,24
1765550625,2025-12-12T14:43:45Z,UAE83,"41.886497,32.389702",36000,438,275
1765550627,2025-12-12T14:43:47Z,UAE83,"41.889034,32.384247",36000,438,285
1765550640,2025-12-12T14:44:00Z,UAE83,"41.895485,32.346661",36000,436,7
1765550642,2025-12-12T14:44:02Z,UAE83,"41.897423,32.351006",36000,436,59
1765550651,2025-12-12T14:44:11Z,UAE83,"41.904739,32.330818",36000,436,290
1765550653,2025-12-12T14:44:13Z,UAE83,"41.905647,32.323162",36000,436,279
1765550664,2025-12-12T14:44:24Z,UAE83,"41.910267,32.29076",36000,436,24
1765550678,2025-12-12T14:44:38Z,UAE83,"41.918636,32.250732",36000,436,1
1765550680,2025-12-12T14:44:40Z,UAE83,"41.922848,32.252052",36000,434,13
1765550687,2025-12-12T14:44:47Z,UAE83,"41.927204,32.237591",36000,434,293
1765550710,2025-12-12T14:45:10Z,UAE83,"41.941025,32.178463",36000,434,2
1765550730,2025-12-12T14:45:30Z,UAE83,"41.950962,32.1227",36000,434,256
1765550734,2025-12-12T14:45:34Z,UAE83,"41.953671,32.108219",36000,434,284
1765550737,2025-12-12T14:45:37Z,UAE83,"41.955963,32.10601",36000,434,272
1765550740,2025-12-12T14:45:40Z,UAE83,"41.957623,32.097607",36000,434,284
1765550742,2025-12-12T14:45:42Z,UAE83,"41.959698,32.095402",36000,434,277
1765550744,2025-12-12T14:45:44Z,UAE83,"41.960598,32.090576",36000,434,284
1765550746,2025-12-12T14:45:46Z,UAE83,"41.962406,32.084686",36000,434,287
1765550749,2025-12-12T14:45:49Z,UAE83,"41.964317,32.077442",36000,434,289
1765550751,2025-12-12T14:45:51Z,UAE83,"41.96542,32.071419",36000,434,287
1765550754,2025-12-12T14:45:54Z,UAE83,"41.967033,32.065357",36000,434,289
1765550757,2025-12-12T14:45:57Z,UAE83,"41.968765,32.057587",36000,434,288
1765550759,2025-12-12T14:45:59Z,UAE83,"41.969997,32.052826",36000,434,288
1765550761,2025-12-12T14:46:01Z,UAE83,"41.97197,32.046265",36000,434,278
1765550763,2025-12-12T14:46:03Z,UAE83,"41.972496,32.04097",36000,434,282
1765550765,2025-12-12T14:46:05Z,UAE83,"41.974167,32.035755",36000,434,289
1765550770,2025-12-12T14:46:10Z,UAE83,"41.976875,32.024944",36000,434,288
1765550773,2025-12-12T14:46:13Z,UAE83,"41.978642,32.017612",36000,434,287
1765550782,2025-12-12T14:46:22Z,UAE83,"41.985554,31.992491",36000,434,290
1765550794,2025-12-12T14:46:34Z,UAE83,"41.992195,31.963436",36000,434,287
1765550796,2025-12-12T14:46:36Z,UAE83,"41.993355,31.958189",36000,434,282
1765550798,2025-12-12T14:46:38Z,UAE83,"41.994705,31.950882",36000,434,285
1765550801,2025-12-12T14:46:41Z,UAE83,"41.995914,31.944326",36000,434,283
1765550803,2025-12-12T14:46:43Z,UAE83,"41.997242,31.938639",36000,434,285
1765550805,2025-12-12T14:46:45Z,UAE83,"41.998245,31.932377",36000,434,284
1765550808,2025-12-12T14:46:48Z,UAE83,"42.000252,31.928452",36000,434,304
1765550810,2025-12-12T14:46:50Z,UAE83,"42.002243,31.921261",36000,434,295
1765550812,2025-12-12T14:46:52Z,UAE83,"42.003052,31.917204",36000,434,279
1765550814,2025-12-12T14:46:54Z,UAE83,"42.002762,31.9102",36000,434,266
1765550817,2025-12-12T14:46:57Z,UAE83,"42.006546,31.902935",36000,434,304
1765550819,2025-12-12T14:46:59Z,UAE83,"42.007591,31.898094",36000,434,286
1765550821,2025-12-12T14:47:01Z,UAE83,"42.008545,31.892973",36000,434,298
1765550823,2025-12-12T14:47:03Z,UAE83,"42.009521,31.887373",36000,432,313
1765550825,2025-12-12T14:47:05Z,UAE83,"42.010521,31.882065",36000,432,285
1765550828,2025-12-12T14:47:08Z,UAE83,"42.011742,31.87669",36000,432,286
1765550830,2025-12-12T14:47:10Z,UAE83,"42.013031,31.871069",36000,432,286
1765550832,2025-12-12T14:47:12Z,UAE83,"42.014462,31.865685",36000,432,287
1765550834,2025-12-12T14:47:14Z,UAE83,"42.015636,31.859995",36000,432,286
1765550836,2025-12-12T14:47:16Z,UAE83,"42.019184,31.856676",36000,432,346
1765550842,2025-12-12T14:47:22Z,UAE83,"42.020294,31.841261",36000,432,281
1765550844,2025-12-12T14:47:24Z,UAE83,"42.021713,31.83597",36000,432,299
1765550846,2025-12-12T14:47:26Z,UAE83,"42.023525,31.828505",36000,432,289
1765550848,2025-12-12T14:47:28Z,UAE83,"42.023773,31.824907",36000,432,286
1765550850,2025-12-12T14:47:30Z,UAE83,"42.025097,31.818983",36000,432,286
1765550852,2025-12-12T14:47:32Z,UAE83,"42.026913,31.812782",36000,432,288
1765550854,2025-12-12T14:47:34Z,UAE83,"42.025951,31.803974",36000,432,261
1765550856,2025-12-12T14:47:36Z,UAE83,"42.029213,31.802814",36000,430,291
1765550859,2025-12-12T14:47:39Z,UAE83,"42.031105,31.796198",36000,430,204
1765550865,2025-12-12T14:47:45Z,UAE83,"42.033531,31.78196",36000,430,266
1765550867,2025-12-12T14:47:47Z,UAE83,"42.035278,31.775589",36000,430,289
1765550869,2025-12-12T14:47:49Z,UAE83,"42.036434,31.76956",36000,430,286
1765550871,2025-12-12T14:47:51Z,UAE83,"42.037514,31.764647",36000,430,286
1765550873,2025-12-12T14:47:53Z,UAE83,"42.03875,31.759943",36000,430,287
1765550876,2025-12-12T14:47:56Z,UAE83,"42.041096,31.750528",36000,430,287
1765550878,2025-12-12T14:47:58Z,UAE83,"42.042202,31.746746",36000,430,288
1765550880,2025-12-12T14:48:00Z,UAE83,"42.043056,31.74206",36000,430,287
1765550882,2025-12-12T14:48:02Z,UAE83,"42.044205,31.736885",36000,428,287
1765550885,2025-12-12T14:48:05Z,UAE83,"42.045532,31.730494",36000,428,286
1765550887,2025-12-12T14:48:07Z,UAE83,"42.046677,31.725414",36000,428,286
1765550889,2025-12-12T14:48:09Z,UAE83,"42.048008,31.719624",36000,428,286
1765550891,2025-12-12T14:48:11Z,UAE83,"42.049381,31.713917",36000,428,287
1765550893,2025-12-12T14:48:13Z,UAE83,"42.049992,31.708033",36000,428,231
1765550895,2025-12-12T14:48:15Z,UAE83,"42.052166,31.703131",36000,428,288
1765550898,2025-12-12T14:48:18Z,UAE83,"42.052994,31.698154",36000,428,257
1765550900,2025-12-12T14:48:20Z,UAE83,"42.054405,31.692457",36000,428,286
1765550902,2025-12-12T14:48:22Z,UAE83,"42.055706,31.687485",36000,428,288
1765550904,2025-12-12T14:48:24Z,UAE83,"42.05698,31.682119",36000,428,288
1765550906,2025-12-12T14:48:26Z,UAE83,"42.058323,31.676268",36000,428,287
1765550908,2025-12-12T14:48:28Z,UAE83,"42.059544,31.671175",36000,428,287
1765550910,2025-12-12T14:48:30Z,UAE83,"42.060879,31.666185",36000,428,288
1765550912,2025-12-12T14:48:32Z,UAE83,"42.062717,31.658138",36000,428,287
1765550914,2025-12-12T14:48:34Z,UAE83,"42.0634,31.655581",36000,428,288
1765550917,2025-12-12T14:48:37Z,UAE83,"42.064896,31.650143",36000,428,288
1765550919,2025-12-12T14:48:39Z,UAE83,"42.066231,31.644859",36000,428,288
1765550921,2025-12-12T14:48:41Z,UAE83,"42.067665,31.639015",36000,428,288
1765550923,2025-12-12T14:48:43Z,UAE83,"42.06863,31.632954",36000,428,286
1765550925,2025-12-12T14:48:45Z,UAE83,"42.069893,31.627363",36000,428,286
1765550927,2025-12-12T14:48:47Z,UAE83,"42.071064,31.622318",36000,428,286
1765550940,2025-12-12T14:49:00Z,UAE83,"42.078785,31.588581",36000,428,282
1765550942,2025-12-12T14:49:02Z,UAE83,"42.08017,31.584436",36000,428,210
1765550945,2025-12-12T14:49:05Z,UAE83,"42.080616,31.578936",36000,428,279
1765550947,2025-12-12T14:49:07Z,UAE83,"42.082283,31.573347",36000,428,287
1765550949,2025-12-12T14:49:09Z,UAE83,"42.083179,31.567974",36000,428,285
1765550951,2025-12-12T14:49:11Z,UAE83,"42.084621,31.562145",36000,428,286
1765550953,2025-12-12T14:49:13Z,UAE83,"42.087074,31.557661",36000,428,319
1765550955,2025-12-12T14:49:15Z,UAE83,"42.088421,31.55287",36000,428,44
1765550957,2025-12-12T14:49:17Z,UAE83,"42.088238,31.5466",36000,428,258
1765550960,2025-12-12T14:49:20Z,UAE83,"42.089699,31.540056",36000,428,283
1765550962,2025-12-12T14:49:22Z,UAE83,"42.091202,31.53507",36000,428,286
1765550964,2025-12-12T14:49:24Z,UAE83,"42.091759,31.530127",36000,428,284
1765550966,2025-12-12T14:49:26Z,UAE83,"42.093449,31.523584",36000,428,12
1765550968,2025-12-12T14:49:28Z,UAE83,"42.094395,31.519676",36000,428,289
1765550970,2025-12-12T14:49:30Z,UAE83,"42.095547,31.514435",36000,428,286
1765550972,2025-12-12T14:49:32Z,UAE83,"42.096848,31.508459",34000,428,286
1765550974,2025-12-12T14:49:34Z,UAE83,"42.097919,31.503569",36000,428,286
1765550976,2025-12-12T14:49:36Z,UAE83,"42.099205,31.498138",36000,428,286
1765550979,2025-12-12T14:49:39Z,UAE83,"42.100433,31.49308",36000,428,287
1765550981,2025-12-12T14:49:41Z,UAE83,"42.101707,31.487383",36000,428,287
1765550983,2025-12-12T14:49:43Z,UAE83,"42.102913,31.481733",36000,428,286
1765550985,2025-12-12T14:49:45Z,UAE83,"42.104156,31.475735",36000,428,286
1765550987,2025-12-12T14:49:47Z,UAE83,"42.105206,31.471188",36000,428,286
1765550989,2025-12-12T14:49:49Z,UAE83,"42.106537,31.465731",36000,428,287
1765550991,2025-12-12T14:49:51Z,UAE83,"42.107857,31.460117",36000,428,42
1765550993,2025-12-12T14:49:53Z,UAE83,"42.109062,31.454304",36000,428,294
1765550995,2025-12-12T14:49:55Z,UAE83,"42.110371,31.448614",36000,428,288
1765550998,2025-12-12T14:49:58Z,UAE83,"42.111389,31.443434",36000,428,286
1765551000,2025-12-12T14:50:00Z,UAE83,"42.112751,31.438053",36000,428,308
1765551002,2025-12-12T14:50:02Z,UAE83,"42.113728,31.432171",36000,428,281
1765551004,2025-12-12T14:50:04Z,UAE83,"42.115032,31.428249",36000,428,287
1765551006,2025-12-12T14:50:06Z,UAE83,"42.116169,31.42309",36000,428,286
1765551008,2025-12-12T14:50:08Z,UAE83,"42.11739,31.417721",36000,428,286
1765551010,2025-12-12T14:50:10Z,UAE83,"42.118618,31.412165",36000,428,286
1765551012,2025-12-12T14:50:12Z,UAE83,"42.1199,31.406506",36000,428,286
1765551014,2025-12-12T14:50:14Z,UAE83,"42.121208,31.401018",36000,428,287
1765551017,2025-12-12T14:50:17Z,UAE83,"42.122726,31.394087",36000,428,286
1765551019,2025-12-12T14:50:19Z,UAE83,"42.123604,31.390102",36000,428,286
1765551021,2025-12-12T14:50:21Z,UAE83,"42.124676,31.385073",36000,428,286
1765551025,2025-12-12T14:50:25Z,UAE83,"42.130821,31.380318",36000,428,344
1765551028,2025-12-12T14:50:28Z,UAE83,"42.129196,31.36483",36000,428,289
1765551030,2025-12-12T14:50:30Z,UAE83,"42.130245,31.361294",36000,428,287
1765551032,2025-12-12T14:50:32Z,UAE83,"42.131672,31.355642",36000,428,288
1765551034,2025-12-12T14:50:34Z,UAE83,"42.132694,31.350536",36000,428,286
1765551036,2025-12-12T14:50:36Z,UAE83,"42.133717,31.34581",36000,428,286
1765551038,2025-12-12T14:50:38Z,UAE83,"42.13509,31.339113",36000,428,286
1765551041,2025-12-12T14:50:41Z,UAE83,"42.136303,31.333487",36000,428,286
1765551043,2025-12-12T14:50:43Z,UAE83,"42.13723,31.3291",36000,428,286
1765551045,2025-12-12T14:50:45Z,UAE83,"42.13868,31.323719",36000,428,287
1765551047,2025-12-12T14:50:47Z,UAE83,"42.140476,31.316008",36000,428,287
1765551049,2025-12-12T14:50:49Z,UAE83,"42.141281,31.312658",36000,428,287
1765551051,2025-12-12T14:50:51Z,UAE83,"42.142517,31.30764",36000,428,287
1765551054,2025-12-12T14:50:54Z,UAE83,"42.143993,31.301352",36000,428,287
1765551086,2025-12-12T14:51:26Z,UAE83,"42.1628,31.219423",36000,426,287
1765551117,2025-12-12T14:51:57Z,UAE83,"42.180786,31.139721",36000,424,280
1765551149,2025-12-12T14:52:29Z,UAE83,"42.199196,31.06122",36000,424,287
1765551155,2025-12-12T14:52:35Z,UAE83,"42.202587,31.045513",36000,424,297
1765551157,2025-12-12T14:52:37Z,UAE83,"42.203857,31.040501",36000,424,286
1765551159,2025-12-12T14:52:39Z,UAE83,"42.205139,31.034937",36000,424,286
1765551161,2025-12-12T14:52:41Z,UAE83,"42.206398,31.029514",36000,424,286
1765551164,2025-12-12T14:52:44Z,UAE83,"42.207581,31.024397",36000,424,286
1765551166,2025-12-12T14:52:46Z,UAE83,"42.208786,31.019077",36000,422,286
1765551168,2025-12-12T14:52:48Z,UAE83,"42.210369,31.011908",36000,422,286
1765551170,2025-12-12T14:52:50Z,UAE83,"42.211567,31.006495",36000,422,286
1765551172,2025-12-12T14:52:52Z,UAE83,"42.212429,31.00288",36000,422,287
1765551175,2025-12-12T14:52:55Z,UAE83,"42.213951,30.996447",36000,422,287
1765551177,2025-12-12T14:52:57Z,UAE83,"42.215244,30.99062",36000,422,286
1765551179,2025-12-12T14:52:59Z,UAE83,"42.216682,30.984316",36000,422,287
1765551181,2025-12-12T14:53:01Z,UAE83,"42.217377,30.98065",36000,422,286
1765551185,2025-12-12T14:53:05Z,UAE83,"42.219627,30.971085",36000,422,286
1765551198,2025-12-12T14:53:18Z,UAE83,"42.227135,30.938028",36000,422,287
1765551200,2025-12-12T14:53:20Z,UAE83,"42.228268,30.932959",36000,422,285
1765551202,2025-12-12T14:53:22Z,UAE83,"42.229229,30.928974",36000,422,288
1765551204,2025-12-12T14:53:24Z,UAE83,"42.230572,30.923031",36000,422,287
1765551206,2025-12-12T14:53:26Z,UAE83,"42.23188,30.917067",36000,422,287
1765551208,2025-12-12T14:53:28Z,UAE83,"42.232723,30.913479",36000,422,287
1765551210,2025-12-12T14:53:30Z,UAE83,"42.234024,30.907743",36000,422,287
1765551212,2025-12-12T14:53:32Z,UAE83,"42.23502,30.903297",36000,422,286
1765551214,2025-12-12T14:53:34Z,UAE83,"42.236534,30.896402",36000,422,286
1765551216,2025-12-12T14:53:36Z,UAE83,"42.237747,30.891281",36000,422,287
1765551218,2025-12-12T14:53:38Z,UAE83,"42.238758,30.886799",36000,422,286
1765551220,2025-12-12T14:53:40Z,UAE83,"42.239872,30.881624",36000,422,284
1765551223,2025-12-12T14:53:43Z,UAE83,"42.240925,30.876961",36000,422,286
1765551225,2025-12-12T14:53:45Z,UAE83,"42.242279,30.870895",36000,422,286
1765551227,2025-12-12T14:53:47Z,UAE83,"42.243328,30.866407",36000,422,286
1765551229,2025-12-12T14:53:49Z,UAE83,"42.244461,30.861242",36000,422,286
1765551233,2025-12-12T14:53:53Z,UAE83,"42.246994,30.850651",36000,422,290
1765551235,2025-12-12T14:53:55Z,UAE83,"42.24799,30.845919",36000,422,287
1765551237,2025-12-12T14:53:57Z,UAE83,"42.24939,30.839647",36000,422,287
1765551240,2025-12-12T14:54:00Z,UAE83,"42.250713,30.833801",36000,422,287
1765551242,2025-12-12T14:54:02Z,UAE83,"42.251804,30.828896",36000,422,286
1765551244,2025-12-12T14:54:04Z,UAE83,"42.252949,30.823771",36000,422,286
1765551246,2025-12-12T14:54:06Z,UAE83,"42.254173,30.818336",36000,422,286
1765551248,2025-12-12T14:54:08Z,UAE83,"42.255356,30.813272",36000,422,287
1765551250,2025-12-12T14:54:10Z,UAE83,"42.256744,30.806995",36000,422,286
1765551252,2025-12-12T14:54:12Z,UAE83,"42.257725,30.802567",36000,422,286
1765551254,2025-12-12T14:54:14Z,UAE83,"42.25906,30.796698",36000,422,286
1765551257,2025-12-12T14:54:17Z,UAE83,"42.260262,30.791407",36000,422,286
1765551259,2025-12-12T14:54:19Z,UAE83,"42.261463,30.785835",36000,422,286
1765551261,2025-12-12T14:54:21Z,UAE83,"42.262939,30.779278",36000,422,286
1765551293,2025-12-12T14:54:53Z,UAE83,"42.280476,30.700691",36000,422,286
1765551324,2025-12-12T14:55:24Z,UAE83,"42.298389,30.620001",36000,422,286
1765551357,2025-12-12T14:55:57Z,UAE83,"42.316242,30.539328",36000,422,286
1765551389,2025-12-12T14:56:29Z,UAE83,"42.333927,30.459393",36000,424,286
1765551420,2025-12-12T14:57:00Z,UAE83,"42.351696,30.379255",36000,422,286
1765551451,2025-12-12T14:57:31Z,UAE83,"42.368862,30.300581",36000,422,286
1765551483,2025-12-12T14:58:03Z,UAE83,"42.386402,30.220247",36000,424,286
1765551515,2025-12-12T14:58:35Z,UAE83,"42.403938,30.13982",36000,424,286
1765551547,2025-12-12T14:59:07Z,UAE83,"42.421749,30.057596",36000,424,286
1765551579,2025-12-12T14:59:39Z,UAE83,"42.439213,29.976843",36000,424,286
1765551610,2025-12-12T15:00:10Z,UAE83,"42.455784,29.899439",36000,424,286
1765551642,2025-12-12T15:00:42Z,UAE83,"42.473389,29.816902",36000,426,285
1765551673,2025-12-12T15:01:13Z,UAE83,"42.489407,29.739468",36000,426,285
1765551705,2025-12-12T15:01:45Z,UAE83,"42.5065,29.657072",36000,426,285
1765551736,2025-12-12T15:02:16Z,UAE83,"42.522991,29.576742",36000,428,285
1765551768,2025-12-12T15:02:48Z,UAE83,"42.539722,29.495237",36000,428,285
1765551800,2025-12-12T15:03:20Z,UAE83,"42.556458,29.412956",36000,430,285
1765551832,2025-12-12T15:03:52Z,UAE83,"42.573624,29.328424",36000,430,285
1765551864,2025-12-12T15:04:24Z,UAE83,"42.590229,29.246664",36000,430,285
1765551896,2025-12-12T15:04:56Z,UAE83,"42.60693,29.164028",36000,430,285
1765551929,2025-12-12T15:05:29Z,UAE83,"42.624016,29.079645",36000,430,285
1765551961,2025-12-12T15:06:01Z,UAE83,"42.640446,28.997217",36000,430,284
1765551993,2025-12-12T15:06:33Z,UAE83,"42.655319,28.913046",36000,432,282
1765552024,2025-12-12T15:07:04Z,UAE83,"42.668087,28.82992",36000,432,281
1765552056,2025-12-12T15:07:36Z,UAE83,"42.679974,28.746763",36000,434,280
1765552088,2025-12-12T15:08:08Z,UAE83,"42.691582,28.661583",36000,434,280
1765552120,2025-12-12T15:08:40Z,UAE83,"42.703007,28.57608",36000,434,280
1765552151,2025-12-12T15:09:11Z,UAE83,"42.714588,28.491228",36000,434,280
1765552183,2025-12-12T15:09:43Z,UAE83,"42.726051,28.407495",36000,432,280
1765552214,2025-12-12T15:10:14Z,UAE83,"42.737568,28.323914",36000,432,280
1765552246,2025-12-12T15:10:46Z,UAE83,"42.749172,28.239872",36000,432,280
1765552278,2025-12-12T15:11:18Z,UAE83,"42.760841,28.154608",36000,430,279
1765552310,2025-12-12T15:11:50Z,UAE83,"42.772449,28.069984",36000,430,280
1765552335,2025-12-12T15:12:15Z,UAE83,"42.781715,28.003643",36000,430,280
1765552337,2025-12-12T15:12:17Z,UAE83,"42.78241,27.997627",36000,430,277
1765552340,2025-12-12T15:12:20Z,UAE83,"42.783131,27.992413",36000,430,280
1765552342,2025-12-12T15:12:22Z,UAE83,"42.784042,27.986427",36000,432,280
1765552344,2025-12-12T15:12:24Z,UAE83,"42.784809,27.981318",36000,432,281
1765552346,2025-12-12T15:12:26Z,UAE83,"42.785614,27.975931",36000,432,281
1765552348,2025-12-12T15:12:28Z,UAE83,"42.786362,27.970083",36000,432,280
1765552350,2025-12-12T15:12:30Z,UAE83,"42.787075,27.964687",36000,432,280
1765552352,2025-12-12T15:12:32Z,UAE83,"42.787819,27.959192",36000,432,280
1765552354,2025-12-12T15:12:34Z,UAE83,"42.788589,27.953825",36000,432,280
1765552356,2025-12-12T15:12:36Z,UAE83,"42.789417,27.94829",36000,432,281
1765552358,2025-12-12T15:12:38Z,UAE83,"42.790195,27.942625",36000,432,280
1765552360,2025-12-12T15:12:40Z,UAE83,"42.790951,27.936775",36000,452,280
1765552363,2025-12-12T15:12:43Z,UAE83,"42.791748,27.930878",36000,432,280
1765552365,2025-12-12T15:12:45Z,UAE83,"42.792503,27.925354",36000,432,280
1765552396,2025-12-12T15:13:16Z,UAE83,"42.803932,27.841293",36000,432,280
1765552428,2025-12-12T15:13:48Z,UAE83,"42.815071,27.758415",36000,430,280
1765552459,2025-12-12T15:14:19Z,UAE83,"42.826336,27.674152",36000,430,280
1765552491,2025-12-12T15:14:51Z,UAE83,"42.837505,27.590162",36000,428,280
1765552522,2025-12-12T15:15:22Z,UAE83,"42.848408,27.507927",36000,428,280
1765552554,2025-12-12T15:15:54Z,UAE83,"42.859631,27.423286",36000,432,280
1765552586,2025-12-12T15:16:26Z,UAE83,"42.870716,27.339212",36000,432,280
1765552617,2025-12-12T15:16:57Z,UAE83,"42.881618,27.255716",36000,430,279
1765552649,2025-12-12T15:17:29Z,UAE83,"42.895348,27.172989",36000,428,284
1765552681,2025-12-12T15:18:01Z,UAE83,"42.911842,27.090014",36000,428,284
1765552711,2025-12-12T15:18:31Z,UAE83,"42.926903,27.010971",36000,430,284
1765552742,2025-12-12T15:19:02Z,UAE83,"42.941803,26.929348",36000,432,284
1765552774,2025-12-12T15:19:34Z,UAE83,"42.956825,26.845596",36000,434,283
1765552805,2025-12-12T15:20:05Z,UAE83,"42.972271,26.762697",36000,434,284
1765552836,2025-12-12T15:20:36Z,UAE83,"42.987984,26.679924",36000,432,284
1765552868,2025-12-12T15:21:08Z,UAE83,"43.003441,26.598366",36000,430,284
1765552899,2025-12-12T15:21:39Z,UAE83,"43.019093,26.515757",36000,428,284
1765552931,2025-12-12T15:22:11Z,UAE83,"43.034618,26.43412",36000,428,284
1765552962,2025-12-12T15:22:42Z,UAE83,"43.049984,26.352343",36000,426,284
1765552994,2025-12-12T15:23:14Z,UAE83,"43.064999,26.27039",36000,426,284
1765553025,2025-12-12T15:23:45Z,UAE83,"43.080349,26.187944",36000,426,284
1765553057,2025-12-12T15:24:17Z,UAE83,"43.095303,26.106279",36000,426,284
1765553088,2025-12-12T15:24:48Z,UAE83,"43.1101,26.025591",36000,426,284
1765553120,2025-12-12T15:25:20Z,UAE83,"43.12524,25.94212",36000,426,283
1765553139,2025-12-12T15:25:39Z,UAE83,"43.134239,25.892763",36000,424,284
1765553170,2025-12-12T15:26:10Z,UAE83,"43.148777,25.812609",36000,425,283
1765553201,2025-12-12T15:26:41Z,UAE83,"43.163715,25.729704",36000,426,283
1765553232,2025-12-12T15:27:12Z,UAE83,"43.178257,25.648684",36000,425,283
1765553264,2025-12-12T15:27:44Z,UAE83,"43.193153,25.565989",36000,426,283
1765553295,2025-12-12T15:28:15Z,UAE83,"43.207687,25.483999",36000,424,283
1765553327,2025-12-12T15:28:47Z,UAE83,"43.222359,25.401176",36000,425,283
1765553358,2025-12-12T15:29:18Z,UAE83,"43.236641,25.319983",36000,426,283
1765553390,2025-12-12T15:29:50Z,UAE83,"43.251366,25.235943",36000,426,283
1765553422,2025-12-12T15:30:22Z,UAE83,"43.265781,25.153704",36000,426,283
1765553453,2025-12-12T15:30:53Z,UAE83,"43.280384,25.070265",36000,428,283
1765553485,2025-12-12T15:31:25Z,UAE83,"43.29496,24.986132",36000,428,283
1765553517,2025-12-12T15:31:57Z,UAE83,"43.309258,24.902424",36000,429,283
1765553548,2025-12-12T15:32:28Z,UAE83,"43.323433,24.819841",36000,429,283
1765553579,2025-12-12T15:32:59Z,UAE83,"43.337482,24.737629",36000,428,283
1765553610,2025-12-12T15:33:30Z,UAE83,"43.351547,24.656065",36000,428,283
1765553642,2025-12-12T15:34:02Z,UAE83,"43.367653,24.572865",36000,430,285
1765553673,2025-12-12T15:34:33Z,UAE83,"43.384857,24.492422",36000,429,286
1765553704,2025-12-12T15:35:04Z,UAE83,"43.40321,24.40962",36000,430,287
1765553736,2025-12-12T15:35:36Z,UAE83,"43.421627,24.328072",36000,431,287
1765553768,2025-12-12T15:36:08Z,UAE83,"43.440479,24.243753",36000,432,286
1765553799,2025-12-12T15:36:39Z,UAE83,"43.458569,24.161654",36000,433,286
1765553830,2025-12-12T15:37:10Z,UAE83,"43.476551,24.079208",36000,434,286
1765553861,2025-12-12T15:37:41Z,UAE83,"43.494385,23.997025",36000,434,286
1765553893,2025-12-12T15:38:13Z,UAE83,"43.512497,23.913578",36000,434,286
1765553925,2025-12-12T15:38:45Z,UAE83,"43.530384,23.829874",36000,434,286
1765553956,2025-12-12T15:39:16Z,UAE83,"43.548126,23.745966",36000,433,286
1765553988,2025-12-12T15:39:48Z,UAE83,"43.565865,23.662348",36000,432,286
1765554020,2025-12-12T15:40:20Z,UAE83,"43.583389,23.579273",36000,433,286
1765554051,2025-12-12T15:40:51Z,UAE83,"43.600983,23.495884",36000,434,286
1765554082,2025-12-12T15:41:22Z,UAE83,"43.618317,23.412788",36000,435,286
1765554114,2025-12-12T15:41:54Z,UAE83,"43.635811,23.328674",36000,436,286
1765554145,2025-12-12T15:42:25Z,UAE83,"43.653267,23.24485",36000,436,285
1765554177,2025-12-12T15:42:57Z,UAE83,"43.670937,23.159407",36000,436,285
1765554208,2025-12-12T15:43:28Z,UAE83,"43.688148,23.076267",36000,436,285
1765554240,2025-12-12T15:44:00Z,UAE83,"43.705456,22.991619",36000,437,285
1765554271,2025-12-12T15:44:31Z,UAE83,"43.722778,22.90683",36000,439,285
1765554303,2025-12-12T15:45:03Z,UAE83,"43.740025,22.821871",36000,440,285
1765554334,2025-12-12T15:45:34Z,UAE83,"43.757336,22.736603",36000,440,285
1765554366,2025-12-12T15:46:06Z,UAE83,"43.774822,22.649933",36000,442,285
1765554398,2025-12-12T15:46:38Z,UAE83,"43.791893,22.564859",36000,442,285
1765554429,2025-12-12T15:47:09Z,UAE83,"43.809204,22.478308",36000,443,285
1765554461,2025-12-12T15:47:41Z,UAE83,"43.826267,22.392263",36000,444,285
1765554493,2025-12-12T15:48:13Z,UAE83,"43.843613,22.304783",36000,445,285
1765554523,2025-12-12T15:48:43Z,UAE83,"43.86002,22.221634",36000,445,285
1765554555,2025-12-12T15:49:15Z,UAE83,"43.877201,22.134192",36000,446,285
1765554587,2025-12-12T15:49:47Z,UAE83,"43.894211,22.046768",36000,448,285
1765554618,2025-12-12T15:50:18Z,UAE83,"43.911266,21.959084",36000,449,285
1765554650,2025-12-12T15:50:50Z,UAE83,"43.928547,21.870548",36000,452,285
1765554682,2025-12-12T15:51:22Z,UAE83,"43.945747,21.781536",36000,454,284
1765554714,2025-12-12T15:51:54Z,UAE83,"43.962811,21.692289",36000,452,284
1765554745,2025-12-12T15:52:25Z,UAE83,"43.979656,21.604494",36000,450,284
1765554777,2025-12-12T15:52:57Z,UAE83,"43.996513,21.515841",36000,450,284
1765554808,2025-12-12T15:53:28Z,UAE83,"44.013195,21.427179",36000,450,284
1765554840,2025-12-12T15:54:00Z,UAE83,"44.029686,21.339863",36000,451,284
1765554872,2025-12-12T15:54:32Z,UAE83,"44.046623,21.250248",36000,451,284
1765554904,2025-12-12T15:55:04Z,UAE83,"44.063198,21.161057",36000,452,284
1765554935,2025-12-12T15:55:35Z,UAE83,"44.079803,21.071671",36000,453,284
1765554969,2025-12-12T15:56:09Z,UAE83,"44.097286,20.977528",36000,453,284
1765555001,2025-12-12T15:56:41Z,UAE83,"44.113838,20.88715",36000,453,284
1765555031,2025-12-12T15:57:11Z,UAE83,"44.129082,20.803637",36000,452,284
1765555064,2025-12-12T15:57:44Z,UAE83,"44.146053,20.71063",36000,453,284
1765555095,2025-12-12T15:58:15Z,UAE83,"44.162251,20.621355",36000,452,284
1765555127,2025-12-12T15:58:47Z,UAE83,"44.178146,20.533203",36000,453,284
1765555158,2025-12-12T15:59:18Z,UAE83,"44.194202,20.443747",36000,453,284
1765555190,2025-12-12T15:59:50Z,UAE83,"44.210148,20.354475",36000,454,283
1765555221,2025-12-12T16:00:21Z,UAE83,"44.22617,20.264601",36000,455,283
1765555253,2025-12-12T16:00:53Z,UAE83,"44.242023,20.175426",36000,455,283
1765555284,2025-12-12T16:01:24Z,UAE83,"44.257694,20.086191",36000,456,283
1765555316,2025-12-12T16:01:56Z,UAE83,"44.273472,19.99626",36000,455,283
1765555347,2025-12-12T16:02:27Z,UAE83,"44.289261,19.9058",36000,456,283
1765555379,2025-12-12T16:02:59Z,UAE83,"44.304981,19.815069",36000,457,283
1765555411,2025-12-12T16:03:31Z,UAE83,"44.320488,19.725023",36000,458,283
1765555443,2025-12-12T16:04:03Z,UAE83,"44.336266,19.633154",36000,458,283
1765555474,2025-12-12T16:04:34Z,UAE83,"44.3517,19.543102",36000,460,283
1765555506,2025-12-12T16:05:06Z,UAE83,"44.36729,19.451431",36000,460,283
1765555537,2025-12-12T16:05:37Z,UAE83,"44.382557,19.360903",36000,458,283
1765555569,2025-12-12T16:06:09Z,UAE83,"44.397751,19.270149",36000,460,283
1765555601,2025-12-12T16:06:41Z,UAE83,"44.413189,19.17808",36000,460,283
1765555632,2025-12-12T16:07:12Z,UAE83,"44.428177,19.088123",36000,460,283
1765555664,2025-12-12T16:07:44Z,UAE83,"44.443485,18.99519",36000,460,282
1765555696,2025-12-12T16:08:16Z,UAE83,"44.458702,18.903105",36000,461,282
1765555727,2025-12-12T16:08:47Z,UAE83,"44.473881,18.810354",36000,463,282
1765555759,2025-12-12T16:09:19Z,UAE83,"44.488766,18.719055",36000,464,282
1765555791,2025-12-12T16:09:51Z,UAE83,"44.503826,18.625675",36000,464,282
1765555822,2025-12-12T16:10:22Z,UAE83,"44.518623,18.533873",36000,466,282
1765555853,2025-12-12T16:10:53Z,UAE83,"44.533482,18.441124",36000,466,282
1765555885,2025-12-12T16:11:25Z,UAE83,"44.548286,18.348297",36000,465,282
1765555917,2025-12-12T16:11:57Z,UAE83,"44.562786,18.256704",36000,463,282
1765555948,2025-12-12T16:12:28Z,UAE83,"44.57729,18.164083",36000,464,282
1765555980,2025-12-12T16:13:00Z,UAE83,"44.591789,18.071619",36000,463,282
1765556011,2025-12-12T16:13:31Z,UAE83,"44.606174,17.97913",36000,463,282
1765556043,2025-12-12T16:14:03Z,UAE83,"44.620438,17.8873",36000,461,282
1765556074,2025-12-12T16:14:34Z,UAE83,"44.634533,17.79579",36000,458,282
1765556106,2025-12-12T16:15:06Z,UAE83,"44.648659,17.703079",36000,456,281
1765556138,2025-12-12T16:15:38Z,UAE83,"44.662689,17.611071",36000,456,281
1765556170,2025-12-12T16:16:10Z,UAE83,"44.67654,17.519833",36000,453,281
1765556201,2025-12-12T16:16:41Z,UAE83,"44.690086,17.429625",36000,453,281
1765556233,2025-12-12T16:17:13Z,UAE83,"44.703697,17.338654",36000,452,281
1765556264,2025-12-12T16:17:44Z,UAE83,"44.71727,17.247599",36000,453,281
1765556298,2025-12-12T16:18:18Z,UAE83,"44.731365,17.152241",36000,455,281
1765556329,2025-12-12T16:18:49Z,UAE83,"44.744671,17.061747",36000,455,281
1765556360,2025-12-12T16:19:20Z,UAE83,"44.758011,16.970617",36000,456,281
1765556392,2025-12-12T16:19:52Z,UAE83,"44.771225,16.879389",36000,456,281
1765556423,2025-12-12T16:20:23Z,UAE83,"44.784355,16.788332",36000,456,281
1765556455,2025-12-12T16:20:55Z,UAE83,"44.797375,16.697435",36000,454,281
1765556486,2025-12-12T16:21:26Z,UAE83,"44.810345,16.606556",36000,453,281
1765556518,2025-12-12T16:21:58Z,UAE83,"44.823212,16.51568",36000,454,281
1765556549,2025-12-12T16:22:29Z,UAE83,"44.835861,16.42618",36000,452,281
1765556580,2025-12-12T16:23:00Z,UAE83,"44.84845,16.336195",36000,451,281
1765556611,2025-12-12T16:23:31Z,UAE83,"44.86113,16.244934",36000,452,281
1765556643,2025-12-12T16:24:03Z,UAE83,"44.873707,16.154175",36000,453,280
1765556674,2025-12-12T16:24:34Z,UAE83,"44.886169,16.063566",36000,454,280
1765556705,2025-12-12T16:25:05Z,UAE83,"44.898552,15.973004",36000,454,280
1765556737,2025-12-12T16:25:37Z,UAE83,"44.910854,15.882351",36000,456,280
1765556768,2025-12-12T16:26:08Z,UAE83,"44.923351,15.789914",36000,455,280
1765556800,2025-12-12T16:26:40Z,UAE83,"44.935745,15.697285",36000,454,280
1765556832,2025-12-12T16:27:12Z,UAE83,"44.948055,15.604844",36000,455,280
1765556864,2025-12-12T16:27:44Z,UAE83,"44.960308,15.512022",36000,455,280
1765556895,2025-12-12T16:28:15Z,UAE83,"44.972237,15.421173",36000,456,280
1765556926,2025-12-12T16:28:46Z,UAE83,"44.984154,15.330087",36000,458,280
1765556957,2025-12-12T16:29:17Z,UAE83,"44.995975,15.238894",36000,482,280
1765556988,2025-12-12T16:29:48Z,UAE83,"45.007862,15.146792",36000,459,280
1765557020,2025-12-12T16:30:20Z,UAE83,"45.019844,15.053558",36000,460,280
1765557051,2025-12-12T16:30:51Z,UAE83,"45.031319,14.96307",36000,460,280
1765557082,2025-12-12T16:31:22Z,UAE83,"45.04311,14.869867",36000,461,280
1765557113,2025-12-12T16:31:53Z,UAE83,"45.054684,14.777711",36000,461,280
1765557145,2025-12-12T16:32:25Z,UAE83,"45.066368,14.684712",36000,460,279
1765557176,2025-12-12T16:32:56Z,UAE83,"45.077744,14.592017",36000,458,279
1765557208,2025-12-12T16:33:28Z,UAE83,"45.088966,14.500093",36000,457,279
1765557239,2025-12-12T16:33:59Z,UAE83,"45.100307,14.40745",36000,456,279
1765557271,2025-12-12T16:34:31Z,UAE83,"45.111561,14.314311",36000,457,279
1765557302,2025-12-12T16:35:02Z,UAE83,"45.122593,14.222544",36000,457,279
1765557334,2025-12-12T16:35:34Z,UAE83,"45.133831,14.128957",36000,458,279
1765557366,2025-12-12T16:36:06Z,UAE83,"45.145004,14.034297",36000,458,279
1765557397,2025-12-12T16:36:37Z,UAE83,"45.156002,13.941119",36000,458,279
1765557429,2025-12-12T16:37:09Z,UAE83,"45.166744,13.848565",36000,459,279
1765557460,2025-12-12T16:37:40Z,UAE83,"45.177616,13.755607",36000,459,279
1765557491,2025-12-12T16:38:11Z,UAE83,"45.188385,13.662243",36000,459,279
1765557523,2025-12-12T16:38:43Z,UAE83,"45.1991,13.569391",36000,460,279
1765557555,2025-12-12T16:39:15Z,UAE83,"45.21032,13.47554",36000,460,279
1765557586,2025-12-12T16:39:46Z,UAE83,"45.221703,13.380072",36000,462,279
1765557618,2025-12-12T16:40:18Z,UAE83,"45.232685,13.286241",36000,464,279
1765557649,2025-12-12T16:40:49Z,UAE83,"45.243622,13.192227",36000,464,279
1765557681,2025-12-12T16:41:21Z,UAE83,"45.254444,13.097708",36000,466,279
1765557713,2025-12-12T16:41:53Z,UAE83,"45.26545,13.00198",36000,465,279
1765557745,2025-12-12T16:42:25Z,UAE83,"45.276302,12.905885",36000,465,279
1765557776,2025-12-12T16:42:56Z,UAE83,"45.286865,12.811295",36000,465,278
1765557807,2025-12-12T16:43:27Z,UAE83,"45.297291,12.717182",36000,465,279
1765557838,2025-12-12T16:43:58Z,UAE83,"45.307781,12.623814",36000,466,278
1765557870,2025-12-12T16:44:30Z,UAE83,"45.31826,12.528395",36000,466,278
1765557901,2025-12-12T16:45:01Z,UAE83,"45.328606,12.43354",36000,467,278
1765557933,2025-12-12T16:45:33Z,UAE83,"45.33889,12.338384",36000,466,278
1765557964,2025-12-12T16:46:04Z,UAE83,"45.341801,12.242708",36000,468,269
1765557995,2025-12-12T16:46:35Z,UAE83,"45.340485,12.147143",36000,468,269
1765558026,2025-12-12T16:47:06Z,UAE83,"45.339424,12.052031",36000,468,269
1765558057,2025-12-12T16:47:37Z,UAE83,"45.338497,11.956051",36000,469,269
1765558088,2025-12-12T16:48:08Z,UAE83,"45.337585,11.86086",36000,470,269
1765558120,2025-12-12T16:48:40Z,UAE83,"45.336727,11.762371",36000,471,269
1765558152,2025-12-12T16:49:12Z,UAE83,"45.335892,11.665527",36000,472,269
1765558183,2025-12-12T16:49:43Z,UAE83,"45.335148,11.567749",36000,473,269
1765558215,2025-12-12T16:50:15Z,UAE83,"45.339664,11.469647",36000,472,277
1765558247,2025-12-12T16:50:47Z,UAE83,"45.351593,11.372085",36000,472,280
1765558278,2025-12-12T16:51:18Z,UAE83,"45.363377,11.277201",36000,473,279
1765558312,2025-12-12T16:51:52Z,UAE83,"45.376122,11.175073",36000,473,280
1765558343,2025-12-12T16:52:23Z,UAE83,"45.388245,11.078634",36000,473,280
1765558374,2025-12-12T16:52:54Z,UAE83,"45.400368,10.982657",36000,473,280
1765558406,2025-12-12T16:53:26Z,UAE83,"45.412601,10.885474",36000,474,280
1765558438,2025-12-12T16:53:58Z,UAE83,"45.424614,10.788532",36000,476,279
1765558469,2025-12-12T16:54:29Z,UAE83,"45.436707,10.690441",36000,478,279
1765558501,2025-12-12T16:55:01Z,UAE83,"45.448833,10.591962",36000,477,279
1765558533,2025-12-12T16:55:33Z,UAE83,"45.46067,10.494586",36000,478,279
1765558564,2025-12-12T16:56:04Z,UAE83,"45.472446,10.397017",36000,478,279
1765558596,2025-12-12T16:56:36Z,UAE83,"45.4841,10.299509",36000,480,279
1765558628,2025-12-12T16:57:08Z,UAE83,"45.495987,10.199817",36000,479,279
1765558660,2025-12-12T16:57:40Z,UAE83,"45.507671,10.100812",36000,481,279
1765558692,2025-12-12T16:58:12Z,UAE83,"45.519257,10.001904",36000,481,279
1765558723,2025-12-12T16:58:43Z,UAE83,"45.530666,9.903985",36000,481,279
1765558755,2025-12-12T16:59:15Z,UAE83,"45.542095,9.804771",36000,481,279
1765558786,2025-12-12T16:59:46Z,UAE83,"45.553226,9.706593",36000,482,279
1765558818,2025-12-12T17:00:18Z,UAE83,"45.564476,9.607546",36000,482,279
1765558848,2025-12-12T17:00:48Z,UAE83,"45.575241,9.512103",36000,482,279
1765558882,2025-12-12T17:01:22Z,UAE83,"45.587044,9.406595",36000,481,278
1765558913,2025-12-12T17:01:53Z,UAE83,"45.597935,9.307666",36000,482,278
1765558945,2025-12-12T17:02:25Z,UAE83,"45.608788,9.208583",36000,482,278
1765558977,2025-12-12T17:02:57Z,UAE83,"45.619648,9.108494",36000,484,278
1765559008,2025-12-12T17:03:28Z,UAE83,"45.630451,9.009083",36000,483,278
1765559040,2025-12-12T17:04:00Z,UAE83,"45.641132,8.90939",36000,483,278
1765559072,2025-12-12T17:04:32Z,UAE83,"45.651588,8.810489",35525,484,278
1765559103,2025-12-12T17:05:03Z,UAE83,"45.66209,8.710546",34500,487,278
1765559136,2025-12-12T17:05:36Z,UAE83,"45.672939,8.606683",33625,480,278
1765559167,2025-12-12T17:06:07Z,UAE83,"45.683048,8.508904",32675,470,278
1765559199,2025-12-12T17:06:39Z,UAE83,"45.692631,8.414728",31675,459,278
1765559230,2025-12-12T17:07:10Z,UAE83,"45.702087,8.321349",30650,453,278
1765559261,2025-12-12T17:07:41Z,UAE83,"45.71143,8.22951",29700,446,278
1765559293,2025-12-12T17:08:13Z,UAE83,"45.720402,8.138832",28750,438,278
1765559324,2025-12-12T17:08:44Z,UAE83,"45.729218,8.04913",27850,432,278
1765559356,2025-12-12T17:09:16Z,UAE83,"45.73782,7.960968",26925,426,277
1765559388,2025-12-12T17:09:48Z,UAE83,"45.746643,7.870878",26000,421,278
1765559419,2025-12-12T17:10:19Z,UAE83,"45.754871,7.786582",25250,415,277
1765559451,2025-12-12T17:10:51Z,UAE83,"45.764091,7.699595",24500,412,281
1765559483,2025-12-12T17:11:23Z,UAE83,"45.780472,7.617123",23775,407,289
1765559515,2025-12-12T17:11:55Z,UAE83,"45.801197,7.537282",23100,402,290
1765559545,2025-12-12T17:12:25Z,UAE83,"45.820724,7.462115",22600,403,290
1765559576,2025-12-12T17:12:56Z,UAE83,"45.841049,7.383768",22075,401,290
1765559608,2025-12-12T17:13:28Z,UAE83,"45.861542,7.304832",21925,403,290
1765559639,2025-12-12T17:13:59Z,UAE83,"45.882084,7.225712",21500,403,290
1765559670,2025-12-12T17:14:30Z,UAE83,"45.902122,7.148635",20950,398,290
1765559702,2025-12-12T17:15:02Z,UAE83,"45.922058,7.071535",20250,389,290
1765559733,2025-12-12T17:15:33Z,UAE83,"45.941162,6.996621",19525,383,290
1765559765,2025-12-12T17:16:05Z,UAE83,"45.960186,6.922591",18800,378,290
1765559796,2025-12-12T17:16:36Z,UAE83,"45.978817,6.849413",18250,372,290
1765559827,2025-12-12T17:17:07Z,UAE83,"45.997417,6.776747",17575,358,289
1765559859,2025-12-12T17:17:39Z,UAE83,"46.014347,6.710351",17000,332,290
1765559890,2025-12-12T17:18:10Z,UAE83,"46.030499,6.646379",16450,326,289
1765559921,2025-12-12T17:18:41Z,UAE83,"46.046558,6.5829",15875,326,292
1765559938,2025-12-12T17:18:58Z,UAE83,"46.057976,6.550457",15500,326,299
1765559940,2025-12-12T17:19:00Z,UAE83,"46.059494,6.546812",15475,326,300
1765559942,2025-12-12T17:19:02Z,UAE83,"46.061096,6.543011",15425,324,301
1765559944,2025-12-12T17:19:04Z,UAE83,"46.062691,6.539396",15375,325,302
1765559946,2025-12-12T17:19:06Z,UAE83,"46.064461,6.535556",15325,325,302
1765559948,2025-12-12T17:19:08Z,UAE83,"46.066132,6.531904",15300,324,303
1765559950,2025-12-12T17:19:10Z,UAE83,"46.067963,6.528091",15250,324,304
1765559952,2025-12-12T17:19:12Z,UAE83,"46.069786,6.524345",15200,323,304
1765559954,2025-12-12T17:19:14Z,UAE83,"46.071629,6.520643",15150,322,304
1765559986,2025-12-12T17:19:46Z,UAE83,"46.097824,6.464766",14475,318,304
1765560011,2025-12-12T17:20:11Z,UAE83,"46.119984,6.42267",13875,321,316
1765560013,2025-12-12T17:20:13Z,UAE83,"46.122303,6.419893",13850,322,319
1765560016,2025-12-12T17:20:16Z,UAE83,"46.125145,6.416713",13775,322,322
1765560018,2025-12-12T17:20:18Z,UAE83,"46.12738,6.414523",13725,321,324
1765560020,2025-12-12T17:20:20Z,UAE83,"46.130039,6.412099",13675,322,327
1765560022,2025-12-12T17:20:22Z,UAE83,"46.132843,6.409686",13625,322,329
1765560024,2025-12-12T17:20:24Z,UAE83,"46.135521,6.407653",13575,322,332
1765560026,2025-12-12T17:20:26Z,UAE83,"46.138245,6.406071",13500,322,334
1765560028,2025-12-12T17:20:28Z,UAE83,"46.141052,6.404562",13450,322,338
1765560030,2025-12-12T17:20:30Z,UAE83,"46.144173,6.403038",13375,322,341
1765560032,2025-12-12T17:20:32Z,UAE83,"46.147381,6.401574",13325,322,343
1765560034,2025-12-12T17:20:34Z,UAE83,"46.150307,6.400585",13275,322,345
1765560036,2025-12-12T17:20:36Z,UAE83,"46.153461,6.399715",13200,322,349
1765560039,2025-12-12T17:20:39Z,UAE83,"46.156658,6.399196",13150,323,351
1765560041,2025-12-12T17:20:41Z,UAE83,"46.159683,6.398814",13100,323,354
1765560043,2025-12-12T17:20:43Z,UAE83,"46.162518,6.398747",13050,324,357
1765560045,2025-12-12T17:20:45Z,UAE83,"46.166054,6.398807",13000,324,358
1765560047,2025-12-12T17:20:47Z,UAE83,"46.169136,6.399036",12925,322,4
1765560049,2025-12-12T17:20:49Z,UAE83,"46.17218,6.399559",12875,322,7
1765560051,2025-12-12T17:20:51Z,UAE83,"46.17556,6.400407",12800,322,9
1765560053,2025-12-12T17:20:53Z,UAE83,"46.178574,6.401415",12750,322,11
1765560055,2025-12-12T17:20:55Z,UAE83,"46.181587,6.402727",12700,321,15
1765560058,2025-12-12T17:20:58Z,UAE83,"46.184372,6.404075",12625,322,18
1765560060,2025-12-12T17:21:00Z,UAE83,"46.187595,6.405765",12575,322,20
1765560062,2025-12-12T17:21:02Z,UAE83,"46.190502,6.407667",12550,322,22
1765560064,2025-12-12T17:21:04Z,UAE83,"46.193375,6.409525",12500,322,24
1765560066,2025-12-12T17:21:06Z,UAE83,"46.196136,6.411452",12450,322,24
1765560068,2025-12-12T17:21:08Z,UAE83,"46.19899,6.413361",12425,321,24
1765560070,2025-12-12T17:21:10Z,UAE83,"46.201702,6.415214",12375,320,24
1765560072,2025-12-12T17:21:12Z,UAE83,"46.204647,6.417121",12325,319,24
1765560075,2025-12-12T17:21:15Z,UAE83,"46.207512,6.41907",12275,317,24
1765560077,2025-12-12T17:21:17Z,UAE83,"46.210243,6.42078",12225,316,24
1765560079,2025-12-12T17:21:19Z,UAE83,"46.213161,6.422744",12175,315,24
1765560081,2025-12-12T17:21:21Z,UAE83,"46.216099,6.424712",12100,314,24
1765560083,2025-12-12T17:21:23Z,UAE83,"46.218796,6.426541",12050,314,24
1765560085,2025-12-12T17:21:25Z,UAE83,"46.221519,6.42837",12000,312,25
1765560116,2025-12-12T17:21:56Z,UAE83,"46.261261,6.456084",11050,296,25
1765560131,2025-12-12T17:22:11Z,UAE83,"46.278507,6.468231",10700,286,25
1765560143,2025-12-12T17:22:23Z,UAE83,"46.292976,6.478272",10400,275,25
1765560158,2025-12-12T17:22:38Z,UAE83,"46.309738,6.48989",10050,264,25
1765560172,2025-12-12T17:22:52Z,UAE83,"46.325409,6.500345",9675,257,25
1765560185,2025-12-12T17:23:05Z,UAE83,"46.338928,6.509513",9350,254,25
1765560198,2025-12-12T17:23:18Z,UAE83,"46.352215,6.518226",8875,251,24
1765560212,2025-12-12T17:23:32Z,UAE83,"46.367672,6.528969",8400,246,24
1765560225,2025-12-12T17:23:45Z,UAE83,"46.380589,6.537778",7975,246,25
1765560240,2025-12-12T17:24:00Z,UAE83,"46.395599,6.54812",7675,246,29
1765560252,2025-12-12T17:24:12Z,UAE83,"46.407913,6.557796",7450,241,20
1765560254,2025-12-12T17:24:14Z,UAE83,"46.410114,6.558956",7425,241,17
1765560256,2025-12-12T17:24:16Z,UAE83,"46.412388,6.560134",7400,240,13
1765560259,2025-12-12T17:24:19Z,UAE83,"46.4147,6.560771",7375,239,9
1765560261,2025-12-12T17:24:21Z,UAE83,"46.417355,6.561299",7325,238,5
1765560263,2025-12-12T17:24:23Z,UAE83,"46.419273,6.561299",7300,237,1
1765560265,2025-12-12T17:24:25Z,UAE83,"46.422035,6.560522",7275,235,357
1765560267,2025-12-12T17:24:27Z,UAE83,"46.424328,6.560084",7250,233,352
1765560269,2025-12-12T17:24:29Z,UAE83,"46.426422,6.559398",7225,233,350
1765560271,2025-12-12T17:24:31Z,UAE83,"46.428711,6.55843",7200,231,346
1765560273,2025-12-12T17:24:33Z,UAE83,"46.430958,6.557479",7200,230,345
1765560275,2025-12-12T17:24:35Z,UAE83,"46.433018,6.556468",7175,228,343
1765560278,2025-12-12T17:24:38Z,UAE83,"46.435368,6.555399",7150,227,342
1765560280,2025-12-12T17:24:40Z,UAE83,"46.437149,6.55441",7125,226,341
1765560282,2025-12-12T17:24:42Z,UAE83,"46.439243,6.553414",7100,225,341
1765560284,2025-12-12T17:24:44Z,UAE83,"46.441353,6.552418",7075,223,341
1765560286,2025-12-12T17:24:46Z,UAE83,"46.44331,6.551578",7075,222,341
1765560288,2025-12-12T17:24:48Z,UAE83,"46.445133,6.550776",7050,222,340
1765560290,2025-12-12T17:24:50Z,UAE83,"46.447254,6.549624",7025,220,340
1765560292,2025-12-12T17:24:52Z,UAE83,"46.449402,6.548393",7000,218,338
1765560294,2025-12-12T17:24:54Z,UAE83,"46.451099,6.547384",6975,216,336
1765560296,2025-12-12T17:24:56Z,UAE83,"46.453003,6.546039",6950,215,333
1765560299,2025-12-12T17:24:59Z,UAE83,"46.454803,6.544554",6925,213,329
1765560301,2025-12-12T17:25:01Z,UAE83,"46.456638,6.542716",6875,211,326
1765560303,2025-12-12T17:25:03Z,UAE83,"46.458332,6.540757",6875,210,321
1765560305,2025-12-12T17:25:05Z,UAE83,"46.460075,6.538222",6850,207,315
1765560307,2025-12-12T17:25:07Z,UAE83,"46.461437,6.535888",6825,206,310
1765560309,2025-12-12T17:25:09Z,UAE83,"46.462563,6.533533",6800,205,308
1765560311,2025-12-12T17:25:11Z,UAE83,"46.463634,6.530974",6775,207,300
1765560314,2025-12-12T17:25:14Z,UAE83,"46.464428,6.528575",6750,205,295
1765560316,2025-12-12T17:25:16Z,UAE83,"46.465096,6.526023",6725,202,291
1765560318,2025-12-12T17:25:18Z,UAE83,"46.465656,6.523232",6700,201,286
1765560320,2025-12-12T17:25:20Z,UAE83,"46.46608,6.520194",6700,201,281
1765560322,2025-12-12T17:25:22Z,UAE83,"46.466351,6.517262",6675,200,277
1765560324,2025-12-12T17:25:24Z,UAE83,"46.466427,6.514438",6650,201,271
1765560326,2025-12-12T17:25:26Z,UAE83,"46.466366,6.511561",6650,202,269
1765560328,2025-12-12T17:25:28Z,UAE83,"46.466198,6.508633",6625,202,267
1765560330,2025-12-12T17:25:30Z,UAE83,"46.465935,6.505979",6600,201,264
1765560332,2025-12-12T17:25:32Z,UAE83,"46.465694,6.502982",6600,202,263
1765560335,2025-12-12T17:25:35Z,UAE83,"46.465485,6.500081",6575,202,262
1765560337,2025-12-12T17:25:37Z,UAE83,"46.465122,6.497016",6550,203,261
1765560339,2025-12-12T17:25:39Z,UAE83,"46.464767,6.49414",6550,202,261
1765560341,2025-12-12T17:25:41Z,UAE83,"46.464504,6.491339",6525,203,261
1765560343,2025-12-12T17:25:43Z,UAE83,"46.46423,6.488538",6500,202,260
1765560345,2025-12-12T17:25:45Z,UAE83,"46.463936,6.485481",6475,202,260
1765560347,2025-12-12T17:25:47Z,UAE83,"46.4636,6.482975",6475,202,260
1765560349,2025-12-12T17:25:49Z,UAE83,"46.463264,6.480316",6450,201,260
1765560352,2025-12-12T17:25:52Z,UAE83,"46.463028,6.477564",6450,201,260
1765560354,2025-12-12T17:25:54Z,UAE83,"46.462692,6.474732",6425,201,260
1765560367,2025-12-12T17:26:07Z,UAE83,"46.460739,6.457482",6300,200,262
1765560377,2025-12-12T17:26:17Z,UAE83,"46.459682,6.443445",6225,194,257
1765560379,2025-12-12T17:26:19Z,UAE83,"46.459221,6.440752",6200,195,251
1765560381,2025-12-12T17:26:21Z,UAE83,"46.458508,6.438254",6175,199,249
1765560383,2025-12-12T17:26:23Z,UAE83,"46.457691,6.435924",6175,199,240
1765560385,2025-12-12T17:26:25Z,UAE83,"46.456738,6.433373",6150,199,236
1765560387,2025-12-12T17:26:27Z,UAE83,"46.455643,6.431152",6150,200,234
1765560390,2025-12-12T17:26:30Z,UAE83,"46.454487,6.428925",6125,200,231
1765560392,2025-12-12T17:26:32Z,UAE83,"46.453125,6.426706",6100,198,229
1765560394,2025-12-12T17:26:34Z,UAE83,"46.451805,6.424983",6100,199,228
1765560396,2025-12-12T17:26:36Z,UAE83,"46.450394,6.422914",6075,198,227
1765560398,2025-12-12T17:26:38Z,UAE83,"46.448879,6.420767",6050,198,227
1765560400,2025-12-12T17:26:40Z,UAE83,"46.447491,6.418881",6050,198,226
1765560402,2025-12-12T17:26:42Z,UAE83,"46.446281,6.416758",6025,198,226
1765560404,2025-12-12T17:26:44Z,UAE83,"46.445053,6.414824",6000,197,226
1765560406,2025-12-12T17:26:46Z,UAE83,"46.44379,6.412811",6000,197,226
1765560409,2025-12-12T17:26:49Z,UAE83,"46.442356,6.410712",5975,197,226
1765560411,2025-12-12T17:26:51Z,UAE83,"46.441002,6.408768",5950,198,226
1765560413,2025-12-12T17:26:53Z,UAE83,"46.439632,6.406912",5925,198,225
1765560415,2025-12-12T17:26:55Z,UAE83,"46.438347,6.404996",5900,198,225
1765560428,2025-12-12T17:27:08Z,UAE83,"46.430149,6.392749",5750,196,225
1765560440,2025-12-12T17:27:20Z,UAE83,"46.422237,6.380924",5625,196,225
1765560453,2025-12-12T17:27:33Z,UAE83,"46.414394,6.369142",5450,192,225
1765560467,2025-12-12T17:27:47Z,UAE83,"46.405384,6.355844",5275,189,225
1765560482,2025-12-12T17:28:02Z,UAE83,"46.396873,6.343091",5125,182,225
1765560494,2025-12-12T17:28:14Z,UAE83,"46.389641,6.332157",5025,178,225
1765560507,2025-12-12T17:28:27Z,UAE83,"46.382141,6.321266",4850,179,225
1765560516,2025-12-12T17:28:36Z,UAE83,"46.37727,6.314083",4725,178,225
1765560522,2025-12-12T17:28:42Z,UAE83,"46.373638,6.308675",4650,176,225
1765560531,2025-12-12T17:28:51Z,UAE83,"46.368565,6.301355",4500,174,225
1765560537,2025-12-12T17:28:57Z,UAE83,"46.365063,6.296157",4375,171,225
1765560546,2025-12-12T17:29:06Z,UAE83,"46.360493,6.289188",4250,169,225
1765560554,2025-12-12T17:29:14Z,UAE83,"46.355762,6.282359",4100,169,225
1765560562,2025-12-12T17:29:22Z,UAE83,"46.35117,6.275504",4000,171,225
1765560569,2025-12-12T17:29:29Z,UAE83,"46.347618,6.270156",3875,172,225
1765560577,2025-12-12T17:29:37Z,UAE83,"46.342785,6.263117",3750,174,225
1765560586,2025-12-12T17:29:46Z,UAE83,"46.338142,6.25626",3600,173,225
1765560592,2025-12-12T17:29:52Z,UAE83,"46.334576,6.250822",3500,171,225
1765560599,2025-12-12T17:29:59Z,UAE83,"46.33078,6.245392",3400,170,225
1765560607,2025-12-12T17:30:07Z,UAE83,"46.326035,6.238213",3250,169,225
1765560616,2025-12-12T17:30:16Z,UAE83,"46.32148,6.231579",3125,168,225
1765560624,2025-12-12T17:30:24Z,UAE83,"46.316971,6.224921",3000,171,225
1765560633,2025-12-12T17:30:33Z,UAE83,"46.312263,6.218034",2875,172,225
1765560641,2025-12-12T17:30:41Z,UAE83,"46.30748,6.210721",2725,171,225
1765560648,2025-12-12T17:30:48Z,UAE83,"46.30378,6.205438",2625,169,225
1765560656,2025-12-12T17:30:56Z,UAE83,"46.299328,6.198832",2500,160,225
1765560665,2025-12-12T17:31:05Z,UAE83,"46.294888,6.192542",2375,157,225
1765560671,2025-12-12T17:31:11Z,UAE83,"46.291828,6.187919",2275,154,225
1765560680,2025-12-12T17:31:20Z,UAE83,"46.287571,6.181615",2150,151,225
1765560688,2025-12-12T17:31:28Z,UAE83,"46.283306,6.175341",2050,152,225
1765560697,2025-12-12T17:31:37Z,UAE83,"46.278996,6.168871",1925,151,225
1765560703,2025-12-12T17:31:43Z,UAE83,"46.276012,6.164775",1850,152,225
1765560710,2025-12-12T17:31:50Z,UAE83,"46.272141,6.158947",1725,153,225
1765560718,2025-12-12T17:31:58Z,UAE83,"46.26693,6.151608",1625,153,225
1765560727,2025-12-12T17:32:07Z,UAE83,"46.263893,6.146988",1500,152,225
1765560736,2025-12-12T17:32:16Z,UAE83,"46.259537,6.140487",1375,152,226
1765560742,2025-12-12T17:32:22Z,UAE83,"46.256561,6.136065",1275,152,225
1765560750,2025-12-12T17:32:30Z,UAE83,"46.252304,6.129902",1175,151,225
1765560758,2025-12-12T17:32:38Z,UAE83,"46.248905,6.124878",1050,152,225
1765560766,2025-12-12T17:32:46Z,UAE83,"46.245117,6.119318",1025,145,226
1765560772,2025-12-12T17:32:52Z,UAE83,"46.242462,6.115432",1025,122,225
1765560780,2025-12-12T17:33:00Z,UAE83,"46.239807,6.111547",1050,102,226
1765560787,2025-12-12T17:33:07Z,UAE83,"46.237392,6.107986",0,86,225
1765560795,2025-12-12T17:33:15Z,UAE83,"46.235596,6.10535",0,72,225
1765560802,2025-12-12T17:33:22Z,UAE83,"46.234203,6.1033",0,52,225
1765560807,2025-12-12T17:33:27Z,UAE83,"46.233459,6.102339",0,40,219
1765560809,2025-12-12T17:33:29Z,UAE83,"46.233238,6.102081",0,38,216
1765560812,2025-12-12T17:33:32Z,UAE83,"46.232948,6.101807",0,36,213
1765560814,2025-12-12T17:33:34Z,UAE83,"46.232643,6.101565",0,31,208
1765560816,2025-12-12T17:33:36Z,UAE83,"46.232414,6.101415",0,28,205
1765560820,2025-12-12T17:33:40Z,UAE83,"46.231995,6.101171",0,22,199
1765560824,2025-12-12T17:33:44Z,UAE83,"46.231762,6.101068",0,17,199
1765560827,2025-12-12T17:33:47Z,UAE83,"46.231529,6.100983",0,11,196
1765560833,2025-12-12T17:33:53Z,UAE83,"46.231293,6.100879",0,8,196
1765560842,2025-12-12T17:34:02Z,UAE83,"46.231075,6.10088",0,6,182
1765560849,2025-12-12T17:34:09Z,UAE83,"46.230904,6.10108",0,6,154
1765560855,2025-12-12T17:34:15Z,UAE83,"46.230812,6.101297",0,7,132
1765560859,2025-12-12T17:34:19Z,UAE83,"46.230804,6.101498",0,7,112
1765560863,2025-12-12T17:34:23Z,UAE83,"46.230877,6.101721",0,8,84
1765560869,2025-12-12T17:34:29Z,UAE83,"46.231052,6.101978",0,10,56
1765560873,2025-12-12T17:34:33Z,UAE83,"46.231224,6.102235",0,11,47
1765560877,2025-12-12T17:34:37Z,UAE83,"46.231361,6.102487",0,12,50
1765560881,2025-12-12T17:34:41Z,UAE83,"46.231476,6.102705",0,13,53
1765560884,2025-12-12T17:34:44Z,UAE83,"46.231598,6.102905",0,14,50
1765560887,2025-12-12T17:34:47Z,UAE83,"46.231739,6.103123",0,15,47
1765560890,2025-12-12T17:34:50Z,UAE83,"46.231922,6.103386",0,15,45
1765560893,2025-12-12T17:34:53Z,UAE83,"46.232082,6.103625",0,16,45
1765560897,2025-12-12T17:34:57Z,UAE83,"46.232296,6.103935",0,14,45
1765560902,2025-12-12T17:35:02Z,UAE83,"46.232483,6.10421",0,13,45
1765560905,2025-12-12T17:35:05Z,UAE83,"46.23262,6.104413",0,14,45
1765560912,2025-12-12T17:35:12Z,UAE83,"46.232975,6.104932",0,16,45
1765560919,2025-12-12T17:35:19Z,UAE83,"46.233414,6.105583",0,18,45
1765560926,2025-12-12T17:35:26Z,UAE83,"46.233772,6.106098",0,16,45
1765560930,2025-12-12T17:35:30Z,UAE83,"46.234032,6.10639",0,14,39
1765560935,2025-12-12T17:35:35Z,UAE83,"46.234222,6.106623",0,11,42
1765560941,2025-12-12T17:35:41Z,UAE83,"46.234322,6.106871",0,9,53
1765560947,2025-12-12T17:35:47Z,UAE83,"46.234253,6.107094",0,7,90
1765560956,2025-12-12T17:35:56Z,UAE83,"46.23402,6.107283",0,5,132
1765560965,2025-12-12T17:36:05Z,UAE83,"46.233856,6.107506",0,5,135
1765560975,2025-12-12T17:36:15Z,UAE83,"46.233681,6.107763",0,5,135
1765560983,2025-12-12T17:36:23Z,UAE83,"46.233528,6.107969",0,6,135
1765560988,2025-12-12T17:36:28Z,UAE83,"46.233448,6.108175",0,6,123
1765560994,2025-12-12T17:36:34Z,UAE83,"46.233524,6.108432",0,7,87
1765561001,2025-12-12T17:36:41Z,UAE83,"46.233696,6.108633",0,7,56
1765561009,2025-12-12T17:36:49Z,UAE83,"46.23381,6.108834",0,5,56
1765561015,2025-12-12T17:36:55Z,UAE83,"46.233765,6.109052",0,6,84
1765561025,2025-12-12T17:37:05Z,UAE83,"46.233578,6.109257",0,5,123
1765561037,2025-12-12T17:37:17Z,UAE83,"46.233391,6.109497",0,4,135
1765561050,2025-12-12T17:37:30Z,UAE83,"46.23325,6.109703",0,3,135
