Timestamp,UTC,Callsign,Position,Altitude,Speed,Direction
1765222204,2025-12-08T19:30:04Z,KLM809,"52.310886,4.769077",0,5,272
1765222211,2025-12-08T19:30:11Z,KLM809,"52.310886,4.769344",0,6,272
1765222217,2025-12-08T19:30:17Z,KLM809,"52.310867,4.769597",0,6,272
1765222221,2025-12-08T19:30:21Z,KLM809,"52.310856,4.769813",0,5,272
1765222229,2025-12-08T19:30:29Z,KLM809,"52.310852,4.770088",0,5,272
1765222235,2025-12-08T19:30:35Z,KLM809,"52.310844,4.770322",0,4,272
1765222485,2025-12-08T19:34:45Z,KLM809,"52.310841,4.770088",0,3,272
1765222492,2025-12-08T19:34:52Z,KLM809,"52.310852,4.769878",0,4,275
1765222497,2025-12-08T19:34:57Z,KLM809,"52.310902,4.769675",0,6,284
1765222503,2025-12-08T19:35:03Z,KLM809,"52.311039,4.769459",0,8,303
1765222508,2025-12-08T19:35:08Z,KLM809,"52.31126,4.769361",0,10,334
1765222514,2025-12-08T19:35:14Z,KLM809,"52.311504,4.76942",0,11,5
1765222520,2025-12-08T19:35:20Z,KLM809,"52.31179,4.769707",0,12,28
1765222525,2025-12-08T19:35:25Z,KLM809,"52.312077,4.769989",0,13,30
1765222532,2025-12-08T19:35:32Z,KLM809,"52.312412,4.770342",0,14,30
1765222535,2025-12-08T19:35:35Z,KLM809,"52.312592,4.770546",0,15,33
1765222539,2025-12-08T19:35:39Z,KLM809,"52.312866,4.770832",0,15,30
1765222543,2025-12-08T19:35:43Z,KLM809,"52.313076,4.771068",0,15,33
1765222546,2025-12-08T19:35:46Z,KLM809,"52.31329,4.771309",0,15,33
1765222550,2025-12-08T19:35:50Z,KLM809,"52.313496,4.771519",0,15,33
1765222553,2025-12-08T19:35:53Z,KLM809,"52.313679,4.771729",0,15,33
1765222556,2025-12-08T19:35:56Z,KLM809,"52.313873,4.771957",0,14,36
1765222562,2025-12-08T19:36:02Z,KLM809,"52.314102,4.772358",0,13,45
1765222565,2025-12-08T19:36:05Z,KLM809,"52.314205,4.772618",0,13,53
1765222568,2025-12-08T19:36:08Z,KLM809,"52.314312,4.772834",0,12,53
1765222572,2025-12-08T19:36:12Z,KLM809,"52.314457,4.773102",0,11,45
1765222576,2025-12-08T19:36:16Z,KLM809,"52.314629,4.77335",0,12,42
1765222581,2025-12-08T19:36:21Z,KLM809,"52.314789,4.77356",0,12,39
1765222584,2025-12-08T19:36:24Z,KLM809,"52.314926,4.773769",0,11,39
1765222589,2025-12-08T19:36:29Z,KLM809,"52.315155,4.774075",0,11,39
1765222597,2025-12-08T19:36:37Z,KLM809,"52.315453,4.774475",0,11,39
1765222604,2025-12-08T19:36:44Z,KLM809,"52.31572,4.774796",0,9,33
1765222612,2025-12-08T19:36:52Z,KLM809,"52.316067,4.774992",0,9,16
1765222623,2025-12-08T19:37:03Z,KLM809,"52.316532,4.775227",0,10,19
1765222629,2025-12-08T19:37:09Z,KLM809,"52.316765,4.775482",0,0,33
1765222640,2025-12-08T19:37:20Z,KLM809,"52.31707,4.776169",0,11,53
1765222644,2025-12-08T19:37:24Z,KLM809,"52.317204,4.776459",0,12,50
1765222650,2025-12-08T19:37:30Z,KLM809,"52.31749,4.776764",0,12,30
1765222657,2025-12-08T19:37:37Z,KLM809,"52.317791,4.776895",0,12,14
1765222662,2025-12-08T19:37:42Z,KLM809,"52.318211,4.776954",0,13,2
1765222667,2025-12-08T19:37:47Z,KLM809,"52.318466,4.776973",0,12,2
1765222672,2025-12-08T19:37:52Z,KLM809,"52.31879,4.777012",0,13,2
1765222676,2025-12-08T19:37:56Z,KLM809,"52.319023,4.777031",0,13,2
1765222680,2025-12-08T19:38:00Z,KLM809,"52.319263,4.77705",0,13,2
1765222687,2025-12-08T19:38:07Z,KLM809,"52.319675,4.777091",0,14,2
1765222695,2025-12-08T19:38:15Z,KLM809,"52.320152,4.777385",0,14,25
1765222704,2025-12-08T19:38:24Z,KLM809,"52.320614,4.778004",0,13,39
1765222711,2025-12-08T19:38:31Z,KLM809,"52.320885,4.778386",0,13,39
1765222722,2025-12-08T19:38:42Z,KLM809,"52.32122,4.779015",0,10,53
1765222725,2025-12-08T19:38:45Z,KLM809,"52.32127,4.779406",0,9,73
1765222734,2025-12-08T19:38:54Z,KLM809,"52.32122,4.779968",0,0,98
1765222742,2025-12-08T19:39:02Z,KLM809,"52.321026,4.780171",0,6,140
1765222750,2025-12-08T19:39:10Z,KLM809,"52.320816,4.780151",0,5,168
1765222760,2025-12-08T19:39:20Z,KLM809,"52.320602,4.780102",0,3,182
1765222840,2025-12-08T19:40:40Z,KLM809,"52.320293,4.780083",0,0,182
1765222848,2025-12-08T19:40:48Z,KLM809,"52.318802,4.779916",0,0,182
1765222854,2025-12-08T19:40:54Z,KLM809,"52.317036,4.779759",0,76,182
1765222869,2025-12-08T19:41:09Z,KLM809,"52.309616,4.779053",50,135,183
1765222878,2025-12-08T19:41:18Z,KLM809,"52.303116,4.778442",50,165,183
1765222886,2025-12-08T19:41:26Z,KLM809,"52.296661,4.777832",200,176,183
1765222894,2025-12-08T19:41:34Z,KLM809,"52.289703,4.777222",600,175,182
1765222902,2025-12-08T19:41:42Z,KLM809,"52.283066,4.77684",975,176,181
1765222911,2025-12-08T19:41:51Z,KLM809,"52.276337,4.77684",1375,173,176
1765222913,2025-12-08T19:41:53Z,KLM809,"52.274734,4.777145",1450,178,173
1765222915,2025-12-08T19:41:55Z,KLM809,"52.273087,4.777603",1500,178,169
1765222917,2025-12-08T19:41:57Z,KLM809,"52.271118,4.778442",1525,184,165
1765222919,2025-12-08T19:41:59Z,KLM809,"52.269737,4.77921",1550,190,159
1765222921,2025-12-08T19:42:01Z,KLM809,"52.268005,4.780502",1600,195,154
1765222923,2025-12-08T19:42:03Z,KLM809,"52.266151,4.782192",1625,200,149
1765222925,2025-12-08T19:42:05Z,KLM809,"52.264664,4.783859",1650,206,144
1765222927,2025-12-08T19:42:07Z,KLM809,"52.262753,4.786273",1675,212,140
1765222930,2025-12-08T19:42:10Z,KLM809,"52.261589,4.788156",1700,217,135
1765222932,2025-12-08T19:42:12Z,KLM809,"52.259995,4.790955",1700,223,131
1765222934,2025-12-08T19:42:14Z,KLM809,"52.258621,4.794006",1725,228,126
1765222936,2025-12-08T19:42:16Z,KLM809,"52.257431,4.796982",1775,233,122
1765222938,2025-12-08T19:42:18Z,KLM809,"52.256283,4.800633",1825,239,115
1765222940,2025-12-08T19:42:20Z,KLM809,"52.255463,4.803848",1850,243,111
1765222942,2025-12-08T19:42:22Z,KLM809,"52.254547,4.808426",1900,247,106
1765222945,2025-12-08T19:42:25Z,KLM809,"52.253956,4.812718",1975,249,102
1765222947,2025-12-08T19:42:27Z,KLM809,"52.253632,4.816406",2025,252,99
1765222949,2025-12-08T19:42:29Z,KLM809,"52.253349,4.820251",2075,254,96
1765222951,2025-12-08T19:42:31Z,KLM809,"52.253128,4.825058",2150,256,93
1765222954,2025-12-08T19:42:34Z,KLM809,"52.252991,4.829712",2225,258,92
1765222956,2025-12-08T19:42:36Z,KLM809,"52.252979,4.833827",2300,259,91
1765222958,2025-12-08T19:42:38Z,KLM809,"52.252945,4.837952",2375,260,89
1765222960,2025-12-08T19:42:40Z,KLM809,"52.252979,4.842852",2450,260,89
1765222962,2025-12-08T19:42:42Z,KLM809,"52.253025,4.846383",2525,260,88
1765222964,2025-12-08T19:42:44Z,KLM809,"52.253117,4.851013",2625,260,88
1765222966,2025-12-08T19:42:46Z,KLM809,"52.253174,4.853973",2700,260,88
1765222969,2025-12-08T19:42:49Z,KLM809,"52.253258,4.85886",2800,259,88
1765222971,2025-12-08T19:42:51Z,KLM809,"52.253311,4.862595",2900,259,88
1765222973,2025-12-08T19:42:53Z,KLM809,"52.253357,4.866486",2975,259,88
1765222975,2025-12-08T19:42:55Z,KLM809,"52.253445,4.871338",3075,259,88
1765222977,2025-12-08T19:42:57Z,KLM809,"52.253448,4.875488",3150,260,89
1765222979,2025-12-08T19:42:59Z,KLM809,"52.253494,4.879379",3225,261,89
1765222981,2025-12-08T19:43:01Z,KLM809,"52.253536,4.883502",3275,262,89
1765222983,2025-12-08T19:43:03Z,KLM809,"52.253536,4.888288",3325,264,89
1765222990,2025-12-08T19:43:10Z,KLM809,"52.253582,4.901629",3475,270,89
1765222998,2025-12-08T19:43:18Z,KLM809,"52.25354,4.918365",3700,276,90
1765223007,2025-12-08T19:43:27Z,KLM809,"52.253258,4.936236",3925,281,91
1765223016,2025-12-08T19:43:36Z,KLM809,"52.252899,4.954987",4125,290,92
1765223022,2025-12-08T19:43:42Z,KLM809,"52.252514,4.96943",4250,298,92
1765223031,2025-12-08T19:43:51Z,KLM809,"52.251938,4.98909",4550,302,92
1765223037,2025-12-08T19:43:57Z,KLM809,"52.251534,5.003488",4825,303,92
1765223046,2025-12-08T19:44:06Z,KLM809,"52.251022,5.022635",5200,304,92
1765223058,2025-12-08T19:44:18Z,KLM809,"52.25029,5.052261",5750,306,92
1765223073,2025-12-08T19:44:33Z,KLM809,"52.249283,5.085754",6300,310,92
1765223088,2025-12-08T19:44:48Z,KLM809,"52.248184,5.12112",6925,312,92
1765223103,2025-12-08T19:45:03Z,KLM809,"52.247131,5.156326",7525,315,92
1765223116,2025-12-08T19:45:16Z,KLM809,"52.24617,5.186844",8025,318,93
1765223129,2025-12-08T19:45:29Z,KLM809,"52.24511,5.218349",8500,321,93
1765223141,2025-12-08T19:45:41Z,KLM809,"52.244133,5.248954",9000,323,93
1765223154,2025-12-08T19:45:54Z,KLM809,"52.242924,5.280186",9475,326,94
1765223167,2025-12-08T19:46:07Z,KLM809,"52.241455,5.31189",9975,328,94
1765223180,2025-12-08T19:46:20Z,KLM809,"52.239761,5.344696",10375,335,94
1765223193,2025-12-08T19:46:33Z,KLM809,"52.238083,5.377258",10575,347,94
1765223206,2025-12-08T19:46:46Z,KLM809,"52.236191,5.41214",10750,361,95
1765223221,2025-12-08T19:47:01Z,KLM809,"52.234039,5.453033",10975,376,94
1765223234,2025-12-08T19:47:14Z,KLM809,"52.231796,5.490265",11100,387,97
1765223247,2025-12-08T19:47:27Z,KLM809,"52.227512,5.527692",11300,396,102
1765223251,2025-12-08T19:47:31Z,KLM809,"52.225708,5.539551",11375,397,104
1765223253,2025-12-08T19:47:33Z,KLM809,"52.224674,5.545663",11425,398,105
1765223255,2025-12-08T19:47:35Z,KLM809,"52.223602,5.551758",11475,400,106
1765223257,2025-12-08T19:47:37Z,KLM809,"52.22216,5.559474",11525,400,107
1765223260,2025-12-08T19:47:40Z,KLM809,"52.22123,5.564105",11575,402,108
1765223262,2025-12-08T19:47:42Z,KLM809,"52.219788,5.570931",11650,402,108
1765223264,2025-12-08T19:47:44Z,KLM809,"52.218246,5.578079",11700,402,109
1765223266,2025-12-08T19:47:46Z,KLM809,"52.216854,5.584037",11775,402,110
1765223268,2025-12-08T19:47:48Z,KLM809,"52.215923,5.58796",11800,402,111
1765223270,2025-12-08T19:47:50Z,KLM809,"52.214108,5.595337",11900,403,111
1765223272,2025-12-08T19:47:52Z,KLM809,"52.212799,5.600662",11950,404,112
1765223274,2025-12-08T19:47:54Z,KLM809,"52.211105,5.607452",12000,406,112
1765223276,2025-12-08T19:47:56Z,KLM809,"52.209778,5.612836",12050,406,111
1765223279,2025-12-08T19:47:59Z,KLM809,"52.208382,5.618487",12125,407,111
1765223310,2025-12-08T19:48:30Z,KLM809,"52.186501,5.708967",13200,413,111
1765223342,2025-12-08T19:49:02Z,KLM809,"52.163773,5.80246",14300,419,111
1765223374,2025-12-08T19:49:34Z,KLM809,"52.140793,5.895691",15175,428,111
1765223406,2025-12-08T19:50:06Z,KLM809,"52.117126,5.992737",15950,440,111
1765223437,2025-12-08T19:50:37Z,KLM809,"52.096561,6.091605",16850,449,104
1765223469,2025-12-08T19:51:09Z,KLM809,"52.083809,6.199271",17775,457,99
1765223501,2025-12-08T19:51:41Z,KLM809,"52.07254,6.307602",18675,462,99
1765223533,2025-12-08T19:52:13Z,KLM809,"52.060905,6.41735",19525,468,99
1765223565,2025-12-08T19:52:45Z,KLM809,"52.049194,6.527328",20275,476,99
1765223597,2025-12-08T19:53:17Z,KLM809,"52.036789,6.642227",21025,484,99
1765223628,2025-12-08T19:53:48Z,KLM809,"52.023605,6.755753",21725,492,101
1765223661,2025-12-08T19:54:21Z,KLM809,"52.006531,6.872406",22325,502,104
1765223693,2025-12-08T19:54:53Z,KLM809,"51.987579,6.992645",23050,508,104
1765223724,2025-12-08T19:55:24Z,KLM809,"51.970047,7.106857",23800,512,102
1765223756,2025-12-08T19:55:56Z,KLM809,"51.954025,7.228775",24575,516,101
1765223788,2025-12-08T19:56:28Z,KLM809,"51.938187,7.350388",25250,522,101
1765223820,2025-12-08T19:57:00Z,KLM809,"51.922211,7.471619",25850,527,102
1765223852,2025-12-08T19:57:32Z,KLM809,"51.905838,7.594064",26525,531,102
1765223884,2025-12-08T19:58:04Z,KLM809,"51.88866,7.719879",27175,533,102
1765223916,2025-12-08T19:58:36Z,KLM809,"51.871109,7.84668",27675,542,102
1765223948,2025-12-08T19:59:08Z,KLM809,"51.853958,7.969468",28275,544,102
1765223980,2025-12-08T19:59:40Z,KLM809,"51.836197,8.09633",28875,548,102
1765224011,2025-12-08T20:00:11Z,KLM809,"51.818161,8.223192",29425,551,103
1765224043,2025-12-08T20:00:43Z,KLM809,"51.799805,8.351911",29875,556,103
1765224075,2025-12-08T20:01:15Z,KLM809,"51.781586,8.479515",30150,562,102
1765224106,2025-12-08T20:01:46Z,KLM809,"51.763046,8.607788",30650,564,103
1765224138,2025-12-08T20:02:18Z,KLM809,"51.744415,8.735987",31100,568,103
1765224168,2025-12-08T20:02:48Z,KLM809,"51.72583,8.862033",31575,570,103
1765224200,2025-12-08T20:03:20Z,KLM809,"51.706734,8.990936",32125,569,103
1765224231,2025-12-08T20:03:51Z,KLM809,"51.687138,9.122238",32750,566,103
1765224263,2025-12-08T20:04:23Z,KLM809,"51.667603,9.251602",32975,564,103
1765224295,2025-12-08T20:04:55Z,KLM809,"51.647892,9.381409",32975,564,103
1765224327,2025-12-08T20:05:27Z,KLM809,"51.628014,9.510574",33000,563,103
1765224357,2025-12-08T20:05:57Z,KLM809,"51.609329,9.631743",33000,562,104
1765224388,2025-12-08T20:06:28Z,KLM809,"51.589508,9.757715",33000,562,104
1765224419,2025-12-08T20:06:59Z,KLM809,"51.569546,9.884872",33000,560,104
1765224451,2025-12-08T20:07:31Z,KLM809,"51.549389,10.013733",33000,560,104
1765224483,2025-12-08T20:08:03Z,KLM809,"51.529137,10.140152",32975,562,104
1765224515,2025-12-08T20:08:35Z,KLM809,"51.508118,10.270212",32975,561,104
1765224547,2025-12-08T20:09:07Z,KLM809,"51.487473,10.398407",33000,559,104
1765224580,2025-12-08T20:09:40Z,KLM809,"51.466011,10.529556",32975,558,104
1765224611,2025-12-08T20:10:11Z,KLM809,"51.445389,10.654907",32975,559,104
1765224643,2025-12-08T20:10:43Z,KLM809,"51.424629,10.780258",32975,559,104
1765224674,2025-12-08T20:11:14Z,KLM809,"51.403519,10.907568",33000,558,104
1765224706,2025-12-08T20:11:46Z,KLM809,"51.382507,11.031906",32975,559,105
1765224738,2025-12-08T20:12:18Z,KLM809,"51.360535,11.161738",32975,559,105
1765224770,2025-12-08T20:12:50Z,KLM809,"51.338787,11.288834",33150,560,105
1765224802,2025-12-08T20:13:22Z,KLM809,"51.316208,11.416626",33675,557,108
1765224834,2025-12-08T20:13:54Z,KLM809,"51.285065,11.535645",34175,551,116
1765224866,2025-12-08T20:14:26Z,KLM809,"51.243393,11.645953",34550,546,122
1765224899,2025-12-08T20:14:59Z,KLM809,"51.198212,11.757227",34975,546,122
1765224929,2025-12-08T20:15:29Z,KLM809,"51.156509,11.859445",34975,545,122
1765224960,2025-12-08T20:16:00Z,KLM809,"51.114033,11.962967",34975,543,123
1765224992,2025-12-08T20:16:32Z,KLM809,"51.070038,12.069447",35000,546,123
1765225024,2025-12-08T20:17:04Z,KLM809,"51.025677,12.176514",34975,545,123
1765225056,2025-12-08T20:17:36Z,KLM809,"50.981636,12.282486",34975,544,123
1765225087,2025-12-08T20:18:07Z,KLM809,"50.938995,12.384644",35000,543,123
1765225119,2025-12-08T20:18:39Z,KLM809,"50.894211,12.491529",34975,544,123
1765225151,2025-12-08T20:19:11Z,KLM809,"50.850407,12.595749",35000,545,123
1765225183,2025-12-08T20:19:43Z,KLM809,"50.805717,12.701416",34975,544,123
1765225215,2025-12-08T20:20:15Z,KLM809,"50.76004,12.809242",34975,544,123
1765225247,2025-12-08T20:20:47Z,KLM809,"50.715637,12.913666",34975,540,123
1765225280,2025-12-08T20:21:20Z,KLM809,"50.670547,13.019233",35000,536,123
1765225312,2025-12-08T20:21:52Z,KLM809,"50.626785,13.121289",35000,536,123
1765225343,2025-12-08T20:22:23Z,KLM809,"50.582497,13.224051",34975,536,124
1765225376,2025-12-08T20:22:56Z,KLM809,"50.537796,13.327428",35025,533,124
1765225407,2025-12-08T20:23:27Z,KLM809,"50.494236,13.427743",35000,531,124
1765225440,2025-12-08T20:24:00Z,KLM809,"50.448521,13.532113",35000,528,124
1765225472,2025-12-08T20:24:32Z,KLM809,"50.404018,13.633959",35000,526,124
1765225505,2025-12-08T20:25:05Z,KLM809,"50.359467,13.734692",35000,527,124
1765225535,2025-12-08T20:25:35Z,KLM809,"50.317795,13.828968",34950,528,124
1765225567,2025-12-08T20:26:07Z,KLM809,"50.273251,13.928808",34975,530,124
1765225599,2025-12-08T20:26:39Z,KLM809,"50.228394,14.029469",34975,529,124
1765225631,2025-12-08T20:27:11Z,KLM809,"50.183872,14.128789",34975,526,124
1765225662,2025-12-08T20:27:42Z,KLM809,"50.139462,14.227444",35000,527,124
1765225694,2025-12-08T20:28:14Z,KLM809,"50.095093,14.32581",35000,528,125
1765225726,2025-12-08T20:28:46Z,KLM809,"50.050964,14.422953",34975,527,125
1765225758,2025-12-08T20:29:18Z,KLM809,"50.005436,14.523184",34975,525,125
1765225790,2025-12-08T20:29:50Z,KLM809,"49.961288,14.619984",35000,526,125
1765225822,2025-12-08T20:30:22Z,KLM809,"49.916008,14.718933",34975,524,125
1765225854,2025-12-08T20:30:54Z,KLM809,"49.872017,14.814395",35000,521,125
1765225884,2025-12-08T20:31:24Z,KLM809,"49.82933,14.907111",35000,520,125
1765225916,2025-12-08T20:31:56Z,KLM809,"49.784683,15.003421",34975,519,125
1765225948,2025-12-08T20:32:28Z,KLM809,"49.740181,15.098927",35000,522,125
1765225980,2025-12-08T20:33:00Z,KLM809,"49.694607,15.196838",34975,521,125
1765226012,2025-12-08T20:33:32Z,KLM809,"49.649872,15.292102",34975,522,125
1765226043,2025-12-08T20:34:03Z,KLM809,"49.604668,15.388357",35000,524,125
1765226075,2025-12-08T20:34:35Z,KLM809,"49.56015,15.482628",34975,524,125
1765226107,2025-12-08T20:35:07Z,KLM809,"49.514969,15.578179",34975,524,125
1765226138,2025-12-08T20:35:38Z,KLM809,"49.469898,15.672962",34975,526,126
1765226170,2025-12-08T20:36:10Z,KLM809,"49.424419,15.768489",34975,524,126
1765226201,2025-12-08T20:36:41Z,KLM809,"49.379261,15.863101",35000,524,126
1765226233,2025-12-08T20:37:13Z,KLM809,"49.334152,15.957007",34975,522,126
1765226264,2025-12-08T20:37:44Z,KLM809,"49.289371,16.049652",35000,520,126
1765226296,2025-12-08T20:38:16Z,KLM809,"49.244308,16.142818",34975,517,126
1765226328,2025-12-08T20:38:48Z,KLM809,"49.197987,16.238371",35000,518,126
1765226361,2025-12-08T20:39:21Z,KLM809,"49.152134,16.332623",34975,516,126
1765226392,2025-12-08T20:39:52Z,KLM809,"49.106964,16.424984",34975,516,126
1765226424,2025-12-08T20:40:24Z,KLM809,"49.061646,16.517521",34975,515,126
1765226456,2025-12-08T20:40:56Z,KLM809,"49.017151,16.607948",35000,514,126
1765226487,2025-12-08T20:41:27Z,KLM809,"48.97221,16.698713",34975,514,126
1765226519,2025-12-08T20:41:59Z,KLM809,"48.926743,16.79056",34975,514,126
1765226550,2025-12-08T20:42:30Z,KLM809,"48.881897,16.880711",34975,514,127
1765226582,2025-12-08T20:43:02Z,KLM809,"48.836601,16.971563",35000,515,127
1765226613,2025-12-08T20:43:33Z,KLM809,"48.791748,17.062754",34975,517,125
1765226645,2025-12-08T20:44:05Z,KLM809,"48.749313,17.155714",34975,520,123
1765226676,2025-12-08T20:44:36Z,KLM809,"48.707977,17.249908",35000,521,123
1765226707,2025-12-08T20:45:07Z,KLM809,"48.666092,17.345018",35000,519,123
1765226738,2025-12-08T20:45:38Z,KLM809,"48.624893,17.438261",34975,518,123
1765226769,2025-12-08T20:46:09Z,KLM809,"48.583054,17.532772",34975,521,123
1765226800,2025-12-08T20:46:40Z,KLM809,"48.541786,17.62525",35000,522,123
1765226832,2025-12-08T20:47:12Z,KLM809,"48.499657,17.719791",34975,522,123
1765226863,2025-12-08T20:47:43Z,KLM809,"48.457623,17.813536",35000,522,123
1765226895,2025-12-08T20:48:15Z,KLM809,"48.414505,17.909405",35000,522,124
1765226926,2025-12-08T20:48:46Z,KLM809,"48.371841,18.003845",35000,524,124
1765226957,2025-12-08T20:49:17Z,KLM809,"48.329224,18.098145",34975,522,124
1765226989,2025-12-08T20:49:49Z,KLM809,"48.286354,18.192276",35000,522,124
1765227020,2025-12-08T20:50:20Z,KLM809,"48.244034,18.284983",35000,522,124
1765227052,2025-12-08T20:50:52Z,KLM809,"48.201443,18.378176",34975,521,124
1765227083,2025-12-08T20:51:23Z,KLM809,"48.158104,18.472595",35000,522,124
1765227115,2025-12-08T20:51:55Z,KLM809,"48.11467,18.566965",34975,522,124
1765227147,2025-12-08T20:52:27Z,KLM809,"48.070724,18.662338",34975,522,124
1765227178,2025-12-08T20:52:58Z,KLM809,"48.031204,18.75507",35000,524,120
1765227209,2025-12-08T20:53:29Z,KLM809,"47.993866,18.853981",34975,522,118
1765227241,2025-12-08T20:54:01Z,KLM809,"47.956764,18.954445",34975,521,118
1765227273,2025-12-08T20:54:33Z,KLM809,"47.919338,19.055082",34975,522,119
1765227304,2025-12-08T20:55:04Z,KLM809,"47.882187,19.154875",35000,522,119
1765227336,2025-12-08T20:55:36Z,KLM809,"47.845917,19.251617",35000,520,119
1765227367,2025-12-08T20:56:07Z,KLM809,"47.808964,19.350163",35000,518,119
1765227399,2025-12-08T20:56:39Z,KLM809,"47.771851,19.448685",35000,520,119
1765227431,2025-12-08T20:57:11Z,KLM809,"47.734909,19.546257",34975,519,119
1765227462,2025-12-08T20:57:42Z,KLM809,"47.698029,19.643414",35000,520,119
1765227494,2025-12-08T20:58:14Z,KLM809,"47.659065,19.745811",34975,522,119
1765227527,2025-12-08T20:58:47Z,KLM809,"47.620972,19.84536",35000,522,119
1765227559,2025-12-08T20:59:19Z,KLM809,"47.583344,19.943481",34975,523,119
1765227590,2025-12-08T20:59:50Z,KLM809,"47.545258,20.042358",35000,524,119
1765227622,2025-12-08T21:00:22Z,KLM809,"47.506744,20.141954",35000,524,119
1765227655,2025-12-08T21:00:55Z,KLM809,"47.467712,20.242584",34975,523,119
1765227686,2025-12-08T21:01:26Z,KLM809,"47.429855,20.339745",34975,524,119
1765227717,2025-12-08T21:01:57Z,KLM809,"47.392227,20.435909",35000,524,119
1765227749,2025-12-08T21:02:29Z,KLM809,"47.354004,20.533173",35000,524,119
1765227780,2025-12-08T21:03:00Z,KLM809,"47.315414,20.631363",35000,525,119
1765227813,2025-12-08T21:03:33Z,KLM809,"47.276264,20.730427",34975,526,120
1765227843,2025-12-08T21:04:03Z,KLM809,"47.239243,20.823761",35000,526,120
1765227876,2025-12-08T21:04:36Z,KLM809,"47.198662,20.925785",35000,526,120
1765227908,2025-12-08T21:05:08Z,KLM809,"47.159046,21.024803",35000,525,120
1765227941,2025-12-08T21:05:41Z,KLM809,"47.119629,21.123138",34975,526,120
1765227971,2025-12-08T21:06:11Z,KLM809,"47.081631,21.217487",35000,529,120
1765228003,2025-12-08T21:06:43Z,KLM809,"47.041454,21.316998",35000,532,120
1765228036,2025-12-08T21:07:16Z,KLM809,"47.001419,21.415945",34975,532,120
1765228067,2025-12-08T21:07:47Z,KLM809,"46.961838,21.513084",34975,532,120
1765228099,2025-12-08T21:08:19Z,KLM809,"46.921371,21.612236",34975,530,120
1765228131,2025-12-08T21:08:51Z,KLM809,"46.881687,21.709126",34975,531,120
1765228162,2025-12-08T21:09:22Z,KLM809,"46.841,21.808273",35000,532,120
1765228195,2025-12-08T21:09:55Z,KLM809,"46.800751,21.906336",34975,531,120
1765228226,2025-12-08T21:10:26Z,KLM809,"46.760422,22.003874",34975,534,121
1765228259,2025-12-08T21:10:59Z,KLM809,"46.719498,22.102549",34975,530,121
1765228291,2025-12-08T21:11:31Z,KLM809,"46.679398,22.199081",34975,526,121
1765228323,2025-12-08T21:12:03Z,KLM809,"46.637985,22.298332",35000,526,121
1765228355,2025-12-08T21:12:35Z,KLM809,"46.597961,22.393888",35000,526,121
1765228387,2025-12-08T21:13:07Z,KLM809,"46.557034,22.49128",35000,527,121
1765228420,2025-12-08T21:13:40Z,KLM809,"46.515835,22.588989",34975,528,121
1765228452,2025-12-08T21:14:12Z,KLM809,"46.474548,22.686432",34975,529,121
1765228484,2025-12-08T21:14:44Z,KLM809,"46.434082,22.781826",35000,529,121
1765228516,2025-12-08T21:15:16Z,KLM809,"46.392151,22.880167",35000,531,121
1765228549,2025-12-08T21:15:49Z,KLM809,"46.350128,22.978374",34975,530,121
1765228581,2025-12-08T21:16:21Z,KLM809,"46.308445,23.075409",35000,529,121
1765228613,2025-12-08T21:16:53Z,KLM809,"46.267776,23.16983",34975,529,121
1765228646,2025-12-08T21:17:26Z,KLM809,"46.225342,23.267971",35000,529,121
1765228677,2025-12-08T21:17:57Z,KLM809,"46.184601,23.361891",35000,531,122
1765228709,2025-12-08T21:18:29Z,KLM809,"46.141972,23.459656",35000,530,122
1765228742,2025-12-08T21:19:02Z,KLM809,"46.100143,23.55549",34975,530,122
1765228774,2025-12-08T21:19:34Z,KLM809,"46.0578,23.652023",35000,530,122
1765228806,2025-12-08T21:20:06Z,KLM809,"46.016144,23.746815",34975,532,122
1765228836,2025-12-08T21:20:36Z,KLM809,"45.976479,23.836624",35000,532,122
1765228868,2025-12-08T21:21:08Z,KLM809,"45.934769,23.930901",35000,534,122
1765228900,2025-12-08T21:21:40Z,KLM809,"45.892044,24.027033",35000,534,122
1765228930,2025-12-08T21:22:10Z,KLM809,"45.851486,24.117937",35000,532,122
1765228962,2025-12-08T21:22:42Z,KLM809,"45.810196,24.210318",34975,532,122
1765228994,2025-12-08T21:23:14Z,KLM809,"45.767925,24.304436",34975,530,122
1765229026,2025-12-08T21:23:46Z,KLM809,"45.725189,24.399227",34975,528,122
1765229058,2025-12-08T21:24:18Z,KLM809,"45.68306,24.492577",35000,528,122
1765229089,2025-12-08T21:24:49Z,KLM809,"45.641373,24.584522",35000,527,122
1765229121,2025-12-08T21:25:21Z,KLM809,"45.598755,24.678442",34975,527,122
1765229153,2025-12-08T21:25:53Z,KLM809,"45.55695,24.770187",35000,527,123
1765229185,2025-12-08T21:26:25Z,KLM809,"45.513931,24.864023",35000,527,123
1765229218,2025-12-08T21:26:58Z,KLM809,"45.470947,24.957537",34975,528,123
1765229249,2025-12-08T21:27:29Z,KLM809,"45.428608,25.049564",34975,528,123
1765229280,2025-12-08T21:28:00Z,KLM809,"45.386719,25.14012",34975,527,123
1765229312,2025-12-08T21:28:32Z,KLM809,"45.343788,25.232649",34975,526,123
1765229344,2025-12-08T21:29:04Z,KLM809,"45.302307,25.322048",35000,524,123
1765229376,2025-12-08T21:29:36Z,KLM809,"45.258831,25.41486",35000,523,123
1765229408,2025-12-08T21:30:08Z,KLM809,"45.216328,25.505699",34975,526,123
1765229440,2025-12-08T21:30:40Z,KLM809,"45.172897,25.598276",34975,526,123
1765229472,2025-12-08T21:31:12Z,KLM809,"45.129696,25.690121",34975,525,123
1765229504,2025-12-08T21:31:44Z,KLM809,"45.0867,25.780989",35000,524,123
1765229536,2025-12-08T21:32:16Z,KLM809,"45.044357,25.870253",35000,524,123
1765229567,2025-12-08T21:32:47Z,KLM809,"45.00219,25.95875",35000,521,123
1765229598,2025-12-08T21:33:18Z,KLM809,"44.960175,26.046818",35000,519,123
1765229629,2025-12-08T21:33:49Z,KLM809,"44.91806,26.134708",35000,517,123
1765229661,2025-12-08T21:34:21Z,KLM809,"44.876358,26.221352",35000,517,123
1765229692,2025-12-08T21:34:52Z,KLM809,"44.833809,26.30971",34975,516,124
1765229724,2025-12-08T21:35:24Z,KLM809,"44.792049,26.396128",35000,514,124
1765229756,2025-12-08T21:35:56Z,KLM809,"44.749828,26.483347",34975,514,124
1765229788,2025-12-08T21:36:28Z,KLM809,"44.706436,26.572723",34975,513,124
1765229819,2025-12-08T21:36:59Z,KLM809,"44.663956,26.65983",35000,512,124
1765229851,2025-12-08T21:37:31Z,KLM809,"44.621841,26.745955",34975,509,124
1765229883,2025-12-08T21:38:03Z,KLM809,"44.579121,26.833035",34975,508,124
1765229915,2025-12-08T21:38:35Z,KLM809,"44.537643,26.917307",35000,506,124
1765229946,2025-12-08T21:39:06Z,KLM809,"44.495773,27.002237",35000,506,124
1765229978,2025-12-08T21:39:38Z,KLM809,"44.453384,27.088131",35000,506,124
1765230009,2025-12-08T21:40:09Z,KLM809,"44.410976,27.17341",35000,506,124
1765230041,2025-12-08T21:40:41Z,KLM809,"44.369522,27.256819",34975,505,124
1765230073,2025-12-08T21:41:13Z,KLM809,"44.326767,27.342159",34975,504,124
1765230104,2025-12-08T21:41:44Z,KLM809,"44.284679,27.426296",35000,505,124
1765230136,2025-12-08T21:42:16Z,KLM809,"44.242538,27.510159",35000,504,125
1765230168,2025-12-08T21:42:48Z,KLM809,"44.20042,27.593704",34975,504,125
1765230200,2025-12-08T21:43:20Z,KLM809,"44.157173,27.679399",34975,502,125
1765230231,2025-12-08T21:43:51Z,KLM809,"44.115921,27.76079",34975,500,125
1765230262,2025-12-08T21:44:22Z,KLM809,"44.07338,27.844522",35000,500,125
1765230294,2025-12-08T21:44:54Z,KLM809,"44.030876,27.9279",35000,501,125
1765230326,2025-12-08T21:45:26Z,KLM809,"43.988708,28.010601",35000,502,125
1765230357,2025-12-08T21:45:57Z,KLM809,"43.946182,28.093575",34975,504,125
1765230388,2025-12-08T21:46:28Z,KLM809,"43.904301,28.175093",34975,501,125
1765230420,2025-12-08T21:47:00Z,KLM809,"43.862,28.257027",35000,498,125
1765230452,2025-12-08T21:47:32Z,KLM809,"43.819748,28.338978",35000,498,125
1765230483,2025-12-08T21:48:03Z,KLM809,"43.777493,28.420454",34975,498,125
1765230515,2025-12-08T21:48:35Z,KLM809,"43.736469,28.501266",35000,495,123
1765230547,2025-12-08T21:49:07Z,KLM809,"43.697224,28.584604",35000,493,122
1765230578,2025-12-08T21:49:38Z,KLM809,"43.65863,28.668285",34975,494,122
1765230610,2025-12-08T21:50:10Z,KLM809,"43.618969,28.754408",35000,496,122
1765230641,2025-12-08T21:50:41Z,KLM809,"43.580898,28.83647",34975,496,122
1765230647,2025-12-08T21:50:47Z,KLM809,"43.574074,28.85058",34975,496,128
1765230649,2025-12-08T21:50:49Z,KLM809,"43.572388,28.855341",34975,496,123
1765230651,2025-12-08T21:50:51Z,KLM809,"43.569141,28.86286",35000,496,121
1765230653,2025-12-08T21:50:53Z,KLM809,"43.56773,28.866253",35000,496,120
1765230656,2025-12-08T21:50:56Z,KLM809,"43.564518,28.873461",35000,496,121
1765230658,2025-12-08T21:50:58Z,KLM809,"43.560276,28.880669",34975,494,124
1765230660,2025-12-08T21:51:00Z,KLM809,"43.55722,28.887135",34975,494,123
1765230662,2025-12-08T21:51:02Z,KLM809,"43.554955,28.89221",34975,494,143
1765230665,2025-12-08T21:51:05Z,KLM809,"43.551685,28.899387",34975,494,121
1765230667,2025-12-08T21:51:07Z,KLM809,"43.549313,28.90428",35000,494,122
1765230669,2025-12-08T21:51:09Z,KLM809,"43.546822,28.90955",34975,494,122
1765230671,2025-12-08T21:51:11Z,KLM809,"43.544277,28.915085",34975,494,122
1765230673,2025-12-08T21:51:13Z,KLM809,"43.541553,28.920952",35000,494,122
1765230676,2025-12-08T21:51:16Z,KLM809,"43.538242,28.928007",35000,494,122
1765230678,2025-12-08T21:51:18Z,KLM809,"43.535782,28.933336",35000,494,122
1765230680,2025-12-08T21:51:20Z,KLM809,"43.533073,28.939165",35000,494,122
1765230682,2025-12-08T21:51:22Z,KLM809,"43.530678,28.944298",35000,494,122
1765230684,2025-12-08T21:51:24Z,KLM809,"43.527283,28.951416",35000,494,122
1765230686,2025-12-08T21:51:26Z,KLM809,"43.525402,28.955513",34975,494,122
1765230688,2025-12-08T21:51:28Z,KLM809,"43.522434,28.961884",35000,494,122
1765230691,2025-12-08T21:51:31Z,KLM809,"43.519753,28.967579",35000,494,122
1765230723,2025-12-08T21:52:03Z,KLM809,"43.479931,29.052528",35000,494,122
1765230756,2025-12-08T21:52:36Z,KLM809,"43.439999,29.137735",34975,492,122
1765230788,2025-12-08T21:53:08Z,KLM809,"43.399891,29.222963",35000,494,122
1765230818,2025-12-08T21:53:38Z,KLM809,"43.362595,29.301561",35000,492,123
1765230850,2025-12-08T21:54:10Z,KLM809,"43.322285,29.386404",35000,494,123
1765230881,2025-12-08T21:54:41Z,KLM809,"43.284409,29.466566",35000,494,122
1765230914,2025-12-08T21:55:14Z,KLM809,"43.243507,29.552528",34975,490,122
1765230945,2025-12-08T21:55:45Z,KLM809,"43.205208,29.632935",34975,490,123
1765230977,2025-12-08T21:56:17Z,KLM809,"43.165287,29.717514",35000,488,119
1765230980,2025-12-08T21:56:20Z,KLM809,"43.160076,29.727674",35000,488,127
1765230983,2025-12-08T21:56:23Z,KLM809,"43.157299,29.733864",35000,488,121
1765230985,2025-12-08T21:56:25Z,KLM809,"43.15588,29.735575",35000,486,137
1765230987,2025-12-08T21:56:27Z,KLM809,"43.153225,29.74259",35000,486,126
1765230990,2025-12-08T21:56:30Z,KLM809,"43.150394,29.748266",35000,486,122
1765230992,2025-12-08T21:56:32Z,KLM809,"43.147522,29.754347",34975,486,122
1765230994,2025-12-08T21:56:34Z,KLM809,"43.144958,29.759785",35000,486,122
1765230996,2025-12-08T21:56:36Z,KLM809,"43.141846,29.766247",35000,486,122
1765230999,2025-12-08T21:56:39Z,KLM809,"43.138802,29.77249",35000,486,123
1765231001,2025-12-08T21:56:41Z,KLM809,"43.136463,29.777365",35000,486,123
1765231003,2025-12-08T21:56:43Z,KLM809,"43.133564,29.783436",35000,486,123
1765231005,2025-12-08T21:56:45Z,KLM809,"43.13092,29.788794",35000,486,123
1765231007,2025-12-08T21:56:47Z,KLM809,"43.128014,29.794849",35000,486,123
1765231010,2025-12-08T21:56:50Z,KLM809,"43.125736,29.799616",34975,486,123
1765231012,2025-12-08T21:56:52Z,KLM809,"43.122826,29.805679",34975,486,123
1765231014,2025-12-08T21:56:54Z,KLM809,"43.119797,29.812017",34975,486,123
1765231047,2025-12-08T21:57:27Z,KLM809,"43.079865,29.895273",34975,486,122
1765231079,2025-12-08T21:57:59Z,KLM809,"43.039707,29.978878",34975,490,123
1765231111,2025-12-08T21:58:31Z,KLM809,"43.00074,30.059277",35000,490,123
1765231142,2025-12-08T21:59:02Z,KLM809,"42.961491,30.140354",35000,492,123
1765231175,2025-12-08T21:59:35Z,KLM809,"42.920139,30.225233",35000,494,123
1765231207,2025-12-08T22:00:07Z,KLM809,"42.8797,30.307875",35000,492,123
1765231237,2025-12-08T22:00:37Z,KLM809,"42.841816,30.385521",34975,490,123
1765231251,2025-12-08T22:00:51Z,KLM809,"42.826305,30.420712",35000,490,113
1765231255,2025-12-08T22:00:55Z,KLM809,"42.819172,30.431751",35000,490,119
1765231257,2025-12-08T22:00:57Z,KLM809,"42.816261,30.436857",35000,490,129
1765231259,2025-12-08T22:00:59Z,KLM809,"42.813961,30.442148",35000,490,126
1765231261,2025-12-08T22:01:01Z,KLM809,"42.811199,30.447971",35000,490,123
1765231263,2025-12-08T22:01:03Z,KLM809,"42.808689,30.452833",34975,490,124
1765231266,2025-12-08T22:01:06Z,KLM809,"42.805752,30.458765",35000,490,124
1765231268,2025-12-08T22:01:08Z,KLM809,"42.803104,30.464462",34975,490,123
1765231270,2025-12-08T22:01:10Z,KLM809,"42.800468,30.469908",34975,490,123
1765231272,2025-12-08T22:01:12Z,KLM809,"42.797211,30.476772",34975,490,123
1765231274,2025-12-08T22:01:14Z,KLM809,"42.79398,30.483381",34975,490,123
1765231277,2025-12-08T22:01:17Z,KLM809,"42.79187,30.487698",34975,490,123
1765231279,2025-12-08T22:01:19Z,KLM809,"42.789165,30.493147",34975,490,123
1765231281,2025-12-08T22:01:21Z,KLM809,"42.786697,30.498222",34975,490,123
1765231283,2025-12-08T22:01:23Z,KLM809,"42.783993,30.503832",34975,490,123
1765231299,2025-12-08T22:01:39Z,KLM809,"42.763512,30.545307",34975,488,140
1765231301,2025-12-08T22:01:41Z,KLM809,"42.761139,30.550953",34975,488,139
1765231304,2025-12-08T22:01:44Z,KLM809,"42.758942,30.55718",35000,486,117
1765231306,2025-12-08T22:01:46Z,KLM809,"42.756569,30.563053",35000,486,117
1765231308,2025-12-08T22:01:48Z,KLM809,"42.754543,30.568398",35000,486,117
1765231310,2025-12-08T22:01:50Z,KLM809,"42.75246,30.574091",35000,484,117
1765231312,2025-12-08T22:01:52Z,KLM809,"42.750134,30.581013",35000,484,132
1765231314,2025-12-08T22:01:54Z,KLM809,"42.748508,30.585913",35000,484,114
1765231316,2025-12-08T22:01:56Z,KLM809,"42.74654,30.592176",35000,484,113
1765231319,2025-12-08T22:01:59Z,KLM809,"42.744694,30.598587",35000,482,112
1765231321,2025-12-08T22:02:01Z,KLM809,"42.742779,30.605642",35000,482,111
1765231323,2025-12-08T22:02:03Z,KLM809,"42.741371,30.611366",35000,482,109
1765231325,2025-12-08T22:02:05Z,KLM809,"42.739891,30.617411",35000,480,109
1765231328,2025-12-08T22:02:08Z,KLM809,"42.738419,30.623907",35000,480,107
1765231330,2025-12-08T22:02:10Z,KLM809,"42.736996,30.630671",35000,478,106
1765231332,2025-12-08T22:02:12Z,KLM809,"42.735905,30.636421",34975,478,105
1765231334,2025-12-08T22:02:14Z,KLM809,"42.734688,30.643517",34975,478,104
1765231336,2025-12-08T22:02:16Z,KLM809,"42.7337,30.649601",34975,476,103
1765231339,2025-12-08T22:02:19Z,KLM809,"42.732662,30.65649",34975,476,102
1765231341,2025-12-08T22:02:21Z,KLM809,"42.731777,30.663128",35000,476,101
1765231343,2025-12-08T22:02:23Z,KLM809,"42.731155,30.669077",35000,474,99
1765231345,2025-12-08T22:02:25Z,KLM809,"42.730473,30.675104",35000,474,99
1765231347,2025-12-08T22:02:27Z,KLM809,"42.729774,30.681969",35000,472,98
1765231350,2025-12-08T22:02:30Z,KLM809,"42.729198,30.688522",34975,472,97
1765231352,2025-12-08T22:02:32Z,KLM809,"42.728672,30.695072",34975,472,96
1765231354,2025-12-08T22:02:34Z,KLM809,"42.728123,30.701271",34975,472,96
1765231356,2025-12-08T22:02:36Z,KLM809,"42.72747,30.707968",34975,472,97
1765231358,2025-12-08T22:02:38Z,KLM809,"42.726818,30.714624",34975,472,97
1765231361,2025-12-08T22:02:41Z,KLM809,"42.726162,30.721409",34975,472,97
1765231363,2025-12-08T22:02:43Z,KLM809,"42.725559,30.728756",34975,472,94
1765231365,2025-12-08T22:02:45Z,KLM809,"42.724628,30.736492",34975,472,98
1765231367,2025-12-08T22:02:47Z,KLM809,"42.724255,30.741024",34975,472,97
1765231369,2025-12-08T22:02:49Z,KLM809,"42.723717,30.747164",34975,472,97
1765231371,2025-12-08T22:02:51Z,KLM809,"42.723175,30.752579",34975,472,97
1765231373,2025-12-08T22:02:53Z,KLM809,"42.722439,30.759901",34975,472,97
1765231376,2025-12-08T22:02:56Z,KLM809,"42.721725,30.766733",34975,474,97
1765231378,2025-12-08T22:02:58Z,KLM809,"42.721012,30.773525",35000,474,97
1765231381,2025-12-08T22:03:01Z,KLM809,"42.720341,30.77997",35000,474,98
1765231383,2025-12-08T22:03:03Z,KLM809,"42.719589,30.788834",35000,474,96
1765231385,2025-12-08T22:03:05Z,KLM809,"42.718906,30.79406",35000,474,109
1765231388,2025-12-08T22:03:08Z,KLM809,"42.71838,30.800173",35000,474,97
1765231390,2025-12-08T22:03:10Z,KLM809,"42.717724,30.806984",35000,474,97
1765231392,2025-12-08T22:03:12Z,KLM809,"42.71698,30.814114",35000,474,97
1765231394,2025-12-08T22:03:14Z,KLM809,"42.716267,30.821213",35000,474,97
1765231396,2025-12-08T22:03:16Z,KLM809,"42.715782,30.826046",35000,474,97
1765231398,2025-12-08T22:03:18Z,KLM809,"42.714951,30.833797",35000,474,98
1765231401,2025-12-08T22:03:21Z,KLM809,"42.714397,30.838871",35000,474,98
1765231403,2025-12-08T22:03:23Z,KLM809,"42.713737,30.846848",35000,474,97
1765231406,2025-12-08T22:03:26Z,KLM809,"42.712868,30.854269",34975,474,99
1765231408,2025-12-08T22:03:28Z,KLM809,"42.7122,30.860914",35000,474,98
1765231410,2025-12-08T22:03:30Z,KLM809,"42.711582,30.867432",35000,474,97
1765231412,2025-12-08T22:03:32Z,KLM809,"42.710884,30.874302",35000,474,97
1765231415,2025-12-08T22:03:35Z,KLM809,"42.710064,30.882284",34975,474,97
1765231426,2025-12-08T22:03:46Z,KLM809,"42.706867,30.913933",35000,474,97
1765231432,2025-12-08T22:03:52Z,KLM809,"42.70575,30.932856",34975,474,77
1765231435,2025-12-08T22:03:55Z,KLM809,"42.704052,30.941269",34975,474,98
1765231437,2025-12-08T22:03:57Z,KLM809,"42.703682,30.945108",34975,474,98
1765231439,2025-12-08T22:03:59Z,KLM809,"42.703003,30.952225",35000,474,97
1765231441,2025-12-08T22:04:01Z,KLM809,"42.703381,30.958862",35000,474,60
1765231443,2025-12-08T22:04:03Z,KLM809,"42.70163,30.965786",35000,474,98
1765231446,2025-12-08T22:04:06Z,KLM809,"42.700954,30.972601",34975,474,97
1765231448,2025-12-08T22:04:08Z,KLM809,"42.700214,30.97962",35000,474,97
1765231450,2025-12-08T22:04:10Z,KLM809,"42.699654,30.985001",35000,474,97
1765231453,2025-12-08T22:04:13Z,KLM809,"42.698902,30.992399",35000,474,97
1765231455,2025-12-08T22:04:15Z,KLM809,"42.698219,30.998802",35000,474,98
1765231457,2025-12-08T22:04:17Z,KLM809,"42.697445,31.006134",35000,474,99
1765231459,2025-12-08T22:04:19Z,KLM809,"42.696716,31.013128",35000,474,98
1765231462,2025-12-08T22:04:22Z,KLM809,"42.696064,31.020271",35000,476,99
1765231464,2025-12-08T22:04:24Z,KLM809,"42.69529,31.026869",34975,476,93
1765231466,2025-12-08T22:04:26Z,KLM809,"42.694832,31.033457",35000,476,90
1765231469,2025-12-08T22:04:29Z,KLM809,"42.693981,31.039686",35000,476,109
1765231471,2025-12-08T22:04:31Z,KLM809,"42.693371,31.047134",34975,476,94
1765231473,2025-12-08T22:04:33Z,KLM809,"42.692474,31.053623",35000,476,99
1765231475,2025-12-08T22:04:35Z,KLM809,"42.692017,31.05969",35000,476,96
1765231478,2025-12-08T22:04:38Z,KLM809,"42.691204,31.06661",34975,476,97
1765231480,2025-12-08T22:04:40Z,KLM809,"42.690971,31.074011",34975,476,90
1765231482,2025-12-08T22:04:42Z,KLM809,"42.689613,31.081909",34975,476,98
1765231485,2025-12-08T22:04:45Z,KLM809,"42.689072,31.087893",34975,476,101
1765231487,2025-12-08T22:04:47Z,KLM809,"42.688675,31.093433",34975,476,96
1765231489,2025-12-08T22:04:49Z,KLM809,"42.687683,31.101078",34975,476,97
1765231492,2025-12-08T22:04:52Z,KLM809,"42.687004,31.10775",34975,476,100
1765231494,2025-12-08T22:04:54Z,KLM809,"42.686363,31.11381",35000,476,97
1765231496,2025-12-08T22:04:56Z,KLM809,"42.685749,31.121355",35000,478,94
1765231498,2025-12-08T22:04:58Z,KLM809,"42.685093,31.126558",35000,478,97
1765231500,2025-12-08T22:05:00Z,KLM809,"42.684452,31.133799",34975,478,97
1765231503,2025-12-08T22:05:03Z,KLM809,"42.683762,31.14002",34975,478,100
1765231505,2025-12-08T22:05:05Z,KLM809,"42.682678,31.147593",35000,478,106
1765231507,2025-12-08T22:05:07Z,KLM809,"42.682144,31.154448",35000,478,92
1765231509,2025-12-08T22:05:09Z,KLM809,"42.681553,31.160402",35000,478,98
1765231511,2025-12-08T22:05:11Z,KLM809,"42.680779,31.167747",35000,478,97
1765231513,2025-12-08T22:05:13Z,KLM809,"42.680367,31.172688",35000,478,93
1765231516,2025-12-08T22:05:16Z,KLM809,"42.679306,31.180897",35000,478,98
1765231518,2025-12-08T22:05:18Z,KLM809,"42.678699,31.187037",34975,478,97
1765231520,2025-12-08T22:05:20Z,KLM809,"42.678028,31.19305",35000,478,98
1765231523,2025-12-08T22:05:23Z,KLM809,"42.679016,31.201836",34975,478,70
1765231525,2025-12-08T22:05:25Z,KLM809,"42.676498,31.207041",34975,478,105
1765231527,2025-12-08T22:05:27Z,KLM809,"42.676025,31.213652",34975,478,92
1765231530,2025-12-08T22:05:30Z,KLM809,"42.675213,31.220709",34975,478,99
1765231533,2025-12-08T22:05:33Z,KLM809,"42.674255,31.229092",35000,478,98
1765231535,2025-12-08T22:05:35Z,KLM809,"42.673416,31.237539",34975,478,97
1765231537,2025-12-08T22:05:37Z,KLM809,"42.672878,31.242428",34975,478,98
1765231539,2025-12-08T22:05:39Z,KLM809,"42.672176,31.249374",35000,478,98
1765231541,2025-12-08T22:05:41Z,KLM809,"42.671539,31.25543",34975,478,98
1765231544,2025-12-08T22:05:44Z,KLM809,"42.670704,31.264067",35000,478,97
1765231546,2025-12-08T22:05:46Z,KLM809,"42.670101,31.269318",35000,478,98
1765231548,2025-12-08T22:05:48Z,KLM809,"42.669426,31.276154",35000,478,97
1765231550,2025-12-08T22:05:50Z,KLM809,"42.668846,31.281336",35000,478,98
1765231552,2025-12-08T22:05:52Z,KLM809,"42.667976,31.290184",35000,478,97
1765231555,2025-12-08T22:05:55Z,KLM809,"42.667515,31.294451",35000,478,97
1765231557,2025-12-08T22:05:57Z,KLM809,"42.666683,31.302168",35000,478,99
1765231559,2025-12-08T22:05:59Z,KLM809,"42.666134,31.308109",35000,478,96
1765231562,2025-12-08T22:06:02Z,KLM809,"42.665291,31.315311",35000,478,98
1765231564,2025-12-08T22:06:04Z,KLM809,"42.664536,31.322788",35000,478,97
1765231566,2025-12-08T22:06:06Z,KLM809,"42.66386,31.328888",35000,478,98
1765231568,2025-12-08T22:06:08Z,KLM809,"42.66309,31.335968",34975,478,98
1765231571,2025-12-08T22:06:11Z,KLM809,"42.662258,31.343483",34975,478,98
1765231574,2025-12-08T22:06:14Z,KLM809,"42.661545,31.350565",35000,478,97
1765231576,2025-12-08T22:06:16Z,KLM809,"42.660721,31.358763",34975,478,97
1765231578,2025-12-08T22:06:18Z,KLM809,"42.660088,31.364546",34975,478,98
1765231580,2025-12-08T22:06:20Z,KLM809,"42.659279,31.371931",35000,478,98
1765231582,2025-12-08T22:06:22Z,KLM809,"42.658779,31.376696",34975,478,97
1765231585,2025-12-08T22:06:25Z,KLM809,"42.657967,31.383318",34975,478,99
1765231587,2025-12-08T22:06:27Z,KLM809,"42.657135,31.390772",34975,478,98
1765231589,2025-12-08T22:06:29Z,KLM809,"42.656555,31.395885",35000,478,97
1765231596,2025-12-08T22:06:36Z,KLM809,"42.654137,31.417902",35000,478,96
1765231598,2025-12-08T22:06:38Z,KLM809,"42.653458,31.423815",34975,478,102
1765231601,2025-12-08T22:06:41Z,KLM809,"42.65274,31.430681",34975,478,98
1765231603,2025-12-08T22:06:43Z,KLM809,"42.651791,31.438892",34975,478,99
1765231605,2025-12-08T22:06:45Z,KLM809,"42.651173,31.444984",34975,478,98
1765231607,2025-12-08T22:06:47Z,KLM809,"42.650497,31.451281",34975,478,98
1765231610,2025-12-08T22:06:50Z,KLM809,"42.649624,31.458061",34975,478,100
1765231612,2025-12-08T22:06:52Z,KLM809,"42.648853,31.466145",35000,480,98
1765231614,2025-12-08T22:06:54Z,KLM809,"42.648254,31.47146",35000,480,98
1765231616,2025-12-08T22:06:56Z,KLM809,"42.649475,31.478958",35000,480,61
1765231619,2025-12-08T22:06:59Z,KLM809,"42.64679,31.48554",35000,480,95
1765231621,2025-12-08T22:07:01Z,KLM809,"42.646065,31.491169",34975,480,102
1765231623,2025-12-08T22:07:03Z,KLM809,"42.645123,31.498287",35000,480,107
1765231626,2025-12-08T22:07:06Z,KLM809,"42.644501,31.506218",35000,480,95
1765231628,2025-12-08T22:07:08Z,KLM809,"42.643688,31.512447",35000,480,99
1765231630,2025-12-08T22:07:10Z,KLM809,"42.643349,31.51935",35000,480,90
1765231632,2025-12-08T22:07:12Z,KLM809,"42.642258,31.526834",35000,480,95
1765231635,2025-12-08T22:07:15Z,KLM809,"42.641403,31.533003",35000,480,101
1765231637,2025-12-08T22:07:17Z,KLM809,"42.64069,31.539938",35000,480,93
1765231639,2025-12-08T22:07:19Z,KLM809,"42.640026,31.545912",35000,480,100
1765231641,2025-12-08T22:07:21Z,KLM809,"42.639095,31.553902",35000,480,99
1765231644,2025-12-08T22:07:24Z,KLM809,"42.638214,31.561733",34975,480,98
1765231646,2025-12-08T22:07:26Z,KLM809,"42.637878,31.565254",35000,480,100
1765231648,2025-12-08T22:07:28Z,KLM809,"42.637157,31.572212",35000,480,98
1765231650,2025-12-08T22:07:30Z,KLM809,"42.636383,31.578997",34975,480,97
1765231653,2025-12-08T22:07:33Z,KLM809,"42.635536,31.585453",34975,480,103
1765231656,2025-12-08T22:07:36Z,KLM809,"42.634346,31.59553",34975,480,99
1765231658,2025-12-08T22:07:38Z,KLM809,"42.633789,31.602085",34975,480,123
1765231660,2025-12-08T22:07:40Z,KLM809,"42.63287,31.609486",34975,480,99
1765231662,2025-12-08T22:07:42Z,KLM809,"42.63427,31.615341",34975,480,64
1765231664,2025-12-08T22:07:44Z,KLM809,"42.631577,31.621267",34975,480,97
1765231666,2025-12-08T22:07:46Z,KLM809,"42.630817,31.627766",34975,480,98
1765231669,2025-12-08T22:07:49Z,KLM809,"42.629993,31.634678",34975,482,99
1765231671,2025-12-08T22:07:51Z,KLM809,"42.629208,31.642456",34975,482,103
1765231673,2025-12-08T22:07:53Z,KLM809,"42.628742,31.646873",35000,482,98
1765231675,2025-12-08T22:07:55Z,KLM809,"42.62785,31.654726",35000,482,96
1765231677,2025-12-08T22:07:57Z,KLM809,"42.627178,31.660498",35000,480,99
1765231680,2025-12-08T22:08:00Z,KLM809,"42.62648,31.6672",35000,480,98
1765231682,2025-12-08T22:08:02Z,KLM809,"42.625767,31.673265",35000,480,98
1765231684,2025-12-08T22:08:04Z,KLM809,"42.625061,31.679604",35000,480,98
1765231686,2025-12-08T22:08:06Z,KLM809,"42.624439,31.686819",35000,480,89
1765231689,2025-12-08T22:08:09Z,KLM809,"42.623554,31.694361",35000,480,95
1765231691,2025-12-08T22:08:11Z,KLM809,"42.625618,31.701921",35000,480,69
1765231693,2025-12-08T22:08:13Z,KLM809,"42.622143,31.70624",35000,480,104
1765231696,2025-12-08T22:08:16Z,KLM809,"42.621147,31.715574",35000,480,96
1765231698,2025-12-08T22:08:18Z,KLM809,"42.622917,31.72291",34975,480,59
1765231700,2025-12-08T22:08:20Z,KLM809,"42.619469,31.728231",34975,480,126
1765231703,2025-12-08T22:08:23Z,KLM809,"42.618866,31.734917",34975,480,99
1765231705,2025-12-08T22:08:25Z,KLM809,"42.618195,31.74214",34975,480,97
1765231708,2025-12-08T22:08:28Z,KLM809,"42.616989,31.75211",34975,482,100
1765231710,2025-12-08T22:08:30Z,KLM809,"42.618298,31.758213",34975,482,93
1765231713,2025-12-08T22:08:33Z,KLM809,"42.616104,31.765518",34975,482,82
1765231715,2025-12-08T22:08:35Z,KLM809,"42.615974,31.772421",35000,482,85
1765231717,2025-12-08T22:08:37Z,KLM809,"42.614174,31.778339",34975,482,126
1765231719,2025-12-08T22:08:39Z,KLM809,"42.614822,31.786364",35000,482,98
1765231721,2025-12-08T22:08:41Z,KLM809,"42.613682,31.792486",35000,482,82
1765231723,2025-12-08T22:08:43Z,KLM809,"42.6138,31.799568",35000,482,92
1765231726,2025-12-08T22:08:46Z,KLM809,"42.612202,31.805847",35000,482,101
1765231729,2025-12-08T22:08:49Z,KLM809,"42.611362,31.816473",35000,482,107
1765231733,2025-12-08T22:08:53Z,KLM809,"42.611938,31.825659",35000,482,68
1765231735,2025-12-08T22:08:55Z,KLM809,"42.60804,31.831758",35000,482,98
1765231737,2025-12-08T22:08:57Z,KLM809,"42.607304,31.83918",35000,482,97
1765231739,2025-12-08T22:08:59Z,KLM809,"42.606361,31.846886",35000,482,122
1765231743,2025-12-08T22:09:03Z,KLM809,"42.605568,31.85581",35000,482,96
1765231745,2025-12-08T22:09:05Z,KLM809,"42.605854,31.862886",35000,482,90
1765231754,2025-12-08T22:09:14Z,KLM809,"42.601425,31.891291",35000,482,100
1765231757,2025-12-08T22:09:17Z,KLM809,"42.600822,31.897226",34975,482,98
1765231759,2025-12-08T22:09:19Z,KLM809,"42.599789,31.905346",34975,484,99
1765231763,2025-12-08T22:09:23Z,KLM809,"42.600883,31.916758",35000,484,82
1765231765,2025-12-08T22:09:25Z,KLM809,"42.597847,31.923225",35000,484,97
1765231768,2025-12-08T22:09:28Z,KLM809,"42.596828,31.932159",35000,484,98
1765231770,2025-12-08T22:09:30Z,KLM809,"42.595833,31.941477",35000,484,98
1765231773,2025-12-08T22:09:33Z,KLM809,"42.595512,31.944412",35000,482,102
1765231775,2025-12-08T22:09:35Z,KLM809,"42.594658,31.950865",35000,482,99
1765231777,2025-12-08T22:09:37Z,KLM809,"42.593651,31.960571",34975,482,98
1765231779,2025-12-08T22:09:39Z,KLM809,"42.592979,31.966404",35000,482,98
1765231781,2025-12-08T22:09:41Z,KLM809,"42.592274,31.97109",35000,482,100
1765231784,2025-12-08T22:09:44Z,KLM809,"42.591576,31.976675",35000,482,104
1765231786,2025-12-08T22:09:46Z,KLM809,"42.590897,31.984243",35000,482,98
1765231788,2025-12-08T22:09:48Z,KLM809,"42.589947,31.99193",35000,482,100
1765231790,2025-12-08T22:09:50Z,KLM809,"42.589153,31.999987",34975,482,97
1765231792,2025-12-08T22:09:52Z,KLM809,"42.58844,32.005611",34975,482,98
1765231795,2025-12-08T22:09:55Z,KLM809,"42.587559,32.013161",34975,484,98
1765231797,2025-12-08T22:09:57Z,KLM809,"42.586918,32.018879",34975,484,98
1765231799,2025-12-08T22:09:59Z,KLM809,"42.586285,32.024494",34975,484,98
1765231801,2025-12-08T22:10:01Z,KLM809,"42.585617,32.030209",35000,484,98
1765231803,2025-12-08T22:10:03Z,KLM809,"42.584843,32.037617",34975,484,98
1765231806,2025-12-08T22:10:06Z,KLM809,"42.584057,32.044834",34975,484,98
1765231808,2025-12-08T22:10:08Z,KLM809,"42.583382,32.051006",34975,484,99
1765231810,2025-12-08T22:10:10Z,KLM809,"42.582764,32.056965",34975,484,98
1765231812,2025-12-08T22:10:12Z,KLM809,"42.582027,32.063457",35000,484,98
1765231844,2025-12-08T22:10:44Z,KLM809,"42.571331,32.158436",35000,486,98
1765231857,2025-12-08T22:10:57Z,KLM809,"42.566582,32.200401",34975,488,99
1765231860,2025-12-08T22:11:00Z,KLM809,"42.56588,32.206375",34975,488,100
1765231862,2025-12-08T22:11:02Z,KLM809,"42.565243,32.212624",35000,488,97
1765231864,2025-12-08T22:11:04Z,KLM809,"42.564507,32.219498",35000,488,98
1765231866,2025-12-08T22:11:06Z,KLM809,"42.563686,32.226284",35000,488,98
1765231869,2025-12-08T22:11:09Z,KLM809,"42.562824,32.233868",35000,488,99
1765231871,2025-12-08T22:11:11Z,KLM809,"42.561848,32.241966",35000,488,96
1765231873,2025-12-08T22:11:13Z,KLM809,"42.561577,32.246983",35000,488,94
1765231875,2025-12-08T22:11:15Z,KLM809,"42.56039,32.256641",34975,488,99
1765231908,2025-12-08T22:11:48Z,KLM809,"42.548641,32.354763",34975,486,99
1765231920,2025-12-08T22:12:00Z,KLM809,"42.545048,32.386093",34975,486,99
1765231922,2025-12-08T22:12:02Z,KLM809,"42.5462,32.394539",34975,486,79
1765231926,2025-12-08T22:12:06Z,KLM809,"42.544174,32.407345",35000,486,102
1765231928,2025-12-08T22:12:08Z,KLM809,"42.541973,32.414413",35000,486,102
1765231930,2025-12-08T22:12:10Z,KLM809,"42.541161,32.421421",35000,486,99
1765231933,2025-12-08T22:12:13Z,KLM809,"42.540352,32.42728",35000,486,99
1765231935,2025-12-08T22:12:15Z,KLM809,"42.539215,32.436913",35000,484,99
1765231937,2025-12-08T22:12:17Z,KLM809,"42.538647,32.440762",35000,484,99
1765231940,2025-12-08T22:12:20Z,KLM809,"42.537876,32.447567",35000,484,99
1765231942,2025-12-08T22:12:22Z,KLM809,"42.536999,32.453976",35000,484,99
1765231944,2025-12-08T22:12:24Z,KLM809,"42.536102,32.461086",35000,484,99
1765231946,2025-12-08T22:12:26Z,KLM809,"42.535519,32.466995",34975,484,99
1765231948,2025-12-08T22:12:28Z,KLM809,"42.534744,32.473103",34975,484,99
1765231951,2025-12-08T22:12:31Z,KLM809,"42.533764,32.481361",34975,484,100
1765231955,2025-12-08T22:12:35Z,KLM809,"42.532326,32.493206",34975,484,107
1765231957,2025-12-08T22:12:37Z,KLM809,"42.531364,32.502007",34975,484,99
1765231959,2025-12-08T22:12:39Z,KLM809,"42.53093,32.505997",34975,484,98
1765231962,2025-12-08T22:12:42Z,KLM809,"42.529881,32.514793",34975,484,99
1765231964,2025-12-08T22:12:44Z,KLM809,"42.529293,32.520103",34975,484,101
1765231967,2025-12-08T22:12:47Z,KLM809,"42.528748,32.526524",35000,484,91
1765231969,2025-12-08T22:12:49Z,KLM809,"42.527794,32.533886",34975,484,97
1765231971,2025-12-08T22:12:51Z,KLM809,"42.526794,32.541702",34975,484,98
1765231973,2025-12-08T22:12:53Z,KLM809,"42.525951,32.548107",34975,484,99
1765231975,2025-12-08T22:12:55Z,KLM809,"42.525341,32.553516",35000,484,98
1765231977,2025-12-08T22:12:57Z,KLM809,"42.524277,32.562714",35000,484,98
1765231980,2025-12-08T22:13:00Z,KLM809,"42.523853,32.566254",35000,484,99
1765231982,2025-12-08T22:13:02Z,KLM809,"42.523079,32.573071",35000,484,98
1765231984,2025-12-08T22:13:04Z,KLM809,"42.522049,32.580532",35000,484,99
1765231987,2025-12-08T22:13:07Z,KLM809,"42.52116,32.590679",35000,484,22
1765231990,2025-12-08T22:13:10Z,KLM809,"42.52,32.596199",35000,484,109
1765231992,2025-12-08T22:13:12Z,KLM809,"42.519386,32.604519",35000,484,93
1765231994,2025-12-08T22:13:14Z,KLM809,"42.518055,32.610947",35000,486,108
1765231997,2025-12-08T22:13:17Z,KLM809,"42.517132,32.617676",35000,486,101
1765231999,2025-12-08T22:13:19Z,KLM809,"42.516621,32.624157",34975,486,98
1765232001,2025-12-08T22:13:21Z,KLM809,"42.515388,32.633904",35000,486,99
1765232003,2025-12-08T22:13:23Z,KLM809,"42.514999,32.637405",35000,486,99
1765232005,2025-12-08T22:13:25Z,KLM809,"42.514294,32.643661",35000,486,99
1765232008,2025-12-08T22:13:28Z,KLM809,"42.51355,32.651028",34975,486,98
1765232010,2025-12-08T22:13:30Z,KLM809,"42.512718,32.658279",35000,486,98
1765232012,2025-12-08T22:13:32Z,KLM809,"42.512012,32.665119",34975,486,98
1765232015,2025-12-08T22:13:35Z,KLM809,"42.511173,32.671909",35000,486,101
1765232017,2025-12-08T22:13:37Z,KLM809,"42.509991,32.679741",35000,486,124
1765232019,2025-12-08T22:13:39Z,KLM809,"42.50946,32.686554",35000,486,96
1765232022,2025-12-08T22:13:42Z,KLM809,"42.508167,32.693478",35000,486,103
1765232024,2025-12-08T22:13:44Z,KLM809,"42.507759,32.699127",35000,486,100
1765232027,2025-12-08T22:13:47Z,KLM809,"42.506725,32.706898",35000,486,100
1765232029,2025-12-08T22:13:49Z,KLM809,"42.505905,32.714638",35000,486,99
1765232031,2025-12-08T22:13:51Z,KLM809,"42.505203,32.721157",34975,486,99
1765232033,2025-12-08T22:13:53Z,KLM809,"42.504303,32.728489",34975,486,99
1765232036,2025-12-08T22:13:56Z,KLM809,"42.50338,32.736076",34975,486,99
1765232038,2025-12-08T22:13:58Z,KLM809,"42.502682,32.742348",34975,486,99
1765232040,2025-12-08T22:14:00Z,KLM809,"42.502174,32.74733",35000,486,98
1765232043,2025-12-08T22:14:03Z,KLM809,"42.501049,32.754879",34975,486,106
1765232045,2025-12-08T22:14:05Z,KLM809,"42.500256,32.762131",35000,486,99
1765232047,2025-12-08T22:14:07Z,KLM809,"42.499489,32.769733",34975,488,98
1765232049,2025-12-08T22:14:09Z,KLM809,"42.498604,32.776882",35000,488,98
1765232052,2025-12-08T22:14:12Z,KLM809,"42.497929,32.782833",35000,488,98
1765232054,2025-12-08T22:14:14Z,KLM809,"42.49712,32.789467",35000,488,99
1765232056,2025-12-08T22:14:16Z,KLM809,"42.496414,32.795811",35000,488,98
1765232058,2025-12-08T22:14:18Z,KLM809,"42.495598,32.802937",35000,488,98
1765232061,2025-12-08T22:14:21Z,KLM809,"42.494724,32.810848",35000,488,98
1765232063,2025-12-08T22:14:23Z,KLM809,"42.493916,32.817104",35000,488,99
1765232065,2025-12-08T22:14:25Z,KLM809,"42.493191,32.823242",35000,488,99
1765232068,2025-12-08T22:14:28Z,KLM809,"42.491993,32.832352",35000,488,100
1765232070,2025-12-08T22:14:30Z,KLM809,"42.491508,32.836624",35000,488,99
1765232072,2025-12-08T22:14:32Z,KLM809,"42.490944,32.84296",35000,488,98
1765232081,2025-12-08T22:14:41Z,KLM809,"42.487457,32.871624",34975,488,94
1765232083,2025-12-08T22:14:43Z,KLM809,"42.486614,32.879173",34975,488,98
1765232086,2025-12-08T22:14:46Z,KLM809,"42.485538,32.884346",34975,488,110
1765232088,2025-12-08T22:14:48Z,KLM809,"42.484943,32.892265",35000,488,95
1765232090,2025-12-08T22:14:50Z,KLM809,"42.484081,32.898552",35000,488,99
1765232093,2025-12-08T22:14:53Z,KLM809,"42.483143,32.90593",35000,488,99
1765232095,2025-12-08T22:14:55Z,KLM809,"42.482334,32.913372",34975,488,99
1765232098,2025-12-08T22:14:58Z,KLM809,"42.481388,32.920647",35000,488,99
1765232100,2025-12-08T22:15:00Z,KLM809,"42.48101,32.928379",35000,488,89
1765232103,2025-12-08T22:15:03Z,KLM809,"42.479923,32.934895",34975,488,95
1765232105,2025-12-08T22:15:05Z,KLM809,"42.478821,32.943245",34975,488,99
1765232107,2025-12-08T22:15:07Z,KLM809,"42.477993,32.950039",35000,488,99
1765232110,2025-12-08T22:15:10Z,KLM809,"42.477375,32.955872",35000,488,99
1765232112,2025-12-08T22:15:12Z,KLM809,"42.476643,32.962639",34975,488,98
1765232114,2025-12-08T22:15:14Z,KLM809,"42.475655,32.96978",34975,488,104
1765232116,2025-12-08T22:15:16Z,KLM809,"42.474842,32.977669",35000,488,98
1765232119,2025-12-08T22:15:19Z,KLM809,"42.473934,32.984306",35000,488,99
1765232121,2025-12-08T22:15:21Z,KLM809,"42.473087,32.99065",35000,488,100
1765232123,2025-12-08T22:15:23Z,KLM809,"42.471584,32.999596",34975,488,104
1765232125,2025-12-08T22:15:25Z,KLM809,"42.471603,33.004375",34975,490,102
1765232128,2025-12-08T22:15:28Z,KLM809,"42.470737,33.010746",34975,490,99
1765232130,2025-12-08T22:15:30Z,KLM809,"42.470066,33.016842",34975,490,99
1765232132,2025-12-08T22:15:32Z,KLM809,"42.469074,33.024635",35000,490,99
1765232134,2025-12-08T22:15:34Z,KLM809,"42.468403,33.03056",35000,490,99
1765232136,2025-12-08T22:15:36Z,KLM809,"42.467381,33.038239",35000,490,99
1765232139,2025-12-08T22:15:39Z,KLM809,"42.466652,33.044418",35000,490,99
1765232141,2025-12-08T22:15:41Z,KLM809,"42.465759,33.051533",35000,490,99
1765232143,2025-12-08T22:15:43Z,KLM809,"42.464989,33.058887",35000,490,98
1765232145,2025-12-08T22:15:45Z,KLM809,"42.464413,33.064339",35000,490,100
1765232148,2025-12-08T22:15:48Z,KLM809,"42.46312,33.072468",35000,490,101
1765232150,2025-12-08T22:15:50Z,KLM809,"42.462677,33.078072",35000,490,99
1765232152,2025-12-08T22:15:52Z,KLM809,"42.461685,33.085949",35000,490,99
1765232155,2025-12-08T22:15:55Z,KLM809,"42.461128,33.091621",35000,488,98
1765232165,2025-12-08T22:16:05Z,KLM809,"42.45705,33.124687",34975,488,97
1765232168,2025-12-08T22:16:08Z,KLM809,"42.455872,33.134232",34975,488,98
1765232170,2025-12-08T22:16:10Z,KLM809,"42.45546,33.13773",34975,488,98
1765232172,2025-12-08T22:16:12Z,KLM809,"42.454437,33.145271",34975,488,99
1765232187,2025-12-08T22:16:27Z,KLM809,"42.448769,33.188957",35000,486,105
1765232189,2025-12-08T22:16:29Z,KLM809,"42.448116,33.196144",34975,486,103
1765232191,2025-12-08T22:16:31Z,KLM809,"42.447155,33.203732",35000,486,101
1765232193,2025-12-08T22:16:33Z,KLM809,"42.446533,33.209564",34975,486,96
1765232196,2025-12-08T22:16:36Z,KLM809,"42.445728,33.215797",34975,486,99
1765232198,2025-12-08T22:16:38Z,KLM809,"42.44524,33.221581",35000,486,97
1765232200,2025-12-08T22:16:40Z,KLM809,"42.44363,33.229702",35000,486,104
1765232203,2025-12-08T22:16:43Z,KLM809,"42.442966,33.238239",35000,486,101
1765232206,2025-12-08T22:16:46Z,KLM809,"42.441521,33.24799",35000,486,101
1765232208,2025-12-08T22:16:48Z,KLM809,"42.441101,33.254055",34975,486,97
1765232211,2025-12-08T22:16:51Z,KLM809,"42.440212,33.259476",35000,486,101
1765232213,2025-12-08T22:16:53Z,KLM809,"42.439301,33.267067",34975,486,100
1765232215,2025-12-08T22:16:55Z,KLM809,"42.438656,33.273018",35000,486,98
1765232217,2025-12-08T22:16:57Z,KLM809,"42.437744,33.280457",35000,486,97
1765232219,2025-12-08T22:16:59Z,KLM809,"42.437103,33.286495",35000,486,98
1765232222,2025-12-08T22:17:02Z,KLM809,"42.435654,33.296455",35000,486,99
1765232224,2025-12-08T22:17:04Z,KLM809,"42.435162,33.301506",35000,486,94
1765232226,2025-12-08T22:17:06Z,KLM809,"42.434292,33.308342",35000,486,95
1765232229,2025-12-08T22:17:09Z,KLM809,"42.433537,33.315075",35000,486,91
1765232232,2025-12-08T22:17:12Z,KLM809,"42.432564,33.3232",35000,486,97
1765232234,2025-12-08T22:17:14Z,KLM809,"42.431339,33.330868",34975,486,100
1765232236,2025-12-08T22:17:16Z,KLM809,"42.430538,33.336601",34975,486,100
1765232238,2025-12-08T22:17:18Z,KLM809,"42.429626,33.343807",34975,486,100
1765232241,2025-12-08T22:17:21Z,KLM809,"42.428963,33.349789",35000,486,99
1765232243,2025-12-08T22:17:23Z,KLM809,"42.427982,33.357758",34975,486,99
1765232245,2025-12-08T22:17:25Z,KLM809,"42.427296,33.36351",34975,486,99
1765232247,2025-12-08T22:17:27Z,KLM809,"42.426281,33.372101",35000,486,99
1765232249,2025-12-08T22:17:29Z,KLM809,"42.425823,33.37603",35000,486,99
1765232252,2025-12-08T22:17:32Z,KLM809,"42.424904,33.383717",34975,486,99
1765232254,2025-12-08T22:17:34Z,KLM809,"42.42382,33.39101",35000,486,111
1765232256,2025-12-08T22:17:36Z,KLM809,"42.422779,33.398716",35000,486,109
1765232258,2025-12-08T22:17:38Z,KLM809,"42.422417,33.403641",35000,486,100
1765232260,2025-12-08T22:17:40Z,KLM809,"42.421848,33.408634",35000,486,97
1765232263,2025-12-08T22:17:43Z,KLM809,"42.421078,33.415779",35000,486,97
1765232265,2025-12-08T22:17:45Z,KLM809,"42.419979,33.42355",34975,486,100
1765232267,2025-12-08T22:17:47Z,KLM809,"42.419312,33.429821",35000,486,98
1765232269,2025-12-08T22:17:49Z,KLM809,"42.418221,33.437962",35000,486,99
1765232272,2025-12-08T22:17:52Z,KLM809,"42.417358,33.444809",34975,486,99
1765232274,2025-12-08T22:17:54Z,KLM809,"42.416576,33.450954",35000,486,99
1765232276,2025-12-08T22:17:56Z,KLM809,"42.415436,33.458248",35000,486,102
1765232279,2025-12-08T22:17:59Z,KLM809,"42.414734,33.463657",35000,486,101
1765232281,2025-12-08T22:18:01Z,KLM809,"42.413784,33.471695",35000,486,100
1765232283,2025-12-08T22:18:03Z,KLM809,"42.412956,33.47942",34975,486,96
1765232286,2025-12-08T22:18:06Z,KLM809,"42.411816,33.486469",34975,486,99
1765232288,2025-12-08T22:18:08Z,KLM809,"42.410732,33.492138",34975,486,107
1765232290,2025-12-08T22:18:10Z,KLM809,"42.409935,33.49966",34975,486,102
1765232292,2025-12-08T22:18:12Z,KLM809,"42.409283,33.506176",34975,486,113
1765232294,2025-12-08T22:18:14Z,KLM809,"42.408581,33.512672",34975,486,106
1765232297,2025-12-08T22:18:17Z,KLM809,"42.407791,33.517502",35000,486,111
1765232299,2025-12-08T22:18:19Z,KLM809,"42.406906,33.524441",34975,486,100
1765232301,2025-12-08T22:18:21Z,KLM809,"42.406113,33.530914",34975,486,99
1765232303,2025-12-08T22:18:23Z,KLM809,"42.40538,33.53796",35000,486,99
1765232305,2025-12-08T22:18:25Z,KLM809,"42.404083,33.546383",35000,486,103
1765232308,2025-12-08T22:18:28Z,KLM809,"42.403728,33.550724",34975,486,99
1765232310,2025-12-08T22:18:30Z,KLM809,"42.402794,33.558762",35000,486,98
1765232313,2025-12-08T22:18:33Z,KLM809,"42.402164,33.565014",34975,486,88
1765232315,2025-12-08T22:18:35Z,KLM809,"42.401222,33.57193",34975,486,99
1765232317,2025-12-08T22:18:37Z,KLM809,"42.400181,33.579746",34975,486,100
1765232319,2025-12-08T22:18:39Z,KLM809,"42.399227,33.587887",35000,486,99
1765232322,2025-12-08T22:18:42Z,KLM809,"42.398338,33.593395",34975,486,100
1765232324,2025-12-08T22:18:44Z,KLM809,"42.39735,33.600315",34975,486,100
1765232326,2025-12-08T22:18:46Z,KLM809,"42.396858,33.605274",34975,486,99
1765232328,2025-12-08T22:18:48Z,KLM809,"42.395889,33.612553",34975,486,99
1765232330,2025-12-08T22:18:50Z,KLM809,"42.394836,33.61861",35000,486,104
1765232334,2025-12-08T22:18:54Z,KLM809,"42.393791,33.629307",34975,486,98
1765232336,2025-12-08T22:18:56Z,KLM809,"42.392933,33.636372",34975,486,98
1765232338,2025-12-08T22:18:58Z,KLM809,"42.391937,33.642601",35000,486,101
1765232340,2025-12-08T22:19:00Z,KLM809,"42.391327,33.648415",35000,486,92
1765232343,2025-12-08T22:19:03Z,KLM809,"42.390533,33.655182",35000,486,97
1765232345,2025-12-08T22:19:05Z,KLM809,"42.389542,33.662113",35000,486,100
1765232347,2025-12-08T22:19:07Z,KLM809,"42.388607,33.669712",35000,486,99
1765232349,2025-12-08T22:19:09Z,KLM809,"42.387611,33.677452",34975,486,98
1765232352,2025-12-08T22:19:12Z,KLM809,"42.386707,33.683384",35000,486,102
1765232354,2025-12-08T22:19:14Z,KLM809,"42.385983,33.690228",35000,486,96
1765232356,2025-12-08T22:19:16Z,KLM809,"42.384552,33.699238",34975,488,100
1765232359,2025-12-08T22:19:19Z,KLM809,"42.384033,33.703781",35000,488,100
1765232361,2025-12-08T22:19:21Z,KLM809,"42.383209,33.710011",35000,488,110
1765232364,2025-12-08T22:19:24Z,KLM809,"42.382671,33.717525",35000,488,97
1765232366,2025-12-08T22:19:26Z,KLM809,"42.381401,33.72514",35000,488,100
1765232368,2025-12-08T22:19:28Z,KLM809,"42.380497,33.731148",35000,488,100
1765232370,2025-12-08T22:19:30Z,KLM809,"42.379681,33.737282",35000,488,100
1765232373,2025-12-08T22:19:33Z,KLM809,"42.378605,33.745708",35000,488,100
1765232375,2025-12-08T22:19:35Z,KLM809,"42.377792,33.75309",35000,488,99
1765232378,2025-12-08T22:19:38Z,KLM809,"42.376854,33.760628",35000,488,99
1765232380,2025-12-08T22:19:40Z,KLM809,"42.375912,33.767029",35000,488,100
1765232382,2025-12-08T22:19:42Z,KLM809,"42.374992,33.774323",35000,488,99
1765232385,2025-12-08T22:19:45Z,KLM809,"42.374023,33.781437",35000,488,100
1765232387,2025-12-08T22:19:47Z,KLM809,"42.373188,33.788338",35000,488,99
1765232389,2025-12-08T22:19:49Z,KLM809,"42.372227,33.79599",35000,488,99
1765232422,2025-12-08T22:20:22Z,KLM809,"42.359898,33.892151",35000,490,99
1765232454,2025-12-08T22:20:54Z,KLM809,"42.347153,33.989937",34975,492,100
1765232473,2025-12-08T22:21:13Z,KLM809,"42.346397,34.043285",35000,494,50
1765232476,2025-12-08T22:21:16Z,KLM809,"42.338337,34.057076",35000,494,100
1765232478,2025-12-08T22:21:18Z,KLM809,"42.337128,34.065151",35000,494,101
1765232481,2025-12-08T22:21:21Z,KLM809,"42.336487,34.07061",35000,494,100
1765232483,2025-12-08T22:21:23Z,KLM809,"42.335728,34.07671",35000,494,100
1765232485,2025-12-08T22:21:25Z,KLM809,"42.334755,34.08482",35000,494,99
1765232487,2025-12-08T22:21:27Z,KLM809,"42.334023,34.090996",35000,494,101
1765232489,2025-12-08T22:21:29Z,KLM809,"42.332745,34.100193",35000,494,99
1765232492,2025-12-08T22:21:32Z,KLM809,"42.332096,34.104446",35000,494,100
1765232494,2025-12-08T22:21:34Z,KLM809,"42.33128,34.110901",34975,494,100
1765232496,2025-12-08T22:21:36Z,KLM809,"42.330368,34.117363",35000,494,100
1765232498,2025-12-08T22:21:38Z,KLM809,"42.329453,34.124512",35000,494,100
1765232500,2025-12-08T22:21:40Z,KLM809,"42.328442,34.131783",35000,494,100
1765232503,2025-12-08T22:21:43Z,KLM809,"42.327545,34.138271",35000,494,100
1765232533,2025-12-08T22:22:13Z,KLM809,"42.315186,34.230976",35000,496,100
1765232542,2025-12-08T22:22:22Z,KLM809,"42.311489,34.258038",35000,498,114
1765232544,2025-12-08T22:22:24Z,KLM809,"42.310505,34.264706",34975,498,100
1765232547,2025-12-08T22:22:27Z,KLM809,"42.309635,34.271416",35000,498,100
1765232549,2025-12-08T22:22:29Z,KLM809,"42.308697,34.279095",34975,498,99
1765232551,2025-12-08T22:22:31Z,KLM809,"42.307873,34.286041",34975,498,99
1765232554,2025-12-08T22:22:34Z,KLM809,"42.306988,34.293095",35000,498,99
1765232556,2025-12-08T22:22:36Z,KLM809,"42.305874,34.301132",34975,498,99
1765232558,2025-12-08T22:22:38Z,KLM809,"42.305149,34.306835",35000,496,99
1765232561,2025-12-08T22:22:41Z,KLM809,"42.304111,34.314644",35000,496,99
1765232563,2025-12-08T22:22:43Z,KLM809,"42.303185,34.322083",35000,496,99
1765232565,2025-12-08T22:22:45Z,KLM809,"42.30246,34.329056",34975,496,99
1765232568,2025-12-08T22:22:48Z,KLM809,"42.301628,34.336445",34975,496,99
1765232570,2025-12-08T22:22:50Z,KLM809,"42.301117,34.34243",34975,496,98
1765232572,2025-12-08T22:22:52Z,KLM809,"42.300415,34.350243",35000,496,97
1765232582,2025-12-08T22:23:02Z,KLM809,"42.295853,34.380203",35000,496,95
1765232584,2025-12-08T22:23:04Z,KLM809,"42.295006,34.38633",35000,496,98
1765232586,2025-12-08T22:23:06Z,KLM809,"42.294399,34.392426",35000,496,97
1765232589,2025-12-08T22:23:09Z,KLM809,"42.293144,34.400028",34975,496,99
1765232591,2025-12-08T22:23:11Z,KLM809,"42.292122,34.406998",34975,496,100
1765232593,2025-12-08T22:23:13Z,KLM809,"42.291088,34.414925",35000,494,100
1765232596,2025-12-08T22:23:16Z,KLM809,"42.290108,34.421078",35000,494,100
1765232598,2025-12-08T22:23:18Z,KLM809,"42.289116,34.42823",35000,494,100
1765232601,2025-12-08T22:23:21Z,KLM809,"42.288319,34.434216",34975,494,100
1765232603,2025-12-08T22:23:23Z,KLM809,"42.286324,34.445572",34975,494,101
1765232605,2025-12-08T22:23:25Z,KLM809,"42.285725,34.449364",34975,494,101
1765232607,2025-12-08T22:23:27Z,KLM809,"42.284409,34.458626",34975,494,101
1765232612,2025-12-08T22:23:32Z,KLM809,"42.282696,34.472515",34975,494,99
1765232638,2025-12-08T22:23:58Z,KLM809,"42.273422,34.549675",34975,498,99
1765232640,2025-12-08T22:24:00Z,KLM809,"42.270859,34.55645",35000,498,116
1765232658,2025-12-08T22:24:18Z,KLM809,"42.26516,34.609589",35000,500,98
1765232661,2025-12-08T22:24:21Z,KLM809,"42.262897,34.622879",35000,500,102
1765232708,2025-12-08T22:25:08Z,KLM809,"42.243927,34.764175",35000,498,100
1765232861,2025-12-08T22:27:41Z,KLM809,"42.176529,35.233383",34975,496,101
1765232866,2025-12-08T22:27:46Z,KLM809,"42.175747,35.245335",34975,496,100
1765232868,2025-12-08T22:27:48Z,KLM809,"42.174286,35.252979",35000,494,102
1765232871,2025-12-08T22:27:51Z,KLM809,"42.173111,35.258663",34975,494,123
1765233093,2025-12-08T22:31:33Z,KLM809,"42.074196,35.931248",35000,496,97
1765233095,2025-12-08T22:31:35Z,KLM809,"42.073444,35.936958",34975,496,99
1765233098,2025-12-08T22:31:38Z,KLM809,"42.072262,35.944057",35000,496,101
1765233107,2025-12-08T22:31:47Z,KLM809,"42.067341,35.975121",35000,496,102
1765233109,2025-12-08T22:31:49Z,KLM809,"42.067051,35.9781",34975,496,102
1765233112,2025-12-08T22:31:52Z,KLM809,"42.06583,35.98637",34975,496,100
1765233114,2025-12-08T22:31:54Z,KLM809,"42.06459,35.994816",34975,496,100
1765233117,2025-12-08T22:31:57Z,KLM809,"42.065182,35.999775",35000,496,99
1765233119,2025-12-08T22:31:59Z,KLM809,"42.062107,36.008999",35000,496,101
1765233121,2025-12-08T22:32:01Z,KLM809,"42.061489,36.015865",35000,496,98
1765233124,2025-12-08T22:32:04Z,KLM809,"42.06028,36.023308",35000,496,100
1765233126,2025-12-08T22:32:06Z,KLM809,"42.059132,36.030376",35000,496,100
1765233128,2025-12-08T22:32:08Z,KLM809,"42.057922,36.038548",35000,496,101
1765233131,2025-12-08T22:32:11Z,KLM809,"42.05703,36.044888",35000,496,101
1765233134,2025-12-08T22:32:14Z,KLM809,"42.056137,36.051334",35000,496,100
1765233136,2025-12-08T22:32:16Z,KLM809,"42.054222,36.063198",35000,496,101
1765233138,2025-12-08T22:32:18Z,KLM809,"42.053722,36.066345",35000,496,101
1765233142,2025-12-08T22:32:22Z,KLM809,"42.052357,36.075653",35000,496,98
1765233144,2025-12-08T22:32:24Z,KLM809,"42.051315,36.083164",35000,496,100
1765233146,2025-12-08T22:32:26Z,KLM809,"42.050285,36.090027",35000,496,100
1765233149,2025-12-08T22:32:29Z,KLM809,"42.049191,36.097656",35000,496,100
1765233151,2025-12-08T22:32:31Z,KLM809,"42.048237,36.104153",34975,494,100
1765233160,2025-12-08T22:32:40Z,KLM809,"42.0439,36.131783",35000,494,101
1765233165,2025-12-08T22:32:45Z,KLM809,"42.04203,36.147293",34975,494,95
1765233170,2025-12-08T22:32:50Z,KLM809,"42.038517,36.166309",34975,494,103
1765233173,2025-12-08T22:32:53Z,KLM809,"42.037983,36.170578",34975,494,100
1765233175,2025-12-08T22:32:55Z,KLM809,"42.037136,36.176067",34975,494,102
1765233177,2025-12-08T22:32:57Z,KLM809,"42.035763,36.184174",34975,494,102
1765233179,2025-12-08T22:32:59Z,KLM809,"42.035015,36.190037",34975,494,101
1765233181,2025-12-08T22:33:01Z,KLM809,"42.033848,36.197739",34975,494,101
1765233184,2025-12-08T22:33:04Z,KLM809,"42.033073,36.203369",34975,494,101
1765233186,2025-12-08T22:33:06Z,KLM809,"42.031963,36.211285",35000,494,100
1765233188,2025-12-08T22:33:08Z,KLM809,"42.031116,36.21722",34975,494,100
1765233191,2025-12-08T22:33:11Z,KLM809,"42.030121,36.223831",35000,494,101
1765233193,2025-12-08T22:33:13Z,KLM809,"42.028923,36.231964",35000,494,101
1765233226,2025-12-08T22:33:46Z,KLM809,"42.013874,36.330879",34975,494,102
1765233258,2025-12-08T22:34:18Z,KLM809,"41.99918,36.427147",35000,494,101
1765233289,2025-12-08T22:34:49Z,KLM809,"41.985085,36.520615",34975,494,101
1765233294,2025-12-08T22:34:54Z,KLM809,"41.98304,36.532822",35000,494,109
1765233296,2025-12-08T22:34:56Z,KLM809,"41.981964,36.541096",35000,494,101
1765233298,2025-12-08T22:34:58Z,KLM809,"41.981155,36.547089",35000,494,101
1765233300,2025-12-08T22:35:00Z,KLM809,"41.980289,36.553371",35000,494,100
1765233303,2025-12-08T22:35:03Z,KLM809,"41.978981,36.561115",35000,494,101
1765233305,2025-12-08T22:35:05Z,KLM809,"41.977879,36.568089",34975,494,101
1765233308,2025-12-08T22:35:08Z,KLM809,"41.976608,36.576248",35000,492,101
1765233311,2025-12-08T22:35:11Z,KLM809,"41.975403,36.583443",35000,492,102
1765233313,2025-12-08T22:35:13Z,KLM809,"41.974098,36.592163",35000,492,101
1765233315,2025-12-08T22:35:15Z,KLM809,"41.973408,36.597439",34975,492,101
1765233317,2025-12-08T22:35:17Z,KLM809,"41.972645,36.605534",35000,492,96
1765233319,2025-12-08T22:35:19Z,KLM809,"41.971706,36.610153",34975,492,101
1765233322,2025-12-08T22:35:22Z,KLM809,"41.970886,36.61594",35000,492,101
1765233324,2025-12-08T22:35:24Z,KLM809,"41.96883,36.624763",34975,492,110
1765233326,2025-12-08T22:35:26Z,KLM809,"41.968048,36.631428",34975,492,94
1765233329,2025-12-08T22:35:29Z,KLM809,"41.967228,36.638226",34975,492,99
1765233331,2025-12-08T22:35:31Z,KLM809,"41.966156,36.644646",34975,492,101
1765233333,2025-12-08T22:35:33Z,KLM809,"41.965118,36.652",34975,492,100
1765233336,2025-12-08T22:35:36Z,KLM809,"41.963974,36.659313",34975,492,101
1765233338,2025-12-08T22:35:38Z,KLM809,"41.963078,36.665157",34975,492,101
1765233340,2025-12-08T22:35:40Z,KLM809,"41.961861,36.671661",34975,492,102
1765233342,2025-12-08T22:35:42Z,KLM809,"41.960575,36.678726",34975,492,102
1765233344,2025-12-08T22:35:44Z,KLM809,"41.959526,36.684643",34975,492,102
1765233347,2025-12-08T22:35:47Z,KLM809,"41.958549,36.691353",35000,492,102
1765233349,2025-12-08T22:35:49Z,KLM809,"41.95731,36.699333",35000,492,101
1765233351,2025-12-08T22:35:51Z,KLM809,"41.956383,36.705498",35000,492,101
1765233353,2025-12-08T22:35:53Z,KLM809,"41.955368,36.711735",35000,492,101
1765233356,2025-12-08T22:35:56Z,KLM809,"41.95425,36.718159",35000,494,102
1765233389,2025-12-08T22:36:29Z,KLM809,"41.938812,36.816807",34975,494,101
1765233420,2025-12-08T22:37:00Z,KLM809,"41.923649,36.911705",35000,494,101
1765233439,2025-12-08T22:37:19Z,KLM809,"41.914726,36.97065",35000,494,109
1765233442,2025-12-08T22:37:22Z,KLM809,"41.913998,36.976418",35000,494,110
1765233444,2025-12-08T22:37:24Z,KLM809,"41.91304,36.984661",35000,494,101
1765233447,2025-12-08T22:37:27Z,KLM809,"41.91214,36.990147",35000,496,94
1765233449,2025-12-08T22:37:29Z,KLM809,"41.910889,36.998528",35000,496,99
1765233451,2025-12-08T22:37:31Z,KLM809,"41.910149,37.003838",34975,496,100
1765233453,2025-12-08T22:37:33Z,KLM809,"41.9095,37.010658",35000,496,104
1765233455,2025-12-08T22:37:35Z,KLM809,"41.908054,37.020172",35000,496,103
1765233458,2025-12-08T22:37:38Z,KLM809,"41.907661,37.024693",34975,498,100
1765233460,2025-12-08T22:37:40Z,KLM809,"41.906818,37.031555",34975,498,98
1765233462,2025-12-08T22:37:42Z,KLM809,"41.905968,37.040371",34975,498,97
1765233465,2025-12-08T22:37:45Z,KLM809,"41.905369,37.046391",34975,498,97
1765233467,2025-12-08T22:37:47Z,KLM809,"41.904652,37.054779",34975,498,97
1765233470,2025-12-08T22:37:50Z,KLM809,"41.904007,37.061539",35000,498,97
1765233472,2025-12-08T22:37:52Z,KLM809,"41.903606,37.068069",35000,498,96
1765233474,2025-12-08T22:37:54Z,KLM809,"41.903046,37.076591",35000,500,95
1765233477,2025-12-08T22:37:57Z,KLM809,"41.902802,37.082668",35000,500,94
1765233479,2025-12-08T22:37:59Z,KLM809,"41.9025,37.090263",35000,500,94
1765233481,2025-12-08T22:38:01Z,KLM809,"41.902306,37.096138",35000,500,93
1765233483,2025-12-08T22:38:03Z,KLM809,"41.902081,37.101551",35000,500,93
1765233485,2025-12-08T22:38:05Z,KLM809,"41.901833,37.108097",35000,500,93
1765233505,2025-12-08T22:38:25Z,KLM809,"41.90176,37.171207",34975,500,84
1765233508,2025-12-08T22:38:28Z,KLM809,"41.901291,37.17947",34975,500,83
1765233510,2025-12-08T22:38:30Z,KLM809,"41.901024,37.185417",34975,500,84
1765233512,2025-12-08T22:38:32Z,KLM809,"41.900864,37.193661",35000,500,89
1765233515,2025-12-08T22:38:35Z,KLM809,"41.900719,37.201633",35000,500,90
1765233517,2025-12-08T22:38:37Z,KLM809,"41.900761,37.206802",34975,500,90
1765233519,2025-12-08T22:38:39Z,KLM809,"41.900696,37.214569",34975,500,90
1765233521,2025-12-08T22:38:41Z,KLM809,"41.900612,37.220623",35000,500,90
1765233524,2025-12-08T22:38:44Z,KLM809,"41.900501,37.228443",34975,500,90
1765233526,2025-12-08T22:38:46Z,KLM809,"41.900299,37.234482",35000,500,91
1765233528,2025-12-08T22:38:48Z,KLM809,"41.900265,37.242409",35000,500,90
1765233530,2025-12-08T22:38:50Z,KLM809,"41.900227,37.248543",34975,500,90
1765233533,2025-12-08T22:38:53Z,KLM809,"41.900166,37.255886",35000,500,90
1765233535,2025-12-08T22:38:55Z,KLM809,"41.90012,37.262486",35000,500,90
1765233566,2025-12-08T22:39:26Z,KLM809,"41.898731,37.358772",35000,500,90
1765233598,2025-12-08T22:39:58Z,KLM809,"41.897308,37.456764",35000,500,91
1765233630,2025-12-08T22:40:30Z,KLM809,"41.895828,37.556293",35000,500,85
1765233639,2025-12-08T22:40:39Z,KLM809,"41.895142,37.584679",35000,500,91
1765233641,2025-12-08T22:40:41Z,KLM809,"41.895065,37.591446",35000,498,91
1765233643,2025-12-08T22:40:43Z,KLM809,"41.894924,37.59864",34975,498,91
1765233645,2025-12-08T22:40:45Z,KLM809,"41.894836,37.604744",34975,498,91
1765233648,2025-12-08T22:40:48Z,KLM809,"41.89465,37.6124",34975,498,91
1765233650,2025-12-08T22:40:50Z,KLM809,"41.894619,37.618771",35000,498,91
1765233652,2025-12-08T22:40:52Z,KLM809,"41.894646,37.626442",34975,498,90
1765233654,2025-12-08T22:40:54Z,KLM809,"41.894562,37.632973",34975,498,90
1765233668,2025-12-08T22:41:08Z,KLM809,"41.892872,37.672855",35000,496,105
1765233670,2025-12-08T22:41:10Z,KLM809,"41.893353,37.679371",34975,496,82
1765233678,2025-12-08T22:41:18Z,KLM809,"41.890457,37.716049",35000,496,96
1765233680,2025-12-08T22:41:20Z,KLM809,"41.892784,37.710693",35000,496,83
1765233682,2025-12-08T22:41:22Z,KLM809,"41.892262,37.717445",35000,496,94
1765233685,2025-12-08T22:41:25Z,KLM809,"41.892208,37.724739",34975,496,92
1765233687,2025-12-08T22:41:27Z,KLM809,"41.892056,37.731552",35000,496,91
1765233689,2025-12-08T22:41:29Z,KLM809,"41.89188,37.737942",35000,496,91
1765233691,2025-12-08T22:41:31Z,KLM809,"41.891861,37.745583",35000,496,91
1765233694,2025-12-08T22:41:34Z,KLM809,"41.891785,37.751228",35000,496,91
1765233696,2025-12-08T22:41:36Z,KLM809,"41.891705,37.75948",35000,496,91
1765233698,2025-12-08T22:41:38Z,KLM809,"41.891582,37.766064",34975,496,91
1765233700,2025-12-08T22:41:40Z,KLM809,"41.891438,37.772572",34975,496,91
1765233702,2025-12-08T22:41:42Z,KLM809,"41.891296,37.778713",35000,496,91
1765233704,2025-12-08T22:41:44Z,KLM809,"41.891228,37.785915",35000,496,91
1765233706,2025-12-08T22:41:46Z,KLM809,"41.89119,37.791702",35000,496,91
1765233709,2025-12-08T22:41:49Z,KLM809,"41.891106,37.799713",34975,496,90
1765233736,2025-12-08T22:42:16Z,KLM809,"41.889404,37.884171",35000,498,94
1765233739,2025-12-08T22:42:19Z,KLM809,"41.889175,37.891975",35000,498,91
1765233741,2025-12-08T22:42:21Z,KLM809,"41.889179,37.897106",35000,498,90
1765233743,2025-12-08T22:42:23Z,KLM809,"41.889126,37.90538",35000,498,90
1765233746,2025-12-08T22:42:26Z,KLM809,"41.888744,37.911922",35000,498,94
1765233748,2025-12-08T22:42:28Z,KLM809,"41.888569,37.920486",35000,498,92
1765233751,2025-12-08T22:42:31Z,KLM809,"41.888336,37.92807",35000,498,92
1765233753,2025-12-08T22:42:33Z,KLM809,"41.888187,37.935787",34975,498,92
1765233755,2025-12-08T22:42:35Z,KLM809,"41.888058,37.941444",34975,498,91
1765233757,2025-12-08T22:42:37Z,KLM809,"41.887913,37.94836",35000,498,91
1765233760,2025-12-08T22:42:40Z,KLM809,"41.88776,37.955944",35000,498,91
1765233762,2025-12-08T22:42:42Z,KLM809,"41.887669,37.963139",35000,498,91
1765233765,2025-12-08T22:42:45Z,KLM809,"41.88763,37.970051",35000,498,91
1765233771,2025-12-08T22:42:51Z,KLM809,"41.887386,37.991535",34975,498,81
1765233774,2025-12-08T22:42:54Z,KLM809,"41.887035,37.997871",34975,498,92
1765233776,2025-12-08T22:42:56Z,KLM809,"41.887024,38.006081",34975,498,91
1765233778,2025-12-08T22:42:58Z,KLM809,"41.88678,38.012955",34975,498,91
1765233780,2025-12-08T22:43:00Z,KLM809,"41.886589,38.020691",35000,498,91
1765233783,2025-12-08T22:43:03Z,KLM809,"41.88649,38.026474",35000,498,91
1765233785,2025-12-08T22:43:05Z,KLM809,"41.886467,38.032661",34975,498,91
1765233787,2025-12-08T22:43:07Z,KLM809,"41.886299,38.040127",34975,498,91
1765233790,2025-12-08T22:43:10Z,KLM809,"41.886162,38.046917",34975,498,91
1765233792,2025-12-08T22:43:12Z,KLM809,"41.886097,38.053997",35000,498,91
1765233794,2025-12-08T22:43:14Z,KLM809,"41.885925,38.060509",35000,498,91
1765233796,2025-12-08T22:43:16Z,KLM809,"41.885803,38.067394",34975,498,91
1765233798,2025-12-08T22:43:18Z,KLM809,"41.885601,38.076057",35000,498,91
1765233801,2025-12-08T22:43:21Z,KLM809,"41.885384,38.083004",35000,498,91
1765233833,2025-12-08T22:43:53Z,KLM809,"41.883339,38.181931",34975,498,91
1765233865,2025-12-08T22:44:25Z,KLM809,"41.88084,38.280968",35000,500,92
1765233896,2025-12-08T22:44:56Z,KLM809,"41.878555,38.376598",35000,500,91
1765233929,2025-12-08T22:45:29Z,KLM809,"41.875767,38.477676",35000,500,91
1765233959,2025-12-08T22:45:59Z,KLM809,"41.873306,38.571648",35000,500,92
1765233991,2025-12-08T22:46:31Z,KLM809,"41.870743,38.670143",35000,500,91
1765234021,2025-12-08T22:47:01Z,KLM809,"41.868279,38.763107",35000,500,91
1765234053,2025-12-08T22:47:33Z,KLM809,"41.86549,38.86129",34975,502,92
1765234085,2025-12-08T22:48:05Z,KLM809,"41.862621,38.959816",35000,502,92
1765234118,2025-12-08T22:48:38Z,KLM809,"41.859753,39.062328",35000,500,91
1765234149,2025-12-08T22:49:09Z,KLM809,"41.856701,39.159473",35000,500,92
1765234180,2025-12-08T22:49:40Z,KLM809,"41.853745,39.25441",35000,500,92
1765234213,2025-12-08T22:50:13Z,KLM809,"41.850517,39.353306",35000,500,92
1765234244,2025-12-08T22:50:44Z,KLM809,"41.847374,39.449554",34975,500,92
1765234276,2025-12-08T22:51:16Z,KLM809,"41.843868,39.549118",34975,502,92
1765234307,2025-12-08T22:51:47Z,KLM809,"41.84058,39.646381",34975,500,92
1765234339,2025-12-08T22:52:19Z,KLM809,"41.836872,39.744823",34975,500,93
1765234371,2025-12-08T22:52:51Z,KLM809,"41.833229,39.846161",35000,500,92
1765234404,2025-12-08T22:53:24Z,KLM809,"41.829422,39.944786",34975,500,92
1765234435,2025-12-08T22:53:55Z,KLM809,"41.825634,40.042084",34975,500,92
1765234468,2025-12-08T22:54:28Z,KLM809,"41.821571,40.143974",35000,500,93
1765234499,2025-12-08T22:54:59Z,KLM809,"41.817745,40.24107",35000,500,93
1765234530,2025-12-08T22:55:30Z,KLM809,"41.813725,40.333885",34975,498,93
1765234562,2025-12-08T22:56:02Z,KLM809,"41.809628,40.431255",34975,496,93
1765234594,2025-12-08T22:56:34Z,KLM809,"41.805435,40.529129",35000,496,93
1765234624,2025-12-08T22:57:04Z,KLM809,"41.80127,40.622444",34975,494,93
1765234656,2025-12-08T22:57:36Z,KLM809,"41.79678,40.718704",35000,494,93
1765234688,2025-12-08T22:58:08Z,KLM809,"41.79211,40.814468",34975,494,93
1765234718,2025-12-08T22:58:38Z,KLM809,"41.787262,40.909935",34975,494,94
1765234750,2025-12-08T22:59:10Z,KLM809,"41.782413,41.00441",34975,494,94
1765234781,2025-12-08T22:59:41Z,KLM809,"41.777451,41.100807",34975,494,93
1765234813,2025-12-08T23:00:13Z,KLM809,"41.772499,41.197231",34975,492,93
1765234844,2025-12-08T23:00:44Z,KLM809,"41.767433,41.292339",35000,494,94
1765234877,2025-12-08T23:01:17Z,KLM809,"41.762192,41.392471",35000,494,94
1765234909,2025-12-08T23:01:49Z,KLM809,"41.756939,41.48901",34975,492,94
1765234941,2025-12-08T23:02:21Z,KLM809,"41.751678,41.585213",34975,492,94
1765234971,2025-12-08T23:02:51Z,KLM809,"41.746284,41.676231",35000,494,95
1765234991,2025-12-08T23:03:11Z,KLM809,"41.742889,41.74184",34975,494,94
1765234994,2025-12-08T23:03:14Z,KLM809,"41.742779,41.74588",35000,494,93
1765234996,2025-12-08T23:03:16Z,KLM809,"41.74213,41.755417",35000,494,94
1765234998,2025-12-08T23:03:18Z,KLM809,"41.741791,41.760651",34975,494,94
1765235001,2025-12-08T23:03:21Z,KLM809,"41.741451,41.769478",35000,494,93
1765235003,2025-12-08T23:03:23Z,KLM809,"41.740978,41.776619",35000,494,94
1765235005,2025-12-08T23:03:25Z,KLM809,"41.740692,41.781887",34975,494,94
1765235007,2025-12-08T23:03:27Z,KLM809,"41.740398,41.788383",35000,494,93
1765235010,2025-12-08T23:03:30Z,KLM809,"41.73999,41.794613",35000,494,94
1765235012,2025-12-08T23:03:32Z,KLM809,"41.739346,41.80304",35000,494,95
1765235014,2025-12-08T23:03:34Z,KLM809,"41.739029,41.808617",35000,496,94
1765235016,2025-12-08T23:03:36Z,KLM809,"41.738647,41.815742",35000,496,94
1765235018,2025-12-08T23:03:38Z,KLM809,"41.738174,41.822651",34975,496,94
1765235025,2025-12-08T23:03:45Z,KLM809,"41.736828,41.842659",34975,496,94
1765235028,2025-12-08T23:03:48Z,KLM809,"41.736347,41.849945",35000,496,94
1765235030,2025-12-08T23:03:50Z,KLM809,"41.735767,41.857292",35000,496,95
1765235032,2025-12-08T23:03:52Z,KLM809,"41.735596,41.864029",35000,496,93
1765235034,2025-12-08T23:03:54Z,KLM809,"41.735302,41.87114",35000,496,93
1765235036,2025-12-08T23:03:56Z,KLM809,"41.734879,41.878674",35000,494,94
1765235038,2025-12-08T23:03:58Z,KLM809,"41.734501,41.884628",35000,494,94
1765235041,2025-12-08T23:04:01Z,KLM809,"41.734238,41.890079",35000,494,93
1765235043,2025-12-08T23:04:03Z,KLM809,"41.73365,41.897366",35000,494,94
1765235046,2025-12-08T23:04:06Z,KLM809,"41.733406,41.904324",34975,494,93
1765235048,2025-12-08T23:04:08Z,KLM809,"41.732883,41.912281",34975,494,94
1765235050,2025-12-08T23:04:10Z,KLM809,"41.732513,41.919689",35000,494,94
1765235052,2025-12-08T23:04:12Z,KLM809,"41.73217,41.925262",34975,494,94
1765235085,2025-12-08T23:04:45Z,KLM809,"41.72604,42.023556",35000,492,95
1765235115,2025-12-08T23:05:15Z,KLM809,"41.71896,42.116013",35000,490,97
1765235146,2025-12-08T23:05:46Z,KLM809,"41.70916,42.209675",35000,490,98
1765235178,2025-12-08T23:06:18Z,KLM809,"41.698933,42.30426",34975,488,98
1765235210,2025-12-08T23:06:50Z,KLM809,"41.688602,42.398373",34975,486,98
1765235240,2025-12-08T23:07:20Z,KLM809,"41.679035,42.487705",35000,488,98
1765235272,2025-12-08T23:07:52Z,KLM809,"41.668457,42.584267",34975,488,98
1765235304,2025-12-08T23:08:24Z,KLM809,"41.657879,42.678024",34975,490,98
1765235336,2025-12-08T23:08:56Z,KLM809,"41.646774,42.774925",35000,492,98
1765235367,2025-12-08T23:09:27Z,KLM809,"41.635902,42.868671",34975,494,98
1765235399,2025-12-08T23:09:59Z,KLM809,"41.624664,42.963516",34975,492,99
1765235430,2025-12-08T23:10:30Z,KLM809,"41.613766,43.057877",35000,492,98
1765235463,2025-12-08T23:11:03Z,KLM809,"41.60215,43.154533",35000,492,99
1765235495,2025-12-08T23:11:35Z,KLM809,"41.59042,43.253296",35000,494,98
1765235528,2025-12-08T23:12:08Z,KLM809,"41.579075,43.349529",35000,492,98
1765235558,2025-12-08T23:12:38Z,KLM809,"41.567867,43.442215",34975,494,99
1765235589,2025-12-08T23:13:09Z,KLM809,"41.556957,43.533768",35000,498,99
1765235622,2025-12-08T23:13:42Z,KLM809,"41.545197,43.633644",34975,498,99
1765235653,2025-12-08T23:14:13Z,KLM809,"41.533855,43.726612",35000,498,99
1765235683,2025-12-08T23:14:43Z,KLM809,"41.522488,43.819412",34975,500,99
1765235714,2025-12-08T23:15:14Z,KLM809,"41.510784,43.912655",34975,502,99
1765235747,2025-12-08T23:15:47Z,KLM809,"41.498192,44.013138",35000,506,99
1765235778,2025-12-08T23:16:18Z,KLM809,"41.486103,44.108624",34975,508,100
1765235810,2025-12-08T23:16:50Z,KLM809,"41.473919,44.207417",35000,508,99
1765235815,2025-12-08T23:16:55Z,KLM809,"41.471176,44.222546",34975,508,127
1765235817,2025-12-08T23:16:57Z,KLM809,"41.470936,44.230145",34975,508,101
1765235819,2025-12-08T23:16:59Z,KLM809,"41.470177,44.236244",34975,508,99
1765235821,2025-12-08T23:17:01Z,KLM809,"41.469429,44.242493",35000,508,99
1765235824,2025-12-08T23:17:04Z,KLM809,"41.468506,44.24947",35000,508,99
1765235826,2025-12-08T23:17:06Z,KLM809,"41.46767,44.255661",35000,508,99
1765235828,2025-12-08T23:17:08Z,KLM809,"41.466862,44.262302",35000,508,99
1765235830,2025-12-08T23:17:10Z,KLM809,"41.466045,44.268997",35000,508,99
1765235832,2025-12-08T23:17:12Z,KLM809,"41.46526,44.275253",35000,508,99
1765235835,2025-12-08T23:17:15Z,KLM809,"41.464333,44.28236",34975,506,99
1765235837,2025-12-08T23:17:17Z,KLM809,"41.463139,44.291412",35000,506,99
1765235839,2025-12-08T23:17:19Z,KLM809,"41.46249,44.296555",35000,506,99
1765235841,2025-12-08T23:17:21Z,KLM809,"41.46167,44.302803",35000,506,99
1765235843,2025-12-08T23:17:23Z,KLM809,"41.46088,44.30901",35000,506,99
1765235868,2025-12-08T23:17:48Z,KLM809,"41.450836,44.384663",35000,506,100
1765235870,2025-12-08T23:17:50Z,KLM809,"41.449745,44.391724",35000,506,101
1765235872,2025-12-08T23:17:52Z,KLM809,"41.449032,44.398281",35000,506,99
1765235874,2025-12-08T23:17:54Z,KLM809,"41.448532,44.404305",35000,506,97
1765235876,2025-12-08T23:17:56Z,KLM809,"41.447773,44.410622",34975,506,98
1765235878,2025-12-08T23:17:58Z,KLM809,"41.446934,44.417305",35000,506,99
1765235881,2025-12-08T23:18:01Z,KLM809,"41.446075,44.423294",35000,506,100
1765235883,2025-12-08T23:18:03Z,KLM809,"41.445168,44.431046",35000,506,99
1765235886,2025-12-08T23:18:06Z,KLM809,"41.444,44.439262",34975,506,100
1765235888,2025-12-08T23:18:08Z,KLM809,"41.443203,44.445766",34975,506,99
1765235890,2025-12-08T23:18:10Z,KLM809,"41.442276,44.453102",35000,506,99
1765235892,2025-12-08T23:18:12Z,KLM809,"41.441586,44.458313",35000,506,99
1765235894,2025-12-08T23:18:14Z,KLM809,"41.440784,44.465187",34975,506,99
1765235896,2025-12-08T23:18:16Z,KLM809,"41.439941,44.471981",35000,506,99
1765235898,2025-12-08T23:18:18Z,KLM809,"41.439003,44.47945",35000,506,99
1765235901,2025-12-08T23:18:21Z,KLM809,"41.438087,44.486",35000,506,99
1765235933,2025-12-08T23:18:53Z,KLM809,"41.424957,44.584377",34975,506,100
1765235955,2025-12-08T23:19:15Z,KLM809,"41.416241,44.653049",34975,508,99
1765235986,2025-12-08T23:19:46Z,KLM809,"41.403793,44.748062",35000,510,99
1765236017,2025-12-08T23:20:17Z,KLM809,"41.391056,44.844589",35000,512,100
1765236048,2025-12-08T23:20:48Z,KLM809,"41.378117,44.94104",34975,512,100
1765236080,2025-12-08T23:21:20Z,KLM809,"41.365051,45.037292",34975,510,101
1765236110,2025-12-08T23:21:50Z,KLM809,"41.347034,45.130276",35000,508,106
1765236141,2025-12-08T23:22:21Z,KLM809,"41.324112,45.220726",35000,506,108
1765236172,2025-12-08T23:22:52Z,KLM809,"41.300797,45.311615",35000,508,108
1765236203,2025-12-08T23:23:23Z,KLM809,"41.277233,45.402714",35000,507,108
1765236235,2025-12-08T23:23:55Z,KLM809,"41.252693,45.497807",35000,508,109
1765236267,2025-12-08T23:24:27Z,KLM809,"41.228149,45.592041",34975,507,109
1765236298,2025-12-08T23:24:58Z,KLM809,"41.204521,45.681793",35000,508,109
1765236331,2025-12-08T23:25:31Z,KLM809,"41.179489,45.777744",34975,507,109
1765236361,2025-12-08T23:26:01Z,KLM809,"41.155426,45.868202",35000,507,109
1765236393,2025-12-08T23:26:33Z,KLM809,"41.131588,45.963169",35000,511,106
1765236425,2025-12-08T23:27:05Z,KLM809,"41.113735,46.06039",34975,516,100
1765236458,2025-12-08T23:27:38Z,KLM809,"41.102589,46.161514",35000,520,95
1765236488,2025-12-08T23:28:08Z,KLM809,"41.095139,46.258076",35000,522,96
1765236521,2025-12-08T23:28:41Z,KLM809,"41.08609,46.361435",35000,522,97
1765236551,2025-12-08T23:29:11Z,KLM809,"41.076672,46.456799",34975,521,97
1765236584,2025-12-08T23:29:44Z,KLM809,"41.066494,46.559715",34975,522,97
1765236616,2025-12-08T23:30:16Z,KLM809,"41.05632,46.66206",34975,522,97
1765236648,2025-12-08T23:30:48Z,KLM809,"41.046124,46.763596",34975,524,97
1765236680,2025-12-08T23:31:20Z,KLM809,"41.035828,46.863503",35000,522,98
1765236712,2025-12-08T23:31:52Z,KLM809,"41.025311,46.965668",34975,522,97
1765236743,2025-12-08T23:32:23Z,KLM809,"41.014908,47.065315",35000,522,97
1765236769,2025-12-08T23:32:49Z,KLM809,"41.006226,47.148354",34975,522,93
1765236771,2025-12-08T23:32:51Z,KLM809,"41.005737,47.153313",34975,522,98
1765236773,2025-12-08T23:32:53Z,KLM809,"41.004971,47.160286",34975,522,97
1765236775,2025-12-08T23:32:55Z,KLM809,"41.004307,47.16658",34975,522,97
1765236778,2025-12-08T23:32:58Z,KLM809,"41.00362,47.172764",34975,522,97
1765236780,2025-12-08T23:33:00Z,KLM809,"41.00296,47.179218",34975,522,97
1765236782,2025-12-08T23:33:02Z,KLM809,"41.002213,47.18615",35000,522,97
1765236784,2025-12-08T23:33:04Z,KLM809,"41.001564,47.192394",34975,522,97
1765236786,2025-12-08T23:33:06Z,KLM809,"41.000782,47.199696",34975,522,97
1765236788,2025-12-08T23:33:08Z,KLM809,"41.000034,47.206558",34975,522,98
1765236790,2025-12-08T23:33:10Z,KLM809,"40.999413,47.212509",34975,522,97
1765236792,2025-12-08T23:33:12Z,KLM809,"40.998665,47.219669",34975,522,97
1765236794,2025-12-08T23:33:14Z,KLM809,"40.997974,47.226189",35000,522,97
1765236797,2025-12-08T23:33:17Z,KLM809,"40.997257,47.232594",35000,522,98
1765236827,2025-12-08T23:33:47Z,KLM809,"40.987122,47.328697",34975,522,98
1765236859,2025-12-08T23:34:19Z,KLM809,"40.976299,47.429482",35000,524,98
1765236891,2025-12-08T23:34:51Z,KLM809,"40.965073,47.531986",35000,522,98
1765236923,2025-12-08T23:35:23Z,KLM809,"40.953983,47.632904",34975,522,98
1765236954,2025-12-08T23:35:54Z,KLM809,"40.94342,47.728962",34975,522,98
1765236986,2025-12-08T23:36:26Z,KLM809,"40.93219,47.831436",35000,522,98
1765237018,2025-12-08T23:36:58Z,KLM809,"40.9212,47.932278",35000,522,98
1765237050,2025-12-08T23:37:30Z,KLM809,"40.91016,48.033245",34975,524,98
1765237082,2025-12-08T23:38:02Z,KLM809,"40.899155,48.133488",34975,524,98
1765237114,2025-12-08T23:38:34Z,KLM809,"40.887985,48.23415",34975,522,98
1765237135,2025-12-08T23:38:55Z,KLM809,"40.880569,48.301552",34975,522,97
1765237137,2025-12-08T23:38:57Z,KLM809,"40.879646,48.309349",34975,522,98
1765237140,2025-12-08T23:39:00Z,KLM809,"40.879066,48.314369",34975,522,98
1765237142,2025-12-08T23:39:02Z,KLM809,"40.878105,48.323204",34975,522,98
1765237144,2025-12-08T23:39:04Z,KLM809,"40.877583,48.329292",35000,522,95
1765237146,2025-12-08T23:39:06Z,KLM809,"40.876713,48.334801",35000,522,101
1765237148,2025-12-08T23:39:08Z,KLM809,"40.87595,48.342793",35000,522,98
1765237150,2025-12-08T23:39:10Z,KLM809,"40.875553,48.347008",35000,522,97
1765237152,2025-12-08T23:39:12Z,KLM809,"40.874477,48.35574",35000,522,98
1765237154,2025-12-08T23:39:14Z,KLM809,"40.873917,48.360218",35000,522,98
1765237156,2025-12-08T23:39:16Z,KLM809,"40.873074,48.367447",34975,524,98
1765237158,2025-12-08T23:39:18Z,KLM809,"40.872208,48.374294",34975,524,99
1765237160,2025-12-08T23:39:20Z,KLM809,"40.871498,48.38039",34975,524,98
1765237163,2025-12-08T23:39:23Z,KLM809,"40.870842,48.387024",34975,524,97
1765237165,2025-12-08T23:39:25Z,KLM809,"40.869915,48.39426",34975,524,98
1765237167,2025-12-08T23:39:27Z,KLM809,"40.86908,48.401203",35000,524,98
1765237169,2025-12-08T23:39:29Z,KLM809,"40.868229,48.408829",35000,524,98
1765237171,2025-12-08T23:39:31Z,KLM809,"40.867321,48.418003",35000,524,95
1765237173,2025-12-08T23:39:33Z,KLM809,"40.866791,48.421368",35000,524,100
1765237176,2025-12-08T23:39:36Z,KLM809,"40.865955,48.427937",35000,524,99
1765237178,2025-12-08T23:39:38Z,KLM809,"40.865211,48.434246",35000,524,99
1765237180,2025-12-08T23:39:40Z,KLM809,"40.864445,48.440968",35000,524,98
1765237182,2025-12-08T23:39:42Z,KLM809,"40.863655,48.447914",35000,524,98
1765237184,2025-12-08T23:39:44Z,KLM809,"40.862892,48.454933",35000,524,97
1765237186,2025-12-08T23:39:46Z,KLM809,"40.86219,48.461617",35000,524,97
1765237188,2025-12-08T23:39:48Z,KLM809,"40.861488,48.467499",34975,524,98
1765237190,2025-12-08T23:39:50Z,KLM809,"40.860489,48.475143",35000,524,100
1765237192,2025-12-08T23:39:52Z,KLM809,"40.859966,48.480663",35000,524,99
1765237194,2025-12-08T23:39:54Z,KLM809,"40.859245,48.487545",34975,524,97
1765237196,2025-12-08T23:39:56Z,KLM809,"40.858444,48.494587",35000,524,98
1765237199,2025-12-08T23:39:59Z,KLM809,"40.857399,48.502598",35000,524,99
1765237201,2025-12-08T23:40:01Z,KLM809,"40.856884,48.507179",34975,524,96
1765237203,2025-12-08T23:40:03Z,KLM809,"40.855995,48.514645",34975,524,98
1765237205,2025-12-08T23:40:05Z,KLM809,"40.85532,48.521042",35000,524,97
1765237207,2025-12-08T23:40:07Z,KLM809,"40.854519,48.52763",35000,524,98
1765237210,2025-12-08T23:40:10Z,KLM809,"40.853245,48.538605",34975,524,97
1765237213,2025-12-08T23:40:13Z,KLM809,"40.85231,48.546288",34975,524,98
1765237215,2025-12-08T23:40:15Z,KLM809,"40.851395,48.552727",34975,524,99
1765237217,2025-12-08T23:40:17Z,KLM809,"40.850964,48.55896",34975,524,93
1765237219,2025-12-08T23:40:19Z,KLM809,"40.850098,48.564716",35000,524,98
1765237221,2025-12-08T23:40:21Z,KLM809,"40.849354,48.571301",34975,524,101
1765237223,2025-12-08T23:40:23Z,KLM809,"40.848503,48.577797",35000,524,99
1765237225,2025-12-08T23:40:25Z,KLM809,"40.847923,48.583744",34975,524,95
1765237227,2025-12-08T23:40:27Z,KLM809,"40.84697,48.59079",34975,524,99
1765237229,2025-12-08T23:40:29Z,KLM809,"40.846207,48.59782",34975,524,98
1765237231,2025-12-08T23:40:31Z,KLM809,"40.845341,48.605427",35000,524,98
1765237234,2025-12-08T23:40:34Z,KLM809,"40.84457,48.612305",34975,524,96
1765237236,2025-12-08T23:40:36Z,KLM809,"40.844017,48.618057",35000,524,96
1765237238,2025-12-08T23:40:38Z,KLM809,"40.842945,48.626015",35000,524,98
1765237240,2025-12-08T23:40:40Z,KLM809,"40.842037,48.633606",35000,524,98
1765237242,2025-12-08T23:40:42Z,KLM809,"40.841362,48.639763",34975,524,98
1765237244,2025-12-08T23:40:44Z,KLM809,"40.840599,48.646843",35000,524,98
1765237246,2025-12-08T23:40:46Z,KLM809,"40.840038,48.651417",35000,524,98
1765237248,2025-12-08T23:40:48Z,KLM809,"40.839203,48.658558",35000,524,97
1765237251,2025-12-08T23:40:51Z,KLM809,"40.838318,48.665771",35000,524,99
1765237253,2025-12-08T23:40:53Z,KLM809,"40.837627,48.67178",34975,524,98
1765237255,2025-12-08T23:40:55Z,KLM809,"40.836784,48.67878",35000,524,98
1765237288,2025-12-08T23:41:28Z,KLM809,"40.824532,48.781834",35000,526,97
1765237298,2025-12-08T23:41:38Z,KLM809,"40.82048,48.81517",35000,528,102
1765237300,2025-12-08T23:41:40Z,KLM809,"40.819679,48.822182",34975,528,98
1765237303,2025-12-08T23:41:43Z,KLM809,"40.818836,48.828819",35000,528,98
1765237305,2025-12-08T23:41:45Z,KLM809,"40.817921,48.836494",34975,528,97
1765237307,2025-12-08T23:41:47Z,KLM809,"40.817261,48.842216",35000,528,98
1765237309,2025-12-08T23:41:49Z,KLM809,"40.816338,48.850082",34975,528,98
1765237311,2025-12-08T23:41:51Z,KLM809,"40.815556,48.856255",34975,528,98
1765237313,2025-12-08T23:41:53Z,KLM809,"40.814766,48.86272",34975,528,99
1765237315,2025-12-08T23:41:55Z,KLM809,"40.813892,48.869965",34975,528,99
1765237318,2025-12-08T23:41:58Z,KLM809,"40.81295,48.877556",35000,528,99
1765237320,2025-12-08T23:42:00Z,KLM809,"40.812199,48.883614",34975,528,99
1765237322,2025-12-08T23:42:02Z,KLM809,"40.811489,48.890156",34975,528,99
1765237324,2025-12-08T23:42:04Z,KLM809,"40.810719,48.896328",35000,528,98
1765237326,2025-12-08T23:42:06Z,KLM809,"40.809883,48.902931",34975,528,99
1765237352,2025-12-08T23:42:32Z,KLM809,"40.800037,48.984734",35000,528,100
1765237354,2025-12-08T23:42:34Z,KLM809,"40.799202,48.992031",35000,528,99
1765237356,2025-12-08T23:42:36Z,KLM809,"40.798519,48.997753",35000,528,99
1765237358,2025-12-08T23:42:38Z,KLM809,"40.797733,49.004696",35000,528,96
1765237360,2025-12-08T23:42:40Z,KLM809,"40.796642,49.012325",35000,528,100
1765237362,2025-12-08T23:42:42Z,KLM809,"40.795937,49.018394",35000,528,97
1765237364,2025-12-08T23:42:44Z,KLM809,"40.795208,49.024666",35000,528,98
1765237367,2025-12-08T23:42:47Z,KLM809,"40.794331,49.031887",34975,528,98
1765237369,2025-12-08T23:42:49Z,KLM809,"40.793423,49.039211",35000,528,99
1765237371,2025-12-08T23:42:51Z,KLM809,"40.79258,49.04567",35000,528,100
1765237373,2025-12-08T23:42:53Z,KLM809,"40.791912,49.051472",35000,528,99
1765237375,2025-12-08T23:42:55Z,KLM809,"40.791027,49.058453",35000,528,99
1765237377,2025-12-08T23:42:57Z,KLM809,"40.790138,49.066013",35000,528,99
1765237379,2025-12-08T23:42:59Z,KLM809,"40.789387,49.072845",34975,528,97
1765237381,2025-12-08T23:43:01Z,KLM809,"40.788582,49.078594",35000,528,99
1765237384,2025-12-08T23:43:04Z,KLM809,"40.787712,49.08556",34975,528,99
1765237386,2025-12-08T23:43:06Z,KLM809,"40.786854,49.092331",34975,528,99
1765237388,2025-12-08T23:43:08Z,KLM809,"40.786015,49.099346",34975,528,99
1765237393,2025-12-08T23:43:13Z,KLM809,"40.783592,49.118435",34975,528,100
1765237395,2025-12-08T23:43:15Z,KLM809,"40.783035,49.123775",34975,528,99
1765237398,2025-12-08T23:43:18Z,KLM809,"40.78223,49.130722",35000,528,101
1765237401,2025-12-08T23:43:21Z,KLM809,"40.781021,49.140881",35000,528,98
1765237403,2025-12-08T23:43:23Z,KLM809,"40.780094,49.148205",35000,528,99
1765237406,2025-12-08T23:43:26Z,KLM809,"40.779144,49.157284",35000,528,97
1765237410,2025-12-08T23:43:30Z,KLM809,"40.777264,49.17136",35000,528,99
1765237414,2025-12-08T23:43:34Z,KLM809,"40.776108,49.183144",35000,528,97
1765237451,2025-12-08T23:44:11Z,KLM809,"40.761665,49.299294",34975,526,98
1765237481,2025-12-08T23:44:41Z,KLM809,"40.749382,49.396809",35000,528,98
1765237483,2025-12-08T23:44:43Z,KLM809,"40.74855,49.402935",35000,528,99
1765237486,2025-12-08T23:44:46Z,KLM809,"40.747829,49.408405",35000,528,99
1765237488,2025-12-08T23:44:48Z,KLM809,"40.746956,49.41539",35000,528,99
1765237490,2025-12-08T23:44:50Z,KLM809,"40.745953,49.423241",35000,528,101
1765237492,2025-12-08T23:44:52Z,KLM809,"40.745358,49.42786",35000,528,99
1765237494,2025-12-08T23:44:54Z,KLM809,"40.744438,49.436108",35000,528,98
1765237497,2025-12-08T23:44:57Z,KLM809,"40.742989,49.44738",34975,530,99
1765237500,2025-12-08T23:45:00Z,KLM809,"40.742279,49.452202",35000,530,99
1765237502,2025-12-08T23:45:02Z,KLM809,"40.741322,49.460037",35000,530,105
1765237505,2025-12-08T23:45:05Z,KLM809,"40.739876,49.471127",35000,530,103
1765237537,2025-12-08T23:45:37Z,KLM809,"40.727291,49.570538",35000,532,98
1765237558,2025-12-08T23:45:58Z,KLM809,"40.718456,49.640732",35000,534,99
1765237564,2025-12-08T23:46:04Z,KLM809,"40.715984,49.659874",35000,534,97
1765237566,2025-12-08T23:46:06Z,KLM809,"40.715019,49.666359",35000,534,100
1765237656,2025-12-08T23:47:36Z,KLM809,"40.677982,49.954212",35000,534,99
1765237670,2025-12-08T23:47:50Z,KLM809,"40.670704,49.998775",34975,534,111
1765237672,2025-12-08T23:47:52Z,KLM809,"40.671329,50.005653",34975,534,99
1765237674,2025-12-08T23:47:54Z,KLM809,"40.670639,50.01062",35000,534,100
1765237678,2025-12-08T23:47:58Z,KLM809,"40.669048,50.022385",35000,534,87
1765237682,2025-12-08T23:48:02Z,KLM809,"40.667019,50.037918",35000,534,99
1765237686,2025-12-08T23:48:06Z,KLM809,"40.665382,50.050652",35000,534,99
1765237690,2025-12-08T23:48:10Z,KLM809,"40.663898,50.061916",35000,534,99
1765237695,2025-12-08T23:48:15Z,KLM809,"40.661648,50.078915",35000,534,99
1765237731,2025-12-08T23:48:51Z,KLM809,"40.645153,50.190884",35000,534,110
1765237741,2025-12-08T23:49:01Z,KLM809,"40.641163,50.227512",35000,536,103
1765237745,2025-12-08T23:49:05Z,KLM809,"40.64101,50.236107",35000,536,102
1765237750,2025-12-08T23:49:10Z,KLM809,"40.638603,50.254196",35000,536,99
1765237765,2025-12-08T23:49:25Z,KLM809,"40.631771,50.304501",34975,536,100
1765237987,2025-12-08T23:53:07Z,KLM809,"40.562428,50.971661",34975,536,347
1765238003,2025-12-08T23:53:23Z,KLM809,"40.527706,51.062439",35000,536,100
1765238355,2025-12-08T23:59:15Z,KLM809,"40.344311,52.168079",36975,524,103
1765238385,2025-12-08T23:59:45Z,KLM809,"40.326782,52.261047",36975,521,103
1765238418,2025-12-09T00:00:18Z,KLM809,"40.307629,52.3619",37000,518,103
1765238451,2025-12-09T00:00:51Z,KLM809,"40.288834,52.460266",37000,516,104
1765238484,2025-12-09T00:01:24Z,KLM809,"40.269455,52.560593",36975,516,104
1765238517,2025-12-09T00:01:57Z,KLM809,"40.250416,52.659592",37000,516,104
1765238549,2025-12-09T00:02:29Z,KLM809,"40.231747,52.756474",37000,518,104
1765238582,2025-12-09T00:03:02Z,KLM809,"40.211918,52.856098",37000,517,104
1765238613,2025-12-09T00:03:33Z,KLM809,"40.193298,52.949219",36975,521,104
1765238644,2025-12-09T00:04:04Z,KLM809,"40.174442,53.043678",37000,524,104
1765238677,2025-12-09T00:04:37Z,KLM809,"40.153679,53.148609",37000,525,104
1765238708,2025-12-09T00:05:08Z,KLM809,"40.135208,53.242432",37000,522,104
1765238741,2025-12-09T00:05:41Z,KLM809,"40.116028,53.340881",36975,519,104
1765238772,2025-12-09T00:06:12Z,KLM809,"40.097443,53.436035",37000,520,104
1765238803,2025-12-09T00:06:43Z,KLM809,"40.079102,53.529949",37000,522,104
1765238839,2025-12-09T00:07:19Z,KLM809,"40.057224,53.641308",36975,517,104
1765238871,2025-12-09T00:07:51Z,KLM809,"40.038696,53.734631",37000,440,104
1765238907,2025-12-09T00:08:27Z,KLM809,"40.020447,53.82605",37000,519,104
1765239070,2025-12-09T00:11:10Z,KLM809,"39.913982,54.339355",37000,519,105
1765239102,2025-12-09T00:11:42Z,KLM809,"39.894245,54.432556",37000,519,105
1765239132,2025-12-09T00:12:12Z,KLM809,"39.874374,54.525444",37000,520,105
1765239166,2025-12-09T00:12:46Z,KLM809,"39.852718,54.625977",36975,519,105
1765239197,2025-12-09T00:13:17Z,KLM809,"39.832607,54.718811",37000,517,105
1765239227,2025-12-09T00:13:47Z,KLM809,"39.813148,54.809021",37000,517,105
1765239258,2025-12-09T00:14:18Z,KLM809,"39.793396,54.901428",37000,517,105
1765239291,2025-12-09T00:14:51Z,KLM809,"39.772091,55.000916",37000,517,105
1765239322,2025-12-09T00:15:22Z,KLM809,"39.752747,55.091599",37000,518,105
1765239353,2025-12-09T00:15:53Z,KLM809,"39.732288,55.18689",37000,517,105
1765239385,2025-12-09T00:16:25Z,KLM809,"39.712318,55.279541",36975,512,105
1765239416,2025-12-09T00:16:56Z,KLM809,"39.692276,55.371811",36975,511,105
1765239448,2025-12-09T00:17:28Z,KLM809,"39.671402,55.467106",37000,510,105
1765239479,2025-12-09T00:17:59Z,KLM809,"39.651661,55.556641",36975,510,105
1765239511,2025-12-09T00:18:31Z,KLM809,"39.630524,55.652321",36975,507,105
1765239543,2025-12-09T00:19:03Z,KLM809,"39.610291,55.743317",37000,507,105
1765239573,2025-12-09T00:19:33Z,KLM809,"39.590378,55.83276",36975,509,106
1765239605,2025-12-09T00:20:05Z,KLM809,"39.56982,55.924438",37000,510,106
1765239636,2025-12-09T00:20:36Z,KLM809,"39.549683,56.015106",36975,510,106
1765239667,2025-12-09T00:21:07Z,KLM809,"39.529129,56.107239",37000,512,106
1765239700,2025-12-09T00:21:40Z,KLM809,"39.507488,56.203857",37000,511,106
1765239732,2025-12-09T00:22:12Z,KLM809,"39.486168,56.298218",37000,511,106
1765239765,2025-12-09T00:22:45Z,KLM809,"39.464565,56.393738",37000,510,106
1765239796,2025-12-09T00:23:16Z,KLM809,"39.443851,56.484985",37000,510,106
1765239829,2025-12-09T00:23:49Z,KLM809,"39.421829,56.581799",36975,511,106
1765239862,2025-12-09T00:24:22Z,KLM809,"39.399811,56.67757",36975,510,106
1765239895,2025-12-09T00:24:55Z,KLM809,"39.377655,56.773701",36975,510,106
1765239927,2025-12-09T00:25:27Z,KLM809,"39.35495,56.867863",37000,511,108
1765239958,2025-12-09T00:25:58Z,KLM809,"39.33194,56.957764",36975,511,108
1765239989,2025-12-09T00:26:29Z,KLM809,"39.308708,57.047485",37000,513,108
1765240020,2025-12-09T00:27:00Z,KLM809,"39.2859,57.135742",36975,515,108
1765240053,2025-12-09T00:27:33Z,KLM809,"39.261135,57.231567",36975,519,108
1765240084,2025-12-09T00:28:04Z,KLM809,"39.236786,57.32489",37025,525,108
1765240115,2025-12-09T00:28:35Z,KLM809,"39.213226,57.415028",36975,523,108
1765240148,2025-12-09T00:29:08Z,KLM809,"39.187637,57.513187",37000,518,108
1765240179,2025-12-09T00:29:39Z,KLM809,"39.163696,57.604542",36975,515,108
1765240210,2025-12-09T00:30:10Z,KLM809,"39.140564,57.692139",37000,513,108
1765240241,2025-12-09T00:30:41Z,KLM809,"39.116402,57.783447",37000,514,108
1765240272,2025-12-09T00:31:12Z,KLM809,"39.092972,57.871559",36975,514,108
1765240305,2025-12-09T00:31:45Z,KLM809,"39.067703,57.966373",37000,514,108
1765240335,2025-12-09T00:32:15Z,KLM809,"39.043919,58.055176",36975,518,109
1765240366,2025-12-09T00:32:46Z,KLM809,"39.019527,58.145874",37000,525,109
1765240398,2025-12-09T00:33:18Z,KLM809,"38.993546,58.24181",37000,533,109
1765240429,2025-12-09T00:33:49Z,KLM809,"38.96846,58.333641",36975,538,109
1765240460,2025-12-09T00:34:20Z,KLM809,"38.94342,58.425114",37000,538,109
1765240492,2025-12-09T00:34:52Z,KLM809,"38.916962,58.5219",36975,536,109
1765240523,2025-12-09T00:35:23Z,KLM809,"38.890503,58.613972",37000,532,111
1765240555,2025-12-09T00:35:55Z,KLM809,"38.858002,58.706818",37000,529,115
1765240588,2025-12-09T00:36:28Z,KLM809,"38.822563,58.797241",37000,530,116
1765240619,2025-12-09T00:36:59Z,KLM809,"38.787884,58.885559",36975,533,116
1765240650,2025-12-09T00:37:30Z,KLM809,"38.753128,58.973835",37000,535,116
1765240681,2025-12-09T00:38:01Z,KLM809,"38.718941,59.060303",36975,532,116
1765240712,2025-12-09T00:38:32Z,KLM809,"38.684555,59.147224",37000,529,116
1765240745,2025-12-09T00:39:05Z,KLM809,"38.648365,59.23822",36975,529,117
1765240777,2025-12-09T00:39:37Z,KLM809,"38.614288,59.323792",37000,533,116
1765240809,2025-12-09T00:40:09Z,KLM809,"38.577419,59.418152",36975,531,115
1765240840,2025-12-09T00:40:40Z,KLM809,"38.544834,59.50592",36975,531,115
1765240873,2025-12-09T00:41:13Z,KLM809,"38.510101,59.599876",37000,532,115
1765240906,2025-12-09T00:41:46Z,KLM809,"38.475403,59.693439",36975,526,115
1765240939,2025-12-09T00:42:19Z,KLM809,"38.441116,59.784851",37000,526,115
1765240970,2025-12-09T00:42:50Z,KLM809,"38.408569,59.871513",37000,529,115
1765241003,2025-12-09T00:43:23Z,KLM809,"38.373184,59.965309",37000,529,115
1765241034,2025-12-09T00:43:54Z,KLM809,"38.339996,60.052963",37000,530,115
1765241065,2025-12-09T00:44:25Z,KLM809,"38.306992,60.139454",37000,531,115
1765241096,2025-12-09T00:44:56Z,KLM809,"38.273529,60.226692",36975,530,116
1765241127,2025-12-09T00:45:27Z,KLM809,"38.240662,60.311897",37000,532,116
1765241158,2025-12-09T00:45:58Z,KLM809,"38.207428,60.398041",37000,533,116
1765241191,2025-12-09T00:46:31Z,KLM809,"38.171253,60.491917",36975,531,116
1765241224,2025-12-09T00:47:04Z,KLM809,"38.135826,60.583687",36975,530,116
1765241255,2025-12-09T00:47:35Z,KLM809,"38.101795,60.671879",36975,529,116
1765241287,2025-12-09T00:48:07Z,KLM809,"38.068233,60.758694",36975,529,116
1765241317,2025-12-09T00:48:37Z,KLM809,"38.035355,60.843452",37000,529,116
1765241348,2025-12-09T00:49:08Z,KLM809,"38.001801,60.929459",37000,531,116
1765241379,2025-12-09T00:49:39Z,KLM809,"37.967606,61.01725",37000,531,116
1765241410,2025-12-09T00:50:10Z,KLM809,"37.933868,61.103737",37000,532,116
1765241441,2025-12-09T00:50:41Z,KLM809,"37.900272,61.189369",37000,533,116
1765241473,2025-12-09T00:51:13Z,KLM809,"37.864845,61.279411",37000,536,116
1765241504,2025-12-09T00:51:44Z,KLM809,"37.83049,61.366283",37000,537,116
1765241536,2025-12-09T00:52:16Z,KLM809,"37.795856,61.453938",37000,538,116
1765241567,2025-12-09T00:52:47Z,KLM809,"37.761612,61.540501",36975,536,116
1765241597,2025-12-09T00:53:17Z,KLM809,"37.727936,61.625599",36975,535,116
1765241628,2025-12-09T00:53:48Z,KLM809,"37.692627,61.714062",36975,536,116
1765241661,2025-12-09T00:54:21Z,KLM809,"37.656601,61.803997",36975,538,116
1765241692,2025-12-09T00:54:52Z,KLM809,"37.61824,61.891071",37000,538,121
1765241723,2025-12-09T00:55:23Z,KLM809,"37.575714,61.969376",37000,535,126
1765241755,2025-12-09T00:55:55Z,KLM809,"37.527878,62.050781",36950,532,126
1765241786,2025-12-09T00:56:26Z,KLM809,"37.483521,62.127102",36975,530,126
1765241817,2025-12-09T00:56:57Z,KLM809,"37.438103,62.20417",37000,532,126
1765241849,2025-12-09T00:57:29Z,KLM809,"37.390945,62.284122",36975,532,126
1765241880,2025-12-09T00:58:00Z,KLM809,"37.347,62.358639",37000,532,126
1765241913,2025-12-09T00:58:33Z,KLM809,"37.299095,62.439484",37000,532,126
1765241944,2025-12-09T00:59:04Z,KLM809,"37.251938,62.519073",36975,531,126
1765241976,2025-12-09T00:59:36Z,KLM809,"37.204876,62.598186",36975,528,126
1765242007,2025-12-09T01:00:07Z,KLM809,"37.159973,62.673321",37000,528,126
1765242034,2025-12-09T01:00:34Z,KLM809,"37.120708,62.738979",36975,525,126
1765242070,2025-12-09T01:01:10Z,KLM809,"37.068291,62.826271",37000,524,126
1765242103,2025-12-09T01:01:43Z,KLM809,"37.020676,62.905437",37000,524,126
1765242134,2025-12-09T01:02:14Z,KLM809,"36.975559,62.980141",37000,524,127
1765242165,2025-12-09T01:02:45Z,KLM809,"36.930122,63.055134",37000,527,127
1765242196,2025-12-09T01:03:16Z,KLM809,"36.884224,63.130844",36975,527,127
1765242227,2025-12-09T01:03:47Z,KLM809,"36.839035,63.205204",36975,527,127
1765242260,2025-12-09T01:04:20Z,KLM809,"36.78986,63.286041",37000,529,127
1765242293,2025-12-09T01:04:53Z,KLM809,"36.741257,63.36565",37000,531,127
1765242324,2025-12-09T01:05:24Z,KLM809,"36.694614,63.441895",37000,532,127
1765242355,2025-12-09T01:05:55Z,KLM809,"36.647923,63.517689",37000,532,127
1765242386,2025-12-09T01:06:26Z,KLM809,"36.601181,63.593216",36975,533,127
1765242417,2025-12-09T01:06:57Z,KLM809,"36.554771,63.668343",37000,533,127
1765242448,2025-12-09T01:07:28Z,KLM809,"36.509151,63.741974",37000,531,127
1765242481,2025-12-09T01:08:01Z,KLM809,"36.459435,63.821743",37000,527,127
1765242512,2025-12-09T01:08:32Z,KLM809,"36.413765,63.894791",36975,519,127
1765242543,2025-12-09T01:09:03Z,KLM809,"36.367817,63.968365",37000,515,127
1765242574,2025-12-09T01:09:34Z,KLM809,"36.322803,64.040184",37000,516,127
1765242606,2025-12-09T01:10:06Z,KLM809,"36.275318,64.11586",36975,517,127
1765242637,2025-12-09T01:10:37Z,KLM809,"36.22998,64.188248",36975,519,127
1765242668,2025-12-09T01:11:08Z,KLM809,"36.184296,64.261719",37000,520,127
1765242700,2025-12-09T01:11:40Z,KLM809,"36.138737,64.336639",37000,520,126
1765242731,2025-12-09T01:12:11Z,KLM809,"36.094696,64.411209",37000,521,126
1765242762,2025-12-09T01:12:42Z,KLM809,"36.050034,64.487114",36975,522,125
1765242795,2025-12-09T01:13:15Z,KLM809,"36.003361,64.565834",37000,523,126
1765242827,2025-12-09T01:13:47Z,KLM809,"35.957657,64.64241",37000,523,126
1765242859,2025-12-09T01:14:19Z,KLM809,"35.911377,64.719658",37000,524,126
1765242890,2025-12-09T01:14:50Z,KLM809,"35.866837,64.793587",36975,525,126
1765242923,2025-12-09T01:15:23Z,KLM809,"35.819061,64.873329",37000,526,126
1765242956,2025-12-09T01:15:56Z,KLM809,"35.770599,64.953629",37000,527,126
1765242988,2025-12-09T01:16:28Z,KLM809,"35.723721,65.031235",36975,524,126
1765243019,2025-12-09T01:16:59Z,KLM809,"35.679565,65.104126",36975,524,126
1765243050,2025-12-09T01:17:30Z,KLM809,"35.634659,65.177994",37000,524,126
1765243082,2025-12-09T01:18:02Z,KLM809,"35.58807,65.254349",36975,523,126
1765243115,2025-12-09T01:18:35Z,KLM809,"35.541004,65.331718",37000,521,126
1765243148,2025-12-09T01:19:08Z,KLM809,"35.493118,65.409966",36975,522,126
1765243178,2025-12-09T01:19:38Z,KLM809,"35.44976,65.480736",37000,523,126
1765243210,2025-12-09T01:20:10Z,KLM809,"35.40271,65.557419",37000,525,126
1765243242,2025-12-09T01:20:42Z,KLM809,"35.355972,65.633636",37000,526,126
1765243274,2025-12-09T01:21:14Z,KLM809,"35.3102,65.707939",37000,525,126
1765243304,2025-12-09T01:21:44Z,KLM809,"35.265461,65.78035",36975,524,127
1765243337,2025-12-09T01:22:17Z,KLM809,"35.218166,65.856796",36975,523,127
1765243367,2025-12-09T01:22:47Z,KLM809,"35.172962,65.929756",36975,523,127
1765243399,2025-12-09T01:23:19Z,KLM809,"35.127247,66.003281",37000,525,127
1765243431,2025-12-09T01:23:51Z,KLM809,"35.080231,66.078758",37000,525,127
1765243462,2025-12-09T01:24:22Z,KLM809,"35.034393,66.152046",37000,526,127
1765243494,2025-12-09T01:24:54Z,KLM809,"34.986649,66.228447",37000,526,127
1765243527,2025-12-09T01:25:27Z,KLM809,"34.938896,66.304436",37000,526,127
1765243558,2025-12-09T01:25:58Z,KLM809,"34.892719,66.377274",37000,528,127
1765243590,2025-12-09T01:26:30Z,KLM809,"34.843979,66.45372",37000,527,127
1765243622,2025-12-09T01:27:02Z,KLM809,"34.796036,66.528831",36975,527,127
1765243654,2025-12-09T01:27:34Z,KLM809,"34.747742,66.604164",36975,528,127
1765243687,2025-12-09T01:28:07Z,KLM809,"34.69878,66.680374",37000,530,127
1765243719,2025-12-09T01:28:39Z,KLM809,"34.651657,66.753883",37000,530,127
1765243749,2025-12-09T01:29:09Z,KLM809,"34.605606,66.825745",36975,530,127
1765243780,2025-12-09T01:29:40Z,KLM809,"34.559647,66.897095",37000,531,127
1765243811,2025-12-09T01:30:11Z,KLM809,"34.511875,66.970764",37000,529,128
1765243844,2025-12-09T01:30:44Z,KLM809,"34.46315,67.046082",36975,529,127
1765243875,2025-12-09T01:31:15Z,KLM809,"34.414066,67.121948",37000,531,128
1765243912,2025-12-09T01:31:52Z,KLM809,"34.359375,67.205948",36975,533,128
1765244723,2025-12-09T01:45:23Z,KLM809,"33.094803,69.082474",36975,536,127
1765244755,2025-12-09T01:45:55Z,KLM809,"33.046177,69.157532",36975,536,127
1765244786,2025-12-09T01:46:26Z,KLM809,"32.997902,69.231918",37000,537,127
1765244834,2025-12-09T01:47:14Z,KLM809,"32.924789,69.344276",36975,536,127
1765244865,2025-12-09T01:47:45Z,KLM809,"32.878555,69.415138",36975,537,127
1765244901,2025-12-09T01:48:21Z,KLM809,"32.823853,69.49852",37000,537,127
1765244932,2025-12-09T01:48:52Z,KLM809,"32.775337,69.572159",36975,536,127
1765244964,2025-12-09T01:49:24Z,KLM809,"32.727249,69.645081",37000,537,127
1765244996,2025-12-09T01:49:56Z,KLM809,"32.677689,69.720009",36975,537,127
1765245027,2025-12-09T01:50:27Z,KLM809,"32.631454,69.789932",36975,535,127
1765245059,2025-12-09T01:50:59Z,KLM809,"32.58165,69.865135",37000,535,127
1765245092,2025-12-09T01:51:32Z,KLM809,"32.530704,69.941879",37000,536,128
1765245123,2025-12-09T01:52:03Z,KLM809,"32.483871,70.01239",37000,536,128
1765245154,2025-12-09T01:52:34Z,KLM809,"32.436401,70.083656",36975,537,128
1765245185,2025-12-09T01:53:05Z,KLM809,"32.389481,70.153854",36975,539,128
1765245217,2025-12-09T01:53:37Z,KLM809,"32.339142,70.230492",36975,540,127
1765245248,2025-12-09T01:54:08Z,KLM809,"32.292023,70.303436",37000,540,127
1765245279,2025-12-09T01:54:39Z,KLM809,"32.245193,70.375999",36975,539,127
1765245310,2025-12-09T01:55:10Z,KLM809,"32.198692,70.447868",36975,540,127
1765245342,2025-12-09T01:55:42Z,KLM809,"32.150253,70.522507",37000,540,127
1765245374,2025-12-09T01:56:14Z,KLM809,"32.101776,70.596878",37000,542,127
1765245406,2025-12-09T01:56:46Z,KLM809,"32.051514,70.673782",37000,543,127
1765245438,2025-12-09T01:57:18Z,KLM809,"32.004272,70.745964",37000,544,127
1765245469,2025-12-09T01:57:49Z,KLM809,"31.95476,70.821518",37000,543,127
1765245500,2025-12-09T01:58:20Z,KLM809,"31.91066,70.895821",36975,543,122
1765245533,2025-12-09T01:58:53Z,KLM809,"31.871059,70.978348",37000,544,117
1765245563,2025-12-09T01:59:23Z,KLM809,"31.835083,71.058578",37000,543,117
1765245596,2025-12-09T01:59:56Z,KLM809,"31.797134,71.1427",36975,543,117
1765245627,2025-12-09T02:00:27Z,KLM809,"31.760605,71.22345",36975,542,117
1765245657,2025-12-09T02:00:57Z,KLM809,"31.724167,71.303909",37000,542,117
1765245688,2025-12-09T02:01:28Z,KLM809,"31.68848,71.382515",36975,542,118
1765245720,2025-12-09T02:02:00Z,KLM809,"31.650421,71.466225",37000,541,118
1765245751,2025-12-09T02:02:31Z,KLM809,"31.613892,71.54631",37000,540,118
1765245783,2025-12-09T02:03:03Z,KLM809,"31.575871,71.629593",37000,539,118
1765245815,2025-12-09T02:03:35Z,KLM809,"31.538582,71.711006",37000,540,118
1765245848,2025-12-09T02:04:08Z,KLM809,"31.500549,71.79393",36975,538,118
1765245878,2025-12-09T02:04:38Z,KLM809,"31.46368,71.8741",37000,537,118
1765245910,2025-12-09T02:05:10Z,KLM809,"31.426298,71.955177",36975,534,118
1765245941,2025-12-09T02:05:41Z,KLM809,"31.390408,72.032791",37000,532,118
1765245974,2025-12-09T02:06:14Z,KLM809,"31.352234,72.11528",37000,529,118
1765246006,2025-12-09T02:06:46Z,KLM809,"31.314806,72.195938",36975,528,118
1765246036,2025-12-09T02:07:16Z,KLM809,"31.282974,72.273399",36975,521,107
1765246038,2025-12-09T02:07:18Z,KLM809,"31.281521,72.279053",36975,520,106
1765246041,2025-12-09T02:07:21Z,KLM809,"31.28009,72.285301",36975,519,104
1765246043,2025-12-09T02:07:23Z,KLM809,"31.278717,72.291817",36975,518,103
1765246045,2025-12-09T02:07:25Z,KLM809,"31.27775,72.296959",36975,517,102
1765246047,2025-12-09T02:07:27Z,KLM809,"31.276773,72.303001",36975,516,100
1765246049,2025-12-09T02:07:29Z,KLM809,"31.276016,72.308189",36975,515,98
1765246051,2025-12-09T02:07:31Z,KLM809,"31.27533,72.313988",36975,513,97
1765246053,2025-12-09T02:07:33Z,KLM809,"31.274689,72.320305",36975,513,96
1765246055,2025-12-09T02:07:35Z,KLM809,"31.274212,72.326073",36975,511,95
1765246058,2025-12-09T02:07:38Z,KLM809,"31.273819,72.33242",36975,511,93
1765246060,2025-12-09T02:07:40Z,KLM809,"31.27359,72.338989",36975,509,91
1765246062,2025-12-09T02:07:42Z,KLM809,"31.273514,72.3442",36975,508,90
1765246064,2025-12-09T02:07:44Z,KLM809,"31.273561,72.350739",37000,507,89
1765246066,2025-12-09T02:07:46Z,KLM809,"31.273701,72.356781",36975,506,87
1765246069,2025-12-09T02:07:49Z,KLM809,"31.273979,72.362221",37000,504,86
1765246071,2025-12-09T02:07:51Z,KLM809,"31.274351,72.368149",37000,503,85
1765246073,2025-12-09T02:07:53Z,KLM809,"31.274826,72.373299",37000,502,84
1765246075,2025-12-09T02:07:55Z,KLM809,"31.275513,72.379707",36975,501,83
1765246077,2025-12-09T02:07:57Z,KLM809,"31.276075,72.38485",36975,501,82
1765246079,2025-12-09T02:07:59Z,KLM809,"31.276726,72.390182",36975,501,82
1765246082,2025-12-09T02:08:02Z,KLM809,"31.277527,72.396889",36975,502,82
1765246084,2025-12-09T02:08:04Z,KLM809,"31.278259,72.403297",36975,501,82
1765246086,2025-12-09T02:08:06Z,KLM809,"31.278868,72.408417",36975,501,82
1765246088,2025-12-09T02:08:08Z,KLM809,"31.279566,72.414841",37000,501,82
1765246120,2025-12-09T02:08:40Z,KLM809,"31.289156,72.49971",37000,503,82
1765246152,2025-12-09T02:09:12Z,KLM809,"31.298885,72.585403",37000,504,82
1765246182,2025-12-09T02:09:42Z,KLM809,"31.307968,72.666534",37000,504,82
1765246214,2025-12-09T02:10:14Z,KLM809,"31.317719,72.754532",37000,505,82
1765246247,2025-12-09T02:10:47Z,KLM809,"31.327286,72.842262",37000,507,82
1765246279,2025-12-09T02:11:19Z,KLM809,"31.336807,72.930206",37000,506,82
1765246312,2025-12-09T02:11:52Z,KLM809,"31.346415,73.019035",36975,507,82
1765246344,2025-12-09T02:12:24Z,KLM809,"31.355759,73.105827",37000,507,82
1765246377,2025-12-09T02:12:57Z,KLM809,"31.36528,73.195122",37000,507,82
1765246407,2025-12-09T02:13:27Z,KLM809,"31.374161,73.278641",36975,507,82
1765246438,2025-12-09T02:13:58Z,KLM809,"31.382904,73.36158",37000,506,82
1765246470,2025-12-09T02:14:30Z,KLM809,"31.392242,73.450554",37000,505,82
1765246502,2025-12-09T02:15:02Z,KLM809,"31.401114,73.536491",37000,505,83
1765246534,2025-12-09T02:15:34Z,KLM809,"31.410051,73.622574",37000,504,83
1765246567,2025-12-09T02:16:07Z,KLM809,"31.419159,73.711044",36975,504,83
1765246599,2025-12-09T02:16:39Z,KLM809,"31.428085,73.798073",37000,503,83
1765246631,2025-12-09T02:17:11Z,KLM809,"31.436773,73.884209",36975,503,83
1765246661,2025-12-09T02:17:41Z,KLM809,"31.444565,73.96653",37000,504,85
1765246681,2025-12-09T02:18:01Z,KLM809,"31.444611,74.02076",36975,509,93
1765246683,2025-12-09T02:18:03Z,KLM809,"31.444336,74.025719",37000,510,94
1765246685,2025-12-09T02:18:05Z,KLM809,"31.443941,74.031479",36975,511,94
1765246687,2025-12-09T02:18:07Z,KLM809,"31.443512,74.037239",37000,511,95
1765246689,2025-12-09T02:18:09Z,KLM809,"31.442965,74.043076",37000,511,95
1765246691,2025-12-09T02:18:11Z,KLM809,"31.442413,74.04882",37000,512,96
1765246693,2025-12-09T02:18:13Z,KLM809,"31.441681,74.055443",36975,513,97
1765246696,2025-12-09T02:18:16Z,KLM809,"31.440962,74.061203",37000,513,98
1765246698,2025-12-09T02:18:18Z,KLM809,"31.440216,74.066376",37000,514,98
1765246700,2025-12-09T02:18:20Z,KLM809,"31.439333,74.072678",37000,514,99
1765246702,2025-12-09T02:18:22Z,KLM809,"31.438448,74.078171",36975,515,100
1765246704,2025-12-09T02:18:24Z,KLM809,"31.437561,74.083344",37000,515,101
1765246706,2025-12-09T02:18:26Z,KLM809,"31.436371,74.089912",37000,515,102
1765246709,2025-12-09T02:18:29Z,KLM809,"31.435043,74.09697",37000,516,102
1765246741,2025-12-09T02:19:01Z,KLM809,"31.418617,74.183205",36975,514,102
1765246773,2025-12-09T02:19:33Z,KLM809,"31.402222,74.270432",36975,514,102
1765246803,2025-12-09T02:20:03Z,KLM809,"31.386589,74.353218",37000,514,102
1765246835,2025-12-09T02:20:35Z,KLM809,"31.370407,74.438675",37000,516,102
1765246867,2025-12-09T02:21:07Z,KLM809,"31.351776,74.525162",37000,521,110
1765246871,2025-12-09T02:21:11Z,KLM809,"31.347626,74.536911",37000,522,112
1765246873,2025-12-09T02:21:13Z,KLM809,"31.345623,74.542068",36975,523,114
1765246876,2025-12-09T02:21:16Z,KLM809,"31.343033,74.548431",37000,524,116
1765246878,2025-12-09T02:21:18Z,KLM809,"31.340689,74.553719",36975,524,117
1765246880,2025-12-09T02:21:20Z,KLM809,"31.338501,74.558449",36975,524,118
1765246882,2025-12-09T02:21:22Z,KLM809,"31.335571,74.564316",36975,525,119
1765246884,2025-12-09T02:21:24Z,KLM809,"31.333195,74.568932",36975,526,121
1765246886,2025-12-09T02:21:26Z,KLM809,"31.329895,74.574928",36975,527,122
1765246889,2025-12-09T02:21:29Z,KLM809,"31.326769,74.58036",36975,528,124
1765246891,2025-12-09T02:21:31Z,KLM809,"31.323931,74.584976",36975,527,125
1765246893,2025-12-09T02:21:33Z,KLM809,"31.320236,74.590652",36975,528,126
1765246895,2025-12-09T02:21:35Z,KLM809,"31.317692,74.594475",36975,528,128
1765246897,2025-12-09T02:21:37Z,KLM809,"31.313643,74.600189",36975,528,129
1765246900,2025-12-09T02:21:40Z,KLM809,"31.309982,74.605141",36975,528,131
1765246902,2025-12-09T02:21:42Z,KLM809,"31.30652,74.609581",36975,528,132
1765246904,2025-12-09T02:21:44Z,KLM809,"31.30394,74.612679",37000,529,133
1765246906,2025-12-09T02:21:46Z,KLM809,"31.300186,74.617149",37000,528,134
1765246908,2025-12-09T02:21:48Z,KLM809,"31.295929,74.621941",36975,529,135
1765246910,2025-12-09T02:21:50Z,KLM809,"31.292181,74.62606",36975,530,136
1765246912,2025-12-09T02:21:52Z,KLM809,"31.288788,74.629753",36975,529,136
1765246914,2025-12-09T02:21:54Z,KLM809,"31.285217,74.633629",36975,530,136
1765246916,2025-12-09T02:21:56Z,KLM809,"31.280729,74.638535",36975,529,136
1765246919,2025-12-09T02:21:59Z,KLM809,"31.276978,74.642624",36975,530,136
1765246921,2025-12-09T02:22:01Z,KLM809,"31.273407,74.646553",36975,529,136
1765246923,2025-12-09T02:22:03Z,KLM809,"31.270023,74.650284",36975,529,136
1765246955,2025-12-09T02:22:35Z,KLM809,"31.212021,74.713867",37000,530,136
1765246987,2025-12-09T02:23:07Z,KLM809,"31.1548,74.776398",37000,529,136
1765247019,2025-12-09T02:23:39Z,KLM809,"31.098221,74.838219",36975,531,136
1765247050,2025-12-09T02:24:10Z,KLM809,"31.041451,74.900337",37000,532,136
1765247082,2025-12-09T02:24:42Z,KLM809,"30.98517,74.961746",36975,530,136
1765247114,2025-12-09T02:25:14Z,KLM809,"30.926971,75.025146",37000,530,136
1765247147,2025-12-09T02:25:47Z,KLM809,"30.869488,75.087654",36975,529,136
1765247177,2025-12-09T02:26:17Z,KLM809,"30.812164,75.142982",36975,528,146
1765247179,2025-12-09T02:26:19Z,KLM809,"30.807632,75.146378",36975,528,147
1765247181,2025-12-09T02:26:21Z,KLM809,"30.802872,75.149887",36975,528,147
1765247184,2025-12-09T02:26:24Z,KLM809,"30.798935,75.152786",37000,528,147
1765247186,2025-12-09T02:26:26Z,KLM809,"30.79505,75.155716",36975,528,146
1765247188,2025-12-09T02:26:28Z,KLM809,"30.789551,75.160004",36975,528,146
1765247190,2025-12-09T02:26:30Z,KLM809,"30.785934,75.16291",36975,528,145
1765247192,2025-12-09T02:26:32Z,KLM809,"30.781736,75.166313",36975,528,144
1765247194,2025-12-09T02:26:34Z,KLM809,"30.776733,75.170395",36975,528,144
1765247227,2025-12-09T02:27:07Z,KLM809,"30.713242,75.225327",36975,528,142
1765247257,2025-12-09T02:27:37Z,KLM809,"30.654694,75.276649",37000,529,142
1765247289,2025-12-09T02:28:09Z,KLM809,"30.591156,75.331581",36975,528,143
1765247322,2025-12-09T02:28:42Z,KLM809,"30.52677,75.386536",36975,528,143
1765247352,2025-12-09T02:29:12Z,KLM809,"30.466553,75.437408",37000,528,143
1765247384,2025-12-09T02:29:44Z,KLM809,"30.40329,75.490509",37000,528,143
1765247416,2025-12-09T02:30:16Z,KLM809,"30.339956,75.543587",36975,525,143
1765247447,2025-12-09T02:30:47Z,KLM809,"30.279299,75.594345",36975,525,144
1765247480,2025-12-09T02:31:20Z,KLM809,"30.214823,75.648232",36975,524,143
1765247513,2025-12-09T02:31:53Z,KLM809,"30.150513,75.701942",37000,524,144
1765247544,2025-12-09T02:32:24Z,KLM809,"30.089691,75.752708",37000,525,144
1765247575,2025-12-09T02:32:55Z,KLM809,"30.027962,75.804184",37000,523,144
1765247607,2025-12-09T02:33:27Z,KLM809,"29.96563,75.856255",36975,524,143
1765247639,2025-12-09T02:33:59Z,KLM809,"29.902039,75.909225",37000,524,144
1765247670,2025-12-09T02:34:30Z,KLM809,"29.841705,75.959473",37000,525,143
1765247703,2025-12-09T02:35:03Z,KLM809,"29.777481,76.012924",37000,525,143
1765247733,2025-12-09T02:35:33Z,KLM809,"29.717039,76.063194",37000,524,143
1765247764,2025-12-09T02:36:04Z,KLM809,"29.65654,76.113281",36975,525,144
1765247797,2025-12-09T02:36:37Z,KLM809,"29.592499,76.166313",36975,527,144
1765247829,2025-12-09T02:37:09Z,KLM809,"29.52883,76.218941",36975,528,144
1765247861,2025-12-09T02:37:41Z,KLM809,"29.464233,76.27211",36975,528,144
1765247892,2025-12-09T02:38:12Z,KLM809,"29.402672,76.32267",36975,524,144
1765247925,2025-12-09T02:38:45Z,KLM809,"29.33812,76.3759",37000,521,144
1765247955,2025-12-09T02:39:15Z,KLM809,"29.278931,76.424385",37000,520,144
1765247988,2025-12-09T02:39:48Z,KLM809,"29.215393,76.476517",37000,522,144
1765248020,2025-12-09T02:40:20Z,KLM809,"29.151306,76.528915",36975,522,144
1765248051,2025-12-09T02:40:51Z,KLM809,"29.090286,76.578773",37000,523,144
1765248084,2025-12-09T02:41:24Z,KLM809,"29.025513,76.631645",37000,524,144
1765248117,2025-12-09T02:41:57Z,KLM809,"28.960281,76.684784",36975,524,144
1765248147,2025-12-09T02:42:27Z,KLM809,"28.900793,76.7332",37000,523,144
1765248179,2025-12-09T02:42:59Z,KLM809,"28.837202,76.78479",37000,523,144
1765248210,2025-12-09T02:43:30Z,KLM809,"28.776731,76.833855",37000,524,144
1765248242,2025-12-09T02:44:02Z,KLM809,"28.713793,76.884804",37000,525,144
1765248272,2025-12-09T02:44:32Z,KLM809,"28.653259,76.933716",37000,526,144
1765248305,2025-12-09T02:45:05Z,KLM809,"28.58812,76.986328",36975,526,144
1765248336,2025-12-09T02:45:36Z,KLM809,"28.526093,77.03624",36975,525,144
1765248368,2025-12-09T02:46:08Z,KLM809,"28.462597,77.087296",37000,528,144
1765248400,2025-12-09T02:46:40Z,KLM809,"28.399054,77.13813",36975,527,144
1765248432,2025-12-09T02:47:12Z,KLM809,"28.335323,77.1894",37000,526,144
1765248464,2025-12-09T02:47:44Z,KLM809,"28.272245,77.240028",37000,522,144
1765248496,2025-12-09T02:48:16Z,KLM809,"28.207491,77.291832",36975,521,144
1765248529,2025-12-09T02:48:49Z,KLM809,"28.143814,77.342644",37000,521,144
1765248561,2025-12-09T02:49:21Z,KLM809,"28.079956,77.393768",37000,522,144
1765248594,2025-12-09T02:49:54Z,KLM809,"28.015366,77.445213",37000,524,144
1765248626,2025-12-09T02:50:26Z,KLM809,"27.95137,77.496185",36975,520,144
1765248658,2025-12-09T02:50:58Z,KLM809,"27.888235,77.546257",36975,513,144
1765248691,2025-12-09T02:51:31Z,KLM809,"27.825485,77.59581",37000,513,145
1765248721,2025-12-09T02:52:01Z,KLM809,"27.767487,77.641678",36975,514,144
1765248753,2025-12-09T02:52:33Z,KLM809,"27.704353,77.691719",36975,511,144
1765248786,2025-12-09T02:53:06Z,KLM809,"27.640869,77.741852",37000,512,144
1765248818,2025-12-09T02:53:38Z,KLM809,"27.578709,77.790916",36975,508,144
1765248850,2025-12-09T02:54:10Z,KLM809,"27.517401,77.839142",37000,507,145
1765248880,2025-12-09T02:54:40Z,KLM809,"27.458838,77.885147",37000,507,145
1765248913,2025-12-09T02:55:13Z,KLM809,"27.395666,77.934792",37000,506,144
1765248945,2025-12-09T02:55:45Z,KLM809,"27.334217,77.983017",36975,504,145
1765248977,2025-12-09T02:56:17Z,KLM809,"27.273148,78.030762",37000,502,144
1765249009,2025-12-09T02:56:49Z,KLM809,"27.212311,78.078331",37000,503,145
1765249041,2025-12-09T02:57:21Z,KLM809,"27.15065,78.126472",37000,504,145
1765249073,2025-12-09T02:57:53Z,KLM809,"27.088898,78.174721",37000,504,144
1765249103,2025-12-09T02:58:23Z,KLM809,"27.030231,78.220436",37000,507,145
1765249136,2025-12-09T02:58:56Z,KLM809,"26.967819,78.268936",37000,510,145
1765249168,2025-12-09T02:59:28Z,KLM809,"26.904772,78.31794",37000,510,145
1765249200,2025-12-09T03:00:00Z,KLM809,"26.842159,78.366486",37000,510,145
1765249231,2025-12-09T03:00:31Z,KLM809,"26.782759,78.412437",36975,509,145
1765249262,2025-12-09T03:01:02Z,KLM809,"26.723219,78.458542",36975,505,145
1765249293,2025-12-09T03:01:33Z,KLM809,"26.662701,78.505135",36975,499,145
1765249326,2025-12-09T03:02:06Z,KLM809,"26.601288,78.552559",37000,497,145
1765249357,2025-12-09T03:02:37Z,KLM809,"26.542374,78.598061",36975,494,145
1765249389,2025-12-09T03:03:09Z,KLM809,"26.481491,78.644798",37000,491,145
1765249420,2025-12-09T03:03:40Z,KLM809,"26.424261,78.688728",36975,492,145
1765249451,2025-12-09T03:04:11Z,KLM809,"26.365511,78.733734",36975,494,145
1765249484,2025-12-09T03:04:44Z,KLM809,"26.304575,78.780479",37000,491,145
1765249514,2025-12-09T03:05:14Z,KLM809,"26.247757,78.824005",37000,492,145
1765249546,2025-12-09T03:05:46Z,KLM809,"26.186333,78.87101",36975,492,145
1765249579,2025-12-09T03:06:19Z,KLM809,"26.125397,78.917595",37000,491,145
1765249612,2025-12-09T03:06:52Z,KLM809,"26.063873,78.9646",37000,491,145
1765249644,2025-12-09T03:07:24Z,KLM809,"26.003723,79.010353",36975,491,145
1765249677,2025-12-09T03:07:57Z,KLM809,"25.942154,79.057152",37000,491,145
1765249707,2025-12-09T03:08:27Z,KLM809,"25.883835,79.101456",37000,490,145
1765249738,2025-12-09T03:08:58Z,KLM809,"25.82753,79.144135",36975,489,145
1765249771,2025-12-09T03:09:31Z,KLM809,"25.765266,79.191368",37000,489,145
1765249804,2025-12-09T03:10:04Z,KLM809,"25.703445,79.238014",37000,490,145
1765249836,2025-12-09T03:10:36Z,KLM809,"25.646372,79.287292",37000,499,138
1765249866,2025-12-09T03:11:06Z,KLM809,"25.59581,79.342194",36975,502,133
1765249899,2025-12-09T03:11:39Z,KLM809,"25.542887,79.403061",37000,501,133
1765249932,2025-12-09T03:12:12Z,KLM809,"25.490295,79.463448",36975,500,133
1765249962,2025-12-09T03:12:42Z,KLM809,"25.441269,79.519707",36975,497,133
1765249993,2025-12-09T03:13:13Z,KLM809,"25.392244,79.575943",37000,497,133
1765250024,2025-12-09T03:13:44Z,KLM809,"25.342945,79.632431",37000,498,133
1765250055,2025-12-09T03:14:15Z,KLM809,"25.292902,79.68959",36975,499,133
1765250088,2025-12-09T03:14:48Z,KLM809,"25.240265,79.749657",37000,501,133
1765250121,2025-12-09T03:15:21Z,KLM809,"25.186752,79.810738",36975,500,133
1765250152,2025-12-09T03:15:52Z,KLM809,"25.136856,79.867554",36975,500,134
1765250184,2025-12-09T03:16:24Z,KLM809,"25.084946,79.926605",37000,500,134
1765250216,2025-12-09T03:16:56Z,KLM809,"25.033173,79.985352",36975,497,134
1765250247,2025-12-09T03:17:27Z,KLM809,"24.983143,80.042137",37000,500,134
1765250278,2025-12-09T03:17:58Z,KLM809,"24.933929,80.098015",36975,501,134
1765250310,2025-12-09T03:18:30Z,KLM809,"24.881241,80.157722",36975,501,134
1765250341,2025-12-09T03:19:01Z,KLM809,"24.832214,80.213112",36975,497,134
1765250374,2025-12-09T03:19:34Z,KLM809,"24.779388,80.272469",37000,497,134
1765250404,2025-12-09T03:20:04Z,KLM809,"24.730179,80.32766",37000,500,134
1765250437,2025-12-09T03:20:37Z,KLM809,"24.677719,80.38681",37000,501,134
1765250467,2025-12-09T03:21:07Z,KLM809,"24.628042,80.442879",37000,502,134
1765250498,2025-12-09T03:21:38Z,KLM809,"24.577698,80.49942",37000,499,134
1765250529,2025-12-09T03:22:09Z,KLM809,"24.527723,80.555542",37000,500,134
1765250562,2025-12-09T03:22:42Z,KLM809,"24.474792,80.614822",36975,502,134
1765250593,2025-12-09T03:23:13Z,KLM809,"24.424097,80.671623",36975,501,134
1765250625,2025-12-09T03:23:45Z,KLM809,"24.371887,80.729828",37000,501,134
1765250656,2025-12-09T03:24:16Z,KLM809,"24.321449,80.786148",36975,499,134
1765250687,2025-12-09T03:24:47Z,KLM809,"24.271034,80.842529",37000,499,134
1765250720,2025-12-09T03:25:20Z,KLM809,"24.218307,80.901131",37000,499,134
1765250753,2025-12-09T03:25:53Z,KLM809,"24.164848,80.96048",36975,500,134
1765250785,2025-12-09T03:26:25Z,KLM809,"24.111969,81.019188",37000,501,134
1765250816,2025-12-09T03:26:56Z,KLM809,"24.06221,81.074471",36975,499,134
1765250849,2025-12-09T03:27:29Z,KLM809,"24.009317,81.132996",36975,494,134
1765250879,2025-12-09T03:27:59Z,KLM809,"23.960157,81.187462",37000,494,134
1765250912,2025-12-09T03:28:32Z,KLM809,"23.908127,81.244965",37000,494,134
1765250942,2025-12-09T03:29:02Z,KLM809,"23.859192,81.298981",37000,493,134
1765250975,2025-12-09T03:29:35Z,KLM809,"23.807095,81.358009",36975,489,132
1765251006,2025-12-09T03:30:06Z,KLM809,"23.760868,81.415115",37000,491,130
1765251038,2025-12-09T03:30:38Z,KLM809,"23.713623,81.476692",36975,493,129
1765251070,2025-12-09T03:31:10Z,KLM809,"23.667484,81.536797",37000,494,129
1765251100,2025-12-09T03:31:40Z,KLM809,"23.62262,81.595154",36975,495,129
1765251131,2025-12-09T03:32:11Z,KLM809,"23.577406,81.653915",36975,495,129
1765251164,2025-12-09T03:32:44Z,KLM809,"23.528595,81.717308",37000,496,129
1765251195,2025-12-09T03:33:15Z,KLM809,"23.482819,81.77668",36975,496,129
1765251228,2025-12-09T03:33:48Z,KLM809,"23.434525,81.839104",37000,498,130
1765251258,2025-12-09T03:34:18Z,KLM809,"23.388636,81.898552",37000,499,129
1765251289,2025-12-09T03:34:49Z,KLM809,"23.343388,81.95694",36975,498,130
1765251320,2025-12-09T03:35:20Z,KLM809,"23.297346,82.016296",37000,496,129
1765251351,2025-12-09T03:35:51Z,KLM809,"23.250504,82.076714",37000,495,130
1765251384,2025-12-09T03:36:24Z,KLM809,"23.203079,82.137703",36975,494,130
1765251415,2025-12-09T03:36:55Z,KLM809,"23.157486,82.196259",37000,494,130
1765251447,2025-12-09T03:37:27Z,KLM809,"23.108856,82.258705",36975,495,130
1765251480,2025-12-09T03:38:00Z,KLM809,"23.061539,82.319458",37000,491,130
1765251510,2025-12-09T03:38:30Z,KLM809,"23.016815,82.376839",37000,487,130
1765251542,2025-12-09T03:39:02Z,KLM809,"22.970457,82.436165",36975,483,130
1765251573,2025-12-09T03:39:33Z,KLM809,"22.925812,82.493294",37000,483,130
1765251606,2025-12-09T03:40:06Z,KLM809,"22.878143,82.554016",37000,483,130
1765251638,2025-12-09T03:40:38Z,KLM809,"22.8311,82.613991",37000,483,130
1765251669,2025-12-09T03:41:09Z,KLM809,"22.786835,82.670418",36975,482,130
1765251701,2025-12-09T03:41:41Z,KLM809,"22.74028,82.729645",36975,482,130
1765251732,2025-12-09T03:42:12Z,KLM809,"22.695694,82.786377",37000,483,130
1765251765,2025-12-09T03:42:45Z,KLM809,"22.649139,82.845451",37000,485,130
1765251795,2025-12-09T03:43:15Z,KLM809,"22.604137,82.90258",36975,485,130
1765251826,2025-12-09T03:43:46Z,KLM809,"22.558657,82.960205",37000,485,130
1765251858,2025-12-09T03:44:18Z,KLM809,"22.511307,83.020134",37000,485,130
1765251889,2025-12-09T03:44:49Z,KLM809,"22.466854,83.076324",36975,484,130
1765251922,2025-12-09T03:45:22Z,KLM809,"22.419571,83.135994",37000,483,130
1765251953,2025-12-09T03:45:53Z,KLM809,"22.374161,83.193321",37000,484,130
1765251985,2025-12-09T03:46:25Z,KLM809,"22.326233,83.253647",37000,485,130
1765252016,2025-12-09T03:46:56Z,KLM809,"22.281624,83.309784",37000,486,130
1765252047,2025-12-09T03:47:27Z,KLM809,"22.236561,83.366295",37000,484,130
1765252080,2025-12-09T03:48:00Z,KLM809,"22.188538,83.426582",37000,484,130
1765252111,2025-12-09T03:48:31Z,KLM809,"22.143456,83.483124",37000,482,130
1765252142,2025-12-09T03:49:02Z,KLM809,"22.098627,83.539375",36975,482,130
1765252172,2025-12-09T03:49:32Z,KLM809,"22.053192,83.596245",37000,482,130
1765252204,2025-12-09T03:50:04Z,KLM809,"22.007217,83.653694",37000,483,130
1765252237,2025-12-09T03:50:37Z,KLM809,"21.959244,83.713623",37000,483,130
1765252269,2025-12-09T03:51:09Z,KLM809,"21.911865,83.772751",37000,484,130
1765252300,2025-12-09T03:51:40Z,KLM809,"21.866331,83.829498",37000,484,130
1765252332,2025-12-09T03:52:12Z,KLM809,"21.820679,83.886208",37000,485,130
1765252363,2025-12-09T03:52:43Z,KLM809,"21.774994,83.943085",36975,483,130
1765252395,2025-12-09T03:53:15Z,KLM809,"21.727419,84.002228",37000,484,130
1765252427,2025-12-09T03:53:47Z,KLM809,"21.681473,84.059242",36975,484,130
1765252458,2025-12-09T03:54:18Z,KLM809,"21.635059,84.116722",37000,487,130
1765252491,2025-12-09T03:54:51Z,KLM809,"21.586924,84.176384",37000,487,130
1765252521,2025-12-09T03:55:21Z,KLM809,"21.542175,84.231682",36975,486,130
1765252554,2025-12-09T03:55:54Z,KLM809,"21.493515,84.291756",37000,485,130
1765252585,2025-12-09T03:56:25Z,KLM809,"21.447639,84.348351",37000,485,130
1765252618,2025-12-09T03:56:58Z,KLM809,"21.399691,84.407555",36975,484,130
1765252648,2025-12-09T03:57:28Z,KLM809,"21.354397,84.463348",37000,483,130
1765252679,2025-12-09T03:57:59Z,KLM809,"21.308775,84.519348",37000,483,130
1765252710,2025-12-09T03:58:30Z,KLM809,"21.263672,84.574753",36975,482,130
1765252742,2025-12-09T03:59:02Z,KLM809,"21.217209,84.631882",36975,479,130
1765252774,2025-12-09T03:59:34Z,KLM809,"21.171307,84.68821",36975,478,131
1765252805,2025-12-09T04:00:05Z,KLM809,"21.125824,84.743858",37000,478,131
1765252835,2025-12-09T04:00:35Z,KLM809,"21.080622,84.799141",36975,477,131
1765252866,2025-12-09T04:01:06Z,KLM809,"21.036392,84.853157",37000,479,131
1765252897,2025-12-09T04:01:37Z,KLM809,"20.991074,84.908524",36975,479,131
1765252929,2025-12-09T04:02:09Z,KLM809,"20.944084,84.965866",37000,480,131
1765252962,2025-12-09T04:02:42Z,KLM809,"20.895344,85.024742",36975,481,132
1765252993,2025-12-09T04:03:13Z,KLM809,"20.847702,85.076996",36975,480,134
1765253026,2025-12-09T04:03:46Z,KLM809,"20.795956,85.132957",36975,480,134
1765253058,2025-12-09T04:04:18Z,KLM809,"20.745586,85.187889",36975,480,134
1765253089,2025-12-09T04:04:49Z,KLM809,"20.697693,85.240517",37000,482,133
1765253120,2025-12-09T04:05:20Z,KLM809,"20.649948,85.293243",37000,481,133
1765253152,2025-12-09T04:05:52Z,KLM809,"20.600203,85.348038",36975,480,133
1765253183,2025-12-09T04:06:23Z,KLM809,"20.552444,85.40065",37000,480,134
1765253216,2025-12-09T04:06:56Z,KLM809,"20.501724,85.456512",36975,480,133
1765253246,2025-12-09T04:07:26Z,KLM809,"20.454029,85.508987",36975,478,133
1765253277,2025-12-09T04:07:57Z,KLM809,"20.406826,85.560722",36975,477,134
1765253310,2025-12-09T04:08:30Z,KLM809,"20.356659,85.615623",37000,478,134
1765253343,2025-12-09T04:09:03Z,KLM809,"20.305807,85.671188",37000,478,134
1765253375,2025-12-09T04:09:35Z,KLM809,"20.256275,85.725273",36975,478,134
1765253406,2025-12-09T04:10:06Z,KLM809,"20.207245,85.778801",37000,479,134
1765253439,2025-12-09T04:10:39Z,KLM809,"20.157349,85.833092",36975,478,134
1765253470,2025-12-09T04:11:10Z,KLM809,"20.109009,85.88562",37000,478,134
1765253502,2025-12-09T04:11:42Z,KLM809,"20.059034,85.939903",37000,478,134
1765253533,2025-12-09T04:12:13Z,KLM809,"20.011093,85.991905",36975,480,134
1765253564,2025-12-09T04:12:44Z,KLM809,"19.962669,86.044472",37000,480,134
1765253596,2025-12-09T04:13:16Z,KLM809,"19.913231,86.098007",37000,479,134
1765253627,2025-12-09T04:13:47Z,KLM809,"19.864883,86.150177",36975,478,134
1765253659,2025-12-09T04:14:19Z,KLM809,"19.814121,86.205124",36975,479,134
1765253690,2025-12-09T04:14:50Z,KLM809,"19.766373,86.256607",37000,479,134
1765253723,2025-12-09T04:15:23Z,KLM809,"19.715618,86.311394",37000,478,134
1765253755,2025-12-09T04:15:55Z,KLM809,"19.664875,86.366173",37000,480,134
1765253787,2025-12-09T04:16:27Z,KLM809,"19.616409,86.418503",36975,480,134
1765253819,2025-12-09T04:16:59Z,KLM809,"19.565813,86.472992",37000,479,134
1765253851,2025-12-09T04:17:31Z,KLM809,"19.516514,86.525925",37000,480,134
1765253882,2025-12-09T04:18:02Z,KLM809,"19.468052,86.577957",37000,482,134
1765253915,2025-12-09T04:18:35Z,KLM809,"19.415915,86.633942",37000,483,134
1765253948,2025-12-09T04:19:08Z,KLM809,"19.364521,86.688972",37000,485,134
1765253979,2025-12-09T04:19:39Z,KLM809,"19.315109,86.741913",37000,486,134
1765254012,2025-12-09T04:20:12Z,KLM809,"19.263781,86.796837",37000,485,134
1765254043,2025-12-09T04:20:43Z,KLM809,"19.214251,86.849823",37000,484,134
1765254073,2025-12-09T04:21:13Z,KLM809,"19.166674,86.900658",37000,484,134
1765254106,2025-12-09T04:21:46Z,KLM809,"19.115204,86.955559",36975,481,134
1765254136,2025-12-09T04:22:16Z,KLM809,"19.067377,87.006477",37000,480,134
1765254167,2025-12-09T04:22:47Z,KLM809,"19.018753,87.058365",37000,480,134
1765254198,2025-12-09T04:23:18Z,KLM809,"18.970409,87.109795",37000,479,134
1765254230,2025-12-09T04:23:50Z,KLM809,"18.920925,87.162384",37000,481,134
1765254264,2025-12-09T04:24:24Z,KLM809,"18.86725,87.219261",36975,479,134
1765254296,2025-12-09T04:24:56Z,KLM809,"18.817291,87.272499",36975,478,134
1765254327,2025-12-09T04:25:27Z,KLM809,"18.768539,87.324097",37000,478,134
1765254358,2025-12-09T04:25:58Z,KLM809,"18.720108,87.375443",37000,478,134
1765254389,2025-12-09T04:26:29Z,KLM809,"18.67173,87.426651",36975,480,134
1765254422,2025-12-09T04:27:02Z,KLM809,"18.619917,87.481438",37000,481,134
1765254453,2025-12-09T04:27:33Z,KLM809,"18.571014,87.533127",37000,480,134
1765254484,2025-12-09T04:28:04Z,KLM809,"18.521925,87.584953",37000,479,134
1765254516,2025-12-09T04:28:36Z,KLM809,"18.47319,87.636322",36975,478,134
1765254546,2025-12-09T04:29:06Z,KLM809,"18.425354,87.68679",36975,478,134
1765254578,2025-12-09T04:29:38Z,KLM809,"18.37538,87.739365",37000,478,134
1765254610,2025-12-09T04:30:10Z,KLM809,"18.324646,87.792732",36975,480,134
1765254641,2025-12-09T04:30:41Z,KLM809,"18.275803,87.843933",37000,482,135
1765254673,2025-12-09T04:31:13Z,KLM809,"18.225946,87.895668",36975,482,135
1765254705,2025-12-09T04:31:45Z,KLM809,"18.175064,87.948448",37000,482,135
1765255100,2025-12-09T04:38:20Z,KLM809,"17.55304,88.589561",36975,471,135
1765255132,2025-12-09T04:38:52Z,KLM809,"17.50415,88.639915",36975,471,135
1765255162,2025-12-09T04:39:22Z,KLM809,"17.456251,88.688995",37000,473,135
1765255202,2025-12-09T04:40:02Z,KLM809,"17.394882,88.751701",37000,475,135
1765256223,2025-12-09T04:57:03Z,KLM809,"15.779285,90.416962",37000,479,135
1765256888,2025-12-09T05:08:08Z,KLM809,"14.736877,91.498589",36975,485,135
1765256920,2025-12-09T05:08:40Z,KLM809,"14.688115,91.548882",37000,485,135
1765256952,2025-12-09T05:09:12Z,KLM809,"14.635529,91.602913",37000,483,135
1765256984,2025-12-09T05:09:44Z,KLM809,"14.586319,91.653488",37000,483,135
1765257015,2025-12-09T05:10:15Z,KLM809,"14.539521,91.70163",37000,484,135
1765257048,2025-12-09T05:10:48Z,KLM809,"14.499858,91.742348",36975,483,135
1765257079,2025-12-09T05:11:19Z,KLM809,"14.43457,91.809334",37000,484,135
1765257130,2025-12-09T05:12:10Z,KLM809,"14.354736,91.891258",36975,485,135
1765257162,2025-12-09T05:12:42Z,KLM809,"14.302011,91.945305",37000,485,135
1765257194,2025-12-09T05:13:14Z,KLM809,"14.252247,91.996284",37000,486,134
1765257225,2025-12-09T05:13:45Z,KLM809,"14.20253,92.048431",36975,486,134
1765257259,2025-12-09T05:14:19Z,KLM809,"14.148926,92.104927",36975,487,134
1765257290,2025-12-09T05:14:50Z,KLM809,"14.099991,92.156494",36975,487,134
1765257321,2025-12-09T05:15:21Z,KLM809,"14.05069,92.208397",37000,488,134
1765257354,2025-12-09T05:15:54Z,KLM809,"13.998825,92.262993",36975,487,134
1765257386,2025-12-09T05:16:26Z,KLM809,"13.949052,92.315323",37000,487,134
1765257418,2025-12-09T05:16:58Z,KLM809,"13.897339,92.368263",37000,487,135
1765257450,2025-12-09T05:17:30Z,KLM809,"13.846298,92.419312",36975,485,135
1765257481,2025-12-09T05:18:01Z,KLM809,"13.795898,92.469604",37000,486,135
1765257513,2025-12-09T05:18:33Z,KLM809,"13.745773,92.519562",36975,486,135
1765257544,2025-12-09T05:19:04Z,KLM809,"13.694644,92.570702",37000,485,135
1765257575,2025-12-09T05:19:35Z,KLM809,"13.644287,92.621094",36975,484,135
1765257606,2025-12-09T05:20:06Z,KLM809,"13.594045,92.671364",36975,483,135
1765257638,2025-12-09T05:20:38Z,KLM809,"13.543625,92.721817",37000,482,135
1765257669,2025-12-09T05:21:09Z,KLM809,"13.493042,92.772293",37000,482,135
1765257700,2025-12-09T05:21:40Z,KLM809,"13.442825,92.822395",37000,480,135
1765257732,2025-12-09T05:22:12Z,KLM809,"13.392609,92.872406",37000,480,135
1765257763,2025-12-09T05:22:43Z,KLM809,"13.343033,92.921745",37000,480,135
1765257795,2025-12-09T05:23:15Z,KLM809,"13.292992,92.971512",36975,480,135
1765257826,2025-12-09T05:23:46Z,KLM809,"13.242622,93.021721",36975,478,135
1765257857,2025-12-09T05:24:17Z,KLM809,"13.19309,93.071014",37000,477,135
1765257888,2025-12-09T05:24:48Z,KLM809,"13.143402,93.120354",37000,477,135
1765257920,2025-12-09T05:25:20Z,KLM809,"13.094101,93.169319",37000,478,135
1765257951,2025-12-09T05:25:51Z,KLM809,"13.04403,93.21904",36975,477,135
1765257982,2025-12-09T05:26:22Z,KLM809,"12.994263,93.268387",36975,477,135
1765258013,2025-12-09T05:26:53Z,KLM809,"12.944321,93.317871",37000,478,135
1765258046,2025-12-09T05:27:26Z,KLM809,"12.892782,93.36895",37000,480,135
1765258078,2025-12-09T05:27:58Z,KLM809,"12.841761,93.419495",37000,482,135
1765258109,2025-12-09T05:28:29Z,KLM809,"12.792322,93.468452",37000,482,135
1765258140,2025-12-09T05:29:00Z,KLM809,"12.741859,93.518417",37000,482,135
1765258171,2025-12-09T05:29:31Z,KLM809,"12.691223,93.568474",37000,481,135
1765258203,2025-12-09T05:30:03Z,KLM809,"12.641693,93.617294",36975,477,135
1765258234,2025-12-09T05:30:34Z,KLM809,"12.592008,93.666351",37000,476,135
1765258268,2025-12-09T05:31:08Z,KLM809,"12.537635,93.719978",36975,477,135
1765258300,2025-12-09T05:31:40Z,KLM809,"12.487358,93.769562",36975,478,135
1765258331,2025-12-09T05:32:11Z,KLM809,"12.437966,93.818275",36975,478,135
1765258362,2025-12-09T05:32:42Z,KLM809,"12.388092,93.86747",37000,478,135
1765258393,2025-12-09T05:33:13Z,KLM809,"12.337832,93.916962",37000,478,135
1765258425,2025-12-09T05:33:45Z,KLM809,"12.288347,93.96563",37000,478,135
1765258456,2025-12-09T05:34:16Z,KLM809,"12.238164,94.014923",36975,479,135
1765258487,2025-12-09T05:34:47Z,KLM809,"12.1884,94.064171",37000,480,135
1765258518,2025-12-09T05:35:18Z,KLM809,"12.139054,94.113319",36975,480,135
1765258550,2025-12-09T05:35:50Z,KLM809,"12.08844,94.163673",37000,482,135
1765258581,2025-12-09T05:36:21Z,KLM809,"12.039107,94.212585",37000,484,135
1765258613,2025-12-09T05:36:53Z,KLM809,"11.985991,94.265198",36975,485,135
1765258645,2025-12-09T05:37:25Z,KLM809,"11.936133,94.314735",37000,485,135
1765258676,2025-12-09T05:37:56Z,KLM809,"11.884689,94.365784",36975,485,135
1765258707,2025-12-09T05:38:27Z,KLM809,"11.835892,94.415558",37000,488,133
1765258738,2025-12-09T05:38:58Z,KLM809,"11.788376,94.469353",37000,489,130
1765258770,2025-12-09T05:39:30Z,KLM809,"11.740754,94.525352",36975,489,130
1765258802,2025-12-09T05:40:02Z,KLM809,"11.69504,94.579079",37000,489,130
1765259179,2025-12-09T05:46:19Z,KLM809,"11.139404,95.229347",37000,479,130
1765259214,2025-12-09T05:46:54Z,KLM809,"11.088231,95.289001",37000,479,130
1765259249,2025-12-09T05:47:29Z,KLM809,"11.037117,95.348557",37000,479,131
1765259283,2025-12-09T05:48:03Z,KLM809,"10.987585,95.406189",37000,480,131
1765259317,2025-12-09T05:48:37Z,KLM809,"10.937622,95.464417",36975,482,131
1765259350,2025-12-09T05:49:10Z,KLM809,"10.888057,95.522125",37000,483,131
1765259384,2025-12-09T05:49:44Z,KLM809,"10.838425,95.579872",37000,482,131
1765259418,2025-12-09T05:50:18Z,KLM809,"10.78918,95.637047",36975,481,131
1765259452,2025-12-09T05:50:52Z,KLM809,"10.739509,95.694725",37000,482,131
1765259484,2025-12-09T05:51:24Z,KLM809,"10.691849,95.749969",36975,484,131
1765259518,2025-12-09T05:51:58Z,KLM809,"10.641097,95.808975",37000,486,131
1765259551,2025-12-09T05:52:31Z,KLM809,"10.592102,95.865707",37000,488,131
1765259580,2025-12-09T05:53:00Z,KLM809,"10.549484,95.915192",37000,490,131
1765259640,2025-12-09T05:54:00Z,KLM809,"10.460266,96.018463",37000,488,131
1765259674,2025-12-09T05:54:34Z,KLM809,"10.408127,96.078789",37000,488,131
1765259708,2025-12-09T05:55:08Z,KLM809,"10.357687,96.137146",37000,486,131
1765259744,2025-12-09T05:55:44Z,KLM809,"10.304626,96.198479",36975,486,131
1765259775,2025-12-09T05:56:15Z,KLM809,"10.258204,96.252167",36975,485,131
1765259824,2025-12-09T05:57:04Z,KLM809,"10.186066,96.335388",36975,483,131
1765259857,2025-12-09T05:57:37Z,KLM809,"10.138596,96.39032",37000,483,131
1765259888,2025-12-09T05:58:08Z,KLM809,"10.093048,96.442833",37000,484,131
1765259938,2025-12-09T05:58:58Z,KLM809,"10.017471,96.529465",37000,485,132
1765259974,2025-12-09T05:59:34Z,KLM809,"9.959758,96.587959",36975,485,136
1765260018,2025-12-09T06:00:18Z,KLM809,"9.8871,96.656136",36975,482,137
1765260063,2025-12-09T06:01:03Z,KLM809,"9.813217,96.72554",36975,481,137
1765260100,2025-12-09T06:01:40Z,KLM809,"9.755081,96.780144",37000,479,137
1765260134,2025-12-09T06:02:14Z,KLM809,"9.697128,96.834473",36975,478,137
1765260165,2025-12-09T06:02:45Z,KLM809,"9.646591,96.881866",36975,480,137
1765260200,2025-12-09T06:03:20Z,KLM809,"9.590286,96.934746",36975,460,137
1765260235,2025-12-09T06:03:55Z,KLM809,"9.535172,96.986374",37000,476,137
1765260268,2025-12-09T06:04:28Z,KLM809,"9.481567,97.036507",37000,476,137
1765260305,2025-12-09T06:05:05Z,KLM809,"9.421195,97.093048",37000,440,137
1765260335,2025-12-09T06:05:35Z,KLM809,"9.372299,97.138832",36975,474,137
1765260368,2025-12-09T06:06:08Z,KLM809,"9.323389,97.184494",36975,474,137
1765260400,2025-12-09T06:06:40Z,KLM809,"9.267573,97.236725",37000,474,137
1765260430,2025-12-09T06:07:10Z,KLM809,"9.21904,97.282074",36975,473,137
1765260462,2025-12-09T06:07:42Z,KLM809,"9.168823,97.329094",37000,474,137
1765260492,2025-12-09T06:08:12Z,KLM809,"9.119705,97.374901",36975,474,137
1765260525,2025-12-09T06:08:45Z,KLM809,"9.065862,97.425102",37000,474,137
1765260557,2025-12-09T06:09:17Z,KLM809,"9.014468,97.473022",37000,474,137
1765260588,2025-12-09T06:09:48Z,KLM809,"8.963242,97.520744",37000,474,137
1765260621,2025-12-09T06:10:21Z,KLM809,"8.911076,97.569344",37000,474,137
1765260653,2025-12-09T06:10:53Z,KLM809,"8.859238,97.617714",37000,474,137
1765260684,2025-12-09T06:11:24Z,KLM809,"8.808472,97.664917",37000,474,137
1765260716,2025-12-09T06:11:56Z,KLM809,"8.757889,97.7118",37000,475,137
1765260746,2025-12-09T06:12:26Z,KLM809,"8.707855,97.758163",36975,476,137
1765260779,2025-12-09T06:12:59Z,KLM809,"8.654992,97.807114",37000,476,137
1765260811,2025-12-09T06:13:31Z,KLM809,"8.60183,97.856407",36975,474,137
1765260842,2025-12-09T06:14:02Z,KLM809,"8.552251,97.902344",36975,474,137
1765260875,2025-12-09T06:14:35Z,KLM809,"8.499435,97.951172",37000,476,137
1765260906,2025-12-09T06:15:06Z,KLM809,"8.447708,97.999069",37000,476,137
1765260939,2025-12-09T06:15:39Z,KLM809,"8.395184,98.047577",37000,474,137
1765260969,2025-12-09T06:16:09Z,KLM809,"8.345032,98.093803",36975,474,137
1765261000,2025-12-09T06:16:40Z,KLM809,"8.295609,98.13945",37000,474,137
1765261031,2025-12-09T06:17:11Z,KLM809,"8.245834,98.185371",36975,473,137
1765261063,2025-12-09T06:17:43Z,KLM809,"8.19342,98.23365",37000,472,137
1765261094,2025-12-09T06:18:14Z,KLM809,"8.14389,98.279266",37000,472,137
1765261127,2025-12-09T06:18:47Z,KLM809,"8.088913,98.327545",36975,473,139
1765261160,2025-12-09T06:19:20Z,KLM809,"8.033473,98.373337",36975,472,140
1765261191,2025-12-09T06:19:51Z,KLM809,"7.981195,98.416336",37000,472,140
1765261222,2025-12-09T06:20:22Z,KLM809,"7.927893,98.460136",37000,473,140
1765261254,2025-12-09T06:20:54Z,KLM809,"7.873473,98.504936",37000,474,140
1765261286,2025-12-09T06:21:26Z,KLM809,"7.818588,98.550201",36975,476,140
1765261319,2025-12-09T06:21:59Z,KLM809,"7.762756,98.596054",37000,475,140
1765261349,2025-12-09T06:22:29Z,KLM809,"7.711624,98.638046",36975,473,140
1765261381,2025-12-09T06:23:01Z,KLM809,"7.6564,98.68351",36975,473,140
1765261412,2025-12-09T06:23:32Z,KLM809,"7.603377,98.726982",36975,473,140
1765261445,2025-12-09T06:24:05Z,KLM809,"7.548752,98.771935",37000,475,140
1765261478,2025-12-09T06:24:38Z,KLM809,"7.492722,98.818016",37000,476,140
1765261508,2025-12-09T06:25:08Z,KLM809,"7.440445,98.860939",36975,476,140
1765261540,2025-12-09T06:25:40Z,KLM809,"7.385376,98.906189",37000,476,140
1765261571,2025-12-09T06:26:11Z,KLM809,"7.332815,98.949265",36975,476,140
1765261603,2025-12-09T06:26:43Z,KLM809,"7.277847,98.994263",37000,476,140
1765261636,2025-12-09T06:27:16Z,KLM809,"7.221556,99.040329",36975,475,140
1765261669,2025-12-09T06:27:49Z,KLM809,"7.164855,99.086784",37000,475,140
1765261702,2025-12-09T06:28:22Z,KLM809,"7.109299,99.132294",37000,476,140
1765261732,2025-12-09T06:28:52Z,KLM809,"7.056564,99.175446",37000,476,140
1765261765,2025-12-09T06:29:25Z,KLM809,"7.000991,99.22094",37000,476,140
1765261797,2025-12-09T06:29:57Z,KLM809,"6.945099,99.266685",36975,476,140
1765261828,2025-12-09T06:30:28Z,KLM809,"6.893097,99.309235",37000,476,140
1765261860,2025-12-09T06:31:00Z,KLM809,"6.837845,99.354301",37000,476,140
1765261893,2025-12-09T06:31:33Z,KLM809,"6.781677,99.400154",36975,474,140
1765261925,2025-12-09T06:32:05Z,KLM809,"6.726517,99.445213",36975,472,140
1765261958,2025-12-09T06:32:38Z,KLM809,"6.671727,99.490059",36975,471,140
1765261988,2025-12-09T06:33:08Z,KLM809,"6.6201,99.532204",37000,471,140
1765262021,2025-12-09T06:33:41Z,KLM809,"6.565063,99.577194",36975,470,140
1765262054,2025-12-09T06:34:14Z,KLM809,"6.508942,99.622955",37000,470,140
1765262084,2025-12-09T06:34:44Z,KLM809,"6.457587,99.664604",37000,470,141
1765262115,2025-12-09T06:35:15Z,KLM809,"6.404388,99.706421",36975,472,141
1765262148,2025-12-09T06:35:48Z,KLM809,"6.349503,99.752228",36975,472,137
1765262178,2025-12-09T06:36:18Z,KLM809,"6.302353,99.798592",36975,471,134
1765262211,2025-12-09T06:36:51Z,KLM809,"6.252319,99.849846",37000,470,134
1765262241,2025-12-09T06:37:21Z,KLM809,"6.206624,99.896599",37000,472,134
1765262274,2025-12-09T06:37:54Z,KLM809,"6.156006,99.948402",37000,472,134
1765262304,2025-12-09T06:38:24Z,KLM809,"6.109131,99.996346",36975,472,134
1765262337,2025-12-09T06:38:57Z,KLM809,"6.059418,100.047134",36975,472,134
1765262368,2025-12-09T06:39:28Z,KLM809,"6.012035,100.095581",37000,473,134
1765262394,2025-12-09T06:39:54Z,KLM809,"5.967911,100.133308",37000,472,144
1765262398,2025-12-09T06:39:58Z,KLM809,"5.960176,100.138725",37000,473,145
1765262400,2025-12-09T06:40:00Z,KLM809,"5.956696,100.141029",37000,474,146
1765262403,2025-12-09T06:40:03Z,KLM809,"5.951889,100.14415",36975,472,147
1765262405,2025-12-09T06:40:05Z,KLM809,"5.948181,100.146477",36975,473,147
1765262407,2025-12-09T06:40:07Z,KLM809,"5.944628,100.148666",36975,473,148
1765262409,2025-12-09T06:40:09Z,KLM809,"5.940112,100.151367",37000,474,149
1765262412,2025-12-09T06:40:12Z,KLM809,"5.93573,100.153877",37000,472,150
1765262414,2025-12-09T06:40:14Z,KLM809,"5.931314,100.156296",36975,473,151
1765262416,2025-12-09T06:40:16Z,KLM809,"5.927031,100.158562",37000,473,152
1765262418,2025-12-09T06:40:18Z,KLM809,"5.922913,100.160675",37000,473,153
1765262420,2025-12-09T06:40:20Z,KLM809,"5.918976,100.162636",37000,473,153
1765262452,2025-12-09T06:40:52Z,KLM809,"5.856272,100.193848",37000,471,153
1765262484,2025-12-09T06:41:24Z,KLM809,"5.79324,100.225334",36975,470,153
1765262517,2025-12-09T06:41:57Z,KLM809,"5.729417,100.257156",37000,471,153
1765262549,2025-12-09T06:42:29Z,KLM809,"5.665966,100.288696",37000,471,153
1765262580,2025-12-09T06:43:00Z,KLM809,"5.606323,100.318398",37000,470,153
1765262613,2025-12-09T06:43:33Z,KLM809,"5.542416,100.350212",37000,470,153
1765262645,2025-12-09T06:44:05Z,KLM809,"5.479384,100.381516",36975,471,153
1765262675,2025-12-09T06:44:35Z,KLM809,"5.419379,100.411346",36975,472,153
1765262708,2025-12-09T06:45:08Z,KLM809,"5.355103,100.443344",37000,473,153
1765262740,2025-12-09T06:45:40Z,KLM809,"5.290522,100.475182",37000,474,155
1765262756,2025-12-09T06:45:56Z,KLM809,"5.259146,100.486923",36975,476,163
1765262758,2025-12-09T06:45:58Z,KLM809,"5.25491,100.488106",36975,476,164
1765262760,2025-12-09T06:46:00Z,KLM809,"5.249542,100.489479",36975,476,166
1765262762,2025-12-09T06:46:02Z,KLM809,"5.245651,100.490364",37000,476,167
1765262764,2025-12-09T06:46:04Z,KLM809,"5.241549,100.491234",37000,476,168
1765262766,2025-12-09T06:46:06Z,KLM809,"5.236084,100.492226",36975,476,169
1765262769,2025-12-09T06:46:09Z,KLM809,"5.231735,100.49292",36975,476,170
1765262771,2025-12-09T06:46:11Z,KLM809,"5.227537,100.493507",36975,477,172
1765262773,2025-12-09T06:46:13Z,KLM809,"5.222031,100.494179",36975,478,173
1765262775,2025-12-09T06:46:15Z,KLM809,"5.21759,100.494598",36975,478,175
1765262777,2025-12-09T06:46:17Z,KLM809,"5.21228,100.494972",36975,479,176
1765262779,2025-12-09T06:46:19Z,KLM809,"5.208078,100.495163",36975,479,177
1765262782,2025-12-09T06:46:22Z,KLM809,"5.202484,100.495293",36975,479,179
1765262784,2025-12-09T06:46:24Z,KLM809,"5.196906,100.495308",37000,480,180
1765262786,2025-12-09T06:46:26Z,KLM809,"5.193146,100.495201",36975,480,181
1765262788,2025-12-09T06:46:28Z,KLM809,"5.187549,100.494972",37000,480,182
1765262790,2025-12-09T06:46:30Z,KLM809,"5.18335,100.49469",37000,481,184
1765262792,2025-12-09T06:46:32Z,KLM809,"5.178864,100.494316",37000,482,185
1765262795,2025-12-09T06:46:35Z,KLM809,"5.174011,100.493759",37000,482,186
1765262797,2025-12-09T06:46:37Z,KLM809,"5.169571,100.493202",36975,482,187
1765262799,2025-12-09T06:46:39Z,KLM809,"5.164924,100.492462",37000,482,189
1765262801,2025-12-09T06:46:41Z,KLM809,"5.160278,100.491661",37000,484,190
1765262803,2025-12-09T06:46:43Z,KLM809,"5.154968,100.490593",36975,483,191
1765262805,2025-12-09T06:46:45Z,KLM809,"5.149516,100.489342",37000,483,193
1765262808,2025-12-09T06:46:48Z,KLM809,"5.14514,100.488251",37000,484,194
1765262810,2025-12-09T06:46:50Z,KLM809,"5.141648,100.487305",36975,484,195
1765262812,2025-12-09T06:46:52Z,KLM809,"5.135834,100.485565",36975,485,196
1765262814,2025-12-09T06:46:54Z,KLM809,"5.131779,100.484268",37000,485,198
1765262816,2025-12-09T06:46:56Z,KLM809,"5.12582,100.482185",36975,486,198
1765262819,2025-12-09T06:46:59Z,KLM809,"5.121165,100.480438",37000,486,200
1765262821,2025-12-09T06:47:01Z,KLM809,"5.116745,100.47863",36975,488,201
1765262823,2025-12-09T06:47:03Z,KLM809,"5.111948,100.476601",36975,487,203
1765262825,2025-12-09T06:47:05Z,KLM809,"5.107851,100.474709",37000,488,204
1765262827,2025-12-09T06:47:07Z,KLM809,"5.103561,100.472626",37000,488,206
1765262830,2025-12-09T06:47:10Z,KLM809,"5.098297,100.469925",37000,489,207
1765262832,2025-12-09T06:47:12Z,KLM809,"5.094727,100.468018",37000,489,208
1765262834,2025-12-09T06:47:14Z,KLM809,"5.089966,100.465317",37000,490,210
1765262836,2025-12-09T06:47:16Z,KLM809,"5.085297,100.462479",37000,490,211
1765262838,2025-12-09T06:47:18Z,KLM809,"5.081451,100.460052",36975,490,212
1765262840,2025-12-09T06:47:20Z,KLM809,"5.077825,100.457657",36975,491,213
1765262843,2025-12-09T06:47:23Z,KLM809,"5.073853,100.454979",37000,491,214
1765262845,2025-12-09T06:47:25Z,KLM809,"5.069778,100.452049",37000,492,215
1765262847,2025-12-09T06:47:27Z,KLM809,"5.06543,100.448746",36975,492,217
1765262849,2025-12-09T06:47:29Z,KLM809,"5.061447,100.445625",37000,492,218
1765262851,2025-12-09T06:47:31Z,KLM809,"5.057714,100.442596",37000,492,218
1765262853,2025-12-09T06:47:33Z,KLM809,"5.054031,100.439575",36975,492,219
1765262856,2025-12-09T06:47:36Z,KLM809,"5.04982,100.436035",36975,493,220
1765262858,2025-12-09T06:47:38Z,KLM809,"5.045975,100.432777",36975,492,220
1765262860,2025-12-09T06:47:40Z,KLM809,"5.042352,100.429626",36975,494,220
1765262862,2025-12-09T06:47:42Z,KLM809,"5.038742,100.426491",36975,494,221
1765262864,2025-12-09T06:47:44Z,KLM809,"5.035309,100.423462",37000,493,221
1765262897,2025-12-09T06:48:17Z,KLM809,"4.980377,100.374725",36975,490,221
1765262927,2025-12-09T06:48:47Z,KLM809,"4.92816,100.32843",36975,489,221
1765262960,2025-12-09T06:49:20Z,KLM809,"4.87374,100.279839",36450,488,221
1765262990,2025-12-09T06:49:50Z,KLM809,"4.820671,100.232864",35750,489,220
1765263008,2025-12-09T06:50:08Z,KLM809,"4.789387,100.210464",35375,487,210
1765263010,2025-12-09T06:50:10Z,KLM809,"4.784686,100.207764",35325,486,209
1765263012,2025-12-09T06:50:12Z,KLM809,"4.780729,100.205589",35275,486,208
1765263014,2025-12-09T06:50:14Z,KLM809,"4.77598,100.203079",35225,486,207
1765263016,2025-12-09T06:50:16Z,KLM809,"4.77193,100.201088",35175,486,206
1765263019,2025-12-09T06:50:19Z,KLM809,"4.768021,100.199272",35125,485,204
1765263021,2025-12-09T06:50:21Z,KLM809,"4.762665,100.196892",35075,485,203
1765263023,2025-12-09T06:50:23Z,KLM809,"4.758756,100.195221",35050,484,202
1765263025,2025-12-09T06:50:25Z,KLM809,"4.753922,100.193359",35000,484,200
1765263027,2025-12-09T06:50:27Z,KLM809,"4.749252,100.191681",34950,484,199
1765263029,2025-12-09T06:50:29Z,KLM809,"4.74479,100.190147",34900,484,198
1765263032,2025-12-09T06:50:32Z,KLM809,"4.73941,100.188515",34850,484,197
1765263034,2025-12-09T06:50:34Z,KLM809,"4.735107,100.187256",34800,483,195
1765263036,2025-12-09T06:50:36Z,KLM809,"4.730759,100.186096",34750,484,194
1765263038,2025-12-09T06:50:38Z,KLM809,"4.725952,100.184975",34700,484,193
1765263040,2025-12-09T06:50:40Z,KLM809,"4.720909,100.183853",34650,482,192
1765263042,2025-12-09T06:50:42Z,KLM809,"4.716068,100.182907",34600,482,190
1765263045,2025-12-09T06:50:45Z,KLM809,"4.711692,100.182198",34575,482,189
1765263047,2025-12-09T06:50:47Z,KLM809,"4.707458,100.18158",34550,482,188
1765263049,2025-12-09T06:50:49Z,KLM809,"4.701916,100.18087",34500,481,186
1765263051,2025-12-09T06:50:51Z,KLM809,"4.697028,100.180397",34475,480,185
1765263054,2025-12-09T06:50:54Z,KLM809,"4.691255,100.179924",34425,480,184
1765263056,2025-12-09T06:50:56Z,KLM809,"4.686367,100.179733",34400,479,182
1765263058,2025-12-09T06:50:58Z,KLM809,"4.681229,100.179672",34375,479,180
1765263060,2025-12-09T06:51:00Z,KLM809,"4.67701,100.179779",34350,478,178
1765263062,2025-12-09T06:51:02Z,KLM809,"4.671703,100.180061",34300,477,176
1765263065,2025-12-09T06:51:05Z,KLM809,"4.667281,100.180443",34275,478,174
1765263067,2025-12-09T06:51:07Z,KLM809,"4.662905,100.181015",34225,476,171
1765263069,2025-12-09T06:51:09Z,KLM809,"4.658063,100.18177",34200,476,169
1765263071,2025-12-09T06:51:11Z,KLM809,"4.653734,100.182671",34175,476,167
1765263073,2025-12-09T06:51:13Z,KLM809,"4.648986,100.183807",34125,475,165
1765263076,2025-12-09T06:51:16Z,KLM809,"4.644104,100.185165",34100,475,163
1765263078,2025-12-09T06:51:18Z,KLM809,"4.639069,100.18679",34050,474,161
1765263080,2025-12-09T06:51:20Z,KLM809,"4.63516,100.188255",34025,476,158
1765263082,2025-12-09T06:51:22Z,KLM809,"4.629434,100.190628",33975,474,156
1765263084,2025-12-09T06:51:24Z,KLM809,"4.625477,100.192474",33925,474,154
1765263087,2025-12-09T06:51:27Z,KLM809,"4.620775,100.194885",33900,473,152
1765263089,2025-12-09T06:51:29Z,KLM809,"4.616958,100.197067",33850,473,149
1765263091,2025-12-09T06:51:31Z,KLM809,"4.612489,100.19986",33825,474,147
1765263093,2025-12-09T06:51:33Z,KLM809,"4.609039,100.202202",33800,473,145
1765263095,2025-12-09T06:51:35Z,KLM809,"4.604621,100.205444",33750,473,143
1765263098,2025-12-09T06:51:38Z,KLM809,"4.600662,100.208626",33700,472,141
1765263100,2025-12-09T06:51:40Z,KLM809,"4.597046,100.211838",33650,473,138
1765263102,2025-12-09T06:51:42Z,KLM809,"4.593682,100.214966",33625,472,135
1765263104,2025-12-09T06:51:44Z,KLM809,"4.590609,100.218094",33600,473,133
1765263106,2025-12-09T06:51:46Z,KLM809,"4.587799,100.221199",33550,473,131
1765263109,2025-12-09T06:51:49Z,KLM809,"4.583673,100.225998",33475,472,130
1765263111,2025-12-09T06:51:51Z,KLM809,"4.58088,100.229362",33450,472,129
1765263113,2025-12-09T06:51:53Z,KLM809,"4.577807,100.233101",33400,472,129
1765263115,2025-12-09T06:51:55Z,KLM809,"4.574936,100.236694",33375,472,129
1765263117,2025-12-09T06:51:57Z,KLM809,"4.572314,100.239922",33325,472,129
1765263120,2025-12-09T06:52:00Z,KLM809,"4.568963,100.243996",33300,471,129
1765263122,2025-12-09T06:52:02Z,KLM809,"4.565937,100.247688",33250,471,129
1765263124,2025-12-09T06:52:04Z,KLM809,"4.563423,100.250763",33225,471,129
1765263126,2025-12-09T06:52:06Z,KLM809,"4.559967,100.25499",33200,471,129
1765263158,2025-12-09T06:52:38Z,KLM809,"4.515564,100.309784",32650,468,128
1765263191,2025-12-09T06:53:11Z,KLM809,"4.471664,100.364433",32125,466,128
1765263222,2025-12-09T06:53:42Z,KLM809,"4.430328,100.41555",31600,462,128
1765263252,2025-12-09T06:54:12Z,KLM809,"4.388855,100.466713",31100,459,129
1765263285,2025-12-09T06:54:45Z,KLM809,"4.344953,100.520737",30450,458,128
1765263317,2025-12-09T06:55:17Z,KLM809,"4.301926,100.574013",29925,456,128
1765263350,2025-12-09T06:55:50Z,KLM809,"4.258133,100.627853",29325,454,128
1765263382,2025-12-09T06:56:22Z,KLM809,"4.21605,100.679703",28800,452,128
1765263414,2025-12-09T06:56:54Z,KLM809,"4.174896,100.730385",28325,449,128
1765263446,2025-12-09T06:57:26Z,KLM809,"4.132507,100.78257",27800,445,128
1765263478,2025-12-09T06:57:58Z,KLM809,"4.090668,100.834152",27250,443,128
1765263511,2025-12-09T06:58:31Z,KLM809,"4.048182,100.886505",26775,440,128
1765263543,2025-12-09T06:59:03Z,KLM809,"4.006704,100.937645",26300,435,128
1765263576,2025-12-09T06:59:36Z,KLM809,"3.965469,100.988426",25800,433,128
1765263609,2025-12-09T07:00:09Z,KLM809,"3.924088,101.039307",25350,430,128
1765263639,2025-12-09T07:00:39Z,KLM809,"3.886276,101.085854",24900,428,129
1765263664,2025-12-09T07:01:04Z,KLM809,"3.857025,101.126915",24550,425,118
1765263667,2025-12-09T07:01:07Z,KLM809,"3.854645,101.131432",24525,424,117
1765263669,2025-12-09T07:01:09Z,KLM809,"3.852849,101.135162",24500,425,115
1765263671,2025-12-09T07:01:11Z,KLM809,"3.85112,101.138924",24450,424,114
1765263673,2025-12-09T07:01:13Z,KLM809,"3.849243,101.143257",24425,424,112
1765263675,2025-12-09T07:01:15Z,KLM809,"3.847868,101.146721",24400,424,111
1765263678,2025-12-09T07:01:18Z,KLM809,"3.846239,101.151123",24375,424,110
1765263680,2025-12-09T07:01:20Z,KLM809,"3.845032,101.154663",24350,425,108
1765263682,2025-12-09T07:01:22Z,KLM809,"3.843818,101.158607",24325,424,106
1765263684,2025-12-09T07:01:24Z,KLM809,"3.842468,101.163322",24275,424,105
1765263686,2025-12-09T07:01:26Z,KLM809,"3.841507,101.167137",24250,424,104
1765263688,2025-12-09T07:01:28Z,KLM809,"3.840454,101.171745",24225,424,102
1765263691,2025-12-09T07:01:31Z,KLM809,"3.839767,101.175194",24200,424,101
1765263693,2025-12-09T07:01:33Z,KLM809,"3.838989,101.179474",24150,424,100
1765263695,2025-12-09T07:01:35Z,KLM809,"3.838394,101.183334",24125,424,98
1765263697,2025-12-09T07:01:37Z,KLM809,"3.837799,101.187996",24075,424,96
1765263699,2025-12-09T07:01:39Z,KLM809,"3.837441,101.191704",24050,424,95
1765263701,2025-12-09T07:01:41Z,KLM809,"3.837068,101.196442",24000,424,94
1765263703,2025-12-09T07:01:43Z,KLM809,"3.836884,101.200142",23975,424,92
1765263706,2025-12-09T07:01:46Z,KLM809,"3.8367,101.204475",23950,424,91
1765263708,2025-12-09T07:01:48Z,KLM809,"3.836655,101.209175",23900,424,91
1765263710,2025-12-09T07:01:50Z,KLM809,"3.836609,101.213081",23875,424,90
1765263712,2025-12-09T07:01:52Z,KLM809,"3.836609,101.217041",23850,424,89
1765263714,2025-12-09T07:01:54Z,KLM809,"3.836649,101.221916",23800,424,89
1765263716,2025-12-09T07:01:56Z,KLM809,"3.836742,101.225845",23775,424,89
1765263719,2025-12-09T07:01:59Z,KLM809,"3.836835,101.230965",23725,424,88
1765263721,2025-12-09T07:02:01Z,KLM809,"3.836929,101.234512",23700,424,88
1765263723,2025-12-09T07:02:03Z,KLM809,"3.837021,101.23864",23650,424,88
1765263756,2025-12-09T07:02:36Z,KLM809,"3.838165,101.303627",23150,421,92
1765263766,2025-12-09T07:02:46Z,KLM809,"3.836184,101.323166",23000,419,98
1765263768,2025-12-09T07:02:48Z,KLM809,"3.835532,101.326996",22975,419,100
1765263770,2025-12-09T07:02:50Z,KLM809,"3.834641,101.331375",22925,419,101
1765263773,2025-12-09T07:02:53Z,KLM809,"3.833763,101.335335",22900,418,103
1765263775,2025-12-09T07:02:55Z,KLM809,"3.832581,101.340034",22875,418,103
1765263777,2025-12-09T07:02:57Z,KLM809,"3.831622,101.343575",22850,418,105
1765263779,2025-12-09T07:02:59Z,KLM809,"3.830475,101.347481",22800,418,105
1765263781,2025-12-09T07:03:01Z,KLM809,"3.829434,101.351006",22775,418,106
1765263783,2025-12-09T07:03:03Z,KLM809,"3.828003,101.355629",22750,416,107
1765263786,2025-12-09T07:03:06Z,KLM809,"3.82678,101.359482",22725,416,107
1765263788,2025-12-09T07:03:08Z,KLM809,"3.825623,101.362984",22675,416,108
1765263790,2025-12-09T07:03:10Z,KLM809,"3.824158,101.367355",22650,417,108
1765263792,2025-12-09T07:03:12Z,KLM809,"3.82287,101.371178",22625,416,108
1765263794,2025-12-09T07:03:14Z,KLM809,"3.821613,101.374825",22600,415,108
1765263796,2025-12-09T07:03:16Z,KLM809,"3.820077,101.379181",22550,415,109
1765263799,2025-12-09T07:03:19Z,KLM809,"3.818665,101.38295",22525,415,110
1765263801,2025-12-09T07:03:21Z,KLM809,"3.817108,101.386909",22500,414,111
1765263805,2025-12-09T07:03:25Z,KLM809,"3.81395,101.39431",22450,414,114
1765263807,2025-12-09T07:03:27Z,KLM809,"3.812347,101.397758",22425,412,115
1765263809,2025-12-09T07:03:29Z,KLM809,"3.810196,101.402229",22400,412,115
1765263811,2025-12-09T07:03:31Z,KLM809,"3.808392,101.405846",22375,412,116
1765263820,2025-12-09T07:03:40Z,KLM809,"3.800858,101.420197",22250,411,118
1765263822,2025-12-09T07:03:42Z,KLM809,"3.798616,101.424362",22225,411,118
1765263825,2025-12-09T07:03:45Z,KLM809,"3.796801,101.427719",22200,410,118
1765263857,2025-12-09T07:04:17Z,KLM809,"3.767798,101.480331",21975,406,118
1765263887,2025-12-09T07:04:47Z,KLM809,"3.73996,101.530106",21700,403,119
1765263915,2025-12-09T07:05:15Z,KLM809,"3.712738,101.574379",21450,400,129
1765263917,2025-12-09T07:05:17Z,KLM809,"3.709854,101.577774",21450,400,131
1765263919,2025-12-09T07:05:19Z,KLM809,"3.707108,101.580757",21450,399,132
1765263921,2025-12-09T07:05:21Z,KLM809,"3.704498,101.583405",21450,398,134
1765263924,2025-12-09T07:05:24Z,KLM809,"3.701569,101.586197",21450,396,136
1765263926,2025-12-09T07:05:26Z,KLM809,"3.698868,101.588669",21450,394,137
1765263928,2025-12-09T07:05:28Z,KLM809,"3.695526,101.591507",21425,391,140
1765263930,2025-12-09T07:05:30Z,KLM809,"3.692688,101.593788",21425,390,141
1765263932,2025-12-09T07:05:32Z,KLM809,"3.689404,101.59626",21425,388,143
1765263934,2025-12-09T07:05:34Z,KLM809,"3.686325,101.598442",21450,386,145
1765263937,2025-12-09T07:05:37Z,KLM809,"3.682755,101.600769",21450,383,147
1765263939,2025-12-09T07:05:39Z,KLM809,"3.679733,101.602631",21450,380,149
1765263941,2025-12-09T07:05:41Z,KLM809,"3.676346,101.604546",21450,379,150
1765263943,2025-12-09T07:05:43Z,KLM809,"3.673233,101.606216",21450,377,152
1765263945,2025-12-09T07:05:45Z,KLM809,"3.67012,101.607758",21450,375,153
1765263947,2025-12-09T07:05:47Z,KLM809,"3.666175,101.609612",21450,373,155
1765263949,2025-12-09T07:05:49Z,KLM809,"3.663803,101.610596",21450,371,157
1765263951,2025-12-09T07:05:51Z,KLM809,"3.659683,101.612267",21450,369,158
1765263954,2025-12-09T07:05:54Z,KLM809,"3.656479,101.61348",21450,367,158
1765263956,2025-12-09T07:05:56Z,KLM809,"3.653466,101.614677",21450,366,159
1765263958,2025-12-09T07:05:58Z,KLM809,"3.649323,101.616241",21425,365,159
1765263960,2025-12-09T07:06:00Z,KLM809,"3.646204,101.617424",21400,363,158
1765263962,2025-12-09T07:06:02Z,KLM809,"3.642433,101.618896",21350,362,158
1765263964,2025-12-09T07:06:04Z,KLM809,"3.639268,101.620125",21275,362,158
1765263967,2025-12-09T07:06:07Z,KLM809,"3.635971,101.621391",21200,363,158
1765263969,2025-12-09T07:06:09Z,KLM809,"3.632983,101.622589",21125,364,158
1765263971,2025-12-09T07:06:11Z,KLM809,"3.629212,101.624054",21025,365,158
1765264003,2025-12-09T07:06:43Z,KLM809,"3.577011,101.644249",19450,384,158
1765264033,2025-12-09T07:07:13Z,KLM809,"3.526062,101.66362",18650,382,159
1765264064,2025-12-09T07:07:44Z,KLM809,"3.474747,101.683075",18450,384,158
1765264096,2025-12-09T07:08:16Z,KLM809,"3.421188,101.703606",18150,382,158
1765264129,2025-12-09T07:08:49Z,KLM809,"3.368912,101.723671",18000,357,158
1765264159,2025-12-09T07:09:19Z,KLM809,"3.322861,101.741264",17675,341,158
1765264185,2025-12-09T07:09:45Z,KLM809,"3.285983,101.757736",17275,332,149
1765264187,2025-12-09T07:09:47Z,KLM809,"3.283329,101.7593",17250,332,148
1765264189,2025-12-09T07:09:49Z,KLM809,"3.280443,101.761147",17200,332,147
1765264191,2025-12-09T07:09:51Z,KLM809,"3.277371,101.763184",17150,331,145
1765264194,2025-12-09T07:09:54Z,KLM809,"3.27475,101.765053",17100,331,144
1765264196,2025-12-09T07:09:56Z,KLM809,"3.27211,101.766922",17050,331,143
1765264198,2025-12-09T07:09:58Z,KLM809,"3.269806,101.76873",17000,331,142
1765264200,2025-12-09T07:10:00Z,KLM809,"3.267151,101.770828",16950,331,141
1765264202,2025-12-09T07:10:02Z,KLM809,"3.264429,101.773079",16900,330,140
1765264204,2025-12-09T07:10:04Z,KLM809,"3.262207,101.774971",16875,331,139
1765264206,2025-12-09T07:10:06Z,KLM809,"3.259689,101.777206",16825,330,138
1765264209,2025-12-09T07:10:09Z,KLM809,"3.256989,101.779671",16750,329,136
1765264211,2025-12-09T07:10:11Z,KLM809,"3.2547,101.781937",16725,330,135
1765264213,2025-12-09T07:10:13Z,KLM809,"3.252326,101.784302",16675,329,134
1765264215,2025-12-09T07:10:15Z,KLM809,"3.250231,101.78653",16625,328,133
1765264217,2025-12-09T07:10:17Z,KLM809,"3.248062,101.788887",16575,329,132
1765264219,2025-12-09T07:10:19Z,KLM809,"3.246134,101.791077",16550,328,131
1765264221,2025-12-09T07:10:21Z,KLM809,"3.243896,101.793732",16500,327,129
1765264223,2025-12-09T07:10:23Z,KLM809,"3.242084,101.795952",16450,327,128
1765264226,2025-12-09T07:10:26Z,KLM809,"3.239803,101.798798",16425,327,128
1765264228,2025-12-09T07:10:28Z,KLM809,"3.238037,101.801086",16375,327,128
1765264230,2025-12-09T07:10:30Z,KLM809,"3.235748,101.803925",16325,326,128
1765264232,2025-12-09T07:10:32Z,KLM809,"3.233751,101.806374",16275,327,128
1765264234,2025-12-09T07:10:34Z,KLM809,"3.231354,101.809326",16225,326,128
1765264236,2025-12-09T07:10:36Z,KLM809,"3.229431,101.811653",16175,326,129
1765264268,2025-12-09T07:11:08Z,KLM809,"3.197906,101.847099",15525,324,140
1765264270,2025-12-09T07:11:10Z,KLM809,"3.194962,101.849457",15475,324,141
1765264273,2025-12-09T07:11:13Z,KLM809,"3.192535,101.851219",15425,324,143
1765264275,2025-12-09T07:11:15Z,KLM809,"3.189514,101.853226",15375,323,145
1765264277,2025-12-09T07:11:17Z,KLM809,"3.186951,101.854805",15350,323,149
1765264279,2025-12-09T07:11:19Z,KLM809,"3.184499,101.856186",15300,324,151
1765264281,2025-12-09T07:11:21Z,KLM809,"3.181845,101.857559",15275,323,153
1765264283,2025-12-09T07:11:23Z,KLM809,"3.179099,101.858841",15225,323,155
1765264285,2025-12-09T07:11:25Z,KLM809,"3.176352,101.860023",15175,323,158
1765264287,2025-12-09T07:11:27Z,KLM809,"3.173676,101.861046",15125,322,160
1765264289,2025-12-09T07:11:29Z,KLM809,"3.170952,101.861923",15100,322,162
1765264291,2025-12-09T07:11:31Z,KLM809,"3.167181,101.863007",15025,323,164
1765264293,2025-12-09T07:11:33Z,KLM809,"3.164575,101.863625",15000,322,167
1765264296,2025-12-09T07:11:36Z,KLM809,"3.160263,101.864395",14925,323,169
1765264298,2025-12-09T07:11:38Z,KLM809,"3.157173,101.864807",14875,322,171
1765264300,2025-12-09T07:11:40Z,KLM809,"3.154193,101.865089",14850,323,175
1765264302,2025-12-09T07:11:42Z,KLM809,"3.151168,101.86528",14800,322,176
1765264304,2025-12-09T07:11:44Z,KLM809,"3.147446,101.865372",14750,323,178
1765264306,2025-12-09T07:11:46Z,KLM809,"3.144883,101.865425",14700,323,178
1765264309,2025-12-09T07:11:49Z,KLM809,"3.141299,101.865471",14650,323,179
1765264311,2025-12-09T07:11:51Z,KLM809,"3.137512,101.865562",14575,323,179
1765264313,2025-12-09T07:11:53Z,KLM809,"3.134811,101.865608",14525,323,179
1765264315,2025-12-09T07:11:55Z,KLM809,"3.131195,101.865654",14475,324,178
1765264318,2025-12-09T07:11:58Z,KLM809,"3.127752,101.865707",14400,324,178
1765264320,2025-12-09T07:12:00Z,KLM809,"3.124726,101.865753",14350,324,178
1765264322,2025-12-09T07:12:02Z,KLM809,"3.121582,101.865837",14325,324,178
1765264324,2025-12-09T07:12:04Z,KLM809,"3.11779,101.865898",14250,325,178
1765264328,2025-12-09T07:12:08Z,KLM809,"3.111738,101.86599",14200,324,179
1765264360,2025-12-09T07:12:40Z,KLM809,"3.064301,101.866463",13950,318,179
1765264392,2025-12-09T07:13:12Z,KLM809,"3.017029,101.866867",13500,315,179
1765264425,2025-12-09T07:13:45Z,KLM809,"2.969474,101.867317",13050,311,179
1765264457,2025-12-09T07:14:17Z,KLM809,"2.923553,101.867981",12450,308,179
1765264487,2025-12-09T07:14:47Z,KLM809,"2.880373,101.867508",11900,304,188
1765264489,2025-12-09T07:14:49Z,KLM809,"2.877021,101.866844",11875,303,191
1765264491,2025-12-09T07:14:51Z,KLM809,"2.874042,101.866089",11825,302,194
1765264494,2025-12-09T07:14:54Z,KLM809,"2.871854,101.865425",11800,302,197
1765264496,2025-12-09T07:14:56Z,KLM809,"2.868456,101.864143",11775,302,200
1765264498,2025-12-09T07:14:58Z,KLM809,"2.865896,101.863052",11750,300,204
1765264500,2025-12-09T07:15:00Z,KLM809,"2.862991,101.861603",11725,300,207
1765264502,2025-12-09T07:15:02Z,KLM809,"2.860794,101.86039",11725,300,209
1765264504,2025-12-09T07:15:04Z,KLM809,"2.857956,101.858627",11700,300,212
1765264506,2025-12-09T07:15:06Z,KLM809,"2.855561,101.856995",11675,298,215
1765264509,2025-12-09T07:15:09Z,KLM809,"2.852954,101.854958",11650,298,217
1765264511,2025-12-09T07:15:11Z,KLM809,"2.850906,101.853271",11625,298,221
1765264513,2025-12-09T07:15:13Z,KLM809,"2.848578,101.851074",11600,298,222
1765264515,2025-12-09T07:15:15Z,KLM809,"2.846786,101.84922",11600,297,226
1765264517,2025-12-09T07:15:17Z,KLM809,"2.844993,101.84729",11575,297,229
1765264519,2025-12-09T07:15:19Z,KLM809,"2.842899,101.844681",11550,298,231
1765264521,2025-12-09T07:15:21Z,KLM809,"2.841019,101.842148",11525,298,234
1765264523,2025-12-09T07:15:23Z,KLM809,"2.839547,101.839951",11525,298,235
1765264526,2025-12-09T07:15:26Z,KLM809,"2.837952,101.837532",11500,298,236
1765264528,2025-12-09T07:15:28Z,KLM809,"2.836521,101.835304",11475,298,237
1765264530,2025-12-09T07:15:30Z,KLM809,"2.834566,101.832321",11450,299,237
1765264532,2025-12-09T07:15:32Z,KLM809,"2.832962,101.829857",11450,299,237
1765264534,2025-12-09T07:15:34Z,KLM809,"2.831497,101.82753",11425,298,237
1765264536,2025-12-09T07:15:36Z,KLM809,"2.830032,101.82515",11400,298,239
1765264538,2025-12-09T07:15:38Z,KLM809,"2.828568,101.822502",11375,297,241
1765264540,2025-12-09T07:15:40Z,KLM809,"2.827443,101.820152",11375,297,244
1765264543,2025-12-09T07:15:43Z,KLM809,"2.826141,101.816963",11350,297,248
1765264545,2025-12-09T07:15:45Z,KLM809,"2.825272,101.814354",11325,297,251
1765264547,2025-12-09T07:15:47Z,KLM809,"2.824539,101.811699",11300,296,256
1765264549,2025-12-09T07:15:49Z,KLM809,"2.823952,101.809166",11275,296,259
1765264551,2025-12-09T07:15:51Z,KLM809,"2.823486,101.806183",11225,296,260
1765264553,2025-12-09T07:15:53Z,KLM809,"2.823166,101.80304",11175,295,265
1765264555,2025-12-09T07:15:55Z,KLM809,"2.823067,101.800171",11125,296,268
1765264557,2025-12-09T07:15:57Z,KLM809,"2.823114,101.796898",11075,296,271
1765264560,2025-12-09T07:16:00Z,KLM809,"2.823349,101.794006",11025,294,276
1765264562,2025-12-09T07:16:02Z,KLM809,"2.823761,101.791077",10975,294,277
1765264564,2025-12-09T07:16:04Z,KLM809,"2.824219,101.788658",10950,293,282
1765264566,2025-12-09T07:16:06Z,KLM809,"2.824836,101.786148",10925,293,285
1765264568,2025-12-09T07:16:08Z,KLM809,"2.825861,101.783028",10875,293,287
1765264570,2025-12-09T07:16:10Z,KLM809,"2.826792,101.780518",10850,292,291
1765264572,2025-12-09T07:16:12Z,KLM809,"2.828156,101.777435",10800,291,294
1765264574,2025-12-09T07:16:14Z,KLM809,"2.829492,101.774925",10775,291,297
1765264577,2025-12-09T07:16:17Z,KLM809,"2.830842,101.772606",10750,290,300
1765264579,2025-12-09T07:16:19Z,KLM809,"2.832413,101.770271",10725,289,303
1765264581,2025-12-09T07:16:21Z,KLM809,"2.834198,101.767937",10700,288,306
1765264583,2025-12-09T07:16:23Z,KLM809,"2.835709,101.766075",10675,286,310
1765264585,2025-12-09T07:16:25Z,KLM809,"2.837494,101.764122",10650,285,313
1765264587,2025-12-09T07:16:27Z,KLM809,"2.839966,101.761703",10625,284,316
1765264589,2025-12-09T07:16:29Z,KLM809,"2.841934,101.759979",10600,283,319
1765264591,2025-12-09T07:16:31Z,KLM809,"2.843923,101.758446",10575,282,322
1765264593,2025-12-09T07:16:33Z,KLM809,"2.84625,101.756744",10575,281,324
1765264596,2025-12-09T07:16:36Z,KLM809,"2.849044,101.754852",10550,282,326
1765264598,2025-12-09T07:16:38Z,KLM809,"2.851135,101.75351",10525,280,326
1765264600,2025-12-09T07:16:40Z,KLM809,"2.853104,101.752251",10500,279,326
1765264602,2025-12-09T07:16:42Z,KLM809,"2.855896,101.750389",10475,278,326
1765264604,2025-12-09T07:16:44Z,KLM809,"2.858047,101.748947",10450,277,326
1765264607,2025-12-09T07:16:47Z,KLM809,"2.860611,101.747269",10425,277,326
1765264609,2025-12-09T07:16:49Z,KLM809,"2.862218,101.746185",10400,276,325
1765264611,2025-12-09T07:16:51Z,KLM809,"2.864732,101.744476",10400,274,325
1765264613,2025-12-09T07:16:53Z,KLM809,"2.867059,101.742867",10375,274,325
1765264615,2025-12-09T07:16:55Z,KLM809,"2.869387,101.74131",10350,273,325
1765264617,2025-12-09T07:16:57Z,KLM809,"2.871597,101.739822",10325,272,325
1765264630,2025-12-09T07:17:10Z,KLM809,"2.88446,101.731117",10150,268,326
1765264645,2025-12-09T07:17:25Z,KLM809,"2.899925,101.720894",9925,268,326
1765264657,2025-12-09T07:17:37Z,KLM809,"2.913053,101.71209",9725,265,326
1765264670,2025-12-09T07:17:50Z,KLM809,"2.92632,101.703186",9500,264,325
1765264683,2025-12-09T07:18:03Z,KLM809,"2.939438,101.694344",9300,264,326
1765264698,2025-12-09T07:18:18Z,KLM809,"2.954624,101.684196",9025,263,326
1765264712,2025-12-09T07:18:32Z,KLM809,"2.969055,101.674538",8875,256,326
1765264725,2025-12-09T07:18:45Z,KLM809,"2.981671,101.666016",8775,249,325
1765264738,2025-12-09T07:18:58Z,KLM809,"2.993961,101.657776",8675,242,326
1765264751,2025-12-09T07:19:11Z,KLM809,"3.005859,101.649788",8575,237,325
1765264764,2025-12-09T07:19:24Z,KLM809,"3.017715,101.641785",8350,236,325
1765264777,2025-12-09T07:19:37Z,KLM809,"3.028875,101.634239",8150,234,326
1765264790,2025-12-09T07:19:50Z,KLM809,"3.041061,101.626144",7950,233,326
1765264805,2025-12-09T07:20:05Z,KLM809,"3.05392,101.617523",7725,232,326
1765264819,2025-12-09T07:20:19Z,KLM809,"3.067108,101.608635",7425,234,325
1765264832,2025-12-09T07:20:32Z,KLM809,"3.077801,101.600235",7150,236,311
1765264834,2025-12-09T07:20:34Z,KLM809,"3.079239,101.598442",7125,235,305
1765264836,2025-12-09T07:20:36Z,KLM809,"3.080521,101.596397",7075,235,300
1765264838,2025-12-09T07:20:38Z,KLM809,"3.081528,101.594437",7050,233,294
1765264840,2025-12-09T07:20:40Z,KLM809,"3.082363,101.592331",7025,233,289
1765264842,2025-12-09T07:20:42Z,KLM809,"3.083108,101.589676",7000,232,284
1765264845,2025-12-09T07:20:45Z,KLM809,"3.083405,101.587646",6975,231,279
1765264847,2025-12-09T07:20:47Z,KLM809,"3.08362,101.585411",6950,230,274
1765264849,2025-12-09T07:20:49Z,KLM809,"3.083588,101.583176",6950,229,267
1765264851,2025-12-09T07:20:51Z,KLM809,"3.083387,101.580963",6925,227,262
1765264853,2025-12-09T07:20:53Z,KLM809,"3.083015,101.57888",6900,226,258
1765264855,2025-12-09T07:20:55Z,KLM809,"3.082397,101.576561",6875,226,253
1765264857,2025-12-09T07:20:57Z,KLM809,"3.081479,101.574097",6825,226,248
1765264860,2025-12-09T07:21:00Z,KLM809,"3.080594,101.57225",6800,224,242
1765264862,2025-12-09T07:21:02Z,KLM809,"3.07957,101.570404",6775,225,239
1765264864,2025-12-09T07:21:04Z,KLM809,"3.078267,101.568275",6750,224,237
1765264866,2025-12-09T07:21:06Z,KLM809,"3.077103,101.566566",6725,224,237
1765264868,2025-12-09T07:21:08Z,KLM809,"3.075806,101.564552",6675,223,236
1765264870,2025-12-09T07:21:10Z,KLM809,"3.074496,101.562592",6650,222,236
1765264873,2025-12-09T07:21:13Z,KLM809,"3.073425,101.560921",6625,222,236
1765264875,2025-12-09T07:21:15Z,KLM809,"3.072355,101.559319",6600,221,236
1765264877,2025-12-09T07:21:17Z,KLM809,"3.070953,101.557152",6550,221,236
1765264879,2025-12-09T07:21:19Z,KLM809,"3.070074,101.555862",6525,221,236
1765264881,2025-12-09T07:21:21Z,KLM809,"3.06863,101.553688",6500,220,236
1765264883,2025-12-09T07:21:23Z,KLM809,"3.067566,101.552032",6475,219,236
1765264885,2025-12-09T07:21:25Z,KLM809,"3.066396,101.550278",6450,218,236
1765264887,2025-12-09T07:21:27Z,KLM809,"3.065139,101.548431",6425,218,236
1765264900,2025-12-09T07:21:40Z,KLM809,"3.057404,101.538437",6275,212,223
1765264902,2025-12-09T07:21:42Z,KLM809,"3.055829,101.537109",6250,211,218
1765264904,2025-12-09T07:21:44Z,KLM809,"3.054385,101.536072",6225,210,213
1765264906,2025-12-09T07:21:46Z,KLM809,"3.05271,101.53508",6200,209,209
1765264908,2025-12-09T07:21:48Z,KLM809,"3.050522,101.534035",6175,208,206
1765264910,2025-12-09T07:21:50Z,KLM809,"3.048939,101.533371",6150,207,199
1765264912,2025-12-09T07:21:52Z,KLM809,"3.046646,101.532715",6125,206,196
1765264914,2025-12-09T07:21:54Z,KLM809,"3.044952,101.532295",6100,204,192
1765264917,2025-12-09T07:21:57Z,KLM809,"3.042892,101.531967",6075,204,188
1765264919,2025-12-09T07:21:59Z,KLM809,"3.040932,101.531807",6050,203,183
1765264921,2025-12-09T07:22:01Z,KLM809,"3.038837,101.531807",6025,203,179
1765264923,2025-12-09T07:22:03Z,KLM809,"3.037079,101.532013",6000,201,174
1765264925,2025-12-09T07:22:05Z,KLM809,"3.035248,101.532341",5975,200,166
1765264927,2025-12-09T07:22:07Z,KLM809,"3.033234,101.532852",5950,200,164
1765264929,2025-12-09T07:22:09Z,KLM809,"3.031575,101.533463",5925,198,158
1765264931,2025-12-09T07:22:11Z,KLM809,"3.029899,101.53418",5900,198,155
1765264933,2025-12-09T07:22:13Z,KLM809,"3.028409,101.534889",5875,198,154
1765264935,2025-12-09T07:22:15Z,KLM809,"3.026184,101.536018",5850,198,151
1765264937,2025-12-09T07:22:17Z,KLM809,"3.024499,101.536972",5825,198,150
1765264939,2025-12-09T07:22:19Z,KLM809,"3.022797,101.537971",5775,199,149
1765264942,2025-12-09T07:22:22Z,KLM809,"3.021378,101.538811",5750,199,148
1765264944,2025-12-09T07:22:24Z,KLM809,"3.019425,101.540047",5700,200,147
1765264946,2025-12-09T07:22:26Z,KLM809,"3.017761,101.541092",5675,201,147
1765264948,2025-12-09T07:22:28Z,KLM809,"3.016259,101.542084",5625,201,146
1765264950,2025-12-09T07:22:30Z,KLM809,"3.014397,101.54332",5600,201,146
1765264952,2025-12-09T07:22:32Z,KLM809,"3.012589,101.544533",5550,202,146
1765264954,2025-12-09T07:22:34Z,KLM809,"3.011353,101.545372",5525,203,145
1765264957,2025-12-09T07:22:37Z,KLM809,"3.009155,101.546814",5475,203,145
1765264959,2025-12-09T07:22:39Z,KLM809,"3.007787,101.547722",5425,204,145
1765264961,2025-12-09T07:22:41Z,KLM809,"3.006204,101.548813",5400,205,145
1765264976,2025-12-09T07:22:56Z,KLM809,"2.994461,101.556686",5100,208,145
1765264988,2025-12-09T07:23:08Z,KLM809,"2.984116,101.563667",4850,210,145
1765264997,2025-12-09T07:23:17Z,KLM809,"2.977388,101.568222",4675,211,146
1765265003,2025-12-09T07:23:23Z,KLM809,"2.971802,101.571915",4550,211,146
1765265012,2025-12-09T07:23:32Z,KLM809,"2.96521,101.576378",4400,212,145
1765265018,2025-12-09T07:23:38Z,KLM809,"2.959884,101.579971",4300,213,145
1765265026,2025-12-09T07:23:46Z,KLM809,"2.953445,101.58429",4150,209,146
1765265035,2025-12-09T07:23:55Z,KLM809,"2.946442,101.588997",4025,203,145
1765265041,2025-12-09T07:24:01Z,KLM809,"2.941543,101.592331",3900,201,145
1765265049,2025-12-09T07:24:09Z,KLM809,"2.935043,101.596672",3725,196,145
1765265058,2025-12-09T07:24:18Z,KLM809,"2.928694,101.600945",3550,191,146
1765265064,2025-12-09T07:24:24Z,KLM809,"2.924286,101.603889",3450,186,145
1765265070,2025-12-09T07:24:30Z,KLM809,"2.919571,101.607056",3325,183,146
1765265073,2025-12-09T07:24:33Z,KLM809,"2.918152,101.607986",3300,184,146
1765265075,2025-12-09T07:24:35Z,KLM809,"2.916733,101.608917",3275,181,146
1765265077,2025-12-09T07:24:37Z,KLM809,"2.915148,101.609993",3225,180,146
1765265081,2025-12-09T07:24:41Z,KLM809,"2.912155,101.611992",3175,180,145
1765265089,2025-12-09T07:24:49Z,KLM809,"2.906582,101.615768",3050,177,145
1765265098,2025-12-09T07:24:58Z,KLM809,"2.900577,101.619797",2925,177,146
1765265106,2025-12-09T07:25:06Z,KLM809,"2.89513,101.623489",2825,177,146
1765265113,2025-12-09T07:25:13Z,KLM809,"2.890615,101.626472",2725,175,146
1765265121,2025-12-09T07:25:21Z,KLM809,"2.884735,101.630424",2600,175,145
1765265128,2025-12-09T07:25:28Z,KLM809,"2.880157,101.633545",2500,175,145
1765265136,2025-12-09T07:25:36Z,KLM809,"2.874619,101.637268",2350,174,145
1765265143,2025-12-09T07:25:43Z,KLM809,"2.870178,101.640198",2250,172,145
1765265151,2025-12-09T07:25:51Z,KLM809,"2.864868,101.643784",2125,172,146
1765265160,2025-12-09T07:26:00Z,KLM809,"2.859145,101.647636",2000,170,146
1765265166,2025-12-09T07:26:06Z,KLM809,"2.854889,101.65049",1900,170,146
1765265175,2025-12-09T07:26:15Z,KLM809,"2.849463,101.654129",1800,169,146
1765265181,2025-12-09T07:26:21Z,KLM809,"2.845412,101.656822",1700,168,146
1765265189,2025-12-09T07:26:29Z,KLM809,"2.839966,101.660469",1575,167,145
1765265198,2025-12-09T07:26:38Z,KLM809,"2.83461,101.664085",1475,166,145
1765265204,2025-12-09T07:26:44Z,KLM809,"2.830719,101.666779",1375,162,145
1765265213,2025-12-09T07:26:53Z,KLM809,"2.825455,101.670319",1275,157,146
1765265219,2025-12-09T07:26:59Z,KLM809,"2.821564,101.672882",1175,154,145
1765265227,2025-12-09T07:27:07Z,KLM809,"2.816345,101.676422",1050,151,145
1765265236,2025-12-09T07:27:16Z,KLM809,"2.811615,101.679604",950,152,145
1765265242,2025-12-09T07:27:22Z,KLM809,"2.807922,101.682098",875,153,145
1765265252,2025-12-09T07:27:32Z,KLM809,"2.802292,101.685867",750,156,146
1765265260,2025-12-09T07:27:40Z,KLM809,"2.797091,101.689362",650,156,146
1765265269,2025-12-09T07:27:49Z,KLM809,"2.791691,101.693008",525,154,145
1765265275,2025-12-09T07:27:55Z,KLM809,"2.788013,101.695465",450,154,146
1765265284,2025-12-09T07:28:04Z,KLM809,"2.783032,101.69883",350,153,145
1765265288,2025-12-09T07:28:08Z,KLM809,"2.780426,101.700584",275,154,146
1765265292,2025-12-09T07:28:12Z,KLM809,"2.778051,101.702194",225,153,145
1765265301,2025-12-09T07:28:21Z,KLM809,"2.772791,101.705742",175,146,145
1765265307,2025-12-09T07:28:27Z,KLM809,"2.769608,101.70784",200,123,146
1765265314,2025-12-09T07:28:34Z,KLM809,"2.766902,101.709648",0,98,146
1765265322,2025-12-09T07:28:42Z,KLM809,"2.76424,101.711426",0,80,146
1765265328,2025-12-09T07:28:48Z,KLM809,"2.76241,101.712654",0,69,146
1765265335,2025-12-09T07:28:55Z,KLM809,"2.760583,101.713875",0,59,146
1765265338,2025-12-09T07:28:58Z,KLM809,"2.760105,101.714211",0,56,146
1765265339,2025-12-09T07:28:59Z,KLM809,"2.759869,101.714355",0,54,146
1765265340,2025-12-09T07:29:00Z,KLM809,"2.759652,101.7145",0,52,146
1765265342,2025-12-09T07:29:02Z,KLM809,"2.759198,101.714813",0,47,146
1765265343,2025-12-09T07:29:03Z,KLM809,"2.758987,101.714928",0,45,149
1765265345,2025-12-09T07:29:05Z,KLM809,"2.758627,101.715141",0,42,151
1765265347,2025-12-09T07:29:07Z,KLM809,"2.758335,101.715263",0,39,157
1765265349,2025-12-09T07:29:09Z,KLM809,"2.758092,101.71537",0,37,160
1765265351,2025-12-09T07:29:11Z,KLM809,"2.757729,101.715462",0,34,165
1765265353,2025-12-09T07:29:13Z,KLM809,"2.757417,101.71553",0,32,168
1765265355,2025-12-09T07:29:15Z,KLM809,"2.757173,101.715584",0,29,171
1765265358,2025-12-09T07:29:18Z,KLM809,"2.756813,101.715614",0,26,174
1765265360,2025-12-09T07:29:20Z,KLM809,"2.756591,101.715637",0,24,174
1765265362,2025-12-09T07:29:22Z,KLM809,"2.75637,101.715652",0,23,177
1765265365,2025-12-09T07:29:25Z,KLM809,"2.756067,101.715675",0,21,177
1765265368,2025-12-09T07:29:28Z,KLM809,"2.755749,101.715698",0,18,177
1765265371,2025-12-09T07:29:31Z,KLM809,"2.755463,101.715706",0,17,177
1765265377,2025-12-09T07:29:37Z,KLM809,"2.754996,101.715744",0,17,174
1765265383,2025-12-09T07:29:43Z,KLM809,"2.754581,101.715805",0,16,171
1765265385,2025-12-09T07:29:45Z,KLM809,"2.754375,101.715874",0,15,163
1765265389,2025-12-09T07:29:49Z,KLM809,"2.754158,101.715958",0,14,160
1765265393,2025-12-09T07:29:53Z,KLM809,"2.753937,101.71608",0,13,154
1765265398,2025-12-09T07:29:58Z,KLM809,"2.753735,101.716209",0,11,149
1765265403,2025-12-09T07:30:03Z,KLM809,"2.753506,101.716347",0,10,146
1765265410,2025-12-09T07:30:10Z,KLM809,"2.753286,101.716492",0,7,146
1765265419,2025-12-09T07:30:19Z,KLM809,"2.753059,101.716652",0,6,146
1765265428,2025-12-09T07:30:28Z,KLM809,"2.752843,101.716789",0,7,146
1765265435,2025-12-09T07:30:35Z,KLM809,"2.752613,101.716957",0,8,146
1765265442,2025-12-09T07:30:42Z,KLM809,"2.752401,101.717094",0,9,146
1765265449,2025-12-09T07:30:49Z,KLM809,"2.752132,101.71727",0,10,146
1765265457,2025-12-09T07:30:57Z,KLM809,"2.751842,101.717476",0,11,146
1765265464,2025-12-09T07:31:04Z,KLM809,"2.75154,101.717674",0,11,146
1765265470,2025-12-09T07:31:10Z,KLM809,"2.75124,101.717888",0,11,146
1765265478,2025-12-09T07:31:18Z,KLM809,"2.750931,101.718086",0,10,146
1765265485,2025-12-09T07:31:25Z,KLM809,"2.750702,101.718231",0,8,146
1765265493,2025-12-09T07:31:33Z,KLM809,"2.750484,101.718384",0,7,146
1765265500,2025-12-09T07:31:40Z,KLM809,"2.750267,101.718529",0,8,146
1765265508,2025-12-09T07:31:48Z,KLM809,"2.750004,101.718689",0,8,151
1765265514,2025-12-09T07:31:54Z,KLM809,"2.749798,101.718712",0,8,168
1765265521,2025-12-09T07:32:01Z,KLM809,"2.749592,101.718597",0,7,202
1765265529,2025-12-09T07:32:09Z,KLM809,"2.749468,101.718384",0,6,230
1765265538,2025-12-09T07:32:18Z,KLM809,"2.749329,101.71817",0,5,236
1765265551,2025-12-09T07:32:31Z,KLM809,"2.749177,101.717949",0,4,236
1765265563,2025-12-09T07:32:43Z,KLM809,"2.74902,101.71772",0,6,236
1765265572,2025-12-09T07:32:52Z,KLM809,"2.748859,101.717476",0,6,236
1765265586,2025-12-09T07:33:06Z,KLM809,"2.748711,101.717255",0,4,236
1765265606,2025-12-09T07:33:26Z,KLM809,"2.748573,101.717049",0,0,236
1765265651,2025-12-09T07:34:11Z,KLM809,"2.748432,101.716835",0,1,236
1765265717,2025-12-09T07:35:17Z,KLM809,"2.748281,101.716621",0,1,236
1765265737,2025-12-09T07:35:37Z,KLM809,"2.748138,101.716408",0,4,236
1765265749,2025-12-09T07:35:49Z,KLM809,"2.74799,101.716194",0,5,236
1765265759,2025-12-09T07:35:59Z,KLM809,"2.747864,101.715988",0,5,236
1765265768,2025-12-09T07:36:08Z,KLM809,"2.747723,101.715782",0,6,239
1765265777,2025-12-09T07:36:17Z,KLM809,"2.747726,101.715561",0,6,267
1765265788,2025-12-09T07:36:28Z,KLM809,"2.747944,101.715378",0,4,315
1765265804,2025-12-09T07:36:44Z,KLM809,"2.74815,101.715263",0,3,323
