<?xml version="1.0" encoding="UTF-8"?>
<gpx xmlns="http://www.topografix.com/GPX/1/1" xmlns:xsi="http://www.w3.org/2001/XMLSchema-instance" xsi:schemaLocation="http://www.topografix.com/GPX/1/1 http://www.topografix.com/GPX/1/1/gpx.xsd" version="1.1" creator="gpx.py -- https://github.com/tkrajina/gpxpy">
  <metadata>
    <name>1787153116.Tallin_little_wander</name>
    <time>2026-08-19T15:25:16Z</time>
    <keywords>19811678151</keywords>
  </metadata>
  <trk>
    <name>1787153116.Tallin_little_wander</name>
    <cmt>2026-08-19</cmt>
    <type>Walk</type>
    <trkseg>
      <trkpt lat="59.437819" lon="24.743978">
        <ele>26.7</ele>
        <time>2026-08-19T15:25:16Z</time>
      </trkpt>
      <trkpt lat="59.437819" lon="24.743978">
        <ele>26.7</ele>
        <time>2026-08-19T15:25:55Z</time>
      </trkpt>
      <trkpt lat="59.437819" lon="24.743978">
        <ele>26.7</ele>
        <time>2026-08-19T15:25:58Z</time>
      </trkpt>
      <trkpt lat="59.437819" lon="24.743978">
        <ele>26.7</ele>
        <time>2026-08-19T15:26:00Z</time>
      </trkpt>
      <trkpt lat="59.437819" lon="24.743978">
        <ele>26.7</ele>
        <time>2026-08-19T15:26:03Z</time>
      </trkpt>
      <trkpt lat="59.437819" lon="24.743978">
        <ele>26.7</ele>
        <time>2026-08-19T15:26:05Z</time>
      </trkpt>
      <trkpt lat="59.437819" lon="24.743978">
        <ele>26.7</ele>
        <time>2026-08-19T15:26:08Z</time>
      </trkpt>
      <trkpt lat="59.437819" lon="24.743978">
        <ele>26.7</ele>
        <time>2026-08-19T15:26:11Z</time>
      </trkpt>
      <trkpt lat="59.437819" lon="24.743978">
        <ele>26.7</ele>
        <time>2026-08-19T15:26:13Z</time>
      </trkpt>
      <trkpt lat="59.437819" lon="24.743978">
        <ele>26.7</ele>
        <time>2026-08-19T15:26:16Z</time>
      </trkpt>
      <trkpt lat="59.437819" lon="24.743978">
        <ele>26.7</ele>
        <time>2026-08-19T15:26:18Z</time>
      </trkpt>
      <trkpt lat="59.437819" lon="24.743978">
        <ele>26.7</ele>
        <time>2026-08-19T15:26:21Z</time>
      </trkpt>
      <trkpt lat="59.437819" lon="24.743978">
        <ele>26.7</ele>
        <time>2026-08-19T15:26:23Z</time>
      </trkpt>
      <trkpt lat="59.437819" lon="24.743978">
        <ele>26.7</ele>
        <time>2026-08-19T15:26:24Z</time>
      </trkpt>
      <trkpt lat="59.437819" lon="24.743978">
        <ele>26.7</ele>
        <time>2026-08-19T15:26:26Z</time>
      </trkpt>
      <trkpt lat="59.437819" lon="24.743978">
        <ele>26.7</ele>
        <time>2026-08-19T15:26:28Z</time>
      </trkpt>
      <trkpt lat="59.437819" lon="24.743978">
        <ele>26.7</ele>
        <time>2026-08-19T15:26:31Z</time>
      </trkpt>
      <trkpt lat="59.437819" lon="24.743978">
        <ele>26.7</ele>
        <time>2026-08-19T15:26:34Z</time>
      </trkpt>
      <trkpt lat="59.437819" lon="24.743978">
        <ele>26.7</ele>
        <time>2026-08-19T15:26:36Z</time>
      </trkpt>
      <trkpt lat="59.437819" lon="24.743978">
        <ele>26.7</ele>
        <time>2026-08-19T15:26:39Z</time>
      </trkpt>
      <trkpt lat="59.437819" lon="24.743978">
        <ele>26.7</ele>
        <time>2026-08-19T15:26:40Z</time>
      </trkpt>
      <trkpt lat="59.437819" lon="24.743978">
        <ele>26.7</ele>
        <time>2026-08-19T15:26:41Z</time>
      </trkpt>
      <trkpt lat="59.437819" lon="24.743978">
        <ele>26.7</ele>
        <time>2026-08-19T15:26:42Z</time>
      </trkpt>
      <trkpt lat="59.437819" lon="24.743978">
        <ele>26.7</ele>
        <time>2026-08-19T15:26:44Z</time>
      </trkpt>
      <trkpt lat="59.437819" lon="24.743978">
        <ele>26.7</ele>
        <time>2026-08-19T15:26:46Z</time>
      </trkpt>
      <trkpt lat="59.437819" lon="24.743978">
        <ele>26.7</ele>
        <time>2026-08-19T15:26:49Z</time>
      </trkpt>
      <trkpt lat="59.437819" lon="24.743978">
        <ele>26.7</ele>
        <time>2026-08-19T15:26:50Z</time>
      </trkpt>
      <trkpt lat="59.437819" lon="24.743978">
        <ele>26.7</ele>
        <time>2026-08-19T15:26:52Z</time>
      </trkpt>
      <trkpt lat="59.437819" lon="24.743978">
        <ele>26.7</ele>
        <time>2026-08-19T15:26:54Z</time>
      </trkpt>
      <trkpt lat="59.437819" lon="24.743978">
        <ele>26.7</ele>
        <time>2026-08-19T15:26:56Z</time>
      </trkpt>
      <trkpt lat="59.437819" lon="24.743978">
        <ele>26.7</ele>
        <time>2026-08-19T15:26:57Z</time>
      </trkpt>
      <trkpt lat="59.437819" lon="24.743978">
        <ele>26.7</ele>
        <time>2026-08-19T15:26:59Z</time>
      </trkpt>
      <trkpt lat="59.437819" lon="24.743978">
        <ele>26.7</ele>
        <time>2026-08-19T15:27:02Z</time>
      </trkpt>
      <trkpt lat="59.437819" lon="24.743978">
        <ele>26.7</ele>
        <time>2026-08-19T15:27:04Z</time>
      </trkpt>
      <trkpt lat="59.437819" lon="24.743978">
        <ele>26.7</ele>
        <time>2026-08-19T15:27:05Z</time>
      </trkpt>
      <trkpt lat="59.437819" lon="24.743978">
        <ele>26.7</ele>
        <time>2026-08-19T15:27:07Z</time>
      </trkpt>
      <trkpt lat="59.437817" lon="24.74394">
        <ele>26.8</ele>
        <time>2026-08-19T15:27:08Z</time>
      </trkpt>
      <trkpt lat="59.437817" lon="24.743946">
        <ele>26.8</ele>
        <time>2026-08-19T15:27:09Z</time>
      </trkpt>
      <trkpt lat="59.437818" lon="24.743952">
        <ele>26.8</ele>
        <time>2026-08-19T15:27:10Z</time>
      </trkpt>
      <trkpt lat="59.437818" lon="24.743965">
        <ele>26.8</ele>
        <time>2026-08-19T15:27:12Z</time>
      </trkpt>
      <trkpt lat="59.437819" lon="24.743971">
        <ele>26.8</ele>
        <time>2026-08-19T15:27:13Z</time>
      </trkpt>
      <trkpt lat="59.437819" lon="24.743977">
        <ele>26.8</ele>
        <time>2026-08-19T15:27:14Z</time>
      </trkpt>
      <trkpt lat="59.437819" lon="24.743983">
        <ele>26.8</ele>
        <time>2026-08-19T15:27:15Z</time>
      </trkpt>
      <trkpt lat="59.43782" lon="24.74399">
        <ele>26.8</ele>
        <time>2026-08-19T15:27:16Z</time>
      </trkpt>
      <trkpt lat="59.43782" lon="24.743996">
        <ele>26.8</ele>
        <time>2026-08-19T15:27:17Z</time>
      </trkpt>
      <trkpt lat="59.43782" lon="24.744002">
        <ele>26.8</ele>
        <time>2026-08-19T15:27:18Z</time>
      </trkpt>
      <trkpt lat="59.437821" lon="24.744008">
        <ele>26.8</ele>
        <time>2026-08-19T15:27:19Z</time>
      </trkpt>
      <trkpt lat="59.437821" lon="24.744014">
        <ele>26.8</ele>
        <time>2026-08-19T15:27:20Z</time>
      </trkpt>
      <trkpt lat="59.437821" lon="24.744021">
        <ele>26.8</ele>
        <time>2026-08-19T15:27:21Z</time>
      </trkpt>
      <trkpt lat="59.437822" lon="24.744033">
        <ele>26.8</ele>
        <time>2026-08-19T15:27:22Z</time>
      </trkpt>
      <trkpt lat="59.437822" lon="24.744033">
        <ele>26.8</ele>
        <time>2026-08-19T15:27:23Z</time>
      </trkpt>
      <trkpt lat="59.437846" lon="24.743993">
        <ele>26.9</ele>
        <time>2026-08-19T15:27:25Z</time>
      </trkpt>
      <trkpt lat="59.437846" lon="24.743993">
        <ele>26.9</ele>
        <time>2026-08-19T15:27:27Z</time>
      </trkpt>
      <trkpt lat="59.437865" lon="24.74391">
        <ele>27.0</ele>
        <time>2026-08-19T15:27:29Z</time>
      </trkpt>
      <trkpt lat="59.43787" lon="24.743914">
        <ele>27.0</ele>
        <time>2026-08-19T15:27:30Z</time>
      </trkpt>
      <trkpt lat="59.43787" lon="24.743914">
        <ele>27.0</ele>
        <time>2026-08-19T15:27:31Z</time>
      </trkpt>
      <trkpt lat="59.43787" lon="24.743914">
        <ele>27.0</ele>
        <time>2026-08-19T15:27:32Z</time>
      </trkpt>
      <trkpt lat="59.43787" lon="24.743914">
        <ele>27.0</ele>
        <time>2026-08-19T15:27:33Z</time>
      </trkpt>
      <trkpt lat="59.43787" lon="24.743914">
        <ele>27.0</ele>
        <time>2026-08-19T15:27:35Z</time>
      </trkpt>
      <trkpt lat="59.43787" lon="24.743914">
        <ele>27.0</ele>
        <time>2026-08-19T15:27:38Z</time>
      </trkpt>
      <trkpt lat="59.437926" lon="24.743905">
        <ele>27.0</ele>
        <time>2026-08-19T15:27:40Z</time>
      </trkpt>
      <trkpt lat="59.437921" lon="24.743857">
        <ele>27.1</ele>
        <time>2026-08-19T15:27:41Z</time>
      </trkpt>
      <trkpt lat="59.437904" lon="24.743856">
        <ele>27.1</ele>
        <time>2026-08-19T15:27:42Z</time>
      </trkpt>
      <trkpt lat="59.437899" lon="24.743837">
        <ele>27.1</ele>
        <time>2026-08-19T15:27:43Z</time>
      </trkpt>
      <trkpt lat="59.437875" lon="24.743794">
        <ele>27.2</ele>
        <time>2026-08-19T15:27:44Z</time>
      </trkpt>
      <trkpt lat="59.437867" lon="24.743762">
        <ele>27.2</ele>
        <time>2026-08-19T15:27:45Z</time>
      </trkpt>
      <trkpt lat="59.437862" lon="24.743744">
        <ele>27.2</ele>
        <time>2026-08-19T15:27:46Z</time>
      </trkpt>
      <trkpt lat="59.437877" lon="24.743729">
        <ele>27.3</ele>
        <time>2026-08-19T15:27:47Z</time>
      </trkpt>
      <trkpt lat="59.437886" lon="24.743708">
        <ele>27.3</ele>
        <time>2026-08-19T15:27:48Z</time>
      </trkpt>
      <trkpt lat="59.437893" lon="24.743679">
        <ele>27.3</ele>
        <time>2026-08-19T15:27:49Z</time>
      </trkpt>
      <trkpt lat="59.437877" lon="24.743672">
        <ele>27.3</ele>
        <time>2026-08-19T15:27:50Z</time>
      </trkpt>
      <trkpt lat="59.437855" lon="24.743668">
        <ele>27.4</ele>
        <time>2026-08-19T15:27:51Z</time>
      </trkpt>
      <trkpt lat="59.437832" lon="24.743651">
        <ele>27.4</ele>
        <time>2026-08-19T15:27:52Z</time>
      </trkpt>
      <trkpt lat="59.437806" lon="24.743638">
        <ele>27.5</ele>
        <time>2026-08-19T15:27:53Z</time>
      </trkpt>
      <trkpt lat="59.43779" lon="24.743611">
        <ele>27.5</ele>
        <time>2026-08-19T15:27:54Z</time>
      </trkpt>
      <trkpt lat="59.437785" lon="24.743579">
        <ele>27.5</ele>
        <time>2026-08-19T15:27:55Z</time>
      </trkpt>
      <trkpt lat="59.437781" lon="24.743549">
        <ele>27.6</ele>
        <time>2026-08-19T15:27:56Z</time>
      </trkpt>
      <trkpt lat="59.43777" lon="24.743538">
        <ele>27.6</ele>
        <time>2026-08-19T15:27:57Z</time>
      </trkpt>
      <trkpt lat="59.437731" lon="24.743514">
        <ele>27.7</ele>
        <time>2026-08-19T15:27:58Z</time>
      </trkpt>
      <trkpt lat="59.43773" lon="24.743509">
        <ele>27.7</ele>
        <time>2026-08-19T15:27:59Z</time>
      </trkpt>
      <trkpt lat="59.43774" lon="24.743484">
        <ele>27.7</ele>
        <time>2026-08-19T15:28:00Z</time>
      </trkpt>
      <trkpt lat="59.437726" lon="24.743474">
        <ele>27.7</ele>
        <time>2026-08-19T15:28:01Z</time>
      </trkpt>
      <trkpt lat="59.437731" lon="24.743455">
        <ele>27.8</ele>
        <time>2026-08-19T15:28:02Z</time>
      </trkpt>
      <trkpt lat="59.437728" lon="24.743459">
        <ele>27.8</ele>
        <time>2026-08-19T15:28:03Z</time>
      </trkpt>
      <trkpt lat="59.437736" lon="24.743454">
        <ele>27.8</ele>
        <time>2026-08-19T15:28:04Z</time>
      </trkpt>
      <trkpt lat="59.437742" lon="24.743434">
        <ele>27.8</ele>
        <time>2026-08-19T15:28:05Z</time>
      </trkpt>
      <trkpt lat="59.437742" lon="24.743414">
        <ele>27.8</ele>
        <time>2026-08-19T15:28:06Z</time>
      </trkpt>
      <trkpt lat="59.437738" lon="24.743387">
        <ele>27.9</ele>
        <time>2026-08-19T15:28:07Z</time>
      </trkpt>
      <trkpt lat="59.437746" lon="24.743363">
        <ele>28.0</ele>
        <time>2026-08-19T15:28:08Z</time>
      </trkpt>
      <trkpt lat="59.437747" lon="24.743333">
        <ele>28.0</ele>
        <time>2026-08-19T15:28:09Z</time>
      </trkpt>
      <trkpt lat="59.437752" lon="24.743303">
        <ele>28.1</ele>
        <time>2026-08-19T15:28:10Z</time>
      </trkpt>
      <trkpt lat="59.43776" lon="24.743276">
        <ele>28.1</ele>
        <time>2026-08-19T15:28:11Z</time>
      </trkpt>
      <trkpt lat="59.437769" lon="24.74325">
        <ele>28.2</ele>
        <time>2026-08-19T15:28:12Z</time>
      </trkpt>
      <trkpt lat="59.437771" lon="24.743212">
        <ele>28.3</ele>
        <time>2026-08-19T15:28:13Z</time>
      </trkpt>
      <trkpt lat="59.437764" lon="24.743191">
        <ele>28.3</ele>
        <time>2026-08-19T15:28:14Z</time>
      </trkpt>
      <trkpt lat="59.437746" lon="24.743179">
        <ele>28.4</ele>
        <time>2026-08-19T15:28:15Z</time>
      </trkpt>
      <trkpt lat="59.437743" lon="24.743187">
        <ele>28.4</ele>
        <time>2026-08-19T15:28:16Z</time>
      </trkpt>
      <trkpt lat="59.437738" lon="24.743185">
        <ele>28.4</ele>
        <time>2026-08-19T15:28:17Z</time>
      </trkpt>
      <trkpt lat="59.437735" lon="24.743182">
        <ele>28.4</ele>
        <time>2026-08-19T15:28:18Z</time>
      </trkpt>
      <trkpt lat="59.437717" lon="24.743171">
        <ele>28.5</ele>
        <time>2026-08-19T15:28:19Z</time>
      </trkpt>
      <trkpt lat="59.4377" lon="24.743159">
        <ele>28.5</ele>
        <time>2026-08-19T15:28:20Z</time>
      </trkpt>
      <trkpt lat="59.437671" lon="24.743141">
        <ele>28.5</ele>
        <time>2026-08-19T15:28:21Z</time>
      </trkpt>
      <trkpt lat="59.437665" lon="24.74312">
        <ele>28.6</ele>
        <time>2026-08-19T15:28:22Z</time>
      </trkpt>
      <trkpt lat="59.437643" lon="24.743152">
        <ele>28.6</ele>
        <time>2026-08-19T15:28:23Z</time>
      </trkpt>
      <trkpt lat="59.437622" lon="24.743162">
        <ele>28.6</ele>
        <time>2026-08-19T15:28:24Z</time>
      </trkpt>
      <trkpt lat="59.437601" lon="24.74318">
        <ele>28.6</ele>
        <time>2026-08-19T15:28:25Z</time>
      </trkpt>
      <trkpt lat="59.437585" lon="24.743198">
        <ele>28.7</ele>
        <time>2026-08-19T15:28:26Z</time>
      </trkpt>
      <trkpt lat="59.43757" lon="24.74321">
        <ele>28.7</ele>
        <time>2026-08-19T15:28:27Z</time>
      </trkpt>
      <trkpt lat="59.437557" lon="24.743215">
        <ele>28.7</ele>
        <time>2026-08-19T15:28:28Z</time>
      </trkpt>
      <trkpt lat="59.43753" lon="24.743142">
        <ele>28.8</ele>
        <time>2026-08-19T15:28:29Z</time>
      </trkpt>
      <trkpt lat="59.437511" lon="24.743143">
        <ele>28.8</ele>
        <time>2026-08-19T15:28:30Z</time>
      </trkpt>
      <trkpt lat="59.437496" lon="24.743153">
        <ele>28.8</ele>
        <time>2026-08-19T15:28:31Z</time>
      </trkpt>
      <trkpt lat="59.437501" lon="24.74318">
        <ele>28.9</ele>
        <time>2026-08-19T15:28:32Z</time>
      </trkpt>
      <trkpt lat="59.437498" lon="24.743187">
        <ele>28.9</ele>
        <time>2026-08-19T15:28:33Z</time>
      </trkpt>
      <trkpt lat="59.43749" lon="24.743168">
        <ele>28.9</ele>
        <time>2026-08-19T15:28:34Z</time>
      </trkpt>
      <trkpt lat="59.437485" lon="24.743142">
        <ele>28.9</ele>
        <time>2026-08-19T15:28:35Z</time>
      </trkpt>
      <trkpt lat="59.437483" lon="24.743146">
        <ele>28.9</ele>
        <time>2026-08-19T15:28:36Z</time>
      </trkpt>
      <trkpt lat="59.437472" lon="24.743158">
        <ele>28.9</ele>
        <time>2026-08-19T15:28:37Z</time>
      </trkpt>
      <trkpt lat="59.437474" lon="24.74315">
        <ele>28.9</ele>
        <time>2026-08-19T15:28:38Z</time>
      </trkpt>
      <trkpt lat="59.437474" lon="24.743155">
        <ele>28.9</ele>
        <time>2026-08-19T15:28:39Z</time>
      </trkpt>
      <trkpt lat="59.437475" lon="24.743153">
        <ele>28.9</ele>
        <time>2026-08-19T15:28:40Z</time>
      </trkpt>
      <trkpt lat="59.437475" lon="24.743153">
        <ele>28.9</ele>
        <time>2026-08-19T15:28:41Z</time>
      </trkpt>
      <trkpt lat="59.437475" lon="24.743153">
        <ele>28.9</ele>
        <time>2026-08-19T15:28:42Z</time>
      </trkpt>
      <trkpt lat="59.437493" lon="24.743203">
        <ele>29.0</ele>
        <time>2026-08-19T15:28:43Z</time>
      </trkpt>
      <trkpt lat="59.437486" lon="24.743266">
        <ele>29.1</ele>
        <time>2026-08-19T15:28:44Z</time>
      </trkpt>
      <trkpt lat="59.437472" lon="24.743269">
        <ele>29.1</ele>
        <time>2026-08-19T15:28:45Z</time>
      </trkpt>
      <trkpt lat="59.437466" lon="24.743253">
        <ele>29.1</ele>
        <time>2026-08-19T15:28:46Z</time>
      </trkpt>
      <trkpt lat="59.437435" lon="24.743232">
        <ele>29.2</ele>
        <time>2026-08-19T15:28:47Z</time>
      </trkpt>
      <trkpt lat="59.437423" lon="24.743209">
        <ele>29.2</ele>
        <time>2026-08-19T15:28:48Z</time>
      </trkpt>
      <trkpt lat="59.437409" lon="24.743198">
        <ele>29.3</ele>
        <time>2026-08-19T15:28:49Z</time>
      </trkpt>
      <trkpt lat="59.437398" lon="24.743205">
        <ele>29.3</ele>
        <time>2026-08-19T15:28:50Z</time>
      </trkpt>
      <trkpt lat="59.43739" lon="24.743207">
        <ele>29.3</ele>
        <time>2026-08-19T15:28:51Z</time>
      </trkpt>
      <trkpt lat="59.437391" lon="24.743198">
        <ele>29.3</ele>
        <time>2026-08-19T15:28:52Z</time>
      </trkpt>
      <trkpt lat="59.437386" lon="24.743189">
        <ele>29.3</ele>
        <time>2026-08-19T15:28:53Z</time>
      </trkpt>
      <trkpt lat="59.437378" lon="24.743172">
        <ele>29.4</ele>
        <time>2026-08-19T15:28:54Z</time>
      </trkpt>
      <trkpt lat="59.437371" lon="24.743173">
        <ele>29.4</ele>
        <time>2026-08-19T15:28:55Z</time>
      </trkpt>
      <trkpt lat="59.437388" lon="24.74324">
        <ele>29.5</ele>
        <time>2026-08-19T15:28:56Z</time>
      </trkpt>
      <trkpt lat="59.437389" lon="24.743233">
        <ele>29.5</ele>
        <time>2026-08-19T15:28:57Z</time>
      </trkpt>
      <trkpt lat="59.437365" lon="24.743216">
        <ele>29.6</ele>
        <time>2026-08-19T15:28:58Z</time>
      </trkpt>
      <trkpt lat="59.437343" lon="24.743235">
        <ele>29.6</ele>
        <time>2026-08-19T15:28:59Z</time>
      </trkpt>
      <trkpt lat="59.437333" lon="24.743231">
        <ele>29.6</ele>
        <time>2026-08-19T15:29:00Z</time>
      </trkpt>
      <trkpt lat="59.437314" lon="24.743235">
        <ele>29.7</ele>
        <time>2026-08-19T15:29:01Z</time>
      </trkpt>
      <trkpt lat="59.437308" lon="24.743221">
        <ele>29.7</ele>
        <time>2026-08-19T15:29:02Z</time>
      </trkpt>
      <trkpt lat="59.437296" lon="24.743196">
        <ele>29.7</ele>
        <time>2026-08-19T15:29:03Z</time>
      </trkpt>
      <trkpt lat="59.437313" lon="24.743168">
        <ele>29.8</ele>
        <time>2026-08-19T15:29:04Z</time>
      </trkpt>
      <trkpt lat="59.437313" lon="24.743148">
        <ele>29.8</ele>
        <time>2026-08-19T15:29:05Z</time>
      </trkpt>
      <trkpt lat="59.437315" lon="24.743153">
        <ele>29.8</ele>
        <time>2026-08-19T15:29:06Z</time>
      </trkpt>
      <trkpt lat="59.437305" lon="24.743122">
        <ele>29.9</ele>
        <time>2026-08-19T15:29:07Z</time>
      </trkpt>
      <trkpt lat="59.437293" lon="24.743121">
        <ele>29.9</ele>
        <time>2026-08-19T15:29:08Z</time>
      </trkpt>
      <trkpt lat="59.437268" lon="24.743086">
        <ele>30.0</ele>
        <time>2026-08-19T15:29:09Z</time>
      </trkpt>
      <trkpt lat="59.437251" lon="24.743048">
        <ele>30.1</ele>
        <time>2026-08-19T15:29:10Z</time>
      </trkpt>
      <trkpt lat="59.437236" lon="24.743001">
        <ele>30.1</ele>
        <time>2026-08-19T15:29:11Z</time>
      </trkpt>
      <trkpt lat="59.437228" lon="24.742986">
        <ele>30.1</ele>
        <time>2026-08-19T15:29:12Z</time>
      </trkpt>
      <trkpt lat="59.437227" lon="24.742972">
        <ele>30.2</ele>
        <time>2026-08-19T15:29:13Z</time>
      </trkpt>
      <trkpt lat="59.437222" lon="24.742948">
        <ele>30.2</ele>
        <time>2026-08-19T15:29:14Z</time>
      </trkpt>
      <trkpt lat="59.437195" lon="24.742933">
        <ele>30.3</ele>
        <time>2026-08-19T15:29:15Z</time>
      </trkpt>
      <trkpt lat="59.437176" lon="24.742906">
        <ele>30.3</ele>
        <time>2026-08-19T15:29:16Z</time>
      </trkpt>
      <trkpt lat="59.43717" lon="24.742873">
        <ele>30.4</ele>
        <time>2026-08-19T15:29:17Z</time>
      </trkpt>
      <trkpt lat="59.43715" lon="24.74287">
        <ele>30.4</ele>
        <time>2026-08-19T15:29:18Z</time>
      </trkpt>
      <trkpt lat="59.437128" lon="24.742859">
        <ele>30.5</ele>
        <time>2026-08-19T15:29:19Z</time>
      </trkpt>
      <trkpt lat="59.43711" lon="24.742848">
        <ele>30.5</ele>
        <time>2026-08-19T15:29:20Z</time>
      </trkpt>
      <trkpt lat="59.437093" lon="24.742836">
        <ele>30.6</ele>
        <time>2026-08-19T15:29:21Z</time>
      </trkpt>
      <trkpt lat="59.437077" lon="24.742817">
        <ele>30.6</ele>
        <time>2026-08-19T15:29:22Z</time>
      </trkpt>
      <trkpt lat="59.437059" lon="24.742809">
        <ele>30.7</ele>
        <time>2026-08-19T15:29:23Z</time>
      </trkpt>
      <trkpt lat="59.437044" lon="24.742801">
        <ele>30.7</ele>
        <time>2026-08-19T15:29:24Z</time>
      </trkpt>
      <trkpt lat="59.437021" lon="24.742794">
        <ele>30.8</ele>
        <time>2026-08-19T15:29:25Z</time>
      </trkpt>
      <trkpt lat="59.437013" lon="24.742801">
        <ele>30.8</ele>
        <time>2026-08-19T15:29:26Z</time>
      </trkpt>
      <trkpt lat="59.437003" lon="24.74279">
        <ele>30.8</ele>
        <time>2026-08-19T15:29:27Z</time>
      </trkpt>
      <trkpt lat="59.436995" lon="24.742777">
        <ele>30.9</ele>
        <time>2026-08-19T15:29:28Z</time>
      </trkpt>
      <trkpt lat="59.436986" lon="24.742758">
        <ele>30.9</ele>
        <time>2026-08-19T15:29:29Z</time>
      </trkpt>
      <trkpt lat="59.436974" lon="24.742759">
        <ele>30.9</ele>
        <time>2026-08-19T15:29:30Z</time>
      </trkpt>
      <trkpt lat="59.436969" lon="24.742774">
        <ele>30.9</ele>
        <time>2026-08-19T15:29:31Z</time>
      </trkpt>
      <trkpt lat="59.436965" lon="24.742779">
        <ele>30.9</ele>
        <time>2026-08-19T15:29:32Z</time>
      </trkpt>
      <trkpt lat="59.436962" lon="24.742804">
        <ele>30.9</ele>
        <time>2026-08-19T15:29:33Z</time>
      </trkpt>
      <trkpt lat="59.436953" lon="24.742809">
        <ele>30.9</ele>
        <time>2026-08-19T15:29:34Z</time>
      </trkpt>
      <trkpt lat="59.436943" lon="24.742845">
        <ele>31.0</ele>
        <time>2026-08-19T15:29:35Z</time>
      </trkpt>
      <trkpt lat="59.43695" lon="24.74285">
        <ele>31.0</ele>
        <time>2026-08-19T15:29:36Z</time>
      </trkpt>
      <trkpt lat="59.436974" lon="24.742843">
        <ele>31.0</ele>
        <time>2026-08-19T15:29:37Z</time>
      </trkpt>
      <trkpt lat="59.436987" lon="24.742829">
        <ele>31.0</ele>
        <time>2026-08-19T15:29:38Z</time>
      </trkpt>
      <trkpt lat="59.436977" lon="24.742846">
        <ele>31.0</ele>
        <time>2026-08-19T15:29:39Z</time>
      </trkpt>
      <trkpt lat="59.436972" lon="24.742863">
        <ele>31.0</ele>
        <time>2026-08-19T15:29:40Z</time>
      </trkpt>
      <trkpt lat="59.436976" lon="24.742869">
        <ele>31.0</ele>
        <time>2026-08-19T15:29:41Z</time>
      </trkpt>
      <trkpt lat="59.436968" lon="24.742856">
        <ele>31.0</ele>
        <time>2026-08-19T15:29:42Z</time>
      </trkpt>
      <trkpt lat="59.436961" lon="24.742864">
        <ele>31.0</ele>
        <time>2026-08-19T15:29:43Z</time>
      </trkpt>
      <trkpt lat="59.436961" lon="24.742865">
        <ele>31.0</ele>
        <time>2026-08-19T15:29:44Z</time>
      </trkpt>
      <trkpt lat="59.436965" lon="24.74284">
        <ele>31.0</ele>
        <time>2026-08-19T15:29:45Z</time>
      </trkpt>
      <trkpt lat="59.436966" lon="24.742825">
        <ele>31.0</ele>
        <time>2026-08-19T15:29:46Z</time>
      </trkpt>
      <trkpt lat="59.436974" lon="24.742817">
        <ele>31.0</ele>
        <time>2026-08-19T15:29:47Z</time>
      </trkpt>
      <trkpt lat="59.43697" lon="24.74282">
        <ele>31.0</ele>
        <time>2026-08-19T15:29:48Z</time>
      </trkpt>
      <trkpt lat="59.436999" lon="24.742784">
        <ele>31.0</ele>
        <time>2026-08-19T15:29:49Z</time>
      </trkpt>
      <trkpt lat="59.437014" lon="24.742766">
        <ele>31.0</ele>
        <time>2026-08-19T15:29:50Z</time>
      </trkpt>
      <trkpt lat="59.437016" lon="24.742759">
        <ele>31.0</ele>
        <time>2026-08-19T15:29:51Z</time>
      </trkpt>
      <trkpt lat="59.437026" lon="24.742757">
        <ele>31.0</ele>
        <time>2026-08-19T15:29:52Z</time>
      </trkpt>
      <trkpt lat="59.437026" lon="24.742738">
        <ele>31.0</ele>
        <time>2026-08-19T15:29:53Z</time>
      </trkpt>
      <trkpt lat="59.437028" lon="24.742724">
        <ele>31.0</ele>
        <time>2026-08-19T15:29:54Z</time>
      </trkpt>
      <trkpt lat="59.437029" lon="24.742727">
        <ele>31.0</ele>
        <time>2026-08-19T15:29:55Z</time>
      </trkpt>
      <trkpt lat="59.437025" lon="24.742743">
        <ele>31.0</ele>
        <time>2026-08-19T15:29:56Z</time>
      </trkpt>
      <trkpt lat="59.43702" lon="24.742767">
        <ele>31.1</ele>
        <time>2026-08-19T15:29:57Z</time>
      </trkpt>
      <trkpt lat="59.437015" lon="24.742796">
        <ele>31.1</ele>
        <time>2026-08-19T15:29:58Z</time>
      </trkpt>
      <trkpt lat="59.437006" lon="24.742803">
        <ele>31.1</ele>
        <time>2026-08-19T15:29:59Z</time>
      </trkpt>
      <trkpt lat="59.437004" lon="24.742807">
        <ele>31.1</ele>
        <time>2026-08-19T15:30:00Z</time>
      </trkpt>
      <trkpt lat="59.437006" lon="24.742807">
        <ele>31.1</ele>
        <time>2026-08-19T15:30:01Z</time>
      </trkpt>
      <trkpt lat="59.43701" lon="24.74283">
        <ele>31.1</ele>
        <time>2026-08-19T15:30:02Z</time>
      </trkpt>
      <trkpt lat="59.43702" lon="24.742833">
        <ele>31.1</ele>
        <time>2026-08-19T15:30:03Z</time>
      </trkpt>
      <trkpt lat="59.437022" lon="24.742841">
        <ele>31.1</ele>
        <time>2026-08-19T15:30:04Z</time>
      </trkpt>
      <trkpt lat="59.437022" lon="24.742841">
        <ele>31.1</ele>
        <time>2026-08-19T15:30:05Z</time>
      </trkpt>
      <trkpt lat="59.437022" lon="24.742841">
        <ele>31.1</ele>
        <time>2026-08-19T15:30:06Z</time>
      </trkpt>
      <trkpt lat="59.437022" lon="24.742841">
        <ele>31.1</ele>
        <time>2026-08-19T15:30:07Z</time>
      </trkpt>
      <trkpt lat="59.437026" lon="24.742861">
        <ele>31.1</ele>
        <time>2026-08-19T15:30:08Z</time>
      </trkpt>
      <trkpt lat="59.437026" lon="24.742861">
        <ele>31.1</ele>
        <time>2026-08-19T15:30:09Z</time>
      </trkpt>
      <trkpt lat="59.437018" lon="24.742866">
        <ele>31.1</ele>
        <time>2026-08-19T15:30:10Z</time>
      </trkpt>
      <trkpt lat="59.437015" lon="24.742876">
        <ele>31.1</ele>
        <time>2026-08-19T15:30:11Z</time>
      </trkpt>
      <trkpt lat="59.437013" lon="24.742874">
        <ele>31.1</ele>
        <time>2026-08-19T15:30:12Z</time>
      </trkpt>
      <trkpt lat="59.437005" lon="24.742879">
        <ele>31.1</ele>
        <time>2026-08-19T15:30:13Z</time>
      </trkpt>
      <trkpt lat="59.436997" lon="24.742886">
        <ele>31.1</ele>
        <time>2026-08-19T15:30:14Z</time>
      </trkpt>
      <trkpt lat="59.436994" lon="24.742891">
        <ele>31.1</ele>
        <time>2026-08-19T15:30:15Z</time>
      </trkpt>
      <trkpt lat="59.437002" lon="24.742899">
        <ele>31.1</ele>
        <time>2026-08-19T15:30:16Z</time>
      </trkpt>
      <trkpt lat="59.437004" lon="24.742893">
        <ele>31.1</ele>
        <time>2026-08-19T15:30:17Z</time>
      </trkpt>
      <trkpt lat="59.437005" lon="24.742886">
        <ele>31.1</ele>
        <time>2026-08-19T15:30:18Z</time>
      </trkpt>
      <trkpt lat="59.436999" lon="24.742897">
        <ele>31.1</ele>
        <time>2026-08-19T15:30:19Z</time>
      </trkpt>
      <trkpt lat="59.436993" lon="24.742886">
        <ele>31.1</ele>
        <time>2026-08-19T15:30:20Z</time>
      </trkpt>
      <trkpt lat="59.436992" lon="24.742893">
        <ele>31.1</ele>
        <time>2026-08-19T15:30:21Z</time>
      </trkpt>
      <trkpt lat="59.436989" lon="24.742869">
        <ele>31.1</ele>
        <time>2026-08-19T15:30:22Z</time>
      </trkpt>
      <trkpt lat="59.436988" lon="24.7429">
        <ele>31.1</ele>
        <time>2026-08-19T15:30:23Z</time>
      </trkpt>
      <trkpt lat="59.437001" lon="24.742941">
        <ele>31.1</ele>
        <time>2026-08-19T15:30:24Z</time>
      </trkpt>
      <trkpt lat="59.436995" lon="24.742925">
        <ele>31.1</ele>
        <time>2026-08-19T15:30:25Z</time>
      </trkpt>
      <trkpt lat="59.436998" lon="24.742922">
        <ele>31.1</ele>
        <time>2026-08-19T15:30:26Z</time>
      </trkpt>
      <trkpt lat="59.437002" lon="24.74293">
        <ele>31.1</ele>
        <time>2026-08-19T15:30:27Z</time>
      </trkpt>
      <trkpt lat="59.436991" lon="24.742923">
        <ele>31.1</ele>
        <time>2026-08-19T15:30:28Z</time>
      </trkpt>
      <trkpt lat="59.436984" lon="24.742906">
        <ele>31.1</ele>
        <time>2026-08-19T15:30:29Z</time>
      </trkpt>
      <trkpt lat="59.436981" lon="24.742891">
        <ele>31.1</ele>
        <time>2026-08-19T15:30:30Z</time>
      </trkpt>
      <trkpt lat="59.436985" lon="24.742877">
        <ele>31.1</ele>
        <time>2026-08-19T15:30:31Z</time>
      </trkpt>
      <trkpt lat="59.436987" lon="24.742857">
        <ele>31.1</ele>
        <time>2026-08-19T15:30:32Z</time>
      </trkpt>
      <trkpt lat="59.436976" lon="24.74286">
        <ele>31.1</ele>
        <time>2026-08-19T15:30:33Z</time>
      </trkpt>
      <trkpt lat="59.436967" lon="24.742885">
        <ele>31.1</ele>
        <time>2026-08-19T15:30:34Z</time>
      </trkpt>
      <trkpt lat="59.436945" lon="24.742871">
        <ele>31.1</ele>
        <time>2026-08-19T15:30:35Z</time>
      </trkpt>
      <trkpt lat="59.436922" lon="24.74289">
        <ele>31.1</ele>
        <time>2026-08-19T15:30:36Z</time>
      </trkpt>
      <trkpt lat="59.436905" lon="24.742893">
        <ele>31.1</ele>
        <time>2026-08-19T15:30:37Z</time>
      </trkpt>
      <trkpt lat="59.436892" lon="24.742902">
        <ele>31.1</ele>
        <time>2026-08-19T15:30:38Z</time>
      </trkpt>
      <trkpt lat="59.436886" lon="24.742883">
        <ele>31.1</ele>
        <time>2026-08-19T15:30:39Z</time>
      </trkpt>
      <trkpt lat="59.436876" lon="24.742872">
        <ele>31.1</ele>
        <time>2026-08-19T15:30:40Z</time>
      </trkpt>
      <trkpt lat="59.436869" lon="24.742845">
        <ele>31.1</ele>
        <time>2026-08-19T15:30:41Z</time>
      </trkpt>
      <trkpt lat="59.436863" lon="24.742831">
        <ele>31.2</ele>
        <time>2026-08-19T15:30:42Z</time>
      </trkpt>
      <trkpt lat="59.436856" lon="24.742806">
        <ele>31.2</ele>
        <time>2026-08-19T15:30:43Z</time>
      </trkpt>
      <trkpt lat="59.436854" lon="24.742802">
        <ele>31.2</ele>
        <time>2026-08-19T15:30:44Z</time>
      </trkpt>
      <trkpt lat="59.436838" lon="24.742777">
        <ele>31.2</ele>
        <time>2026-08-19T15:30:45Z</time>
      </trkpt>
      <trkpt lat="59.436828" lon="24.742748">
        <ele>31.2</ele>
        <time>2026-08-19T15:30:46Z</time>
      </trkpt>
      <trkpt lat="59.436822" lon="24.742726">
        <ele>31.2</ele>
        <time>2026-08-19T15:30:47Z</time>
      </trkpt>
      <trkpt lat="59.43682" lon="24.742715">
        <ele>31.2</ele>
        <time>2026-08-19T15:30:48Z</time>
      </trkpt>
      <trkpt lat="59.436813" lon="24.742706">
        <ele>31.2</ele>
        <time>2026-08-19T15:30:49Z</time>
      </trkpt>
      <trkpt lat="59.436792" lon="24.742668">
        <ele>31.3</ele>
        <time>2026-08-19T15:30:50Z</time>
      </trkpt>
      <trkpt lat="59.436773" lon="24.742626">
        <ele>31.4</ele>
        <time>2026-08-19T15:30:51Z</time>
      </trkpt>
      <trkpt lat="59.43677" lon="24.742621">
        <ele>31.4</ele>
        <time>2026-08-19T15:30:52Z</time>
      </trkpt>
      <trkpt lat="59.436767" lon="24.742658">
        <ele>31.4</ele>
        <time>2026-08-19T15:30:53Z</time>
      </trkpt>
      <trkpt lat="59.436769" lon="24.742678">
        <ele>31.4</ele>
        <time>2026-08-19T15:30:54Z</time>
      </trkpt>
      <trkpt lat="59.436742" lon="24.742714">
        <ele>31.5</ele>
        <time>2026-08-19T15:30:55Z</time>
      </trkpt>
      <trkpt lat="59.436729" lon="24.742678">
        <ele>31.6</ele>
        <time>2026-08-19T15:30:56Z</time>
      </trkpt>
      <trkpt lat="59.436723" lon="24.742673">
        <ele>31.6</ele>
        <time>2026-08-19T15:30:57Z</time>
      </trkpt>
      <trkpt lat="59.436719" lon="24.742677">
        <ele>31.6</ele>
        <time>2026-08-19T15:30:58Z</time>
      </trkpt>
      <trkpt lat="59.436721" lon="24.742691">
        <ele>31.6</ele>
        <time>2026-08-19T15:30:59Z</time>
      </trkpt>
      <trkpt lat="59.436713" lon="24.742667">
        <ele>31.7</ele>
        <time>2026-08-19T15:31:00Z</time>
      </trkpt>
      <trkpt lat="59.436705" lon="24.74263">
        <ele>31.7</ele>
        <time>2026-08-19T15:31:01Z</time>
      </trkpt>
      <trkpt lat="59.436712" lon="24.742614">
        <ele>31.8</ele>
        <time>2026-08-19T15:31:02Z</time>
      </trkpt>
      <trkpt lat="59.436706" lon="24.742576">
        <ele>31.9</ele>
        <time>2026-08-19T15:31:03Z</time>
      </trkpt>
      <trkpt lat="59.436715" lon="24.742554">
        <ele>31.9</ele>
        <time>2026-08-19T15:31:04Z</time>
      </trkpt>
      <trkpt lat="59.436715" lon="24.742518">
        <ele>32.0</ele>
        <time>2026-08-19T15:31:05Z</time>
      </trkpt>
      <trkpt lat="59.436713" lon="24.742495">
        <ele>32.0</ele>
        <time>2026-08-19T15:31:06Z</time>
      </trkpt>
      <trkpt lat="59.436722" lon="24.742441">
        <ele>32.1</ele>
        <time>2026-08-19T15:31:07Z</time>
      </trkpt>
      <trkpt lat="59.436709" lon="24.742432">
        <ele>32.1</ele>
        <time>2026-08-19T15:31:08Z</time>
      </trkpt>
      <trkpt lat="59.436702" lon="24.742408">
        <ele>32.2</ele>
        <time>2026-08-19T15:31:09Z</time>
      </trkpt>
      <trkpt lat="59.43669" lon="24.74239">
        <ele>32.2</ele>
        <time>2026-08-19T15:31:10Z</time>
      </trkpt>
      <trkpt lat="59.436675" lon="24.742366">
        <ele>32.2</ele>
        <time>2026-08-19T15:31:11Z</time>
      </trkpt>
      <trkpt lat="59.436661" lon="24.742355">
        <ele>32.3</ele>
        <time>2026-08-19T15:31:12Z</time>
      </trkpt>
      <trkpt lat="59.436646" lon="24.742348">
        <ele>32.3</ele>
        <time>2026-08-19T15:31:13Z</time>
      </trkpt>
      <trkpt lat="59.436633" lon="24.74235">
        <ele>32.3</ele>
        <time>2026-08-19T15:31:14Z</time>
      </trkpt>
      <trkpt lat="59.436615" lon="24.742341">
        <ele>32.3</ele>
        <time>2026-08-19T15:31:15Z</time>
      </trkpt>
      <trkpt lat="59.436599" lon="24.742341">
        <ele>32.4</ele>
        <time>2026-08-19T15:31:16Z</time>
      </trkpt>
      <trkpt lat="59.43658" lon="24.742338">
        <ele>32.4</ele>
        <time>2026-08-19T15:31:17Z</time>
      </trkpt>
      <trkpt lat="59.436565" lon="24.742347">
        <ele>32.4</ele>
        <time>2026-08-19T15:31:18Z</time>
      </trkpt>
      <trkpt lat="59.436545" lon="24.74235">
        <ele>32.5</ele>
        <time>2026-08-19T15:31:19Z</time>
      </trkpt>
      <trkpt lat="59.43653" lon="24.742367">
        <ele>32.5</ele>
        <time>2026-08-19T15:31:20Z</time>
      </trkpt>
      <trkpt lat="59.436522" lon="24.742348">
        <ele>32.5</ele>
        <time>2026-08-19T15:31:21Z</time>
      </trkpt>
      <trkpt lat="59.436516" lon="24.742339">
        <ele>32.5</ele>
        <time>2026-08-19T15:31:22Z</time>
      </trkpt>
      <trkpt lat="59.436498" lon="24.742331">
        <ele>32.5</ele>
        <time>2026-08-19T15:31:23Z</time>
      </trkpt>
      <trkpt lat="59.436487" lon="24.742327">
        <ele>32.6</ele>
        <time>2026-08-19T15:31:24Z</time>
      </trkpt>
      <trkpt lat="59.436469" lon="24.74233">
        <ele>32.6</ele>
        <time>2026-08-19T15:31:25Z</time>
      </trkpt>
      <trkpt lat="59.436459" lon="24.742327">
        <ele>32.6</ele>
        <time>2026-08-19T15:31:26Z</time>
      </trkpt>
      <trkpt lat="59.436446" lon="24.742326">
        <ele>32.6</ele>
        <time>2026-08-19T15:31:27Z</time>
      </trkpt>
      <trkpt lat="59.436433" lon="24.742329">
        <ele>32.6</ele>
        <time>2026-08-19T15:31:28Z</time>
      </trkpt>
      <trkpt lat="59.436445" lon="24.742319">
        <ele>32.6</ele>
        <time>2026-08-19T15:31:29Z</time>
      </trkpt>
      <trkpt lat="59.436455" lon="24.742342">
        <ele>32.6</ele>
        <time>2026-08-19T15:31:30Z</time>
      </trkpt>
      <trkpt lat="59.436463" lon="24.74235">
        <ele>32.6</ele>
        <time>2026-08-19T15:31:31Z</time>
      </trkpt>
      <trkpt lat="59.43645" lon="24.742348">
        <ele>32.6</ele>
        <time>2026-08-19T15:31:32Z</time>
      </trkpt>
      <trkpt lat="59.436443" lon="24.742349">
        <ele>32.6</ele>
        <time>2026-08-19T15:31:33Z</time>
      </trkpt>
      <trkpt lat="59.436445" lon="24.742365">
        <ele>32.6</ele>
        <time>2026-08-19T15:31:34Z</time>
      </trkpt>
      <trkpt lat="59.436443" lon="24.742364">
        <ele>32.6</ele>
        <time>2026-08-19T15:31:35Z</time>
      </trkpt>
      <trkpt lat="59.436443" lon="24.742357">
        <ele>32.6</ele>
        <time>2026-08-19T15:31:36Z</time>
      </trkpt>
      <trkpt lat="59.436438" lon="24.742384">
        <ele>32.6</ele>
        <time>2026-08-19T15:31:37Z</time>
      </trkpt>
      <trkpt lat="59.436443" lon="24.742352">
        <ele>32.6</ele>
        <time>2026-08-19T15:31:38Z</time>
      </trkpt>
      <trkpt lat="59.436439" lon="24.742332">
        <ele>32.6</ele>
        <time>2026-08-19T15:31:39Z</time>
      </trkpt>
      <trkpt lat="59.436427" lon="24.742311">
        <ele>32.6</ele>
        <time>2026-08-19T15:31:40Z</time>
      </trkpt>
      <trkpt lat="59.436425" lon="24.7423">
        <ele>32.6</ele>
        <time>2026-08-19T15:31:41Z</time>
      </trkpt>
      <trkpt lat="59.436403" lon="24.742312">
        <ele>32.6</ele>
        <time>2026-08-19T15:31:42Z</time>
      </trkpt>
      <trkpt lat="59.436392" lon="24.742305">
        <ele>32.6</ele>
        <time>2026-08-19T15:31:43Z</time>
      </trkpt>
      <trkpt lat="59.436394" lon="24.742306">
        <ele>32.6</ele>
        <time>2026-08-19T15:31:44Z</time>
      </trkpt>
      <trkpt lat="59.436406" lon="24.742277">
        <ele>32.6</ele>
        <time>2026-08-19T15:31:45Z</time>
      </trkpt>
      <trkpt lat="59.436396" lon="24.742259">
        <ele>32.6</ele>
        <time>2026-08-19T15:31:46Z</time>
      </trkpt>
      <trkpt lat="59.436375" lon="24.742185">
        <ele>32.5</ele>
        <time>2026-08-19T15:31:47Z</time>
      </trkpt>
      <trkpt lat="59.436365" lon="24.742178">
        <ele>32.5</ele>
        <time>2026-08-19T15:31:48Z</time>
      </trkpt>
      <trkpt lat="59.43636" lon="24.74216">
        <ele>32.5</ele>
        <time>2026-08-19T15:31:49Z</time>
      </trkpt>
      <trkpt lat="59.436367" lon="24.742223">
        <ele>32.5</ele>
        <time>2026-08-19T15:31:50Z</time>
      </trkpt>
      <trkpt lat="59.436376" lon="24.742238">
        <ele>32.5</ele>
        <time>2026-08-19T15:31:51Z</time>
      </trkpt>
      <trkpt lat="59.43638" lon="24.742229">
        <ele>32.5</ele>
        <time>2026-08-19T15:31:52Z</time>
      </trkpt>
      <trkpt lat="59.436375" lon="24.742207">
        <ele>32.4</ele>
        <time>2026-08-19T15:31:53Z</time>
      </trkpt>
      <trkpt lat="59.436371" lon="24.7422">
        <ele>32.4</ele>
        <time>2026-08-19T15:31:54Z</time>
      </trkpt>
      <trkpt lat="59.436358" lon="24.742204">
        <ele>32.4</ele>
        <time>2026-08-19T15:31:55Z</time>
      </trkpt>
      <trkpt lat="59.436353" lon="24.742226">
        <ele>32.4</ele>
        <time>2026-08-19T15:31:56Z</time>
      </trkpt>
      <trkpt lat="59.436355" lon="24.742256">
        <ele>32.4</ele>
        <time>2026-08-19T15:31:57Z</time>
      </trkpt>
      <trkpt lat="59.436357" lon="24.742272">
        <ele>32.4</ele>
        <time>2026-08-19T15:31:58Z</time>
      </trkpt>
      <trkpt lat="59.436345" lon="24.742296">
        <ele>32.3</ele>
        <time>2026-08-19T15:31:59Z</time>
      </trkpt>
      <trkpt lat="59.436337" lon="24.742331">
        <ele>32.3</ele>
        <time>2026-08-19T15:32:00Z</time>
      </trkpt>
      <trkpt lat="59.436332" lon="24.742363">
        <ele>32.3</ele>
        <time>2026-08-19T15:32:01Z</time>
      </trkpt>
      <trkpt lat="59.436345" lon="24.742373">
        <ele>32.3</ele>
        <time>2026-08-19T15:32:02Z</time>
      </trkpt>
      <trkpt lat="59.436356" lon="24.742358">
        <ele>32.2</ele>
        <time>2026-08-19T15:32:03Z</time>
      </trkpt>
      <trkpt lat="59.436367" lon="24.742348">
        <ele>32.2</ele>
        <time>2026-08-19T15:32:04Z</time>
      </trkpt>
      <trkpt lat="59.436362" lon="24.742351">
        <ele>32.2</ele>
        <time>2026-08-19T15:32:05Z</time>
      </trkpt>
      <trkpt lat="59.436365" lon="24.742363">
        <ele>32.2</ele>
        <time>2026-08-19T15:32:06Z</time>
      </trkpt>
      <trkpt lat="59.436366" lon="24.74237">
        <ele>32.2</ele>
        <time>2026-08-19T15:32:07Z</time>
      </trkpt>
      <trkpt lat="59.436363" lon="24.742393">
        <ele>32.2</ele>
        <time>2026-08-19T15:32:08Z</time>
      </trkpt>
      <trkpt lat="59.436361" lon="24.742413">
        <ele>32.2</ele>
        <time>2026-08-19T15:32:09Z</time>
      </trkpt>
      <trkpt lat="59.436365" lon="24.742426">
        <ele>32.2</ele>
        <time>2026-08-19T15:32:10Z</time>
      </trkpt>
      <trkpt lat="59.436366" lon="24.742452">
        <ele>32.1</ele>
        <time>2026-08-19T15:32:11Z</time>
      </trkpt>
      <trkpt lat="59.436361" lon="24.742474">
        <ele>32.1</ele>
        <time>2026-08-19T15:32:12Z</time>
      </trkpt>
      <trkpt lat="59.43636" lon="24.742467">
        <ele>32.1</ele>
        <time>2026-08-19T15:32:13Z</time>
      </trkpt>
      <trkpt lat="59.436358" lon="24.742466">
        <ele>32.1</ele>
        <time>2026-08-19T15:32:14Z</time>
      </trkpt>
      <trkpt lat="59.436353" lon="24.742479">
        <ele>32.1</ele>
        <time>2026-08-19T15:32:15Z</time>
      </trkpt>
      <trkpt lat="59.436348" lon="24.742483">
        <ele>32.1</ele>
        <time>2026-08-19T15:32:16Z</time>
      </trkpt>
      <trkpt lat="59.436342" lon="24.742481">
        <ele>32.1</ele>
        <time>2026-08-19T15:32:17Z</time>
      </trkpt>
      <trkpt lat="59.436346" lon="24.742518">
        <ele>32.1</ele>
        <time>2026-08-19T15:32:18Z</time>
      </trkpt>
      <trkpt lat="59.436335" lon="24.74255">
        <ele>32.0</ele>
        <time>2026-08-19T15:32:19Z</time>
      </trkpt>
      <trkpt lat="59.436334" lon="24.742566">
        <ele>32.0</ele>
        <time>2026-08-19T15:32:20Z</time>
      </trkpt>
      <trkpt lat="59.436342" lon="24.742583">
        <ele>32.0</ele>
        <time>2026-08-19T15:32:21Z</time>
      </trkpt>
      <trkpt lat="59.436346" lon="24.742591">
        <ele>32.0</ele>
        <time>2026-08-19T15:32:22Z</time>
      </trkpt>
      <trkpt lat="59.436347" lon="24.742608">
        <ele>32.0</ele>
        <time>2026-08-19T15:32:23Z</time>
      </trkpt>
      <trkpt lat="59.436344" lon="24.742637">
        <ele>31.9</ele>
        <time>2026-08-19T15:32:24Z</time>
      </trkpt>
      <trkpt lat="59.436336" lon="24.742658">
        <ele>31.9</ele>
        <time>2026-08-19T15:32:25Z</time>
      </trkpt>
      <trkpt lat="59.436329" lon="24.74268">
        <ele>31.8</ele>
        <time>2026-08-19T15:32:26Z</time>
      </trkpt>
      <trkpt lat="59.43632" lon="24.742697">
        <ele>31.7</ele>
        <time>2026-08-19T15:32:27Z</time>
      </trkpt>
      <trkpt lat="59.436319" lon="24.742699">
        <ele>31.7</ele>
        <time>2026-08-19T15:32:28Z</time>
      </trkpt>
      <trkpt lat="59.436315" lon="24.742712">
        <ele>31.7</ele>
        <time>2026-08-19T15:32:29Z</time>
      </trkpt>
      <trkpt lat="59.436318" lon="24.742734">
        <ele>31.6</ele>
        <time>2026-08-19T15:32:30Z</time>
      </trkpt>
      <trkpt lat="59.436326" lon="24.742767">
        <ele>31.5</ele>
        <time>2026-08-19T15:32:31Z</time>
      </trkpt>
      <trkpt lat="59.436329" lon="24.742793">
        <ele>31.4</ele>
        <time>2026-08-19T15:32:32Z</time>
      </trkpt>
      <trkpt lat="59.436337" lon="24.74282">
        <ele>31.3</ele>
        <time>2026-08-19T15:32:33Z</time>
      </trkpt>
      <trkpt lat="59.436346" lon="24.742846">
        <ele>31.3</ele>
        <time>2026-08-19T15:32:34Z</time>
      </trkpt>
      <trkpt lat="59.436354" lon="24.742872">
        <ele>31.2</ele>
        <time>2026-08-19T15:32:35Z</time>
      </trkpt>
      <trkpt lat="59.436359" lon="24.742895">
        <ele>31.1</ele>
        <time>2026-08-19T15:32:36Z</time>
      </trkpt>
      <trkpt lat="59.436355" lon="24.742915">
        <ele>31.0</ele>
        <time>2026-08-19T15:32:37Z</time>
      </trkpt>
      <trkpt lat="59.436354" lon="24.742948">
        <ele>30.9</ele>
        <time>2026-08-19T15:32:38Z</time>
      </trkpt>
      <trkpt lat="59.436356" lon="24.742988">
        <ele>30.8</ele>
        <time>2026-08-19T15:32:39Z</time>
      </trkpt>
      <trkpt lat="59.436357" lon="24.742998">
        <ele>30.8</ele>
        <time>2026-08-19T15:32:40Z</time>
      </trkpt>
      <trkpt lat="59.436347" lon="24.743018">
        <ele>30.7</ele>
        <time>2026-08-19T15:32:41Z</time>
      </trkpt>
      <trkpt lat="59.436343" lon="24.743051">
        <ele>30.6</ele>
        <time>2026-08-19T15:32:42Z</time>
      </trkpt>
      <trkpt lat="59.436336" lon="24.743061">
        <ele>30.5</ele>
        <time>2026-08-19T15:32:43Z</time>
      </trkpt>
      <trkpt lat="59.43633" lon="24.743085">
        <ele>30.4</ele>
        <time>2026-08-19T15:32:44Z</time>
      </trkpt>
      <trkpt lat="59.436332" lon="24.7431">
        <ele>30.4</ele>
        <time>2026-08-19T15:32:45Z</time>
      </trkpt>
      <trkpt lat="59.436337" lon="24.743122">
        <ele>30.3</ele>
        <time>2026-08-19T15:32:46Z</time>
      </trkpt>
      <trkpt lat="59.436335" lon="24.74316">
        <ele>30.2</ele>
        <time>2026-08-19T15:32:47Z</time>
      </trkpt>
      <trkpt lat="59.436337" lon="24.743204">
        <ele>30.1</ele>
        <time>2026-08-19T15:32:48Z</time>
      </trkpt>
      <trkpt lat="59.436339" lon="24.743214">
        <ele>30.0</ele>
        <time>2026-08-19T15:32:49Z</time>
      </trkpt>
      <trkpt lat="59.436333" lon="24.743206">
        <ele>30.0</ele>
        <time>2026-08-19T15:32:50Z</time>
      </trkpt>
      <trkpt lat="59.436324" lon="24.743205">
        <ele>29.9</ele>
        <time>2026-08-19T15:32:51Z</time>
      </trkpt>
      <trkpt lat="59.436328" lon="24.74324">
        <ele>29.8</ele>
        <time>2026-08-19T15:32:52Z</time>
      </trkpt>
      <trkpt lat="59.436325" lon="24.743263">
        <ele>29.7</ele>
        <time>2026-08-19T15:32:53Z</time>
      </trkpt>
      <trkpt lat="59.436318" lon="24.743292">
        <ele>29.7</ele>
        <time>2026-08-19T15:32:54Z</time>
      </trkpt>
      <trkpt lat="59.43632" lon="24.743341">
        <ele>29.5</ele>
        <time>2026-08-19T15:32:55Z</time>
      </trkpt>
      <trkpt lat="59.436315" lon="24.743357">
        <ele>29.5</ele>
        <time>2026-08-19T15:32:56Z</time>
      </trkpt>
      <trkpt lat="59.436315" lon="24.743373">
        <ele>29.4</ele>
        <time>2026-08-19T15:32:57Z</time>
      </trkpt>
      <trkpt lat="59.436317" lon="24.743379">
        <ele>29.4</ele>
        <time>2026-08-19T15:32:58Z</time>
      </trkpt>
      <trkpt lat="59.436321" lon="24.743406">
        <ele>29.3</ele>
        <time>2026-08-19T15:32:59Z</time>
      </trkpt>
      <trkpt lat="59.436329" lon="24.743431">
        <ele>29.2</ele>
        <time>2026-08-19T15:33:00Z</time>
      </trkpt>
      <trkpt lat="59.43634" lon="24.74345">
        <ele>29.2</ele>
        <time>2026-08-19T15:33:01Z</time>
      </trkpt>
      <trkpt lat="59.436346" lon="24.743454">
        <ele>29.1</ele>
        <time>2026-08-19T15:33:02Z</time>
      </trkpt>
      <trkpt lat="59.436356" lon="24.743479">
        <ele>29.0</ele>
        <time>2026-08-19T15:33:03Z</time>
      </trkpt>
      <trkpt lat="59.436363" lon="24.743518">
        <ele>28.9</ele>
        <time>2026-08-19T15:33:04Z</time>
      </trkpt>
      <trkpt lat="59.436364" lon="24.743567">
        <ele>28.8</ele>
        <time>2026-08-19T15:33:05Z</time>
      </trkpt>
      <trkpt lat="59.436362" lon="24.7436">
        <ele>28.7</ele>
        <time>2026-08-19T15:33:06Z</time>
      </trkpt>
      <trkpt lat="59.436361" lon="24.743611">
        <ele>28.7</ele>
        <time>2026-08-19T15:33:07Z</time>
      </trkpt>
      <trkpt lat="59.436359" lon="24.743634">
        <ele>28.6</ele>
        <time>2026-08-19T15:33:08Z</time>
      </trkpt>
      <trkpt lat="59.436358" lon="24.743651">
        <ele>28.5</ele>
        <time>2026-08-19T15:33:09Z</time>
      </trkpt>
      <trkpt lat="59.436365" lon="24.743687">
        <ele>28.4</ele>
        <time>2026-08-19T15:33:10Z</time>
      </trkpt>
      <trkpt lat="59.436374" lon="24.743703">
        <ele>28.4</ele>
        <time>2026-08-19T15:33:11Z</time>
      </trkpt>
      <trkpt lat="59.436376" lon="24.743724">
        <ele>28.3</ele>
        <time>2026-08-19T15:33:12Z</time>
      </trkpt>
      <trkpt lat="59.436381" lon="24.743742">
        <ele>28.2</ele>
        <time>2026-08-19T15:33:13Z</time>
      </trkpt>
      <trkpt lat="59.436391" lon="24.74376">
        <ele>28.1</ele>
        <time>2026-08-19T15:33:14Z</time>
      </trkpt>
      <trkpt lat="59.436393" lon="24.743759">
        <ele>28.1</ele>
        <time>2026-08-19T15:33:15Z</time>
      </trkpt>
      <trkpt lat="59.43639" lon="24.743762">
        <ele>28.1</ele>
        <time>2026-08-19T15:33:16Z</time>
      </trkpt>
      <trkpt lat="59.436396" lon="24.743769">
        <ele>28.1</ele>
        <time>2026-08-19T15:33:17Z</time>
      </trkpt>
      <trkpt lat="59.4364" lon="24.743804">
        <ele>27.9</ele>
        <time>2026-08-19T15:33:18Z</time>
      </trkpt>
      <trkpt lat="59.436397" lon="24.743828">
        <ele>27.9</ele>
        <time>2026-08-19T15:33:19Z</time>
      </trkpt>
      <trkpt lat="59.436394" lon="24.743853">
        <ele>27.8</ele>
        <time>2026-08-19T15:33:20Z</time>
      </trkpt>
      <trkpt lat="59.43639" lon="24.743881">
        <ele>27.7</ele>
        <time>2026-08-19T15:33:21Z</time>
      </trkpt>
      <trkpt lat="59.43639" lon="24.743909">
        <ele>27.6</ele>
        <time>2026-08-19T15:33:22Z</time>
      </trkpt>
      <trkpt lat="59.436405" lon="24.743944">
        <ele>27.4</ele>
        <time>2026-08-19T15:33:23Z</time>
      </trkpt>
      <trkpt lat="59.436408" lon="24.74399">
        <ele>27.3</ele>
        <time>2026-08-19T15:33:24Z</time>
      </trkpt>
      <trkpt lat="59.436417" lon="24.744007">
        <ele>27.2</ele>
        <time>2026-08-19T15:33:25Z</time>
      </trkpt>
      <trkpt lat="59.436417" lon="24.744052">
        <ele>27.0</ele>
        <time>2026-08-19T15:33:26Z</time>
      </trkpt>
      <trkpt lat="59.436415" lon="24.744092">
        <ele>26.9</ele>
        <time>2026-08-19T15:33:27Z</time>
      </trkpt>
      <trkpt lat="59.436419" lon="24.744106">
        <ele>26.9</ele>
        <time>2026-08-19T15:33:28Z</time>
      </trkpt>
      <trkpt lat="59.436428" lon="24.74414">
        <ele>26.7</ele>
        <time>2026-08-19T15:33:29Z</time>
      </trkpt>
      <trkpt lat="59.436438" lon="24.744175">
        <ele>26.6</ele>
        <time>2026-08-19T15:33:30Z</time>
      </trkpt>
      <trkpt lat="59.436441" lon="24.744207">
        <ele>26.5</ele>
        <time>2026-08-19T15:33:31Z</time>
      </trkpt>
      <trkpt lat="59.436441" lon="24.74422">
        <ele>26.5</ele>
        <time>2026-08-19T15:33:32Z</time>
      </trkpt>
      <trkpt lat="59.436444" lon="24.74425">
        <ele>26.4</ele>
        <time>2026-08-19T15:33:33Z</time>
      </trkpt>
      <trkpt lat="59.436446" lon="24.744296">
        <ele>26.3</ele>
        <time>2026-08-19T15:33:34Z</time>
      </trkpt>
      <trkpt lat="59.436449" lon="24.744325">
        <ele>26.2</ele>
        <time>2026-08-19T15:33:35Z</time>
      </trkpt>
      <trkpt lat="59.43646" lon="24.744362">
        <ele>26.2</ele>
        <time>2026-08-19T15:33:36Z</time>
      </trkpt>
      <trkpt lat="59.436468" lon="24.744393">
        <ele>26.1</ele>
        <time>2026-08-19T15:33:37Z</time>
      </trkpt>
      <trkpt lat="59.43647" lon="24.74442">
        <ele>26.1</ele>
        <time>2026-08-19T15:33:38Z</time>
      </trkpt>
      <trkpt lat="59.436464" lon="24.744438">
        <ele>26.1</ele>
        <time>2026-08-19T15:33:39Z</time>
      </trkpt>
      <trkpt lat="59.436471" lon="24.744467">
        <ele>26.0</ele>
        <time>2026-08-19T15:33:40Z</time>
      </trkpt>
      <trkpt lat="59.436476" lon="24.744477">
        <ele>26.0</ele>
        <time>2026-08-19T15:33:41Z</time>
      </trkpt>
      <trkpt lat="59.436466" lon="24.744461">
        <ele>26.0</ele>
        <time>2026-08-19T15:33:42Z</time>
      </trkpt>
      <trkpt lat="59.436461" lon="24.744471">
        <ele>26.0</ele>
        <time>2026-08-19T15:33:43Z</time>
      </trkpt>
      <trkpt lat="59.436461" lon="24.744487">
        <ele>25.9</ele>
        <time>2026-08-19T15:33:44Z</time>
      </trkpt>
      <trkpt lat="59.436458" lon="24.744512">
        <ele>25.9</ele>
        <time>2026-08-19T15:33:45Z</time>
      </trkpt>
      <trkpt lat="59.436453" lon="24.744554">
        <ele>25.8</ele>
        <time>2026-08-19T15:33:46Z</time>
      </trkpt>
      <trkpt lat="59.436455" lon="24.744574">
        <ele>25.8</ele>
        <time>2026-08-19T15:33:47Z</time>
      </trkpt>
      <trkpt lat="59.436455" lon="24.744574">
        <ele>25.8</ele>
        <time>2026-08-19T15:33:48Z</time>
      </trkpt>
      <trkpt lat="59.436455" lon="24.74457">
        <ele>25.8</ele>
        <time>2026-08-19T15:33:49Z</time>
      </trkpt>
      <trkpt lat="59.436457" lon="24.744576">
        <ele>25.8</ele>
        <time>2026-08-19T15:33:50Z</time>
      </trkpt>
      <trkpt lat="59.436457" lon="24.744601">
        <ele>25.8</ele>
        <time>2026-08-19T15:33:51Z</time>
      </trkpt>
      <trkpt lat="59.436449" lon="24.744621">
        <ele>25.7</ele>
        <time>2026-08-19T15:33:52Z</time>
      </trkpt>
      <trkpt lat="59.436453" lon="24.744623">
        <ele>25.7</ele>
        <time>2026-08-19T15:33:53Z</time>
      </trkpt>
      <trkpt lat="59.436455" lon="24.744626">
        <ele>25.7</ele>
        <time>2026-08-19T15:33:54Z</time>
      </trkpt>
      <trkpt lat="59.436459" lon="24.744635">
        <ele>25.7</ele>
        <time>2026-08-19T15:33:55Z</time>
      </trkpt>
      <trkpt lat="59.436458" lon="24.744638">
        <ele>25.7</ele>
        <time>2026-08-19T15:33:56Z</time>
      </trkpt>
      <trkpt lat="59.436463" lon="24.744653">
        <ele>25.7</ele>
        <time>2026-08-19T15:33:57Z</time>
      </trkpt>
      <trkpt lat="59.436462" lon="24.744636">
        <ele>25.6</ele>
        <time>2026-08-19T15:33:58Z</time>
      </trkpt>
      <trkpt lat="59.436457" lon="24.744635">
        <ele>25.6</ele>
        <time>2026-08-19T15:33:59Z</time>
      </trkpt>
      <trkpt lat="59.436457" lon="24.744644">
        <ele>25.6</ele>
        <time>2026-08-19T15:34:00Z</time>
      </trkpt>
      <trkpt lat="59.436455" lon="24.744662">
        <ele>25.6</ele>
        <time>2026-08-19T15:34:01Z</time>
      </trkpt>
      <trkpt lat="59.436456" lon="24.744662">
        <ele>25.6</ele>
        <time>2026-08-19T15:34:02Z</time>
      </trkpt>
      <trkpt lat="59.43646" lon="24.744667">
        <ele>25.6</ele>
        <time>2026-08-19T15:34:03Z</time>
      </trkpt>
      <trkpt lat="59.436466" lon="24.744669">
        <ele>25.6</ele>
        <time>2026-08-19T15:34:04Z</time>
      </trkpt>
      <trkpt lat="59.436463" lon="24.74468">
        <ele>25.5</ele>
        <time>2026-08-19T15:34:05Z</time>
      </trkpt>
      <trkpt lat="59.436466" lon="24.744679">
        <ele>25.5</ele>
        <time>2026-08-19T15:34:06Z</time>
      </trkpt>
      <trkpt lat="59.436463" lon="24.744681">
        <ele>25.5</ele>
        <time>2026-08-19T15:34:07Z</time>
      </trkpt>
      <trkpt lat="59.436464" lon="24.744666">
        <ele>25.5</ele>
        <time>2026-08-19T15:34:08Z</time>
      </trkpt>
      <trkpt lat="59.436463" lon="24.744662">
        <ele>25.5</ele>
        <time>2026-08-19T15:34:09Z</time>
      </trkpt>
      <trkpt lat="59.43646" lon="24.744672">
        <ele>25.5</ele>
        <time>2026-08-19T15:34:10Z</time>
      </trkpt>
      <trkpt lat="59.436455" lon="24.744668">
        <ele>25.5</ele>
        <time>2026-08-19T15:34:11Z</time>
      </trkpt>
      <trkpt lat="59.436445" lon="24.744702">
        <ele>25.4</ele>
        <time>2026-08-19T15:34:12Z</time>
      </trkpt>
      <trkpt lat="59.436439" lon="24.744715">
        <ele>25.4</ele>
        <time>2026-08-19T15:34:13Z</time>
      </trkpt>
      <trkpt lat="59.436435" lon="24.744729">
        <ele>25.4</ele>
        <time>2026-08-19T15:34:14Z</time>
      </trkpt>
      <trkpt lat="59.436427" lon="24.744758">
        <ele>25.3</ele>
        <time>2026-08-19T15:34:15Z</time>
      </trkpt>
      <trkpt lat="59.436418" lon="24.744788">
        <ele>25.3</ele>
        <time>2026-08-19T15:34:16Z</time>
      </trkpt>
      <trkpt lat="59.436416" lon="24.744801">
        <ele>25.2</ele>
        <time>2026-08-19T15:34:17Z</time>
      </trkpt>
      <trkpt lat="59.436416" lon="24.744812">
        <ele>25.2</ele>
        <time>2026-08-19T15:34:18Z</time>
      </trkpt>
      <trkpt lat="59.436416" lon="24.744836">
        <ele>25.2</ele>
        <time>2026-08-19T15:34:19Z</time>
      </trkpt>
      <trkpt lat="59.436422" lon="24.744853">
        <ele>25.1</ele>
        <time>2026-08-19T15:34:20Z</time>
      </trkpt>
      <trkpt lat="59.436432" lon="24.74488">
        <ele>25.1</ele>
        <time>2026-08-19T15:34:21Z</time>
      </trkpt>
      <trkpt lat="59.436436" lon="24.744908">
        <ele>25.0</ele>
        <time>2026-08-19T15:34:22Z</time>
      </trkpt>
      <trkpt lat="59.436438" lon="24.744934">
        <ele>25.0</ele>
        <time>2026-08-19T15:34:23Z</time>
      </trkpt>
      <trkpt lat="59.436445" lon="24.744966">
        <ele>24.9</ele>
        <time>2026-08-19T15:34:24Z</time>
      </trkpt>
      <trkpt lat="59.436452" lon="24.744994">
        <ele>24.8</ele>
        <time>2026-08-19T15:34:25Z</time>
      </trkpt>
      <trkpt lat="59.436456" lon="24.745028">
        <ele>24.8</ele>
        <time>2026-08-19T15:34:26Z</time>
      </trkpt>
      <trkpt lat="59.436458" lon="24.745055">
        <ele>24.7</ele>
        <time>2026-08-19T15:34:27Z</time>
      </trkpt>
      <trkpt lat="59.436475" lon="24.745079">
        <ele>24.6</ele>
        <time>2026-08-19T15:34:28Z</time>
      </trkpt>
      <trkpt lat="59.436476" lon="24.745104">
        <ele>24.5</ele>
        <time>2026-08-19T15:34:29Z</time>
      </trkpt>
      <trkpt lat="59.436477" lon="24.745138">
        <ele>24.5</ele>
        <time>2026-08-19T15:34:30Z</time>
      </trkpt>
      <trkpt lat="59.436479" lon="24.745159">
        <ele>24.4</ele>
        <time>2026-08-19T15:34:31Z</time>
      </trkpt>
      <trkpt lat="59.436476" lon="24.74517">
        <ele>24.4</ele>
        <time>2026-08-19T15:34:32Z</time>
      </trkpt>
      <trkpt lat="59.436481" lon="24.745194">
        <ele>24.3</ele>
        <time>2026-08-19T15:34:33Z</time>
      </trkpt>
      <trkpt lat="59.436486" lon="24.74523">
        <ele>24.3</ele>
        <time>2026-08-19T15:34:34Z</time>
      </trkpt>
      <trkpt lat="59.436496" lon="24.74525">
        <ele>24.2</ele>
        <time>2026-08-19T15:34:35Z</time>
      </trkpt>
      <trkpt lat="59.436497" lon="24.745271">
        <ele>24.2</ele>
        <time>2026-08-19T15:34:36Z</time>
      </trkpt>
      <trkpt lat="59.436498" lon="24.74529">
        <ele>24.2</ele>
        <time>2026-08-19T15:34:37Z</time>
      </trkpt>
      <trkpt lat="59.436497" lon="24.745322">
        <ele>24.1</ele>
        <time>2026-08-19T15:34:38Z</time>
      </trkpt>
      <trkpt lat="59.436495" lon="24.745343">
        <ele>24.1</ele>
        <time>2026-08-19T15:34:39Z</time>
      </trkpt>
      <trkpt lat="59.436487" lon="24.745366">
        <ele>24.0</ele>
        <time>2026-08-19T15:34:40Z</time>
      </trkpt>
      <trkpt lat="59.436484" lon="24.745394">
        <ele>24.0</ele>
        <time>2026-08-19T15:34:41Z</time>
      </trkpt>
      <trkpt lat="59.436498" lon="24.745434">
        <ele>23.9</ele>
        <time>2026-08-19T15:34:42Z</time>
      </trkpt>
      <trkpt lat="59.436503" lon="24.745452">
        <ele>23.8</ele>
        <time>2026-08-19T15:34:43Z</time>
      </trkpt>
      <trkpt lat="59.436504" lon="24.74548">
        <ele>23.7</ele>
        <time>2026-08-19T15:34:44Z</time>
      </trkpt>
      <trkpt lat="59.436505" lon="24.745511">
        <ele>23.7</ele>
        <time>2026-08-19T15:34:45Z</time>
      </trkpt>
      <trkpt lat="59.43651" lon="24.745543">
        <ele>23.6</ele>
        <time>2026-08-19T15:34:46Z</time>
      </trkpt>
      <trkpt lat="59.43651" lon="24.745568">
        <ele>23.5</ele>
        <time>2026-08-19T15:34:47Z</time>
      </trkpt>
      <trkpt lat="59.436512" lon="24.745582">
        <ele>23.5</ele>
        <time>2026-08-19T15:34:48Z</time>
      </trkpt>
      <trkpt lat="59.436515" lon="24.745601">
        <ele>23.4</ele>
        <time>2026-08-19T15:34:49Z</time>
      </trkpt>
      <trkpt lat="59.436519" lon="24.74562">
        <ele>23.4</ele>
        <time>2026-08-19T15:34:50Z</time>
      </trkpt>
      <trkpt lat="59.436522" lon="24.745654">
        <ele>23.3</ele>
        <time>2026-08-19T15:34:51Z</time>
      </trkpt>
      <trkpt lat="59.436524" lon="24.745686">
        <ele>23.2</ele>
        <time>2026-08-19T15:34:52Z</time>
      </trkpt>
      <trkpt lat="59.436518" lon="24.745713">
        <ele>23.1</ele>
        <time>2026-08-19T15:34:53Z</time>
      </trkpt>
      <trkpt lat="59.436517" lon="24.745746">
        <ele>23.1</ele>
        <time>2026-08-19T15:34:54Z</time>
      </trkpt>
      <trkpt lat="59.436518" lon="24.745767">
        <ele>23.0</ele>
        <time>2026-08-19T15:34:55Z</time>
      </trkpt>
      <trkpt lat="59.436517" lon="24.745786">
        <ele>22.9</ele>
        <time>2026-08-19T15:34:56Z</time>
      </trkpt>
      <trkpt lat="59.436516" lon="24.745801">
        <ele>22.9</ele>
        <time>2026-08-19T15:34:57Z</time>
      </trkpt>
      <trkpt lat="59.436516" lon="24.745815">
        <ele>22.9</ele>
        <time>2026-08-19T15:34:58Z</time>
      </trkpt>
      <trkpt lat="59.436521" lon="24.745822">
        <ele>22.8</ele>
        <time>2026-08-19T15:34:59Z</time>
      </trkpt>
      <trkpt lat="59.436528" lon="24.745848">
        <ele>22.7</ele>
        <time>2026-08-19T15:35:00Z</time>
      </trkpt>
      <trkpt lat="59.436541" lon="24.745873">
        <ele>22.6</ele>
        <time>2026-08-19T15:35:01Z</time>
      </trkpt>
      <trkpt lat="59.43655" lon="24.745882">
        <ele>22.6</ele>
        <time>2026-08-19T15:35:02Z</time>
      </trkpt>
      <trkpt lat="59.436543" lon="24.745904">
        <ele>22.5</ele>
        <time>2026-08-19T15:35:03Z</time>
      </trkpt>
      <trkpt lat="59.436543" lon="24.74593">
        <ele>22.4</ele>
        <time>2026-08-19T15:35:04Z</time>
      </trkpt>
      <trkpt lat="59.436538" lon="24.745957">
        <ele>22.3</ele>
        <time>2026-08-19T15:35:05Z</time>
      </trkpt>
      <trkpt lat="59.436545" lon="24.745985">
        <ele>22.2</ele>
        <time>2026-08-19T15:35:06Z</time>
      </trkpt>
      <trkpt lat="59.436549" lon="24.746001">
        <ele>22.2</ele>
        <time>2026-08-19T15:35:07Z</time>
      </trkpt>
      <trkpt lat="59.436554" lon="24.746012">
        <ele>22.1</ele>
        <time>2026-08-19T15:35:08Z</time>
      </trkpt>
      <trkpt lat="59.436556" lon="24.746018">
        <ele>22.1</ele>
        <time>2026-08-19T15:35:09Z</time>
      </trkpt>
      <trkpt lat="59.436564" lon="24.746023">
        <ele>22.0</ele>
        <time>2026-08-19T15:35:10Z</time>
      </trkpt>
      <trkpt lat="59.436566" lon="24.746034">
        <ele>22.0</ele>
        <time>2026-08-19T15:35:11Z</time>
      </trkpt>
      <trkpt lat="59.436566" lon="24.746032">
        <ele>22.0</ele>
        <time>2026-08-19T15:35:12Z</time>
      </trkpt>
      <trkpt lat="59.436569" lon="24.746045">
        <ele>21.9</ele>
        <time>2026-08-19T15:35:13Z</time>
      </trkpt>
      <trkpt lat="59.436578" lon="24.746063">
        <ele>21.8</ele>
        <time>2026-08-19T15:35:14Z</time>
      </trkpt>
      <trkpt lat="59.436586" lon="24.746089">
        <ele>21.7</ele>
        <time>2026-08-19T15:35:15Z</time>
      </trkpt>
      <trkpt lat="59.436592" lon="24.746128">
        <ele>21.6</ele>
        <time>2026-08-19T15:35:16Z</time>
      </trkpt>
      <trkpt lat="59.436596" lon="24.74615">
        <ele>21.5</ele>
        <time>2026-08-19T15:35:17Z</time>
      </trkpt>
      <trkpt lat="59.436601" lon="24.746165">
        <ele>21.4</ele>
        <time>2026-08-19T15:35:18Z</time>
      </trkpt>
      <trkpt lat="59.436601" lon="24.746179">
        <ele>21.4</ele>
        <time>2026-08-19T15:35:19Z</time>
      </trkpt>
      <trkpt lat="59.436615" lon="24.746197">
        <ele>21.3</ele>
        <time>2026-08-19T15:35:20Z</time>
      </trkpt>
      <trkpt lat="59.436616" lon="24.746214">
        <ele>21.2</ele>
        <time>2026-08-19T15:35:21Z</time>
      </trkpt>
      <trkpt lat="59.436616" lon="24.746236">
        <ele>21.1</ele>
        <time>2026-08-19T15:35:22Z</time>
      </trkpt>
      <trkpt lat="59.436618" lon="24.746267">
        <ele>21.0</ele>
        <time>2026-08-19T15:35:23Z</time>
      </trkpt>
      <trkpt lat="59.436625" lon="24.746298">
        <ele>20.9</ele>
        <time>2026-08-19T15:35:24Z</time>
      </trkpt>
      <trkpt lat="59.436628" lon="24.746305">
        <ele>20.9</ele>
        <time>2026-08-19T15:35:25Z</time>
      </trkpt>
      <trkpt lat="59.436646" lon="24.74633">
        <ele>20.7</ele>
        <time>2026-08-19T15:35:26Z</time>
      </trkpt>
      <trkpt lat="59.436672" lon="24.746331">
        <ele>20.5</ele>
        <time>2026-08-19T15:35:27Z</time>
      </trkpt>
      <trkpt lat="59.436691" lon="24.746342">
        <ele>20.4</ele>
        <time>2026-08-19T15:35:28Z</time>
      </trkpt>
      <trkpt lat="59.436702" lon="24.74637">
        <ele>20.2</ele>
        <time>2026-08-19T15:35:29Z</time>
      </trkpt>
      <trkpt lat="59.436722" lon="24.746375">
        <ele>20.1</ele>
        <time>2026-08-19T15:35:30Z</time>
      </trkpt>
      <trkpt lat="59.436734" lon="24.746372">
        <ele>20.0</ele>
        <time>2026-08-19T15:35:31Z</time>
      </trkpt>
      <trkpt lat="59.436745" lon="24.746351">
        <ele>19.9</ele>
        <time>2026-08-19T15:35:32Z</time>
      </trkpt>
      <trkpt lat="59.436761" lon="24.74634">
        <ele>19.8</ele>
        <time>2026-08-19T15:35:33Z</time>
      </trkpt>
      <trkpt lat="59.436771" lon="24.746337">
        <ele>19.8</ele>
        <time>2026-08-19T15:35:34Z</time>
      </trkpt>
      <trkpt lat="59.436778" lon="24.74634">
        <ele>19.8</ele>
        <time>2026-08-19T15:35:35Z</time>
      </trkpt>
      <trkpt lat="59.436793" lon="24.746347">
        <ele>19.8</ele>
        <time>2026-08-19T15:35:36Z</time>
      </trkpt>
      <trkpt lat="59.436809" lon="24.746356">
        <ele>19.8</ele>
        <time>2026-08-19T15:35:37Z</time>
      </trkpt>
      <trkpt lat="59.436821" lon="24.746363">
        <ele>19.8</ele>
        <time>2026-08-19T15:35:38Z</time>
      </trkpt>
      <trkpt lat="59.43682" lon="24.746372">
        <ele>19.8</ele>
        <time>2026-08-19T15:35:39Z</time>
      </trkpt>
      <trkpt lat="59.436832" lon="24.746368">
        <ele>19.8</ele>
        <time>2026-08-19T15:35:40Z</time>
      </trkpt>
      <trkpt lat="59.436826" lon="24.746358">
        <ele>19.8</ele>
        <time>2026-08-19T15:35:41Z</time>
      </trkpt>
      <trkpt lat="59.436819" lon="24.746351">
        <ele>19.8</ele>
        <time>2026-08-19T15:35:42Z</time>
      </trkpt>
      <trkpt lat="59.43681" lon="24.746322">
        <ele>19.8</ele>
        <time>2026-08-19T15:35:43Z</time>
      </trkpt>
      <trkpt lat="59.436809" lon="24.746307">
        <ele>19.8</ele>
        <time>2026-08-19T15:35:44Z</time>
      </trkpt>
      <trkpt lat="59.436831" lon="24.746328">
        <ele>19.8</ele>
        <time>2026-08-19T15:35:45Z</time>
      </trkpt>
      <trkpt lat="59.436827" lon="24.74633">
        <ele>19.8</ele>
        <time>2026-08-19T15:35:46Z</time>
      </trkpt>
      <trkpt lat="59.436814" lon="24.746321">
        <ele>19.8</ele>
        <time>2026-08-19T15:35:47Z</time>
      </trkpt>
      <trkpt lat="59.436804" lon="24.746331">
        <ele>19.8</ele>
        <time>2026-08-19T15:35:48Z</time>
      </trkpt>
      <trkpt lat="59.436798" lon="24.746334">
        <ele>19.8</ele>
        <time>2026-08-19T15:35:49Z</time>
      </trkpt>
      <trkpt lat="59.436806" lon="24.746329">
        <ele>19.8</ele>
        <time>2026-08-19T15:35:50Z</time>
      </trkpt>
      <trkpt lat="59.436806" lon="24.746328">
        <ele>19.8</ele>
        <time>2026-08-19T15:35:51Z</time>
      </trkpt>
      <trkpt lat="59.436809" lon="24.746325">
        <ele>19.8</ele>
        <time>2026-08-19T15:35:52Z</time>
      </trkpt>
      <trkpt lat="59.436802" lon="24.746319">
        <ele>19.8</ele>
        <time>2026-08-19T15:35:53Z</time>
      </trkpt>
      <trkpt lat="59.436786" lon="24.746287">
        <ele>19.8</ele>
        <time>2026-08-19T15:35:54Z</time>
      </trkpt>
      <trkpt lat="59.436786" lon="24.746267">
        <ele>19.8</ele>
        <time>2026-08-19T15:35:55Z</time>
      </trkpt>
      <trkpt lat="59.436782" lon="24.746251">
        <ele>19.8</ele>
        <time>2026-08-19T15:35:56Z</time>
      </trkpt>
      <trkpt lat="59.436776" lon="24.746256">
        <ele>19.8</ele>
        <time>2026-08-19T15:35:57Z</time>
      </trkpt>
      <trkpt lat="59.436775" lon="24.746259">
        <ele>19.8</ele>
        <time>2026-08-19T15:35:58Z</time>
      </trkpt>
      <trkpt lat="59.436774" lon="24.746256">
        <ele>19.8</ele>
        <time>2026-08-19T15:35:59Z</time>
      </trkpt>
      <trkpt lat="59.43677" lon="24.746251">
        <ele>19.8</ele>
        <time>2026-08-19T15:36:00Z</time>
      </trkpt>
      <trkpt lat="59.436771" lon="24.746241">
        <ele>19.8</ele>
        <time>2026-08-19T15:36:01Z</time>
      </trkpt>
      <trkpt lat="59.436775" lon="24.746244">
        <ele>19.8</ele>
        <time>2026-08-19T15:36:02Z</time>
      </trkpt>
      <trkpt lat="59.436768" lon="24.746226">
        <ele>19.8</ele>
        <time>2026-08-19T15:36:03Z</time>
      </trkpt>
      <trkpt lat="59.436764" lon="24.746229">
        <ele>19.8</ele>
        <time>2026-08-19T15:36:04Z</time>
      </trkpt>
      <trkpt lat="59.436764" lon="24.746229">
        <ele>19.8</ele>
        <time>2026-08-19T15:36:05Z</time>
      </trkpt>
      <trkpt lat="59.43677" lon="24.746235">
        <ele>19.8</ele>
        <time>2026-08-19T15:36:06Z</time>
      </trkpt>
      <trkpt lat="59.43677" lon="24.746235">
        <ele>19.8</ele>
        <time>2026-08-19T15:36:07Z</time>
      </trkpt>
      <trkpt lat="59.436796" lon="24.746247">
        <ele>19.8</ele>
        <time>2026-08-19T15:36:08Z</time>
      </trkpt>
      <trkpt lat="59.436786" lon="24.74626">
        <ele>19.8</ele>
        <time>2026-08-19T15:36:09Z</time>
      </trkpt>
      <trkpt lat="59.43679" lon="24.746262">
        <ele>19.8</ele>
        <time>2026-08-19T15:36:10Z</time>
      </trkpt>
      <trkpt lat="59.436789" lon="24.746263">
        <ele>19.8</ele>
        <time>2026-08-19T15:36:11Z</time>
      </trkpt>
      <trkpt lat="59.436778" lon="24.746268">
        <ele>19.8</ele>
        <time>2026-08-19T15:36:12Z</time>
      </trkpt>
      <trkpt lat="59.43679" lon="24.746267">
        <ele>19.8</ele>
        <time>2026-08-19T15:36:13Z</time>
      </trkpt>
      <trkpt lat="59.436791" lon="24.746271">
        <ele>19.7</ele>
        <time>2026-08-19T15:36:14Z</time>
      </trkpt>
      <trkpt lat="59.436786" lon="24.746276">
        <ele>19.7</ele>
        <time>2026-08-19T15:36:15Z</time>
      </trkpt>
      <trkpt lat="59.436794" lon="24.746285">
        <ele>19.7</ele>
        <time>2026-08-19T15:36:16Z</time>
      </trkpt>
      <trkpt lat="59.436799" lon="24.746285">
        <ele>19.7</ele>
        <time>2026-08-19T15:36:17Z</time>
      </trkpt>
      <trkpt lat="59.436802" lon="24.746266">
        <ele>19.7</ele>
        <time>2026-08-19T15:36:18Z</time>
      </trkpt>
      <trkpt lat="59.436795" lon="24.746269">
        <ele>19.7</ele>
        <time>2026-08-19T15:36:19Z</time>
      </trkpt>
      <trkpt lat="59.436796" lon="24.746267">
        <ele>19.7</ele>
        <time>2026-08-19T15:36:20Z</time>
      </trkpt>
      <trkpt lat="59.436794" lon="24.746263">
        <ele>19.7</ele>
        <time>2026-08-19T15:36:21Z</time>
      </trkpt>
      <trkpt lat="59.436794" lon="24.746267">
        <ele>19.7</ele>
        <time>2026-08-19T15:36:22Z</time>
      </trkpt>
      <trkpt lat="59.4368" lon="24.746278">
        <ele>19.7</ele>
        <time>2026-08-19T15:36:23Z</time>
      </trkpt>
      <trkpt lat="59.4368" lon="24.74629">
        <ele>19.7</ele>
        <time>2026-08-19T15:36:24Z</time>
      </trkpt>
      <trkpt lat="59.436809" lon="24.746309">
        <ele>19.7</ele>
        <time>2026-08-19T15:36:25Z</time>
      </trkpt>
      <trkpt lat="59.436807" lon="24.746308">
        <ele>19.7</ele>
        <time>2026-08-19T15:36:26Z</time>
      </trkpt>
      <trkpt lat="59.436803" lon="24.746319">
        <ele>19.7</ele>
        <time>2026-08-19T15:36:27Z</time>
      </trkpt>
      <trkpt lat="59.436806" lon="24.746339">
        <ele>19.7</ele>
        <time>2026-08-19T15:36:28Z</time>
      </trkpt>
      <trkpt lat="59.436806" lon="24.74637">
        <ele>19.7</ele>
        <time>2026-08-19T15:36:29Z</time>
      </trkpt>
      <trkpt lat="59.436802" lon="24.746394">
        <ele>19.7</ele>
        <time>2026-08-19T15:36:30Z</time>
      </trkpt>
      <trkpt lat="59.436794" lon="24.74641">
        <ele>19.7</ele>
        <time>2026-08-19T15:36:31Z</time>
      </trkpt>
      <trkpt lat="59.436792" lon="24.74645">
        <ele>19.7</ele>
        <time>2026-08-19T15:36:32Z</time>
      </trkpt>
      <trkpt lat="59.436815" lon="24.746401">
        <ele>19.7</ele>
        <time>2026-08-19T15:36:33Z</time>
      </trkpt>
      <trkpt lat="59.436834" lon="24.746404">
        <ele>19.7</ele>
        <time>2026-08-19T15:36:34Z</time>
      </trkpt>
      <trkpt lat="59.436845" lon="24.746416">
        <ele>19.7</ele>
        <time>2026-08-19T15:36:35Z</time>
      </trkpt>
      <trkpt lat="59.436844" lon="24.746428">
        <ele>19.7</ele>
        <time>2026-08-19T15:36:36Z</time>
      </trkpt>
      <trkpt lat="59.436849" lon="24.746414">
        <ele>19.7</ele>
        <time>2026-08-19T15:36:37Z</time>
      </trkpt>
      <trkpt lat="59.436868" lon="24.746418">
        <ele>19.7</ele>
        <time>2026-08-19T15:36:38Z</time>
      </trkpt>
      <trkpt lat="59.436875" lon="24.746428">
        <ele>19.7</ele>
        <time>2026-08-19T15:36:39Z</time>
      </trkpt>
      <trkpt lat="59.436892" lon="24.74643">
        <ele>19.7</ele>
        <time>2026-08-19T15:36:40Z</time>
      </trkpt>
      <trkpt lat="59.436906" lon="24.746441">
        <ele>19.7</ele>
        <time>2026-08-19T15:36:41Z</time>
      </trkpt>
      <trkpt lat="59.436917" lon="24.746452">
        <ele>19.7</ele>
        <time>2026-08-19T15:36:42Z</time>
      </trkpt>
      <trkpt lat="59.43693" lon="24.746464">
        <ele>19.7</ele>
        <time>2026-08-19T15:36:43Z</time>
      </trkpt>
      <trkpt lat="59.436947" lon="24.746482">
        <ele>19.7</ele>
        <time>2026-08-19T15:36:44Z</time>
      </trkpt>
      <trkpt lat="59.436963" lon="24.746484">
        <ele>19.7</ele>
        <time>2026-08-19T15:36:45Z</time>
      </trkpt>
      <trkpt lat="59.436986" lon="24.746491">
        <ele>19.7</ele>
        <time>2026-08-19T15:36:46Z</time>
      </trkpt>
      <trkpt lat="59.437001" lon="24.746491">
        <ele>19.7</ele>
        <time>2026-08-19T15:36:47Z</time>
      </trkpt>
      <trkpt lat="59.437008" lon="24.746489">
        <ele>19.7</ele>
        <time>2026-08-19T15:36:48Z</time>
      </trkpt>
      <trkpt lat="59.437016" lon="24.746458">
        <ele>19.7</ele>
        <time>2026-08-19T15:36:49Z</time>
      </trkpt>
      <trkpt lat="59.437022" lon="24.746469">
        <ele>19.7</ele>
        <time>2026-08-19T15:36:50Z</time>
      </trkpt>
      <trkpt lat="59.437035" lon="24.74646">
        <ele>19.7</ele>
        <time>2026-08-19T15:36:51Z</time>
      </trkpt>
      <trkpt lat="59.437033" lon="24.746463">
        <ele>19.7</ele>
        <time>2026-08-19T15:36:52Z</time>
      </trkpt>
      <trkpt lat="59.437033" lon="24.746463">
        <ele>19.7</ele>
        <time>2026-08-19T15:36:53Z</time>
      </trkpt>
      <trkpt lat="59.437033" lon="24.746463">
        <ele>19.7</ele>
        <time>2026-08-19T15:36:54Z</time>
      </trkpt>
      <trkpt lat="59.43702" lon="24.746489">
        <ele>19.7</ele>
        <time>2026-08-19T15:36:55Z</time>
      </trkpt>
      <trkpt lat="59.437012" lon="24.746508">
        <ele>19.7</ele>
        <time>2026-08-19T15:36:56Z</time>
      </trkpt>
      <trkpt lat="59.437011" lon="24.746531">
        <ele>19.7</ele>
        <time>2026-08-19T15:36:57Z</time>
      </trkpt>
      <trkpt lat="59.437012" lon="24.746531">
        <ele>19.7</ele>
        <time>2026-08-19T15:36:58Z</time>
      </trkpt>
      <trkpt lat="59.437016" lon="24.746552">
        <ele>19.7</ele>
        <time>2026-08-19T15:36:59Z</time>
      </trkpt>
      <trkpt lat="59.437023" lon="24.746563">
        <ele>19.7</ele>
        <time>2026-08-19T15:37:00Z</time>
      </trkpt>
      <trkpt lat="59.437004" lon="24.746562">
        <ele>19.8</ele>
        <time>2026-08-19T15:37:01Z</time>
      </trkpt>
      <trkpt lat="59.437007" lon="24.746556">
        <ele>19.8</ele>
        <time>2026-08-19T15:37:02Z</time>
      </trkpt>
      <trkpt lat="59.437004" lon="24.746558">
        <ele>19.8</ele>
        <time>2026-08-19T15:37:03Z</time>
      </trkpt>
      <trkpt lat="59.437017" lon="24.746573">
        <ele>19.8</ele>
        <time>2026-08-19T15:37:04Z</time>
      </trkpt>
      <trkpt lat="59.437023" lon="24.74658">
        <ele>19.8</ele>
        <time>2026-08-19T15:37:05Z</time>
      </trkpt>
      <trkpt lat="59.43703" lon="24.74657">
        <ele>19.8</ele>
        <time>2026-08-19T15:37:06Z</time>
      </trkpt>
      <trkpt lat="59.437041" lon="24.746585">
        <ele>19.8</ele>
        <time>2026-08-19T15:37:07Z</time>
      </trkpt>
      <trkpt lat="59.437059" lon="24.746599">
        <ele>19.8</ele>
        <time>2026-08-19T15:37:08Z</time>
      </trkpt>
      <trkpt lat="59.437081" lon="24.746609">
        <ele>19.7</ele>
        <time>2026-08-19T15:37:09Z</time>
      </trkpt>
      <trkpt lat="59.437096" lon="24.746613">
        <ele>19.7</ele>
        <time>2026-08-19T15:37:10Z</time>
      </trkpt>
      <trkpt lat="59.437107" lon="24.746639">
        <ele>19.7</ele>
        <time>2026-08-19T15:37:11Z</time>
      </trkpt>
      <trkpt lat="59.437118" lon="24.746687">
        <ele>19.6</ele>
        <time>2026-08-19T15:37:12Z</time>
      </trkpt>
      <trkpt lat="59.437119" lon="24.746686">
        <ele>19.6</ele>
        <time>2026-08-19T15:37:13Z</time>
      </trkpt>
      <trkpt lat="59.43713" lon="24.746703">
        <ele>19.6</ele>
        <time>2026-08-19T15:37:14Z</time>
      </trkpt>
      <trkpt lat="59.437133" lon="24.746697">
        <ele>19.6</ele>
        <time>2026-08-19T15:37:15Z</time>
      </trkpt>
      <trkpt lat="59.437154" lon="24.746675">
        <ele>19.6</ele>
        <time>2026-08-19T15:37:16Z</time>
      </trkpt>
      <trkpt lat="59.437172" lon="24.746651">
        <ele>19.5</ele>
        <time>2026-08-19T15:37:17Z</time>
      </trkpt>
      <trkpt lat="59.437189" lon="24.746633">
        <ele>19.5</ele>
        <time>2026-08-19T15:37:18Z</time>
      </trkpt>
      <trkpt lat="59.437202" lon="24.746661">
        <ele>19.5</ele>
        <time>2026-08-19T15:37:19Z</time>
      </trkpt>
      <trkpt lat="59.437205" lon="24.746693">
        <ele>19.5</ele>
        <time>2026-08-19T15:37:20Z</time>
      </trkpt>
      <trkpt lat="59.437221" lon="24.746719">
        <ele>19.5</ele>
        <time>2026-08-19T15:37:21Z</time>
      </trkpt>
      <trkpt lat="59.437214" lon="24.746797">
        <ele>19.4</ele>
        <time>2026-08-19T15:37:22Z</time>
      </trkpt>
      <trkpt lat="59.437211" lon="24.746846">
        <ele>19.4</ele>
        <time>2026-08-19T15:37:23Z</time>
      </trkpt>
      <trkpt lat="59.437216" lon="24.746871">
        <ele>19.4</ele>
        <time>2026-08-19T15:37:24Z</time>
      </trkpt>
      <trkpt lat="59.437221" lon="24.746856">
        <ele>19.4</ele>
        <time>2026-08-19T15:37:25Z</time>
      </trkpt>
      <trkpt lat="59.437229" lon="24.746859">
        <ele>19.4</ele>
        <time>2026-08-19T15:37:26Z</time>
      </trkpt>
      <trkpt lat="59.437233" lon="24.746868">
        <ele>19.4</ele>
        <time>2026-08-19T15:37:27Z</time>
      </trkpt>
      <trkpt lat="59.43724" lon="24.746872">
        <ele>19.4</ele>
        <time>2026-08-19T15:37:28Z</time>
      </trkpt>
      <trkpt lat="59.437252" lon="24.746864">
        <ele>19.4</ele>
        <time>2026-08-19T15:37:29Z</time>
      </trkpt>
      <trkpt lat="59.437267" lon="24.746841">
        <ele>19.4</ele>
        <time>2026-08-19T15:37:30Z</time>
      </trkpt>
      <trkpt lat="59.43727" lon="24.746858">
        <ele>19.4</ele>
        <time>2026-08-19T15:37:31Z</time>
      </trkpt>
      <trkpt lat="59.437268" lon="24.746866">
        <ele>19.4</ele>
        <time>2026-08-19T15:37:32Z</time>
      </trkpt>
      <trkpt lat="59.437278" lon="24.746896">
        <ele>19.4</ele>
        <time>2026-08-19T15:37:33Z</time>
      </trkpt>
      <trkpt lat="59.437287" lon="24.746913">
        <ele>19.3</ele>
        <time>2026-08-19T15:37:34Z</time>
      </trkpt>
      <trkpt lat="59.437295" lon="24.746933">
        <ele>19.3</ele>
        <time>2026-08-19T15:37:35Z</time>
      </trkpt>
      <trkpt lat="59.437309" lon="24.746934">
        <ele>19.3</ele>
        <time>2026-08-19T15:37:36Z</time>
      </trkpt>
      <trkpt lat="59.437322" lon="24.746933">
        <ele>19.3</ele>
        <time>2026-08-19T15:37:37Z</time>
      </trkpt>
      <trkpt lat="59.437334" lon="24.746942">
        <ele>19.3</ele>
        <time>2026-08-19T15:37:38Z</time>
      </trkpt>
      <trkpt lat="59.437338" lon="24.74698">
        <ele>19.3</ele>
        <time>2026-08-19T15:37:39Z</time>
      </trkpt>
      <trkpt lat="59.437344" lon="24.746984">
        <ele>19.3</ele>
        <time>2026-08-19T15:37:40Z</time>
      </trkpt>
      <trkpt lat="59.437349" lon="24.746972">
        <ele>19.3</ele>
        <time>2026-08-19T15:37:41Z</time>
      </trkpt>
      <trkpt lat="59.437347" lon="24.746983">
        <ele>19.3</ele>
        <time>2026-08-19T15:37:42Z</time>
      </trkpt>
      <trkpt lat="59.437347" lon="24.746985">
        <ele>19.3</ele>
        <time>2026-08-19T15:37:43Z</time>
      </trkpt>
      <trkpt lat="59.437347" lon="24.746999">
        <ele>19.3</ele>
        <time>2026-08-19T15:37:44Z</time>
      </trkpt>
      <trkpt lat="59.437374" lon="24.74703">
        <ele>19.3</ele>
        <time>2026-08-19T15:37:45Z</time>
      </trkpt>
      <trkpt lat="59.437401" lon="24.747046">
        <ele>19.3</ele>
        <time>2026-08-19T15:37:46Z</time>
      </trkpt>
      <trkpt lat="59.437429" lon="24.747061">
        <ele>19.2</ele>
        <time>2026-08-19T15:37:47Z</time>
      </trkpt>
      <trkpt lat="59.437438" lon="24.747121">
        <ele>19.4</ele>
        <time>2026-08-19T15:37:48Z</time>
      </trkpt>
      <trkpt lat="59.437417" lon="24.747103">
        <ele>19.4</ele>
        <time>2026-08-19T15:37:49Z</time>
      </trkpt>
      <trkpt lat="59.437435" lon="24.747106">
        <ele>19.5</ele>
        <time>2026-08-19T15:37:50Z</time>
      </trkpt>
      <trkpt lat="59.437435" lon="24.747119">
        <ele>19.5</ele>
        <time>2026-08-19T15:37:51Z</time>
      </trkpt>
      <trkpt lat="59.437439" lon="24.747127">
        <ele>19.6</ele>
        <time>2026-08-19T15:37:52Z</time>
      </trkpt>
      <trkpt lat="59.437433" lon="24.747151">
        <ele>19.6</ele>
        <time>2026-08-19T15:37:53Z</time>
      </trkpt>
      <trkpt lat="59.437437" lon="24.747164">
        <ele>19.7</ele>
        <time>2026-08-19T15:37:54Z</time>
      </trkpt>
      <trkpt lat="59.43744" lon="24.747184">
        <ele>19.7</ele>
        <time>2026-08-19T15:37:55Z</time>
      </trkpt>
      <trkpt lat="59.437466" lon="24.747192">
        <ele>19.8</ele>
        <time>2026-08-19T15:37:56Z</time>
      </trkpt>
      <trkpt lat="59.437433" lon="24.747271">
        <ele>20.0</ele>
        <time>2026-08-19T15:37:57Z</time>
      </trkpt>
      <trkpt lat="59.437384" lon="24.74745">
        <ele>20.3</ele>
        <time>2026-08-19T15:37:58Z</time>
      </trkpt>
      <trkpt lat="59.437334" lon="24.747509">
        <ele>20.4</ele>
        <time>2026-08-19T15:37:59Z</time>
      </trkpt>
      <trkpt lat="59.437273" lon="24.747555">
        <ele>20.4</ele>
        <time>2026-08-19T15:38:00Z</time>
      </trkpt>
      <trkpt lat="59.437255" lon="24.747562">
        <ele>20.4</ele>
        <time>2026-08-19T15:38:01Z</time>
      </trkpt>
      <trkpt lat="59.437259" lon="24.747578">
        <ele>20.4</ele>
        <time>2026-08-19T15:38:02Z</time>
      </trkpt>
      <trkpt lat="59.437263" lon="24.747584">
        <ele>20.4</ele>
        <time>2026-08-19T15:38:03Z</time>
      </trkpt>
      <trkpt lat="59.437272" lon="24.747606">
        <ele>20.4</ele>
        <time>2026-08-19T15:38:04Z</time>
      </trkpt>
      <trkpt lat="59.437272" lon="24.747628">
        <ele>20.4</ele>
        <time>2026-08-19T15:38:05Z</time>
      </trkpt>
      <trkpt lat="59.437259" lon="24.747642">
        <ele>20.4</ele>
        <time>2026-08-19T15:38:06Z</time>
      </trkpt>
      <trkpt lat="59.437267" lon="24.74766">
        <ele>20.4</ele>
        <time>2026-08-19T15:38:07Z</time>
      </trkpt>
      <trkpt lat="59.437266" lon="24.747651">
        <ele>20.4</ele>
        <time>2026-08-19T15:38:08Z</time>
      </trkpt>
      <trkpt lat="59.437271" lon="24.747631">
        <ele>20.4</ele>
        <time>2026-08-19T15:38:09Z</time>
      </trkpt>
      <trkpt lat="59.437263" lon="24.747644">
        <ele>20.4</ele>
        <time>2026-08-19T15:38:10Z</time>
      </trkpt>
      <trkpt lat="59.437286" lon="24.747677">
        <ele>20.4</ele>
        <time>2026-08-19T15:38:11Z</time>
      </trkpt>
      <trkpt lat="59.437283" lon="24.7477">
        <ele>20.4</ele>
        <time>2026-08-19T15:38:12Z</time>
      </trkpt>
      <trkpt lat="59.437276" lon="24.747704">
        <ele>20.4</ele>
        <time>2026-08-19T15:38:13Z</time>
      </trkpt>
      <trkpt lat="59.437254" lon="24.747708">
        <ele>20.4</ele>
        <time>2026-08-19T15:38:14Z</time>
      </trkpt>
      <trkpt lat="59.437265" lon="24.747708">
        <ele>20.4</ele>
        <time>2026-08-19T15:38:15Z</time>
      </trkpt>
      <trkpt lat="59.437266" lon="24.747725">
        <ele>20.4</ele>
        <time>2026-08-19T15:38:16Z</time>
      </trkpt>
      <trkpt lat="59.437258" lon="24.747729">
        <ele>20.4</ele>
        <time>2026-08-19T15:38:17Z</time>
      </trkpt>
      <trkpt lat="59.437255" lon="24.747735">
        <ele>20.4</ele>
        <time>2026-08-19T15:38:18Z</time>
      </trkpt>
      <trkpt lat="59.437254" lon="24.747745">
        <ele>20.4</ele>
        <time>2026-08-19T15:38:19Z</time>
      </trkpt>
      <trkpt lat="59.43726" lon="24.747747">
        <ele>20.4</ele>
        <time>2026-08-19T15:38:20Z</time>
      </trkpt>
      <trkpt lat="59.43726" lon="24.747752">
        <ele>20.4</ele>
        <time>2026-08-19T15:38:21Z</time>
      </trkpt>
      <trkpt lat="59.437264" lon="24.74775">
        <ele>20.4</ele>
        <time>2026-08-19T15:38:22Z</time>
      </trkpt>
      <trkpt lat="59.437258" lon="24.747745">
        <ele>20.4</ele>
        <time>2026-08-19T15:38:23Z</time>
      </trkpt>
      <trkpt lat="59.437263" lon="24.747735">
        <ele>20.4</ele>
        <time>2026-08-19T15:38:24Z</time>
      </trkpt>
      <trkpt lat="59.437255" lon="24.74773">
        <ele>20.4</ele>
        <time>2026-08-19T15:38:25Z</time>
      </trkpt>
      <trkpt lat="59.437243" lon="24.747728">
        <ele>20.4</ele>
        <time>2026-08-19T15:38:26Z</time>
      </trkpt>
      <trkpt lat="59.437239" lon="24.747729">
        <ele>20.4</ele>
        <time>2026-08-19T15:38:27Z</time>
      </trkpt>
      <trkpt lat="59.437239" lon="24.747728">
        <ele>20.4</ele>
        <time>2026-08-19T15:38:28Z</time>
      </trkpt>
      <trkpt lat="59.437241" lon="24.747723">
        <ele>20.4</ele>
        <time>2026-08-19T15:38:29Z</time>
      </trkpt>
      <trkpt lat="59.437245" lon="24.747734">
        <ele>20.4</ele>
        <time>2026-08-19T15:38:30Z</time>
      </trkpt>
      <trkpt lat="59.437258" lon="24.747725">
        <ele>20.4</ele>
        <time>2026-08-19T15:38:31Z</time>
      </trkpt>
      <trkpt lat="59.437258" lon="24.747725">
        <ele>20.4</ele>
        <time>2026-08-19T15:38:32Z</time>
      </trkpt>
      <trkpt lat="59.437258" lon="24.747725">
        <ele>20.4</ele>
        <time>2026-08-19T15:38:33Z</time>
      </trkpt>
      <trkpt lat="59.437258" lon="24.747725">
        <ele>20.4</ele>
        <time>2026-08-19T15:38:34Z</time>
      </trkpt>
      <trkpt lat="59.437258" lon="24.747725">
        <ele>20.4</ele>
        <time>2026-08-19T15:38:35Z</time>
      </trkpt>
      <trkpt lat="59.437258" lon="24.747725">
        <ele>20.4</ele>
        <time>2026-08-19T15:38:36Z</time>
      </trkpt>
      <trkpt lat="59.437258" lon="24.747725">
        <ele>20.4</ele>
        <time>2026-08-19T15:38:37Z</time>
      </trkpt>
      <trkpt lat="59.437258" lon="24.747725">
        <ele>20.4</ele>
        <time>2026-08-19T15:38:38Z</time>
      </trkpt>
      <trkpt lat="59.437267" lon="24.747727">
        <ele>20.4</ele>
        <time>2026-08-19T15:38:39Z</time>
      </trkpt>
      <trkpt lat="59.437264" lon="24.747725">
        <ele>20.4</ele>
        <time>2026-08-19T15:38:40Z</time>
      </trkpt>
      <trkpt lat="59.437263" lon="24.747723">
        <ele>20.4</ele>
        <time>2026-08-19T15:38:41Z</time>
      </trkpt>
      <trkpt lat="59.437248" lon="24.747734">
        <ele>20.4</ele>
        <time>2026-08-19T15:38:42Z</time>
      </trkpt>
      <trkpt lat="59.437253" lon="24.747739">
        <ele>20.4</ele>
        <time>2026-08-19T15:38:43Z</time>
      </trkpt>
      <trkpt lat="59.437258" lon="24.747734">
        <ele>20.4</ele>
        <time>2026-08-19T15:38:44Z</time>
      </trkpt>
      <trkpt lat="59.437261" lon="24.74773">
        <ele>20.4</ele>
        <time>2026-08-19T15:38:45Z</time>
      </trkpt>
      <trkpt lat="59.437261" lon="24.747729">
        <ele>20.4</ele>
        <time>2026-08-19T15:38:46Z</time>
      </trkpt>
      <trkpt lat="59.437261" lon="24.747729">
        <ele>20.4</ele>
        <time>2026-08-19T15:38:47Z</time>
      </trkpt>
      <trkpt lat="59.437254" lon="24.747722">
        <ele>20.4</ele>
        <time>2026-08-19T15:38:48Z</time>
      </trkpt>
      <trkpt lat="59.437256" lon="24.747721">
        <ele>20.4</ele>
        <time>2026-08-19T15:38:49Z</time>
      </trkpt>
      <trkpt lat="59.437248" lon="24.747726">
        <ele>20.4</ele>
        <time>2026-08-19T15:38:50Z</time>
      </trkpt>
      <trkpt lat="59.437247" lon="24.747735">
        <ele>20.4</ele>
        <time>2026-08-19T15:38:51Z</time>
      </trkpt>
      <trkpt lat="59.437251" lon="24.747746">
        <ele>20.4</ele>
        <time>2026-08-19T15:38:52Z</time>
      </trkpt>
      <trkpt lat="59.437253" lon="24.747736">
        <ele>20.4</ele>
        <time>2026-08-19T15:38:53Z</time>
      </trkpt>
      <trkpt lat="59.437255" lon="24.747728">
        <ele>20.4</ele>
        <time>2026-08-19T15:38:54Z</time>
      </trkpt>
      <trkpt lat="59.437247" lon="24.747725">
        <ele>20.4</ele>
        <time>2026-08-19T15:38:55Z</time>
      </trkpt>
      <trkpt lat="59.437243" lon="24.747729">
        <ele>20.4</ele>
        <time>2026-08-19T15:38:56Z</time>
      </trkpt>
      <trkpt lat="59.437245" lon="24.747725">
        <ele>20.4</ele>
        <time>2026-08-19T15:38:57Z</time>
      </trkpt>
      <trkpt lat="59.437252" lon="24.747751">
        <ele>20.4</ele>
        <time>2026-08-19T15:38:58Z</time>
      </trkpt>
      <trkpt lat="59.437259" lon="24.747753">
        <ele>20.4</ele>
        <time>2026-08-19T15:38:59Z</time>
      </trkpt>
      <trkpt lat="59.437253" lon="24.747744">
        <ele>20.4</ele>
        <time>2026-08-19T15:39:00Z</time>
      </trkpt>
      <trkpt lat="59.437249" lon="24.747747">
        <ele>20.4</ele>
        <time>2026-08-19T15:39:01Z</time>
      </trkpt>
      <trkpt lat="59.437245" lon="24.747747">
        <ele>20.4</ele>
        <time>2026-08-19T15:39:02Z</time>
      </trkpt>
      <trkpt lat="59.437245" lon="24.747747">
        <ele>20.4</ele>
        <time>2026-08-19T15:39:03Z</time>
      </trkpt>
      <trkpt lat="59.437245" lon="24.747745">
        <ele>20.4</ele>
        <time>2026-08-19T15:39:04Z</time>
      </trkpt>
      <trkpt lat="59.43724" lon="24.747753">
        <ele>20.4</ele>
        <time>2026-08-19T15:39:05Z</time>
      </trkpt>
      <trkpt lat="59.437244" lon="24.74776">
        <ele>20.4</ele>
        <time>2026-08-19T15:39:06Z</time>
      </trkpt>
      <trkpt lat="59.437245" lon="24.747761">
        <ele>20.4</ele>
        <time>2026-08-19T15:39:07Z</time>
      </trkpt>
      <trkpt lat="59.437232" lon="24.747768">
        <ele>20.4</ele>
        <time>2026-08-19T15:39:08Z</time>
      </trkpt>
      <trkpt lat="59.437234" lon="24.747798">
        <ele>20.4</ele>
        <time>2026-08-19T15:39:09Z</time>
      </trkpt>
      <trkpt lat="59.437239" lon="24.747803">
        <ele>20.4</ele>
        <time>2026-08-19T15:39:10Z</time>
      </trkpt>
      <trkpt lat="59.437269" lon="24.7478">
        <ele>20.4</ele>
        <time>2026-08-19T15:39:11Z</time>
      </trkpt>
      <trkpt lat="59.437281" lon="24.747798">
        <ele>20.4</ele>
        <time>2026-08-19T15:39:12Z</time>
      </trkpt>
      <trkpt lat="59.437281" lon="24.747791">
        <ele>20.4</ele>
        <time>2026-08-19T15:39:13Z</time>
      </trkpt>
      <trkpt lat="59.43728" lon="24.74779">
        <ele>20.4</ele>
        <time>2026-08-19T15:39:14Z</time>
      </trkpt>
      <trkpt lat="59.437282" lon="24.747767">
        <ele>20.4</ele>
        <time>2026-08-19T15:39:15Z</time>
      </trkpt>
      <trkpt lat="59.43728" lon="24.747759">
        <ele>20.4</ele>
        <time>2026-08-19T15:39:16Z</time>
      </trkpt>
      <trkpt lat="59.437268" lon="24.747764">
        <ele>20.4</ele>
        <time>2026-08-19T15:39:17Z</time>
      </trkpt>
      <trkpt lat="59.437264" lon="24.747764">
        <ele>20.4</ele>
        <time>2026-08-19T15:39:18Z</time>
      </trkpt>
      <trkpt lat="59.437263" lon="24.74777">
        <ele>20.4</ele>
        <time>2026-08-19T15:39:19Z</time>
      </trkpt>
      <trkpt lat="59.437263" lon="24.747771">
        <ele>20.4</ele>
        <time>2026-08-19T15:39:20Z</time>
      </trkpt>
      <trkpt lat="59.437263" lon="24.747771">
        <ele>20.4</ele>
        <time>2026-08-19T15:39:21Z</time>
      </trkpt>
      <trkpt lat="59.437248" lon="24.747795">
        <ele>20.4</ele>
        <time>2026-08-19T15:39:22Z</time>
      </trkpt>
      <trkpt lat="59.437241" lon="24.747775">
        <ele>20.4</ele>
        <time>2026-08-19T15:39:23Z</time>
      </trkpt>
      <trkpt lat="59.437241" lon="24.747775">
        <ele>20.4</ele>
        <time>2026-08-19T15:39:24Z</time>
      </trkpt>
      <trkpt lat="59.437241" lon="24.747775">
        <ele>20.4</ele>
        <time>2026-08-19T15:39:25Z</time>
      </trkpt>
      <trkpt lat="59.437241" lon="24.747775">
        <ele>20.4</ele>
        <time>2026-08-19T15:39:26Z</time>
      </trkpt>
      <trkpt lat="59.437241" lon="24.747775">
        <ele>20.4</ele>
        <time>2026-08-19T15:39:27Z</time>
      </trkpt>
      <trkpt lat="59.437241" lon="24.747775">
        <ele>20.4</ele>
        <time>2026-08-19T15:39:28Z</time>
      </trkpt>
      <trkpt lat="59.437241" lon="24.747775">
        <ele>20.4</ele>
        <time>2026-08-19T15:39:29Z</time>
      </trkpt>
      <trkpt lat="59.437238" lon="24.747756">
        <ele>20.4</ele>
        <time>2026-08-19T15:39:30Z</time>
      </trkpt>
      <trkpt lat="59.437243" lon="24.747756">
        <ele>20.4</ele>
        <time>2026-08-19T15:39:31Z</time>
      </trkpt>
      <trkpt lat="59.437246" lon="24.747752">
        <ele>20.4</ele>
        <time>2026-08-19T15:39:32Z</time>
      </trkpt>
      <trkpt lat="59.437244" lon="24.747752">
        <ele>20.4</ele>
        <time>2026-08-19T15:39:33Z</time>
      </trkpt>
      <trkpt lat="59.437244" lon="24.747752">
        <ele>20.4</ele>
        <time>2026-08-19T15:39:34Z</time>
      </trkpt>
      <trkpt lat="59.437244" lon="24.747752">
        <ele>20.4</ele>
        <time>2026-08-19T15:39:35Z</time>
      </trkpt>
      <trkpt lat="59.43725" lon="24.74776">
        <ele>20.4</ele>
        <time>2026-08-19T15:39:36Z</time>
      </trkpt>
      <trkpt lat="59.43725" lon="24.74776">
        <ele>20.4</ele>
        <time>2026-08-19T15:39:37Z</time>
      </trkpt>
      <trkpt lat="59.437246" lon="24.747764">
        <ele>20.4</ele>
        <time>2026-08-19T15:39:38Z</time>
      </trkpt>
      <trkpt lat="59.437251" lon="24.747767">
        <ele>20.4</ele>
        <time>2026-08-19T15:39:39Z</time>
      </trkpt>
      <trkpt lat="59.437256" lon="24.747779">
        <ele>20.4</ele>
        <time>2026-08-19T15:39:40Z</time>
      </trkpt>
      <trkpt lat="59.437267" lon="24.74776">
        <ele>20.4</ele>
        <time>2026-08-19T15:39:41Z</time>
      </trkpt>
      <trkpt lat="59.437268" lon="24.74775">
        <ele>20.4</ele>
        <time>2026-08-19T15:39:42Z</time>
      </trkpt>
      <trkpt lat="59.437267" lon="24.747751">
        <ele>20.4</ele>
        <time>2026-08-19T15:39:43Z</time>
      </trkpt>
      <trkpt lat="59.437267" lon="24.747751">
        <ele>20.4</ele>
        <time>2026-08-19T15:39:44Z</time>
      </trkpt>
      <trkpt lat="59.437263" lon="24.747739">
        <ele>20.4</ele>
        <time>2026-08-19T15:39:45Z</time>
      </trkpt>
      <trkpt lat="59.437263" lon="24.747754">
        <ele>20.5</ele>
        <time>2026-08-19T15:39:46Z</time>
      </trkpt>
      <trkpt lat="59.437265" lon="24.747764">
        <ele>20.5</ele>
        <time>2026-08-19T15:39:47Z</time>
      </trkpt>
      <trkpt lat="59.437287" lon="24.74776">
        <ele>20.5</ele>
        <time>2026-08-19T15:39:48Z</time>
      </trkpt>
      <trkpt lat="59.437291" lon="24.747768">
        <ele>20.5</ele>
        <time>2026-08-19T15:39:49Z</time>
      </trkpt>
      <trkpt lat="59.437289" lon="24.747771">
        <ele>20.5</ele>
        <time>2026-08-19T15:39:50Z</time>
      </trkpt>
      <trkpt lat="59.437285" lon="24.747769">
        <ele>20.5</ele>
        <time>2026-08-19T15:39:51Z</time>
      </trkpt>
      <trkpt lat="59.437294" lon="24.74777">
        <ele>20.5</ele>
        <time>2026-08-19T15:39:52Z</time>
      </trkpt>
      <trkpt lat="59.437297" lon="24.747766">
        <ele>20.5</ele>
        <time>2026-08-19T15:39:53Z</time>
      </trkpt>
      <trkpt lat="59.437299" lon="24.747767">
        <ele>20.5</ele>
        <time>2026-08-19T15:39:54Z</time>
      </trkpt>
      <trkpt lat="59.437306" lon="24.747763">
        <ele>20.5</ele>
        <time>2026-08-19T15:39:55Z</time>
      </trkpt>
      <trkpt lat="59.437293" lon="24.747748">
        <ele>20.5</ele>
        <time>2026-08-19T15:39:56Z</time>
      </trkpt>
      <trkpt lat="59.437283" lon="24.747778">
        <ele>20.5</ele>
        <time>2026-08-19T15:39:57Z</time>
      </trkpt>
      <trkpt lat="59.437283" lon="24.747778">
        <ele>20.5</ele>
        <time>2026-08-19T15:39:58Z</time>
      </trkpt>
      <trkpt lat="59.437333" lon="24.74773">
        <ele>20.5</ele>
        <time>2026-08-19T15:39:59Z</time>
      </trkpt>
      <trkpt lat="59.437333" lon="24.74773">
        <ele>20.5</ele>
        <time>2026-08-19T15:40:05Z</time>
      </trkpt>
      <trkpt lat="59.437333" lon="24.74773">
        <ele>20.5</ele>
        <time>2026-08-19T15:40:09Z</time>
      </trkpt>
      <trkpt lat="59.437333" lon="24.74773">
        <ele>20.5</ele>
        <time>2026-08-19T15:40:12Z</time>
      </trkpt>
      <trkpt lat="59.437333" lon="24.74773">
        <ele>20.5</ele>
        <time>2026-08-19T15:40:15Z</time>
      </trkpt>
      <trkpt lat="59.437333" lon="24.74773">
        <ele>20.5</ele>
        <time>2026-08-19T15:40:18Z</time>
      </trkpt>
      <trkpt lat="59.437333" lon="24.74773">
        <ele>20.5</ele>
        <time>2026-08-19T15:40:20Z</time>
      </trkpt>
      <trkpt lat="59.437333" lon="24.74773">
        <ele>20.5</ele>
        <time>2026-08-19T15:40:21Z</time>
      </trkpt>
      <trkpt lat="59.437333" lon="24.74773">
        <ele>20.5</ele>
        <time>2026-08-19T15:40:23Z</time>
      </trkpt>
      <trkpt lat="59.437333" lon="24.74773">
        <ele>20.5</ele>
        <time>2026-08-19T15:40:25Z</time>
      </trkpt>
      <trkpt lat="59.437333" lon="24.74773">
        <ele>20.5</ele>
        <time>2026-08-19T15:40:28Z</time>
      </trkpt>
      <trkpt lat="59.437333" lon="24.74773">
        <ele>20.5</ele>
        <time>2026-08-19T15:40:30Z</time>
      </trkpt>
      <trkpt lat="59.437333" lon="24.74773">
        <ele>20.5</ele>
        <time>2026-08-19T15:40:32Z</time>
      </trkpt>
      <trkpt lat="59.437333" lon="24.74773">
        <ele>20.5</ele>
        <time>2026-08-19T15:40:36Z</time>
      </trkpt>
      <trkpt lat="59.437333" lon="24.74773">
        <ele>20.5</ele>
        <time>2026-08-19T15:40:41Z</time>
      </trkpt>
      <trkpt lat="59.437333" lon="24.74773">
        <ele>20.5</ele>
        <time>2026-08-19T15:40:46Z</time>
      </trkpt>
      <trkpt lat="59.437333" lon="24.74773">
        <ele>20.5</ele>
        <time>2026-08-19T15:40:51Z</time>
      </trkpt>
      <trkpt lat="59.437333" lon="24.74773">
        <ele>20.5</ele>
        <time>2026-08-19T15:40:56Z</time>
      </trkpt>
      <trkpt lat="59.437333" lon="24.74773">
        <ele>20.5</ele>
        <time>2026-08-19T15:41:05Z</time>
      </trkpt>
      <trkpt lat="59.437333" lon="24.74773">
        <ele>20.5</ele>
        <time>2026-08-19T15:41:10Z</time>
      </trkpt>
      <trkpt lat="59.437333" lon="24.74773">
        <ele>20.5</ele>
        <time>2026-08-19T15:41:15Z</time>
      </trkpt>
      <trkpt lat="59.437333" lon="24.74773">
        <ele>20.5</ele>
        <time>2026-08-19T15:41:16Z</time>
      </trkpt>
      <trkpt lat="59.437333" lon="24.74773">
        <ele>20.5</ele>
        <time>2026-08-19T15:41:21Z</time>
      </trkpt>
      <trkpt lat="59.437333" lon="24.74773">
        <ele>20.5</ele>
        <time>2026-08-19T15:41:30Z</time>
      </trkpt>
      <trkpt lat="59.437333" lon="24.74773">
        <ele>20.5</ele>
        <time>2026-08-19T15:41:35Z</time>
      </trkpt>
      <trkpt lat="59.437333" lon="24.74773">
        <ele>20.5</ele>
        <time>2026-08-19T15:41:40Z</time>
      </trkpt>
      <trkpt lat="59.437333" lon="24.74773">
        <ele>20.5</ele>
        <time>2026-08-19T15:41:43Z</time>
      </trkpt>
      <trkpt lat="59.437333" lon="24.74773">
        <ele>20.5</ele>
        <time>2026-08-19T15:41:46Z</time>
      </trkpt>
      <trkpt lat="59.437333" lon="24.74773">
        <ele>20.5</ele>
        <time>2026-08-19T15:41:51Z</time>
      </trkpt>
      <trkpt lat="59.437333" lon="24.74773">
        <ele>20.5</ele>
        <time>2026-08-19T15:41:52Z</time>
      </trkpt>
      <trkpt lat="59.437333" lon="24.74773">
        <ele>20.5</ele>
        <time>2026-08-19T15:41:55Z</time>
      </trkpt>
      <trkpt lat="59.437333" lon="24.74773">
        <ele>20.5</ele>
        <time>2026-08-19T15:41:56Z</time>
      </trkpt>
      <trkpt lat="59.437333" lon="24.74773">
        <ele>20.5</ele>
        <time>2026-08-19T15:41:57Z</time>
      </trkpt>
      <trkpt lat="59.437274" lon="24.747721">
        <ele>20.5</ele>
        <time>2026-08-19T15:42:00Z</time>
      </trkpt>
      <trkpt lat="59.437274" lon="24.747721">
        <ele>20.5</ele>
        <time>2026-08-19T15:42:01Z</time>
      </trkpt>
      <trkpt lat="59.437274" lon="24.747721">
        <ele>20.5</ele>
        <time>2026-08-19T15:42:03Z</time>
      </trkpt>
      <trkpt lat="59.437274" lon="24.747721">
        <ele>20.5</ele>
        <time>2026-08-19T15:42:05Z</time>
      </trkpt>
      <trkpt lat="59.437274" lon="24.747721">
        <ele>20.5</ele>
        <time>2026-08-19T15:42:08Z</time>
      </trkpt>
      <trkpt lat="59.437274" lon="24.747721">
        <ele>20.5</ele>
        <time>2026-08-19T15:42:10Z</time>
      </trkpt>
      <trkpt lat="59.437274" lon="24.747721">
        <ele>20.5</ele>
        <time>2026-08-19T15:42:13Z</time>
      </trkpt>
      <trkpt lat="59.437274" lon="24.747721">
        <ele>20.5</ele>
        <time>2026-08-19T15:42:15Z</time>
      </trkpt>
      <trkpt lat="59.437274" lon="24.747721">
        <ele>20.5</ele>
        <time>2026-08-19T15:42:16Z</time>
      </trkpt>
      <trkpt lat="59.437194" lon="24.747842">
        <ele>20.5</ele>
        <time>2026-08-19T15:42:18Z</time>
      </trkpt>
      <trkpt lat="59.437214" lon="24.747844">
        <ele>20.5</ele>
        <time>2026-08-19T15:42:19Z</time>
      </trkpt>
      <trkpt lat="59.437274" lon="24.747804">
        <ele>20.5</ele>
        <time>2026-08-19T15:42:20Z</time>
      </trkpt>
      <trkpt lat="59.437274" lon="24.747804">
        <ele>20.5</ele>
        <time>2026-08-19T15:42:21Z</time>
      </trkpt>
      <trkpt lat="59.437181" lon="24.747709">
        <ele>20.5</ele>
        <time>2026-08-19T15:42:22Z</time>
      </trkpt>
      <trkpt lat="59.437201" lon="24.747698">
        <ele>20.5</ele>
        <time>2026-08-19T15:42:23Z</time>
      </trkpt>
      <trkpt lat="59.437153" lon="24.747669">
        <ele>20.5</ele>
        <time>2026-08-19T15:42:24Z</time>
      </trkpt>
      <trkpt lat="59.437148" lon="24.747684">
        <ele>20.5</ele>
        <time>2026-08-19T15:42:25Z</time>
      </trkpt>
      <trkpt lat="59.437137" lon="24.747688">
        <ele>20.5</ele>
        <time>2026-08-19T15:42:26Z</time>
      </trkpt>
      <trkpt lat="59.437148" lon="24.7477">
        <ele>20.5</ele>
        <time>2026-08-19T15:42:27Z</time>
      </trkpt>
      <trkpt lat="59.437155" lon="24.747711">
        <ele>20.5</ele>
        <time>2026-08-19T15:42:28Z</time>
      </trkpt>
      <trkpt lat="59.437139" lon="24.747706">
        <ele>20.5</ele>
        <time>2026-08-19T15:42:29Z</time>
      </trkpt>
      <trkpt lat="59.437141" lon="24.747712">
        <ele>20.5</ele>
        <time>2026-08-19T15:42:30Z</time>
      </trkpt>
      <trkpt lat="59.43714" lon="24.747721">
        <ele>20.5</ele>
        <time>2026-08-19T15:42:31Z</time>
      </trkpt>
      <trkpt lat="59.437146" lon="24.747727">
        <ele>20.5</ele>
        <time>2026-08-19T15:42:32Z</time>
      </trkpt>
      <trkpt lat="59.437148" lon="24.747729">
        <ele>20.5</ele>
        <time>2026-08-19T15:42:33Z</time>
      </trkpt>
      <trkpt lat="59.437159" lon="24.747729">
        <ele>20.5</ele>
        <time>2026-08-19T15:42:34Z</time>
      </trkpt>
      <trkpt lat="59.437161" lon="24.747728">
        <ele>20.5</ele>
        <time>2026-08-19T15:42:35Z</time>
      </trkpt>
      <trkpt lat="59.437166" lon="24.747734">
        <ele>20.5</ele>
        <time>2026-08-19T15:42:36Z</time>
      </trkpt>
      <trkpt lat="59.437168" lon="24.747741">
        <ele>20.5</ele>
        <time>2026-08-19T15:42:37Z</time>
      </trkpt>
      <trkpt lat="59.437173" lon="24.747736">
        <ele>20.5</ele>
        <time>2026-08-19T15:42:38Z</time>
      </trkpt>
      <trkpt lat="59.437183" lon="24.747734">
        <ele>20.5</ele>
        <time>2026-08-19T15:42:39Z</time>
      </trkpt>
      <trkpt lat="59.437199" lon="24.747732">
        <ele>20.5</ele>
        <time>2026-08-19T15:42:40Z</time>
      </trkpt>
      <trkpt lat="59.437202" lon="24.74774">
        <ele>20.5</ele>
        <time>2026-08-19T15:42:41Z</time>
      </trkpt>
      <trkpt lat="59.437205" lon="24.747754">
        <ele>20.5</ele>
        <time>2026-08-19T15:42:42Z</time>
      </trkpt>
      <trkpt lat="59.437206" lon="24.74776">
        <ele>20.5</ele>
        <time>2026-08-19T15:42:43Z</time>
      </trkpt>
      <trkpt lat="59.437208" lon="24.747766">
        <ele>20.5</ele>
        <time>2026-08-19T15:42:44Z</time>
      </trkpt>
      <trkpt lat="59.437206" lon="24.747771">
        <ele>20.5</ele>
        <time>2026-08-19T15:42:45Z</time>
      </trkpt>
      <trkpt lat="59.437195" lon="24.747767">
        <ele>20.5</ele>
        <time>2026-08-19T15:42:46Z</time>
      </trkpt>
      <trkpt lat="59.437186" lon="24.747759">
        <ele>20.6</ele>
        <time>2026-08-19T15:42:47Z</time>
      </trkpt>
      <trkpt lat="59.437183" lon="24.74776">
        <ele>20.6</ele>
        <time>2026-08-19T15:42:48Z</time>
      </trkpt>
      <trkpt lat="59.437184" lon="24.747767">
        <ele>20.6</ele>
        <time>2026-08-19T15:42:49Z</time>
      </trkpt>
      <trkpt lat="59.43719" lon="24.747769">
        <ele>20.6</ele>
        <time>2026-08-19T15:42:50Z</time>
      </trkpt>
      <trkpt lat="59.437198" lon="24.74777">
        <ele>20.6</ele>
        <time>2026-08-19T15:42:51Z</time>
      </trkpt>
      <trkpt lat="59.437201" lon="24.747769">
        <ele>20.6</ele>
        <time>2026-08-19T15:42:52Z</time>
      </trkpt>
      <trkpt lat="59.437205" lon="24.747764">
        <ele>20.6</ele>
        <time>2026-08-19T15:42:53Z</time>
      </trkpt>
      <trkpt lat="59.437205" lon="24.747764">
        <ele>20.6</ele>
        <time>2026-08-19T15:42:54Z</time>
      </trkpt>
      <trkpt lat="59.437209" lon="24.74776">
        <ele>20.6</ele>
        <time>2026-08-19T15:42:55Z</time>
      </trkpt>
      <trkpt lat="59.437212" lon="24.747768">
        <ele>20.6</ele>
        <time>2026-08-19T15:42:56Z</time>
      </trkpt>
      <trkpt lat="59.437212" lon="24.747768">
        <ele>20.6</ele>
        <time>2026-08-19T15:42:57Z</time>
      </trkpt>
      <trkpt lat="59.437213" lon="24.747769">
        <ele>20.6</ele>
        <time>2026-08-19T15:42:58Z</time>
      </trkpt>
      <trkpt lat="59.437213" lon="24.747769">
        <ele>20.6</ele>
        <time>2026-08-19T15:42:59Z</time>
      </trkpt>
      <trkpt lat="59.437212" lon="24.747769">
        <ele>20.6</ele>
        <time>2026-08-19T15:43:00Z</time>
      </trkpt>
      <trkpt lat="59.437205" lon="24.74777">
        <ele>20.6</ele>
        <time>2026-08-19T15:43:01Z</time>
      </trkpt>
      <trkpt lat="59.437215" lon="24.747792">
        <ele>20.6</ele>
        <time>2026-08-19T15:43:02Z</time>
      </trkpt>
      <trkpt lat="59.437218" lon="24.747785">
        <ele>20.6</ele>
        <time>2026-08-19T15:43:03Z</time>
      </trkpt>
      <trkpt lat="59.437218" lon="24.747794">
        <ele>20.6</ele>
        <time>2026-08-19T15:43:04Z</time>
      </trkpt>
      <trkpt lat="59.437209" lon="24.747787">
        <ele>20.6</ele>
        <time>2026-08-19T15:43:05Z</time>
      </trkpt>
      <trkpt lat="59.437214" lon="24.747789">
        <ele>20.6</ele>
        <time>2026-08-19T15:43:06Z</time>
      </trkpt>
      <trkpt lat="59.437216" lon="24.747789">
        <ele>20.6</ele>
        <time>2026-08-19T15:43:07Z</time>
      </trkpt>
      <trkpt lat="59.437216" lon="24.747789">
        <ele>20.6</ele>
        <time>2026-08-19T15:43:08Z</time>
      </trkpt>
      <trkpt lat="59.437216" lon="24.747789">
        <ele>20.6</ele>
        <time>2026-08-19T15:43:09Z</time>
      </trkpt>
      <trkpt lat="59.437216" lon="24.747789">
        <ele>20.6</ele>
        <time>2026-08-19T15:43:10Z</time>
      </trkpt>
      <trkpt lat="59.437216" lon="24.747789">
        <ele>20.6</ele>
        <time>2026-08-19T15:43:11Z</time>
      </trkpt>
      <trkpt lat="59.437216" lon="24.747789">
        <ele>20.6</ele>
        <time>2026-08-19T15:43:12Z</time>
      </trkpt>
      <trkpt lat="59.437216" lon="24.747789">
        <ele>20.6</ele>
        <time>2026-08-19T15:43:13Z</time>
      </trkpt>
      <trkpt lat="59.437216" lon="24.747789">
        <ele>20.6</ele>
        <time>2026-08-19T15:43:14Z</time>
      </trkpt>
      <trkpt lat="59.437216" lon="24.747789">
        <ele>20.6</ele>
        <time>2026-08-19T15:43:15Z</time>
      </trkpt>
      <trkpt lat="59.437216" lon="24.747789">
        <ele>20.6</ele>
        <time>2026-08-19T15:43:16Z</time>
      </trkpt>
      <trkpt lat="59.437216" lon="24.747789">
        <ele>20.6</ele>
        <time>2026-08-19T15:43:17Z</time>
      </trkpt>
      <trkpt lat="59.437194" lon="24.747747">
        <ele>20.6</ele>
        <time>2026-08-19T15:43:18Z</time>
      </trkpt>
      <trkpt lat="59.437191" lon="24.747746">
        <ele>20.6</ele>
        <time>2026-08-19T15:43:19Z</time>
      </trkpt>
      <trkpt lat="59.437192" lon="24.747747">
        <ele>20.6</ele>
        <time>2026-08-19T15:43:20Z</time>
      </trkpt>
      <trkpt lat="59.437192" lon="24.747747">
        <ele>20.6</ele>
        <time>2026-08-19T15:43:21Z</time>
      </trkpt>
      <trkpt lat="59.437192" lon="24.747747">
        <ele>20.6</ele>
        <time>2026-08-19T15:43:22Z</time>
      </trkpt>
      <trkpt lat="59.437192" lon="24.747747">
        <ele>20.6</ele>
        <time>2026-08-19T15:43:23Z</time>
      </trkpt>
      <trkpt lat="59.437192" lon="24.747747">
        <ele>20.6</ele>
        <time>2026-08-19T15:43:24Z</time>
      </trkpt>
      <trkpt lat="59.437192" lon="24.747747">
        <ele>20.6</ele>
        <time>2026-08-19T15:43:25Z</time>
      </trkpt>
      <trkpt lat="59.437192" lon="24.747747">
        <ele>20.6</ele>
        <time>2026-08-19T15:43:26Z</time>
      </trkpt>
      <trkpt lat="59.437192" lon="24.747747">
        <ele>20.6</ele>
        <time>2026-08-19T15:43:27Z</time>
      </trkpt>
      <trkpt lat="59.437192" lon="24.747747">
        <ele>20.6</ele>
        <time>2026-08-19T15:43:28Z</time>
      </trkpt>
      <trkpt lat="59.437192" lon="24.747747">
        <ele>20.6</ele>
        <time>2026-08-19T15:43:29Z</time>
      </trkpt>
      <trkpt lat="59.437192" lon="24.747747">
        <ele>20.6</ele>
        <time>2026-08-19T15:43:30Z</time>
      </trkpt>
      <trkpt lat="59.437172" lon="24.74773">
        <ele>20.6</ele>
        <time>2026-08-19T15:43:31Z</time>
      </trkpt>
      <trkpt lat="59.43717" lon="24.747733">
        <ele>20.6</ele>
        <time>2026-08-19T15:43:32Z</time>
      </trkpt>
      <trkpt lat="59.437177" lon="24.747748">
        <ele>20.6</ele>
        <time>2026-08-19T15:43:33Z</time>
      </trkpt>
      <trkpt lat="59.437179" lon="24.747751">
        <ele>20.6</ele>
        <time>2026-08-19T15:43:34Z</time>
      </trkpt>
      <trkpt lat="59.437179" lon="24.747751">
        <ele>20.6</ele>
        <time>2026-08-19T15:43:35Z</time>
      </trkpt>
      <trkpt lat="59.437174" lon="24.747757">
        <ele>20.6</ele>
        <time>2026-08-19T15:43:36Z</time>
      </trkpt>
      <trkpt lat="59.437174" lon="24.747757">
        <ele>20.6</ele>
        <time>2026-08-19T15:43:37Z</time>
      </trkpt>
      <trkpt lat="59.437178" lon="24.747769">
        <ele>20.6</ele>
        <time>2026-08-19T15:43:38Z</time>
      </trkpt>
      <trkpt lat="59.437187" lon="24.747774">
        <ele>20.6</ele>
        <time>2026-08-19T15:43:39Z</time>
      </trkpt>
      <trkpt lat="59.437187" lon="24.747774">
        <ele>20.6</ele>
        <time>2026-08-19T15:43:40Z</time>
      </trkpt>
      <trkpt lat="59.437187" lon="24.747774">
        <ele>20.6</ele>
        <time>2026-08-19T15:43:41Z</time>
      </trkpt>
      <trkpt lat="59.437187" lon="24.747774">
        <ele>20.6</ele>
        <time>2026-08-19T15:43:42Z</time>
      </trkpt>
      <trkpt lat="59.437187" lon="24.747774">
        <ele>20.6</ele>
        <time>2026-08-19T15:43:43Z</time>
      </trkpt>
      <trkpt lat="59.437187" lon="24.747774">
        <ele>20.6</ele>
        <time>2026-08-19T15:43:44Z</time>
      </trkpt>
      <trkpt lat="59.437187" lon="24.747774">
        <ele>20.6</ele>
        <time>2026-08-19T15:43:45Z</time>
      </trkpt>
      <trkpt lat="59.437165" lon="24.747765">
        <ele>20.6</ele>
        <time>2026-08-19T15:43:46Z</time>
      </trkpt>
      <trkpt lat="59.437165" lon="24.747765">
        <ele>20.6</ele>
        <time>2026-08-19T15:43:47Z</time>
      </trkpt>
      <trkpt lat="59.437165" lon="24.747765">
        <ele>20.6</ele>
        <time>2026-08-19T15:43:48Z</time>
      </trkpt>
      <trkpt lat="59.437165" lon="24.747765">
        <ele>20.6</ele>
        <time>2026-08-19T15:43:49Z</time>
      </trkpt>
      <trkpt lat="59.437165" lon="24.747765">
        <ele>20.6</ele>
        <time>2026-08-19T15:43:50Z</time>
      </trkpt>
      <trkpt lat="59.437165" lon="24.747765">
        <ele>20.6</ele>
        <time>2026-08-19T15:43:51Z</time>
      </trkpt>
      <trkpt lat="59.437165" lon="24.747765">
        <ele>20.6</ele>
        <time>2026-08-19T15:43:52Z</time>
      </trkpt>
      <trkpt lat="59.437165" lon="24.747765">
        <ele>20.6</ele>
        <time>2026-08-19T15:43:53Z</time>
      </trkpt>
      <trkpt lat="59.437165" lon="24.747765">
        <ele>20.6</ele>
        <time>2026-08-19T15:43:54Z</time>
      </trkpt>
      <trkpt lat="59.437165" lon="24.747765">
        <ele>20.6</ele>
        <time>2026-08-19T15:43:55Z</time>
      </trkpt>
      <trkpt lat="59.437165" lon="24.747765">
        <ele>20.6</ele>
        <time>2026-08-19T15:43:56Z</time>
      </trkpt>
      <trkpt lat="59.437165" lon="24.747765">
        <ele>20.6</ele>
        <time>2026-08-19T15:43:57Z</time>
      </trkpt>
      <trkpt lat="59.437165" lon="24.747765">
        <ele>20.6</ele>
        <time>2026-08-19T15:43:58Z</time>
      </trkpt>
      <trkpt lat="59.437165" lon="24.747765">
        <ele>20.6</ele>
        <time>2026-08-19T15:43:59Z</time>
      </trkpt>
      <trkpt lat="59.437165" lon="24.747765">
        <ele>20.6</ele>
        <time>2026-08-19T15:44:00Z</time>
      </trkpt>
      <trkpt lat="59.437165" lon="24.747765">
        <ele>20.6</ele>
        <time>2026-08-19T15:44:01Z</time>
      </trkpt>
      <trkpt lat="59.437165" lon="24.747765">
        <ele>20.6</ele>
        <time>2026-08-19T15:44:02Z</time>
      </trkpt>
      <trkpt lat="59.437165" lon="24.747765">
        <ele>20.6</ele>
        <time>2026-08-19T15:44:03Z</time>
      </trkpt>
      <trkpt lat="59.437165" lon="24.747765">
        <ele>20.6</ele>
        <time>2026-08-19T15:44:04Z</time>
      </trkpt>
      <trkpt lat="59.437165" lon="24.747765">
        <ele>20.6</ele>
        <time>2026-08-19T15:44:05Z</time>
      </trkpt>
      <trkpt lat="59.437165" lon="24.747765">
        <ele>20.6</ele>
        <time>2026-08-19T15:44:06Z</time>
      </trkpt>
      <trkpt lat="59.437165" lon="24.747765">
        <ele>20.6</ele>
        <time>2026-08-19T15:44:07Z</time>
      </trkpt>
      <trkpt lat="59.437165" lon="24.747765">
        <ele>20.6</ele>
        <time>2026-08-19T15:44:08Z</time>
      </trkpt>
      <trkpt lat="59.437165" lon="24.747765">
        <ele>20.6</ele>
        <time>2026-08-19T15:44:09Z</time>
      </trkpt>
      <trkpt lat="59.437165" lon="24.747765">
        <ele>20.6</ele>
        <time>2026-08-19T15:44:10Z</time>
      </trkpt>
      <trkpt lat="59.437165" lon="24.747765">
        <ele>20.6</ele>
        <time>2026-08-19T15:44:11Z</time>
      </trkpt>
      <trkpt lat="59.437165" lon="24.747765">
        <ele>20.6</ele>
        <time>2026-08-19T15:44:12Z</time>
      </trkpt>
      <trkpt lat="59.437165" lon="24.747765">
        <ele>20.6</ele>
        <time>2026-08-19T15:44:13Z</time>
      </trkpt>
      <trkpt lat="59.437165" lon="24.747765">
        <ele>20.6</ele>
        <time>2026-08-19T15:44:14Z</time>
      </trkpt>
      <trkpt lat="59.437165" lon="24.747765">
        <ele>20.6</ele>
        <time>2026-08-19T15:44:15Z</time>
      </trkpt>
      <trkpt lat="59.437165" lon="24.747765">
        <ele>20.6</ele>
        <time>2026-08-19T15:44:16Z</time>
      </trkpt>
      <trkpt lat="59.437166" lon="24.747786">
        <ele>20.6</ele>
        <time>2026-08-19T15:44:17Z</time>
      </trkpt>
      <trkpt lat="59.437169" lon="24.747784">
        <ele>20.6</ele>
        <time>2026-08-19T15:44:18Z</time>
      </trkpt>
      <trkpt lat="59.43717" lon="24.747784">
        <ele>20.6</ele>
        <time>2026-08-19T15:44:19Z</time>
      </trkpt>
      <trkpt lat="59.437182" lon="24.747779">
        <ele>20.6</ele>
        <time>2026-08-19T15:44:20Z</time>
      </trkpt>
      <trkpt lat="59.437175" lon="24.747787">
        <ele>20.6</ele>
        <time>2026-08-19T15:44:21Z</time>
      </trkpt>
      <trkpt lat="59.437168" lon="24.747784">
        <ele>20.6</ele>
        <time>2026-08-19T15:44:22Z</time>
      </trkpt>
      <trkpt lat="59.437172" lon="24.747789">
        <ele>20.6</ele>
        <time>2026-08-19T15:44:23Z</time>
      </trkpt>
      <trkpt lat="59.437175" lon="24.747792">
        <ele>20.6</ele>
        <time>2026-08-19T15:44:24Z</time>
      </trkpt>
      <trkpt lat="59.437177" lon="24.747785">
        <ele>20.6</ele>
        <time>2026-08-19T15:44:25Z</time>
      </trkpt>
      <trkpt lat="59.437187" lon="24.747782">
        <ele>20.6</ele>
        <time>2026-08-19T15:44:26Z</time>
      </trkpt>
      <trkpt lat="59.437187" lon="24.747782">
        <ele>20.6</ele>
        <time>2026-08-19T15:44:27Z</time>
      </trkpt>
      <trkpt lat="59.437187" lon="24.747782">
        <ele>20.6</ele>
        <time>2026-08-19T15:44:28Z</time>
      </trkpt>
      <trkpt lat="59.4372" lon="24.747795">
        <ele>20.6</ele>
        <time>2026-08-19T15:44:29Z</time>
      </trkpt>
      <trkpt lat="59.4372" lon="24.747795">
        <ele>20.6</ele>
        <time>2026-08-19T15:44:30Z</time>
      </trkpt>
      <trkpt lat="59.4372" lon="24.747795">
        <ele>20.6</ele>
        <time>2026-08-19T15:44:31Z</time>
      </trkpt>
      <trkpt lat="59.4372" lon="24.747795">
        <ele>20.6</ele>
        <time>2026-08-19T15:44:32Z</time>
      </trkpt>
      <trkpt lat="59.4372" lon="24.747795">
        <ele>20.6</ele>
        <time>2026-08-19T15:44:33Z</time>
      </trkpt>
      <trkpt lat="59.4372" lon="24.747795">
        <ele>20.6</ele>
        <time>2026-08-19T15:44:34Z</time>
      </trkpt>
      <trkpt lat="59.4372" lon="24.747795">
        <ele>20.6</ele>
        <time>2026-08-19T15:44:35Z</time>
      </trkpt>
      <trkpt lat="59.4372" lon="24.747795">
        <ele>20.6</ele>
        <time>2026-08-19T15:44:36Z</time>
      </trkpt>
      <trkpt lat="59.4372" lon="24.747795">
        <ele>20.6</ele>
        <time>2026-08-19T15:44:37Z</time>
      </trkpt>
      <trkpt lat="59.4372" lon="24.747795">
        <ele>20.6</ele>
        <time>2026-08-19T15:44:38Z</time>
      </trkpt>
      <trkpt lat="59.4372" lon="24.747795">
        <ele>20.6</ele>
        <time>2026-08-19T15:44:39Z</time>
      </trkpt>
      <trkpt lat="59.4372" lon="24.747795">
        <ele>20.6</ele>
        <time>2026-08-19T15:44:40Z</time>
      </trkpt>
      <trkpt lat="59.4372" lon="24.747795">
        <ele>20.6</ele>
        <time>2026-08-19T15:44:41Z</time>
      </trkpt>
      <trkpt lat="59.4372" lon="24.747795">
        <ele>20.6</ele>
        <time>2026-08-19T15:44:42Z</time>
      </trkpt>
      <trkpt lat="59.4372" lon="24.747795">
        <ele>20.6</ele>
        <time>2026-08-19T15:44:43Z</time>
      </trkpt>
      <trkpt lat="59.4372" lon="24.747795">
        <ele>20.6</ele>
        <time>2026-08-19T15:44:44Z</time>
      </trkpt>
      <trkpt lat="59.4372" lon="24.747795">
        <ele>20.6</ele>
        <time>2026-08-19T15:44:45Z</time>
      </trkpt>
      <trkpt lat="59.4372" lon="24.747795">
        <ele>20.6</ele>
        <time>2026-08-19T15:44:46Z</time>
      </trkpt>
      <trkpt lat="59.4372" lon="24.747795">
        <ele>20.6</ele>
        <time>2026-08-19T15:44:47Z</time>
      </trkpt>
      <trkpt lat="59.4372" lon="24.747795">
        <ele>20.6</ele>
        <time>2026-08-19T15:44:48Z</time>
      </trkpt>
      <trkpt lat="59.4372" lon="24.747795">
        <ele>20.6</ele>
        <time>2026-08-19T15:44:49Z</time>
      </trkpt>
      <trkpt lat="59.4372" lon="24.747795">
        <ele>20.6</ele>
        <time>2026-08-19T15:44:50Z</time>
      </trkpt>
      <trkpt lat="59.4372" lon="24.747795">
        <ele>20.6</ele>
        <time>2026-08-19T15:44:51Z</time>
      </trkpt>
      <trkpt lat="59.4372" lon="24.747795">
        <ele>20.6</ele>
        <time>2026-08-19T15:44:52Z</time>
      </trkpt>
      <trkpt lat="59.4372" lon="24.747795">
        <ele>20.6</ele>
        <time>2026-08-19T15:44:53Z</time>
      </trkpt>
      <trkpt lat="59.4372" lon="24.747795">
        <ele>20.6</ele>
        <time>2026-08-19T15:44:54Z</time>
      </trkpt>
      <trkpt lat="59.4372" lon="24.747795">
        <ele>20.6</ele>
        <time>2026-08-19T15:44:55Z</time>
      </trkpt>
      <trkpt lat="59.4372" lon="24.747795">
        <ele>20.6</ele>
        <time>2026-08-19T15:44:56Z</time>
      </trkpt>
      <trkpt lat="59.4372" lon="24.747795">
        <ele>20.6</ele>
        <time>2026-08-19T15:44:57Z</time>
      </trkpt>
      <trkpt lat="59.4372" lon="24.747795">
        <ele>20.6</ele>
        <time>2026-08-19T15:44:58Z</time>
      </trkpt>
      <trkpt lat="59.4372" lon="24.747795">
        <ele>20.6</ele>
        <time>2026-08-19T15:44:59Z</time>
      </trkpt>
      <trkpt lat="59.4372" lon="24.747795">
        <ele>20.6</ele>
        <time>2026-08-19T15:45:00Z</time>
      </trkpt>
      <trkpt lat="59.4372" lon="24.747795">
        <ele>20.6</ele>
        <time>2026-08-19T15:45:01Z</time>
      </trkpt>
      <trkpt lat="59.4372" lon="24.747795">
        <ele>20.6</ele>
        <time>2026-08-19T15:45:02Z</time>
      </trkpt>
      <trkpt lat="59.4372" lon="24.747795">
        <ele>20.6</ele>
        <time>2026-08-19T15:45:03Z</time>
      </trkpt>
      <trkpt lat="59.4372" lon="24.747795">
        <ele>20.6</ele>
        <time>2026-08-19T15:45:04Z</time>
      </trkpt>
      <trkpt lat="59.4372" lon="24.747795">
        <ele>20.6</ele>
        <time>2026-08-19T15:45:05Z</time>
      </trkpt>
      <trkpt lat="59.4372" lon="24.747795">
        <ele>20.6</ele>
        <time>2026-08-19T15:45:06Z</time>
      </trkpt>
      <trkpt lat="59.4372" lon="24.747795">
        <ele>20.6</ele>
        <time>2026-08-19T15:45:07Z</time>
      </trkpt>
      <trkpt lat="59.4372" lon="24.747795">
        <ele>20.6</ele>
        <time>2026-08-19T15:45:08Z</time>
      </trkpt>
      <trkpt lat="59.4372" lon="24.747795">
        <ele>20.6</ele>
        <time>2026-08-19T15:45:09Z</time>
      </trkpt>
      <trkpt lat="59.4372" lon="24.747795">
        <ele>20.6</ele>
        <time>2026-08-19T15:45:10Z</time>
      </trkpt>
      <trkpt lat="59.4372" lon="24.747795">
        <ele>20.6</ele>
        <time>2026-08-19T15:45:11Z</time>
      </trkpt>
      <trkpt lat="59.4372" lon="24.747795">
        <ele>20.6</ele>
        <time>2026-08-19T15:45:12Z</time>
      </trkpt>
      <trkpt lat="59.4372" lon="24.747795">
        <ele>20.6</ele>
        <time>2026-08-19T15:45:13Z</time>
      </trkpt>
      <trkpt lat="59.437224" lon="24.747804">
        <ele>20.6</ele>
        <time>2026-08-19T15:45:14Z</time>
      </trkpt>
      <trkpt lat="59.437223" lon="24.747805">
        <ele>20.6</ele>
        <time>2026-08-19T15:45:15Z</time>
      </trkpt>
      <trkpt lat="59.437223" lon="24.747809">
        <ele>20.6</ele>
        <time>2026-08-19T15:45:16Z</time>
      </trkpt>
      <trkpt lat="59.437229" lon="24.747814">
        <ele>20.6</ele>
        <time>2026-08-19T15:45:17Z</time>
      </trkpt>
      <trkpt lat="59.437234" lon="24.747815">
        <ele>20.6</ele>
        <time>2026-08-19T15:45:18Z</time>
      </trkpt>
      <trkpt lat="59.437228" lon="24.74781">
        <ele>20.6</ele>
        <time>2026-08-19T15:45:19Z</time>
      </trkpt>
      <trkpt lat="59.437217" lon="24.747802">
        <ele>20.6</ele>
        <time>2026-08-19T15:45:20Z</time>
      </trkpt>
      <trkpt lat="59.43721" lon="24.747786">
        <ele>20.6</ele>
        <time>2026-08-19T15:45:21Z</time>
      </trkpt>
      <trkpt lat="59.43721" lon="24.747786">
        <ele>20.6</ele>
        <time>2026-08-19T15:45:22Z</time>
      </trkpt>
      <trkpt lat="59.43721" lon="24.747786">
        <ele>20.6</ele>
        <time>2026-08-19T15:45:23Z</time>
      </trkpt>
      <trkpt lat="59.43721" lon="24.747786">
        <ele>20.6</ele>
        <time>2026-08-19T15:45:24Z</time>
      </trkpt>
      <trkpt lat="59.437208" lon="24.747773">
        <ele>20.6</ele>
        <time>2026-08-19T15:45:25Z</time>
      </trkpt>
      <trkpt lat="59.437209" lon="24.747773">
        <ele>20.6</ele>
        <time>2026-08-19T15:45:26Z</time>
      </trkpt>
      <trkpt lat="59.437209" lon="24.747773">
        <ele>20.6</ele>
        <time>2026-08-19T15:45:27Z</time>
      </trkpt>
      <trkpt lat="59.437209" lon="24.74776">
        <ele>20.6</ele>
        <time>2026-08-19T15:45:28Z</time>
      </trkpt>
      <trkpt lat="59.437207" lon="24.747754">
        <ele>20.6</ele>
        <time>2026-08-19T15:45:29Z</time>
      </trkpt>
      <trkpt lat="59.437203" lon="24.74775">
        <ele>20.6</ele>
        <time>2026-08-19T15:45:30Z</time>
      </trkpt>
      <trkpt lat="59.437199" lon="24.747746">
        <ele>20.6</ele>
        <time>2026-08-19T15:45:31Z</time>
      </trkpt>
      <trkpt lat="59.437196" lon="24.747741">
        <ele>20.6</ele>
        <time>2026-08-19T15:45:32Z</time>
      </trkpt>
      <trkpt lat="59.4372" lon="24.747753">
        <ele>20.6</ele>
        <time>2026-08-19T15:45:33Z</time>
      </trkpt>
      <trkpt lat="59.437201" lon="24.74775">
        <ele>20.6</ele>
        <time>2026-08-19T15:45:34Z</time>
      </trkpt>
      <trkpt lat="59.437207" lon="24.747752">
        <ele>20.6</ele>
        <time>2026-08-19T15:45:35Z</time>
      </trkpt>
      <trkpt lat="59.437213" lon="24.747754">
        <ele>20.6</ele>
        <time>2026-08-19T15:45:36Z</time>
      </trkpt>
      <trkpt lat="59.437213" lon="24.747754">
        <ele>20.6</ele>
        <time>2026-08-19T15:45:37Z</time>
      </trkpt>
      <trkpt lat="59.437208" lon="24.74775">
        <ele>20.6</ele>
        <time>2026-08-19T15:45:38Z</time>
      </trkpt>
      <trkpt lat="59.437199" lon="24.747744">
        <ele>20.6</ele>
        <time>2026-08-19T15:45:39Z</time>
      </trkpt>
      <trkpt lat="59.4372" lon="24.747748">
        <ele>20.6</ele>
        <time>2026-08-19T15:45:40Z</time>
      </trkpt>
      <trkpt lat="59.4372" lon="24.747747">
        <ele>20.6</ele>
        <time>2026-08-19T15:45:41Z</time>
      </trkpt>
      <trkpt lat="59.437208" lon="24.747757">
        <ele>20.6</ele>
        <time>2026-08-19T15:45:42Z</time>
      </trkpt>
      <trkpt lat="59.437208" lon="24.747757">
        <ele>20.6</ele>
        <time>2026-08-19T15:45:43Z</time>
      </trkpt>
      <trkpt lat="59.437212" lon="24.747757">
        <ele>20.6</ele>
        <time>2026-08-19T15:45:44Z</time>
      </trkpt>
      <trkpt lat="59.437208" lon="24.747749">
        <ele>20.6</ele>
        <time>2026-08-19T15:45:45Z</time>
      </trkpt>
      <trkpt lat="59.437204" lon="24.747749">
        <ele>20.6</ele>
        <time>2026-08-19T15:45:46Z</time>
      </trkpt>
      <trkpt lat="59.437196" lon="24.747734">
        <ele>20.6</ele>
        <time>2026-08-19T15:45:47Z</time>
      </trkpt>
      <trkpt lat="59.437208" lon="24.747749">
        <ele>20.6</ele>
        <time>2026-08-19T15:45:48Z</time>
      </trkpt>
      <trkpt lat="59.43721" lon="24.747762">
        <ele>20.6</ele>
        <time>2026-08-19T15:45:49Z</time>
      </trkpt>
      <trkpt lat="59.43721" lon="24.747762">
        <ele>20.6</ele>
        <time>2026-08-19T15:45:50Z</time>
      </trkpt>
      <trkpt lat="59.43721" lon="24.747762">
        <ele>20.6</ele>
        <time>2026-08-19T15:45:51Z</time>
      </trkpt>
      <trkpt lat="59.43721" lon="24.747762">
        <ele>20.6</ele>
        <time>2026-08-19T15:45:52Z</time>
      </trkpt>
      <trkpt lat="59.437194" lon="24.747768">
        <ele>20.6</ele>
        <time>2026-08-19T15:45:53Z</time>
      </trkpt>
      <trkpt lat="59.437201" lon="24.747762">
        <ele>20.6</ele>
        <time>2026-08-19T15:45:54Z</time>
      </trkpt>
      <trkpt lat="59.437204" lon="24.74776">
        <ele>20.6</ele>
        <time>2026-08-19T15:45:55Z</time>
      </trkpt>
      <trkpt lat="59.437204" lon="24.74776">
        <ele>20.6</ele>
        <time>2026-08-19T15:45:56Z</time>
      </trkpt>
      <trkpt lat="59.437204" lon="24.74776">
        <ele>20.6</ele>
        <time>2026-08-19T15:45:57Z</time>
      </trkpt>
      <trkpt lat="59.437204" lon="24.74776">
        <ele>20.6</ele>
        <time>2026-08-19T15:45:58Z</time>
      </trkpt>
      <trkpt lat="59.437204" lon="24.74776">
        <ele>20.6</ele>
        <time>2026-08-19T15:45:59Z</time>
      </trkpt>
      <trkpt lat="59.437204" lon="24.74776">
        <ele>20.6</ele>
        <time>2026-08-19T15:46:00Z</time>
      </trkpt>
      <trkpt lat="59.437206" lon="24.747777">
        <ele>20.6</ele>
        <time>2026-08-19T15:46:01Z</time>
      </trkpt>
      <trkpt lat="59.437206" lon="24.747777">
        <ele>20.6</ele>
        <time>2026-08-19T15:46:02Z</time>
      </trkpt>
      <trkpt lat="59.437206" lon="24.747777">
        <ele>20.6</ele>
        <time>2026-08-19T15:46:03Z</time>
      </trkpt>
      <trkpt lat="59.437206" lon="24.747777">
        <ele>20.6</ele>
        <time>2026-08-19T15:46:04Z</time>
      </trkpt>
      <trkpt lat="59.437206" lon="24.747777">
        <ele>20.6</ele>
        <time>2026-08-19T15:46:05Z</time>
      </trkpt>
      <trkpt lat="59.437221" lon="24.747782">
        <ele>20.6</ele>
        <time>2026-08-19T15:46:06Z</time>
      </trkpt>
      <trkpt lat="59.437221" lon="24.747782">
        <ele>20.6</ele>
        <time>2026-08-19T15:46:07Z</time>
      </trkpt>
      <trkpt lat="59.437221" lon="24.747782">
        <ele>20.6</ele>
        <time>2026-08-19T15:46:08Z</time>
      </trkpt>
      <trkpt lat="59.43722" lon="24.747772">
        <ele>20.6</ele>
        <time>2026-08-19T15:46:09Z</time>
      </trkpt>
      <trkpt lat="59.437221" lon="24.747772">
        <ele>20.6</ele>
        <time>2026-08-19T15:46:10Z</time>
      </trkpt>
      <trkpt lat="59.437219" lon="24.747771">
        <ele>20.6</ele>
        <time>2026-08-19T15:46:11Z</time>
      </trkpt>
      <trkpt lat="59.43722" lon="24.747768">
        <ele>20.6</ele>
        <time>2026-08-19T15:46:12Z</time>
      </trkpt>
      <trkpt lat="59.437214" lon="24.747759">
        <ele>20.6</ele>
        <time>2026-08-19T15:46:13Z</time>
      </trkpt>
      <trkpt lat="59.437214" lon="24.747759">
        <ele>20.6</ele>
        <time>2026-08-19T15:46:14Z</time>
      </trkpt>
      <trkpt lat="59.437214" lon="24.747759">
        <ele>20.6</ele>
        <time>2026-08-19T15:46:15Z</time>
      </trkpt>
      <trkpt lat="59.437213" lon="24.747756">
        <ele>20.6</ele>
        <time>2026-08-19T15:46:16Z</time>
      </trkpt>
      <trkpt lat="59.437213" lon="24.747757">
        <ele>20.6</ele>
        <time>2026-08-19T15:46:17Z</time>
      </trkpt>
      <trkpt lat="59.437213" lon="24.747757">
        <ele>20.6</ele>
        <time>2026-08-19T15:46:18Z</time>
      </trkpt>
      <trkpt lat="59.437217" lon="24.747751">
        <ele>20.6</ele>
        <time>2026-08-19T15:46:19Z</time>
      </trkpt>
      <trkpt lat="59.437215" lon="24.747749">
        <ele>20.6</ele>
        <time>2026-08-19T15:46:20Z</time>
      </trkpt>
      <trkpt lat="59.437215" lon="24.747749">
        <ele>20.6</ele>
        <time>2026-08-19T15:46:21Z</time>
      </trkpt>
      <trkpt lat="59.437214" lon="24.747747">
        <ele>20.6</ele>
        <time>2026-08-19T15:46:22Z</time>
      </trkpt>
      <trkpt lat="59.437214" lon="24.747747">
        <ele>20.6</ele>
        <time>2026-08-19T15:46:23Z</time>
      </trkpt>
      <trkpt lat="59.437214" lon="24.747743">
        <ele>20.6</ele>
        <time>2026-08-19T15:46:24Z</time>
      </trkpt>
      <trkpt lat="59.437214" lon="24.747743">
        <ele>20.6</ele>
        <time>2026-08-19T15:46:25Z</time>
      </trkpt>
      <trkpt lat="59.437214" lon="24.747743">
        <ele>20.6</ele>
        <time>2026-08-19T15:46:26Z</time>
      </trkpt>
      <trkpt lat="59.437214" lon="24.747743">
        <ele>20.6</ele>
        <time>2026-08-19T15:46:27Z</time>
      </trkpt>
      <trkpt lat="59.437214" lon="24.747743">
        <ele>20.6</ele>
        <time>2026-08-19T15:46:28Z</time>
      </trkpt>
      <trkpt lat="59.437214" lon="24.747743">
        <ele>20.6</ele>
        <time>2026-08-19T15:46:29Z</time>
      </trkpt>
      <trkpt lat="59.437214" lon="24.747743">
        <ele>20.6</ele>
        <time>2026-08-19T15:46:30Z</time>
      </trkpt>
      <trkpt lat="59.437214" lon="24.747743">
        <ele>20.6</ele>
        <time>2026-08-19T15:46:31Z</time>
      </trkpt>
      <trkpt lat="59.437214" lon="24.747743">
        <ele>20.6</ele>
        <time>2026-08-19T15:46:32Z</time>
      </trkpt>
      <trkpt lat="59.437214" lon="24.747743">
        <ele>20.6</ele>
        <time>2026-08-19T15:46:33Z</time>
      </trkpt>
      <trkpt lat="59.437214" lon="24.747743">
        <ele>20.6</ele>
        <time>2026-08-19T15:46:34Z</time>
      </trkpt>
      <trkpt lat="59.437214" lon="24.747743">
        <ele>20.6</ele>
        <time>2026-08-19T15:46:35Z</time>
      </trkpt>
      <trkpt lat="59.437214" lon="24.747743">
        <ele>20.6</ele>
        <time>2026-08-19T15:46:36Z</time>
      </trkpt>
      <trkpt lat="59.437214" lon="24.747753">
        <ele>20.6</ele>
        <time>2026-08-19T15:46:37Z</time>
      </trkpt>
      <trkpt lat="59.437212" lon="24.747745">
        <ele>20.6</ele>
        <time>2026-08-19T15:46:38Z</time>
      </trkpt>
      <trkpt lat="59.437216" lon="24.747754">
        <ele>20.6</ele>
        <time>2026-08-19T15:46:39Z</time>
      </trkpt>
      <trkpt lat="59.437211" lon="24.74775">
        <ele>20.6</ele>
        <time>2026-08-19T15:46:40Z</time>
      </trkpt>
      <trkpt lat="59.437214" lon="24.747762">
        <ele>20.6</ele>
        <time>2026-08-19T15:46:41Z</time>
      </trkpt>
      <trkpt lat="59.437215" lon="24.747767">
        <ele>20.6</ele>
        <time>2026-08-19T15:46:42Z</time>
      </trkpt>
      <trkpt lat="59.437215" lon="24.747767">
        <ele>20.6</ele>
        <time>2026-08-19T15:46:43Z</time>
      </trkpt>
      <trkpt lat="59.437215" lon="24.747767">
        <ele>20.6</ele>
        <time>2026-08-19T15:46:44Z</time>
      </trkpt>
      <trkpt lat="59.437226" lon="24.747794">
        <ele>20.6</ele>
        <time>2026-08-19T15:46:45Z</time>
      </trkpt>
      <trkpt lat="59.437227" lon="24.747794">
        <ele>20.6</ele>
        <time>2026-08-19T15:46:46Z</time>
      </trkpt>
      <trkpt lat="59.437222" lon="24.747786">
        <ele>20.6</ele>
        <time>2026-08-19T15:46:47Z</time>
      </trkpt>
      <trkpt lat="59.437222" lon="24.747786">
        <ele>20.6</ele>
        <time>2026-08-19T15:46:48Z</time>
      </trkpt>
      <trkpt lat="59.437222" lon="24.747786">
        <ele>20.6</ele>
        <time>2026-08-19T15:46:49Z</time>
      </trkpt>
      <trkpt lat="59.437222" lon="24.747786">
        <ele>20.6</ele>
        <time>2026-08-19T15:46:50Z</time>
      </trkpt>
      <trkpt lat="59.437222" lon="24.747786">
        <ele>20.6</ele>
        <time>2026-08-19T15:46:51Z</time>
      </trkpt>
      <trkpt lat="59.437226" lon="24.747781">
        <ele>20.6</ele>
        <time>2026-08-19T15:46:52Z</time>
      </trkpt>
      <trkpt lat="59.437226" lon="24.747781">
        <ele>20.6</ele>
        <time>2026-08-19T15:46:53Z</time>
      </trkpt>
      <trkpt lat="59.437225" lon="24.747764">
        <ele>20.6</ele>
        <time>2026-08-19T15:46:54Z</time>
      </trkpt>
      <trkpt lat="59.437225" lon="24.747764">
        <ele>20.6</ele>
        <time>2026-08-19T15:46:55Z</time>
      </trkpt>
      <trkpt lat="59.437225" lon="24.747764">
        <ele>20.6</ele>
        <time>2026-08-19T15:46:56Z</time>
      </trkpt>
      <trkpt lat="59.437225" lon="24.747764">
        <ele>20.6</ele>
        <time>2026-08-19T15:46:57Z</time>
      </trkpt>
      <trkpt lat="59.437225" lon="24.747764">
        <ele>20.6</ele>
        <time>2026-08-19T15:46:58Z</time>
      </trkpt>
      <trkpt lat="59.437206" lon="24.747761">
        <ele>20.6</ele>
        <time>2026-08-19T15:46:59Z</time>
      </trkpt>
      <trkpt lat="59.43721" lon="24.747784">
        <ele>20.6</ele>
        <time>2026-08-19T15:47:00Z</time>
      </trkpt>
      <trkpt lat="59.437203" lon="24.747785">
        <ele>20.6</ele>
        <time>2026-08-19T15:47:01Z</time>
      </trkpt>
      <trkpt lat="59.437193" lon="24.747752">
        <ele>20.6</ele>
        <time>2026-08-19T15:47:02Z</time>
      </trkpt>
      <trkpt lat="59.437195" lon="24.747756">
        <ele>20.6</ele>
        <time>2026-08-19T15:47:03Z</time>
      </trkpt>
      <trkpt lat="59.437197" lon="24.74776">
        <ele>20.6</ele>
        <time>2026-08-19T15:47:04Z</time>
      </trkpt>
      <trkpt lat="59.437199" lon="24.747763">
        <ele>20.6</ele>
        <time>2026-08-19T15:47:05Z</time>
      </trkpt>
      <trkpt lat="59.437202" lon="24.747767">
        <ele>20.6</ele>
        <time>2026-08-19T15:47:06Z</time>
      </trkpt>
      <trkpt lat="59.437204" lon="24.747771">
        <ele>20.6</ele>
        <time>2026-08-19T15:47:07Z</time>
      </trkpt>
      <trkpt lat="59.437206" lon="24.747775">
        <ele>20.6</ele>
        <time>2026-08-19T15:47:08Z</time>
      </trkpt>
      <trkpt lat="59.437208" lon="24.747779">
        <ele>20.6</ele>
        <time>2026-08-19T15:47:09Z</time>
      </trkpt>
      <trkpt lat="59.43721" lon="24.747782">
        <ele>20.6</ele>
        <time>2026-08-19T15:47:10Z</time>
      </trkpt>
      <trkpt lat="59.437212" lon="24.747786">
        <ele>20.6</ele>
        <time>2026-08-19T15:47:11Z</time>
      </trkpt>
      <trkpt lat="59.437214" lon="24.74779">
        <ele>20.6</ele>
        <time>2026-08-19T15:47:12Z</time>
      </trkpt>
      <trkpt lat="59.437216" lon="24.747794">
        <ele>20.6</ele>
        <time>2026-08-19T15:47:13Z</time>
      </trkpt>
      <trkpt lat="59.437219" lon="24.747797">
        <ele>20.6</ele>
        <time>2026-08-19T15:47:14Z</time>
      </trkpt>
      <trkpt lat="59.437221" lon="24.747801">
        <ele>20.6</ele>
        <time>2026-08-19T15:47:15Z</time>
      </trkpt>
      <trkpt lat="59.437223" lon="24.747805">
        <ele>20.6</ele>
        <time>2026-08-19T15:47:16Z</time>
      </trkpt>
      <trkpt lat="59.437225" lon="24.747809">
        <ele>20.6</ele>
        <time>2026-08-19T15:47:17Z</time>
      </trkpt>
      <trkpt lat="59.437227" lon="24.747813">
        <ele>20.6</ele>
        <time>2026-08-19T15:47:18Z</time>
      </trkpt>
      <trkpt lat="59.437229" lon="24.747816">
        <ele>20.6</ele>
        <time>2026-08-19T15:47:19Z</time>
      </trkpt>
      <trkpt lat="59.437231" lon="24.74782">
        <ele>20.6</ele>
        <time>2026-08-19T15:47:20Z</time>
      </trkpt>
      <trkpt lat="59.437233" lon="24.747824">
        <ele>20.6</ele>
        <time>2026-08-19T15:47:21Z</time>
      </trkpt>
      <trkpt lat="59.437236" lon="24.747828">
        <ele>20.6</ele>
        <time>2026-08-19T15:47:22Z</time>
      </trkpt>
      <trkpt lat="59.437238" lon="24.747832">
        <ele>20.6</ele>
        <time>2026-08-19T15:47:23Z</time>
      </trkpt>
      <trkpt lat="59.43724" lon="24.747835">
        <ele>20.6</ele>
        <time>2026-08-19T15:47:24Z</time>
      </trkpt>
      <trkpt lat="59.437242" lon="24.747839">
        <ele>20.6</ele>
        <time>2026-08-19T15:47:25Z</time>
      </trkpt>
      <trkpt lat="59.437244" lon="24.747843">
        <ele>20.6</ele>
        <time>2026-08-19T15:47:26Z</time>
      </trkpt>
      <trkpt lat="59.437244" lon="24.747844">
        <ele>20.6</ele>
        <time>2026-08-19T15:47:27Z</time>
      </trkpt>
      <trkpt lat="59.437244" lon="24.747844">
        <ele>20.6</ele>
        <time>2026-08-19T15:47:28Z</time>
      </trkpt>
      <trkpt lat="59.437244" lon="24.747844">
        <ele>20.6</ele>
        <time>2026-08-19T15:47:29Z</time>
      </trkpt>
      <trkpt lat="59.437244" lon="24.747844">
        <ele>20.6</ele>
        <time>2026-08-19T15:47:30Z</time>
      </trkpt>
      <trkpt lat="59.437244" lon="24.747844">
        <ele>20.6</ele>
        <time>2026-08-19T15:47:31Z</time>
      </trkpt>
      <trkpt lat="59.437244" lon="24.747844">
        <ele>20.6</ele>
        <time>2026-08-19T15:47:32Z</time>
      </trkpt>
      <trkpt lat="59.437244" lon="24.747844">
        <ele>20.6</ele>
        <time>2026-08-19T15:47:33Z</time>
      </trkpt>
      <trkpt lat="59.437224" lon="24.747792">
        <ele>20.6</ele>
        <time>2026-08-19T15:47:34Z</time>
      </trkpt>
      <trkpt lat="59.437224" lon="24.747792">
        <ele>20.6</ele>
        <time>2026-08-19T15:47:35Z</time>
      </trkpt>
      <trkpt lat="59.437205" lon="24.747773">
        <ele>20.6</ele>
        <time>2026-08-19T15:47:36Z</time>
      </trkpt>
      <trkpt lat="59.437205" lon="24.747773">
        <ele>20.6</ele>
        <time>2026-08-19T15:47:37Z</time>
      </trkpt>
      <trkpt lat="59.437205" lon="24.747773">
        <ele>20.6</ele>
        <time>2026-08-19T15:47:38Z</time>
      </trkpt>
      <trkpt lat="59.437205" lon="24.747773">
        <ele>20.6</ele>
        <time>2026-08-19T15:47:39Z</time>
      </trkpt>
      <trkpt lat="59.437205" lon="24.747773">
        <ele>20.6</ele>
        <time>2026-08-19T15:47:40Z</time>
      </trkpt>
      <trkpt lat="59.437205" lon="24.747773">
        <ele>20.6</ele>
        <time>2026-08-19T15:47:41Z</time>
      </trkpt>
      <trkpt lat="59.4372" lon="24.747761">
        <ele>20.6</ele>
        <time>2026-08-19T15:47:42Z</time>
      </trkpt>
      <trkpt lat="59.4372" lon="24.747761">
        <ele>20.6</ele>
        <time>2026-08-19T15:47:43Z</time>
      </trkpt>
      <trkpt lat="59.4372" lon="24.747761">
        <ele>20.6</ele>
        <time>2026-08-19T15:47:44Z</time>
      </trkpt>
      <trkpt lat="59.4372" lon="24.747761">
        <ele>20.6</ele>
        <time>2026-08-19T15:47:45Z</time>
      </trkpt>
      <trkpt lat="59.4372" lon="24.747761">
        <ele>20.6</ele>
        <time>2026-08-19T15:47:46Z</time>
      </trkpt>
      <trkpt lat="59.4372" lon="24.747761">
        <ele>20.6</ele>
        <time>2026-08-19T15:47:47Z</time>
      </trkpt>
      <trkpt lat="59.4372" lon="24.747761">
        <ele>20.6</ele>
        <time>2026-08-19T15:47:48Z</time>
      </trkpt>
      <trkpt lat="59.4372" lon="24.747761">
        <ele>20.6</ele>
        <time>2026-08-19T15:47:49Z</time>
      </trkpt>
      <trkpt lat="59.4372" lon="24.747761">
        <ele>20.6</ele>
        <time>2026-08-19T15:47:50Z</time>
      </trkpt>
      <trkpt lat="59.4372" lon="24.747761">
        <ele>20.6</ele>
        <time>2026-08-19T15:47:51Z</time>
      </trkpt>
      <trkpt lat="59.4372" lon="24.747761">
        <ele>20.6</ele>
        <time>2026-08-19T15:47:52Z</time>
      </trkpt>
      <trkpt lat="59.4372" lon="24.747761">
        <ele>20.6</ele>
        <time>2026-08-19T15:47:53Z</time>
      </trkpt>
      <trkpt lat="59.4372" lon="24.747761">
        <ele>20.6</ele>
        <time>2026-08-19T15:47:54Z</time>
      </trkpt>
      <trkpt lat="59.4372" lon="24.747761">
        <ele>20.6</ele>
        <time>2026-08-19T15:47:55Z</time>
      </trkpt>
      <trkpt lat="59.4372" lon="24.747761">
        <ele>20.6</ele>
        <time>2026-08-19T15:47:56Z</time>
      </trkpt>
      <trkpt lat="59.437219" lon="24.747771">
        <ele>20.6</ele>
        <time>2026-08-19T15:47:57Z</time>
      </trkpt>
      <trkpt lat="59.437224" lon="24.747785">
        <ele>20.6</ele>
        <time>2026-08-19T15:47:58Z</time>
      </trkpt>
      <trkpt lat="59.437225" lon="24.747791">
        <ele>20.6</ele>
        <time>2026-08-19T15:47:59Z</time>
      </trkpt>
      <trkpt lat="59.437223" lon="24.747798">
        <ele>20.6</ele>
        <time>2026-08-19T15:48:00Z</time>
      </trkpt>
      <trkpt lat="59.437218" lon="24.747803">
        <ele>20.6</ele>
        <time>2026-08-19T15:48:01Z</time>
      </trkpt>
      <trkpt lat="59.437209" lon="24.747799">
        <ele>20.6</ele>
        <time>2026-08-19T15:48:02Z</time>
      </trkpt>
      <trkpt lat="59.437213" lon="24.747807">
        <ele>20.6</ele>
        <time>2026-08-19T15:48:03Z</time>
      </trkpt>
      <trkpt lat="59.437212" lon="24.747801">
        <ele>20.6</ele>
        <time>2026-08-19T15:48:04Z</time>
      </trkpt>
      <trkpt lat="59.437219" lon="24.7478">
        <ele>20.7</ele>
        <time>2026-08-19T15:48:05Z</time>
      </trkpt>
      <trkpt lat="59.437219" lon="24.7478">
        <ele>20.7</ele>
        <time>2026-08-19T15:48:06Z</time>
      </trkpt>
      <trkpt lat="59.437219" lon="24.7478">
        <ele>20.7</ele>
        <time>2026-08-19T15:48:07Z</time>
      </trkpt>
      <trkpt lat="59.437219" lon="24.7478">
        <ele>20.7</ele>
        <time>2026-08-19T15:48:08Z</time>
      </trkpt>
      <trkpt lat="59.437206" lon="24.747772">
        <ele>20.7</ele>
        <time>2026-08-19T15:48:09Z</time>
      </trkpt>
      <trkpt lat="59.437207" lon="24.747774">
        <ele>20.7</ele>
        <time>2026-08-19T15:48:10Z</time>
      </trkpt>
      <trkpt lat="59.437207" lon="24.747774">
        <ele>20.7</ele>
        <time>2026-08-19T15:48:11Z</time>
      </trkpt>
      <trkpt lat="59.437207" lon="24.747774">
        <ele>20.7</ele>
        <time>2026-08-19T15:48:12Z</time>
      </trkpt>
      <trkpt lat="59.437207" lon="24.747774">
        <ele>20.7</ele>
        <time>2026-08-19T15:48:13Z</time>
      </trkpt>
      <trkpt lat="59.437207" lon="24.747774">
        <ele>20.7</ele>
        <time>2026-08-19T15:48:14Z</time>
      </trkpt>
      <trkpt lat="59.437211" lon="24.747773">
        <ele>20.7</ele>
        <time>2026-08-19T15:48:15Z</time>
      </trkpt>
      <trkpt lat="59.43722" lon="24.747779">
        <ele>20.7</ele>
        <time>2026-08-19T15:48:16Z</time>
      </trkpt>
      <trkpt lat="59.43722" lon="24.74778">
        <ele>20.7</ele>
        <time>2026-08-19T15:48:17Z</time>
      </trkpt>
      <trkpt lat="59.43722" lon="24.747778">
        <ele>20.7</ele>
        <time>2026-08-19T15:48:18Z</time>
      </trkpt>
      <trkpt lat="59.437214" lon="24.747764">
        <ele>20.7</ele>
        <time>2026-08-19T15:48:19Z</time>
      </trkpt>
      <trkpt lat="59.437214" lon="24.747766">
        <ele>20.7</ele>
        <time>2026-08-19T15:48:20Z</time>
      </trkpt>
      <trkpt lat="59.437214" lon="24.747766">
        <ele>20.7</ele>
        <time>2026-08-19T15:48:21Z</time>
      </trkpt>
      <trkpt lat="59.437214" lon="24.747766">
        <ele>20.7</ele>
        <time>2026-08-19T15:48:22Z</time>
      </trkpt>
      <trkpt lat="59.437214" lon="24.747766">
        <ele>20.7</ele>
        <time>2026-08-19T15:48:23Z</time>
      </trkpt>
      <trkpt lat="59.437214" lon="24.747766">
        <ele>20.7</ele>
        <time>2026-08-19T15:48:24Z</time>
      </trkpt>
      <trkpt lat="59.437214" lon="24.747766">
        <ele>20.7</ele>
        <time>2026-08-19T15:48:25Z</time>
      </trkpt>
      <trkpt lat="59.437214" lon="24.747766">
        <ele>20.7</ele>
        <time>2026-08-19T15:48:26Z</time>
      </trkpt>
      <trkpt lat="59.437229" lon="24.747786">
        <ele>20.7</ele>
        <time>2026-08-19T15:48:27Z</time>
      </trkpt>
      <trkpt lat="59.437234" lon="24.747788">
        <ele>20.7</ele>
        <time>2026-08-19T15:48:28Z</time>
      </trkpt>
      <trkpt lat="59.437234" lon="24.747788">
        <ele>20.7</ele>
        <time>2026-08-19T15:48:29Z</time>
      </trkpt>
      <trkpt lat="59.437234" lon="24.747788">
        <ele>20.7</ele>
        <time>2026-08-19T15:48:30Z</time>
      </trkpt>
      <trkpt lat="59.437234" lon="24.747788">
        <ele>20.7</ele>
        <time>2026-08-19T15:48:31Z</time>
      </trkpt>
      <trkpt lat="59.437234" lon="24.747788">
        <ele>20.7</ele>
        <time>2026-08-19T15:48:32Z</time>
      </trkpt>
      <trkpt lat="59.437234" lon="24.747788">
        <ele>20.7</ele>
        <time>2026-08-19T15:48:33Z</time>
      </trkpt>
      <trkpt lat="59.437234" lon="24.747788">
        <ele>20.7</ele>
        <time>2026-08-19T15:48:34Z</time>
      </trkpt>
      <trkpt lat="59.437234" lon="24.747788">
        <ele>20.7</ele>
        <time>2026-08-19T15:48:35Z</time>
      </trkpt>
      <trkpt lat="59.437234" lon="24.747788">
        <ele>20.7</ele>
        <time>2026-08-19T15:48:36Z</time>
      </trkpt>
      <trkpt lat="59.437234" lon="24.747788">
        <ele>20.7</ele>
        <time>2026-08-19T15:48:37Z</time>
      </trkpt>
      <trkpt lat="59.437222" lon="24.747787">
        <ele>20.7</ele>
        <time>2026-08-19T15:48:38Z</time>
      </trkpt>
      <trkpt lat="59.437223" lon="24.747788">
        <ele>20.7</ele>
        <time>2026-08-19T15:48:39Z</time>
      </trkpt>
      <trkpt lat="59.437223" lon="24.747788">
        <ele>20.7</ele>
        <time>2026-08-19T15:48:40Z</time>
      </trkpt>
      <trkpt lat="59.437223" lon="24.747788">
        <ele>20.7</ele>
        <time>2026-08-19T15:48:41Z</time>
      </trkpt>
      <trkpt lat="59.437222" lon="24.7478">
        <ele>20.7</ele>
        <time>2026-08-19T15:48:42Z</time>
      </trkpt>
      <trkpt lat="59.437221" lon="24.747795">
        <ele>20.7</ele>
        <time>2026-08-19T15:48:43Z</time>
      </trkpt>
      <trkpt lat="59.437214" lon="24.747782">
        <ele>20.7</ele>
        <time>2026-08-19T15:48:44Z</time>
      </trkpt>
      <trkpt lat="59.437206" lon="24.747778">
        <ele>20.7</ele>
        <time>2026-08-19T15:48:45Z</time>
      </trkpt>
      <trkpt lat="59.437199" lon="24.747759">
        <ele>20.7</ele>
        <time>2026-08-19T15:48:46Z</time>
      </trkpt>
      <trkpt lat="59.437198" lon="24.747752">
        <ele>20.7</ele>
        <time>2026-08-19T15:48:47Z</time>
      </trkpt>
      <trkpt lat="59.437207" lon="24.74776">
        <ele>20.7</ele>
        <time>2026-08-19T15:48:48Z</time>
      </trkpt>
      <trkpt lat="59.437213" lon="24.747774">
        <ele>20.7</ele>
        <time>2026-08-19T15:48:49Z</time>
      </trkpt>
      <trkpt lat="59.437223" lon="24.747783">
        <ele>20.7</ele>
        <time>2026-08-19T15:48:50Z</time>
      </trkpt>
      <trkpt lat="59.437238" lon="24.747783">
        <ele>20.7</ele>
        <time>2026-08-19T15:48:51Z</time>
      </trkpt>
      <trkpt lat="59.437238" lon="24.747783">
        <ele>20.7</ele>
        <time>2026-08-19T15:48:52Z</time>
      </trkpt>
      <trkpt lat="59.437224" lon="24.747796">
        <ele>20.7</ele>
        <time>2026-08-19T15:48:53Z</time>
      </trkpt>
      <trkpt lat="59.437226" lon="24.747795">
        <ele>20.7</ele>
        <time>2026-08-19T15:48:54Z</time>
      </trkpt>
      <trkpt lat="59.43723" lon="24.747795">
        <ele>20.7</ele>
        <time>2026-08-19T15:48:55Z</time>
      </trkpt>
      <trkpt lat="59.43723" lon="24.747795">
        <ele>20.7</ele>
        <time>2026-08-19T15:48:56Z</time>
      </trkpt>
      <trkpt lat="59.437225" lon="24.747778">
        <ele>20.7</ele>
        <time>2026-08-19T15:48:57Z</time>
      </trkpt>
      <trkpt lat="59.437225" lon="24.747774">
        <ele>20.7</ele>
        <time>2026-08-19T15:48:58Z</time>
      </trkpt>
      <trkpt lat="59.437228" lon="24.747788">
        <ele>20.7</ele>
        <time>2026-08-19T15:48:59Z</time>
      </trkpt>
      <trkpt lat="59.437228" lon="24.747788">
        <ele>20.7</ele>
        <time>2026-08-19T15:49:00Z</time>
      </trkpt>
      <trkpt lat="59.437228" lon="24.747788">
        <ele>20.7</ele>
        <time>2026-08-19T15:49:01Z</time>
      </trkpt>
      <trkpt lat="59.437223" lon="24.747786">
        <ele>20.7</ele>
        <time>2026-08-19T15:49:02Z</time>
      </trkpt>
      <trkpt lat="59.437224" lon="24.747786">
        <ele>20.7</ele>
        <time>2026-08-19T15:49:03Z</time>
      </trkpt>
      <trkpt lat="59.437224" lon="24.747786">
        <ele>20.7</ele>
        <time>2026-08-19T15:49:04Z</time>
      </trkpt>
      <trkpt lat="59.437224" lon="24.747786">
        <ele>20.7</ele>
        <time>2026-08-19T15:49:05Z</time>
      </trkpt>
      <trkpt lat="59.437232" lon="24.747805">
        <ele>20.7</ele>
        <time>2026-08-19T15:49:06Z</time>
      </trkpt>
      <trkpt lat="59.437232" lon="24.747808">
        <ele>20.7</ele>
        <time>2026-08-19T15:49:07Z</time>
      </trkpt>
      <trkpt lat="59.437232" lon="24.747808">
        <ele>20.7</ele>
        <time>2026-08-19T15:49:08Z</time>
      </trkpt>
      <trkpt lat="59.437232" lon="24.747808">
        <ele>20.7</ele>
        <time>2026-08-19T15:49:09Z</time>
      </trkpt>
      <trkpt lat="59.437232" lon="24.747808">
        <ele>20.7</ele>
        <time>2026-08-19T15:49:10Z</time>
      </trkpt>
      <trkpt lat="59.437232" lon="24.747808">
        <ele>20.7</ele>
        <time>2026-08-19T15:49:11Z</time>
      </trkpt>
      <trkpt lat="59.437223" lon="24.74779">
        <ele>20.7</ele>
        <time>2026-08-19T15:49:12Z</time>
      </trkpt>
      <trkpt lat="59.43722" lon="24.747786">
        <ele>20.7</ele>
        <time>2026-08-19T15:49:13Z</time>
      </trkpt>
      <trkpt lat="59.437218" lon="24.747786">
        <ele>20.7</ele>
        <time>2026-08-19T15:49:14Z</time>
      </trkpt>
      <trkpt lat="59.437218" lon="24.747787">
        <ele>20.7</ele>
        <time>2026-08-19T15:49:15Z</time>
      </trkpt>
      <trkpt lat="59.437218" lon="24.747787">
        <ele>20.7</ele>
        <time>2026-08-19T15:49:16Z</time>
      </trkpt>
      <trkpt lat="59.437218" lon="24.747787">
        <ele>20.7</ele>
        <time>2026-08-19T15:49:17Z</time>
      </trkpt>
      <trkpt lat="59.437218" lon="24.747787">
        <ele>20.7</ele>
        <time>2026-08-19T15:49:18Z</time>
      </trkpt>
      <trkpt lat="59.437218" lon="24.747787">
        <ele>20.7</ele>
        <time>2026-08-19T15:49:19Z</time>
      </trkpt>
      <trkpt lat="59.437206" lon="24.747791">
        <ele>20.7</ele>
        <time>2026-08-19T15:49:20Z</time>
      </trkpt>
      <trkpt lat="59.437204" lon="24.747793">
        <ele>20.7</ele>
        <time>2026-08-19T15:49:21Z</time>
      </trkpt>
      <trkpt lat="59.437204" lon="24.747789">
        <ele>20.7</ele>
        <time>2026-08-19T15:49:22Z</time>
      </trkpt>
      <trkpt lat="59.437206" lon="24.747792">
        <ele>20.7</ele>
        <time>2026-08-19T15:49:23Z</time>
      </trkpt>
      <trkpt lat="59.437212" lon="24.747798">
        <ele>20.7</ele>
        <time>2026-08-19T15:49:24Z</time>
      </trkpt>
      <trkpt lat="59.437209" lon="24.747792">
        <ele>20.7</ele>
        <time>2026-08-19T15:49:25Z</time>
      </trkpt>
      <trkpt lat="59.437211" lon="24.74779">
        <ele>20.7</ele>
        <time>2026-08-19T15:49:26Z</time>
      </trkpt>
      <trkpt lat="59.437212" lon="24.747794">
        <ele>20.7</ele>
        <time>2026-08-19T15:49:27Z</time>
      </trkpt>
      <trkpt lat="59.437223" lon="24.747818">
        <ele>20.7</ele>
        <time>2026-08-19T15:49:28Z</time>
      </trkpt>
      <trkpt lat="59.437225" lon="24.747819">
        <ele>20.7</ele>
        <time>2026-08-19T15:49:29Z</time>
      </trkpt>
      <trkpt lat="59.437226" lon="24.747818">
        <ele>20.7</ele>
        <time>2026-08-19T15:49:30Z</time>
      </trkpt>
      <trkpt lat="59.437229" lon="24.747812">
        <ele>20.7</ele>
        <time>2026-08-19T15:49:31Z</time>
      </trkpt>
      <trkpt lat="59.437229" lon="24.74781">
        <ele>20.7</ele>
        <time>2026-08-19T15:49:32Z</time>
      </trkpt>
      <trkpt lat="59.437229" lon="24.74781">
        <ele>20.7</ele>
        <time>2026-08-19T15:49:33Z</time>
      </trkpt>
      <trkpt lat="59.437229" lon="24.74781">
        <ele>20.7</ele>
        <time>2026-08-19T15:49:34Z</time>
      </trkpt>
      <trkpt lat="59.437229" lon="24.74781">
        <ele>20.7</ele>
        <time>2026-08-19T15:49:35Z</time>
      </trkpt>
      <trkpt lat="59.437229" lon="24.74781">
        <ele>20.7</ele>
        <time>2026-08-19T15:49:36Z</time>
      </trkpt>
      <trkpt lat="59.437229" lon="24.74781">
        <ele>20.7</ele>
        <time>2026-08-19T15:49:37Z</time>
      </trkpt>
      <trkpt lat="59.437229" lon="24.74781">
        <ele>20.7</ele>
        <time>2026-08-19T15:49:38Z</time>
      </trkpt>
      <trkpt lat="59.437229" lon="24.74781">
        <ele>20.7</ele>
        <time>2026-08-19T15:49:39Z</time>
      </trkpt>
      <trkpt lat="59.437207" lon="24.7478">
        <ele>20.7</ele>
        <time>2026-08-19T15:49:40Z</time>
      </trkpt>
      <trkpt lat="59.437212" lon="24.747811">
        <ele>20.7</ele>
        <time>2026-08-19T15:49:41Z</time>
      </trkpt>
      <trkpt lat="59.437212" lon="24.747823">
        <ele>20.7</ele>
        <time>2026-08-19T15:49:42Z</time>
      </trkpt>
      <trkpt lat="59.437203" lon="24.747814">
        <ele>20.7</ele>
        <time>2026-08-19T15:49:43Z</time>
      </trkpt>
      <trkpt lat="59.437203" lon="24.747814">
        <ele>20.7</ele>
        <time>2026-08-19T15:49:44Z</time>
      </trkpt>
      <trkpt lat="59.437203" lon="24.747814">
        <ele>20.7</ele>
        <time>2026-08-19T15:49:45Z</time>
      </trkpt>
      <trkpt lat="59.437203" lon="24.747814">
        <ele>20.7</ele>
        <time>2026-08-19T15:49:46Z</time>
      </trkpt>
      <trkpt lat="59.437197" lon="24.747798">
        <ele>20.7</ele>
        <time>2026-08-19T15:49:47Z</time>
      </trkpt>
      <trkpt lat="59.437189" lon="24.747777">
        <ele>20.7</ele>
        <time>2026-08-19T15:49:48Z</time>
      </trkpt>
      <trkpt lat="59.43719" lon="24.747775">
        <ele>20.7</ele>
        <time>2026-08-19T15:49:49Z</time>
      </trkpt>
      <trkpt lat="59.437189" lon="24.747784">
        <ele>20.7</ele>
        <time>2026-08-19T15:49:50Z</time>
      </trkpt>
      <trkpt lat="59.437189" lon="24.747784">
        <ele>20.7</ele>
        <time>2026-08-19T15:49:51Z</time>
      </trkpt>
      <trkpt lat="59.437189" lon="24.747784">
        <ele>20.7</ele>
        <time>2026-08-19T15:49:52Z</time>
      </trkpt>
      <trkpt lat="59.437186" lon="24.747777">
        <ele>20.7</ele>
        <time>2026-08-19T15:49:53Z</time>
      </trkpt>
      <trkpt lat="59.437186" lon="24.747756">
        <ele>20.7</ele>
        <time>2026-08-19T15:49:54Z</time>
      </trkpt>
      <trkpt lat="59.437186" lon="24.747749">
        <ele>20.7</ele>
        <time>2026-08-19T15:49:55Z</time>
      </trkpt>
      <trkpt lat="59.437182" lon="24.747742">
        <ele>20.7</ele>
        <time>2026-08-19T15:49:56Z</time>
      </trkpt>
      <trkpt lat="59.437187" lon="24.747738">
        <ele>20.7</ele>
        <time>2026-08-19T15:49:57Z</time>
      </trkpt>
      <trkpt lat="59.437195" lon="24.747747">
        <ele>20.7</ele>
        <time>2026-08-19T15:49:58Z</time>
      </trkpt>
      <trkpt lat="59.437194" lon="24.747744">
        <ele>20.7</ele>
        <time>2026-08-19T15:49:59Z</time>
      </trkpt>
      <trkpt lat="59.437194" lon="24.747744">
        <ele>20.7</ele>
        <time>2026-08-19T15:50:00Z</time>
      </trkpt>
      <trkpt lat="59.437194" lon="24.747744">
        <ele>20.7</ele>
        <time>2026-08-19T15:50:01Z</time>
      </trkpt>
      <trkpt lat="59.437209" lon="24.747747">
        <ele>20.7</ele>
        <time>2026-08-19T15:50:02Z</time>
      </trkpt>
      <trkpt lat="59.43721" lon="24.747749">
        <ele>20.7</ele>
        <time>2026-08-19T15:50:03Z</time>
      </trkpt>
      <trkpt lat="59.437217" lon="24.74776">
        <ele>20.7</ele>
        <time>2026-08-19T15:50:04Z</time>
      </trkpt>
      <trkpt lat="59.437221" lon="24.747775">
        <ele>20.7</ele>
        <time>2026-08-19T15:50:05Z</time>
      </trkpt>
      <trkpt lat="59.437219" lon="24.747802">
        <ele>20.7</ele>
        <time>2026-08-19T15:50:06Z</time>
      </trkpt>
      <trkpt lat="59.437209" lon="24.747781">
        <ele>20.7</ele>
        <time>2026-08-19T15:50:07Z</time>
      </trkpt>
      <trkpt lat="59.437209" lon="24.747781">
        <ele>20.7</ele>
        <time>2026-08-19T15:50:08Z</time>
      </trkpt>
      <trkpt lat="59.437209" lon="24.747781">
        <ele>20.7</ele>
        <time>2026-08-19T15:50:09Z</time>
      </trkpt>
      <trkpt lat="59.437209" lon="24.747781">
        <ele>20.7</ele>
        <time>2026-08-19T15:50:10Z</time>
      </trkpt>
      <trkpt lat="59.437209" lon="24.747781">
        <ele>20.7</ele>
        <time>2026-08-19T15:50:11Z</time>
      </trkpt>
      <trkpt lat="59.437209" lon="24.747781">
        <ele>20.7</ele>
        <time>2026-08-19T15:50:12Z</time>
      </trkpt>
      <trkpt lat="59.437205" lon="24.747775">
        <ele>20.7</ele>
        <time>2026-08-19T15:50:13Z</time>
      </trkpt>
      <trkpt lat="59.437205" lon="24.747773">
        <ele>20.7</ele>
        <time>2026-08-19T15:50:14Z</time>
      </trkpt>
      <trkpt lat="59.437205" lon="24.747773">
        <ele>20.7</ele>
        <time>2026-08-19T15:50:15Z</time>
      </trkpt>
      <trkpt lat="59.437205" lon="24.747773">
        <ele>20.7</ele>
        <time>2026-08-19T15:50:16Z</time>
      </trkpt>
      <trkpt lat="59.437205" lon="24.747773">
        <ele>20.7</ele>
        <time>2026-08-19T15:50:17Z</time>
      </trkpt>
      <trkpt lat="59.437192" lon="24.747743">
        <ele>20.7</ele>
        <time>2026-08-19T15:50:18Z</time>
      </trkpt>
      <trkpt lat="59.437185" lon="24.747746">
        <ele>20.7</ele>
        <time>2026-08-19T15:50:19Z</time>
      </trkpt>
      <trkpt lat="59.437185" lon="24.747746">
        <ele>20.7</ele>
        <time>2026-08-19T15:50:20Z</time>
      </trkpt>
      <trkpt lat="59.437185" lon="24.747746">
        <ele>20.7</ele>
        <time>2026-08-19T15:50:21Z</time>
      </trkpt>
      <trkpt lat="59.437185" lon="24.747746">
        <ele>20.7</ele>
        <time>2026-08-19T15:50:22Z</time>
      </trkpt>
      <trkpt lat="59.437185" lon="24.747746">
        <ele>20.7</ele>
        <time>2026-08-19T15:50:23Z</time>
      </trkpt>
      <trkpt lat="59.437185" lon="24.747746">
        <ele>20.7</ele>
        <time>2026-08-19T15:50:24Z</time>
      </trkpt>
      <trkpt lat="59.437185" lon="24.747746">
        <ele>20.7</ele>
        <time>2026-08-19T15:50:25Z</time>
      </trkpt>
      <trkpt lat="59.437185" lon="24.747746">
        <ele>20.7</ele>
        <time>2026-08-19T15:50:26Z</time>
      </trkpt>
      <trkpt lat="59.437185" lon="24.747746">
        <ele>20.7</ele>
        <time>2026-08-19T15:50:27Z</time>
      </trkpt>
      <trkpt lat="59.437187" lon="24.747773">
        <ele>20.7</ele>
        <time>2026-08-19T15:50:28Z</time>
      </trkpt>
      <trkpt lat="59.437189" lon="24.747775">
        <ele>20.7</ele>
        <time>2026-08-19T15:50:29Z</time>
      </trkpt>
      <trkpt lat="59.437189" lon="24.747775">
        <ele>20.7</ele>
        <time>2026-08-19T15:50:30Z</time>
      </trkpt>
      <trkpt lat="59.437192" lon="24.747779">
        <ele>20.7</ele>
        <time>2026-08-19T15:50:31Z</time>
      </trkpt>
      <trkpt lat="59.437192" lon="24.747779">
        <ele>20.7</ele>
        <time>2026-08-19T15:50:32Z</time>
      </trkpt>
      <trkpt lat="59.437192" lon="24.747779">
        <ele>20.7</ele>
        <time>2026-08-19T15:50:33Z</time>
      </trkpt>
      <trkpt lat="59.437192" lon="24.747779">
        <ele>20.7</ele>
        <time>2026-08-19T15:50:34Z</time>
      </trkpt>
      <trkpt lat="59.437192" lon="24.747779">
        <ele>20.7</ele>
        <time>2026-08-19T15:50:35Z</time>
      </trkpt>
      <trkpt lat="59.437192" lon="24.747779">
        <ele>20.7</ele>
        <time>2026-08-19T15:50:36Z</time>
      </trkpt>
      <trkpt lat="59.437192" lon="24.747779">
        <ele>20.7</ele>
        <time>2026-08-19T15:50:37Z</time>
      </trkpt>
      <trkpt lat="59.437192" lon="24.747779">
        <ele>20.7</ele>
        <time>2026-08-19T15:50:38Z</time>
      </trkpt>
      <trkpt lat="59.437192" lon="24.747779">
        <ele>20.7</ele>
        <time>2026-08-19T15:50:39Z</time>
      </trkpt>
      <trkpt lat="59.437192" lon="24.747779">
        <ele>20.7</ele>
        <time>2026-08-19T15:50:40Z</time>
      </trkpt>
      <trkpt lat="59.437192" lon="24.747779">
        <ele>20.7</ele>
        <time>2026-08-19T15:50:41Z</time>
      </trkpt>
      <trkpt lat="59.43719" lon="24.74775">
        <ele>20.7</ele>
        <time>2026-08-19T15:50:42Z</time>
      </trkpt>
      <trkpt lat="59.437187" lon="24.747748">
        <ele>20.7</ele>
        <time>2026-08-19T15:50:43Z</time>
      </trkpt>
      <trkpt lat="59.437187" lon="24.747748">
        <ele>20.7</ele>
        <time>2026-08-19T15:50:44Z</time>
      </trkpt>
      <trkpt lat="59.437187" lon="24.747748">
        <ele>20.7</ele>
        <time>2026-08-19T15:50:45Z</time>
      </trkpt>
      <trkpt lat="59.437187" lon="24.747748">
        <ele>20.7</ele>
        <time>2026-08-19T15:50:46Z</time>
      </trkpt>
      <trkpt lat="59.437187" lon="24.747748">
        <ele>20.7</ele>
        <time>2026-08-19T15:50:47Z</time>
      </trkpt>
      <trkpt lat="59.437174" lon="24.747743">
        <ele>20.7</ele>
        <time>2026-08-19T15:50:48Z</time>
      </trkpt>
      <trkpt lat="59.437174" lon="24.747744">
        <ele>20.7</ele>
        <time>2026-08-19T15:50:49Z</time>
      </trkpt>
      <trkpt lat="59.43717" lon="24.747746">
        <ele>20.7</ele>
        <time>2026-08-19T15:50:50Z</time>
      </trkpt>
      <trkpt lat="59.437172" lon="24.747751">
        <ele>20.7</ele>
        <time>2026-08-19T15:50:51Z</time>
      </trkpt>
      <trkpt lat="59.437172" lon="24.747751">
        <ele>20.7</ele>
        <time>2026-08-19T15:50:52Z</time>
      </trkpt>
      <trkpt lat="59.437172" lon="24.747751">
        <ele>20.7</ele>
        <time>2026-08-19T15:50:53Z</time>
      </trkpt>
      <trkpt lat="59.437172" lon="24.747751">
        <ele>20.7</ele>
        <time>2026-08-19T15:50:54Z</time>
      </trkpt>
      <trkpt lat="59.437172" lon="24.747751">
        <ele>20.7</ele>
        <time>2026-08-19T15:50:55Z</time>
      </trkpt>
      <trkpt lat="59.437172" lon="24.747751">
        <ele>20.7</ele>
        <time>2026-08-19T15:50:56Z</time>
      </trkpt>
      <trkpt lat="59.437169" lon="24.747738">
        <ele>20.7</ele>
        <time>2026-08-19T15:50:57Z</time>
      </trkpt>
      <trkpt lat="59.437169" lon="24.747737">
        <ele>20.7</ele>
        <time>2026-08-19T15:50:58Z</time>
      </trkpt>
      <trkpt lat="59.437169" lon="24.747737">
        <ele>20.7</ele>
        <time>2026-08-19T15:50:59Z</time>
      </trkpt>
      <trkpt lat="59.437169" lon="24.747737">
        <ele>20.7</ele>
        <time>2026-08-19T15:51:00Z</time>
      </trkpt>
      <trkpt lat="59.437159" lon="24.747724">
        <ele>20.7</ele>
        <time>2026-08-19T15:51:01Z</time>
      </trkpt>
      <trkpt lat="59.437159" lon="24.747724">
        <ele>20.7</ele>
        <time>2026-08-19T15:51:02Z</time>
      </trkpt>
      <trkpt lat="59.437161" lon="24.747722">
        <ele>20.7</ele>
        <time>2026-08-19T15:51:03Z</time>
      </trkpt>
      <trkpt lat="59.437161" lon="24.74772">
        <ele>20.7</ele>
        <time>2026-08-19T15:51:04Z</time>
      </trkpt>
      <trkpt lat="59.437161" lon="24.74772">
        <ele>20.7</ele>
        <time>2026-08-19T15:51:05Z</time>
      </trkpt>
      <trkpt lat="59.43716" lon="24.747718">
        <ele>20.7</ele>
        <time>2026-08-19T15:51:06Z</time>
      </trkpt>
      <trkpt lat="59.43716" lon="24.747716">
        <ele>20.7</ele>
        <time>2026-08-19T15:51:07Z</time>
      </trkpt>
      <trkpt lat="59.43716" lon="24.747716">
        <ele>20.7</ele>
        <time>2026-08-19T15:51:08Z</time>
      </trkpt>
      <trkpt lat="59.43716" lon="24.747716">
        <ele>20.7</ele>
        <time>2026-08-19T15:51:09Z</time>
      </trkpt>
      <trkpt lat="59.43716" lon="24.747716">
        <ele>20.7</ele>
        <time>2026-08-19T15:51:10Z</time>
      </trkpt>
      <trkpt lat="59.437177" lon="24.747728">
        <ele>20.7</ele>
        <time>2026-08-19T15:51:11Z</time>
      </trkpt>
      <trkpt lat="59.437177" lon="24.747728">
        <ele>20.7</ele>
        <time>2026-08-19T15:51:12Z</time>
      </trkpt>
      <trkpt lat="59.437177" lon="24.747728">
        <ele>20.7</ele>
        <time>2026-08-19T15:51:13Z</time>
      </trkpt>
      <trkpt lat="59.437179" lon="24.747728">
        <ele>20.7</ele>
        <time>2026-08-19T15:51:14Z</time>
      </trkpt>
      <trkpt lat="59.437182" lon="24.747728">
        <ele>20.7</ele>
        <time>2026-08-19T15:51:15Z</time>
      </trkpt>
      <trkpt lat="59.437185" lon="24.747732">
        <ele>20.7</ele>
        <time>2026-08-19T15:51:16Z</time>
      </trkpt>
      <trkpt lat="59.437182" lon="24.74773">
        <ele>20.7</ele>
        <time>2026-08-19T15:51:17Z</time>
      </trkpt>
      <trkpt lat="59.437182" lon="24.74773">
        <ele>20.7</ele>
        <time>2026-08-19T15:51:18Z</time>
      </trkpt>
      <trkpt lat="59.437182" lon="24.74773">
        <ele>20.7</ele>
        <time>2026-08-19T15:51:19Z</time>
      </trkpt>
      <trkpt lat="59.437182" lon="24.74773">
        <ele>20.7</ele>
        <time>2026-08-19T15:51:20Z</time>
      </trkpt>
      <trkpt lat="59.437182" lon="24.74773">
        <ele>20.7</ele>
        <time>2026-08-19T15:51:21Z</time>
      </trkpt>
      <trkpt lat="59.437182" lon="24.74773">
        <ele>20.7</ele>
        <time>2026-08-19T15:51:22Z</time>
      </trkpt>
      <trkpt lat="59.437182" lon="24.74773">
        <ele>20.7</ele>
        <time>2026-08-19T15:51:23Z</time>
      </trkpt>
      <trkpt lat="59.437172" lon="24.747738">
        <ele>20.7</ele>
        <time>2026-08-19T15:51:24Z</time>
      </trkpt>
      <trkpt lat="59.437172" lon="24.747742">
        <ele>20.7</ele>
        <time>2026-08-19T15:51:25Z</time>
      </trkpt>
      <trkpt lat="59.43717" lon="24.747744">
        <ele>20.7</ele>
        <time>2026-08-19T15:51:26Z</time>
      </trkpt>
      <trkpt lat="59.43717" lon="24.747744">
        <ele>20.7</ele>
        <time>2026-08-19T15:51:27Z</time>
      </trkpt>
      <trkpt lat="59.437168" lon="24.747745">
        <ele>20.7</ele>
        <time>2026-08-19T15:51:28Z</time>
      </trkpt>
      <trkpt lat="59.437171" lon="24.747746">
        <ele>20.7</ele>
        <time>2026-08-19T15:51:29Z</time>
      </trkpt>
      <trkpt lat="59.437171" lon="24.747745">
        <ele>20.7</ele>
        <time>2026-08-19T15:51:30Z</time>
      </trkpt>
      <trkpt lat="59.43718" lon="24.747751">
        <ele>20.7</ele>
        <time>2026-08-19T15:51:31Z</time>
      </trkpt>
      <trkpt lat="59.437181" lon="24.747752">
        <ele>20.7</ele>
        <time>2026-08-19T15:51:32Z</time>
      </trkpt>
      <trkpt lat="59.437185" lon="24.747758">
        <ele>20.7</ele>
        <time>2026-08-19T15:51:33Z</time>
      </trkpt>
      <trkpt lat="59.437187" lon="24.747756">
        <ele>20.7</ele>
        <time>2026-08-19T15:51:34Z</time>
      </trkpt>
      <trkpt lat="59.437187" lon="24.747756">
        <ele>20.7</ele>
        <time>2026-08-19T15:51:35Z</time>
      </trkpt>
      <trkpt lat="59.437187" lon="24.747756">
        <ele>20.7</ele>
        <time>2026-08-19T15:51:36Z</time>
      </trkpt>
      <trkpt lat="59.437187" lon="24.747756">
        <ele>20.7</ele>
        <time>2026-08-19T15:51:37Z</time>
      </trkpt>
      <trkpt lat="59.437187" lon="24.747756">
        <ele>20.7</ele>
        <time>2026-08-19T15:51:38Z</time>
      </trkpt>
      <trkpt lat="59.437187" lon="24.747756">
        <ele>20.7</ele>
        <time>2026-08-19T15:51:39Z</time>
      </trkpt>
      <trkpt lat="59.437187" lon="24.747756">
        <ele>20.7</ele>
        <time>2026-08-19T15:51:40Z</time>
      </trkpt>
      <trkpt lat="59.437187" lon="24.747756">
        <ele>20.7</ele>
        <time>2026-08-19T15:51:41Z</time>
      </trkpt>
      <trkpt lat="59.43719" lon="24.747794">
        <ele>20.7</ele>
        <time>2026-08-19T15:51:42Z</time>
      </trkpt>
      <trkpt lat="59.437189" lon="24.74779">
        <ele>20.7</ele>
        <time>2026-08-19T15:51:43Z</time>
      </trkpt>
      <trkpt lat="59.437189" lon="24.747785">
        <ele>20.7</ele>
        <time>2026-08-19T15:51:44Z</time>
      </trkpt>
      <trkpt lat="59.437188" lon="24.747783">
        <ele>20.7</ele>
        <time>2026-08-19T15:51:45Z</time>
      </trkpt>
      <trkpt lat="59.437188" lon="24.747783">
        <ele>20.7</ele>
        <time>2026-08-19T15:51:46Z</time>
      </trkpt>
      <trkpt lat="59.4372" lon="24.747794">
        <ele>20.7</ele>
        <time>2026-08-19T15:51:47Z</time>
      </trkpt>
      <trkpt lat="59.4372" lon="24.747794">
        <ele>20.7</ele>
        <time>2026-08-19T15:51:48Z</time>
      </trkpt>
      <trkpt lat="59.437203" lon="24.747788">
        <ele>20.7</ele>
        <time>2026-08-19T15:51:49Z</time>
      </trkpt>
      <trkpt lat="59.437202" lon="24.747788">
        <ele>20.7</ele>
        <time>2026-08-19T15:51:50Z</time>
      </trkpt>
      <trkpt lat="59.437202" lon="24.747788">
        <ele>20.7</ele>
        <time>2026-08-19T15:51:51Z</time>
      </trkpt>
      <trkpt lat="59.437202" lon="24.747788">
        <ele>20.7</ele>
        <time>2026-08-19T15:51:52Z</time>
      </trkpt>
      <trkpt lat="59.437202" lon="24.747788">
        <ele>20.7</ele>
        <time>2026-08-19T15:51:53Z</time>
      </trkpt>
      <trkpt lat="59.437202" lon="24.747788">
        <ele>20.7</ele>
        <time>2026-08-19T15:51:54Z</time>
      </trkpt>
      <trkpt lat="59.437202" lon="24.747788">
        <ele>20.7</ele>
        <time>2026-08-19T15:51:55Z</time>
      </trkpt>
      <trkpt lat="59.437202" lon="24.747788">
        <ele>20.7</ele>
        <time>2026-08-19T15:51:56Z</time>
      </trkpt>
      <trkpt lat="59.437202" lon="24.747788">
        <ele>20.7</ele>
        <time>2026-08-19T15:51:57Z</time>
      </trkpt>
      <trkpt lat="59.437202" lon="24.747788">
        <ele>20.7</ele>
        <time>2026-08-19T15:51:58Z</time>
      </trkpt>
      <trkpt lat="59.437213" lon="24.747767">
        <ele>20.7</ele>
        <time>2026-08-19T15:51:59Z</time>
      </trkpt>
      <trkpt lat="59.437218" lon="24.747773">
        <ele>20.7</ele>
        <time>2026-08-19T15:52:00Z</time>
      </trkpt>
      <trkpt lat="59.437212" lon="24.747771">
        <ele>20.7</ele>
        <time>2026-08-19T15:52:01Z</time>
      </trkpt>
      <trkpt lat="59.437212" lon="24.747771">
        <ele>20.7</ele>
        <time>2026-08-19T15:52:02Z</time>
      </trkpt>
      <trkpt lat="59.437212" lon="24.747771">
        <ele>20.7</ele>
        <time>2026-08-19T15:52:03Z</time>
      </trkpt>
      <trkpt lat="59.437212" lon="24.747771">
        <ele>20.7</ele>
        <time>2026-08-19T15:52:04Z</time>
      </trkpt>
      <trkpt lat="59.437212" lon="24.747771">
        <ele>20.7</ele>
        <time>2026-08-19T15:52:05Z</time>
      </trkpt>
      <trkpt lat="59.437216" lon="24.747769">
        <ele>20.7</ele>
        <time>2026-08-19T15:52:06Z</time>
      </trkpt>
      <trkpt lat="59.437214" lon="24.747765">
        <ele>20.7</ele>
        <time>2026-08-19T15:52:07Z</time>
      </trkpt>
      <trkpt lat="59.437208" lon="24.747763">
        <ele>20.7</ele>
        <time>2026-08-19T15:52:08Z</time>
      </trkpt>
      <trkpt lat="59.437201" lon="24.747761">
        <ele>20.7</ele>
        <time>2026-08-19T15:52:09Z</time>
      </trkpt>
      <trkpt lat="59.4372" lon="24.747768">
        <ele>20.7</ele>
        <time>2026-08-19T15:52:10Z</time>
      </trkpt>
      <trkpt lat="59.437205" lon="24.747772">
        <ele>20.7</ele>
        <time>2026-08-19T15:52:11Z</time>
      </trkpt>
      <trkpt lat="59.437215" lon="24.747784">
        <ele>20.7</ele>
        <time>2026-08-19T15:52:12Z</time>
      </trkpt>
      <trkpt lat="59.437208" lon="24.747776">
        <ele>20.7</ele>
        <time>2026-08-19T15:52:13Z</time>
      </trkpt>
      <trkpt lat="59.437203" lon="24.747765">
        <ele>20.7</ele>
        <time>2026-08-19T15:52:14Z</time>
      </trkpt>
      <trkpt lat="59.437204" lon="24.747763">
        <ele>20.7</ele>
        <time>2026-08-19T15:52:15Z</time>
      </trkpt>
      <trkpt lat="59.437204" lon="24.747763">
        <ele>20.7</ele>
        <time>2026-08-19T15:52:16Z</time>
      </trkpt>
      <trkpt lat="59.437204" lon="24.747763">
        <ele>20.7</ele>
        <time>2026-08-19T15:52:17Z</time>
      </trkpt>
      <trkpt lat="59.437204" lon="24.747763">
        <ele>20.7</ele>
        <time>2026-08-19T15:52:18Z</time>
      </trkpt>
      <trkpt lat="59.437204" lon="24.747763">
        <ele>20.7</ele>
        <time>2026-08-19T15:52:19Z</time>
      </trkpt>
      <trkpt lat="59.437204" lon="24.747763">
        <ele>20.7</ele>
        <time>2026-08-19T15:52:20Z</time>
      </trkpt>
      <trkpt lat="59.437204" lon="24.747763">
        <ele>20.7</ele>
        <time>2026-08-19T15:52:21Z</time>
      </trkpt>
      <trkpt lat="59.437208" lon="24.747763">
        <ele>20.7</ele>
        <time>2026-08-19T15:52:22Z</time>
      </trkpt>
      <trkpt lat="59.437205" lon="24.74776">
        <ele>20.7</ele>
        <time>2026-08-19T15:52:23Z</time>
      </trkpt>
      <trkpt lat="59.437203" lon="24.747756">
        <ele>20.7</ele>
        <time>2026-08-19T15:52:24Z</time>
      </trkpt>
      <trkpt lat="59.437207" lon="24.747759">
        <ele>20.7</ele>
        <time>2026-08-19T15:52:25Z</time>
      </trkpt>
      <trkpt lat="59.437208" lon="24.747763">
        <ele>20.7</ele>
        <time>2026-08-19T15:52:26Z</time>
      </trkpt>
      <trkpt lat="59.437208" lon="24.747762">
        <ele>20.7</ele>
        <time>2026-08-19T15:52:27Z</time>
      </trkpt>
      <trkpt lat="59.437206" lon="24.747765">
        <ele>20.7</ele>
        <time>2026-08-19T15:52:28Z</time>
      </trkpt>
      <trkpt lat="59.437206" lon="24.747764">
        <ele>20.7</ele>
        <time>2026-08-19T15:52:29Z</time>
      </trkpt>
      <trkpt lat="59.437206" lon="24.747764">
        <ele>20.7</ele>
        <time>2026-08-19T15:52:30Z</time>
      </trkpt>
      <trkpt lat="59.437206" lon="24.747766">
        <ele>20.7</ele>
        <time>2026-08-19T15:52:31Z</time>
      </trkpt>
      <trkpt lat="59.437206" lon="24.747766">
        <ele>20.7</ele>
        <time>2026-08-19T15:52:32Z</time>
      </trkpt>
      <trkpt lat="59.437206" lon="24.747766">
        <ele>20.7</ele>
        <time>2026-08-19T15:52:33Z</time>
      </trkpt>
      <trkpt lat="59.437206" lon="24.747766">
        <ele>20.7</ele>
        <time>2026-08-19T15:52:34Z</time>
      </trkpt>
      <trkpt lat="59.437206" lon="24.747766">
        <ele>20.7</ele>
        <time>2026-08-19T15:52:35Z</time>
      </trkpt>
      <trkpt lat="59.437199" lon="24.747773">
        <ele>20.7</ele>
        <time>2026-08-19T15:52:36Z</time>
      </trkpt>
      <trkpt lat="59.437198" lon="24.747769">
        <ele>20.7</ele>
        <time>2026-08-19T15:52:37Z</time>
      </trkpt>
      <trkpt lat="59.437192" lon="24.74777">
        <ele>20.7</ele>
        <time>2026-08-19T15:52:38Z</time>
      </trkpt>
      <trkpt lat="59.437193" lon="24.747778">
        <ele>20.7</ele>
        <time>2026-08-19T15:52:39Z</time>
      </trkpt>
      <trkpt lat="59.437206" lon="24.747772">
        <ele>20.7</ele>
        <time>2026-08-19T15:52:40Z</time>
      </trkpt>
      <trkpt lat="59.437203" lon="24.74777">
        <ele>20.7</ele>
        <time>2026-08-19T15:52:41Z</time>
      </trkpt>
      <trkpt lat="59.43719" lon="24.747768">
        <ele>20.7</ele>
        <time>2026-08-19T15:52:42Z</time>
      </trkpt>
      <trkpt lat="59.437189" lon="24.747768">
        <ele>20.7</ele>
        <time>2026-08-19T15:52:43Z</time>
      </trkpt>
      <trkpt lat="59.437189" lon="24.747768">
        <ele>20.7</ele>
        <time>2026-08-19T15:52:44Z</time>
      </trkpt>
      <trkpt lat="59.437195" lon="24.747774">
        <ele>20.7</ele>
        <time>2026-08-19T15:52:45Z</time>
      </trkpt>
      <trkpt lat="59.437193" lon="24.747773">
        <ele>20.7</ele>
        <time>2026-08-19T15:52:46Z</time>
      </trkpt>
      <trkpt lat="59.437195" lon="24.74777">
        <ele>20.7</ele>
        <time>2026-08-19T15:52:47Z</time>
      </trkpt>
      <trkpt lat="59.437194" lon="24.747771">
        <ele>20.7</ele>
        <time>2026-08-19T15:52:48Z</time>
      </trkpt>
      <trkpt lat="59.437194" lon="24.747771">
        <ele>20.7</ele>
        <time>2026-08-19T15:52:49Z</time>
      </trkpt>
      <trkpt lat="59.43719" lon="24.747765">
        <ele>20.7</ele>
        <time>2026-08-19T15:52:50Z</time>
      </trkpt>
      <trkpt lat="59.43719" lon="24.747765">
        <ele>20.7</ele>
        <time>2026-08-19T15:52:51Z</time>
      </trkpt>
      <trkpt lat="59.43719" lon="24.747765">
        <ele>20.7</ele>
        <time>2026-08-19T15:52:52Z</time>
      </trkpt>
      <trkpt lat="59.43719" lon="24.747765">
        <ele>20.7</ele>
        <time>2026-08-19T15:52:53Z</time>
      </trkpt>
      <trkpt lat="59.43719" lon="24.747765">
        <ele>20.7</ele>
        <time>2026-08-19T15:52:54Z</time>
      </trkpt>
      <trkpt lat="59.43719" lon="24.747765">
        <ele>20.7</ele>
        <time>2026-08-19T15:52:55Z</time>
      </trkpt>
      <trkpt lat="59.43719" lon="24.747765">
        <ele>20.7</ele>
        <time>2026-08-19T15:52:56Z</time>
      </trkpt>
      <trkpt lat="59.43719" lon="24.747765">
        <ele>20.7</ele>
        <time>2026-08-19T15:52:57Z</time>
      </trkpt>
      <trkpt lat="59.437189" lon="24.747771">
        <ele>20.7</ele>
        <time>2026-08-19T15:52:58Z</time>
      </trkpt>
      <trkpt lat="59.437189" lon="24.74777">
        <ele>20.7</ele>
        <time>2026-08-19T15:52:59Z</time>
      </trkpt>
      <trkpt lat="59.437193" lon="24.747766">
        <ele>20.7</ele>
        <time>2026-08-19T15:53:00Z</time>
      </trkpt>
      <trkpt lat="59.437191" lon="24.747755">
        <ele>20.7</ele>
        <time>2026-08-19T15:53:01Z</time>
      </trkpt>
      <trkpt lat="59.437202" lon="24.747753">
        <ele>20.7</ele>
        <time>2026-08-19T15:53:02Z</time>
      </trkpt>
      <trkpt lat="59.437201" lon="24.747752">
        <ele>20.7</ele>
        <time>2026-08-19T15:53:03Z</time>
      </trkpt>
      <trkpt lat="59.437201" lon="24.747752">
        <ele>20.7</ele>
        <time>2026-08-19T15:53:04Z</time>
      </trkpt>
      <trkpt lat="59.437204" lon="24.74775">
        <ele>20.7</ele>
        <time>2026-08-19T15:53:05Z</time>
      </trkpt>
      <trkpt lat="59.4372" lon="24.747743">
        <ele>20.7</ele>
        <time>2026-08-19T15:53:06Z</time>
      </trkpt>
      <trkpt lat="59.437197" lon="24.747733">
        <ele>20.7</ele>
        <time>2026-08-19T15:53:07Z</time>
      </trkpt>
      <trkpt lat="59.437194" lon="24.747733">
        <ele>20.7</ele>
        <time>2026-08-19T15:53:08Z</time>
      </trkpt>
      <trkpt lat="59.437197" lon="24.747745">
        <ele>20.7</ele>
        <time>2026-08-19T15:53:09Z</time>
      </trkpt>
      <trkpt lat="59.437196" lon="24.747745">
        <ele>20.7</ele>
        <time>2026-08-19T15:53:10Z</time>
      </trkpt>
      <trkpt lat="59.437193" lon="24.747731">
        <ele>20.8</ele>
        <time>2026-08-19T15:53:11Z</time>
      </trkpt>
      <trkpt lat="59.437198" lon="24.747739">
        <ele>20.8</ele>
        <time>2026-08-19T15:53:12Z</time>
      </trkpt>
      <trkpt lat="59.437198" lon="24.747741">
        <ele>20.8</ele>
        <time>2026-08-19T15:53:13Z</time>
      </trkpt>
      <trkpt lat="59.437193" lon="24.747735">
        <ele>20.8</ele>
        <time>2026-08-19T15:53:14Z</time>
      </trkpt>
      <trkpt lat="59.437194" lon="24.74774">
        <ele>20.8</ele>
        <time>2026-08-19T15:53:15Z</time>
      </trkpt>
      <trkpt lat="59.437192" lon="24.747744">
        <ele>20.8</ele>
        <time>2026-08-19T15:53:16Z</time>
      </trkpt>
      <trkpt lat="59.437189" lon="24.747741">
        <ele>20.8</ele>
        <time>2026-08-19T15:53:17Z</time>
      </trkpt>
      <trkpt lat="59.437192" lon="24.747743">
        <ele>20.8</ele>
        <time>2026-08-19T15:53:18Z</time>
      </trkpt>
      <trkpt lat="59.437192" lon="24.747743">
        <ele>20.8</ele>
        <time>2026-08-19T15:53:19Z</time>
      </trkpt>
      <trkpt lat="59.437194" lon="24.747751">
        <ele>20.8</ele>
        <time>2026-08-19T15:53:20Z</time>
      </trkpt>
      <trkpt lat="59.437191" lon="24.74775">
        <ele>20.8</ele>
        <time>2026-08-19T15:53:21Z</time>
      </trkpt>
      <trkpt lat="59.437196" lon="24.747756">
        <ele>20.8</ele>
        <time>2026-08-19T15:53:22Z</time>
      </trkpt>
      <trkpt lat="59.437195" lon="24.747767">
        <ele>20.8</ele>
        <time>2026-08-19T15:53:23Z</time>
      </trkpt>
      <trkpt lat="59.437197" lon="24.747783">
        <ele>20.8</ele>
        <time>2026-08-19T15:53:24Z</time>
      </trkpt>
      <trkpt lat="59.437199" lon="24.747798">
        <ele>20.8</ele>
        <time>2026-08-19T15:53:25Z</time>
      </trkpt>
      <trkpt lat="59.437198" lon="24.747799">
        <ele>20.8</ele>
        <time>2026-08-19T15:53:26Z</time>
      </trkpt>
      <trkpt lat="59.437207" lon="24.747809">
        <ele>20.8</ele>
        <time>2026-08-19T15:53:27Z</time>
      </trkpt>
      <trkpt lat="59.437212" lon="24.747812">
        <ele>20.8</ele>
        <time>2026-08-19T15:53:28Z</time>
      </trkpt>
      <trkpt lat="59.437214" lon="24.747812">
        <ele>20.8</ele>
        <time>2026-08-19T15:53:29Z</time>
      </trkpt>
      <trkpt lat="59.437217" lon="24.747815">
        <ele>20.8</ele>
        <time>2026-08-19T15:53:30Z</time>
      </trkpt>
      <trkpt lat="59.437207" lon="24.747805">
        <ele>20.8</ele>
        <time>2026-08-19T15:53:31Z</time>
      </trkpt>
      <trkpt lat="59.437209" lon="24.747811">
        <ele>20.8</ele>
        <time>2026-08-19T15:53:32Z</time>
      </trkpt>
      <trkpt lat="59.4372" lon="24.747808">
        <ele>20.8</ele>
        <time>2026-08-19T15:53:33Z</time>
      </trkpt>
      <trkpt lat="59.43719" lon="24.747796">
        <ele>20.8</ele>
        <time>2026-08-19T15:53:34Z</time>
      </trkpt>
      <trkpt lat="59.437194" lon="24.747789">
        <ele>20.8</ele>
        <time>2026-08-19T15:53:35Z</time>
      </trkpt>
      <trkpt lat="59.437207" lon="24.747793">
        <ele>20.8</ele>
        <time>2026-08-19T15:53:36Z</time>
      </trkpt>
      <trkpt lat="59.437207" lon="24.747793">
        <ele>20.8</ele>
        <time>2026-08-19T15:53:37Z</time>
      </trkpt>
      <trkpt lat="59.437207" lon="24.747793">
        <ele>20.8</ele>
        <time>2026-08-19T15:53:38Z</time>
      </trkpt>
      <trkpt lat="59.437207" lon="24.747793">
        <ele>20.8</ele>
        <time>2026-08-19T15:53:39Z</time>
      </trkpt>
      <trkpt lat="59.437231" lon="24.747787">
        <ele>20.8</ele>
        <time>2026-08-19T15:53:40Z</time>
      </trkpt>
      <trkpt lat="59.43723" lon="24.747786">
        <ele>20.8</ele>
        <time>2026-08-19T15:53:41Z</time>
      </trkpt>
      <trkpt lat="59.43723" lon="24.747785">
        <ele>20.8</ele>
        <time>2026-08-19T15:53:42Z</time>
      </trkpt>
      <trkpt lat="59.437229" lon="24.747785">
        <ele>20.8</ele>
        <time>2026-08-19T15:53:43Z</time>
      </trkpt>
      <trkpt lat="59.437229" lon="24.747784">
        <ele>20.8</ele>
        <time>2026-08-19T15:53:44Z</time>
      </trkpt>
      <trkpt lat="59.437228" lon="24.747783">
        <ele>20.8</ele>
        <time>2026-08-19T15:53:45Z</time>
      </trkpt>
      <trkpt lat="59.437228" lon="24.747782">
        <ele>20.8</ele>
        <time>2026-08-19T15:53:46Z</time>
      </trkpt>
      <trkpt lat="59.437227" lon="24.747782">
        <ele>20.8</ele>
        <time>2026-08-19T15:53:47Z</time>
      </trkpt>
      <trkpt lat="59.437226" lon="24.747781">
        <ele>20.8</ele>
        <time>2026-08-19T15:53:48Z</time>
      </trkpt>
      <trkpt lat="59.437226" lon="24.74778">
        <ele>20.8</ele>
        <time>2026-08-19T15:53:49Z</time>
      </trkpt>
      <trkpt lat="59.437225" lon="24.747779">
        <ele>20.8</ele>
        <time>2026-08-19T15:53:50Z</time>
      </trkpt>
      <trkpt lat="59.437225" lon="24.747778">
        <ele>20.8</ele>
        <time>2026-08-19T15:53:51Z</time>
      </trkpt>
      <trkpt lat="59.437224" lon="24.747778">
        <ele>20.8</ele>
        <time>2026-08-19T15:53:52Z</time>
      </trkpt>
      <trkpt lat="59.437223" lon="24.747777">
        <ele>20.8</ele>
        <time>2026-08-19T15:53:53Z</time>
      </trkpt>
      <trkpt lat="59.437223" lon="24.747776">
        <ele>20.8</ele>
        <time>2026-08-19T15:53:54Z</time>
      </trkpt>
      <trkpt lat="59.437222" lon="24.747775">
        <ele>20.8</ele>
        <time>2026-08-19T15:53:55Z</time>
      </trkpt>
      <trkpt lat="59.437222" lon="24.747775">
        <ele>20.8</ele>
        <time>2026-08-19T15:53:56Z</time>
      </trkpt>
      <trkpt lat="59.437221" lon="24.747774">
        <ele>20.8</ele>
        <time>2026-08-19T15:53:57Z</time>
      </trkpt>
      <trkpt lat="59.437221" lon="24.747773">
        <ele>20.8</ele>
        <time>2026-08-19T15:53:58Z</time>
      </trkpt>
      <trkpt lat="59.43722" lon="24.747772">
        <ele>20.8</ele>
        <time>2026-08-19T15:53:59Z</time>
      </trkpt>
      <trkpt lat="59.437219" lon="24.747771">
        <ele>20.8</ele>
        <time>2026-08-19T15:54:00Z</time>
      </trkpt>
      <trkpt lat="59.437219" lon="24.747771">
        <ele>20.8</ele>
        <time>2026-08-19T15:54:01Z</time>
      </trkpt>
      <trkpt lat="59.437218" lon="24.74777">
        <ele>20.8</ele>
        <time>2026-08-19T15:54:02Z</time>
      </trkpt>
      <trkpt lat="59.437218" lon="24.747769">
        <ele>20.8</ele>
        <time>2026-08-19T15:54:03Z</time>
      </trkpt>
      <trkpt lat="59.437217" lon="24.747768">
        <ele>20.8</ele>
        <time>2026-08-19T15:54:04Z</time>
      </trkpt>
      <trkpt lat="59.437217" lon="24.747768">
        <ele>20.8</ele>
        <time>2026-08-19T15:54:05Z</time>
      </trkpt>
      <trkpt lat="59.437216" lon="24.747767">
        <ele>20.8</ele>
        <time>2026-08-19T15:54:06Z</time>
      </trkpt>
      <trkpt lat="59.437215" lon="24.747766">
        <ele>20.8</ele>
        <time>2026-08-19T15:54:07Z</time>
      </trkpt>
      <trkpt lat="59.437215" lon="24.747765">
        <ele>20.8</ele>
        <time>2026-08-19T15:54:08Z</time>
      </trkpt>
      <trkpt lat="59.437214" lon="24.747764">
        <ele>20.8</ele>
        <time>2026-08-19T15:54:09Z</time>
      </trkpt>
      <trkpt lat="59.437214" lon="24.747764">
        <ele>20.8</ele>
        <time>2026-08-19T15:54:10Z</time>
      </trkpt>
      <trkpt lat="59.437213" lon="24.747763">
        <ele>20.8</ele>
        <time>2026-08-19T15:54:11Z</time>
      </trkpt>
      <trkpt lat="59.437212" lon="24.747762">
        <ele>20.8</ele>
        <time>2026-08-19T15:54:12Z</time>
      </trkpt>
      <trkpt lat="59.437212" lon="24.747761">
        <ele>20.8</ele>
        <time>2026-08-19T15:54:13Z</time>
      </trkpt>
      <trkpt lat="59.437211" lon="24.747761">
        <ele>20.8</ele>
        <time>2026-08-19T15:54:14Z</time>
      </trkpt>
      <trkpt lat="59.437211" lon="24.74776">
        <ele>20.8</ele>
        <time>2026-08-19T15:54:15Z</time>
      </trkpt>
      <trkpt lat="59.43721" lon="24.747759">
        <ele>20.8</ele>
        <time>2026-08-19T15:54:16Z</time>
      </trkpt>
      <trkpt lat="59.43721" lon="24.747758">
        <ele>20.8</ele>
        <time>2026-08-19T15:54:17Z</time>
      </trkpt>
      <trkpt lat="59.437209" lon="24.747757">
        <ele>20.8</ele>
        <time>2026-08-19T15:54:18Z</time>
      </trkpt>
      <trkpt lat="59.437208" lon="24.747757">
        <ele>20.8</ele>
        <time>2026-08-19T15:54:19Z</time>
      </trkpt>
      <trkpt lat="59.437208" lon="24.747756">
        <ele>20.8</ele>
        <time>2026-08-19T15:54:20Z</time>
      </trkpt>
      <trkpt lat="59.437207" lon="24.747755">
        <ele>20.8</ele>
        <time>2026-08-19T15:54:21Z</time>
      </trkpt>
      <trkpt lat="59.437207" lon="24.747754">
        <ele>20.8</ele>
        <time>2026-08-19T15:54:22Z</time>
      </trkpt>
      <trkpt lat="59.437206" lon="24.747754">
        <ele>20.8</ele>
        <time>2026-08-19T15:54:23Z</time>
      </trkpt>
      <trkpt lat="59.437206" lon="24.747753">
        <ele>20.8</ele>
        <time>2026-08-19T15:54:24Z</time>
      </trkpt>
      <trkpt lat="59.437205" lon="24.747752">
        <ele>20.8</ele>
        <time>2026-08-19T15:54:25Z</time>
      </trkpt>
      <trkpt lat="59.437204" lon="24.747751">
        <ele>20.8</ele>
        <time>2026-08-19T15:54:26Z</time>
      </trkpt>
      <trkpt lat="59.437204" lon="24.74775">
        <ele>20.8</ele>
        <time>2026-08-19T15:54:27Z</time>
      </trkpt>
      <trkpt lat="59.437203" lon="24.74775">
        <ele>20.8</ele>
        <time>2026-08-19T15:54:28Z</time>
      </trkpt>
      <trkpt lat="59.437203" lon="24.747749">
        <ele>20.8</ele>
        <time>2026-08-19T15:54:29Z</time>
      </trkpt>
      <trkpt lat="59.437202" lon="24.747748">
        <ele>20.8</ele>
        <time>2026-08-19T15:54:30Z</time>
      </trkpt>
      <trkpt lat="59.437201" lon="24.747747">
        <ele>20.8</ele>
        <time>2026-08-19T15:54:31Z</time>
      </trkpt>
      <trkpt lat="59.437201" lon="24.747746">
        <ele>20.8</ele>
        <time>2026-08-19T15:54:32Z</time>
      </trkpt>
      <trkpt lat="59.4372" lon="24.747746">
        <ele>20.8</ele>
        <time>2026-08-19T15:54:33Z</time>
      </trkpt>
      <trkpt lat="59.4372" lon="24.747745">
        <ele>20.8</ele>
        <time>2026-08-19T15:54:34Z</time>
      </trkpt>
      <trkpt lat="59.437199" lon="24.747744">
        <ele>20.8</ele>
        <time>2026-08-19T15:54:35Z</time>
      </trkpt>
      <trkpt lat="59.437199" lon="24.747743">
        <ele>20.8</ele>
        <time>2026-08-19T15:54:36Z</time>
      </trkpt>
      <trkpt lat="59.437198" lon="24.747743">
        <ele>20.8</ele>
        <time>2026-08-19T15:54:37Z</time>
      </trkpt>
      <trkpt lat="59.437197" lon="24.747742">
        <ele>20.8</ele>
        <time>2026-08-19T15:54:38Z</time>
      </trkpt>
      <trkpt lat="59.437197" lon="24.747741">
        <ele>20.8</ele>
        <time>2026-08-19T15:54:39Z</time>
      </trkpt>
      <trkpt lat="59.437196" lon="24.74774">
        <ele>20.8</ele>
        <time>2026-08-19T15:54:40Z</time>
      </trkpt>
      <trkpt lat="59.437196" lon="24.747739">
        <ele>20.8</ele>
        <time>2026-08-19T15:54:41Z</time>
      </trkpt>
      <trkpt lat="59.437195" lon="24.747739">
        <ele>20.8</ele>
        <time>2026-08-19T15:54:42Z</time>
      </trkpt>
      <trkpt lat="59.437195" lon="24.747738">
        <ele>20.8</ele>
        <time>2026-08-19T15:54:43Z</time>
      </trkpt>
      <trkpt lat="59.437194" lon="24.747737">
        <ele>20.8</ele>
        <time>2026-08-19T15:54:44Z</time>
      </trkpt>
      <trkpt lat="59.437193" lon="24.747736">
        <ele>20.8</ele>
        <time>2026-08-19T15:54:45Z</time>
      </trkpt>
      <trkpt lat="59.437193" lon="24.747736">
        <ele>20.8</ele>
        <time>2026-08-19T15:54:46Z</time>
      </trkpt>
      <trkpt lat="59.437192" lon="24.747735">
        <ele>20.8</ele>
        <time>2026-08-19T15:54:47Z</time>
      </trkpt>
      <trkpt lat="59.437192" lon="24.747734">
        <ele>20.8</ele>
        <time>2026-08-19T15:54:48Z</time>
      </trkpt>
      <trkpt lat="59.437191" lon="24.747733">
        <ele>20.8</ele>
        <time>2026-08-19T15:54:49Z</time>
      </trkpt>
      <trkpt lat="59.43719" lon="24.747732">
        <ele>20.8</ele>
        <time>2026-08-19T15:54:50Z</time>
      </trkpt>
      <trkpt lat="59.43719" lon="24.747732">
        <ele>20.8</ele>
        <time>2026-08-19T15:54:51Z</time>
      </trkpt>
      <trkpt lat="59.437189" lon="24.747731">
        <ele>20.8</ele>
        <time>2026-08-19T15:54:52Z</time>
      </trkpt>
      <trkpt lat="59.437189" lon="24.74773">
        <ele>20.8</ele>
        <time>2026-08-19T15:54:53Z</time>
      </trkpt>
      <trkpt lat="59.437188" lon="24.747729">
        <ele>20.8</ele>
        <time>2026-08-19T15:54:54Z</time>
      </trkpt>
      <trkpt lat="59.437188" lon="24.747729">
        <ele>20.8</ele>
        <time>2026-08-19T15:54:55Z</time>
      </trkpt>
      <trkpt lat="59.437187" lon="24.747728">
        <ele>20.8</ele>
        <time>2026-08-19T15:54:56Z</time>
      </trkpt>
      <trkpt lat="59.437186" lon="24.747727">
        <ele>20.8</ele>
        <time>2026-08-19T15:54:57Z</time>
      </trkpt>
      <trkpt lat="59.437186" lon="24.747726">
        <ele>20.8</ele>
        <time>2026-08-19T15:54:58Z</time>
      </trkpt>
      <trkpt lat="59.437185" lon="24.747725">
        <ele>20.8</ele>
        <time>2026-08-19T15:54:59Z</time>
      </trkpt>
      <trkpt lat="59.437185" lon="24.747725">
        <ele>20.8</ele>
        <time>2026-08-19T15:55:00Z</time>
      </trkpt>
      <trkpt lat="59.437184" lon="24.747724">
        <ele>20.8</ele>
        <time>2026-08-19T15:55:01Z</time>
      </trkpt>
      <trkpt lat="59.437184" lon="24.747723">
        <ele>20.8</ele>
        <time>2026-08-19T15:55:02Z</time>
      </trkpt>
      <trkpt lat="59.437183" lon="24.747722">
        <ele>20.8</ele>
        <time>2026-08-19T15:55:03Z</time>
      </trkpt>
      <trkpt lat="59.437182" lon="24.747722">
        <ele>20.8</ele>
        <time>2026-08-19T15:55:04Z</time>
      </trkpt>
      <trkpt lat="59.437182" lon="24.747721">
        <ele>20.8</ele>
        <time>2026-08-19T15:55:05Z</time>
      </trkpt>
      <trkpt lat="59.437181" lon="24.74772">
        <ele>20.8</ele>
        <time>2026-08-19T15:55:06Z</time>
      </trkpt>
      <trkpt lat="59.437181" lon="24.747719">
        <ele>20.8</ele>
        <time>2026-08-19T15:55:07Z</time>
      </trkpt>
      <trkpt lat="59.43718" lon="24.747718">
        <ele>20.8</ele>
        <time>2026-08-19T15:55:08Z</time>
      </trkpt>
      <trkpt lat="59.437179" lon="24.747718">
        <ele>20.8</ele>
        <time>2026-08-19T15:55:09Z</time>
      </trkpt>
      <trkpt lat="59.437179" lon="24.747717">
        <ele>20.8</ele>
        <time>2026-08-19T15:55:10Z</time>
      </trkpt>
      <trkpt lat="59.437178" lon="24.747716">
        <ele>20.8</ele>
        <time>2026-08-19T15:55:11Z</time>
      </trkpt>
      <trkpt lat="59.437178" lon="24.747715">
        <ele>20.8</ele>
        <time>2026-08-19T15:55:12Z</time>
      </trkpt>
      <trkpt lat="59.437177" lon="24.747715">
        <ele>20.8</ele>
        <time>2026-08-19T15:55:13Z</time>
      </trkpt>
      <trkpt lat="59.437177" lon="24.747714">
        <ele>20.8</ele>
        <time>2026-08-19T15:55:14Z</time>
      </trkpt>
      <trkpt lat="59.437176" lon="24.747713">
        <ele>20.8</ele>
        <time>2026-08-19T15:55:15Z</time>
      </trkpt>
      <trkpt lat="59.437176" lon="24.747713">
        <ele>20.8</ele>
        <time>2026-08-19T15:55:16Z</time>
      </trkpt>
      <trkpt lat="59.437176" lon="24.747713">
        <ele>20.8</ele>
        <time>2026-08-19T15:55:17Z</time>
      </trkpt>
      <trkpt lat="59.437176" lon="24.747713">
        <ele>20.8</ele>
        <time>2026-08-19T15:55:18Z</time>
      </trkpt>
      <trkpt lat="59.437176" lon="24.747713">
        <ele>20.8</ele>
        <time>2026-08-19T15:55:19Z</time>
      </trkpt>
      <trkpt lat="59.437176" lon="24.747713">
        <ele>20.8</ele>
        <time>2026-08-19T15:55:20Z</time>
      </trkpt>
      <trkpt lat="59.437176" lon="24.747713">
        <ele>20.8</ele>
        <time>2026-08-19T15:55:21Z</time>
      </trkpt>
      <trkpt lat="59.437176" lon="24.747713">
        <ele>20.8</ele>
        <time>2026-08-19T15:55:22Z</time>
      </trkpt>
      <trkpt lat="59.437176" lon="24.747713">
        <ele>20.8</ele>
        <time>2026-08-19T15:55:23Z</time>
      </trkpt>
      <trkpt lat="59.437176" lon="24.747713">
        <ele>20.8</ele>
        <time>2026-08-19T15:55:24Z</time>
      </trkpt>
      <trkpt lat="59.437176" lon="24.747713">
        <ele>20.8</ele>
        <time>2026-08-19T15:55:25Z</time>
      </trkpt>
      <trkpt lat="59.437176" lon="24.747713">
        <ele>20.8</ele>
        <time>2026-08-19T15:55:26Z</time>
      </trkpt>
      <trkpt lat="59.437176" lon="24.747713">
        <ele>20.8</ele>
        <time>2026-08-19T15:55:27Z</time>
      </trkpt>
      <trkpt lat="59.437153" lon="24.747694">
        <ele>20.8</ele>
        <time>2026-08-19T15:55:28Z</time>
      </trkpt>
      <trkpt lat="59.437151" lon="24.747693">
        <ele>20.8</ele>
        <time>2026-08-19T15:55:29Z</time>
      </trkpt>
      <trkpt lat="59.437151" lon="24.747692">
        <ele>20.8</ele>
        <time>2026-08-19T15:55:30Z</time>
      </trkpt>
      <trkpt lat="59.437151" lon="24.747692">
        <ele>20.8</ele>
        <time>2026-08-19T15:55:31Z</time>
      </trkpt>
      <trkpt lat="59.437151" lon="24.747692">
        <ele>20.8</ele>
        <time>2026-08-19T15:55:32Z</time>
      </trkpt>
      <trkpt lat="59.437151" lon="24.747692">
        <ele>20.8</ele>
        <time>2026-08-19T15:55:33Z</time>
      </trkpt>
      <trkpt lat="59.437151" lon="24.747692">
        <ele>20.8</ele>
        <time>2026-08-19T15:55:34Z</time>
      </trkpt>
      <trkpt lat="59.437151" lon="24.747692">
        <ele>20.8</ele>
        <time>2026-08-19T15:55:35Z</time>
      </trkpt>
      <trkpt lat="59.437151" lon="24.747692">
        <ele>20.8</ele>
        <time>2026-08-19T15:55:36Z</time>
      </trkpt>
      <trkpt lat="59.437151" lon="24.747692">
        <ele>20.8</ele>
        <time>2026-08-19T15:55:37Z</time>
      </trkpt>
      <trkpt lat="59.437151" lon="24.747692">
        <ele>20.8</ele>
        <time>2026-08-19T15:55:38Z</time>
      </trkpt>
      <trkpt lat="59.437152" lon="24.747694">
        <ele>20.8</ele>
        <time>2026-08-19T15:55:39Z</time>
      </trkpt>
      <trkpt lat="59.437152" lon="24.747693">
        <ele>20.8</ele>
        <time>2026-08-19T15:55:40Z</time>
      </trkpt>
      <trkpt lat="59.437152" lon="24.747693">
        <ele>20.8</ele>
        <time>2026-08-19T15:55:41Z</time>
      </trkpt>
      <trkpt lat="59.437152" lon="24.747693">
        <ele>20.8</ele>
        <time>2026-08-19T15:55:42Z</time>
      </trkpt>
      <trkpt lat="59.437152" lon="24.747693">
        <ele>20.8</ele>
        <time>2026-08-19T15:55:43Z</time>
      </trkpt>
      <trkpt lat="59.437152" lon="24.747693">
        <ele>20.8</ele>
        <time>2026-08-19T15:55:44Z</time>
      </trkpt>
      <trkpt lat="59.437152" lon="24.747693">
        <ele>20.8</ele>
        <time>2026-08-19T15:55:45Z</time>
      </trkpt>
      <trkpt lat="59.437152" lon="24.747693">
        <ele>20.8</ele>
        <time>2026-08-19T15:55:46Z</time>
      </trkpt>
      <trkpt lat="59.437152" lon="24.747693">
        <ele>20.8</ele>
        <time>2026-08-19T15:55:47Z</time>
      </trkpt>
      <trkpt lat="59.437152" lon="24.747693">
        <ele>20.8</ele>
        <time>2026-08-19T15:55:48Z</time>
      </trkpt>
      <trkpt lat="59.437152" lon="24.747693">
        <ele>20.8</ele>
        <time>2026-08-19T15:55:49Z</time>
      </trkpt>
      <trkpt lat="59.437152" lon="24.747693">
        <ele>20.8</ele>
        <time>2026-08-19T15:55:50Z</time>
      </trkpt>
      <trkpt lat="59.437152" lon="24.747693">
        <ele>20.8</ele>
        <time>2026-08-19T15:55:51Z</time>
      </trkpt>
      <trkpt lat="59.437152" lon="24.747693">
        <ele>20.8</ele>
        <time>2026-08-19T15:55:52Z</time>
      </trkpt>
      <trkpt lat="59.437152" lon="24.747693">
        <ele>20.8</ele>
        <time>2026-08-19T15:55:53Z</time>
      </trkpt>
      <trkpt lat="59.437152" lon="24.747693">
        <ele>20.8</ele>
        <time>2026-08-19T15:55:54Z</time>
      </trkpt>
      <trkpt lat="59.437152" lon="24.747693">
        <ele>20.8</ele>
        <time>2026-08-19T15:55:55Z</time>
      </trkpt>
      <trkpt lat="59.437152" lon="24.747693">
        <ele>20.8</ele>
        <time>2026-08-19T15:55:56Z</time>
      </trkpt>
      <trkpt lat="59.437148" lon="24.747687">
        <ele>20.8</ele>
        <time>2026-08-19T15:55:57Z</time>
      </trkpt>
      <trkpt lat="59.437148" lon="24.747686">
        <ele>20.8</ele>
        <time>2026-08-19T15:55:58Z</time>
      </trkpt>
      <trkpt lat="59.437148" lon="24.747686">
        <ele>20.8</ele>
        <time>2026-08-19T15:55:59Z</time>
      </trkpt>
      <trkpt lat="59.437148" lon="24.747686">
        <ele>20.8</ele>
        <time>2026-08-19T15:56:00Z</time>
      </trkpt>
      <trkpt lat="59.437148" lon="24.747686">
        <ele>20.8</ele>
        <time>2026-08-19T15:56:01Z</time>
      </trkpt>
      <trkpt lat="59.437148" lon="24.747686">
        <ele>20.8</ele>
        <time>2026-08-19T15:56:02Z</time>
      </trkpt>
      <trkpt lat="59.437148" lon="24.747686">
        <ele>20.8</ele>
        <time>2026-08-19T15:56:03Z</time>
      </trkpt>
      <trkpt lat="59.437148" lon="24.747686">
        <ele>20.8</ele>
        <time>2026-08-19T15:56:04Z</time>
      </trkpt>
      <trkpt lat="59.437148" lon="24.747686">
        <ele>20.8</ele>
        <time>2026-08-19T15:56:05Z</time>
      </trkpt>
      <trkpt lat="59.437148" lon="24.747686">
        <ele>20.8</ele>
        <time>2026-08-19T15:56:06Z</time>
      </trkpt>
      <trkpt lat="59.437148" lon="24.747686">
        <ele>20.8</ele>
        <time>2026-08-19T15:56:07Z</time>
      </trkpt>
      <trkpt lat="59.437148" lon="24.747686">
        <ele>20.8</ele>
        <time>2026-08-19T15:56:08Z</time>
      </trkpt>
      <trkpt lat="59.437148" lon="24.747686">
        <ele>20.8</ele>
        <time>2026-08-19T15:56:09Z</time>
      </trkpt>
      <trkpt lat="59.437148" lon="24.747686">
        <ele>20.8</ele>
        <time>2026-08-19T15:56:10Z</time>
      </trkpt>
      <trkpt lat="59.437148" lon="24.747686">
        <ele>20.8</ele>
        <time>2026-08-19T15:56:11Z</time>
      </trkpt>
      <trkpt lat="59.437148" lon="24.747686">
        <ele>20.8</ele>
        <time>2026-08-19T15:56:12Z</time>
      </trkpt>
      <trkpt lat="59.437148" lon="24.747686">
        <ele>20.8</ele>
        <time>2026-08-19T15:56:13Z</time>
      </trkpt>
      <trkpt lat="59.437157" lon="24.747704">
        <ele>20.8</ele>
        <time>2026-08-19T15:56:14Z</time>
      </trkpt>
      <trkpt lat="59.437156" lon="24.747704">
        <ele>20.8</ele>
        <time>2026-08-19T15:56:15Z</time>
      </trkpt>
      <trkpt lat="59.437156" lon="24.747704">
        <ele>20.8</ele>
        <time>2026-08-19T15:56:16Z</time>
      </trkpt>
      <trkpt lat="59.437156" lon="24.747704">
        <ele>20.8</ele>
        <time>2026-08-19T15:56:17Z</time>
      </trkpt>
      <trkpt lat="59.437156" lon="24.747704">
        <ele>20.8</ele>
        <time>2026-08-19T15:56:18Z</time>
      </trkpt>
      <trkpt lat="59.437156" lon="24.747704">
        <ele>20.8</ele>
        <time>2026-08-19T15:56:19Z</time>
      </trkpt>
      <trkpt lat="59.437156" lon="24.747704">
        <ele>20.8</ele>
        <time>2026-08-19T15:56:20Z</time>
      </trkpt>
      <trkpt lat="59.437157" lon="24.747712">
        <ele>20.8</ele>
        <time>2026-08-19T15:56:21Z</time>
      </trkpt>
      <trkpt lat="59.437157" lon="24.747711">
        <ele>20.8</ele>
        <time>2026-08-19T15:56:22Z</time>
      </trkpt>
      <trkpt lat="59.437157" lon="24.747711">
        <ele>20.8</ele>
        <time>2026-08-19T15:56:23Z</time>
      </trkpt>
      <trkpt lat="59.437157" lon="24.747711">
        <ele>20.8</ele>
        <time>2026-08-19T15:56:24Z</time>
      </trkpt>
      <trkpt lat="59.437157" lon="24.747711">
        <ele>20.8</ele>
        <time>2026-08-19T15:56:25Z</time>
      </trkpt>
      <trkpt lat="59.437157" lon="24.747711">
        <ele>20.8</ele>
        <time>2026-08-19T15:56:26Z</time>
      </trkpt>
      <trkpt lat="59.437157" lon="24.747711">
        <ele>20.8</ele>
        <time>2026-08-19T15:56:27Z</time>
      </trkpt>
      <trkpt lat="59.437157" lon="24.747711">
        <ele>20.8</ele>
        <time>2026-08-19T15:56:28Z</time>
      </trkpt>
      <trkpt lat="59.437157" lon="24.747711">
        <ele>20.8</ele>
        <time>2026-08-19T15:56:29Z</time>
      </trkpt>
      <trkpt lat="59.437157" lon="24.747711">
        <ele>20.8</ele>
        <time>2026-08-19T15:56:30Z</time>
      </trkpt>
      <trkpt lat="59.437157" lon="24.747711">
        <ele>20.8</ele>
        <time>2026-08-19T15:56:31Z</time>
      </trkpt>
      <trkpt lat="59.437157" lon="24.747711">
        <ele>20.8</ele>
        <time>2026-08-19T15:56:32Z</time>
      </trkpt>
      <trkpt lat="59.437157" lon="24.747711">
        <ele>20.8</ele>
        <time>2026-08-19T15:56:33Z</time>
      </trkpt>
      <trkpt lat="59.437157" lon="24.747711">
        <ele>20.8</ele>
        <time>2026-08-19T15:56:34Z</time>
      </trkpt>
      <trkpt lat="59.437157" lon="24.747711">
        <ele>20.8</ele>
        <time>2026-08-19T15:56:35Z</time>
      </trkpt>
      <trkpt lat="59.437157" lon="24.747711">
        <ele>20.8</ele>
        <time>2026-08-19T15:56:36Z</time>
      </trkpt>
      <trkpt lat="59.437157" lon="24.747711">
        <ele>20.8</ele>
        <time>2026-08-19T15:56:37Z</time>
      </trkpt>
      <trkpt lat="59.437157" lon="24.747711">
        <ele>20.8</ele>
        <time>2026-08-19T15:56:38Z</time>
      </trkpt>
      <trkpt lat="59.437157" lon="24.747711">
        <ele>20.8</ele>
        <time>2026-08-19T15:56:39Z</time>
      </trkpt>
      <trkpt lat="59.437157" lon="24.747711">
        <ele>20.8</ele>
        <time>2026-08-19T15:56:40Z</time>
      </trkpt>
      <trkpt lat="59.437157" lon="24.747711">
        <ele>20.8</ele>
        <time>2026-08-19T15:56:41Z</time>
      </trkpt>
      <trkpt lat="59.437157" lon="24.747711">
        <ele>20.8</ele>
        <time>2026-08-19T15:56:42Z</time>
      </trkpt>
      <trkpt lat="59.437157" lon="24.747711">
        <ele>20.8</ele>
        <time>2026-08-19T15:56:43Z</time>
      </trkpt>
      <trkpt lat="59.437157" lon="24.747711">
        <ele>20.8</ele>
        <time>2026-08-19T15:56:44Z</time>
      </trkpt>
      <trkpt lat="59.437157" lon="24.747711">
        <ele>20.8</ele>
        <time>2026-08-19T15:56:45Z</time>
      </trkpt>
      <trkpt lat="59.437157" lon="24.747711">
        <ele>20.8</ele>
        <time>2026-08-19T15:56:46Z</time>
      </trkpt>
      <trkpt lat="59.437157" lon="24.747711">
        <ele>20.8</ele>
        <time>2026-08-19T15:56:47Z</time>
      </trkpt>
      <trkpt lat="59.437157" lon="24.747711">
        <ele>20.8</ele>
        <time>2026-08-19T15:56:48Z</time>
      </trkpt>
      <trkpt lat="59.437157" lon="24.747711">
        <ele>20.8</ele>
        <time>2026-08-19T15:56:49Z</time>
      </trkpt>
      <trkpt lat="59.437157" lon="24.747711">
        <ele>20.8</ele>
        <time>2026-08-19T15:56:50Z</time>
      </trkpt>
      <trkpt lat="59.437157" lon="24.747711">
        <ele>20.8</ele>
        <time>2026-08-19T15:56:51Z</time>
      </trkpt>
      <trkpt lat="59.437157" lon="24.747711">
        <ele>20.8</ele>
        <time>2026-08-19T15:56:52Z</time>
      </trkpt>
      <trkpt lat="59.437157" lon="24.747711">
        <ele>20.8</ele>
        <time>2026-08-19T15:56:53Z</time>
      </trkpt>
      <trkpt lat="59.437157" lon="24.747711">
        <ele>20.8</ele>
        <time>2026-08-19T15:56:54Z</time>
      </trkpt>
      <trkpt lat="59.437157" lon="24.747711">
        <ele>20.8</ele>
        <time>2026-08-19T15:56:55Z</time>
      </trkpt>
      <trkpt lat="59.437157" lon="24.747711">
        <ele>20.8</ele>
        <time>2026-08-19T15:56:56Z</time>
      </trkpt>
      <trkpt lat="59.437152" lon="24.74772">
        <ele>20.8</ele>
        <time>2026-08-19T15:56:57Z</time>
      </trkpt>
      <trkpt lat="59.437152" lon="24.747719">
        <ele>20.8</ele>
        <time>2026-08-19T15:56:58Z</time>
      </trkpt>
      <trkpt lat="59.437152" lon="24.747719">
        <ele>20.8</ele>
        <time>2026-08-19T15:56:59Z</time>
      </trkpt>
      <trkpt lat="59.437153" lon="24.747726">
        <ele>20.8</ele>
        <time>2026-08-19T15:57:00Z</time>
      </trkpt>
      <trkpt lat="59.437153" lon="24.747727">
        <ele>20.8</ele>
        <time>2026-08-19T15:57:01Z</time>
      </trkpt>
      <trkpt lat="59.437153" lon="24.747727">
        <ele>20.8</ele>
        <time>2026-08-19T15:57:02Z</time>
      </trkpt>
      <trkpt lat="59.437154" lon="24.747728">
        <ele>20.8</ele>
        <time>2026-08-19T15:57:03Z</time>
      </trkpt>
      <trkpt lat="59.437154" lon="24.747728">
        <ele>20.8</ele>
        <time>2026-08-19T15:57:04Z</time>
      </trkpt>
      <trkpt lat="59.437154" lon="24.747728">
        <ele>20.8</ele>
        <time>2026-08-19T15:57:05Z</time>
      </trkpt>
      <trkpt lat="59.437154" lon="24.747728">
        <ele>20.8</ele>
        <time>2026-08-19T15:57:06Z</time>
      </trkpt>
      <trkpt lat="59.437154" lon="24.747728">
        <ele>20.8</ele>
        <time>2026-08-19T15:57:07Z</time>
      </trkpt>
      <trkpt lat="59.437154" lon="24.747728">
        <ele>20.8</ele>
        <time>2026-08-19T15:57:08Z</time>
      </trkpt>
      <trkpt lat="59.437154" lon="24.747728">
        <ele>20.8</ele>
        <time>2026-08-19T15:57:09Z</time>
      </trkpt>
      <trkpt lat="59.437154" lon="24.747728">
        <ele>20.8</ele>
        <time>2026-08-19T15:57:10Z</time>
      </trkpt>
      <trkpt lat="59.437154" lon="24.747728">
        <ele>20.8</ele>
        <time>2026-08-19T15:57:11Z</time>
      </trkpt>
      <trkpt lat="59.437154" lon="24.747728">
        <ele>20.8</ele>
        <time>2026-08-19T15:57:12Z</time>
      </trkpt>
      <trkpt lat="59.437154" lon="24.747728">
        <ele>20.8</ele>
        <time>2026-08-19T15:57:13Z</time>
      </trkpt>
      <trkpt lat="59.437154" lon="24.747728">
        <ele>20.8</ele>
        <time>2026-08-19T15:57:14Z</time>
      </trkpt>
      <trkpt lat="59.437154" lon="24.747728">
        <ele>20.8</ele>
        <time>2026-08-19T15:57:15Z</time>
      </trkpt>
      <trkpt lat="59.437154" lon="24.747728">
        <ele>20.8</ele>
        <time>2026-08-19T15:57:16Z</time>
      </trkpt>
      <trkpt lat="59.437154" lon="24.747728">
        <ele>20.8</ele>
        <time>2026-08-19T15:57:17Z</time>
      </trkpt>
      <trkpt lat="59.437154" lon="24.747728">
        <ele>20.8</ele>
        <time>2026-08-19T15:57:18Z</time>
      </trkpt>
      <trkpt lat="59.437164" lon="24.74774">
        <ele>20.8</ele>
        <time>2026-08-19T15:57:19Z</time>
      </trkpt>
      <trkpt lat="59.437164" lon="24.74774">
        <ele>20.8</ele>
        <time>2026-08-19T15:57:20Z</time>
      </trkpt>
      <trkpt lat="59.437164" lon="24.74774">
        <ele>20.8</ele>
        <time>2026-08-19T15:57:21Z</time>
      </trkpt>
      <trkpt lat="59.437166" lon="24.747738">
        <ele>20.8</ele>
        <time>2026-08-19T15:57:22Z</time>
      </trkpt>
      <trkpt lat="59.437166" lon="24.747737">
        <ele>20.8</ele>
        <time>2026-08-19T15:57:23Z</time>
      </trkpt>
      <trkpt lat="59.43717" lon="24.747743">
        <ele>20.8</ele>
        <time>2026-08-19T15:57:24Z</time>
      </trkpt>
      <trkpt lat="59.43717" lon="24.74774">
        <ele>20.8</ele>
        <time>2026-08-19T15:57:25Z</time>
      </trkpt>
      <trkpt lat="59.43717" lon="24.747739">
        <ele>20.8</ele>
        <time>2026-08-19T15:57:26Z</time>
      </trkpt>
      <trkpt lat="59.43717" lon="24.747739">
        <ele>20.8</ele>
        <time>2026-08-19T15:57:27Z</time>
      </trkpt>
      <trkpt lat="59.43717" lon="24.747739">
        <ele>20.8</ele>
        <time>2026-08-19T15:57:28Z</time>
      </trkpt>
      <trkpt lat="59.43717" lon="24.747739">
        <ele>20.8</ele>
        <time>2026-08-19T15:57:29Z</time>
      </trkpt>
      <trkpt lat="59.43717" lon="24.747739">
        <ele>20.8</ele>
        <time>2026-08-19T15:57:30Z</time>
      </trkpt>
      <trkpt lat="59.43717" lon="24.747739">
        <ele>20.8</ele>
        <time>2026-08-19T15:57:31Z</time>
      </trkpt>
      <trkpt lat="59.43717" lon="24.747739">
        <ele>20.8</ele>
        <time>2026-08-19T15:57:32Z</time>
      </trkpt>
      <trkpt lat="59.437171" lon="24.747731">
        <ele>20.8</ele>
        <time>2026-08-19T15:57:33Z</time>
      </trkpt>
      <trkpt lat="59.437171" lon="24.747731">
        <ele>20.8</ele>
        <time>2026-08-19T15:57:34Z</time>
      </trkpt>
      <trkpt lat="59.437171" lon="24.747731">
        <ele>20.8</ele>
        <time>2026-08-19T15:57:35Z</time>
      </trkpt>
      <trkpt lat="59.437171" lon="24.747731">
        <ele>20.8</ele>
        <time>2026-08-19T15:57:36Z</time>
      </trkpt>
      <trkpt lat="59.437171" lon="24.747731">
        <ele>20.8</ele>
        <time>2026-08-19T15:57:37Z</time>
      </trkpt>
      <trkpt lat="59.437171" lon="24.747731">
        <ele>20.8</ele>
        <time>2026-08-19T15:57:38Z</time>
      </trkpt>
      <trkpt lat="59.437171" lon="24.747731">
        <ele>20.8</ele>
        <time>2026-08-19T15:57:39Z</time>
      </trkpt>
      <trkpt lat="59.437171" lon="24.747731">
        <ele>20.8</ele>
        <time>2026-08-19T15:57:40Z</time>
      </trkpt>
      <trkpt lat="59.437171" lon="24.747731">
        <ele>20.8</ele>
        <time>2026-08-19T15:57:41Z</time>
      </trkpt>
      <trkpt lat="59.437171" lon="24.747731">
        <ele>20.8</ele>
        <time>2026-08-19T15:57:42Z</time>
      </trkpt>
      <trkpt lat="59.437171" lon="24.747731">
        <ele>20.8</ele>
        <time>2026-08-19T15:57:43Z</time>
      </trkpt>
      <trkpt lat="59.437171" lon="24.747731">
        <ele>20.8</ele>
        <time>2026-08-19T15:57:44Z</time>
      </trkpt>
      <trkpt lat="59.437185" lon="24.747739">
        <ele>20.8</ele>
        <time>2026-08-19T15:57:45Z</time>
      </trkpt>
      <trkpt lat="59.437185" lon="24.747738">
        <ele>20.8</ele>
        <time>2026-08-19T15:57:46Z</time>
      </trkpt>
      <trkpt lat="59.437185" lon="24.747738">
        <ele>20.8</ele>
        <time>2026-08-19T15:57:47Z</time>
      </trkpt>
      <trkpt lat="59.437185" lon="24.747738">
        <ele>20.8</ele>
        <time>2026-08-19T15:57:48Z</time>
      </trkpt>
      <trkpt lat="59.437185" lon="24.747738">
        <ele>20.8</ele>
        <time>2026-08-19T15:57:49Z</time>
      </trkpt>
      <trkpt lat="59.437185" lon="24.747738">
        <ele>20.8</ele>
        <time>2026-08-19T15:57:50Z</time>
      </trkpt>
      <trkpt lat="59.437185" lon="24.747738">
        <ele>20.8</ele>
        <time>2026-08-19T15:57:51Z</time>
      </trkpt>
      <trkpt lat="59.437185" lon="24.747738">
        <ele>20.8</ele>
        <time>2026-08-19T15:57:52Z</time>
      </trkpt>
      <trkpt lat="59.437185" lon="24.747738">
        <ele>20.8</ele>
        <time>2026-08-19T15:57:53Z</time>
      </trkpt>
      <trkpt lat="59.437185" lon="24.747738">
        <ele>20.8</ele>
        <time>2026-08-19T15:57:54Z</time>
      </trkpt>
      <trkpt lat="59.437185" lon="24.747738">
        <ele>20.8</ele>
        <time>2026-08-19T15:57:55Z</time>
      </trkpt>
      <trkpt lat="59.437185" lon="24.747738">
        <ele>20.8</ele>
        <time>2026-08-19T15:57:56Z</time>
      </trkpt>
      <trkpt lat="59.437185" lon="24.747729">
        <ele>20.8</ele>
        <time>2026-08-19T15:57:57Z</time>
      </trkpt>
      <trkpt lat="59.437184" lon="24.747725">
        <ele>20.8</ele>
        <time>2026-08-19T15:57:58Z</time>
      </trkpt>
      <trkpt lat="59.437184" lon="24.747724">
        <ele>20.8</ele>
        <time>2026-08-19T15:57:59Z</time>
      </trkpt>
      <trkpt lat="59.437187" lon="24.747732">
        <ele>20.8</ele>
        <time>2026-08-19T15:58:00Z</time>
      </trkpt>
      <trkpt lat="59.437188" lon="24.747735">
        <ele>20.8</ele>
        <time>2026-08-19T15:58:01Z</time>
      </trkpt>
      <trkpt lat="59.437196" lon="24.747745">
        <ele>20.8</ele>
        <time>2026-08-19T15:58:02Z</time>
      </trkpt>
      <trkpt lat="59.437204" lon="24.747758">
        <ele>20.8</ele>
        <time>2026-08-19T15:58:03Z</time>
      </trkpt>
      <trkpt lat="59.4372" lon="24.74775">
        <ele>20.8</ele>
        <time>2026-08-19T15:58:04Z</time>
      </trkpt>
      <trkpt lat="59.437199" lon="24.747755">
        <ele>20.8</ele>
        <time>2026-08-19T15:58:05Z</time>
      </trkpt>
      <trkpt lat="59.437189" lon="24.747748">
        <ele>20.8</ele>
        <time>2026-08-19T15:58:06Z</time>
      </trkpt>
      <trkpt lat="59.437195" lon="24.747756">
        <ele>20.8</ele>
        <time>2026-08-19T15:58:07Z</time>
      </trkpt>
      <trkpt lat="59.437198" lon="24.74776">
        <ele>20.8</ele>
        <time>2026-08-19T15:58:08Z</time>
      </trkpt>
      <trkpt lat="59.437198" lon="24.747761">
        <ele>20.8</ele>
        <time>2026-08-19T15:58:09Z</time>
      </trkpt>
      <trkpt lat="59.437198" lon="24.747761">
        <ele>20.8</ele>
        <time>2026-08-19T15:58:10Z</time>
      </trkpt>
      <trkpt lat="59.437198" lon="24.747761">
        <ele>20.8</ele>
        <time>2026-08-19T15:58:11Z</time>
      </trkpt>
      <trkpt lat="59.437193" lon="24.747738">
        <ele>20.8</ele>
        <time>2026-08-19T15:58:12Z</time>
      </trkpt>
      <trkpt lat="59.437192" lon="24.747739">
        <ele>20.8</ele>
        <time>2026-08-19T15:58:13Z</time>
      </trkpt>
      <trkpt lat="59.437192" lon="24.747739">
        <ele>20.8</ele>
        <time>2026-08-19T15:58:14Z</time>
      </trkpt>
      <trkpt lat="59.437194" lon="24.747742">
        <ele>20.8</ele>
        <time>2026-08-19T15:58:15Z</time>
      </trkpt>
      <trkpt lat="59.437187" lon="24.747734">
        <ele>20.8</ele>
        <time>2026-08-19T15:58:16Z</time>
      </trkpt>
      <trkpt lat="59.437183" lon="24.747734">
        <ele>20.8</ele>
        <time>2026-08-19T15:58:17Z</time>
      </trkpt>
      <trkpt lat="59.437184" lon="24.747741">
        <ele>20.8</ele>
        <time>2026-08-19T15:58:18Z</time>
      </trkpt>
      <trkpt lat="59.437197" lon="24.747762">
        <ele>20.8</ele>
        <time>2026-08-19T15:58:19Z</time>
      </trkpt>
      <trkpt lat="59.437213" lon="24.747792">
        <ele>20.8</ele>
        <time>2026-08-19T15:58:20Z</time>
      </trkpt>
      <trkpt lat="59.437212" lon="24.747793">
        <ele>20.8</ele>
        <time>2026-08-19T15:58:21Z</time>
      </trkpt>
      <trkpt lat="59.437221" lon="24.747796">
        <ele>20.8</ele>
        <time>2026-08-19T15:58:22Z</time>
      </trkpt>
      <trkpt lat="59.437223" lon="24.747783">
        <ele>20.8</ele>
        <time>2026-08-19T15:58:23Z</time>
      </trkpt>
      <trkpt lat="59.437223" lon="24.747783">
        <ele>20.8</ele>
        <time>2026-08-19T15:58:24Z</time>
      </trkpt>
      <trkpt lat="59.437219" lon="24.747782">
        <ele>20.8</ele>
        <time>2026-08-19T15:58:25Z</time>
      </trkpt>
      <trkpt lat="59.437219" lon="24.747777">
        <ele>20.8</ele>
        <time>2026-08-19T15:58:26Z</time>
      </trkpt>
      <trkpt lat="59.437219" lon="24.747782">
        <ele>20.8</ele>
        <time>2026-08-19T15:58:27Z</time>
      </trkpt>
      <trkpt lat="59.437218" lon="24.747789">
        <ele>20.8</ele>
        <time>2026-08-19T15:58:28Z</time>
      </trkpt>
      <trkpt lat="59.437214" lon="24.74779">
        <ele>20.8</ele>
        <time>2026-08-19T15:58:29Z</time>
      </trkpt>
      <trkpt lat="59.43721" lon="24.747788">
        <ele>20.8</ele>
        <time>2026-08-19T15:58:30Z</time>
      </trkpt>
      <trkpt lat="59.437211" lon="24.747776">
        <ele>20.8</ele>
        <time>2026-08-19T15:58:31Z</time>
      </trkpt>
      <trkpt lat="59.437212" lon="24.747776">
        <ele>20.8</ele>
        <time>2026-08-19T15:58:32Z</time>
      </trkpt>
      <trkpt lat="59.437223" lon="24.747791">
        <ele>20.8</ele>
        <time>2026-08-19T15:58:33Z</time>
      </trkpt>
      <trkpt lat="59.437229" lon="24.747796">
        <ele>20.8</ele>
        <time>2026-08-19T15:58:34Z</time>
      </trkpt>
      <trkpt lat="59.437211" lon="24.747779">
        <ele>20.8</ele>
        <time>2026-08-19T15:58:35Z</time>
      </trkpt>
      <trkpt lat="59.43721" lon="24.747778">
        <ele>20.8</ele>
        <time>2026-08-19T15:58:36Z</time>
      </trkpt>
      <trkpt lat="59.437208" lon="24.747776">
        <ele>20.8</ele>
        <time>2026-08-19T15:58:37Z</time>
      </trkpt>
      <trkpt lat="59.437207" lon="24.747775">
        <ele>20.8</ele>
        <time>2026-08-19T15:58:38Z</time>
      </trkpt>
      <trkpt lat="59.437205" lon="24.747773">
        <ele>20.8</ele>
        <time>2026-08-19T15:58:39Z</time>
      </trkpt>
      <trkpt lat="59.437204" lon="24.747772">
        <ele>20.8</ele>
        <time>2026-08-19T15:58:40Z</time>
      </trkpt>
      <trkpt lat="59.437202" lon="24.747771">
        <ele>20.8</ele>
        <time>2026-08-19T15:58:41Z</time>
      </trkpt>
      <trkpt lat="59.437201" lon="24.747769">
        <ele>20.8</ele>
        <time>2026-08-19T15:58:42Z</time>
      </trkpt>
      <trkpt lat="59.437199" lon="24.747768">
        <ele>20.8</ele>
        <time>2026-08-19T15:58:43Z</time>
      </trkpt>
      <trkpt lat="59.437198" lon="24.747766">
        <ele>20.8</ele>
        <time>2026-08-19T15:58:44Z</time>
      </trkpt>
      <trkpt lat="59.437196" lon="24.747765">
        <ele>20.8</ele>
        <time>2026-08-19T15:58:45Z</time>
      </trkpt>
      <trkpt lat="59.437195" lon="24.747763">
        <ele>20.8</ele>
        <time>2026-08-19T15:58:46Z</time>
      </trkpt>
      <trkpt lat="59.437193" lon="24.747762">
        <ele>20.8</ele>
        <time>2026-08-19T15:58:47Z</time>
      </trkpt>
      <trkpt lat="59.437192" lon="24.747761">
        <ele>20.8</ele>
        <time>2026-08-19T15:58:48Z</time>
      </trkpt>
      <trkpt lat="59.43719" lon="24.747759">
        <ele>20.8</ele>
        <time>2026-08-19T15:58:49Z</time>
      </trkpt>
      <trkpt lat="59.437189" lon="24.747758">
        <ele>20.8</ele>
        <time>2026-08-19T15:58:50Z</time>
      </trkpt>
      <trkpt lat="59.437187" lon="24.747756">
        <ele>20.8</ele>
        <time>2026-08-19T15:58:51Z</time>
      </trkpt>
      <trkpt lat="59.437186" lon="24.747755">
        <ele>20.8</ele>
        <time>2026-08-19T15:58:52Z</time>
      </trkpt>
      <trkpt lat="59.437184" lon="24.747754">
        <ele>20.8</ele>
        <time>2026-08-19T15:58:53Z</time>
      </trkpt>
      <trkpt lat="59.437183" lon="24.747752">
        <ele>20.8</ele>
        <time>2026-08-19T15:58:54Z</time>
      </trkpt>
      <trkpt lat="59.437181" lon="24.747751">
        <ele>20.8</ele>
        <time>2026-08-19T15:58:55Z</time>
      </trkpt>
      <trkpt lat="59.43718" lon="24.747749">
        <ele>20.8</ele>
        <time>2026-08-19T15:58:56Z</time>
      </trkpt>
      <trkpt lat="59.437178" lon="24.747748">
        <ele>20.8</ele>
        <time>2026-08-19T15:58:57Z</time>
      </trkpt>
      <trkpt lat="59.437177" lon="24.747746">
        <ele>20.8</ele>
        <time>2026-08-19T15:58:58Z</time>
      </trkpt>
      <trkpt lat="59.437176" lon="24.747745">
        <ele>20.8</ele>
        <time>2026-08-19T15:58:59Z</time>
      </trkpt>
      <trkpt lat="59.437174" lon="24.747744">
        <ele>20.8</ele>
        <time>2026-08-19T15:59:00Z</time>
      </trkpt>
      <trkpt lat="59.437173" lon="24.747742">
        <ele>20.8</ele>
        <time>2026-08-19T15:59:01Z</time>
      </trkpt>
      <trkpt lat="59.437171" lon="24.747741">
        <ele>20.8</ele>
        <time>2026-08-19T15:59:02Z</time>
      </trkpt>
      <trkpt lat="59.43717" lon="24.747739">
        <ele>20.8</ele>
        <time>2026-08-19T15:59:03Z</time>
      </trkpt>
      <trkpt lat="59.437168" lon="24.747738">
        <ele>20.8</ele>
        <time>2026-08-19T15:59:04Z</time>
      </trkpt>
      <trkpt lat="59.437167" lon="24.747737">
        <ele>20.8</ele>
        <time>2026-08-19T15:59:05Z</time>
      </trkpt>
      <trkpt lat="59.437165" lon="24.747735">
        <ele>20.8</ele>
        <time>2026-08-19T15:59:06Z</time>
      </trkpt>
      <trkpt lat="59.437164" lon="24.747734">
        <ele>20.8</ele>
        <time>2026-08-19T15:59:07Z</time>
      </trkpt>
      <trkpt lat="59.437162" lon="24.747732">
        <ele>20.8</ele>
        <time>2026-08-19T15:59:08Z</time>
      </trkpt>
      <trkpt lat="59.437161" lon="24.747731">
        <ele>20.8</ele>
        <time>2026-08-19T15:59:09Z</time>
      </trkpt>
      <trkpt lat="59.437159" lon="24.74773">
        <ele>20.8</ele>
        <time>2026-08-19T15:59:10Z</time>
      </trkpt>
      <trkpt lat="59.437158" lon="24.747728">
        <ele>20.8</ele>
        <time>2026-08-19T15:59:11Z</time>
      </trkpt>
      <trkpt lat="59.437156" lon="24.747727">
        <ele>20.8</ele>
        <time>2026-08-19T15:59:12Z</time>
      </trkpt>
      <trkpt lat="59.437155" lon="24.747725">
        <ele>20.8</ele>
        <time>2026-08-19T15:59:13Z</time>
      </trkpt>
      <trkpt lat="59.437153" lon="24.747724">
        <ele>20.8</ele>
        <time>2026-08-19T15:59:14Z</time>
      </trkpt>
      <trkpt lat="59.437152" lon="24.747722">
        <ele>20.8</ele>
        <time>2026-08-19T15:59:15Z</time>
      </trkpt>
      <trkpt lat="59.43715" lon="24.747721">
        <ele>20.8</ele>
        <time>2026-08-19T15:59:16Z</time>
      </trkpt>
      <trkpt lat="59.437149" lon="24.74772">
        <ele>20.8</ele>
        <time>2026-08-19T15:59:17Z</time>
      </trkpt>
      <trkpt lat="59.437147" lon="24.747718">
        <ele>20.8</ele>
        <time>2026-08-19T15:59:18Z</time>
      </trkpt>
      <trkpt lat="59.437146" lon="24.747717">
        <ele>20.8</ele>
        <time>2026-08-19T15:59:19Z</time>
      </trkpt>
      <trkpt lat="59.437144" lon="24.747715">
        <ele>20.8</ele>
        <time>2026-08-19T15:59:20Z</time>
      </trkpt>
      <trkpt lat="59.437143" lon="24.747714">
        <ele>20.8</ele>
        <time>2026-08-19T15:59:21Z</time>
      </trkpt>
      <trkpt lat="59.437142" lon="24.74771">
        <ele>20.8</ele>
        <time>2026-08-19T15:59:22Z</time>
      </trkpt>
      <trkpt lat="59.437138" lon="24.747708">
        <ele>20.8</ele>
        <time>2026-08-19T15:59:23Z</time>
      </trkpt>
      <trkpt lat="59.437138" lon="24.747708">
        <ele>20.8</ele>
        <time>2026-08-19T15:59:24Z</time>
      </trkpt>
      <trkpt lat="59.437138" lon="24.747708">
        <ele>20.8</ele>
        <time>2026-08-19T15:59:25Z</time>
      </trkpt>
      <trkpt lat="59.437131" lon="24.74771">
        <ele>20.8</ele>
        <time>2026-08-19T15:59:26Z</time>
      </trkpt>
      <trkpt lat="59.437131" lon="24.747712">
        <ele>20.8</ele>
        <time>2026-08-19T15:59:27Z</time>
      </trkpt>
      <trkpt lat="59.437143" lon="24.747712">
        <ele>20.8</ele>
        <time>2026-08-19T15:59:28Z</time>
      </trkpt>
      <trkpt lat="59.437156" lon="24.74771">
        <ele>20.8</ele>
        <time>2026-08-19T15:59:29Z</time>
      </trkpt>
      <trkpt lat="59.437161" lon="24.747715">
        <ele>20.8</ele>
        <time>2026-08-19T15:59:30Z</time>
      </trkpt>
      <trkpt lat="59.437161" lon="24.747726">
        <ele>20.8</ele>
        <time>2026-08-19T15:59:31Z</time>
      </trkpt>
      <trkpt lat="59.437174" lon="24.747736">
        <ele>20.8</ele>
        <time>2026-08-19T15:59:32Z</time>
      </trkpt>
      <trkpt lat="59.437181" lon="24.747749">
        <ele>20.8</ele>
        <time>2026-08-19T15:59:33Z</time>
      </trkpt>
      <trkpt lat="59.437182" lon="24.747755">
        <ele>20.8</ele>
        <time>2026-08-19T15:59:34Z</time>
      </trkpt>
      <trkpt lat="59.437182" lon="24.747755">
        <ele>20.8</ele>
        <time>2026-08-19T15:59:35Z</time>
      </trkpt>
      <trkpt lat="59.437198" lon="24.747779">
        <ele>20.8</ele>
        <time>2026-08-19T15:59:36Z</time>
      </trkpt>
      <trkpt lat="59.437216" lon="24.747796">
        <ele>20.8</ele>
        <time>2026-08-19T15:59:37Z</time>
      </trkpt>
      <trkpt lat="59.437221" lon="24.747808">
        <ele>20.8</ele>
        <time>2026-08-19T15:59:38Z</time>
      </trkpt>
      <trkpt lat="59.43721" lon="24.747804">
        <ele>20.8</ele>
        <time>2026-08-19T15:59:39Z</time>
      </trkpt>
      <trkpt lat="59.437202" lon="24.7478">
        <ele>20.8</ele>
        <time>2026-08-19T15:59:40Z</time>
      </trkpt>
      <trkpt lat="59.437191" lon="24.747799">
        <ele>20.8</ele>
        <time>2026-08-19T15:59:41Z</time>
      </trkpt>
      <trkpt lat="59.437194" lon="24.747786">
        <ele>20.8</ele>
        <time>2026-08-19T15:59:42Z</time>
      </trkpt>
      <trkpt lat="59.437188" lon="24.747786">
        <ele>20.8</ele>
        <time>2026-08-19T15:59:43Z</time>
      </trkpt>
      <trkpt lat="59.437188" lon="24.747784">
        <ele>20.8</ele>
        <time>2026-08-19T15:59:44Z</time>
      </trkpt>
      <trkpt lat="59.437188" lon="24.747784">
        <ele>20.8</ele>
        <time>2026-08-19T15:59:45Z</time>
      </trkpt>
      <trkpt lat="59.437188" lon="24.747784">
        <ele>20.8</ele>
        <time>2026-08-19T15:59:46Z</time>
      </trkpt>
      <trkpt lat="59.437188" lon="24.747784">
        <ele>20.8</ele>
        <time>2026-08-19T15:59:47Z</time>
      </trkpt>
      <trkpt lat="59.437188" lon="24.747784">
        <ele>20.8</ele>
        <time>2026-08-19T15:59:48Z</time>
      </trkpt>
      <trkpt lat="59.437197" lon="24.7478">
        <ele>20.8</ele>
        <time>2026-08-19T15:59:49Z</time>
      </trkpt>
      <trkpt lat="59.437193" lon="24.747798">
        <ele>20.8</ele>
        <time>2026-08-19T15:59:50Z</time>
      </trkpt>
      <trkpt lat="59.437193" lon="24.747798">
        <ele>20.8</ele>
        <time>2026-08-19T15:59:51Z</time>
      </trkpt>
      <trkpt lat="59.437193" lon="24.747798">
        <ele>20.8</ele>
        <time>2026-08-19T15:59:52Z</time>
      </trkpt>
      <trkpt lat="59.437186" lon="24.747784">
        <ele>20.8</ele>
        <time>2026-08-19T15:59:53Z</time>
      </trkpt>
      <trkpt lat="59.437186" lon="24.747784">
        <ele>20.8</ele>
        <time>2026-08-19T15:59:54Z</time>
      </trkpt>
      <trkpt lat="59.437186" lon="24.747784">
        <ele>20.8</ele>
        <time>2026-08-19T15:59:55Z</time>
      </trkpt>
      <trkpt lat="59.437182" lon="24.747784">
        <ele>20.8</ele>
        <time>2026-08-19T15:59:56Z</time>
      </trkpt>
      <trkpt lat="59.437182" lon="24.747784">
        <ele>20.8</ele>
        <time>2026-08-19T15:59:57Z</time>
      </trkpt>
      <trkpt lat="59.437182" lon="24.747784">
        <ele>20.8</ele>
        <time>2026-08-19T15:59:58Z</time>
      </trkpt>
      <trkpt lat="59.437184" lon="24.747781">
        <ele>20.8</ele>
        <time>2026-08-19T15:59:59Z</time>
      </trkpt>
      <trkpt lat="59.437183" lon="24.747782">
        <ele>20.8</ele>
        <time>2026-08-19T16:00:00Z</time>
      </trkpt>
      <trkpt lat="59.437179" lon="24.747778">
        <ele>20.8</ele>
        <time>2026-08-19T16:00:01Z</time>
      </trkpt>
      <trkpt lat="59.437178" lon="24.747784">
        <ele>20.8</ele>
        <time>2026-08-19T16:00:02Z</time>
      </trkpt>
      <trkpt lat="59.437185" lon="24.747786">
        <ele>20.8</ele>
        <time>2026-08-19T16:00:03Z</time>
      </trkpt>
      <trkpt lat="59.437184" lon="24.747785">
        <ele>20.8</ele>
        <time>2026-08-19T16:00:04Z</time>
      </trkpt>
      <trkpt lat="59.437184" lon="24.747785">
        <ele>20.8</ele>
        <time>2026-08-19T16:00:05Z</time>
      </trkpt>
      <trkpt lat="59.437184" lon="24.747785">
        <ele>20.8</ele>
        <time>2026-08-19T16:00:06Z</time>
      </trkpt>
      <trkpt lat="59.437184" lon="24.747785">
        <ele>20.8</ele>
        <time>2026-08-19T16:00:07Z</time>
      </trkpt>
      <trkpt lat="59.437184" lon="24.747785">
        <ele>20.8</ele>
        <time>2026-08-19T16:00:08Z</time>
      </trkpt>
      <trkpt lat="59.437186" lon="24.747787">
        <ele>20.8</ele>
        <time>2026-08-19T16:00:09Z</time>
      </trkpt>
      <trkpt lat="59.437185" lon="24.747785">
        <ele>20.8</ele>
        <time>2026-08-19T16:00:10Z</time>
      </trkpt>
      <trkpt lat="59.437185" lon="24.747785">
        <ele>20.8</ele>
        <time>2026-08-19T16:00:11Z</time>
      </trkpt>
      <trkpt lat="59.437185" lon="24.747785">
        <ele>20.8</ele>
        <time>2026-08-19T16:00:12Z</time>
      </trkpt>
      <trkpt lat="59.437185" lon="24.747785">
        <ele>20.8</ele>
        <time>2026-08-19T16:00:13Z</time>
      </trkpt>
      <trkpt lat="59.437185" lon="24.747785">
        <ele>20.8</ele>
        <time>2026-08-19T16:00:14Z</time>
      </trkpt>
      <trkpt lat="59.437185" lon="24.747785">
        <ele>20.8</ele>
        <time>2026-08-19T16:00:15Z</time>
      </trkpt>
      <trkpt lat="59.437205" lon="24.747805">
        <ele>20.8</ele>
        <time>2026-08-19T16:00:16Z</time>
      </trkpt>
      <trkpt lat="59.437208" lon="24.747804">
        <ele>20.8</ele>
        <time>2026-08-19T16:00:17Z</time>
      </trkpt>
      <trkpt lat="59.437209" lon="24.747802">
        <ele>20.8</ele>
        <time>2026-08-19T16:00:18Z</time>
      </trkpt>
      <trkpt lat="59.437209" lon="24.7478">
        <ele>20.8</ele>
        <time>2026-08-19T16:00:19Z</time>
      </trkpt>
      <trkpt lat="59.437214" lon="24.7478">
        <ele>20.8</ele>
        <time>2026-08-19T16:00:20Z</time>
      </trkpt>
      <trkpt lat="59.437214" lon="24.7478">
        <ele>20.8</ele>
        <time>2026-08-19T16:00:21Z</time>
      </trkpt>
      <trkpt lat="59.437214" lon="24.7478">
        <ele>20.8</ele>
        <time>2026-08-19T16:00:22Z</time>
      </trkpt>
      <trkpt lat="59.437214" lon="24.7478">
        <ele>20.8</ele>
        <time>2026-08-19T16:00:23Z</time>
      </trkpt>
      <trkpt lat="59.437214" lon="24.7478">
        <ele>20.8</ele>
        <time>2026-08-19T16:00:24Z</time>
      </trkpt>
      <trkpt lat="59.437214" lon="24.7478">
        <ele>20.8</ele>
        <time>2026-08-19T16:00:25Z</time>
      </trkpt>
      <trkpt lat="59.437214" lon="24.7478">
        <ele>20.8</ele>
        <time>2026-08-19T16:00:26Z</time>
      </trkpt>
      <trkpt lat="59.437214" lon="24.7478">
        <ele>20.8</ele>
        <time>2026-08-19T16:00:27Z</time>
      </trkpt>
      <trkpt lat="59.437214" lon="24.7478">
        <ele>20.8</ele>
        <time>2026-08-19T16:00:28Z</time>
      </trkpt>
      <trkpt lat="59.437214" lon="24.7478">
        <ele>20.8</ele>
        <time>2026-08-19T16:00:29Z</time>
      </trkpt>
      <trkpt lat="59.437214" lon="24.7478">
        <ele>20.8</ele>
        <time>2026-08-19T16:00:30Z</time>
      </trkpt>
      <trkpt lat="59.437214" lon="24.7478">
        <ele>20.8</ele>
        <time>2026-08-19T16:00:31Z</time>
      </trkpt>
      <trkpt lat="59.437214" lon="24.7478">
        <ele>20.8</ele>
        <time>2026-08-19T16:00:32Z</time>
      </trkpt>
      <trkpt lat="59.437199" lon="24.747798">
        <ele>20.8</ele>
        <time>2026-08-19T16:00:33Z</time>
      </trkpt>
      <trkpt lat="59.437208" lon="24.747791">
        <ele>20.8</ele>
        <time>2026-08-19T16:00:34Z</time>
      </trkpt>
      <trkpt lat="59.437214" lon="24.747801">
        <ele>20.8</ele>
        <time>2026-08-19T16:00:35Z</time>
      </trkpt>
      <trkpt lat="59.437194" lon="24.747802">
        <ele>20.8</ele>
        <time>2026-08-19T16:00:36Z</time>
      </trkpt>
      <trkpt lat="59.437199" lon="24.747794">
        <ele>20.8</ele>
        <time>2026-08-19T16:00:37Z</time>
      </trkpt>
      <trkpt lat="59.437205" lon="24.747803">
        <ele>20.8</ele>
        <time>2026-08-19T16:00:38Z</time>
      </trkpt>
      <trkpt lat="59.43721" lon="24.747804">
        <ele>20.8</ele>
        <time>2026-08-19T16:00:39Z</time>
      </trkpt>
      <trkpt lat="59.437205" lon="24.747795">
        <ele>20.8</ele>
        <time>2026-08-19T16:00:40Z</time>
      </trkpt>
      <trkpt lat="59.437209" lon="24.747798">
        <ele>20.8</ele>
        <time>2026-08-19T16:00:41Z</time>
      </trkpt>
      <trkpt lat="59.437212" lon="24.747799">
        <ele>20.8</ele>
        <time>2026-08-19T16:00:42Z</time>
      </trkpt>
      <trkpt lat="59.437215" lon="24.747809">
        <ele>20.8</ele>
        <time>2026-08-19T16:00:43Z</time>
      </trkpt>
      <trkpt lat="59.437221" lon="24.747822">
        <ele>20.8</ele>
        <time>2026-08-19T16:00:44Z</time>
      </trkpt>
      <trkpt lat="59.437221" lon="24.747833">
        <ele>20.8</ele>
        <time>2026-08-19T16:00:45Z</time>
      </trkpt>
      <trkpt lat="59.437231" lon="24.747834">
        <ele>20.8</ele>
        <time>2026-08-19T16:00:46Z</time>
      </trkpt>
      <trkpt lat="59.437248" lon="24.747852">
        <ele>20.8</ele>
        <time>2026-08-19T16:00:47Z</time>
      </trkpt>
      <trkpt lat="59.437231" lon="24.74783">
        <ele>20.8</ele>
        <time>2026-08-19T16:00:48Z</time>
      </trkpt>
      <trkpt lat="59.437228" lon="24.747821">
        <ele>20.8</ele>
        <time>2026-08-19T16:00:49Z</time>
      </trkpt>
      <trkpt lat="59.437222" lon="24.747817">
        <ele>20.8</ele>
        <time>2026-08-19T16:00:50Z</time>
      </trkpt>
      <trkpt lat="59.437215" lon="24.747806">
        <ele>20.8</ele>
        <time>2026-08-19T16:00:51Z</time>
      </trkpt>
      <trkpt lat="59.437203" lon="24.7478">
        <ele>20.8</ele>
        <time>2026-08-19T16:00:52Z</time>
      </trkpt>
      <trkpt lat="59.437194" lon="24.747792">
        <ele>20.8</ele>
        <time>2026-08-19T16:00:53Z</time>
      </trkpt>
      <trkpt lat="59.437192" lon="24.747801">
        <ele>20.8</ele>
        <time>2026-08-19T16:00:54Z</time>
      </trkpt>
      <trkpt lat="59.437183" lon="24.747789">
        <ele>20.8</ele>
        <time>2026-08-19T16:00:55Z</time>
      </trkpt>
      <trkpt lat="59.437176" lon="24.747767">
        <ele>20.8</ele>
        <time>2026-08-19T16:00:56Z</time>
      </trkpt>
      <trkpt lat="59.437167" lon="24.747747">
        <ele>20.8</ele>
        <time>2026-08-19T16:00:57Z</time>
      </trkpt>
      <trkpt lat="59.437153" lon="24.747753">
        <ele>20.8</ele>
        <time>2026-08-19T16:00:58Z</time>
      </trkpt>
      <trkpt lat="59.437137" lon="24.747761">
        <ele>20.8</ele>
        <time>2026-08-19T16:00:59Z</time>
      </trkpt>
      <trkpt lat="59.437122" lon="24.747799">
        <ele>20.8</ele>
        <time>2026-08-19T16:01:00Z</time>
      </trkpt>
      <trkpt lat="59.437129" lon="24.747797">
        <ele>20.8</ele>
        <time>2026-08-19T16:01:01Z</time>
      </trkpt>
      <trkpt lat="59.437113" lon="24.747815">
        <ele>20.8</ele>
        <time>2026-08-19T16:01:02Z</time>
      </trkpt>
      <trkpt lat="59.437109" lon="24.74782">
        <ele>20.8</ele>
        <time>2026-08-19T16:01:03Z</time>
      </trkpt>
      <trkpt lat="59.437121" lon="24.747772">
        <ele>20.7</ele>
        <time>2026-08-19T16:01:04Z</time>
      </trkpt>
      <trkpt lat="59.437125" lon="24.747763">
        <ele>20.7</ele>
        <time>2026-08-19T16:01:05Z</time>
      </trkpt>
      <trkpt lat="59.437118" lon="24.74777">
        <ele>20.7</ele>
        <time>2026-08-19T16:01:06Z</time>
      </trkpt>
      <trkpt lat="59.437129" lon="24.747782">
        <ele>20.7</ele>
        <time>2026-08-19T16:01:07Z</time>
      </trkpt>
      <trkpt lat="59.437159" lon="24.747771">
        <ele>20.7</ele>
        <time>2026-08-19T16:01:08Z</time>
      </trkpt>
      <trkpt lat="59.437169" lon="24.747787">
        <ele>20.7</ele>
        <time>2026-08-19T16:01:09Z</time>
      </trkpt>
      <trkpt lat="59.437169" lon="24.747778">
        <ele>20.7</ele>
        <time>2026-08-19T16:01:10Z</time>
      </trkpt>
      <trkpt lat="59.437171" lon="24.747773">
        <ele>20.7</ele>
        <time>2026-08-19T16:01:11Z</time>
      </trkpt>
      <trkpt lat="59.43718" lon="24.747781">
        <ele>20.7</ele>
        <time>2026-08-19T16:01:12Z</time>
      </trkpt>
      <trkpt lat="59.437173" lon="24.747804">
        <ele>20.7</ele>
        <time>2026-08-19T16:01:13Z</time>
      </trkpt>
      <trkpt lat="59.437163" lon="24.747829">
        <ele>20.7</ele>
        <time>2026-08-19T16:01:14Z</time>
      </trkpt>
      <trkpt lat="59.437153" lon="24.747832">
        <ele>20.7</ele>
        <time>2026-08-19T16:01:15Z</time>
      </trkpt>
      <trkpt lat="59.437139" lon="24.74781">
        <ele>20.7</ele>
        <time>2026-08-19T16:01:16Z</time>
      </trkpt>
      <trkpt lat="59.437135" lon="24.747799">
        <ele>20.7</ele>
        <time>2026-08-19T16:01:17Z</time>
      </trkpt>
      <trkpt lat="59.437136" lon="24.747795">
        <ele>20.7</ele>
        <time>2026-08-19T16:01:18Z</time>
      </trkpt>
      <trkpt lat="59.437124" lon="24.747775">
        <ele>20.7</ele>
        <time>2026-08-19T16:01:19Z</time>
      </trkpt>
      <trkpt lat="59.437137" lon="24.747786">
        <ele>20.6</ele>
        <time>2026-08-19T16:01:20Z</time>
      </trkpt>
      <trkpt lat="59.437157" lon="24.747787">
        <ele>20.6</ele>
        <time>2026-08-19T16:01:21Z</time>
      </trkpt>
      <trkpt lat="59.437157" lon="24.747793">
        <ele>20.6</ele>
        <time>2026-08-19T16:01:22Z</time>
      </trkpt>
      <trkpt lat="59.437145" lon="24.747819">
        <ele>20.6</ele>
        <time>2026-08-19T16:01:23Z</time>
      </trkpt>
      <trkpt lat="59.437154" lon="24.747815">
        <ele>20.6</ele>
        <time>2026-08-19T16:01:24Z</time>
      </trkpt>
      <trkpt lat="59.437188" lon="24.747821">
        <ele>20.6</ele>
        <time>2026-08-19T16:01:25Z</time>
      </trkpt>
      <trkpt lat="59.437214" lon="24.74777">
        <ele>20.6</ele>
        <time>2026-08-19T16:01:26Z</time>
      </trkpt>
      <trkpt lat="59.437193" lon="24.747715">
        <ele>20.6</ele>
        <time>2026-08-19T16:01:27Z</time>
      </trkpt>
      <trkpt lat="59.437174" lon="24.747675">
        <ele>20.5</ele>
        <time>2026-08-19T16:01:28Z</time>
      </trkpt>
      <trkpt lat="59.437147" lon="24.747632">
        <ele>20.5</ele>
        <time>2026-08-19T16:01:29Z</time>
      </trkpt>
      <trkpt lat="59.437154" lon="24.747596">
        <ele>20.5</ele>
        <time>2026-08-19T16:01:30Z</time>
      </trkpt>
      <trkpt lat="59.437176" lon="24.747586">
        <ele>20.5</ele>
        <time>2026-08-19T16:01:31Z</time>
      </trkpt>
      <trkpt lat="59.437191" lon="24.74757">
        <ele>20.5</ele>
        <time>2026-08-19T16:01:32Z</time>
      </trkpt>
      <trkpt lat="59.437162" lon="24.747543">
        <ele>20.4</ele>
        <time>2026-08-19T16:01:33Z</time>
      </trkpt>
      <trkpt lat="59.437172" lon="24.747521">
        <ele>20.4</ele>
        <time>2026-08-19T16:01:34Z</time>
      </trkpt>
      <trkpt lat="59.437156" lon="24.747487">
        <ele>20.4</ele>
        <time>2026-08-19T16:01:35Z</time>
      </trkpt>
      <trkpt lat="59.437139" lon="24.747474">
        <ele>20.4</ele>
        <time>2026-08-19T16:01:36Z</time>
      </trkpt>
      <trkpt lat="59.437115" lon="24.747456">
        <ele>20.4</ele>
        <time>2026-08-19T16:01:37Z</time>
      </trkpt>
      <trkpt lat="59.437158" lon="24.747439">
        <ele>20.4</ele>
        <time>2026-08-19T16:01:38Z</time>
      </trkpt>
      <trkpt lat="59.437171" lon="24.74742">
        <ele>20.3</ele>
        <time>2026-08-19T16:01:39Z</time>
      </trkpt>
      <trkpt lat="59.437175" lon="24.747402">
        <ele>20.3</ele>
        <time>2026-08-19T16:01:40Z</time>
      </trkpt>
      <trkpt lat="59.437206" lon="24.747349">
        <ele>20.3</ele>
        <time>2026-08-19T16:01:41Z</time>
      </trkpt>
      <trkpt lat="59.437203" lon="24.747364">
        <ele>20.3</ele>
        <time>2026-08-19T16:01:42Z</time>
      </trkpt>
      <trkpt lat="59.437207" lon="24.747348">
        <ele>20.3</ele>
        <time>2026-08-19T16:01:43Z</time>
      </trkpt>
      <trkpt lat="59.43722" lon="24.747347">
        <ele>20.3</ele>
        <time>2026-08-19T16:01:44Z</time>
      </trkpt>
      <trkpt lat="59.437238" lon="24.747341">
        <ele>20.3</ele>
        <time>2026-08-19T16:01:45Z</time>
      </trkpt>
      <trkpt lat="59.437246" lon="24.747301">
        <ele>20.2</ele>
        <time>2026-08-19T16:01:46Z</time>
      </trkpt>
      <trkpt lat="59.437247" lon="24.747272">
        <ele>20.2</ele>
        <time>2026-08-19T16:01:47Z</time>
      </trkpt>
      <trkpt lat="59.437274" lon="24.74725">
        <ele>20.2</ele>
        <time>2026-08-19T16:01:48Z</time>
      </trkpt>
      <trkpt lat="59.43729" lon="24.747259">
        <ele>20.1</ele>
        <time>2026-08-19T16:01:49Z</time>
      </trkpt>
      <trkpt lat="59.437309" lon="24.747253">
        <ele>20.1</ele>
        <time>2026-08-19T16:01:50Z</time>
      </trkpt>
      <trkpt lat="59.437323" lon="24.74724">
        <ele>20.1</ele>
        <time>2026-08-19T16:01:51Z</time>
      </trkpt>
      <trkpt lat="59.437338" lon="24.747229">
        <ele>20.1</ele>
        <time>2026-08-19T16:01:52Z</time>
      </trkpt>
      <trkpt lat="59.437367" lon="24.747236">
        <ele>20.1</ele>
        <time>2026-08-19T16:01:53Z</time>
      </trkpt>
      <trkpt lat="59.437383" lon="24.747231">
        <ele>20.0</ele>
        <time>2026-08-19T16:01:54Z</time>
      </trkpt>
      <trkpt lat="59.437419" lon="24.747249">
        <ele>20.0</ele>
        <time>2026-08-19T16:01:55Z</time>
      </trkpt>
      <trkpt lat="59.437438" lon="24.747243">
        <ele>20.0</ele>
        <time>2026-08-19T16:01:56Z</time>
      </trkpt>
      <trkpt lat="59.437393" lon="24.747222">
        <ele>19.9</ele>
        <time>2026-08-19T16:01:58Z</time>
      </trkpt>
      <trkpt lat="59.437404" lon="24.746992">
        <ele>19.2</ele>
        <time>2026-08-19T16:01:59Z</time>
      </trkpt>
      <trkpt lat="59.437359" lon="24.746992">
        <ele>19.2</ele>
        <time>2026-08-19T16:02:00Z</time>
      </trkpt>
      <trkpt lat="59.437395" lon="24.747016">
        <ele>19.2</ele>
        <time>2026-08-19T16:02:01Z</time>
      </trkpt>
      <trkpt lat="59.437363" lon="24.746989">
        <ele>19.2</ele>
        <time>2026-08-19T16:02:02Z</time>
      </trkpt>
      <trkpt lat="59.437341" lon="24.746959">
        <ele>19.2</ele>
        <time>2026-08-19T16:02:03Z</time>
      </trkpt>
      <trkpt lat="59.437345" lon="24.746947">
        <ele>19.2</ele>
        <time>2026-08-19T16:02:04Z</time>
      </trkpt>
      <trkpt lat="59.437368" lon="24.746982">
        <ele>19.2</ele>
        <time>2026-08-19T16:02:05Z</time>
      </trkpt>
      <trkpt lat="59.43737" lon="24.747014">
        <ele>19.2</ele>
        <time>2026-08-19T16:02:06Z</time>
      </trkpt>
      <trkpt lat="59.437349" lon="24.74701">
        <ele>19.1</ele>
        <time>2026-08-19T16:02:07Z</time>
      </trkpt>
      <trkpt lat="59.437364" lon="24.747022">
        <ele>19.1</ele>
        <time>2026-08-19T16:02:08Z</time>
      </trkpt>
      <trkpt lat="59.437381" lon="24.747041">
        <ele>19.1</ele>
        <time>2026-08-19T16:02:09Z</time>
      </trkpt>
      <trkpt lat="59.437381" lon="24.747041">
        <ele>19.1</ele>
        <time>2026-08-19T16:02:10Z</time>
      </trkpt>
      <trkpt lat="59.437381" lon="24.747041">
        <ele>19.1</ele>
        <time>2026-08-19T16:02:11Z</time>
      </trkpt>
      <trkpt lat="59.437381" lon="24.747041">
        <ele>19.1</ele>
        <time>2026-08-19T16:02:12Z</time>
      </trkpt>
      <trkpt lat="59.43738" lon="24.747044">
        <ele>19.1</ele>
        <time>2026-08-19T16:02:13Z</time>
      </trkpt>
      <trkpt lat="59.43738" lon="24.747044">
        <ele>19.1</ele>
        <time>2026-08-19T16:02:14Z</time>
      </trkpt>
      <trkpt lat="59.437377" lon="24.747055">
        <ele>19.0</ele>
        <time>2026-08-19T16:02:15Z</time>
      </trkpt>
      <trkpt lat="59.437377" lon="24.747055">
        <ele>19.0</ele>
        <time>2026-08-19T16:02:16Z</time>
      </trkpt>
      <trkpt lat="59.437377" lon="24.747055">
        <ele>19.0</ele>
        <time>2026-08-19T16:02:17Z</time>
      </trkpt>
      <trkpt lat="59.437374" lon="24.747065">
        <ele>19.0</ele>
        <time>2026-08-19T16:02:18Z</time>
      </trkpt>
      <trkpt lat="59.437372" lon="24.747071">
        <ele>19.0</ele>
        <time>2026-08-19T16:02:19Z</time>
      </trkpt>
      <trkpt lat="59.437371" lon="24.747077">
        <ele>19.0</ele>
        <time>2026-08-19T16:02:20Z</time>
      </trkpt>
      <trkpt lat="59.437369" lon="24.747083">
        <ele>19.0</ele>
        <time>2026-08-19T16:02:21Z</time>
      </trkpt>
      <trkpt lat="59.437369" lon="24.747083">
        <ele>19.0</ele>
        <time>2026-08-19T16:02:22Z</time>
      </trkpt>
      <trkpt lat="59.437369" lon="24.747083">
        <ele>19.0</ele>
        <time>2026-08-19T16:02:23Z</time>
      </trkpt>
      <trkpt lat="59.437369" lon="24.747083">
        <ele>19.0</ele>
        <time>2026-08-19T16:02:24Z</time>
      </trkpt>
      <trkpt lat="59.437352" lon="24.747117">
        <ele>19.0</ele>
        <time>2026-08-19T16:02:25Z</time>
      </trkpt>
      <trkpt lat="59.437358" lon="24.74716">
        <ele>18.9</ele>
        <time>2026-08-19T16:02:26Z</time>
      </trkpt>
      <trkpt lat="59.43738" lon="24.747158">
        <ele>18.9</ele>
        <time>2026-08-19T16:02:27Z</time>
      </trkpt>
      <trkpt lat="59.437396" lon="24.747133">
        <ele>18.9</ele>
        <time>2026-08-19T16:02:28Z</time>
      </trkpt>
      <trkpt lat="59.437411" lon="24.74714">
        <ele>18.8</ele>
        <time>2026-08-19T16:02:29Z</time>
      </trkpt>
      <trkpt lat="59.437434" lon="24.747141">
        <ele>18.8</ele>
        <time>2026-08-19T16:02:30Z</time>
      </trkpt>
      <trkpt lat="59.437476" lon="24.747152">
        <ele>18.7</ele>
        <time>2026-08-19T16:02:31Z</time>
      </trkpt>
      <trkpt lat="59.437496" lon="24.747133">
        <ele>18.7</ele>
        <time>2026-08-19T16:02:32Z</time>
      </trkpt>
      <trkpt lat="59.437512" lon="24.747124">
        <ele>18.7</ele>
        <time>2026-08-19T16:02:33Z</time>
      </trkpt>
      <trkpt lat="59.437538" lon="24.747132">
        <ele>18.6</ele>
        <time>2026-08-19T16:02:34Z</time>
      </trkpt>
      <trkpt lat="59.437562" lon="24.747134">
        <ele>18.6</ele>
        <time>2026-08-19T16:02:35Z</time>
      </trkpt>
      <trkpt lat="59.437568" lon="24.747171">
        <ele>18.6</ele>
        <time>2026-08-19T16:02:36Z</time>
      </trkpt>
      <trkpt lat="59.437573" lon="24.747223">
        <ele>18.5</ele>
        <time>2026-08-19T16:02:37Z</time>
      </trkpt>
      <trkpt lat="59.437584" lon="24.747227">
        <ele>18.5</ele>
        <time>2026-08-19T16:02:38Z</time>
      </trkpt>
      <trkpt lat="59.437582" lon="24.747255">
        <ele>18.5</ele>
        <time>2026-08-19T16:02:39Z</time>
      </trkpt>
      <trkpt lat="59.43759" lon="24.747279">
        <ele>18.5</ele>
        <time>2026-08-19T16:02:40Z</time>
      </trkpt>
      <trkpt lat="59.43759" lon="24.747303">
        <ele>18.5</ele>
        <time>2026-08-19T16:02:41Z</time>
      </trkpt>
      <trkpt lat="59.437582" lon="24.747334">
        <ele>18.4</ele>
        <time>2026-08-19T16:02:42Z</time>
      </trkpt>
      <trkpt lat="59.437575" lon="24.747351">
        <ele>18.4</ele>
        <time>2026-08-19T16:02:43Z</time>
      </trkpt>
      <trkpt lat="59.437574" lon="24.74738">
        <ele>18.4</ele>
        <time>2026-08-19T16:02:44Z</time>
      </trkpt>
      <trkpt lat="59.437582" lon="24.747396">
        <ele>18.4</ele>
        <time>2026-08-19T16:02:45Z</time>
      </trkpt>
      <trkpt lat="59.437582" lon="24.747417">
        <ele>18.4</ele>
        <time>2026-08-19T16:02:46Z</time>
      </trkpt>
      <trkpt lat="59.437587" lon="24.74743">
        <ele>18.4</ele>
        <time>2026-08-19T16:02:47Z</time>
      </trkpt>
      <trkpt lat="59.437611" lon="24.747433">
        <ele>18.3</ele>
        <time>2026-08-19T16:02:48Z</time>
      </trkpt>
      <trkpt lat="59.437619" lon="24.747465">
        <ele>18.3</ele>
        <time>2026-08-19T16:02:49Z</time>
      </trkpt>
      <trkpt lat="59.437627" lon="24.747493">
        <ele>18.3</ele>
        <time>2026-08-19T16:02:50Z</time>
      </trkpt>
      <trkpt lat="59.43763" lon="24.747523">
        <ele>18.2</ele>
        <time>2026-08-19T16:02:51Z</time>
      </trkpt>
      <trkpt lat="59.437646" lon="24.747542">
        <ele>18.2</ele>
        <time>2026-08-19T16:02:52Z</time>
      </trkpt>
      <trkpt lat="59.437643" lon="24.747581">
        <ele>18.2</ele>
        <time>2026-08-19T16:02:53Z</time>
      </trkpt>
      <trkpt lat="59.437644" lon="24.747595">
        <ele>18.2</ele>
        <time>2026-08-19T16:02:54Z</time>
      </trkpt>
      <trkpt lat="59.437657" lon="24.747604">
        <ele>18.2</ele>
        <time>2026-08-19T16:02:55Z</time>
      </trkpt>
      <trkpt lat="59.437665" lon="24.747631">
        <ele>18.1</ele>
        <time>2026-08-19T16:02:56Z</time>
      </trkpt>
      <trkpt lat="59.437673" lon="24.74765">
        <ele>18.1</ele>
        <time>2026-08-19T16:02:57Z</time>
      </trkpt>
      <trkpt lat="59.437679" lon="24.74767">
        <ele>18.1</ele>
        <time>2026-08-19T16:02:58Z</time>
      </trkpt>
      <trkpt lat="59.437685" lon="24.747685">
        <ele>18.1</ele>
        <time>2026-08-19T16:02:59Z</time>
      </trkpt>
      <trkpt lat="59.437689" lon="24.747711">
        <ele>18.1</ele>
        <time>2026-08-19T16:03:00Z</time>
      </trkpt>
      <trkpt lat="59.437696" lon="24.747733">
        <ele>18.0</ele>
        <time>2026-08-19T16:03:01Z</time>
      </trkpt>
      <trkpt lat="59.437679" lon="24.747781">
        <ele>18.0</ele>
        <time>2026-08-19T16:03:02Z</time>
      </trkpt>
      <trkpt lat="59.437686" lon="24.747805">
        <ele>17.9</ele>
        <time>2026-08-19T16:03:03Z</time>
      </trkpt>
      <trkpt lat="59.437701" lon="24.747819">
        <ele>17.9</ele>
        <time>2026-08-19T16:03:04Z</time>
      </trkpt>
      <trkpt lat="59.437702" lon="24.747838">
        <ele>17.9</ele>
        <time>2026-08-19T16:03:05Z</time>
      </trkpt>
      <trkpt lat="59.437711" lon="24.747859">
        <ele>17.8</ele>
        <time>2026-08-19T16:03:06Z</time>
      </trkpt>
      <trkpt lat="59.437724" lon="24.747864">
        <ele>17.8</ele>
        <time>2026-08-19T16:03:07Z</time>
      </trkpt>
      <trkpt lat="59.437743" lon="24.747845">
        <ele>17.8</ele>
        <time>2026-08-19T16:03:08Z</time>
      </trkpt>
      <trkpt lat="59.437768" lon="24.747841">
        <ele>17.7</ele>
        <time>2026-08-19T16:03:09Z</time>
      </trkpt>
      <trkpt lat="59.437789" lon="24.747838">
        <ele>17.7</ele>
        <time>2026-08-19T16:03:10Z</time>
      </trkpt>
      <trkpt lat="59.437795" lon="24.747848">
        <ele>17.7</ele>
        <time>2026-08-19T16:03:11Z</time>
      </trkpt>
      <trkpt lat="59.437815" lon="24.747844">
        <ele>17.7</ele>
        <time>2026-08-19T16:03:12Z</time>
      </trkpt>
      <trkpt lat="59.437824" lon="24.747853">
        <ele>17.6</ele>
        <time>2026-08-19T16:03:13Z</time>
      </trkpt>
      <trkpt lat="59.437849" lon="24.747852">
        <ele>17.6</ele>
        <time>2026-08-19T16:03:14Z</time>
      </trkpt>
      <trkpt lat="59.43787" lon="24.747859">
        <ele>17.6</ele>
        <time>2026-08-19T16:03:15Z</time>
      </trkpt>
      <trkpt lat="59.437884" lon="24.747868">
        <ele>17.6</ele>
        <time>2026-08-19T16:03:16Z</time>
      </trkpt>
      <trkpt lat="59.437905" lon="24.747872">
        <ele>17.5</ele>
        <time>2026-08-19T16:03:17Z</time>
      </trkpt>
      <trkpt lat="59.437937" lon="24.747868">
        <ele>17.5</ele>
        <time>2026-08-19T16:03:18Z</time>
      </trkpt>
      <trkpt lat="59.437947" lon="24.747872">
        <ele>17.5</ele>
        <time>2026-08-19T16:03:19Z</time>
      </trkpt>
      <trkpt lat="59.43797" lon="24.747874">
        <ele>17.4</ele>
        <time>2026-08-19T16:03:20Z</time>
      </trkpt>
      <trkpt lat="59.437975" lon="24.747893">
        <ele>17.4</ele>
        <time>2026-08-19T16:03:21Z</time>
      </trkpt>
      <trkpt lat="59.437986" lon="24.74791">
        <ele>17.4</ele>
        <time>2026-08-19T16:03:22Z</time>
      </trkpt>
      <trkpt lat="59.438" lon="24.747913">
        <ele>17.4</ele>
        <time>2026-08-19T16:03:23Z</time>
      </trkpt>
      <trkpt lat="59.438021" lon="24.747908">
        <ele>17.4</ele>
        <time>2026-08-19T16:03:24Z</time>
      </trkpt>
      <trkpt lat="59.438032" lon="24.747905">
        <ele>17.3</ele>
        <time>2026-08-19T16:03:25Z</time>
      </trkpt>
      <trkpt lat="59.43804" lon="24.747901">
        <ele>17.3</ele>
        <time>2026-08-19T16:03:26Z</time>
      </trkpt>
      <trkpt lat="59.438049" lon="24.747891">
        <ele>17.3</ele>
        <time>2026-08-19T16:03:27Z</time>
      </trkpt>
      <trkpt lat="59.438061" lon="24.747879">
        <ele>17.3</ele>
        <time>2026-08-19T16:03:28Z</time>
      </trkpt>
      <trkpt lat="59.438074" lon="24.747875">
        <ele>17.3</ele>
        <time>2026-08-19T16:03:29Z</time>
      </trkpt>
      <trkpt lat="59.438095" lon="24.747918">
        <ele>17.2</ele>
        <time>2026-08-19T16:03:30Z</time>
      </trkpt>
      <trkpt lat="59.438113" lon="24.747909">
        <ele>17.2</ele>
        <time>2026-08-19T16:03:31Z</time>
      </trkpt>
      <trkpt lat="59.438123" lon="24.747922">
        <ele>17.2</ele>
        <time>2026-08-19T16:03:32Z</time>
      </trkpt>
      <trkpt lat="59.438131" lon="24.747932">
        <ele>17.2</ele>
        <time>2026-08-19T16:03:33Z</time>
      </trkpt>
      <trkpt lat="59.438134" lon="24.747948">
        <ele>17.2</ele>
        <time>2026-08-19T16:03:34Z</time>
      </trkpt>
      <trkpt lat="59.438147" lon="24.747963">
        <ele>17.2</ele>
        <time>2026-08-19T16:03:35Z</time>
      </trkpt>
      <trkpt lat="59.438153" lon="24.747974">
        <ele>17.2</ele>
        <time>2026-08-19T16:03:36Z</time>
      </trkpt>
      <trkpt lat="59.438154" lon="24.747967">
        <ele>17.1</ele>
        <time>2026-08-19T16:03:37Z</time>
      </trkpt>
      <trkpt lat="59.438153" lon="24.747965">
        <ele>17.1</ele>
        <time>2026-08-19T16:03:38Z</time>
      </trkpt>
      <trkpt lat="59.438148" lon="24.747972">
        <ele>17.1</ele>
        <time>2026-08-19T16:03:39Z</time>
      </trkpt>
      <trkpt lat="59.438147" lon="24.747971">
        <ele>17.1</ele>
        <time>2026-08-19T16:03:40Z</time>
      </trkpt>
      <trkpt lat="59.438136" lon="24.747978">
        <ele>17.1</ele>
        <time>2026-08-19T16:03:41Z</time>
      </trkpt>
      <trkpt lat="59.438135" lon="24.747973">
        <ele>17.1</ele>
        <time>2026-08-19T16:03:42Z</time>
      </trkpt>
      <trkpt lat="59.438136" lon="24.747982">
        <ele>17.1</ele>
        <time>2026-08-19T16:03:43Z</time>
      </trkpt>
      <trkpt lat="59.438136" lon="24.747982">
        <ele>17.1</ele>
        <time>2026-08-19T16:03:44Z</time>
      </trkpt>
      <trkpt lat="59.438136" lon="24.747985">
        <ele>17.1</ele>
        <time>2026-08-19T16:03:45Z</time>
      </trkpt>
      <trkpt lat="59.438152" lon="24.747995">
        <ele>17.1</ele>
        <time>2026-08-19T16:03:46Z</time>
      </trkpt>
      <trkpt lat="59.438165" lon="24.747988">
        <ele>17.1</ele>
        <time>2026-08-19T16:03:47Z</time>
      </trkpt>
      <trkpt lat="59.438158" lon="24.747982">
        <ele>17.1</ele>
        <time>2026-08-19T16:03:48Z</time>
      </trkpt>
      <trkpt lat="59.438154" lon="24.747983">
        <ele>17.1</ele>
        <time>2026-08-19T16:03:49Z</time>
      </trkpt>
      <trkpt lat="59.438161" lon="24.747993">
        <ele>17.1</ele>
        <time>2026-08-19T16:03:50Z</time>
      </trkpt>
      <trkpt lat="59.438183" lon="24.747999">
        <ele>17.1</ele>
        <time>2026-08-19T16:03:51Z</time>
      </trkpt>
      <trkpt lat="59.438188" lon="24.747995">
        <ele>17.1</ele>
        <time>2026-08-19T16:03:52Z</time>
      </trkpt>
      <trkpt lat="59.438191" lon="24.74799">
        <ele>17.1</ele>
        <time>2026-08-19T16:03:53Z</time>
      </trkpt>
      <trkpt lat="59.438195" lon="24.747998">
        <ele>17.1</ele>
        <time>2026-08-19T16:03:54Z</time>
      </trkpt>
      <trkpt lat="59.438194" lon="24.747998">
        <ele>17.1</ele>
        <time>2026-08-19T16:03:55Z</time>
      </trkpt>
      <trkpt lat="59.438204" lon="24.748004">
        <ele>17.1</ele>
        <time>2026-08-19T16:03:56Z</time>
      </trkpt>
      <trkpt lat="59.438215" lon="24.748006">
        <ele>17.1</ele>
        <time>2026-08-19T16:03:57Z</time>
      </trkpt>
      <trkpt lat="59.438213" lon="24.747997">
        <ele>17.1</ele>
        <time>2026-08-19T16:03:58Z</time>
      </trkpt>
      <trkpt lat="59.438212" lon="24.747997">
        <ele>17.1</ele>
        <time>2026-08-19T16:03:59Z</time>
      </trkpt>
      <trkpt lat="59.438203" lon="24.747978">
        <ele>17.1</ele>
        <time>2026-08-19T16:04:00Z</time>
      </trkpt>
      <trkpt lat="59.43821" lon="24.747974">
        <ele>17.1</ele>
        <time>2026-08-19T16:04:01Z</time>
      </trkpt>
      <trkpt lat="59.438212" lon="24.747979">
        <ele>17.1</ele>
        <time>2026-08-19T16:04:02Z</time>
      </trkpt>
      <trkpt lat="59.438215" lon="24.747973">
        <ele>17.1</ele>
        <time>2026-08-19T16:04:03Z</time>
      </trkpt>
      <trkpt lat="59.438219" lon="24.74798">
        <ele>17.1</ele>
        <time>2026-08-19T16:04:04Z</time>
      </trkpt>
      <trkpt lat="59.438222" lon="24.747992">
        <ele>17.1</ele>
        <time>2026-08-19T16:04:05Z</time>
      </trkpt>
      <trkpt lat="59.438222" lon="24.747991">
        <ele>17.1</ele>
        <time>2026-08-19T16:04:06Z</time>
      </trkpt>
      <trkpt lat="59.43822" lon="24.748005">
        <ele>17.1</ele>
        <time>2026-08-19T16:04:07Z</time>
      </trkpt>
      <trkpt lat="59.438217" lon="24.74801">
        <ele>17.1</ele>
        <time>2026-08-19T16:04:08Z</time>
      </trkpt>
      <trkpt lat="59.438217" lon="24.748021">
        <ele>17.1</ele>
        <time>2026-08-19T16:04:09Z</time>
      </trkpt>
      <trkpt lat="59.438222" lon="24.748034">
        <ele>17.1</ele>
        <time>2026-08-19T16:04:10Z</time>
      </trkpt>
      <trkpt lat="59.43823" lon="24.748049">
        <ele>17.1</ele>
        <time>2026-08-19T16:04:11Z</time>
      </trkpt>
      <trkpt lat="59.438234" lon="24.748055">
        <ele>17.1</ele>
        <time>2026-08-19T16:04:12Z</time>
      </trkpt>
      <trkpt lat="59.438231" lon="24.748061">
        <ele>17.1</ele>
        <time>2026-08-19T16:04:13Z</time>
      </trkpt>
      <trkpt lat="59.438229" lon="24.748082">
        <ele>17.1</ele>
        <time>2026-08-19T16:04:14Z</time>
      </trkpt>
      <trkpt lat="59.438228" lon="24.748097">
        <ele>17.1</ele>
        <time>2026-08-19T16:04:15Z</time>
      </trkpt>
      <trkpt lat="59.438228" lon="24.748097">
        <ele>17.1</ele>
        <time>2026-08-19T16:04:16Z</time>
      </trkpt>
      <trkpt lat="59.438236" lon="24.748127">
        <ele>17.1</ele>
        <time>2026-08-19T16:04:17Z</time>
      </trkpt>
      <trkpt lat="59.438245" lon="24.748134">
        <ele>17.1</ele>
        <time>2026-08-19T16:04:18Z</time>
      </trkpt>
      <trkpt lat="59.438253" lon="24.748132">
        <ele>17.1</ele>
        <time>2026-08-19T16:04:19Z</time>
      </trkpt>
      <trkpt lat="59.438254" lon="24.748115">
        <ele>17.1</ele>
        <time>2026-08-19T16:04:20Z</time>
      </trkpt>
      <trkpt lat="59.438255" lon="24.748124">
        <ele>17.1</ele>
        <time>2026-08-19T16:04:21Z</time>
      </trkpt>
      <trkpt lat="59.438249" lon="24.748119">
        <ele>17.1</ele>
        <time>2026-08-19T16:04:22Z</time>
      </trkpt>
      <trkpt lat="59.438278" lon="24.748094">
        <ele>17.1</ele>
        <time>2026-08-19T16:04:23Z</time>
      </trkpt>
      <trkpt lat="59.438284" lon="24.748093">
        <ele>17.1</ele>
        <time>2026-08-19T16:04:24Z</time>
      </trkpt>
      <trkpt lat="59.438276" lon="24.748095">
        <ele>17.1</ele>
        <time>2026-08-19T16:04:25Z</time>
      </trkpt>
      <trkpt lat="59.43827" lon="24.748091">
        <ele>17.1</ele>
        <time>2026-08-19T16:04:26Z</time>
      </trkpt>
      <trkpt lat="59.438261" lon="24.748084">
        <ele>17.1</ele>
        <time>2026-08-19T16:04:27Z</time>
      </trkpt>
      <trkpt lat="59.438245" lon="24.748069">
        <ele>17.1</ele>
        <time>2026-08-19T16:04:28Z</time>
      </trkpt>
      <trkpt lat="59.438235" lon="24.748062">
        <ele>17.1</ele>
        <time>2026-08-19T16:04:29Z</time>
      </trkpt>
      <trkpt lat="59.438231" lon="24.748053">
        <ele>17.1</ele>
        <time>2026-08-19T16:04:30Z</time>
      </trkpt>
      <trkpt lat="59.438232" lon="24.748045">
        <ele>17.1</ele>
        <time>2026-08-19T16:04:31Z</time>
      </trkpt>
      <trkpt lat="59.43823" lon="24.748038">
        <ele>17.1</ele>
        <time>2026-08-19T16:04:32Z</time>
      </trkpt>
      <trkpt lat="59.43823" lon="24.748027">
        <ele>17.1</ele>
        <time>2026-08-19T16:04:33Z</time>
      </trkpt>
      <trkpt lat="59.43823" lon="24.748027">
        <ele>17.1</ele>
        <time>2026-08-19T16:04:34Z</time>
      </trkpt>
      <trkpt lat="59.438243" lon="24.748012">
        <ele>17.1</ele>
        <time>2026-08-19T16:04:35Z</time>
      </trkpt>
      <trkpt lat="59.438252" lon="24.747998">
        <ele>17.0</ele>
        <time>2026-08-19T16:04:36Z</time>
      </trkpt>
      <trkpt lat="59.438249" lon="24.748022">
        <ele>17.0</ele>
        <time>2026-08-19T16:04:37Z</time>
      </trkpt>
      <trkpt lat="59.438251" lon="24.748057">
        <ele>17.0</ele>
        <time>2026-08-19T16:04:38Z</time>
      </trkpt>
      <trkpt lat="59.438254" lon="24.748072">
        <ele>17.0</ele>
        <time>2026-08-19T16:04:39Z</time>
      </trkpt>
      <trkpt lat="59.438254" lon="24.748067">
        <ele>17.0</ele>
        <time>2026-08-19T16:04:40Z</time>
      </trkpt>
      <trkpt lat="59.438253" lon="24.74809">
        <ele>17.0</ele>
        <time>2026-08-19T16:04:41Z</time>
      </trkpt>
      <trkpt lat="59.438246" lon="24.748094">
        <ele>17.0</ele>
        <time>2026-08-19T16:04:42Z</time>
      </trkpt>
      <trkpt lat="59.438239" lon="24.748102">
        <ele>17.0</ele>
        <time>2026-08-19T16:04:43Z</time>
      </trkpt>
      <trkpt lat="59.438234" lon="24.748088">
        <ele>17.0</ele>
        <time>2026-08-19T16:04:44Z</time>
      </trkpt>
      <trkpt lat="59.438242" lon="24.748061">
        <ele>17.0</ele>
        <time>2026-08-19T16:04:45Z</time>
      </trkpt>
      <trkpt lat="59.438236" lon="24.748056">
        <ele>17.0</ele>
        <time>2026-08-19T16:04:46Z</time>
      </trkpt>
      <trkpt lat="59.438216" lon="24.748066">
        <ele>17.0</ele>
        <time>2026-08-19T16:04:47Z</time>
      </trkpt>
      <trkpt lat="59.438197" lon="24.748084">
        <ele>17.0</ele>
        <time>2026-08-19T16:04:48Z</time>
      </trkpt>
      <trkpt lat="59.438193" lon="24.748078">
        <ele>17.0</ele>
        <time>2026-08-19T16:04:49Z</time>
      </trkpt>
      <trkpt lat="59.438194" lon="24.748115">
        <ele>17.0</ele>
        <time>2026-08-19T16:04:50Z</time>
      </trkpt>
      <trkpt lat="59.43819" lon="24.748141">
        <ele>17.0</ele>
        <time>2026-08-19T16:04:51Z</time>
      </trkpt>
      <trkpt lat="59.438177" lon="24.748133">
        <ele>17.0</ele>
        <time>2026-08-19T16:04:52Z</time>
      </trkpt>
      <trkpt lat="59.438167" lon="24.74813">
        <ele>17.0</ele>
        <time>2026-08-19T16:04:53Z</time>
      </trkpt>
      <trkpt lat="59.438156" lon="24.748132">
        <ele>17.0</ele>
        <time>2026-08-19T16:04:54Z</time>
      </trkpt>
      <trkpt lat="59.438148" lon="24.748136">
        <ele>17.0</ele>
        <time>2026-08-19T16:04:55Z</time>
      </trkpt>
      <trkpt lat="59.438154" lon="24.748127">
        <ele>17.0</ele>
        <time>2026-08-19T16:04:56Z</time>
      </trkpt>
      <trkpt lat="59.43815" lon="24.748124">
        <ele>17.0</ele>
        <time>2026-08-19T16:04:57Z</time>
      </trkpt>
      <trkpt lat="59.438147" lon="24.748123">
        <ele>17.0</ele>
        <time>2026-08-19T16:04:58Z</time>
      </trkpt>
      <trkpt lat="59.438151" lon="24.748122">
        <ele>17.0</ele>
        <time>2026-08-19T16:04:59Z</time>
      </trkpt>
      <trkpt lat="59.438142" lon="24.748123">
        <ele>17.0</ele>
        <time>2026-08-19T16:05:00Z</time>
      </trkpt>
      <trkpt lat="59.438136" lon="24.748104">
        <ele>17.0</ele>
        <time>2026-08-19T16:05:01Z</time>
      </trkpt>
      <trkpt lat="59.438136" lon="24.748104">
        <ele>17.0</ele>
        <time>2026-08-19T16:05:02Z</time>
      </trkpt>
      <trkpt lat="59.438148" lon="24.748122">
        <ele>17.0</ele>
        <time>2026-08-19T16:05:03Z</time>
      </trkpt>
      <trkpt lat="59.438148" lon="24.748132">
        <ele>17.0</ele>
        <time>2026-08-19T16:05:04Z</time>
      </trkpt>
      <trkpt lat="59.438147" lon="24.748132">
        <ele>17.0</ele>
        <time>2026-08-19T16:05:05Z</time>
      </trkpt>
      <trkpt lat="59.438147" lon="24.748132">
        <ele>17.0</ele>
        <time>2026-08-19T16:05:06Z</time>
      </trkpt>
      <trkpt lat="59.438154" lon="24.748137">
        <ele>17.0</ele>
        <time>2026-08-19T16:05:07Z</time>
      </trkpt>
      <trkpt lat="59.438153" lon="24.748151">
        <ele>17.0</ele>
        <time>2026-08-19T16:05:08Z</time>
      </trkpt>
      <trkpt lat="59.438151" lon="24.748176">
        <ele>17.0</ele>
        <time>2026-08-19T16:05:09Z</time>
      </trkpt>
      <trkpt lat="59.438145" lon="24.748197">
        <ele>17.0</ele>
        <time>2026-08-19T16:05:10Z</time>
      </trkpt>
      <trkpt lat="59.438146" lon="24.748147">
        <ele>17.0</ele>
        <time>2026-08-19T16:05:11Z</time>
      </trkpt>
      <trkpt lat="59.438144" lon="24.748143">
        <ele>17.0</ele>
        <time>2026-08-19T16:05:12Z</time>
      </trkpt>
      <trkpt lat="59.43815" lon="24.748129">
        <ele>17.0</ele>
        <time>2026-08-19T16:05:13Z</time>
      </trkpt>
      <trkpt lat="59.43815" lon="24.748144">
        <ele>17.0</ele>
        <time>2026-08-19T16:05:14Z</time>
      </trkpt>
      <trkpt lat="59.438165" lon="24.748125">
        <ele>17.0</ele>
        <time>2026-08-19T16:05:15Z</time>
      </trkpt>
      <trkpt lat="59.438179" lon="24.748124">
        <ele>16.9</ele>
        <time>2026-08-19T16:05:16Z</time>
      </trkpt>
      <trkpt lat="59.438179" lon="24.748124">
        <ele>16.9</ele>
        <time>2026-08-19T16:05:17Z</time>
      </trkpt>
      <trkpt lat="59.438177" lon="24.748135">
        <ele>16.9</ele>
        <time>2026-08-19T16:05:18Z</time>
      </trkpt>
      <trkpt lat="59.438188" lon="24.748146">
        <ele>16.9</ele>
        <time>2026-08-19T16:05:19Z</time>
      </trkpt>
      <trkpt lat="59.438193" lon="24.748153">
        <ele>16.9</ele>
        <time>2026-08-19T16:05:20Z</time>
      </trkpt>
      <trkpt lat="59.438196" lon="24.748162">
        <ele>16.9</ele>
        <time>2026-08-19T16:05:21Z</time>
      </trkpt>
      <trkpt lat="59.438183" lon="24.748156">
        <ele>16.9</ele>
        <time>2026-08-19T16:05:22Z</time>
      </trkpt>
      <trkpt lat="59.438181" lon="24.748155">
        <ele>16.9</ele>
        <time>2026-08-19T16:05:23Z</time>
      </trkpt>
      <trkpt lat="59.438162" lon="24.748149">
        <ele>16.9</ele>
        <time>2026-08-19T16:05:24Z</time>
      </trkpt>
      <trkpt lat="59.438162" lon="24.748149">
        <ele>16.9</ele>
        <time>2026-08-19T16:05:25Z</time>
      </trkpt>
      <trkpt lat="59.438162" lon="24.748149">
        <ele>16.9</ele>
        <time>2026-08-19T16:05:26Z</time>
      </trkpt>
      <trkpt lat="59.43816" lon="24.748151">
        <ele>16.9</ele>
        <time>2026-08-19T16:05:27Z</time>
      </trkpt>
      <trkpt lat="59.438153" lon="24.748148">
        <ele>16.9</ele>
        <time>2026-08-19T16:05:28Z</time>
      </trkpt>
      <trkpt lat="59.438154" lon="24.74813">
        <ele>16.9</ele>
        <time>2026-08-19T16:05:29Z</time>
      </trkpt>
      <trkpt lat="59.438155" lon="24.748126">
        <ele>16.9</ele>
        <time>2026-08-19T16:05:30Z</time>
      </trkpt>
      <trkpt lat="59.438162" lon="24.748129">
        <ele>16.9</ele>
        <time>2026-08-19T16:05:31Z</time>
      </trkpt>
      <trkpt lat="59.438166" lon="24.748129">
        <ele>16.9</ele>
        <time>2026-08-19T16:05:32Z</time>
      </trkpt>
      <trkpt lat="59.438182" lon="24.748092">
        <ele>16.9</ele>
        <time>2026-08-19T16:05:33Z</time>
      </trkpt>
      <trkpt lat="59.438204" lon="24.748063">
        <ele>16.9</ele>
        <time>2026-08-19T16:05:34Z</time>
      </trkpt>
      <trkpt lat="59.438207" lon="24.748027">
        <ele>16.9</ele>
        <time>2026-08-19T16:05:35Z</time>
      </trkpt>
      <trkpt lat="59.438211" lon="24.748025">
        <ele>16.9</ele>
        <time>2026-08-19T16:05:36Z</time>
      </trkpt>
      <trkpt lat="59.438214" lon="24.748022">
        <ele>16.9</ele>
        <time>2026-08-19T16:05:37Z</time>
      </trkpt>
      <trkpt lat="59.438233" lon="24.748022">
        <ele>16.8</ele>
        <time>2026-08-19T16:05:38Z</time>
      </trkpt>
      <trkpt lat="59.438249" lon="24.748033">
        <ele>16.8</ele>
        <time>2026-08-19T16:05:39Z</time>
      </trkpt>
      <trkpt lat="59.438269" lon="24.748046">
        <ele>16.8</ele>
        <time>2026-08-19T16:05:40Z</time>
      </trkpt>
      <trkpt lat="59.438278" lon="24.748044">
        <ele>16.8</ele>
        <time>2026-08-19T16:05:41Z</time>
      </trkpt>
      <trkpt lat="59.438293" lon="24.748032">
        <ele>16.8</ele>
        <time>2026-08-19T16:05:42Z</time>
      </trkpt>
      <trkpt lat="59.438302" lon="24.748028">
        <ele>16.8</ele>
        <time>2026-08-19T16:05:43Z</time>
      </trkpt>
      <trkpt lat="59.438312" lon="24.748027">
        <ele>16.8</ele>
        <time>2026-08-19T16:05:44Z</time>
      </trkpt>
      <trkpt lat="59.438313" lon="24.748025">
        <ele>16.8</ele>
        <time>2026-08-19T16:05:45Z</time>
      </trkpt>
      <trkpt lat="59.438322" lon="24.748022">
        <ele>16.8</ele>
        <time>2026-08-19T16:05:46Z</time>
      </trkpt>
      <trkpt lat="59.438327" lon="24.748016">
        <ele>16.8</ele>
        <time>2026-08-19T16:05:47Z</time>
      </trkpt>
      <trkpt lat="59.438323" lon="24.748013">
        <ele>16.8</ele>
        <time>2026-08-19T16:05:48Z</time>
      </trkpt>
      <trkpt lat="59.438326" lon="24.748018">
        <ele>16.8</ele>
        <time>2026-08-19T16:05:49Z</time>
      </trkpt>
      <trkpt lat="59.438329" lon="24.748015">
        <ele>16.8</ele>
        <time>2026-08-19T16:05:50Z</time>
      </trkpt>
      <trkpt lat="59.438331" lon="24.748014">
        <ele>16.8</ele>
        <time>2026-08-19T16:05:51Z</time>
      </trkpt>
      <trkpt lat="59.438329" lon="24.748022">
        <ele>16.8</ele>
        <time>2026-08-19T16:05:52Z</time>
      </trkpt>
      <trkpt lat="59.438329" lon="24.748022">
        <ele>16.8</ele>
        <time>2026-08-19T16:05:53Z</time>
      </trkpt>
      <trkpt lat="59.438321" lon="24.748026">
        <ele>16.8</ele>
        <time>2026-08-19T16:05:54Z</time>
      </trkpt>
      <trkpt lat="59.438321" lon="24.748026">
        <ele>16.8</ele>
        <time>2026-08-19T16:05:55Z</time>
      </trkpt>
      <trkpt lat="59.438321" lon="24.748026">
        <ele>16.8</ele>
        <time>2026-08-19T16:05:56Z</time>
      </trkpt>
      <trkpt lat="59.438321" lon="24.748026">
        <ele>16.8</ele>
        <time>2026-08-19T16:05:57Z</time>
      </trkpt>
      <trkpt lat="59.438321" lon="24.748026">
        <ele>16.8</ele>
        <time>2026-08-19T16:05:58Z</time>
      </trkpt>
      <trkpt lat="59.438311" lon="24.748039">
        <ele>16.8</ele>
        <time>2026-08-19T16:05:59Z</time>
      </trkpt>
      <trkpt lat="59.43831" lon="24.748041">
        <ele>16.8</ele>
        <time>2026-08-19T16:06:00Z</time>
      </trkpt>
      <trkpt lat="59.438309" lon="24.748041">
        <ele>16.8</ele>
        <time>2026-08-19T16:06:01Z</time>
      </trkpt>
      <trkpt lat="59.438309" lon="24.748041">
        <ele>16.8</ele>
        <time>2026-08-19T16:06:02Z</time>
      </trkpt>
      <trkpt lat="59.438309" lon="24.748041">
        <ele>16.8</ele>
        <time>2026-08-19T16:06:03Z</time>
      </trkpt>
      <trkpt lat="59.438299" lon="24.748047">
        <ele>16.8</ele>
        <time>2026-08-19T16:06:04Z</time>
      </trkpt>
      <trkpt lat="59.438299" lon="24.748047">
        <ele>16.8</ele>
        <time>2026-08-19T16:06:05Z</time>
      </trkpt>
      <trkpt lat="59.438296" lon="24.748048">
        <ele>16.8</ele>
        <time>2026-08-19T16:06:06Z</time>
      </trkpt>
      <trkpt lat="59.438294" lon="24.748047">
        <ele>16.8</ele>
        <time>2026-08-19T16:06:07Z</time>
      </trkpt>
      <trkpt lat="59.438292" lon="24.748045">
        <ele>16.8</ele>
        <time>2026-08-19T16:06:08Z</time>
      </trkpt>
      <trkpt lat="59.438291" lon="24.748045">
        <ele>16.8</ele>
        <time>2026-08-19T16:06:09Z</time>
      </trkpt>
      <trkpt lat="59.438291" lon="24.748045">
        <ele>16.8</ele>
        <time>2026-08-19T16:06:10Z</time>
      </trkpt>
      <trkpt lat="59.438288" lon="24.748047">
        <ele>16.8</ele>
        <time>2026-08-19T16:06:11Z</time>
      </trkpt>
      <trkpt lat="59.438288" lon="24.748047">
        <ele>16.8</ele>
        <time>2026-08-19T16:06:12Z</time>
      </trkpt>
      <trkpt lat="59.438288" lon="24.748047">
        <ele>16.8</ele>
        <time>2026-08-19T16:06:13Z</time>
      </trkpt>
      <trkpt lat="59.438288" lon="24.748047">
        <ele>16.8</ele>
        <time>2026-08-19T16:06:14Z</time>
      </trkpt>
      <trkpt lat="59.438288" lon="24.748047">
        <ele>16.8</ele>
        <time>2026-08-19T16:06:15Z</time>
      </trkpt>
      <trkpt lat="59.438301" lon="24.748056">
        <ele>16.8</ele>
        <time>2026-08-19T16:06:16Z</time>
      </trkpt>
      <trkpt lat="59.438301" lon="24.748057">
        <ele>16.8</ele>
        <time>2026-08-19T16:06:17Z</time>
      </trkpt>
      <trkpt lat="59.438302" lon="24.748061">
        <ele>16.8</ele>
        <time>2026-08-19T16:06:18Z</time>
      </trkpt>
      <trkpt lat="59.43831" lon="24.748059">
        <ele>16.7</ele>
        <time>2026-08-19T16:06:19Z</time>
      </trkpt>
      <trkpt lat="59.438312" lon="24.748057">
        <ele>16.7</ele>
        <time>2026-08-19T16:06:20Z</time>
      </trkpt>
      <trkpt lat="59.43832" lon="24.748066">
        <ele>16.7</ele>
        <time>2026-08-19T16:06:21Z</time>
      </trkpt>
      <trkpt lat="59.438325" lon="24.748063">
        <ele>16.7</ele>
        <time>2026-08-19T16:06:22Z</time>
      </trkpt>
      <trkpt lat="59.438329" lon="24.748072">
        <ele>16.7</ele>
        <time>2026-08-19T16:06:23Z</time>
      </trkpt>
      <trkpt lat="59.438336" lon="24.748088">
        <ele>16.7</ele>
        <time>2026-08-19T16:06:24Z</time>
      </trkpt>
      <trkpt lat="59.438346" lon="24.748105">
        <ele>16.7</ele>
        <time>2026-08-19T16:06:25Z</time>
      </trkpt>
      <trkpt lat="59.438357" lon="24.748109">
        <ele>16.7</ele>
        <time>2026-08-19T16:06:26Z</time>
      </trkpt>
      <trkpt lat="59.438367" lon="24.74812">
        <ele>16.7</ele>
        <time>2026-08-19T16:06:27Z</time>
      </trkpt>
      <trkpt lat="59.438374" lon="24.748142">
        <ele>16.7</ele>
        <time>2026-08-19T16:06:28Z</time>
      </trkpt>
      <trkpt lat="59.438383" lon="24.748154">
        <ele>16.7</ele>
        <time>2026-08-19T16:06:29Z</time>
      </trkpt>
      <trkpt lat="59.438403" lon="24.748165">
        <ele>16.7</ele>
        <time>2026-08-19T16:06:30Z</time>
      </trkpt>
      <trkpt lat="59.438417" lon="24.748178">
        <ele>16.7</ele>
        <time>2026-08-19T16:06:31Z</time>
      </trkpt>
      <trkpt lat="59.438433" lon="24.748182">
        <ele>16.7</ele>
        <time>2026-08-19T16:06:32Z</time>
      </trkpt>
      <trkpt lat="59.438444" lon="24.7482">
        <ele>16.6</ele>
        <time>2026-08-19T16:06:33Z</time>
      </trkpt>
      <trkpt lat="59.438457" lon="24.748215">
        <ele>16.6</ele>
        <time>2026-08-19T16:06:34Z</time>
      </trkpt>
      <trkpt lat="59.43847" lon="24.748224">
        <ele>16.6</ele>
        <time>2026-08-19T16:06:35Z</time>
      </trkpt>
      <trkpt lat="59.43848" lon="24.74823">
        <ele>16.6</ele>
        <time>2026-08-19T16:06:36Z</time>
      </trkpt>
      <trkpt lat="59.438493" lon="24.748232">
        <ele>16.6</ele>
        <time>2026-08-19T16:06:37Z</time>
      </trkpt>
      <trkpt lat="59.438501" lon="24.748238">
        <ele>16.6</ele>
        <time>2026-08-19T16:06:38Z</time>
      </trkpt>
      <trkpt lat="59.438508" lon="24.748244">
        <ele>16.6</ele>
        <time>2026-08-19T16:06:39Z</time>
      </trkpt>
      <trkpt lat="59.438516" lon="24.748261">
        <ele>16.6</ele>
        <time>2026-08-19T16:06:40Z</time>
      </trkpt>
      <trkpt lat="59.438527" lon="24.74827">
        <ele>16.5</ele>
        <time>2026-08-19T16:06:41Z</time>
      </trkpt>
      <trkpt lat="59.438539" lon="24.748274">
        <ele>16.5</ele>
        <time>2026-08-19T16:06:42Z</time>
      </trkpt>
      <trkpt lat="59.438546" lon="24.748287">
        <ele>16.5</ele>
        <time>2026-08-19T16:06:43Z</time>
      </trkpt>
      <trkpt lat="59.438557" lon="24.748305">
        <ele>16.5</ele>
        <time>2026-08-19T16:06:44Z</time>
      </trkpt>
      <trkpt lat="59.438571" lon="24.748317">
        <ele>16.5</ele>
        <time>2026-08-19T16:06:45Z</time>
      </trkpt>
      <trkpt lat="59.438583" lon="24.748323">
        <ele>16.5</ele>
        <time>2026-08-19T16:06:46Z</time>
      </trkpt>
      <trkpt lat="59.438595" lon="24.748324">
        <ele>16.5</ele>
        <time>2026-08-19T16:06:47Z</time>
      </trkpt>
      <trkpt lat="59.438603" lon="24.748331">
        <ele>16.4</ele>
        <time>2026-08-19T16:06:48Z</time>
      </trkpt>
      <trkpt lat="59.438615" lon="24.748335">
        <ele>16.4</ele>
        <time>2026-08-19T16:06:49Z</time>
      </trkpt>
      <trkpt lat="59.438613" lon="24.748348">
        <ele>16.4</ele>
        <time>2026-08-19T16:06:50Z</time>
      </trkpt>
      <trkpt lat="59.438615" lon="24.748341">
        <ele>16.4</ele>
        <time>2026-08-19T16:06:51Z</time>
      </trkpt>
      <trkpt lat="59.438615" lon="24.748341">
        <ele>16.4</ele>
        <time>2026-08-19T16:06:52Z</time>
      </trkpt>
      <trkpt lat="59.438615" lon="24.748341">
        <ele>16.4</ele>
        <time>2026-08-19T16:06:53Z</time>
      </trkpt>
      <trkpt lat="59.438615" lon="24.748341">
        <ele>16.4</ele>
        <time>2026-08-19T16:06:54Z</time>
      </trkpt>
      <trkpt lat="59.438615" lon="24.748341">
        <ele>16.4</ele>
        <time>2026-08-19T16:06:55Z</time>
      </trkpt>
      <trkpt lat="59.43862" lon="24.748347">
        <ele>16.4</ele>
        <time>2026-08-19T16:06:56Z</time>
      </trkpt>
      <trkpt lat="59.438624" lon="24.748351">
        <ele>16.4</ele>
        <time>2026-08-19T16:06:57Z</time>
      </trkpt>
      <trkpt lat="59.438625" lon="24.748354">
        <ele>16.4</ele>
        <time>2026-08-19T16:06:58Z</time>
      </trkpt>
      <trkpt lat="59.438623" lon="24.748355">
        <ele>16.4</ele>
        <time>2026-08-19T16:06:59Z</time>
      </trkpt>
      <trkpt lat="59.438621" lon="24.748361">
        <ele>16.4</ele>
        <time>2026-08-19T16:07:00Z</time>
      </trkpt>
      <trkpt lat="59.438621" lon="24.748376">
        <ele>16.4</ele>
        <time>2026-08-19T16:07:01Z</time>
      </trkpt>
      <trkpt lat="59.438627" lon="24.748385">
        <ele>16.4</ele>
        <time>2026-08-19T16:07:02Z</time>
      </trkpt>
      <trkpt lat="59.438636" lon="24.748391">
        <ele>16.4</ele>
        <time>2026-08-19T16:07:03Z</time>
      </trkpt>
      <trkpt lat="59.43865" lon="24.74838">
        <ele>16.3</ele>
        <time>2026-08-19T16:07:04Z</time>
      </trkpt>
      <trkpt lat="59.438663" lon="24.748374">
        <ele>16.3</ele>
        <time>2026-08-19T16:07:05Z</time>
      </trkpt>
      <trkpt lat="59.438677" lon="24.74837">
        <ele>16.3</ele>
        <time>2026-08-19T16:07:06Z</time>
      </trkpt>
      <trkpt lat="59.438693" lon="24.748381">
        <ele>16.3</ele>
        <time>2026-08-19T16:07:07Z</time>
      </trkpt>
      <trkpt lat="59.438706" lon="24.748378">
        <ele>16.3</ele>
        <time>2026-08-19T16:07:08Z</time>
      </trkpt>
      <trkpt lat="59.43872" lon="24.748387">
        <ele>16.2</ele>
        <time>2026-08-19T16:07:09Z</time>
      </trkpt>
      <trkpt lat="59.438705" lon="24.748404">
        <ele>16.2</ele>
        <time>2026-08-19T16:07:10Z</time>
      </trkpt>
      <trkpt lat="59.438699" lon="24.748409">
        <ele>16.2</ele>
        <time>2026-08-19T16:07:11Z</time>
      </trkpt>
      <trkpt lat="59.438704" lon="24.748422">
        <ele>16.2</ele>
        <time>2026-08-19T16:07:12Z</time>
      </trkpt>
      <trkpt lat="59.438718" lon="24.748439">
        <ele>16.2</ele>
        <time>2026-08-19T16:07:13Z</time>
      </trkpt>
      <trkpt lat="59.438721" lon="24.748461">
        <ele>16.2</ele>
        <time>2026-08-19T16:07:14Z</time>
      </trkpt>
      <trkpt lat="59.43873" lon="24.748471">
        <ele>16.2</ele>
        <time>2026-08-19T16:07:15Z</time>
      </trkpt>
      <trkpt lat="59.438741" lon="24.748481">
        <ele>16.2</ele>
        <time>2026-08-19T16:07:16Z</time>
      </trkpt>
      <trkpt lat="59.438745" lon="24.748503">
        <ele>16.1</ele>
        <time>2026-08-19T16:07:17Z</time>
      </trkpt>
      <trkpt lat="59.438761" lon="24.748497">
        <ele>16.1</ele>
        <time>2026-08-19T16:07:18Z</time>
      </trkpt>
      <trkpt lat="59.438774" lon="24.748498">
        <ele>16.1</ele>
        <time>2026-08-19T16:07:19Z</time>
      </trkpt>
      <trkpt lat="59.438786" lon="24.748508">
        <ele>16.1</ele>
        <time>2026-08-19T16:07:20Z</time>
      </trkpt>
      <trkpt lat="59.438793" lon="24.748511">
        <ele>16.1</ele>
        <time>2026-08-19T16:07:21Z</time>
      </trkpt>
      <trkpt lat="59.4388" lon="24.748516">
        <ele>16.1</ele>
        <time>2026-08-19T16:07:22Z</time>
      </trkpt>
      <trkpt lat="59.438805" lon="24.748521">
        <ele>16.1</ele>
        <time>2026-08-19T16:07:23Z</time>
      </trkpt>
      <trkpt lat="59.438812" lon="24.748515">
        <ele>16.1</ele>
        <time>2026-08-19T16:07:24Z</time>
      </trkpt>
      <trkpt lat="59.438826" lon="24.748517">
        <ele>16.1</ele>
        <time>2026-08-19T16:07:25Z</time>
      </trkpt>
      <trkpt lat="59.438843" lon="24.748524">
        <ele>16.0</ele>
        <time>2026-08-19T16:07:26Z</time>
      </trkpt>
      <trkpt lat="59.438855" lon="24.748527">
        <ele>16.0</ele>
        <time>2026-08-19T16:07:27Z</time>
      </trkpt>
      <trkpt lat="59.438865" lon="24.748539">
        <ele>16.0</ele>
        <time>2026-08-19T16:07:28Z</time>
      </trkpt>
      <trkpt lat="59.438882" lon="24.74854">
        <ele>16.0</ele>
        <time>2026-08-19T16:07:29Z</time>
      </trkpt>
      <trkpt lat="59.438896" lon="24.748544">
        <ele>16.0</ele>
        <time>2026-08-19T16:07:30Z</time>
      </trkpt>
      <trkpt lat="59.438908" lon="24.74855">
        <ele>16.0</ele>
        <time>2026-08-19T16:07:31Z</time>
      </trkpt>
      <trkpt lat="59.43892" lon="24.748559">
        <ele>16.0</ele>
        <time>2026-08-19T16:07:32Z</time>
      </trkpt>
      <trkpt lat="59.43893" lon="24.748578">
        <ele>16.0</ele>
        <time>2026-08-19T16:07:33Z</time>
      </trkpt>
      <trkpt lat="59.438935" lon="24.748594">
        <ele>16.0</ele>
        <time>2026-08-19T16:07:34Z</time>
      </trkpt>
      <trkpt lat="59.438944" lon="24.748612">
        <ele>16.0</ele>
        <time>2026-08-19T16:07:35Z</time>
      </trkpt>
      <trkpt lat="59.438948" lon="24.748624">
        <ele>15.9</ele>
        <time>2026-08-19T16:07:36Z</time>
      </trkpt>
      <trkpt lat="59.438953" lon="24.748626">
        <ele>15.9</ele>
        <time>2026-08-19T16:07:37Z</time>
      </trkpt>
      <trkpt lat="59.438967" lon="24.748626">
        <ele>15.9</ele>
        <time>2026-08-19T16:07:38Z</time>
      </trkpt>
      <trkpt lat="59.438982" lon="24.748615">
        <ele>15.9</ele>
        <time>2026-08-19T16:07:39Z</time>
      </trkpt>
      <trkpt lat="59.438996" lon="24.748613">
        <ele>15.9</ele>
        <time>2026-08-19T16:07:40Z</time>
      </trkpt>
      <trkpt lat="59.439002" lon="24.748626">
        <ele>15.9</ele>
        <time>2026-08-19T16:07:41Z</time>
      </trkpt>
      <trkpt lat="59.439011" lon="24.748621">
        <ele>15.9</ele>
        <time>2026-08-19T16:07:42Z</time>
      </trkpt>
      <trkpt lat="59.439023" lon="24.748618">
        <ele>15.9</ele>
        <time>2026-08-19T16:07:43Z</time>
      </trkpt>
      <trkpt lat="59.439027" lon="24.748623">
        <ele>15.9</ele>
        <time>2026-08-19T16:07:44Z</time>
      </trkpt>
      <trkpt lat="59.439034" lon="24.748628">
        <ele>15.9</ele>
        <time>2026-08-19T16:07:45Z</time>
      </trkpt>
      <trkpt lat="59.439047" lon="24.748634">
        <ele>15.9</ele>
        <time>2026-08-19T16:07:46Z</time>
      </trkpt>
      <trkpt lat="59.43906" lon="24.748628">
        <ele>15.9</ele>
        <time>2026-08-19T16:07:47Z</time>
      </trkpt>
      <trkpt lat="59.439068" lon="24.748621">
        <ele>15.8</ele>
        <time>2026-08-19T16:07:48Z</time>
      </trkpt>
      <trkpt lat="59.439068" lon="24.748611">
        <ele>15.8</ele>
        <time>2026-08-19T16:07:49Z</time>
      </trkpt>
      <trkpt lat="59.439075" lon="24.74861">
        <ele>15.8</ele>
        <time>2026-08-19T16:07:50Z</time>
      </trkpt>
      <trkpt lat="59.439081" lon="24.748608">
        <ele>15.8</ele>
        <time>2026-08-19T16:07:51Z</time>
      </trkpt>
      <trkpt lat="59.43909" lon="24.748608">
        <ele>15.8</ele>
        <time>2026-08-19T16:07:52Z</time>
      </trkpt>
      <trkpt lat="59.439121" lon="24.74859">
        <ele>15.8</ele>
        <time>2026-08-19T16:07:53Z</time>
      </trkpt>
      <trkpt lat="59.439138" lon="24.748588">
        <ele>15.8</ele>
        <time>2026-08-19T16:07:54Z</time>
      </trkpt>
      <trkpt lat="59.439147" lon="24.748599">
        <ele>15.8</ele>
        <time>2026-08-19T16:07:55Z</time>
      </trkpt>
      <trkpt lat="59.439163" lon="24.748598">
        <ele>15.8</ele>
        <time>2026-08-19T16:07:56Z</time>
      </trkpt>
      <trkpt lat="59.439178" lon="24.748593">
        <ele>15.8</ele>
        <time>2026-08-19T16:07:57Z</time>
      </trkpt>
      <trkpt lat="59.439188" lon="24.748583">
        <ele>15.8</ele>
        <time>2026-08-19T16:07:58Z</time>
      </trkpt>
      <trkpt lat="59.439202" lon="24.748602">
        <ele>15.7</ele>
        <time>2026-08-19T16:07:59Z</time>
      </trkpt>
      <trkpt lat="59.439213" lon="24.748623">
        <ele>15.7</ele>
        <time>2026-08-19T16:08:00Z</time>
      </trkpt>
      <trkpt lat="59.439225" lon="24.748618">
        <ele>15.7</ele>
        <time>2026-08-19T16:08:01Z</time>
      </trkpt>
      <trkpt lat="59.439237" lon="24.748632">
        <ele>15.7</ele>
        <time>2026-08-19T16:08:02Z</time>
      </trkpt>
      <trkpt lat="59.439246" lon="24.748646">
        <ele>15.7</ele>
        <time>2026-08-19T16:08:03Z</time>
      </trkpt>
      <trkpt lat="59.439258" lon="24.748649">
        <ele>15.7</ele>
        <time>2026-08-19T16:08:04Z</time>
      </trkpt>
      <trkpt lat="59.439262" lon="24.748674">
        <ele>15.7</ele>
        <time>2026-08-19T16:08:05Z</time>
      </trkpt>
      <trkpt lat="59.439269" lon="24.748701">
        <ele>15.7</ele>
        <time>2026-08-19T16:08:06Z</time>
      </trkpt>
      <trkpt lat="59.439274" lon="24.748708">
        <ele>15.7</ele>
        <time>2026-08-19T16:08:07Z</time>
      </trkpt>
      <trkpt lat="59.439285" lon="24.748701">
        <ele>15.7</ele>
        <time>2026-08-19T16:08:08Z</time>
      </trkpt>
      <trkpt lat="59.439295" lon="24.748698">
        <ele>15.7</ele>
        <time>2026-08-19T16:08:09Z</time>
      </trkpt>
      <trkpt lat="59.439305" lon="24.748693">
        <ele>15.7</ele>
        <time>2026-08-19T16:08:10Z</time>
      </trkpt>
      <trkpt lat="59.439309" lon="24.748703">
        <ele>15.7</ele>
        <time>2026-08-19T16:08:11Z</time>
      </trkpt>
      <trkpt lat="59.439319" lon="24.748708">
        <ele>15.7</ele>
        <time>2026-08-19T16:08:12Z</time>
      </trkpt>
      <trkpt lat="59.439332" lon="24.748702">
        <ele>15.7</ele>
        <time>2026-08-19T16:08:13Z</time>
      </trkpt>
      <trkpt lat="59.439349" lon="24.748705">
        <ele>15.7</ele>
        <time>2026-08-19T16:08:14Z</time>
      </trkpt>
      <trkpt lat="59.439343" lon="24.748761">
        <ele>15.7</ele>
        <time>2026-08-19T16:08:15Z</time>
      </trkpt>
      <trkpt lat="59.439342" lon="24.748785">
        <ele>15.8</ele>
        <time>2026-08-19T16:08:16Z</time>
      </trkpt>
      <trkpt lat="59.439337" lon="24.748811">
        <ele>15.8</ele>
        <time>2026-08-19T16:08:17Z</time>
      </trkpt>
      <trkpt lat="59.439354" lon="24.748794">
        <ele>15.8</ele>
        <time>2026-08-19T16:08:18Z</time>
      </trkpt>
      <trkpt lat="59.439359" lon="24.748807">
        <ele>15.8</ele>
        <time>2026-08-19T16:08:19Z</time>
      </trkpt>
      <trkpt lat="59.43937" lon="24.748818">
        <ele>15.8</ele>
        <time>2026-08-19T16:08:20Z</time>
      </trkpt>
      <trkpt lat="59.439389" lon="24.748831">
        <ele>15.8</ele>
        <time>2026-08-19T16:08:21Z</time>
      </trkpt>
      <trkpt lat="59.439403" lon="24.748825">
        <ele>15.8</ele>
        <time>2026-08-19T16:08:22Z</time>
      </trkpt>
      <trkpt lat="59.439412" lon="24.748838">
        <ele>15.8</ele>
        <time>2026-08-19T16:08:23Z</time>
      </trkpt>
      <trkpt lat="59.439419" lon="24.748841">
        <ele>15.8</ele>
        <time>2026-08-19T16:08:24Z</time>
      </trkpt>
      <trkpt lat="59.439429" lon="24.748848">
        <ele>15.8</ele>
        <time>2026-08-19T16:08:25Z</time>
      </trkpt>
      <trkpt lat="59.439433" lon="24.748863">
        <ele>15.8</ele>
        <time>2026-08-19T16:08:26Z</time>
      </trkpt>
      <trkpt lat="59.439438" lon="24.748909">
        <ele>15.8</ele>
        <time>2026-08-19T16:08:27Z</time>
      </trkpt>
      <trkpt lat="59.439456" lon="24.748915">
        <ele>15.9</ele>
        <time>2026-08-19T16:08:28Z</time>
      </trkpt>
      <trkpt lat="59.439472" lon="24.748894">
        <ele>15.9</ele>
        <time>2026-08-19T16:08:29Z</time>
      </trkpt>
      <trkpt lat="59.439488" lon="24.748873">
        <ele>15.9</ele>
        <time>2026-08-19T16:08:30Z</time>
      </trkpt>
      <trkpt lat="59.439502" lon="24.748874">
        <ele>15.9</ele>
        <time>2026-08-19T16:08:31Z</time>
      </trkpt>
      <trkpt lat="59.439515" lon="24.748872">
        <ele>15.9</ele>
        <time>2026-08-19T16:08:32Z</time>
      </trkpt>
      <trkpt lat="59.439527" lon="24.748874">
        <ele>15.9</ele>
        <time>2026-08-19T16:08:33Z</time>
      </trkpt>
      <trkpt lat="59.439538" lon="24.748886">
        <ele>15.9</ele>
        <time>2026-08-19T16:08:34Z</time>
      </trkpt>
      <trkpt lat="59.439548" lon="24.748879">
        <ele>15.9</ele>
        <time>2026-08-19T16:08:35Z</time>
      </trkpt>
      <trkpt lat="59.439546" lon="24.748899">
        <ele>16.0</ele>
        <time>2026-08-19T16:08:36Z</time>
      </trkpt>
      <trkpt lat="59.439569" lon="24.748895">
        <ele>16.0</ele>
        <time>2026-08-19T16:08:37Z</time>
      </trkpt>
      <trkpt lat="59.439593" lon="24.748892">
        <ele>16.0</ele>
        <time>2026-08-19T16:08:38Z</time>
      </trkpt>
      <trkpt lat="59.439604" lon="24.748884">
        <ele>16.0</ele>
        <time>2026-08-19T16:08:39Z</time>
      </trkpt>
      <trkpt lat="59.439609" lon="24.748903">
        <ele>16.0</ele>
        <time>2026-08-19T16:08:40Z</time>
      </trkpt>
      <trkpt lat="59.439627" lon="24.74887">
        <ele>16.1</ele>
        <time>2026-08-19T16:08:41Z</time>
      </trkpt>
      <trkpt lat="59.439652" lon="24.748799">
        <ele>16.1</ele>
        <time>2026-08-19T16:08:42Z</time>
      </trkpt>
      <trkpt lat="59.439696" lon="24.748766">
        <ele>16.2</ele>
        <time>2026-08-19T16:08:43Z</time>
      </trkpt>
      <trkpt lat="59.439716" lon="24.748793">
        <ele>16.2</ele>
        <time>2026-08-19T16:08:44Z</time>
      </trkpt>
      <trkpt lat="59.439703" lon="24.748793">
        <ele>16.2</ele>
        <time>2026-08-19T16:08:45Z</time>
      </trkpt>
      <trkpt lat="59.439713" lon="24.748846">
        <ele>16.2</ele>
        <time>2026-08-19T16:08:46Z</time>
      </trkpt>
      <trkpt lat="59.439711" lon="24.74889">
        <ele>16.3</ele>
        <time>2026-08-19T16:08:47Z</time>
      </trkpt>
      <trkpt lat="59.439724" lon="24.748882">
        <ele>16.3</ele>
        <time>2026-08-19T16:08:48Z</time>
      </trkpt>
      <trkpt lat="59.439722" lon="24.748922">
        <ele>16.3</ele>
        <time>2026-08-19T16:08:49Z</time>
      </trkpt>
      <trkpt lat="59.439736" lon="24.748892">
        <ele>16.3</ele>
        <time>2026-08-19T16:08:50Z</time>
      </trkpt>
      <trkpt lat="59.439767" lon="24.748897">
        <ele>16.4</ele>
        <time>2026-08-19T16:08:51Z</time>
      </trkpt>
      <trkpt lat="59.439792" lon="24.748875">
        <ele>16.4</ele>
        <time>2026-08-19T16:08:52Z</time>
      </trkpt>
      <trkpt lat="59.439815" lon="24.748845">
        <ele>16.5</ele>
        <time>2026-08-19T16:08:53Z</time>
      </trkpt>
      <trkpt lat="59.439829" lon="24.748845">
        <ele>16.5</ele>
        <time>2026-08-19T16:08:54Z</time>
      </trkpt>
      <trkpt lat="59.439851" lon="24.748877">
        <ele>16.6</ele>
        <time>2026-08-19T16:08:55Z</time>
      </trkpt>
      <trkpt lat="59.439867" lon="24.748874">
        <ele>16.6</ele>
        <time>2026-08-19T16:08:56Z</time>
      </trkpt>
      <trkpt lat="59.439873" lon="24.748866">
        <ele>16.6</ele>
        <time>2026-08-19T16:08:57Z</time>
      </trkpt>
      <trkpt lat="59.439871" lon="24.74887">
        <ele>16.7</ele>
        <time>2026-08-19T16:08:58Z</time>
      </trkpt>
      <trkpt lat="59.439885" lon="24.748874">
        <ele>16.7</ele>
        <time>2026-08-19T16:08:59Z</time>
      </trkpt>
      <trkpt lat="59.439899" lon="24.748896">
        <ele>16.8</ele>
        <time>2026-08-19T16:09:00Z</time>
      </trkpt>
      <trkpt lat="59.439904" lon="24.748891">
        <ele>16.8</ele>
        <time>2026-08-19T16:09:01Z</time>
      </trkpt>
      <trkpt lat="59.43992" lon="24.748873">
        <ele>16.9</ele>
        <time>2026-08-19T16:09:02Z</time>
      </trkpt>
      <trkpt lat="59.439928" lon="24.748846">
        <ele>16.9</ele>
        <time>2026-08-19T16:09:03Z</time>
      </trkpt>
      <trkpt lat="59.43994" lon="24.748837">
        <ele>17.0</ele>
        <time>2026-08-19T16:09:04Z</time>
      </trkpt>
      <trkpt lat="59.439954" lon="24.748842">
        <ele>17.0</ele>
        <time>2026-08-19T16:09:05Z</time>
      </trkpt>
      <trkpt lat="59.439967" lon="24.748846">
        <ele>17.1</ele>
        <time>2026-08-19T16:09:06Z</time>
      </trkpt>
      <trkpt lat="59.439986" lon="24.748828">
        <ele>17.1</ele>
        <time>2026-08-19T16:09:07Z</time>
      </trkpt>
      <trkpt lat="59.440003" lon="24.748801">
        <ele>17.2</ele>
        <time>2026-08-19T16:09:08Z</time>
      </trkpt>
      <trkpt lat="59.44002" lon="24.748784">
        <ele>17.3</ele>
        <time>2026-08-19T16:09:09Z</time>
      </trkpt>
      <trkpt lat="59.440033" lon="24.748762">
        <ele>17.3</ele>
        <time>2026-08-19T16:09:10Z</time>
      </trkpt>
      <trkpt lat="59.440051" lon="24.748735">
        <ele>17.4</ele>
        <time>2026-08-19T16:09:11Z</time>
      </trkpt>
      <trkpt lat="59.440064" lon="24.748715">
        <ele>17.4</ele>
        <time>2026-08-19T16:09:12Z</time>
      </trkpt>
      <trkpt lat="59.440077" lon="24.748709">
        <ele>17.5</ele>
        <time>2026-08-19T16:09:13Z</time>
      </trkpt>
      <trkpt lat="59.440087" lon="24.748677">
        <ele>17.6</ele>
        <time>2026-08-19T16:09:14Z</time>
      </trkpt>
      <trkpt lat="59.440093" lon="24.748669">
        <ele>17.7</ele>
        <time>2026-08-19T16:09:15Z</time>
      </trkpt>
      <trkpt lat="59.440095" lon="24.748632">
        <ele>17.8</ele>
        <time>2026-08-19T16:09:16Z</time>
      </trkpt>
      <trkpt lat="59.440108" lon="24.748586">
        <ele>18.0</ele>
        <time>2026-08-19T16:09:17Z</time>
      </trkpt>
      <trkpt lat="59.440102" lon="24.748554">
        <ele>18.1</ele>
        <time>2026-08-19T16:09:18Z</time>
      </trkpt>
      <trkpt lat="59.440113" lon="24.748539">
        <ele>18.2</ele>
        <time>2026-08-19T16:09:19Z</time>
      </trkpt>
      <trkpt lat="59.440122" lon="24.748528">
        <ele>18.3</ele>
        <time>2026-08-19T16:09:20Z</time>
      </trkpt>
      <trkpt lat="59.440141" lon="24.74851">
        <ele>18.4</ele>
        <time>2026-08-19T16:09:21Z</time>
      </trkpt>
      <trkpt lat="59.44015" lon="24.74849">
        <ele>18.5</ele>
        <time>2026-08-19T16:09:22Z</time>
      </trkpt>
      <trkpt lat="59.440154" lon="24.748462">
        <ele>18.6</ele>
        <time>2026-08-19T16:09:23Z</time>
      </trkpt>
      <trkpt lat="59.440166" lon="24.74843">
        <ele>18.7</ele>
        <time>2026-08-19T16:09:24Z</time>
      </trkpt>
      <trkpt lat="59.440174" lon="24.7484">
        <ele>18.8</ele>
        <time>2026-08-19T16:09:25Z</time>
      </trkpt>
      <trkpt lat="59.44018" lon="24.748373">
        <ele>18.9</ele>
        <time>2026-08-19T16:09:26Z</time>
      </trkpt>
      <trkpt lat="59.440182" lon="24.748365">
        <ele>18.9</ele>
        <time>2026-08-19T16:09:27Z</time>
      </trkpt>
      <trkpt lat="59.440176" lon="24.748345">
        <ele>19.0</ele>
        <time>2026-08-19T16:09:28Z</time>
      </trkpt>
      <trkpt lat="59.440192" lon="24.74833">
        <ele>19.1</ele>
        <time>2026-08-19T16:09:29Z</time>
      </trkpt>
      <trkpt lat="59.440197" lon="24.748296">
        <ele>19.2</ele>
        <time>2026-08-19T16:09:30Z</time>
      </trkpt>
      <trkpt lat="59.4402" lon="24.748257">
        <ele>19.3</ele>
        <time>2026-08-19T16:09:31Z</time>
      </trkpt>
      <trkpt lat="59.440193" lon="24.748239">
        <ele>19.4</ele>
        <time>2026-08-19T16:09:32Z</time>
      </trkpt>
      <trkpt lat="59.440191" lon="24.748206">
        <ele>19.5</ele>
        <time>2026-08-19T16:09:33Z</time>
      </trkpt>
      <trkpt lat="59.440185" lon="24.748166">
        <ele>19.6</ele>
        <time>2026-08-19T16:09:34Z</time>
      </trkpt>
      <trkpt lat="59.440172" lon="24.748147">
        <ele>19.7</ele>
        <time>2026-08-19T16:09:35Z</time>
      </trkpt>
      <trkpt lat="59.440164" lon="24.748137">
        <ele>19.8</ele>
        <time>2026-08-19T16:09:36Z</time>
      </trkpt>
      <trkpt lat="59.440168" lon="24.748133">
        <ele>19.8</ele>
        <time>2026-08-19T16:09:37Z</time>
      </trkpt>
      <trkpt lat="59.440168" lon="24.748114">
        <ele>19.9</ele>
        <time>2026-08-19T16:09:38Z</time>
      </trkpt>
      <trkpt lat="59.440152" lon="24.748102">
        <ele>20.0</ele>
        <time>2026-08-19T16:09:39Z</time>
      </trkpt>
      <trkpt lat="59.440131" lon="24.748094">
        <ele>20.1</ele>
        <time>2026-08-19T16:09:40Z</time>
      </trkpt>
      <trkpt lat="59.440128" lon="24.748062">
        <ele>20.2</ele>
        <time>2026-08-19T16:09:41Z</time>
      </trkpt>
      <trkpt lat="59.440117" lon="24.748057">
        <ele>20.2</ele>
        <time>2026-08-19T16:09:42Z</time>
      </trkpt>
      <trkpt lat="59.440098" lon="24.748021">
        <ele>20.4</ele>
        <time>2026-08-19T16:09:43Z</time>
      </trkpt>
      <trkpt lat="59.440083" lon="24.74801">
        <ele>20.5</ele>
        <time>2026-08-19T16:09:44Z</time>
      </trkpt>
      <trkpt lat="59.440066" lon="24.747976">
        <ele>20.6</ele>
        <time>2026-08-19T16:09:45Z</time>
      </trkpt>
      <trkpt lat="59.440052" lon="24.747949">
        <ele>20.7</ele>
        <time>2026-08-19T16:09:46Z</time>
      </trkpt>
      <trkpt lat="59.440041" lon="24.747927">
        <ele>20.8</ele>
        <time>2026-08-19T16:09:47Z</time>
      </trkpt>
      <trkpt lat="59.440032" lon="24.747892">
        <ele>20.9</ele>
        <time>2026-08-19T16:09:48Z</time>
      </trkpt>
      <trkpt lat="59.440025" lon="24.747877">
        <ele>20.9</ele>
        <time>2026-08-19T16:09:49Z</time>
      </trkpt>
      <trkpt lat="59.440011" lon="24.747865">
        <ele>21.0</ele>
        <time>2026-08-19T16:09:50Z</time>
      </trkpt>
      <trkpt lat="59.440006" lon="24.747855">
        <ele>21.0</ele>
        <time>2026-08-19T16:09:51Z</time>
      </trkpt>
      <trkpt lat="59.439989" lon="24.747851">
        <ele>21.1</ele>
        <time>2026-08-19T16:09:52Z</time>
      </trkpt>
      <trkpt lat="59.439965" lon="24.74784">
        <ele>21.2</ele>
        <time>2026-08-19T16:09:53Z</time>
      </trkpt>
      <trkpt lat="59.439939" lon="24.747837">
        <ele>21.3</ele>
        <time>2026-08-19T16:09:54Z</time>
      </trkpt>
      <trkpt lat="59.439918" lon="24.747847">
        <ele>21.4</ele>
        <time>2026-08-19T16:09:55Z</time>
      </trkpt>
      <trkpt lat="59.439899" lon="24.747837">
        <ele>21.4</ele>
        <time>2026-08-19T16:09:56Z</time>
      </trkpt>
      <trkpt lat="59.439889" lon="24.747813">
        <ele>21.5</ele>
        <time>2026-08-19T16:09:57Z</time>
      </trkpt>
      <trkpt lat="59.43988" lon="24.747796">
        <ele>21.6</ele>
        <time>2026-08-19T16:09:58Z</time>
      </trkpt>
      <trkpt lat="59.439881" lon="24.747779">
        <ele>21.6</ele>
        <time>2026-08-19T16:09:59Z</time>
      </trkpt>
      <trkpt lat="59.439882" lon="24.747761">
        <ele>21.6</ele>
        <time>2026-08-19T16:10:00Z</time>
      </trkpt>
      <trkpt lat="59.439866" lon="24.747745">
        <ele>21.7</ele>
        <time>2026-08-19T16:10:01Z</time>
      </trkpt>
      <trkpt lat="59.439855" lon="24.747727">
        <ele>21.8</ele>
        <time>2026-08-19T16:10:02Z</time>
      </trkpt>
      <trkpt lat="59.43985" lon="24.747707">
        <ele>21.8</ele>
        <time>2026-08-19T16:10:03Z</time>
      </trkpt>
      <trkpt lat="59.439841" lon="24.747702">
        <ele>21.8</ele>
        <time>2026-08-19T16:10:04Z</time>
      </trkpt>
      <trkpt lat="59.439829" lon="24.747666">
        <ele>21.9</ele>
        <time>2026-08-19T16:10:05Z</time>
      </trkpt>
      <trkpt lat="59.439817" lon="24.747641">
        <ele>22.0</ele>
        <time>2026-08-19T16:10:06Z</time>
      </trkpt>
      <trkpt lat="59.439809" lon="24.747634">
        <ele>22.0</ele>
        <time>2026-08-19T16:10:07Z</time>
      </trkpt>
      <trkpt lat="59.439796" lon="24.747628">
        <ele>22.1</ele>
        <time>2026-08-19T16:10:08Z</time>
      </trkpt>
      <trkpt lat="59.439784" lon="24.747622">
        <ele>22.1</ele>
        <time>2026-08-19T16:10:09Z</time>
      </trkpt>
      <trkpt lat="59.439767" lon="24.747611">
        <ele>22.2</ele>
        <time>2026-08-19T16:10:10Z</time>
      </trkpt>
      <trkpt lat="59.439755" lon="24.747597">
        <ele>22.3</ele>
        <time>2026-08-19T16:10:11Z</time>
      </trkpt>
      <trkpt lat="59.439741" lon="24.747568">
        <ele>22.3</ele>
        <time>2026-08-19T16:10:12Z</time>
      </trkpt>
      <trkpt lat="59.439724" lon="24.747569">
        <ele>22.4</ele>
        <time>2026-08-19T16:10:13Z</time>
      </trkpt>
      <trkpt lat="59.439716" lon="24.747542">
        <ele>22.5</ele>
        <time>2026-08-19T16:10:14Z</time>
      </trkpt>
      <trkpt lat="59.439702" lon="24.747535">
        <ele>22.5</ele>
        <time>2026-08-19T16:10:15Z</time>
      </trkpt>
      <trkpt lat="59.43969" lon="24.747526">
        <ele>22.6</ele>
        <time>2026-08-19T16:10:16Z</time>
      </trkpt>
      <trkpt lat="59.439676" lon="24.747517">
        <ele>22.6</ele>
        <time>2026-08-19T16:10:17Z</time>
      </trkpt>
      <trkpt lat="59.439659" lon="24.747517">
        <ele>22.7</ele>
        <time>2026-08-19T16:10:18Z</time>
      </trkpt>
      <trkpt lat="59.439645" lon="24.74752">
        <ele>22.7</ele>
        <time>2026-08-19T16:10:19Z</time>
      </trkpt>
      <trkpt lat="59.439625" lon="24.74753">
        <ele>22.8</ele>
        <time>2026-08-19T16:10:20Z</time>
      </trkpt>
      <trkpt lat="59.439616" lon="24.747501">
        <ele>22.9</ele>
        <time>2026-08-19T16:10:21Z</time>
      </trkpt>
      <trkpt lat="59.439611" lon="24.747471">
        <ele>23.0</ele>
        <time>2026-08-19T16:10:22Z</time>
      </trkpt>
      <trkpt lat="59.439603" lon="24.747446">
        <ele>23.0</ele>
        <time>2026-08-19T16:10:23Z</time>
      </trkpt>
      <trkpt lat="59.439591" lon="24.747418">
        <ele>23.1</ele>
        <time>2026-08-19T16:10:24Z</time>
      </trkpt>
      <trkpt lat="59.439578" lon="24.747397">
        <ele>23.1</ele>
        <time>2026-08-19T16:10:25Z</time>
      </trkpt>
      <trkpt lat="59.439564" lon="24.747388">
        <ele>23.2</ele>
        <time>2026-08-19T16:10:26Z</time>
      </trkpt>
      <trkpt lat="59.439549" lon="24.747371">
        <ele>23.3</ele>
        <time>2026-08-19T16:10:27Z</time>
      </trkpt>
      <trkpt lat="59.439539" lon="24.747342">
        <ele>23.3</ele>
        <time>2026-08-19T16:10:28Z</time>
      </trkpt>
      <trkpt lat="59.43953" lon="24.747322">
        <ele>23.4</ele>
        <time>2026-08-19T16:10:29Z</time>
      </trkpt>
      <trkpt lat="59.439521" lon="24.747302">
        <ele>23.4</ele>
        <time>2026-08-19T16:10:30Z</time>
      </trkpt>
      <trkpt lat="59.43951" lon="24.747278">
        <ele>23.5</ele>
        <time>2026-08-19T16:10:31Z</time>
      </trkpt>
      <trkpt lat="59.439497" lon="24.747257">
        <ele>23.6</ele>
        <time>2026-08-19T16:10:32Z</time>
      </trkpt>
      <trkpt lat="59.439471" lon="24.747272">
        <ele>23.7</ele>
        <time>2026-08-19T16:10:33Z</time>
      </trkpt>
      <trkpt lat="59.439452" lon="24.747271">
        <ele>23.8</ele>
        <time>2026-08-19T16:10:34Z</time>
      </trkpt>
      <trkpt lat="59.439435" lon="24.747283">
        <ele>23.9</ele>
        <time>2026-08-19T16:10:35Z</time>
      </trkpt>
      <trkpt lat="59.439417" lon="24.747277">
        <ele>24.0</ele>
        <time>2026-08-19T16:10:36Z</time>
      </trkpt>
      <trkpt lat="59.439403" lon="24.747271">
        <ele>24.1</ele>
        <time>2026-08-19T16:10:37Z</time>
      </trkpt>
      <trkpt lat="59.439392" lon="24.747258">
        <ele>24.1</ele>
        <time>2026-08-19T16:10:38Z</time>
      </trkpt>
      <trkpt lat="59.439379" lon="24.747254">
        <ele>24.2</ele>
        <time>2026-08-19T16:10:39Z</time>
      </trkpt>
      <trkpt lat="59.43937" lon="24.747231">
        <ele>24.3</ele>
        <time>2026-08-19T16:10:40Z</time>
      </trkpt>
      <trkpt lat="59.439364" lon="24.747217">
        <ele>24.3</ele>
        <time>2026-08-19T16:10:41Z</time>
      </trkpt>
      <trkpt lat="59.439345" lon="24.747217">
        <ele>24.4</ele>
        <time>2026-08-19T16:10:42Z</time>
      </trkpt>
      <trkpt lat="59.439335" lon="24.747195">
        <ele>24.5</ele>
        <time>2026-08-19T16:10:43Z</time>
      </trkpt>
      <trkpt lat="59.439319" lon="24.747182">
        <ele>24.6</ele>
        <time>2026-08-19T16:10:44Z</time>
      </trkpt>
      <trkpt lat="59.439304" lon="24.74717">
        <ele>24.7</ele>
        <time>2026-08-19T16:10:45Z</time>
      </trkpt>
      <trkpt lat="59.439288" lon="24.747166">
        <ele>24.8</ele>
        <time>2026-08-19T16:10:46Z</time>
      </trkpt>
      <trkpt lat="59.439274" lon="24.74717">
        <ele>24.9</ele>
        <time>2026-08-19T16:10:47Z</time>
      </trkpt>
      <trkpt lat="59.439267" lon="24.747148">
        <ele>25.0</ele>
        <time>2026-08-19T16:10:48Z</time>
      </trkpt>
      <trkpt lat="59.439256" lon="24.747133">
        <ele>25.0</ele>
        <time>2026-08-19T16:10:49Z</time>
      </trkpt>
      <trkpt lat="59.439241" lon="24.747139">
        <ele>25.1</ele>
        <time>2026-08-19T16:10:50Z</time>
      </trkpt>
      <trkpt lat="59.439235" lon="24.747116">
        <ele>25.2</ele>
        <time>2026-08-19T16:10:51Z</time>
      </trkpt>
      <trkpt lat="59.439233" lon="24.747075">
        <ele>25.3</ele>
        <time>2026-08-19T16:10:52Z</time>
      </trkpt>
      <trkpt lat="59.439224" lon="24.747063">
        <ele>25.3</ele>
        <time>2026-08-19T16:10:53Z</time>
      </trkpt>
      <trkpt lat="59.439217" lon="24.747058">
        <ele>25.4</ele>
        <time>2026-08-19T16:10:54Z</time>
      </trkpt>
      <trkpt lat="59.439211" lon="24.747053">
        <ele>25.4</ele>
        <time>2026-08-19T16:10:55Z</time>
      </trkpt>
      <trkpt lat="59.439207" lon="24.747051">
        <ele>25.4</ele>
        <time>2026-08-19T16:10:56Z</time>
      </trkpt>
      <trkpt lat="59.439198" lon="24.747027">
        <ele>25.5</ele>
        <time>2026-08-19T16:10:57Z</time>
      </trkpt>
      <trkpt lat="59.439189" lon="24.746993">
        <ele>25.6</ele>
        <time>2026-08-19T16:10:58Z</time>
      </trkpt>
      <trkpt lat="59.43918" lon="24.746958">
        <ele>25.7</ele>
        <time>2026-08-19T16:10:59Z</time>
      </trkpt>
      <trkpt lat="59.439169" lon="24.746942">
        <ele>25.8</ele>
        <time>2026-08-19T16:11:00Z</time>
      </trkpt>
      <trkpt lat="59.439162" lon="24.74694">
        <ele>25.8</ele>
        <time>2026-08-19T16:11:01Z</time>
      </trkpt>
      <trkpt lat="59.439153" lon="24.74694">
        <ele>25.8</ele>
        <time>2026-08-19T16:11:02Z</time>
      </trkpt>
      <trkpt lat="59.439144" lon="24.746937">
        <ele>25.9</ele>
        <time>2026-08-19T16:11:03Z</time>
      </trkpt>
      <trkpt lat="59.439126" lon="24.746923">
        <ele>26.0</ele>
        <time>2026-08-19T16:11:04Z</time>
      </trkpt>
      <trkpt lat="59.439106" lon="24.746909">
        <ele>26.0</ele>
        <time>2026-08-19T16:11:05Z</time>
      </trkpt>
      <trkpt lat="59.439092" lon="24.746885">
        <ele>26.1</ele>
        <time>2026-08-19T16:11:06Z</time>
      </trkpt>
      <trkpt lat="59.439077" lon="24.746874">
        <ele>26.2</ele>
        <time>2026-08-19T16:11:07Z</time>
      </trkpt>
      <trkpt lat="59.439064" lon="24.746859">
        <ele>26.2</ele>
        <time>2026-08-19T16:11:08Z</time>
      </trkpt>
      <trkpt lat="59.439053" lon="24.746846">
        <ele>26.3</ele>
        <time>2026-08-19T16:11:09Z</time>
      </trkpt>
      <trkpt lat="59.439039" lon="24.74683">
        <ele>26.3</ele>
        <time>2026-08-19T16:11:10Z</time>
      </trkpt>
      <trkpt lat="59.439025" lon="24.746819">
        <ele>26.3</ele>
        <time>2026-08-19T16:11:11Z</time>
      </trkpt>
      <trkpt lat="59.439016" lon="24.746804">
        <ele>26.3</ele>
        <time>2026-08-19T16:11:12Z</time>
      </trkpt>
      <trkpt lat="59.439012" lon="24.746779">
        <ele>26.3</ele>
        <time>2026-08-19T16:11:13Z</time>
      </trkpt>
      <trkpt lat="59.439001" lon="24.746766">
        <ele>26.4</ele>
        <time>2026-08-19T16:11:14Z</time>
      </trkpt>
      <trkpt lat="59.438991" lon="24.746735">
        <ele>26.4</ele>
        <time>2026-08-19T16:11:15Z</time>
      </trkpt>
      <trkpt lat="59.438975" lon="24.746724">
        <ele>26.4</ele>
        <time>2026-08-19T16:11:16Z</time>
      </trkpt>
      <trkpt lat="59.438961" lon="24.746713">
        <ele>26.4</ele>
        <time>2026-08-19T16:11:17Z</time>
      </trkpt>
      <trkpt lat="59.438947" lon="24.746697">
        <ele>26.4</ele>
        <time>2026-08-19T16:11:18Z</time>
      </trkpt>
      <trkpt lat="59.438938" lon="24.746681">
        <ele>26.4</ele>
        <time>2026-08-19T16:11:19Z</time>
      </trkpt>
      <trkpt lat="59.438932" lon="24.746662">
        <ele>26.4</ele>
        <time>2026-08-19T16:11:20Z</time>
      </trkpt>
      <trkpt lat="59.438924" lon="24.746639">
        <ele>26.4</ele>
        <time>2026-08-19T16:11:21Z</time>
      </trkpt>
      <trkpt lat="59.438914" lon="24.746622">
        <ele>26.4</ele>
        <time>2026-08-19T16:11:22Z</time>
      </trkpt>
      <trkpt lat="59.438904" lon="24.746611">
        <ele>26.4</ele>
        <time>2026-08-19T16:11:23Z</time>
      </trkpt>
      <trkpt lat="59.438893" lon="24.746594">
        <ele>26.4</ele>
        <time>2026-08-19T16:11:24Z</time>
      </trkpt>
      <trkpt lat="59.43888" lon="24.74659">
        <ele>26.4</ele>
        <time>2026-08-19T16:11:25Z</time>
      </trkpt>
      <trkpt lat="59.438867" lon="24.746573">
        <ele>26.4</ele>
        <time>2026-08-19T16:11:26Z</time>
      </trkpt>
      <trkpt lat="59.438863" lon="24.746543">
        <ele>26.4</ele>
        <time>2026-08-19T16:11:27Z</time>
      </trkpt>
      <trkpt lat="59.438857" lon="24.746523">
        <ele>26.4</ele>
        <time>2026-08-19T16:11:28Z</time>
      </trkpt>
      <trkpt lat="59.438849" lon="24.746509">
        <ele>26.4</ele>
        <time>2026-08-19T16:11:29Z</time>
      </trkpt>
      <trkpt lat="59.438836" lon="24.74649">
        <ele>26.4</ele>
        <time>2026-08-19T16:11:30Z</time>
      </trkpt>
      <trkpt lat="59.438826" lon="24.746473">
        <ele>26.4</ele>
        <time>2026-08-19T16:11:31Z</time>
      </trkpt>
      <trkpt lat="59.438814" lon="24.746458">
        <ele>26.4</ele>
        <time>2026-08-19T16:11:32Z</time>
      </trkpt>
      <trkpt lat="59.438804" lon="24.746445">
        <ele>26.4</ele>
        <time>2026-08-19T16:11:33Z</time>
      </trkpt>
      <trkpt lat="59.438791" lon="24.746433">
        <ele>26.4</ele>
        <time>2026-08-19T16:11:34Z</time>
      </trkpt>
      <trkpt lat="59.438782" lon="24.746412">
        <ele>26.4</ele>
        <time>2026-08-19T16:11:35Z</time>
      </trkpt>
      <trkpt lat="59.438774" lon="24.746387">
        <ele>26.4</ele>
        <time>2026-08-19T16:11:36Z</time>
      </trkpt>
      <trkpt lat="59.438765" lon="24.746361">
        <ele>26.4</ele>
        <time>2026-08-19T16:11:37Z</time>
      </trkpt>
      <trkpt lat="59.438758" lon="24.74634">
        <ele>26.4</ele>
        <time>2026-08-19T16:11:38Z</time>
      </trkpt>
      <trkpt lat="59.438749" lon="24.746319">
        <ele>26.4</ele>
        <time>2026-08-19T16:11:39Z</time>
      </trkpt>
      <trkpt lat="59.43874" lon="24.746307">
        <ele>26.3</ele>
        <time>2026-08-19T16:11:40Z</time>
      </trkpt>
      <trkpt lat="59.438734" lon="24.746286">
        <ele>26.3</ele>
        <time>2026-08-19T16:11:41Z</time>
      </trkpt>
      <trkpt lat="59.438729" lon="24.746256">
        <ele>26.3</ele>
        <time>2026-08-19T16:11:42Z</time>
      </trkpt>
      <trkpt lat="59.438726" lon="24.746234">
        <ele>26.3</ele>
        <time>2026-08-19T16:11:43Z</time>
      </trkpt>
      <trkpt lat="59.438719" lon="24.746224">
        <ele>26.3</ele>
        <time>2026-08-19T16:11:44Z</time>
      </trkpt>
      <trkpt lat="59.43871" lon="24.746214">
        <ele>26.3</ele>
        <time>2026-08-19T16:11:45Z</time>
      </trkpt>
      <trkpt lat="59.438706" lon="24.746193">
        <ele>26.3</ele>
        <time>2026-08-19T16:11:46Z</time>
      </trkpt>
      <trkpt lat="59.438695" lon="24.746167">
        <ele>26.3</ele>
        <time>2026-08-19T16:11:47Z</time>
      </trkpt>
      <trkpt lat="59.438691" lon="24.746132">
        <ele>26.2</ele>
        <time>2026-08-19T16:11:48Z</time>
      </trkpt>
      <trkpt lat="59.438681" lon="24.746113">
        <ele>26.2</ele>
        <time>2026-08-19T16:11:49Z</time>
      </trkpt>
      <trkpt lat="59.438665" lon="24.746107">
        <ele>26.2</ele>
        <time>2026-08-19T16:11:50Z</time>
      </trkpt>
      <trkpt lat="59.43865" lon="24.746112">
        <ele>26.2</ele>
        <time>2026-08-19T16:11:51Z</time>
      </trkpt>
      <trkpt lat="59.438638" lon="24.746096">
        <ele>26.2</ele>
        <time>2026-08-19T16:11:52Z</time>
      </trkpt>
      <trkpt lat="59.438623" lon="24.746091">
        <ele>26.2</ele>
        <time>2026-08-19T16:11:53Z</time>
      </trkpt>
      <trkpt lat="59.438619" lon="24.746067">
        <ele>26.2</ele>
        <time>2026-08-19T16:11:54Z</time>
      </trkpt>
      <trkpt lat="59.438612" lon="24.746054">
        <ele>26.1</ele>
        <time>2026-08-19T16:11:55Z</time>
      </trkpt>
      <trkpt lat="59.438604" lon="24.746056">
        <ele>26.1</ele>
        <time>2026-08-19T16:11:56Z</time>
      </trkpt>
      <trkpt lat="59.438598" lon="24.746047">
        <ele>26.1</ele>
        <time>2026-08-19T16:11:57Z</time>
      </trkpt>
      <trkpt lat="59.438588" lon="24.746048">
        <ele>26.1</ele>
        <time>2026-08-19T16:11:58Z</time>
      </trkpt>
      <trkpt lat="59.438585" lon="24.746022">
        <ele>26.1</ele>
        <time>2026-08-19T16:11:59Z</time>
      </trkpt>
      <trkpt lat="59.438577" lon="24.745995">
        <ele>26.1</ele>
        <time>2026-08-19T16:12:00Z</time>
      </trkpt>
      <trkpt lat="59.438571" lon="24.745968">
        <ele>26.1</ele>
        <time>2026-08-19T16:12:01Z</time>
      </trkpt>
      <trkpt lat="59.438563" lon="24.745959">
        <ele>26.0</ele>
        <time>2026-08-19T16:12:02Z</time>
      </trkpt>
      <trkpt lat="59.43855" lon="24.745933">
        <ele>26.0</ele>
        <time>2026-08-19T16:12:03Z</time>
      </trkpt>
      <trkpt lat="59.438539" lon="24.745914">
        <ele>26.0</ele>
        <time>2026-08-19T16:12:04Z</time>
      </trkpt>
      <trkpt lat="59.438529" lon="24.745901">
        <ele>26.0</ele>
        <time>2026-08-19T16:12:05Z</time>
      </trkpt>
      <trkpt lat="59.438522" lon="24.74589">
        <ele>26.0</ele>
        <time>2026-08-19T16:12:06Z</time>
      </trkpt>
      <trkpt lat="59.438517" lon="24.745876">
        <ele>26.0</ele>
        <time>2026-08-19T16:12:07Z</time>
      </trkpt>
      <trkpt lat="59.438512" lon="24.745853">
        <ele>25.9</ele>
        <time>2026-08-19T16:12:08Z</time>
      </trkpt>
      <trkpt lat="59.438512" lon="24.745836">
        <ele>25.9</ele>
        <time>2026-08-19T16:12:09Z</time>
      </trkpt>
      <trkpt lat="59.438508" lon="24.745834">
        <ele>25.9</ele>
        <time>2026-08-19T16:12:10Z</time>
      </trkpt>
      <trkpt lat="59.438512" lon="24.745817">
        <ele>25.9</ele>
        <time>2026-08-19T16:12:11Z</time>
      </trkpt>
      <trkpt lat="59.438509" lon="24.745791">
        <ele>25.9</ele>
        <time>2026-08-19T16:12:12Z</time>
      </trkpt>
      <trkpt lat="59.438504" lon="24.745775">
        <ele>25.9</ele>
        <time>2026-08-19T16:12:13Z</time>
      </trkpt>
      <trkpt lat="59.438501" lon="24.745757">
        <ele>25.9</ele>
        <time>2026-08-19T16:12:14Z</time>
      </trkpt>
      <trkpt lat="59.438501" lon="24.745738">
        <ele>25.9</ele>
        <time>2026-08-19T16:12:15Z</time>
      </trkpt>
      <trkpt lat="59.4385" lon="24.745709">
        <ele>25.8</ele>
        <time>2026-08-19T16:12:16Z</time>
      </trkpt>
      <trkpt lat="59.438498" lon="24.745682">
        <ele>25.8</ele>
        <time>2026-08-19T16:12:17Z</time>
      </trkpt>
      <trkpt lat="59.4385" lon="24.745703">
        <ele>25.8</ele>
        <time>2026-08-19T16:12:18Z</time>
      </trkpt>
      <trkpt lat="59.438491" lon="24.745695">
        <ele>25.8</ele>
        <time>2026-08-19T16:12:19Z</time>
      </trkpt>
      <trkpt lat="59.438487" lon="24.745687">
        <ele>25.8</ele>
        <time>2026-08-19T16:12:20Z</time>
      </trkpt>
      <trkpt lat="59.438473" lon="24.745671">
        <ele>25.8</ele>
        <time>2026-08-19T16:12:21Z</time>
      </trkpt>
      <trkpt lat="59.438458" lon="24.745649">
        <ele>25.7</ele>
        <time>2026-08-19T16:12:22Z</time>
      </trkpt>
      <trkpt lat="59.438444" lon="24.745629">
        <ele>25.7</ele>
        <time>2026-08-19T16:12:23Z</time>
      </trkpt>
      <trkpt lat="59.438431" lon="24.745637">
        <ele>25.7</ele>
        <time>2026-08-19T16:12:24Z</time>
      </trkpt>
      <trkpt lat="59.438414" lon="24.745621">
        <ele>25.7</ele>
        <time>2026-08-19T16:12:25Z</time>
      </trkpt>
      <trkpt lat="59.438394" lon="24.745606">
        <ele>25.6</ele>
        <time>2026-08-19T16:12:26Z</time>
      </trkpt>
      <trkpt lat="59.438377" lon="24.745601">
        <ele>25.6</ele>
        <time>2026-08-19T16:12:27Z</time>
      </trkpt>
      <trkpt lat="59.438363" lon="24.745577">
        <ele>25.6</ele>
        <time>2026-08-19T16:12:28Z</time>
      </trkpt>
      <trkpt lat="59.438355" lon="24.745532">
        <ele>25.5</ele>
        <time>2026-08-19T16:12:29Z</time>
      </trkpt>
      <trkpt lat="59.438349" lon="24.745508">
        <ele>25.5</ele>
        <time>2026-08-19T16:12:30Z</time>
      </trkpt>
      <trkpt lat="59.438346" lon="24.745469">
        <ele>25.5</ele>
        <time>2026-08-19T16:12:31Z</time>
      </trkpt>
      <trkpt lat="59.438343" lon="24.745423">
        <ele>25.4</ele>
        <time>2026-08-19T16:12:32Z</time>
      </trkpt>
      <trkpt lat="59.438329" lon="24.74542">
        <ele>25.4</ele>
        <time>2026-08-19T16:12:33Z</time>
      </trkpt>
      <trkpt lat="59.438323" lon="24.745415">
        <ele>25.4</ele>
        <time>2026-08-19T16:12:34Z</time>
      </trkpt>
      <trkpt lat="59.438315" lon="24.745414">
        <ele>25.4</ele>
        <time>2026-08-19T16:12:35Z</time>
      </trkpt>
      <trkpt lat="59.438301" lon="24.745405">
        <ele>25.4</ele>
        <time>2026-08-19T16:12:36Z</time>
      </trkpt>
      <trkpt lat="59.438286" lon="24.745382">
        <ele>25.4</ele>
        <time>2026-08-19T16:12:37Z</time>
      </trkpt>
      <trkpt lat="59.438266" lon="24.7454">
        <ele>25.3</ele>
        <time>2026-08-19T16:12:38Z</time>
      </trkpt>
      <trkpt lat="59.438256" lon="24.745403">
        <ele>25.3</ele>
        <time>2026-08-19T16:12:39Z</time>
      </trkpt>
      <trkpt lat="59.438249" lon="24.745386">
        <ele>25.3</ele>
        <time>2026-08-19T16:12:40Z</time>
      </trkpt>
      <trkpt lat="59.438236" lon="24.74538">
        <ele>25.3</ele>
        <time>2026-08-19T16:12:41Z</time>
      </trkpt>
      <trkpt lat="59.438228" lon="24.74539">
        <ele>25.2</ele>
        <time>2026-08-19T16:12:42Z</time>
      </trkpt>
      <trkpt lat="59.43823" lon="24.745397">
        <ele>25.2</ele>
        <time>2026-08-19T16:12:43Z</time>
      </trkpt>
      <trkpt lat="59.438227" lon="24.745415">
        <ele>25.2</ele>
        <time>2026-08-19T16:12:44Z</time>
      </trkpt>
      <trkpt lat="59.438209" lon="24.745415">
        <ele>25.2</ele>
        <time>2026-08-19T16:12:45Z</time>
      </trkpt>
      <trkpt lat="59.438202" lon="24.745411">
        <ele>25.1</ele>
        <time>2026-08-19T16:12:46Z</time>
      </trkpt>
      <trkpt lat="59.438191" lon="24.745422">
        <ele>25.1</ele>
        <time>2026-08-19T16:12:47Z</time>
      </trkpt>
      <trkpt lat="59.438187" lon="24.745422">
        <ele>25.1</ele>
        <time>2026-08-19T16:12:48Z</time>
      </trkpt>
      <trkpt lat="59.438174" lon="24.74541">
        <ele>25.1</ele>
        <time>2026-08-19T16:12:49Z</time>
      </trkpt>
      <trkpt lat="59.438166" lon="24.745436">
        <ele>25.0</ele>
        <time>2026-08-19T16:12:50Z</time>
      </trkpt>
      <trkpt lat="59.43816" lon="24.74544">
        <ele>25.0</ele>
        <time>2026-08-19T16:12:51Z</time>
      </trkpt>
      <trkpt lat="59.438146" lon="24.745444">
        <ele>25.0</ele>
        <time>2026-08-19T16:12:52Z</time>
      </trkpt>
      <trkpt lat="59.43814" lon="24.745444">
        <ele>24.9</ele>
        <time>2026-08-19T16:12:53Z</time>
      </trkpt>
      <trkpt lat="59.438134" lon="24.745447">
        <ele>24.9</ele>
        <time>2026-08-19T16:12:54Z</time>
      </trkpt>
      <trkpt lat="59.438121" lon="24.745449">
        <ele>24.9</ele>
        <time>2026-08-19T16:12:55Z</time>
      </trkpt>
      <trkpt lat="59.438107" lon="24.745453">
        <ele>24.9</ele>
        <time>2026-08-19T16:12:56Z</time>
      </trkpt>
      <trkpt lat="59.438089" lon="24.745461">
        <ele>24.8</ele>
        <time>2026-08-19T16:12:57Z</time>
      </trkpt>
      <trkpt lat="59.438074" lon="24.745458">
        <ele>24.8</ele>
        <time>2026-08-19T16:12:58Z</time>
      </trkpt>
      <trkpt lat="59.438065" lon="24.745456">
        <ele>24.8</ele>
        <time>2026-08-19T16:12:59Z</time>
      </trkpt>
      <trkpt lat="59.438053" lon="24.745465">
        <ele>24.8</ele>
        <time>2026-08-19T16:13:00Z</time>
      </trkpt>
      <trkpt lat="59.438051" lon="24.745464">
        <ele>24.8</ele>
        <time>2026-08-19T16:13:01Z</time>
      </trkpt>
      <trkpt lat="59.438056" lon="24.745444">
        <ele>24.8</ele>
        <time>2026-08-19T16:13:02Z</time>
      </trkpt>
      <trkpt lat="59.438054" lon="24.745446">
        <ele>24.8</ele>
        <time>2026-08-19T16:13:03Z</time>
      </trkpt>
      <trkpt lat="59.438053" lon="24.745446">
        <ele>24.8</ele>
        <time>2026-08-19T16:13:04Z</time>
      </trkpt>
      <trkpt lat="59.438055" lon="24.745453">
        <ele>24.8</ele>
        <time>2026-08-19T16:13:05Z</time>
      </trkpt>
      <trkpt lat="59.438056" lon="24.745454">
        <ele>24.8</ele>
        <time>2026-08-19T16:13:06Z</time>
      </trkpt>
      <trkpt lat="59.438056" lon="24.745451">
        <ele>24.8</ele>
        <time>2026-08-19T16:13:07Z</time>
      </trkpt>
      <trkpt lat="59.438056" lon="24.745452">
        <ele>24.8</ele>
        <time>2026-08-19T16:13:08Z</time>
      </trkpt>
      <trkpt lat="59.438044" lon="24.745449">
        <ele>24.8</ele>
        <time>2026-08-19T16:13:09Z</time>
      </trkpt>
      <trkpt lat="59.438044" lon="24.745463">
        <ele>24.7</ele>
        <time>2026-08-19T16:13:10Z</time>
      </trkpt>
      <trkpt lat="59.438042" lon="24.745457">
        <ele>24.7</ele>
        <time>2026-08-19T16:13:11Z</time>
      </trkpt>
      <trkpt lat="59.438046" lon="24.745456">
        <ele>24.7</ele>
        <time>2026-08-19T16:13:12Z</time>
      </trkpt>
      <trkpt lat="59.438052" lon="24.74546">
        <ele>24.7</ele>
        <time>2026-08-19T16:13:13Z</time>
      </trkpt>
      <trkpt lat="59.438045" lon="24.745459">
        <ele>24.7</ele>
        <time>2026-08-19T16:13:14Z</time>
      </trkpt>
      <trkpt lat="59.438046" lon="24.745459">
        <ele>24.7</ele>
        <time>2026-08-19T16:13:15Z</time>
      </trkpt>
      <trkpt lat="59.43804" lon="24.745471">
        <ele>24.7</ele>
        <time>2026-08-19T16:13:16Z</time>
      </trkpt>
      <trkpt lat="59.43804" lon="24.745482">
        <ele>24.7</ele>
        <time>2026-08-19T16:13:17Z</time>
      </trkpt>
      <trkpt lat="59.438026" lon="24.745481">
        <ele>24.7</ele>
        <time>2026-08-19T16:13:18Z</time>
      </trkpt>
      <trkpt lat="59.438012" lon="24.74548">
        <ele>24.7</ele>
        <time>2026-08-19T16:13:19Z</time>
      </trkpt>
      <trkpt lat="59.438006" lon="24.745478">
        <ele>24.7</ele>
        <time>2026-08-19T16:13:20Z</time>
      </trkpt>
      <trkpt lat="59.437978" lon="24.745462">
        <ele>24.6</ele>
        <time>2026-08-19T16:13:21Z</time>
      </trkpt>
      <trkpt lat="59.437962" lon="24.745496">
        <ele>24.6</ele>
        <time>2026-08-19T16:13:22Z</time>
      </trkpt>
      <trkpt lat="59.437939" lon="24.7455">
        <ele>24.6</ele>
        <time>2026-08-19T16:13:23Z</time>
      </trkpt>
      <trkpt lat="59.437922" lon="24.745496">
        <ele>24.6</ele>
        <time>2026-08-19T16:13:24Z</time>
      </trkpt>
      <trkpt lat="59.43793" lon="24.745528">
        <ele>24.6</ele>
        <time>2026-08-19T16:13:25Z</time>
      </trkpt>
      <trkpt lat="59.437929" lon="24.745537">
        <ele>24.6</ele>
        <time>2026-08-19T16:13:26Z</time>
      </trkpt>
      <trkpt lat="59.437908" lon="24.745479">
        <ele>24.5</ele>
        <time>2026-08-19T16:13:27Z</time>
      </trkpt>
      <trkpt lat="59.437887" lon="24.745446">
        <ele>24.5</ele>
        <time>2026-08-19T16:13:28Z</time>
      </trkpt>
      <trkpt lat="59.437875" lon="24.745448">
        <ele>24.5</ele>
        <time>2026-08-19T16:13:29Z</time>
      </trkpt>
      <trkpt lat="59.437877" lon="24.745434">
        <ele>24.5</ele>
        <time>2026-08-19T16:13:30Z</time>
      </trkpt>
      <trkpt lat="59.43788" lon="24.745466">
        <ele>24.5</ele>
        <time>2026-08-19T16:13:31Z</time>
      </trkpt>
      <trkpt lat="59.437883" lon="24.74548">
        <ele>24.4</ele>
        <time>2026-08-19T16:13:32Z</time>
      </trkpt>
      <trkpt lat="59.43791" lon="24.745514">
        <ele>24.4</ele>
        <time>2026-08-19T16:13:33Z</time>
      </trkpt>
      <trkpt lat="59.437914" lon="24.745548">
        <ele>24.4</ele>
        <time>2026-08-19T16:13:34Z</time>
      </trkpt>
      <trkpt lat="59.43792" lon="24.745569">
        <ele>24.4</ele>
        <time>2026-08-19T16:13:35Z</time>
      </trkpt>
      <trkpt lat="59.437932" lon="24.74559">
        <ele>24.4</ele>
        <time>2026-08-19T16:13:36Z</time>
      </trkpt>
      <trkpt lat="59.437927" lon="24.745593">
        <ele>24.4</ele>
        <time>2026-08-19T16:13:37Z</time>
      </trkpt>
      <trkpt lat="59.437919" lon="24.745589">
        <ele>24.4</ele>
        <time>2026-08-19T16:13:38Z</time>
      </trkpt>
      <trkpt lat="59.437923" lon="24.745593">
        <ele>24.4</ele>
        <time>2026-08-19T16:13:39Z</time>
      </trkpt>
      <trkpt lat="59.437928" lon="24.745599">
        <ele>24.3</ele>
        <time>2026-08-19T16:13:40Z</time>
      </trkpt>
      <trkpt lat="59.437938" lon="24.745601">
        <ele>24.3</ele>
        <time>2026-08-19T16:13:41Z</time>
      </trkpt>
      <trkpt lat="59.437932" lon="24.745578">
        <ele>24.3</ele>
        <time>2026-08-19T16:13:42Z</time>
      </trkpt>
      <trkpt lat="59.437928" lon="24.745554">
        <ele>24.3</ele>
        <time>2026-08-19T16:13:43Z</time>
      </trkpt>
      <trkpt lat="59.43792" lon="24.745529">
        <ele>24.3</ele>
        <time>2026-08-19T16:13:44Z</time>
      </trkpt>
      <trkpt lat="59.43792" lon="24.745522">
        <ele>24.3</ele>
        <time>2026-08-19T16:13:45Z</time>
      </trkpt>
      <trkpt lat="59.437917" lon="24.745496">
        <ele>24.3</ele>
        <time>2026-08-19T16:13:46Z</time>
      </trkpt>
      <trkpt lat="59.437915" lon="24.745486">
        <ele>24.3</ele>
        <time>2026-08-19T16:13:47Z</time>
      </trkpt>
      <trkpt lat="59.437922" lon="24.745473">
        <ele>24.2</ele>
        <time>2026-08-19T16:13:48Z</time>
      </trkpt>
      <trkpt lat="59.437927" lon="24.745513">
        <ele>24.2</ele>
        <time>2026-08-19T16:13:49Z</time>
      </trkpt>
      <trkpt lat="59.437902" lon="24.745485">
        <ele>24.2</ele>
        <time>2026-08-19T16:13:50Z</time>
      </trkpt>
      <trkpt lat="59.437897" lon="24.745502">
        <ele>24.2</ele>
        <time>2026-08-19T16:13:51Z</time>
      </trkpt>
      <trkpt lat="59.437886" lon="24.745544">
        <ele>24.1</ele>
        <time>2026-08-19T16:13:52Z</time>
      </trkpt>
      <trkpt lat="59.437885" lon="24.745581">
        <ele>24.1</ele>
        <time>2026-08-19T16:13:53Z</time>
      </trkpt>
      <trkpt lat="59.437886" lon="24.745605">
        <ele>24.1</ele>
        <time>2026-08-19T16:13:54Z</time>
      </trkpt>
      <trkpt lat="59.437884" lon="24.745607">
        <ele>24.1</ele>
        <time>2026-08-19T16:13:55Z</time>
      </trkpt>
      <trkpt lat="59.437874" lon="24.745619">
        <ele>24.1</ele>
        <time>2026-08-19T16:13:56Z</time>
      </trkpt>
      <trkpt lat="59.437873" lon="24.745645">
        <ele>24.1</ele>
        <time>2026-08-19T16:13:57Z</time>
      </trkpt>
      <trkpt lat="59.437882" lon="24.745675">
        <ele>24.0</ele>
        <time>2026-08-19T16:13:58Z</time>
      </trkpt>
      <trkpt lat="59.437885" lon="24.745698">
        <ele>24.0</ele>
        <time>2026-08-19T16:13:59Z</time>
      </trkpt>
      <trkpt lat="59.437879" lon="24.745722">
        <ele>24.0</ele>
        <time>2026-08-19T16:14:00Z</time>
      </trkpt>
      <trkpt lat="59.437868" lon="24.745744">
        <ele>24.0</ele>
        <time>2026-08-19T16:14:01Z</time>
      </trkpt>
      <trkpt lat="59.437856" lon="24.745756">
        <ele>24.0</ele>
        <time>2026-08-19T16:14:02Z</time>
      </trkpt>
      <trkpt lat="59.43785" lon="24.745766">
        <ele>23.9</ele>
        <time>2026-08-19T16:14:03Z</time>
      </trkpt>
      <trkpt lat="59.437846" lon="24.74577">
        <ele>23.9</ele>
        <time>2026-08-19T16:14:04Z</time>
      </trkpt>
      <trkpt lat="59.437851" lon="24.745772">
        <ele>23.9</ele>
        <time>2026-08-19T16:14:05Z</time>
      </trkpt>
      <trkpt lat="59.437854" lon="24.745787">
        <ele>23.9</ele>
        <time>2026-08-19T16:14:06Z</time>
      </trkpt>
      <trkpt lat="59.437848" lon="24.745822">
        <ele>23.9</ele>
        <time>2026-08-19T16:14:07Z</time>
      </trkpt>
      <trkpt lat="59.437848" lon="24.745822">
        <ele>23.9</ele>
        <time>2026-08-19T16:14:08Z</time>
      </trkpt>
      <trkpt lat="59.437777" lon="24.74578">
        <ele>23.7</ele>
        <time>2026-08-19T16:14:09Z</time>
      </trkpt>
      <trkpt lat="59.437777" lon="24.74578">
        <ele>23.7</ele>
        <time>2026-08-19T16:14:10Z</time>
      </trkpt>
      <trkpt lat="59.437777" lon="24.74578">
        <ele>23.7</ele>
        <time>2026-08-19T16:14:11Z</time>
      </trkpt>
      <trkpt lat="59.437734" lon="24.745754">
        <ele>23.7</ele>
        <time>2026-08-19T16:14:12Z</time>
      </trkpt>
      <trkpt lat="59.437692" lon="24.745707">
        <ele>23.7</ele>
        <time>2026-08-19T16:14:13Z</time>
      </trkpt>
      <trkpt lat="59.437695" lon="24.745712">
        <ele>23.7</ele>
        <time>2026-08-19T16:14:14Z</time>
      </trkpt>
      <trkpt lat="59.437706" lon="24.745757">
        <ele>23.7</ele>
        <time>2026-08-19T16:14:15Z</time>
      </trkpt>
      <trkpt lat="59.437701" lon="24.745772">
        <ele>23.7</ele>
        <time>2026-08-19T16:14:16Z</time>
      </trkpt>
      <trkpt lat="59.437696" lon="24.745788">
        <ele>23.7</ele>
        <time>2026-08-19T16:14:17Z</time>
      </trkpt>
      <trkpt lat="59.43769" lon="24.745783">
        <ele>23.7</ele>
        <time>2026-08-19T16:14:18Z</time>
      </trkpt>
      <trkpt lat="59.43769" lon="24.745788">
        <ele>23.7</ele>
        <time>2026-08-19T16:14:19Z</time>
      </trkpt>
      <trkpt lat="59.437672" lon="24.745796">
        <ele>23.7</ele>
        <time>2026-08-19T16:14:20Z</time>
      </trkpt>
      <trkpt lat="59.437643" lon="24.745794">
        <ele>23.7</ele>
        <time>2026-08-19T16:14:21Z</time>
      </trkpt>
      <trkpt lat="59.437627" lon="24.745833">
        <ele>23.7</ele>
        <time>2026-08-19T16:14:22Z</time>
      </trkpt>
      <trkpt lat="59.437612" lon="24.745852">
        <ele>23.7</ele>
        <time>2026-08-19T16:14:23Z</time>
      </trkpt>
      <trkpt lat="59.437601" lon="24.745856">
        <ele>23.7</ele>
        <time>2026-08-19T16:14:24Z</time>
      </trkpt>
      <trkpt lat="59.437591" lon="24.745854">
        <ele>23.7</ele>
        <time>2026-08-19T16:14:25Z</time>
      </trkpt>
      <trkpt lat="59.437586" lon="24.745844">
        <ele>23.7</ele>
        <time>2026-08-19T16:14:26Z</time>
      </trkpt>
      <trkpt lat="59.437581" lon="24.74584">
        <ele>23.7</ele>
        <time>2026-08-19T16:14:27Z</time>
      </trkpt>
      <trkpt lat="59.437579" lon="24.745845">
        <ele>23.7</ele>
        <time>2026-08-19T16:14:28Z</time>
      </trkpt>
      <trkpt lat="59.437576" lon="24.745857">
        <ele>23.7</ele>
        <time>2026-08-19T16:14:29Z</time>
      </trkpt>
      <trkpt lat="59.43757" lon="24.745872">
        <ele>23.7</ele>
        <time>2026-08-19T16:14:30Z</time>
      </trkpt>
      <trkpt lat="59.437566" lon="24.745853">
        <ele>23.7</ele>
        <time>2026-08-19T16:14:31Z</time>
      </trkpt>
      <trkpt lat="59.437562" lon="24.745843">
        <ele>23.7</ele>
        <time>2026-08-19T16:14:32Z</time>
      </trkpt>
      <trkpt lat="59.437555" lon="24.745829">
        <ele>23.7</ele>
        <time>2026-08-19T16:14:33Z</time>
      </trkpt>
      <trkpt lat="59.43754" lon="24.745818">
        <ele>23.7</ele>
        <time>2026-08-19T16:14:34Z</time>
      </trkpt>
      <trkpt lat="59.437526" lon="24.74582">
        <ele>23.7</ele>
        <time>2026-08-19T16:14:35Z</time>
      </trkpt>
      <trkpt lat="59.437518" lon="24.745817">
        <ele>23.7</ele>
        <time>2026-08-19T16:14:36Z</time>
      </trkpt>
      <trkpt lat="59.437511" lon="24.745813">
        <ele>23.7</ele>
        <time>2026-08-19T16:14:37Z</time>
      </trkpt>
      <trkpt lat="59.437502" lon="24.745804">
        <ele>23.8</ele>
        <time>2026-08-19T16:14:38Z</time>
      </trkpt>
      <trkpt lat="59.437492" lon="24.745789">
        <ele>23.8</ele>
        <time>2026-08-19T16:14:39Z</time>
      </trkpt>
      <trkpt lat="59.437483" lon="24.745774">
        <ele>23.8</ele>
        <time>2026-08-19T16:14:40Z</time>
      </trkpt>
      <trkpt lat="59.437476" lon="24.74577">
        <ele>23.8</ele>
        <time>2026-08-19T16:14:41Z</time>
      </trkpt>
      <trkpt lat="59.437473" lon="24.745766">
        <ele>23.8</ele>
        <time>2026-08-19T16:14:42Z</time>
      </trkpt>
      <trkpt lat="59.437476" lon="24.74576">
        <ele>23.8</ele>
        <time>2026-08-19T16:14:43Z</time>
      </trkpt>
      <trkpt lat="59.437466" lon="24.745744">
        <ele>23.8</ele>
        <time>2026-08-19T16:14:44Z</time>
      </trkpt>
      <trkpt lat="59.437466" lon="24.745731">
        <ele>23.8</ele>
        <time>2026-08-19T16:14:45Z</time>
      </trkpt>
      <trkpt lat="59.437461" lon="24.745718">
        <ele>23.8</ele>
        <time>2026-08-19T16:14:46Z</time>
      </trkpt>
      <trkpt lat="59.437458" lon="24.745706">
        <ele>23.9</ele>
        <time>2026-08-19T16:14:47Z</time>
      </trkpt>
      <trkpt lat="59.437452" lon="24.745687">
        <ele>23.9</ele>
        <time>2026-08-19T16:14:48Z</time>
      </trkpt>
      <trkpt lat="59.437448" lon="24.745669">
        <ele>23.9</ele>
        <time>2026-08-19T16:14:49Z</time>
      </trkpt>
      <trkpt lat="59.437452" lon="24.745639">
        <ele>23.9</ele>
        <time>2026-08-19T16:14:50Z</time>
      </trkpt>
      <trkpt lat="59.437459" lon="24.745603">
        <ele>23.9</ele>
        <time>2026-08-19T16:14:51Z</time>
      </trkpt>
      <trkpt lat="59.437459" lon="24.745578">
        <ele>24.0</ele>
        <time>2026-08-19T16:14:52Z</time>
      </trkpt>
      <trkpt lat="59.437459" lon="24.745567">
        <ele>24.0</ele>
        <time>2026-08-19T16:14:53Z</time>
      </trkpt>
      <trkpt lat="59.437465" lon="24.745545">
        <ele>24.0</ele>
        <time>2026-08-19T16:14:54Z</time>
      </trkpt>
      <trkpt lat="59.437471" lon="24.745524">
        <ele>24.0</ele>
        <time>2026-08-19T16:14:55Z</time>
      </trkpt>
      <trkpt lat="59.437478" lon="24.745508">
        <ele>24.0</ele>
        <time>2026-08-19T16:14:56Z</time>
      </trkpt>
      <trkpt lat="59.437478" lon="24.745512">
        <ele>24.0</ele>
        <time>2026-08-19T16:14:57Z</time>
      </trkpt>
      <trkpt lat="59.437476" lon="24.745511">
        <ele>24.0</ele>
        <time>2026-08-19T16:14:58Z</time>
      </trkpt>
      <trkpt lat="59.437476" lon="24.745512">
        <ele>24.0</ele>
        <time>2026-08-19T16:14:59Z</time>
      </trkpt>
      <trkpt lat="59.437475" lon="24.745509">
        <ele>24.0</ele>
        <time>2026-08-19T16:15:00Z</time>
      </trkpt>
      <trkpt lat="59.437476" lon="24.74551">
        <ele>24.0</ele>
        <time>2026-08-19T16:15:01Z</time>
      </trkpt>
      <trkpt lat="59.437476" lon="24.745511">
        <ele>24.0</ele>
        <time>2026-08-19T16:15:02Z</time>
      </trkpt>
      <trkpt lat="59.437476" lon="24.745511">
        <ele>24.0</ele>
        <time>2026-08-19T16:15:03Z</time>
      </trkpt>
      <trkpt lat="59.437476" lon="24.745511">
        <ele>24.0</ele>
        <time>2026-08-19T16:15:04Z</time>
      </trkpt>
      <trkpt lat="59.437476" lon="24.745511">
        <ele>24.0</ele>
        <time>2026-08-19T16:15:05Z</time>
      </trkpt>
      <trkpt lat="59.437476" lon="24.745511">
        <ele>24.0</ele>
        <time>2026-08-19T16:15:06Z</time>
      </trkpt>
      <trkpt lat="59.437476" lon="24.745511">
        <ele>24.0</ele>
        <time>2026-08-19T16:15:07Z</time>
      </trkpt>
      <trkpt lat="59.437476" lon="24.745511">
        <ele>24.0</ele>
        <time>2026-08-19T16:15:08Z</time>
      </trkpt>
      <trkpt lat="59.437472" lon="24.745514">
        <ele>24.0</ele>
        <time>2026-08-19T16:15:09Z</time>
      </trkpt>
      <trkpt lat="59.43747" lon="24.745511">
        <ele>24.1</ele>
        <time>2026-08-19T16:15:10Z</time>
      </trkpt>
      <trkpt lat="59.43747" lon="24.745513">
        <ele>24.1</ele>
        <time>2026-08-19T16:15:11Z</time>
      </trkpt>
      <trkpt lat="59.43747" lon="24.745513">
        <ele>24.1</ele>
        <time>2026-08-19T16:15:12Z</time>
      </trkpt>
      <trkpt lat="59.437471" lon="24.745504">
        <ele>24.1</ele>
        <time>2026-08-19T16:15:13Z</time>
      </trkpt>
      <trkpt lat="59.437468" lon="24.745485">
        <ele>24.1</ele>
        <time>2026-08-19T16:15:14Z</time>
      </trkpt>
      <trkpt lat="59.437468" lon="24.745477">
        <ele>24.1</ele>
        <time>2026-08-19T16:15:15Z</time>
      </trkpt>
      <trkpt lat="59.437469" lon="24.745462">
        <ele>24.1</ele>
        <time>2026-08-19T16:15:16Z</time>
      </trkpt>
      <trkpt lat="59.43747" lon="24.745456">
        <ele>24.1</ele>
        <time>2026-08-19T16:15:17Z</time>
      </trkpt>
      <trkpt lat="59.437472" lon="24.745442">
        <ele>24.1</ele>
        <time>2026-08-19T16:15:18Z</time>
      </trkpt>
      <trkpt lat="59.437471" lon="24.745448">
        <ele>24.1</ele>
        <time>2026-08-19T16:15:19Z</time>
      </trkpt>
      <trkpt lat="59.437471" lon="24.745448">
        <ele>24.1</ele>
        <time>2026-08-19T16:15:20Z</time>
      </trkpt>
      <trkpt lat="59.437473" lon="24.745442">
        <ele>24.1</ele>
        <time>2026-08-19T16:15:21Z</time>
      </trkpt>
      <trkpt lat="59.437476" lon="24.745428">
        <ele>24.1</ele>
        <time>2026-08-19T16:15:22Z</time>
      </trkpt>
      <trkpt lat="59.437482" lon="24.745412">
        <ele>24.2</ele>
        <time>2026-08-19T16:15:23Z</time>
      </trkpt>
      <trkpt lat="59.43749" lon="24.745393">
        <ele>24.2</ele>
        <time>2026-08-19T16:15:24Z</time>
      </trkpt>
      <trkpt lat="59.437497" lon="24.745366">
        <ele>24.2</ele>
        <time>2026-08-19T16:15:25Z</time>
      </trkpt>
      <trkpt lat="59.4375" lon="24.745336">
        <ele>24.2</ele>
        <time>2026-08-19T16:15:26Z</time>
      </trkpt>
      <trkpt lat="59.437504" lon="24.745309">
        <ele>24.3</ele>
        <time>2026-08-19T16:15:27Z</time>
      </trkpt>
      <trkpt lat="59.437498" lon="24.745293">
        <ele>24.3</ele>
        <time>2026-08-19T16:15:28Z</time>
      </trkpt>
      <trkpt lat="59.437494" lon="24.74528">
        <ele>24.3</ele>
        <time>2026-08-19T16:15:29Z</time>
      </trkpt>
      <trkpt lat="59.437496" lon="24.745275">
        <ele>24.3</ele>
        <time>2026-08-19T16:15:30Z</time>
      </trkpt>
      <trkpt lat="59.437497" lon="24.745252">
        <ele>24.3</ele>
        <time>2026-08-19T16:15:31Z</time>
      </trkpt>
      <trkpt lat="59.437496" lon="24.745216">
        <ele>24.3</ele>
        <time>2026-08-19T16:15:32Z</time>
      </trkpt>
      <trkpt lat="59.43749" lon="24.745188">
        <ele>24.3</ele>
        <time>2026-08-19T16:15:33Z</time>
      </trkpt>
      <trkpt lat="59.437487" lon="24.745173">
        <ele>24.3</ele>
        <time>2026-08-19T16:15:34Z</time>
      </trkpt>
      <trkpt lat="59.437494" lon="24.745167">
        <ele>24.3</ele>
        <time>2026-08-19T16:15:35Z</time>
      </trkpt>
      <trkpt lat="59.437493" lon="24.745166">
        <ele>24.3</ele>
        <time>2026-08-19T16:15:36Z</time>
      </trkpt>
      <trkpt lat="59.43749" lon="24.745166">
        <ele>24.3</ele>
        <time>2026-08-19T16:15:37Z</time>
      </trkpt>
      <trkpt lat="59.437495" lon="24.745162">
        <ele>24.3</ele>
        <time>2026-08-19T16:15:38Z</time>
      </trkpt>
      <trkpt lat="59.437485" lon="24.74515">
        <ele>24.3</ele>
        <time>2026-08-19T16:15:39Z</time>
      </trkpt>
      <trkpt lat="59.437475" lon="24.745129">
        <ele>24.3</ele>
        <time>2026-08-19T16:15:40Z</time>
      </trkpt>
      <trkpt lat="59.437468" lon="24.74511">
        <ele>24.3</ele>
        <time>2026-08-19T16:15:41Z</time>
      </trkpt>
      <trkpt lat="59.437466" lon="24.74508">
        <ele>24.4</ele>
        <time>2026-08-19T16:15:42Z</time>
      </trkpt>
      <trkpt lat="59.437461" lon="24.745067">
        <ele>24.4</ele>
        <time>2026-08-19T16:15:43Z</time>
      </trkpt>
      <trkpt lat="59.437459" lon="24.745056">
        <ele>24.4</ele>
        <time>2026-08-19T16:15:44Z</time>
      </trkpt>
      <trkpt lat="59.437455" lon="24.745052">
        <ele>24.4</ele>
        <time>2026-08-19T16:15:45Z</time>
      </trkpt>
      <trkpt lat="59.437454" lon="24.745053">
        <ele>24.4</ele>
        <time>2026-08-19T16:15:46Z</time>
      </trkpt>
      <trkpt lat="59.437453" lon="24.745046">
        <ele>24.4</ele>
        <time>2026-08-19T16:15:47Z</time>
      </trkpt>
      <trkpt lat="59.437451" lon="24.745046">
        <ele>24.4</ele>
        <time>2026-08-19T16:15:48Z</time>
      </trkpt>
      <trkpt lat="59.437454" lon="24.745044">
        <ele>24.4</ele>
        <time>2026-08-19T16:15:49Z</time>
      </trkpt>
      <trkpt lat="59.437458" lon="24.745047">
        <ele>24.4</ele>
        <time>2026-08-19T16:15:50Z</time>
      </trkpt>
      <trkpt lat="59.437454" lon="24.74504">
        <ele>24.4</ele>
        <time>2026-08-19T16:15:51Z</time>
      </trkpt>
      <trkpt lat="59.437448" lon="24.745037">
        <ele>24.4</ele>
        <time>2026-08-19T16:15:52Z</time>
      </trkpt>
      <trkpt lat="59.437442" lon="24.745028">
        <ele>24.4</ele>
        <time>2026-08-19T16:15:53Z</time>
      </trkpt>
      <trkpt lat="59.437431" lon="24.745011">
        <ele>24.4</ele>
        <time>2026-08-19T16:15:54Z</time>
      </trkpt>
      <trkpt lat="59.437424" lon="24.744996">
        <ele>24.4</ele>
        <time>2026-08-19T16:15:55Z</time>
      </trkpt>
      <trkpt lat="59.437421" lon="24.74499">
        <ele>24.4</ele>
        <time>2026-08-19T16:15:56Z</time>
      </trkpt>
      <trkpt lat="59.43742" lon="24.74498">
        <ele>24.4</ele>
        <time>2026-08-19T16:15:57Z</time>
      </trkpt>
      <trkpt lat="59.437419" lon="24.744975">
        <ele>24.4</ele>
        <time>2026-08-19T16:15:58Z</time>
      </trkpt>
      <trkpt lat="59.43742" lon="24.744969">
        <ele>24.4</ele>
        <time>2026-08-19T16:15:59Z</time>
      </trkpt>
      <trkpt lat="59.43742" lon="24.744969">
        <ele>24.4</ele>
        <time>2026-08-19T16:16:00Z</time>
      </trkpt>
      <trkpt lat="59.437416" lon="24.744966">
        <ele>24.4</ele>
        <time>2026-08-19T16:16:01Z</time>
      </trkpt>
      <trkpt lat="59.437413" lon="24.744959">
        <ele>24.4</ele>
        <time>2026-08-19T16:16:02Z</time>
      </trkpt>
      <trkpt lat="59.437405" lon="24.74496">
        <ele>24.4</ele>
        <time>2026-08-19T16:16:03Z</time>
      </trkpt>
      <trkpt lat="59.437398" lon="24.744964">
        <ele>24.4</ele>
        <time>2026-08-19T16:16:04Z</time>
      </trkpt>
      <trkpt lat="59.437393" lon="24.744971">
        <ele>24.4</ele>
        <time>2026-08-19T16:16:05Z</time>
      </trkpt>
      <trkpt lat="59.437387" lon="24.744976">
        <ele>24.4</ele>
        <time>2026-08-19T16:16:06Z</time>
      </trkpt>
      <trkpt lat="59.43739" lon="24.744977">
        <ele>24.4</ele>
        <time>2026-08-19T16:16:07Z</time>
      </trkpt>
      <trkpt lat="59.437393" lon="24.74497">
        <ele>24.4</ele>
        <time>2026-08-19T16:16:08Z</time>
      </trkpt>
      <trkpt lat="59.437386" lon="24.744966">
        <ele>24.5</ele>
        <time>2026-08-19T16:16:09Z</time>
      </trkpt>
      <trkpt lat="59.437377" lon="24.744958">
        <ele>24.5</ele>
        <time>2026-08-19T16:16:10Z</time>
      </trkpt>
      <trkpt lat="59.437371" lon="24.744953">
        <ele>24.5</ele>
        <time>2026-08-19T16:16:11Z</time>
      </trkpt>
      <trkpt lat="59.437368" lon="24.744945">
        <ele>24.5</ele>
        <time>2026-08-19T16:16:12Z</time>
      </trkpt>
      <trkpt lat="59.43737" lon="24.744944">
        <ele>24.5</ele>
        <time>2026-08-19T16:16:13Z</time>
      </trkpt>
      <trkpt lat="59.437363" lon="24.74493">
        <ele>24.5</ele>
        <time>2026-08-19T16:16:14Z</time>
      </trkpt>
      <trkpt lat="59.437356" lon="24.744917">
        <ele>24.5</ele>
        <time>2026-08-19T16:16:15Z</time>
      </trkpt>
      <trkpt lat="59.437354" lon="24.744909">
        <ele>24.5</ele>
        <time>2026-08-19T16:16:16Z</time>
      </trkpt>
      <trkpt lat="59.437355" lon="24.744907">
        <ele>24.5</ele>
        <time>2026-08-19T16:16:17Z</time>
      </trkpt>
      <trkpt lat="59.437359" lon="24.744906">
        <ele>24.5</ele>
        <time>2026-08-19T16:16:18Z</time>
      </trkpt>
      <trkpt lat="59.437354" lon="24.744903">
        <ele>24.5</ele>
        <time>2026-08-19T16:16:19Z</time>
      </trkpt>
      <trkpt lat="59.437363" lon="24.74489">
        <ele>24.5</ele>
        <time>2026-08-19T16:16:20Z</time>
      </trkpt>
      <trkpt lat="59.437376" lon="24.744867">
        <ele>24.5</ele>
        <time>2026-08-19T16:16:21Z</time>
      </trkpt>
      <trkpt lat="59.43739" lon="24.744849">
        <ele>24.5</ele>
        <time>2026-08-19T16:16:22Z</time>
      </trkpt>
      <trkpt lat="59.437398" lon="24.744838">
        <ele>24.5</ele>
        <time>2026-08-19T16:16:23Z</time>
      </trkpt>
      <trkpt lat="59.437397" lon="24.744831">
        <ele>24.5</ele>
        <time>2026-08-19T16:16:24Z</time>
      </trkpt>
      <trkpt lat="59.437403" lon="24.744841">
        <ele>24.5</ele>
        <time>2026-08-19T16:16:25Z</time>
      </trkpt>
      <trkpt lat="59.437404" lon="24.744835">
        <ele>24.5</ele>
        <time>2026-08-19T16:16:26Z</time>
      </trkpt>
      <trkpt lat="59.437411" lon="24.744837">
        <ele>24.5</ele>
        <time>2026-08-19T16:16:27Z</time>
      </trkpt>
      <trkpt lat="59.437407" lon="24.744842">
        <ele>24.5</ele>
        <time>2026-08-19T16:16:28Z</time>
      </trkpt>
      <trkpt lat="59.437404" lon="24.744846">
        <ele>24.5</ele>
        <time>2026-08-19T16:16:29Z</time>
      </trkpt>
      <trkpt lat="59.437399" lon="24.744854">
        <ele>24.5</ele>
        <time>2026-08-19T16:16:30Z</time>
      </trkpt>
      <trkpt lat="59.437394" lon="24.744864">
        <ele>24.5</ele>
        <time>2026-08-19T16:16:31Z</time>
      </trkpt>
      <trkpt lat="59.43739" lon="24.744872">
        <ele>24.5</ele>
        <time>2026-08-19T16:16:32Z</time>
      </trkpt>
      <trkpt lat="59.437387" lon="24.744868">
        <ele>24.5</ele>
        <time>2026-08-19T16:16:33Z</time>
      </trkpt>
      <trkpt lat="59.437386" lon="24.744871">
        <ele>24.5</ele>
        <time>2026-08-19T16:16:34Z</time>
      </trkpt>
      <trkpt lat="59.437383" lon="24.744877">
        <ele>24.5</ele>
        <time>2026-08-19T16:16:35Z</time>
      </trkpt>
      <trkpt lat="59.437375" lon="24.744884">
        <ele>24.5</ele>
        <time>2026-08-19T16:16:36Z</time>
      </trkpt>
      <trkpt lat="59.437362" lon="24.744888">
        <ele>24.5</ele>
        <time>2026-08-19T16:16:37Z</time>
      </trkpt>
      <trkpt lat="59.437356" lon="24.744891">
        <ele>24.5</ele>
        <time>2026-08-19T16:16:38Z</time>
      </trkpt>
      <trkpt lat="59.437345" lon="24.744896">
        <ele>24.5</ele>
        <time>2026-08-19T16:16:39Z</time>
      </trkpt>
      <trkpt lat="59.43733" lon="24.744892">
        <ele>24.5</ele>
        <time>2026-08-19T16:16:40Z</time>
      </trkpt>
      <trkpt lat="59.437318" lon="24.744899">
        <ele>24.5</ele>
        <time>2026-08-19T16:16:41Z</time>
      </trkpt>
      <trkpt lat="59.437311" lon="24.744891">
        <ele>24.5</ele>
        <time>2026-08-19T16:16:42Z</time>
      </trkpt>
      <trkpt lat="59.437303" lon="24.744892">
        <ele>24.5</ele>
        <time>2026-08-19T16:16:43Z</time>
      </trkpt>
      <trkpt lat="59.437295" lon="24.74489">
        <ele>24.5</ele>
        <time>2026-08-19T16:16:44Z</time>
      </trkpt>
      <trkpt lat="59.437286" lon="24.744893">
        <ele>24.5</ele>
        <time>2026-08-19T16:16:45Z</time>
      </trkpt>
      <trkpt lat="59.437271" lon="24.7449">
        <ele>24.5</ele>
        <time>2026-08-19T16:16:46Z</time>
      </trkpt>
      <trkpt lat="59.437259" lon="24.744906">
        <ele>24.5</ele>
        <time>2026-08-19T16:16:47Z</time>
      </trkpt>
      <trkpt lat="59.43724" lon="24.744919">
        <ele>24.5</ele>
        <time>2026-08-19T16:16:48Z</time>
      </trkpt>
      <trkpt lat="59.437225" lon="24.744936">
        <ele>24.5</ele>
        <time>2026-08-19T16:16:49Z</time>
      </trkpt>
      <trkpt lat="59.437218" lon="24.74493">
        <ele>24.5</ele>
        <time>2026-08-19T16:16:50Z</time>
      </trkpt>
      <trkpt lat="59.437213" lon="24.74494">
        <ele>24.5</ele>
        <time>2026-08-19T16:16:51Z</time>
      </trkpt>
      <trkpt lat="59.437199" lon="24.744938">
        <ele>24.5</ele>
        <time>2026-08-19T16:16:52Z</time>
      </trkpt>
      <trkpt lat="59.437201" lon="24.744941">
        <ele>24.5</ele>
        <time>2026-08-19T16:16:53Z</time>
      </trkpt>
      <trkpt lat="59.437197" lon="24.744949">
        <ele>24.5</ele>
        <time>2026-08-19T16:16:54Z</time>
      </trkpt>
      <trkpt lat="59.437191" lon="24.744961">
        <ele>24.5</ele>
        <time>2026-08-19T16:16:55Z</time>
      </trkpt>
      <trkpt lat="59.437184" lon="24.744945">
        <ele>24.5</ele>
        <time>2026-08-19T16:16:56Z</time>
      </trkpt>
      <trkpt lat="59.437175" lon="24.744935">
        <ele>24.5</ele>
        <time>2026-08-19T16:16:57Z</time>
      </trkpt>
      <trkpt lat="59.437167" lon="24.744931">
        <ele>24.5</ele>
        <time>2026-08-19T16:16:58Z</time>
      </trkpt>
      <trkpt lat="59.437163" lon="24.744923">
        <ele>24.5</ele>
        <time>2026-08-19T16:16:59Z</time>
      </trkpt>
      <trkpt lat="59.43716" lon="24.74491">
        <ele>24.5</ele>
        <time>2026-08-19T16:17:00Z</time>
      </trkpt>
      <trkpt lat="59.437149" lon="24.744899">
        <ele>24.5</ele>
        <time>2026-08-19T16:17:01Z</time>
      </trkpt>
      <trkpt lat="59.437135" lon="24.744906">
        <ele>24.5</ele>
        <time>2026-08-19T16:17:02Z</time>
      </trkpt>
      <trkpt lat="59.437126" lon="24.744893">
        <ele>24.6</ele>
        <time>2026-08-19T16:17:03Z</time>
      </trkpt>
      <trkpt lat="59.437129" lon="24.744883">
        <ele>24.6</ele>
        <time>2026-08-19T16:17:04Z</time>
      </trkpt>
      <trkpt lat="59.437131" lon="24.744874">
        <ele>24.6</ele>
        <time>2026-08-19T16:17:05Z</time>
      </trkpt>
      <trkpt lat="59.437129" lon="24.744864">
        <ele>24.6</ele>
        <time>2026-08-19T16:17:06Z</time>
      </trkpt>
      <trkpt lat="59.437119" lon="24.744849">
        <ele>24.6</ele>
        <time>2026-08-19T16:17:07Z</time>
      </trkpt>
      <trkpt lat="59.437123" lon="24.744838">
        <ele>24.6</ele>
        <time>2026-08-19T16:17:08Z</time>
      </trkpt>
      <trkpt lat="59.43713" lon="24.744828">
        <ele>24.6</ele>
        <time>2026-08-19T16:17:09Z</time>
      </trkpt>
      <trkpt lat="59.437127" lon="24.744828">
        <ele>24.6</ele>
        <time>2026-08-19T16:17:10Z</time>
      </trkpt>
      <trkpt lat="59.437127" lon="24.744829">
        <ele>24.6</ele>
        <time>2026-08-19T16:17:11Z</time>
      </trkpt>
      <trkpt lat="59.437138" lon="24.744846">
        <ele>24.7</ele>
        <time>2026-08-19T16:17:12Z</time>
      </trkpt>
      <trkpt lat="59.43714" lon="24.744846">
        <ele>24.7</ele>
        <time>2026-08-19T16:17:13Z</time>
      </trkpt>
      <trkpt lat="59.437142" lon="24.744851">
        <ele>24.7</ele>
        <time>2026-08-19T16:17:14Z</time>
      </trkpt>
      <trkpt lat="59.437143" lon="24.744852">
        <ele>24.7</ele>
        <time>2026-08-19T16:17:15Z</time>
      </trkpt>
      <trkpt lat="59.437139" lon="24.744855">
        <ele>24.7</ele>
        <time>2026-08-19T16:17:16Z</time>
      </trkpt>
      <trkpt lat="59.437142" lon="24.744855">
        <ele>24.7</ele>
        <time>2026-08-19T16:17:17Z</time>
      </trkpt>
      <trkpt lat="59.437146" lon="24.744853">
        <ele>24.7</ele>
        <time>2026-08-19T16:17:18Z</time>
      </trkpt>
      <trkpt lat="59.437146" lon="24.744853">
        <ele>24.7</ele>
        <time>2026-08-19T16:17:19Z</time>
      </trkpt>
      <trkpt lat="59.437155" lon="24.744843">
        <ele>24.7</ele>
        <time>2026-08-19T16:17:20Z</time>
      </trkpt>
      <trkpt lat="59.43716" lon="24.744838">
        <ele>24.7</ele>
        <time>2026-08-19T16:17:21Z</time>
      </trkpt>
      <trkpt lat="59.437162" lon="24.744836">
        <ele>24.7</ele>
        <time>2026-08-19T16:17:22Z</time>
      </trkpt>
      <trkpt lat="59.437168" lon="24.744836">
        <ele>24.7</ele>
        <time>2026-08-19T16:17:23Z</time>
      </trkpt>
      <trkpt lat="59.437165" lon="24.744834">
        <ele>24.7</ele>
        <time>2026-08-19T16:17:24Z</time>
      </trkpt>
      <trkpt lat="59.437167" lon="24.744824">
        <ele>24.7</ele>
        <time>2026-08-19T16:17:25Z</time>
      </trkpt>
      <trkpt lat="59.437159" lon="24.744816">
        <ele>24.7</ele>
        <time>2026-08-19T16:17:26Z</time>
      </trkpt>
      <trkpt lat="59.437145" lon="24.744799">
        <ele>24.8</ele>
        <time>2026-08-19T16:17:27Z</time>
      </trkpt>
      <trkpt lat="59.437144" lon="24.744766">
        <ele>24.8</ele>
        <time>2026-08-19T16:17:28Z</time>
      </trkpt>
      <trkpt lat="59.437138" lon="24.744746">
        <ele>24.8</ele>
        <time>2026-08-19T16:17:29Z</time>
      </trkpt>
      <trkpt lat="59.437131" lon="24.744741">
        <ele>24.8</ele>
        <time>2026-08-19T16:17:30Z</time>
      </trkpt>
      <trkpt lat="59.437128" lon="24.744739">
        <ele>24.8</ele>
        <time>2026-08-19T16:17:31Z</time>
      </trkpt>
      <trkpt lat="59.437116" lon="24.744747">
        <ele>24.8</ele>
        <time>2026-08-19T16:17:32Z</time>
      </trkpt>
      <trkpt lat="59.437108" lon="24.744748">
        <ele>24.9</ele>
        <time>2026-08-19T16:17:33Z</time>
      </trkpt>
      <trkpt lat="59.437106" lon="24.744729">
        <ele>24.9</ele>
        <time>2026-08-19T16:17:34Z</time>
      </trkpt>
      <trkpt lat="59.43711" lon="24.744719">
        <ele>24.9</ele>
        <time>2026-08-19T16:17:35Z</time>
      </trkpt>
      <trkpt lat="59.437108" lon="24.744721">
        <ele>24.9</ele>
        <time>2026-08-19T16:17:36Z</time>
      </trkpt>
      <trkpt lat="59.437102" lon="24.744724">
        <ele>24.9</ele>
        <time>2026-08-19T16:17:37Z</time>
      </trkpt>
      <trkpt lat="59.437096" lon="24.744714">
        <ele>24.9</ele>
        <time>2026-08-19T16:17:38Z</time>
      </trkpt>
      <trkpt lat="59.43709" lon="24.744706">
        <ele>24.9</ele>
        <time>2026-08-19T16:17:39Z</time>
      </trkpt>
      <trkpt lat="59.437082" lon="24.744695">
        <ele>24.9</ele>
        <time>2026-08-19T16:17:40Z</time>
      </trkpt>
      <trkpt lat="59.437078" lon="24.744682">
        <ele>24.9</ele>
        <time>2026-08-19T16:17:41Z</time>
      </trkpt>
      <trkpt lat="59.43707" lon="24.744662">
        <ele>25.0</ele>
        <time>2026-08-19T16:17:42Z</time>
      </trkpt>
      <trkpt lat="59.437075" lon="24.744638">
        <ele>25.0</ele>
        <time>2026-08-19T16:17:43Z</time>
      </trkpt>
      <trkpt lat="59.437079" lon="24.744621">
        <ele>25.0</ele>
        <time>2026-08-19T16:17:44Z</time>
      </trkpt>
      <trkpt lat="59.437081" lon="24.744601">
        <ele>25.0</ele>
        <time>2026-08-19T16:17:45Z</time>
      </trkpt>
      <trkpt lat="59.437077" lon="24.744581">
        <ele>25.0</ele>
        <time>2026-08-19T16:17:46Z</time>
      </trkpt>
      <trkpt lat="59.437071" lon="24.744563">
        <ele>25.0</ele>
        <time>2026-08-19T16:17:47Z</time>
      </trkpt>
      <trkpt lat="59.43707" lon="24.744544">
        <ele>25.0</ele>
        <time>2026-08-19T16:17:48Z</time>
      </trkpt>
      <trkpt lat="59.437076" lon="24.744519">
        <ele>25.0</ele>
        <time>2026-08-19T16:17:49Z</time>
      </trkpt>
      <trkpt lat="59.437077" lon="24.74451">
        <ele>25.0</ele>
        <time>2026-08-19T16:17:50Z</time>
      </trkpt>
      <trkpt lat="59.437081" lon="24.744499">
        <ele>25.0</ele>
        <time>2026-08-19T16:17:51Z</time>
      </trkpt>
      <trkpt lat="59.437088" lon="24.7445">
        <ele>25.0</ele>
        <time>2026-08-19T16:17:52Z</time>
      </trkpt>
      <trkpt lat="59.437094" lon="24.744487">
        <ele>25.0</ele>
        <time>2026-08-19T16:17:53Z</time>
      </trkpt>
      <trkpt lat="59.437097" lon="24.744508">
        <ele>25.0</ele>
        <time>2026-08-19T16:17:54Z</time>
      </trkpt>
      <trkpt lat="59.437085" lon="24.744518">
        <ele>25.0</ele>
        <time>2026-08-19T16:17:55Z</time>
      </trkpt>
      <trkpt lat="59.437094" lon="24.744514">
        <ele>25.0</ele>
        <time>2026-08-19T16:17:56Z</time>
      </trkpt>
      <trkpt lat="59.437094" lon="24.744516">
        <ele>25.0</ele>
        <time>2026-08-19T16:17:57Z</time>
      </trkpt>
      <trkpt lat="59.437094" lon="24.744516">
        <ele>25.0</ele>
        <time>2026-08-19T16:17:58Z</time>
      </trkpt>
      <trkpt lat="59.437125" lon="24.744488">
        <ele>25.0</ele>
        <time>2026-08-19T16:17:59Z</time>
      </trkpt>
      <trkpt lat="59.43712" lon="24.744487">
        <ele>25.0</ele>
        <time>2026-08-19T16:18:00Z</time>
      </trkpt>
      <trkpt lat="59.437123" lon="24.744484">
        <ele>25.0</ele>
        <time>2026-08-19T16:18:01Z</time>
      </trkpt>
      <trkpt lat="59.437134" lon="24.744474">
        <ele>25.0</ele>
        <time>2026-08-19T16:18:02Z</time>
      </trkpt>
      <trkpt lat="59.437117" lon="24.744478">
        <ele>25.0</ele>
        <time>2026-08-19T16:18:03Z</time>
      </trkpt>
      <trkpt lat="59.437113" lon="24.744476">
        <ele>25.0</ele>
        <time>2026-08-19T16:18:04Z</time>
      </trkpt>
      <trkpt lat="59.437114" lon="24.744479">
        <ele>25.0</ele>
        <time>2026-08-19T16:18:05Z</time>
      </trkpt>
      <trkpt lat="59.437109" lon="24.744484">
        <ele>25.0</ele>
        <time>2026-08-19T16:18:06Z</time>
      </trkpt>
      <trkpt lat="59.4371" lon="24.744493">
        <ele>25.0</ele>
        <time>2026-08-19T16:18:07Z</time>
      </trkpt>
      <trkpt lat="59.437094" lon="24.744499">
        <ele>25.0</ele>
        <time>2026-08-19T16:18:08Z</time>
      </trkpt>
      <trkpt lat="59.437071" lon="24.744508">
        <ele>25.0</ele>
        <time>2026-08-19T16:18:09Z</time>
      </trkpt>
      <trkpt lat="59.437065" lon="24.744507">
        <ele>25.0</ele>
        <time>2026-08-19T16:18:10Z</time>
      </trkpt>
      <trkpt lat="59.437066" lon="24.7445">
        <ele>25.0</ele>
        <time>2026-08-19T16:18:11Z</time>
      </trkpt>
      <trkpt lat="59.437063" lon="24.744498">
        <ele>25.0</ele>
        <time>2026-08-19T16:18:12Z</time>
      </trkpt>
      <trkpt lat="59.437051" lon="24.7445">
        <ele>25.0</ele>
        <time>2026-08-19T16:18:13Z</time>
      </trkpt>
      <trkpt lat="59.437047" lon="24.744485">
        <ele>25.0</ele>
        <time>2026-08-19T16:18:14Z</time>
      </trkpt>
      <trkpt lat="59.43705" lon="24.744479">
        <ele>25.0</ele>
        <time>2026-08-19T16:18:15Z</time>
      </trkpt>
      <trkpt lat="59.437055" lon="24.744487">
        <ele>25.0</ele>
        <time>2026-08-19T16:18:16Z</time>
      </trkpt>
      <trkpt lat="59.437057" lon="24.744502">
        <ele>25.0</ele>
        <time>2026-08-19T16:18:17Z</time>
      </trkpt>
      <trkpt lat="59.437064" lon="24.744505">
        <ele>25.0</ele>
        <time>2026-08-19T16:18:18Z</time>
      </trkpt>
      <trkpt lat="59.437064" lon="24.744505">
        <ele>25.0</ele>
        <time>2026-08-19T16:18:19Z</time>
      </trkpt>
      <trkpt lat="59.437065" lon="24.744491">
        <ele>25.0</ele>
        <time>2026-08-19T16:18:20Z</time>
      </trkpt>
      <trkpt lat="59.437059" lon="24.744493">
        <ele>25.0</ele>
        <time>2026-08-19T16:18:21Z</time>
      </trkpt>
      <trkpt lat="59.437062" lon="24.744484">
        <ele>25.0</ele>
        <time>2026-08-19T16:18:22Z</time>
      </trkpt>
      <trkpt lat="59.437059" lon="24.744479">
        <ele>25.0</ele>
        <time>2026-08-19T16:18:23Z</time>
      </trkpt>
      <trkpt lat="59.437059" lon="24.744468">
        <ele>25.0</ele>
        <time>2026-08-19T16:18:24Z</time>
      </trkpt>
      <trkpt lat="59.437068" lon="24.744433">
        <ele>25.0</ele>
        <time>2026-08-19T16:18:25Z</time>
      </trkpt>
      <trkpt lat="59.437071" lon="24.744437">
        <ele>25.0</ele>
        <time>2026-08-19T16:18:26Z</time>
      </trkpt>
      <trkpt lat="59.437071" lon="24.74444">
        <ele>25.0</ele>
        <time>2026-08-19T16:18:27Z</time>
      </trkpt>
      <trkpt lat="59.437074" lon="24.744445">
        <ele>25.0</ele>
        <time>2026-08-19T16:18:28Z</time>
      </trkpt>
      <trkpt lat="59.43708" lon="24.744455">
        <ele>25.0</ele>
        <time>2026-08-19T16:18:29Z</time>
      </trkpt>
      <trkpt lat="59.437082" lon="24.744451">
        <ele>25.0</ele>
        <time>2026-08-19T16:18:30Z</time>
      </trkpt>
      <trkpt lat="59.43709" lon="24.744457">
        <ele>25.0</ele>
        <time>2026-08-19T16:18:31Z</time>
      </trkpt>
      <trkpt lat="59.437094" lon="24.74446">
        <ele>25.0</ele>
        <time>2026-08-19T16:18:32Z</time>
      </trkpt>
      <trkpt lat="59.4371" lon="24.744459">
        <ele>25.0</ele>
        <time>2026-08-19T16:18:33Z</time>
      </trkpt>
      <trkpt lat="59.437103" lon="24.744468">
        <ele>25.0</ele>
        <time>2026-08-19T16:18:34Z</time>
      </trkpt>
      <trkpt lat="59.437105" lon="24.74447">
        <ele>25.0</ele>
        <time>2026-08-19T16:18:35Z</time>
      </trkpt>
      <trkpt lat="59.437102" lon="24.744479">
        <ele>25.0</ele>
        <time>2026-08-19T16:18:36Z</time>
      </trkpt>
      <trkpt lat="59.437102" lon="24.744479">
        <ele>25.0</ele>
        <time>2026-08-19T16:18:37Z</time>
      </trkpt>
      <trkpt lat="59.437114" lon="24.744484">
        <ele>25.0</ele>
        <time>2026-08-19T16:18:38Z</time>
      </trkpt>
      <trkpt lat="59.437131" lon="24.744493">
        <ele>25.0</ele>
        <time>2026-08-19T16:18:39Z</time>
      </trkpt>
      <trkpt lat="59.437122" lon="24.744499">
        <ele>25.0</ele>
        <time>2026-08-19T16:18:40Z</time>
      </trkpt>
      <trkpt lat="59.43711" lon="24.744512">
        <ele>25.0</ele>
        <time>2026-08-19T16:18:41Z</time>
      </trkpt>
      <trkpt lat="59.437112" lon="24.744514">
        <ele>25.0</ele>
        <time>2026-08-19T16:18:42Z</time>
      </trkpt>
      <trkpt lat="59.437112" lon="24.744514">
        <ele>25.0</ele>
        <time>2026-08-19T16:18:43Z</time>
      </trkpt>
      <trkpt lat="59.437112" lon="24.744514">
        <ele>25.0</ele>
        <time>2026-08-19T16:18:44Z</time>
      </trkpt>
      <trkpt lat="59.437112" lon="24.744514">
        <ele>25.0</ele>
        <time>2026-08-19T16:18:45Z</time>
      </trkpt>
      <trkpt lat="59.437112" lon="24.744514">
        <ele>25.0</ele>
        <time>2026-08-19T16:18:46Z</time>
      </trkpt>
      <trkpt lat="59.437112" lon="24.744514">
        <ele>25.0</ele>
        <time>2026-08-19T16:18:47Z</time>
      </trkpt>
      <trkpt lat="59.437101" lon="24.744493">
        <ele>25.0</ele>
        <time>2026-08-19T16:18:48Z</time>
      </trkpt>
      <trkpt lat="59.437103" lon="24.744492">
        <ele>25.0</ele>
        <time>2026-08-19T16:18:49Z</time>
      </trkpt>
      <trkpt lat="59.4371" lon="24.744487">
        <ele>25.0</ele>
        <time>2026-08-19T16:18:50Z</time>
      </trkpt>
      <trkpt lat="59.437101" lon="24.744484">
        <ele>25.0</ele>
        <time>2026-08-19T16:18:51Z</time>
      </trkpt>
      <trkpt lat="59.4371" lon="24.744473">
        <ele>25.0</ele>
        <time>2026-08-19T16:18:52Z</time>
      </trkpt>
      <trkpt lat="59.437097" lon="24.744464">
        <ele>25.0</ele>
        <time>2026-08-19T16:18:53Z</time>
      </trkpt>
      <trkpt lat="59.437098" lon="24.744464">
        <ele>25.0</ele>
        <time>2026-08-19T16:18:54Z</time>
      </trkpt>
      <trkpt lat="59.437099" lon="24.744459">
        <ele>25.0</ele>
        <time>2026-08-19T16:18:55Z</time>
      </trkpt>
      <trkpt lat="59.437101" lon="24.744454">
        <ele>25.0</ele>
        <time>2026-08-19T16:18:56Z</time>
      </trkpt>
      <trkpt lat="59.437102" lon="24.744455">
        <ele>25.0</ele>
        <time>2026-08-19T16:18:57Z</time>
      </trkpt>
      <trkpt lat="59.437101" lon="24.744461">
        <ele>25.0</ele>
        <time>2026-08-19T16:18:58Z</time>
      </trkpt>
      <trkpt lat="59.4371" lon="24.744462">
        <ele>25.0</ele>
        <time>2026-08-19T16:18:59Z</time>
      </trkpt>
      <trkpt lat="59.4371" lon="24.744462">
        <ele>25.0</ele>
        <time>2026-08-19T16:19:00Z</time>
      </trkpt>
      <trkpt lat="59.4371" lon="24.744462">
        <ele>25.0</ele>
        <time>2026-08-19T16:19:01Z</time>
      </trkpt>
      <trkpt lat="59.4371" lon="24.744462">
        <ele>25.0</ele>
        <time>2026-08-19T16:19:02Z</time>
      </trkpt>
      <trkpt lat="59.4371" lon="24.744462">
        <ele>25.0</ele>
        <time>2026-08-19T16:19:03Z</time>
      </trkpt>
      <trkpt lat="59.4371" lon="24.744462">
        <ele>25.0</ele>
        <time>2026-08-19T16:19:04Z</time>
      </trkpt>
      <trkpt lat="59.4371" lon="24.744462">
        <ele>25.0</ele>
        <time>2026-08-19T16:19:05Z</time>
      </trkpt>
      <trkpt lat="59.4371" lon="24.744462">
        <ele>25.0</ele>
        <time>2026-08-19T16:19:06Z</time>
      </trkpt>
      <trkpt lat="59.4371" lon="24.744462">
        <ele>25.0</ele>
        <time>2026-08-19T16:19:07Z</time>
      </trkpt>
      <trkpt lat="59.4371" lon="24.744462">
        <ele>25.0</ele>
        <time>2026-08-19T16:19:08Z</time>
      </trkpt>
      <trkpt lat="59.4371" lon="24.744462">
        <ele>25.0</ele>
        <time>2026-08-19T16:19:09Z</time>
      </trkpt>
      <trkpt lat="59.4371" lon="24.744462">
        <ele>25.0</ele>
        <time>2026-08-19T16:19:10Z</time>
      </trkpt>
      <trkpt lat="59.437125" lon="24.744449">
        <ele>25.0</ele>
        <time>2026-08-19T16:19:11Z</time>
      </trkpt>
      <trkpt lat="59.43713" lon="24.744457">
        <ele>25.0</ele>
        <time>2026-08-19T16:19:12Z</time>
      </trkpt>
      <trkpt lat="59.437131" lon="24.744458">
        <ele>25.0</ele>
        <time>2026-08-19T16:19:13Z</time>
      </trkpt>
      <trkpt lat="59.437131" lon="24.744458">
        <ele>25.0</ele>
        <time>2026-08-19T16:19:14Z</time>
      </trkpt>
      <trkpt lat="59.437131" lon="24.744458">
        <ele>25.0</ele>
        <time>2026-08-19T16:19:15Z</time>
      </trkpt>
      <trkpt lat="59.437112" lon="24.744466">
        <ele>25.0</ele>
        <time>2026-08-19T16:19:16Z</time>
      </trkpt>
      <trkpt lat="59.437111" lon="24.744472">
        <ele>25.0</ele>
        <time>2026-08-19T16:19:17Z</time>
      </trkpt>
      <trkpt lat="59.437116" lon="24.744478">
        <ele>25.0</ele>
        <time>2026-08-19T16:19:18Z</time>
      </trkpt>
      <trkpt lat="59.437109" lon="24.744492">
        <ele>25.0</ele>
        <time>2026-08-19T16:19:19Z</time>
      </trkpt>
      <trkpt lat="59.4371" lon="24.744507">
        <ele>25.0</ele>
        <time>2026-08-19T16:19:20Z</time>
      </trkpt>
      <trkpt lat="59.437103" lon="24.744524">
        <ele>25.0</ele>
        <time>2026-08-19T16:19:21Z</time>
      </trkpt>
      <trkpt lat="59.437113" lon="24.744563">
        <ele>25.0</ele>
        <time>2026-08-19T16:19:22Z</time>
      </trkpt>
      <trkpt lat="59.437114" lon="24.744608">
        <ele>25.0</ele>
        <time>2026-08-19T16:19:23Z</time>
      </trkpt>
      <trkpt lat="59.437116" lon="24.744638">
        <ele>25.0</ele>
        <time>2026-08-19T16:19:24Z</time>
      </trkpt>
      <trkpt lat="59.437111" lon="24.744663">
        <ele>25.0</ele>
        <time>2026-08-19T16:19:25Z</time>
      </trkpt>
      <trkpt lat="59.437116" lon="24.744667">
        <ele>25.0</ele>
        <time>2026-08-19T16:19:26Z</time>
      </trkpt>
      <trkpt lat="59.437112" lon="24.744648">
        <ele>25.0</ele>
        <time>2026-08-19T16:19:27Z</time>
      </trkpt>
      <trkpt lat="59.437109" lon="24.744632">
        <ele>25.0</ele>
        <time>2026-08-19T16:19:28Z</time>
      </trkpt>
      <trkpt lat="59.437123" lon="24.744626">
        <ele>25.0</ele>
        <time>2026-08-19T16:19:29Z</time>
      </trkpt>
      <trkpt lat="59.437122" lon="24.744659">
        <ele>25.1</ele>
        <time>2026-08-19T16:19:30Z</time>
      </trkpt>
      <trkpt lat="59.437125" lon="24.744668">
        <ele>25.1</ele>
        <time>2026-08-19T16:19:31Z</time>
      </trkpt>
      <trkpt lat="59.43713" lon="24.744661">
        <ele>25.1</ele>
        <time>2026-08-19T16:19:32Z</time>
      </trkpt>
      <trkpt lat="59.437144" lon="24.744646">
        <ele>25.1</ele>
        <time>2026-08-19T16:19:33Z</time>
      </trkpt>
      <trkpt lat="59.437154" lon="24.744646">
        <ele>25.1</ele>
        <time>2026-08-19T16:19:34Z</time>
      </trkpt>
      <trkpt lat="59.437167" lon="24.744637">
        <ele>25.1</ele>
        <time>2026-08-19T16:19:35Z</time>
      </trkpt>
      <trkpt lat="59.437174" lon="24.74464">
        <ele>25.1</ele>
        <time>2026-08-19T16:19:36Z</time>
      </trkpt>
      <trkpt lat="59.437175" lon="24.744654">
        <ele>25.1</ele>
        <time>2026-08-19T16:19:37Z</time>
      </trkpt>
      <trkpt lat="59.437173" lon="24.744675">
        <ele>25.1</ele>
        <time>2026-08-19T16:19:38Z</time>
      </trkpt>
      <trkpt lat="59.437189" lon="24.744651">
        <ele>25.1</ele>
        <time>2026-08-19T16:19:39Z</time>
      </trkpt>
      <trkpt lat="59.437203" lon="24.744609">
        <ele>25.1</ele>
        <time>2026-08-19T16:19:40Z</time>
      </trkpt>
      <trkpt lat="59.437208" lon="24.744597">
        <ele>25.1</ele>
        <time>2026-08-19T16:19:41Z</time>
      </trkpt>
      <trkpt lat="59.437213" lon="24.744591">
        <ele>25.1</ele>
        <time>2026-08-19T16:19:42Z</time>
      </trkpt>
      <trkpt lat="59.437227" lon="24.744587">
        <ele>25.1</ele>
        <time>2026-08-19T16:19:43Z</time>
      </trkpt>
      <trkpt lat="59.437235" lon="24.744587">
        <ele>25.1</ele>
        <time>2026-08-19T16:19:44Z</time>
      </trkpt>
      <trkpt lat="59.437252" lon="24.744575">
        <ele>25.1</ele>
        <time>2026-08-19T16:19:45Z</time>
      </trkpt>
      <trkpt lat="59.437261" lon="24.744561">
        <ele>25.1</ele>
        <time>2026-08-19T16:19:46Z</time>
      </trkpt>
      <trkpt lat="59.437269" lon="24.744549">
        <ele>25.1</ele>
        <time>2026-08-19T16:19:47Z</time>
      </trkpt>
      <trkpt lat="59.437284" lon="24.744546">
        <ele>25.1</ele>
        <time>2026-08-19T16:19:48Z</time>
      </trkpt>
      <trkpt lat="59.437301" lon="24.744553">
        <ele>25.1</ele>
        <time>2026-08-19T16:19:49Z</time>
      </trkpt>
      <trkpt lat="59.437319" lon="24.744537">
        <ele>25.1</ele>
        <time>2026-08-19T16:19:50Z</time>
      </trkpt>
      <trkpt lat="59.437337" lon="24.744517">
        <ele>25.1</ele>
        <time>2026-08-19T16:19:51Z</time>
      </trkpt>
      <trkpt lat="59.437346" lon="24.744504">
        <ele>25.1</ele>
        <time>2026-08-19T16:19:52Z</time>
      </trkpt>
      <trkpt lat="59.437354" lon="24.744485">
        <ele>25.1</ele>
        <time>2026-08-19T16:19:53Z</time>
      </trkpt>
      <trkpt lat="59.437362" lon="24.744466">
        <ele>25.1</ele>
        <time>2026-08-19T16:19:54Z</time>
      </trkpt>
      <trkpt lat="59.437373" lon="24.744457">
        <ele>25.1</ele>
        <time>2026-08-19T16:19:55Z</time>
      </trkpt>
      <trkpt lat="59.43738" lon="24.744462">
        <ele>25.1</ele>
        <time>2026-08-19T16:19:56Z</time>
      </trkpt>
      <trkpt lat="59.43739" lon="24.744458">
        <ele>25.1</ele>
        <time>2026-08-19T16:19:57Z</time>
      </trkpt>
      <trkpt lat="59.437406" lon="24.744461">
        <ele>25.2</ele>
        <time>2026-08-19T16:19:58Z</time>
      </trkpt>
      <trkpt lat="59.437423" lon="24.744467">
        <ele>25.2</ele>
        <time>2026-08-19T16:19:59Z</time>
      </trkpt>
      <trkpt lat="59.437439" lon="24.744475">
        <ele>25.2</ele>
        <time>2026-08-19T16:20:00Z</time>
      </trkpt>
      <trkpt lat="59.437456" lon="24.744475">
        <ele>25.2</ele>
        <time>2026-08-19T16:20:01Z</time>
      </trkpt>
      <trkpt lat="59.437464" lon="24.744471">
        <ele>25.2</ele>
        <time>2026-08-19T16:20:02Z</time>
      </trkpt>
      <trkpt lat="59.437472" lon="24.744472">
        <ele>25.3</ele>
        <time>2026-08-19T16:20:03Z</time>
      </trkpt>
      <trkpt lat="59.437482" lon="24.744466">
        <ele>25.3</ele>
        <time>2026-08-19T16:20:04Z</time>
      </trkpt>
      <trkpt lat="59.4375" lon="24.744451">
        <ele>25.3</ele>
        <time>2026-08-19T16:20:05Z</time>
      </trkpt>
      <trkpt lat="59.437514" lon="24.744443">
        <ele>25.3</ele>
        <time>2026-08-19T16:20:06Z</time>
      </trkpt>
      <trkpt lat="59.437531" lon="24.74443">
        <ele>25.4</ele>
        <time>2026-08-19T16:20:07Z</time>
      </trkpt>
      <trkpt lat="59.437551" lon="24.74442">
        <ele>25.4</ele>
        <time>2026-08-19T16:20:08Z</time>
      </trkpt>
      <trkpt lat="59.437566" lon="24.74442">
        <ele>25.4</ele>
        <time>2026-08-19T16:20:09Z</time>
      </trkpt>
      <trkpt lat="59.437579" lon="24.744416">
        <ele>25.5</ele>
        <time>2026-08-19T16:20:10Z</time>
      </trkpt>
      <trkpt lat="59.437589" lon="24.744445">
        <ele>25.5</ele>
        <time>2026-08-19T16:20:11Z</time>
      </trkpt>
      <trkpt lat="59.437602" lon="24.744468">
        <ele>25.5</ele>
        <time>2026-08-19T16:20:12Z</time>
      </trkpt>
      <trkpt lat="59.437611" lon="24.744485">
        <ele>25.6</ele>
        <time>2026-08-19T16:20:13Z</time>
      </trkpt>
      <trkpt lat="59.437621" lon="24.744494">
        <ele>25.6</ele>
        <time>2026-08-19T16:20:14Z</time>
      </trkpt>
      <trkpt lat="59.437633" lon="24.744498">
        <ele>25.6</ele>
        <time>2026-08-19T16:20:15Z</time>
      </trkpt>
      <trkpt lat="59.43764" lon="24.744495">
        <ele>25.6</ele>
        <time>2026-08-19T16:20:16Z</time>
      </trkpt>
      <trkpt lat="59.437647" lon="24.74447">
        <ele>25.7</ele>
        <time>2026-08-19T16:20:17Z</time>
      </trkpt>
      <trkpt lat="59.437648" lon="24.744468">
        <ele>25.7</ele>
        <time>2026-08-19T16:20:18Z</time>
      </trkpt>
      <trkpt lat="59.437659" lon="24.744446">
        <ele>25.7</ele>
        <time>2026-08-19T16:20:19Z</time>
      </trkpt>
      <trkpt lat="59.437671" lon="24.744426">
        <ele>25.7</ele>
        <time>2026-08-19T16:20:20Z</time>
      </trkpt>
      <trkpt lat="59.437685" lon="24.744423">
        <ele>25.8</ele>
        <time>2026-08-19T16:20:21Z</time>
      </trkpt>
      <trkpt lat="59.437697" lon="24.744432">
        <ele>25.8</ele>
        <time>2026-08-19T16:20:22Z</time>
      </trkpt>
      <trkpt lat="59.437704" lon="24.744424">
        <ele>25.8</ele>
        <time>2026-08-19T16:20:23Z</time>
      </trkpt>
      <trkpt lat="59.43771" lon="24.74442">
        <ele>25.8</ele>
        <time>2026-08-19T16:20:24Z</time>
      </trkpt>
      <trkpt lat="59.437716" lon="24.744412">
        <ele>25.8</ele>
        <time>2026-08-19T16:20:25Z</time>
      </trkpt>
      <trkpt lat="59.437719" lon="24.744405">
        <ele>25.8</ele>
        <time>2026-08-19T16:20:26Z</time>
      </trkpt>
      <trkpt lat="59.437728" lon="24.744407">
        <ele>25.9</ele>
        <time>2026-08-19T16:20:27Z</time>
      </trkpt>
      <trkpt lat="59.437741" lon="24.744423">
        <ele>25.9</ele>
        <time>2026-08-19T16:20:28Z</time>
      </trkpt>
      <trkpt lat="59.437757" lon="24.744426">
        <ele>25.9</ele>
        <time>2026-08-19T16:20:29Z</time>
      </trkpt>
      <trkpt lat="59.43778" lon="24.744431">
        <ele>26.0</ele>
        <time>2026-08-19T16:20:30Z</time>
      </trkpt>
      <trkpt lat="59.437796" lon="24.744433">
        <ele>26.0</ele>
        <time>2026-08-19T16:20:31Z</time>
      </trkpt>
      <trkpt lat="59.437806" lon="24.744404">
        <ele>26.0</ele>
        <time>2026-08-19T16:20:32Z</time>
      </trkpt>
      <trkpt lat="59.437813" lon="24.744373">
        <ele>26.0</ele>
        <time>2026-08-19T16:20:33Z</time>
      </trkpt>
      <trkpt lat="59.437823" lon="24.744341">
        <ele>26.1</ele>
        <time>2026-08-19T16:20:34Z</time>
      </trkpt>
      <trkpt lat="59.437837" lon="24.74433">
        <ele>26.1</ele>
        <time>2026-08-19T16:20:35Z</time>
      </trkpt>
      <trkpt lat="59.437848" lon="24.744305">
        <ele>26.1</ele>
        <time>2026-08-19T16:20:36Z</time>
      </trkpt>
      <trkpt lat="59.43786" lon="24.744318">
        <ele>26.1</ele>
        <time>2026-08-19T16:20:37Z</time>
      </trkpt>
      <trkpt lat="59.437886" lon="24.744361">
        <ele>26.1</ele>
        <time>2026-08-19T16:20:38Z</time>
      </trkpt>
      <trkpt lat="59.437898" lon="24.744397">
        <ele>26.1</ele>
        <time>2026-08-19T16:20:39Z</time>
      </trkpt>
      <trkpt lat="59.437904" lon="24.744414">
        <ele>26.1</ele>
        <time>2026-08-19T16:20:40Z</time>
      </trkpt>
      <trkpt lat="59.437908" lon="24.744429">
        <ele>26.1</ele>
        <time>2026-08-19T16:20:41Z</time>
      </trkpt>
      <trkpt lat="59.437917" lon="24.744449">
        <ele>26.1</ele>
        <time>2026-08-19T16:20:42Z</time>
      </trkpt>
      <trkpt lat="59.437933" lon="24.744466">
        <ele>26.1</ele>
        <time>2026-08-19T16:20:43Z</time>
      </trkpt>
      <trkpt lat="59.437948" lon="24.744492">
        <ele>26.1</ele>
        <time>2026-08-19T16:20:44Z</time>
      </trkpt>
      <trkpt lat="59.437956" lon="24.744515">
        <ele>26.0</ele>
        <time>2026-08-19T16:20:45Z</time>
      </trkpt>
      <trkpt lat="59.437968" lon="24.744546">
        <ele>26.0</ele>
        <time>2026-08-19T16:20:46Z</time>
      </trkpt>
      <trkpt lat="59.437978" lon="24.744571">
        <ele>26.0</ele>
        <time>2026-08-19T16:20:47Z</time>
      </trkpt>
      <trkpt lat="59.437988" lon="24.744596">
        <ele>26.0</ele>
        <time>2026-08-19T16:20:48Z</time>
      </trkpt>
      <trkpt lat="59.437998" lon="24.744621">
        <ele>26.0</ele>
        <time>2026-08-19T16:20:49Z</time>
      </trkpt>
      <trkpt lat="59.438001" lon="24.744628">
        <ele>26.0</ele>
        <time>2026-08-19T16:20:50Z</time>
      </trkpt>
      <trkpt lat="59.438004" lon="24.744635">
        <ele>26.0</ele>
        <time>2026-08-19T16:20:51Z</time>
      </trkpt>
      <trkpt lat="59.438007" lon="24.744643">
        <ele>26.0</ele>
        <time>2026-08-19T16:20:52Z</time>
      </trkpt>
      <trkpt lat="59.438009" lon="24.74465">
        <ele>26.0</ele>
        <time>2026-08-19T16:20:53Z</time>
      </trkpt>
      <trkpt lat="59.438012" lon="24.744658">
        <ele>26.0</ele>
        <time>2026-08-19T16:20:54Z</time>
      </trkpt>
      <trkpt lat="59.438012" lon="24.744658">
        <ele>26.0</ele>
        <time>2026-08-19T16:20:55Z</time>
      </trkpt>
      <trkpt lat="59.438021" lon="24.744679">
        <ele>26.0</ele>
        <time>2026-08-19T16:20:56Z</time>
      </trkpt>
      <trkpt lat="59.438024" lon="24.744686">
        <ele>26.0</ele>
        <time>2026-08-19T16:20:57Z</time>
      </trkpt>
      <trkpt lat="59.438029" lon="24.744698">
        <ele>26.0</ele>
        <time>2026-08-19T16:20:58Z</time>
      </trkpt>
      <trkpt lat="59.438034" lon="24.744711">
        <ele>26.0</ele>
        <time>2026-08-19T16:20:59Z</time>
      </trkpt>
      <trkpt lat="59.438039" lon="24.744724">
        <ele>26.0</ele>
        <time>2026-08-19T16:21:00Z</time>
      </trkpt>
      <trkpt lat="59.438044" lon="24.744737">
        <ele>26.0</ele>
        <time>2026-08-19T16:21:01Z</time>
      </trkpt>
      <trkpt lat="59.438049" lon="24.744749">
        <ele>25.9</ele>
        <time>2026-08-19T16:21:02Z</time>
      </trkpt>
      <trkpt lat="59.438054" lon="24.744762">
        <ele>25.9</ele>
        <time>2026-08-19T16:21:03Z</time>
      </trkpt>
      <trkpt lat="59.438059" lon="24.744775">
        <ele>25.9</ele>
        <time>2026-08-19T16:21:04Z</time>
      </trkpt>
      <trkpt lat="59.438064" lon="24.744787">
        <ele>25.9</ele>
        <time>2026-08-19T16:21:05Z</time>
      </trkpt>
      <trkpt lat="59.438069" lon="24.7448">
        <ele>25.9</ele>
        <time>2026-08-19T16:21:06Z</time>
      </trkpt>
      <trkpt lat="59.438126" lon="24.744883">
        <ele>25.9</ele>
        <time>2026-08-19T16:21:07Z</time>
      </trkpt>
      <trkpt lat="59.438114" lon="24.744954">
        <ele>25.8</ele>
        <time>2026-08-19T16:21:08Z</time>
      </trkpt>
      <trkpt lat="59.438084" lon="24.744918">
        <ele>25.8</ele>
        <time>2026-08-19T16:21:09Z</time>
      </trkpt>
      <trkpt lat="59.438077" lon="24.744914">
        <ele>25.8</ele>
        <time>2026-08-19T16:21:10Z</time>
      </trkpt>
      <trkpt lat="59.438071" lon="24.74491">
        <ele>25.8</ele>
        <time>2026-08-19T16:21:11Z</time>
      </trkpt>
      <trkpt lat="59.438064" lon="24.744905">
        <ele>25.8</ele>
        <time>2026-08-19T16:21:12Z</time>
      </trkpt>
      <trkpt lat="59.438064" lon="24.744905">
        <ele>25.8</ele>
        <time>2026-08-19T16:21:13Z</time>
      </trkpt>
      <trkpt lat="59.438064" lon="24.744905">
        <ele>25.8</ele>
        <time>2026-08-19T16:21:14Z</time>
      </trkpt>
      <trkpt lat="59.438064" lon="24.744905">
        <ele>25.8</ele>
        <time>2026-08-19T16:21:17Z</time>
      </trkpt>
      <trkpt lat="59.438064" lon="24.744905">
        <ele>25.8</ele>
        <time>2026-08-19T16:21:22Z</time>
      </trkpt>
      <trkpt lat="59.438064" lon="24.744905">
        <ele>25.8</ele>
        <time>2026-08-19T16:21:24Z</time>
      </trkpt>
      <trkpt lat="59.438064" lon="24.744905">
        <ele>25.8</ele>
        <time>2026-08-19T16:21:27Z</time>
      </trkpt>
      <trkpt lat="59.438064" lon="24.744905">
        <ele>25.8</ele>
        <time>2026-08-19T16:21:29Z</time>
      </trkpt>
      <trkpt lat="59.438064" lon="24.744905">
        <ele>25.8</ele>
        <time>2026-08-19T16:21:32Z</time>
      </trkpt>
      <trkpt lat="59.438059" lon="24.744902">
        <ele>25.8</ele>
        <time>2026-08-19T16:21:35Z</time>
      </trkpt>
      <trkpt lat="59.438059" lon="24.744902">
        <ele>25.8</ele>
        <time>2026-08-19T16:21:37Z</time>
      </trkpt>
      <trkpt lat="59.438059" lon="24.744902">
        <ele>25.8</ele>
        <time>2026-08-19T16:21:40Z</time>
      </trkpt>
      <trkpt lat="59.438059" lon="24.744902">
        <ele>25.8</ele>
        <time>2026-08-19T16:21:42Z</time>
      </trkpt>
      <trkpt lat="59.438059" lon="24.744902">
        <ele>25.8</ele>
        <time>2026-08-19T16:21:45Z</time>
      </trkpt>
      <trkpt lat="59.438059" lon="24.744902">
        <ele>25.8</ele>
        <time>2026-08-19T16:22:11Z</time>
      </trkpt>
      <trkpt lat="59.438059" lon="24.744902">
        <ele>25.8</ele>
        <time>2026-08-19T16:22:12Z</time>
      </trkpt>
      <trkpt lat="59.438059" lon="24.744902">
        <ele>25.8</ele>
        <time>2026-08-19T16:22:18Z</time>
      </trkpt>
      <trkpt lat="59.438059" lon="24.744902">
        <ele>25.8</ele>
        <time>2026-08-19T16:22:26Z</time>
      </trkpt>
      <trkpt lat="59.438059" lon="24.744902">
        <ele>25.8</ele>
        <time>2026-08-19T16:22:27Z</time>
      </trkpt>
      <trkpt lat="59.438059" lon="24.744902">
        <ele>25.8</ele>
        <time>2026-08-19T16:22:32Z</time>
      </trkpt>
      <trkpt lat="59.438059" lon="24.744902">
        <ele>25.8</ele>
        <time>2026-08-19T16:22:38Z</time>
      </trkpt>
      <trkpt lat="59.438059" lon="24.744902">
        <ele>25.8</ele>
        <time>2026-08-19T16:22:43Z</time>
      </trkpt>
      <trkpt lat="59.438059" lon="24.744902">
        <ele>25.8</ele>
        <time>2026-08-19T16:22:49Z</time>
      </trkpt>
      <trkpt lat="59.438059" lon="24.744902">
        <ele>25.8</ele>
        <time>2026-08-19T16:22:52Z</time>
      </trkpt>
      <trkpt lat="59.438059" lon="24.744902">
        <ele>25.8</ele>
        <time>2026-08-19T16:22:59Z</time>
      </trkpt>
      <trkpt lat="59.438059" lon="24.744902">
        <ele>25.8</ele>
        <time>2026-08-19T16:23:06Z</time>
      </trkpt>
      <trkpt lat="59.438059" lon="24.744902">
        <ele>25.8</ele>
        <time>2026-08-19T16:23:30Z</time>
      </trkpt>
      <trkpt lat="59.438059" lon="24.744902">
        <ele>25.8</ele>
        <time>2026-08-19T16:23:32Z</time>
      </trkpt>
      <trkpt lat="59.438059" lon="24.744902">
        <ele>25.8</ele>
        <time>2026-08-19T16:23:35Z</time>
      </trkpt>
      <trkpt lat="59.438059" lon="24.744902">
        <ele>25.8</ele>
        <time>2026-08-19T16:23:37Z</time>
      </trkpt>
      <trkpt lat="59.438059" lon="24.744902">
        <ele>25.8</ele>
        <time>2026-08-19T16:23:40Z</time>
      </trkpt>
      <trkpt lat="59.438059" lon="24.744902">
        <ele>25.8</ele>
        <time>2026-08-19T16:23:43Z</time>
      </trkpt>
      <trkpt lat="59.438059" lon="24.744902">
        <ele>25.8</ele>
        <time>2026-08-19T16:23:45Z</time>
      </trkpt>
      <trkpt lat="59.438059" lon="24.744902">
        <ele>25.8</ele>
        <time>2026-08-19T16:23:46Z</time>
      </trkpt>
      <trkpt lat="59.438059" lon="24.744902">
        <ele>25.8</ele>
        <time>2026-08-19T16:23:47Z</time>
      </trkpt>
      <trkpt lat="59.438059" lon="24.744902">
        <ele>25.8</ele>
        <time>2026-08-19T16:23:48Z</time>
      </trkpt>
      <trkpt lat="59.438059" lon="24.744902">
        <ele>25.8</ele>
        <time>2026-08-19T16:23:52Z</time>
      </trkpt>
      <trkpt lat="59.438059" lon="24.744902">
        <ele>25.8</ele>
        <time>2026-08-19T16:23:57Z</time>
      </trkpt>
      <trkpt lat="59.438059" lon="24.744902">
        <ele>25.8</ele>
        <time>2026-08-19T16:24:11Z</time>
      </trkpt>
      <trkpt lat="59.438051" lon="24.744897">
        <ele>25.8</ele>
        <time>2026-08-19T16:24:13Z</time>
      </trkpt>
      <trkpt lat="59.438042" lon="24.744891">
        <ele>25.8</ele>
        <time>2026-08-19T16:24:16Z</time>
      </trkpt>
      <trkpt lat="59.43804" lon="24.74489">
        <ele>25.8</ele>
        <time>2026-08-19T16:24:18Z</time>
      </trkpt>
      <trkpt lat="59.438036" lon="24.744888">
        <ele>25.8</ele>
        <time>2026-08-19T16:24:21Z</time>
      </trkpt>
      <trkpt lat="59.438036" lon="24.744888">
        <ele>25.8</ele>
        <time>2026-08-19T16:24:23Z</time>
      </trkpt>
      <trkpt lat="59.438036" lon="24.744888">
        <ele>25.8</ele>
        <time>2026-08-19T16:24:26Z</time>
      </trkpt>
      <trkpt lat="59.438036" lon="24.744888">
        <ele>25.8</ele>
        <time>2026-08-19T16:24:27Z</time>
      </trkpt>
      <trkpt lat="59.438036" lon="24.744888">
        <ele>25.8</ele>
        <time>2026-08-19T16:24:29Z</time>
      </trkpt>
      <trkpt lat="59.438036" lon="24.744888">
        <ele>25.8</ele>
        <time>2026-08-19T16:24:31Z</time>
      </trkpt>
      <trkpt lat="59.438036" lon="24.744888">
        <ele>25.8</ele>
        <time>2026-08-19T16:24:32Z</time>
      </trkpt>
      <trkpt lat="59.438036" lon="24.744888">
        <ele>25.8</ele>
        <time>2026-08-19T16:24:34Z</time>
      </trkpt>
      <trkpt lat="59.438036" lon="24.744888">
        <ele>25.8</ele>
        <time>2026-08-19T16:24:36Z</time>
      </trkpt>
      <trkpt lat="59.438036" lon="24.744888">
        <ele>25.8</ele>
        <time>2026-08-19T16:24:37Z</time>
      </trkpt>
      <trkpt lat="59.438036" lon="24.744888">
        <ele>25.8</ele>
        <time>2026-08-19T16:24:39Z</time>
      </trkpt>
      <trkpt lat="59.438036" lon="24.744888">
        <ele>25.8</ele>
        <time>2026-08-19T16:24:41Z</time>
      </trkpt>
      <trkpt lat="59.438036" lon="24.744888">
        <ele>25.8</ele>
        <time>2026-08-19T16:24:42Z</time>
      </trkpt>
      <trkpt lat="59.438036" lon="24.744888">
        <ele>25.8</ele>
        <time>2026-08-19T16:24:44Z</time>
      </trkpt>
      <trkpt lat="59.438036" lon="24.744888">
        <ele>25.8</ele>
        <time>2026-08-19T16:24:46Z</time>
      </trkpt>
      <trkpt lat="59.438036" lon="24.744888">
        <ele>25.8</ele>
        <time>2026-08-19T16:24:49Z</time>
      </trkpt>
      <trkpt lat="59.438036" lon="24.744888">
        <ele>25.8</ele>
        <time>2026-08-19T16:24:50Z</time>
      </trkpt>
      <trkpt lat="59.438036" lon="24.744888">
        <ele>25.8</ele>
        <time>2026-08-19T16:24:52Z</time>
      </trkpt>
      <trkpt lat="59.438036" lon="24.744888">
        <ele>25.8</ele>
        <time>2026-08-19T16:24:54Z</time>
      </trkpt>
      <trkpt lat="59.438036" lon="24.744888">
        <ele>25.8</ele>
        <time>2026-08-19T16:24:57Z</time>
      </trkpt>
      <trkpt lat="59.438036" lon="24.744888">
        <ele>25.8</ele>
        <time>2026-08-19T16:24:59Z</time>
      </trkpt>
      <trkpt lat="59.438036" lon="24.744888">
        <ele>25.8</ele>
        <time>2026-08-19T16:25:02Z</time>
      </trkpt>
      <trkpt lat="59.438036" lon="24.744888">
        <ele>25.8</ele>
        <time>2026-08-19T16:25:04Z</time>
      </trkpt>
      <trkpt lat="59.43803" lon="24.744884">
        <ele>25.8</ele>
        <time>2026-08-19T16:25:07Z</time>
      </trkpt>
      <trkpt lat="59.438022" lon="24.744879">
        <ele>25.8</ele>
        <time>2026-08-19T16:25:10Z</time>
      </trkpt>
      <trkpt lat="59.438013" lon="24.744873">
        <ele>25.7</ele>
        <time>2026-08-19T16:25:12Z</time>
      </trkpt>
      <trkpt lat="59.438003" lon="24.744867">
        <ele>25.7</ele>
        <time>2026-08-19T16:25:15Z</time>
      </trkpt>
      <trkpt lat="59.437995" lon="24.744861">
        <ele>25.7</ele>
        <time>2026-08-19T16:25:17Z</time>
      </trkpt>
      <trkpt lat="59.437995" lon="24.744861">
        <ele>25.7</ele>
        <time>2026-08-19T16:25:20Z</time>
      </trkpt>
      <trkpt lat="59.437995" lon="24.744861">
        <ele>25.7</ele>
        <time>2026-08-19T16:25:22Z</time>
      </trkpt>
      <trkpt lat="59.437995" lon="24.744861">
        <ele>25.7</ele>
        <time>2026-08-19T16:25:24Z</time>
      </trkpt>
      <trkpt lat="59.437995" lon="24.744861">
        <ele>25.7</ele>
        <time>2026-08-19T16:25:25Z</time>
      </trkpt>
      <trkpt lat="59.437995" lon="24.744861">
        <ele>25.7</ele>
        <time>2026-08-19T16:25:27Z</time>
      </trkpt>
      <trkpt lat="59.437995" lon="24.744861">
        <ele>25.7</ele>
        <time>2026-08-19T16:25:30Z</time>
      </trkpt>
      <trkpt lat="59.437995" lon="24.744861">
        <ele>25.7</ele>
        <time>2026-08-19T16:25:31Z</time>
      </trkpt>
      <trkpt lat="59.437995" lon="24.744861">
        <ele>25.7</ele>
        <time>2026-08-19T16:25:33Z</time>
      </trkpt>
      <trkpt lat="59.437983" lon="24.744854">
        <ele>25.7</ele>
        <time>2026-08-19T16:25:35Z</time>
      </trkpt>
      <trkpt lat="59.437983" lon="24.744854">
        <ele>25.7</ele>
        <time>2026-08-19T16:25:36Z</time>
      </trkpt>
      <trkpt lat="59.437983" lon="24.744854">
        <ele>25.7</ele>
        <time>2026-08-19T16:25:38Z</time>
      </trkpt>
      <trkpt lat="59.437983" lon="24.744854">
        <ele>25.7</ele>
        <time>2026-08-19T16:25:40Z</time>
      </trkpt>
      <trkpt lat="59.437983" lon="24.744854">
        <ele>25.7</ele>
        <time>2026-08-19T16:25:41Z</time>
      </trkpt>
      <trkpt lat="59.437983" lon="24.744854">
        <ele>25.7</ele>
        <time>2026-08-19T16:25:43Z</time>
      </trkpt>
      <trkpt lat="59.437983" lon="24.744854">
        <ele>25.7</ele>
        <time>2026-08-19T16:25:45Z</time>
      </trkpt>
      <trkpt lat="59.437983" lon="24.744854">
        <ele>25.7</ele>
        <time>2026-08-19T16:25:46Z</time>
      </trkpt>
      <trkpt lat="59.437983" lon="24.744854">
        <ele>25.7</ele>
        <time>2026-08-19T16:25:48Z</time>
      </trkpt>
      <trkpt lat="59.437983" lon="24.744854">
        <ele>25.7</ele>
        <time>2026-08-19T16:25:50Z</time>
      </trkpt>
      <trkpt lat="59.437983" lon="24.744854">
        <ele>25.7</ele>
        <time>2026-08-19T16:25:52Z</time>
      </trkpt>
      <trkpt lat="59.437983" lon="24.744854">
        <ele>25.7</ele>
        <time>2026-08-19T16:25:53Z</time>
      </trkpt>
      <trkpt lat="59.437983" lon="24.744854">
        <ele>25.7</ele>
        <time>2026-08-19T16:25:56Z</time>
      </trkpt>
      <trkpt lat="59.437983" lon="24.744854">
        <ele>25.7</ele>
        <time>2026-08-19T16:25:57Z</time>
      </trkpt>
      <trkpt lat="59.437983" lon="24.744854">
        <ele>25.7</ele>
        <time>2026-08-19T16:25:58Z</time>
      </trkpt>
      <trkpt lat="59.437983" lon="24.744854">
        <ele>25.7</ele>
        <time>2026-08-19T16:26:01Z</time>
      </trkpt>
      <trkpt lat="59.437983" lon="24.744854">
        <ele>25.7</ele>
        <time>2026-08-19T16:26:03Z</time>
      </trkpt>
      <trkpt lat="59.437983" lon="24.744854">
        <ele>25.7</ele>
        <time>2026-08-19T16:26:06Z</time>
      </trkpt>
      <trkpt lat="59.437983" lon="24.744854">
        <ele>25.7</ele>
        <time>2026-08-19T16:26:08Z</time>
      </trkpt>
      <trkpt lat="59.437983" lon="24.744854">
        <ele>25.7</ele>
        <time>2026-08-19T16:26:11Z</time>
      </trkpt>
      <trkpt lat="59.437983" lon="24.744854">
        <ele>25.7</ele>
        <time>2026-08-19T16:26:16Z</time>
      </trkpt>
      <trkpt lat="59.437983" lon="24.744854">
        <ele>25.7</ele>
        <time>2026-08-19T16:26:21Z</time>
      </trkpt>
      <trkpt lat="59.437983" lon="24.744854">
        <ele>25.7</ele>
        <time>2026-08-19T16:26:23Z</time>
      </trkpt>
      <trkpt lat="59.437983" lon="24.744854">
        <ele>25.7</ele>
        <time>2026-08-19T16:26:27Z</time>
      </trkpt>
      <trkpt lat="59.437983" lon="24.744854">
        <ele>25.7</ele>
        <time>2026-08-19T16:26:32Z</time>
      </trkpt>
      <trkpt lat="59.437983" lon="24.744854">
        <ele>25.7</ele>
        <time>2026-08-19T16:26:37Z</time>
      </trkpt>
      <trkpt lat="59.437983" lon="24.744854">
        <ele>25.7</ele>
        <time>2026-08-19T16:26:42Z</time>
      </trkpt>
      <trkpt lat="59.437981" lon="24.744853">
        <ele>25.7</ele>
        <time>2026-08-19T16:26:44Z</time>
      </trkpt>
      <trkpt lat="59.437981" lon="24.744853">
        <ele>25.7</ele>
        <time>2026-08-19T16:26:47Z</time>
      </trkpt>
      <trkpt lat="59.437981" lon="24.744853">
        <ele>25.7</ele>
        <time>2026-08-19T16:26:49Z</time>
      </trkpt>
      <trkpt lat="59.437981" lon="24.744853">
        <ele>25.7</ele>
        <time>2026-08-19T16:26:52Z</time>
      </trkpt>
      <trkpt lat="59.437981" lon="24.744853">
        <ele>25.7</ele>
        <time>2026-08-19T16:26:54Z</time>
      </trkpt>
      <trkpt lat="59.437981" lon="24.744853">
        <ele>25.7</ele>
        <time>2026-08-19T16:26:56Z</time>
      </trkpt>
      <trkpt lat="59.437981" lon="24.744853">
        <ele>25.7</ele>
        <time>2026-08-19T16:26:57Z</time>
      </trkpt>
      <trkpt lat="59.437981" lon="24.744853">
        <ele>25.7</ele>
        <time>2026-08-19T16:27:00Z</time>
      </trkpt>
      <trkpt lat="59.437968" lon="24.744845">
        <ele>25.7</ele>
        <time>2026-08-19T16:27:02Z</time>
      </trkpt>
      <trkpt lat="59.437964" lon="24.744842">
        <ele>25.7</ele>
        <time>2026-08-19T16:27:05Z</time>
      </trkpt>
      <trkpt lat="59.437964" lon="24.744842">
        <ele>25.7</ele>
        <time>2026-08-19T16:27:07Z</time>
      </trkpt>
      <trkpt lat="59.437964" lon="24.744842">
        <ele>25.7</ele>
        <time>2026-08-19T16:27:10Z</time>
      </trkpt>
      <trkpt lat="59.437964" lon="24.744842">
        <ele>25.7</ele>
        <time>2026-08-19T16:27:11Z</time>
      </trkpt>
      <trkpt lat="59.437964" lon="24.744842">
        <ele>25.7</ele>
        <time>2026-08-19T16:27:12Z</time>
      </trkpt>
      <trkpt lat="59.437964" lon="24.744842">
        <ele>25.7</ele>
        <time>2026-08-19T16:27:15Z</time>
      </trkpt>
      <trkpt lat="59.437964" lon="24.744842">
        <ele>25.7</ele>
        <time>2026-08-19T16:27:17Z</time>
      </trkpt>
      <trkpt lat="59.437964" lon="24.744842">
        <ele>25.7</ele>
        <time>2026-08-19T16:27:20Z</time>
      </trkpt>
      <trkpt lat="59.437964" lon="24.744842">
        <ele>25.7</ele>
        <time>2026-08-19T16:27:23Z</time>
      </trkpt>
      <trkpt lat="59.437964" lon="24.744842">
        <ele>25.7</ele>
        <time>2026-08-19T16:27:25Z</time>
      </trkpt>
      <trkpt lat="59.437964" lon="24.744842">
        <ele>25.7</ele>
        <time>2026-08-19T16:27:26Z</time>
      </trkpt>
      <trkpt lat="59.437964" lon="24.744842">
        <ele>25.7</ele>
        <time>2026-08-19T16:27:28Z</time>
      </trkpt>
      <trkpt lat="59.437964" lon="24.744842">
        <ele>25.7</ele>
        <time>2026-08-19T16:27:30Z</time>
      </trkpt>
      <trkpt lat="59.437964" lon="24.744842">
        <ele>25.7</ele>
        <time>2026-08-19T16:27:31Z</time>
      </trkpt>
      <trkpt lat="59.437964" lon="24.744842">
        <ele>25.7</ele>
        <time>2026-08-19T16:27:33Z</time>
      </trkpt>
      <trkpt lat="59.437964" lon="24.744842">
        <ele>25.7</ele>
        <time>2026-08-19T16:27:35Z</time>
      </trkpt>
      <trkpt lat="59.437964" lon="24.744842">
        <ele>25.7</ele>
        <time>2026-08-19T16:27:37Z</time>
      </trkpt>
      <trkpt lat="59.437964" lon="24.744842">
        <ele>25.7</ele>
        <time>2026-08-19T16:27:38Z</time>
      </trkpt>
      <trkpt lat="59.437964" lon="24.744842">
        <ele>25.7</ele>
        <time>2026-08-19T16:27:40Z</time>
      </trkpt>
      <trkpt lat="59.437964" lon="24.744842">
        <ele>25.7</ele>
        <time>2026-08-19T16:27:42Z</time>
      </trkpt>
      <trkpt lat="59.437964" lon="24.744842">
        <ele>25.7</ele>
        <time>2026-08-19T16:27:43Z</time>
      </trkpt>
      <trkpt lat="59.437964" lon="24.744842">
        <ele>25.7</ele>
        <time>2026-08-19T16:27:46Z</time>
      </trkpt>
      <trkpt lat="59.437964" lon="24.744842">
        <ele>25.7</ele>
        <time>2026-08-19T16:27:47Z</time>
      </trkpt>
      <trkpt lat="59.437964" lon="24.744842">
        <ele>25.7</ele>
        <time>2026-08-19T16:27:48Z</time>
      </trkpt>
      <trkpt lat="59.437964" lon="24.744842">
        <ele>25.7</ele>
        <time>2026-08-19T16:27:51Z</time>
      </trkpt>
      <trkpt lat="59.437964" lon="24.744842">
        <ele>25.7</ele>
        <time>2026-08-19T16:27:53Z</time>
      </trkpt>
      <trkpt lat="59.437964" lon="24.744842">
        <ele>25.7</ele>
        <time>2026-08-19T16:27:56Z</time>
      </trkpt>
      <trkpt lat="59.437964" lon="24.744842">
        <ele>25.7</ele>
        <time>2026-08-19T16:27:57Z</time>
      </trkpt>
      <trkpt lat="59.437964" lon="24.744842">
        <ele>25.7</ele>
        <time>2026-08-19T16:27:58Z</time>
      </trkpt>
      <trkpt lat="59.437964" lon="24.744842">
        <ele>25.7</ele>
        <time>2026-08-19T16:28:01Z</time>
      </trkpt>
      <trkpt lat="59.437964" lon="24.744842">
        <ele>25.7</ele>
        <time>2026-08-19T16:28:04Z</time>
      </trkpt>
      <trkpt lat="59.437964" lon="24.744842">
        <ele>25.7</ele>
        <time>2026-08-19T16:28:06Z</time>
      </trkpt>
      <trkpt lat="59.437964" lon="24.744842">
        <ele>25.7</ele>
        <time>2026-08-19T16:28:07Z</time>
      </trkpt>
      <trkpt lat="59.437964" lon="24.744842">
        <ele>25.7</ele>
        <time>2026-08-19T16:28:09Z</time>
      </trkpt>
      <trkpt lat="59.437964" lon="24.744842">
        <ele>25.7</ele>
        <time>2026-08-19T16:28:11Z</time>
      </trkpt>
      <trkpt lat="59.437964" lon="24.744842">
        <ele>25.7</ele>
        <time>2026-08-19T16:28:14Z</time>
      </trkpt>
      <trkpt lat="59.437964" lon="24.744842">
        <ele>25.7</ele>
        <time>2026-08-19T16:28:15Z</time>
      </trkpt>
      <trkpt lat="59.437964" lon="24.744842">
        <ele>25.7</ele>
        <time>2026-08-19T16:28:16Z</time>
      </trkpt>
      <trkpt lat="59.437964" lon="24.744842">
        <ele>25.7</ele>
        <time>2026-08-19T16:28:19Z</time>
      </trkpt>
      <trkpt lat="59.437964" lon="24.744842">
        <ele>25.7</ele>
        <time>2026-08-19T16:28:21Z</time>
      </trkpt>
      <trkpt lat="59.437964" lon="24.744842">
        <ele>25.7</ele>
        <time>2026-08-19T16:28:24Z</time>
      </trkpt>
      <trkpt lat="59.437964" lon="24.744842">
        <ele>25.7</ele>
        <time>2026-08-19T16:28:27Z</time>
      </trkpt>
      <trkpt lat="59.437964" lon="24.744842">
        <ele>25.7</ele>
        <time>2026-08-19T16:28:29Z</time>
      </trkpt>
      <trkpt lat="59.437964" lon="24.744842">
        <ele>25.7</ele>
        <time>2026-08-19T16:28:32Z</time>
      </trkpt>
      <trkpt lat="59.437964" lon="24.744842">
        <ele>25.7</ele>
        <time>2026-08-19T16:28:33Z</time>
      </trkpt>
      <trkpt lat="59.437964" lon="24.744842">
        <ele>25.7</ele>
        <time>2026-08-19T16:28:34Z</time>
      </trkpt>
      <trkpt lat="59.437964" lon="24.744842">
        <ele>25.7</ele>
        <time>2026-08-19T16:28:37Z</time>
      </trkpt>
      <trkpt lat="59.437964" lon="24.744842">
        <ele>25.7</ele>
        <time>2026-08-19T16:28:39Z</time>
      </trkpt>
      <trkpt lat="59.437964" lon="24.744842">
        <ele>25.7</ele>
        <time>2026-08-19T16:28:41Z</time>
      </trkpt>
      <trkpt lat="59.437964" lon="24.744842">
        <ele>25.7</ele>
        <time>2026-08-19T16:28:42Z</time>
      </trkpt>
      <trkpt lat="59.437964" lon="24.744842">
        <ele>25.7</ele>
        <time>2026-08-19T16:28:44Z</time>
      </trkpt>
      <trkpt lat="59.437964" lon="24.744842">
        <ele>25.7</ele>
        <time>2026-08-19T16:28:47Z</time>
      </trkpt>
      <trkpt lat="59.437964" lon="24.744842">
        <ele>25.7</ele>
        <time>2026-08-19T16:28:50Z</time>
      </trkpt>
      <trkpt lat="59.437964" lon="24.744842">
        <ele>25.7</ele>
        <time>2026-08-19T16:28:52Z</time>
      </trkpt>
      <trkpt lat="59.437964" lon="24.744842">
        <ele>25.7</ele>
        <time>2026-08-19T16:28:55Z</time>
      </trkpt>
      <trkpt lat="59.437964" lon="24.744842">
        <ele>25.7</ele>
        <time>2026-08-19T16:28:56Z</time>
      </trkpt>
      <trkpt lat="59.437964" lon="24.744842">
        <ele>25.7</ele>
        <time>2026-08-19T16:28:57Z</time>
      </trkpt>
      <trkpt lat="59.437964" lon="24.744842">
        <ele>25.7</ele>
        <time>2026-08-19T16:28:58Z</time>
      </trkpt>
      <trkpt lat="59.437964" lon="24.744842">
        <ele>25.7</ele>
        <time>2026-08-19T16:29:00Z</time>
      </trkpt>
      <trkpt lat="59.437964" lon="24.744842">
        <ele>25.7</ele>
        <time>2026-08-19T16:29:02Z</time>
      </trkpt>
      <trkpt lat="59.437964" lon="24.744842">
        <ele>25.7</ele>
        <time>2026-08-19T16:29:06Z</time>
      </trkpt>
      <trkpt lat="59.437964" lon="24.744842">
        <ele>25.7</ele>
        <time>2026-08-19T16:29:07Z</time>
      </trkpt>
      <trkpt lat="59.437964" lon="24.744842">
        <ele>25.7</ele>
        <time>2026-08-19T16:29:12Z</time>
      </trkpt>
      <trkpt lat="59.437952" lon="24.744835">
        <ele>25.7</ele>
        <time>2026-08-19T16:29:15Z</time>
      </trkpt>
      <trkpt lat="59.437952" lon="24.744835">
        <ele>25.7</ele>
        <time>2026-08-19T16:29:18Z</time>
      </trkpt>
      <trkpt lat="59.437952" lon="24.744835">
        <ele>25.7</ele>
        <time>2026-08-19T16:29:19Z</time>
      </trkpt>
      <trkpt lat="59.437952" lon="24.744835">
        <ele>25.7</ele>
        <time>2026-08-19T16:29:20Z</time>
      </trkpt>
      <trkpt lat="59.437952" lon="24.744835">
        <ele>25.7</ele>
        <time>2026-08-19T16:29:23Z</time>
      </trkpt>
      <trkpt lat="59.437952" lon="24.744835">
        <ele>25.7</ele>
        <time>2026-08-19T16:29:25Z</time>
      </trkpt>
      <trkpt lat="59.437952" lon="24.744835">
        <ele>25.7</ele>
        <time>2026-08-19T16:29:26Z</time>
      </trkpt>
      <trkpt lat="59.437952" lon="24.744835">
        <ele>25.7</ele>
        <time>2026-08-19T16:29:28Z</time>
      </trkpt>
      <trkpt lat="59.437944" lon="24.74483">
        <ele>25.7</ele>
        <time>2026-08-19T16:29:31Z</time>
      </trkpt>
      <trkpt lat="59.437944" lon="24.74483">
        <ele>25.7</ele>
        <time>2026-08-19T16:29:33Z</time>
      </trkpt>
      <trkpt lat="59.437944" lon="24.74483">
        <ele>25.7</ele>
        <time>2026-08-19T16:29:36Z</time>
      </trkpt>
      <trkpt lat="59.437944" lon="24.74483">
        <ele>25.7</ele>
        <time>2026-08-19T16:29:38Z</time>
      </trkpt>
      <trkpt lat="59.437944" lon="24.74483">
        <ele>25.7</ele>
        <time>2026-08-19T16:29:41Z</time>
      </trkpt>
      <trkpt lat="59.437944" lon="24.74483">
        <ele>25.7</ele>
        <time>2026-08-19T16:29:42Z</time>
      </trkpt>
      <trkpt lat="59.437936" lon="24.744825">
        <ele>25.7</ele>
        <time>2026-08-19T16:29:43Z</time>
      </trkpt>
      <trkpt lat="59.437936" lon="24.744825">
        <ele>25.7</ele>
        <time>2026-08-19T16:29:46Z</time>
      </trkpt>
      <trkpt lat="59.437936" lon="24.744825">
        <ele>25.7</ele>
        <time>2026-08-19T16:29:47Z</time>
      </trkpt>
      <trkpt lat="59.437934" lon="24.744823">
        <ele>25.7</ele>
        <time>2026-08-19T16:29:48Z</time>
      </trkpt>
      <trkpt lat="59.437932" lon="24.744822">
        <ele>25.7</ele>
        <time>2026-08-19T16:29:51Z</time>
      </trkpt>
      <trkpt lat="59.437925" lon="24.744817">
        <ele>25.7</ele>
        <time>2026-08-19T16:29:54Z</time>
      </trkpt>
      <trkpt lat="59.437918" lon="24.744813">
        <ele>25.7</ele>
        <time>2026-08-19T16:29:56Z</time>
      </trkpt>
      <trkpt lat="59.437918" lon="24.744813">
        <ele>25.7</ele>
        <time>2026-08-19T16:29:59Z</time>
      </trkpt>
      <trkpt lat="59.437918" lon="24.744813">
        <ele>25.7</ele>
        <time>2026-08-19T16:30:01Z</time>
      </trkpt>
      <trkpt lat="59.437918" lon="24.744813">
        <ele>25.7</ele>
        <time>2026-08-19T16:30:02Z</time>
      </trkpt>
      <trkpt lat="59.437918" lon="24.744813">
        <ele>25.7</ele>
        <time>2026-08-19T16:30:04Z</time>
      </trkpt>
      <trkpt lat="59.437918" lon="24.744813">
        <ele>25.7</ele>
        <time>2026-08-19T16:30:06Z</time>
      </trkpt>
      <trkpt lat="59.437918" lon="24.744813">
        <ele>25.7</ele>
        <time>2026-08-19T16:30:07Z</time>
      </trkpt>
      <trkpt lat="59.437918" lon="24.744813">
        <ele>25.7</ele>
        <time>2026-08-19T16:30:09Z</time>
      </trkpt>
      <trkpt lat="59.437918" lon="24.744813">
        <ele>25.7</ele>
        <time>2026-08-19T16:30:11Z</time>
      </trkpt>
      <trkpt lat="59.437918" lon="24.744813">
        <ele>25.7</ele>
        <time>2026-08-19T16:30:14Z</time>
      </trkpt>
      <trkpt lat="59.437918" lon="24.744813">
        <ele>25.7</ele>
        <time>2026-08-19T16:30:17Z</time>
      </trkpt>
      <trkpt lat="59.437918" lon="24.744813">
        <ele>25.7</ele>
        <time>2026-08-19T16:30:19Z</time>
      </trkpt>
      <trkpt lat="59.437918" lon="24.744813">
        <ele>25.7</ele>
        <time>2026-08-19T16:30:21Z</time>
      </trkpt>
      <trkpt lat="59.437918" lon="24.744813">
        <ele>25.7</ele>
        <time>2026-08-19T16:30:22Z</time>
      </trkpt>
      <trkpt lat="59.437918" lon="24.744813">
        <ele>25.7</ele>
        <time>2026-08-19T16:30:24Z</time>
      </trkpt>
      <trkpt lat="59.437918" lon="24.744813">
        <ele>25.7</ele>
        <time>2026-08-19T16:30:26Z</time>
      </trkpt>
      <trkpt lat="59.437918" lon="24.744813">
        <ele>25.7</ele>
        <time>2026-08-19T16:30:31Z</time>
      </trkpt>
      <trkpt lat="59.437918" lon="24.744813">
        <ele>25.7</ele>
        <time>2026-08-19T16:30:32Z</time>
      </trkpt>
      <trkpt lat="59.437918" lon="24.744813">
        <ele>25.7</ele>
        <time>2026-08-19T16:30:41Z</time>
      </trkpt>
      <trkpt lat="59.437918" lon="24.744813">
        <ele>25.7</ele>
        <time>2026-08-19T16:30:44Z</time>
      </trkpt>
      <trkpt lat="59.437918" lon="24.744813">
        <ele>25.7</ele>
        <time>2026-08-19T16:30:52Z</time>
      </trkpt>
      <trkpt lat="59.437918" lon="24.744813">
        <ele>25.7</ele>
        <time>2026-08-19T16:30:57Z</time>
      </trkpt>
      <trkpt lat="59.437918" lon="24.744813">
        <ele>25.7</ele>
        <time>2026-08-19T16:30:58Z</time>
      </trkpt>
      <trkpt lat="59.437918" lon="24.744813">
        <ele>25.7</ele>
        <time>2026-08-19T16:31:06Z</time>
      </trkpt>
      <trkpt lat="59.437918" lon="24.744813">
        <ele>25.7</ele>
        <time>2026-08-19T16:31:07Z</time>
      </trkpt>
      <trkpt lat="59.437918" lon="24.744813">
        <ele>25.7</ele>
        <time>2026-08-19T16:31:16Z</time>
      </trkpt>
      <trkpt lat="59.437918" lon="24.744813">
        <ele>25.7</ele>
        <time>2026-08-19T16:31:17Z</time>
      </trkpt>
      <trkpt lat="59.437918" lon="24.744813">
        <ele>25.7</ele>
        <time>2026-08-19T16:31:26Z</time>
      </trkpt>
      <trkpt lat="59.437918" lon="24.744813">
        <ele>25.7</ele>
        <time>2026-08-19T16:31:31Z</time>
      </trkpt>
      <trkpt lat="59.437918" lon="24.744813">
        <ele>25.7</ele>
        <time>2026-08-19T16:31:34Z</time>
      </trkpt>
      <trkpt lat="59.437918" lon="24.744813">
        <ele>25.7</ele>
        <time>2026-08-19T16:31:38Z</time>
      </trkpt>
      <trkpt lat="59.437918" lon="24.744813">
        <ele>25.7</ele>
        <time>2026-08-19T16:31:42Z</time>
      </trkpt>
      <trkpt lat="59.437918" lon="24.744813">
        <ele>25.7</ele>
        <time>2026-08-19T16:31:47Z</time>
      </trkpt>
      <trkpt lat="59.437918" lon="24.744813">
        <ele>25.7</ele>
        <time>2026-08-19T16:31:56Z</time>
      </trkpt>
      <trkpt lat="59.437918" lon="24.744813">
        <ele>25.7</ele>
        <time>2026-08-19T16:32:01Z</time>
      </trkpt>
      <trkpt lat="59.437918" lon="24.744813">
        <ele>25.7</ele>
        <time>2026-08-19T16:32:06Z</time>
      </trkpt>
      <trkpt lat="59.437918" lon="24.744813">
        <ele>25.7</ele>
        <time>2026-08-19T16:32:11Z</time>
      </trkpt>
      <trkpt lat="59.437918" lon="24.744813">
        <ele>25.7</ele>
        <time>2026-08-19T16:32:14Z</time>
      </trkpt>
      <trkpt lat="59.437918" lon="24.744813">
        <ele>25.7</ele>
        <time>2026-08-19T16:32:17Z</time>
      </trkpt>
      <trkpt lat="59.437918" lon="24.744813">
        <ele>25.7</ele>
        <time>2026-08-19T16:32:22Z</time>
      </trkpt>
      <trkpt lat="59.437918" lon="24.744813">
        <ele>25.7</ele>
        <time>2026-08-19T16:32:27Z</time>
      </trkpt>
      <trkpt lat="59.437918" lon="24.744813">
        <ele>25.7</ele>
        <time>2026-08-19T16:32:32Z</time>
      </trkpt>
      <trkpt lat="59.437918" lon="24.744813">
        <ele>25.7</ele>
        <time>2026-08-19T16:32:39Z</time>
      </trkpt>
      <trkpt lat="59.437918" lon="24.744813">
        <ele>25.7</ele>
        <time>2026-08-19T16:32:43Z</time>
      </trkpt>
      <trkpt lat="59.437918" lon="24.744813">
        <ele>25.7</ele>
        <time>2026-08-19T16:32:47Z</time>
      </trkpt>
      <trkpt lat="59.437918" lon="24.744813">
        <ele>25.7</ele>
        <time>2026-08-19T16:32:52Z</time>
      </trkpt>
      <trkpt lat="59.437918" lon="24.744813">
        <ele>25.7</ele>
        <time>2026-08-19T16:33:01Z</time>
      </trkpt>
      <trkpt lat="59.437918" lon="24.744813">
        <ele>25.7</ele>
        <time>2026-08-19T16:33:02Z</time>
      </trkpt>
      <trkpt lat="59.437918" lon="24.744813">
        <ele>25.7</ele>
        <time>2026-08-19T16:33:10Z</time>
      </trkpt>
      <trkpt lat="59.437918" lon="24.744813">
        <ele>25.7</ele>
        <time>2026-08-19T16:33:12Z</time>
      </trkpt>
      <trkpt lat="59.437918" lon="24.744813">
        <ele>25.7</ele>
        <time>2026-08-19T16:33:21Z</time>
      </trkpt>
      <trkpt lat="59.437918" lon="24.744813">
        <ele>25.7</ele>
        <time>2026-08-19T16:33:23Z</time>
      </trkpt>
      <trkpt lat="59.437918" lon="24.744813">
        <ele>25.7</ele>
        <time>2026-08-19T16:33:26Z</time>
      </trkpt>
      <trkpt lat="59.437918" lon="24.744813">
        <ele>25.7</ele>
        <time>2026-08-19T16:33:27Z</time>
      </trkpt>
      <trkpt lat="59.437918" lon="24.744813">
        <ele>25.7</ele>
        <time>2026-08-19T16:33:28Z</time>
      </trkpt>
      <trkpt lat="59.437918" lon="24.744813">
        <ele>25.7</ele>
        <time>2026-08-19T16:33:31Z</time>
      </trkpt>
      <trkpt lat="59.437918" lon="24.744813">
        <ele>25.7</ele>
        <time>2026-08-19T16:33:33Z</time>
      </trkpt>
      <trkpt lat="59.437918" lon="24.744813">
        <ele>25.7</ele>
        <time>2026-08-19T16:33:34Z</time>
      </trkpt>
      <trkpt lat="59.437918" lon="24.744813">
        <ele>25.7</ele>
        <time>2026-08-19T16:33:36Z</time>
      </trkpt>
      <trkpt lat="59.437918" lon="24.744813">
        <ele>25.7</ele>
        <time>2026-08-19T16:33:37Z</time>
      </trkpt>
      <trkpt lat="59.437918" lon="24.744813">
        <ele>25.7</ele>
        <time>2026-08-19T16:33:39Z</time>
      </trkpt>
      <trkpt lat="59.437918" lon="24.744813">
        <ele>25.7</ele>
        <time>2026-08-19T16:33:41Z</time>
      </trkpt>
      <trkpt lat="59.437918" lon="24.744813">
        <ele>25.7</ele>
        <time>2026-08-19T16:33:42Z</time>
      </trkpt>
      <trkpt lat="59.437918" lon="24.744813">
        <ele>25.7</ele>
        <time>2026-08-19T16:33:44Z</time>
      </trkpt>
      <trkpt lat="59.437918" lon="24.744813">
        <ele>25.7</ele>
        <time>2026-08-19T16:33:46Z</time>
      </trkpt>
      <trkpt lat="59.437918" lon="24.744813">
        <ele>25.7</ele>
        <time>2026-08-19T16:33:49Z</time>
      </trkpt>
      <trkpt lat="59.437918" lon="24.744813">
        <ele>25.7</ele>
        <time>2026-08-19T16:33:51Z</time>
      </trkpt>
      <trkpt lat="59.437918" lon="24.744813">
        <ele>25.7</ele>
        <time>2026-08-19T16:33:52Z</time>
      </trkpt>
      <trkpt lat="59.437904" lon="24.744804">
        <ele>25.7</ele>
        <time>2026-08-19T16:33:54Z</time>
      </trkpt>
      <trkpt lat="59.437904" lon="24.744804">
        <ele>25.7</ele>
        <time>2026-08-19T16:33:56Z</time>
      </trkpt>
      <trkpt lat="59.437949" lon="24.744722">
        <ele>25.8</ele>
        <time>2026-08-19T16:33:57Z</time>
      </trkpt>
      <trkpt lat="59.437896" lon="24.744779">
        <ele>25.8</ele>
        <time>2026-08-19T16:33:58Z</time>
      </trkpt>
      <trkpt lat="59.437878" lon="24.744778">
        <ele>25.8</ele>
        <time>2026-08-19T16:33:59Z</time>
      </trkpt>
      <trkpt lat="59.437876" lon="24.744778">
        <ele>25.8</ele>
        <time>2026-08-19T16:34:00Z</time>
      </trkpt>
      <trkpt lat="59.437866" lon="24.744778">
        <ele>25.8</ele>
        <time>2026-08-19T16:34:01Z</time>
      </trkpt>
      <trkpt lat="59.437856" lon="24.744778">
        <ele>25.9</ele>
        <time>2026-08-19T16:34:02Z</time>
      </trkpt>
      <trkpt lat="59.437846" lon="24.744778">
        <ele>25.9</ele>
        <time>2026-08-19T16:34:03Z</time>
      </trkpt>
      <trkpt lat="59.437836" lon="24.744777">
        <ele>25.9</ele>
        <time>2026-08-19T16:34:04Z</time>
      </trkpt>
      <trkpt lat="59.437826" lon="24.744777">
        <ele>25.9</ele>
        <time>2026-08-19T16:34:05Z</time>
      </trkpt>
      <trkpt lat="59.437834" lon="24.744748">
        <ele>25.9</ele>
        <time>2026-08-19T16:34:06Z</time>
      </trkpt>
      <trkpt lat="59.437836" lon="24.744729">
        <ele>25.9</ele>
        <time>2026-08-19T16:34:07Z</time>
      </trkpt>
      <trkpt lat="59.437825" lon="24.744725">
        <ele>25.9</ele>
        <time>2026-08-19T16:34:08Z</time>
      </trkpt>
      <trkpt lat="59.437861" lon="24.744686">
        <ele>26.0</ele>
        <time>2026-08-19T16:34:09Z</time>
      </trkpt>
      <trkpt lat="59.437869" lon="24.74467">
        <ele>26.0</ele>
        <time>2026-08-19T16:34:10Z</time>
      </trkpt>
      <trkpt lat="59.437871" lon="24.744667">
        <ele>26.0</ele>
        <time>2026-08-19T16:34:11Z</time>
      </trkpt>
      <trkpt lat="59.437872" lon="24.744666">
        <ele>26.0</ele>
        <time>2026-08-19T16:34:12Z</time>
      </trkpt>
      <trkpt lat="59.437873" lon="24.744668">
        <ele>26.0</ele>
        <time>2026-08-19T16:34:13Z</time>
      </trkpt>
      <trkpt lat="59.437857" lon="24.744662">
        <ele>26.0</ele>
        <time>2026-08-19T16:34:14Z</time>
      </trkpt>
      <trkpt lat="59.437861" lon="24.744648">
        <ele>26.0</ele>
        <time>2026-08-19T16:34:15Z</time>
      </trkpt>
      <trkpt lat="59.437863" lon="24.744626">
        <ele>26.0</ele>
        <time>2026-08-19T16:34:16Z</time>
      </trkpt>
      <trkpt lat="59.437865" lon="24.744606">
        <ele>26.0</ele>
        <time>2026-08-19T16:34:17Z</time>
      </trkpt>
      <trkpt lat="59.437859" lon="24.744582">
        <ele>26.0</ele>
        <time>2026-08-19T16:34:18Z</time>
      </trkpt>
      <trkpt lat="59.437863" lon="24.744553">
        <ele>26.0</ele>
        <time>2026-08-19T16:34:19Z</time>
      </trkpt>
      <trkpt lat="59.437858" lon="24.744533">
        <ele>26.0</ele>
        <time>2026-08-19T16:34:20Z</time>
      </trkpt>
      <trkpt lat="59.43788" lon="24.74449">
        <ele>26.1</ele>
        <time>2026-08-19T16:34:21Z</time>
      </trkpt>
      <trkpt lat="59.437904" lon="24.744426">
        <ele>26.1</ele>
        <time>2026-08-19T16:34:22Z</time>
      </trkpt>
      <trkpt lat="59.437916" lon="24.744414">
        <ele>26.1</ele>
        <time>2026-08-19T16:34:23Z</time>
      </trkpt>
      <trkpt lat="59.437924" lon="24.744389">
        <ele>26.1</ele>
        <time>2026-08-19T16:34:24Z</time>
      </trkpt>
      <trkpt lat="59.437923" lon="24.744354">
        <ele>26.1</ele>
        <time>2026-08-19T16:34:25Z</time>
      </trkpt>
      <trkpt lat="59.437915" lon="24.744346">
        <ele>26.1</ele>
        <time>2026-08-19T16:34:26Z</time>
      </trkpt>
      <trkpt lat="59.437906" lon="24.744328">
        <ele>26.1</ele>
        <time>2026-08-19T16:34:27Z</time>
      </trkpt>
      <trkpt lat="59.437903" lon="24.744305">
        <ele>26.2</ele>
        <time>2026-08-19T16:34:28Z</time>
      </trkpt>
      <trkpt lat="59.437904" lon="24.744288">
        <ele>26.2</ele>
        <time>2026-08-19T16:34:29Z</time>
      </trkpt>
      <trkpt lat="59.437901" lon="24.744265">
        <ele>26.2</ele>
        <time>2026-08-19T16:34:30Z</time>
      </trkpt>
      <trkpt lat="59.437907" lon="24.74424">
        <ele>26.2</ele>
        <time>2026-08-19T16:34:31Z</time>
      </trkpt>
      <trkpt lat="59.437907" lon="24.744216">
        <ele>26.3</ele>
        <time>2026-08-19T16:34:32Z</time>
      </trkpt>
      <trkpt lat="59.437913" lon="24.744195">
        <ele>26.3</ele>
        <time>2026-08-19T16:34:33Z</time>
      </trkpt>
      <trkpt lat="59.437915" lon="24.744181">
        <ele>26.3</ele>
        <time>2026-08-19T16:34:34Z</time>
      </trkpt>
      <trkpt lat="59.437913" lon="24.744148">
        <ele>26.3</ele>
        <time>2026-08-19T16:34:35Z</time>
      </trkpt>
      <trkpt lat="59.437909" lon="24.744111">
        <ele>26.4</ele>
        <time>2026-08-19T16:34:36Z</time>
      </trkpt>
      <trkpt lat="59.437897" lon="24.744084">
        <ele>26.4</ele>
        <time>2026-08-19T16:34:37Z</time>
      </trkpt>
      <trkpt lat="59.437895" lon="24.744063">
        <ele>26.4</ele>
        <time>2026-08-19T16:34:38Z</time>
      </trkpt>
      <trkpt lat="59.437891" lon="24.744066">
        <ele>26.4</ele>
        <time>2026-08-19T16:34:39Z</time>
      </trkpt>
      <trkpt lat="59.43789" lon="24.744054">
        <ele>26.5</ele>
        <time>2026-08-19T16:34:40Z</time>
      </trkpt>
      <trkpt lat="59.437895" lon="24.744053">
        <ele>26.5</ele>
        <time>2026-08-19T16:34:41Z</time>
      </trkpt>
      <trkpt lat="59.437877" lon="24.744066">
        <ele>26.5</ele>
        <time>2026-08-19T16:34:42Z</time>
      </trkpt>
      <trkpt lat="59.437849" lon="24.744092">
        <ele>26.6</ele>
        <time>2026-08-19T16:34:43Z</time>
      </trkpt>
      <trkpt lat="59.437821" lon="24.744104">
        <ele>26.6</ele>
        <time>2026-08-19T16:34:44Z</time>
      </trkpt>
      <trkpt lat="59.437828" lon="24.744093">
        <ele>27.4</ele>
        <time>2026-08-19T16:34:45Z</time>
      </trkpt>
      <trkpt lat="59.437828" lon="24.744093">
        <ele>27.4</ele>
        <time>2026-08-19T16:34:46Z</time>
      </trkpt>
      <trkpt lat="59.437828" lon="24.744093">
        <ele>27.4</ele>
        <time>2026-08-19T16:34:47Z</time>
      </trkpt>
      <trkpt lat="59.437835" lon="24.744082">
        <ele>28.2</ele>
        <time>2026-08-19T16:34:48Z</time>
      </trkpt>
      <trkpt lat="59.437835" lon="24.744082">
        <ele>28.2</ele>
        <time>2026-08-19T16:34:49Z</time>
      </trkpt>
      <trkpt lat="59.437843" lon="24.74407">
        <ele>29.0</ele>
        <time>2026-08-19T16:34:50Z</time>
      </trkpt>
      <trkpt lat="59.437843" lon="24.74407">
        <ele>29.0</ele>
        <time>2026-08-19T16:34:51Z</time>
      </trkpt>
      <trkpt lat="59.437843" lon="24.74407">
        <ele>29.0</ele>
        <time>2026-08-19T16:34:52Z</time>
      </trkpt>
      <trkpt lat="59.437849" lon="24.74406">
        <ele>29.7</ele>
        <time>2026-08-19T16:34:53Z</time>
      </trkpt>
      <trkpt lat="59.437849" lon="24.74406">
        <ele>29.7</ele>
        <time>2026-08-19T16:34:54Z</time>
      </trkpt>
      <trkpt lat="59.437851" lon="24.744057">
        <ele>30.0</ele>
        <time>2026-08-19T16:34:55Z</time>
      </trkpt>
      <trkpt lat="59.437851" lon="24.744057">
        <ele>30.0</ele>
        <time>2026-08-19T16:34:56Z</time>
      </trkpt>
      <trkpt lat="59.437851" lon="24.744057">
        <ele>30.0</ele>
        <time>2026-08-19T16:34:57Z</time>
      </trkpt>
      <trkpt lat="59.437851" lon="24.744057">
        <ele>30.0</ele>
        <time>2026-08-19T16:34:58Z</time>
      </trkpt>
      <trkpt lat="59.437851" lon="24.744057">
        <ele>30.0</ele>
        <time>2026-08-19T16:34:59Z</time>
      </trkpt>
      <trkpt lat="59.437851" lon="24.744057">
        <ele>30.0</ele>
        <time>2026-08-19T16:35:00Z</time>
      </trkpt>
      <trkpt lat="59.437851" lon="24.744057">
        <ele>30.0</ele>
        <time>2026-08-19T16:35:01Z</time>
      </trkpt>
      <trkpt lat="59.437851" lon="24.744057">
        <ele>30.0</ele>
        <time>2026-08-19T16:35:02Z</time>
      </trkpt>
      <trkpt lat="59.437851" lon="24.744057">
        <ele>30.0</ele>
        <time>2026-08-19T16:35:03Z</time>
      </trkpt>
      <trkpt lat="59.437851" lon="24.744057">
        <ele>30.0</ele>
        <time>2026-08-19T16:35:04Z</time>
      </trkpt>
      <trkpt lat="59.437851" lon="24.744057">
        <ele>30.0</ele>
        <time>2026-08-19T16:35:05Z</time>
      </trkpt>
      <trkpt lat="59.437851" lon="24.744057">
        <ele>30.0</ele>
        <time>2026-08-19T16:35:06Z</time>
      </trkpt>
      <trkpt lat="59.437851" lon="24.744057">
        <ele>30.0</ele>
        <time>2026-08-19T16:35:07Z</time>
      </trkpt>
      <trkpt lat="59.437851" lon="24.744057">
        <ele>30.0</ele>
        <time>2026-08-19T16:35:08Z</time>
      </trkpt>
      <trkpt lat="59.437851" lon="24.744057">
        <ele>30.0</ele>
        <time>2026-08-19T16:35:11Z</time>
      </trkpt>
      <trkpt lat="59.437854" lon="24.744053">
        <ele>30.3</ele>
        <time>2026-08-19T16:35:16Z</time>
      </trkpt>
      <trkpt lat="59.437863" lon="24.744039">
        <ele>30.6</ele>
        <time>2026-08-19T16:35:19Z</time>
      </trkpt>
      <trkpt lat="59.437863" lon="24.744039">
        <ele>30.6</ele>
        <time>2026-08-19T16:35:21Z</time>
      </trkpt>
      <trkpt lat="59.437863" lon="24.744039">
        <ele>30.6</ele>
        <time>2026-08-19T16:35:22Z</time>
      </trkpt>
      <trkpt lat="59.437863" lon="24.744039">
        <ele>30.6</ele>
        <time>2026-08-19T16:35:24Z</time>
      </trkpt>
      <trkpt lat="59.437863" lon="24.744039">
        <ele>30.6</ele>
        <time>2026-08-19T16:35:26Z</time>
      </trkpt>
      <trkpt lat="59.437863" lon="24.744039">
        <ele>30.6</ele>
        <time>2026-08-19T16:35:29Z</time>
      </trkpt>
      <trkpt lat="59.437863" lon="24.744039">
        <ele>30.6</ele>
        <time>2026-08-19T16:35:31Z</time>
      </trkpt>
      <trkpt lat="59.437863" lon="24.744039">
        <ele>30.6</ele>
        <time>2026-08-19T16:35:34Z</time>
      </trkpt>
      <trkpt lat="59.43787" lon="24.744028">
        <ele>30.6</ele>
        <time>2026-08-19T16:35:36Z</time>
      </trkpt>
      <trkpt lat="59.43787" lon="24.744028">
        <ele>30.6</ele>
        <time>2026-08-19T16:35:38Z</time>
      </trkpt>
      <trkpt lat="59.43787" lon="24.744028">
        <ele>30.6</ele>
        <time>2026-08-19T16:35:39Z</time>
      </trkpt>
      <trkpt lat="59.43787" lon="24.744028">
        <ele>30.6</ele>
        <time>2026-08-19T16:35:42Z</time>
      </trkpt>
      <trkpt lat="59.437877" lon="24.744017">
        <ele>30.6</ele>
        <time>2026-08-19T16:35:44Z</time>
      </trkpt>
      <trkpt lat="59.437884" lon="24.744006">
        <ele>30.7</ele>
        <time>2026-08-19T16:35:47Z</time>
      </trkpt>
      <trkpt lat="59.437891" lon="24.743996">
        <ele>30.7</ele>
        <time>2026-08-19T16:35:49Z</time>
      </trkpt>
      <trkpt lat="59.437898" lon="24.743985">
        <ele>30.7</ele>
        <time>2026-08-19T16:35:52Z</time>
      </trkpt>
      <trkpt lat="59.437901" lon="24.74398">
        <ele>30.7</ele>
        <time>2026-08-19T16:35:54Z</time>
      </trkpt>
      <trkpt lat="59.437906" lon="24.743972">
        <ele>30.7</ele>
        <time>2026-08-19T16:35:57Z</time>
      </trkpt>
      <trkpt lat="59.437908" lon="24.743969">
        <ele>30.8</ele>
        <time>2026-08-19T16:35:59Z</time>
      </trkpt>
      <trkpt lat="59.437917" lon="24.743955">
        <ele>30.8</ele>
        <time>2026-08-19T16:36:02Z</time>
      </trkpt>
      <trkpt lat="59.437922" lon="24.743947">
        <ele>30.8</ele>
        <time>2026-08-19T16:36:05Z</time>
      </trkpt>
      <trkpt lat="59.437926" lon="24.743942">
        <ele>30.8</ele>
        <time>2026-08-19T16:36:07Z</time>
      </trkpt>
      <trkpt lat="59.437931" lon="24.743934">
        <ele>30.8</ele>
        <time>2026-08-19T16:36:10Z</time>
      </trkpt>
      <trkpt lat="59.437931" lon="24.743934">
        <ele>30.8</ele>
        <time>2026-08-19T16:36:12Z</time>
      </trkpt>
      <trkpt lat="59.437931" lon="24.743934">
        <ele>30.8</ele>
        <time>2026-08-19T16:36:15Z</time>
      </trkpt>
      <trkpt lat="59.437938" lon="24.743924">
        <ele>30.9</ele>
        <time>2026-08-19T16:36:17Z</time>
      </trkpt>
      <trkpt lat="59.437938" lon="24.743924">
        <ele>30.9</ele>
        <time>2026-08-19T16:36:20Z</time>
      </trkpt>
      <trkpt lat="59.437938" lon="24.743924">
        <ele>30.9</ele>
        <time>2026-08-19T16:36:22Z</time>
      </trkpt>
      <trkpt lat="59.437948" lon="24.743908">
        <ele>30.9</ele>
        <time>2026-08-19T16:36:25Z</time>
      </trkpt>
      <trkpt lat="59.437948" lon="24.743908">
        <ele>30.9</ele>
        <time>2026-08-19T16:36:28Z</time>
      </trkpt>
      <trkpt lat="59.43795" lon="24.743904">
        <ele>30.9</ele>
        <time>2026-08-19T16:36:30Z</time>
      </trkpt>
      <trkpt lat="59.437957" lon="24.743893">
        <ele>30.9</ele>
        <time>2026-08-19T16:36:33Z</time>
      </trkpt>
      <trkpt lat="59.437957" lon="24.743893">
        <ele>30.9</ele>
        <time>2026-08-19T16:36:35Z</time>
      </trkpt>
      <trkpt lat="59.437961" lon="24.743887">
        <ele>31.0</ele>
        <time>2026-08-19T16:36:38Z</time>
      </trkpt>
      <trkpt lat="59.437961" lon="24.743887">
        <ele>31.0</ele>
        <time>2026-08-19T16:36:40Z</time>
      </trkpt>
      <trkpt lat="59.437965" lon="24.743882">
        <ele>31.0</ele>
        <time>2026-08-19T16:36:43Z</time>
      </trkpt>
      <trkpt lat="59.437965" lon="24.743882">
        <ele>31.0</ele>
        <time>2026-08-19T16:36:46Z</time>
      </trkpt>
      <trkpt lat="59.437976" lon="24.743865">
        <ele>31.0</ele>
        <time>2026-08-19T16:36:48Z</time>
      </trkpt>
      <trkpt lat="59.437987" lon="24.743848">
        <ele>31.1</ele>
        <time>2026-08-19T16:36:51Z</time>
      </trkpt>
      <trkpt lat="59.43799" lon="24.743842">
        <ele>31.1</ele>
        <time>2026-08-19T16:36:53Z</time>
      </trkpt>
      <trkpt lat="59.437992" lon="24.74384">
        <ele>31.1</ele>
        <time>2026-08-19T16:36:56Z</time>
      </trkpt>
      <trkpt lat="59.437995" lon="24.743834">
        <ele>31.1</ele>
        <time>2026-08-19T16:36:58Z</time>
      </trkpt>
      <trkpt lat="59.437998" lon="24.743829">
        <ele>31.1</ele>
        <time>2026-08-19T16:37:01Z</time>
      </trkpt>
      <trkpt lat="59.437998" lon="24.743829">
        <ele>31.1</ele>
        <time>2026-08-19T16:37:03Z</time>
      </trkpt>
      <trkpt lat="59.437998" lon="24.743829">
        <ele>31.1</ele>
        <time>2026-08-19T16:37:04Z</time>
      </trkpt>
      <trkpt lat="59.437998" lon="24.743829">
        <ele>31.1</ele>
        <time>2026-08-19T16:37:06Z</time>
      </trkpt>
      <trkpt lat="59.437998" lon="24.743829">
        <ele>31.1</ele>
        <time>2026-08-19T16:37:09Z</time>
      </trkpt>
      <trkpt lat="59.437998" lon="24.743829">
        <ele>31.1</ele>
        <time>2026-08-19T16:37:10Z</time>
      </trkpt>
      <trkpt lat="59.437998" lon="24.743829">
        <ele>31.1</ele>
        <time>2026-08-19T16:37:11Z</time>
      </trkpt>
      <trkpt lat="59.437998" lon="24.743829">
        <ele>31.1</ele>
        <time>2026-08-19T16:37:13Z</time>
      </trkpt>
      <trkpt lat="59.438007" lon="24.743817">
        <ele>31.1</ele>
        <time>2026-08-19T16:37:14Z</time>
      </trkpt>
      <trkpt lat="59.438007" lon="24.743817">
        <ele>31.1</ele>
        <time>2026-08-19T16:37:16Z</time>
      </trkpt>
      <trkpt lat="59.438007" lon="24.743817">
        <ele>31.1</ele>
        <time>2026-08-19T16:37:19Z</time>
      </trkpt>
      <trkpt lat="59.438007" lon="24.743817">
        <ele>31.1</ele>
        <time>2026-08-19T16:37:21Z</time>
      </trkpt>
      <trkpt lat="59.43802" lon="24.743796">
        <ele>31.2</ele>
        <time>2026-08-19T16:37:24Z</time>
      </trkpt>
      <trkpt lat="59.438028" lon="24.743783">
        <ele>31.2</ele>
        <time>2026-08-19T16:37:26Z</time>
      </trkpt>
      <trkpt lat="59.438033" lon="24.743775">
        <ele>31.2</ele>
        <time>2026-08-19T16:37:29Z</time>
      </trkpt>
      <trkpt lat="59.438033" lon="24.743775">
        <ele>31.2</ele>
        <time>2026-08-19T16:37:30Z</time>
      </trkpt>
      <trkpt lat="59.438035" lon="24.743773">
        <ele>31.2</ele>
        <time>2026-08-19T16:37:32Z</time>
      </trkpt>
      <trkpt lat="59.438044" lon="24.743759">
        <ele>31.3</ele>
        <time>2026-08-19T16:37:34Z</time>
      </trkpt>
      <trkpt lat="59.438049" lon="24.743751">
        <ele>31.3</ele>
        <time>2026-08-19T16:37:37Z</time>
      </trkpt>
      <trkpt lat="59.43805" lon="24.743749">
        <ele>31.3</ele>
        <time>2026-08-19T16:37:39Z</time>
      </trkpt>
      <trkpt lat="59.438057" lon="24.743739">
        <ele>31.3</ele>
        <time>2026-08-19T16:37:42Z</time>
      </trkpt>
      <trkpt lat="59.438059" lon="24.743736">
        <ele>31.3</ele>
        <time>2026-08-19T16:37:44Z</time>
      </trkpt>
      <trkpt lat="59.438062" lon="24.74373">
        <ele>31.3</ele>
        <time>2026-08-19T16:37:47Z</time>
      </trkpt>
      <trkpt lat="59.438062" lon="24.74373">
        <ele>31.3</ele>
        <time>2026-08-19T16:37:49Z</time>
      </trkpt>
      <trkpt lat="59.43807" lon="24.743719">
        <ele>31.4</ele>
        <time>2026-08-19T16:37:52Z</time>
      </trkpt>
      <trkpt lat="59.438078" lon="24.743706">
        <ele>31.4</ele>
        <time>2026-08-19T16:37:55Z</time>
      </trkpt>
      <trkpt lat="59.438083" lon="24.743698">
        <ele>31.4</ele>
        <time>2026-08-19T16:37:57Z</time>
      </trkpt>
      <trkpt lat="59.438083" lon="24.743698">
        <ele>31.4</ele>
        <time>2026-08-19T16:38:00Z</time>
      </trkpt>
      <trkpt lat="59.438083" lon="24.743698">
        <ele>31.4</ele>
        <time>2026-08-19T16:38:02Z</time>
      </trkpt>
      <trkpt lat="59.438083" lon="24.743698">
        <ele>31.4</ele>
        <time>2026-08-19T16:38:05Z</time>
      </trkpt>
      <trkpt lat="59.438083" lon="24.743698">
        <ele>31.4</ele>
        <time>2026-08-19T16:38:07Z</time>
      </trkpt>
      <trkpt lat="59.438087" lon="24.743692">
        <ele>31.4</ele>
        <time>2026-08-19T16:38:10Z</time>
      </trkpt>
      <trkpt lat="59.438087" lon="24.743692">
        <ele>31.4</ele>
        <time>2026-08-19T16:38:11Z</time>
      </trkpt>
      <trkpt lat="59.438099" lon="24.743675">
        <ele>31.5</ele>
        <time>2026-08-19T16:38:13Z</time>
      </trkpt>
      <trkpt lat="59.438099" lon="24.743674">
        <ele>31.5</ele>
        <time>2026-08-19T16:38:15Z</time>
      </trkpt>
      <trkpt lat="59.4381" lon="24.743672">
        <ele>31.5</ele>
        <time>2026-08-19T16:38:16Z</time>
      </trkpt>
      <trkpt lat="59.438103" lon="24.743668">
        <ele>31.5</ele>
        <time>2026-08-19T16:38:18Z</time>
      </trkpt>
      <trkpt lat="59.438106" lon="24.743664">
        <ele>31.5</ele>
        <time>2026-08-19T16:38:20Z</time>
      </trkpt>
      <trkpt lat="59.438107" lon="24.743661">
        <ele>31.5</ele>
        <time>2026-08-19T16:38:21Z</time>
      </trkpt>
      <trkpt lat="59.43811" lon="24.743657">
        <ele>31.5</ele>
        <time>2026-08-19T16:38:23Z</time>
      </trkpt>
      <trkpt lat="59.438112" lon="24.743653">
        <ele>31.5</ele>
        <time>2026-08-19T16:38:25Z</time>
      </trkpt>
      <trkpt lat="59.438114" lon="24.743651">
        <ele>31.5</ele>
        <time>2026-08-19T16:38:26Z</time>
      </trkpt>
      <trkpt lat="59.438116" lon="24.743647">
        <ele>31.5</ele>
        <time>2026-08-19T16:38:28Z</time>
      </trkpt>
      <trkpt lat="59.438119" lon="24.743643">
        <ele>31.5</ele>
        <time>2026-08-19T16:38:30Z</time>
      </trkpt>
      <trkpt lat="59.438123" lon="24.743637">
        <ele>31.5</ele>
        <time>2026-08-19T16:38:33Z</time>
      </trkpt>
      <trkpt lat="59.438125" lon="24.743633">
        <ele>31.5</ele>
        <time>2026-08-19T16:38:35Z</time>
      </trkpt>
      <trkpt lat="59.438127" lon="24.743631">
        <ele>31.5</ele>
        <time>2026-08-19T16:38:36Z</time>
      </trkpt>
      <trkpt lat="59.438129" lon="24.743627">
        <ele>31.5</ele>
        <time>2026-08-19T16:38:38Z</time>
      </trkpt>
      <trkpt lat="59.438133" lon="24.743621">
        <ele>31.5</ele>
        <time>2026-08-19T16:38:41Z</time>
      </trkpt>
      <trkpt lat="59.438136" lon="24.743617">
        <ele>31.5</ele>
        <time>2026-08-19T16:38:43Z</time>
      </trkpt>
      <trkpt lat="59.438139" lon="24.743613">
        <ele>31.5</ele>
        <time>2026-08-19T16:38:45Z</time>
      </trkpt>
      <trkpt lat="59.43814" lon="24.74361">
        <ele>31.5</ele>
        <time>2026-08-19T16:38:46Z</time>
      </trkpt>
      <trkpt lat="59.438143" lon="24.743606">
        <ele>31.5</ele>
        <time>2026-08-19T16:38:48Z</time>
      </trkpt>
      <trkpt lat="59.438147" lon="24.7436">
        <ele>31.5</ele>
        <time>2026-08-19T16:38:51Z</time>
      </trkpt>
      <trkpt lat="59.438149" lon="24.743596">
        <ele>31.5</ele>
        <time>2026-08-19T16:38:53Z</time>
      </trkpt>
      <trkpt lat="59.438153" lon="24.74359">
        <ele>31.5</ele>
        <time>2026-08-19T16:38:56Z</time>
      </trkpt>
      <trkpt lat="59.438154" lon="24.743588">
        <ele>31.5</ele>
        <time>2026-08-19T16:38:57Z</time>
      </trkpt>
      <trkpt lat="59.438166" lon="24.74357">
        <ele>31.5</ele>
        <time>2026-08-19T16:39:06Z</time>
      </trkpt>
      <trkpt lat="59.438168" lon="24.743568">
        <ele>31.5</ele>
        <time>2026-08-19T16:39:07Z</time>
      </trkpt>
      <trkpt lat="59.438174" lon="24.743557">
        <ele>31.5</ele>
        <time>2026-08-19T16:39:12Z</time>
      </trkpt>
      <trkpt lat="59.438186" lon="24.743539">
        <ele>31.5</ele>
        <time>2026-08-19T16:39:21Z</time>
      </trkpt>
      <trkpt lat="59.438187" lon="24.743537">
        <ele>31.5</ele>
        <time>2026-08-19T16:39:22Z</time>
      </trkpt>
      <trkpt lat="59.43819" lon="24.743533">
        <ele>31.5</ele>
        <time>2026-08-19T16:39:24Z</time>
      </trkpt>
      <trkpt lat="59.437936" lon="24.743838">
        <ele>30.7</ele>
        <time>2026-08-19T16:39:26Z</time>
      </trkpt>
      <trkpt lat="59.43789" lon="24.743896">
        <ele>30.6</ele>
        <time>2026-08-19T16:39:27Z</time>
      </trkpt>
      <trkpt lat="59.43787" lon="24.743998">
        <ele>28.7</ele>
        <time>2026-08-19T16:39:28Z</time>
      </trkpt>
      <trkpt lat="59.437888" lon="24.744026">
        <ele>28.0</ele>
        <time>2026-08-19T16:39:29Z</time>
      </trkpt>
      <trkpt lat="59.43785" lon="24.744069">
        <ele>26.6</ele>
        <time>2026-08-19T16:39:30Z</time>
      </trkpt>
      <trkpt lat="59.437853" lon="24.744034">
        <ele>26.6</ele>
        <time>2026-08-19T16:39:31Z</time>
      </trkpt>
      <trkpt lat="59.437853" lon="24.74403">
        <ele>26.6</ele>
        <time>2026-08-19T16:39:32Z</time>
      </trkpt>
      <trkpt lat="59.437853" lon="24.74403">
        <ele>26.6</ele>
        <time>2026-08-19T16:39:33Z</time>
      </trkpt>
      <trkpt lat="59.437861" lon="24.74393">
        <ele>26.7</ele>
        <time>2026-08-19T16:39:34Z</time>
      </trkpt>
      <trkpt lat="59.437828" lon="24.743891">
        <ele>26.8</ele>
        <time>2026-08-19T16:39:35Z</time>
      </trkpt>
      <trkpt lat="59.437815" lon="24.743893">
        <ele>26.8</ele>
        <time>2026-08-19T16:39:36Z</time>
      </trkpt>
      <trkpt lat="59.437779" lon="24.743921">
        <ele>26.9</ele>
        <time>2026-08-19T16:39:37Z</time>
      </trkpt>
      <trkpt lat="59.437736" lon="24.743933">
        <ele>27.0</ele>
        <time>2026-08-19T16:39:38Z</time>
      </trkpt>
      <trkpt lat="59.437736" lon="24.743933">
        <ele>27.0</ele>
        <time>2026-08-19T16:39:39Z</time>
      </trkpt>
      <trkpt lat="59.437744" lon="24.743747">
        <ele>27.1</ele>
        <time>2026-08-19T16:39:40Z</time>
      </trkpt>
      <trkpt lat="59.437715" lon="24.743741">
        <ele>27.2</ele>
        <time>2026-08-19T16:39:41Z</time>
      </trkpt>
      <trkpt lat="59.43769" lon="24.743759">
        <ele>27.2</ele>
        <time>2026-08-19T16:39:42Z</time>
      </trkpt>
      <trkpt lat="59.437718" lon="24.74362">
        <ele>27.4</ele>
        <time>2026-08-19T16:39:43Z</time>
      </trkpt>
      <trkpt lat="59.437718" lon="24.74362">
        <ele>27.4</ele>
        <time>2026-08-19T16:39:44Z</time>
      </trkpt>
      <trkpt lat="59.437718" lon="24.74362">
        <ele>27.5</ele>
        <time>2026-08-19T16:39:45Z</time>
      </trkpt>
      <trkpt lat="59.437718" lon="24.74362">
        <ele>27.5</ele>
        <time>2026-08-19T16:39:46Z</time>
      </trkpt>
      <trkpt lat="59.437718" lon="24.74362">
        <ele>27.5</ele>
        <time>2026-08-19T16:39:47Z</time>
      </trkpt>
      <trkpt lat="59.437718" lon="24.74362">
        <ele>27.5</ele>
        <time>2026-08-19T16:39:48Z</time>
      </trkpt>
      <trkpt lat="59.437718" lon="24.74362">
        <ele>27.6</ele>
        <time>2026-08-19T16:39:50Z</time>
      </trkpt>
      <trkpt lat="59.437718" lon="24.74362">
        <ele>27.6</ele>
        <time>2026-08-19T16:39:52Z</time>
      </trkpt>
      <trkpt lat="59.437718" lon="24.74362">
        <ele>27.6</ele>
        <time>2026-08-19T16:39:55Z</time>
      </trkpt>
      <trkpt lat="59.437718" lon="24.74362">
        <ele>27.6</ele>
        <time>2026-08-19T16:39:57Z</time>
      </trkpt>
      <trkpt lat="59.437718" lon="24.74362">
        <ele>27.7</ele>
        <time>2026-08-19T16:39:58Z</time>
      </trkpt>
      <trkpt lat="59.438032" lon="24.743289">
        <ele>27.7</ele>
        <time>2026-08-19T16:39:59Z</time>
      </trkpt>
      <trkpt lat="59.43806" lon="24.743231">
        <ele>27.8</ele>
        <time>2026-08-19T16:40:00Z</time>
      </trkpt>
      <trkpt lat="59.438085" lon="24.743108">
        <ele>28.4</ele>
        <time>2026-08-19T16:40:01Z</time>
      </trkpt>
      <trkpt lat="59.438205" lon="24.742976">
        <ele>27.5</ele>
        <time>2026-08-19T16:40:02Z</time>
      </trkpt>
      <trkpt lat="59.438228" lon="24.743011">
        <ele>27.2</ele>
        <time>2026-08-19T16:40:03Z</time>
      </trkpt>
      <trkpt lat="59.438198" lon="24.743073">
        <ele>27.4</ele>
        <time>2026-08-19T16:40:04Z</time>
      </trkpt>
      <trkpt lat="59.43818" lon="24.74308">
        <ele>27.7</ele>
        <time>2026-08-19T16:40:05Z</time>
      </trkpt>
      <trkpt lat="59.438233" lon="24.743023">
        <ele>27.1</ele>
        <time>2026-08-19T16:40:06Z</time>
      </trkpt>
      <trkpt lat="59.43816" lon="24.743075">
        <ele>27.7</ele>
        <time>2026-08-19T16:40:07Z</time>
      </trkpt>
      <trkpt lat="59.438091" lon="24.743133">
        <ele>28.6</ele>
        <time>2026-08-19T16:40:08Z</time>
      </trkpt>
      <trkpt lat="59.437971" lon="24.743218">
        <ele>29.3</ele>
        <time>2026-08-19T16:40:09Z</time>
      </trkpt>
      <trkpt lat="59.437956" lon="24.743261">
        <ele>29.2</ele>
        <time>2026-08-19T16:40:10Z</time>
      </trkpt>
      <trkpt lat="59.437956" lon="24.743261">
        <ele>29.2</ele>
        <time>2026-08-19T16:40:11Z</time>
      </trkpt>
      <trkpt lat="59.437956" lon="24.743261">
        <ele>29.2</ele>
        <time>2026-08-19T16:40:12Z</time>
      </trkpt>
      <trkpt lat="59.437942" lon="24.743299">
        <ele>28.9</ele>
        <time>2026-08-19T16:40:13Z</time>
      </trkpt>
      <trkpt lat="59.437938" lon="24.743311">
        <ele>29.2</ele>
        <time>2026-08-19T16:40:14Z</time>
      </trkpt>
      <trkpt lat="59.437925" lon="24.743346">
        <ele>28.9</ele>
        <time>2026-08-19T16:40:17Z</time>
      </trkpt>
      <trkpt lat="59.437921" lon="24.743357">
        <ele>28.6</ele>
        <time>2026-08-19T16:40:18Z</time>
      </trkpt>
      <trkpt lat="59.437901" lon="24.743414">
        <ele>28.5</ele>
        <time>2026-08-19T16:40:20Z</time>
      </trkpt>
      <trkpt lat="59.437894" lon="24.743432">
        <ele>28.7</ele>
        <time>2026-08-19T16:40:23Z</time>
      </trkpt>
      <trkpt lat="59.437894" lon="24.743432">
        <ele>28.7</ele>
        <time>2026-08-19T16:40:24Z</time>
      </trkpt>
      <trkpt lat="59.43788" lon="24.743473">
        <ele>28.4</ele>
        <time>2026-08-19T16:40:26Z</time>
      </trkpt>
      <trkpt lat="59.43788" lon="24.743473">
        <ele>28.4</ele>
        <time>2026-08-19T16:40:27Z</time>
      </trkpt>
      <trkpt lat="59.43788" lon="24.743473">
        <ele>28.5</ele>
        <time>2026-08-19T16:40:28Z</time>
      </trkpt>
      <trkpt lat="59.437862" lon="24.743522">
        <ele>28.3</ele>
        <time>2026-08-19T16:40:31Z</time>
      </trkpt>
      <trkpt lat="59.437846" lon="24.743569">
        <ele>28.2</ele>
        <time>2026-08-19T16:40:33Z</time>
      </trkpt>
      <trkpt lat="59.437846" lon="24.743569">
        <ele>28.2</ele>
        <time>2026-08-19T16:40:36Z</time>
      </trkpt>
      <trkpt lat="59.437825" lon="24.743626">
        <ele>27.8</ele>
        <time>2026-08-19T16:40:38Z</time>
      </trkpt>
      <trkpt lat="59.43782" lon="24.743639">
        <ele>27.8</ele>
        <time>2026-08-19T16:40:41Z</time>
      </trkpt>
      <trkpt lat="59.437811" lon="24.743665">
        <ele>27.6</ele>
        <time>2026-08-19T16:40:43Z</time>
      </trkpt>
      <trkpt lat="59.437806" lon="24.743678">
        <ele>27.7</ele>
        <time>2026-08-19T16:40:44Z</time>
      </trkpt>
      <trkpt lat="59.437797" lon="24.743705">
        <ele>27.5</ele>
        <time>2026-08-19T16:40:46Z</time>
      </trkpt>
      <trkpt lat="59.437783" lon="24.743744">
        <ele>27.4</ele>
        <time>2026-08-19T16:40:49Z</time>
      </trkpt>
      <trkpt lat="59.437778" lon="24.743757">
        <ele>27.5</ele>
        <time>2026-08-19T16:40:50Z</time>
      </trkpt>
      <trkpt lat="59.437773" lon="24.743771">
        <ele>27.5</ele>
        <time>2026-08-19T16:40:51Z</time>
      </trkpt>
      <trkpt lat="59.437769" lon="24.743784">
        <ele>27.5</ele>
        <time>2026-08-19T16:40:52Z</time>
      </trkpt>
      <trkpt lat="59.437759" lon="24.74381">
        <ele>27.4</ele>
        <time>2026-08-19T16:40:54Z</time>
      </trkpt>
      <trkpt lat="59.43775" lon="24.743836">
        <ele>27.2</ele>
        <time>2026-08-19T16:40:56Z</time>
      </trkpt>
      <trkpt lat="59.437736" lon="24.743876">
        <ele>27.1</ele>
        <time>2026-08-19T16:40:59Z</time>
      </trkpt>
      <trkpt lat="59.437731" lon="24.743889">
        <ele>27.2</ele>
        <time>2026-08-19T16:41:00Z</time>
      </trkpt>
      <trkpt lat="59.437766" lon="24.743861">
        <ele>27.2</ele>
        <time>2026-08-19T16:41:01Z</time>
      </trkpt>
      <trkpt lat="59.437869" lon="24.743777">
        <ele>27.2</ele>
        <time>2026-08-19T16:41:04Z</time>
      </trkpt>
      <trkpt lat="59.437904" lon="24.743749">
        <ele>27.0</ele>
        <time>2026-08-19T16:41:05Z</time>
      </trkpt>
      <trkpt lat="59.437908" lon="24.743778">
        <ele>27.0</ele>
        <time>2026-08-19T16:41:06Z</time>
      </trkpt>
      <trkpt lat="59.437881" lon="24.743771">
        <ele>26.9</ele>
        <time>2026-08-19T16:41:07Z</time>
      </trkpt>
      <trkpt lat="59.437852" lon="24.743806">
        <ele>26.9</ele>
        <time>2026-08-19T16:41:08Z</time>
      </trkpt>
      <trkpt lat="59.437836" lon="24.743837">
        <ele>26.9</ele>
        <time>2026-08-19T16:41:09Z</time>
      </trkpt>
      <trkpt lat="59.437846" lon="24.743827">
        <ele>26.9</ele>
        <time>2026-08-19T16:41:10Z</time>
      </trkpt>
      <trkpt lat="59.437849" lon="24.743834">
        <ele>26.9</ele>
        <time>2026-08-19T16:41:11Z</time>
      </trkpt>
      <trkpt lat="59.437855" lon="24.743839">
        <ele>26.9</ele>
        <time>2026-08-19T16:41:12Z</time>
      </trkpt>
      <trkpt lat="59.437851" lon="24.743851">
        <ele>26.9</ele>
        <time>2026-08-19T16:41:13Z</time>
      </trkpt>
      <trkpt lat="59.437846" lon="24.743865">
        <ele>26.9</ele>
        <time>2026-08-19T16:41:14Z</time>
      </trkpt>
      <trkpt lat="59.437851" lon="24.743894">
        <ele>26.8</ele>
        <time>2026-08-19T16:41:15Z</time>
      </trkpt>
      <trkpt lat="59.437858" lon="24.743922">
        <ele>26.8</ele>
        <time>2026-08-19T16:41:16Z</time>
      </trkpt>
      <trkpt lat="59.437876" lon="24.74399">
        <ele>26.8</ele>
        <time>2026-08-19T16:41:17Z</time>
      </trkpt>
      <trkpt lat="59.437874" lon="24.744">
        <ele>26.8</ele>
        <time>2026-08-19T16:41:18Z</time>
      </trkpt>
      <trkpt lat="59.437874" lon="24.744006">
        <ele>26.8</ele>
        <time>2026-08-19T16:41:19Z</time>
      </trkpt>
      <trkpt lat="59.437867" lon="24.744002">
        <ele>26.8</ele>
        <time>2026-08-19T16:41:20Z</time>
      </trkpt>
      <trkpt lat="59.437856" lon="24.744006">
        <ele>26.8</ele>
        <time>2026-08-19T16:41:21Z</time>
      </trkpt>
      <trkpt lat="59.437851" lon="24.744004">
        <ele>26.8</ele>
        <time>2026-08-19T16:41:22Z</time>
      </trkpt>
      <trkpt lat="59.437848" lon="24.744017">
        <ele>26.7</ele>
        <time>2026-08-19T16:41:23Z</time>
      </trkpt>
      <trkpt lat="59.437846" lon="24.744016">
        <ele>26.7</ele>
        <time>2026-08-19T16:41:24Z</time>
      </trkpt>
      <trkpt lat="59.437838" lon="24.743972">
        <ele>26.7</ele>
        <time>2026-08-19T16:41:25Z</time>
      </trkpt>
      <trkpt lat="59.437838" lon="24.743968">
        <ele>26.7</ele>
        <time>2026-08-19T16:41:26Z</time>
      </trkpt>
      <trkpt lat="59.437865" lon="24.743954">
        <ele>26.7</ele>
        <time>2026-08-19T16:41:27Z</time>
      </trkpt>
      <trkpt lat="59.437861" lon="24.743949">
        <ele>26.7</ele>
        <time>2026-08-19T16:41:28Z</time>
      </trkpt>
      <trkpt lat="59.437864" lon="24.74396">
        <ele>26.7</ele>
        <time>2026-08-19T16:41:29Z</time>
      </trkpt>
      <trkpt lat="59.437868" lon="24.743972">
        <ele>26.7</ele>
        <time>2026-08-19T16:41:30Z</time>
      </trkpt>
      <trkpt lat="59.437873" lon="24.743964">
        <ele>26.7</ele>
        <time>2026-08-19T16:41:31Z</time>
      </trkpt>
      <trkpt lat="59.437887" lon="24.743969">
        <ele>26.7</ele>
        <time>2026-08-19T16:41:32Z</time>
      </trkpt>
      <trkpt lat="59.437888" lon="24.743984">
        <ele>26.7</ele>
        <time>2026-08-19T16:41:33Z</time>
      </trkpt>
      <trkpt lat="59.43789" lon="24.74398">
        <ele>26.6</ele>
        <time>2026-08-19T16:41:34Z</time>
      </trkpt>
      <trkpt lat="59.437898" lon="24.743979">
        <ele>26.6</ele>
        <time>2026-08-19T16:41:35Z</time>
      </trkpt>
      <trkpt lat="59.437886" lon="24.743999">
        <ele>26.6</ele>
        <time>2026-08-19T16:41:36Z</time>
      </trkpt>
      <trkpt lat="59.437874" lon="24.744011">
        <ele>26.6</ele>
        <time>2026-08-19T16:41:37Z</time>
      </trkpt>
      <trkpt lat="59.437885" lon="24.744">
        <ele>26.6</ele>
        <time>2026-08-19T16:41:38Z</time>
      </trkpt>
      <trkpt lat="59.437876" lon="24.744017">
        <ele>26.6</ele>
        <time>2026-08-19T16:41:39Z</time>
      </trkpt>
      <trkpt lat="59.437878" lon="24.744012">
        <ele>26.6</ele>
        <time>2026-08-19T16:41:40Z</time>
      </trkpt>
      <trkpt lat="59.437881" lon="24.744008">
        <ele>26.6</ele>
        <time>2026-08-19T16:41:41Z</time>
      </trkpt>
      <trkpt lat="59.437881" lon="24.74401">
        <ele>26.6</ele>
        <time>2026-08-19T16:41:42Z</time>
      </trkpt>
      <trkpt lat="59.437893" lon="24.744005">
        <ele>26.6</ele>
        <time>2026-08-19T16:41:43Z</time>
      </trkpt>
      <trkpt lat="59.437882" lon="24.744004">
        <ele>26.5</ele>
        <time>2026-08-19T16:41:44Z</time>
      </trkpt>
      <trkpt lat="59.437871" lon="24.744042">
        <ele>26.5</ele>
        <time>2026-08-19T16:41:45Z</time>
      </trkpt>
      <trkpt lat="59.437866" lon="24.744088">
        <ele>26.5</ele>
        <time>2026-08-19T16:41:46Z</time>
      </trkpt>
      <trkpt lat="59.437871" lon="24.744101">
        <ele>26.5</ele>
        <time>2026-08-19T16:41:47Z</time>
      </trkpt>
      <trkpt lat="59.437865" lon="24.744121">
        <ele>26.4</ele>
        <time>2026-08-19T16:41:48Z</time>
      </trkpt>
      <trkpt lat="59.437857" lon="24.744155">
        <ele>26.4</ele>
        <time>2026-08-19T16:41:49Z</time>
      </trkpt>
      <trkpt lat="59.437881" lon="24.744193">
        <ele>26.3</ele>
        <time>2026-08-19T16:41:50Z</time>
      </trkpt>
      <trkpt lat="59.437891" lon="24.744202">
        <ele>26.3</ele>
        <time>2026-08-19T16:41:51Z</time>
      </trkpt>
      <trkpt lat="59.4379" lon="24.744221">
        <ele>26.3</ele>
        <time>2026-08-19T16:41:52Z</time>
      </trkpt>
      <trkpt lat="59.43791" lon="24.744237">
        <ele>26.3</ele>
        <time>2026-08-19T16:41:53Z</time>
      </trkpt>
      <trkpt lat="59.437928" lon="24.744266">
        <ele>26.2</ele>
        <time>2026-08-19T16:41:54Z</time>
      </trkpt>
      <trkpt lat="59.437919" lon="24.744295">
        <ele>26.2</ele>
        <time>2026-08-19T16:41:55Z</time>
      </trkpt>
      <trkpt lat="59.437912" lon="24.744319">
        <ele>26.2</ele>
        <time>2026-08-19T16:41:56Z</time>
      </trkpt>
      <trkpt lat="59.437905" lon="24.744346">
        <ele>26.2</ele>
        <time>2026-08-19T16:41:57Z</time>
      </trkpt>
      <trkpt lat="59.437896" lon="24.744366">
        <ele>26.1</ele>
        <time>2026-08-19T16:41:58Z</time>
      </trkpt>
      <trkpt lat="59.437875" lon="24.744387">
        <ele>26.1</ele>
        <time>2026-08-19T16:41:59Z</time>
      </trkpt>
      <trkpt lat="59.437868" lon="24.744389">
        <ele>26.1</ele>
        <time>2026-08-19T16:42:00Z</time>
      </trkpt>
      <trkpt lat="59.437846" lon="24.744415">
        <ele>26.1</ele>
        <time>2026-08-19T16:42:01Z</time>
      </trkpt>
      <trkpt lat="59.437829" lon="24.744433">
        <ele>26.0</ele>
        <time>2026-08-19T16:42:02Z</time>
      </trkpt>
      <trkpt lat="59.437813" lon="24.744456">
        <ele>26.0</ele>
        <time>2026-08-19T16:42:03Z</time>
      </trkpt>
      <trkpt lat="59.437789" lon="24.744475">
        <ele>26.0</ele>
        <time>2026-08-19T16:42:04Z</time>
      </trkpt>
      <trkpt lat="59.437776" lon="24.744486">
        <ele>25.9</ele>
        <time>2026-08-19T16:42:05Z</time>
      </trkpt>
      <trkpt lat="59.43776" lon="24.744507">
        <ele>25.9</ele>
        <time>2026-08-19T16:42:06Z</time>
      </trkpt>
      <trkpt lat="59.437742" lon="24.744515">
        <ele>25.9</ele>
        <time>2026-08-19T16:42:07Z</time>
      </trkpt>
      <trkpt lat="59.437726" lon="24.744516">
        <ele>25.8</ele>
        <time>2026-08-19T16:42:08Z</time>
      </trkpt>
      <trkpt lat="59.437717" lon="24.744537">
        <ele>25.8</ele>
        <time>2026-08-19T16:42:09Z</time>
      </trkpt>
      <trkpt lat="59.437708" lon="24.744548">
        <ele>25.8</ele>
        <time>2026-08-19T16:42:10Z</time>
      </trkpt>
      <trkpt lat="59.437694" lon="24.744525">
        <ele>25.7</ele>
        <time>2026-08-19T16:42:11Z</time>
      </trkpt>
      <trkpt lat="59.437684" lon="24.74451">
        <ele>25.7</ele>
        <time>2026-08-19T16:42:12Z</time>
      </trkpt>
      <trkpt lat="59.437671" lon="24.744504">
        <ele>25.7</ele>
        <time>2026-08-19T16:42:13Z</time>
      </trkpt>
      <trkpt lat="59.437653" lon="24.744484">
        <ele>25.7</ele>
        <time>2026-08-19T16:42:14Z</time>
      </trkpt>
      <trkpt lat="59.437635" lon="24.744491">
        <ele>25.6</ele>
        <time>2026-08-19T16:42:15Z</time>
      </trkpt>
      <trkpt lat="59.437613" lon="24.744503">
        <ele>25.6</ele>
        <time>2026-08-19T16:42:16Z</time>
      </trkpt>
      <trkpt lat="59.437608" lon="24.74451">
        <ele>25.6</ele>
        <time>2026-08-19T16:42:17Z</time>
      </trkpt>
      <trkpt lat="59.437606" lon="24.744501">
        <ele>25.5</ele>
        <time>2026-08-19T16:42:18Z</time>
      </trkpt>
      <trkpt lat="59.437607" lon="24.744512">
        <ele>25.5</ele>
        <time>2026-08-19T16:42:19Z</time>
      </trkpt>
      <trkpt lat="59.437592" lon="24.744526">
        <ele>25.5</ele>
        <time>2026-08-19T16:42:20Z</time>
      </trkpt>
      <trkpt lat="59.437595" lon="24.744552">
        <ele>25.5</ele>
        <time>2026-08-19T16:42:21Z</time>
      </trkpt>
      <trkpt lat="59.437601" lon="24.744549">
        <ele>25.5</ele>
        <time>2026-08-19T16:42:22Z</time>
      </trkpt>
      <trkpt lat="59.437594" lon="24.74456">
        <ele>25.5</ele>
        <time>2026-08-19T16:42:23Z</time>
      </trkpt>
      <trkpt lat="59.437591" lon="24.744578">
        <ele>25.4</ele>
        <time>2026-08-19T16:42:24Z</time>
      </trkpt>
      <trkpt lat="59.437591" lon="24.744598">
        <ele>25.4</ele>
        <time>2026-08-19T16:42:25Z</time>
      </trkpt>
      <trkpt lat="59.437568" lon="24.744609">
        <ele>25.4</ele>
        <time>2026-08-19T16:42:26Z</time>
      </trkpt>
      <trkpt lat="59.437562" lon="24.744585">
        <ele>25.4</ele>
        <time>2026-08-19T16:42:27Z</time>
      </trkpt>
      <trkpt lat="59.437543" lon="24.744574">
        <ele>25.4</ele>
        <time>2026-08-19T16:42:28Z</time>
      </trkpt>
      <trkpt lat="59.437545" lon="24.744566">
        <ele>25.4</ele>
        <time>2026-08-19T16:42:29Z</time>
      </trkpt>
      <trkpt lat="59.437545" lon="24.744566">
        <ele>25.4</ele>
        <time>2026-08-19T16:42:30Z</time>
      </trkpt>
      <trkpt lat="59.437545" lon="24.74455">
        <ele>25.4</ele>
        <time>2026-08-19T16:42:31Z</time>
      </trkpt>
      <trkpt lat="59.437545" lon="24.744541">
        <ele>25.4</ele>
        <time>2026-08-19T16:42:32Z</time>
      </trkpt>
      <trkpt lat="59.437543" lon="24.744543">
        <ele>25.4</ele>
        <time>2026-08-19T16:42:33Z</time>
      </trkpt>
      <trkpt lat="59.437538" lon="24.74455">
        <ele>25.4</ele>
        <time>2026-08-19T16:42:34Z</time>
      </trkpt>
      <trkpt lat="59.437532" lon="24.74456">
        <ele>25.3</ele>
        <time>2026-08-19T16:42:35Z</time>
      </trkpt>
      <trkpt lat="59.437536" lon="24.744576">
        <ele>25.3</ele>
        <time>2026-08-19T16:42:36Z</time>
      </trkpt>
      <trkpt lat="59.437545" lon="24.744572">
        <ele>25.3</ele>
        <time>2026-08-19T16:42:37Z</time>
      </trkpt>
      <trkpt lat="59.437548" lon="24.74461">
        <ele>25.3</ele>
        <time>2026-08-19T16:42:38Z</time>
      </trkpt>
      <trkpt lat="59.437566" lon="24.744638">
        <ele>25.3</ele>
        <time>2026-08-19T16:42:39Z</time>
      </trkpt>
      <trkpt lat="59.437568" lon="24.744646">
        <ele>25.3</ele>
        <time>2026-08-19T16:42:40Z</time>
      </trkpt>
      <trkpt lat="59.437557" lon="24.74468">
        <ele>25.3</ele>
        <time>2026-08-19T16:42:41Z</time>
      </trkpt>
      <trkpt lat="59.437546" lon="24.744706">
        <ele>25.2</ele>
        <time>2026-08-19T16:42:42Z</time>
      </trkpt>
      <trkpt lat="59.437512" lon="24.744722">
        <ele>25.2</ele>
        <time>2026-08-19T16:42:43Z</time>
      </trkpt>
      <trkpt lat="59.437491" lon="24.744736">
        <ele>25.2</ele>
        <time>2026-08-19T16:42:44Z</time>
      </trkpt>
      <trkpt lat="59.43748" lon="24.744739">
        <ele>25.2</ele>
        <time>2026-08-19T16:42:45Z</time>
      </trkpt>
      <trkpt lat="59.437471" lon="24.744746">
        <ele>25.2</ele>
        <time>2026-08-19T16:42:46Z</time>
      </trkpt>
      <trkpt lat="59.437455" lon="24.744752">
        <ele>25.2</ele>
        <time>2026-08-19T16:42:47Z</time>
      </trkpt>
      <trkpt lat="59.437434" lon="24.744769">
        <ele>25.2</ele>
        <time>2026-08-19T16:42:48Z</time>
      </trkpt>
      <trkpt lat="59.437425" lon="24.744782">
        <ele>25.1</ele>
        <time>2026-08-19T16:42:49Z</time>
      </trkpt>
      <trkpt lat="59.437417" lon="24.744767">
        <ele>25.1</ele>
        <time>2026-08-19T16:42:50Z</time>
      </trkpt>
      <trkpt lat="59.437404" lon="24.74477">
        <ele>25.1</ele>
        <time>2026-08-19T16:42:51Z</time>
      </trkpt>
      <trkpt lat="59.437394" lon="24.74477">
        <ele>25.1</ele>
        <time>2026-08-19T16:42:52Z</time>
      </trkpt>
      <trkpt lat="59.437379" lon="24.74478">
        <ele>25.1</ele>
        <time>2026-08-19T16:42:53Z</time>
      </trkpt>
      <trkpt lat="59.437365" lon="24.744789">
        <ele>25.1</ele>
        <time>2026-08-19T16:42:54Z</time>
      </trkpt>
      <trkpt lat="59.437354" lon="24.7448">
        <ele>25.0</ele>
        <time>2026-08-19T16:42:55Z</time>
      </trkpt>
      <trkpt lat="59.437344" lon="24.744816">
        <ele>25.0</ele>
        <time>2026-08-19T16:42:56Z</time>
      </trkpt>
      <trkpt lat="59.437339" lon="24.744822">
        <ele>25.0</ele>
        <time>2026-08-19T16:42:57Z</time>
      </trkpt>
      <trkpt lat="59.437331" lon="24.744838">
        <ele>24.9</ele>
        <time>2026-08-19T16:42:58Z</time>
      </trkpt>
      <trkpt lat="59.437318" lon="24.74485">
        <ele>24.9</ele>
        <time>2026-08-19T16:42:59Z</time>
      </trkpt>
      <trkpt lat="59.437307" lon="24.744865">
        <ele>24.8</ele>
        <time>2026-08-19T16:43:00Z</time>
      </trkpt>
      <trkpt lat="59.437295" lon="24.74487">
        <ele>24.7</ele>
        <time>2026-08-19T16:43:01Z</time>
      </trkpt>
      <trkpt lat="59.437292" lon="24.744872">
        <ele>24.7</ele>
        <time>2026-08-19T16:43:02Z</time>
      </trkpt>
      <trkpt lat="59.437296" lon="24.744853">
        <ele>24.7</ele>
        <time>2026-08-19T16:43:03Z</time>
      </trkpt>
      <trkpt lat="59.437292" lon="24.744857">
        <ele>24.7</ele>
        <time>2026-08-19T16:43:04Z</time>
      </trkpt>
      <trkpt lat="59.437278" lon="24.744885">
        <ele>24.6</ele>
        <time>2026-08-19T16:43:05Z</time>
      </trkpt>
      <trkpt lat="59.437264" lon="24.744903">
        <ele>24.5</ele>
        <time>2026-08-19T16:43:06Z</time>
      </trkpt>
      <trkpt lat="59.437254" lon="24.744912">
        <ele>24.5</ele>
        <time>2026-08-19T16:43:07Z</time>
      </trkpt>
      <trkpt lat="59.43725" lon="24.74493">
        <ele>24.4</ele>
        <time>2026-08-19T16:43:08Z</time>
      </trkpt>
      <trkpt lat="59.43724" lon="24.74495">
        <ele>24.4</ele>
        <time>2026-08-19T16:43:09Z</time>
      </trkpt>
      <trkpt lat="59.437228" lon="24.74497">
        <ele>24.4</ele>
        <time>2026-08-19T16:43:10Z</time>
      </trkpt>
      <trkpt lat="59.43722" lon="24.74498">
        <ele>24.4</ele>
        <time>2026-08-19T16:43:11Z</time>
      </trkpt>
      <trkpt lat="59.437213" lon="24.744988">
        <ele>24.4</ele>
        <time>2026-08-19T16:43:12Z</time>
      </trkpt>
      <trkpt lat="59.437207" lon="24.745006">
        <ele>24.3</ele>
        <time>2026-08-19T16:43:13Z</time>
      </trkpt>
      <trkpt lat="59.437205" lon="24.745023">
        <ele>24.3</ele>
        <time>2026-08-19T16:43:14Z</time>
      </trkpt>
      <trkpt lat="59.437196" lon="24.745036">
        <ele>24.3</ele>
        <time>2026-08-19T16:43:15Z</time>
      </trkpt>
      <trkpt lat="59.437194" lon="24.745061">
        <ele>24.3</ele>
        <time>2026-08-19T16:43:16Z</time>
      </trkpt>
      <trkpt lat="59.437198" lon="24.745085">
        <ele>24.2</ele>
        <time>2026-08-19T16:43:17Z</time>
      </trkpt>
      <trkpt lat="59.437197" lon="24.745111">
        <ele>24.2</ele>
        <time>2026-08-19T16:43:18Z</time>
      </trkpt>
      <trkpt lat="59.437191" lon="24.745134">
        <ele>24.2</ele>
        <time>2026-08-19T16:43:19Z</time>
      </trkpt>
      <trkpt lat="59.437188" lon="24.745155">
        <ele>24.1</ele>
        <time>2026-08-19T16:43:20Z</time>
      </trkpt>
      <trkpt lat="59.437181" lon="24.745176">
        <ele>24.1</ele>
        <time>2026-08-19T16:43:21Z</time>
      </trkpt>
      <trkpt lat="59.437177" lon="24.745189">
        <ele>24.1</ele>
        <time>2026-08-19T16:43:22Z</time>
      </trkpt>
      <trkpt lat="59.437175" lon="24.745206">
        <ele>24.0</ele>
        <time>2026-08-19T16:43:23Z</time>
      </trkpt>
      <trkpt lat="59.437176" lon="24.745232">
        <ele>24.0</ele>
        <time>2026-08-19T16:43:24Z</time>
      </trkpt>
      <trkpt lat="59.437179" lon="24.745254">
        <ele>24.0</ele>
        <time>2026-08-19T16:43:25Z</time>
      </trkpt>
      <trkpt lat="59.437181" lon="24.745273">
        <ele>23.9</ele>
        <time>2026-08-19T16:43:26Z</time>
      </trkpt>
      <trkpt lat="59.43718" lon="24.745294">
        <ele>23.9</ele>
        <time>2026-08-19T16:43:27Z</time>
      </trkpt>
      <trkpt lat="59.437183" lon="24.745313">
        <ele>23.9</ele>
        <time>2026-08-19T16:43:28Z</time>
      </trkpt>
      <trkpt lat="59.437182" lon="24.74533">
        <ele>23.8</ele>
        <time>2026-08-19T16:43:29Z</time>
      </trkpt>
      <trkpt lat="59.437186" lon="24.745344">
        <ele>23.8</ele>
        <time>2026-08-19T16:43:30Z</time>
      </trkpt>
      <trkpt lat="59.437182" lon="24.745339">
        <ele>23.8</ele>
        <time>2026-08-19T16:43:31Z</time>
      </trkpt>
      <trkpt lat="59.43716" lon="24.745336">
        <ele>23.7</ele>
        <time>2026-08-19T16:43:32Z</time>
      </trkpt>
      <trkpt lat="59.437161" lon="24.745337">
        <ele>23.7</ele>
        <time>2026-08-19T16:43:33Z</time>
      </trkpt>
      <trkpt lat="59.437157" lon="24.745331">
        <ele>23.7</ele>
        <time>2026-08-19T16:43:34Z</time>
      </trkpt>
      <trkpt lat="59.437154" lon="24.745333">
        <ele>23.7</ele>
        <time>2026-08-19T16:43:35Z</time>
      </trkpt>
      <trkpt lat="59.437153" lon="24.745355">
        <ele>23.7</ele>
        <time>2026-08-19T16:43:36Z</time>
      </trkpt>
      <trkpt lat="59.437152" lon="24.745393">
        <ele>23.6</ele>
        <time>2026-08-19T16:43:37Z</time>
      </trkpt>
      <trkpt lat="59.437146" lon="24.745421">
        <ele>23.6</ele>
        <time>2026-08-19T16:43:38Z</time>
      </trkpt>
      <trkpt lat="59.437133" lon="24.745445">
        <ele>23.5</ele>
        <time>2026-08-19T16:43:39Z</time>
      </trkpt>
      <trkpt lat="59.43713" lon="24.745478">
        <ele>23.5</ele>
        <time>2026-08-19T16:43:40Z</time>
      </trkpt>
      <trkpt lat="59.437131" lon="24.745495">
        <ele>23.4</ele>
        <time>2026-08-19T16:43:41Z</time>
      </trkpt>
      <trkpt lat="59.437127" lon="24.74552">
        <ele>23.4</ele>
        <time>2026-08-19T16:43:42Z</time>
      </trkpt>
      <trkpt lat="59.43712" lon="24.745546">
        <ele>23.4</ele>
        <time>2026-08-19T16:43:43Z</time>
      </trkpt>
      <trkpt lat="59.437115" lon="24.745561">
        <ele>23.3</ele>
        <time>2026-08-19T16:43:44Z</time>
      </trkpt>
      <trkpt lat="59.437112" lon="24.745579">
        <ele>23.3</ele>
        <time>2026-08-19T16:43:45Z</time>
      </trkpt>
      <trkpt lat="59.437115" lon="24.745597">
        <ele>23.3</ele>
        <time>2026-08-19T16:43:46Z</time>
      </trkpt>
      <trkpt lat="59.437105" lon="24.745613">
        <ele>23.2</ele>
        <time>2026-08-19T16:43:47Z</time>
      </trkpt>
      <trkpt lat="59.437101" lon="24.745633">
        <ele>23.2</ele>
        <time>2026-08-19T16:43:48Z</time>
      </trkpt>
      <trkpt lat="59.437096" lon="24.745655">
        <ele>23.2</ele>
        <time>2026-08-19T16:43:49Z</time>
      </trkpt>
      <trkpt lat="59.437098" lon="24.745681">
        <ele>23.1</ele>
        <time>2026-08-19T16:43:50Z</time>
      </trkpt>
      <trkpt lat="59.437106" lon="24.745693">
        <ele>23.1</ele>
        <time>2026-08-19T16:43:51Z</time>
      </trkpt>
      <trkpt lat="59.437115" lon="24.745713">
        <ele>23.1</ele>
        <time>2026-08-19T16:43:52Z</time>
      </trkpt>
      <trkpt lat="59.43711" lon="24.745738">
        <ele>23.0</ele>
        <time>2026-08-19T16:43:53Z</time>
      </trkpt>
      <trkpt lat="59.437096" lon="24.745748">
        <ele>23.0</ele>
        <time>2026-08-19T16:43:54Z</time>
      </trkpt>
      <trkpt lat="59.437087" lon="24.745765">
        <ele>23.0</ele>
        <time>2026-08-19T16:43:55Z</time>
      </trkpt>
      <trkpt lat="59.437066" lon="24.745775">
        <ele>22.9</ele>
        <time>2026-08-19T16:43:56Z</time>
      </trkpt>
      <trkpt lat="59.437059" lon="24.745788">
        <ele>22.9</ele>
        <time>2026-08-19T16:43:57Z</time>
      </trkpt>
      <trkpt lat="59.437055" lon="24.745794">
        <ele>22.9</ele>
        <time>2026-08-19T16:43:58Z</time>
      </trkpt>
      <trkpt lat="59.43704" lon="24.745799">
        <ele>22.8</ele>
        <time>2026-08-19T16:43:59Z</time>
      </trkpt>
      <trkpt lat="59.437023" lon="24.7458">
        <ele>22.7</ele>
        <time>2026-08-19T16:44:00Z</time>
      </trkpt>
      <trkpt lat="59.437009" lon="24.745804">
        <ele>22.7</ele>
        <time>2026-08-19T16:44:01Z</time>
      </trkpt>
      <trkpt lat="59.436999" lon="24.745819">
        <ele>22.6</ele>
        <time>2026-08-19T16:44:02Z</time>
      </trkpt>
      <trkpt lat="59.436987" lon="24.74583">
        <ele>22.6</ele>
        <time>2026-08-19T16:44:03Z</time>
      </trkpt>
      <trkpt lat="59.436979" lon="24.745837">
        <ele>22.5</ele>
        <time>2026-08-19T16:44:04Z</time>
      </trkpt>
      <trkpt lat="59.436963" lon="24.745838">
        <ele>22.5</ele>
        <time>2026-08-19T16:44:05Z</time>
      </trkpt>
      <trkpt lat="59.436944" lon="24.745834">
        <ele>22.4</ele>
        <time>2026-08-19T16:44:06Z</time>
      </trkpt>
      <trkpt lat="59.436925" lon="24.745837">
        <ele>22.3</ele>
        <time>2026-08-19T16:44:07Z</time>
      </trkpt>
      <trkpt lat="59.436912" lon="24.745834">
        <ele>22.3</ele>
        <time>2026-08-19T16:44:08Z</time>
      </trkpt>
      <trkpt lat="59.436902" lon="24.745856">
        <ele>22.1</ele>
        <time>2026-08-19T16:44:09Z</time>
      </trkpt>
      <trkpt lat="59.436893" lon="24.745889">
        <ele>22.0</ele>
        <time>2026-08-19T16:44:10Z</time>
      </trkpt>
      <trkpt lat="59.436883" lon="24.745908">
        <ele>21.9</ele>
        <time>2026-08-19T16:44:11Z</time>
      </trkpt>
      <trkpt lat="59.436875" lon="24.745929">
        <ele>21.8</ele>
        <time>2026-08-19T16:44:12Z</time>
      </trkpt>
      <trkpt lat="59.436869" lon="24.745943">
        <ele>21.7</ele>
        <time>2026-08-19T16:44:13Z</time>
      </trkpt>
      <trkpt lat="59.436856" lon="24.745939">
        <ele>21.7</ele>
        <time>2026-08-19T16:44:14Z</time>
      </trkpt>
      <trkpt lat="59.436849" lon="24.745925">
        <ele>21.6</ele>
        <time>2026-08-19T16:44:15Z</time>
      </trkpt>
      <trkpt lat="59.436843" lon="24.745913">
        <ele>21.5</ele>
        <time>2026-08-19T16:44:16Z</time>
      </trkpt>
      <trkpt lat="59.436836" lon="24.745902">
        <ele>21.5</ele>
        <time>2026-08-19T16:44:17Z</time>
      </trkpt>
      <trkpt lat="59.436835" lon="24.745917">
        <ele>21.4</ele>
        <time>2026-08-19T16:44:18Z</time>
      </trkpt>
      <trkpt lat="59.436853" lon="24.745949">
        <ele>21.2</ele>
        <time>2026-08-19T16:44:19Z</time>
      </trkpt>
      <trkpt lat="59.436862" lon="24.745953">
        <ele>21.2</ele>
        <time>2026-08-19T16:44:20Z</time>
      </trkpt>
      <trkpt lat="59.43687" lon="24.745972">
        <ele>21.1</ele>
        <time>2026-08-19T16:44:21Z</time>
      </trkpt>
      <trkpt lat="59.43687" lon="24.745991">
        <ele>21.0</ele>
        <time>2026-08-19T16:44:22Z</time>
      </trkpt>
      <trkpt lat="59.436876" lon="24.746015">
        <ele>20.9</ele>
        <time>2026-08-19T16:44:23Z</time>
      </trkpt>
      <trkpt lat="59.43688" lon="24.746027">
        <ele>20.9</ele>
        <time>2026-08-19T16:44:24Z</time>
      </trkpt>
      <trkpt lat="59.436886" lon="24.746048">
        <ele>20.8</ele>
        <time>2026-08-19T16:44:25Z</time>
      </trkpt>
      <trkpt lat="59.436877" lon="24.746071">
        <ele>20.7</ele>
        <time>2026-08-19T16:44:26Z</time>
      </trkpt>
      <trkpt lat="59.436866" lon="24.746097">
        <ele>20.6</ele>
        <time>2026-08-19T16:44:27Z</time>
      </trkpt>
      <trkpt lat="59.436869" lon="24.746118">
        <ele>20.5</ele>
        <time>2026-08-19T16:44:28Z</time>
      </trkpt>
      <trkpt lat="59.43686" lon="24.746147">
        <ele>20.4</ele>
        <time>2026-08-19T16:44:29Z</time>
      </trkpt>
      <trkpt lat="59.436854" lon="24.746178">
        <ele>20.3</ele>
        <time>2026-08-19T16:44:30Z</time>
      </trkpt>
      <trkpt lat="59.436846" lon="24.746202">
        <ele>20.3</ele>
        <time>2026-08-19T16:44:31Z</time>
      </trkpt>
      <trkpt lat="59.436844" lon="24.746224">
        <ele>20.2</ele>
        <time>2026-08-19T16:44:32Z</time>
      </trkpt>
      <trkpt lat="59.436832" lon="24.746246">
        <ele>20.1</ele>
        <time>2026-08-19T16:44:33Z</time>
      </trkpt>
      <trkpt lat="59.436824" lon="24.746254">
        <ele>20.1</ele>
        <time>2026-08-19T16:44:34Z</time>
      </trkpt>
      <trkpt lat="59.436815" lon="24.746267">
        <ele>20.0</ele>
        <time>2026-08-19T16:44:35Z</time>
      </trkpt>
      <trkpt lat="59.436803" lon="24.746278">
        <ele>19.9</ele>
        <time>2026-08-19T16:44:36Z</time>
      </trkpt>
      <trkpt lat="59.43679" lon="24.746294">
        <ele>19.9</ele>
        <time>2026-08-19T16:44:37Z</time>
      </trkpt>
      <trkpt lat="59.436781" lon="24.746314">
        <ele>19.9</ele>
        <time>2026-08-19T16:44:38Z</time>
      </trkpt>
      <trkpt lat="59.436772" lon="24.74632">
        <ele>19.9</ele>
        <time>2026-08-19T16:44:39Z</time>
      </trkpt>
      <trkpt lat="59.436761" lon="24.746322">
        <ele>19.9</ele>
        <time>2026-08-19T16:44:40Z</time>
      </trkpt>
      <trkpt lat="59.436752" lon="24.746319">
        <ele>19.9</ele>
        <time>2026-08-19T16:44:41Z</time>
      </trkpt>
      <trkpt lat="59.436736" lon="24.746325">
        <ele>19.9</ele>
        <time>2026-08-19T16:44:42Z</time>
      </trkpt>
      <trkpt lat="59.436718" lon="24.746325">
        <ele>19.9</ele>
        <time>2026-08-19T16:44:43Z</time>
      </trkpt>
      <trkpt lat="59.436702" lon="24.746324">
        <ele>20.0</ele>
        <time>2026-08-19T16:44:44Z</time>
      </trkpt>
      <trkpt lat="59.436686" lon="24.746311">
        <ele>20.0</ele>
        <time>2026-08-19T16:44:45Z</time>
      </trkpt>
      <trkpt lat="59.436666" lon="24.746305">
        <ele>20.0</ele>
        <time>2026-08-19T16:44:46Z</time>
      </trkpt>
      <trkpt lat="59.436652" lon="24.746296">
        <ele>20.0</ele>
        <time>2026-08-19T16:44:47Z</time>
      </trkpt>
      <trkpt lat="59.436637" lon="24.746288">
        <ele>20.0</ele>
        <time>2026-08-19T16:44:48Z</time>
      </trkpt>
      <trkpt lat="59.436622" lon="24.746283">
        <ele>20.0</ele>
        <time>2026-08-19T16:44:49Z</time>
      </trkpt>
      <trkpt lat="59.436614" lon="24.746282">
        <ele>20.0</ele>
        <time>2026-08-19T16:44:50Z</time>
      </trkpt>
      <trkpt lat="59.436601" lon="24.746279">
        <ele>20.0</ele>
        <time>2026-08-19T16:44:51Z</time>
      </trkpt>
      <trkpt lat="59.436591" lon="24.746272">
        <ele>20.0</ele>
        <time>2026-08-19T16:44:52Z</time>
      </trkpt>
      <trkpt lat="59.436578" lon="24.746263">
        <ele>20.0</ele>
        <time>2026-08-19T16:44:53Z</time>
      </trkpt>
      <trkpt lat="59.43656" lon="24.746252">
        <ele>20.1</ele>
        <time>2026-08-19T16:44:54Z</time>
      </trkpt>
      <trkpt lat="59.436555" lon="24.746236">
        <ele>20.1</ele>
        <time>2026-08-19T16:44:55Z</time>
      </trkpt>
      <trkpt lat="59.436551" lon="24.746223">
        <ele>20.1</ele>
        <time>2026-08-19T16:44:56Z</time>
      </trkpt>
      <trkpt lat="59.436547" lon="24.746206">
        <ele>20.1</ele>
        <time>2026-08-19T16:44:57Z</time>
      </trkpt>
      <trkpt lat="59.436532" lon="24.746195">
        <ele>20.1</ele>
        <time>2026-08-19T16:44:58Z</time>
      </trkpt>
      <trkpt lat="59.436516" lon="24.746186">
        <ele>20.1</ele>
        <time>2026-08-19T16:44:59Z</time>
      </trkpt>
      <trkpt lat="59.436505" lon="24.746178">
        <ele>20.1</ele>
        <time>2026-08-19T16:45:00Z</time>
      </trkpt>
      <trkpt lat="59.436494" lon="24.746175">
        <ele>20.1</ele>
        <time>2026-08-19T16:45:01Z</time>
      </trkpt>
      <trkpt lat="59.436482" lon="24.746171">
        <ele>20.1</ele>
        <time>2026-08-19T16:45:02Z</time>
      </trkpt>
      <trkpt lat="59.43647" lon="24.746165">
        <ele>20.1</ele>
        <time>2026-08-19T16:45:03Z</time>
      </trkpt>
      <trkpt lat="59.436452" lon="24.746176">
        <ele>20.2</ele>
        <time>2026-08-19T16:45:04Z</time>
      </trkpt>
      <trkpt lat="59.436449" lon="24.746173">
        <ele>20.2</ele>
        <time>2026-08-19T16:45:05Z</time>
      </trkpt>
      <trkpt lat="59.436447" lon="24.746169">
        <ele>20.2</ele>
        <time>2026-08-19T16:45:06Z</time>
      </trkpt>
      <trkpt lat="59.436464" lon="24.746152">
        <ele>20.2</ele>
        <time>2026-08-19T16:45:07Z</time>
      </trkpt>
      <trkpt lat="59.436463" lon="24.746136">
        <ele>20.2</ele>
        <time>2026-08-19T16:45:08Z</time>
      </trkpt>
      <trkpt lat="59.436444" lon="24.746117">
        <ele>20.2</ele>
        <time>2026-08-19T16:45:09Z</time>
      </trkpt>
      <trkpt lat="59.436436" lon="24.746108">
        <ele>20.2</ele>
        <time>2026-08-19T16:45:10Z</time>
      </trkpt>
      <trkpt lat="59.436434" lon="24.746091">
        <ele>20.2</ele>
        <time>2026-08-19T16:45:11Z</time>
      </trkpt>
      <trkpt lat="59.436436" lon="24.746084">
        <ele>20.2</ele>
        <time>2026-08-19T16:45:12Z</time>
      </trkpt>
      <trkpt lat="59.436443" lon="24.746085">
        <ele>20.2</ele>
        <time>2026-08-19T16:45:13Z</time>
      </trkpt>
      <trkpt lat="59.436437" lon="24.746086">
        <ele>20.2</ele>
        <time>2026-08-19T16:45:14Z</time>
      </trkpt>
      <trkpt lat="59.436435" lon="24.746087">
        <ele>20.2</ele>
        <time>2026-08-19T16:45:15Z</time>
      </trkpt>
      <trkpt lat="59.436431" lon="24.746092">
        <ele>20.2</ele>
        <time>2026-08-19T16:45:16Z</time>
      </trkpt>
      <trkpt lat="59.436426" lon="24.746107">
        <ele>20.2</ele>
        <time>2026-08-19T16:45:17Z</time>
      </trkpt>
      <trkpt lat="59.436421" lon="24.746123">
        <ele>20.2</ele>
        <time>2026-08-19T16:45:18Z</time>
      </trkpt>
      <trkpt lat="59.436427" lon="24.746136">
        <ele>20.2</ele>
        <time>2026-08-19T16:45:19Z</time>
      </trkpt>
      <trkpt lat="59.436433" lon="24.746157">
        <ele>20.3</ele>
        <time>2026-08-19T16:45:20Z</time>
      </trkpt>
      <trkpt lat="59.43644" lon="24.746167">
        <ele>20.3</ele>
        <time>2026-08-19T16:45:21Z</time>
      </trkpt>
      <trkpt lat="59.436442" lon="24.74617">
        <ele>20.3</ele>
        <time>2026-08-19T16:45:22Z</time>
      </trkpt>
      <trkpt lat="59.436444" lon="24.746163">
        <ele>20.3</ele>
        <time>2026-08-19T16:45:23Z</time>
      </trkpt>
      <trkpt lat="59.436434" lon="24.746147">
        <ele>20.3</ele>
        <time>2026-08-19T16:45:24Z</time>
      </trkpt>
      <trkpt lat="59.436424" lon="24.746142">
        <ele>20.3</ele>
        <time>2026-08-19T16:45:25Z</time>
      </trkpt>
      <trkpt lat="59.436427" lon="24.746146">
        <ele>20.3</ele>
        <time>2026-08-19T16:45:26Z</time>
      </trkpt>
      <trkpt lat="59.436419" lon="24.746132">
        <ele>20.3</ele>
        <time>2026-08-19T16:45:27Z</time>
      </trkpt>
      <trkpt lat="59.436413" lon="24.746118">
        <ele>20.3</ele>
        <time>2026-08-19T16:45:28Z</time>
      </trkpt>
      <trkpt lat="59.436406" lon="24.746118">
        <ele>20.3</ele>
        <time>2026-08-19T16:45:29Z</time>
      </trkpt>
      <trkpt lat="59.436402" lon="24.746132">
        <ele>20.3</ele>
        <time>2026-08-19T16:45:30Z</time>
      </trkpt>
      <trkpt lat="59.436402" lon="24.746134">
        <ele>20.3</ele>
        <time>2026-08-19T16:45:31Z</time>
      </trkpt>
      <trkpt lat="59.436412" lon="24.746152">
        <ele>20.3</ele>
        <time>2026-08-19T16:45:32Z</time>
      </trkpt>
      <trkpt lat="59.436413" lon="24.746139">
        <ele>20.3</ele>
        <time>2026-08-19T16:45:33Z</time>
      </trkpt>
      <trkpt lat="59.436414" lon="24.746142">
        <ele>20.3</ele>
        <time>2026-08-19T16:45:34Z</time>
      </trkpt>
      <trkpt lat="59.436414" lon="24.746141">
        <ele>20.3</ele>
        <time>2026-08-19T16:45:35Z</time>
      </trkpt>
      <trkpt lat="59.436414" lon="24.746141">
        <ele>20.3</ele>
        <time>2026-08-19T16:45:36Z</time>
      </trkpt>
      <trkpt lat="59.436414" lon="24.746141">
        <ele>20.3</ele>
        <time>2026-08-19T16:45:37Z</time>
      </trkpt>
      <trkpt lat="59.436414" lon="24.746141">
        <ele>20.3</ele>
        <time>2026-08-19T16:45:38Z</time>
      </trkpt>
      <trkpt lat="59.43641" lon="24.74614">
        <ele>20.3</ele>
        <time>2026-08-19T16:45:39Z</time>
      </trkpt>
      <trkpt lat="59.436407" lon="24.74614">
        <ele>20.3</ele>
        <time>2026-08-19T16:45:40Z</time>
      </trkpt>
      <trkpt lat="59.436409" lon="24.74614">
        <ele>20.3</ele>
        <time>2026-08-19T16:45:41Z</time>
      </trkpt>
      <trkpt lat="59.436409" lon="24.746141">
        <ele>20.3</ele>
        <time>2026-08-19T16:45:42Z</time>
      </trkpt>
      <trkpt lat="59.436407" lon="24.746133">
        <ele>20.3</ele>
        <time>2026-08-19T16:45:43Z</time>
      </trkpt>
      <trkpt lat="59.436414" lon="24.746138">
        <ele>20.4</ele>
        <time>2026-08-19T16:45:44Z</time>
      </trkpt>
      <trkpt lat="59.436414" lon="24.746135">
        <ele>20.4</ele>
        <time>2026-08-19T16:45:45Z</time>
      </trkpt>
      <trkpt lat="59.436414" lon="24.746135">
        <ele>20.4</ele>
        <time>2026-08-19T16:45:46Z</time>
      </trkpt>
      <trkpt lat="59.436414" lon="24.746135">
        <ele>20.4</ele>
        <time>2026-08-19T16:45:47Z</time>
      </trkpt>
      <trkpt lat="59.436414" lon="24.746135">
        <ele>20.4</ele>
        <time>2026-08-19T16:45:48Z</time>
      </trkpt>
      <trkpt lat="59.436414" lon="24.746135">
        <ele>20.4</ele>
        <time>2026-08-19T16:45:49Z</time>
      </trkpt>
      <trkpt lat="59.436414" lon="24.746135">
        <ele>20.4</ele>
        <time>2026-08-19T16:45:50Z</time>
      </trkpt>
      <trkpt lat="59.436414" lon="24.746135">
        <ele>20.4</ele>
        <time>2026-08-19T16:45:51Z</time>
      </trkpt>
      <trkpt lat="59.436414" lon="24.746135">
        <ele>20.4</ele>
        <time>2026-08-19T16:45:52Z</time>
      </trkpt>
      <trkpt lat="59.436393" lon="24.746112">
        <ele>20.4</ele>
        <time>2026-08-19T16:45:53Z</time>
      </trkpt>
      <trkpt lat="59.436393" lon="24.746111">
        <ele>20.4</ele>
        <time>2026-08-19T16:45:54Z</time>
      </trkpt>
      <trkpt lat="59.436392" lon="24.746104">
        <ele>20.4</ele>
        <time>2026-08-19T16:45:55Z</time>
      </trkpt>
      <trkpt lat="59.436391" lon="24.746101">
        <ele>20.4</ele>
        <time>2026-08-19T16:45:56Z</time>
      </trkpt>
      <trkpt lat="59.436391" lon="24.746101">
        <ele>20.4</ele>
        <time>2026-08-19T16:45:57Z</time>
      </trkpt>
      <trkpt lat="59.43639" lon="24.746092">
        <ele>20.4</ele>
        <time>2026-08-19T16:45:58Z</time>
      </trkpt>
      <trkpt lat="59.43639" lon="24.74609">
        <ele>20.4</ele>
        <time>2026-08-19T16:45:59Z</time>
      </trkpt>
      <trkpt lat="59.43639" lon="24.74609">
        <ele>20.4</ele>
        <time>2026-08-19T16:46:00Z</time>
      </trkpt>
      <trkpt lat="59.43639" lon="24.74609">
        <ele>20.4</ele>
        <time>2026-08-19T16:46:01Z</time>
      </trkpt>
      <trkpt lat="59.43639" lon="24.74609">
        <ele>20.4</ele>
        <time>2026-08-19T16:46:02Z</time>
      </trkpt>
      <trkpt lat="59.436386" lon="24.746077">
        <ele>20.4</ele>
        <time>2026-08-19T16:46:03Z</time>
      </trkpt>
      <trkpt lat="59.436376" lon="24.746065">
        <ele>20.4</ele>
        <time>2026-08-19T16:46:04Z</time>
      </trkpt>
      <trkpt lat="59.436375" lon="24.746069">
        <ele>20.4</ele>
        <time>2026-08-19T16:46:05Z</time>
      </trkpt>
      <trkpt lat="59.436376" lon="24.746088">
        <ele>20.4</ele>
        <time>2026-08-19T16:46:06Z</time>
      </trkpt>
      <trkpt lat="59.436376" lon="24.746097">
        <ele>20.4</ele>
        <time>2026-08-19T16:46:07Z</time>
      </trkpt>
      <trkpt lat="59.436379" lon="24.746116">
        <ele>20.4</ele>
        <time>2026-08-19T16:46:08Z</time>
      </trkpt>
      <trkpt lat="59.436375" lon="24.746128">
        <ele>20.4</ele>
        <time>2026-08-19T16:46:09Z</time>
      </trkpt>
      <trkpt lat="59.436373" lon="24.746154">
        <ele>20.4</ele>
        <time>2026-08-19T16:46:10Z</time>
      </trkpt>
      <trkpt lat="59.43638" lon="24.746157">
        <ele>20.4</ele>
        <time>2026-08-19T16:46:11Z</time>
      </trkpt>
      <trkpt lat="59.436381" lon="24.746164">
        <ele>20.4</ele>
        <time>2026-08-19T16:46:12Z</time>
      </trkpt>
      <trkpt lat="59.436385" lon="24.746189">
        <ele>20.5</ele>
        <time>2026-08-19T16:46:13Z</time>
      </trkpt>
      <trkpt lat="59.436392" lon="24.746196">
        <ele>20.5</ele>
        <time>2026-08-19T16:46:14Z</time>
      </trkpt>
      <trkpt lat="59.436397" lon="24.746195">
        <ele>20.5</ele>
        <time>2026-08-19T16:46:15Z</time>
      </trkpt>
      <trkpt lat="59.436407" lon="24.746207">
        <ele>20.5</ele>
        <time>2026-08-19T16:46:16Z</time>
      </trkpt>
      <trkpt lat="59.436415" lon="24.746213">
        <ele>20.5</ele>
        <time>2026-08-19T16:46:17Z</time>
      </trkpt>
      <trkpt lat="59.43642" lon="24.746213">
        <ele>20.5</ele>
        <time>2026-08-19T16:46:18Z</time>
      </trkpt>
      <trkpt lat="59.436432" lon="24.746211">
        <ele>20.5</ele>
        <time>2026-08-19T16:46:19Z</time>
      </trkpt>
      <trkpt lat="59.436445" lon="24.746204">
        <ele>20.5</ele>
        <time>2026-08-19T16:46:20Z</time>
      </trkpt>
      <trkpt lat="59.436443" lon="24.746193">
        <ele>20.5</ele>
        <time>2026-08-19T16:46:21Z</time>
      </trkpt>
      <trkpt lat="59.436439" lon="24.746194">
        <ele>20.5</ele>
        <time>2026-08-19T16:46:22Z</time>
      </trkpt>
      <trkpt lat="59.436449" lon="24.74619">
        <ele>20.5</ele>
        <time>2026-08-19T16:46:23Z</time>
      </trkpt>
      <trkpt lat="59.436452" lon="24.746176">
        <ele>20.5</ele>
        <time>2026-08-19T16:46:24Z</time>
      </trkpt>
      <trkpt lat="59.436447" lon="24.746158">
        <ele>20.5</ele>
        <time>2026-08-19T16:46:25Z</time>
      </trkpt>
      <trkpt lat="59.436447" lon="24.746143">
        <ele>20.5</ele>
        <time>2026-08-19T16:46:26Z</time>
      </trkpt>
      <trkpt lat="59.436447" lon="24.746141">
        <ele>20.5</ele>
        <time>2026-08-19T16:46:27Z</time>
      </trkpt>
      <trkpt lat="59.436451" lon="24.746137">
        <ele>20.5</ele>
        <time>2026-08-19T16:46:28Z</time>
      </trkpt>
      <trkpt lat="59.436447" lon="24.74614">
        <ele>20.5</ele>
        <time>2026-08-19T16:46:29Z</time>
      </trkpt>
      <trkpt lat="59.43644" lon="24.746133">
        <ele>20.6</ele>
        <time>2026-08-19T16:46:30Z</time>
      </trkpt>
      <trkpt lat="59.436441" lon="24.746136">
        <ele>20.6</ele>
        <time>2026-08-19T16:46:31Z</time>
      </trkpt>
      <trkpt lat="59.436449" lon="24.746125">
        <ele>20.6</ele>
        <time>2026-08-19T16:46:32Z</time>
      </trkpt>
      <trkpt lat="59.436452" lon="24.746115">
        <ele>20.6</ele>
        <time>2026-08-19T16:46:33Z</time>
      </trkpt>
      <trkpt lat="59.43644" lon="24.746124">
        <ele>20.6</ele>
        <time>2026-08-19T16:46:34Z</time>
      </trkpt>
      <trkpt lat="59.436449" lon="24.746136">
        <ele>20.6</ele>
        <time>2026-08-19T16:46:35Z</time>
      </trkpt>
      <trkpt lat="59.436438" lon="24.746135">
        <ele>20.6</ele>
        <time>2026-08-19T16:46:36Z</time>
      </trkpt>
      <trkpt lat="59.436436" lon="24.746136">
        <ele>20.6</ele>
        <time>2026-08-19T16:46:37Z</time>
      </trkpt>
      <trkpt lat="59.436441" lon="24.746139">
        <ele>20.6</ele>
        <time>2026-08-19T16:46:38Z</time>
      </trkpt>
      <trkpt lat="59.436442" lon="24.746141">
        <ele>20.6</ele>
        <time>2026-08-19T16:46:39Z</time>
      </trkpt>
      <trkpt lat="59.436443" lon="24.746144">
        <ele>20.6</ele>
        <time>2026-08-19T16:46:40Z</time>
      </trkpt>
      <trkpt lat="59.436437" lon="24.746137">
        <ele>20.6</ele>
        <time>2026-08-19T16:46:41Z</time>
      </trkpt>
      <trkpt lat="59.436441" lon="24.746149">
        <ele>20.6</ele>
        <time>2026-08-19T16:46:42Z</time>
      </trkpt>
      <trkpt lat="59.436437" lon="24.746159">
        <ele>20.6</ele>
        <time>2026-08-19T16:46:43Z</time>
      </trkpt>
      <trkpt lat="59.436436" lon="24.746171">
        <ele>20.6</ele>
        <time>2026-08-19T16:46:44Z</time>
      </trkpt>
      <trkpt lat="59.436438" lon="24.746174">
        <ele>20.6</ele>
        <time>2026-08-19T16:46:45Z</time>
      </trkpt>
      <trkpt lat="59.436439" lon="24.746168">
        <ele>20.6</ele>
        <time>2026-08-19T16:46:46Z</time>
      </trkpt>
      <trkpt lat="59.436443" lon="24.746167">
        <ele>20.6</ele>
        <time>2026-08-19T16:46:47Z</time>
      </trkpt>
      <trkpt lat="59.436453" lon="24.746179">
        <ele>20.6</ele>
        <time>2026-08-19T16:46:48Z</time>
      </trkpt>
      <trkpt lat="59.436456" lon="24.746171">
        <ele>20.6</ele>
        <time>2026-08-19T16:46:49Z</time>
      </trkpt>
      <trkpt lat="59.436456" lon="24.746163">
        <ele>20.6</ele>
        <time>2026-08-19T16:46:50Z</time>
      </trkpt>
      <trkpt lat="59.436452" lon="24.746151">
        <ele>20.7</ele>
        <time>2026-08-19T16:46:51Z</time>
      </trkpt>
      <trkpt lat="59.436454" lon="24.746146">
        <ele>20.7</ele>
        <time>2026-08-19T16:46:52Z</time>
      </trkpt>
      <trkpt lat="59.436456" lon="24.746143">
        <ele>20.7</ele>
        <time>2026-08-19T16:46:53Z</time>
      </trkpt>
      <trkpt lat="59.436452" lon="24.746137">
        <ele>20.7</ele>
        <time>2026-08-19T16:46:54Z</time>
      </trkpt>
      <trkpt lat="59.436446" lon="24.746133">
        <ele>20.7</ele>
        <time>2026-08-19T16:46:55Z</time>
      </trkpt>
      <trkpt lat="59.43645" lon="24.746145">
        <ele>20.7</ele>
        <time>2026-08-19T16:46:56Z</time>
      </trkpt>
      <trkpt lat="59.436457" lon="24.746157">
        <ele>20.7</ele>
        <time>2026-08-19T16:46:57Z</time>
      </trkpt>
      <trkpt lat="59.436454" lon="24.746145">
        <ele>20.7</ele>
        <time>2026-08-19T16:46:58Z</time>
      </trkpt>
      <trkpt lat="59.436444" lon="24.746145">
        <ele>20.7</ele>
        <time>2026-08-19T16:46:59Z</time>
      </trkpt>
      <trkpt lat="59.436435" lon="24.746148">
        <ele>20.7</ele>
        <time>2026-08-19T16:47:00Z</time>
      </trkpt>
      <trkpt lat="59.436433" lon="24.746138">
        <ele>20.7</ele>
        <time>2026-08-19T16:47:01Z</time>
      </trkpt>
      <trkpt lat="59.436429" lon="24.746146">
        <ele>20.7</ele>
        <time>2026-08-19T16:47:02Z</time>
      </trkpt>
      <trkpt lat="59.436433" lon="24.746152">
        <ele>20.7</ele>
        <time>2026-08-19T16:47:03Z</time>
      </trkpt>
      <trkpt lat="59.436433" lon="24.746152">
        <ele>20.7</ele>
        <time>2026-08-19T16:47:04Z</time>
      </trkpt>
      <trkpt lat="59.436428" lon="24.74617">
        <ele>20.7</ele>
        <time>2026-08-19T16:47:05Z</time>
      </trkpt>
      <trkpt lat="59.436428" lon="24.746169">
        <ele>20.7</ele>
        <time>2026-08-19T16:47:06Z</time>
      </trkpt>
      <trkpt lat="59.436428" lon="24.746169">
        <ele>20.7</ele>
        <time>2026-08-19T16:47:07Z</time>
      </trkpt>
      <trkpt lat="59.436435" lon="24.74618">
        <ele>20.7</ele>
        <time>2026-08-19T16:47:08Z</time>
      </trkpt>
      <trkpt lat="59.436435" lon="24.746183">
        <ele>20.7</ele>
        <time>2026-08-19T16:47:09Z</time>
      </trkpt>
      <trkpt lat="59.436435" lon="24.746182">
        <ele>20.7</ele>
        <time>2026-08-19T16:47:10Z</time>
      </trkpt>
      <trkpt lat="59.436443" lon="24.746194">
        <ele>20.7</ele>
        <time>2026-08-19T16:47:11Z</time>
      </trkpt>
      <trkpt lat="59.436439" lon="24.746186">
        <ele>20.7</ele>
        <time>2026-08-19T16:47:12Z</time>
      </trkpt>
      <trkpt lat="59.436439" lon="24.746186">
        <ele>20.7</ele>
        <time>2026-08-19T16:47:13Z</time>
      </trkpt>
      <trkpt lat="59.436439" lon="24.746186">
        <ele>20.7</ele>
        <time>2026-08-19T16:47:14Z</time>
      </trkpt>
      <trkpt lat="59.436439" lon="24.746186">
        <ele>20.7</ele>
        <time>2026-08-19T16:47:15Z</time>
      </trkpt>
      <trkpt lat="59.436439" lon="24.746186">
        <ele>20.7</ele>
        <time>2026-08-19T16:47:16Z</time>
      </trkpt>
      <trkpt lat="59.436439" lon="24.746186">
        <ele>20.7</ele>
        <time>2026-08-19T16:47:17Z</time>
      </trkpt>
      <trkpt lat="59.436439" lon="24.746186">
        <ele>20.7</ele>
        <time>2026-08-19T16:47:18Z</time>
      </trkpt>
      <trkpt lat="59.436445" lon="24.746182">
        <ele>20.7</ele>
        <time>2026-08-19T16:47:19Z</time>
      </trkpt>
      <trkpt lat="59.436446" lon="24.746183">
        <ele>20.7</ele>
        <time>2026-08-19T16:47:20Z</time>
      </trkpt>
      <trkpt lat="59.436446" lon="24.746182">
        <ele>20.7</ele>
        <time>2026-08-19T16:47:21Z</time>
      </trkpt>
      <trkpt lat="59.436446" lon="24.746182">
        <ele>20.7</ele>
        <time>2026-08-19T16:47:22Z</time>
      </trkpt>
      <trkpt lat="59.436446" lon="24.746182">
        <ele>20.7</ele>
        <time>2026-08-19T16:47:23Z</time>
      </trkpt>
      <trkpt lat="59.436438" lon="24.746158">
        <ele>20.8</ele>
        <time>2026-08-19T16:47:24Z</time>
      </trkpt>
      <trkpt lat="59.436438" lon="24.746156">
        <ele>20.8</ele>
        <time>2026-08-19T16:47:25Z</time>
      </trkpt>
      <trkpt lat="59.436438" lon="24.746155">
        <ele>20.8</ele>
        <time>2026-08-19T16:47:26Z</time>
      </trkpt>
      <trkpt lat="59.436438" lon="24.746155">
        <ele>20.8</ele>
        <time>2026-08-19T16:47:27Z</time>
      </trkpt>
      <trkpt lat="59.436438" lon="24.746155">
        <ele>20.8</ele>
        <time>2026-08-19T16:47:28Z</time>
      </trkpt>
      <trkpt lat="59.436438" lon="24.746155">
        <ele>20.8</ele>
        <time>2026-08-19T16:47:29Z</time>
      </trkpt>
      <trkpt lat="59.436438" lon="24.746155">
        <ele>20.8</ele>
        <time>2026-08-19T16:47:30Z</time>
      </trkpt>
      <trkpt lat="59.436446" lon="24.746156">
        <ele>20.8</ele>
        <time>2026-08-19T16:47:31Z</time>
      </trkpt>
      <trkpt lat="59.436446" lon="24.746156">
        <ele>20.8</ele>
        <time>2026-08-19T16:47:32Z</time>
      </trkpt>
      <trkpt lat="59.436451" lon="24.746156">
        <ele>20.8</ele>
        <time>2026-08-19T16:47:33Z</time>
      </trkpt>
      <trkpt lat="59.436449" lon="24.746153">
        <ele>20.8</ele>
        <time>2026-08-19T16:47:34Z</time>
      </trkpt>
      <trkpt lat="59.436449" lon="24.746153">
        <ele>20.8</ele>
        <time>2026-08-19T16:47:35Z</time>
      </trkpt>
      <trkpt lat="59.436449" lon="24.746153">
        <ele>20.8</ele>
        <time>2026-08-19T16:47:36Z</time>
      </trkpt>
      <trkpt lat="59.436449" lon="24.746153">
        <ele>20.8</ele>
        <time>2026-08-19T16:47:37Z</time>
      </trkpt>
      <trkpt lat="59.436459" lon="24.746161">
        <ele>20.8</ele>
        <time>2026-08-19T16:47:38Z</time>
      </trkpt>
      <trkpt lat="59.436464" lon="24.746167">
        <ele>20.8</ele>
        <time>2026-08-19T16:47:39Z</time>
      </trkpt>
      <trkpt lat="59.436469" lon="24.74617">
        <ele>20.8</ele>
        <time>2026-08-19T16:47:40Z</time>
      </trkpt>
      <trkpt lat="59.436467" lon="24.746169">
        <ele>20.8</ele>
        <time>2026-08-19T16:47:41Z</time>
      </trkpt>
      <trkpt lat="59.436467" lon="24.746169">
        <ele>20.8</ele>
        <time>2026-08-19T16:47:42Z</time>
      </trkpt>
      <trkpt lat="59.436474" lon="24.746179">
        <ele>20.8</ele>
        <time>2026-08-19T16:47:43Z</time>
      </trkpt>
      <trkpt lat="59.436483" lon="24.746191">
        <ele>20.8</ele>
        <time>2026-08-19T16:47:44Z</time>
      </trkpt>
      <trkpt lat="59.436483" lon="24.746189">
        <ele>20.8</ele>
        <time>2026-08-19T16:47:45Z</time>
      </trkpt>
      <trkpt lat="59.436483" lon="24.746189">
        <ele>20.8</ele>
        <time>2026-08-19T16:47:46Z</time>
      </trkpt>
      <trkpt lat="59.436483" lon="24.746189">
        <ele>20.8</ele>
        <time>2026-08-19T16:47:47Z</time>
      </trkpt>
      <trkpt lat="59.436483" lon="24.746189">
        <ele>20.8</ele>
        <time>2026-08-19T16:47:48Z</time>
      </trkpt>
      <trkpt lat="59.436483" lon="24.746189">
        <ele>20.8</ele>
        <time>2026-08-19T16:47:49Z</time>
      </trkpt>
      <trkpt lat="59.436483" lon="24.746189">
        <ele>20.8</ele>
        <time>2026-08-19T16:47:50Z</time>
      </trkpt>
      <trkpt lat="59.436483" lon="24.746189">
        <ele>20.8</ele>
        <time>2026-08-19T16:47:51Z</time>
      </trkpt>
      <trkpt lat="59.436483" lon="24.746189">
        <ele>20.8</ele>
        <time>2026-08-19T16:47:52Z</time>
      </trkpt>
      <trkpt lat="59.436483" lon="24.746189">
        <ele>20.8</ele>
        <time>2026-08-19T16:47:53Z</time>
      </trkpt>
      <trkpt lat="59.436483" lon="24.746189">
        <ele>20.8</ele>
        <time>2026-08-19T16:47:54Z</time>
      </trkpt>
      <trkpt lat="59.436483" lon="24.746189">
        <ele>20.8</ele>
        <time>2026-08-19T16:47:55Z</time>
      </trkpt>
      <trkpt lat="59.436483" lon="24.746189">
        <ele>20.8</ele>
        <time>2026-08-19T16:47:56Z</time>
      </trkpt>
      <trkpt lat="59.436483" lon="24.746189">
        <ele>20.8</ele>
        <time>2026-08-19T16:47:57Z</time>
      </trkpt>
      <trkpt lat="59.436483" lon="24.746189">
        <ele>20.8</ele>
        <time>2026-08-19T16:47:58Z</time>
      </trkpt>
      <trkpt lat="59.436474" lon="24.746167">
        <ele>20.8</ele>
        <time>2026-08-19T16:47:59Z</time>
      </trkpt>
      <trkpt lat="59.436471" lon="24.746161">
        <ele>20.8</ele>
        <time>2026-08-19T16:48:00Z</time>
      </trkpt>
      <trkpt lat="59.436468" lon="24.746157">
        <ele>20.8</ele>
        <time>2026-08-19T16:48:01Z</time>
      </trkpt>
      <trkpt lat="59.436466" lon="24.746152">
        <ele>20.8</ele>
        <time>2026-08-19T16:48:02Z</time>
      </trkpt>
      <trkpt lat="59.436466" lon="24.746152">
        <ele>20.8</ele>
        <time>2026-08-19T16:48:03Z</time>
      </trkpt>
      <trkpt lat="59.436466" lon="24.746152">
        <ele>20.8</ele>
        <time>2026-08-19T16:48:04Z</time>
      </trkpt>
      <trkpt lat="59.436466" lon="24.746152">
        <ele>20.8</ele>
        <time>2026-08-19T16:48:05Z</time>
      </trkpt>
      <trkpt lat="59.436466" lon="24.746152">
        <ele>20.8</ele>
        <time>2026-08-19T16:48:06Z</time>
      </trkpt>
      <trkpt lat="59.436466" lon="24.746152">
        <ele>20.8</ele>
        <time>2026-08-19T16:48:07Z</time>
      </trkpt>
      <trkpt lat="59.436466" lon="24.746152">
        <ele>20.8</ele>
        <time>2026-08-19T16:48:08Z</time>
      </trkpt>
      <trkpt lat="59.436466" lon="24.746152">
        <ele>20.8</ele>
        <time>2026-08-19T16:48:09Z</time>
      </trkpt>
      <trkpt lat="59.436466" lon="24.746152">
        <ele>20.8</ele>
        <time>2026-08-19T16:48:10Z</time>
      </trkpt>
      <trkpt lat="59.436466" lon="24.746152">
        <ele>20.8</ele>
        <time>2026-08-19T16:48:11Z</time>
      </trkpt>
      <trkpt lat="59.436466" lon="24.746152">
        <ele>20.8</ele>
        <time>2026-08-19T16:48:12Z</time>
      </trkpt>
      <trkpt lat="59.436466" lon="24.746152">
        <ele>20.8</ele>
        <time>2026-08-19T16:48:13Z</time>
      </trkpt>
      <trkpt lat="59.436466" lon="24.746152">
        <ele>20.8</ele>
        <time>2026-08-19T16:48:14Z</time>
      </trkpt>
      <trkpt lat="59.436466" lon="24.746152">
        <ele>20.8</ele>
        <time>2026-08-19T16:48:15Z</time>
      </trkpt>
      <trkpt lat="59.436466" lon="24.746152">
        <ele>20.8</ele>
        <time>2026-08-19T16:48:16Z</time>
      </trkpt>
      <trkpt lat="59.436493" lon="24.74616">
        <ele>20.8</ele>
        <time>2026-08-19T16:48:17Z</time>
      </trkpt>
      <trkpt lat="59.43649" lon="24.746176">
        <ele>20.9</ele>
        <time>2026-08-19T16:48:18Z</time>
      </trkpt>
      <trkpt lat="59.436498" lon="24.746179">
        <ele>20.9</ele>
        <time>2026-08-19T16:48:19Z</time>
      </trkpt>
      <trkpt lat="59.436498" lon="24.746175">
        <ele>20.9</ele>
        <time>2026-08-19T16:48:20Z</time>
      </trkpt>
      <trkpt lat="59.436498" lon="24.746175">
        <ele>20.9</ele>
        <time>2026-08-19T16:48:21Z</time>
      </trkpt>
      <trkpt lat="59.436485" lon="24.746154">
        <ele>20.9</ele>
        <time>2026-08-19T16:48:22Z</time>
      </trkpt>
      <trkpt lat="59.436481" lon="24.746153">
        <ele>20.9</ele>
        <time>2026-08-19T16:48:23Z</time>
      </trkpt>
      <trkpt lat="59.43648" lon="24.746156">
        <ele>20.9</ele>
        <time>2026-08-19T16:48:24Z</time>
      </trkpt>
      <trkpt lat="59.43648" lon="24.746156">
        <ele>20.9</ele>
        <time>2026-08-19T16:48:25Z</time>
      </trkpt>
      <trkpt lat="59.436472" lon="24.746149">
        <ele>20.9</ele>
        <time>2026-08-19T16:48:26Z</time>
      </trkpt>
      <trkpt lat="59.436472" lon="24.746148">
        <ele>20.9</ele>
        <time>2026-08-19T16:48:27Z</time>
      </trkpt>
      <trkpt lat="59.436472" lon="24.746148">
        <ele>20.9</ele>
        <time>2026-08-19T16:48:28Z</time>
      </trkpt>
      <trkpt lat="59.436472" lon="24.746148">
        <ele>20.9</ele>
        <time>2026-08-19T16:48:29Z</time>
      </trkpt>
      <trkpt lat="59.436472" lon="24.746148">
        <ele>20.9</ele>
        <time>2026-08-19T16:48:30Z</time>
      </trkpt>
      <trkpt lat="59.436455" lon="24.746129">
        <ele>20.9</ele>
        <time>2026-08-19T16:48:31Z</time>
      </trkpt>
      <trkpt lat="59.436461" lon="24.746138">
        <ele>20.9</ele>
        <time>2026-08-19T16:48:32Z</time>
      </trkpt>
      <trkpt lat="59.436468" lon="24.746147">
        <ele>20.9</ele>
        <time>2026-08-19T16:48:33Z</time>
      </trkpt>
      <trkpt lat="59.436474" lon="24.746156">
        <ele>20.9</ele>
        <time>2026-08-19T16:48:34Z</time>
      </trkpt>
      <trkpt lat="59.436481" lon="24.746165">
        <ele>20.9</ele>
        <time>2026-08-19T16:48:35Z</time>
      </trkpt>
      <trkpt lat="59.436487" lon="24.746173">
        <ele>20.9</ele>
        <time>2026-08-19T16:48:36Z</time>
      </trkpt>
      <trkpt lat="59.436493" lon="24.746182">
        <ele>20.9</ele>
        <time>2026-08-19T16:48:37Z</time>
      </trkpt>
      <trkpt lat="59.4365" lon="24.746191">
        <ele>20.9</ele>
        <time>2026-08-19T16:48:38Z</time>
      </trkpt>
      <trkpt lat="59.436506" lon="24.7462">
        <ele>21.0</ele>
        <time>2026-08-19T16:48:39Z</time>
      </trkpt>
      <trkpt lat="59.436502" lon="24.7462">
        <ele>21.0</ele>
        <time>2026-08-19T16:48:40Z</time>
      </trkpt>
      <trkpt lat="59.4365" lon="24.7462">
        <ele>21.0</ele>
        <time>2026-08-19T16:48:41Z</time>
      </trkpt>
      <trkpt lat="59.436483" lon="24.746192">
        <ele>21.0</ele>
        <time>2026-08-19T16:48:42Z</time>
      </trkpt>
      <trkpt lat="59.436477" lon="24.746187">
        <ele>21.0</ele>
        <time>2026-08-19T16:48:43Z</time>
      </trkpt>
      <trkpt lat="59.436464" lon="24.746173">
        <ele>21.0</ele>
        <time>2026-08-19T16:48:44Z</time>
      </trkpt>
      <trkpt lat="59.436458" lon="24.74616">
        <ele>21.0</ele>
        <time>2026-08-19T16:48:45Z</time>
      </trkpt>
      <trkpt lat="59.436445" lon="24.746148">
        <ele>21.0</ele>
        <time>2026-08-19T16:48:46Z</time>
      </trkpt>
      <trkpt lat="59.436452" lon="24.746155">
        <ele>21.0</ele>
        <time>2026-08-19T16:48:47Z</time>
      </trkpt>
      <trkpt lat="59.436451" lon="24.746148">
        <ele>21.0</ele>
        <time>2026-08-19T16:48:48Z</time>
      </trkpt>
      <trkpt lat="59.436446" lon="24.746122">
        <ele>21.0</ele>
        <time>2026-08-19T16:48:49Z</time>
      </trkpt>
      <trkpt lat="59.436431" lon="24.746104">
        <ele>21.0</ele>
        <time>2026-08-19T16:48:50Z</time>
      </trkpt>
      <trkpt lat="59.43643" lon="24.74611">
        <ele>21.0</ele>
        <time>2026-08-19T16:48:51Z</time>
      </trkpt>
      <trkpt lat="59.436429" lon="24.746122">
        <ele>21.0</ele>
        <time>2026-08-19T16:48:52Z</time>
      </trkpt>
      <trkpt lat="59.436433" lon="24.746127">
        <ele>21.1</ele>
        <time>2026-08-19T16:48:53Z</time>
      </trkpt>
      <trkpt lat="59.436433" lon="24.746127">
        <ele>21.1</ele>
        <time>2026-08-19T16:48:54Z</time>
      </trkpt>
      <trkpt lat="59.436433" lon="24.746127">
        <ele>21.1</ele>
        <time>2026-08-19T16:48:55Z</time>
      </trkpt>
      <trkpt lat="59.436413" lon="24.746104">
        <ele>21.1</ele>
        <time>2026-08-19T16:48:56Z</time>
      </trkpt>
      <trkpt lat="59.436413" lon="24.746106">
        <ele>21.1</ele>
        <time>2026-08-19T16:48:57Z</time>
      </trkpt>
      <trkpt lat="59.436408" lon="24.746099">
        <ele>21.1</ele>
        <time>2026-08-19T16:48:58Z</time>
      </trkpt>
      <trkpt lat="59.436401" lon="24.74609">
        <ele>21.1</ele>
        <time>2026-08-19T16:48:59Z</time>
      </trkpt>
      <trkpt lat="59.436392" lon="24.746081">
        <ele>21.1</ele>
        <time>2026-08-19T16:49:00Z</time>
      </trkpt>
      <trkpt lat="59.436398" lon="24.74609">
        <ele>21.1</ele>
        <time>2026-08-19T16:49:01Z</time>
      </trkpt>
      <trkpt lat="59.436398" lon="24.74609">
        <ele>21.1</ele>
        <time>2026-08-19T16:49:02Z</time>
      </trkpt>
      <trkpt lat="59.436398" lon="24.74609">
        <ele>21.1</ele>
        <time>2026-08-19T16:49:03Z</time>
      </trkpt>
      <trkpt lat="59.436405" lon="24.746096">
        <ele>21.1</ele>
        <time>2026-08-19T16:49:04Z</time>
      </trkpt>
      <trkpt lat="59.436404" lon="24.746095">
        <ele>21.1</ele>
        <time>2026-08-19T16:49:05Z</time>
      </trkpt>
      <trkpt lat="59.436409" lon="24.7461">
        <ele>21.1</ele>
        <time>2026-08-19T16:49:06Z</time>
      </trkpt>
      <trkpt lat="59.436427" lon="24.746122">
        <ele>21.1</ele>
        <time>2026-08-19T16:49:07Z</time>
      </trkpt>
      <trkpt lat="59.436435" lon="24.746133">
        <ele>21.1</ele>
        <time>2026-08-19T16:49:08Z</time>
      </trkpt>
      <trkpt lat="59.436428" lon="24.74614">
        <ele>21.1</ele>
        <time>2026-08-19T16:49:09Z</time>
      </trkpt>
      <trkpt lat="59.436442" lon="24.746153">
        <ele>21.1</ele>
        <time>2026-08-19T16:49:10Z</time>
      </trkpt>
      <trkpt lat="59.43645" lon="24.746156">
        <ele>21.2</ele>
        <time>2026-08-19T16:49:11Z</time>
      </trkpt>
      <trkpt lat="59.436452" lon="24.746159">
        <ele>21.2</ele>
        <time>2026-08-19T16:49:12Z</time>
      </trkpt>
      <trkpt lat="59.436446" lon="24.746144">
        <ele>21.2</ele>
        <time>2026-08-19T16:49:13Z</time>
      </trkpt>
      <trkpt lat="59.436434" lon="24.746141">
        <ele>21.2</ele>
        <time>2026-08-19T16:49:14Z</time>
      </trkpt>
      <trkpt lat="59.436435" lon="24.746142">
        <ele>21.2</ele>
        <time>2026-08-19T16:49:15Z</time>
      </trkpt>
      <trkpt lat="59.436435" lon="24.746142">
        <ele>21.2</ele>
        <time>2026-08-19T16:49:16Z</time>
      </trkpt>
      <trkpt lat="59.436428" lon="24.74615">
        <ele>21.2</ele>
        <time>2026-08-19T16:49:17Z</time>
      </trkpt>
      <trkpt lat="59.436424" lon="24.746145">
        <ele>21.2</ele>
        <time>2026-08-19T16:49:18Z</time>
      </trkpt>
      <trkpt lat="59.436417" lon="24.746134">
        <ele>21.2</ele>
        <time>2026-08-19T16:49:19Z</time>
      </trkpt>
      <trkpt lat="59.436413" lon="24.746132">
        <ele>21.2</ele>
        <time>2026-08-19T16:49:20Z</time>
      </trkpt>
      <trkpt lat="59.436412" lon="24.74614">
        <ele>21.2</ele>
        <time>2026-08-19T16:49:21Z</time>
      </trkpt>
      <trkpt lat="59.436416" lon="24.746148">
        <ele>21.2</ele>
        <time>2026-08-19T16:49:22Z</time>
      </trkpt>
      <trkpt lat="59.436416" lon="24.746148">
        <ele>21.2</ele>
        <time>2026-08-19T16:49:23Z</time>
      </trkpt>
      <trkpt lat="59.436416" lon="24.746148">
        <ele>21.2</ele>
        <time>2026-08-19T16:49:24Z</time>
      </trkpt>
      <trkpt lat="59.436416" lon="24.746148">
        <ele>21.2</ele>
        <time>2026-08-19T16:49:25Z</time>
      </trkpt>
      <trkpt lat="59.436416" lon="24.746148">
        <ele>21.2</ele>
        <time>2026-08-19T16:49:26Z</time>
      </trkpt>
      <trkpt lat="59.436416" lon="24.746148">
        <ele>21.2</ele>
        <time>2026-08-19T16:49:27Z</time>
      </trkpt>
      <trkpt lat="59.436416" lon="24.746148">
        <ele>21.2</ele>
        <time>2026-08-19T16:49:28Z</time>
      </trkpt>
      <trkpt lat="59.436416" lon="24.746148">
        <ele>21.2</ele>
        <time>2026-08-19T16:49:29Z</time>
      </trkpt>
      <trkpt lat="59.436416" lon="24.746148">
        <ele>21.2</ele>
        <time>2026-08-19T16:49:30Z</time>
      </trkpt>
      <trkpt lat="59.436416" lon="24.746148">
        <ele>21.2</ele>
        <time>2026-08-19T16:49:31Z</time>
      </trkpt>
      <trkpt lat="59.436416" lon="24.746148">
        <ele>21.2</ele>
        <time>2026-08-19T16:49:32Z</time>
      </trkpt>
      <trkpt lat="59.436416" lon="24.746148">
        <ele>21.2</ele>
        <time>2026-08-19T16:49:33Z</time>
      </trkpt>
      <trkpt lat="59.436424" lon="24.74617">
        <ele>21.2</ele>
        <time>2026-08-19T16:49:34Z</time>
      </trkpt>
      <trkpt lat="59.436424" lon="24.74617">
        <ele>21.2</ele>
        <time>2026-08-19T16:49:35Z</time>
      </trkpt>
      <trkpt lat="59.436424" lon="24.74617">
        <ele>21.2</ele>
        <time>2026-08-19T16:49:36Z</time>
      </trkpt>
      <trkpt lat="59.436424" lon="24.74617">
        <ele>21.2</ele>
        <time>2026-08-19T16:49:37Z</time>
      </trkpt>
      <trkpt lat="59.436424" lon="24.74617">
        <ele>21.2</ele>
        <time>2026-08-19T16:49:38Z</time>
      </trkpt>
      <trkpt lat="59.436424" lon="24.74617">
        <ele>21.2</ele>
        <time>2026-08-19T16:49:39Z</time>
      </trkpt>
      <trkpt lat="59.436424" lon="24.74617">
        <ele>21.2</ele>
        <time>2026-08-19T16:49:40Z</time>
      </trkpt>
      <trkpt lat="59.436424" lon="24.74617">
        <ele>21.2</ele>
        <time>2026-08-19T16:49:41Z</time>
      </trkpt>
      <trkpt lat="59.436424" lon="24.74617">
        <ele>21.2</ele>
        <time>2026-08-19T16:49:42Z</time>
      </trkpt>
      <trkpt lat="59.436424" lon="24.74617">
        <ele>21.2</ele>
        <time>2026-08-19T16:49:43Z</time>
      </trkpt>
      <trkpt lat="59.436424" lon="24.74617">
        <ele>21.2</ele>
        <time>2026-08-19T16:49:44Z</time>
      </trkpt>
      <trkpt lat="59.436424" lon="24.74617">
        <ele>21.2</ele>
        <time>2026-08-19T16:49:45Z</time>
      </trkpt>
      <trkpt lat="59.436424" lon="24.74617">
        <ele>21.2</ele>
        <time>2026-08-19T16:49:46Z</time>
      </trkpt>
      <trkpt lat="59.43644" lon="24.746206">
        <ele>21.2</ele>
        <time>2026-08-19T16:49:47Z</time>
      </trkpt>
      <trkpt lat="59.436442" lon="24.746208">
        <ele>21.2</ele>
        <time>2026-08-19T16:49:48Z</time>
      </trkpt>
      <trkpt lat="59.436439" lon="24.746208">
        <ele>21.2</ele>
        <time>2026-08-19T16:49:49Z</time>
      </trkpt>
      <trkpt lat="59.436438" lon="24.746204">
        <ele>21.2</ele>
        <time>2026-08-19T16:49:50Z</time>
      </trkpt>
      <trkpt lat="59.436436" lon="24.746198">
        <ele>21.2</ele>
        <time>2026-08-19T16:49:51Z</time>
      </trkpt>
      <trkpt lat="59.436428" lon="24.746192">
        <ele>21.2</ele>
        <time>2026-08-19T16:49:52Z</time>
      </trkpt>
      <trkpt lat="59.436436" lon="24.746198">
        <ele>21.3</ele>
        <time>2026-08-19T16:49:53Z</time>
      </trkpt>
      <trkpt lat="59.436429" lon="24.746192">
        <ele>21.3</ele>
        <time>2026-08-19T16:49:54Z</time>
      </trkpt>
      <trkpt lat="59.436421" lon="24.746183">
        <ele>21.3</ele>
        <time>2026-08-19T16:49:55Z</time>
      </trkpt>
      <trkpt lat="59.43642" lon="24.746179">
        <ele>21.3</ele>
        <time>2026-08-19T16:49:56Z</time>
      </trkpt>
      <trkpt lat="59.436419" lon="24.746172">
        <ele>21.3</ele>
        <time>2026-08-19T16:49:57Z</time>
      </trkpt>
      <trkpt lat="59.436428" lon="24.746181">
        <ele>21.3</ele>
        <time>2026-08-19T16:49:58Z</time>
      </trkpt>
      <trkpt lat="59.436427" lon="24.746174">
        <ele>21.3</ele>
        <time>2026-08-19T16:49:59Z</time>
      </trkpt>
      <trkpt lat="59.436428" lon="24.746175">
        <ele>21.3</ele>
        <time>2026-08-19T16:50:00Z</time>
      </trkpt>
      <trkpt lat="59.436422" lon="24.746142">
        <ele>21.3</ele>
        <time>2026-08-19T16:50:01Z</time>
      </trkpt>
      <trkpt lat="59.436418" lon="24.746137">
        <ele>21.3</ele>
        <time>2026-08-19T16:50:02Z</time>
      </trkpt>
      <trkpt lat="59.436411" lon="24.746127">
        <ele>21.3</ele>
        <time>2026-08-19T16:50:03Z</time>
      </trkpt>
      <trkpt lat="59.436419" lon="24.746144">
        <ele>21.3</ele>
        <time>2026-08-19T16:50:04Z</time>
      </trkpt>
      <trkpt lat="59.436422" lon="24.746157">
        <ele>21.3</ele>
        <time>2026-08-19T16:50:05Z</time>
      </trkpt>
      <trkpt lat="59.436424" lon="24.746158">
        <ele>21.3</ele>
        <time>2026-08-19T16:50:06Z</time>
      </trkpt>
      <trkpt lat="59.436425" lon="24.746158">
        <ele>21.3</ele>
        <time>2026-08-19T16:50:07Z</time>
      </trkpt>
      <trkpt lat="59.436425" lon="24.746158">
        <ele>21.3</ele>
        <time>2026-08-19T16:50:08Z</time>
      </trkpt>
      <trkpt lat="59.436425" lon="24.746158">
        <ele>21.3</ele>
        <time>2026-08-19T16:50:09Z</time>
      </trkpt>
      <trkpt lat="59.436425" lon="24.746158">
        <ele>21.3</ele>
        <time>2026-08-19T16:50:10Z</time>
      </trkpt>
      <trkpt lat="59.436425" lon="24.746158">
        <ele>21.3</ele>
        <time>2026-08-19T16:50:11Z</time>
      </trkpt>
      <trkpt lat="59.436425" lon="24.746158">
        <ele>21.3</ele>
        <time>2026-08-19T16:50:12Z</time>
      </trkpt>
      <trkpt lat="59.436425" lon="24.746158">
        <ele>21.3</ele>
        <time>2026-08-19T16:50:13Z</time>
      </trkpt>
      <trkpt lat="59.436425" lon="24.746158">
        <ele>21.3</ele>
        <time>2026-08-19T16:50:14Z</time>
      </trkpt>
      <trkpt lat="59.436425" lon="24.746158">
        <ele>21.3</ele>
        <time>2026-08-19T16:50:15Z</time>
      </trkpt>
      <trkpt lat="59.436425" lon="24.746158">
        <ele>21.3</ele>
        <time>2026-08-19T16:50:16Z</time>
      </trkpt>
      <trkpt lat="59.436444" lon="24.746156">
        <ele>21.3</ele>
        <time>2026-08-19T16:50:17Z</time>
      </trkpt>
      <trkpt lat="59.436446" lon="24.746157">
        <ele>21.3</ele>
        <time>2026-08-19T16:50:18Z</time>
      </trkpt>
      <trkpt lat="59.436446" lon="24.746158">
        <ele>21.3</ele>
        <time>2026-08-19T16:50:19Z</time>
      </trkpt>
      <trkpt lat="59.436445" lon="24.746152">
        <ele>21.3</ele>
        <time>2026-08-19T16:50:20Z</time>
      </trkpt>
      <trkpt lat="59.436445" lon="24.746152">
        <ele>21.3</ele>
        <time>2026-08-19T16:50:21Z</time>
      </trkpt>
      <trkpt lat="59.436445" lon="24.746152">
        <ele>21.3</ele>
        <time>2026-08-19T16:50:22Z</time>
      </trkpt>
      <trkpt lat="59.436449" lon="24.746155">
        <ele>21.4</ele>
        <time>2026-08-19T16:50:23Z</time>
      </trkpt>
      <trkpt lat="59.436444" lon="24.746147">
        <ele>21.4</ele>
        <time>2026-08-19T16:50:24Z</time>
      </trkpt>
      <trkpt lat="59.43645" lon="24.746157">
        <ele>21.4</ele>
        <time>2026-08-19T16:50:25Z</time>
      </trkpt>
      <trkpt lat="59.43645" lon="24.746157">
        <ele>21.4</ele>
        <time>2026-08-19T16:50:26Z</time>
      </trkpt>
      <trkpt lat="59.43645" lon="24.746157">
        <ele>21.4</ele>
        <time>2026-08-19T16:50:27Z</time>
      </trkpt>
      <trkpt lat="59.43645" lon="24.746157">
        <ele>21.4</ele>
        <time>2026-08-19T16:50:28Z</time>
      </trkpt>
      <trkpt lat="59.436459" lon="24.746164">
        <ele>21.4</ele>
        <time>2026-08-19T16:50:29Z</time>
      </trkpt>
      <trkpt lat="59.436463" lon="24.746169">
        <ele>21.4</ele>
        <time>2026-08-19T16:50:30Z</time>
      </trkpt>
      <trkpt lat="59.436458" lon="24.746166">
        <ele>21.4</ele>
        <time>2026-08-19T16:50:31Z</time>
      </trkpt>
      <trkpt lat="59.436454" lon="24.746158">
        <ele>21.4</ele>
        <time>2026-08-19T16:50:32Z</time>
      </trkpt>
      <trkpt lat="59.436447" lon="24.746146">
        <ele>21.4</ele>
        <time>2026-08-19T16:50:33Z</time>
      </trkpt>
      <trkpt lat="59.436442" lon="24.746123">
        <ele>21.4</ele>
        <time>2026-08-19T16:50:34Z</time>
      </trkpt>
      <trkpt lat="59.436432" lon="24.746115">
        <ele>21.4</ele>
        <time>2026-08-19T16:50:35Z</time>
      </trkpt>
      <trkpt lat="59.436432" lon="24.746115">
        <ele>21.4</ele>
        <time>2026-08-19T16:50:36Z</time>
      </trkpt>
      <trkpt lat="59.436421" lon="24.746113">
        <ele>21.4</ele>
        <time>2026-08-19T16:50:37Z</time>
      </trkpt>
      <trkpt lat="59.436421" lon="24.746107">
        <ele>21.4</ele>
        <time>2026-08-19T16:50:38Z</time>
      </trkpt>
      <trkpt lat="59.436423" lon="24.746105">
        <ele>21.4</ele>
        <time>2026-08-19T16:50:39Z</time>
      </trkpt>
      <trkpt lat="59.436424" lon="24.746105">
        <ele>21.4</ele>
        <time>2026-08-19T16:50:40Z</time>
      </trkpt>
      <trkpt lat="59.436426" lon="24.746094">
        <ele>21.4</ele>
        <time>2026-08-19T16:50:41Z</time>
      </trkpt>
      <trkpt lat="59.436428" lon="24.746098">
        <ele>21.4</ele>
        <time>2026-08-19T16:50:42Z</time>
      </trkpt>
      <trkpt lat="59.436429" lon="24.746096">
        <ele>21.4</ele>
        <time>2026-08-19T16:50:43Z</time>
      </trkpt>
      <trkpt lat="59.436439" lon="24.746115">
        <ele>21.4</ele>
        <time>2026-08-19T16:50:44Z</time>
      </trkpt>
      <trkpt lat="59.436445" lon="24.746129">
        <ele>21.4</ele>
        <time>2026-08-19T16:50:45Z</time>
      </trkpt>
      <trkpt lat="59.436446" lon="24.74613">
        <ele>21.4</ele>
        <time>2026-08-19T16:50:46Z</time>
      </trkpt>
      <trkpt lat="59.436445" lon="24.746132">
        <ele>21.4</ele>
        <time>2026-08-19T16:50:47Z</time>
      </trkpt>
      <trkpt lat="59.436445" lon="24.746132">
        <ele>21.4</ele>
        <time>2026-08-19T16:50:48Z</time>
      </trkpt>
      <trkpt lat="59.436445" lon="24.746132">
        <ele>21.4</ele>
        <time>2026-08-19T16:50:49Z</time>
      </trkpt>
      <trkpt lat="59.436445" lon="24.746132">
        <ele>21.4</ele>
        <time>2026-08-19T16:50:50Z</time>
      </trkpt>
      <trkpt lat="59.436445" lon="24.746132">
        <ele>21.4</ele>
        <time>2026-08-19T16:50:51Z</time>
      </trkpt>
      <trkpt lat="59.436445" lon="24.746132">
        <ele>21.4</ele>
        <time>2026-08-19T16:50:52Z</time>
      </trkpt>
      <trkpt lat="59.436445" lon="24.746132">
        <ele>21.4</ele>
        <time>2026-08-19T16:50:53Z</time>
      </trkpt>
      <trkpt lat="59.436445" lon="24.746132">
        <ele>21.4</ele>
        <time>2026-08-19T16:50:54Z</time>
      </trkpt>
      <trkpt lat="59.436445" lon="24.746132">
        <ele>21.4</ele>
        <time>2026-08-19T16:50:55Z</time>
      </trkpt>
      <trkpt lat="59.436445" lon="24.746132">
        <ele>21.4</ele>
        <time>2026-08-19T16:50:56Z</time>
      </trkpt>
      <trkpt lat="59.436445" lon="24.746132">
        <ele>21.4</ele>
        <time>2026-08-19T16:50:57Z</time>
      </trkpt>
      <trkpt lat="59.436445" lon="24.746132">
        <ele>21.4</ele>
        <time>2026-08-19T16:50:58Z</time>
      </trkpt>
      <trkpt lat="59.436428" lon="24.746128">
        <ele>21.5</ele>
        <time>2026-08-19T16:50:59Z</time>
      </trkpt>
      <trkpt lat="59.436434" lon="24.746137">
        <ele>21.5</ele>
        <time>2026-08-19T16:51:00Z</time>
      </trkpt>
      <trkpt lat="59.436434" lon="24.746145">
        <ele>21.5</ele>
        <time>2026-08-19T16:51:01Z</time>
      </trkpt>
      <trkpt lat="59.436436" lon="24.746153">
        <ele>21.5</ele>
        <time>2026-08-19T16:51:02Z</time>
      </trkpt>
      <trkpt lat="59.43644" lon="24.746157">
        <ele>21.5</ele>
        <time>2026-08-19T16:51:03Z</time>
      </trkpt>
      <trkpt lat="59.436439" lon="24.746153">
        <ele>21.5</ele>
        <time>2026-08-19T16:51:04Z</time>
      </trkpt>
      <trkpt lat="59.436437" lon="24.746154">
        <ele>21.5</ele>
        <time>2026-08-19T16:51:05Z</time>
      </trkpt>
      <trkpt lat="59.436437" lon="24.746151">
        <ele>21.5</ele>
        <time>2026-08-19T16:51:06Z</time>
      </trkpt>
      <trkpt lat="59.436437" lon="24.746151">
        <ele>21.5</ele>
        <time>2026-08-19T16:51:07Z</time>
      </trkpt>
      <trkpt lat="59.436437" lon="24.746151">
        <ele>21.5</ele>
        <time>2026-08-19T16:51:08Z</time>
      </trkpt>
      <trkpt lat="59.436437" lon="24.746151">
        <ele>21.5</ele>
        <time>2026-08-19T16:51:09Z</time>
      </trkpt>
      <trkpt lat="59.436437" lon="24.746151">
        <ele>21.5</ele>
        <time>2026-08-19T16:51:10Z</time>
      </trkpt>
      <trkpt lat="59.436437" lon="24.746151">
        <ele>21.5</ele>
        <time>2026-08-19T16:51:11Z</time>
      </trkpt>
      <trkpt lat="59.436437" lon="24.746151">
        <ele>21.5</ele>
        <time>2026-08-19T16:51:12Z</time>
      </trkpt>
      <trkpt lat="59.436437" lon="24.746151">
        <ele>21.5</ele>
        <time>2026-08-19T16:51:13Z</time>
      </trkpt>
      <trkpt lat="59.436437" lon="24.746151">
        <ele>21.5</ele>
        <time>2026-08-19T16:51:14Z</time>
      </trkpt>
      <trkpt lat="59.436437" lon="24.746151">
        <ele>21.5</ele>
        <time>2026-08-19T16:51:15Z</time>
      </trkpt>
      <trkpt lat="59.436437" lon="24.746151">
        <ele>21.5</ele>
        <time>2026-08-19T16:51:16Z</time>
      </trkpt>
      <trkpt lat="59.436437" lon="24.746151">
        <ele>21.5</ele>
        <time>2026-08-19T16:51:17Z</time>
      </trkpt>
      <trkpt lat="59.436439" lon="24.746172">
        <ele>21.5</ele>
        <time>2026-08-19T16:51:18Z</time>
      </trkpt>
      <trkpt lat="59.436441" lon="24.746172">
        <ele>21.5</ele>
        <time>2026-08-19T16:51:19Z</time>
      </trkpt>
      <trkpt lat="59.436443" lon="24.746182">
        <ele>21.5</ele>
        <time>2026-08-19T16:51:20Z</time>
      </trkpt>
      <trkpt lat="59.436449" lon="24.746194">
        <ele>21.5</ele>
        <time>2026-08-19T16:51:21Z</time>
      </trkpt>
      <trkpt lat="59.436438" lon="24.74619">
        <ele>21.5</ele>
        <time>2026-08-19T16:51:22Z</time>
      </trkpt>
      <trkpt lat="59.436436" lon="24.746191">
        <ele>21.5</ele>
        <time>2026-08-19T16:51:23Z</time>
      </trkpt>
      <trkpt lat="59.436447" lon="24.746192">
        <ele>21.5</ele>
        <time>2026-08-19T16:51:24Z</time>
      </trkpt>
      <trkpt lat="59.436458" lon="24.746204">
        <ele>21.5</ele>
        <time>2026-08-19T16:51:25Z</time>
      </trkpt>
      <trkpt lat="59.43646" lon="24.746202">
        <ele>21.5</ele>
        <time>2026-08-19T16:51:26Z</time>
      </trkpt>
      <trkpt lat="59.436462" lon="24.746218">
        <ele>21.5</ele>
        <time>2026-08-19T16:51:27Z</time>
      </trkpt>
      <trkpt lat="59.436459" lon="24.746227">
        <ele>21.5</ele>
        <time>2026-08-19T16:51:28Z</time>
      </trkpt>
      <trkpt lat="59.436444" lon="24.746197">
        <ele>21.6</ele>
        <time>2026-08-19T16:51:29Z</time>
      </trkpt>
      <trkpt lat="59.436437" lon="24.746191">
        <ele>21.6</ele>
        <time>2026-08-19T16:51:30Z</time>
      </trkpt>
      <trkpt lat="59.436438" lon="24.746183">
        <ele>21.6</ele>
        <time>2026-08-19T16:51:31Z</time>
      </trkpt>
      <trkpt lat="59.436441" lon="24.746165">
        <ele>21.6</ele>
        <time>2026-08-19T16:51:32Z</time>
      </trkpt>
      <trkpt lat="59.436441" lon="24.746159">
        <ele>21.6</ele>
        <time>2026-08-19T16:51:33Z</time>
      </trkpt>
      <trkpt lat="59.436444" lon="24.746159">
        <ele>21.6</ele>
        <time>2026-08-19T16:51:34Z</time>
      </trkpt>
      <trkpt lat="59.436449" lon="24.746152">
        <ele>21.6</ele>
        <time>2026-08-19T16:51:35Z</time>
      </trkpt>
      <trkpt lat="59.436452" lon="24.746153">
        <ele>21.6</ele>
        <time>2026-08-19T16:51:36Z</time>
      </trkpt>
      <trkpt lat="59.436458" lon="24.746152">
        <ele>21.6</ele>
        <time>2026-08-19T16:51:37Z</time>
      </trkpt>
      <trkpt lat="59.436471" lon="24.746156">
        <ele>21.6</ele>
        <time>2026-08-19T16:51:38Z</time>
      </trkpt>
      <trkpt lat="59.436474" lon="24.746154">
        <ele>21.6</ele>
        <time>2026-08-19T16:51:39Z</time>
      </trkpt>
      <trkpt lat="59.436482" lon="24.746156">
        <ele>21.6</ele>
        <time>2026-08-19T16:51:40Z</time>
      </trkpt>
      <trkpt lat="59.436482" lon="24.746148">
        <ele>21.6</ele>
        <time>2026-08-19T16:51:41Z</time>
      </trkpt>
      <trkpt lat="59.436473" lon="24.746137">
        <ele>21.6</ele>
        <time>2026-08-19T16:51:42Z</time>
      </trkpt>
      <trkpt lat="59.436445" lon="24.746116">
        <ele>21.6</ele>
        <time>2026-08-19T16:51:43Z</time>
      </trkpt>
      <trkpt lat="59.436436" lon="24.746115">
        <ele>21.7</ele>
        <time>2026-08-19T16:51:44Z</time>
      </trkpt>
      <trkpt lat="59.436433" lon="24.746113">
        <ele>21.7</ele>
        <time>2026-08-19T16:51:45Z</time>
      </trkpt>
      <trkpt lat="59.436432" lon="24.746124">
        <ele>21.7</ele>
        <time>2026-08-19T16:51:46Z</time>
      </trkpt>
      <trkpt lat="59.436436" lon="24.746117">
        <ele>21.7</ele>
        <time>2026-08-19T16:51:47Z</time>
      </trkpt>
      <trkpt lat="59.436428" lon="24.746123">
        <ele>21.7</ele>
        <time>2026-08-19T16:51:48Z</time>
      </trkpt>
      <trkpt lat="59.436425" lon="24.746146">
        <ele>21.7</ele>
        <time>2026-08-19T16:51:49Z</time>
      </trkpt>
      <trkpt lat="59.436436" lon="24.746147">
        <ele>21.7</ele>
        <time>2026-08-19T16:51:50Z</time>
      </trkpt>
      <trkpt lat="59.436447" lon="24.746165">
        <ele>21.7</ele>
        <time>2026-08-19T16:51:51Z</time>
      </trkpt>
      <trkpt lat="59.436446" lon="24.746171">
        <ele>21.7</ele>
        <time>2026-08-19T16:51:52Z</time>
      </trkpt>
      <trkpt lat="59.436453" lon="24.746186">
        <ele>21.7</ele>
        <time>2026-08-19T16:51:53Z</time>
      </trkpt>
      <trkpt lat="59.436461" lon="24.746198">
        <ele>21.7</ele>
        <time>2026-08-19T16:51:54Z</time>
      </trkpt>
      <trkpt lat="59.436465" lon="24.7462">
        <ele>21.7</ele>
        <time>2026-08-19T16:51:55Z</time>
      </trkpt>
      <trkpt lat="59.436459" lon="24.746199">
        <ele>21.7</ele>
        <time>2026-08-19T16:51:56Z</time>
      </trkpt>
      <trkpt lat="59.43646" lon="24.7462">
        <ele>21.7</ele>
        <time>2026-08-19T16:51:57Z</time>
      </trkpt>
      <trkpt lat="59.43646" lon="24.746205">
        <ele>21.7</ele>
        <time>2026-08-19T16:51:58Z</time>
      </trkpt>
      <trkpt lat="59.436465" lon="24.746209">
        <ele>21.7</ele>
        <time>2026-08-19T16:51:59Z</time>
      </trkpt>
      <trkpt lat="59.436464" lon="24.746208">
        <ele>21.7</ele>
        <time>2026-08-19T16:52:00Z</time>
      </trkpt>
      <trkpt lat="59.436461" lon="24.746206">
        <ele>21.7</ele>
        <time>2026-08-19T16:52:01Z</time>
      </trkpt>
      <trkpt lat="59.436457" lon="24.746209">
        <ele>21.7</ele>
        <time>2026-08-19T16:52:02Z</time>
      </trkpt>
      <trkpt lat="59.43646" lon="24.746213">
        <ele>21.7</ele>
        <time>2026-08-19T16:52:03Z</time>
      </trkpt>
      <trkpt lat="59.436464" lon="24.746212">
        <ele>21.7</ele>
        <time>2026-08-19T16:52:04Z</time>
      </trkpt>
      <trkpt lat="59.436462" lon="24.746209">
        <ele>21.7</ele>
        <time>2026-08-19T16:52:05Z</time>
      </trkpt>
      <trkpt lat="59.436462" lon="24.746214">
        <ele>21.7</ele>
        <time>2026-08-19T16:52:06Z</time>
      </trkpt>
      <trkpt lat="59.436466" lon="24.746205">
        <ele>21.8</ele>
        <time>2026-08-19T16:52:07Z</time>
      </trkpt>
      <trkpt lat="59.436456" lon="24.746196">
        <ele>21.8</ele>
        <time>2026-08-19T16:52:08Z</time>
      </trkpt>
      <trkpt lat="59.436455" lon="24.746201">
        <ele>21.8</ele>
        <time>2026-08-19T16:52:09Z</time>
      </trkpt>
      <trkpt lat="59.436458" lon="24.746203">
        <ele>21.8</ele>
        <time>2026-08-19T16:52:10Z</time>
      </trkpt>
      <trkpt lat="59.436458" lon="24.746202">
        <ele>21.8</ele>
        <time>2026-08-19T16:52:11Z</time>
      </trkpt>
      <trkpt lat="59.436458" lon="24.746202">
        <ele>21.8</ele>
        <time>2026-08-19T16:52:12Z</time>
      </trkpt>
      <trkpt lat="59.43646" lon="24.746208">
        <ele>21.8</ele>
        <time>2026-08-19T16:52:13Z</time>
      </trkpt>
      <trkpt lat="59.436452" lon="24.7462">
        <ele>21.8</ele>
        <time>2026-08-19T16:52:14Z</time>
      </trkpt>
      <trkpt lat="59.436447" lon="24.74619">
        <ele>21.8</ele>
        <time>2026-08-19T16:52:15Z</time>
      </trkpt>
      <trkpt lat="59.436447" lon="24.746191">
        <ele>21.8</ele>
        <time>2026-08-19T16:52:16Z</time>
      </trkpt>
      <trkpt lat="59.436451" lon="24.746186">
        <ele>21.8</ele>
        <time>2026-08-19T16:52:17Z</time>
      </trkpt>
      <trkpt lat="59.436451" lon="24.746186">
        <ele>21.8</ele>
        <time>2026-08-19T16:52:18Z</time>
      </trkpt>
      <trkpt lat="59.436451" lon="24.746186">
        <ele>21.8</ele>
        <time>2026-08-19T16:52:19Z</time>
      </trkpt>
      <trkpt lat="59.436451" lon="24.746186">
        <ele>21.8</ele>
        <time>2026-08-19T16:52:20Z</time>
      </trkpt>
      <trkpt lat="59.436451" lon="24.746186">
        <ele>21.8</ele>
        <time>2026-08-19T16:52:21Z</time>
      </trkpt>
      <trkpt lat="59.436451" lon="24.746186">
        <ele>21.8</ele>
        <time>2026-08-19T16:52:22Z</time>
      </trkpt>
      <trkpt lat="59.436451" lon="24.746186">
        <ele>21.8</ele>
        <time>2026-08-19T16:52:23Z</time>
      </trkpt>
      <trkpt lat="59.436451" lon="24.746186">
        <ele>21.8</ele>
        <time>2026-08-19T16:52:24Z</time>
      </trkpt>
      <trkpt lat="59.436451" lon="24.746186">
        <ele>21.8</ele>
        <time>2026-08-19T16:52:25Z</time>
      </trkpt>
      <trkpt lat="59.436451" lon="24.746186">
        <ele>21.8</ele>
        <time>2026-08-19T16:52:26Z</time>
      </trkpt>
      <trkpt lat="59.436451" lon="24.746186">
        <ele>21.8</ele>
        <time>2026-08-19T16:52:27Z</time>
      </trkpt>
      <trkpt lat="59.436451" lon="24.746186">
        <ele>21.8</ele>
        <time>2026-08-19T16:52:28Z</time>
      </trkpt>
      <trkpt lat="59.436451" lon="24.746186">
        <ele>21.8</ele>
        <time>2026-08-19T16:52:29Z</time>
      </trkpt>
      <trkpt lat="59.436451" lon="24.746186">
        <ele>21.8</ele>
        <time>2026-08-19T16:52:30Z</time>
      </trkpt>
      <trkpt lat="59.436451" lon="24.746186">
        <ele>21.8</ele>
        <time>2026-08-19T16:52:31Z</time>
      </trkpt>
      <trkpt lat="59.436451" lon="24.746186">
        <ele>21.8</ele>
        <time>2026-08-19T16:52:32Z</time>
      </trkpt>
      <trkpt lat="59.436445" lon="24.746158">
        <ele>21.8</ele>
        <time>2026-08-19T16:52:33Z</time>
      </trkpt>
      <trkpt lat="59.43645" lon="24.746158">
        <ele>21.8</ele>
        <time>2026-08-19T16:52:34Z</time>
      </trkpt>
      <trkpt lat="59.436444" lon="24.746154">
        <ele>21.8</ele>
        <time>2026-08-19T16:52:35Z</time>
      </trkpt>
      <trkpt lat="59.43645" lon="24.746147">
        <ele>21.8</ele>
        <time>2026-08-19T16:52:36Z</time>
      </trkpt>
      <trkpt lat="59.436441" lon="24.746146">
        <ele>21.8</ele>
        <time>2026-08-19T16:52:37Z</time>
      </trkpt>
      <trkpt lat="59.436455" lon="24.746163">
        <ele>21.8</ele>
        <time>2026-08-19T16:52:38Z</time>
      </trkpt>
      <trkpt lat="59.436458" lon="24.746163">
        <ele>21.8</ele>
        <time>2026-08-19T16:52:39Z</time>
      </trkpt>
      <trkpt lat="59.436457" lon="24.746159">
        <ele>21.8</ele>
        <time>2026-08-19T16:52:40Z</time>
      </trkpt>
      <trkpt lat="59.436458" lon="24.746163">
        <ele>21.8</ele>
        <time>2026-08-19T16:52:41Z</time>
      </trkpt>
      <trkpt lat="59.436456" lon="24.746174">
        <ele>21.8</ele>
        <time>2026-08-19T16:52:42Z</time>
      </trkpt>
      <trkpt lat="59.436454" lon="24.746166">
        <ele>21.8</ele>
        <time>2026-08-19T16:52:43Z</time>
      </trkpt>
      <trkpt lat="59.436445" lon="24.746151">
        <ele>21.8</ele>
        <time>2026-08-19T16:52:44Z</time>
      </trkpt>
      <trkpt lat="59.436435" lon="24.74614">
        <ele>21.9</ele>
        <time>2026-08-19T16:52:45Z</time>
      </trkpt>
      <trkpt lat="59.436438" lon="24.74613">
        <ele>21.9</ele>
        <time>2026-08-19T16:52:46Z</time>
      </trkpt>
      <trkpt lat="59.436441" lon="24.746135">
        <ele>21.9</ele>
        <time>2026-08-19T16:52:47Z</time>
      </trkpt>
      <trkpt lat="59.436446" lon="24.746142">
        <ele>21.9</ele>
        <time>2026-08-19T16:52:48Z</time>
      </trkpt>
      <trkpt lat="59.436445" lon="24.746116">
        <ele>21.9</ele>
        <time>2026-08-19T16:52:49Z</time>
      </trkpt>
      <trkpt lat="59.436445" lon="24.746104">
        <ele>21.9</ele>
        <time>2026-08-19T16:52:50Z</time>
      </trkpt>
      <trkpt lat="59.436443" lon="24.746099">
        <ele>21.9</ele>
        <time>2026-08-19T16:52:51Z</time>
      </trkpt>
      <trkpt lat="59.436448" lon="24.746109">
        <ele>21.9</ele>
        <time>2026-08-19T16:52:52Z</time>
      </trkpt>
      <trkpt lat="59.436449" lon="24.746086">
        <ele>21.9</ele>
        <time>2026-08-19T16:52:53Z</time>
      </trkpt>
      <trkpt lat="59.43645" lon="24.746089">
        <ele>21.9</ele>
        <time>2026-08-19T16:52:54Z</time>
      </trkpt>
      <trkpt lat="59.43645" lon="24.746089">
        <ele>21.9</ele>
        <time>2026-08-19T16:52:55Z</time>
      </trkpt>
      <trkpt lat="59.43645" lon="24.746089">
        <ele>21.9</ele>
        <time>2026-08-19T16:52:56Z</time>
      </trkpt>
      <trkpt lat="59.43645" lon="24.746089">
        <ele>21.9</ele>
        <time>2026-08-19T16:52:57Z</time>
      </trkpt>
      <trkpt lat="59.436453" lon="24.746086">
        <ele>21.9</ele>
        <time>2026-08-19T16:52:58Z</time>
      </trkpt>
      <trkpt lat="59.436455" lon="24.746063">
        <ele>21.9</ele>
        <time>2026-08-19T16:52:59Z</time>
      </trkpt>
      <trkpt lat="59.436455" lon="24.746071">
        <ele>21.9</ele>
        <time>2026-08-19T16:53:00Z</time>
      </trkpt>
      <trkpt lat="59.436455" lon="24.746073">
        <ele>21.9</ele>
        <time>2026-08-19T16:53:01Z</time>
      </trkpt>
      <trkpt lat="59.436455" lon="24.746075">
        <ele>21.9</ele>
        <time>2026-08-19T16:53:02Z</time>
      </trkpt>
      <trkpt lat="59.436455" lon="24.74607">
        <ele>21.9</ele>
        <time>2026-08-19T16:53:03Z</time>
      </trkpt>
      <trkpt lat="59.436455" lon="24.746071">
        <ele>21.9</ele>
        <time>2026-08-19T16:53:04Z</time>
      </trkpt>
      <trkpt lat="59.436455" lon="24.746071">
        <ele>21.9</ele>
        <time>2026-08-19T16:53:05Z</time>
      </trkpt>
      <trkpt lat="59.436455" lon="24.746071">
        <ele>21.9</ele>
        <time>2026-08-19T16:53:06Z</time>
      </trkpt>
      <trkpt lat="59.436455" lon="24.746071">
        <ele>21.9</ele>
        <time>2026-08-19T16:53:07Z</time>
      </trkpt>
      <trkpt lat="59.436455" lon="24.746071">
        <ele>21.9</ele>
        <time>2026-08-19T16:53:08Z</time>
      </trkpt>
      <trkpt lat="59.436455" lon="24.746071">
        <ele>21.9</ele>
        <time>2026-08-19T16:53:09Z</time>
      </trkpt>
      <trkpt lat="59.436455" lon="24.746071">
        <ele>21.9</ele>
        <time>2026-08-19T16:53:10Z</time>
      </trkpt>
      <trkpt lat="59.436455" lon="24.746071">
        <ele>21.9</ele>
        <time>2026-08-19T16:53:11Z</time>
      </trkpt>
      <trkpt lat="59.436455" lon="24.746071">
        <ele>21.9</ele>
        <time>2026-08-19T16:53:12Z</time>
      </trkpt>
      <trkpt lat="59.436455" lon="24.746071">
        <ele>21.9</ele>
        <time>2026-08-19T16:53:13Z</time>
      </trkpt>
      <trkpt lat="59.436455" lon="24.746071">
        <ele>21.9</ele>
        <time>2026-08-19T16:53:14Z</time>
      </trkpt>
      <trkpt lat="59.436455" lon="24.746071">
        <ele>21.9</ele>
        <time>2026-08-19T16:53:15Z</time>
      </trkpt>
      <trkpt lat="59.436455" lon="24.746071">
        <ele>21.9</ele>
        <time>2026-08-19T16:53:16Z</time>
      </trkpt>
      <trkpt lat="59.436455" lon="24.746071">
        <ele>21.9</ele>
        <time>2026-08-19T16:53:17Z</time>
      </trkpt>
      <trkpt lat="59.436463" lon="24.746091">
        <ele>21.9</ele>
        <time>2026-08-19T16:53:18Z</time>
      </trkpt>
      <trkpt lat="59.436464" lon="24.746089">
        <ele>21.9</ele>
        <time>2026-08-19T16:53:19Z</time>
      </trkpt>
      <trkpt lat="59.436463" lon="24.746091">
        <ele>21.9</ele>
        <time>2026-08-19T16:53:20Z</time>
      </trkpt>
      <trkpt lat="59.43646" lon="24.746094">
        <ele>21.9</ele>
        <time>2026-08-19T16:53:21Z</time>
      </trkpt>
      <trkpt lat="59.43646" lon="24.746098">
        <ele>21.9</ele>
        <time>2026-08-19T16:53:22Z</time>
      </trkpt>
      <trkpt lat="59.436463" lon="24.746103">
        <ele>21.9</ele>
        <time>2026-08-19T16:53:23Z</time>
      </trkpt>
      <trkpt lat="59.436456" lon="24.746097">
        <ele>21.9</ele>
        <time>2026-08-19T16:53:24Z</time>
      </trkpt>
      <trkpt lat="59.436435" lon="24.746089">
        <ele>22.0</ele>
        <time>2026-08-19T16:53:25Z</time>
      </trkpt>
      <trkpt lat="59.436438" lon="24.746092">
        <ele>22.0</ele>
        <time>2026-08-19T16:53:26Z</time>
      </trkpt>
      <trkpt lat="59.436438" lon="24.746092">
        <ele>22.0</ele>
        <time>2026-08-19T16:53:27Z</time>
      </trkpt>
      <trkpt lat="59.436438" lon="24.746092">
        <ele>22.0</ele>
        <time>2026-08-19T16:53:28Z</time>
      </trkpt>
      <trkpt lat="59.436438" lon="24.746092">
        <ele>22.0</ele>
        <time>2026-08-19T16:53:29Z</time>
      </trkpt>
      <trkpt lat="59.436438" lon="24.746092">
        <ele>22.0</ele>
        <time>2026-08-19T16:53:30Z</time>
      </trkpt>
      <trkpt lat="59.436438" lon="24.746092">
        <ele>22.0</ele>
        <time>2026-08-19T16:53:31Z</time>
      </trkpt>
      <trkpt lat="59.436438" lon="24.746092">
        <ele>22.0</ele>
        <time>2026-08-19T16:53:32Z</time>
      </trkpt>
      <trkpt lat="59.436438" lon="24.746092">
        <ele>22.0</ele>
        <time>2026-08-19T16:53:33Z</time>
      </trkpt>
      <trkpt lat="59.436438" lon="24.746092">
        <ele>22.0</ele>
        <time>2026-08-19T16:53:34Z</time>
      </trkpt>
      <trkpt lat="59.436438" lon="24.746092">
        <ele>22.0</ele>
        <time>2026-08-19T16:53:35Z</time>
      </trkpt>
      <trkpt lat="59.436438" lon="24.746092">
        <ele>22.0</ele>
        <time>2026-08-19T16:53:36Z</time>
      </trkpt>
      <trkpt lat="59.436438" lon="24.746092">
        <ele>22.0</ele>
        <time>2026-08-19T16:53:37Z</time>
      </trkpt>
      <trkpt lat="59.436438" lon="24.746092">
        <ele>22.0</ele>
        <time>2026-08-19T16:53:38Z</time>
      </trkpt>
      <trkpt lat="59.436424" lon="24.746074">
        <ele>22.0</ele>
        <time>2026-08-19T16:53:39Z</time>
      </trkpt>
      <trkpt lat="59.436429" lon="24.746081">
        <ele>22.0</ele>
        <time>2026-08-19T16:53:40Z</time>
      </trkpt>
      <trkpt lat="59.436436" lon="24.746094">
        <ele>22.0</ele>
        <time>2026-08-19T16:53:41Z</time>
      </trkpt>
      <trkpt lat="59.436436" lon="24.746095">
        <ele>22.0</ele>
        <time>2026-08-19T16:53:42Z</time>
      </trkpt>
      <trkpt lat="59.436436" lon="24.746095">
        <ele>22.0</ele>
        <time>2026-08-19T16:53:43Z</time>
      </trkpt>
      <trkpt lat="59.436436" lon="24.746095">
        <ele>22.0</ele>
        <time>2026-08-19T16:53:44Z</time>
      </trkpt>
      <trkpt lat="59.436436" lon="24.746095">
        <ele>22.0</ele>
        <time>2026-08-19T16:53:45Z</time>
      </trkpt>
      <trkpt lat="59.436436" lon="24.746095">
        <ele>22.0</ele>
        <time>2026-08-19T16:53:46Z</time>
      </trkpt>
      <trkpt lat="59.436436" lon="24.746095">
        <ele>22.0</ele>
        <time>2026-08-19T16:53:47Z</time>
      </trkpt>
      <trkpt lat="59.436436" lon="24.746095">
        <ele>22.0</ele>
        <time>2026-08-19T16:53:48Z</time>
      </trkpt>
      <trkpt lat="59.436436" lon="24.746095">
        <ele>22.0</ele>
        <time>2026-08-19T16:53:49Z</time>
      </trkpt>
      <trkpt lat="59.436436" lon="24.746095">
        <ele>22.0</ele>
        <time>2026-08-19T16:53:50Z</time>
      </trkpt>
      <trkpt lat="59.436436" lon="24.746095">
        <ele>22.0</ele>
        <time>2026-08-19T16:53:51Z</time>
      </trkpt>
      <trkpt lat="59.436436" lon="24.746095">
        <ele>22.0</ele>
        <time>2026-08-19T16:53:52Z</time>
      </trkpt>
      <trkpt lat="59.436436" lon="24.746095">
        <ele>22.0</ele>
        <time>2026-08-19T16:53:53Z</time>
      </trkpt>
      <trkpt lat="59.436436" lon="24.746095">
        <ele>22.0</ele>
        <time>2026-08-19T16:53:54Z</time>
      </trkpt>
      <trkpt lat="59.436436" lon="24.746095">
        <ele>22.0</ele>
        <time>2026-08-19T16:53:55Z</time>
      </trkpt>
      <trkpt lat="59.436436" lon="24.746095">
        <ele>22.0</ele>
        <time>2026-08-19T16:53:56Z</time>
      </trkpt>
      <trkpt lat="59.436436" lon="24.746095">
        <ele>22.0</ele>
        <time>2026-08-19T16:53:57Z</time>
      </trkpt>
      <trkpt lat="59.436436" lon="24.746095">
        <ele>22.0</ele>
        <time>2026-08-19T16:53:58Z</time>
      </trkpt>
      <trkpt lat="59.436436" lon="24.746095">
        <ele>22.0</ele>
        <time>2026-08-19T16:53:59Z</time>
      </trkpt>
      <trkpt lat="59.436436" lon="24.746095">
        <ele>22.0</ele>
        <time>2026-08-19T16:54:00Z</time>
      </trkpt>
      <trkpt lat="59.436448" lon="24.74611">
        <ele>22.0</ele>
        <time>2026-08-19T16:54:01Z</time>
      </trkpt>
      <trkpt lat="59.436451" lon="24.746106">
        <ele>22.0</ele>
        <time>2026-08-19T16:54:02Z</time>
      </trkpt>
      <trkpt lat="59.436453" lon="24.746109">
        <ele>22.0</ele>
        <time>2026-08-19T16:54:03Z</time>
      </trkpt>
    </trkseg>
  </trk>
</gpx>