<?xml version="1.0" encoding="UTF-8"?>
<gpx xmlns="http://www.topografix.com/GPX/1/1" xmlns:xsi="http://www.w3.org/2001/XMLSchema-instance" xsi:schemaLocation="http://www.topografix.com/GPX/1/1 http://www.topografix.com/GPX/1/1/gpx.xsd" version="1.1" creator="gpx.py -- https://github.com/tkrajina/gpxpy">
  <metadata>
    <name>1787481630.Tallin_tri_spectating_running_inbetween_vantage_points</name>
    <time>2026-08-23T10:40:30Z</time>
    <keywords>19864246633</keywords>
  </metadata>
  <trk>
    <name>1787481630.Tallin_tri_spectating_running_inbetween_vantage_points</name>
    <cmt>2026-08-23</cmt>
    <type>Walk</type>
    <trkseg>
      <trkpt lat="59.426509" lon="24.653712">
        <ele>9.9</ele>
        <time>2026-08-23T10:40:30Z</time>
      </trkpt>
      <trkpt lat="59.426509" lon="24.653712">
        <ele>9.9</ele>
        <time>2026-08-23T10:40:31Z</time>
      </trkpt>
      <trkpt lat="59.426515" lon="24.653734">
        <ele>9.9</ele>
        <time>2026-08-23T10:40:32Z</time>
      </trkpt>
      <trkpt lat="59.426505" lon="24.653751">
        <ele>9.9</ele>
        <time>2026-08-23T10:40:33Z</time>
      </trkpt>
      <trkpt lat="59.426513" lon="24.653772">
        <ele>9.9</ele>
        <time>2026-08-23T10:40:34Z</time>
      </trkpt>
      <trkpt lat="59.426524" lon="24.653791">
        <ele>9.9</ele>
        <time>2026-08-23T10:40:35Z</time>
      </trkpt>
      <trkpt lat="59.426539" lon="24.65382">
        <ele>9.9</ele>
        <time>2026-08-23T10:40:36Z</time>
      </trkpt>
      <trkpt lat="59.426539" lon="24.65382">
        <ele>9.9</ele>
        <time>2026-08-23T10:40:37Z</time>
      </trkpt>
      <trkpt lat="59.426547" lon="24.653845">
        <ele>9.9</ele>
        <time>2026-08-23T10:40:38Z</time>
      </trkpt>
      <trkpt lat="59.426557" lon="24.653877">
        <ele>9.9</ele>
        <time>2026-08-23T10:40:39Z</time>
      </trkpt>
      <trkpt lat="59.426567" lon="24.65391">
        <ele>9.9</ele>
        <time>2026-08-23T10:40:40Z</time>
      </trkpt>
      <trkpt lat="59.426567" lon="24.65391">
        <ele>9.9</ele>
        <time>2026-08-23T10:40:41Z</time>
      </trkpt>
      <trkpt lat="59.426567" lon="24.65391">
        <ele>9.9</ele>
        <time>2026-08-23T10:40:42Z</time>
      </trkpt>
      <trkpt lat="59.426578" lon="24.653945">
        <ele>9.9</ele>
        <time>2026-08-23T10:40:43Z</time>
      </trkpt>
      <trkpt lat="59.426578" lon="24.653945">
        <ele>9.9</ele>
        <time>2026-08-23T10:40:44Z</time>
      </trkpt>
      <trkpt lat="59.426578" lon="24.653945">
        <ele>9.9</ele>
        <time>2026-08-23T10:40:45Z</time>
      </trkpt>
      <trkpt lat="59.42659" lon="24.653982">
        <ele>9.9</ele>
        <time>2026-08-23T10:40:46Z</time>
      </trkpt>
      <trkpt lat="59.42659" lon="24.653982">
        <ele>9.9</ele>
        <time>2026-08-23T10:40:47Z</time>
      </trkpt>
      <trkpt lat="59.42659" lon="24.653982">
        <ele>9.9</ele>
        <time>2026-08-23T10:40:48Z</time>
      </trkpt>
      <trkpt lat="59.42659" lon="24.653982">
        <ele>9.9</ele>
        <time>2026-08-23T10:40:49Z</time>
      </trkpt>
      <trkpt lat="59.42659" lon="24.653982">
        <ele>9.9</ele>
        <time>2026-08-23T10:40:50Z</time>
      </trkpt>
      <trkpt lat="59.42659" lon="24.653982">
        <ele>9.9</ele>
        <time>2026-08-23T10:40:51Z</time>
      </trkpt>
      <trkpt lat="59.42659" lon="24.653982">
        <ele>9.9</ele>
        <time>2026-08-23T10:40:52Z</time>
      </trkpt>
      <trkpt lat="59.42659" lon="24.653982">
        <ele>9.9</ele>
        <time>2026-08-23T10:40:53Z</time>
      </trkpt>
      <trkpt lat="59.42659" lon="24.653982">
        <ele>9.9</ele>
        <time>2026-08-23T10:40:54Z</time>
      </trkpt>
      <trkpt lat="59.42659" lon="24.653982">
        <ele>9.9</ele>
        <time>2026-08-23T10:40:55Z</time>
      </trkpt>
      <trkpt lat="59.42659" lon="24.653982">
        <ele>9.9</ele>
        <time>2026-08-23T10:40:56Z</time>
      </trkpt>
      <trkpt lat="59.42659" lon="24.653982">
        <ele>9.9</ele>
        <time>2026-08-23T10:40:57Z</time>
      </trkpt>
      <trkpt lat="59.42659" lon="24.653982">
        <ele>9.9</ele>
        <time>2026-08-23T10:40:58Z</time>
      </trkpt>
      <trkpt lat="59.42659" lon="24.653982">
        <ele>9.9</ele>
        <time>2026-08-23T10:40:59Z</time>
      </trkpt>
      <trkpt lat="59.42659" lon="24.653982">
        <ele>9.9</ele>
        <time>2026-08-23T10:41:00Z</time>
      </trkpt>
      <trkpt lat="59.426604" lon="24.654025">
        <ele>9.9</ele>
        <time>2026-08-23T10:41:01Z</time>
      </trkpt>
      <trkpt lat="59.426604" lon="24.654025">
        <ele>9.9</ele>
        <time>2026-08-23T10:41:02Z</time>
      </trkpt>
      <trkpt lat="59.426604" lon="24.654025">
        <ele>9.9</ele>
        <time>2026-08-23T10:41:03Z</time>
      </trkpt>
      <trkpt lat="59.426606" lon="24.654033">
        <ele>9.9</ele>
        <time>2026-08-23T10:41:04Z</time>
      </trkpt>
      <trkpt lat="59.426606" lon="24.654033">
        <ele>9.9</ele>
        <time>2026-08-23T10:41:05Z</time>
      </trkpt>
      <trkpt lat="59.426614" lon="24.654051">
        <ele>9.9</ele>
        <time>2026-08-23T10:41:06Z</time>
      </trkpt>
      <trkpt lat="59.426635" lon="24.654079">
        <ele>9.8</ele>
        <time>2026-08-23T10:41:07Z</time>
      </trkpt>
      <trkpt lat="59.426635" lon="24.654079">
        <ele>9.8</ele>
        <time>2026-08-23T10:41:08Z</time>
      </trkpt>
      <trkpt lat="59.426634" lon="24.654079">
        <ele>9.8</ele>
        <time>2026-08-23T10:41:09Z</time>
      </trkpt>
      <trkpt lat="59.426634" lon="24.654079">
        <ele>9.8</ele>
        <time>2026-08-23T10:41:10Z</time>
      </trkpt>
      <trkpt lat="59.426632" lon="24.65408">
        <ele>9.8</ele>
        <time>2026-08-23T10:41:11Z</time>
      </trkpt>
      <trkpt lat="59.426632" lon="24.65408">
        <ele>9.8</ele>
        <time>2026-08-23T10:41:15Z</time>
      </trkpt>
      <trkpt lat="59.426632" lon="24.65408">
        <ele>9.8</ele>
        <time>2026-08-23T10:41:16Z</time>
      </trkpt>
      <trkpt lat="59.426632" lon="24.65408">
        <ele>9.8</ele>
        <time>2026-08-23T10:41:19Z</time>
      </trkpt>
      <trkpt lat="59.426632" lon="24.65408">
        <ele>9.8</ele>
        <time>2026-08-23T10:41:21Z</time>
      </trkpt>
      <trkpt lat="59.426632" lon="24.65408">
        <ele>9.8</ele>
        <time>2026-08-23T10:41:22Z</time>
      </trkpt>
      <trkpt lat="59.426632" lon="24.65408">
        <ele>9.8</ele>
        <time>2026-08-23T10:41:24Z</time>
      </trkpt>
      <trkpt lat="59.426632" lon="24.65408">
        <ele>9.8</ele>
        <time>2026-08-23T10:41:27Z</time>
      </trkpt>
      <trkpt lat="59.426632" lon="24.65408">
        <ele>9.8</ele>
        <time>2026-08-23T10:41:29Z</time>
      </trkpt>
      <trkpt lat="59.426632" lon="24.65408">
        <ele>9.8</ele>
        <time>2026-08-23T10:41:32Z</time>
      </trkpt>
      <trkpt lat="59.426632" lon="24.65408">
        <ele>9.8</ele>
        <time>2026-08-23T10:41:33Z</time>
      </trkpt>
      <trkpt lat="59.426632" lon="24.65408">
        <ele>9.8</ele>
        <time>2026-08-23T10:41:34Z</time>
      </trkpt>
      <trkpt lat="59.426632" lon="24.65408">
        <ele>9.8</ele>
        <time>2026-08-23T10:41:36Z</time>
      </trkpt>
      <trkpt lat="59.426632" lon="24.65408">
        <ele>9.8</ele>
        <time>2026-08-23T10:41:37Z</time>
      </trkpt>
      <trkpt lat="59.426632" lon="24.65408">
        <ele>9.8</ele>
        <time>2026-08-23T10:41:39Z</time>
      </trkpt>
      <trkpt lat="59.426632" lon="24.65408">
        <ele>9.8</ele>
        <time>2026-08-23T10:41:41Z</time>
      </trkpt>
      <trkpt lat="59.426632" lon="24.65408">
        <ele>9.8</ele>
        <time>2026-08-23T10:41:42Z</time>
      </trkpt>
      <trkpt lat="59.426626" lon="24.654083">
        <ele>9.8</ele>
        <time>2026-08-23T10:41:44Z</time>
      </trkpt>
      <trkpt lat="59.426626" lon="24.654083">
        <ele>9.8</ele>
        <time>2026-08-23T10:41:46Z</time>
      </trkpt>
      <trkpt lat="59.426626" lon="24.654083">
        <ele>9.8</ele>
        <time>2026-08-23T10:41:47Z</time>
      </trkpt>
      <trkpt lat="59.426626" lon="24.654083">
        <ele>9.8</ele>
        <time>2026-08-23T10:41:50Z</time>
      </trkpt>
      <trkpt lat="59.426626" lon="24.654083">
        <ele>9.8</ele>
        <time>2026-08-23T10:41:51Z</time>
      </trkpt>
      <trkpt lat="59.426624" lon="24.654084">
        <ele>9.8</ele>
        <time>2026-08-23T10:41:52Z</time>
      </trkpt>
      <trkpt lat="59.426624" lon="24.654084">
        <ele>9.8</ele>
        <time>2026-08-23T10:41:55Z</time>
      </trkpt>
      <trkpt lat="59.426623" lon="24.654084">
        <ele>9.8</ele>
        <time>2026-08-23T10:41:57Z</time>
      </trkpt>
      <trkpt lat="59.426623" lon="24.654085">
        <ele>9.8</ele>
        <time>2026-08-23T10:41:59Z</time>
      </trkpt>
      <trkpt lat="59.426623" lon="24.654085">
        <ele>9.8</ele>
        <time>2026-08-23T10:42:00Z</time>
      </trkpt>
      <trkpt lat="59.426623" lon="24.654085">
        <ele>9.8</ele>
        <time>2026-08-23T10:42:02Z</time>
      </trkpt>
      <trkpt lat="59.426622" lon="24.654085">
        <ele>9.8</ele>
        <time>2026-08-23T10:42:04Z</time>
      </trkpt>
      <trkpt lat="59.426622" lon="24.654085">
        <ele>9.8</ele>
        <time>2026-08-23T10:42:05Z</time>
      </trkpt>
      <trkpt lat="59.426622" lon="24.654085">
        <ele>9.8</ele>
        <time>2026-08-23T10:42:06Z</time>
      </trkpt>
      <trkpt lat="59.426622" lon="24.654085">
        <ele>9.8</ele>
        <time>2026-08-23T10:42:07Z</time>
      </trkpt>
      <trkpt lat="59.426621" lon="24.654086">
        <ele>9.8</ele>
        <time>2026-08-23T10:42:10Z</time>
      </trkpt>
      <trkpt lat="59.42662" lon="24.654086">
        <ele>9.8</ele>
        <time>2026-08-23T10:42:13Z</time>
      </trkpt>
      <trkpt lat="59.42662" lon="24.654086">
        <ele>9.8</ele>
        <time>2026-08-23T10:42:15Z</time>
      </trkpt>
      <trkpt lat="59.42662" lon="24.654086">
        <ele>9.8</ele>
        <time>2026-08-23T10:42:18Z</time>
      </trkpt>
      <trkpt lat="59.426619" lon="24.654086">
        <ele>9.8</ele>
        <time>2026-08-23T10:42:19Z</time>
      </trkpt>
      <trkpt lat="59.426619" lon="24.654087">
        <ele>9.8</ele>
        <time>2026-08-23T10:42:20Z</time>
      </trkpt>
      <trkpt lat="59.426619" lon="24.654087">
        <ele>9.8</ele>
        <time>2026-08-23T10:42:21Z</time>
      </trkpt>
      <trkpt lat="59.426619" lon="24.654087">
        <ele>9.8</ele>
        <time>2026-08-23T10:42:23Z</time>
      </trkpt>
      <trkpt lat="59.426618" lon="24.654087">
        <ele>9.8</ele>
        <time>2026-08-23T10:42:25Z</time>
      </trkpt>
      <trkpt lat="59.426618" lon="24.654087">
        <ele>9.8</ele>
        <time>2026-08-23T10:42:28Z</time>
      </trkpt>
      <trkpt lat="59.426617" lon="24.654087">
        <ele>9.8</ele>
        <time>2026-08-23T10:42:30Z</time>
      </trkpt>
      <trkpt lat="59.426617" lon="24.654088">
        <ele>9.8</ele>
        <time>2026-08-23T10:42:31Z</time>
      </trkpt>
      <trkpt lat="59.426616" lon="24.654088">
        <ele>9.8</ele>
        <time>2026-08-23T10:42:32Z</time>
      </trkpt>
      <trkpt lat="59.426615" lon="24.654089">
        <ele>9.8</ele>
        <time>2026-08-23T10:42:33Z</time>
      </trkpt>
      <trkpt lat="59.426612" lon="24.65409">
        <ele>9.8</ele>
        <time>2026-08-23T10:42:36Z</time>
      </trkpt>
      <trkpt lat="59.426611" lon="24.654091">
        <ele>9.8</ele>
        <time>2026-08-23T10:42:37Z</time>
      </trkpt>
      <trkpt lat="59.42661" lon="24.654091">
        <ele>9.8</ele>
        <time>2026-08-23T10:42:38Z</time>
      </trkpt>
      <trkpt lat="59.426608" lon="24.654092">
        <ele>9.8</ele>
        <time>2026-08-23T10:42:41Z</time>
      </trkpt>
      <trkpt lat="59.426605" lon="24.654093">
        <ele>9.8</ele>
        <time>2026-08-23T10:42:43Z</time>
      </trkpt>
      <trkpt lat="59.426603" lon="24.654094">
        <ele>9.8</ele>
        <time>2026-08-23T10:42:46Z</time>
      </trkpt>
      <trkpt lat="59.426601" lon="24.654095">
        <ele>9.8</ele>
        <time>2026-08-23T10:42:48Z</time>
      </trkpt>
      <trkpt lat="59.426601" lon="24.654095">
        <ele>9.8</ele>
        <time>2026-08-23T10:42:50Z</time>
      </trkpt>
      <trkpt lat="59.426599" lon="24.654096">
        <ele>9.8</ele>
        <time>2026-08-23T10:42:51Z</time>
      </trkpt>
      <trkpt lat="59.426597" lon="24.654097">
        <ele>9.8</ele>
        <time>2026-08-23T10:42:54Z</time>
      </trkpt>
      <trkpt lat="59.426596" lon="24.654098">
        <ele>9.8</ele>
        <time>2026-08-23T10:42:56Z</time>
      </trkpt>
      <trkpt lat="59.426594" lon="24.654098">
        <ele>9.8</ele>
        <time>2026-08-23T10:42:59Z</time>
      </trkpt>
      <trkpt lat="59.426592" lon="24.654099">
        <ele>9.8</ele>
        <time>2026-08-23T10:43:01Z</time>
      </trkpt>
      <trkpt lat="59.426592" lon="24.654099">
        <ele>9.8</ele>
        <time>2026-08-23T10:43:02Z</time>
      </trkpt>
      <trkpt lat="59.426589" lon="24.654101">
        <ele>9.8</ele>
        <time>2026-08-23T10:43:04Z</time>
      </trkpt>
      <trkpt lat="59.426589" lon="24.654101">
        <ele>9.8</ele>
        <time>2026-08-23T10:43:06Z</time>
      </trkpt>
      <trkpt lat="59.426588" lon="24.654101">
        <ele>9.8</ele>
        <time>2026-08-23T10:43:09Z</time>
      </trkpt>
      <trkpt lat="59.426586" lon="24.654102">
        <ele>9.8</ele>
        <time>2026-08-23T10:43:11Z</time>
      </trkpt>
      <trkpt lat="59.426584" lon="24.654103">
        <ele>9.8</ele>
        <time>2026-08-23T10:43:14Z</time>
      </trkpt>
      <trkpt lat="59.426584" lon="24.654103">
        <ele>9.8</ele>
        <time>2026-08-23T10:43:15Z</time>
      </trkpt>
      <trkpt lat="59.426583" lon="24.654104">
        <ele>9.8</ele>
        <time>2026-08-23T10:43:17Z</time>
      </trkpt>
      <trkpt lat="59.426581" lon="24.654105">
        <ele>9.8</ele>
        <time>2026-08-23T10:43:19Z</time>
      </trkpt>
      <trkpt lat="59.426578" lon="24.654106">
        <ele>9.8</ele>
        <time>2026-08-23T10:43:22Z</time>
      </trkpt>
      <trkpt lat="59.426576" lon="24.654107">
        <ele>9.8</ele>
        <time>2026-08-23T10:43:24Z</time>
      </trkpt>
      <trkpt lat="59.426576" lon="24.654107">
        <ele>9.8</ele>
        <time>2026-08-23T10:43:25Z</time>
      </trkpt>
      <trkpt lat="59.426575" lon="24.654108">
        <ele>9.8</ele>
        <time>2026-08-23T10:43:27Z</time>
      </trkpt>
      <trkpt lat="59.426573" lon="24.654109">
        <ele>9.8</ele>
        <time>2026-08-23T10:43:29Z</time>
      </trkpt>
      <trkpt lat="59.426573" lon="24.654109">
        <ele>9.8</ele>
        <time>2026-08-23T10:43:31Z</time>
      </trkpt>
      <trkpt lat="59.426571" lon="24.65411">
        <ele>9.8</ele>
        <time>2026-08-23T10:43:32Z</time>
      </trkpt>
      <trkpt lat="59.426568" lon="24.654111">
        <ele>9.8</ele>
        <time>2026-08-23T10:43:34Z</time>
      </trkpt>
      <trkpt lat="59.426566" lon="24.654112">
        <ele>9.8</ele>
        <time>2026-08-23T10:43:37Z</time>
      </trkpt>
      <trkpt lat="59.426563" lon="24.654113">
        <ele>9.8</ele>
        <time>2026-08-23T10:43:40Z</time>
      </trkpt>
      <trkpt lat="59.426562" lon="24.654114">
        <ele>9.8</ele>
        <time>2026-08-23T10:43:41Z</time>
      </trkpt>
      <trkpt lat="59.426561" lon="24.654114">
        <ele>9.8</ele>
        <time>2026-08-23T10:43:42Z</time>
      </trkpt>
      <trkpt lat="59.426559" lon="24.654115">
        <ele>9.8</ele>
        <time>2026-08-23T10:43:45Z</time>
      </trkpt>
      <trkpt lat="59.426559" lon="24.654115">
        <ele>9.8</ele>
        <time>2026-08-23T10:43:46Z</time>
      </trkpt>
      <trkpt lat="59.426558" lon="24.654116">
        <ele>9.8</ele>
        <time>2026-08-23T10:43:47Z</time>
      </trkpt>
      <trkpt lat="59.426557" lon="24.654116">
        <ele>9.8</ele>
        <time>2026-08-23T10:43:50Z</time>
      </trkpt>
      <trkpt lat="59.426555" lon="24.654117">
        <ele>9.8</ele>
        <time>2026-08-23T10:43:52Z</time>
      </trkpt>
      <trkpt lat="59.426555" lon="24.654117">
        <ele>9.8</ele>
        <time>2026-08-23T10:43:53Z</time>
      </trkpt>
      <trkpt lat="59.426553" lon="24.654118">
        <ele>9.8</ele>
        <time>2026-08-23T10:43:55Z</time>
      </trkpt>
      <trkpt lat="59.426553" lon="24.654118">
        <ele>9.8</ele>
        <time>2026-08-23T10:43:56Z</time>
      </trkpt>
      <trkpt lat="59.426551" lon="24.654119">
        <ele>9.8</ele>
        <time>2026-08-23T10:43:57Z</time>
      </trkpt>
      <trkpt lat="59.42655" lon="24.65412">
        <ele>9.8</ele>
        <time>2026-08-23T10:44:00Z</time>
      </trkpt>
      <trkpt lat="59.42655" lon="24.65412">
        <ele>9.8</ele>
        <time>2026-08-23T10:44:01Z</time>
      </trkpt>
      <trkpt lat="59.426547" lon="24.654121">
        <ele>9.8</ele>
        <time>2026-08-23T10:44:03Z</time>
      </trkpt>
      <trkpt lat="59.426547" lon="24.654121">
        <ele>9.8</ele>
        <time>2026-08-23T10:44:05Z</time>
      </trkpt>
      <trkpt lat="59.426547" lon="24.654121">
        <ele>9.8</ele>
        <time>2026-08-23T10:44:08Z</time>
      </trkpt>
      <trkpt lat="59.426547" lon="24.654121">
        <ele>9.8</ele>
        <time>2026-08-23T10:44:10Z</time>
      </trkpt>
      <trkpt lat="59.426546" lon="24.654121">
        <ele>9.8</ele>
        <time>2026-08-23T10:44:11Z</time>
      </trkpt>
      <trkpt lat="59.426546" lon="24.654121">
        <ele>9.8</ele>
        <time>2026-08-23T10:44:13Z</time>
      </trkpt>
      <trkpt lat="59.426546" lon="24.654121">
        <ele>9.8</ele>
        <time>2026-08-23T10:44:15Z</time>
      </trkpt>
      <trkpt lat="59.426546" lon="24.654122">
        <ele>9.8</ele>
        <time>2026-08-23T10:44:16Z</time>
      </trkpt>
      <trkpt lat="59.426546" lon="24.654122">
        <ele>9.8</ele>
        <time>2026-08-23T10:44:18Z</time>
      </trkpt>
      <trkpt lat="59.426545" lon="24.654122">
        <ele>9.8</ele>
        <time>2026-08-23T10:44:21Z</time>
      </trkpt>
      <trkpt lat="59.426545" lon="24.654122">
        <ele>9.8</ele>
        <time>2026-08-23T10:44:23Z</time>
      </trkpt>
      <trkpt lat="59.426545" lon="24.654122">
        <ele>9.8</ele>
        <time>2026-08-23T10:44:24Z</time>
      </trkpt>
      <trkpt lat="59.426545" lon="24.654122">
        <ele>9.8</ele>
        <time>2026-08-23T10:44:26Z</time>
      </trkpt>
      <trkpt lat="59.426544" lon="24.654122">
        <ele>9.8</ele>
        <time>2026-08-23T10:44:28Z</time>
      </trkpt>
      <trkpt lat="59.426544" lon="24.654122">
        <ele>9.8</ele>
        <time>2026-08-23T10:44:30Z</time>
      </trkpt>
      <trkpt lat="59.426544" lon="24.654122">
        <ele>9.8</ele>
        <time>2026-08-23T10:44:31Z</time>
      </trkpt>
      <trkpt lat="59.426543" lon="24.654123">
        <ele>9.8</ele>
        <time>2026-08-23T10:44:36Z</time>
      </trkpt>
      <trkpt lat="59.426542" lon="24.654123">
        <ele>9.8</ele>
        <time>2026-08-23T10:44:48Z</time>
      </trkpt>
      <trkpt lat="59.426542" lon="24.654124">
        <ele>9.8</ele>
        <time>2026-08-23T10:44:51Z</time>
      </trkpt>
      <trkpt lat="59.426541" lon="24.654124">
        <ele>9.8</ele>
        <time>2026-08-23T10:44:56Z</time>
      </trkpt>
      <trkpt lat="59.42654" lon="24.654124">
        <ele>9.8</ele>
        <time>2026-08-23T10:45:04Z</time>
      </trkpt>
      <trkpt lat="59.42654" lon="24.654124">
        <ele>9.8</ele>
        <time>2026-08-23T10:45:07Z</time>
      </trkpt>
      <trkpt lat="59.426539" lon="24.654125">
        <ele>9.8</ele>
        <time>2026-08-23T10:45:11Z</time>
      </trkpt>
      <trkpt lat="59.426539" lon="24.654125">
        <ele>9.8</ele>
        <time>2026-08-23T10:45:16Z</time>
      </trkpt>
      <trkpt lat="59.426538" lon="24.654125">
        <ele>9.8</ele>
        <time>2026-08-23T10:45:21Z</time>
      </trkpt>
      <trkpt lat="59.426537" lon="24.654126">
        <ele>9.8</ele>
        <time>2026-08-23T10:45:26Z</time>
      </trkpt>
      <trkpt lat="59.426537" lon="24.654126">
        <ele>9.8</ele>
        <time>2026-08-23T10:45:27Z</time>
      </trkpt>
      <trkpt lat="59.426537" lon="24.654126">
        <ele>9.8</ele>
        <time>2026-08-23T10:45:30Z</time>
      </trkpt>
      <trkpt lat="59.426537" lon="24.654126">
        <ele>9.8</ele>
        <time>2026-08-23T10:45:31Z</time>
      </trkpt>
      <trkpt lat="59.426537" lon="24.654126">
        <ele>9.8</ele>
        <time>2026-08-23T10:45:32Z</time>
      </trkpt>
      <trkpt lat="59.426535" lon="24.654127">
        <ele>9.8</ele>
        <time>2026-08-23T10:45:35Z</time>
      </trkpt>
      <trkpt lat="59.426533" lon="24.654128">
        <ele>9.8</ele>
        <time>2026-08-23T10:45:37Z</time>
      </trkpt>
      <trkpt lat="59.426533" lon="24.654128">
        <ele>9.8</ele>
        <time>2026-08-23T10:45:40Z</time>
      </trkpt>
      <trkpt lat="59.426533" lon="24.654128">
        <ele>9.8</ele>
        <time>2026-08-23T10:45:41Z</time>
      </trkpt>
      <trkpt lat="59.426532" lon="24.654128">
        <ele>9.8</ele>
        <time>2026-08-23T10:45:42Z</time>
      </trkpt>
      <trkpt lat="59.426532" lon="24.654128">
        <ele>9.8</ele>
        <time>2026-08-23T10:45:45Z</time>
      </trkpt>
      <trkpt lat="59.426532" lon="24.654128">
        <ele>9.8</ele>
        <time>2026-08-23T10:45:47Z</time>
      </trkpt>
      <trkpt lat="59.426532" lon="24.654128">
        <ele>9.8</ele>
        <time>2026-08-23T10:45:48Z</time>
      </trkpt>
      <trkpt lat="59.426531" lon="24.654129">
        <ele>9.8</ele>
        <time>2026-08-23T10:45:50Z</time>
      </trkpt>
      <trkpt lat="59.426531" lon="24.654129">
        <ele>9.8</ele>
        <time>2026-08-23T10:45:51Z</time>
      </trkpt>
      <trkpt lat="59.426531" lon="24.654129">
        <ele>9.8</ele>
        <time>2026-08-23T10:45:53Z</time>
      </trkpt>
      <trkpt lat="59.426531" lon="24.654129">
        <ele>9.8</ele>
        <time>2026-08-23T10:45:55Z</time>
      </trkpt>
      <trkpt lat="59.42653" lon="24.654129">
        <ele>9.8</ele>
        <time>2026-08-23T10:45:58Z</time>
      </trkpt>
      <trkpt lat="59.42653" lon="24.654129">
        <ele>9.8</ele>
        <time>2026-08-23T10:46:00Z</time>
      </trkpt>
      <trkpt lat="59.42653" lon="24.654129">
        <ele>9.8</ele>
        <time>2026-08-23T10:46:01Z</time>
      </trkpt>
      <trkpt lat="59.42653" lon="24.654129">
        <ele>9.8</ele>
        <time>2026-08-23T10:46:03Z</time>
      </trkpt>
      <trkpt lat="59.426528" lon="24.65413">
        <ele>9.8</ele>
        <time>2026-08-23T10:46:05Z</time>
      </trkpt>
      <trkpt lat="59.426528" lon="24.65413">
        <ele>9.8</ele>
        <time>2026-08-23T10:46:08Z</time>
      </trkpt>
      <trkpt lat="59.426528" lon="24.65413">
        <ele>9.8</ele>
        <time>2026-08-23T10:46:10Z</time>
      </trkpt>
      <trkpt lat="59.426528" lon="24.65413">
        <ele>9.8</ele>
        <time>2026-08-23T10:46:11Z</time>
      </trkpt>
      <trkpt lat="59.426528" lon="24.65413">
        <ele>9.8</ele>
        <time>2026-08-23T10:46:13Z</time>
      </trkpt>
      <trkpt lat="59.426528" lon="24.65413">
        <ele>9.8</ele>
        <time>2026-08-23T10:46:14Z</time>
      </trkpt>
      <trkpt lat="59.426528" lon="24.65413">
        <ele>9.8</ele>
        <time>2026-08-23T10:46:16Z</time>
      </trkpt>
      <trkpt lat="59.426528" lon="24.65413">
        <ele>9.8</ele>
        <time>2026-08-23T10:46:18Z</time>
      </trkpt>
      <trkpt lat="59.426525" lon="24.654131">
        <ele>9.8</ele>
        <time>2026-08-23T10:46:21Z</time>
      </trkpt>
      <trkpt lat="59.426525" lon="24.654131">
        <ele>9.8</ele>
        <time>2026-08-23T10:46:23Z</time>
      </trkpt>
      <trkpt lat="59.426525" lon="24.654131">
        <ele>9.8</ele>
        <time>2026-08-23T10:46:25Z</time>
      </trkpt>
      <trkpt lat="59.426525" lon="24.654131">
        <ele>9.8</ele>
        <time>2026-08-23T10:46:26Z</time>
      </trkpt>
      <trkpt lat="59.426525" lon="24.654131">
        <ele>9.8</ele>
        <time>2026-08-23T10:46:27Z</time>
      </trkpt>
      <trkpt lat="59.426525" lon="24.654131">
        <ele>9.8</ele>
        <time>2026-08-23T10:46:28Z</time>
      </trkpt>
      <trkpt lat="59.426524" lon="24.654132">
        <ele>9.8</ele>
        <time>2026-08-23T10:46:31Z</time>
      </trkpt>
      <trkpt lat="59.426521" lon="24.654133">
        <ele>9.8</ele>
        <time>2026-08-23T10:46:34Z</time>
      </trkpt>
      <trkpt lat="59.42652" lon="24.654134">
        <ele>9.8</ele>
        <time>2026-08-23T10:46:36Z</time>
      </trkpt>
      <trkpt lat="59.426519" lon="24.654134">
        <ele>9.8</ele>
        <time>2026-08-23T10:46:39Z</time>
      </trkpt>
      <trkpt lat="59.426517" lon="24.654135">
        <ele>9.8</ele>
        <time>2026-08-23T10:46:41Z</time>
      </trkpt>
      <trkpt lat="59.426517" lon="24.654135">
        <ele>9.8</ele>
        <time>2026-08-23T10:46:44Z</time>
      </trkpt>
      <trkpt lat="59.426517" lon="24.654135">
        <ele>9.8</ele>
        <time>2026-08-23T10:46:45Z</time>
      </trkpt>
      <trkpt lat="59.426516" lon="24.654136">
        <ele>9.8</ele>
        <time>2026-08-23T10:46:46Z</time>
      </trkpt>
      <trkpt lat="59.426516" lon="24.654136">
        <ele>9.8</ele>
        <time>2026-08-23T10:46:47Z</time>
      </trkpt>
      <trkpt lat="59.426514" lon="24.654137">
        <ele>9.8</ele>
        <time>2026-08-23T10:46:49Z</time>
      </trkpt>
      <trkpt lat="59.426513" lon="24.654137">
        <ele>9.8</ele>
        <time>2026-08-23T10:46:51Z</time>
      </trkpt>
      <trkpt lat="59.426509" lon="24.654139">
        <ele>9.8</ele>
        <time>2026-08-23T10:46:54Z</time>
      </trkpt>
      <trkpt lat="59.426508" lon="24.654139">
        <ele>9.8</ele>
        <time>2026-08-23T10:46:57Z</time>
      </trkpt>
      <trkpt lat="59.426506" lon="24.654141">
        <ele>9.8</ele>
        <time>2026-08-23T10:46:59Z</time>
      </trkpt>
      <trkpt lat="59.426506" lon="24.654141">
        <ele>9.8</ele>
        <time>2026-08-23T10:47:00Z</time>
      </trkpt>
      <trkpt lat="59.426506" lon="24.654141">
        <ele>9.8</ele>
        <time>2026-08-23T10:47:02Z</time>
      </trkpt>
      <trkpt lat="59.426506" lon="24.654141">
        <ele>9.8</ele>
        <time>2026-08-23T10:47:03Z</time>
      </trkpt>
      <trkpt lat="59.426506" lon="24.654141">
        <ele>9.8</ele>
        <time>2026-08-23T10:47:04Z</time>
      </trkpt>
      <trkpt lat="59.426503" lon="24.654142">
        <ele>9.8</ele>
        <time>2026-08-23T10:47:07Z</time>
      </trkpt>
      <trkpt lat="59.426499" lon="24.654144">
        <ele>9.8</ele>
        <time>2026-08-23T10:47:09Z</time>
      </trkpt>
      <trkpt lat="59.426499" lon="24.654144">
        <ele>9.8</ele>
        <time>2026-08-23T10:47:10Z</time>
      </trkpt>
      <trkpt lat="59.426498" lon="24.654145">
        <ele>9.8</ele>
        <time>2026-08-23T10:47:12Z</time>
      </trkpt>
      <trkpt lat="59.426496" lon="24.654145">
        <ele>9.8</ele>
        <time>2026-08-23T10:47:15Z</time>
      </trkpt>
      <trkpt lat="59.426493" lon="24.654147">
        <ele>9.8</ele>
        <time>2026-08-23T10:47:17Z</time>
      </trkpt>
      <trkpt lat="59.426493" lon="24.654147">
        <ele>9.8</ele>
        <time>2026-08-23T10:47:19Z</time>
      </trkpt>
      <trkpt lat="59.426493" lon="24.654147">
        <ele>9.8</ele>
        <time>2026-08-23T10:47:20Z</time>
      </trkpt>
      <trkpt lat="59.426492" lon="24.654147">
        <ele>9.8</ele>
        <time>2026-08-23T10:47:22Z</time>
      </trkpt>
      <trkpt lat="59.426491" lon="24.654148">
        <ele>9.8</ele>
        <time>2026-08-23T10:47:25Z</time>
      </trkpt>
      <trkpt lat="59.426489" lon="24.654149">
        <ele>9.8</ele>
        <time>2026-08-23T10:47:27Z</time>
      </trkpt>
      <trkpt lat="59.426489" lon="24.654149">
        <ele>9.8</ele>
        <time>2026-08-23T10:47:28Z</time>
      </trkpt>
      <trkpt lat="59.426487" lon="24.654149">
        <ele>9.8</ele>
        <time>2026-08-23T10:47:30Z</time>
      </trkpt>
      <trkpt lat="59.426485" lon="24.65415">
        <ele>9.8</ele>
        <time>2026-08-23T10:47:32Z</time>
      </trkpt>
      <trkpt lat="59.426485" lon="24.65415">
        <ele>9.8</ele>
        <time>2026-08-23T10:47:35Z</time>
      </trkpt>
      <trkpt lat="59.426485" lon="24.65415">
        <ele>9.8</ele>
        <time>2026-08-23T10:47:38Z</time>
      </trkpt>
      <trkpt lat="59.426485" lon="24.65415">
        <ele>9.8</ele>
        <time>2026-08-23T10:47:40Z</time>
      </trkpt>
      <trkpt lat="59.426485" lon="24.65415">
        <ele>9.8</ele>
        <time>2026-08-23T10:47:41Z</time>
      </trkpt>
      <trkpt lat="59.426483" lon="24.654152">
        <ele>9.8</ele>
        <time>2026-08-23T10:47:43Z</time>
      </trkpt>
      <trkpt lat="59.426481" lon="24.654152">
        <ele>9.8</ele>
        <time>2026-08-23T10:47:45Z</time>
      </trkpt>
      <trkpt lat="59.426479" lon="24.654153">
        <ele>9.8</ele>
        <time>2026-08-23T10:47:48Z</time>
      </trkpt>
      <trkpt lat="59.426476" lon="24.654155">
        <ele>9.8</ele>
        <time>2026-08-23T10:47:50Z</time>
      </trkpt>
      <trkpt lat="59.426475" lon="24.654155">
        <ele>9.8</ele>
        <time>2026-08-23T10:47:53Z</time>
      </trkpt>
      <trkpt lat="59.426475" lon="24.654155">
        <ele>9.8</ele>
        <time>2026-08-23T10:47:54Z</time>
      </trkpt>
      <trkpt lat="59.426474" lon="24.654156">
        <ele>9.8</ele>
        <time>2026-08-23T10:47:55Z</time>
      </trkpt>
      <trkpt lat="59.426472" lon="24.654157">
        <ele>9.8</ele>
        <time>2026-08-23T10:47:57Z</time>
      </trkpt>
      <trkpt lat="59.426471" lon="24.654157">
        <ele>9.8</ele>
        <time>2026-08-23T10:47:58Z</time>
      </trkpt>
      <trkpt lat="59.426469" lon="24.654158">
        <ele>9.8</ele>
        <time>2026-08-23T10:48:01Z</time>
      </trkpt>
      <trkpt lat="59.426466" lon="24.654159">
        <ele>9.8</ele>
        <time>2026-08-23T10:48:03Z</time>
      </trkpt>
      <trkpt lat="59.426466" lon="24.654159">
        <ele>9.8</ele>
        <time>2026-08-23T10:48:06Z</time>
      </trkpt>
      <trkpt lat="59.426465" lon="24.65416">
        <ele>9.8</ele>
        <time>2026-08-23T10:48:08Z</time>
      </trkpt>
      <trkpt lat="59.426463" lon="24.654161">
        <ele>9.8</ele>
        <time>2026-08-23T10:48:11Z</time>
      </trkpt>
      <trkpt lat="59.426461" lon="24.654162">
        <ele>9.8</ele>
        <time>2026-08-23T10:48:13Z</time>
      </trkpt>
      <trkpt lat="59.426459" lon="24.654163">
        <ele>9.8</ele>
        <time>2026-08-23T10:48:16Z</time>
      </trkpt>
      <trkpt lat="59.426456" lon="24.654164">
        <ele>9.8</ele>
        <time>2026-08-23T10:48:18Z</time>
      </trkpt>
      <trkpt lat="59.426456" lon="24.654164">
        <ele>9.8</ele>
        <time>2026-08-23T10:48:19Z</time>
      </trkpt>
      <trkpt lat="59.426454" lon="24.654165">
        <ele>9.8</ele>
        <time>2026-08-23T10:48:21Z</time>
      </trkpt>
      <trkpt lat="59.426452" lon="24.654166">
        <ele>9.8</ele>
        <time>2026-08-23T10:48:24Z</time>
      </trkpt>
      <trkpt lat="59.42645" lon="24.654167">
        <ele>9.8</ele>
        <time>2026-08-23T10:48:26Z</time>
      </trkpt>
      <trkpt lat="59.426448" lon="24.654168">
        <ele>9.8</ele>
        <time>2026-08-23T10:48:29Z</time>
      </trkpt>
      <trkpt lat="59.426446" lon="24.654169">
        <ele>9.8</ele>
        <time>2026-08-23T10:48:31Z</time>
      </trkpt>
      <trkpt lat="59.426444" lon="24.65417">
        <ele>9.8</ele>
        <time>2026-08-23T10:48:34Z</time>
      </trkpt>
      <trkpt lat="59.426444" lon="24.65417">
        <ele>9.8</ele>
        <time>2026-08-23T10:48:35Z</time>
      </trkpt>
      <trkpt lat="59.426443" lon="24.654171">
        <ele>9.8</ele>
        <time>2026-08-23T10:48:36Z</time>
      </trkpt>
      <trkpt lat="59.42644" lon="24.654172">
        <ele>9.8</ele>
        <time>2026-08-23T10:48:39Z</time>
      </trkpt>
      <trkpt lat="59.42644" lon="24.654172">
        <ele>9.8</ele>
        <time>2026-08-23T10:48:40Z</time>
      </trkpt>
      <trkpt lat="59.426438" lon="24.654173">
        <ele>9.8</ele>
        <time>2026-08-23T10:48:42Z</time>
      </trkpt>
      <trkpt lat="59.426438" lon="24.654173">
        <ele>9.8</ele>
        <time>2026-08-23T10:48:43Z</time>
      </trkpt>
      <trkpt lat="59.426437" lon="24.654174">
        <ele>9.8</ele>
        <time>2026-08-23T10:48:44Z</time>
      </trkpt>
      <trkpt lat="59.426436" lon="24.654174">
        <ele>9.8</ele>
        <time>2026-08-23T10:48:47Z</time>
      </trkpt>
      <trkpt lat="59.426435" lon="24.654174">
        <ele>9.8</ele>
        <time>2026-08-23T10:48:49Z</time>
      </trkpt>
      <trkpt lat="59.426435" lon="24.654174">
        <ele>9.8</ele>
        <time>2026-08-23T10:48:51Z</time>
      </trkpt>
      <trkpt lat="59.426435" lon="24.654174">
        <ele>9.8</ele>
        <time>2026-08-23T10:48:52Z</time>
      </trkpt>
      <trkpt lat="59.426434" lon="24.654175">
        <ele>9.8</ele>
        <time>2026-08-23T10:48:54Z</time>
      </trkpt>
      <trkpt lat="59.426433" lon="24.654175">
        <ele>9.8</ele>
        <time>2026-08-23T10:48:57Z</time>
      </trkpt>
      <trkpt lat="59.426433" lon="24.654175">
        <ele>9.8</ele>
        <time>2026-08-23T10:48:59Z</time>
      </trkpt>
      <trkpt lat="59.426432" lon="24.654176">
        <ele>9.8</ele>
        <time>2026-08-23T10:49:02Z</time>
      </trkpt>
      <trkpt lat="59.426431" lon="24.654176">
        <ele>9.8</ele>
        <time>2026-08-23T10:49:05Z</time>
      </trkpt>
      <trkpt lat="59.426431" lon="24.654176">
        <ele>9.8</ele>
        <time>2026-08-23T10:49:07Z</time>
      </trkpt>
      <trkpt lat="59.42643" lon="24.654177">
        <ele>9.8</ele>
        <time>2026-08-23T10:49:10Z</time>
      </trkpt>
      <trkpt lat="59.42643" lon="24.654177">
        <ele>9.8</ele>
        <time>2026-08-23T10:49:11Z</time>
      </trkpt>
      <trkpt lat="59.426429" lon="24.654177">
        <ele>9.8</ele>
        <time>2026-08-23T10:49:12Z</time>
      </trkpt>
      <trkpt lat="59.426427" lon="24.654178">
        <ele>9.8</ele>
        <time>2026-08-23T10:49:15Z</time>
      </trkpt>
      <trkpt lat="59.426425" lon="24.654179">
        <ele>9.8</ele>
        <time>2026-08-23T10:49:17Z</time>
      </trkpt>
      <trkpt lat="59.426423" lon="24.65418">
        <ele>9.8</ele>
        <time>2026-08-23T10:49:20Z</time>
      </trkpt>
      <trkpt lat="59.426421" lon="24.654181">
        <ele>9.8</ele>
        <time>2026-08-23T10:49:22Z</time>
      </trkpt>
      <trkpt lat="59.426421" lon="24.654181">
        <ele>9.8</ele>
        <time>2026-08-23T10:49:24Z</time>
      </trkpt>
      <trkpt lat="59.426419" lon="24.654182">
        <ele>9.8</ele>
        <time>2026-08-23T10:49:25Z</time>
      </trkpt>
      <trkpt lat="59.426417" lon="24.654183">
        <ele>9.8</ele>
        <time>2026-08-23T10:49:28Z</time>
      </trkpt>
      <trkpt lat="59.426415" lon="24.654184">
        <ele>9.8</ele>
        <time>2026-08-23T10:49:30Z</time>
      </trkpt>
      <trkpt lat="59.426415" lon="24.654184">
        <ele>9.8</ele>
        <time>2026-08-23T10:49:31Z</time>
      </trkpt>
      <trkpt lat="59.426414" lon="24.654184">
        <ele>9.8</ele>
        <time>2026-08-23T10:49:33Z</time>
      </trkpt>
      <trkpt lat="59.426413" lon="24.654185">
        <ele>9.8</ele>
        <time>2026-08-23T10:49:35Z</time>
      </trkpt>
      <trkpt lat="59.426412" lon="24.654185">
        <ele>9.8</ele>
        <time>2026-08-23T10:49:38Z</time>
      </trkpt>
      <trkpt lat="59.426412" lon="24.654186">
        <ele>9.8</ele>
        <time>2026-08-23T10:49:40Z</time>
      </trkpt>
      <trkpt lat="59.426411" lon="24.654186">
        <ele>9.8</ele>
        <time>2026-08-23T10:49:43Z</time>
      </trkpt>
      <trkpt lat="59.426411" lon="24.654186">
        <ele>9.8</ele>
        <time>2026-08-23T10:49:45Z</time>
      </trkpt>
      <trkpt lat="59.426411" lon="24.654186">
        <ele>9.8</ele>
        <time>2026-08-23T10:49:48Z</time>
      </trkpt>
      <trkpt lat="59.426411" lon="24.654186">
        <ele>9.8</ele>
        <time>2026-08-23T10:49:50Z</time>
      </trkpt>
      <trkpt lat="59.426411" lon="24.654186">
        <ele>9.8</ele>
        <time>2026-08-23T10:49:52Z</time>
      </trkpt>
      <trkpt lat="59.426411" lon="24.654186">
        <ele>9.8</ele>
        <time>2026-08-23T10:49:56Z</time>
      </trkpt>
      <trkpt lat="59.426409" lon="24.654187">
        <ele>9.8</ele>
        <time>2026-08-23T10:49:58Z</time>
      </trkpt>
      <trkpt lat="59.426409" lon="24.654187">
        <ele>9.8</ele>
        <time>2026-08-23T10:50:00Z</time>
      </trkpt>
      <trkpt lat="59.426409" lon="24.654187">
        <ele>9.8</ele>
        <time>2026-08-23T10:50:01Z</time>
      </trkpt>
      <trkpt lat="59.426409" lon="24.654187">
        <ele>9.8</ele>
        <time>2026-08-23T10:50:05Z</time>
      </trkpt>
      <trkpt lat="59.426409" lon="24.654187">
        <ele>9.8</ele>
        <time>2026-08-23T10:50:06Z</time>
      </trkpt>
      <trkpt lat="59.426409" lon="24.654187">
        <ele>9.8</ele>
        <time>2026-08-23T10:50:11Z</time>
      </trkpt>
      <trkpt lat="59.426409" lon="24.654187">
        <ele>9.8</ele>
        <time>2026-08-23T10:50:18Z</time>
      </trkpt>
      <trkpt lat="59.426409" lon="24.654187">
        <ele>9.8</ele>
        <time>2026-08-23T10:50:21Z</time>
      </trkpt>
      <trkpt lat="59.426409" lon="24.654187">
        <ele>9.8</ele>
        <time>2026-08-23T10:50:26Z</time>
      </trkpt>
      <trkpt lat="59.426409" lon="24.654187">
        <ele>9.8</ele>
        <time>2026-08-23T10:50:31Z</time>
      </trkpt>
      <trkpt lat="59.426409" lon="24.654187">
        <ele>9.8</ele>
        <time>2026-08-23T10:50:39Z</time>
      </trkpt>
      <trkpt lat="59.426409" lon="24.654187">
        <ele>9.8</ele>
        <time>2026-08-23T10:50:42Z</time>
      </trkpt>
      <trkpt lat="59.426407" lon="24.654188">
        <ele>9.8</ele>
        <time>2026-08-23T10:50:44Z</time>
      </trkpt>
      <trkpt lat="59.426403" lon="24.654189">
        <ele>9.8</ele>
        <time>2026-08-23T10:50:47Z</time>
      </trkpt>
      <trkpt lat="59.426399" lon="24.654192">
        <ele>9.8</ele>
        <time>2026-08-23T10:50:49Z</time>
      </trkpt>
      <trkpt lat="59.426397" lon="24.654192">
        <ele>9.8</ele>
        <time>2026-08-23T10:50:51Z</time>
      </trkpt>
      <trkpt lat="59.426397" lon="24.654193">
        <ele>9.8</ele>
        <time>2026-08-23T10:50:52Z</time>
      </trkpt>
      <trkpt lat="59.426397" lon="24.654193">
        <ele>9.8</ele>
        <time>2026-08-23T10:50:55Z</time>
      </trkpt>
      <trkpt lat="59.426397" lon="24.654193">
        <ele>9.8</ele>
        <time>2026-08-23T10:50:57Z</time>
      </trkpt>
      <trkpt lat="59.426397" lon="24.654193">
        <ele>9.8</ele>
        <time>2026-08-23T10:51:00Z</time>
      </trkpt>
      <trkpt lat="59.426397" lon="24.654193">
        <ele>9.8</ele>
        <time>2026-08-23T10:51:05Z</time>
      </trkpt>
      <trkpt lat="59.426397" lon="24.654193">
        <ele>9.8</ele>
        <time>2026-08-23T10:51:10Z</time>
      </trkpt>
      <trkpt lat="59.426397" lon="24.654193">
        <ele>9.8</ele>
        <time>2026-08-23T10:51:11Z</time>
      </trkpt>
      <trkpt lat="59.426397" lon="24.654193">
        <ele>9.8</ele>
        <time>2026-08-23T10:51:16Z</time>
      </trkpt>
      <trkpt lat="59.426397" lon="24.654193">
        <ele>9.8</ele>
        <time>2026-08-23T10:51:21Z</time>
      </trkpt>
      <trkpt lat="59.426397" lon="24.654193">
        <ele>9.8</ele>
        <time>2026-08-23T10:51:23Z</time>
      </trkpt>
      <trkpt lat="59.426393" lon="24.654194">
        <ele>9.8</ele>
        <time>2026-08-23T10:51:25Z</time>
      </trkpt>
      <trkpt lat="59.426393" lon="24.654194">
        <ele>9.8</ele>
        <time>2026-08-23T10:51:28Z</time>
      </trkpt>
      <trkpt lat="59.426393" lon="24.654194">
        <ele>9.8</ele>
        <time>2026-08-23T10:51:30Z</time>
      </trkpt>
      <trkpt lat="59.426393" lon="24.654194">
        <ele>9.8</ele>
        <time>2026-08-23T10:51:33Z</time>
      </trkpt>
      <trkpt lat="59.426393" lon="24.654194">
        <ele>9.8</ele>
        <time>2026-08-23T10:51:35Z</time>
      </trkpt>
      <trkpt lat="59.426393" lon="24.654194">
        <ele>9.8</ele>
        <time>2026-08-23T10:51:36Z</time>
      </trkpt>
      <trkpt lat="59.426393" lon="24.654195">
        <ele>9.8</ele>
        <time>2026-08-23T10:51:38Z</time>
      </trkpt>
      <trkpt lat="59.426392" lon="24.654195">
        <ele>9.8</ele>
        <time>2026-08-23T10:51:41Z</time>
      </trkpt>
      <trkpt lat="59.426392" lon="24.654195">
        <ele>9.8</ele>
        <time>2026-08-23T10:51:43Z</time>
      </trkpt>
      <trkpt lat="59.426392" lon="24.654195">
        <ele>9.8</ele>
        <time>2026-08-23T10:51:45Z</time>
      </trkpt>
      <trkpt lat="59.426392" lon="24.654195">
        <ele>9.8</ele>
        <time>2026-08-23T10:51:47Z</time>
      </trkpt>
      <trkpt lat="59.426392" lon="24.654195">
        <ele>9.8</ele>
        <time>2026-08-23T10:51:55Z</time>
      </trkpt>
      <trkpt lat="59.426392" lon="24.654195">
        <ele>9.8</ele>
        <time>2026-08-23T10:52:00Z</time>
      </trkpt>
      <trkpt lat="59.426391" lon="24.654195">
        <ele>9.8</ele>
        <time>2026-08-23T10:52:01Z</time>
      </trkpt>
      <trkpt lat="59.426391" lon="24.654195">
        <ele>9.8</ele>
        <time>2026-08-23T10:52:10Z</time>
      </trkpt>
      <trkpt lat="59.426391" lon="24.654195">
        <ele>9.8</ele>
        <time>2026-08-23T10:52:15Z</time>
      </trkpt>
      <trkpt lat="59.426391" lon="24.654195">
        <ele>9.8</ele>
        <time>2026-08-23T10:52:19Z</time>
      </trkpt>
      <trkpt lat="59.42639" lon="24.654196">
        <ele>9.8</ele>
        <time>2026-08-23T10:52:25Z</time>
      </trkpt>
      <trkpt lat="59.42639" lon="24.654196">
        <ele>9.8</ele>
        <time>2026-08-23T10:52:30Z</time>
      </trkpt>
      <trkpt lat="59.42639" lon="24.654196">
        <ele>9.8</ele>
        <time>2026-08-23T10:52:32Z</time>
      </trkpt>
      <trkpt lat="59.42639" lon="24.654196">
        <ele>9.8</ele>
        <time>2026-08-23T10:52:36Z</time>
      </trkpt>
      <trkpt lat="59.42639" lon="24.654196">
        <ele>9.8</ele>
        <time>2026-08-23T10:52:41Z</time>
      </trkpt>
      <trkpt lat="59.426389" lon="24.654196">
        <ele>9.8</ele>
        <time>2026-08-23T10:52:46Z</time>
      </trkpt>
      <trkpt lat="59.426389" lon="24.654196">
        <ele>9.8</ele>
        <time>2026-08-23T10:52:47Z</time>
      </trkpt>
      <trkpt lat="59.426389" lon="24.654196">
        <ele>9.8</ele>
        <time>2026-08-23T10:52:50Z</time>
      </trkpt>
      <trkpt lat="59.426389" lon="24.654196">
        <ele>9.8</ele>
        <time>2026-08-23T10:52:52Z</time>
      </trkpt>
      <trkpt lat="59.426389" lon="24.654196">
        <ele>9.8</ele>
        <time>2026-08-23T10:52:55Z</time>
      </trkpt>
      <trkpt lat="59.426389" lon="24.654196">
        <ele>9.8</ele>
        <time>2026-08-23T10:52:57Z</time>
      </trkpt>
      <trkpt lat="59.426389" lon="24.654196">
        <ele>9.8</ele>
        <time>2026-08-23T10:53:00Z</time>
      </trkpt>
      <trkpt lat="59.426389" lon="24.654196">
        <ele>9.8</ele>
        <time>2026-08-23T10:53:03Z</time>
      </trkpt>
      <trkpt lat="59.426389" lon="24.654196">
        <ele>9.8</ele>
        <time>2026-08-23T10:53:05Z</time>
      </trkpt>
      <trkpt lat="59.426387" lon="24.654197">
        <ele>9.8</ele>
        <time>2026-08-23T10:53:08Z</time>
      </trkpt>
      <trkpt lat="59.426385" lon="24.654198">
        <ele>9.8</ele>
        <time>2026-08-23T10:53:10Z</time>
      </trkpt>
      <trkpt lat="59.426383" lon="24.654199">
        <ele>9.8</ele>
        <time>2026-08-23T10:53:13Z</time>
      </trkpt>
      <trkpt lat="59.426383" lon="24.654199">
        <ele>9.8</ele>
        <time>2026-08-23T10:53:14Z</time>
      </trkpt>
      <trkpt lat="59.426381" lon="24.6542">
        <ele>9.8</ele>
        <time>2026-08-23T10:53:15Z</time>
      </trkpt>
      <trkpt lat="59.426381" lon="24.6542">
        <ele>9.8</ele>
        <time>2026-08-23T10:53:16Z</time>
      </trkpt>
      <trkpt lat="59.42638" lon="24.654201">
        <ele>9.8</ele>
        <time>2026-08-23T10:53:18Z</time>
      </trkpt>
      <trkpt lat="59.426379" lon="24.654201">
        <ele>9.8</ele>
        <time>2026-08-23T10:53:20Z</time>
      </trkpt>
      <trkpt lat="59.426379" lon="24.654201">
        <ele>9.8</ele>
        <time>2026-08-23T10:53:21Z</time>
      </trkpt>
      <trkpt lat="59.426355" lon="24.654085">
        <ele>9.8</ele>
        <time>2026-08-23T10:53:22Z</time>
      </trkpt>
      <trkpt lat="59.426368" lon="24.654103">
        <ele>9.8</ele>
        <time>2026-08-23T10:53:23Z</time>
      </trkpt>
      <trkpt lat="59.426401" lon="24.654089">
        <ele>9.7</ele>
        <time>2026-08-23T10:53:24Z</time>
      </trkpt>
      <trkpt lat="59.426415" lon="24.654077">
        <ele>9.7</ele>
        <time>2026-08-23T10:53:25Z</time>
      </trkpt>
      <trkpt lat="59.426409" lon="24.654097">
        <ele>9.7</ele>
        <time>2026-08-23T10:53:26Z</time>
      </trkpt>
      <trkpt lat="59.426406" lon="24.654125">
        <ele>9.7</ele>
        <time>2026-08-23T10:53:27Z</time>
      </trkpt>
      <trkpt lat="59.426386" lon="24.65418">
        <ele>9.7</ele>
        <time>2026-08-23T10:53:28Z</time>
      </trkpt>
      <trkpt lat="59.426345" lon="24.654249">
        <ele>9.7</ele>
        <time>2026-08-23T10:53:29Z</time>
      </trkpt>
      <trkpt lat="59.42631" lon="24.654318">
        <ele>9.8</ele>
        <time>2026-08-23T10:53:30Z</time>
      </trkpt>
      <trkpt lat="59.42638" lon="24.654284">
        <ele>9.7</ele>
        <time>2026-08-23T10:53:31Z</time>
      </trkpt>
      <trkpt lat="59.426498" lon="24.654197">
        <ele>9.8</ele>
        <time>2026-08-23T10:53:32Z</time>
      </trkpt>
      <trkpt lat="59.426585" lon="24.654147">
        <ele>9.9</ele>
        <time>2026-08-23T10:53:33Z</time>
      </trkpt>
      <trkpt lat="59.426585" lon="24.654147">
        <ele>9.9</ele>
        <time>2026-08-23T10:53:34Z</time>
      </trkpt>
      <trkpt lat="59.426619" lon="24.654164">
        <ele>10.2</ele>
        <time>2026-08-23T10:53:35Z</time>
      </trkpt>
      <trkpt lat="59.426643" lon="24.654207">
        <ele>10.1</ele>
        <time>2026-08-23T10:53:36Z</time>
      </trkpt>
      <trkpt lat="59.426666" lon="24.654235">
        <ele>10.1</ele>
        <time>2026-08-23T10:53:37Z</time>
      </trkpt>
      <trkpt lat="59.426674" lon="24.654246">
        <ele>10.1</ele>
        <time>2026-08-23T10:53:38Z</time>
      </trkpt>
      <trkpt lat="59.426691" lon="24.65426">
        <ele>10.1</ele>
        <time>2026-08-23T10:53:39Z</time>
      </trkpt>
      <trkpt lat="59.426689" lon="24.65428">
        <ele>10.0</ele>
        <time>2026-08-23T10:53:40Z</time>
      </trkpt>
      <trkpt lat="59.426691" lon="24.654289">
        <ele>10.0</ele>
        <time>2026-08-23T10:53:41Z</time>
      </trkpt>
      <trkpt lat="59.426699" lon="24.654304">
        <ele>10.0</ele>
        <time>2026-08-23T10:53:42Z</time>
      </trkpt>
      <trkpt lat="59.426701" lon="24.654325">
        <ele>10.0</ele>
        <time>2026-08-23T10:53:43Z</time>
      </trkpt>
      <trkpt lat="59.42671" lon="24.654357">
        <ele>10.0</ele>
        <time>2026-08-23T10:53:44Z</time>
      </trkpt>
      <trkpt lat="59.426717" lon="24.654387">
        <ele>10.0</ele>
        <time>2026-08-23T10:53:45Z</time>
      </trkpt>
      <trkpt lat="59.426724" lon="24.654415">
        <ele>10.0</ele>
        <time>2026-08-23T10:53:46Z</time>
      </trkpt>
      <trkpt lat="59.426735" lon="24.654446">
        <ele>10.0</ele>
        <time>2026-08-23T10:53:47Z</time>
      </trkpt>
      <trkpt lat="59.426747" lon="24.654467">
        <ele>10.0</ele>
        <time>2026-08-23T10:53:48Z</time>
      </trkpt>
      <trkpt lat="59.426757" lon="24.654479">
        <ele>9.9</ele>
        <time>2026-08-23T10:53:49Z</time>
      </trkpt>
      <trkpt lat="59.426762" lon="24.654494">
        <ele>9.9</ele>
        <time>2026-08-23T10:53:50Z</time>
      </trkpt>
      <trkpt lat="59.426756" lon="24.654505">
        <ele>9.9</ele>
        <time>2026-08-23T10:53:51Z</time>
      </trkpt>
      <trkpt lat="59.426762" lon="24.65452">
        <ele>9.9</ele>
        <time>2026-08-23T10:53:52Z</time>
      </trkpt>
      <trkpt lat="59.42676" lon="24.654547">
        <ele>9.9</ele>
        <time>2026-08-23T10:53:53Z</time>
      </trkpt>
      <trkpt lat="59.426768" lon="24.654567">
        <ele>9.9</ele>
        <time>2026-08-23T10:53:54Z</time>
      </trkpt>
      <trkpt lat="59.426773" lon="24.654585">
        <ele>9.8</ele>
        <time>2026-08-23T10:53:55Z</time>
      </trkpt>
      <trkpt lat="59.426775" lon="24.654613">
        <ele>9.8</ele>
        <time>2026-08-23T10:53:56Z</time>
      </trkpt>
      <trkpt lat="59.426776" lon="24.654637">
        <ele>9.8</ele>
        <time>2026-08-23T10:53:57Z</time>
      </trkpt>
      <trkpt lat="59.426781" lon="24.654663">
        <ele>9.8</ele>
        <time>2026-08-23T10:53:58Z</time>
      </trkpt>
      <trkpt lat="59.42678" lon="24.654701">
        <ele>9.7</ele>
        <time>2026-08-23T10:53:59Z</time>
      </trkpt>
      <trkpt lat="59.426776" lon="24.654729">
        <ele>9.7</ele>
        <time>2026-08-23T10:54:00Z</time>
      </trkpt>
      <trkpt lat="59.426772" lon="24.654758">
        <ele>9.7</ele>
        <time>2026-08-23T10:54:01Z</time>
      </trkpt>
      <trkpt lat="59.426768" lon="24.654793">
        <ele>9.7</ele>
        <time>2026-08-23T10:54:02Z</time>
      </trkpt>
      <trkpt lat="59.426762" lon="24.654821">
        <ele>9.7</ele>
        <time>2026-08-23T10:54:03Z</time>
      </trkpt>
      <trkpt lat="59.426762" lon="24.654845">
        <ele>9.7</ele>
        <time>2026-08-23T10:54:04Z</time>
      </trkpt>
      <trkpt lat="59.426769" lon="24.654864">
        <ele>9.7</ele>
        <time>2026-08-23T10:54:05Z</time>
      </trkpt>
      <trkpt lat="59.426777" lon="24.654893">
        <ele>9.7</ele>
        <time>2026-08-23T10:54:06Z</time>
      </trkpt>
      <trkpt lat="59.426783" lon="24.654905">
        <ele>9.7</ele>
        <time>2026-08-23T10:54:07Z</time>
      </trkpt>
      <trkpt lat="59.426795" lon="24.654906">
        <ele>9.7</ele>
        <time>2026-08-23T10:54:08Z</time>
      </trkpt>
      <trkpt lat="59.426806" lon="24.654894">
        <ele>9.7</ele>
        <time>2026-08-23T10:54:09Z</time>
      </trkpt>
      <trkpt lat="59.426814" lon="24.654894">
        <ele>9.7</ele>
        <time>2026-08-23T10:54:10Z</time>
      </trkpt>
      <trkpt lat="59.426825" lon="24.654888">
        <ele>9.7</ele>
        <time>2026-08-23T10:54:11Z</time>
      </trkpt>
      <trkpt lat="59.426832" lon="24.654886">
        <ele>9.7</ele>
        <time>2026-08-23T10:54:12Z</time>
      </trkpt>
      <trkpt lat="59.426839" lon="24.65489">
        <ele>9.7</ele>
        <time>2026-08-23T10:54:13Z</time>
      </trkpt>
      <trkpt lat="59.426852" lon="24.654883">
        <ele>9.6</ele>
        <time>2026-08-23T10:54:14Z</time>
      </trkpt>
      <trkpt lat="59.426862" lon="24.654876">
        <ele>9.6</ele>
        <time>2026-08-23T10:54:15Z</time>
      </trkpt>
      <trkpt lat="59.426874" lon="24.654863">
        <ele>9.6</ele>
        <time>2026-08-23T10:54:16Z</time>
      </trkpt>
      <trkpt lat="59.426882" lon="24.654865">
        <ele>9.6</ele>
        <time>2026-08-23T10:54:17Z</time>
      </trkpt>
      <trkpt lat="59.426895" lon="24.654869">
        <ele>9.6</ele>
        <time>2026-08-23T10:54:18Z</time>
      </trkpt>
      <trkpt lat="59.426905" lon="24.654866">
        <ele>9.6</ele>
        <time>2026-08-23T10:54:19Z</time>
      </trkpt>
      <trkpt lat="59.426915" lon="24.65486">
        <ele>9.5</ele>
        <time>2026-08-23T10:54:20Z</time>
      </trkpt>
      <trkpt lat="59.426927" lon="24.654857">
        <ele>9.5</ele>
        <time>2026-08-23T10:54:21Z</time>
      </trkpt>
      <trkpt lat="59.426938" lon="24.654854">
        <ele>9.5</ele>
        <time>2026-08-23T10:54:22Z</time>
      </trkpt>
      <trkpt lat="59.426941" lon="24.654865">
        <ele>9.5</ele>
        <time>2026-08-23T10:54:23Z</time>
      </trkpt>
      <trkpt lat="59.426944" lon="24.654901">
        <ele>9.5</ele>
        <time>2026-08-23T10:54:24Z</time>
      </trkpt>
      <trkpt lat="59.426954" lon="24.654949">
        <ele>9.4</ele>
        <time>2026-08-23T10:54:25Z</time>
      </trkpt>
      <trkpt lat="59.426958" lon="24.654969">
        <ele>9.4</ele>
        <time>2026-08-23T10:54:26Z</time>
      </trkpt>
      <trkpt lat="59.426968" lon="24.654991">
        <ele>9.4</ele>
        <time>2026-08-23T10:54:27Z</time>
      </trkpt>
      <trkpt lat="59.426975" lon="24.65501">
        <ele>9.4</ele>
        <time>2026-08-23T10:54:28Z</time>
      </trkpt>
      <trkpt lat="59.426974" lon="24.655023">
        <ele>9.4</ele>
        <time>2026-08-23T10:54:29Z</time>
      </trkpt>
      <trkpt lat="59.426983" lon="24.655058">
        <ele>9.3</ele>
        <time>2026-08-23T10:54:30Z</time>
      </trkpt>
      <trkpt lat="59.426987" lon="24.655091">
        <ele>9.3</ele>
        <time>2026-08-23T10:54:31Z</time>
      </trkpt>
      <trkpt lat="59.426998" lon="24.655118">
        <ele>9.3</ele>
        <time>2026-08-23T10:54:32Z</time>
      </trkpt>
      <trkpt lat="59.427012" lon="24.655136">
        <ele>9.3</ele>
        <time>2026-08-23T10:54:33Z</time>
      </trkpt>
      <trkpt lat="59.427022" lon="24.65515">
        <ele>9.2</ele>
        <time>2026-08-23T10:54:34Z</time>
      </trkpt>
      <trkpt lat="59.427032" lon="24.655166">
        <ele>9.2</ele>
        <time>2026-08-23T10:54:35Z</time>
      </trkpt>
      <trkpt lat="59.427044" lon="24.655181">
        <ele>9.2</ele>
        <time>2026-08-23T10:54:36Z</time>
      </trkpt>
      <trkpt lat="59.42706" lon="24.655189">
        <ele>9.2</ele>
        <time>2026-08-23T10:54:37Z</time>
      </trkpt>
      <trkpt lat="59.427071" lon="24.655195">
        <ele>9.2</ele>
        <time>2026-08-23T10:54:38Z</time>
      </trkpt>
      <trkpt lat="59.427087" lon="24.655214">
        <ele>9.1</ele>
        <time>2026-08-23T10:54:39Z</time>
      </trkpt>
      <trkpt lat="59.427093" lon="24.655224">
        <ele>9.1</ele>
        <time>2026-08-23T10:54:40Z</time>
      </trkpt>
      <trkpt lat="59.427106" lon="24.655206">
        <ele>9.1</ele>
        <time>2026-08-23T10:54:41Z</time>
      </trkpt>
      <trkpt lat="59.427123" lon="24.655189">
        <ele>9.1</ele>
        <time>2026-08-23T10:54:42Z</time>
      </trkpt>
      <trkpt lat="59.427128" lon="24.655183">
        <ele>9.1</ele>
        <time>2026-08-23T10:54:43Z</time>
      </trkpt>
      <trkpt lat="59.427146" lon="24.655182">
        <ele>9.1</ele>
        <time>2026-08-23T10:54:44Z</time>
      </trkpt>
      <trkpt lat="59.42716" lon="24.655188">
        <ele>9.1</ele>
        <time>2026-08-23T10:54:45Z</time>
      </trkpt>
      <trkpt lat="59.427175" lon="24.655188">
        <ele>9.0</ele>
        <time>2026-08-23T10:54:46Z</time>
      </trkpt>
      <trkpt lat="59.427188" lon="24.655181">
        <ele>9.0</ele>
        <time>2026-08-23T10:54:47Z</time>
      </trkpt>
      <trkpt lat="59.4272" lon="24.655179">
        <ele>9.0</ele>
        <time>2026-08-23T10:54:48Z</time>
      </trkpt>
      <trkpt lat="59.427214" lon="24.655179">
        <ele>9.0</ele>
        <time>2026-08-23T10:54:49Z</time>
      </trkpt>
      <trkpt lat="59.427228" lon="24.655177">
        <ele>9.0</ele>
        <time>2026-08-23T10:54:50Z</time>
      </trkpt>
      <trkpt lat="59.42724" lon="24.655178">
        <ele>9.0</ele>
        <time>2026-08-23T10:54:51Z</time>
      </trkpt>
      <trkpt lat="59.427252" lon="24.655181">
        <ele>9.0</ele>
        <time>2026-08-23T10:54:52Z</time>
      </trkpt>
      <trkpt lat="59.427265" lon="24.655185">
        <ele>8.9</ele>
        <time>2026-08-23T10:54:53Z</time>
      </trkpt>
      <trkpt lat="59.427276" lon="24.65519">
        <ele>8.9</ele>
        <time>2026-08-23T10:54:54Z</time>
      </trkpt>
      <trkpt lat="59.42729" lon="24.655192">
        <ele>8.9</ele>
        <time>2026-08-23T10:54:55Z</time>
      </trkpt>
      <trkpt lat="59.427306" lon="24.655198">
        <ele>8.9</ele>
        <time>2026-08-23T10:54:56Z</time>
      </trkpt>
      <trkpt lat="59.42732" lon="24.655204">
        <ele>8.9</ele>
        <time>2026-08-23T10:54:57Z</time>
      </trkpt>
      <trkpt lat="59.427334" lon="24.65522">
        <ele>8.8</ele>
        <time>2026-08-23T10:54:58Z</time>
      </trkpt>
      <trkpt lat="59.427349" lon="24.655233">
        <ele>8.8</ele>
        <time>2026-08-23T10:54:59Z</time>
      </trkpt>
      <trkpt lat="59.427365" lon="24.655231">
        <ele>8.8</ele>
        <time>2026-08-23T10:55:00Z</time>
      </trkpt>
      <trkpt lat="59.42738" lon="24.655225">
        <ele>8.8</ele>
        <time>2026-08-23T10:55:01Z</time>
      </trkpt>
      <trkpt lat="59.427395" lon="24.655216">
        <ele>8.8</ele>
        <time>2026-08-23T10:55:02Z</time>
      </trkpt>
      <trkpt lat="59.42741" lon="24.65521">
        <ele>8.7</ele>
        <time>2026-08-23T10:55:03Z</time>
      </trkpt>
      <trkpt lat="59.427423" lon="24.655215">
        <ele>8.7</ele>
        <time>2026-08-23T10:55:04Z</time>
      </trkpt>
      <trkpt lat="59.427438" lon="24.655217">
        <ele>8.7</ele>
        <time>2026-08-23T10:55:05Z</time>
      </trkpt>
      <trkpt lat="59.427452" lon="24.655208">
        <ele>8.7</ele>
        <time>2026-08-23T10:55:06Z</time>
      </trkpt>
      <trkpt lat="59.427466" lon="24.655201">
        <ele>8.7</ele>
        <time>2026-08-23T10:55:07Z</time>
      </trkpt>
      <trkpt lat="59.427482" lon="24.6552">
        <ele>8.6</ele>
        <time>2026-08-23T10:55:08Z</time>
      </trkpt>
      <trkpt lat="59.427498" lon="24.655193">
        <ele>8.6</ele>
        <time>2026-08-23T10:55:09Z</time>
      </trkpt>
      <trkpt lat="59.427515" lon="24.655195">
        <ele>8.6</ele>
        <time>2026-08-23T10:55:10Z</time>
      </trkpt>
      <trkpt lat="59.427532" lon="24.655194">
        <ele>8.6</ele>
        <time>2026-08-23T10:55:11Z</time>
      </trkpt>
      <trkpt lat="59.427548" lon="24.655193">
        <ele>8.6</ele>
        <time>2026-08-23T10:55:12Z</time>
      </trkpt>
      <trkpt lat="59.427562" lon="24.655191">
        <ele>8.6</ele>
        <time>2026-08-23T10:55:13Z</time>
      </trkpt>
      <trkpt lat="59.427577" lon="24.655197">
        <ele>8.6</ele>
        <time>2026-08-23T10:55:14Z</time>
      </trkpt>
      <trkpt lat="59.427592" lon="24.655188">
        <ele>8.6</ele>
        <time>2026-08-23T10:55:15Z</time>
      </trkpt>
      <trkpt lat="59.427608" lon="24.655197">
        <ele>8.5</ele>
        <time>2026-08-23T10:55:16Z</time>
      </trkpt>
      <trkpt lat="59.427622" lon="24.655186">
        <ele>8.5</ele>
        <time>2026-08-23T10:55:17Z</time>
      </trkpt>
      <trkpt lat="59.427636" lon="24.655174">
        <ele>8.5</ele>
        <time>2026-08-23T10:55:18Z</time>
      </trkpt>
      <trkpt lat="59.427649" lon="24.655162">
        <ele>8.5</ele>
        <time>2026-08-23T10:55:19Z</time>
      </trkpt>
      <trkpt lat="59.427663" lon="24.655163">
        <ele>8.5</ele>
        <time>2026-08-23T10:55:20Z</time>
      </trkpt>
      <trkpt lat="59.427677" lon="24.655169">
        <ele>8.5</ele>
        <time>2026-08-23T10:55:21Z</time>
      </trkpt>
      <trkpt lat="59.427693" lon="24.655163">
        <ele>8.5</ele>
        <time>2026-08-23T10:55:22Z</time>
      </trkpt>
      <trkpt lat="59.427709" lon="24.655163">
        <ele>8.5</ele>
        <time>2026-08-23T10:55:23Z</time>
      </trkpt>
      <trkpt lat="59.427726" lon="24.655153">
        <ele>8.5</ele>
        <time>2026-08-23T10:55:24Z</time>
      </trkpt>
      <trkpt lat="59.42774" lon="24.655154">
        <ele>8.4</ele>
        <time>2026-08-23T10:55:25Z</time>
      </trkpt>
      <trkpt lat="59.427755" lon="24.655158">
        <ele>8.4</ele>
        <time>2026-08-23T10:55:26Z</time>
      </trkpt>
      <trkpt lat="59.427767" lon="24.655158">
        <ele>8.4</ele>
        <time>2026-08-23T10:55:27Z</time>
      </trkpt>
      <trkpt lat="59.427781" lon="24.655161">
        <ele>8.4</ele>
        <time>2026-08-23T10:55:28Z</time>
      </trkpt>
      <trkpt lat="59.427793" lon="24.655155">
        <ele>8.4</ele>
        <time>2026-08-23T10:55:29Z</time>
      </trkpt>
      <trkpt lat="59.427807" lon="24.655152">
        <ele>8.4</ele>
        <time>2026-08-23T10:55:30Z</time>
      </trkpt>
      <trkpt lat="59.427821" lon="24.655145">
        <ele>8.4</ele>
        <time>2026-08-23T10:55:31Z</time>
      </trkpt>
      <trkpt lat="59.427835" lon="24.655145">
        <ele>8.4</ele>
        <time>2026-08-23T10:55:32Z</time>
      </trkpt>
      <trkpt lat="59.427846" lon="24.655136">
        <ele>8.4</ele>
        <time>2026-08-23T10:55:33Z</time>
      </trkpt>
      <trkpt lat="59.427858" lon="24.655137">
        <ele>8.3</ele>
        <time>2026-08-23T10:55:34Z</time>
      </trkpt>
      <trkpt lat="59.427872" lon="24.655141">
        <ele>8.3</ele>
        <time>2026-08-23T10:55:35Z</time>
      </trkpt>
      <trkpt lat="59.427885" lon="24.655137">
        <ele>8.3</ele>
        <time>2026-08-23T10:55:36Z</time>
      </trkpt>
      <trkpt lat="59.427899" lon="24.655126">
        <ele>8.3</ele>
        <time>2026-08-23T10:55:37Z</time>
      </trkpt>
      <trkpt lat="59.427912" lon="24.655112">
        <ele>8.3</ele>
        <time>2026-08-23T10:55:38Z</time>
      </trkpt>
      <trkpt lat="59.427924" lon="24.655096">
        <ele>8.3</ele>
        <time>2026-08-23T10:55:39Z</time>
      </trkpt>
      <trkpt lat="59.427936" lon="24.655076">
        <ele>8.3</ele>
        <time>2026-08-23T10:55:40Z</time>
      </trkpt>
      <trkpt lat="59.427954" lon="24.655066">
        <ele>8.2</ele>
        <time>2026-08-23T10:55:41Z</time>
      </trkpt>
      <trkpt lat="59.427968" lon="24.655056">
        <ele>8.2</ele>
        <time>2026-08-23T10:55:42Z</time>
      </trkpt>
      <trkpt lat="59.427985" lon="24.655059">
        <ele>8.2</ele>
        <time>2026-08-23T10:55:43Z</time>
      </trkpt>
      <trkpt lat="59.428001" lon="24.655057">
        <ele>8.2</ele>
        <time>2026-08-23T10:55:44Z</time>
      </trkpt>
      <trkpt lat="59.428016" lon="24.655045">
        <ele>8.1</ele>
        <time>2026-08-23T10:55:45Z</time>
      </trkpt>
      <trkpt lat="59.428033" lon="24.655038">
        <ele>8.1</ele>
        <time>2026-08-23T10:55:46Z</time>
      </trkpt>
      <trkpt lat="59.428048" lon="24.655035">
        <ele>8.1</ele>
        <time>2026-08-23T10:55:47Z</time>
      </trkpt>
      <trkpt lat="59.428063" lon="24.655036">
        <ele>8.1</ele>
        <time>2026-08-23T10:55:48Z</time>
      </trkpt>
      <trkpt lat="59.428076" lon="24.655036">
        <ele>8.0</ele>
        <time>2026-08-23T10:55:49Z</time>
      </trkpt>
      <trkpt lat="59.42809" lon="24.655031">
        <ele>8.0</ele>
        <time>2026-08-23T10:55:50Z</time>
      </trkpt>
      <trkpt lat="59.428103" lon="24.655033">
        <ele>8.0</ele>
        <time>2026-08-23T10:55:51Z</time>
      </trkpt>
      <trkpt lat="59.428117" lon="24.655031">
        <ele>8.0</ele>
        <time>2026-08-23T10:55:52Z</time>
      </trkpt>
      <trkpt lat="59.428132" lon="24.65503">
        <ele>7.9</ele>
        <time>2026-08-23T10:55:53Z</time>
      </trkpt>
      <trkpt lat="59.428146" lon="24.655031">
        <ele>7.9</ele>
        <time>2026-08-23T10:55:54Z</time>
      </trkpt>
      <trkpt lat="59.42816" lon="24.655036">
        <ele>7.9</ele>
        <time>2026-08-23T10:55:55Z</time>
      </trkpt>
      <trkpt lat="59.428174" lon="24.655042">
        <ele>7.9</ele>
        <time>2026-08-23T10:55:56Z</time>
      </trkpt>
      <trkpt lat="59.428188" lon="24.655045">
        <ele>7.8</ele>
        <time>2026-08-23T10:55:57Z</time>
      </trkpt>
      <trkpt lat="59.4282" lon="24.655048">
        <ele>7.8</ele>
        <time>2026-08-23T10:55:58Z</time>
      </trkpt>
      <trkpt lat="59.428212" lon="24.65505">
        <ele>7.8</ele>
        <time>2026-08-23T10:55:59Z</time>
      </trkpt>
      <trkpt lat="59.42823" lon="24.655034">
        <ele>7.7</ele>
        <time>2026-08-23T10:56:00Z</time>
      </trkpt>
      <trkpt lat="59.428244" lon="24.655043">
        <ele>7.7</ele>
        <time>2026-08-23T10:56:01Z</time>
      </trkpt>
      <trkpt lat="59.428258" lon="24.655047">
        <ele>7.7</ele>
        <time>2026-08-23T10:56:02Z</time>
      </trkpt>
      <trkpt lat="59.428276" lon="24.655045">
        <ele>7.6</ele>
        <time>2026-08-23T10:56:03Z</time>
      </trkpt>
      <trkpt lat="59.428294" lon="24.655037">
        <ele>7.6</ele>
        <time>2026-08-23T10:56:04Z</time>
      </trkpt>
      <trkpt lat="59.428311" lon="24.655039">
        <ele>7.6</ele>
        <time>2026-08-23T10:56:05Z</time>
      </trkpt>
      <trkpt lat="59.428327" lon="24.655043">
        <ele>7.5</ele>
        <time>2026-08-23T10:56:06Z</time>
      </trkpt>
      <trkpt lat="59.428341" lon="24.655043">
        <ele>7.5</ele>
        <time>2026-08-23T10:56:07Z</time>
      </trkpt>
      <trkpt lat="59.428356" lon="24.655054">
        <ele>7.5</ele>
        <time>2026-08-23T10:56:08Z</time>
      </trkpt>
      <trkpt lat="59.428371" lon="24.65506">
        <ele>7.4</ele>
        <time>2026-08-23T10:56:09Z</time>
      </trkpt>
      <trkpt lat="59.428386" lon="24.655069">
        <ele>7.4</ele>
        <time>2026-08-23T10:56:10Z</time>
      </trkpt>
      <trkpt lat="59.428403" lon="24.655083">
        <ele>7.3</ele>
        <time>2026-08-23T10:56:11Z</time>
      </trkpt>
      <trkpt lat="59.428419" lon="24.655083">
        <ele>7.3</ele>
        <time>2026-08-23T10:56:12Z</time>
      </trkpt>
      <trkpt lat="59.428431" lon="24.655087">
        <ele>7.3</ele>
        <time>2026-08-23T10:56:13Z</time>
      </trkpt>
      <trkpt lat="59.428444" lon="24.655093">
        <ele>7.3</ele>
        <time>2026-08-23T10:56:14Z</time>
      </trkpt>
      <trkpt lat="59.428455" lon="24.655099">
        <ele>7.3</ele>
        <time>2026-08-23T10:56:15Z</time>
      </trkpt>
      <trkpt lat="59.42847" lon="24.655099">
        <ele>7.3</ele>
        <time>2026-08-23T10:56:16Z</time>
      </trkpt>
      <trkpt lat="59.428482" lon="24.655092">
        <ele>7.3</ele>
        <time>2026-08-23T10:56:17Z</time>
      </trkpt>
      <trkpt lat="59.428494" lon="24.655071">
        <ele>7.4</ele>
        <time>2026-08-23T10:56:18Z</time>
      </trkpt>
      <trkpt lat="59.428505" lon="24.655055">
        <ele>7.4</ele>
        <time>2026-08-23T10:56:19Z</time>
      </trkpt>
      <trkpt lat="59.428512" lon="24.655036">
        <ele>7.5</ele>
        <time>2026-08-23T10:56:20Z</time>
      </trkpt>
      <trkpt lat="59.428518" lon="24.655013">
        <ele>7.5</ele>
        <time>2026-08-23T10:56:21Z</time>
      </trkpt>
      <trkpt lat="59.428523" lon="24.654997">
        <ele>7.5</ele>
        <time>2026-08-23T10:56:22Z</time>
      </trkpt>
      <trkpt lat="59.428536" lon="24.654979">
        <ele>7.6</ele>
        <time>2026-08-23T10:56:23Z</time>
      </trkpt>
      <trkpt lat="59.428545" lon="24.654962">
        <ele>7.6</ele>
        <time>2026-08-23T10:56:24Z</time>
      </trkpt>
      <trkpt lat="59.428559" lon="24.654946">
        <ele>7.6</ele>
        <time>2026-08-23T10:56:25Z</time>
      </trkpt>
      <trkpt lat="59.428576" lon="24.654932">
        <ele>7.6</ele>
        <time>2026-08-23T10:56:26Z</time>
      </trkpt>
      <trkpt lat="59.428592" lon="24.654925">
        <ele>7.6</ele>
        <time>2026-08-23T10:56:27Z</time>
      </trkpt>
      <trkpt lat="59.428604" lon="24.654907">
        <ele>7.6</ele>
        <time>2026-08-23T10:56:28Z</time>
      </trkpt>
      <trkpt lat="59.428614" lon="24.654888">
        <ele>7.6</ele>
        <time>2026-08-23T10:56:29Z</time>
      </trkpt>
      <trkpt lat="59.428624" lon="24.654867">
        <ele>7.6</ele>
        <time>2026-08-23T10:56:30Z</time>
      </trkpt>
      <trkpt lat="59.428635" lon="24.654845">
        <ele>7.6</ele>
        <time>2026-08-23T10:56:31Z</time>
      </trkpt>
      <trkpt lat="59.42865" lon="24.654835">
        <ele>7.6</ele>
        <time>2026-08-23T10:56:32Z</time>
      </trkpt>
      <trkpt lat="59.428664" lon="24.654821">
        <ele>7.7</ele>
        <time>2026-08-23T10:56:33Z</time>
      </trkpt>
      <trkpt lat="59.428675" lon="24.654811">
        <ele>7.7</ele>
        <time>2026-08-23T10:56:34Z</time>
      </trkpt>
      <trkpt lat="59.428691" lon="24.654801">
        <ele>7.6</ele>
        <time>2026-08-23T10:56:35Z</time>
      </trkpt>
      <trkpt lat="59.428706" lon="24.654797">
        <ele>7.7</ele>
        <time>2026-08-23T10:56:36Z</time>
      </trkpt>
      <trkpt lat="59.428722" lon="24.6548">
        <ele>7.6</ele>
        <time>2026-08-23T10:56:37Z</time>
      </trkpt>
      <trkpt lat="59.428737" lon="24.654806">
        <ele>7.6</ele>
        <time>2026-08-23T10:56:38Z</time>
      </trkpt>
      <trkpt lat="59.428753" lon="24.654808">
        <ele>7.5</ele>
        <time>2026-08-23T10:56:39Z</time>
      </trkpt>
      <trkpt lat="59.428769" lon="24.654798">
        <ele>7.6</ele>
        <time>2026-08-23T10:56:40Z</time>
      </trkpt>
      <trkpt lat="59.428783" lon="24.654774">
        <ele>7.6</ele>
        <time>2026-08-23T10:56:41Z</time>
      </trkpt>
      <trkpt lat="59.4288" lon="24.654767">
        <ele>7.6</ele>
        <time>2026-08-23T10:56:42Z</time>
      </trkpt>
      <trkpt lat="59.428816" lon="24.654757">
        <ele>7.6</ele>
        <time>2026-08-23T10:56:43Z</time>
      </trkpt>
      <trkpt lat="59.428827" lon="24.654748">
        <ele>7.6</ele>
        <time>2026-08-23T10:56:44Z</time>
      </trkpt>
      <trkpt lat="59.42884" lon="24.654744">
        <ele>7.5</ele>
        <time>2026-08-23T10:56:45Z</time>
      </trkpt>
      <trkpt lat="59.428854" lon="24.654753">
        <ele>7.5</ele>
        <time>2026-08-23T10:56:46Z</time>
      </trkpt>
      <trkpt lat="59.428866" lon="24.654769">
        <ele>7.5</ele>
        <time>2026-08-23T10:56:47Z</time>
      </trkpt>
      <trkpt lat="59.428876" lon="24.654792">
        <ele>7.5</ele>
        <time>2026-08-23T10:56:48Z</time>
      </trkpt>
      <trkpt lat="59.428891" lon="24.654816">
        <ele>7.5</ele>
        <time>2026-08-23T10:56:49Z</time>
      </trkpt>
      <trkpt lat="59.428902" lon="24.65484">
        <ele>7.5</ele>
        <time>2026-08-23T10:56:50Z</time>
      </trkpt>
      <trkpt lat="59.428912" lon="24.654857">
        <ele>7.5</ele>
        <time>2026-08-23T10:56:51Z</time>
      </trkpt>
      <trkpt lat="59.428924" lon="24.65487">
        <ele>7.5</ele>
        <time>2026-08-23T10:56:52Z</time>
      </trkpt>
      <trkpt lat="59.428935" lon="24.654887">
        <ele>7.5</ele>
        <time>2026-08-23T10:56:53Z</time>
      </trkpt>
      <trkpt lat="59.428944" lon="24.654908">
        <ele>7.5</ele>
        <time>2026-08-23T10:56:54Z</time>
      </trkpt>
      <trkpt lat="59.428957" lon="24.654925">
        <ele>7.5</ele>
        <time>2026-08-23T10:56:55Z</time>
      </trkpt>
      <trkpt lat="59.42897" lon="24.65494">
        <ele>7.5</ele>
        <time>2026-08-23T10:56:56Z</time>
      </trkpt>
      <trkpt lat="59.428987" lon="24.654945">
        <ele>7.5</ele>
        <time>2026-08-23T10:56:57Z</time>
      </trkpt>
      <trkpt lat="59.429006" lon="24.654946">
        <ele>7.4</ele>
        <time>2026-08-23T10:56:58Z</time>
      </trkpt>
      <trkpt lat="59.429018" lon="24.654957">
        <ele>7.4</ele>
        <time>2026-08-23T10:56:59Z</time>
      </trkpt>
      <trkpt lat="59.429024" lon="24.65498">
        <ele>7.4</ele>
        <time>2026-08-23T10:57:00Z</time>
      </trkpt>
      <trkpt lat="59.429033" lon="24.655001">
        <ele>7.4</ele>
        <time>2026-08-23T10:57:01Z</time>
      </trkpt>
      <trkpt lat="59.429048" lon="24.655014">
        <ele>7.4</ele>
        <time>2026-08-23T10:57:02Z</time>
      </trkpt>
      <trkpt lat="59.429061" lon="24.655026">
        <ele>7.4</ele>
        <time>2026-08-23T10:57:03Z</time>
      </trkpt>
      <trkpt lat="59.429074" lon="24.655037">
        <ele>7.4</ele>
        <time>2026-08-23T10:57:04Z</time>
      </trkpt>
      <trkpt lat="59.429084" lon="24.655056">
        <ele>7.4</ele>
        <time>2026-08-23T10:57:05Z</time>
      </trkpt>
      <trkpt lat="59.429099" lon="24.655063">
        <ele>7.4</ele>
        <time>2026-08-23T10:57:06Z</time>
      </trkpt>
      <trkpt lat="59.429112" lon="24.655067">
        <ele>7.4</ele>
        <time>2026-08-23T10:57:07Z</time>
      </trkpt>
      <trkpt lat="59.429125" lon="24.655073">
        <ele>7.4</ele>
        <time>2026-08-23T10:57:08Z</time>
      </trkpt>
      <trkpt lat="59.42914" lon="24.655077">
        <ele>7.4</ele>
        <time>2026-08-23T10:57:09Z</time>
      </trkpt>
      <trkpt lat="59.42915" lon="24.655087">
        <ele>7.4</ele>
        <time>2026-08-23T10:57:10Z</time>
      </trkpt>
      <trkpt lat="59.429159" lon="24.655083">
        <ele>7.4</ele>
        <time>2026-08-23T10:57:11Z</time>
      </trkpt>
      <trkpt lat="59.429171" lon="24.655068">
        <ele>7.4</ele>
        <time>2026-08-23T10:57:12Z</time>
      </trkpt>
      <trkpt lat="59.429176" lon="24.655054">
        <ele>7.4</ele>
        <time>2026-08-23T10:57:13Z</time>
      </trkpt>
      <trkpt lat="59.429183" lon="24.655045">
        <ele>7.4</ele>
        <time>2026-08-23T10:57:14Z</time>
      </trkpt>
      <trkpt lat="59.42919" lon="24.655052">
        <ele>7.4</ele>
        <time>2026-08-23T10:57:15Z</time>
      </trkpt>
      <trkpt lat="59.429187" lon="24.655066">
        <ele>7.4</ele>
        <time>2026-08-23T10:57:16Z</time>
      </trkpt>
      <trkpt lat="59.429167" lon="24.655059">
        <ele>7.3</ele>
        <time>2026-08-23T10:57:17Z</time>
      </trkpt>
      <trkpt lat="59.429168" lon="24.655058">
        <ele>7.3</ele>
        <time>2026-08-23T10:57:18Z</time>
      </trkpt>
      <trkpt lat="59.429169" lon="24.655061">
        <ele>7.3</ele>
        <time>2026-08-23T10:57:19Z</time>
      </trkpt>
      <trkpt lat="59.429169" lon="24.655065">
        <ele>7.3</ele>
        <time>2026-08-23T10:57:20Z</time>
      </trkpt>
      <trkpt lat="59.429167" lon="24.655074">
        <ele>7.3</ele>
        <time>2026-08-23T10:57:21Z</time>
      </trkpt>
      <trkpt lat="59.429169" lon="24.655079">
        <ele>7.3</ele>
        <time>2026-08-23T10:57:22Z</time>
      </trkpt>
      <trkpt lat="59.429171" lon="24.65508">
        <ele>7.3</ele>
        <time>2026-08-23T10:57:23Z</time>
      </trkpt>
      <trkpt lat="59.429171" lon="24.65508">
        <ele>7.3</ele>
        <time>2026-08-23T10:57:24Z</time>
      </trkpt>
      <trkpt lat="59.429171" lon="24.65508">
        <ele>7.3</ele>
        <time>2026-08-23T10:57:25Z</time>
      </trkpt>
      <trkpt lat="59.429171" lon="24.65508">
        <ele>7.3</ele>
        <time>2026-08-23T10:57:26Z</time>
      </trkpt>
      <trkpt lat="59.429171" lon="24.65508">
        <ele>7.3</ele>
        <time>2026-08-23T10:57:27Z</time>
      </trkpt>
      <trkpt lat="59.429164" lon="24.655064">
        <ele>7.3</ele>
        <time>2026-08-23T10:57:28Z</time>
      </trkpt>
      <trkpt lat="59.429163" lon="24.655063">
        <ele>7.3</ele>
        <time>2026-08-23T10:57:29Z</time>
      </trkpt>
      <trkpt lat="59.429164" lon="24.655061">
        <ele>7.3</ele>
        <time>2026-08-23T10:57:30Z</time>
      </trkpt>
      <trkpt lat="59.429164" lon="24.655061">
        <ele>7.3</ele>
        <time>2026-08-23T10:57:31Z</time>
      </trkpt>
      <trkpt lat="59.429163" lon="24.655051">
        <ele>7.3</ele>
        <time>2026-08-23T10:57:32Z</time>
      </trkpt>
      <trkpt lat="59.429164" lon="24.655045">
        <ele>7.3</ele>
        <time>2026-08-23T10:57:33Z</time>
      </trkpt>
      <trkpt lat="59.429163" lon="24.655038">
        <ele>7.3</ele>
        <time>2026-08-23T10:57:34Z</time>
      </trkpt>
      <trkpt lat="59.429164" lon="24.655036">
        <ele>7.3</ele>
        <time>2026-08-23T10:57:35Z</time>
      </trkpt>
      <trkpt lat="59.429163" lon="24.655035">
        <ele>7.3</ele>
        <time>2026-08-23T10:57:36Z</time>
      </trkpt>
      <trkpt lat="59.429163" lon="24.655029">
        <ele>7.3</ele>
        <time>2026-08-23T10:57:37Z</time>
      </trkpt>
      <trkpt lat="59.429163" lon="24.655027">
        <ele>7.3</ele>
        <time>2026-08-23T10:57:38Z</time>
      </trkpt>
      <trkpt lat="59.429162" lon="24.655032">
        <ele>7.3</ele>
        <time>2026-08-23T10:57:39Z</time>
      </trkpt>
      <trkpt lat="59.429158" lon="24.655035">
        <ele>7.3</ele>
        <time>2026-08-23T10:57:40Z</time>
      </trkpt>
      <trkpt lat="59.429161" lon="24.655036">
        <ele>7.3</ele>
        <time>2026-08-23T10:57:41Z</time>
      </trkpt>
      <trkpt lat="59.429161" lon="24.655036">
        <ele>7.3</ele>
        <time>2026-08-23T10:57:42Z</time>
      </trkpt>
      <trkpt lat="59.429161" lon="24.655036">
        <ele>7.3</ele>
        <time>2026-08-23T10:57:43Z</time>
      </trkpt>
      <trkpt lat="59.429159" lon="24.655033">
        <ele>7.3</ele>
        <time>2026-08-23T10:57:44Z</time>
      </trkpt>
      <trkpt lat="59.429158" lon="24.65504">
        <ele>7.3</ele>
        <time>2026-08-23T10:57:45Z</time>
      </trkpt>
      <trkpt lat="59.429157" lon="24.655032">
        <ele>7.3</ele>
        <time>2026-08-23T10:57:46Z</time>
      </trkpt>
      <trkpt lat="59.429153" lon="24.65504">
        <ele>7.3</ele>
        <time>2026-08-23T10:57:47Z</time>
      </trkpt>
      <trkpt lat="59.429159" lon="24.655018">
        <ele>7.3</ele>
        <time>2026-08-23T10:57:48Z</time>
      </trkpt>
      <trkpt lat="59.429157" lon="24.655015">
        <ele>7.3</ele>
        <time>2026-08-23T10:57:49Z</time>
      </trkpt>
      <trkpt lat="59.429156" lon="24.655017">
        <ele>7.3</ele>
        <time>2026-08-23T10:57:50Z</time>
      </trkpt>
      <trkpt lat="59.429158" lon="24.655016">
        <ele>7.3</ele>
        <time>2026-08-23T10:57:51Z</time>
      </trkpt>
      <trkpt lat="59.429159" lon="24.655012">
        <ele>7.3</ele>
        <time>2026-08-23T10:57:52Z</time>
      </trkpt>
      <trkpt lat="59.429161" lon="24.655014">
        <ele>7.3</ele>
        <time>2026-08-23T10:57:53Z</time>
      </trkpt>
      <trkpt lat="59.429161" lon="24.655006">
        <ele>7.3</ele>
        <time>2026-08-23T10:57:54Z</time>
      </trkpt>
      <trkpt lat="59.429168" lon="24.654998">
        <ele>7.3</ele>
        <time>2026-08-23T10:57:55Z</time>
      </trkpt>
      <trkpt lat="59.429163" lon="24.654996">
        <ele>7.3</ele>
        <time>2026-08-23T10:57:56Z</time>
      </trkpt>
      <trkpt lat="59.429158" lon="24.655">
        <ele>7.3</ele>
        <time>2026-08-23T10:57:57Z</time>
      </trkpt>
      <trkpt lat="59.429165" lon="24.655001">
        <ele>7.3</ele>
        <time>2026-08-23T10:57:58Z</time>
      </trkpt>
      <trkpt lat="59.429168" lon="24.654999">
        <ele>7.3</ele>
        <time>2026-08-23T10:57:59Z</time>
      </trkpt>
      <trkpt lat="59.429175" lon="24.655008">
        <ele>7.3</ele>
        <time>2026-08-23T10:58:00Z</time>
      </trkpt>
      <trkpt lat="59.429174" lon="24.655016">
        <ele>7.3</ele>
        <time>2026-08-23T10:58:01Z</time>
      </trkpt>
      <trkpt lat="59.429175" lon="24.655014">
        <ele>7.3</ele>
        <time>2026-08-23T10:58:02Z</time>
      </trkpt>
      <trkpt lat="59.429179" lon="24.65501">
        <ele>7.3</ele>
        <time>2026-08-23T10:58:03Z</time>
      </trkpt>
      <trkpt lat="59.429181" lon="24.655011">
        <ele>7.3</ele>
        <time>2026-08-23T10:58:04Z</time>
      </trkpt>
      <trkpt lat="59.42918" lon="24.655001">
        <ele>7.3</ele>
        <time>2026-08-23T10:58:05Z</time>
      </trkpt>
      <trkpt lat="59.429178" lon="24.655009">
        <ele>7.3</ele>
        <time>2026-08-23T10:58:06Z</time>
      </trkpt>
      <trkpt lat="59.429172" lon="24.65501">
        <ele>7.3</ele>
        <time>2026-08-23T10:58:07Z</time>
      </trkpt>
      <trkpt lat="59.429178" lon="24.655013">
        <ele>7.3</ele>
        <time>2026-08-23T10:58:08Z</time>
      </trkpt>
      <trkpt lat="59.429182" lon="24.655012">
        <ele>7.3</ele>
        <time>2026-08-23T10:58:09Z</time>
      </trkpt>
      <trkpt lat="59.429188" lon="24.65502">
        <ele>7.3</ele>
        <time>2026-08-23T10:58:10Z</time>
      </trkpt>
      <trkpt lat="59.429188" lon="24.65502">
        <ele>7.3</ele>
        <time>2026-08-23T10:58:11Z</time>
      </trkpt>
      <trkpt lat="59.429188" lon="24.65502">
        <ele>7.3</ele>
        <time>2026-08-23T10:58:12Z</time>
      </trkpt>
      <trkpt lat="59.429188" lon="24.65502">
        <ele>7.3</ele>
        <time>2026-08-23T10:58:15Z</time>
      </trkpt>
      <trkpt lat="59.429188" lon="24.65502">
        <ele>7.3</ele>
        <time>2026-08-23T10:58:17Z</time>
      </trkpt>
      <trkpt lat="59.429174" lon="24.65503">
        <ele>7.3</ele>
        <time>2026-08-23T10:58:19Z</time>
      </trkpt>
      <trkpt lat="59.42917" lon="24.655022">
        <ele>7.3</ele>
        <time>2026-08-23T10:58:20Z</time>
      </trkpt>
      <trkpt lat="59.429165" lon="24.655018">
        <ele>7.3</ele>
        <time>2026-08-23T10:58:21Z</time>
      </trkpt>
      <trkpt lat="59.429158" lon="24.655038">
        <ele>7.3</ele>
        <time>2026-08-23T10:58:22Z</time>
      </trkpt>
      <trkpt lat="59.429154" lon="24.65504">
        <ele>7.3</ele>
        <time>2026-08-23T10:58:23Z</time>
      </trkpt>
      <trkpt lat="59.429155" lon="24.655036">
        <ele>7.3</ele>
        <time>2026-08-23T10:58:24Z</time>
      </trkpt>
      <trkpt lat="59.429154" lon="24.655042">
        <ele>7.2</ele>
        <time>2026-08-23T10:58:25Z</time>
      </trkpt>
      <trkpt lat="59.429153" lon="24.655048">
        <ele>7.2</ele>
        <time>2026-08-23T10:58:26Z</time>
      </trkpt>
      <trkpt lat="59.429153" lon="24.655038">
        <ele>7.2</ele>
        <time>2026-08-23T10:58:27Z</time>
      </trkpt>
      <trkpt lat="59.429152" lon="24.655047">
        <ele>7.2</ele>
        <time>2026-08-23T10:58:28Z</time>
      </trkpt>
      <trkpt lat="59.429153" lon="24.65505">
        <ele>7.2</ele>
        <time>2026-08-23T10:58:29Z</time>
      </trkpt>
      <trkpt lat="59.429155" lon="24.65505">
        <ele>7.2</ele>
        <time>2026-08-23T10:58:30Z</time>
      </trkpt>
      <trkpt lat="59.42916" lon="24.655048">
        <ele>7.2</ele>
        <time>2026-08-23T10:58:31Z</time>
      </trkpt>
      <trkpt lat="59.429163" lon="24.655054">
        <ele>7.2</ele>
        <time>2026-08-23T10:58:32Z</time>
      </trkpt>
      <trkpt lat="59.429166" lon="24.65506">
        <ele>7.2</ele>
        <time>2026-08-23T10:58:33Z</time>
      </trkpt>
      <trkpt lat="59.429164" lon="24.65507">
        <ele>7.2</ele>
        <time>2026-08-23T10:58:34Z</time>
      </trkpt>
      <trkpt lat="59.429167" lon="24.655051">
        <ele>7.2</ele>
        <time>2026-08-23T10:58:35Z</time>
      </trkpt>
      <trkpt lat="59.429167" lon="24.655051">
        <ele>7.2</ele>
        <time>2026-08-23T10:58:36Z</time>
      </trkpt>
      <trkpt lat="59.429168" lon="24.655045">
        <ele>7.2</ele>
        <time>2026-08-23T10:58:37Z</time>
      </trkpt>
      <trkpt lat="59.429171" lon="24.655031">
        <ele>7.2</ele>
        <time>2026-08-23T10:58:38Z</time>
      </trkpt>
      <trkpt lat="59.429173" lon="24.65502">
        <ele>7.2</ele>
        <time>2026-08-23T10:58:39Z</time>
      </trkpt>
      <trkpt lat="59.429175" lon="24.655015">
        <ele>7.2</ele>
        <time>2026-08-23T10:58:40Z</time>
      </trkpt>
      <trkpt lat="59.429175" lon="24.655021">
        <ele>7.2</ele>
        <time>2026-08-23T10:58:41Z</time>
      </trkpt>
      <trkpt lat="59.429174" lon="24.65502">
        <ele>7.2</ele>
        <time>2026-08-23T10:58:42Z</time>
      </trkpt>
      <trkpt lat="59.429171" lon="24.655033">
        <ele>7.2</ele>
        <time>2026-08-23T10:58:43Z</time>
      </trkpt>
      <trkpt lat="59.429171" lon="24.655033">
        <ele>7.2</ele>
        <time>2026-08-23T10:58:44Z</time>
      </trkpt>
      <trkpt lat="59.429171" lon="24.655033">
        <ele>7.2</ele>
        <time>2026-08-23T10:58:45Z</time>
      </trkpt>
      <trkpt lat="59.429169" lon="24.65501">
        <ele>7.2</ele>
        <time>2026-08-23T10:58:46Z</time>
      </trkpt>
      <trkpt lat="59.429166" lon="24.655005">
        <ele>7.2</ele>
        <time>2026-08-23T10:58:47Z</time>
      </trkpt>
      <trkpt lat="59.429166" lon="24.655005">
        <ele>7.2</ele>
        <time>2026-08-23T10:58:48Z</time>
      </trkpt>
      <trkpt lat="59.429166" lon="24.655005">
        <ele>7.2</ele>
        <time>2026-08-23T10:58:49Z</time>
      </trkpt>
      <trkpt lat="59.429169" lon="24.655012">
        <ele>7.2</ele>
        <time>2026-08-23T10:58:50Z</time>
      </trkpt>
      <trkpt lat="59.429169" lon="24.655011">
        <ele>7.2</ele>
        <time>2026-08-23T10:58:51Z</time>
      </trkpt>
      <trkpt lat="59.429174" lon="24.655003">
        <ele>7.2</ele>
        <time>2026-08-23T10:58:52Z</time>
      </trkpt>
      <trkpt lat="59.429174" lon="24.654999">
        <ele>7.2</ele>
        <time>2026-08-23T10:58:53Z</time>
      </trkpt>
      <trkpt lat="59.429174" lon="24.654999">
        <ele>7.2</ele>
        <time>2026-08-23T10:58:54Z</time>
      </trkpt>
      <trkpt lat="59.429166" lon="24.655002">
        <ele>7.2</ele>
        <time>2026-08-23T10:58:55Z</time>
      </trkpt>
      <trkpt lat="59.429166" lon="24.655001">
        <ele>7.2</ele>
        <time>2026-08-23T10:58:56Z</time>
      </trkpt>
      <trkpt lat="59.429166" lon="24.655001">
        <ele>7.2</ele>
        <time>2026-08-23T10:58:57Z</time>
      </trkpt>
      <trkpt lat="59.429166" lon="24.655001">
        <ele>7.2</ele>
        <time>2026-08-23T10:58:58Z</time>
      </trkpt>
      <trkpt lat="59.429166" lon="24.655001">
        <ele>7.2</ele>
        <time>2026-08-23T10:58:59Z</time>
      </trkpt>
      <trkpt lat="59.429153" lon="24.654998">
        <ele>7.2</ele>
        <time>2026-08-23T10:59:00Z</time>
      </trkpt>
      <trkpt lat="59.42915" lon="24.654988">
        <ele>7.2</ele>
        <time>2026-08-23T10:59:01Z</time>
      </trkpt>
      <trkpt lat="59.42915" lon="24.654975">
        <ele>7.2</ele>
        <time>2026-08-23T10:59:02Z</time>
      </trkpt>
      <trkpt lat="59.429151" lon="24.654983">
        <ele>7.2</ele>
        <time>2026-08-23T10:59:03Z</time>
      </trkpt>
      <trkpt lat="59.429154" lon="24.65498">
        <ele>7.2</ele>
        <time>2026-08-23T10:59:04Z</time>
      </trkpt>
      <trkpt lat="59.429154" lon="24.65498">
        <ele>7.2</ele>
        <time>2026-08-23T10:59:05Z</time>
      </trkpt>
      <trkpt lat="59.429154" lon="24.65498">
        <ele>7.2</ele>
        <time>2026-08-23T10:59:06Z</time>
      </trkpt>
      <trkpt lat="59.429154" lon="24.65498">
        <ele>7.2</ele>
        <time>2026-08-23T10:59:07Z</time>
      </trkpt>
      <trkpt lat="59.429152" lon="24.654993">
        <ele>7.2</ele>
        <time>2026-08-23T10:59:08Z</time>
      </trkpt>
      <trkpt lat="59.429149" lon="24.655007">
        <ele>7.2</ele>
        <time>2026-08-23T10:59:09Z</time>
      </trkpt>
      <trkpt lat="59.429148" lon="24.655014">
        <ele>7.2</ele>
        <time>2026-08-23T10:59:10Z</time>
      </trkpt>
      <trkpt lat="59.429148" lon="24.655013">
        <ele>7.2</ele>
        <time>2026-08-23T10:59:11Z</time>
      </trkpt>
      <trkpt lat="59.429148" lon="24.655013">
        <ele>7.2</ele>
        <time>2026-08-23T10:59:12Z</time>
      </trkpt>
      <trkpt lat="59.429143" lon="24.65502">
        <ele>7.2</ele>
        <time>2026-08-23T10:59:13Z</time>
      </trkpt>
      <trkpt lat="59.429143" lon="24.65502">
        <ele>7.2</ele>
        <time>2026-08-23T10:59:14Z</time>
      </trkpt>
      <trkpt lat="59.429143" lon="24.655017">
        <ele>7.2</ele>
        <time>2026-08-23T10:59:15Z</time>
      </trkpt>
      <trkpt lat="59.429143" lon="24.655019">
        <ele>7.2</ele>
        <time>2026-08-23T10:59:16Z</time>
      </trkpt>
      <trkpt lat="59.429144" lon="24.654996">
        <ele>7.2</ele>
        <time>2026-08-23T10:59:17Z</time>
      </trkpt>
      <trkpt lat="59.429145" lon="24.65499">
        <ele>7.2</ele>
        <time>2026-08-23T10:59:18Z</time>
      </trkpt>
      <trkpt lat="59.42915" lon="24.65499">
        <ele>7.2</ele>
        <time>2026-08-23T10:59:19Z</time>
      </trkpt>
      <trkpt lat="59.429151" lon="24.654988">
        <ele>7.2</ele>
        <time>2026-08-23T10:59:20Z</time>
      </trkpt>
      <trkpt lat="59.429151" lon="24.654988">
        <ele>7.2</ele>
        <time>2026-08-23T10:59:21Z</time>
      </trkpt>
      <trkpt lat="59.429157" lon="24.654974">
        <ele>7.2</ele>
        <time>2026-08-23T10:59:22Z</time>
      </trkpt>
      <trkpt lat="59.429158" lon="24.654959">
        <ele>7.2</ele>
        <time>2026-08-23T10:59:23Z</time>
      </trkpt>
      <trkpt lat="59.42916" lon="24.654939">
        <ele>7.2</ele>
        <time>2026-08-23T10:59:24Z</time>
      </trkpt>
      <trkpt lat="59.429165" lon="24.654935">
        <ele>7.2</ele>
        <time>2026-08-23T10:59:25Z</time>
      </trkpt>
      <trkpt lat="59.429168" lon="24.654941">
        <ele>7.2</ele>
        <time>2026-08-23T10:59:26Z</time>
      </trkpt>
      <trkpt lat="59.429169" lon="24.65494">
        <ele>7.2</ele>
        <time>2026-08-23T10:59:27Z</time>
      </trkpt>
      <trkpt lat="59.429168" lon="24.654956">
        <ele>7.2</ele>
        <time>2026-08-23T10:59:28Z</time>
      </trkpt>
      <trkpt lat="59.429165" lon="24.654965">
        <ele>7.2</ele>
        <time>2026-08-23T10:59:29Z</time>
      </trkpt>
      <trkpt lat="59.429162" lon="24.654977">
        <ele>7.2</ele>
        <time>2026-08-23T10:59:30Z</time>
      </trkpt>
      <trkpt lat="59.429162" lon="24.654974">
        <ele>7.2</ele>
        <time>2026-08-23T10:59:31Z</time>
      </trkpt>
      <trkpt lat="59.42916" lon="24.65498">
        <ele>7.1</ele>
        <time>2026-08-23T10:59:32Z</time>
      </trkpt>
      <trkpt lat="59.429159" lon="24.654981">
        <ele>7.1</ele>
        <time>2026-08-23T10:59:33Z</time>
      </trkpt>
      <trkpt lat="59.429161" lon="24.65498">
        <ele>7.1</ele>
        <time>2026-08-23T10:59:34Z</time>
      </trkpt>
      <trkpt lat="59.429161" lon="24.65499">
        <ele>7.1</ele>
        <time>2026-08-23T10:59:35Z</time>
      </trkpt>
      <trkpt lat="59.429163" lon="24.655002">
        <ele>7.1</ele>
        <time>2026-08-23T10:59:36Z</time>
      </trkpt>
      <trkpt lat="59.429163" lon="24.655001">
        <ele>7.1</ele>
        <time>2026-08-23T10:59:37Z</time>
      </trkpt>
      <trkpt lat="59.429163" lon="24.655005">
        <ele>7.1</ele>
        <time>2026-08-23T10:59:38Z</time>
      </trkpt>
      <trkpt lat="59.429163" lon="24.655006">
        <ele>7.1</ele>
        <time>2026-08-23T10:59:39Z</time>
      </trkpt>
      <trkpt lat="59.429161" lon="24.655006">
        <ele>7.1</ele>
        <time>2026-08-23T10:59:40Z</time>
      </trkpt>
      <trkpt lat="59.429164" lon="24.655006">
        <ele>7.1</ele>
        <time>2026-08-23T10:59:41Z</time>
      </trkpt>
      <trkpt lat="59.429167" lon="24.655008">
        <ele>7.1</ele>
        <time>2026-08-23T10:59:42Z</time>
      </trkpt>
      <trkpt lat="59.429169" lon="24.655">
        <ele>7.1</ele>
        <time>2026-08-23T10:59:43Z</time>
      </trkpt>
      <trkpt lat="59.42917" lon="24.654998">
        <ele>7.1</ele>
        <time>2026-08-23T10:59:44Z</time>
      </trkpt>
      <trkpt lat="59.429171" lon="24.654994">
        <ele>7.1</ele>
        <time>2026-08-23T10:59:45Z</time>
      </trkpt>
      <trkpt lat="59.429171" lon="24.654993">
        <ele>7.1</ele>
        <time>2026-08-23T10:59:46Z</time>
      </trkpt>
      <trkpt lat="59.429173" lon="24.655012">
        <ele>7.1</ele>
        <time>2026-08-23T10:59:47Z</time>
      </trkpt>
      <trkpt lat="59.429174" lon="24.65501">
        <ele>7.1</ele>
        <time>2026-08-23T10:59:48Z</time>
      </trkpt>
      <trkpt lat="59.429174" lon="24.65501">
        <ele>7.1</ele>
        <time>2026-08-23T10:59:49Z</time>
      </trkpt>
      <trkpt lat="59.429172" lon="24.655009">
        <ele>7.1</ele>
        <time>2026-08-23T10:59:50Z</time>
      </trkpt>
      <trkpt lat="59.42917" lon="24.655">
        <ele>7.1</ele>
        <time>2026-08-23T10:59:51Z</time>
      </trkpt>
      <trkpt lat="59.429167" lon="24.654996">
        <ele>7.1</ele>
        <time>2026-08-23T10:59:52Z</time>
      </trkpt>
      <trkpt lat="59.429161" lon="24.654984">
        <ele>7.1</ele>
        <time>2026-08-23T10:59:53Z</time>
      </trkpt>
      <trkpt lat="59.429161" lon="24.654984">
        <ele>7.1</ele>
        <time>2026-08-23T10:59:54Z</time>
      </trkpt>
      <trkpt lat="59.429159" lon="24.654983">
        <ele>7.1</ele>
        <time>2026-08-23T10:59:55Z</time>
      </trkpt>
      <trkpt lat="59.429161" lon="24.654991">
        <ele>7.1</ele>
        <time>2026-08-23T10:59:56Z</time>
      </trkpt>
      <trkpt lat="59.429164" lon="24.654986">
        <ele>7.1</ele>
        <time>2026-08-23T10:59:57Z</time>
      </trkpt>
      <trkpt lat="59.429167" lon="24.654991">
        <ele>7.1</ele>
        <time>2026-08-23T10:59:58Z</time>
      </trkpt>
      <trkpt lat="59.429168" lon="24.654998">
        <ele>7.1</ele>
        <time>2026-08-23T10:59:59Z</time>
      </trkpt>
      <trkpt lat="59.429166" lon="24.655005">
        <ele>7.1</ele>
        <time>2026-08-23T11:00:00Z</time>
      </trkpt>
      <trkpt lat="59.429166" lon="24.655012">
        <ele>7.1</ele>
        <time>2026-08-23T11:00:01Z</time>
      </trkpt>
      <trkpt lat="59.429173" lon="24.655026">
        <ele>7.1</ele>
        <time>2026-08-23T11:00:02Z</time>
      </trkpt>
      <trkpt lat="59.429171" lon="24.655019">
        <ele>7.1</ele>
        <time>2026-08-23T11:00:03Z</time>
      </trkpt>
      <trkpt lat="59.42917" lon="24.655021">
        <ele>7.1</ele>
        <time>2026-08-23T11:00:04Z</time>
      </trkpt>
      <trkpt lat="59.429173" lon="24.655016">
        <ele>7.1</ele>
        <time>2026-08-23T11:00:05Z</time>
      </trkpt>
      <trkpt lat="59.429175" lon="24.655024">
        <ele>7.1</ele>
        <time>2026-08-23T11:00:06Z</time>
      </trkpt>
      <trkpt lat="59.429175" lon="24.655022">
        <ele>7.1</ele>
        <time>2026-08-23T11:00:07Z</time>
      </trkpt>
      <trkpt lat="59.429175" lon="24.655018">
        <ele>7.1</ele>
        <time>2026-08-23T11:00:08Z</time>
      </trkpt>
      <trkpt lat="59.429173" lon="24.655021">
        <ele>7.1</ele>
        <time>2026-08-23T11:00:09Z</time>
      </trkpt>
      <trkpt lat="59.429179" lon="24.655014">
        <ele>7.1</ele>
        <time>2026-08-23T11:00:10Z</time>
      </trkpt>
      <trkpt lat="59.429178" lon="24.654993">
        <ele>7.1</ele>
        <time>2026-08-23T11:00:11Z</time>
      </trkpt>
      <trkpt lat="59.429178" lon="24.654993">
        <ele>7.1</ele>
        <time>2026-08-23T11:00:12Z</time>
      </trkpt>
      <trkpt lat="59.429178" lon="24.654993">
        <ele>7.1</ele>
        <time>2026-08-23T11:00:13Z</time>
      </trkpt>
      <trkpt lat="59.429185" lon="24.655003">
        <ele>7.1</ele>
        <time>2026-08-23T11:00:14Z</time>
      </trkpt>
      <trkpt lat="59.429184" lon="24.655">
        <ele>7.1</ele>
        <time>2026-08-23T11:00:15Z</time>
      </trkpt>
      <trkpt lat="59.429187" lon="24.654998">
        <ele>7.1</ele>
        <time>2026-08-23T11:00:16Z</time>
      </trkpt>
      <trkpt lat="59.429185" lon="24.654997">
        <ele>7.1</ele>
        <time>2026-08-23T11:00:17Z</time>
      </trkpt>
      <trkpt lat="59.429181" lon="24.655005">
        <ele>7.1</ele>
        <time>2026-08-23T11:00:18Z</time>
      </trkpt>
      <trkpt lat="59.429181" lon="24.655005">
        <ele>7.1</ele>
        <time>2026-08-23T11:00:19Z</time>
      </trkpt>
      <trkpt lat="59.429181" lon="24.655005">
        <ele>7.1</ele>
        <time>2026-08-23T11:00:20Z</time>
      </trkpt>
      <trkpt lat="59.429181" lon="24.655005">
        <ele>7.1</ele>
        <time>2026-08-23T11:00:21Z</time>
      </trkpt>
      <trkpt lat="59.429181" lon="24.655005">
        <ele>7.1</ele>
        <time>2026-08-23T11:00:22Z</time>
      </trkpt>
      <trkpt lat="59.429172" lon="24.654985">
        <ele>7.1</ele>
        <time>2026-08-23T11:00:23Z</time>
      </trkpt>
      <trkpt lat="59.429172" lon="24.654985">
        <ele>7.1</ele>
        <time>2026-08-23T11:00:24Z</time>
      </trkpt>
      <trkpt lat="59.429172" lon="24.654985">
        <ele>7.1</ele>
        <time>2026-08-23T11:00:25Z</time>
      </trkpt>
      <trkpt lat="59.429168" lon="24.654983">
        <ele>7.1</ele>
        <time>2026-08-23T11:00:26Z</time>
      </trkpt>
      <trkpt lat="59.429166" lon="24.654986">
        <ele>7.1</ele>
        <time>2026-08-23T11:00:27Z</time>
      </trkpt>
      <trkpt lat="59.429164" lon="24.654987">
        <ele>7.1</ele>
        <time>2026-08-23T11:00:28Z</time>
      </trkpt>
      <trkpt lat="59.429164" lon="24.654986">
        <ele>7.1</ele>
        <time>2026-08-23T11:00:29Z</time>
      </trkpt>
      <trkpt lat="59.429162" lon="24.655002">
        <ele>7.1</ele>
        <time>2026-08-23T11:00:30Z</time>
      </trkpt>
      <trkpt lat="59.429162" lon="24.655006">
        <ele>7.1</ele>
        <time>2026-08-23T11:00:31Z</time>
      </trkpt>
      <trkpt lat="59.429167" lon="24.655014">
        <ele>7.1</ele>
        <time>2026-08-23T11:00:32Z</time>
      </trkpt>
      <trkpt lat="59.429172" lon="24.655024">
        <ele>7.1</ele>
        <time>2026-08-23T11:00:33Z</time>
      </trkpt>
      <trkpt lat="59.429166" lon="24.655038">
        <ele>7.1</ele>
        <time>2026-08-23T11:00:34Z</time>
      </trkpt>
      <trkpt lat="59.429166" lon="24.655037">
        <ele>7.1</ele>
        <time>2026-08-23T11:00:35Z</time>
      </trkpt>
      <trkpt lat="59.429168" lon="24.655038">
        <ele>7.1</ele>
        <time>2026-08-23T11:00:36Z</time>
      </trkpt>
      <trkpt lat="59.429161" lon="24.655034">
        <ele>7.1</ele>
        <time>2026-08-23T11:00:37Z</time>
      </trkpt>
      <trkpt lat="59.429156" lon="24.655025">
        <ele>7.1</ele>
        <time>2026-08-23T11:00:38Z</time>
      </trkpt>
      <trkpt lat="59.429156" lon="24.655025">
        <ele>7.1</ele>
        <time>2026-08-23T11:00:39Z</time>
      </trkpt>
      <trkpt lat="59.429156" lon="24.655025">
        <ele>7.1</ele>
        <time>2026-08-23T11:00:40Z</time>
      </trkpt>
      <trkpt lat="59.429151" lon="24.655">
        <ele>7.1</ele>
        <time>2026-08-23T11:00:41Z</time>
      </trkpt>
      <trkpt lat="59.429151" lon="24.655">
        <ele>7.1</ele>
        <time>2026-08-23T11:00:42Z</time>
      </trkpt>
      <trkpt lat="59.429147" lon="24.654989">
        <ele>7.1</ele>
        <time>2026-08-23T11:00:43Z</time>
      </trkpt>
      <trkpt lat="59.429147" lon="24.654987">
        <ele>7.1</ele>
        <time>2026-08-23T11:00:44Z</time>
      </trkpt>
      <trkpt lat="59.429147" lon="24.654987">
        <ele>7.1</ele>
        <time>2026-08-23T11:00:45Z</time>
      </trkpt>
      <trkpt lat="59.429147" lon="24.655005">
        <ele>7.1</ele>
        <time>2026-08-23T11:00:46Z</time>
      </trkpt>
      <trkpt lat="59.429142" lon="24.655014">
        <ele>7.1</ele>
        <time>2026-08-23T11:00:47Z</time>
      </trkpt>
      <trkpt lat="59.429142" lon="24.655014">
        <ele>7.1</ele>
        <time>2026-08-23T11:00:48Z</time>
      </trkpt>
      <trkpt lat="59.429142" lon="24.655014">
        <ele>7.1</ele>
        <time>2026-08-23T11:00:49Z</time>
      </trkpt>
      <trkpt lat="59.429144" lon="24.655018">
        <ele>7.1</ele>
        <time>2026-08-23T11:00:50Z</time>
      </trkpt>
      <trkpt lat="59.429149" lon="24.655027">
        <ele>7.1</ele>
        <time>2026-08-23T11:00:51Z</time>
      </trkpt>
      <trkpt lat="59.42916" lon="24.655037">
        <ele>7.1</ele>
        <time>2026-08-23T11:00:52Z</time>
      </trkpt>
      <trkpt lat="59.429158" lon="24.655018">
        <ele>7.1</ele>
        <time>2026-08-23T11:00:53Z</time>
      </trkpt>
      <trkpt lat="59.429159" lon="24.655012">
        <ele>7.1</ele>
        <time>2026-08-23T11:00:54Z</time>
      </trkpt>
      <trkpt lat="59.429164" lon="24.655008">
        <ele>7.1</ele>
        <time>2026-08-23T11:00:55Z</time>
      </trkpt>
      <trkpt lat="59.429164" lon="24.655008">
        <ele>7.1</ele>
        <time>2026-08-23T11:00:56Z</time>
      </trkpt>
      <trkpt lat="59.429164" lon="24.655008">
        <ele>7.1</ele>
        <time>2026-08-23T11:00:57Z</time>
      </trkpt>
      <trkpt lat="59.429164" lon="24.655008">
        <ele>7.1</ele>
        <time>2026-08-23T11:00:58Z</time>
      </trkpt>
      <trkpt lat="59.429164" lon="24.655008">
        <ele>7.1</ele>
        <time>2026-08-23T11:00:59Z</time>
      </trkpt>
      <trkpt lat="59.429164" lon="24.655008">
        <ele>7.1</ele>
        <time>2026-08-23T11:01:00Z</time>
      </trkpt>
      <trkpt lat="59.429164" lon="24.655008">
        <ele>7.1</ele>
        <time>2026-08-23T11:01:01Z</time>
      </trkpt>
      <trkpt lat="59.429164" lon="24.655008">
        <ele>7.1</ele>
        <time>2026-08-23T11:01:02Z</time>
      </trkpt>
      <trkpt lat="59.429176" lon="24.654972">
        <ele>7.1</ele>
        <time>2026-08-23T11:01:03Z</time>
      </trkpt>
      <trkpt lat="59.429174" lon="24.654989">
        <ele>7.1</ele>
        <time>2026-08-23T11:01:04Z</time>
      </trkpt>
      <trkpt lat="59.429179" lon="24.654995">
        <ele>7.1</ele>
        <time>2026-08-23T11:01:05Z</time>
      </trkpt>
      <trkpt lat="59.429179" lon="24.654995">
        <ele>7.1</ele>
        <time>2026-08-23T11:01:06Z</time>
      </trkpt>
      <trkpt lat="59.42919" lon="24.655017">
        <ele>7.1</ele>
        <time>2026-08-23T11:01:07Z</time>
      </trkpt>
      <trkpt lat="59.429187" lon="24.655004">
        <ele>7.1</ele>
        <time>2026-08-23T11:01:08Z</time>
      </trkpt>
      <trkpt lat="59.42919" lon="24.654989">
        <ele>7.1</ele>
        <time>2026-08-23T11:01:09Z</time>
      </trkpt>
      <trkpt lat="59.429191" lon="24.65499">
        <ele>7.1</ele>
        <time>2026-08-23T11:01:10Z</time>
      </trkpt>
      <trkpt lat="59.429186" lon="24.65499">
        <ele>7.1</ele>
        <time>2026-08-23T11:01:11Z</time>
      </trkpt>
      <trkpt lat="59.429179" lon="24.654992">
        <ele>7.1</ele>
        <time>2026-08-23T11:01:12Z</time>
      </trkpt>
      <trkpt lat="59.429179" lon="24.654994">
        <ele>7.1</ele>
        <time>2026-08-23T11:01:13Z</time>
      </trkpt>
      <trkpt lat="59.429174" lon="24.655001">
        <ele>7.1</ele>
        <time>2026-08-23T11:01:14Z</time>
      </trkpt>
      <trkpt lat="59.429173" lon="24.65502">
        <ele>7.1</ele>
        <time>2026-08-23T11:01:15Z</time>
      </trkpt>
      <trkpt lat="59.429174" lon="24.65502">
        <ele>7.1</ele>
        <time>2026-08-23T11:01:16Z</time>
      </trkpt>
      <trkpt lat="59.429174" lon="24.65502">
        <ele>7.1</ele>
        <time>2026-08-23T11:01:17Z</time>
      </trkpt>
      <trkpt lat="59.429174" lon="24.65502">
        <ele>7.1</ele>
        <time>2026-08-23T11:01:18Z</time>
      </trkpt>
      <trkpt lat="59.429181" lon="24.654991">
        <ele>7.1</ele>
        <time>2026-08-23T11:01:19Z</time>
      </trkpt>
      <trkpt lat="59.429181" lon="24.654991">
        <ele>7.1</ele>
        <time>2026-08-23T11:01:20Z</time>
      </trkpt>
      <trkpt lat="59.429184" lon="24.654988">
        <ele>7.1</ele>
        <time>2026-08-23T11:01:21Z</time>
      </trkpt>
      <trkpt lat="59.429184" lon="24.654989">
        <ele>7.1</ele>
        <time>2026-08-23T11:01:22Z</time>
      </trkpt>
      <trkpt lat="59.429184" lon="24.654989">
        <ele>7.1</ele>
        <time>2026-08-23T11:01:23Z</time>
      </trkpt>
      <trkpt lat="59.429184" lon="24.654989">
        <ele>7.1</ele>
        <time>2026-08-23T11:01:24Z</time>
      </trkpt>
      <trkpt lat="59.429184" lon="24.654989">
        <ele>7.1</ele>
        <time>2026-08-23T11:01:25Z</time>
      </trkpt>
      <trkpt lat="59.429184" lon="24.654989">
        <ele>7.1</ele>
        <time>2026-08-23T11:01:26Z</time>
      </trkpt>
      <trkpt lat="59.429184" lon="24.654989">
        <ele>7.1</ele>
        <time>2026-08-23T11:01:27Z</time>
      </trkpt>
      <trkpt lat="59.429184" lon="24.654989">
        <ele>7.1</ele>
        <time>2026-08-23T11:01:28Z</time>
      </trkpt>
      <trkpt lat="59.429177" lon="24.654983">
        <ele>7.1</ele>
        <time>2026-08-23T11:01:29Z</time>
      </trkpt>
      <trkpt lat="59.429178" lon="24.654983">
        <ele>7.1</ele>
        <time>2026-08-23T11:01:30Z</time>
      </trkpt>
      <trkpt lat="59.429182" lon="24.654975">
        <ele>7.1</ele>
        <time>2026-08-23T11:01:31Z</time>
      </trkpt>
      <trkpt lat="59.42918" lon="24.654974">
        <ele>7.1</ele>
        <time>2026-08-23T11:01:32Z</time>
      </trkpt>
      <trkpt lat="59.42918" lon="24.654974">
        <ele>7.1</ele>
        <time>2026-08-23T11:01:36Z</time>
      </trkpt>
      <trkpt lat="59.42918" lon="24.654974">
        <ele>7.1</ele>
        <time>2026-08-23T11:01:41Z</time>
      </trkpt>
      <trkpt lat="59.42918" lon="24.654974">
        <ele>7.1</ele>
        <time>2026-08-23T11:01:50Z</time>
      </trkpt>
      <trkpt lat="59.42918" lon="24.654974">
        <ele>7.1</ele>
        <time>2026-08-23T11:01:52Z</time>
      </trkpt>
      <trkpt lat="59.42918" lon="24.654974">
        <ele>7.1</ele>
        <time>2026-08-23T11:01:55Z</time>
      </trkpt>
      <trkpt lat="59.42918" lon="24.654974">
        <ele>7.1</ele>
        <time>2026-08-23T11:01:57Z</time>
      </trkpt>
      <trkpt lat="59.42918" lon="24.654974">
        <ele>7.1</ele>
        <time>2026-08-23T11:01:59Z</time>
      </trkpt>
      <trkpt lat="59.42918" lon="24.654974">
        <ele>7.1</ele>
        <time>2026-08-23T11:02:00Z</time>
      </trkpt>
      <trkpt lat="59.42918" lon="24.654974">
        <ele>7.1</ele>
        <time>2026-08-23T11:02:01Z</time>
      </trkpt>
      <trkpt lat="59.42918" lon="24.654974">
        <ele>7.1</ele>
        <time>2026-08-23T11:02:02Z</time>
      </trkpt>
      <trkpt lat="59.42918" lon="24.654974">
        <ele>7.1</ele>
        <time>2026-08-23T11:02:05Z</time>
      </trkpt>
      <trkpt lat="59.42918" lon="24.654974">
        <ele>7.1</ele>
        <time>2026-08-23T11:02:06Z</time>
      </trkpt>
      <trkpt lat="59.42918" lon="24.654974">
        <ele>7.1</ele>
        <time>2026-08-23T11:02:15Z</time>
      </trkpt>
      <trkpt lat="59.42918" lon="24.654974">
        <ele>7.1</ele>
        <time>2026-08-23T11:02:17Z</time>
      </trkpt>
      <trkpt lat="59.429175" lon="24.654989">
        <ele>7.1</ele>
        <time>2026-08-23T11:02:21Z</time>
      </trkpt>
      <trkpt lat="59.429189" lon="24.65499">
        <ele>7.1</ele>
        <time>2026-08-23T11:02:22Z</time>
      </trkpt>
      <trkpt lat="59.429181" lon="24.654999">
        <ele>7.0</ele>
        <time>2026-08-23T11:02:23Z</time>
      </trkpt>
      <trkpt lat="59.42918" lon="24.654998">
        <ele>7.0</ele>
        <time>2026-08-23T11:02:24Z</time>
      </trkpt>
      <trkpt lat="59.429179" lon="24.654998">
        <ele>7.0</ele>
        <time>2026-08-23T11:02:25Z</time>
      </trkpt>
      <trkpt lat="59.42918" lon="24.655">
        <ele>7.0</ele>
        <time>2026-08-23T11:02:26Z</time>
      </trkpt>
      <trkpt lat="59.429186" lon="24.654997">
        <ele>7.0</ele>
        <time>2026-08-23T11:02:27Z</time>
      </trkpt>
      <trkpt lat="59.429183" lon="24.655015">
        <ele>7.0</ele>
        <time>2026-08-23T11:02:28Z</time>
      </trkpt>
      <trkpt lat="59.429183" lon="24.655015">
        <ele>7.0</ele>
        <time>2026-08-23T11:02:36Z</time>
      </trkpt>
      <trkpt lat="59.429199" lon="24.655054">
        <ele>7.0</ele>
        <time>2026-08-23T11:02:37Z</time>
      </trkpt>
      <trkpt lat="59.429204" lon="24.655036">
        <ele>7.0</ele>
        <time>2026-08-23T11:02:38Z</time>
      </trkpt>
      <trkpt lat="59.429204" lon="24.655037">
        <ele>7.0</ele>
        <time>2026-08-23T11:02:39Z</time>
      </trkpt>
      <trkpt lat="59.4292" lon="24.655038">
        <ele>7.0</ele>
        <time>2026-08-23T11:02:40Z</time>
      </trkpt>
      <trkpt lat="59.429199" lon="24.655039">
        <ele>7.0</ele>
        <time>2026-08-23T11:02:41Z</time>
      </trkpt>
      <trkpt lat="59.429198" lon="24.655041">
        <ele>7.0</ele>
        <time>2026-08-23T11:02:42Z</time>
      </trkpt>
      <trkpt lat="59.429197" lon="24.65502">
        <ele>7.0</ele>
        <time>2026-08-23T11:02:43Z</time>
      </trkpt>
      <trkpt lat="59.429196" lon="24.655022">
        <ele>7.0</ele>
        <time>2026-08-23T11:02:44Z</time>
      </trkpt>
      <trkpt lat="59.429197" lon="24.655015">
        <ele>7.0</ele>
        <time>2026-08-23T11:02:45Z</time>
      </trkpt>
      <trkpt lat="59.429199" lon="24.655016">
        <ele>7.0</ele>
        <time>2026-08-23T11:02:46Z</time>
      </trkpt>
      <trkpt lat="59.429201" lon="24.655014">
        <ele>7.0</ele>
        <time>2026-08-23T11:02:47Z</time>
      </trkpt>
      <trkpt lat="59.429201" lon="24.655014">
        <ele>7.0</ele>
        <time>2026-08-23T11:02:48Z</time>
      </trkpt>
      <trkpt lat="59.429201" lon="24.655014">
        <ele>7.0</ele>
        <time>2026-08-23T11:02:49Z</time>
      </trkpt>
      <trkpt lat="59.429201" lon="24.655014">
        <ele>7.0</ele>
        <time>2026-08-23T11:02:50Z</time>
      </trkpt>
      <trkpt lat="59.4292" lon="24.655025">
        <ele>7.0</ele>
        <time>2026-08-23T11:02:51Z</time>
      </trkpt>
      <trkpt lat="59.4292" lon="24.655025">
        <ele>7.0</ele>
        <time>2026-08-23T11:02:52Z</time>
      </trkpt>
      <trkpt lat="59.4292" lon="24.655025">
        <ele>7.0</ele>
        <time>2026-08-23T11:02:53Z</time>
      </trkpt>
      <trkpt lat="59.4292" lon="24.655025">
        <ele>7.0</ele>
        <time>2026-08-23T11:02:54Z</time>
      </trkpt>
      <trkpt lat="59.429212" lon="24.655015">
        <ele>7.0</ele>
        <time>2026-08-23T11:02:55Z</time>
      </trkpt>
      <trkpt lat="59.429217" lon="24.655003">
        <ele>7.0</ele>
        <time>2026-08-23T11:02:56Z</time>
      </trkpt>
      <trkpt lat="59.429223" lon="24.654979">
        <ele>7.0</ele>
        <time>2026-08-23T11:02:57Z</time>
      </trkpt>
      <trkpt lat="59.429224" lon="24.654983">
        <ele>7.0</ele>
        <time>2026-08-23T11:02:58Z</time>
      </trkpt>
      <trkpt lat="59.429235" lon="24.655004">
        <ele>7.0</ele>
        <time>2026-08-23T11:02:59Z</time>
      </trkpt>
      <trkpt lat="59.429242" lon="24.655053">
        <ele>7.0</ele>
        <time>2026-08-23T11:03:00Z</time>
      </trkpt>
      <trkpt lat="59.429253" lon="24.655064">
        <ele>7.0</ele>
        <time>2026-08-23T11:03:01Z</time>
      </trkpt>
      <trkpt lat="59.429261" lon="24.655084">
        <ele>7.0</ele>
        <time>2026-08-23T11:03:02Z</time>
      </trkpt>
      <trkpt lat="59.429265" lon="24.655116">
        <ele>7.0</ele>
        <time>2026-08-23T11:03:03Z</time>
      </trkpt>
      <trkpt lat="59.42926" lon="24.655149">
        <ele>7.0</ele>
        <time>2026-08-23T11:03:04Z</time>
      </trkpt>
      <trkpt lat="59.429254" lon="24.655166">
        <ele>7.0</ele>
        <time>2026-08-23T11:03:05Z</time>
      </trkpt>
      <trkpt lat="59.429254" lon="24.655183">
        <ele>7.0</ele>
        <time>2026-08-23T11:03:06Z</time>
      </trkpt>
      <trkpt lat="59.429267" lon="24.655196">
        <ele>7.0</ele>
        <time>2026-08-23T11:03:07Z</time>
      </trkpt>
      <trkpt lat="59.429274" lon="24.655214">
        <ele>7.0</ele>
        <time>2026-08-23T11:03:08Z</time>
      </trkpt>
      <trkpt lat="59.429265" lon="24.655227">
        <ele>7.0</ele>
        <time>2026-08-23T11:03:09Z</time>
      </trkpt>
      <trkpt lat="59.429274" lon="24.655237">
        <ele>7.0</ele>
        <time>2026-08-23T11:03:10Z</time>
      </trkpt>
      <trkpt lat="59.429279" lon="24.655244">
        <ele>7.0</ele>
        <time>2026-08-23T11:03:11Z</time>
      </trkpt>
      <trkpt lat="59.429277" lon="24.655255">
        <ele>7.0</ele>
        <time>2026-08-23T11:03:12Z</time>
      </trkpt>
      <trkpt lat="59.429272" lon="24.655279">
        <ele>7.0</ele>
        <time>2026-08-23T11:03:13Z</time>
      </trkpt>
      <trkpt lat="59.429267" lon="24.655285">
        <ele>7.0</ele>
        <time>2026-08-23T11:03:14Z</time>
      </trkpt>
      <trkpt lat="59.429266" lon="24.655286">
        <ele>7.0</ele>
        <time>2026-08-23T11:03:15Z</time>
      </trkpt>
      <trkpt lat="59.429263" lon="24.655283">
        <ele>7.0</ele>
        <time>2026-08-23T11:03:16Z</time>
      </trkpt>
      <trkpt lat="59.429263" lon="24.655294">
        <ele>7.0</ele>
        <time>2026-08-23T11:03:17Z</time>
      </trkpt>
      <trkpt lat="59.429252" lon="24.655304">
        <ele>7.0</ele>
        <time>2026-08-23T11:03:18Z</time>
      </trkpt>
      <trkpt lat="59.429251" lon="24.655298">
        <ele>7.0</ele>
        <time>2026-08-23T11:03:19Z</time>
      </trkpt>
      <trkpt lat="59.429251" lon="24.655292">
        <ele>7.0</ele>
        <time>2026-08-23T11:03:20Z</time>
      </trkpt>
      <trkpt lat="59.429256" lon="24.655285">
        <ele>7.0</ele>
        <time>2026-08-23T11:03:21Z</time>
      </trkpt>
      <trkpt lat="59.42926" lon="24.655283">
        <ele>7.0</ele>
        <time>2026-08-23T11:03:22Z</time>
      </trkpt>
      <trkpt lat="59.429263" lon="24.655279">
        <ele>7.0</ele>
        <time>2026-08-23T11:03:23Z</time>
      </trkpt>
      <trkpt lat="59.42927" lon="24.655281">
        <ele>7.0</ele>
        <time>2026-08-23T11:03:24Z</time>
      </trkpt>
      <trkpt lat="59.429272" lon="24.655273">
        <ele>7.0</ele>
        <time>2026-08-23T11:03:25Z</time>
      </trkpt>
      <trkpt lat="59.429269" lon="24.655272">
        <ele>7.0</ele>
        <time>2026-08-23T11:03:26Z</time>
      </trkpt>
      <trkpt lat="59.429268" lon="24.655272">
        <ele>7.0</ele>
        <time>2026-08-23T11:03:27Z</time>
      </trkpt>
      <trkpt lat="59.429268" lon="24.655283">
        <ele>7.0</ele>
        <time>2026-08-23T11:03:28Z</time>
      </trkpt>
      <trkpt lat="59.429268" lon="24.655286">
        <ele>7.0</ele>
        <time>2026-08-23T11:03:29Z</time>
      </trkpt>
      <trkpt lat="59.429268" lon="24.655286">
        <ele>7.0</ele>
        <time>2026-08-23T11:03:30Z</time>
      </trkpt>
      <trkpt lat="59.429268" lon="24.655286">
        <ele>7.0</ele>
        <time>2026-08-23T11:03:31Z</time>
      </trkpt>
      <trkpt lat="59.429268" lon="24.655286">
        <ele>7.0</ele>
        <time>2026-08-23T11:03:32Z</time>
      </trkpt>
      <trkpt lat="59.429268" lon="24.655286">
        <ele>7.0</ele>
        <time>2026-08-23T11:03:33Z</time>
      </trkpt>
      <trkpt lat="59.429268" lon="24.655286">
        <ele>7.0</ele>
        <time>2026-08-23T11:03:34Z</time>
      </trkpt>
      <trkpt lat="59.429268" lon="24.655286">
        <ele>7.0</ele>
        <time>2026-08-23T11:03:35Z</time>
      </trkpt>
      <trkpt lat="59.429268" lon="24.655286">
        <ele>7.0</ele>
        <time>2026-08-23T11:03:36Z</time>
      </trkpt>
      <trkpt lat="59.429261" lon="24.655279">
        <ele>7.0</ele>
        <time>2026-08-23T11:03:37Z</time>
      </trkpt>
      <trkpt lat="59.429263" lon="24.65528">
        <ele>7.0</ele>
        <time>2026-08-23T11:03:38Z</time>
      </trkpt>
      <trkpt lat="59.42926" lon="24.65528">
        <ele>7.0</ele>
        <time>2026-08-23T11:03:39Z</time>
      </trkpt>
      <trkpt lat="59.429254" lon="24.65527">
        <ele>7.0</ele>
        <time>2026-08-23T11:03:40Z</time>
      </trkpt>
      <trkpt lat="59.42925" lon="24.655272">
        <ele>7.0</ele>
        <time>2026-08-23T11:03:41Z</time>
      </trkpt>
      <trkpt lat="59.429242" lon="24.655269">
        <ele>7.0</ele>
        <time>2026-08-23T11:03:42Z</time>
      </trkpt>
      <trkpt lat="59.429234" lon="24.655255">
        <ele>7.0</ele>
        <time>2026-08-23T11:03:43Z</time>
      </trkpt>
      <trkpt lat="59.429231" lon="24.655247">
        <ele>7.0</ele>
        <time>2026-08-23T11:03:44Z</time>
      </trkpt>
      <trkpt lat="59.42923" lon="24.655233">
        <ele>7.0</ele>
        <time>2026-08-23T11:03:45Z</time>
      </trkpt>
      <trkpt lat="59.429234" lon="24.655213">
        <ele>7.0</ele>
        <time>2026-08-23T11:03:46Z</time>
      </trkpt>
      <trkpt lat="59.429238" lon="24.655197">
        <ele>7.0</ele>
        <time>2026-08-23T11:03:47Z</time>
      </trkpt>
      <trkpt lat="59.429233" lon="24.655174">
        <ele>7.0</ele>
        <time>2026-08-23T11:03:48Z</time>
      </trkpt>
      <trkpt lat="59.429232" lon="24.65516">
        <ele>7.0</ele>
        <time>2026-08-23T11:03:49Z</time>
      </trkpt>
      <trkpt lat="59.429234" lon="24.655155">
        <ele>7.0</ele>
        <time>2026-08-23T11:03:50Z</time>
      </trkpt>
      <trkpt lat="59.429226" lon="24.655154">
        <ele>7.0</ele>
        <time>2026-08-23T11:03:51Z</time>
      </trkpt>
      <trkpt lat="59.429214" lon="24.655155">
        <ele>7.0</ele>
        <time>2026-08-23T11:03:52Z</time>
      </trkpt>
      <trkpt lat="59.429203" lon="24.655141">
        <ele>7.0</ele>
        <time>2026-08-23T11:03:53Z</time>
      </trkpt>
      <trkpt lat="59.429199" lon="24.655118">
        <ele>7.0</ele>
        <time>2026-08-23T11:03:54Z</time>
      </trkpt>
      <trkpt lat="59.429199" lon="24.655107">
        <ele>7.0</ele>
        <time>2026-08-23T11:03:55Z</time>
      </trkpt>
      <trkpt lat="59.429201" lon="24.655087">
        <ele>7.0</ele>
        <time>2026-08-23T11:03:56Z</time>
      </trkpt>
      <trkpt lat="59.429201" lon="24.655061">
        <ele>7.0</ele>
        <time>2026-08-23T11:03:57Z</time>
      </trkpt>
      <trkpt lat="59.429193" lon="24.655037">
        <ele>7.0</ele>
        <time>2026-08-23T11:03:58Z</time>
      </trkpt>
      <trkpt lat="59.429188" lon="24.655008">
        <ele>7.0</ele>
        <time>2026-08-23T11:03:59Z</time>
      </trkpt>
      <trkpt lat="59.429186" lon="24.654983">
        <ele>7.0</ele>
        <time>2026-08-23T11:04:00Z</time>
      </trkpt>
      <trkpt lat="59.429185" lon="24.654953">
        <ele>7.0</ele>
        <time>2026-08-23T11:04:01Z</time>
      </trkpt>
      <trkpt lat="59.429189" lon="24.654922">
        <ele>7.0</ele>
        <time>2026-08-23T11:04:02Z</time>
      </trkpt>
      <trkpt lat="59.429184" lon="24.654895">
        <ele>7.0</ele>
        <time>2026-08-23T11:04:03Z</time>
      </trkpt>
      <trkpt lat="59.429183" lon="24.65487">
        <ele>7.0</ele>
        <time>2026-08-23T11:04:04Z</time>
      </trkpt>
      <trkpt lat="59.429192" lon="24.65484">
        <ele>7.0</ele>
        <time>2026-08-23T11:04:05Z</time>
      </trkpt>
      <trkpt lat="59.429201" lon="24.654821">
        <ele>7.0</ele>
        <time>2026-08-23T11:04:06Z</time>
      </trkpt>
      <trkpt lat="59.429208" lon="24.654816">
        <ele>7.0</ele>
        <time>2026-08-23T11:04:07Z</time>
      </trkpt>
      <trkpt lat="59.429207" lon="24.654803">
        <ele>7.0</ele>
        <time>2026-08-23T11:04:08Z</time>
      </trkpt>
      <trkpt lat="59.429208" lon="24.654795">
        <ele>7.0</ele>
        <time>2026-08-23T11:04:09Z</time>
      </trkpt>
      <trkpt lat="59.429207" lon="24.654795">
        <ele>7.0</ele>
        <time>2026-08-23T11:04:10Z</time>
      </trkpt>
      <trkpt lat="59.429209" lon="24.654791">
        <ele>7.0</ele>
        <time>2026-08-23T11:04:11Z</time>
      </trkpt>
      <trkpt lat="59.429215" lon="24.65479">
        <ele>7.0</ele>
        <time>2026-08-23T11:04:12Z</time>
      </trkpt>
      <trkpt lat="59.429224" lon="24.65478">
        <ele>7.0</ele>
        <time>2026-08-23T11:04:13Z</time>
      </trkpt>
      <trkpt lat="59.429223" lon="24.654791">
        <ele>7.0</ele>
        <time>2026-08-23T11:04:14Z</time>
      </trkpt>
      <trkpt lat="59.42923" lon="24.654787">
        <ele>7.0</ele>
        <time>2026-08-23T11:04:15Z</time>
      </trkpt>
      <trkpt lat="59.429222" lon="24.65478">
        <ele>7.0</ele>
        <time>2026-08-23T11:04:16Z</time>
      </trkpt>
      <trkpt lat="59.429222" lon="24.65477">
        <ele>7.0</ele>
        <time>2026-08-23T11:04:17Z</time>
      </trkpt>
      <trkpt lat="59.429221" lon="24.654776">
        <ele>7.0</ele>
        <time>2026-08-23T11:04:18Z</time>
      </trkpt>
      <trkpt lat="59.429222" lon="24.654783">
        <ele>7.0</ele>
        <time>2026-08-23T11:04:19Z</time>
      </trkpt>
      <trkpt lat="59.429218" lon="24.654791">
        <ele>7.0</ele>
        <time>2026-08-23T11:04:20Z</time>
      </trkpt>
      <trkpt lat="59.429215" lon="24.654791">
        <ele>7.0</ele>
        <time>2026-08-23T11:04:21Z</time>
      </trkpt>
      <trkpt lat="59.429215" lon="24.654791">
        <ele>7.0</ele>
        <time>2026-08-23T11:04:22Z</time>
      </trkpt>
      <trkpt lat="59.429215" lon="24.654791">
        <ele>7.0</ele>
        <time>2026-08-23T11:04:23Z</time>
      </trkpt>
      <trkpt lat="59.429215" lon="24.654791">
        <ele>7.0</ele>
        <time>2026-08-23T11:04:24Z</time>
      </trkpt>
      <trkpt lat="59.429215" lon="24.654791">
        <ele>7.0</ele>
        <time>2026-08-23T11:04:25Z</time>
      </trkpt>
      <trkpt lat="59.429215" lon="24.654791">
        <ele>7.0</ele>
        <time>2026-08-23T11:04:26Z</time>
      </trkpt>
      <trkpt lat="59.429215" lon="24.654791">
        <ele>7.0</ele>
        <time>2026-08-23T11:04:27Z</time>
      </trkpt>
      <trkpt lat="59.429215" lon="24.654791">
        <ele>7.0</ele>
        <time>2026-08-23T11:04:28Z</time>
      </trkpt>
      <trkpt lat="59.429215" lon="24.654791">
        <ele>7.0</ele>
        <time>2026-08-23T11:04:29Z</time>
      </trkpt>
      <trkpt lat="59.429215" lon="24.654791">
        <ele>7.0</ele>
        <time>2026-08-23T11:04:30Z</time>
      </trkpt>
      <trkpt lat="59.429215" lon="24.654791">
        <ele>7.0</ele>
        <time>2026-08-23T11:04:31Z</time>
      </trkpt>
      <trkpt lat="59.429215" lon="24.654791">
        <ele>7.0</ele>
        <time>2026-08-23T11:04:32Z</time>
      </trkpt>
      <trkpt lat="59.429216" lon="24.654803">
        <ele>7.0</ele>
        <time>2026-08-23T11:04:33Z</time>
      </trkpt>
      <trkpt lat="59.429215" lon="24.654805">
        <ele>7.0</ele>
        <time>2026-08-23T11:04:34Z</time>
      </trkpt>
      <trkpt lat="59.429215" lon="24.654801">
        <ele>7.0</ele>
        <time>2026-08-23T11:04:35Z</time>
      </trkpt>
      <trkpt lat="59.429216" lon="24.6548">
        <ele>7.0</ele>
        <time>2026-08-23T11:04:36Z</time>
      </trkpt>
      <trkpt lat="59.429218" lon="24.654797">
        <ele>7.0</ele>
        <time>2026-08-23T11:04:37Z</time>
      </trkpt>
      <trkpt lat="59.429221" lon="24.654795">
        <ele>7.0</ele>
        <time>2026-08-23T11:04:38Z</time>
      </trkpt>
      <trkpt lat="59.429229" lon="24.654803">
        <ele>7.0</ele>
        <time>2026-08-23T11:04:39Z</time>
      </trkpt>
      <trkpt lat="59.42923" lon="24.654801">
        <ele>7.0</ele>
        <time>2026-08-23T11:04:40Z</time>
      </trkpt>
      <trkpt lat="59.429231" lon="24.654802">
        <ele>7.0</ele>
        <time>2026-08-23T11:04:41Z</time>
      </trkpt>
      <trkpt lat="59.429231" lon="24.654802">
        <ele>7.0</ele>
        <time>2026-08-23T11:04:42Z</time>
      </trkpt>
      <trkpt lat="59.429233" lon="24.654804">
        <ele>7.0</ele>
        <time>2026-08-23T11:04:43Z</time>
      </trkpt>
      <trkpt lat="59.429233" lon="24.654804">
        <ele>7.0</ele>
        <time>2026-08-23T11:04:44Z</time>
      </trkpt>
      <trkpt lat="59.429233" lon="24.654804">
        <ele>7.0</ele>
        <time>2026-08-23T11:04:45Z</time>
      </trkpt>
      <trkpt lat="59.429233" lon="24.654804">
        <ele>7.0</ele>
        <time>2026-08-23T11:04:46Z</time>
      </trkpt>
      <trkpt lat="59.429233" lon="24.654804">
        <ele>7.0</ele>
        <time>2026-08-23T11:04:47Z</time>
      </trkpt>
      <trkpt lat="59.429233" lon="24.654804">
        <ele>7.0</ele>
        <time>2026-08-23T11:04:48Z</time>
      </trkpt>
      <trkpt lat="59.429233" lon="24.654804">
        <ele>7.0</ele>
        <time>2026-08-23T11:04:49Z</time>
      </trkpt>
      <trkpt lat="59.429233" lon="24.654804">
        <ele>7.0</ele>
        <time>2026-08-23T11:04:50Z</time>
      </trkpt>
      <trkpt lat="59.429233" lon="24.654804">
        <ele>7.0</ele>
        <time>2026-08-23T11:04:51Z</time>
      </trkpt>
      <trkpt lat="59.429233" lon="24.654804">
        <ele>7.0</ele>
        <time>2026-08-23T11:04:52Z</time>
      </trkpt>
      <trkpt lat="59.429233" lon="24.654804">
        <ele>7.0</ele>
        <time>2026-08-23T11:04:53Z</time>
      </trkpt>
      <trkpt lat="59.429233" lon="24.654804">
        <ele>7.0</ele>
        <time>2026-08-23T11:04:54Z</time>
      </trkpt>
      <trkpt lat="59.429229" lon="24.654784">
        <ele>7.0</ele>
        <time>2026-08-23T11:04:55Z</time>
      </trkpt>
      <trkpt lat="59.429229" lon="24.654784">
        <ele>7.0</ele>
        <time>2026-08-23T11:04:56Z</time>
      </trkpt>
      <trkpt lat="59.429229" lon="24.654784">
        <ele>7.0</ele>
        <time>2026-08-23T11:04:57Z</time>
      </trkpt>
      <trkpt lat="59.429229" lon="24.654784">
        <ele>7.0</ele>
        <time>2026-08-23T11:04:58Z</time>
      </trkpt>
      <trkpt lat="59.429229" lon="24.654784">
        <ele>7.0</ele>
        <time>2026-08-23T11:04:59Z</time>
      </trkpt>
      <trkpt lat="59.429229" lon="24.654784">
        <ele>7.0</ele>
        <time>2026-08-23T11:05:00Z</time>
      </trkpt>
      <trkpt lat="59.429229" lon="24.654784">
        <ele>7.0</ele>
        <time>2026-08-23T11:05:01Z</time>
      </trkpt>
      <trkpt lat="59.429229" lon="24.654784">
        <ele>7.0</ele>
        <time>2026-08-23T11:05:02Z</time>
      </trkpt>
      <trkpt lat="59.429229" lon="24.654784">
        <ele>7.0</ele>
        <time>2026-08-23T11:05:03Z</time>
      </trkpt>
      <trkpt lat="59.429229" lon="24.654784">
        <ele>7.0</ele>
        <time>2026-08-23T11:05:04Z</time>
      </trkpt>
      <trkpt lat="59.429229" lon="24.654784">
        <ele>7.0</ele>
        <time>2026-08-23T11:05:05Z</time>
      </trkpt>
      <trkpt lat="59.429229" lon="24.654785">
        <ele>7.0</ele>
        <time>2026-08-23T11:05:06Z</time>
      </trkpt>
      <trkpt lat="59.42923" lon="24.65479">
        <ele>7.0</ele>
        <time>2026-08-23T11:05:07Z</time>
      </trkpt>
      <trkpt lat="59.429227" lon="24.654787">
        <ele>7.0</ele>
        <time>2026-08-23T11:05:08Z</time>
      </trkpt>
      <trkpt lat="59.429226" lon="24.654788">
        <ele>7.0</ele>
        <time>2026-08-23T11:05:09Z</time>
      </trkpt>
      <trkpt lat="59.429224" lon="24.654786">
        <ele>7.0</ele>
        <time>2026-08-23T11:05:10Z</time>
      </trkpt>
      <trkpt lat="59.429221" lon="24.654776">
        <ele>7.0</ele>
        <time>2026-08-23T11:05:11Z</time>
      </trkpt>
      <trkpt lat="59.429219" lon="24.654776">
        <ele>7.0</ele>
        <time>2026-08-23T11:05:12Z</time>
      </trkpt>
      <trkpt lat="59.429221" lon="24.654774">
        <ele>7.0</ele>
        <time>2026-08-23T11:05:13Z</time>
      </trkpt>
      <trkpt lat="59.429221" lon="24.654773">
        <ele>7.0</ele>
        <time>2026-08-23T11:05:14Z</time>
      </trkpt>
      <trkpt lat="59.429221" lon="24.654773">
        <ele>7.0</ele>
        <time>2026-08-23T11:05:15Z</time>
      </trkpt>
      <trkpt lat="59.429221" lon="24.654773">
        <ele>7.0</ele>
        <time>2026-08-23T11:05:16Z</time>
      </trkpt>
      <trkpt lat="59.429221" lon="24.654773">
        <ele>7.0</ele>
        <time>2026-08-23T11:05:17Z</time>
      </trkpt>
      <trkpt lat="59.429221" lon="24.654773">
        <ele>7.0</ele>
        <time>2026-08-23T11:05:18Z</time>
      </trkpt>
      <trkpt lat="59.429226" lon="24.654777">
        <ele>7.0</ele>
        <time>2026-08-23T11:05:19Z</time>
      </trkpt>
      <trkpt lat="59.429226" lon="24.654776">
        <ele>7.0</ele>
        <time>2026-08-23T11:05:20Z</time>
      </trkpt>
      <trkpt lat="59.42922" lon="24.654778">
        <ele>7.0</ele>
        <time>2026-08-23T11:05:21Z</time>
      </trkpt>
      <trkpt lat="59.429214" lon="24.654784">
        <ele>7.0</ele>
        <time>2026-08-23T11:05:22Z</time>
      </trkpt>
      <trkpt lat="59.429216" lon="24.654778">
        <ele>7.0</ele>
        <time>2026-08-23T11:05:23Z</time>
      </trkpt>
      <trkpt lat="59.429219" lon="24.654775">
        <ele>7.0</ele>
        <time>2026-08-23T11:05:24Z</time>
      </trkpt>
      <trkpt lat="59.429223" lon="24.654779">
        <ele>7.0</ele>
        <time>2026-08-23T11:05:25Z</time>
      </trkpt>
      <trkpt lat="59.429218" lon="24.654783">
        <ele>7.0</ele>
        <time>2026-08-23T11:05:26Z</time>
      </trkpt>
      <trkpt lat="59.429214" lon="24.654785">
        <ele>7.0</ele>
        <time>2026-08-23T11:05:27Z</time>
      </trkpt>
      <trkpt lat="59.429215" lon="24.654787">
        <ele>7.0</ele>
        <time>2026-08-23T11:05:28Z</time>
      </trkpt>
      <trkpt lat="59.429217" lon="24.654793">
        <ele>7.0</ele>
        <time>2026-08-23T11:05:29Z</time>
      </trkpt>
      <trkpt lat="59.429216" lon="24.654794">
        <ele>7.0</ele>
        <time>2026-08-23T11:05:30Z</time>
      </trkpt>
      <trkpt lat="59.429216" lon="24.654794">
        <ele>7.0</ele>
        <time>2026-08-23T11:05:31Z</time>
      </trkpt>
      <trkpt lat="59.429224" lon="24.654813">
        <ele>7.0</ele>
        <time>2026-08-23T11:05:32Z</time>
      </trkpt>
      <trkpt lat="59.429226" lon="24.654801">
        <ele>7.0</ele>
        <time>2026-08-23T11:05:33Z</time>
      </trkpt>
      <trkpt lat="59.429219" lon="24.654801">
        <ele>7.0</ele>
        <time>2026-08-23T11:05:34Z</time>
      </trkpt>
      <trkpt lat="59.429212" lon="24.654802">
        <ele>7.0</ele>
        <time>2026-08-23T11:05:35Z</time>
      </trkpt>
      <trkpt lat="59.429212" lon="24.654792">
        <ele>7.0</ele>
        <time>2026-08-23T11:05:36Z</time>
      </trkpt>
      <trkpt lat="59.42921" lon="24.6548">
        <ele>7.0</ele>
        <time>2026-08-23T11:05:37Z</time>
      </trkpt>
      <trkpt lat="59.429207" lon="24.654795">
        <ele>7.0</ele>
        <time>2026-08-23T11:05:38Z</time>
      </trkpt>
      <trkpt lat="59.429205" lon="24.654787">
        <ele>7.0</ele>
        <time>2026-08-23T11:05:39Z</time>
      </trkpt>
      <trkpt lat="59.429198" lon="24.654773">
        <ele>7.0</ele>
        <time>2026-08-23T11:05:40Z</time>
      </trkpt>
      <trkpt lat="59.429194" lon="24.654756">
        <ele>7.0</ele>
        <time>2026-08-23T11:05:41Z</time>
      </trkpt>
      <trkpt lat="59.429194" lon="24.654754">
        <ele>7.0</ele>
        <time>2026-08-23T11:05:42Z</time>
      </trkpt>
      <trkpt lat="59.429196" lon="24.654754">
        <ele>7.0</ele>
        <time>2026-08-23T11:05:43Z</time>
      </trkpt>
      <trkpt lat="59.429197" lon="24.654754">
        <ele>7.0</ele>
        <time>2026-08-23T11:05:44Z</time>
      </trkpt>
      <trkpt lat="59.429197" lon="24.654759">
        <ele>7.0</ele>
        <time>2026-08-23T11:05:45Z</time>
      </trkpt>
      <trkpt lat="59.429205" lon="24.654765">
        <ele>7.0</ele>
        <time>2026-08-23T11:05:46Z</time>
      </trkpt>
      <trkpt lat="59.429207" lon="24.654771">
        <ele>7.0</ele>
        <time>2026-08-23T11:05:47Z</time>
      </trkpt>
      <trkpt lat="59.42921" lon="24.654763">
        <ele>7.0</ele>
        <time>2026-08-23T11:05:48Z</time>
      </trkpt>
      <trkpt lat="59.429208" lon="24.654764">
        <ele>7.0</ele>
        <time>2026-08-23T11:05:49Z</time>
      </trkpt>
      <trkpt lat="59.429207" lon="24.654762">
        <ele>7.0</ele>
        <time>2026-08-23T11:05:50Z</time>
      </trkpt>
      <trkpt lat="59.429214" lon="24.654779">
        <ele>7.0</ele>
        <time>2026-08-23T11:05:51Z</time>
      </trkpt>
      <trkpt lat="59.429212" lon="24.654783">
        <ele>7.0</ele>
        <time>2026-08-23T11:05:52Z</time>
      </trkpt>
      <trkpt lat="59.429211" lon="24.654782">
        <ele>7.0</ele>
        <time>2026-08-23T11:05:53Z</time>
      </trkpt>
      <trkpt lat="59.429211" lon="24.654782">
        <ele>7.0</ele>
        <time>2026-08-23T11:05:54Z</time>
      </trkpt>
      <trkpt lat="59.429214" lon="24.654789">
        <ele>7.0</ele>
        <time>2026-08-23T11:05:55Z</time>
      </trkpt>
      <trkpt lat="59.429214" lon="24.654798">
        <ele>7.0</ele>
        <time>2026-08-23T11:05:56Z</time>
      </trkpt>
      <trkpt lat="59.429213" lon="24.654797">
        <ele>7.0</ele>
        <time>2026-08-23T11:05:57Z</time>
      </trkpt>
      <trkpt lat="59.429212" lon="24.654797">
        <ele>7.0</ele>
        <time>2026-08-23T11:05:58Z</time>
      </trkpt>
      <trkpt lat="59.429213" lon="24.654797">
        <ele>7.0</ele>
        <time>2026-08-23T11:05:59Z</time>
      </trkpt>
      <trkpt lat="59.429213" lon="24.654797">
        <ele>7.0</ele>
        <time>2026-08-23T11:06:00Z</time>
      </trkpt>
      <trkpt lat="59.42922" lon="24.654808">
        <ele>7.0</ele>
        <time>2026-08-23T11:06:01Z</time>
      </trkpt>
      <trkpt lat="59.42922" lon="24.654816">
        <ele>7.0</ele>
        <time>2026-08-23T11:06:02Z</time>
      </trkpt>
      <trkpt lat="59.429219" lon="24.654822">
        <ele>7.0</ele>
        <time>2026-08-23T11:06:03Z</time>
      </trkpt>
      <trkpt lat="59.429217" lon="24.654826">
        <ele>7.0</ele>
        <time>2026-08-23T11:06:04Z</time>
      </trkpt>
      <trkpt lat="59.429217" lon="24.654828">
        <ele>7.0</ele>
        <time>2026-08-23T11:06:05Z</time>
      </trkpt>
      <trkpt lat="59.429215" lon="24.654822">
        <ele>7.0</ele>
        <time>2026-08-23T11:06:06Z</time>
      </trkpt>
      <trkpt lat="59.429208" lon="24.654819">
        <ele>7.0</ele>
        <time>2026-08-23T11:06:07Z</time>
      </trkpt>
      <trkpt lat="59.429205" lon="24.654817">
        <ele>7.0</ele>
        <time>2026-08-23T11:06:08Z</time>
      </trkpt>
      <trkpt lat="59.429205" lon="24.654818">
        <ele>7.0</ele>
        <time>2026-08-23T11:06:09Z</time>
      </trkpt>
      <trkpt lat="59.429205" lon="24.654818">
        <ele>7.0</ele>
        <time>2026-08-23T11:06:10Z</time>
      </trkpt>
      <trkpt lat="59.429205" lon="24.654818">
        <ele>7.0</ele>
        <time>2026-08-23T11:06:11Z</time>
      </trkpt>
      <trkpt lat="59.429205" lon="24.654818">
        <ele>7.0</ele>
        <time>2026-08-23T11:06:12Z</time>
      </trkpt>
      <trkpt lat="59.429205" lon="24.654818">
        <ele>7.0</ele>
        <time>2026-08-23T11:06:13Z</time>
      </trkpt>
      <trkpt lat="59.429205" lon="24.654818">
        <ele>7.0</ele>
        <time>2026-08-23T11:06:14Z</time>
      </trkpt>
      <trkpt lat="59.429205" lon="24.654818">
        <ele>7.0</ele>
        <time>2026-08-23T11:06:15Z</time>
      </trkpt>
      <trkpt lat="59.429205" lon="24.654818">
        <ele>7.0</ele>
        <time>2026-08-23T11:06:16Z</time>
      </trkpt>
      <trkpt lat="59.429205" lon="24.654818">
        <ele>7.0</ele>
        <time>2026-08-23T11:06:17Z</time>
      </trkpt>
      <trkpt lat="59.429205" lon="24.654818">
        <ele>7.0</ele>
        <time>2026-08-23T11:06:18Z</time>
      </trkpt>
      <trkpt lat="59.429203" lon="24.654811">
        <ele>7.0</ele>
        <time>2026-08-23T11:06:19Z</time>
      </trkpt>
      <trkpt lat="59.429201" lon="24.654814">
        <ele>7.0</ele>
        <time>2026-08-23T11:06:20Z</time>
      </trkpt>
      <trkpt lat="59.429203" lon="24.654813">
        <ele>7.0</ele>
        <time>2026-08-23T11:06:21Z</time>
      </trkpt>
      <trkpt lat="59.429207" lon="24.654816">
        <ele>7.0</ele>
        <time>2026-08-23T11:06:22Z</time>
      </trkpt>
      <trkpt lat="59.429205" lon="24.654822">
        <ele>7.0</ele>
        <time>2026-08-23T11:06:23Z</time>
      </trkpt>
      <trkpt lat="59.429204" lon="24.654822">
        <ele>7.0</ele>
        <time>2026-08-23T11:06:24Z</time>
      </trkpt>
      <trkpt lat="59.429196" lon="24.654822">
        <ele>7.0</ele>
        <time>2026-08-23T11:06:25Z</time>
      </trkpt>
      <trkpt lat="59.429197" lon="24.654822">
        <ele>7.0</ele>
        <time>2026-08-23T11:06:26Z</time>
      </trkpt>
      <trkpt lat="59.429193" lon="24.654822">
        <ele>7.0</ele>
        <time>2026-08-23T11:06:27Z</time>
      </trkpt>
      <trkpt lat="59.42919" lon="24.65482">
        <ele>7.0</ele>
        <time>2026-08-23T11:06:28Z</time>
      </trkpt>
      <trkpt lat="59.429189" lon="24.65482">
        <ele>7.0</ele>
        <time>2026-08-23T11:06:29Z</time>
      </trkpt>
      <trkpt lat="59.429188" lon="24.654821">
        <ele>7.0</ele>
        <time>2026-08-23T11:06:30Z</time>
      </trkpt>
      <trkpt lat="59.429187" lon="24.65482">
        <ele>7.0</ele>
        <time>2026-08-23T11:06:31Z</time>
      </trkpt>
      <trkpt lat="59.429186" lon="24.65482">
        <ele>7.0</ele>
        <time>2026-08-23T11:06:32Z</time>
      </trkpt>
      <trkpt lat="59.429186" lon="24.654818">
        <ele>7.0</ele>
        <time>2026-08-23T11:06:33Z</time>
      </trkpt>
      <trkpt lat="59.429185" lon="24.65482">
        <ele>7.0</ele>
        <time>2026-08-23T11:06:34Z</time>
      </trkpt>
      <trkpt lat="59.429186" lon="24.65482">
        <ele>7.0</ele>
        <time>2026-08-23T11:06:35Z</time>
      </trkpt>
      <trkpt lat="59.429186" lon="24.65482">
        <ele>7.0</ele>
        <time>2026-08-23T11:06:36Z</time>
      </trkpt>
      <trkpt lat="59.429186" lon="24.65482">
        <ele>7.0</ele>
        <time>2026-08-23T11:06:37Z</time>
      </trkpt>
      <trkpt lat="59.429186" lon="24.65482">
        <ele>7.0</ele>
        <time>2026-08-23T11:06:38Z</time>
      </trkpt>
      <trkpt lat="59.429186" lon="24.65482">
        <ele>7.0</ele>
        <time>2026-08-23T11:06:39Z</time>
      </trkpt>
      <trkpt lat="59.429191" lon="24.654822">
        <ele>7.0</ele>
        <time>2026-08-23T11:06:40Z</time>
      </trkpt>
      <trkpt lat="59.429194" lon="24.654823">
        <ele>7.0</ele>
        <time>2026-08-23T11:06:41Z</time>
      </trkpt>
      <trkpt lat="59.429193" lon="24.654819">
        <ele>7.0</ele>
        <time>2026-08-23T11:06:42Z</time>
      </trkpt>
      <trkpt lat="59.429194" lon="24.654818">
        <ele>7.0</ele>
        <time>2026-08-23T11:06:43Z</time>
      </trkpt>
      <trkpt lat="59.429194" lon="24.654818">
        <ele>7.0</ele>
        <time>2026-08-23T11:06:44Z</time>
      </trkpt>
      <trkpt lat="59.429194" lon="24.654818">
        <ele>7.0</ele>
        <time>2026-08-23T11:06:45Z</time>
      </trkpt>
      <trkpt lat="59.429194" lon="24.654818">
        <ele>7.0</ele>
        <time>2026-08-23T11:06:46Z</time>
      </trkpt>
      <trkpt lat="59.429194" lon="24.654818">
        <ele>7.0</ele>
        <time>2026-08-23T11:06:47Z</time>
      </trkpt>
      <trkpt lat="59.429194" lon="24.654818">
        <ele>7.0</ele>
        <time>2026-08-23T11:06:48Z</time>
      </trkpt>
      <trkpt lat="59.429194" lon="24.654818">
        <ele>7.0</ele>
        <time>2026-08-23T11:06:49Z</time>
      </trkpt>
      <trkpt lat="59.4292" lon="24.654792">
        <ele>7.0</ele>
        <time>2026-08-23T11:06:50Z</time>
      </trkpt>
      <trkpt lat="59.4292" lon="24.654791">
        <ele>7.0</ele>
        <time>2026-08-23T11:06:51Z</time>
      </trkpt>
      <trkpt lat="59.429205" lon="24.654791">
        <ele>7.0</ele>
        <time>2026-08-23T11:06:52Z</time>
      </trkpt>
      <trkpt lat="59.429207" lon="24.654788">
        <ele>7.0</ele>
        <time>2026-08-23T11:06:53Z</time>
      </trkpt>
      <trkpt lat="59.429204" lon="24.65479">
        <ele>7.0</ele>
        <time>2026-08-23T11:06:54Z</time>
      </trkpt>
      <trkpt lat="59.429198" lon="24.654784">
        <ele>7.0</ele>
        <time>2026-08-23T11:06:55Z</time>
      </trkpt>
      <trkpt lat="59.429198" lon="24.654784">
        <ele>7.0</ele>
        <time>2026-08-23T11:06:56Z</time>
      </trkpt>
      <trkpt lat="59.429198" lon="24.654784">
        <ele>7.0</ele>
        <time>2026-08-23T11:06:57Z</time>
      </trkpt>
      <trkpt lat="59.429193" lon="24.654788">
        <ele>7.0</ele>
        <time>2026-08-23T11:06:58Z</time>
      </trkpt>
      <trkpt lat="59.429194" lon="24.654787">
        <ele>7.0</ele>
        <time>2026-08-23T11:06:59Z</time>
      </trkpt>
      <trkpt lat="59.429194" lon="24.654787">
        <ele>7.0</ele>
        <time>2026-08-23T11:07:00Z</time>
      </trkpt>
      <trkpt lat="59.429194" lon="24.654787">
        <ele>7.0</ele>
        <time>2026-08-23T11:07:01Z</time>
      </trkpt>
      <trkpt lat="59.429194" lon="24.654787">
        <ele>7.0</ele>
        <time>2026-08-23T11:07:02Z</time>
      </trkpt>
      <trkpt lat="59.429194" lon="24.654787">
        <ele>7.0</ele>
        <time>2026-08-23T11:07:03Z</time>
      </trkpt>
      <trkpt lat="59.429194" lon="24.654787">
        <ele>7.0</ele>
        <time>2026-08-23T11:07:04Z</time>
      </trkpt>
      <trkpt lat="59.429194" lon="24.654787">
        <ele>7.0</ele>
        <time>2026-08-23T11:07:05Z</time>
      </trkpt>
      <trkpt lat="59.429194" lon="24.654787">
        <ele>7.0</ele>
        <time>2026-08-23T11:07:06Z</time>
      </trkpt>
      <trkpt lat="59.429196" lon="24.654806">
        <ele>7.0</ele>
        <time>2026-08-23T11:07:07Z</time>
      </trkpt>
      <trkpt lat="59.429196" lon="24.654806">
        <ele>7.0</ele>
        <time>2026-08-23T11:07:08Z</time>
      </trkpt>
      <trkpt lat="59.429196" lon="24.654806">
        <ele>7.0</ele>
        <time>2026-08-23T11:07:09Z</time>
      </trkpt>
      <trkpt lat="59.429207" lon="24.654844">
        <ele>7.0</ele>
        <time>2026-08-23T11:07:10Z</time>
      </trkpt>
      <trkpt lat="59.429207" lon="24.654844">
        <ele>7.0</ele>
        <time>2026-08-23T11:07:11Z</time>
      </trkpt>
      <trkpt lat="59.429216" lon="24.654853">
        <ele>7.0</ele>
        <time>2026-08-23T11:07:12Z</time>
      </trkpt>
      <trkpt lat="59.429218" lon="24.654858">
        <ele>7.0</ele>
        <time>2026-08-23T11:07:13Z</time>
      </trkpt>
      <trkpt lat="59.429218" lon="24.654858">
        <ele>7.0</ele>
        <time>2026-08-23T11:07:14Z</time>
      </trkpt>
      <trkpt lat="59.429219" lon="24.65486">
        <ele>7.0</ele>
        <time>2026-08-23T11:07:15Z</time>
      </trkpt>
      <trkpt lat="59.429219" lon="24.65486">
        <ele>7.0</ele>
        <time>2026-08-23T11:07:16Z</time>
      </trkpt>
      <trkpt lat="59.429218" lon="24.65485">
        <ele>7.0</ele>
        <time>2026-08-23T11:07:17Z</time>
      </trkpt>
      <trkpt lat="59.429218" lon="24.65485">
        <ele>7.0</ele>
        <time>2026-08-23T11:07:18Z</time>
      </trkpt>
      <trkpt lat="59.429218" lon="24.65485">
        <ele>7.0</ele>
        <time>2026-08-23T11:07:19Z</time>
      </trkpt>
      <trkpt lat="59.429218" lon="24.65485">
        <ele>7.0</ele>
        <time>2026-08-23T11:07:20Z</time>
      </trkpt>
      <trkpt lat="59.429218" lon="24.65485">
        <ele>7.0</ele>
        <time>2026-08-23T11:07:21Z</time>
      </trkpt>
      <trkpt lat="59.429218" lon="24.65485">
        <ele>7.0</ele>
        <time>2026-08-23T11:07:22Z</time>
      </trkpt>
      <trkpt lat="59.429218" lon="24.65485">
        <ele>7.0</ele>
        <time>2026-08-23T11:07:23Z</time>
      </trkpt>
      <trkpt lat="59.429218" lon="24.65485">
        <ele>7.0</ele>
        <time>2026-08-23T11:07:24Z</time>
      </trkpt>
      <trkpt lat="59.429218" lon="24.65485">
        <ele>7.0</ele>
        <time>2026-08-23T11:07:25Z</time>
      </trkpt>
      <trkpt lat="59.429218" lon="24.65485">
        <ele>7.0</ele>
        <time>2026-08-23T11:07:26Z</time>
      </trkpt>
      <trkpt lat="59.429218" lon="24.65485">
        <ele>7.0</ele>
        <time>2026-08-23T11:07:27Z</time>
      </trkpt>
      <trkpt lat="59.429218" lon="24.65485">
        <ele>7.0</ele>
        <time>2026-08-23T11:07:28Z</time>
      </trkpt>
      <trkpt lat="59.429218" lon="24.65485">
        <ele>7.0</ele>
        <time>2026-08-23T11:07:29Z</time>
      </trkpt>
      <trkpt lat="59.429218" lon="24.65485">
        <ele>7.0</ele>
        <time>2026-08-23T11:07:30Z</time>
      </trkpt>
      <trkpt lat="59.429218" lon="24.65485">
        <ele>7.0</ele>
        <time>2026-08-23T11:07:31Z</time>
      </trkpt>
      <trkpt lat="59.429209" lon="24.654842">
        <ele>7.0</ele>
        <time>2026-08-23T11:07:32Z</time>
      </trkpt>
      <trkpt lat="59.42921" lon="24.654836">
        <ele>7.0</ele>
        <time>2026-08-23T11:07:33Z</time>
      </trkpt>
      <trkpt lat="59.429209" lon="24.654834">
        <ele>7.0</ele>
        <time>2026-08-23T11:07:34Z</time>
      </trkpt>
      <trkpt lat="59.429204" lon="24.654835">
        <ele>7.0</ele>
        <time>2026-08-23T11:07:35Z</time>
      </trkpt>
      <trkpt lat="59.429211" lon="24.654825">
        <ele>7.0</ele>
        <time>2026-08-23T11:07:36Z</time>
      </trkpt>
      <trkpt lat="59.42921" lon="24.654826">
        <ele>7.0</ele>
        <time>2026-08-23T11:07:37Z</time>
      </trkpt>
      <trkpt lat="59.42921" lon="24.654826">
        <ele>7.0</ele>
        <time>2026-08-23T11:07:38Z</time>
      </trkpt>
      <trkpt lat="59.42921" lon="24.654826">
        <ele>7.0</ele>
        <time>2026-08-23T11:07:39Z</time>
      </trkpt>
      <trkpt lat="59.429219" lon="24.654821">
        <ele>7.0</ele>
        <time>2026-08-23T11:07:40Z</time>
      </trkpt>
      <trkpt lat="59.429222" lon="24.654811">
        <ele>7.0</ele>
        <time>2026-08-23T11:07:41Z</time>
      </trkpt>
      <trkpt lat="59.429221" lon="24.654811">
        <ele>7.0</ele>
        <time>2026-08-23T11:07:42Z</time>
      </trkpt>
      <trkpt lat="59.429221" lon="24.654811">
        <ele>7.0</ele>
        <time>2026-08-23T11:07:43Z</time>
      </trkpt>
      <trkpt lat="59.429221" lon="24.654811">
        <ele>7.0</ele>
        <time>2026-08-23T11:07:44Z</time>
      </trkpt>
      <trkpt lat="59.429215" lon="24.6548">
        <ele>7.0</ele>
        <time>2026-08-23T11:07:45Z</time>
      </trkpt>
      <trkpt lat="59.429214" lon="24.654787">
        <ele>7.0</ele>
        <time>2026-08-23T11:07:46Z</time>
      </trkpt>
      <trkpt lat="59.42921" lon="24.654791">
        <ele>7.0</ele>
        <time>2026-08-23T11:07:47Z</time>
      </trkpt>
      <trkpt lat="59.42921" lon="24.654791">
        <ele>7.0</ele>
        <time>2026-08-23T11:07:48Z</time>
      </trkpt>
      <trkpt lat="59.42921" lon="24.654791">
        <ele>7.0</ele>
        <time>2026-08-23T11:07:49Z</time>
      </trkpt>
      <trkpt lat="59.42921" lon="24.654791">
        <ele>7.0</ele>
        <time>2026-08-23T11:07:50Z</time>
      </trkpt>
      <trkpt lat="59.42921" lon="24.654791">
        <ele>7.0</ele>
        <time>2026-08-23T11:07:51Z</time>
      </trkpt>
      <trkpt lat="59.42921" lon="24.654791">
        <ele>7.0</ele>
        <time>2026-08-23T11:07:52Z</time>
      </trkpt>
      <trkpt lat="59.42921" lon="24.654791">
        <ele>7.0</ele>
        <time>2026-08-23T11:07:53Z</time>
      </trkpt>
      <trkpt lat="59.42921" lon="24.654791">
        <ele>7.0</ele>
        <time>2026-08-23T11:07:54Z</time>
      </trkpt>
      <trkpt lat="59.42921" lon="24.654791">
        <ele>7.0</ele>
        <time>2026-08-23T11:07:55Z</time>
      </trkpt>
      <trkpt lat="59.42921" lon="24.654791">
        <ele>7.0</ele>
        <time>2026-08-23T11:07:56Z</time>
      </trkpt>
      <trkpt lat="59.42921" lon="24.654791">
        <ele>7.0</ele>
        <time>2026-08-23T11:07:57Z</time>
      </trkpt>
      <trkpt lat="59.429217" lon="24.654753">
        <ele>7.0</ele>
        <time>2026-08-23T11:07:58Z</time>
      </trkpt>
      <trkpt lat="59.429217" lon="24.654728">
        <ele>7.0</ele>
        <time>2026-08-23T11:07:59Z</time>
      </trkpt>
      <trkpt lat="59.429226" lon="24.654743">
        <ele>7.0</ele>
        <time>2026-08-23T11:08:00Z</time>
      </trkpt>
      <trkpt lat="59.42922" lon="24.654733">
        <ele>7.0</ele>
        <time>2026-08-23T11:08:01Z</time>
      </trkpt>
      <trkpt lat="59.429224" lon="24.65474">
        <ele>7.0</ele>
        <time>2026-08-23T11:08:02Z</time>
      </trkpt>
      <trkpt lat="59.429221" lon="24.654737">
        <ele>7.0</ele>
        <time>2026-08-23T11:08:03Z</time>
      </trkpt>
      <trkpt lat="59.429225" lon="24.654736">
        <ele>7.0</ele>
        <time>2026-08-23T11:08:04Z</time>
      </trkpt>
      <trkpt lat="59.429223" lon="24.654736">
        <ele>7.0</ele>
        <time>2026-08-23T11:08:05Z</time>
      </trkpt>
      <trkpt lat="59.429229" lon="24.654753">
        <ele>7.0</ele>
        <time>2026-08-23T11:08:06Z</time>
      </trkpt>
      <trkpt lat="59.429227" lon="24.654773">
        <ele>7.0</ele>
        <time>2026-08-23T11:08:07Z</time>
      </trkpt>
      <trkpt lat="59.429217" lon="24.654779">
        <ele>7.0</ele>
        <time>2026-08-23T11:08:08Z</time>
      </trkpt>
      <trkpt lat="59.42921" lon="24.654795">
        <ele>7.0</ele>
        <time>2026-08-23T11:08:09Z</time>
      </trkpt>
      <trkpt lat="59.429206" lon="24.654794">
        <ele>7.0</ele>
        <time>2026-08-23T11:08:10Z</time>
      </trkpt>
      <trkpt lat="59.429201" lon="24.654797">
        <ele>7.0</ele>
        <time>2026-08-23T11:08:11Z</time>
      </trkpt>
      <trkpt lat="59.429201" lon="24.654791">
        <ele>7.0</ele>
        <time>2026-08-23T11:08:12Z</time>
      </trkpt>
      <trkpt lat="59.4292" lon="24.654795">
        <ele>7.0</ele>
        <time>2026-08-23T11:08:13Z</time>
      </trkpt>
      <trkpt lat="59.429203" lon="24.654792">
        <ele>7.0</ele>
        <time>2026-08-23T11:08:14Z</time>
      </trkpt>
      <trkpt lat="59.429205" lon="24.654796">
        <ele>7.0</ele>
        <time>2026-08-23T11:08:15Z</time>
      </trkpt>
      <trkpt lat="59.429207" lon="24.654797">
        <ele>7.0</ele>
        <time>2026-08-23T11:08:16Z</time>
      </trkpt>
      <trkpt lat="59.429209" lon="24.654799">
        <ele>7.0</ele>
        <time>2026-08-23T11:08:17Z</time>
      </trkpt>
      <trkpt lat="59.429215" lon="24.654795">
        <ele>7.0</ele>
        <time>2026-08-23T11:08:18Z</time>
      </trkpt>
      <trkpt lat="59.429215" lon="24.654795">
        <ele>7.0</ele>
        <time>2026-08-23T11:08:19Z</time>
      </trkpt>
      <trkpt lat="59.429215" lon="24.654795">
        <ele>7.0</ele>
        <time>2026-08-23T11:08:20Z</time>
      </trkpt>
      <trkpt lat="59.429215" lon="24.654795">
        <ele>7.0</ele>
        <time>2026-08-23T11:08:21Z</time>
      </trkpt>
      <trkpt lat="59.429215" lon="24.654795">
        <ele>7.0</ele>
        <time>2026-08-23T11:08:22Z</time>
      </trkpt>
      <trkpt lat="59.429215" lon="24.654795">
        <ele>7.0</ele>
        <time>2026-08-23T11:08:23Z</time>
      </trkpt>
      <trkpt lat="59.429217" lon="24.654817">
        <ele>7.0</ele>
        <time>2026-08-23T11:08:24Z</time>
      </trkpt>
      <trkpt lat="59.429217" lon="24.654819">
        <ele>7.0</ele>
        <time>2026-08-23T11:08:25Z</time>
      </trkpt>
      <trkpt lat="59.429217" lon="24.654819">
        <ele>7.0</ele>
        <time>2026-08-23T11:08:26Z</time>
      </trkpt>
      <trkpt lat="59.429217" lon="24.654819">
        <ele>7.0</ele>
        <time>2026-08-23T11:08:27Z</time>
      </trkpt>
      <trkpt lat="59.429224" lon="24.654827">
        <ele>7.0</ele>
        <time>2026-08-23T11:08:28Z</time>
      </trkpt>
      <trkpt lat="59.429224" lon="24.654828">
        <ele>7.0</ele>
        <time>2026-08-23T11:08:29Z</time>
      </trkpt>
      <trkpt lat="59.429224" lon="24.654828">
        <ele>7.0</ele>
        <time>2026-08-23T11:08:30Z</time>
      </trkpt>
      <trkpt lat="59.429224" lon="24.654828">
        <ele>7.0</ele>
        <time>2026-08-23T11:08:31Z</time>
      </trkpt>
      <trkpt lat="59.429224" lon="24.654828">
        <ele>7.0</ele>
        <time>2026-08-23T11:08:32Z</time>
      </trkpt>
      <trkpt lat="59.429224" lon="24.654828">
        <ele>7.0</ele>
        <time>2026-08-23T11:08:33Z</time>
      </trkpt>
      <trkpt lat="59.429224" lon="24.654828">
        <ele>7.0</ele>
        <time>2026-08-23T11:08:34Z</time>
      </trkpt>
      <trkpt lat="59.429224" lon="24.654828">
        <ele>7.0</ele>
        <time>2026-08-23T11:08:35Z</time>
      </trkpt>
      <trkpt lat="59.429214" lon="24.654795">
        <ele>7.0</ele>
        <time>2026-08-23T11:08:36Z</time>
      </trkpt>
      <trkpt lat="59.429213" lon="24.654792">
        <ele>7.0</ele>
        <time>2026-08-23T11:08:37Z</time>
      </trkpt>
      <trkpt lat="59.429213" lon="24.654792">
        <ele>7.0</ele>
        <time>2026-08-23T11:08:38Z</time>
      </trkpt>
      <trkpt lat="59.429213" lon="24.654792">
        <ele>7.0</ele>
        <time>2026-08-23T11:08:39Z</time>
      </trkpt>
      <trkpt lat="59.429213" lon="24.654792">
        <ele>7.0</ele>
        <time>2026-08-23T11:08:40Z</time>
      </trkpt>
      <trkpt lat="59.429213" lon="24.654792">
        <ele>7.0</ele>
        <time>2026-08-23T11:08:41Z</time>
      </trkpt>
      <trkpt lat="59.429213" lon="24.654792">
        <ele>7.0</ele>
        <time>2026-08-23T11:08:42Z</time>
      </trkpt>
      <trkpt lat="59.429213" lon="24.654792">
        <ele>7.0</ele>
        <time>2026-08-23T11:08:43Z</time>
      </trkpt>
      <trkpt lat="59.42922" lon="24.654775">
        <ele>7.0</ele>
        <time>2026-08-23T11:08:44Z</time>
      </trkpt>
      <trkpt lat="59.429222" lon="24.654773">
        <ele>7.0</ele>
        <time>2026-08-23T11:08:45Z</time>
      </trkpt>
      <trkpt lat="59.429225" lon="24.654777">
        <ele>7.0</ele>
        <time>2026-08-23T11:08:46Z</time>
      </trkpt>
      <trkpt lat="59.429225" lon="24.65478">
        <ele>7.0</ele>
        <time>2026-08-23T11:08:47Z</time>
      </trkpt>
      <trkpt lat="59.429225" lon="24.65478">
        <ele>7.0</ele>
        <time>2026-08-23T11:08:48Z</time>
      </trkpt>
      <trkpt lat="59.429225" lon="24.65478">
        <ele>7.0</ele>
        <time>2026-08-23T11:08:49Z</time>
      </trkpt>
      <trkpt lat="59.429225" lon="24.65478">
        <ele>7.0</ele>
        <time>2026-08-23T11:08:50Z</time>
      </trkpt>
      <trkpt lat="59.429225" lon="24.65478">
        <ele>7.0</ele>
        <time>2026-08-23T11:08:51Z</time>
      </trkpt>
      <trkpt lat="59.429225" lon="24.65478">
        <ele>7.0</ele>
        <time>2026-08-23T11:08:52Z</time>
      </trkpt>
      <trkpt lat="59.429225" lon="24.65478">
        <ele>7.0</ele>
        <time>2026-08-23T11:08:53Z</time>
      </trkpt>
      <trkpt lat="59.429225" lon="24.65478">
        <ele>7.0</ele>
        <time>2026-08-23T11:08:54Z</time>
      </trkpt>
      <trkpt lat="59.42923" lon="24.654785">
        <ele>7.0</ele>
        <time>2026-08-23T11:08:55Z</time>
      </trkpt>
      <trkpt lat="59.429229" lon="24.654785">
        <ele>7.0</ele>
        <time>2026-08-23T11:08:56Z</time>
      </trkpt>
      <trkpt lat="59.429229" lon="24.654781">
        <ele>7.0</ele>
        <time>2026-08-23T11:08:57Z</time>
      </trkpt>
      <trkpt lat="59.429226" lon="24.654779">
        <ele>7.0</ele>
        <time>2026-08-23T11:08:58Z</time>
      </trkpt>
      <trkpt lat="59.429226" lon="24.654779">
        <ele>7.0</ele>
        <time>2026-08-23T11:08:59Z</time>
      </trkpt>
      <trkpt lat="59.429226" lon="24.654779">
        <ele>7.0</ele>
        <time>2026-08-23T11:09:00Z</time>
      </trkpt>
      <trkpt lat="59.429226" lon="24.654779">
        <ele>7.0</ele>
        <time>2026-08-23T11:09:01Z</time>
      </trkpt>
      <trkpt lat="59.429226" lon="24.654779">
        <ele>7.0</ele>
        <time>2026-08-23T11:09:02Z</time>
      </trkpt>
      <trkpt lat="59.429226" lon="24.654779">
        <ele>7.0</ele>
        <time>2026-08-23T11:09:03Z</time>
      </trkpt>
      <trkpt lat="59.429226" lon="24.654779">
        <ele>7.0</ele>
        <time>2026-08-23T11:09:04Z</time>
      </trkpt>
      <trkpt lat="59.429226" lon="24.654779">
        <ele>7.0</ele>
        <time>2026-08-23T11:09:05Z</time>
      </trkpt>
      <trkpt lat="59.429226" lon="24.654779">
        <ele>7.0</ele>
        <time>2026-08-23T11:09:06Z</time>
      </trkpt>
      <trkpt lat="59.429227" lon="24.654763">
        <ele>7.0</ele>
        <time>2026-08-23T11:09:07Z</time>
      </trkpt>
      <trkpt lat="59.429225" lon="24.654764">
        <ele>7.0</ele>
        <time>2026-08-23T11:09:08Z</time>
      </trkpt>
      <trkpt lat="59.429227" lon="24.654763">
        <ele>7.0</ele>
        <time>2026-08-23T11:09:09Z</time>
      </trkpt>
      <trkpt lat="59.429227" lon="24.654762">
        <ele>7.0</ele>
        <time>2026-08-23T11:09:10Z</time>
      </trkpt>
      <trkpt lat="59.429227" lon="24.654759">
        <ele>7.0</ele>
        <time>2026-08-23T11:09:11Z</time>
      </trkpt>
      <trkpt lat="59.429227" lon="24.654757">
        <ele>7.0</ele>
        <time>2026-08-23T11:09:12Z</time>
      </trkpt>
      <trkpt lat="59.429227" lon="24.654757">
        <ele>7.0</ele>
        <time>2026-08-23T11:09:13Z</time>
      </trkpt>
      <trkpt lat="59.429225" lon="24.65476">
        <ele>7.0</ele>
        <time>2026-08-23T11:09:14Z</time>
      </trkpt>
      <trkpt lat="59.429225" lon="24.654756">
        <ele>7.0</ele>
        <time>2026-08-23T11:09:15Z</time>
      </trkpt>
      <trkpt lat="59.429225" lon="24.654754">
        <ele>7.0</ele>
        <time>2026-08-23T11:09:16Z</time>
      </trkpt>
      <trkpt lat="59.429225" lon="24.654752">
        <ele>7.0</ele>
        <time>2026-08-23T11:09:17Z</time>
      </trkpt>
      <trkpt lat="59.429225" lon="24.654752">
        <ele>7.0</ele>
        <time>2026-08-23T11:09:18Z</time>
      </trkpt>
      <trkpt lat="59.429225" lon="24.654752">
        <ele>7.0</ele>
        <time>2026-08-23T11:09:19Z</time>
      </trkpt>
      <trkpt lat="59.429224" lon="24.654761">
        <ele>7.0</ele>
        <time>2026-08-23T11:09:20Z</time>
      </trkpt>
      <trkpt lat="59.429221" lon="24.654762">
        <ele>7.0</ele>
        <time>2026-08-23T11:09:21Z</time>
      </trkpt>
      <trkpt lat="59.429221" lon="24.654762">
        <ele>7.0</ele>
        <time>2026-08-23T11:09:22Z</time>
      </trkpt>
      <trkpt lat="59.429221" lon="24.654762">
        <ele>7.0</ele>
        <time>2026-08-23T11:09:23Z</time>
      </trkpt>
      <trkpt lat="59.429228" lon="24.654787">
        <ele>7.0</ele>
        <time>2026-08-23T11:09:24Z</time>
      </trkpt>
      <trkpt lat="59.429231" lon="24.654791">
        <ele>7.0</ele>
        <time>2026-08-23T11:09:25Z</time>
      </trkpt>
      <trkpt lat="59.429234" lon="24.6548">
        <ele>7.0</ele>
        <time>2026-08-23T11:09:26Z</time>
      </trkpt>
      <trkpt lat="59.429234" lon="24.6548">
        <ele>7.0</ele>
        <time>2026-08-23T11:09:27Z</time>
      </trkpt>
      <trkpt lat="59.429238" lon="24.654803">
        <ele>7.0</ele>
        <time>2026-08-23T11:09:28Z</time>
      </trkpt>
      <trkpt lat="59.42923" lon="24.654808">
        <ele>7.0</ele>
        <time>2026-08-23T11:09:29Z</time>
      </trkpt>
      <trkpt lat="59.429234" lon="24.654826">
        <ele>7.0</ele>
        <time>2026-08-23T11:09:30Z</time>
      </trkpt>
      <trkpt lat="59.429224" lon="24.654826">
        <ele>7.0</ele>
        <time>2026-08-23T11:09:31Z</time>
      </trkpt>
      <trkpt lat="59.429219" lon="24.654877">
        <ele>7.0</ele>
        <time>2026-08-23T11:09:32Z</time>
      </trkpt>
      <trkpt lat="59.429211" lon="24.654919">
        <ele>7.0</ele>
        <time>2026-08-23T11:09:33Z</time>
      </trkpt>
      <trkpt lat="59.429199" lon="24.654963">
        <ele>7.0</ele>
        <time>2026-08-23T11:09:34Z</time>
      </trkpt>
      <trkpt lat="59.429193" lon="24.654993">
        <ele>7.0</ele>
        <time>2026-08-23T11:09:35Z</time>
      </trkpt>
      <trkpt lat="59.429194" lon="24.655009">
        <ele>7.0</ele>
        <time>2026-08-23T11:09:36Z</time>
      </trkpt>
      <trkpt lat="59.429185" lon="24.655038">
        <ele>7.0</ele>
        <time>2026-08-23T11:09:37Z</time>
      </trkpt>
      <trkpt lat="59.429177" lon="24.655065">
        <ele>7.0</ele>
        <time>2026-08-23T11:09:38Z</time>
      </trkpt>
      <trkpt lat="59.429159" lon="24.655068">
        <ele>7.0</ele>
        <time>2026-08-23T11:09:39Z</time>
      </trkpt>
      <trkpt lat="59.429148" lon="24.655071">
        <ele>7.0</ele>
        <time>2026-08-23T11:09:40Z</time>
      </trkpt>
      <trkpt lat="59.429142" lon="24.655063">
        <ele>7.0</ele>
        <time>2026-08-23T11:09:41Z</time>
      </trkpt>
      <trkpt lat="59.429131" lon="24.655072">
        <ele>7.0</ele>
        <time>2026-08-23T11:09:42Z</time>
      </trkpt>
      <trkpt lat="59.429115" lon="24.655094">
        <ele>7.1</ele>
        <time>2026-08-23T11:09:43Z</time>
      </trkpt>
      <trkpt lat="59.429103" lon="24.655101">
        <ele>7.1</ele>
        <time>2026-08-23T11:09:44Z</time>
      </trkpt>
      <trkpt lat="59.429087" lon="24.655099">
        <ele>7.1</ele>
        <time>2026-08-23T11:09:45Z</time>
      </trkpt>
      <trkpt lat="59.429073" lon="24.655089">
        <ele>7.1</ele>
        <time>2026-08-23T11:09:46Z</time>
      </trkpt>
      <trkpt lat="59.42906" lon="24.655085">
        <ele>7.1</ele>
        <time>2026-08-23T11:09:47Z</time>
      </trkpt>
      <trkpt lat="59.42905" lon="24.65508">
        <ele>7.1</ele>
        <time>2026-08-23T11:09:48Z</time>
      </trkpt>
      <trkpt lat="59.429036" lon="24.65507">
        <ele>7.1</ele>
        <time>2026-08-23T11:09:49Z</time>
      </trkpt>
      <trkpt lat="59.429021" lon="24.655067">
        <ele>7.1</ele>
        <time>2026-08-23T11:09:50Z</time>
      </trkpt>
      <trkpt lat="59.429002" lon="24.655064">
        <ele>7.1</ele>
        <time>2026-08-23T11:09:51Z</time>
      </trkpt>
      <trkpt lat="59.42899" lon="24.655073">
        <ele>7.1</ele>
        <time>2026-08-23T11:09:52Z</time>
      </trkpt>
      <trkpt lat="59.428988" lon="24.655061">
        <ele>7.1</ele>
        <time>2026-08-23T11:09:53Z</time>
      </trkpt>
      <trkpt lat="59.428989" lon="24.655041">
        <ele>7.1</ele>
        <time>2026-08-23T11:09:54Z</time>
      </trkpt>
      <trkpt lat="59.42899" lon="24.65502">
        <ele>7.1</ele>
        <time>2026-08-23T11:09:55Z</time>
      </trkpt>
      <trkpt lat="59.428983" lon="24.655007">
        <ele>7.1</ele>
        <time>2026-08-23T11:09:56Z</time>
      </trkpt>
      <trkpt lat="59.428975" lon="24.654989">
        <ele>7.2</ele>
        <time>2026-08-23T11:09:57Z</time>
      </trkpt>
      <trkpt lat="59.428961" lon="24.654967">
        <ele>7.2</ele>
        <time>2026-08-23T11:09:58Z</time>
      </trkpt>
      <trkpt lat="59.428947" lon="24.654945">
        <ele>7.2</ele>
        <time>2026-08-23T11:09:59Z</time>
      </trkpt>
      <trkpt lat="59.428926" lon="24.654926">
        <ele>7.2</ele>
        <time>2026-08-23T11:10:00Z</time>
      </trkpt>
      <trkpt lat="59.428916" lon="24.654904">
        <ele>7.2</ele>
        <time>2026-08-23T11:10:01Z</time>
      </trkpt>
      <trkpt lat="59.428906" lon="24.654887">
        <ele>7.2</ele>
        <time>2026-08-23T11:10:02Z</time>
      </trkpt>
      <trkpt lat="59.428895" lon="24.654864">
        <ele>7.3</ele>
        <time>2026-08-23T11:10:03Z</time>
      </trkpt>
      <trkpt lat="59.42888" lon="24.654854">
        <ele>7.3</ele>
        <time>2026-08-23T11:10:04Z</time>
      </trkpt>
      <trkpt lat="59.428861" lon="24.654858">
        <ele>7.3</ele>
        <time>2026-08-23T11:10:05Z</time>
      </trkpt>
      <trkpt lat="59.428851" lon="24.654858">
        <ele>7.3</ele>
        <time>2026-08-23T11:10:06Z</time>
      </trkpt>
      <trkpt lat="59.428836" lon="24.654864">
        <ele>7.3</ele>
        <time>2026-08-23T11:10:07Z</time>
      </trkpt>
      <trkpt lat="59.428822" lon="24.654881">
        <ele>7.3</ele>
        <time>2026-08-23T11:10:08Z</time>
      </trkpt>
      <trkpt lat="59.428812" lon="24.654908">
        <ele>7.4</ele>
        <time>2026-08-23T11:10:09Z</time>
      </trkpt>
      <trkpt lat="59.428803" lon="24.654919">
        <ele>7.4</ele>
        <time>2026-08-23T11:10:10Z</time>
      </trkpt>
      <trkpt lat="59.428819" lon="24.654923">
        <ele>7.4</ele>
        <time>2026-08-23T11:10:11Z</time>
      </trkpt>
      <trkpt lat="59.428829" lon="24.654928">
        <ele>7.4</ele>
        <time>2026-08-23T11:10:12Z</time>
      </trkpt>
      <trkpt lat="59.428831" lon="24.654927">
        <ele>7.4</ele>
        <time>2026-08-23T11:10:13Z</time>
      </trkpt>
      <trkpt lat="59.428831" lon="24.654927">
        <ele>7.4</ele>
        <time>2026-08-23T11:10:14Z</time>
      </trkpt>
      <trkpt lat="59.428831" lon="24.654927">
        <ele>7.4</ele>
        <time>2026-08-23T11:10:15Z</time>
      </trkpt>
      <trkpt lat="59.428846" lon="24.65496">
        <ele>7.4</ele>
        <time>2026-08-23T11:10:16Z</time>
      </trkpt>
      <trkpt lat="59.428845" lon="24.654962">
        <ele>7.4</ele>
        <time>2026-08-23T11:10:17Z</time>
      </trkpt>
      <trkpt lat="59.428851" lon="24.65496">
        <ele>7.4</ele>
        <time>2026-08-23T11:10:18Z</time>
      </trkpt>
      <trkpt lat="59.428851" lon="24.65496">
        <ele>7.4</ele>
        <time>2026-08-23T11:10:19Z</time>
      </trkpt>
      <trkpt lat="59.428851" lon="24.65496">
        <ele>7.4</ele>
        <time>2026-08-23T11:10:20Z</time>
      </trkpt>
      <trkpt lat="59.428851" lon="24.65496">
        <ele>7.4</ele>
        <time>2026-08-23T11:10:21Z</time>
      </trkpt>
      <trkpt lat="59.428851" lon="24.65496">
        <ele>7.4</ele>
        <time>2026-08-23T11:10:22Z</time>
      </trkpt>
      <trkpt lat="59.428851" lon="24.65496">
        <ele>7.4</ele>
        <time>2026-08-23T11:10:23Z</time>
      </trkpt>
      <trkpt lat="59.428879" lon="24.65493">
        <ele>7.4</ele>
        <time>2026-08-23T11:10:24Z</time>
      </trkpt>
      <trkpt lat="59.428879" lon="24.654925">
        <ele>7.4</ele>
        <time>2026-08-23T11:10:25Z</time>
      </trkpt>
      <trkpt lat="59.428879" lon="24.654921">
        <ele>7.4</ele>
        <time>2026-08-23T11:10:26Z</time>
      </trkpt>
      <trkpt lat="59.42888" lon="24.654916">
        <ele>7.4</ele>
        <time>2026-08-23T11:10:27Z</time>
      </trkpt>
      <trkpt lat="59.42888" lon="24.654912">
        <ele>7.4</ele>
        <time>2026-08-23T11:10:28Z</time>
      </trkpt>
      <trkpt lat="59.42888" lon="24.654907">
        <ele>7.4</ele>
        <time>2026-08-23T11:10:29Z</time>
      </trkpt>
      <trkpt lat="59.42888" lon="24.654903">
        <ele>7.4</ele>
        <time>2026-08-23T11:10:30Z</time>
      </trkpt>
      <trkpt lat="59.42888" lon="24.654898">
        <ele>7.4</ele>
        <time>2026-08-23T11:10:31Z</time>
      </trkpt>
      <trkpt lat="59.428881" lon="24.654894">
        <ele>7.4</ele>
        <time>2026-08-23T11:10:32Z</time>
      </trkpt>
      <trkpt lat="59.428881" lon="24.654889">
        <ele>7.4</ele>
        <time>2026-08-23T11:10:33Z</time>
      </trkpt>
      <trkpt lat="59.428881" lon="24.654884">
        <ele>7.4</ele>
        <time>2026-08-23T11:10:34Z</time>
      </trkpt>
      <trkpt lat="59.428881" lon="24.65488">
        <ele>7.3</ele>
        <time>2026-08-23T11:10:35Z</time>
      </trkpt>
      <trkpt lat="59.428881" lon="24.654875">
        <ele>7.3</ele>
        <time>2026-08-23T11:10:36Z</time>
      </trkpt>
      <trkpt lat="59.428881" lon="24.654871">
        <ele>7.3</ele>
        <time>2026-08-23T11:10:37Z</time>
      </trkpt>
      <trkpt lat="59.428882" lon="24.654866">
        <ele>7.3</ele>
        <time>2026-08-23T11:10:38Z</time>
      </trkpt>
      <trkpt lat="59.428882" lon="24.654862">
        <ele>7.3</ele>
        <time>2026-08-23T11:10:39Z</time>
      </trkpt>
      <trkpt lat="59.428882" lon="24.654857">
        <ele>7.3</ele>
        <time>2026-08-23T11:10:40Z</time>
      </trkpt>
      <trkpt lat="59.428874" lon="24.654849">
        <ele>7.3</ele>
        <time>2026-08-23T11:10:41Z</time>
      </trkpt>
      <trkpt lat="59.428879" lon="24.654842">
        <ele>7.3</ele>
        <time>2026-08-23T11:10:42Z</time>
      </trkpt>
      <trkpt lat="59.428883" lon="24.654865">
        <ele>7.3</ele>
        <time>2026-08-23T11:10:43Z</time>
      </trkpt>
      <trkpt lat="59.428889" lon="24.654878">
        <ele>7.3</ele>
        <time>2026-08-23T11:10:44Z</time>
      </trkpt>
      <trkpt lat="59.428903" lon="24.654889">
        <ele>7.3</ele>
        <time>2026-08-23T11:10:45Z</time>
      </trkpt>
      <trkpt lat="59.428922" lon="24.654895">
        <ele>7.3</ele>
        <time>2026-08-23T11:10:46Z</time>
      </trkpt>
      <trkpt lat="59.428934" lon="24.654904">
        <ele>7.3</ele>
        <time>2026-08-23T11:10:47Z</time>
      </trkpt>
      <trkpt lat="59.42894" lon="24.654914">
        <ele>7.2</ele>
        <time>2026-08-23T11:10:48Z</time>
      </trkpt>
      <trkpt lat="59.428942" lon="24.654916">
        <ele>7.2</ele>
        <time>2026-08-23T11:10:49Z</time>
      </trkpt>
      <trkpt lat="59.428945" lon="24.654917">
        <ele>7.2</ele>
        <time>2026-08-23T11:10:50Z</time>
      </trkpt>
      <trkpt lat="59.428956" lon="24.654922">
        <ele>7.2</ele>
        <time>2026-08-23T11:10:51Z</time>
      </trkpt>
      <trkpt lat="59.428977" lon="24.654924">
        <ele>7.2</ele>
        <time>2026-08-23T11:10:52Z</time>
      </trkpt>
      <trkpt lat="59.428996" lon="24.654947">
        <ele>7.2</ele>
        <time>2026-08-23T11:10:53Z</time>
      </trkpt>
      <trkpt lat="59.429002" lon="24.654948">
        <ele>7.2</ele>
        <time>2026-08-23T11:10:54Z</time>
      </trkpt>
      <trkpt lat="59.429012" lon="24.654962">
        <ele>7.2</ele>
        <time>2026-08-23T11:10:55Z</time>
      </trkpt>
      <trkpt lat="59.429026" lon="24.654969">
        <ele>7.2</ele>
        <time>2026-08-23T11:10:56Z</time>
      </trkpt>
      <trkpt lat="59.429035" lon="24.654969">
        <ele>7.1</ele>
        <time>2026-08-23T11:10:57Z</time>
      </trkpt>
      <trkpt lat="59.429049" lon="24.654981">
        <ele>7.1</ele>
        <time>2026-08-23T11:10:58Z</time>
      </trkpt>
      <trkpt lat="59.429066" lon="24.654984">
        <ele>7.1</ele>
        <time>2026-08-23T11:10:59Z</time>
      </trkpt>
      <trkpt lat="59.429076" lon="24.654986">
        <ele>7.1</ele>
        <time>2026-08-23T11:11:00Z</time>
      </trkpt>
      <trkpt lat="59.429077" lon="24.654988">
        <ele>7.1</ele>
        <time>2026-08-23T11:11:01Z</time>
      </trkpt>
      <trkpt lat="59.429082" lon="24.654993">
        <ele>7.1</ele>
        <time>2026-08-23T11:11:02Z</time>
      </trkpt>
      <trkpt lat="59.429097" lon="24.65498">
        <ele>7.1</ele>
        <time>2026-08-23T11:11:03Z</time>
      </trkpt>
      <trkpt lat="59.429104" lon="24.654971">
        <ele>7.1</ele>
        <time>2026-08-23T11:11:04Z</time>
      </trkpt>
      <trkpt lat="59.429115" lon="24.654977">
        <ele>7.1</ele>
        <time>2026-08-23T11:11:05Z</time>
      </trkpt>
      <trkpt lat="59.429123" lon="24.654991">
        <ele>7.1</ele>
        <time>2026-08-23T11:11:06Z</time>
      </trkpt>
      <trkpt lat="59.429127" lon="24.654997">
        <ele>7.1</ele>
        <time>2026-08-23T11:11:07Z</time>
      </trkpt>
      <trkpt lat="59.429127" lon="24.654995">
        <ele>7.1</ele>
        <time>2026-08-23T11:11:08Z</time>
      </trkpt>
      <trkpt lat="59.429126" lon="24.65499">
        <ele>7.1</ele>
        <time>2026-08-23T11:11:09Z</time>
      </trkpt>
      <trkpt lat="59.429128" lon="24.654992">
        <ele>7.1</ele>
        <time>2026-08-23T11:11:10Z</time>
      </trkpt>
      <trkpt lat="59.429128" lon="24.654989">
        <ele>7.1</ele>
        <time>2026-08-23T11:11:11Z</time>
      </trkpt>
      <trkpt lat="59.429127" lon="24.654999">
        <ele>7.1</ele>
        <time>2026-08-23T11:11:12Z</time>
      </trkpt>
      <trkpt lat="59.429125" lon="24.654999">
        <ele>7.1</ele>
        <time>2026-08-23T11:11:13Z</time>
      </trkpt>
      <trkpt lat="59.429125" lon="24.654998">
        <ele>7.1</ele>
        <time>2026-08-23T11:11:14Z</time>
      </trkpt>
      <trkpt lat="59.429126" lon="24.654993">
        <ele>7.1</ele>
        <time>2026-08-23T11:11:15Z</time>
      </trkpt>
      <trkpt lat="59.429127" lon="24.65499">
        <ele>7.1</ele>
        <time>2026-08-23T11:11:16Z</time>
      </trkpt>
      <trkpt lat="59.429126" lon="24.65499">
        <ele>7.1</ele>
        <time>2026-08-23T11:11:17Z</time>
      </trkpt>
      <trkpt lat="59.429127" lon="24.654993">
        <ele>7.1</ele>
        <time>2026-08-23T11:11:18Z</time>
      </trkpt>
      <trkpt lat="59.429128" lon="24.654989">
        <ele>7.1</ele>
        <time>2026-08-23T11:11:19Z</time>
      </trkpt>
      <trkpt lat="59.429135" lon="24.654996">
        <ele>7.1</ele>
        <time>2026-08-23T11:11:20Z</time>
      </trkpt>
      <trkpt lat="59.42914" lon="24.655009">
        <ele>7.1</ele>
        <time>2026-08-23T11:11:21Z</time>
      </trkpt>
      <trkpt lat="59.429151" lon="24.655012">
        <ele>7.1</ele>
        <time>2026-08-23T11:11:22Z</time>
      </trkpt>
      <trkpt lat="59.429161" lon="24.655021">
        <ele>7.1</ele>
        <time>2026-08-23T11:11:23Z</time>
      </trkpt>
      <trkpt lat="59.429172" lon="24.655022">
        <ele>7.1</ele>
        <time>2026-08-23T11:11:24Z</time>
      </trkpt>
      <trkpt lat="59.429171" lon="24.655022">
        <ele>7.1</ele>
        <time>2026-08-23T11:11:25Z</time>
      </trkpt>
      <trkpt lat="59.429171" lon="24.655022">
        <ele>7.1</ele>
        <time>2026-08-23T11:11:26Z</time>
      </trkpt>
      <trkpt lat="59.429171" lon="24.655022">
        <ele>7.1</ele>
        <time>2026-08-23T11:11:27Z</time>
      </trkpt>
      <trkpt lat="59.429171" lon="24.655022">
        <ele>7.1</ele>
        <time>2026-08-23T11:11:28Z</time>
      </trkpt>
      <trkpt lat="59.429171" lon="24.655022">
        <ele>7.1</ele>
        <time>2026-08-23T11:11:29Z</time>
      </trkpt>
      <trkpt lat="59.429171" lon="24.655022">
        <ele>7.1</ele>
        <time>2026-08-23T11:11:30Z</time>
      </trkpt>
      <trkpt lat="59.429171" lon="24.655022">
        <ele>7.1</ele>
        <time>2026-08-23T11:11:31Z</time>
      </trkpt>
      <trkpt lat="59.429171" lon="24.655022">
        <ele>7.1</ele>
        <time>2026-08-23T11:11:32Z</time>
      </trkpt>
      <trkpt lat="59.429187" lon="24.655027">
        <ele>7.0</ele>
        <time>2026-08-23T11:11:33Z</time>
      </trkpt>
      <trkpt lat="59.429188" lon="24.655025">
        <ele>7.0</ele>
        <time>2026-08-23T11:11:34Z</time>
      </trkpt>
      <trkpt lat="59.429193" lon="24.655033">
        <ele>7.0</ele>
        <time>2026-08-23T11:11:35Z</time>
      </trkpt>
      <trkpt lat="59.429189" lon="24.655038">
        <ele>7.0</ele>
        <time>2026-08-23T11:11:36Z</time>
      </trkpt>
      <trkpt lat="59.429189" lon="24.655038">
        <ele>7.0</ele>
        <time>2026-08-23T11:11:38Z</time>
      </trkpt>
      <trkpt lat="59.429189" lon="24.655038">
        <ele>7.0</ele>
        <time>2026-08-23T11:11:43Z</time>
      </trkpt>
      <trkpt lat="59.429189" lon="24.655038">
        <ele>7.0</ele>
        <time>2026-08-23T11:11:46Z</time>
      </trkpt>
      <trkpt lat="59.429189" lon="24.655038">
        <ele>7.0</ele>
        <time>2026-08-23T11:11:48Z</time>
      </trkpt>
      <trkpt lat="59.429189" lon="24.655038">
        <ele>7.0</ele>
        <time>2026-08-23T11:11:51Z</time>
      </trkpt>
      <trkpt lat="59.429189" lon="24.655038">
        <ele>7.0</ele>
        <time>2026-08-23T11:11:52Z</time>
      </trkpt>
      <trkpt lat="59.429189" lon="24.655038">
        <ele>7.0</ele>
        <time>2026-08-23T11:11:54Z</time>
      </trkpt>
      <trkpt lat="59.429189" lon="24.655038">
        <ele>7.0</ele>
        <time>2026-08-23T11:11:57Z</time>
      </trkpt>
      <trkpt lat="59.429189" lon="24.655038">
        <ele>7.0</ele>
        <time>2026-08-23T11:12:01Z</time>
      </trkpt>
      <trkpt lat="59.429189" lon="24.655038">
        <ele>7.0</ele>
        <time>2026-08-23T11:12:03Z</time>
      </trkpt>
      <trkpt lat="59.429189" lon="24.655038">
        <ele>7.0</ele>
        <time>2026-08-23T11:12:09Z</time>
      </trkpt>
      <trkpt lat="59.429152" lon="24.654911">
        <ele>7.0</ele>
        <time>2026-08-23T11:12:18Z</time>
      </trkpt>
      <trkpt lat="59.429156" lon="24.654902">
        <ele>7.0</ele>
        <time>2026-08-23T11:12:19Z</time>
      </trkpt>
      <trkpt lat="59.429158" lon="24.654884">
        <ele>7.0</ele>
        <time>2026-08-23T11:12:20Z</time>
      </trkpt>
      <trkpt lat="59.429164" lon="24.654893">
        <ele>7.0</ele>
        <time>2026-08-23T11:12:21Z</time>
      </trkpt>
      <trkpt lat="59.429175" lon="24.65489">
        <ele>7.0</ele>
        <time>2026-08-23T11:12:22Z</time>
      </trkpt>
      <trkpt lat="59.429173" lon="24.654881">
        <ele>7.0</ele>
        <time>2026-08-23T11:12:23Z</time>
      </trkpt>
      <trkpt lat="59.429176" lon="24.654865">
        <ele>7.0</ele>
        <time>2026-08-23T11:12:24Z</time>
      </trkpt>
      <trkpt lat="59.429181" lon="24.654847">
        <ele>7.0</ele>
        <time>2026-08-23T11:12:25Z</time>
      </trkpt>
      <trkpt lat="59.429189" lon="24.654825">
        <ele>7.0</ele>
        <time>2026-08-23T11:12:26Z</time>
      </trkpt>
      <trkpt lat="59.429196" lon="24.654812">
        <ele>7.0</ele>
        <time>2026-08-23T11:12:27Z</time>
      </trkpt>
      <trkpt lat="59.429201" lon="24.654803">
        <ele>7.0</ele>
        <time>2026-08-23T11:12:28Z</time>
      </trkpt>
      <trkpt lat="59.429202" lon="24.654789">
        <ele>7.0</ele>
        <time>2026-08-23T11:12:29Z</time>
      </trkpt>
      <trkpt lat="59.429212" lon="24.654775">
        <ele>7.0</ele>
        <time>2026-08-23T11:12:30Z</time>
      </trkpt>
      <trkpt lat="59.429222" lon="24.654767">
        <ele>7.0</ele>
        <time>2026-08-23T11:12:31Z</time>
      </trkpt>
      <trkpt lat="59.429229" lon="24.654778">
        <ele>7.0</ele>
        <time>2026-08-23T11:12:32Z</time>
      </trkpt>
      <trkpt lat="59.429234" lon="24.654798">
        <ele>7.0</ele>
        <time>2026-08-23T11:12:33Z</time>
      </trkpt>
      <trkpt lat="59.429236" lon="24.654815">
        <ele>7.0</ele>
        <time>2026-08-23T11:12:34Z</time>
      </trkpt>
      <trkpt lat="59.429239" lon="24.654825">
        <ele>7.0</ele>
        <time>2026-08-23T11:12:35Z</time>
      </trkpt>
      <trkpt lat="59.429237" lon="24.654827">
        <ele>7.0</ele>
        <time>2026-08-23T11:12:36Z</time>
      </trkpt>
      <trkpt lat="59.429241" lon="24.654831">
        <ele>7.0</ele>
        <time>2026-08-23T11:12:37Z</time>
      </trkpt>
      <trkpt lat="59.429251" lon="24.654833">
        <ele>7.0</ele>
        <time>2026-08-23T11:12:38Z</time>
      </trkpt>
      <trkpt lat="59.429261" lon="24.654842">
        <ele>7.0</ele>
        <time>2026-08-23T11:12:39Z</time>
      </trkpt>
      <trkpt lat="59.429259" lon="24.654857">
        <ele>7.0</ele>
        <time>2026-08-23T11:12:40Z</time>
      </trkpt>
      <trkpt lat="59.429255" lon="24.654862">
        <ele>7.0</ele>
        <time>2026-08-23T11:12:41Z</time>
      </trkpt>
      <trkpt lat="59.429243" lon="24.654854">
        <ele>7.0</ele>
        <time>2026-08-23T11:12:42Z</time>
      </trkpt>
      <trkpt lat="59.429234" lon="24.654835">
        <ele>7.0</ele>
        <time>2026-08-23T11:12:43Z</time>
      </trkpt>
      <trkpt lat="59.429225" lon="24.654823">
        <ele>7.0</ele>
        <time>2026-08-23T11:12:44Z</time>
      </trkpt>
      <trkpt lat="59.429227" lon="24.65483">
        <ele>7.0</ele>
        <time>2026-08-23T11:12:45Z</time>
      </trkpt>
      <trkpt lat="59.429227" lon="24.654818">
        <ele>7.0</ele>
        <time>2026-08-23T11:12:46Z</time>
      </trkpt>
      <trkpt lat="59.429223" lon="24.654807">
        <ele>7.0</ele>
        <time>2026-08-23T11:12:47Z</time>
      </trkpt>
      <trkpt lat="59.429219" lon="24.65479">
        <ele>7.0</ele>
        <time>2026-08-23T11:12:48Z</time>
      </trkpt>
      <trkpt lat="59.429227" lon="24.654772">
        <ele>7.0</ele>
        <time>2026-08-23T11:12:50Z</time>
      </trkpt>
      <trkpt lat="59.429235" lon="24.654761">
        <ele>7.0</ele>
        <time>2026-08-23T11:12:51Z</time>
      </trkpt>
      <trkpt lat="59.42923" lon="24.654774">
        <ele>7.0</ele>
        <time>2026-08-23T11:12:52Z</time>
      </trkpt>
      <trkpt lat="59.429233" lon="24.654784">
        <ele>7.0</ele>
        <time>2026-08-23T11:12:53Z</time>
      </trkpt>
      <trkpt lat="59.429232" lon="24.654785">
        <ele>7.0</ele>
        <time>2026-08-23T11:12:54Z</time>
      </trkpt>
      <trkpt lat="59.429232" lon="24.654785">
        <ele>7.0</ele>
        <time>2026-08-23T11:12:55Z</time>
      </trkpt>
      <trkpt lat="59.429232" lon="24.654785">
        <ele>7.0</ele>
        <time>2026-08-23T11:12:56Z</time>
      </trkpt>
      <trkpt lat="59.429232" lon="24.654785">
        <ele>7.0</ele>
        <time>2026-08-23T11:12:57Z</time>
      </trkpt>
      <trkpt lat="59.429236" lon="24.65476">
        <ele>7.0</ele>
        <time>2026-08-23T11:12:58Z</time>
      </trkpt>
      <trkpt lat="59.429236" lon="24.654763">
        <ele>7.0</ele>
        <time>2026-08-23T11:12:59Z</time>
      </trkpt>
      <trkpt lat="59.429239" lon="24.654769">
        <ele>7.0</ele>
        <time>2026-08-23T11:13:00Z</time>
      </trkpt>
      <trkpt lat="59.429231" lon="24.654761">
        <ele>7.0</ele>
        <time>2026-08-23T11:13:01Z</time>
      </trkpt>
      <trkpt lat="59.429227" lon="24.654756">
        <ele>7.0</ele>
        <time>2026-08-23T11:13:02Z</time>
      </trkpt>
      <trkpt lat="59.429226" lon="24.65475">
        <ele>7.0</ele>
        <time>2026-08-23T11:13:03Z</time>
      </trkpt>
      <trkpt lat="59.42923" lon="24.654751">
        <ele>7.0</ele>
        <time>2026-08-23T11:13:04Z</time>
      </trkpt>
      <trkpt lat="59.42923" lon="24.654751">
        <ele>7.0</ele>
        <time>2026-08-23T11:13:05Z</time>
      </trkpt>
      <trkpt lat="59.429234" lon="24.654738">
        <ele>7.0</ele>
        <time>2026-08-23T11:13:06Z</time>
      </trkpt>
      <trkpt lat="59.429233" lon="24.654735">
        <ele>7.0</ele>
        <time>2026-08-23T11:13:07Z</time>
      </trkpt>
      <trkpt lat="59.429235" lon="24.654735">
        <ele>7.0</ele>
        <time>2026-08-23T11:13:08Z</time>
      </trkpt>
      <trkpt lat="59.429234" lon="24.654735">
        <ele>7.0</ele>
        <time>2026-08-23T11:13:09Z</time>
      </trkpt>
      <trkpt lat="59.429234" lon="24.654735">
        <ele>7.0</ele>
        <time>2026-08-23T11:13:10Z</time>
      </trkpt>
      <trkpt lat="59.429234" lon="24.654735">
        <ele>7.0</ele>
        <time>2026-08-23T11:13:11Z</time>
      </trkpt>
      <trkpt lat="59.429237" lon="24.654735">
        <ele>7.0</ele>
        <time>2026-08-23T11:13:12Z</time>
      </trkpt>
      <trkpt lat="59.429236" lon="24.654735">
        <ele>7.0</ele>
        <time>2026-08-23T11:13:13Z</time>
      </trkpt>
      <trkpt lat="59.429239" lon="24.654733">
        <ele>7.0</ele>
        <time>2026-08-23T11:13:14Z</time>
      </trkpt>
      <trkpt lat="59.42924" lon="24.654729">
        <ele>7.0</ele>
        <time>2026-08-23T11:13:15Z</time>
      </trkpt>
      <trkpt lat="59.42924" lon="24.654728">
        <ele>7.0</ele>
        <time>2026-08-23T11:13:16Z</time>
      </trkpt>
      <trkpt lat="59.429242" lon="24.65473">
        <ele>7.0</ele>
        <time>2026-08-23T11:13:17Z</time>
      </trkpt>
      <trkpt lat="59.429236" lon="24.654731">
        <ele>7.0</ele>
        <time>2026-08-23T11:13:18Z</time>
      </trkpt>
      <trkpt lat="59.429234" lon="24.654731">
        <ele>7.0</ele>
        <time>2026-08-23T11:13:19Z</time>
      </trkpt>
      <trkpt lat="59.429233" lon="24.654725">
        <ele>7.0</ele>
        <time>2026-08-23T11:13:20Z</time>
      </trkpt>
      <trkpt lat="59.429235" lon="24.654721">
        <ele>7.0</ele>
        <time>2026-08-23T11:13:21Z</time>
      </trkpt>
      <trkpt lat="59.429234" lon="24.654717">
        <ele>7.0</ele>
        <time>2026-08-23T11:13:22Z</time>
      </trkpt>
      <trkpt lat="59.429231" lon="24.654727">
        <ele>7.0</ele>
        <time>2026-08-23T11:13:23Z</time>
      </trkpt>
      <trkpt lat="59.429232" lon="24.654726">
        <ele>7.0</ele>
        <time>2026-08-23T11:13:24Z</time>
      </trkpt>
      <trkpt lat="59.429232" lon="24.654726">
        <ele>7.0</ele>
        <time>2026-08-23T11:13:25Z</time>
      </trkpt>
      <trkpt lat="59.429232" lon="24.654726">
        <ele>7.0</ele>
        <time>2026-08-23T11:13:26Z</time>
      </trkpt>
      <trkpt lat="59.429232" lon="24.654726">
        <ele>7.0</ele>
        <time>2026-08-23T11:13:27Z</time>
      </trkpt>
      <trkpt lat="59.429232" lon="24.654715">
        <ele>7.0</ele>
        <time>2026-08-23T11:13:28Z</time>
      </trkpt>
      <trkpt lat="59.429233" lon="24.654713">
        <ele>7.0</ele>
        <time>2026-08-23T11:13:29Z</time>
      </trkpt>
      <trkpt lat="59.429232" lon="24.654711">
        <ele>7.0</ele>
        <time>2026-08-23T11:13:30Z</time>
      </trkpt>
      <trkpt lat="59.429231" lon="24.65471">
        <ele>7.0</ele>
        <time>2026-08-23T11:13:31Z</time>
      </trkpt>
      <trkpt lat="59.429232" lon="24.654707">
        <ele>7.0</ele>
        <time>2026-08-23T11:13:32Z</time>
      </trkpt>
      <trkpt lat="59.429232" lon="24.654714">
        <ele>7.0</ele>
        <time>2026-08-23T11:13:33Z</time>
      </trkpt>
      <trkpt lat="59.429231" lon="24.654714">
        <ele>7.0</ele>
        <time>2026-08-23T11:13:34Z</time>
      </trkpt>
      <trkpt lat="59.429232" lon="24.654711">
        <ele>7.0</ele>
        <time>2026-08-23T11:13:35Z</time>
      </trkpt>
      <trkpt lat="59.429232" lon="24.654713">
        <ele>7.0</ele>
        <time>2026-08-23T11:13:36Z</time>
      </trkpt>
      <trkpt lat="59.429232" lon="24.654713">
        <ele>7.0</ele>
        <time>2026-08-23T11:13:37Z</time>
      </trkpt>
      <trkpt lat="59.429232" lon="24.654713">
        <ele>7.0</ele>
        <time>2026-08-23T11:13:38Z</time>
      </trkpt>
      <trkpt lat="59.429232" lon="24.654713">
        <ele>7.0</ele>
        <time>2026-08-23T11:13:39Z</time>
      </trkpt>
      <trkpt lat="59.429232" lon="24.654713">
        <ele>7.0</ele>
        <time>2026-08-23T11:13:40Z</time>
      </trkpt>
      <trkpt lat="59.429232" lon="24.654713">
        <ele>7.0</ele>
        <time>2026-08-23T11:13:41Z</time>
      </trkpt>
      <trkpt lat="59.429232" lon="24.654713">
        <ele>7.0</ele>
        <time>2026-08-23T11:13:42Z</time>
      </trkpt>
      <trkpt lat="59.429232" lon="24.654713">
        <ele>7.0</ele>
        <time>2026-08-23T11:13:43Z</time>
      </trkpt>
      <trkpt lat="59.429232" lon="24.654713">
        <ele>7.0</ele>
        <time>2026-08-23T11:13:44Z</time>
      </trkpt>
      <trkpt lat="59.429232" lon="24.654713">
        <ele>7.0</ele>
        <time>2026-08-23T11:13:45Z</time>
      </trkpt>
      <trkpt lat="59.429236" lon="24.654722">
        <ele>7.0</ele>
        <time>2026-08-23T11:13:46Z</time>
      </trkpt>
      <trkpt lat="59.429236" lon="24.654722">
        <ele>7.0</ele>
        <time>2026-08-23T11:13:47Z</time>
      </trkpt>
      <trkpt lat="59.429237" lon="24.654721">
        <ele>7.0</ele>
        <time>2026-08-23T11:13:48Z</time>
      </trkpt>
      <trkpt lat="59.429237" lon="24.654718">
        <ele>7.0</ele>
        <time>2026-08-23T11:13:49Z</time>
      </trkpt>
      <trkpt lat="59.429239" lon="24.654717">
        <ele>7.0</ele>
        <time>2026-08-23T11:13:50Z</time>
      </trkpt>
      <trkpt lat="59.429239" lon="24.654717">
        <ele>7.0</ele>
        <time>2026-08-23T11:13:51Z</time>
      </trkpt>
      <trkpt lat="59.429239" lon="24.654717">
        <ele>7.0</ele>
        <time>2026-08-23T11:13:52Z</time>
      </trkpt>
      <trkpt lat="59.429239" lon="24.654717">
        <ele>7.0</ele>
        <time>2026-08-23T11:13:53Z</time>
      </trkpt>
      <trkpt lat="59.429239" lon="24.654717">
        <ele>7.0</ele>
        <time>2026-08-23T11:13:54Z</time>
      </trkpt>
      <trkpt lat="59.429239" lon="24.654717">
        <ele>7.0</ele>
        <time>2026-08-23T11:13:55Z</time>
      </trkpt>
      <trkpt lat="59.429239" lon="24.654717">
        <ele>7.0</ele>
        <time>2026-08-23T11:13:56Z</time>
      </trkpt>
      <trkpt lat="59.429239" lon="24.654717">
        <ele>7.0</ele>
        <time>2026-08-23T11:13:57Z</time>
      </trkpt>
      <trkpt lat="59.429239" lon="24.654717">
        <ele>7.0</ele>
        <time>2026-08-23T11:13:58Z</time>
      </trkpt>
      <trkpt lat="59.429239" lon="24.654717">
        <ele>7.0</ele>
        <time>2026-08-23T11:13:59Z</time>
      </trkpt>
      <trkpt lat="59.429237" lon="24.654706">
        <ele>7.0</ele>
        <time>2026-08-23T11:14:00Z</time>
      </trkpt>
      <trkpt lat="59.429236" lon="24.654705">
        <ele>7.0</ele>
        <time>2026-08-23T11:14:01Z</time>
      </trkpt>
      <trkpt lat="59.429235" lon="24.654705">
        <ele>7.0</ele>
        <time>2026-08-23T11:14:02Z</time>
      </trkpt>
      <trkpt lat="59.429237" lon="24.654712">
        <ele>7.0</ele>
        <time>2026-08-23T11:14:03Z</time>
      </trkpt>
      <trkpt lat="59.429237" lon="24.654706">
        <ele>7.0</ele>
        <time>2026-08-23T11:14:04Z</time>
      </trkpt>
      <trkpt lat="59.429236" lon="24.654708">
        <ele>7.0</ele>
        <time>2026-08-23T11:14:05Z</time>
      </trkpt>
      <trkpt lat="59.429236" lon="24.654708">
        <ele>7.0</ele>
        <time>2026-08-23T11:14:06Z</time>
      </trkpt>
      <trkpt lat="59.429236" lon="24.654708">
        <ele>7.0</ele>
        <time>2026-08-23T11:14:07Z</time>
      </trkpt>
      <trkpt lat="59.429236" lon="24.654708">
        <ele>7.0</ele>
        <time>2026-08-23T11:14:08Z</time>
      </trkpt>
      <trkpt lat="59.429236" lon="24.654708">
        <ele>7.0</ele>
        <time>2026-08-23T11:14:09Z</time>
      </trkpt>
      <trkpt lat="59.429236" lon="24.654708">
        <ele>7.0</ele>
        <time>2026-08-23T11:14:10Z</time>
      </trkpt>
      <trkpt lat="59.429236" lon="24.654708">
        <ele>7.0</ele>
        <time>2026-08-23T11:14:11Z</time>
      </trkpt>
      <trkpt lat="59.429236" lon="24.654708">
        <ele>7.0</ele>
        <time>2026-08-23T11:14:12Z</time>
      </trkpt>
      <trkpt lat="59.429236" lon="24.654708">
        <ele>7.0</ele>
        <time>2026-08-23T11:14:13Z</time>
      </trkpt>
      <trkpt lat="59.42924" lon="24.654704">
        <ele>7.0</ele>
        <time>2026-08-23T11:14:14Z</time>
      </trkpt>
      <trkpt lat="59.429241" lon="24.654705">
        <ele>7.0</ele>
        <time>2026-08-23T11:14:15Z</time>
      </trkpt>
      <trkpt lat="59.42924" lon="24.654708">
        <ele>7.0</ele>
        <time>2026-08-23T11:14:16Z</time>
      </trkpt>
      <trkpt lat="59.429242" lon="24.654708">
        <ele>7.0</ele>
        <time>2026-08-23T11:14:17Z</time>
      </trkpt>
      <trkpt lat="59.429242" lon="24.654712">
        <ele>7.0</ele>
        <time>2026-08-23T11:14:18Z</time>
      </trkpt>
      <trkpt lat="59.429242" lon="24.654718">
        <ele>7.0</ele>
        <time>2026-08-23T11:14:19Z</time>
      </trkpt>
      <trkpt lat="59.429239" lon="24.654729">
        <ele>7.0</ele>
        <time>2026-08-23T11:14:20Z</time>
      </trkpt>
      <trkpt lat="59.429237" lon="24.654735">
        <ele>7.0</ele>
        <time>2026-08-23T11:14:21Z</time>
      </trkpt>
      <trkpt lat="59.429237" lon="24.654735">
        <ele>7.0</ele>
        <time>2026-08-23T11:14:22Z</time>
      </trkpt>
      <trkpt lat="59.429237" lon="24.654735">
        <ele>7.0</ele>
        <time>2026-08-23T11:14:23Z</time>
      </trkpt>
      <trkpt lat="59.429237" lon="24.654735">
        <ele>7.0</ele>
        <time>2026-08-23T11:14:24Z</time>
      </trkpt>
      <trkpt lat="59.429237" lon="24.654735">
        <ele>7.0</ele>
        <time>2026-08-23T11:14:25Z</time>
      </trkpt>
      <trkpt lat="59.429237" lon="24.654735">
        <ele>7.0</ele>
        <time>2026-08-23T11:14:26Z</time>
      </trkpt>
      <trkpt lat="59.429237" lon="24.654735">
        <ele>7.0</ele>
        <time>2026-08-23T11:14:27Z</time>
      </trkpt>
      <trkpt lat="59.429237" lon="24.654735">
        <ele>7.0</ele>
        <time>2026-08-23T11:14:28Z</time>
      </trkpt>
      <trkpt lat="59.429238" lon="24.654724">
        <ele>7.0</ele>
        <time>2026-08-23T11:14:29Z</time>
      </trkpt>
      <trkpt lat="59.429234" lon="24.654725">
        <ele>7.0</ele>
        <time>2026-08-23T11:14:30Z</time>
      </trkpt>
      <trkpt lat="59.429232" lon="24.65473">
        <ele>7.0</ele>
        <time>2026-08-23T11:14:31Z</time>
      </trkpt>
      <trkpt lat="59.429234" lon="24.654733">
        <ele>7.0</ele>
        <time>2026-08-23T11:14:32Z</time>
      </trkpt>
      <trkpt lat="59.429233" lon="24.654734">
        <ele>7.0</ele>
        <time>2026-08-23T11:14:33Z</time>
      </trkpt>
      <trkpt lat="59.429232" lon="24.654739">
        <ele>7.0</ele>
        <time>2026-08-23T11:14:34Z</time>
      </trkpt>
      <trkpt lat="59.429232" lon="24.65473">
        <ele>7.0</ele>
        <time>2026-08-23T11:14:35Z</time>
      </trkpt>
      <trkpt lat="59.429232" lon="24.65473">
        <ele>7.0</ele>
        <time>2026-08-23T11:14:36Z</time>
      </trkpt>
      <trkpt lat="59.429232" lon="24.65473">
        <ele>7.0</ele>
        <time>2026-08-23T11:14:37Z</time>
      </trkpt>
      <trkpt lat="59.429232" lon="24.65473">
        <ele>7.0</ele>
        <time>2026-08-23T11:14:38Z</time>
      </trkpt>
      <trkpt lat="59.429232" lon="24.65473">
        <ele>7.0</ele>
        <time>2026-08-23T11:14:39Z</time>
      </trkpt>
      <trkpt lat="59.429235" lon="24.654722">
        <ele>7.0</ele>
        <time>2026-08-23T11:14:40Z</time>
      </trkpt>
      <trkpt lat="59.429235" lon="24.654722">
        <ele>7.0</ele>
        <time>2026-08-23T11:14:41Z</time>
      </trkpt>
      <trkpt lat="59.429235" lon="24.654722">
        <ele>7.0</ele>
        <time>2026-08-23T11:14:42Z</time>
      </trkpt>
      <trkpt lat="59.429235" lon="24.654722">
        <ele>7.0</ele>
        <time>2026-08-23T11:14:43Z</time>
      </trkpt>
      <trkpt lat="59.429235" lon="24.654722">
        <ele>7.0</ele>
        <time>2026-08-23T11:14:44Z</time>
      </trkpt>
      <trkpt lat="59.429235" lon="24.654722">
        <ele>7.0</ele>
        <time>2026-08-23T11:14:45Z</time>
      </trkpt>
      <trkpt lat="59.429235" lon="24.654721">
        <ele>7.0</ele>
        <time>2026-08-23T11:14:46Z</time>
      </trkpt>
      <trkpt lat="59.429235" lon="24.654721">
        <ele>7.0</ele>
        <time>2026-08-23T11:14:47Z</time>
      </trkpt>
      <trkpt lat="59.429236" lon="24.654721">
        <ele>7.0</ele>
        <time>2026-08-23T11:14:48Z</time>
      </trkpt>
      <trkpt lat="59.429235" lon="24.654724">
        <ele>7.0</ele>
        <time>2026-08-23T11:14:49Z</time>
      </trkpt>
      <trkpt lat="59.429238" lon="24.65472">
        <ele>7.0</ele>
        <time>2026-08-23T11:14:50Z</time>
      </trkpt>
      <trkpt lat="59.429237" lon="24.65472">
        <ele>7.0</ele>
        <time>2026-08-23T11:14:51Z</time>
      </trkpt>
      <trkpt lat="59.429237" lon="24.654723">
        <ele>7.0</ele>
        <time>2026-08-23T11:14:52Z</time>
      </trkpt>
      <trkpt lat="59.429237" lon="24.654724">
        <ele>7.0</ele>
        <time>2026-08-23T11:14:53Z</time>
      </trkpt>
      <trkpt lat="59.429237" lon="24.654724">
        <ele>7.0</ele>
        <time>2026-08-23T11:14:54Z</time>
      </trkpt>
      <trkpt lat="59.429237" lon="24.654724">
        <ele>7.0</ele>
        <time>2026-08-23T11:14:55Z</time>
      </trkpt>
      <trkpt lat="59.429237" lon="24.654724">
        <ele>7.0</ele>
        <time>2026-08-23T11:14:56Z</time>
      </trkpt>
      <trkpt lat="59.429239" lon="24.654712">
        <ele>7.0</ele>
        <time>2026-08-23T11:14:57Z</time>
      </trkpt>
      <trkpt lat="59.42924" lon="24.654718">
        <ele>7.0</ele>
        <time>2026-08-23T11:14:58Z</time>
      </trkpt>
      <trkpt lat="59.429238" lon="24.654723">
        <ele>7.0</ele>
        <time>2026-08-23T11:14:59Z</time>
      </trkpt>
      <trkpt lat="59.429232" lon="24.654735">
        <ele>7.0</ele>
        <time>2026-08-23T11:15:01Z</time>
      </trkpt>
      <trkpt lat="59.429229" lon="24.65475">
        <ele>7.0</ele>
        <time>2026-08-23T11:15:02Z</time>
      </trkpt>
      <trkpt lat="59.429234" lon="24.65475">
        <ele>7.0</ele>
        <time>2026-08-23T11:15:03Z</time>
      </trkpt>
      <trkpt lat="59.429237" lon="24.654749">
        <ele>7.0</ele>
        <time>2026-08-23T11:15:04Z</time>
      </trkpt>
      <trkpt lat="59.429235" lon="24.654747">
        <ele>7.0</ele>
        <time>2026-08-23T11:15:05Z</time>
      </trkpt>
      <trkpt lat="59.429235" lon="24.654746">
        <ele>7.0</ele>
        <time>2026-08-23T11:15:06Z</time>
      </trkpt>
      <trkpt lat="59.429236" lon="24.654746">
        <ele>7.0</ele>
        <time>2026-08-23T11:15:07Z</time>
      </trkpt>
      <trkpt lat="59.429237" lon="24.65475">
        <ele>7.0</ele>
        <time>2026-08-23T11:15:08Z</time>
      </trkpt>
      <trkpt lat="59.429235" lon="24.654751">
        <ele>7.0</ele>
        <time>2026-08-23T11:15:09Z</time>
      </trkpt>
      <trkpt lat="59.429236" lon="24.654746">
        <ele>7.0</ele>
        <time>2026-08-23T11:15:10Z</time>
      </trkpt>
      <trkpt lat="59.429236" lon="24.65474">
        <ele>7.0</ele>
        <time>2026-08-23T11:15:11Z</time>
      </trkpt>
      <trkpt lat="59.429238" lon="24.654733">
        <ele>7.0</ele>
        <time>2026-08-23T11:15:12Z</time>
      </trkpt>
      <trkpt lat="59.429238" lon="24.654731">
        <ele>7.0</ele>
        <time>2026-08-23T11:15:13Z</time>
      </trkpt>
      <trkpt lat="59.429238" lon="24.654731">
        <ele>7.0</ele>
        <time>2026-08-23T11:15:14Z</time>
      </trkpt>
      <trkpt lat="59.429237" lon="24.654735">
        <ele>7.0</ele>
        <time>2026-08-23T11:15:15Z</time>
      </trkpt>
      <trkpt lat="59.429237" lon="24.65474">
        <ele>7.0</ele>
        <time>2026-08-23T11:15:16Z</time>
      </trkpt>
      <trkpt lat="59.429238" lon="24.65474">
        <ele>7.0</ele>
        <time>2026-08-23T11:15:17Z</time>
      </trkpt>
      <trkpt lat="59.429238" lon="24.65474">
        <ele>7.0</ele>
        <time>2026-08-23T11:15:18Z</time>
      </trkpt>
      <trkpt lat="59.42924" lon="24.654741">
        <ele>7.0</ele>
        <time>2026-08-23T11:15:19Z</time>
      </trkpt>
      <trkpt lat="59.42924" lon="24.65474">
        <ele>7.0</ele>
        <time>2026-08-23T11:15:20Z</time>
      </trkpt>
      <trkpt lat="59.429241" lon="24.65474">
        <ele>7.0</ele>
        <time>2026-08-23T11:15:21Z</time>
      </trkpt>
      <trkpt lat="59.429241" lon="24.65474">
        <ele>7.0</ele>
        <time>2026-08-23T11:15:22Z</time>
      </trkpt>
      <trkpt lat="59.429241" lon="24.65474">
        <ele>7.0</ele>
        <time>2026-08-23T11:15:23Z</time>
      </trkpt>
      <trkpt lat="59.429241" lon="24.65474">
        <ele>7.0</ele>
        <time>2026-08-23T11:15:24Z</time>
      </trkpt>
      <trkpt lat="59.429242" lon="24.654744">
        <ele>7.0</ele>
        <time>2026-08-23T11:15:25Z</time>
      </trkpt>
      <trkpt lat="59.429242" lon="24.654745">
        <ele>7.0</ele>
        <time>2026-08-23T11:15:26Z</time>
      </trkpt>
      <trkpt lat="59.429241" lon="24.654749">
        <ele>7.0</ele>
        <time>2026-08-23T11:15:27Z</time>
      </trkpt>
      <trkpt lat="59.429241" lon="24.654749">
        <ele>7.0</ele>
        <time>2026-08-23T11:15:28Z</time>
      </trkpt>
      <trkpt lat="59.429241" lon="24.654749">
        <ele>7.0</ele>
        <time>2026-08-23T11:15:29Z</time>
      </trkpt>
      <trkpt lat="59.429242" lon="24.654747">
        <ele>7.0</ele>
        <time>2026-08-23T11:15:30Z</time>
      </trkpt>
      <trkpt lat="59.429242" lon="24.654747">
        <ele>7.0</ele>
        <time>2026-08-23T11:15:31Z</time>
      </trkpt>
      <trkpt lat="59.429241" lon="24.654751">
        <ele>7.0</ele>
        <time>2026-08-23T11:15:32Z</time>
      </trkpt>
      <trkpt lat="59.429239" lon="24.654739">
        <ele>7.0</ele>
        <time>2026-08-23T11:15:33Z</time>
      </trkpt>
      <trkpt lat="59.429241" lon="24.654749">
        <ele>7.0</ele>
        <time>2026-08-23T11:15:34Z</time>
      </trkpt>
      <trkpt lat="59.429242" lon="24.654796">
        <ele>7.0</ele>
        <time>2026-08-23T11:15:35Z</time>
      </trkpt>
      <trkpt lat="59.429251" lon="24.654839">
        <ele>7.0</ele>
        <time>2026-08-23T11:15:36Z</time>
      </trkpt>
      <trkpt lat="59.429244" lon="24.654862">
        <ele>7.0</ele>
        <time>2026-08-23T11:15:37Z</time>
      </trkpt>
      <trkpt lat="59.429227" lon="24.654885">
        <ele>7.0</ele>
        <time>2026-08-23T11:15:38Z</time>
      </trkpt>
      <trkpt lat="59.429215" lon="24.654928">
        <ele>7.0</ele>
        <time>2026-08-23T11:15:39Z</time>
      </trkpt>
      <trkpt lat="59.429209" lon="24.654932">
        <ele>7.0</ele>
        <time>2026-08-23T11:15:40Z</time>
      </trkpt>
      <trkpt lat="59.429193" lon="24.65498">
        <ele>7.0</ele>
        <time>2026-08-23T11:15:41Z</time>
      </trkpt>
      <trkpt lat="59.429183" lon="24.655011">
        <ele>7.0</ele>
        <time>2026-08-23T11:15:42Z</time>
      </trkpt>
      <trkpt lat="59.429177" lon="24.655038">
        <ele>7.0</ele>
        <time>2026-08-23T11:15:43Z</time>
      </trkpt>
      <trkpt lat="59.429157" lon="24.655073">
        <ele>7.0</ele>
        <time>2026-08-23T11:15:44Z</time>
      </trkpt>
      <trkpt lat="59.42914" lon="24.655082">
        <ele>7.1</ele>
        <time>2026-08-23T11:15:45Z</time>
      </trkpt>
      <trkpt lat="59.429121" lon="24.65509">
        <ele>7.1</ele>
        <time>2026-08-23T11:15:46Z</time>
      </trkpt>
      <trkpt lat="59.429111" lon="24.655091">
        <ele>7.1</ele>
        <time>2026-08-23T11:15:47Z</time>
      </trkpt>
      <trkpt lat="59.429104" lon="24.655082">
        <ele>7.1</ele>
        <time>2026-08-23T11:15:48Z</time>
      </trkpt>
      <trkpt lat="59.4291" lon="24.655074">
        <ele>7.1</ele>
        <time>2026-08-23T11:15:49Z</time>
      </trkpt>
      <trkpt lat="59.429094" lon="24.655065">
        <ele>7.1</ele>
        <time>2026-08-23T11:15:50Z</time>
      </trkpt>
      <trkpt lat="59.429081" lon="24.65506">
        <ele>7.1</ele>
        <time>2026-08-23T11:15:51Z</time>
      </trkpt>
      <trkpt lat="59.429069" lon="24.655054">
        <ele>7.1</ele>
        <time>2026-08-23T11:15:52Z</time>
      </trkpt>
      <trkpt lat="59.429062" lon="24.655051">
        <ele>7.1</ele>
        <time>2026-08-23T11:15:53Z</time>
      </trkpt>
      <trkpt lat="59.429035" lon="24.655044">
        <ele>7.1</ele>
        <time>2026-08-23T11:15:54Z</time>
      </trkpt>
      <trkpt lat="59.429017" lon="24.655033">
        <ele>7.2</ele>
        <time>2026-08-23T11:15:55Z</time>
      </trkpt>
      <trkpt lat="59.429001" lon="24.655016">
        <ele>7.2</ele>
        <time>2026-08-23T11:15:56Z</time>
      </trkpt>
      <trkpt lat="59.42898" lon="24.654987">
        <ele>7.2</ele>
        <time>2026-08-23T11:15:57Z</time>
      </trkpt>
      <trkpt lat="59.428965" lon="24.654955">
        <ele>7.3</ele>
        <time>2026-08-23T11:15:58Z</time>
      </trkpt>
      <trkpt lat="59.428935" lon="24.654925">
        <ele>7.3</ele>
        <time>2026-08-23T11:15:59Z</time>
      </trkpt>
      <trkpt lat="59.428911" lon="24.65489">
        <ele>7.4</ele>
        <time>2026-08-23T11:16:00Z</time>
      </trkpt>
      <trkpt lat="59.428892" lon="24.654856">
        <ele>7.4</ele>
        <time>2026-08-23T11:16:01Z</time>
      </trkpt>
      <trkpt lat="59.428866" lon="24.654823">
        <ele>7.5</ele>
        <time>2026-08-23T11:16:02Z</time>
      </trkpt>
      <trkpt lat="59.428839" lon="24.654803">
        <ele>7.5</ele>
        <time>2026-08-23T11:16:03Z</time>
      </trkpt>
      <trkpt lat="59.428803" lon="24.654799">
        <ele>7.5</ele>
        <time>2026-08-23T11:16:04Z</time>
      </trkpt>
      <trkpt lat="59.428764" lon="24.654826">
        <ele>7.5</ele>
        <time>2026-08-23T11:16:05Z</time>
      </trkpt>
      <trkpt lat="59.428732" lon="24.654853">
        <ele>7.6</ele>
        <time>2026-08-23T11:16:06Z</time>
      </trkpt>
      <trkpt lat="59.428697" lon="24.654879">
        <ele>7.6</ele>
        <time>2026-08-23T11:16:07Z</time>
      </trkpt>
      <trkpt lat="59.428673" lon="24.654895">
        <ele>7.6</ele>
        <time>2026-08-23T11:16:08Z</time>
      </trkpt>
      <trkpt lat="59.428642" lon="24.654917">
        <ele>7.6</ele>
        <time>2026-08-23T11:16:09Z</time>
      </trkpt>
      <trkpt lat="59.428623" lon="24.65493">
        <ele>7.6</ele>
        <time>2026-08-23T11:16:10Z</time>
      </trkpt>
      <trkpt lat="59.428597" lon="24.654939">
        <ele>7.6</ele>
        <time>2026-08-23T11:16:11Z</time>
      </trkpt>
      <trkpt lat="59.428556" lon="24.654935">
        <ele>7.6</ele>
        <time>2026-08-23T11:16:12Z</time>
      </trkpt>
      <trkpt lat="59.428526" lon="24.654937">
        <ele>7.6</ele>
        <time>2026-08-23T11:16:13Z</time>
      </trkpt>
      <trkpt lat="59.428494" lon="24.654921">
        <ele>7.7</ele>
        <time>2026-08-23T11:16:14Z</time>
      </trkpt>
      <trkpt lat="59.428465" lon="24.654912">
        <ele>7.8</ele>
        <time>2026-08-23T11:16:15Z</time>
      </trkpt>
      <trkpt lat="59.42844" lon="24.654914">
        <ele>7.8</ele>
        <time>2026-08-23T11:16:16Z</time>
      </trkpt>
      <trkpt lat="59.428418" lon="24.654878">
        <ele>7.9</ele>
        <time>2026-08-23T11:16:17Z</time>
      </trkpt>
      <trkpt lat="59.428395" lon="24.654869">
        <ele>8.0</ele>
        <time>2026-08-23T11:16:18Z</time>
      </trkpt>
      <trkpt lat="59.428362" lon="24.654844">
        <ele>8.0</ele>
        <time>2026-08-23T11:16:19Z</time>
      </trkpt>
      <trkpt lat="59.428327" lon="24.654835">
        <ele>8.1</ele>
        <time>2026-08-23T11:16:20Z</time>
      </trkpt>
      <trkpt lat="59.4283" lon="24.654834">
        <ele>8.2</ele>
        <time>2026-08-23T11:16:21Z</time>
      </trkpt>
      <trkpt lat="59.428265" lon="24.654808">
        <ele>8.2</ele>
        <time>2026-08-23T11:16:22Z</time>
      </trkpt>
      <trkpt lat="59.428242" lon="24.654791">
        <ele>8.3</ele>
        <time>2026-08-23T11:16:23Z</time>
      </trkpt>
      <trkpt lat="59.428217" lon="24.654761">
        <ele>8.3</ele>
        <time>2026-08-23T11:16:24Z</time>
      </trkpt>
      <trkpt lat="59.428187" lon="24.654734">
        <ele>8.4</ele>
        <time>2026-08-23T11:16:25Z</time>
      </trkpt>
      <trkpt lat="59.428161" lon="24.654715">
        <ele>8.4</ele>
        <time>2026-08-23T11:16:26Z</time>
      </trkpt>
      <trkpt lat="59.428128" lon="24.654713">
        <ele>8.5</ele>
        <time>2026-08-23T11:16:27Z</time>
      </trkpt>
      <trkpt lat="59.428107" lon="24.654711">
        <ele>8.5</ele>
        <time>2026-08-23T11:16:28Z</time>
      </trkpt>
      <trkpt lat="59.428081" lon="24.6547">
        <ele>8.6</ele>
        <time>2026-08-23T11:16:29Z</time>
      </trkpt>
      <trkpt lat="59.428048" lon="24.654702">
        <ele>8.7</ele>
        <time>2026-08-23T11:16:30Z</time>
      </trkpt>
      <trkpt lat="59.428033" lon="24.654718">
        <ele>8.7</ele>
        <time>2026-08-23T11:16:31Z</time>
      </trkpt>
      <trkpt lat="59.428007" lon="24.654721">
        <ele>8.7</ele>
        <time>2026-08-23T11:16:32Z</time>
      </trkpt>
      <trkpt lat="59.427975" lon="24.654746">
        <ele>8.7</ele>
        <time>2026-08-23T11:16:33Z</time>
      </trkpt>
      <trkpt lat="59.427938" lon="24.65476">
        <ele>8.7</ele>
        <time>2026-08-23T11:16:34Z</time>
      </trkpt>
      <trkpt lat="59.427916" lon="24.654764">
        <ele>8.7</ele>
        <time>2026-08-23T11:16:35Z</time>
      </trkpt>
      <trkpt lat="59.427882" lon="24.654762">
        <ele>8.8</ele>
        <time>2026-08-23T11:16:36Z</time>
      </trkpt>
      <trkpt lat="59.427856" lon="24.654759">
        <ele>8.8</ele>
        <time>2026-08-23T11:16:37Z</time>
      </trkpt>
      <trkpt lat="59.427829" lon="24.654751">
        <ele>8.9</ele>
        <time>2026-08-23T11:16:38Z</time>
      </trkpt>
      <trkpt lat="59.427802" lon="24.654748">
        <ele>8.9</ele>
        <time>2026-08-23T11:16:39Z</time>
      </trkpt>
      <trkpt lat="59.427789" lon="24.65475">
        <ele>8.9</ele>
        <time>2026-08-23T11:16:40Z</time>
      </trkpt>
      <trkpt lat="59.427761" lon="24.654771">
        <ele>9.0</ele>
        <time>2026-08-23T11:16:41Z</time>
      </trkpt>
      <trkpt lat="59.42774" lon="24.654792">
        <ele>9.0</ele>
        <time>2026-08-23T11:16:42Z</time>
      </trkpt>
      <trkpt lat="59.427706" lon="24.654779">
        <ele>9.0</ele>
        <time>2026-08-23T11:16:43Z</time>
      </trkpt>
      <trkpt lat="59.427688" lon="24.654774">
        <ele>9.0</ele>
        <time>2026-08-23T11:16:44Z</time>
      </trkpt>
      <trkpt lat="59.427658" lon="24.654765">
        <ele>9.0</ele>
        <time>2026-08-23T11:16:45Z</time>
      </trkpt>
      <trkpt lat="59.427641" lon="24.654768">
        <ele>9.0</ele>
        <time>2026-08-23T11:16:46Z</time>
      </trkpt>
      <trkpt lat="59.42761" lon="24.65477">
        <ele>9.1</ele>
        <time>2026-08-23T11:16:47Z</time>
      </trkpt>
      <trkpt lat="59.42759" lon="24.654769">
        <ele>9.1</ele>
        <time>2026-08-23T11:16:48Z</time>
      </trkpt>
      <trkpt lat="59.427552" lon="24.654763">
        <ele>9.1</ele>
        <time>2026-08-23T11:16:49Z</time>
      </trkpt>
      <trkpt lat="59.427531" lon="24.654749">
        <ele>9.1</ele>
        <time>2026-08-23T11:16:50Z</time>
      </trkpt>
      <trkpt lat="59.427509" lon="24.654729">
        <ele>9.1</ele>
        <time>2026-08-23T11:16:51Z</time>
      </trkpt>
      <trkpt lat="59.427488" lon="24.654737">
        <ele>9.1</ele>
        <time>2026-08-23T11:16:52Z</time>
      </trkpt>
      <trkpt lat="59.427463" lon="24.654747">
        <ele>9.1</ele>
        <time>2026-08-23T11:16:53Z</time>
      </trkpt>
      <trkpt lat="59.427433" lon="24.654745">
        <ele>9.2</ele>
        <time>2026-08-23T11:16:54Z</time>
      </trkpt>
      <trkpt lat="59.427411" lon="24.654752">
        <ele>9.2</ele>
        <time>2026-08-23T11:16:55Z</time>
      </trkpt>
      <trkpt lat="59.427382" lon="24.65476">
        <ele>9.2</ele>
        <time>2026-08-23T11:16:56Z</time>
      </trkpt>
      <trkpt lat="59.427353" lon="24.654764">
        <ele>9.2</ele>
        <time>2026-08-23T11:16:57Z</time>
      </trkpt>
      <trkpt lat="59.427325" lon="24.654772">
        <ele>9.2</ele>
        <time>2026-08-23T11:16:58Z</time>
      </trkpt>
      <trkpt lat="59.427304" lon="24.654766">
        <ele>9.2</ele>
        <time>2026-08-23T11:16:59Z</time>
      </trkpt>
      <trkpt lat="59.427272" lon="24.654773">
        <ele>9.2</ele>
        <time>2026-08-23T11:17:00Z</time>
      </trkpt>
      <trkpt lat="59.427245" lon="24.654782">
        <ele>9.3</ele>
        <time>2026-08-23T11:17:01Z</time>
      </trkpt>
      <trkpt lat="59.427214" lon="24.654775">
        <ele>9.3</ele>
        <time>2026-08-23T11:17:02Z</time>
      </trkpt>
      <trkpt lat="59.427195" lon="24.654781">
        <ele>9.3</ele>
        <time>2026-08-23T11:17:03Z</time>
      </trkpt>
      <trkpt lat="59.427167" lon="24.654771">
        <ele>9.3</ele>
        <time>2026-08-23T11:17:04Z</time>
      </trkpt>
      <trkpt lat="59.42715" lon="24.654772">
        <ele>9.3</ele>
        <time>2026-08-23T11:17:05Z</time>
      </trkpt>
      <trkpt lat="59.427126" lon="24.654757">
        <ele>9.4</ele>
        <time>2026-08-23T11:17:06Z</time>
      </trkpt>
      <trkpt lat="59.427108" lon="24.654757">
        <ele>9.4</ele>
        <time>2026-08-23T11:17:07Z</time>
      </trkpt>
      <trkpt lat="59.42709" lon="24.654746">
        <ele>9.4</ele>
        <time>2026-08-23T11:17:08Z</time>
      </trkpt>
      <trkpt lat="59.427071" lon="24.654738">
        <ele>9.4</ele>
        <time>2026-08-23T11:17:09Z</time>
      </trkpt>
      <trkpt lat="59.427057" lon="24.654719">
        <ele>9.4</ele>
        <time>2026-08-23T11:17:10Z</time>
      </trkpt>
      <trkpt lat="59.42704" lon="24.654717">
        <ele>9.4</ele>
        <time>2026-08-23T11:17:11Z</time>
      </trkpt>
      <trkpt lat="59.427021" lon="24.654731">
        <ele>9.4</ele>
        <time>2026-08-23T11:17:12Z</time>
      </trkpt>
      <trkpt lat="59.427002" lon="24.654726">
        <ele>9.5</ele>
        <time>2026-08-23T11:17:13Z</time>
      </trkpt>
      <trkpt lat="59.426989" lon="24.654726">
        <ele>9.5</ele>
        <time>2026-08-23T11:17:14Z</time>
      </trkpt>
      <trkpt lat="59.426971" lon="24.654729">
        <ele>9.5</ele>
        <time>2026-08-23T11:17:15Z</time>
      </trkpt>
      <trkpt lat="59.426952" lon="24.654745">
        <ele>9.5</ele>
        <time>2026-08-23T11:17:16Z</time>
      </trkpt>
      <trkpt lat="59.426942" lon="24.654749">
        <ele>9.5</ele>
        <time>2026-08-23T11:17:17Z</time>
      </trkpt>
      <trkpt lat="59.426929" lon="24.654746">
        <ele>9.5</ele>
        <time>2026-08-23T11:17:18Z</time>
      </trkpt>
      <trkpt lat="59.426919" lon="24.654737">
        <ele>9.5</ele>
        <time>2026-08-23T11:17:19Z</time>
      </trkpt>
      <trkpt lat="59.426899" lon="24.654734">
        <ele>9.5</ele>
        <time>2026-08-23T11:17:20Z</time>
      </trkpt>
      <trkpt lat="59.426882" lon="24.654735">
        <ele>9.6</ele>
        <time>2026-08-23T11:17:21Z</time>
      </trkpt>
      <trkpt lat="59.426872" lon="24.654748">
        <ele>9.6</ele>
        <time>2026-08-23T11:17:22Z</time>
      </trkpt>
      <trkpt lat="59.426859" lon="24.654752">
        <ele>9.6</ele>
        <time>2026-08-23T11:17:23Z</time>
      </trkpt>
      <trkpt lat="59.426844" lon="24.654748">
        <ele>9.6</ele>
        <time>2026-08-23T11:17:24Z</time>
      </trkpt>
      <trkpt lat="59.426833" lon="24.654747">
        <ele>9.6</ele>
        <time>2026-08-23T11:17:25Z</time>
      </trkpt>
      <trkpt lat="59.426826" lon="24.654747">
        <ele>9.6</ele>
        <time>2026-08-23T11:17:26Z</time>
      </trkpt>
      <trkpt lat="59.426808" lon="24.654746">
        <ele>9.6</ele>
        <time>2026-08-23T11:17:27Z</time>
      </trkpt>
      <trkpt lat="59.426785" lon="24.654755">
        <ele>9.7</ele>
        <time>2026-08-23T11:17:28Z</time>
      </trkpt>
      <trkpt lat="59.42677" lon="24.654763">
        <ele>9.7</ele>
        <time>2026-08-23T11:17:29Z</time>
      </trkpt>
      <trkpt lat="59.426752" lon="24.654764">
        <ele>9.7</ele>
        <time>2026-08-23T11:17:30Z</time>
      </trkpt>
      <trkpt lat="59.426733" lon="24.654772">
        <ele>9.7</ele>
        <time>2026-08-23T11:17:31Z</time>
      </trkpt>
      <trkpt lat="59.426722" lon="24.654765">
        <ele>9.7</ele>
        <time>2026-08-23T11:17:32Z</time>
      </trkpt>
      <trkpt lat="59.426714" lon="24.654766">
        <ele>9.7</ele>
        <time>2026-08-23T11:17:33Z</time>
      </trkpt>
      <trkpt lat="59.426708" lon="24.654754">
        <ele>9.8</ele>
        <time>2026-08-23T11:17:34Z</time>
      </trkpt>
      <trkpt lat="59.426703" lon="24.654753">
        <ele>9.8</ele>
        <time>2026-08-23T11:17:35Z</time>
      </trkpt>
      <trkpt lat="59.426711" lon="24.654756">
        <ele>9.8</ele>
        <time>2026-08-23T11:17:36Z</time>
      </trkpt>
      <trkpt lat="59.426711" lon="24.654756">
        <ele>9.8</ele>
        <time>2026-08-23T11:17:38Z</time>
      </trkpt>
      <trkpt lat="59.426715" lon="24.654757">
        <ele>9.8</ele>
        <time>2026-08-23T11:17:39Z</time>
      </trkpt>
      <trkpt lat="59.42671" lon="24.654756">
        <ele>9.8</ele>
        <time>2026-08-23T11:17:40Z</time>
      </trkpt>
      <trkpt lat="59.426717" lon="24.654751">
        <ele>9.8</ele>
        <time>2026-08-23T11:17:41Z</time>
      </trkpt>
      <trkpt lat="59.426718" lon="24.654752">
        <ele>9.8</ele>
        <time>2026-08-23T11:17:42Z</time>
      </trkpt>
      <trkpt lat="59.426722" lon="24.654756">
        <ele>9.8</ele>
        <time>2026-08-23T11:17:43Z</time>
      </trkpt>
      <trkpt lat="59.426711" lon="24.654736">
        <ele>9.8</ele>
        <time>2026-08-23T11:17:44Z</time>
      </trkpt>
      <trkpt lat="59.426707" lon="24.654732">
        <ele>9.8</ele>
        <time>2026-08-23T11:17:45Z</time>
      </trkpt>
      <trkpt lat="59.426707" lon="24.654758">
        <ele>9.8</ele>
        <time>2026-08-23T11:17:46Z</time>
      </trkpt>
      <trkpt lat="59.426706" lon="24.654764">
        <ele>9.9</ele>
        <time>2026-08-23T11:17:47Z</time>
      </trkpt>
      <trkpt lat="59.426698" lon="24.654788">
        <ele>9.9</ele>
        <time>2026-08-23T11:17:48Z</time>
      </trkpt>
      <trkpt lat="59.426685" lon="24.654789">
        <ele>9.9</ele>
        <time>2026-08-23T11:17:49Z</time>
      </trkpt>
      <trkpt lat="59.426684" lon="24.654782">
        <ele>9.9</ele>
        <time>2026-08-23T11:17:50Z</time>
      </trkpt>
      <trkpt lat="59.426661" lon="24.654798">
        <ele>9.9</ele>
        <time>2026-08-23T11:17:51Z</time>
      </trkpt>
      <trkpt lat="59.426638" lon="24.654813">
        <ele>10.0</ele>
        <time>2026-08-23T11:17:52Z</time>
      </trkpt>
      <trkpt lat="59.426607" lon="24.654837">
        <ele>10.0</ele>
        <time>2026-08-23T11:17:53Z</time>
      </trkpt>
      <trkpt lat="59.426596" lon="24.654849">
        <ele>10.0</ele>
        <time>2026-08-23T11:17:54Z</time>
      </trkpt>
      <trkpt lat="59.426573" lon="24.65485">
        <ele>10.1</ele>
        <time>2026-08-23T11:17:55Z</time>
      </trkpt>
      <trkpt lat="59.426562" lon="24.654854">
        <ele>10.1</ele>
        <time>2026-08-23T11:17:56Z</time>
      </trkpt>
      <trkpt lat="59.426555" lon="24.654862">
        <ele>10.1</ele>
        <time>2026-08-23T11:17:57Z</time>
      </trkpt>
      <trkpt lat="59.426549" lon="24.654872">
        <ele>10.1</ele>
        <time>2026-08-23T11:17:58Z</time>
      </trkpt>
      <trkpt lat="59.426531" lon="24.654886">
        <ele>10.1</ele>
        <time>2026-08-23T11:17:59Z</time>
      </trkpt>
      <trkpt lat="59.426518" lon="24.654903">
        <ele>10.1</ele>
        <time>2026-08-23T11:18:00Z</time>
      </trkpt>
      <trkpt lat="59.426503" lon="24.654921">
        <ele>10.2</ele>
        <time>2026-08-23T11:18:01Z</time>
      </trkpt>
      <trkpt lat="59.426486" lon="24.654939">
        <ele>10.2</ele>
        <time>2026-08-23T11:18:02Z</time>
      </trkpt>
      <trkpt lat="59.426468" lon="24.654948">
        <ele>10.2</ele>
        <time>2026-08-23T11:18:03Z</time>
      </trkpt>
      <trkpt lat="59.426457" lon="24.65495">
        <ele>10.2</ele>
        <time>2026-08-23T11:18:04Z</time>
      </trkpt>
      <trkpt lat="59.426443" lon="24.654953">
        <ele>10.2</ele>
        <time>2026-08-23T11:18:05Z</time>
      </trkpt>
      <trkpt lat="59.42643" lon="24.654962">
        <ele>10.2</ele>
        <time>2026-08-23T11:18:06Z</time>
      </trkpt>
      <trkpt lat="59.426414" lon="24.65497">
        <ele>10.3</ele>
        <time>2026-08-23T11:18:07Z</time>
      </trkpt>
      <trkpt lat="59.426402" lon="24.654988">
        <ele>10.3</ele>
        <time>2026-08-23T11:18:08Z</time>
      </trkpt>
      <trkpt lat="59.426393" lon="24.654997">
        <ele>10.3</ele>
        <time>2026-08-23T11:18:09Z</time>
      </trkpt>
      <trkpt lat="59.426386" lon="24.65501">
        <ele>10.3</ele>
        <time>2026-08-23T11:18:10Z</time>
      </trkpt>
      <trkpt lat="59.42638" lon="24.655037">
        <ele>10.3</ele>
        <time>2026-08-23T11:18:11Z</time>
      </trkpt>
      <trkpt lat="59.426372" lon="24.655061">
        <ele>10.3</ele>
        <time>2026-08-23T11:18:12Z</time>
      </trkpt>
      <trkpt lat="59.426369" lon="24.65509">
        <ele>10.3</ele>
        <time>2026-08-23T11:18:13Z</time>
      </trkpt>
      <trkpt lat="59.426374" lon="24.655121">
        <ele>10.3</ele>
        <time>2026-08-23T11:18:14Z</time>
      </trkpt>
      <trkpt lat="59.426371" lon="24.655149">
        <ele>10.3</ele>
        <time>2026-08-23T11:18:15Z</time>
      </trkpt>
      <trkpt lat="59.426363" lon="24.655167">
        <ele>10.3</ele>
        <time>2026-08-23T11:18:16Z</time>
      </trkpt>
      <trkpt lat="59.426364" lon="24.655186">
        <ele>10.3</ele>
        <time>2026-08-23T11:18:17Z</time>
      </trkpt>
      <trkpt lat="59.426369" lon="24.655216">
        <ele>10.3</ele>
        <time>2026-08-23T11:18:18Z</time>
      </trkpt>
      <trkpt lat="59.426362" lon="24.655241">
        <ele>10.4</ele>
        <time>2026-08-23T11:18:19Z</time>
      </trkpt>
      <trkpt lat="59.426358" lon="24.655267">
        <ele>10.4</ele>
        <time>2026-08-23T11:18:20Z</time>
      </trkpt>
      <trkpt lat="59.426349" lon="24.655279">
        <ele>10.4</ele>
        <time>2026-08-23T11:18:21Z</time>
      </trkpt>
      <trkpt lat="59.426343" lon="24.655295">
        <ele>10.4</ele>
        <time>2026-08-23T11:18:22Z</time>
      </trkpt>
      <trkpt lat="59.42634" lon="24.655316">
        <ele>10.4</ele>
        <time>2026-08-23T11:18:23Z</time>
      </trkpt>
      <trkpt lat="59.42633" lon="24.655337">
        <ele>10.4</ele>
        <time>2026-08-23T11:18:24Z</time>
      </trkpt>
      <trkpt lat="59.426313" lon="24.655361">
        <ele>10.4</ele>
        <time>2026-08-23T11:18:25Z</time>
      </trkpt>
      <trkpt lat="59.426309" lon="24.655397">
        <ele>10.5</ele>
        <time>2026-08-23T11:18:26Z</time>
      </trkpt>
      <trkpt lat="59.4263" lon="24.65542">
        <ele>10.5</ele>
        <time>2026-08-23T11:18:27Z</time>
      </trkpt>
      <trkpt lat="59.426298" lon="24.655449">
        <ele>10.5</ele>
        <time>2026-08-23T11:18:28Z</time>
      </trkpt>
      <trkpt lat="59.426295" lon="24.655481">
        <ele>10.5</ele>
        <time>2026-08-23T11:18:29Z</time>
      </trkpt>
      <trkpt lat="59.426291" lon="24.655516">
        <ele>10.5</ele>
        <time>2026-08-23T11:18:30Z</time>
      </trkpt>
      <trkpt lat="59.426289" lon="24.65554">
        <ele>10.6</ele>
        <time>2026-08-23T11:18:31Z</time>
      </trkpt>
      <trkpt lat="59.426294" lon="24.655578">
        <ele>10.6</ele>
        <time>2026-08-23T11:18:32Z</time>
      </trkpt>
      <trkpt lat="59.426293" lon="24.655604">
        <ele>10.6</ele>
        <time>2026-08-23T11:18:33Z</time>
      </trkpt>
      <trkpt lat="59.426292" lon="24.655636">
        <ele>10.6</ele>
        <time>2026-08-23T11:18:34Z</time>
      </trkpt>
      <trkpt lat="59.426295" lon="24.655668">
        <ele>10.7</ele>
        <time>2026-08-23T11:18:35Z</time>
      </trkpt>
      <trkpt lat="59.426299" lon="24.655698">
        <ele>10.7</ele>
        <time>2026-08-23T11:18:36Z</time>
      </trkpt>
      <trkpt lat="59.426297" lon="24.655727">
        <ele>10.8</ele>
        <time>2026-08-23T11:18:37Z</time>
      </trkpt>
      <trkpt lat="59.426294" lon="24.655758">
        <ele>10.8</ele>
        <time>2026-08-23T11:18:38Z</time>
      </trkpt>
      <trkpt lat="59.42628" lon="24.655783">
        <ele>10.8</ele>
        <time>2026-08-23T11:18:39Z</time>
      </trkpt>
      <trkpt lat="59.426267" lon="24.655806">
        <ele>10.9</ele>
        <time>2026-08-23T11:18:40Z</time>
      </trkpt>
      <trkpt lat="59.42625" lon="24.655821">
        <ele>10.9</ele>
        <time>2026-08-23T11:18:41Z</time>
      </trkpt>
      <trkpt lat="59.426232" lon="24.655822">
        <ele>11.0</ele>
        <time>2026-08-23T11:18:42Z</time>
      </trkpt>
      <trkpt lat="59.426222" lon="24.655837">
        <ele>11.0</ele>
        <time>2026-08-23T11:18:43Z</time>
      </trkpt>
      <trkpt lat="59.4262" lon="24.655872">
        <ele>11.1</ele>
        <time>2026-08-23T11:18:44Z</time>
      </trkpt>
      <trkpt lat="59.426196" lon="24.655901">
        <ele>11.1</ele>
        <time>2026-08-23T11:18:45Z</time>
      </trkpt>
      <trkpt lat="59.426184" lon="24.655918">
        <ele>11.2</ele>
        <time>2026-08-23T11:18:46Z</time>
      </trkpt>
      <trkpt lat="59.426169" lon="24.655931">
        <ele>11.2</ele>
        <time>2026-08-23T11:18:47Z</time>
      </trkpt>
      <trkpt lat="59.426155" lon="24.655945">
        <ele>11.3</ele>
        <time>2026-08-23T11:18:48Z</time>
      </trkpt>
      <trkpt lat="59.426144" lon="24.655966">
        <ele>11.3</ele>
        <time>2026-08-23T11:18:49Z</time>
      </trkpt>
      <trkpt lat="59.426134" lon="24.655988">
        <ele>11.4</ele>
        <time>2026-08-23T11:18:50Z</time>
      </trkpt>
      <trkpt lat="59.426126" lon="24.65602">
        <ele>11.4</ele>
        <time>2026-08-23T11:18:51Z</time>
      </trkpt>
      <trkpt lat="59.426118" lon="24.656047">
        <ele>11.5</ele>
        <time>2026-08-23T11:18:52Z</time>
      </trkpt>
      <trkpt lat="59.426111" lon="24.656079">
        <ele>11.5</ele>
        <time>2026-08-23T11:18:53Z</time>
      </trkpt>
      <trkpt lat="59.426098" lon="24.656091">
        <ele>11.6</ele>
        <time>2026-08-23T11:18:54Z</time>
      </trkpt>
      <trkpt lat="59.426091" lon="24.656116">
        <ele>11.6</ele>
        <time>2026-08-23T11:18:55Z</time>
      </trkpt>
      <trkpt lat="59.42608" lon="24.656128">
        <ele>11.7</ele>
        <time>2026-08-23T11:18:56Z</time>
      </trkpt>
      <trkpt lat="59.426066" lon="24.656132">
        <ele>11.7</ele>
        <time>2026-08-23T11:18:57Z</time>
      </trkpt>
      <trkpt lat="59.426051" lon="24.656131">
        <ele>11.7</ele>
        <time>2026-08-23T11:18:58Z</time>
      </trkpt>
      <trkpt lat="59.426037" lon="24.656131">
        <ele>11.8</ele>
        <time>2026-08-23T11:18:59Z</time>
      </trkpt>
      <trkpt lat="59.426028" lon="24.656139">
        <ele>11.8</ele>
        <time>2026-08-23T11:19:00Z</time>
      </trkpt>
      <trkpt lat="59.426019" lon="24.656155">
        <ele>11.8</ele>
        <time>2026-08-23T11:19:01Z</time>
      </trkpt>
      <trkpt lat="59.426012" lon="24.656183">
        <ele>11.8</ele>
        <time>2026-08-23T11:19:02Z</time>
      </trkpt>
      <trkpt lat="59.426005" lon="24.656216">
        <ele>11.9</ele>
        <time>2026-08-23T11:19:03Z</time>
      </trkpt>
      <trkpt lat="59.425993" lon="24.656231">
        <ele>11.9</ele>
        <time>2026-08-23T11:19:04Z</time>
      </trkpt>
      <trkpt lat="59.425983" lon="24.656249">
        <ele>11.9</ele>
        <time>2026-08-23T11:19:05Z</time>
      </trkpt>
      <trkpt lat="59.425973" lon="24.656262">
        <ele>11.9</ele>
        <time>2026-08-23T11:19:06Z</time>
      </trkpt>
      <trkpt lat="59.425958" lon="24.656254">
        <ele>11.9</ele>
        <time>2026-08-23T11:19:07Z</time>
      </trkpt>
      <trkpt lat="59.425951" lon="24.656245">
        <ele>11.9</ele>
        <time>2026-08-23T11:19:08Z</time>
      </trkpt>
      <trkpt lat="59.425946" lon="24.656227">
        <ele>11.9</ele>
        <time>2026-08-23T11:19:09Z</time>
      </trkpt>
      <trkpt lat="59.425946" lon="24.656227">
        <ele>11.9</ele>
        <time>2026-08-23T11:19:10Z</time>
      </trkpt>
      <trkpt lat="59.425946" lon="24.656227">
        <ele>11.9</ele>
        <time>2026-08-23T11:19:11Z</time>
      </trkpt>
      <trkpt lat="59.425946" lon="24.656227">
        <ele>11.9</ele>
        <time>2026-08-23T11:19:14Z</time>
      </trkpt>
      <trkpt lat="59.425936" lon="24.656202">
        <ele>11.9</ele>
        <time>2026-08-23T11:19:16Z</time>
      </trkpt>
      <trkpt lat="59.425936" lon="24.656183">
        <ele>11.9</ele>
        <time>2026-08-23T11:19:17Z</time>
      </trkpt>
      <trkpt lat="59.425939" lon="24.656178">
        <ele>11.9</ele>
        <time>2026-08-23T11:19:18Z</time>
      </trkpt>
      <trkpt lat="59.425942" lon="24.656171">
        <ele>11.9</ele>
        <time>2026-08-23T11:19:19Z</time>
      </trkpt>
      <trkpt lat="59.425938" lon="24.656175">
        <ele>11.9</ele>
        <time>2026-08-23T11:19:20Z</time>
      </trkpt>
      <trkpt lat="59.425935" lon="24.656181">
        <ele>11.9</ele>
        <time>2026-08-23T11:19:21Z</time>
      </trkpt>
      <trkpt lat="59.425935" lon="24.656181">
        <ele>11.9</ele>
        <time>2026-08-23T11:19:22Z</time>
      </trkpt>
      <trkpt lat="59.425935" lon="24.656176">
        <ele>11.9</ele>
        <time>2026-08-23T11:19:23Z</time>
      </trkpt>
      <trkpt lat="59.425934" lon="24.656179">
        <ele>11.9</ele>
        <time>2026-08-23T11:19:24Z</time>
      </trkpt>
      <trkpt lat="59.425935" lon="24.656178">
        <ele>11.9</ele>
        <time>2026-08-23T11:19:25Z</time>
      </trkpt>
      <trkpt lat="59.425937" lon="24.656185">
        <ele>11.9</ele>
        <time>2026-08-23T11:19:26Z</time>
      </trkpt>
      <trkpt lat="59.425934" lon="24.656184">
        <ele>11.9</ele>
        <time>2026-08-23T11:19:27Z</time>
      </trkpt>
      <trkpt lat="59.425934" lon="24.656184">
        <ele>11.9</ele>
        <time>2026-08-23T11:19:28Z</time>
      </trkpt>
      <trkpt lat="59.425934" lon="24.656184">
        <ele>11.9</ele>
        <time>2026-08-23T11:19:29Z</time>
      </trkpt>
      <trkpt lat="59.425934" lon="24.656184">
        <ele>11.9</ele>
        <time>2026-08-23T11:19:30Z</time>
      </trkpt>
      <trkpt lat="59.425934" lon="24.656184">
        <ele>11.9</ele>
        <time>2026-08-23T11:19:31Z</time>
      </trkpt>
      <trkpt lat="59.425934" lon="24.656184">
        <ele>11.9</ele>
        <time>2026-08-23T11:19:32Z</time>
      </trkpt>
      <trkpt lat="59.425934" lon="24.656184">
        <ele>11.9</ele>
        <time>2026-08-23T11:19:33Z</time>
      </trkpt>
      <trkpt lat="59.425942" lon="24.656175">
        <ele>11.9</ele>
        <time>2026-08-23T11:19:34Z</time>
      </trkpt>
      <trkpt lat="59.425943" lon="24.656177">
        <ele>11.9</ele>
        <time>2026-08-23T11:19:35Z</time>
      </trkpt>
      <trkpt lat="59.425946" lon="24.656176">
        <ele>11.9</ele>
        <time>2026-08-23T11:19:36Z</time>
      </trkpt>
      <trkpt lat="59.425949" lon="24.65617">
        <ele>11.9</ele>
        <time>2026-08-23T11:19:37Z</time>
      </trkpt>
      <trkpt lat="59.425952" lon="24.656161">
        <ele>11.9</ele>
        <time>2026-08-23T11:19:38Z</time>
      </trkpt>
      <trkpt lat="59.425947" lon="24.656163">
        <ele>11.9</ele>
        <time>2026-08-23T11:19:39Z</time>
      </trkpt>
      <trkpt lat="59.425945" lon="24.656165">
        <ele>11.9</ele>
        <time>2026-08-23T11:19:40Z</time>
      </trkpt>
      <trkpt lat="59.425943" lon="24.656169">
        <ele>11.9</ele>
        <time>2026-08-23T11:19:41Z</time>
      </trkpt>
      <trkpt lat="59.425941" lon="24.656171">
        <ele>11.9</ele>
        <time>2026-08-23T11:19:42Z</time>
      </trkpt>
      <trkpt lat="59.425947" lon="24.656171">
        <ele>11.9</ele>
        <time>2026-08-23T11:19:43Z</time>
      </trkpt>
      <trkpt lat="59.425947" lon="24.656175">
        <ele>11.9</ele>
        <time>2026-08-23T11:19:44Z</time>
      </trkpt>
      <trkpt lat="59.425948" lon="24.656181">
        <ele>11.9</ele>
        <time>2026-08-23T11:19:45Z</time>
      </trkpt>
      <trkpt lat="59.425949" lon="24.656183">
        <ele>11.9</ele>
        <time>2026-08-23T11:19:46Z</time>
      </trkpt>
      <trkpt lat="59.425946" lon="24.656192">
        <ele>11.9</ele>
        <time>2026-08-23T11:19:47Z</time>
      </trkpt>
      <trkpt lat="59.425946" lon="24.656195">
        <ele>11.9</ele>
        <time>2026-08-23T11:19:48Z</time>
      </trkpt>
      <trkpt lat="59.425946" lon="24.656195">
        <ele>11.9</ele>
        <time>2026-08-23T11:19:49Z</time>
      </trkpt>
      <trkpt lat="59.425948" lon="24.656189">
        <ele>11.9</ele>
        <time>2026-08-23T11:19:50Z</time>
      </trkpt>
      <trkpt lat="59.425949" lon="24.656182">
        <ele>11.9</ele>
        <time>2026-08-23T11:19:51Z</time>
      </trkpt>
      <trkpt lat="59.425943" lon="24.656166">
        <ele>11.9</ele>
        <time>2026-08-23T11:19:52Z</time>
      </trkpt>
      <trkpt lat="59.42594" lon="24.656172">
        <ele>11.9</ele>
        <time>2026-08-23T11:19:53Z</time>
      </trkpt>
      <trkpt lat="59.425939" lon="24.656175">
        <ele>11.9</ele>
        <time>2026-08-23T11:19:54Z</time>
      </trkpt>
      <trkpt lat="59.425943" lon="24.656176">
        <ele>11.9</ele>
        <time>2026-08-23T11:19:55Z</time>
      </trkpt>
      <trkpt lat="59.425937" lon="24.656176">
        <ele>11.9</ele>
        <time>2026-08-23T11:19:56Z</time>
      </trkpt>
      <trkpt lat="59.425938" lon="24.656174">
        <ele>11.9</ele>
        <time>2026-08-23T11:19:57Z</time>
      </trkpt>
      <trkpt lat="59.425943" lon="24.656177">
        <ele>11.9</ele>
        <time>2026-08-23T11:19:58Z</time>
      </trkpt>
      <trkpt lat="59.425945" lon="24.656174">
        <ele>11.9</ele>
        <time>2026-08-23T11:19:59Z</time>
      </trkpt>
      <trkpt lat="59.425943" lon="24.656175">
        <ele>11.9</ele>
        <time>2026-08-23T11:20:00Z</time>
      </trkpt>
      <trkpt lat="59.425946" lon="24.656174">
        <ele>11.9</ele>
        <time>2026-08-23T11:20:01Z</time>
      </trkpt>
      <trkpt lat="59.425946" lon="24.656174">
        <ele>11.9</ele>
        <time>2026-08-23T11:20:02Z</time>
      </trkpt>
      <trkpt lat="59.425946" lon="24.656174">
        <ele>11.9</ele>
        <time>2026-08-23T11:20:03Z</time>
      </trkpt>
      <trkpt lat="59.425946" lon="24.656174">
        <ele>11.9</ele>
        <time>2026-08-23T11:20:04Z</time>
      </trkpt>
      <trkpt lat="59.425948" lon="24.656174">
        <ele>11.9</ele>
        <time>2026-08-23T11:20:05Z</time>
      </trkpt>
      <trkpt lat="59.425944" lon="24.656179">
        <ele>11.9</ele>
        <time>2026-08-23T11:20:06Z</time>
      </trkpt>
      <trkpt lat="59.425946" lon="24.656182">
        <ele>11.9</ele>
        <time>2026-08-23T11:20:07Z</time>
      </trkpt>
      <trkpt lat="59.425944" lon="24.656182">
        <ele>11.9</ele>
        <time>2026-08-23T11:20:08Z</time>
      </trkpt>
      <trkpt lat="59.425945" lon="24.656184">
        <ele>11.9</ele>
        <time>2026-08-23T11:20:09Z</time>
      </trkpt>
      <trkpt lat="59.425945" lon="24.656184">
        <ele>11.9</ele>
        <time>2026-08-23T11:20:10Z</time>
      </trkpt>
      <trkpt lat="59.425945" lon="24.656184">
        <ele>11.9</ele>
        <time>2026-08-23T11:20:11Z</time>
      </trkpt>
      <trkpt lat="59.425946" lon="24.65618">
        <ele>11.9</ele>
        <time>2026-08-23T11:20:12Z</time>
      </trkpt>
      <trkpt lat="59.425946" lon="24.656179">
        <ele>11.9</ele>
        <time>2026-08-23T11:20:13Z</time>
      </trkpt>
      <trkpt lat="59.425943" lon="24.656178">
        <ele>11.9</ele>
        <time>2026-08-23T11:20:14Z</time>
      </trkpt>
      <trkpt lat="59.425945" lon="24.656173">
        <ele>11.9</ele>
        <time>2026-08-23T11:20:15Z</time>
      </trkpt>
      <trkpt lat="59.425945" lon="24.656167">
        <ele>11.9</ele>
        <time>2026-08-23T11:20:16Z</time>
      </trkpt>
      <trkpt lat="59.425943" lon="24.656172">
        <ele>11.9</ele>
        <time>2026-08-23T11:20:17Z</time>
      </trkpt>
      <trkpt lat="59.425947" lon="24.656175">
        <ele>11.9</ele>
        <time>2026-08-23T11:20:18Z</time>
      </trkpt>
      <trkpt lat="59.425945" lon="24.656168">
        <ele>11.9</ele>
        <time>2026-08-23T11:20:19Z</time>
      </trkpt>
      <trkpt lat="59.425946" lon="24.656168">
        <ele>11.9</ele>
        <time>2026-08-23T11:20:20Z</time>
      </trkpt>
      <trkpt lat="59.425946" lon="24.656168">
        <ele>11.9</ele>
        <time>2026-08-23T11:20:21Z</time>
      </trkpt>
      <trkpt lat="59.425952" lon="24.656161">
        <ele>11.9</ele>
        <time>2026-08-23T11:20:22Z</time>
      </trkpt>
      <trkpt lat="59.425948" lon="24.656158">
        <ele>11.9</ele>
        <time>2026-08-23T11:20:23Z</time>
      </trkpt>
      <trkpt lat="59.425945" lon="24.656158">
        <ele>11.9</ele>
        <time>2026-08-23T11:20:24Z</time>
      </trkpt>
      <trkpt lat="59.425942" lon="24.656154">
        <ele>11.9</ele>
        <time>2026-08-23T11:20:25Z</time>
      </trkpt>
      <trkpt lat="59.425944" lon="24.656157">
        <ele>11.9</ele>
        <time>2026-08-23T11:20:26Z</time>
      </trkpt>
      <trkpt lat="59.425946" lon="24.656154">
        <ele>11.9</ele>
        <time>2026-08-23T11:20:27Z</time>
      </trkpt>
      <trkpt lat="59.425945" lon="24.656156">
        <ele>11.9</ele>
        <time>2026-08-23T11:20:28Z</time>
      </trkpt>
      <trkpt lat="59.425944" lon="24.656156">
        <ele>11.9</ele>
        <time>2026-08-23T11:20:29Z</time>
      </trkpt>
      <trkpt lat="59.425943" lon="24.656156">
        <ele>11.9</ele>
        <time>2026-08-23T11:20:30Z</time>
      </trkpt>
      <trkpt lat="59.425942" lon="24.65616">
        <ele>11.9</ele>
        <time>2026-08-23T11:20:31Z</time>
      </trkpt>
      <trkpt lat="59.425938" lon="24.656166">
        <ele>11.9</ele>
        <time>2026-08-23T11:20:32Z</time>
      </trkpt>
      <trkpt lat="59.425936" lon="24.65617">
        <ele>11.9</ele>
        <time>2026-08-23T11:20:33Z</time>
      </trkpt>
      <trkpt lat="59.425935" lon="24.656164">
        <ele>11.9</ele>
        <time>2026-08-23T11:20:34Z</time>
      </trkpt>
      <trkpt lat="59.425934" lon="24.656157">
        <ele>11.9</ele>
        <time>2026-08-23T11:20:35Z</time>
      </trkpt>
      <trkpt lat="59.425941" lon="24.656152">
        <ele>11.9</ele>
        <time>2026-08-23T11:20:36Z</time>
      </trkpt>
      <trkpt lat="59.425944" lon="24.656159">
        <ele>11.9</ele>
        <time>2026-08-23T11:20:37Z</time>
      </trkpt>
      <trkpt lat="59.425944" lon="24.656159">
        <ele>11.9</ele>
        <time>2026-08-23T11:20:38Z</time>
      </trkpt>
      <trkpt lat="59.425938" lon="24.656161">
        <ele>11.9</ele>
        <time>2026-08-23T11:20:39Z</time>
      </trkpt>
      <trkpt lat="59.425939" lon="24.656166">
        <ele>11.9</ele>
        <time>2026-08-23T11:20:40Z</time>
      </trkpt>
      <trkpt lat="59.42594" lon="24.656167">
        <ele>11.9</ele>
        <time>2026-08-23T11:20:41Z</time>
      </trkpt>
      <trkpt lat="59.425936" lon="24.65617">
        <ele>11.9</ele>
        <time>2026-08-23T11:20:42Z</time>
      </trkpt>
      <trkpt lat="59.425935" lon="24.65617">
        <ele>11.9</ele>
        <time>2026-08-23T11:20:43Z</time>
      </trkpt>
      <trkpt lat="59.425936" lon="24.656166">
        <ele>11.9</ele>
        <time>2026-08-23T11:20:44Z</time>
      </trkpt>
      <trkpt lat="59.425937" lon="24.656171">
        <ele>11.9</ele>
        <time>2026-08-23T11:20:45Z</time>
      </trkpt>
      <trkpt lat="59.425944" lon="24.656172">
        <ele>11.9</ele>
        <time>2026-08-23T11:20:46Z</time>
      </trkpt>
      <trkpt lat="59.425944" lon="24.656174">
        <ele>11.9</ele>
        <time>2026-08-23T11:20:47Z</time>
      </trkpt>
      <trkpt lat="59.42594" lon="24.656174">
        <ele>11.9</ele>
        <time>2026-08-23T11:20:48Z</time>
      </trkpt>
      <trkpt lat="59.42594" lon="24.656176">
        <ele>11.9</ele>
        <time>2026-08-23T11:20:49Z</time>
      </trkpt>
      <trkpt lat="59.425938" lon="24.656176">
        <ele>11.9</ele>
        <time>2026-08-23T11:20:50Z</time>
      </trkpt>
      <trkpt lat="59.425936" lon="24.656175">
        <ele>11.9</ele>
        <time>2026-08-23T11:20:51Z</time>
      </trkpt>
      <trkpt lat="59.425936" lon="24.656172">
        <ele>11.8</ele>
        <time>2026-08-23T11:20:52Z</time>
      </trkpt>
      <trkpt lat="59.425936" lon="24.656173">
        <ele>11.8</ele>
        <time>2026-08-23T11:20:53Z</time>
      </trkpt>
      <trkpt lat="59.425937" lon="24.656176">
        <ele>11.8</ele>
        <time>2026-08-23T11:20:54Z</time>
      </trkpt>
      <trkpt lat="59.425935" lon="24.65618">
        <ele>11.8</ele>
        <time>2026-08-23T11:20:55Z</time>
      </trkpt>
      <trkpt lat="59.425935" lon="24.656176">
        <ele>11.8</ele>
        <time>2026-08-23T11:20:56Z</time>
      </trkpt>
      <trkpt lat="59.425937" lon="24.656181">
        <ele>11.8</ele>
        <time>2026-08-23T11:20:57Z</time>
      </trkpt>
      <trkpt lat="59.425932" lon="24.656182">
        <ele>11.8</ele>
        <time>2026-08-23T11:20:58Z</time>
      </trkpt>
      <trkpt lat="59.425933" lon="24.656181">
        <ele>11.8</ele>
        <time>2026-08-23T11:20:59Z</time>
      </trkpt>
      <trkpt lat="59.425934" lon="24.656183">
        <ele>11.8</ele>
        <time>2026-08-23T11:21:00Z</time>
      </trkpt>
      <trkpt lat="59.425934" lon="24.656181">
        <ele>11.8</ele>
        <time>2026-08-23T11:21:01Z</time>
      </trkpt>
      <trkpt lat="59.425937" lon="24.656181">
        <ele>11.8</ele>
        <time>2026-08-23T11:21:02Z</time>
      </trkpt>
      <trkpt lat="59.425939" lon="24.656177">
        <ele>11.8</ele>
        <time>2026-08-23T11:21:03Z</time>
      </trkpt>
      <trkpt lat="59.425933" lon="24.656171">
        <ele>11.8</ele>
        <time>2026-08-23T11:21:04Z</time>
      </trkpt>
      <trkpt lat="59.425934" lon="24.656173">
        <ele>11.8</ele>
        <time>2026-08-23T11:21:05Z</time>
      </trkpt>
      <trkpt lat="59.425932" lon="24.656179">
        <ele>11.8</ele>
        <time>2026-08-23T11:21:06Z</time>
      </trkpt>
      <trkpt lat="59.425928" lon="24.656176">
        <ele>11.8</ele>
        <time>2026-08-23T11:21:07Z</time>
      </trkpt>
      <trkpt lat="59.425931" lon="24.656172">
        <ele>11.8</ele>
        <time>2026-08-23T11:21:08Z</time>
      </trkpt>
      <trkpt lat="59.425933" lon="24.656173">
        <ele>11.8</ele>
        <time>2026-08-23T11:21:09Z</time>
      </trkpt>
      <trkpt lat="59.425935" lon="24.656175">
        <ele>11.8</ele>
        <time>2026-08-23T11:21:10Z</time>
      </trkpt>
      <trkpt lat="59.425936" lon="24.656175">
        <ele>11.8</ele>
        <time>2026-08-23T11:21:11Z</time>
      </trkpt>
      <trkpt lat="59.425936" lon="24.656175">
        <ele>11.8</ele>
        <time>2026-08-23T11:21:12Z</time>
      </trkpt>
      <trkpt lat="59.425936" lon="24.656175">
        <ele>11.8</ele>
        <time>2026-08-23T11:21:13Z</time>
      </trkpt>
      <trkpt lat="59.425936" lon="24.656175">
        <ele>11.8</ele>
        <time>2026-08-23T11:21:14Z</time>
      </trkpt>
      <trkpt lat="59.425936" lon="24.656175">
        <ele>11.8</ele>
        <time>2026-08-23T11:21:15Z</time>
      </trkpt>
      <trkpt lat="59.425936" lon="24.656175">
        <ele>11.8</ele>
        <time>2026-08-23T11:21:16Z</time>
      </trkpt>
      <trkpt lat="59.425936" lon="24.656175">
        <ele>11.8</ele>
        <time>2026-08-23T11:21:17Z</time>
      </trkpt>
      <trkpt lat="59.425936" lon="24.656175">
        <ele>11.8</ele>
        <time>2026-08-23T11:21:18Z</time>
      </trkpt>
      <trkpt lat="59.425936" lon="24.656175">
        <ele>11.8</ele>
        <time>2026-08-23T11:21:19Z</time>
      </trkpt>
      <trkpt lat="59.425955" lon="24.656189">
        <ele>11.8</ele>
        <time>2026-08-23T11:21:22Z</time>
      </trkpt>
      <trkpt lat="59.42596" lon="24.656194">
        <ele>11.8</ele>
        <time>2026-08-23T11:21:23Z</time>
      </trkpt>
      <trkpt lat="59.425959" lon="24.656194">
        <ele>11.8</ele>
        <time>2026-08-23T11:21:24Z</time>
      </trkpt>
      <trkpt lat="59.425954" lon="24.656194">
        <ele>11.8</ele>
        <time>2026-08-23T11:21:25Z</time>
      </trkpt>
      <trkpt lat="59.425951" lon="24.656198">
        <ele>11.8</ele>
        <time>2026-08-23T11:21:26Z</time>
      </trkpt>
      <trkpt lat="59.425955" lon="24.6562">
        <ele>11.8</ele>
        <time>2026-08-23T11:21:27Z</time>
      </trkpt>
      <trkpt lat="59.425954" lon="24.656199">
        <ele>11.8</ele>
        <time>2026-08-23T11:21:28Z</time>
      </trkpt>
      <trkpt lat="59.425953" lon="24.656196">
        <ele>11.8</ele>
        <time>2026-08-23T11:21:29Z</time>
      </trkpt>
      <trkpt lat="59.425953" lon="24.656196">
        <ele>11.8</ele>
        <time>2026-08-23T11:21:30Z</time>
      </trkpt>
      <trkpt lat="59.425953" lon="24.656196">
        <ele>11.8</ele>
        <time>2026-08-23T11:21:31Z</time>
      </trkpt>
      <trkpt lat="59.425953" lon="24.656196">
        <ele>11.8</ele>
        <time>2026-08-23T11:21:32Z</time>
      </trkpt>
      <trkpt lat="59.425953" lon="24.656196">
        <ele>11.8</ele>
        <time>2026-08-23T11:21:33Z</time>
      </trkpt>
      <trkpt lat="59.425963" lon="24.656186">
        <ele>11.8</ele>
        <time>2026-08-23T11:21:34Z</time>
      </trkpt>
      <trkpt lat="59.425962" lon="24.65618">
        <ele>11.8</ele>
        <time>2026-08-23T11:21:35Z</time>
      </trkpt>
      <trkpt lat="59.425962" lon="24.65618">
        <ele>11.8</ele>
        <time>2026-08-23T11:21:36Z</time>
      </trkpt>
      <trkpt lat="59.425962" lon="24.65618">
        <ele>11.8</ele>
        <time>2026-08-23T11:21:37Z</time>
      </trkpt>
      <trkpt lat="59.425962" lon="24.65618">
        <ele>11.8</ele>
        <time>2026-08-23T11:21:38Z</time>
      </trkpt>
      <trkpt lat="59.425962" lon="24.65618">
        <ele>11.8</ele>
        <time>2026-08-23T11:21:39Z</time>
      </trkpt>
      <trkpt lat="59.425962" lon="24.65618">
        <ele>11.8</ele>
        <time>2026-08-23T11:21:40Z</time>
      </trkpt>
      <trkpt lat="59.425962" lon="24.65618">
        <ele>11.8</ele>
        <time>2026-08-23T11:21:41Z</time>
      </trkpt>
      <trkpt lat="59.42596" lon="24.656184">
        <ele>11.8</ele>
        <time>2026-08-23T11:21:42Z</time>
      </trkpt>
      <trkpt lat="59.425963" lon="24.656191">
        <ele>11.8</ele>
        <time>2026-08-23T11:21:43Z</time>
      </trkpt>
      <trkpt lat="59.425961" lon="24.65619">
        <ele>11.8</ele>
        <time>2026-08-23T11:21:44Z</time>
      </trkpt>
      <trkpt lat="59.425958" lon="24.656182">
        <ele>11.8</ele>
        <time>2026-08-23T11:21:45Z</time>
      </trkpt>
      <trkpt lat="59.425957" lon="24.65618">
        <ele>11.8</ele>
        <time>2026-08-23T11:21:46Z</time>
      </trkpt>
      <trkpt lat="59.425946" lon="24.656175">
        <ele>11.8</ele>
        <time>2026-08-23T11:21:47Z</time>
      </trkpt>
      <trkpt lat="59.425943" lon="24.656174">
        <ele>11.8</ele>
        <time>2026-08-23T11:21:48Z</time>
      </trkpt>
      <trkpt lat="59.425943" lon="24.656174">
        <ele>11.8</ele>
        <time>2026-08-23T11:21:49Z</time>
      </trkpt>
      <trkpt lat="59.425943" lon="24.656174">
        <ele>11.8</ele>
        <time>2026-08-23T11:21:54Z</time>
      </trkpt>
      <trkpt lat="59.425943" lon="24.656174">
        <ele>11.8</ele>
        <time>2026-08-23T11:22:01Z</time>
      </trkpt>
      <trkpt lat="59.425931" lon="24.656162">
        <ele>11.8</ele>
        <time>2026-08-23T11:22:03Z</time>
      </trkpt>
      <trkpt lat="59.425926" lon="24.656162">
        <ele>11.8</ele>
        <time>2026-08-23T11:22:04Z</time>
      </trkpt>
      <trkpt lat="59.425922" lon="24.65616">
        <ele>11.8</ele>
        <time>2026-08-23T11:22:05Z</time>
      </trkpt>
      <trkpt lat="59.425922" lon="24.656161">
        <ele>11.8</ele>
        <time>2026-08-23T11:22:06Z</time>
      </trkpt>
      <trkpt lat="59.425923" lon="24.65616">
        <ele>11.8</ele>
        <time>2026-08-23T11:22:07Z</time>
      </trkpt>
      <trkpt lat="59.425924" lon="24.656155">
        <ele>11.8</ele>
        <time>2026-08-23T11:22:08Z</time>
      </trkpt>
      <trkpt lat="59.42593" lon="24.656167">
        <ele>11.8</ele>
        <time>2026-08-23T11:22:09Z</time>
      </trkpt>
      <trkpt lat="59.425932" lon="24.65617">
        <ele>11.8</ele>
        <time>2026-08-23T11:22:10Z</time>
      </trkpt>
      <trkpt lat="59.425934" lon="24.656174">
        <ele>11.8</ele>
        <time>2026-08-23T11:22:11Z</time>
      </trkpt>
      <trkpt lat="59.425934" lon="24.656175">
        <ele>11.8</ele>
        <time>2026-08-23T11:22:12Z</time>
      </trkpt>
      <trkpt lat="59.425935" lon="24.656175">
        <ele>11.8</ele>
        <time>2026-08-23T11:22:13Z</time>
      </trkpt>
      <trkpt lat="59.425936" lon="24.656178">
        <ele>11.8</ele>
        <time>2026-08-23T11:22:14Z</time>
      </trkpt>
      <trkpt lat="59.425934" lon="24.656179">
        <ele>11.8</ele>
        <time>2026-08-23T11:22:15Z</time>
      </trkpt>
      <trkpt lat="59.425931" lon="24.656174">
        <ele>11.8</ele>
        <time>2026-08-23T11:22:16Z</time>
      </trkpt>
      <trkpt lat="59.425928" lon="24.656168">
        <ele>11.8</ele>
        <time>2026-08-23T11:22:17Z</time>
      </trkpt>
      <trkpt lat="59.425925" lon="24.65617">
        <ele>11.8</ele>
        <time>2026-08-23T11:22:18Z</time>
      </trkpt>
      <trkpt lat="59.425922" lon="24.656166">
        <ele>11.8</ele>
        <time>2026-08-23T11:22:19Z</time>
      </trkpt>
      <trkpt lat="59.425921" lon="24.656163">
        <ele>11.8</ele>
        <time>2026-08-23T11:22:20Z</time>
      </trkpt>
      <trkpt lat="59.42592" lon="24.65616">
        <ele>11.8</ele>
        <time>2026-08-23T11:22:21Z</time>
      </trkpt>
      <trkpt lat="59.425921" lon="24.656164">
        <ele>11.8</ele>
        <time>2026-08-23T11:22:22Z</time>
      </trkpt>
      <trkpt lat="59.425921" lon="24.656165">
        <ele>11.8</ele>
        <time>2026-08-23T11:22:23Z</time>
      </trkpt>
      <trkpt lat="59.425921" lon="24.656165">
        <ele>11.8</ele>
        <time>2026-08-23T11:22:24Z</time>
      </trkpt>
      <trkpt lat="59.425921" lon="24.656166">
        <ele>11.8</ele>
        <time>2026-08-23T11:22:25Z</time>
      </trkpt>
      <trkpt lat="59.425921" lon="24.656166">
        <ele>11.8</ele>
        <time>2026-08-23T11:22:26Z</time>
      </trkpt>
      <trkpt lat="59.425925" lon="24.656169">
        <ele>11.8</ele>
        <time>2026-08-23T11:22:27Z</time>
      </trkpt>
      <trkpt lat="59.425925" lon="24.656168">
        <ele>11.8</ele>
        <time>2026-08-23T11:22:28Z</time>
      </trkpt>
      <trkpt lat="59.425925" lon="24.656168">
        <ele>11.8</ele>
        <time>2026-08-23T11:22:29Z</time>
      </trkpt>
      <trkpt lat="59.425925" lon="24.656173">
        <ele>11.8</ele>
        <time>2026-08-23T11:22:30Z</time>
      </trkpt>
      <trkpt lat="59.425924" lon="24.656172">
        <ele>11.8</ele>
        <time>2026-08-23T11:22:31Z</time>
      </trkpt>
      <trkpt lat="59.425924" lon="24.656172">
        <ele>11.8</ele>
        <time>2026-08-23T11:22:32Z</time>
      </trkpt>
      <trkpt lat="59.425924" lon="24.656172">
        <ele>11.8</ele>
        <time>2026-08-23T11:22:34Z</time>
      </trkpt>
      <trkpt lat="59.425924" lon="24.656172">
        <ele>11.8</ele>
        <time>2026-08-23T11:22:39Z</time>
      </trkpt>
      <trkpt lat="59.425924" lon="24.656172">
        <ele>11.8</ele>
        <time>2026-08-23T11:22:41Z</time>
      </trkpt>
      <trkpt lat="59.425935" lon="24.65614">
        <ele>11.8</ele>
        <time>2026-08-23T11:22:43Z</time>
      </trkpt>
      <trkpt lat="59.425937" lon="24.65614">
        <ele>11.8</ele>
        <time>2026-08-23T11:22:44Z</time>
      </trkpt>
      <trkpt lat="59.425935" lon="24.656142">
        <ele>11.8</ele>
        <time>2026-08-23T11:22:45Z</time>
      </trkpt>
      <trkpt lat="59.425936" lon="24.656145">
        <ele>11.8</ele>
        <time>2026-08-23T11:22:46Z</time>
      </trkpt>
      <trkpt lat="59.425937" lon="24.656146">
        <ele>11.8</ele>
        <time>2026-08-23T11:22:47Z</time>
      </trkpt>
      <trkpt lat="59.425936" lon="24.656151">
        <ele>11.8</ele>
        <time>2026-08-23T11:22:48Z</time>
      </trkpt>
      <trkpt lat="59.425933" lon="24.656154">
        <ele>11.8</ele>
        <time>2026-08-23T11:22:49Z</time>
      </trkpt>
      <trkpt lat="59.425925" lon="24.656162">
        <ele>11.8</ele>
        <time>2026-08-23T11:22:50Z</time>
      </trkpt>
      <trkpt lat="59.425923" lon="24.65616">
        <ele>11.8</ele>
        <time>2026-08-23T11:22:51Z</time>
      </trkpt>
      <trkpt lat="59.425925" lon="24.656162">
        <ele>11.8</ele>
        <time>2026-08-23T11:22:52Z</time>
      </trkpt>
      <trkpt lat="59.425928" lon="24.656165">
        <ele>11.8</ele>
        <time>2026-08-23T11:22:53Z</time>
      </trkpt>
      <trkpt lat="59.425931" lon="24.656169">
        <ele>11.8</ele>
        <time>2026-08-23T11:22:54Z</time>
      </trkpt>
      <trkpt lat="59.425944" lon="24.656162">
        <ele>11.8</ele>
        <time>2026-08-23T11:22:55Z</time>
      </trkpt>
      <trkpt lat="59.425948" lon="24.65615">
        <ele>11.8</ele>
        <time>2026-08-23T11:22:56Z</time>
      </trkpt>
      <trkpt lat="59.42595" lon="24.656132">
        <ele>11.8</ele>
        <time>2026-08-23T11:22:57Z</time>
      </trkpt>
      <trkpt lat="59.425946" lon="24.656107">
        <ele>11.8</ele>
        <time>2026-08-23T11:22:58Z</time>
      </trkpt>
      <trkpt lat="59.425941" lon="24.656097">
        <ele>11.8</ele>
        <time>2026-08-23T11:22:59Z</time>
      </trkpt>
      <trkpt lat="59.425945" lon="24.656102">
        <ele>11.8</ele>
        <time>2026-08-23T11:23:00Z</time>
      </trkpt>
      <trkpt lat="59.425947" lon="24.656102">
        <ele>11.8</ele>
        <time>2026-08-23T11:23:01Z</time>
      </trkpt>
      <trkpt lat="59.425947" lon="24.656097">
        <ele>11.8</ele>
        <time>2026-08-23T11:23:02Z</time>
      </trkpt>
      <trkpt lat="59.425949" lon="24.656095">
        <ele>11.8</ele>
        <time>2026-08-23T11:23:03Z</time>
      </trkpt>
      <trkpt lat="59.42595" lon="24.656095">
        <ele>11.8</ele>
        <time>2026-08-23T11:23:04Z</time>
      </trkpt>
      <trkpt lat="59.425949" lon="24.656097">
        <ele>11.8</ele>
        <time>2026-08-23T11:23:05Z</time>
      </trkpt>
      <trkpt lat="59.425949" lon="24.656097">
        <ele>11.8</ele>
        <time>2026-08-23T11:23:06Z</time>
      </trkpt>
      <trkpt lat="59.425951" lon="24.656106">
        <ele>11.8</ele>
        <time>2026-08-23T11:23:07Z</time>
      </trkpt>
      <trkpt lat="59.42595" lon="24.656107">
        <ele>11.8</ele>
        <time>2026-08-23T11:23:08Z</time>
      </trkpt>
      <trkpt lat="59.425947" lon="24.656118">
        <ele>11.8</ele>
        <time>2026-08-23T11:23:09Z</time>
      </trkpt>
      <trkpt lat="59.425941" lon="24.656108">
        <ele>11.8</ele>
        <time>2026-08-23T11:23:10Z</time>
      </trkpt>
      <trkpt lat="59.425939" lon="24.656101">
        <ele>11.8</ele>
        <time>2026-08-23T11:23:11Z</time>
      </trkpt>
      <trkpt lat="59.425942" lon="24.656106">
        <ele>11.8</ele>
        <time>2026-08-23T11:23:12Z</time>
      </trkpt>
      <trkpt lat="59.42594" lon="24.656098">
        <ele>11.8</ele>
        <time>2026-08-23T11:23:13Z</time>
      </trkpt>
      <trkpt lat="59.42594" lon="24.6561">
        <ele>11.8</ele>
        <time>2026-08-23T11:23:14Z</time>
      </trkpt>
      <trkpt lat="59.42594" lon="24.6561">
        <ele>11.8</ele>
        <time>2026-08-23T11:23:15Z</time>
      </trkpt>
      <trkpt lat="59.425936" lon="24.656102">
        <ele>11.8</ele>
        <time>2026-08-23T11:23:16Z</time>
      </trkpt>
      <trkpt lat="59.425936" lon="24.656104">
        <ele>11.8</ele>
        <time>2026-08-23T11:23:17Z</time>
      </trkpt>
      <trkpt lat="59.425932" lon="24.656102">
        <ele>11.8</ele>
        <time>2026-08-23T11:23:18Z</time>
      </trkpt>
      <trkpt lat="59.425932" lon="24.656102">
        <ele>11.8</ele>
        <time>2026-08-23T11:23:19Z</time>
      </trkpt>
      <trkpt lat="59.425933" lon="24.656102">
        <ele>11.8</ele>
        <time>2026-08-23T11:23:20Z</time>
      </trkpt>
      <trkpt lat="59.425934" lon="24.6561">
        <ele>11.8</ele>
        <time>2026-08-23T11:23:21Z</time>
      </trkpt>
      <trkpt lat="59.425933" lon="24.656106">
        <ele>11.8</ele>
        <time>2026-08-23T11:23:22Z</time>
      </trkpt>
      <trkpt lat="59.425933" lon="24.656106">
        <ele>11.8</ele>
        <time>2026-08-23T11:23:23Z</time>
      </trkpt>
      <trkpt lat="59.425933" lon="24.656106">
        <ele>11.8</ele>
        <time>2026-08-23T11:23:24Z</time>
      </trkpt>
      <trkpt lat="59.42593" lon="24.656115">
        <ele>11.8</ele>
        <time>2026-08-23T11:23:25Z</time>
      </trkpt>
      <trkpt lat="59.425934" lon="24.656102">
        <ele>11.8</ele>
        <time>2026-08-23T11:23:26Z</time>
      </trkpt>
      <trkpt lat="59.42593" lon="24.656101">
        <ele>11.8</ele>
        <time>2026-08-23T11:23:27Z</time>
      </trkpt>
      <trkpt lat="59.425931" lon="24.656092">
        <ele>11.8</ele>
        <time>2026-08-23T11:23:28Z</time>
      </trkpt>
      <trkpt lat="59.425933" lon="24.656098">
        <ele>11.8</ele>
        <time>2026-08-23T11:23:29Z</time>
      </trkpt>
      <trkpt lat="59.425933" lon="24.656098">
        <ele>11.8</ele>
        <time>2026-08-23T11:23:30Z</time>
      </trkpt>
      <trkpt lat="59.425941" lon="24.656097">
        <ele>11.8</ele>
        <time>2026-08-23T11:23:31Z</time>
      </trkpt>
      <trkpt lat="59.425942" lon="24.6561">
        <ele>11.8</ele>
        <time>2026-08-23T11:23:32Z</time>
      </trkpt>
      <trkpt lat="59.425956" lon="24.656117">
        <ele>11.7</ele>
        <time>2026-08-23T11:23:33Z</time>
      </trkpt>
      <trkpt lat="59.425968" lon="24.656134">
        <ele>11.7</ele>
        <time>2026-08-23T11:23:34Z</time>
      </trkpt>
      <trkpt lat="59.42599" lon="24.656137">
        <ele>11.6</ele>
        <time>2026-08-23T11:23:35Z</time>
      </trkpt>
      <trkpt lat="59.426006" lon="24.656135">
        <ele>11.6</ele>
        <time>2026-08-23T11:23:36Z</time>
      </trkpt>
      <trkpt lat="59.426032" lon="24.656117">
        <ele>11.5</ele>
        <time>2026-08-23T11:23:37Z</time>
      </trkpt>
      <trkpt lat="59.426068" lon="24.656107">
        <ele>11.4</ele>
        <time>2026-08-23T11:23:38Z</time>
      </trkpt>
      <trkpt lat="59.426084" lon="24.656064">
        <ele>11.3</ele>
        <time>2026-08-23T11:23:39Z</time>
      </trkpt>
      <trkpt lat="59.4261" lon="24.656017">
        <ele>11.3</ele>
        <time>2026-08-23T11:23:40Z</time>
      </trkpt>
      <trkpt lat="59.426112" lon="24.655967">
        <ele>11.2</ele>
        <time>2026-08-23T11:23:41Z</time>
      </trkpt>
      <trkpt lat="59.426147" lon="24.655932">
        <ele>11.1</ele>
        <time>2026-08-23T11:23:42Z</time>
      </trkpt>
      <trkpt lat="59.426165" lon="24.65593">
        <ele>11.0</ele>
        <time>2026-08-23T11:23:43Z</time>
      </trkpt>
      <trkpt lat="59.426181" lon="24.655911">
        <ele>11.0</ele>
        <time>2026-08-23T11:23:44Z</time>
      </trkpt>
      <trkpt lat="59.426209" lon="24.655899">
        <ele>10.9</ele>
        <time>2026-08-23T11:23:45Z</time>
      </trkpt>
      <trkpt lat="59.426233" lon="24.655866">
        <ele>10.8</ele>
        <time>2026-08-23T11:23:46Z</time>
      </trkpt>
      <trkpt lat="59.426265" lon="24.655823">
        <ele>10.8</ele>
        <time>2026-08-23T11:23:47Z</time>
      </trkpt>
      <trkpt lat="59.426279" lon="24.655796">
        <ele>10.7</ele>
        <time>2026-08-23T11:23:48Z</time>
      </trkpt>
      <trkpt lat="59.426294" lon="24.655748">
        <ele>10.7</ele>
        <time>2026-08-23T11:23:49Z</time>
      </trkpt>
      <trkpt lat="59.426309" lon="24.655691">
        <ele>10.6</ele>
        <time>2026-08-23T11:23:50Z</time>
      </trkpt>
      <trkpt lat="59.426312" lon="24.655655">
        <ele>10.6</ele>
        <time>2026-08-23T11:23:51Z</time>
      </trkpt>
      <trkpt lat="59.426304" lon="24.655585">
        <ele>10.5</ele>
        <time>2026-08-23T11:23:52Z</time>
      </trkpt>
      <trkpt lat="59.426309" lon="24.655545">
        <ele>10.5</ele>
        <time>2026-08-23T11:23:53Z</time>
      </trkpt>
      <trkpt lat="59.426309" lon="24.655483">
        <ele>10.5</ele>
        <time>2026-08-23T11:23:54Z</time>
      </trkpt>
      <trkpt lat="59.426328" lon="24.655457">
        <ele>10.4</ele>
        <time>2026-08-23T11:23:55Z</time>
      </trkpt>
      <trkpt lat="59.426344" lon="24.655427">
        <ele>10.4</ele>
        <time>2026-08-23T11:23:56Z</time>
      </trkpt>
      <trkpt lat="59.426356" lon="24.655366">
        <ele>10.4</ele>
        <time>2026-08-23T11:23:57Z</time>
      </trkpt>
      <trkpt lat="59.426364" lon="24.655339">
        <ele>10.3</ele>
        <time>2026-08-23T11:23:58Z</time>
      </trkpt>
      <trkpt lat="59.426382" lon="24.655283">
        <ele>10.3</ele>
        <time>2026-08-23T11:23:59Z</time>
      </trkpt>
      <trkpt lat="59.426411" lon="24.655267">
        <ele>10.3</ele>
        <time>2026-08-23T11:24:00Z</time>
      </trkpt>
      <trkpt lat="59.42644" lon="24.655236">
        <ele>10.3</ele>
        <time>2026-08-23T11:24:01Z</time>
      </trkpt>
      <trkpt lat="59.426466" lon="24.655208">
        <ele>10.2</ele>
        <time>2026-08-23T11:24:02Z</time>
      </trkpt>
      <trkpt lat="59.426501" lon="24.655204">
        <ele>10.2</ele>
        <time>2026-08-23T11:24:03Z</time>
      </trkpt>
      <trkpt lat="59.426525" lon="24.655186">
        <ele>10.1</ele>
        <time>2026-08-23T11:24:04Z</time>
      </trkpt>
      <trkpt lat="59.426543" lon="24.655174">
        <ele>10.1</ele>
        <time>2026-08-23T11:24:05Z</time>
      </trkpt>
      <trkpt lat="59.426569" lon="24.655145">
        <ele>10.1</ele>
        <time>2026-08-23T11:24:06Z</time>
      </trkpt>
      <trkpt lat="59.426588" lon="24.65511">
        <ele>10.0</ele>
        <time>2026-08-23T11:24:07Z</time>
      </trkpt>
      <trkpt lat="59.426607" lon="24.6551">
        <ele>10.0</ele>
        <time>2026-08-23T11:24:08Z</time>
      </trkpt>
      <trkpt lat="59.426622" lon="24.655053">
        <ele>9.9</ele>
        <time>2026-08-23T11:24:09Z</time>
      </trkpt>
      <trkpt lat="59.426642" lon="24.655038">
        <ele>9.9</ele>
        <time>2026-08-23T11:24:10Z</time>
      </trkpt>
      <trkpt lat="59.426674" lon="24.655014">
        <ele>9.8</ele>
        <time>2026-08-23T11:24:11Z</time>
      </trkpt>
      <trkpt lat="59.426692" lon="24.655006">
        <ele>9.8</ele>
        <time>2026-08-23T11:24:12Z</time>
      </trkpt>
      <trkpt lat="59.426709" lon="24.654953">
        <ele>9.8</ele>
        <time>2026-08-23T11:24:13Z</time>
      </trkpt>
      <trkpt lat="59.426728" lon="24.654945">
        <ele>9.7</ele>
        <time>2026-08-23T11:24:14Z</time>
      </trkpt>
      <trkpt lat="59.426743" lon="24.654954">
        <ele>9.7</ele>
        <time>2026-08-23T11:24:15Z</time>
      </trkpt>
      <trkpt lat="59.426754" lon="24.654918">
        <ele>9.7</ele>
        <time>2026-08-23T11:24:16Z</time>
      </trkpt>
      <trkpt lat="59.426785" lon="24.654908">
        <ele>9.7</ele>
        <time>2026-08-23T11:24:17Z</time>
      </trkpt>
      <trkpt lat="59.426819" lon="24.65487">
        <ele>9.6</ele>
        <time>2026-08-23T11:24:18Z</time>
      </trkpt>
      <trkpt lat="59.426844" lon="24.654883">
        <ele>9.6</ele>
        <time>2026-08-23T11:24:19Z</time>
      </trkpt>
      <trkpt lat="59.426867" lon="24.654877">
        <ele>9.6</ele>
        <time>2026-08-23T11:24:20Z</time>
      </trkpt>
      <trkpt lat="59.426893" lon="24.654865">
        <ele>9.5</ele>
        <time>2026-08-23T11:24:21Z</time>
      </trkpt>
      <trkpt lat="59.426913" lon="24.654858">
        <ele>9.5</ele>
        <time>2026-08-23T11:24:22Z</time>
      </trkpt>
      <trkpt lat="59.42694" lon="24.654821">
        <ele>9.5</ele>
        <time>2026-08-23T11:24:23Z</time>
      </trkpt>
      <trkpt lat="59.42696" lon="24.654822">
        <ele>9.5</ele>
        <time>2026-08-23T11:24:24Z</time>
      </trkpt>
      <trkpt lat="59.426994" lon="24.654797">
        <ele>9.5</ele>
        <time>2026-08-23T11:24:25Z</time>
      </trkpt>
      <trkpt lat="59.427017" lon="24.654789">
        <ele>9.5</ele>
        <time>2026-08-23T11:24:26Z</time>
      </trkpt>
      <trkpt lat="59.42705" lon="24.654753">
        <ele>9.4</ele>
        <time>2026-08-23T11:24:27Z</time>
      </trkpt>
      <trkpt lat="59.427075" lon="24.654755">
        <ele>9.4</ele>
        <time>2026-08-23T11:24:28Z</time>
      </trkpt>
      <trkpt lat="59.427103" lon="24.654733">
        <ele>9.4</ele>
        <time>2026-08-23T11:24:29Z</time>
      </trkpt>
      <trkpt lat="59.427129" lon="24.654726">
        <ele>9.4</ele>
        <time>2026-08-23T11:24:30Z</time>
      </trkpt>
      <trkpt lat="59.427155" lon="24.654716">
        <ele>9.3</ele>
        <time>2026-08-23T11:24:31Z</time>
      </trkpt>
      <trkpt lat="59.427181" lon="24.654704">
        <ele>9.3</ele>
        <time>2026-08-23T11:24:32Z</time>
      </trkpt>
      <trkpt lat="59.427201" lon="24.654699">
        <ele>9.3</ele>
        <time>2026-08-23T11:24:33Z</time>
      </trkpt>
      <trkpt lat="59.427233" lon="24.654688">
        <ele>9.3</ele>
        <time>2026-08-23T11:24:34Z</time>
      </trkpt>
      <trkpt lat="59.427262" lon="24.654683">
        <ele>9.2</ele>
        <time>2026-08-23T11:24:35Z</time>
      </trkpt>
      <trkpt lat="59.427299" lon="24.654645">
        <ele>9.2</ele>
        <time>2026-08-23T11:24:36Z</time>
      </trkpt>
      <trkpt lat="59.427328" lon="24.654634">
        <ele>9.2</ele>
        <time>2026-08-23T11:24:37Z</time>
      </trkpt>
      <trkpt lat="59.427361" lon="24.654628">
        <ele>9.2</ele>
        <time>2026-08-23T11:24:38Z</time>
      </trkpt>
      <trkpt lat="59.427389" lon="24.654625">
        <ele>9.2</ele>
        <time>2026-08-23T11:24:39Z</time>
      </trkpt>
      <trkpt lat="59.427408" lon="24.654625">
        <ele>9.1</ele>
        <time>2026-08-23T11:24:40Z</time>
      </trkpt>
      <trkpt lat="59.427438" lon="24.6546">
        <ele>9.1</ele>
        <time>2026-08-23T11:24:41Z</time>
      </trkpt>
      <trkpt lat="59.427456" lon="24.654605">
        <ele>9.1</ele>
        <time>2026-08-23T11:24:42Z</time>
      </trkpt>
      <trkpt lat="59.427491" lon="24.654606">
        <ele>9.1</ele>
        <time>2026-08-23T11:24:43Z</time>
      </trkpt>
      <trkpt lat="59.427507" lon="24.654623">
        <ele>9.1</ele>
        <time>2026-08-23T11:24:44Z</time>
      </trkpt>
      <trkpt lat="59.42753" lon="24.654649">
        <ele>9.1</ele>
        <time>2026-08-23T11:24:45Z</time>
      </trkpt>
      <trkpt lat="59.427553" lon="24.654658">
        <ele>9.1</ele>
        <time>2026-08-23T11:24:46Z</time>
      </trkpt>
      <trkpt lat="59.427569" lon="24.654673">
        <ele>9.0</ele>
        <time>2026-08-23T11:24:47Z</time>
      </trkpt>
      <trkpt lat="59.427598" lon="24.654656">
        <ele>9.0</ele>
        <time>2026-08-23T11:24:48Z</time>
      </trkpt>
      <trkpt lat="59.427621" lon="24.654645">
        <ele>9.0</ele>
        <time>2026-08-23T11:24:49Z</time>
      </trkpt>
      <trkpt lat="59.427657" lon="24.654645">
        <ele>9.0</ele>
        <time>2026-08-23T11:24:50Z</time>
      </trkpt>
      <trkpt lat="59.42768" lon="24.654629">
        <ele>9.0</ele>
        <time>2026-08-23T11:24:51Z</time>
      </trkpt>
      <trkpt lat="59.427711" lon="24.654603">
        <ele>8.9</ele>
        <time>2026-08-23T11:24:52Z</time>
      </trkpt>
      <trkpt lat="59.427734" lon="24.654592">
        <ele>8.9</ele>
        <time>2026-08-23T11:24:53Z</time>
      </trkpt>
      <trkpt lat="59.427759" lon="24.654599">
        <ele>8.9</ele>
        <time>2026-08-23T11:24:54Z</time>
      </trkpt>
      <trkpt lat="59.427778" lon="24.654603">
        <ele>8.9</ele>
        <time>2026-08-23T11:24:55Z</time>
      </trkpt>
      <trkpt lat="59.4278" lon="24.654614">
        <ele>8.8</ele>
        <time>2026-08-23T11:24:56Z</time>
      </trkpt>
      <trkpt lat="59.427826" lon="24.654628">
        <ele>8.8</ele>
        <time>2026-08-23T11:24:57Z</time>
      </trkpt>
      <trkpt lat="59.427854" lon="24.654652">
        <ele>8.8</ele>
        <time>2026-08-23T11:24:58Z</time>
      </trkpt>
      <trkpt lat="59.427874" lon="24.654657">
        <ele>8.7</ele>
        <time>2026-08-23T11:24:59Z</time>
      </trkpt>
      <trkpt lat="59.427889" lon="24.654669">
        <ele>8.7</ele>
        <time>2026-08-23T11:25:00Z</time>
      </trkpt>
      <trkpt lat="59.427907" lon="24.654664">
        <ele>8.7</ele>
        <time>2026-08-23T11:25:01Z</time>
      </trkpt>
      <trkpt lat="59.427924" lon="24.654646">
        <ele>8.7</ele>
        <time>2026-08-23T11:25:02Z</time>
      </trkpt>
      <trkpt lat="59.427936" lon="24.654643">
        <ele>8.7</ele>
        <time>2026-08-23T11:25:03Z</time>
      </trkpt>
      <trkpt lat="59.427963" lon="24.654652">
        <ele>8.7</ele>
        <time>2026-08-23T11:25:04Z</time>
      </trkpt>
      <trkpt lat="59.427991" lon="24.654649">
        <ele>8.7</ele>
        <time>2026-08-23T11:25:05Z</time>
      </trkpt>
      <trkpt lat="59.428013" lon="24.654649">
        <ele>8.7</ele>
        <time>2026-08-23T11:25:06Z</time>
      </trkpt>
      <trkpt lat="59.428056" lon="24.654676">
        <ele>8.6</ele>
        <time>2026-08-23T11:25:07Z</time>
      </trkpt>
      <trkpt lat="59.428077" lon="24.654693">
        <ele>8.5</ele>
        <time>2026-08-23T11:25:08Z</time>
      </trkpt>
      <trkpt lat="59.428112" lon="24.654707">
        <ele>8.5</ele>
        <time>2026-08-23T11:25:09Z</time>
      </trkpt>
      <trkpt lat="59.428132" lon="24.654708">
        <ele>8.4</ele>
        <time>2026-08-23T11:25:10Z</time>
      </trkpt>
      <trkpt lat="59.428151" lon="24.654715">
        <ele>8.4</ele>
        <time>2026-08-23T11:25:11Z</time>
      </trkpt>
      <trkpt lat="59.428163" lon="24.654726">
        <ele>8.4</ele>
        <time>2026-08-23T11:25:12Z</time>
      </trkpt>
      <trkpt lat="59.428181" lon="24.654743">
        <ele>8.3</ele>
        <time>2026-08-23T11:25:13Z</time>
      </trkpt>
      <trkpt lat="59.428189" lon="24.654742">
        <ele>8.3</ele>
        <time>2026-08-23T11:25:14Z</time>
      </trkpt>
      <trkpt lat="59.428213" lon="24.65476">
        <ele>8.3</ele>
        <time>2026-08-23T11:25:15Z</time>
      </trkpt>
      <trkpt lat="59.428228" lon="24.654776">
        <ele>8.3</ele>
        <time>2026-08-23T11:25:16Z</time>
      </trkpt>
      <trkpt lat="59.428259" lon="24.6548">
        <ele>8.2</ele>
        <time>2026-08-23T11:25:17Z</time>
      </trkpt>
      <trkpt lat="59.428281" lon="24.6548">
        <ele>8.2</ele>
        <time>2026-08-23T11:25:18Z</time>
      </trkpt>
      <trkpt lat="59.428309" lon="24.654808">
        <ele>8.1</ele>
        <time>2026-08-23T11:25:19Z</time>
      </trkpt>
      <trkpt lat="59.428328" lon="24.654818">
        <ele>8.1</ele>
        <time>2026-08-23T11:25:20Z</time>
      </trkpt>
      <trkpt lat="59.428353" lon="24.654831">
        <ele>8.0</ele>
        <time>2026-08-23T11:25:21Z</time>
      </trkpt>
      <trkpt lat="59.428377" lon="24.654828">
        <ele>8.0</ele>
        <time>2026-08-23T11:25:22Z</time>
      </trkpt>
      <trkpt lat="59.428409" lon="24.65482">
        <ele>7.9</ele>
        <time>2026-08-23T11:25:23Z</time>
      </trkpt>
      <trkpt lat="59.428432" lon="24.654817">
        <ele>7.8</ele>
        <time>2026-08-23T11:25:24Z</time>
      </trkpt>
      <trkpt lat="59.428458" lon="24.654815">
        <ele>7.8</ele>
        <time>2026-08-23T11:25:25Z</time>
      </trkpt>
      <trkpt lat="59.428477" lon="24.654812">
        <ele>7.7</ele>
        <time>2026-08-23T11:25:26Z</time>
      </trkpt>
      <trkpt lat="59.4285" lon="24.654827">
        <ele>7.6</ele>
        <time>2026-08-23T11:25:27Z</time>
      </trkpt>
      <trkpt lat="59.428517" lon="24.654827">
        <ele>7.6</ele>
        <time>2026-08-23T11:25:28Z</time>
      </trkpt>
      <trkpt lat="59.428542" lon="24.654827">
        <ele>7.6</ele>
        <time>2026-08-23T11:25:29Z</time>
      </trkpt>
      <trkpt lat="59.428562" lon="24.654837">
        <ele>7.6</ele>
        <time>2026-08-23T11:25:30Z</time>
      </trkpt>
      <trkpt lat="59.428584" lon="24.654829">
        <ele>7.6</ele>
        <time>2026-08-23T11:25:31Z</time>
      </trkpt>
      <trkpt lat="59.428609" lon="24.654825">
        <ele>7.6</ele>
        <time>2026-08-23T11:25:32Z</time>
      </trkpt>
      <trkpt lat="59.428624" lon="24.654829">
        <ele>7.6</ele>
        <time>2026-08-23T11:25:33Z</time>
      </trkpt>
      <trkpt lat="59.428647" lon="24.654773">
        <ele>7.7</ele>
        <time>2026-08-23T11:25:34Z</time>
      </trkpt>
      <trkpt lat="59.428662" lon="24.654762">
        <ele>7.8</ele>
        <time>2026-08-23T11:25:35Z</time>
      </trkpt>
      <trkpt lat="59.428681" lon="24.654755">
        <ele>7.7</ele>
        <time>2026-08-23T11:25:36Z</time>
      </trkpt>
      <trkpt lat="59.428695" lon="24.654747">
        <ele>7.7</ele>
        <time>2026-08-23T11:25:37Z</time>
      </trkpt>
      <trkpt lat="59.42872" lon="24.654749">
        <ele>7.6</ele>
        <time>2026-08-23T11:25:38Z</time>
      </trkpt>
      <trkpt lat="59.428744" lon="24.654739">
        <ele>7.6</ele>
        <time>2026-08-23T11:25:39Z</time>
      </trkpt>
      <trkpt lat="59.428765" lon="24.654708">
        <ele>7.6</ele>
        <time>2026-08-23T11:25:40Z</time>
      </trkpt>
      <trkpt lat="59.428787" lon="24.654696">
        <ele>7.6</ele>
        <time>2026-08-23T11:25:41Z</time>
      </trkpt>
      <trkpt lat="59.428802" lon="24.654692">
        <ele>7.6</ele>
        <time>2026-08-23T11:25:42Z</time>
      </trkpt>
      <trkpt lat="59.428822" lon="24.654688">
        <ele>7.5</ele>
        <time>2026-08-23T11:25:43Z</time>
      </trkpt>
      <trkpt lat="59.428836" lon="24.654682">
        <ele>7.6</ele>
        <time>2026-08-23T11:25:44Z</time>
      </trkpt>
      <trkpt lat="59.428856" lon="24.654697">
        <ele>7.5</ele>
        <time>2026-08-23T11:25:45Z</time>
      </trkpt>
      <trkpt lat="59.428869" lon="24.654721">
        <ele>7.5</ele>
        <time>2026-08-23T11:25:46Z</time>
      </trkpt>
      <trkpt lat="59.428889" lon="24.654759">
        <ele>7.5</ele>
        <time>2026-08-23T11:25:47Z</time>
      </trkpt>
      <trkpt lat="59.428904" lon="24.654782">
        <ele>7.5</ele>
        <time>2026-08-23T11:25:48Z</time>
      </trkpt>
      <trkpt lat="59.428913" lon="24.654798">
        <ele>7.5</ele>
        <time>2026-08-23T11:25:49Z</time>
      </trkpt>
      <trkpt lat="59.428926" lon="24.654823">
        <ele>7.4</ele>
        <time>2026-08-23T11:25:50Z</time>
      </trkpt>
      <trkpt lat="59.428939" lon="24.654852">
        <ele>7.4</ele>
        <time>2026-08-23T11:25:51Z</time>
      </trkpt>
      <trkpt lat="59.428954" lon="24.654868">
        <ele>7.4</ele>
        <time>2026-08-23T11:25:52Z</time>
      </trkpt>
      <trkpt lat="59.428971" lon="24.654881">
        <ele>7.4</ele>
        <time>2026-08-23T11:25:53Z</time>
      </trkpt>
      <trkpt lat="59.428987" lon="24.65489">
        <ele>7.4</ele>
        <time>2026-08-23T11:25:54Z</time>
      </trkpt>
      <trkpt lat="59.429" lon="24.654901">
        <ele>7.4</ele>
        <time>2026-08-23T11:25:55Z</time>
      </trkpt>
      <trkpt lat="59.42901" lon="24.654924">
        <ele>7.4</ele>
        <time>2026-08-23T11:25:56Z</time>
      </trkpt>
      <trkpt lat="59.42902" lon="24.654947">
        <ele>7.3</ele>
        <time>2026-08-23T11:25:57Z</time>
      </trkpt>
      <trkpt lat="59.429033" lon="24.654967">
        <ele>7.3</ele>
        <time>2026-08-23T11:25:58Z</time>
      </trkpt>
      <trkpt lat="59.429041" lon="24.654986">
        <ele>7.3</ele>
        <time>2026-08-23T11:25:59Z</time>
      </trkpt>
      <trkpt lat="59.429058" lon="24.655001">
        <ele>7.3</ele>
        <time>2026-08-23T11:26:00Z</time>
      </trkpt>
      <trkpt lat="59.429074" lon="24.655008">
        <ele>7.3</ele>
        <time>2026-08-23T11:26:01Z</time>
      </trkpt>
      <trkpt lat="59.429088" lon="24.655022">
        <ele>7.3</ele>
        <time>2026-08-23T11:26:02Z</time>
      </trkpt>
      <trkpt lat="59.429097" lon="24.655033">
        <ele>7.3</ele>
        <time>2026-08-23T11:26:03Z</time>
      </trkpt>
      <trkpt lat="59.429119" lon="24.655029">
        <ele>7.2</ele>
        <time>2026-08-23T11:26:04Z</time>
      </trkpt>
      <trkpt lat="59.429137" lon="24.655031">
        <ele>7.2</ele>
        <time>2026-08-23T11:26:05Z</time>
      </trkpt>
      <trkpt lat="59.429154" lon="24.655026">
        <ele>7.2</ele>
        <time>2026-08-23T11:26:06Z</time>
      </trkpt>
      <trkpt lat="59.429172" lon="24.65501">
        <ele>7.2</ele>
        <time>2026-08-23T11:26:07Z</time>
      </trkpt>
      <trkpt lat="59.429187" lon="24.655007">
        <ele>7.2</ele>
        <time>2026-08-23T11:26:08Z</time>
      </trkpt>
      <trkpt lat="59.429201" lon="24.655023">
        <ele>7.2</ele>
        <time>2026-08-23T11:26:09Z</time>
      </trkpt>
      <trkpt lat="59.429211" lon="24.655025">
        <ele>7.2</ele>
        <time>2026-08-23T11:26:10Z</time>
      </trkpt>
      <trkpt lat="59.429219" lon="24.65502">
        <ele>7.1</ele>
        <time>2026-08-23T11:26:11Z</time>
      </trkpt>
      <trkpt lat="59.429226" lon="24.655026">
        <ele>7.1</ele>
        <time>2026-08-23T11:26:12Z</time>
      </trkpt>
      <trkpt lat="59.42922" lon="24.655039">
        <ele>7.1</ele>
        <time>2026-08-23T11:26:13Z</time>
      </trkpt>
      <trkpt lat="59.42922" lon="24.655039">
        <ele>7.1</ele>
        <time>2026-08-23T11:26:16Z</time>
      </trkpt>
      <trkpt lat="59.429188" lon="24.655055">
        <ele>7.1</ele>
        <time>2026-08-23T11:26:17Z</time>
      </trkpt>
      <trkpt lat="59.429172" lon="24.655063">
        <ele>7.1</ele>
        <time>2026-08-23T11:26:18Z</time>
      </trkpt>
      <trkpt lat="59.429166" lon="24.655084">
        <ele>7.1</ele>
        <time>2026-08-23T11:26:19Z</time>
      </trkpt>
      <trkpt lat="59.429163" lon="24.6551">
        <ele>7.1</ele>
        <time>2026-08-23T11:26:20Z</time>
      </trkpt>
      <trkpt lat="59.429169" lon="24.655092">
        <ele>7.1</ele>
        <time>2026-08-23T11:26:21Z</time>
      </trkpt>
      <trkpt lat="59.429177" lon="24.655107">
        <ele>7.1</ele>
        <time>2026-08-23T11:26:22Z</time>
      </trkpt>
      <trkpt lat="59.429185" lon="24.655115">
        <ele>7.1</ele>
        <time>2026-08-23T11:26:23Z</time>
      </trkpt>
      <trkpt lat="59.429187" lon="24.655125">
        <ele>7.1</ele>
        <time>2026-08-23T11:26:24Z</time>
      </trkpt>
      <trkpt lat="59.429195" lon="24.65513">
        <ele>7.1</ele>
        <time>2026-08-23T11:26:25Z</time>
      </trkpt>
      <trkpt lat="59.429196" lon="24.655127">
        <ele>7.1</ele>
        <time>2026-08-23T11:26:26Z</time>
      </trkpt>
      <trkpt lat="59.429196" lon="24.655127">
        <ele>7.1</ele>
        <time>2026-08-23T11:26:27Z</time>
      </trkpt>
      <trkpt lat="59.429195" lon="24.655119">
        <ele>7.1</ele>
        <time>2026-08-23T11:26:28Z</time>
      </trkpt>
      <trkpt lat="59.429188" lon="24.655126">
        <ele>7.1</ele>
        <time>2026-08-23T11:26:29Z</time>
      </trkpt>
      <trkpt lat="59.429184" lon="24.655127">
        <ele>7.1</ele>
        <time>2026-08-23T11:26:30Z</time>
      </trkpt>
      <trkpt lat="59.429184" lon="24.655125">
        <ele>7.1</ele>
        <time>2026-08-23T11:26:31Z</time>
      </trkpt>
      <trkpt lat="59.429184" lon="24.655125">
        <ele>7.1</ele>
        <time>2026-08-23T11:26:32Z</time>
      </trkpt>
      <trkpt lat="59.429184" lon="24.655125">
        <ele>7.1</ele>
        <time>2026-08-23T11:26:33Z</time>
      </trkpt>
      <trkpt lat="59.429184" lon="24.655125">
        <ele>7.1</ele>
        <time>2026-08-23T11:26:34Z</time>
      </trkpt>
      <trkpt lat="59.429181" lon="24.655111">
        <ele>7.1</ele>
        <time>2026-08-23T11:26:35Z</time>
      </trkpt>
      <trkpt lat="59.429184" lon="24.655106">
        <ele>7.1</ele>
        <time>2026-08-23T11:26:36Z</time>
      </trkpt>
      <trkpt lat="59.429182" lon="24.655101">
        <ele>7.1</ele>
        <time>2026-08-23T11:26:37Z</time>
      </trkpt>
      <trkpt lat="59.429183" lon="24.6551">
        <ele>7.1</ele>
        <time>2026-08-23T11:26:38Z</time>
      </trkpt>
      <trkpt lat="59.429181" lon="24.655089">
        <ele>7.1</ele>
        <time>2026-08-23T11:26:39Z</time>
      </trkpt>
      <trkpt lat="59.429182" lon="24.655077">
        <ele>7.1</ele>
        <time>2026-08-23T11:26:40Z</time>
      </trkpt>
      <trkpt lat="59.429185" lon="24.655067">
        <ele>7.1</ele>
        <time>2026-08-23T11:26:41Z</time>
      </trkpt>
      <trkpt lat="59.429185" lon="24.655067">
        <ele>7.1</ele>
        <time>2026-08-23T11:26:42Z</time>
      </trkpt>
      <trkpt lat="59.429185" lon="24.655067">
        <ele>7.1</ele>
        <time>2026-08-23T11:26:43Z</time>
      </trkpt>
      <trkpt lat="59.429185" lon="24.655067">
        <ele>7.1</ele>
        <time>2026-08-23T11:26:44Z</time>
      </trkpt>
      <trkpt lat="59.429185" lon="24.655067">
        <ele>7.1</ele>
        <time>2026-08-23T11:26:45Z</time>
      </trkpt>
      <trkpt lat="59.429188" lon="24.655088">
        <ele>7.1</ele>
        <time>2026-08-23T11:26:46Z</time>
      </trkpt>
      <trkpt lat="59.429188" lon="24.655087">
        <ele>7.1</ele>
        <time>2026-08-23T11:26:47Z</time>
      </trkpt>
      <trkpt lat="59.429188" lon="24.655087">
        <ele>7.1</ele>
        <time>2026-08-23T11:26:48Z</time>
      </trkpt>
      <trkpt lat="59.429188" lon="24.655087">
        <ele>7.1</ele>
        <time>2026-08-23T11:26:49Z</time>
      </trkpt>
      <trkpt lat="59.429188" lon="24.655087">
        <ele>7.1</ele>
        <time>2026-08-23T11:26:50Z</time>
      </trkpt>
      <trkpt lat="59.429188" lon="24.655087">
        <ele>7.1</ele>
        <time>2026-08-23T11:26:51Z</time>
      </trkpt>
      <trkpt lat="59.429188" lon="24.655087">
        <ele>7.1</ele>
        <time>2026-08-23T11:26:52Z</time>
      </trkpt>
      <trkpt lat="59.429188" lon="24.655087">
        <ele>7.1</ele>
        <time>2026-08-23T11:26:53Z</time>
      </trkpt>
      <trkpt lat="59.429188" lon="24.655087">
        <ele>7.1</ele>
        <time>2026-08-23T11:26:54Z</time>
      </trkpt>
      <trkpt lat="59.429188" lon="24.655087">
        <ele>7.1</ele>
        <time>2026-08-23T11:26:55Z</time>
      </trkpt>
      <trkpt lat="59.429188" lon="24.655087">
        <ele>7.1</ele>
        <time>2026-08-23T11:26:56Z</time>
      </trkpt>
      <trkpt lat="59.429188" lon="24.655087">
        <ele>7.1</ele>
        <time>2026-08-23T11:26:57Z</time>
      </trkpt>
      <trkpt lat="59.429181" lon="24.655084">
        <ele>7.1</ele>
        <time>2026-08-23T11:26:58Z</time>
      </trkpt>
      <trkpt lat="59.429184" lon="24.655087">
        <ele>7.0</ele>
        <time>2026-08-23T11:26:59Z</time>
      </trkpt>
      <trkpt lat="59.429187" lon="24.655078">
        <ele>7.0</ele>
        <time>2026-08-23T11:27:00Z</time>
      </trkpt>
      <trkpt lat="59.429188" lon="24.655075">
        <ele>7.0</ele>
        <time>2026-08-23T11:27:01Z</time>
      </trkpt>
      <trkpt lat="59.42919" lon="24.65507">
        <ele>7.0</ele>
        <time>2026-08-23T11:27:02Z</time>
      </trkpt>
      <trkpt lat="59.429188" lon="24.655077">
        <ele>7.0</ele>
        <time>2026-08-23T11:27:03Z</time>
      </trkpt>
      <trkpt lat="59.429189" lon="24.655078">
        <ele>7.0</ele>
        <time>2026-08-23T11:27:04Z</time>
      </trkpt>
      <trkpt lat="59.429192" lon="24.65509">
        <ele>7.0</ele>
        <time>2026-08-23T11:27:05Z</time>
      </trkpt>
      <trkpt lat="59.429201" lon="24.655093">
        <ele>7.0</ele>
        <time>2026-08-23T11:27:06Z</time>
      </trkpt>
      <trkpt lat="59.429205" lon="24.655097">
        <ele>7.0</ele>
        <time>2026-08-23T11:27:07Z</time>
      </trkpt>
      <trkpt lat="59.429205" lon="24.655094">
        <ele>7.0</ele>
        <time>2026-08-23T11:27:08Z</time>
      </trkpt>
      <trkpt lat="59.429203" lon="24.65509">
        <ele>7.0</ele>
        <time>2026-08-23T11:27:09Z</time>
      </trkpt>
      <trkpt lat="59.429204" lon="24.655092">
        <ele>7.0</ele>
        <time>2026-08-23T11:27:10Z</time>
      </trkpt>
      <trkpt lat="59.429204" lon="24.655095">
        <ele>7.0</ele>
        <time>2026-08-23T11:27:11Z</time>
      </trkpt>
      <trkpt lat="59.429204" lon="24.655095">
        <ele>7.0</ele>
        <time>2026-08-23T11:27:12Z</time>
      </trkpt>
      <trkpt lat="59.429214" lon="24.655076">
        <ele>7.0</ele>
        <time>2026-08-23T11:27:13Z</time>
      </trkpt>
      <trkpt lat="59.429214" lon="24.655076">
        <ele>7.0</ele>
        <time>2026-08-23T11:27:14Z</time>
      </trkpt>
      <trkpt lat="59.429217" lon="24.65509">
        <ele>7.0</ele>
        <time>2026-08-23T11:27:15Z</time>
      </trkpt>
      <trkpt lat="59.429215" lon="24.655094">
        <ele>7.0</ele>
        <time>2026-08-23T11:27:16Z</time>
      </trkpt>
      <trkpt lat="59.429209" lon="24.655103">
        <ele>7.0</ele>
        <time>2026-08-23T11:27:17Z</time>
      </trkpt>
      <trkpt lat="59.429209" lon="24.655103">
        <ele>7.0</ele>
        <time>2026-08-23T11:27:18Z</time>
      </trkpt>
      <trkpt lat="59.429214" lon="24.655102">
        <ele>7.0</ele>
        <time>2026-08-23T11:27:19Z</time>
      </trkpt>
      <trkpt lat="59.429207" lon="24.655104">
        <ele>7.0</ele>
        <time>2026-08-23T11:27:20Z</time>
      </trkpt>
      <trkpt lat="59.429197" lon="24.655109">
        <ele>7.0</ele>
        <time>2026-08-23T11:27:21Z</time>
      </trkpt>
      <trkpt lat="59.429197" lon="24.655109">
        <ele>7.0</ele>
        <time>2026-08-23T11:27:22Z</time>
      </trkpt>
      <trkpt lat="59.429197" lon="24.655109">
        <ele>7.0</ele>
        <time>2026-08-23T11:27:23Z</time>
      </trkpt>
      <trkpt lat="59.429197" lon="24.655109">
        <ele>7.0</ele>
        <time>2026-08-23T11:27:24Z</time>
      </trkpt>
      <trkpt lat="59.429197" lon="24.655109">
        <ele>7.0</ele>
        <time>2026-08-23T11:27:25Z</time>
      </trkpt>
      <trkpt lat="59.429197" lon="24.655109">
        <ele>7.0</ele>
        <time>2026-08-23T11:27:26Z</time>
      </trkpt>
      <trkpt lat="59.429197" lon="24.655109">
        <ele>7.0</ele>
        <time>2026-08-23T11:27:27Z</time>
      </trkpt>
      <trkpt lat="59.429197" lon="24.655109">
        <ele>7.0</ele>
        <time>2026-08-23T11:27:28Z</time>
      </trkpt>
      <trkpt lat="59.429197" lon="24.655109">
        <ele>7.0</ele>
        <time>2026-08-23T11:27:29Z</time>
      </trkpt>
      <trkpt lat="59.429197" lon="24.655109">
        <ele>7.0</ele>
        <time>2026-08-23T11:27:30Z</time>
      </trkpt>
      <trkpt lat="59.429197" lon="24.655109">
        <ele>7.0</ele>
        <time>2026-08-23T11:27:31Z</time>
      </trkpt>
      <trkpt lat="59.429197" lon="24.655109">
        <ele>7.0</ele>
        <time>2026-08-23T11:27:32Z</time>
      </trkpt>
      <trkpt lat="59.429197" lon="24.655109">
        <ele>7.0</ele>
        <time>2026-08-23T11:27:33Z</time>
      </trkpt>
      <trkpt lat="59.429196" lon="24.655144">
        <ele>7.0</ele>
        <time>2026-08-23T11:27:34Z</time>
      </trkpt>
      <trkpt lat="59.429191" lon="24.655126">
        <ele>7.0</ele>
        <time>2026-08-23T11:27:35Z</time>
      </trkpt>
      <trkpt lat="59.429195" lon="24.655109">
        <ele>7.0</ele>
        <time>2026-08-23T11:27:36Z</time>
      </trkpt>
      <trkpt lat="59.429191" lon="24.655103">
        <ele>7.0</ele>
        <time>2026-08-23T11:27:37Z</time>
      </trkpt>
      <trkpt lat="59.429196" lon="24.655101">
        <ele>7.0</ele>
        <time>2026-08-23T11:27:38Z</time>
      </trkpt>
      <trkpt lat="59.429188" lon="24.655079">
        <ele>7.0</ele>
        <time>2026-08-23T11:27:39Z</time>
      </trkpt>
      <trkpt lat="59.429179" lon="24.655065">
        <ele>7.0</ele>
        <time>2026-08-23T11:27:40Z</time>
      </trkpt>
      <trkpt lat="59.42917" lon="24.655062">
        <ele>7.0</ele>
        <time>2026-08-23T11:27:41Z</time>
      </trkpt>
      <trkpt lat="59.429169" lon="24.655064">
        <ele>7.0</ele>
        <time>2026-08-23T11:27:42Z</time>
      </trkpt>
      <trkpt lat="59.429169" lon="24.655086">
        <ele>7.0</ele>
        <time>2026-08-23T11:27:43Z</time>
      </trkpt>
      <trkpt lat="59.429169" lon="24.655087">
        <ele>7.0</ele>
        <time>2026-08-23T11:27:44Z</time>
      </trkpt>
      <trkpt lat="59.429169" lon="24.655087">
        <ele>7.0</ele>
        <time>2026-08-23T11:27:45Z</time>
      </trkpt>
      <trkpt lat="59.429169" lon="24.655087">
        <ele>7.0</ele>
        <time>2026-08-23T11:27:46Z</time>
      </trkpt>
      <trkpt lat="59.429184" lon="24.6551">
        <ele>7.0</ele>
        <time>2026-08-23T11:27:47Z</time>
      </trkpt>
      <trkpt lat="59.429191" lon="24.655099">
        <ele>7.0</ele>
        <time>2026-08-23T11:27:48Z</time>
      </trkpt>
      <trkpt lat="59.429192" lon="24.655102">
        <ele>7.0</ele>
        <time>2026-08-23T11:27:49Z</time>
      </trkpt>
      <trkpt lat="59.429192" lon="24.655102">
        <ele>7.0</ele>
        <time>2026-08-23T11:27:50Z</time>
      </trkpt>
      <trkpt lat="59.429192" lon="24.655102">
        <ele>7.0</ele>
        <time>2026-08-23T11:27:51Z</time>
      </trkpt>
      <trkpt lat="59.429192" lon="24.655102">
        <ele>7.0</ele>
        <time>2026-08-23T11:27:52Z</time>
      </trkpt>
      <trkpt lat="59.429194" lon="24.655083">
        <ele>7.0</ele>
        <time>2026-08-23T11:27:53Z</time>
      </trkpt>
      <trkpt lat="59.429194" lon="24.655075">
        <ele>7.0</ele>
        <time>2026-08-23T11:27:54Z</time>
      </trkpt>
      <trkpt lat="59.429194" lon="24.655075">
        <ele>7.0</ele>
        <time>2026-08-23T11:27:55Z</time>
      </trkpt>
      <trkpt lat="59.429193" lon="24.655061">
        <ele>7.0</ele>
        <time>2026-08-23T11:27:56Z</time>
      </trkpt>
      <trkpt lat="59.42919" lon="24.655067">
        <ele>7.0</ele>
        <time>2026-08-23T11:27:57Z</time>
      </trkpt>
      <trkpt lat="59.429193" lon="24.655064">
        <ele>7.0</ele>
        <time>2026-08-23T11:27:58Z</time>
      </trkpt>
      <trkpt lat="59.429193" lon="24.655064">
        <ele>7.0</ele>
        <time>2026-08-23T11:27:59Z</time>
      </trkpt>
      <trkpt lat="59.429201" lon="24.65506">
        <ele>7.0</ele>
        <time>2026-08-23T11:28:00Z</time>
      </trkpt>
      <trkpt lat="59.429201" lon="24.655063">
        <ele>7.0</ele>
        <time>2026-08-23T11:28:01Z</time>
      </trkpt>
      <trkpt lat="59.429201" lon="24.655063">
        <ele>7.0</ele>
        <time>2026-08-23T11:28:02Z</time>
      </trkpt>
      <trkpt lat="59.429196" lon="24.655053">
        <ele>7.0</ele>
        <time>2026-08-23T11:28:03Z</time>
      </trkpt>
      <trkpt lat="59.42919" lon="24.655052">
        <ele>7.0</ele>
        <time>2026-08-23T11:28:04Z</time>
      </trkpt>
      <trkpt lat="59.42919" lon="24.655052">
        <ele>7.0</ele>
        <time>2026-08-23T11:28:05Z</time>
      </trkpt>
      <trkpt lat="59.429186" lon="24.655044">
        <ele>7.0</ele>
        <time>2026-08-23T11:28:06Z</time>
      </trkpt>
      <trkpt lat="59.429185" lon="24.65504">
        <ele>7.0</ele>
        <time>2026-08-23T11:28:07Z</time>
      </trkpt>
      <trkpt lat="59.429182" lon="24.655044">
        <ele>7.0</ele>
        <time>2026-08-23T11:28:08Z</time>
      </trkpt>
      <trkpt lat="59.42918" lon="24.655048">
        <ele>7.0</ele>
        <time>2026-08-23T11:28:09Z</time>
      </trkpt>
      <trkpt lat="59.429177" lon="24.655049">
        <ele>7.0</ele>
        <time>2026-08-23T11:28:10Z</time>
      </trkpt>
      <trkpt lat="59.429171" lon="24.655046">
        <ele>7.0</ele>
        <time>2026-08-23T11:28:11Z</time>
      </trkpt>
      <trkpt lat="59.429167" lon="24.655047">
        <ele>7.0</ele>
        <time>2026-08-23T11:28:12Z</time>
      </trkpt>
      <trkpt lat="59.429166" lon="24.655047">
        <ele>7.0</ele>
        <time>2026-08-23T11:28:13Z</time>
      </trkpt>
      <trkpt lat="59.429167" lon="24.655048">
        <ele>7.0</ele>
        <time>2026-08-23T11:28:14Z</time>
      </trkpt>
      <trkpt lat="59.429167" lon="24.655048">
        <ele>7.0</ele>
        <time>2026-08-23T11:28:15Z</time>
      </trkpt>
      <trkpt lat="59.429165" lon="24.655033">
        <ele>7.0</ele>
        <time>2026-08-23T11:28:16Z</time>
      </trkpt>
      <trkpt lat="59.429163" lon="24.655026">
        <ele>7.0</ele>
        <time>2026-08-23T11:28:17Z</time>
      </trkpt>
      <trkpt lat="59.429163" lon="24.655026">
        <ele>7.0</ele>
        <time>2026-08-23T11:28:18Z</time>
      </trkpt>
      <trkpt lat="59.429159" lon="24.655028">
        <ele>7.0</ele>
        <time>2026-08-23T11:28:19Z</time>
      </trkpt>
      <trkpt lat="59.429159" lon="24.655028">
        <ele>7.0</ele>
        <time>2026-08-23T11:28:20Z</time>
      </trkpt>
      <trkpt lat="59.429157" lon="24.655041">
        <ele>7.0</ele>
        <time>2026-08-23T11:28:21Z</time>
      </trkpt>
      <trkpt lat="59.429157" lon="24.655042">
        <ele>7.0</ele>
        <time>2026-08-23T11:28:22Z</time>
      </trkpt>
      <trkpt lat="59.429157" lon="24.655042">
        <ele>7.0</ele>
        <time>2026-08-23T11:28:23Z</time>
      </trkpt>
      <trkpt lat="59.429157" lon="24.655042">
        <ele>7.0</ele>
        <time>2026-08-23T11:28:24Z</time>
      </trkpt>
      <trkpt lat="59.429166" lon="24.655043">
        <ele>7.0</ele>
        <time>2026-08-23T11:28:25Z</time>
      </trkpt>
      <trkpt lat="59.429168" lon="24.655051">
        <ele>7.0</ele>
        <time>2026-08-23T11:28:26Z</time>
      </trkpt>
      <trkpt lat="59.429171" lon="24.655065">
        <ele>7.0</ele>
        <time>2026-08-23T11:28:27Z</time>
      </trkpt>
      <trkpt lat="59.429171" lon="24.655064">
        <ele>7.0</ele>
        <time>2026-08-23T11:28:28Z</time>
      </trkpt>
      <trkpt lat="59.42917" lon="24.655067">
        <ele>7.0</ele>
        <time>2026-08-23T11:28:29Z</time>
      </trkpt>
      <trkpt lat="59.42917" lon="24.655067">
        <ele>7.0</ele>
        <time>2026-08-23T11:28:30Z</time>
      </trkpt>
      <trkpt lat="59.42917" lon="24.655067">
        <ele>7.0</ele>
        <time>2026-08-23T11:28:31Z</time>
      </trkpt>
      <trkpt lat="59.429171" lon="24.65507">
        <ele>7.0</ele>
        <time>2026-08-23T11:28:32Z</time>
      </trkpt>
      <trkpt lat="59.429171" lon="24.65507">
        <ele>7.0</ele>
        <time>2026-08-23T11:28:33Z</time>
      </trkpt>
      <trkpt lat="59.429172" lon="24.655072">
        <ele>7.0</ele>
        <time>2026-08-23T11:28:34Z</time>
      </trkpt>
      <trkpt lat="59.429165" lon="24.655065">
        <ele>7.0</ele>
        <time>2026-08-23T11:28:35Z</time>
      </trkpt>
      <trkpt lat="59.429169" lon="24.655075">
        <ele>7.0</ele>
        <time>2026-08-23T11:28:36Z</time>
      </trkpt>
      <trkpt lat="59.429173" lon="24.655089">
        <ele>7.0</ele>
        <time>2026-08-23T11:28:37Z</time>
      </trkpt>
      <trkpt lat="59.429171" lon="24.655094">
        <ele>7.0</ele>
        <time>2026-08-23T11:28:38Z</time>
      </trkpt>
      <trkpt lat="59.429168" lon="24.655093">
        <ele>7.0</ele>
        <time>2026-08-23T11:28:39Z</time>
      </trkpt>
      <trkpt lat="59.429166" lon="24.65509">
        <ele>7.0</ele>
        <time>2026-08-23T11:28:40Z</time>
      </trkpt>
      <trkpt lat="59.429162" lon="24.655084">
        <ele>7.0</ele>
        <time>2026-08-23T11:28:41Z</time>
      </trkpt>
      <trkpt lat="59.429162" lon="24.655075">
        <ele>7.0</ele>
        <time>2026-08-23T11:28:42Z</time>
      </trkpt>
      <trkpt lat="59.429161" lon="24.655075">
        <ele>7.0</ele>
        <time>2026-08-23T11:28:43Z</time>
      </trkpt>
      <trkpt lat="59.429152" lon="24.655074">
        <ele>7.0</ele>
        <time>2026-08-23T11:28:44Z</time>
      </trkpt>
      <trkpt lat="59.429152" lon="24.655074">
        <ele>7.0</ele>
        <time>2026-08-23T11:28:45Z</time>
      </trkpt>
      <trkpt lat="59.429152" lon="24.655074">
        <ele>7.0</ele>
        <time>2026-08-23T11:28:46Z</time>
      </trkpt>
      <trkpt lat="59.429152" lon="24.655074">
        <ele>7.0</ele>
        <time>2026-08-23T11:28:47Z</time>
      </trkpt>
      <trkpt lat="59.429145" lon="24.655072">
        <ele>7.0</ele>
        <time>2026-08-23T11:28:48Z</time>
      </trkpt>
      <trkpt lat="59.429147" lon="24.655074">
        <ele>7.0</ele>
        <time>2026-08-23T11:28:49Z</time>
      </trkpt>
      <trkpt lat="59.429147" lon="24.655074">
        <ele>7.0</ele>
        <time>2026-08-23T11:28:50Z</time>
      </trkpt>
      <trkpt lat="59.429147" lon="24.655074">
        <ele>7.0</ele>
        <time>2026-08-23T11:28:51Z</time>
      </trkpt>
      <trkpt lat="59.429155" lon="24.655073">
        <ele>7.0</ele>
        <time>2026-08-23T11:28:52Z</time>
      </trkpt>
      <trkpt lat="59.429155" lon="24.655074">
        <ele>7.0</ele>
        <time>2026-08-23T11:28:53Z</time>
      </trkpt>
      <trkpt lat="59.429155" lon="24.655074">
        <ele>7.0</ele>
        <time>2026-08-23T11:28:54Z</time>
      </trkpt>
      <trkpt lat="59.429155" lon="24.655074">
        <ele>7.0</ele>
        <time>2026-08-23T11:28:55Z</time>
      </trkpt>
      <trkpt lat="59.429155" lon="24.655074">
        <ele>7.0</ele>
        <time>2026-08-23T11:28:56Z</time>
      </trkpt>
      <trkpt lat="59.429155" lon="24.655074">
        <ele>7.0</ele>
        <time>2026-08-23T11:28:57Z</time>
      </trkpt>
      <trkpt lat="59.429155" lon="24.655074">
        <ele>7.0</ele>
        <time>2026-08-23T11:28:58Z</time>
      </trkpt>
      <trkpt lat="59.429155" lon="24.655074">
        <ele>7.0</ele>
        <time>2026-08-23T11:28:59Z</time>
      </trkpt>
      <trkpt lat="59.429155" lon="24.655074">
        <ele>7.0</ele>
        <time>2026-08-23T11:29:00Z</time>
      </trkpt>
      <trkpt lat="59.429155" lon="24.655074">
        <ele>7.0</ele>
        <time>2026-08-23T11:29:03Z</time>
      </trkpt>
      <trkpt lat="59.429155" lon="24.655074">
        <ele>7.0</ele>
        <time>2026-08-23T11:29:07Z</time>
      </trkpt>
      <trkpt lat="59.429155" lon="24.655074">
        <ele>7.0</ele>
        <time>2026-08-23T11:29:09Z</time>
      </trkpt>
      <trkpt lat="59.429155" lon="24.655074">
        <ele>7.0</ele>
        <time>2026-08-23T11:29:14Z</time>
      </trkpt>
      <trkpt lat="59.429155" lon="24.655074">
        <ele>7.0</ele>
        <time>2026-08-23T11:29:20Z</time>
      </trkpt>
      <trkpt lat="59.429155" lon="24.655074">
        <ele>7.0</ele>
        <time>2026-08-23T11:29:28Z</time>
      </trkpt>
      <trkpt lat="59.429155" lon="24.655074">
        <ele>7.0</ele>
        <time>2026-08-23T11:29:33Z</time>
      </trkpt>
      <trkpt lat="59.429155" lon="24.655074">
        <ele>7.0</ele>
        <time>2026-08-23T11:29:37Z</time>
      </trkpt>
      <trkpt lat="59.429155" lon="24.655074">
        <ele>7.0</ele>
        <time>2026-08-23T11:29:43Z</time>
      </trkpt>
      <trkpt lat="59.429135" lon="24.655079">
        <ele>7.0</ele>
        <time>2026-08-23T11:29:46Z</time>
      </trkpt>
      <trkpt lat="59.429142" lon="24.655102">
        <ele>7.0</ele>
        <time>2026-08-23T11:29:47Z</time>
      </trkpt>
      <trkpt lat="59.429143" lon="24.655101">
        <ele>7.0</ele>
        <time>2026-08-23T11:29:48Z</time>
      </trkpt>
      <trkpt lat="59.429154" lon="24.655077">
        <ele>7.0</ele>
        <time>2026-08-23T11:29:49Z</time>
      </trkpt>
      <trkpt lat="59.42916" lon="24.655066">
        <ele>7.0</ele>
        <time>2026-08-23T11:29:50Z</time>
      </trkpt>
      <trkpt lat="59.429162" lon="24.65506">
        <ele>7.0</ele>
        <time>2026-08-23T11:29:51Z</time>
      </trkpt>
      <trkpt lat="59.429164" lon="24.65506">
        <ele>7.0</ele>
        <time>2026-08-23T11:29:52Z</time>
      </trkpt>
      <trkpt lat="59.429164" lon="24.655059">
        <ele>7.0</ele>
        <time>2026-08-23T11:29:53Z</time>
      </trkpt>
      <trkpt lat="59.429164" lon="24.655056">
        <ele>7.0</ele>
        <time>2026-08-23T11:29:54Z</time>
      </trkpt>
      <trkpt lat="59.429164" lon="24.655056">
        <ele>7.0</ele>
        <time>2026-08-23T11:29:55Z</time>
      </trkpt>
      <trkpt lat="59.429164" lon="24.655056">
        <ele>7.0</ele>
        <time>2026-08-23T11:29:56Z</time>
      </trkpt>
      <trkpt lat="59.429164" lon="24.655056">
        <ele>7.0</ele>
        <time>2026-08-23T11:29:57Z</time>
      </trkpt>
      <trkpt lat="59.429164" lon="24.655056">
        <ele>7.0</ele>
        <time>2026-08-23T11:29:58Z</time>
      </trkpt>
      <trkpt lat="59.429164" lon="24.655056">
        <ele>7.0</ele>
        <time>2026-08-23T11:29:59Z</time>
      </trkpt>
      <trkpt lat="59.429164" lon="24.655056">
        <ele>7.0</ele>
        <time>2026-08-23T11:30:00Z</time>
      </trkpt>
      <trkpt lat="59.429164" lon="24.655056">
        <ele>7.0</ele>
        <time>2026-08-23T11:30:01Z</time>
      </trkpt>
      <trkpt lat="59.429164" lon="24.655056">
        <ele>7.0</ele>
        <time>2026-08-23T11:30:02Z</time>
      </trkpt>
      <trkpt lat="59.429164" lon="24.655056">
        <ele>7.0</ele>
        <time>2026-08-23T11:30:03Z</time>
      </trkpt>
      <trkpt lat="59.429164" lon="24.655056">
        <ele>7.0</ele>
        <time>2026-08-23T11:30:04Z</time>
      </trkpt>
      <trkpt lat="59.429176" lon="24.655038">
        <ele>7.0</ele>
        <time>2026-08-23T11:30:05Z</time>
      </trkpt>
      <trkpt lat="59.429176" lon="24.655038">
        <ele>7.0</ele>
        <time>2026-08-23T11:30:06Z</time>
      </trkpt>
      <trkpt lat="59.429176" lon="24.655038">
        <ele>7.0</ele>
        <time>2026-08-23T11:30:07Z</time>
      </trkpt>
      <trkpt lat="59.429176" lon="24.655038">
        <ele>7.0</ele>
        <time>2026-08-23T11:30:08Z</time>
      </trkpt>
      <trkpt lat="59.42918" lon="24.655024">
        <ele>7.0</ele>
        <time>2026-08-23T11:30:09Z</time>
      </trkpt>
      <trkpt lat="59.429184" lon="24.65502">
        <ele>7.0</ele>
        <time>2026-08-23T11:30:10Z</time>
      </trkpt>
      <trkpt lat="59.429183" lon="24.655023">
        <ele>7.0</ele>
        <time>2026-08-23T11:30:11Z</time>
      </trkpt>
      <trkpt lat="59.429185" lon="24.655023">
        <ele>7.0</ele>
        <time>2026-08-23T11:30:12Z</time>
      </trkpt>
      <trkpt lat="59.429185" lon="24.655022">
        <ele>7.0</ele>
        <time>2026-08-23T11:30:13Z</time>
      </trkpt>
      <trkpt lat="59.429185" lon="24.655022">
        <ele>7.0</ele>
        <time>2026-08-23T11:30:14Z</time>
      </trkpt>
      <trkpt lat="59.42918" lon="24.655023">
        <ele>7.0</ele>
        <time>2026-08-23T11:30:15Z</time>
      </trkpt>
      <trkpt lat="59.429181" lon="24.655022">
        <ele>7.0</ele>
        <time>2026-08-23T11:30:16Z</time>
      </trkpt>
      <trkpt lat="59.429181" lon="24.655022">
        <ele>7.0</ele>
        <time>2026-08-23T11:30:17Z</time>
      </trkpt>
      <trkpt lat="59.429173" lon="24.655031">
        <ele>7.0</ele>
        <time>2026-08-23T11:30:18Z</time>
      </trkpt>
      <trkpt lat="59.429173" lon="24.655038">
        <ele>7.0</ele>
        <time>2026-08-23T11:30:19Z</time>
      </trkpt>
      <trkpt lat="59.429171" lon="24.655037">
        <ele>7.0</ele>
        <time>2026-08-23T11:30:20Z</time>
      </trkpt>
      <trkpt lat="59.429171" lon="24.655042">
        <ele>7.0</ele>
        <time>2026-08-23T11:30:21Z</time>
      </trkpt>
      <trkpt lat="59.429171" lon="24.655042">
        <ele>7.0</ele>
        <time>2026-08-23T11:30:22Z</time>
      </trkpt>
      <trkpt lat="59.429171" lon="24.655042">
        <ele>7.0</ele>
        <time>2026-08-23T11:30:23Z</time>
      </trkpt>
      <trkpt lat="59.429171" lon="24.655042">
        <ele>7.0</ele>
        <time>2026-08-23T11:30:24Z</time>
      </trkpt>
      <trkpt lat="59.429171" lon="24.655042">
        <ele>7.0</ele>
        <time>2026-08-23T11:30:25Z</time>
      </trkpt>
      <trkpt lat="59.429176" lon="24.655056">
        <ele>7.0</ele>
        <time>2026-08-23T11:30:26Z</time>
      </trkpt>
      <trkpt lat="59.429177" lon="24.655056">
        <ele>7.0</ele>
        <time>2026-08-23T11:30:27Z</time>
      </trkpt>
      <trkpt lat="59.429177" lon="24.655056">
        <ele>7.0</ele>
        <time>2026-08-23T11:30:28Z</time>
      </trkpt>
      <trkpt lat="59.429177" lon="24.655056">
        <ele>7.0</ele>
        <time>2026-08-23T11:30:29Z</time>
      </trkpt>
      <trkpt lat="59.429179" lon="24.655049">
        <ele>7.0</ele>
        <time>2026-08-23T11:30:30Z</time>
      </trkpt>
      <trkpt lat="59.429179" lon="24.655047">
        <ele>7.0</ele>
        <time>2026-08-23T11:30:31Z</time>
      </trkpt>
      <trkpt lat="59.429179" lon="24.655047">
        <ele>7.0</ele>
        <time>2026-08-23T11:30:32Z</time>
      </trkpt>
      <trkpt lat="59.429179" lon="24.655047">
        <ele>7.0</ele>
        <time>2026-08-23T11:30:33Z</time>
      </trkpt>
      <trkpt lat="59.429179" lon="24.655047">
        <ele>7.0</ele>
        <time>2026-08-23T11:30:34Z</time>
      </trkpt>
      <trkpt lat="59.429179" lon="24.655047">
        <ele>7.0</ele>
        <time>2026-08-23T11:30:35Z</time>
      </trkpt>
      <trkpt lat="59.429179" lon="24.655047">
        <ele>7.0</ele>
        <time>2026-08-23T11:30:36Z</time>
      </trkpt>
      <trkpt lat="59.429179" lon="24.655047">
        <ele>7.0</ele>
        <time>2026-08-23T11:30:37Z</time>
      </trkpt>
      <trkpt lat="59.429183" lon="24.65504">
        <ele>7.0</ele>
        <time>2026-08-23T11:30:38Z</time>
      </trkpt>
      <trkpt lat="59.429183" lon="24.65504">
        <ele>7.0</ele>
        <time>2026-08-23T11:30:39Z</time>
      </trkpt>
      <trkpt lat="59.429187" lon="24.655039">
        <ele>7.0</ele>
        <time>2026-08-23T11:30:40Z</time>
      </trkpt>
      <trkpt lat="59.429187" lon="24.655033">
        <ele>7.0</ele>
        <time>2026-08-23T11:30:41Z</time>
      </trkpt>
      <trkpt lat="59.429185" lon="24.655029">
        <ele>7.0</ele>
        <time>2026-08-23T11:30:42Z</time>
      </trkpt>
      <trkpt lat="59.429185" lon="24.655029">
        <ele>7.0</ele>
        <time>2026-08-23T11:30:43Z</time>
      </trkpt>
      <trkpt lat="59.429185" lon="24.655029">
        <ele>7.0</ele>
        <time>2026-08-23T11:30:44Z</time>
      </trkpt>
      <trkpt lat="59.429177" lon="24.655036">
        <ele>7.0</ele>
        <time>2026-08-23T11:30:45Z</time>
      </trkpt>
      <trkpt lat="59.42918" lon="24.655037">
        <ele>7.0</ele>
        <time>2026-08-23T11:30:46Z</time>
      </trkpt>
      <trkpt lat="59.42918" lon="24.655044">
        <ele>7.0</ele>
        <time>2026-08-23T11:30:47Z</time>
      </trkpt>
      <trkpt lat="59.429185" lon="24.655043">
        <ele>7.0</ele>
        <time>2026-08-23T11:30:48Z</time>
      </trkpt>
      <trkpt lat="59.429185" lon="24.655043">
        <ele>7.0</ele>
        <time>2026-08-23T11:30:49Z</time>
      </trkpt>
      <trkpt lat="59.429185" lon="24.655043">
        <ele>7.0</ele>
        <time>2026-08-23T11:30:50Z</time>
      </trkpt>
      <trkpt lat="59.429185" lon="24.655043">
        <ele>7.0</ele>
        <time>2026-08-23T11:30:51Z</time>
      </trkpt>
      <trkpt lat="59.429185" lon="24.655043">
        <ele>7.0</ele>
        <time>2026-08-23T11:30:52Z</time>
      </trkpt>
      <trkpt lat="59.429185" lon="24.655043">
        <ele>7.0</ele>
        <time>2026-08-23T11:30:53Z</time>
      </trkpt>
      <trkpt lat="59.429185" lon="24.655043">
        <ele>7.0</ele>
        <time>2026-08-23T11:30:54Z</time>
      </trkpt>
      <trkpt lat="59.429181" lon="24.655018">
        <ele>7.0</ele>
        <time>2026-08-23T11:30:55Z</time>
      </trkpt>
      <trkpt lat="59.429181" lon="24.655019">
        <ele>7.0</ele>
        <time>2026-08-23T11:30:56Z</time>
      </trkpt>
      <trkpt lat="59.42918" lon="24.655017">
        <ele>7.0</ele>
        <time>2026-08-23T11:30:57Z</time>
      </trkpt>
      <trkpt lat="59.42918" lon="24.655017">
        <ele>7.0</ele>
        <time>2026-08-23T11:30:58Z</time>
      </trkpt>
      <trkpt lat="59.42918" lon="24.655017">
        <ele>7.0</ele>
        <time>2026-08-23T11:30:59Z</time>
      </trkpt>
      <trkpt lat="59.42918" lon="24.655017">
        <ele>7.0</ele>
        <time>2026-08-23T11:31:00Z</time>
      </trkpt>
      <trkpt lat="59.42918" lon="24.655017">
        <ele>7.0</ele>
        <time>2026-08-23T11:31:01Z</time>
      </trkpt>
      <trkpt lat="59.42918" lon="24.655017">
        <ele>7.0</ele>
        <time>2026-08-23T11:31:02Z</time>
      </trkpt>
      <trkpt lat="59.42918" lon="24.655017">
        <ele>7.0</ele>
        <time>2026-08-23T11:31:03Z</time>
      </trkpt>
      <trkpt lat="59.42918" lon="24.655017">
        <ele>7.0</ele>
        <time>2026-08-23T11:31:04Z</time>
      </trkpt>
      <trkpt lat="59.42918" lon="24.655017">
        <ele>7.0</ele>
        <time>2026-08-23T11:31:05Z</time>
      </trkpt>
      <trkpt lat="59.429178" lon="24.655035">
        <ele>7.0</ele>
        <time>2026-08-23T11:31:06Z</time>
      </trkpt>
      <trkpt lat="59.429178" lon="24.655035">
        <ele>7.0</ele>
        <time>2026-08-23T11:31:07Z</time>
      </trkpt>
      <trkpt lat="59.429178" lon="24.655035">
        <ele>7.0</ele>
        <time>2026-08-23T11:31:08Z</time>
      </trkpt>
      <trkpt lat="59.429174" lon="24.655028">
        <ele>7.0</ele>
        <time>2026-08-23T11:31:09Z</time>
      </trkpt>
      <trkpt lat="59.429173" lon="24.655034">
        <ele>7.0</ele>
        <time>2026-08-23T11:31:10Z</time>
      </trkpt>
      <trkpt lat="59.429173" lon="24.655034">
        <ele>7.0</ele>
        <time>2026-08-23T11:31:11Z</time>
      </trkpt>
      <trkpt lat="59.429173" lon="24.655034">
        <ele>7.0</ele>
        <time>2026-08-23T11:31:12Z</time>
      </trkpt>
      <trkpt lat="59.429177" lon="24.655048">
        <ele>7.0</ele>
        <time>2026-08-23T11:31:13Z</time>
      </trkpt>
      <trkpt lat="59.429181" lon="24.655049">
        <ele>7.0</ele>
        <time>2026-08-23T11:31:14Z</time>
      </trkpt>
      <trkpt lat="59.429181" lon="24.655049">
        <ele>7.0</ele>
        <time>2026-08-23T11:31:15Z</time>
      </trkpt>
      <trkpt lat="59.429181" lon="24.655049">
        <ele>7.0</ele>
        <time>2026-08-23T11:31:16Z</time>
      </trkpt>
      <trkpt lat="59.429181" lon="24.655049">
        <ele>7.0</ele>
        <time>2026-08-23T11:31:17Z</time>
      </trkpt>
      <trkpt lat="59.429179" lon="24.655048">
        <ele>7.0</ele>
        <time>2026-08-23T11:31:18Z</time>
      </trkpt>
      <trkpt lat="59.429179" lon="24.655049">
        <ele>7.0</ele>
        <time>2026-08-23T11:31:19Z</time>
      </trkpt>
      <trkpt lat="59.429178" lon="24.655068">
        <ele>7.0</ele>
        <time>2026-08-23T11:31:20Z</time>
      </trkpt>
      <trkpt lat="59.429176" lon="24.65507">
        <ele>7.0</ele>
        <time>2026-08-23T11:31:21Z</time>
      </trkpt>
      <trkpt lat="59.429176" lon="24.65507">
        <ele>7.0</ele>
        <time>2026-08-23T11:31:22Z</time>
      </trkpt>
      <trkpt lat="59.429176" lon="24.65507">
        <ele>7.0</ele>
        <time>2026-08-23T11:31:23Z</time>
      </trkpt>
      <trkpt lat="59.42917" lon="24.655071">
        <ele>7.0</ele>
        <time>2026-08-23T11:31:24Z</time>
      </trkpt>
      <trkpt lat="59.42917" lon="24.65506">
        <ele>7.0</ele>
        <time>2026-08-23T11:31:25Z</time>
      </trkpt>
      <trkpt lat="59.429172" lon="24.655057">
        <ele>7.0</ele>
        <time>2026-08-23T11:31:26Z</time>
      </trkpt>
      <trkpt lat="59.429174" lon="24.655058">
        <ele>7.0</ele>
        <time>2026-08-23T11:31:27Z</time>
      </trkpt>
      <trkpt lat="59.429174" lon="24.655058">
        <ele>7.0</ele>
        <time>2026-08-23T11:31:28Z</time>
      </trkpt>
      <trkpt lat="59.429174" lon="24.655058">
        <ele>7.0</ele>
        <time>2026-08-23T11:31:29Z</time>
      </trkpt>
      <trkpt lat="59.429174" lon="24.655058">
        <ele>7.0</ele>
        <time>2026-08-23T11:31:30Z</time>
      </trkpt>
      <trkpt lat="59.429171" lon="24.655041">
        <ele>7.0</ele>
        <time>2026-08-23T11:31:31Z</time>
      </trkpt>
      <trkpt lat="59.429173" lon="24.655049">
        <ele>7.0</ele>
        <time>2026-08-23T11:31:32Z</time>
      </trkpt>
      <trkpt lat="59.429175" lon="24.65505">
        <ele>7.0</ele>
        <time>2026-08-23T11:31:33Z</time>
      </trkpt>
      <trkpt lat="59.429176" lon="24.655056">
        <ele>7.0</ele>
        <time>2026-08-23T11:31:34Z</time>
      </trkpt>
      <trkpt lat="59.429178" lon="24.655054">
        <ele>7.0</ele>
        <time>2026-08-23T11:31:35Z</time>
      </trkpt>
      <trkpt lat="59.429181" lon="24.655054">
        <ele>7.0</ele>
        <time>2026-08-23T11:31:36Z</time>
      </trkpt>
      <trkpt lat="59.429184" lon="24.655061">
        <ele>7.0</ele>
        <time>2026-08-23T11:31:37Z</time>
      </trkpt>
      <trkpt lat="59.429184" lon="24.655066">
        <ele>7.0</ele>
        <time>2026-08-23T11:31:38Z</time>
      </trkpt>
      <trkpt lat="59.429184" lon="24.655066">
        <ele>7.0</ele>
        <time>2026-08-23T11:31:39Z</time>
      </trkpt>
      <trkpt lat="59.429184" lon="24.655066">
        <ele>7.0</ele>
        <time>2026-08-23T11:31:40Z</time>
      </trkpt>
      <trkpt lat="59.429184" lon="24.655066">
        <ele>7.0</ele>
        <time>2026-08-23T11:31:41Z</time>
      </trkpt>
      <trkpt lat="59.429184" lon="24.655066">
        <ele>7.0</ele>
        <time>2026-08-23T11:31:42Z</time>
      </trkpt>
      <trkpt lat="59.42918" lon="24.655038">
        <ele>7.0</ele>
        <time>2026-08-23T11:31:43Z</time>
      </trkpt>
      <trkpt lat="59.429182" lon="24.655032">
        <ele>7.0</ele>
        <time>2026-08-23T11:31:44Z</time>
      </trkpt>
      <trkpt lat="59.429182" lon="24.655028">
        <ele>7.0</ele>
        <time>2026-08-23T11:31:45Z</time>
      </trkpt>
      <trkpt lat="59.429185" lon="24.655031">
        <ele>7.0</ele>
        <time>2026-08-23T11:31:46Z</time>
      </trkpt>
      <trkpt lat="59.429185" lon="24.655031">
        <ele>7.0</ele>
        <time>2026-08-23T11:31:47Z</time>
      </trkpt>
      <trkpt lat="59.429185" lon="24.655031">
        <ele>7.0</ele>
        <time>2026-08-23T11:31:48Z</time>
      </trkpt>
      <trkpt lat="59.429185" lon="24.655031">
        <ele>7.0</ele>
        <time>2026-08-23T11:31:49Z</time>
      </trkpt>
      <trkpt lat="59.429185" lon="24.655031">
        <ele>7.0</ele>
        <time>2026-08-23T11:31:50Z</time>
      </trkpt>
      <trkpt lat="59.429185" lon="24.655031">
        <ele>7.0</ele>
        <time>2026-08-23T11:31:51Z</time>
      </trkpt>
      <trkpt lat="59.429185" lon="24.655031">
        <ele>7.0</ele>
        <time>2026-08-23T11:31:52Z</time>
      </trkpt>
      <trkpt lat="59.429194" lon="24.655044">
        <ele>7.0</ele>
        <time>2026-08-23T11:31:53Z</time>
      </trkpt>
      <trkpt lat="59.429193" lon="24.655042">
        <ele>7.0</ele>
        <time>2026-08-23T11:31:54Z</time>
      </trkpt>
      <trkpt lat="59.429193" lon="24.655042">
        <ele>7.0</ele>
        <time>2026-08-23T11:31:55Z</time>
      </trkpt>
      <trkpt lat="59.429193" lon="24.655042">
        <ele>7.0</ele>
        <time>2026-08-23T11:31:56Z</time>
      </trkpt>
      <trkpt lat="59.429193" lon="24.655042">
        <ele>7.0</ele>
        <time>2026-08-23T11:31:57Z</time>
      </trkpt>
      <trkpt lat="59.429193" lon="24.655042">
        <ele>7.0</ele>
        <time>2026-08-23T11:31:58Z</time>
      </trkpt>
      <trkpt lat="59.429193" lon="24.655042">
        <ele>7.0</ele>
        <time>2026-08-23T11:31:59Z</time>
      </trkpt>
      <trkpt lat="59.429193" lon="24.655036">
        <ele>7.0</ele>
        <time>2026-08-23T11:32:00Z</time>
      </trkpt>
      <trkpt lat="59.429194" lon="24.655047">
        <ele>7.0</ele>
        <time>2026-08-23T11:32:01Z</time>
      </trkpt>
      <trkpt lat="59.429195" lon="24.655046">
        <ele>7.0</ele>
        <time>2026-08-23T11:32:02Z</time>
      </trkpt>
      <trkpt lat="59.429195" lon="24.655045">
        <ele>7.0</ele>
        <time>2026-08-23T11:32:03Z</time>
      </trkpt>
      <trkpt lat="59.429196" lon="24.655038">
        <ele>7.0</ele>
        <time>2026-08-23T11:32:04Z</time>
      </trkpt>
      <trkpt lat="59.429195" lon="24.655035">
        <ele>7.0</ele>
        <time>2026-08-23T11:32:05Z</time>
      </trkpt>
      <trkpt lat="59.429195" lon="24.655033">
        <ele>7.0</ele>
        <time>2026-08-23T11:32:06Z</time>
      </trkpt>
      <trkpt lat="59.429195" lon="24.655033">
        <ele>7.0</ele>
        <time>2026-08-23T11:32:07Z</time>
      </trkpt>
      <trkpt lat="59.429195" lon="24.655033">
        <ele>7.0</ele>
        <time>2026-08-23T11:32:08Z</time>
      </trkpt>
      <trkpt lat="59.429194" lon="24.655027">
        <ele>7.0</ele>
        <time>2026-08-23T11:32:09Z</time>
      </trkpt>
      <trkpt lat="59.429194" lon="24.655026">
        <ele>7.0</ele>
        <time>2026-08-23T11:32:10Z</time>
      </trkpt>
      <trkpt lat="59.42919" lon="24.655027">
        <ele>7.0</ele>
        <time>2026-08-23T11:32:11Z</time>
      </trkpt>
      <trkpt lat="59.42919" lon="24.655026">
        <ele>7.0</ele>
        <time>2026-08-23T11:32:12Z</time>
      </trkpt>
      <trkpt lat="59.42919" lon="24.655026">
        <ele>7.0</ele>
        <time>2026-08-23T11:32:13Z</time>
      </trkpt>
      <trkpt lat="59.42919" lon="24.655026">
        <ele>7.0</ele>
        <time>2026-08-23T11:32:14Z</time>
      </trkpt>
      <trkpt lat="59.42919" lon="24.655026">
        <ele>7.0</ele>
        <time>2026-08-23T11:32:15Z</time>
      </trkpt>
      <trkpt lat="59.42919" lon="24.655026">
        <ele>7.0</ele>
        <time>2026-08-23T11:32:16Z</time>
      </trkpt>
      <trkpt lat="59.42919" lon="24.655026">
        <ele>7.0</ele>
        <time>2026-08-23T11:32:17Z</time>
      </trkpt>
      <trkpt lat="59.42919" lon="24.655026">
        <ele>7.0</ele>
        <time>2026-08-23T11:32:18Z</time>
      </trkpt>
      <trkpt lat="59.42919" lon="24.655026">
        <ele>7.0</ele>
        <time>2026-08-23T11:32:19Z</time>
      </trkpt>
      <trkpt lat="59.42919" lon="24.655026">
        <ele>7.0</ele>
        <time>2026-08-23T11:32:20Z</time>
      </trkpt>
      <trkpt lat="59.42919" lon="24.655026">
        <ele>7.0</ele>
        <time>2026-08-23T11:32:21Z</time>
      </trkpt>
      <trkpt lat="59.42919" lon="24.655026">
        <ele>7.0</ele>
        <time>2026-08-23T11:32:22Z</time>
      </trkpt>
      <trkpt lat="59.42919" lon="24.655026">
        <ele>7.0</ele>
        <time>2026-08-23T11:32:23Z</time>
      </trkpt>
      <trkpt lat="59.42919" lon="24.655026">
        <ele>7.0</ele>
        <time>2026-08-23T11:32:24Z</time>
      </trkpt>
      <trkpt lat="59.42919" lon="24.655026">
        <ele>7.0</ele>
        <time>2026-08-23T11:32:25Z</time>
      </trkpt>
      <trkpt lat="59.429179" lon="24.655015">
        <ele>7.0</ele>
        <time>2026-08-23T11:32:26Z</time>
      </trkpt>
      <trkpt lat="59.429181" lon="24.655018">
        <ele>7.0</ele>
        <time>2026-08-23T11:32:27Z</time>
      </trkpt>
      <trkpt lat="59.429181" lon="24.655018">
        <ele>7.0</ele>
        <time>2026-08-23T11:32:28Z</time>
      </trkpt>
      <trkpt lat="59.429181" lon="24.655018">
        <ele>7.0</ele>
        <time>2026-08-23T11:32:29Z</time>
      </trkpt>
      <trkpt lat="59.429183" lon="24.655019">
        <ele>7.0</ele>
        <time>2026-08-23T11:32:30Z</time>
      </trkpt>
      <trkpt lat="59.429182" lon="24.655023">
        <ele>7.0</ele>
        <time>2026-08-23T11:32:31Z</time>
      </trkpt>
      <trkpt lat="59.429184" lon="24.655018">
        <ele>7.0</ele>
        <time>2026-08-23T11:32:32Z</time>
      </trkpt>
      <trkpt lat="59.429182" lon="24.655006">
        <ele>7.0</ele>
        <time>2026-08-23T11:32:33Z</time>
      </trkpt>
      <trkpt lat="59.429182" lon="24.655005">
        <ele>7.0</ele>
        <time>2026-08-23T11:32:34Z</time>
      </trkpt>
      <trkpt lat="59.429182" lon="24.655005">
        <ele>7.0</ele>
        <time>2026-08-23T11:32:35Z</time>
      </trkpt>
      <trkpt lat="59.429182" lon="24.655005">
        <ele>7.0</ele>
        <time>2026-08-23T11:32:36Z</time>
      </trkpt>
      <trkpt lat="59.429182" lon="24.655005">
        <ele>7.0</ele>
        <time>2026-08-23T11:32:37Z</time>
      </trkpt>
      <trkpt lat="59.429182" lon="24.655005">
        <ele>7.0</ele>
        <time>2026-08-23T11:32:38Z</time>
      </trkpt>
      <trkpt lat="59.429182" lon="24.655005">
        <ele>7.0</ele>
        <time>2026-08-23T11:32:39Z</time>
      </trkpt>
      <trkpt lat="59.429182" lon="24.655005">
        <ele>7.0</ele>
        <time>2026-08-23T11:32:40Z</time>
      </trkpt>
      <trkpt lat="59.429186" lon="24.655009">
        <ele>7.0</ele>
        <time>2026-08-23T11:32:41Z</time>
      </trkpt>
      <trkpt lat="59.429187" lon="24.655011">
        <ele>7.0</ele>
        <time>2026-08-23T11:32:42Z</time>
      </trkpt>
      <trkpt lat="59.429189" lon="24.655011">
        <ele>7.0</ele>
        <time>2026-08-23T11:32:43Z</time>
      </trkpt>
      <trkpt lat="59.429188" lon="24.655018">
        <ele>7.0</ele>
        <time>2026-08-23T11:32:44Z</time>
      </trkpt>
      <trkpt lat="59.429185" lon="24.655011">
        <ele>7.0</ele>
        <time>2026-08-23T11:32:45Z</time>
      </trkpt>
      <trkpt lat="59.429185" lon="24.655011">
        <ele>7.0</ele>
        <time>2026-08-23T11:32:46Z</time>
      </trkpt>
      <trkpt lat="59.429185" lon="24.655011">
        <ele>7.0</ele>
        <time>2026-08-23T11:32:47Z</time>
      </trkpt>
      <trkpt lat="59.429185" lon="24.655011">
        <ele>7.0</ele>
        <time>2026-08-23T11:32:48Z</time>
      </trkpt>
      <trkpt lat="59.429185" lon="24.655011">
        <ele>7.0</ele>
        <time>2026-08-23T11:32:49Z</time>
      </trkpt>
      <trkpt lat="59.429185" lon="24.655011">
        <ele>7.0</ele>
        <time>2026-08-23T11:32:50Z</time>
      </trkpt>
      <trkpt lat="59.429193" lon="24.655034">
        <ele>7.0</ele>
        <time>2026-08-23T11:32:51Z</time>
      </trkpt>
      <trkpt lat="59.429194" lon="24.655033">
        <ele>7.0</ele>
        <time>2026-08-23T11:32:52Z</time>
      </trkpt>
      <trkpt lat="59.429191" lon="24.655027">
        <ele>7.0</ele>
        <time>2026-08-23T11:32:53Z</time>
      </trkpt>
      <trkpt lat="59.429191" lon="24.655027">
        <ele>7.0</ele>
        <time>2026-08-23T11:32:54Z</time>
      </trkpt>
      <trkpt lat="59.429191" lon="24.655027">
        <ele>7.0</ele>
        <time>2026-08-23T11:32:55Z</time>
      </trkpt>
      <trkpt lat="59.429191" lon="24.655027">
        <ele>7.0</ele>
        <time>2026-08-23T11:32:56Z</time>
      </trkpt>
      <trkpt lat="59.429191" lon="24.655027">
        <ele>7.0</ele>
        <time>2026-08-23T11:32:57Z</time>
      </trkpt>
      <trkpt lat="59.429191" lon="24.655027">
        <ele>7.0</ele>
        <time>2026-08-23T11:32:58Z</time>
      </trkpt>
      <trkpt lat="59.42918" lon="24.655008">
        <ele>7.0</ele>
        <time>2026-08-23T11:32:59Z</time>
      </trkpt>
      <trkpt lat="59.429179" lon="24.654998">
        <ele>7.0</ele>
        <time>2026-08-23T11:33:00Z</time>
      </trkpt>
      <trkpt lat="59.429177" lon="24.65499">
        <ele>7.0</ele>
        <time>2026-08-23T11:33:01Z</time>
      </trkpt>
      <trkpt lat="59.429177" lon="24.65499">
        <ele>7.0</ele>
        <time>2026-08-23T11:33:02Z</time>
      </trkpt>
      <trkpt lat="59.429175" lon="24.654982">
        <ele>7.0</ele>
        <time>2026-08-23T11:33:03Z</time>
      </trkpt>
      <trkpt lat="59.429175" lon="24.654982">
        <ele>7.0</ele>
        <time>2026-08-23T11:33:04Z</time>
      </trkpt>
      <trkpt lat="59.429175" lon="24.654982">
        <ele>7.0</ele>
        <time>2026-08-23T11:33:05Z</time>
      </trkpt>
      <trkpt lat="59.429175" lon="24.654982">
        <ele>7.0</ele>
        <time>2026-08-23T11:33:06Z</time>
      </trkpt>
      <trkpt lat="59.429175" lon="24.654982">
        <ele>7.0</ele>
        <time>2026-08-23T11:33:07Z</time>
      </trkpt>
      <trkpt lat="59.429175" lon="24.654982">
        <ele>7.0</ele>
        <time>2026-08-23T11:33:08Z</time>
      </trkpt>
      <trkpt lat="59.429165" lon="24.65501">
        <ele>7.0</ele>
        <time>2026-08-23T11:33:09Z</time>
      </trkpt>
      <trkpt lat="59.429165" lon="24.655009">
        <ele>7.0</ele>
        <time>2026-08-23T11:33:10Z</time>
      </trkpt>
      <trkpt lat="59.429165" lon="24.655009">
        <ele>7.0</ele>
        <time>2026-08-23T11:33:11Z</time>
      </trkpt>
      <trkpt lat="59.429165" lon="24.655009">
        <ele>7.0</ele>
        <time>2026-08-23T11:33:12Z</time>
      </trkpt>
      <trkpt lat="59.429165" lon="24.655009">
        <ele>7.0</ele>
        <time>2026-08-23T11:33:13Z</time>
      </trkpt>
      <trkpt lat="59.429165" lon="24.655009">
        <ele>7.0</ele>
        <time>2026-08-23T11:33:14Z</time>
      </trkpt>
      <trkpt lat="59.429165" lon="24.655009">
        <ele>7.0</ele>
        <time>2026-08-23T11:33:15Z</time>
      </trkpt>
      <trkpt lat="59.429165" lon="24.655009">
        <ele>7.0</ele>
        <time>2026-08-23T11:33:16Z</time>
      </trkpt>
      <trkpt lat="59.429165" lon="24.655009">
        <ele>7.0</ele>
        <time>2026-08-23T11:33:17Z</time>
      </trkpt>
      <trkpt lat="59.429165" lon="24.655009">
        <ele>7.0</ele>
        <time>2026-08-23T11:33:18Z</time>
      </trkpt>
      <trkpt lat="59.429165" lon="24.655009">
        <ele>7.0</ele>
        <time>2026-08-23T11:33:19Z</time>
      </trkpt>
      <trkpt lat="59.429165" lon="24.655009">
        <ele>7.0</ele>
        <time>2026-08-23T11:33:20Z</time>
      </trkpt>
      <trkpt lat="59.429173" lon="24.655009">
        <ele>7.0</ele>
        <time>2026-08-23T11:33:21Z</time>
      </trkpt>
      <trkpt lat="59.429173" lon="24.655002">
        <ele>7.0</ele>
        <time>2026-08-23T11:33:22Z</time>
      </trkpt>
      <trkpt lat="59.429176" lon="24.654996">
        <ele>7.0</ele>
        <time>2026-08-23T11:33:23Z</time>
      </trkpt>
      <trkpt lat="59.429177" lon="24.654994">
        <ele>7.0</ele>
        <time>2026-08-23T11:33:24Z</time>
      </trkpt>
      <trkpt lat="59.429177" lon="24.654991">
        <ele>7.0</ele>
        <time>2026-08-23T11:33:25Z</time>
      </trkpt>
      <trkpt lat="59.429175" lon="24.65499">
        <ele>7.0</ele>
        <time>2026-08-23T11:33:26Z</time>
      </trkpt>
      <trkpt lat="59.429175" lon="24.65499">
        <ele>7.0</ele>
        <time>2026-08-23T11:33:27Z</time>
      </trkpt>
      <trkpt lat="59.429175" lon="24.65499">
        <ele>7.0</ele>
        <time>2026-08-23T11:33:28Z</time>
      </trkpt>
      <trkpt lat="59.429175" lon="24.65499">
        <ele>7.0</ele>
        <time>2026-08-23T11:33:29Z</time>
      </trkpt>
      <trkpt lat="59.429175" lon="24.65499">
        <ele>7.0</ele>
        <time>2026-08-23T11:33:30Z</time>
      </trkpt>
      <trkpt lat="59.429172" lon="24.655">
        <ele>7.0</ele>
        <time>2026-08-23T11:33:31Z</time>
      </trkpt>
      <trkpt lat="59.429171" lon="24.655004">
        <ele>7.0</ele>
        <time>2026-08-23T11:33:32Z</time>
      </trkpt>
      <trkpt lat="59.42917" lon="24.655002">
        <ele>7.0</ele>
        <time>2026-08-23T11:33:33Z</time>
      </trkpt>
      <trkpt lat="59.429167" lon="24.655001">
        <ele>7.0</ele>
        <time>2026-08-23T11:33:34Z</time>
      </trkpt>
      <trkpt lat="59.429166" lon="24.655001">
        <ele>7.0</ele>
        <time>2026-08-23T11:33:35Z</time>
      </trkpt>
      <trkpt lat="59.42917" lon="24.654994">
        <ele>7.0</ele>
        <time>2026-08-23T11:33:36Z</time>
      </trkpt>
      <trkpt lat="59.429178" lon="24.655">
        <ele>7.0</ele>
        <time>2026-08-23T11:33:37Z</time>
      </trkpt>
      <trkpt lat="59.429175" lon="24.654993">
        <ele>7.0</ele>
        <time>2026-08-23T11:33:38Z</time>
      </trkpt>
      <trkpt lat="59.429168" lon="24.654986">
        <ele>7.0</ele>
        <time>2026-08-23T11:33:39Z</time>
      </trkpt>
      <trkpt lat="59.429168" lon="24.654986">
        <ele>7.0</ele>
        <time>2026-08-23T11:33:40Z</time>
      </trkpt>
      <trkpt lat="59.429165" lon="24.654982">
        <ele>7.0</ele>
        <time>2026-08-23T11:33:41Z</time>
      </trkpt>
      <trkpt lat="59.429165" lon="24.654982">
        <ele>7.0</ele>
        <time>2026-08-23T11:33:42Z</time>
      </trkpt>
      <trkpt lat="59.429161" lon="24.654986">
        <ele>7.0</ele>
        <time>2026-08-23T11:33:43Z</time>
      </trkpt>
      <trkpt lat="59.42916" lon="24.654984">
        <ele>7.0</ele>
        <time>2026-08-23T11:33:44Z</time>
      </trkpt>
      <trkpt lat="59.42916" lon="24.654984">
        <ele>7.0</ele>
        <time>2026-08-23T11:33:45Z</time>
      </trkpt>
      <trkpt lat="59.429158" lon="24.654983">
        <ele>7.0</ele>
        <time>2026-08-23T11:33:46Z</time>
      </trkpt>
      <trkpt lat="59.429157" lon="24.654983">
        <ele>7.0</ele>
        <time>2026-08-23T11:33:47Z</time>
      </trkpt>
      <trkpt lat="59.429157" lon="24.654983">
        <ele>7.0</ele>
        <time>2026-08-23T11:33:48Z</time>
      </trkpt>
      <trkpt lat="59.429157" lon="24.654983">
        <ele>7.0</ele>
        <time>2026-08-23T11:33:49Z</time>
      </trkpt>
      <trkpt lat="59.429157" lon="24.654983">
        <ele>7.0</ele>
        <time>2026-08-23T11:33:50Z</time>
      </trkpt>
      <trkpt lat="59.429157" lon="24.654983">
        <ele>7.0</ele>
        <time>2026-08-23T11:33:51Z</time>
      </trkpt>
      <trkpt lat="59.429157" lon="24.654983">
        <ele>7.0</ele>
        <time>2026-08-23T11:33:52Z</time>
      </trkpt>
      <trkpt lat="59.429157" lon="24.654983">
        <ele>7.0</ele>
        <time>2026-08-23T11:33:53Z</time>
      </trkpt>
      <trkpt lat="59.429157" lon="24.654983">
        <ele>7.0</ele>
        <time>2026-08-23T11:33:54Z</time>
      </trkpt>
      <trkpt lat="59.429157" lon="24.654983">
        <ele>7.0</ele>
        <time>2026-08-23T11:33:55Z</time>
      </trkpt>
      <trkpt lat="59.429157" lon="24.654983">
        <ele>7.0</ele>
        <time>2026-08-23T11:33:56Z</time>
      </trkpt>
      <trkpt lat="59.429157" lon="24.654983">
        <ele>7.0</ele>
        <time>2026-08-23T11:33:57Z</time>
      </trkpt>
      <trkpt lat="59.42915" lon="24.654974">
        <ele>7.0</ele>
        <time>2026-08-23T11:33:58Z</time>
      </trkpt>
      <trkpt lat="59.429155" lon="24.654982">
        <ele>7.0</ele>
        <time>2026-08-23T11:33:59Z</time>
      </trkpt>
      <trkpt lat="59.429154" lon="24.654981">
        <ele>7.0</ele>
        <time>2026-08-23T11:34:00Z</time>
      </trkpt>
      <trkpt lat="59.429154" lon="24.654981">
        <ele>7.0</ele>
        <time>2026-08-23T11:34:01Z</time>
      </trkpt>
      <trkpt lat="59.429155" lon="24.654974">
        <ele>7.0</ele>
        <time>2026-08-23T11:34:02Z</time>
      </trkpt>
      <trkpt lat="59.429157" lon="24.65498">
        <ele>7.0</ele>
        <time>2026-08-23T11:34:03Z</time>
      </trkpt>
      <trkpt lat="59.429158" lon="24.654977">
        <ele>7.0</ele>
        <time>2026-08-23T11:34:04Z</time>
      </trkpt>
      <trkpt lat="59.429158" lon="24.654976">
        <ele>7.0</ele>
        <time>2026-08-23T11:34:05Z</time>
      </trkpt>
      <trkpt lat="59.429158" lon="24.654976">
        <ele>7.0</ele>
        <time>2026-08-23T11:34:06Z</time>
      </trkpt>
      <trkpt lat="59.429158" lon="24.654976">
        <ele>7.0</ele>
        <time>2026-08-23T11:34:07Z</time>
      </trkpt>
      <trkpt lat="59.429168" lon="24.654997">
        <ele>7.0</ele>
        <time>2026-08-23T11:34:08Z</time>
      </trkpt>
      <trkpt lat="59.429171" lon="24.655001">
        <ele>7.0</ele>
        <time>2026-08-23T11:34:09Z</time>
      </trkpt>
      <trkpt lat="59.429171" lon="24.655005">
        <ele>7.0</ele>
        <time>2026-08-23T11:34:10Z</time>
      </trkpt>
      <trkpt lat="59.429173" lon="24.655007">
        <ele>7.0</ele>
        <time>2026-08-23T11:34:11Z</time>
      </trkpt>
      <trkpt lat="59.42917" lon="24.655003">
        <ele>7.0</ele>
        <time>2026-08-23T11:34:12Z</time>
      </trkpt>
      <trkpt lat="59.429169" lon="24.655001">
        <ele>7.0</ele>
        <time>2026-08-23T11:34:13Z</time>
      </trkpt>
      <trkpt lat="59.429166" lon="24.654996">
        <ele>7.0</ele>
        <time>2026-08-23T11:34:14Z</time>
      </trkpt>
      <trkpt lat="59.429166" lon="24.654996">
        <ele>7.0</ele>
        <time>2026-08-23T11:34:15Z</time>
      </trkpt>
      <trkpt lat="59.429166" lon="24.654996">
        <ele>7.0</ele>
        <time>2026-08-23T11:34:16Z</time>
      </trkpt>
      <trkpt lat="59.429166" lon="24.654996">
        <ele>7.0</ele>
        <time>2026-08-23T11:34:17Z</time>
      </trkpt>
      <trkpt lat="59.429166" lon="24.654996">
        <ele>7.0</ele>
        <time>2026-08-23T11:34:18Z</time>
      </trkpt>
      <trkpt lat="59.429166" lon="24.654996">
        <ele>7.0</ele>
        <time>2026-08-23T11:34:19Z</time>
      </trkpt>
      <trkpt lat="59.429157" lon="24.654979">
        <ele>7.0</ele>
        <time>2026-08-23T11:34:20Z</time>
      </trkpt>
      <trkpt lat="59.429157" lon="24.654983">
        <ele>7.0</ele>
        <time>2026-08-23T11:34:21Z</time>
      </trkpt>
      <trkpt lat="59.42916" lon="24.654987">
        <ele>7.0</ele>
        <time>2026-08-23T11:34:22Z</time>
      </trkpt>
      <trkpt lat="59.42916" lon="24.654994">
        <ele>7.0</ele>
        <time>2026-08-23T11:34:23Z</time>
      </trkpt>
      <trkpt lat="59.42916" lon="24.655003">
        <ele>7.0</ele>
        <time>2026-08-23T11:34:24Z</time>
      </trkpt>
      <trkpt lat="59.42916" lon="24.654995">
        <ele>7.0</ele>
        <time>2026-08-23T11:34:25Z</time>
      </trkpt>
      <trkpt lat="59.42916" lon="24.654995">
        <ele>7.0</ele>
        <time>2026-08-23T11:34:26Z</time>
      </trkpt>
      <trkpt lat="59.42916" lon="24.654995">
        <ele>7.0</ele>
        <time>2026-08-23T11:34:27Z</time>
      </trkpt>
      <trkpt lat="59.42916" lon="24.654995">
        <ele>7.0</ele>
        <time>2026-08-23T11:34:28Z</time>
      </trkpt>
      <trkpt lat="59.42916" lon="24.654995">
        <ele>7.0</ele>
        <time>2026-08-23T11:34:29Z</time>
      </trkpt>
      <trkpt lat="59.42916" lon="24.654995">
        <ele>7.0</ele>
        <time>2026-08-23T11:34:30Z</time>
      </trkpt>
      <trkpt lat="59.42916" lon="24.654995">
        <ele>7.0</ele>
        <time>2026-08-23T11:34:31Z</time>
      </trkpt>
      <trkpt lat="59.42916" lon="24.654995">
        <ele>7.0</ele>
        <time>2026-08-23T11:34:32Z</time>
      </trkpt>
      <trkpt lat="59.429166" lon="24.654994">
        <ele>7.0</ele>
        <time>2026-08-23T11:34:33Z</time>
      </trkpt>
      <trkpt lat="59.429163" lon="24.654991">
        <ele>7.0</ele>
        <time>2026-08-23T11:34:34Z</time>
      </trkpt>
      <trkpt lat="59.429162" lon="24.654981">
        <ele>7.0</ele>
        <time>2026-08-23T11:34:35Z</time>
      </trkpt>
      <trkpt lat="59.429152" lon="24.654966">
        <ele>7.0</ele>
        <time>2026-08-23T11:34:36Z</time>
      </trkpt>
      <trkpt lat="59.429148" lon="24.654959">
        <ele>7.0</ele>
        <time>2026-08-23T11:34:37Z</time>
      </trkpt>
      <trkpt lat="59.429151" lon="24.654973">
        <ele>7.0</ele>
        <time>2026-08-23T11:34:38Z</time>
      </trkpt>
      <trkpt lat="59.429149" lon="24.654973">
        <ele>7.0</ele>
        <time>2026-08-23T11:34:39Z</time>
      </trkpt>
      <trkpt lat="59.42915" lon="24.654991">
        <ele>7.0</ele>
        <time>2026-08-23T11:34:40Z</time>
      </trkpt>
      <trkpt lat="59.429153" lon="24.654976">
        <ele>7.0</ele>
        <time>2026-08-23T11:34:42Z</time>
      </trkpt>
      <trkpt lat="59.429147" lon="24.654973">
        <ele>7.0</ele>
        <time>2026-08-23T11:34:43Z</time>
      </trkpt>
      <trkpt lat="59.429144" lon="24.654969">
        <ele>7.0</ele>
        <time>2026-08-23T11:34:44Z</time>
      </trkpt>
      <trkpt lat="59.429147" lon="24.65498">
        <ele>7.0</ele>
        <time>2026-08-23T11:34:45Z</time>
      </trkpt>
      <trkpt lat="59.429147" lon="24.65498">
        <ele>7.0</ele>
        <time>2026-08-23T11:34:46Z</time>
      </trkpt>
      <trkpt lat="59.429148" lon="24.654974">
        <ele>7.0</ele>
        <time>2026-08-23T11:34:47Z</time>
      </trkpt>
      <trkpt lat="59.429144" lon="24.654986">
        <ele>7.0</ele>
        <time>2026-08-23T11:34:48Z</time>
      </trkpt>
      <trkpt lat="59.429146" lon="24.654988">
        <ele>7.0</ele>
        <time>2026-08-23T11:34:49Z</time>
      </trkpt>
      <trkpt lat="59.429144" lon="24.654985">
        <ele>7.0</ele>
        <time>2026-08-23T11:34:50Z</time>
      </trkpt>
      <trkpt lat="59.429149" lon="24.654993">
        <ele>7.0</ele>
        <time>2026-08-23T11:34:51Z</time>
      </trkpt>
      <trkpt lat="59.429153" lon="24.654992">
        <ele>7.0</ele>
        <time>2026-08-23T11:34:52Z</time>
      </trkpt>
      <trkpt lat="59.429152" lon="24.654991">
        <ele>7.0</ele>
        <time>2026-08-23T11:34:53Z</time>
      </trkpt>
      <trkpt lat="59.429153" lon="24.654998">
        <ele>7.0</ele>
        <time>2026-08-23T11:34:54Z</time>
      </trkpt>
      <trkpt lat="59.429153" lon="24.654998">
        <ele>7.0</ele>
        <time>2026-08-23T11:34:55Z</time>
      </trkpt>
      <trkpt lat="59.429153" lon="24.654998">
        <ele>7.0</ele>
        <time>2026-08-23T11:34:56Z</time>
      </trkpt>
      <trkpt lat="59.42915" lon="24.65497">
        <ele>7.0</ele>
        <time>2026-08-23T11:34:57Z</time>
      </trkpt>
      <trkpt lat="59.42915" lon="24.65497">
        <ele>7.0</ele>
        <time>2026-08-23T11:34:58Z</time>
      </trkpt>
      <trkpt lat="59.429151" lon="24.654965">
        <ele>7.0</ele>
        <time>2026-08-23T11:34:59Z</time>
      </trkpt>
      <trkpt lat="59.429149" lon="24.65496">
        <ele>7.0</ele>
        <time>2026-08-23T11:35:00Z</time>
      </trkpt>
      <trkpt lat="59.42915" lon="24.65496">
        <ele>7.0</ele>
        <time>2026-08-23T11:35:01Z</time>
      </trkpt>
      <trkpt lat="59.429151" lon="24.654961">
        <ele>7.0</ele>
        <time>2026-08-23T11:35:02Z</time>
      </trkpt>
      <trkpt lat="59.429151" lon="24.654962">
        <ele>7.0</ele>
        <time>2026-08-23T11:35:03Z</time>
      </trkpt>
      <trkpt lat="59.429151" lon="24.654962">
        <ele>7.0</ele>
        <time>2026-08-23T11:35:04Z</time>
      </trkpt>
      <trkpt lat="59.429151" lon="24.654962">
        <ele>7.0</ele>
        <time>2026-08-23T11:35:05Z</time>
      </trkpt>
      <trkpt lat="59.429151" lon="24.654962">
        <ele>7.0</ele>
        <time>2026-08-23T11:35:06Z</time>
      </trkpt>
      <trkpt lat="59.429151" lon="24.654962">
        <ele>7.0</ele>
        <time>2026-08-23T11:35:07Z</time>
      </trkpt>
      <trkpt lat="59.429151" lon="24.654962">
        <ele>7.0</ele>
        <time>2026-08-23T11:35:08Z</time>
      </trkpt>
      <trkpt lat="59.429151" lon="24.654962">
        <ele>7.0</ele>
        <time>2026-08-23T11:35:09Z</time>
      </trkpt>
      <trkpt lat="59.42916" lon="24.654974">
        <ele>7.0</ele>
        <time>2026-08-23T11:35:10Z</time>
      </trkpt>
      <trkpt lat="59.429163" lon="24.65498">
        <ele>7.0</ele>
        <time>2026-08-23T11:35:11Z</time>
      </trkpt>
      <trkpt lat="59.429164" lon="24.654981">
        <ele>7.0</ele>
        <time>2026-08-23T11:35:12Z</time>
      </trkpt>
      <trkpt lat="59.429161" lon="24.654984">
        <ele>7.0</ele>
        <time>2026-08-23T11:35:13Z</time>
      </trkpt>
      <trkpt lat="59.429162" lon="24.654988">
        <ele>7.0</ele>
        <time>2026-08-23T11:35:14Z</time>
      </trkpt>
      <trkpt lat="59.42916" lon="24.65498">
        <ele>7.0</ele>
        <time>2026-08-23T11:35:15Z</time>
      </trkpt>
      <trkpt lat="59.42916" lon="24.65498">
        <ele>7.0</ele>
        <time>2026-08-23T11:35:16Z</time>
      </trkpt>
      <trkpt lat="59.429162" lon="24.65497">
        <ele>7.0</ele>
        <time>2026-08-23T11:35:17Z</time>
      </trkpt>
      <trkpt lat="59.429161" lon="24.654972">
        <ele>7.0</ele>
        <time>2026-08-23T11:35:18Z</time>
      </trkpt>
      <trkpt lat="59.429161" lon="24.654974">
        <ele>7.0</ele>
        <time>2026-08-23T11:35:19Z</time>
      </trkpt>
      <trkpt lat="59.42917" lon="24.65496">
        <ele>7.0</ele>
        <time>2026-08-23T11:35:20Z</time>
      </trkpt>
      <trkpt lat="59.429174" lon="24.654973">
        <ele>7.0</ele>
        <time>2026-08-23T11:35:21Z</time>
      </trkpt>
      <trkpt lat="59.429174" lon="24.654973">
        <ele>7.0</ele>
        <time>2026-08-23T11:35:22Z</time>
      </trkpt>
      <trkpt lat="59.429174" lon="24.654973">
        <ele>7.0</ele>
        <time>2026-08-23T11:35:23Z</time>
      </trkpt>
      <trkpt lat="59.429186" lon="24.654995">
        <ele>7.0</ele>
        <time>2026-08-23T11:35:24Z</time>
      </trkpt>
      <trkpt lat="59.429188" lon="24.655004">
        <ele>7.0</ele>
        <time>2026-08-23T11:35:25Z</time>
      </trkpt>
      <trkpt lat="59.42918" lon="24.655007">
        <ele>7.0</ele>
        <time>2026-08-23T11:35:26Z</time>
      </trkpt>
      <trkpt lat="59.42918" lon="24.655007">
        <ele>7.0</ele>
        <time>2026-08-23T11:35:27Z</time>
      </trkpt>
      <trkpt lat="59.42918" lon="24.655007">
        <ele>7.0</ele>
        <time>2026-08-23T11:35:28Z</time>
      </trkpt>
      <trkpt lat="59.42918" lon="24.655007">
        <ele>7.0</ele>
        <time>2026-08-23T11:35:29Z</time>
      </trkpt>
      <trkpt lat="59.42918" lon="24.655007">
        <ele>7.0</ele>
        <time>2026-08-23T11:35:30Z</time>
      </trkpt>
      <trkpt lat="59.429176" lon="24.655017">
        <ele>7.0</ele>
        <time>2026-08-23T11:35:31Z</time>
      </trkpt>
      <trkpt lat="59.429176" lon="24.655023">
        <ele>7.0</ele>
        <time>2026-08-23T11:35:32Z</time>
      </trkpt>
      <trkpt lat="59.429175" lon="24.655024">
        <ele>7.0</ele>
        <time>2026-08-23T11:35:33Z</time>
      </trkpt>
      <trkpt lat="59.429175" lon="24.655024">
        <ele>7.0</ele>
        <time>2026-08-23T11:35:34Z</time>
      </trkpt>
      <trkpt lat="59.42917" lon="24.655025">
        <ele>7.0</ele>
        <time>2026-08-23T11:35:35Z</time>
      </trkpt>
      <trkpt lat="59.429168" lon="24.655017">
        <ele>7.0</ele>
        <time>2026-08-23T11:35:36Z</time>
      </trkpt>
      <trkpt lat="59.429172" lon="24.655022">
        <ele>7.0</ele>
        <time>2026-08-23T11:35:37Z</time>
      </trkpt>
      <trkpt lat="59.429171" lon="24.655027">
        <ele>7.0</ele>
        <time>2026-08-23T11:35:38Z</time>
      </trkpt>
      <trkpt lat="59.429171" lon="24.655027">
        <ele>7.0</ele>
        <time>2026-08-23T11:35:39Z</time>
      </trkpt>
      <trkpt lat="59.429177" lon="24.655039">
        <ele>7.0</ele>
        <time>2026-08-23T11:35:40Z</time>
      </trkpt>
      <trkpt lat="59.429177" lon="24.655039">
        <ele>7.0</ele>
        <time>2026-08-23T11:35:41Z</time>
      </trkpt>
      <trkpt lat="59.429181" lon="24.655044">
        <ele>7.0</ele>
        <time>2026-08-23T11:35:42Z</time>
      </trkpt>
      <trkpt lat="59.42918" lon="24.655049">
        <ele>7.0</ele>
        <time>2026-08-23T11:35:43Z</time>
      </trkpt>
      <trkpt lat="59.42918" lon="24.65505">
        <ele>7.0</ele>
        <time>2026-08-23T11:35:44Z</time>
      </trkpt>
      <trkpt lat="59.429181" lon="24.65505">
        <ele>7.0</ele>
        <time>2026-08-23T11:35:45Z</time>
      </trkpt>
      <trkpt lat="59.429181" lon="24.65505">
        <ele>7.0</ele>
        <time>2026-08-23T11:35:46Z</time>
      </trkpt>
      <trkpt lat="59.429181" lon="24.65505">
        <ele>7.0</ele>
        <time>2026-08-23T11:35:47Z</time>
      </trkpt>
      <trkpt lat="59.429178" lon="24.655039">
        <ele>7.0</ele>
        <time>2026-08-23T11:35:48Z</time>
      </trkpt>
      <trkpt lat="59.429178" lon="24.655039">
        <ele>7.0</ele>
        <time>2026-08-23T11:35:49Z</time>
      </trkpt>
      <trkpt lat="59.429178" lon="24.655039">
        <ele>7.0</ele>
        <time>2026-08-23T11:35:50Z</time>
      </trkpt>
      <trkpt lat="59.429178" lon="24.655039">
        <ele>7.0</ele>
        <time>2026-08-23T11:35:51Z</time>
      </trkpt>
      <trkpt lat="59.42918" lon="24.655052">
        <ele>7.0</ele>
        <time>2026-08-23T11:35:52Z</time>
      </trkpt>
      <trkpt lat="59.429176" lon="24.655046">
        <ele>7.0</ele>
        <time>2026-08-23T11:35:53Z</time>
      </trkpt>
      <trkpt lat="59.429175" lon="24.655042">
        <ele>7.0</ele>
        <time>2026-08-23T11:35:54Z</time>
      </trkpt>
      <trkpt lat="59.429171" lon="24.655038">
        <ele>7.0</ele>
        <time>2026-08-23T11:35:55Z</time>
      </trkpt>
      <trkpt lat="59.429169" lon="24.655036">
        <ele>7.0</ele>
        <time>2026-08-23T11:35:56Z</time>
      </trkpt>
      <trkpt lat="59.429169" lon="24.655036">
        <ele>7.0</ele>
        <time>2026-08-23T11:35:57Z</time>
      </trkpt>
      <trkpt lat="59.429169" lon="24.655036">
        <ele>7.0</ele>
        <time>2026-08-23T11:35:58Z</time>
      </trkpt>
      <trkpt lat="59.429169" lon="24.655036">
        <ele>7.0</ele>
        <time>2026-08-23T11:35:59Z</time>
      </trkpt>
      <trkpt lat="59.429165" lon="24.655026">
        <ele>7.0</ele>
        <time>2026-08-23T11:36:00Z</time>
      </trkpt>
      <trkpt lat="59.429165" lon="24.655026">
        <ele>7.0</ele>
        <time>2026-08-23T11:36:01Z</time>
      </trkpt>
      <trkpt lat="59.429165" lon="24.655026">
        <ele>7.0</ele>
        <time>2026-08-23T11:36:02Z</time>
      </trkpt>
      <trkpt lat="59.429161" lon="24.655019">
        <ele>7.0</ele>
        <time>2026-08-23T11:36:03Z</time>
      </trkpt>
      <trkpt lat="59.429161" lon="24.655019">
        <ele>7.0</ele>
        <time>2026-08-23T11:36:04Z</time>
      </trkpt>
      <trkpt lat="59.429161" lon="24.655019">
        <ele>7.0</ele>
        <time>2026-08-23T11:36:05Z</time>
      </trkpt>
      <trkpt lat="59.429161" lon="24.655019">
        <ele>7.0</ele>
        <time>2026-08-23T11:36:06Z</time>
      </trkpt>
      <trkpt lat="59.429161" lon="24.655019">
        <ele>7.0</ele>
        <time>2026-08-23T11:36:07Z</time>
      </trkpt>
      <trkpt lat="59.429161" lon="24.655019">
        <ele>7.0</ele>
        <time>2026-08-23T11:36:08Z</time>
      </trkpt>
      <trkpt lat="59.429158" lon="24.655016">
        <ele>7.0</ele>
        <time>2026-08-23T11:36:09Z</time>
      </trkpt>
      <trkpt lat="59.429158" lon="24.655017">
        <ele>7.0</ele>
        <time>2026-08-23T11:36:10Z</time>
      </trkpt>
      <trkpt lat="59.429157" lon="24.655014">
        <ele>7.0</ele>
        <time>2026-08-23T11:36:11Z</time>
      </trkpt>
      <trkpt lat="59.429157" lon="24.655015">
        <ele>7.0</ele>
        <time>2026-08-23T11:36:12Z</time>
      </trkpt>
      <trkpt lat="59.429157" lon="24.655015">
        <ele>7.0</ele>
        <time>2026-08-23T11:36:13Z</time>
      </trkpt>
      <trkpt lat="59.429157" lon="24.655015">
        <ele>7.0</ele>
        <time>2026-08-23T11:36:14Z</time>
      </trkpt>
      <trkpt lat="59.429141" lon="24.654997">
        <ele>7.0</ele>
        <time>2026-08-23T11:36:15Z</time>
      </trkpt>
      <trkpt lat="59.429141" lon="24.654998">
        <ele>7.0</ele>
        <time>2026-08-23T11:36:16Z</time>
      </trkpt>
      <trkpt lat="59.429141" lon="24.654995">
        <ele>7.0</ele>
        <time>2026-08-23T11:36:17Z</time>
      </trkpt>
      <trkpt lat="59.429141" lon="24.654995">
        <ele>7.0</ele>
        <time>2026-08-23T11:36:18Z</time>
      </trkpt>
      <trkpt lat="59.429145" lon="24.65499">
        <ele>7.0</ele>
        <time>2026-08-23T11:36:19Z</time>
      </trkpt>
      <trkpt lat="59.429145" lon="24.654987">
        <ele>7.0</ele>
        <time>2026-08-23T11:36:20Z</time>
      </trkpt>
      <trkpt lat="59.429145" lon="24.654988">
        <ele>7.0</ele>
        <time>2026-08-23T11:36:21Z</time>
      </trkpt>
      <trkpt lat="59.429145" lon="24.654988">
        <ele>7.0</ele>
        <time>2026-08-23T11:36:22Z</time>
      </trkpt>
      <trkpt lat="59.429145" lon="24.654988">
        <ele>7.0</ele>
        <time>2026-08-23T11:36:23Z</time>
      </trkpt>
      <trkpt lat="59.429147" lon="24.654986">
        <ele>7.0</ele>
        <time>2026-08-23T11:36:24Z</time>
      </trkpt>
      <trkpt lat="59.429149" lon="24.654989">
        <ele>7.0</ele>
        <time>2026-08-23T11:36:25Z</time>
      </trkpt>
      <trkpt lat="59.429151" lon="24.654991">
        <ele>7.0</ele>
        <time>2026-08-23T11:36:26Z</time>
      </trkpt>
      <trkpt lat="59.42915" lon="24.654992">
        <ele>7.0</ele>
        <time>2026-08-23T11:36:27Z</time>
      </trkpt>
      <trkpt lat="59.42915" lon="24.654992">
        <ele>7.0</ele>
        <time>2026-08-23T11:36:28Z</time>
      </trkpt>
      <trkpt lat="59.42915" lon="24.654992">
        <ele>7.0</ele>
        <time>2026-08-23T11:36:29Z</time>
      </trkpt>
      <trkpt lat="59.429154" lon="24.654991">
        <ele>7.0</ele>
        <time>2026-08-23T11:36:30Z</time>
      </trkpt>
      <trkpt lat="59.429154" lon="24.654991">
        <ele>7.0</ele>
        <time>2026-08-23T11:36:31Z</time>
      </trkpt>
      <trkpt lat="59.429154" lon="24.654991">
        <ele>7.0</ele>
        <time>2026-08-23T11:36:32Z</time>
      </trkpt>
      <trkpt lat="59.429154" lon="24.654991">
        <ele>7.0</ele>
        <time>2026-08-23T11:36:33Z</time>
      </trkpt>
      <trkpt lat="59.429154" lon="24.654991">
        <ele>7.0</ele>
        <time>2026-08-23T11:36:34Z</time>
      </trkpt>
      <trkpt lat="59.429154" lon="24.654991">
        <ele>7.0</ele>
        <time>2026-08-23T11:36:35Z</time>
      </trkpt>
      <trkpt lat="59.429149" lon="24.65499">
        <ele>7.0</ele>
        <time>2026-08-23T11:36:36Z</time>
      </trkpt>
      <trkpt lat="59.42915" lon="24.654991">
        <ele>7.0</ele>
        <time>2026-08-23T11:36:37Z</time>
      </trkpt>
      <trkpt lat="59.429152" lon="24.654993">
        <ele>7.0</ele>
        <time>2026-08-23T11:36:38Z</time>
      </trkpt>
      <trkpt lat="59.42915" lon="24.654986">
        <ele>7.0</ele>
        <time>2026-08-23T11:36:39Z</time>
      </trkpt>
      <trkpt lat="59.42915" lon="24.654986">
        <ele>7.0</ele>
        <time>2026-08-23T11:36:40Z</time>
      </trkpt>
      <trkpt lat="59.42915" lon="24.654986">
        <ele>7.0</ele>
        <time>2026-08-23T11:36:41Z</time>
      </trkpt>
      <trkpt lat="59.429149" lon="24.654978">
        <ele>7.0</ele>
        <time>2026-08-23T11:36:42Z</time>
      </trkpt>
      <trkpt lat="59.42915" lon="24.65498">
        <ele>7.0</ele>
        <time>2026-08-23T11:36:43Z</time>
      </trkpt>
      <trkpt lat="59.42915" lon="24.65498">
        <ele>7.0</ele>
        <time>2026-08-23T11:36:44Z</time>
      </trkpt>
      <trkpt lat="59.429145" lon="24.654969">
        <ele>7.0</ele>
        <time>2026-08-23T11:36:45Z</time>
      </trkpt>
      <trkpt lat="59.429145" lon="24.654969">
        <ele>7.0</ele>
        <time>2026-08-23T11:36:46Z</time>
      </trkpt>
      <trkpt lat="59.429153" lon="24.654978">
        <ele>7.0</ele>
        <time>2026-08-23T11:36:47Z</time>
      </trkpt>
      <trkpt lat="59.429153" lon="24.654978">
        <ele>7.0</ele>
        <time>2026-08-23T11:36:48Z</time>
      </trkpt>
      <trkpt lat="59.429153" lon="24.654978">
        <ele>7.0</ele>
        <time>2026-08-23T11:36:49Z</time>
      </trkpt>
      <trkpt lat="59.429156" lon="24.654976">
        <ele>7.0</ele>
        <time>2026-08-23T11:36:50Z</time>
      </trkpt>
      <trkpt lat="59.429156" lon="24.654976">
        <ele>7.0</ele>
        <time>2026-08-23T11:36:51Z</time>
      </trkpt>
      <trkpt lat="59.429156" lon="24.654976">
        <ele>7.0</ele>
        <time>2026-08-23T11:36:52Z</time>
      </trkpt>
      <trkpt lat="59.429156" lon="24.654976">
        <ele>7.0</ele>
        <time>2026-08-23T11:36:53Z</time>
      </trkpt>
      <trkpt lat="59.429156" lon="24.654976">
        <ele>7.0</ele>
        <time>2026-08-23T11:36:54Z</time>
      </trkpt>
      <trkpt lat="59.429156" lon="24.654976">
        <ele>7.0</ele>
        <time>2026-08-23T11:36:55Z</time>
      </trkpt>
      <trkpt lat="59.429156" lon="24.654976">
        <ele>7.0</ele>
        <time>2026-08-23T11:36:56Z</time>
      </trkpt>
      <trkpt lat="59.429156" lon="24.654976">
        <ele>7.0</ele>
        <time>2026-08-23T11:36:57Z</time>
      </trkpt>
      <trkpt lat="59.429153" lon="24.654976">
        <ele>7.0</ele>
        <time>2026-08-23T11:36:58Z</time>
      </trkpt>
      <trkpt lat="59.429153" lon="24.654977">
        <ele>7.0</ele>
        <time>2026-08-23T11:36:59Z</time>
      </trkpt>
      <trkpt lat="59.429153" lon="24.654977">
        <ele>7.0</ele>
        <time>2026-08-23T11:37:00Z</time>
      </trkpt>
      <trkpt lat="59.429153" lon="24.654977">
        <ele>7.0</ele>
        <time>2026-08-23T11:37:01Z</time>
      </trkpt>
      <trkpt lat="59.429151" lon="24.654975">
        <ele>7.0</ele>
        <time>2026-08-23T11:37:02Z</time>
      </trkpt>
      <trkpt lat="59.42915" lon="24.654977">
        <ele>7.0</ele>
        <time>2026-08-23T11:37:03Z</time>
      </trkpt>
      <trkpt lat="59.42915" lon="24.654978">
        <ele>7.0</ele>
        <time>2026-08-23T11:37:04Z</time>
      </trkpt>
      <trkpt lat="59.42915" lon="24.654978">
        <ele>7.0</ele>
        <time>2026-08-23T11:37:05Z</time>
      </trkpt>
      <trkpt lat="59.429149" lon="24.654973">
        <ele>7.0</ele>
        <time>2026-08-23T11:37:06Z</time>
      </trkpt>
      <trkpt lat="59.429153" lon="24.654986">
        <ele>7.0</ele>
        <time>2026-08-23T11:37:07Z</time>
      </trkpt>
      <trkpt lat="59.429153" lon="24.654986">
        <ele>7.0</ele>
        <time>2026-08-23T11:37:08Z</time>
      </trkpt>
      <trkpt lat="59.429158" lon="24.654992">
        <ele>7.0</ele>
        <time>2026-08-23T11:37:09Z</time>
      </trkpt>
      <trkpt lat="59.42916" lon="24.654994">
        <ele>7.0</ele>
        <time>2026-08-23T11:37:10Z</time>
      </trkpt>
      <trkpt lat="59.42916" lon="24.654995">
        <ele>7.0</ele>
        <time>2026-08-23T11:37:11Z</time>
      </trkpt>
      <trkpt lat="59.429164" lon="24.654998">
        <ele>7.0</ele>
        <time>2026-08-23T11:37:12Z</time>
      </trkpt>
      <trkpt lat="59.429163" lon="24.654999">
        <ele>7.0</ele>
        <time>2026-08-23T11:37:13Z</time>
      </trkpt>
      <trkpt lat="59.429163" lon="24.654999">
        <ele>7.0</ele>
        <time>2026-08-23T11:37:14Z</time>
      </trkpt>
      <trkpt lat="59.429161" lon="24.654993">
        <ele>7.0</ele>
        <time>2026-08-23T11:37:15Z</time>
      </trkpt>
      <trkpt lat="59.429161" lon="24.654994">
        <ele>7.0</ele>
        <time>2026-08-23T11:37:16Z</time>
      </trkpt>
      <trkpt lat="59.429161" lon="24.654994">
        <ele>7.0</ele>
        <time>2026-08-23T11:37:17Z</time>
      </trkpt>
      <trkpt lat="59.429161" lon="24.654994">
        <ele>7.0</ele>
        <time>2026-08-23T11:37:18Z</time>
      </trkpt>
      <trkpt lat="59.429161" lon="24.654994">
        <ele>7.0</ele>
        <time>2026-08-23T11:37:19Z</time>
      </trkpt>
      <trkpt lat="59.429161" lon="24.654994">
        <ele>7.0</ele>
        <time>2026-08-23T11:37:20Z</time>
      </trkpt>
      <trkpt lat="59.429161" lon="24.654994">
        <ele>7.0</ele>
        <time>2026-08-23T11:37:21Z</time>
      </trkpt>
      <trkpt lat="59.429161" lon="24.654994">
        <ele>7.0</ele>
        <time>2026-08-23T11:37:22Z</time>
      </trkpt>
      <trkpt lat="59.429155" lon="24.654993">
        <ele>7.0</ele>
        <time>2026-08-23T11:37:23Z</time>
      </trkpt>
      <trkpt lat="59.429151" lon="24.65499">
        <ele>7.0</ele>
        <time>2026-08-23T11:37:24Z</time>
      </trkpt>
      <trkpt lat="59.429151" lon="24.654991">
        <ele>7.0</ele>
        <time>2026-08-23T11:37:25Z</time>
      </trkpt>
      <trkpt lat="59.429151" lon="24.654991">
        <ele>7.0</ele>
        <time>2026-08-23T11:37:26Z</time>
      </trkpt>
      <trkpt lat="59.429147" lon="24.654988">
        <ele>7.0</ele>
        <time>2026-08-23T11:37:27Z</time>
      </trkpt>
      <trkpt lat="59.429147" lon="24.654989">
        <ele>7.0</ele>
        <time>2026-08-23T11:37:28Z</time>
      </trkpt>
      <trkpt lat="59.429147" lon="24.654989">
        <ele>7.0</ele>
        <time>2026-08-23T11:37:29Z</time>
      </trkpt>
      <trkpt lat="59.429152" lon="24.654996">
        <ele>7.0</ele>
        <time>2026-08-23T11:37:30Z</time>
      </trkpt>
      <trkpt lat="59.429152" lon="24.654998">
        <ele>7.0</ele>
        <time>2026-08-23T11:37:31Z</time>
      </trkpt>
      <trkpt lat="59.429153" lon="24.654998">
        <ele>7.0</ele>
        <time>2026-08-23T11:37:32Z</time>
      </trkpt>
      <trkpt lat="59.429161" lon="24.655014">
        <ele>7.0</ele>
        <time>2026-08-23T11:37:33Z</time>
      </trkpt>
      <trkpt lat="59.429161" lon="24.655014">
        <ele>7.0</ele>
        <time>2026-08-23T11:37:34Z</time>
      </trkpt>
      <trkpt lat="59.429161" lon="24.655014">
        <ele>7.0</ele>
        <time>2026-08-23T11:37:35Z</time>
      </trkpt>
      <trkpt lat="59.429161" lon="24.655014">
        <ele>7.0</ele>
        <time>2026-08-23T11:37:36Z</time>
      </trkpt>
      <trkpt lat="59.42916" lon="24.655012">
        <ele>7.0</ele>
        <time>2026-08-23T11:37:37Z</time>
      </trkpt>
      <trkpt lat="59.429158" lon="24.655004">
        <ele>7.0</ele>
        <time>2026-08-23T11:37:38Z</time>
      </trkpt>
      <trkpt lat="59.429158" lon="24.655004">
        <ele>7.0</ele>
        <time>2026-08-23T11:37:39Z</time>
      </trkpt>
      <trkpt lat="59.429158" lon="24.655004">
        <ele>7.0</ele>
        <time>2026-08-23T11:37:40Z</time>
      </trkpt>
      <trkpt lat="59.429158" lon="24.655004">
        <ele>7.0</ele>
        <time>2026-08-23T11:37:41Z</time>
      </trkpt>
      <trkpt lat="59.429158" lon="24.655004">
        <ele>7.0</ele>
        <time>2026-08-23T11:37:42Z</time>
      </trkpt>
      <trkpt lat="59.429158" lon="24.655">
        <ele>7.0</ele>
        <time>2026-08-23T11:37:43Z</time>
      </trkpt>
      <trkpt lat="59.429158" lon="24.655001">
        <ele>7.0</ele>
        <time>2026-08-23T11:37:44Z</time>
      </trkpt>
      <trkpt lat="59.429158" lon="24.655001">
        <ele>7.0</ele>
        <time>2026-08-23T11:37:45Z</time>
      </trkpt>
      <trkpt lat="59.429145" lon="24.654973">
        <ele>7.0</ele>
        <time>2026-08-23T11:37:46Z</time>
      </trkpt>
      <trkpt lat="59.429144" lon="24.654977">
        <ele>7.0</ele>
        <time>2026-08-23T11:37:47Z</time>
      </trkpt>
      <trkpt lat="59.429143" lon="24.654982">
        <ele>7.0</ele>
        <time>2026-08-23T11:37:48Z</time>
      </trkpt>
      <trkpt lat="59.429144" lon="24.654983">
        <ele>7.0</ele>
        <time>2026-08-23T11:37:49Z</time>
      </trkpt>
      <trkpt lat="59.429144" lon="24.654984">
        <ele>7.0</ele>
        <time>2026-08-23T11:37:50Z</time>
      </trkpt>
      <trkpt lat="59.42914" lon="24.654978">
        <ele>7.0</ele>
        <time>2026-08-23T11:37:51Z</time>
      </trkpt>
      <trkpt lat="59.429139" lon="24.654979">
        <ele>7.0</ele>
        <time>2026-08-23T11:37:52Z</time>
      </trkpt>
      <trkpt lat="59.429139" lon="24.654983">
        <ele>7.0</ele>
        <time>2026-08-23T11:37:53Z</time>
      </trkpt>
      <trkpt lat="59.429141" lon="24.654986">
        <ele>7.0</ele>
        <time>2026-08-23T11:37:54Z</time>
      </trkpt>
      <trkpt lat="59.42914" lon="24.654986">
        <ele>7.0</ele>
        <time>2026-08-23T11:37:55Z</time>
      </trkpt>
      <trkpt lat="59.42914" lon="24.654986">
        <ele>7.0</ele>
        <time>2026-08-23T11:37:56Z</time>
      </trkpt>
      <trkpt lat="59.429134" lon="24.654975">
        <ele>7.0</ele>
        <time>2026-08-23T11:37:57Z</time>
      </trkpt>
      <trkpt lat="59.429138" lon="24.654979">
        <ele>7.0</ele>
        <time>2026-08-23T11:37:58Z</time>
      </trkpt>
      <trkpt lat="59.429138" lon="24.654979">
        <ele>7.0</ele>
        <time>2026-08-23T11:37:59Z</time>
      </trkpt>
      <trkpt lat="59.429139" lon="24.654983">
        <ele>7.0</ele>
        <time>2026-08-23T11:38:00Z</time>
      </trkpt>
      <trkpt lat="59.42914" lon="24.654982">
        <ele>7.0</ele>
        <time>2026-08-23T11:38:01Z</time>
      </trkpt>
      <trkpt lat="59.42914" lon="24.654983">
        <ele>7.0</ele>
        <time>2026-08-23T11:38:02Z</time>
      </trkpt>
      <trkpt lat="59.42914" lon="24.654983">
        <ele>7.0</ele>
        <time>2026-08-23T11:38:03Z</time>
      </trkpt>
      <trkpt lat="59.42914" lon="24.654983">
        <ele>7.0</ele>
        <time>2026-08-23T11:38:04Z</time>
      </trkpt>
      <trkpt lat="59.42914" lon="24.654983">
        <ele>7.0</ele>
        <time>2026-08-23T11:38:05Z</time>
      </trkpt>
      <trkpt lat="59.429144" lon="24.654967">
        <ele>7.0</ele>
        <time>2026-08-23T11:38:06Z</time>
      </trkpt>
      <trkpt lat="59.429142" lon="24.654961">
        <ele>7.0</ele>
        <time>2026-08-23T11:38:07Z</time>
      </trkpt>
      <trkpt lat="59.429141" lon="24.654962">
        <ele>7.0</ele>
        <time>2026-08-23T11:38:08Z</time>
      </trkpt>
      <trkpt lat="59.429143" lon="24.654959">
        <ele>7.0</ele>
        <time>2026-08-23T11:38:09Z</time>
      </trkpt>
      <trkpt lat="59.429141" lon="24.654957">
        <ele>7.0</ele>
        <time>2026-08-23T11:38:10Z</time>
      </trkpt>
      <trkpt lat="59.429141" lon="24.654958">
        <ele>7.0</ele>
        <time>2026-08-23T11:38:11Z</time>
      </trkpt>
      <trkpt lat="59.429143" lon="24.654953">
        <ele>7.0</ele>
        <time>2026-08-23T11:38:12Z</time>
      </trkpt>
      <trkpt lat="59.429143" lon="24.654953">
        <ele>7.0</ele>
        <time>2026-08-23T11:38:13Z</time>
      </trkpt>
      <trkpt lat="59.429143" lon="24.654954">
        <ele>7.0</ele>
        <time>2026-08-23T11:38:14Z</time>
      </trkpt>
      <trkpt lat="59.429139" lon="24.65494">
        <ele>7.0</ele>
        <time>2026-08-23T11:38:15Z</time>
      </trkpt>
      <trkpt lat="59.429139" lon="24.654941">
        <ele>7.0</ele>
        <time>2026-08-23T11:38:16Z</time>
      </trkpt>
      <trkpt lat="59.429143" lon="24.654942">
        <ele>7.0</ele>
        <time>2026-08-23T11:38:17Z</time>
      </trkpt>
      <trkpt lat="59.429143" lon="24.654942">
        <ele>7.0</ele>
        <time>2026-08-23T11:38:18Z</time>
      </trkpt>
      <trkpt lat="59.429143" lon="24.654942">
        <ele>7.0</ele>
        <time>2026-08-23T11:38:19Z</time>
      </trkpt>
      <trkpt lat="59.429143" lon="24.654942">
        <ele>7.0</ele>
        <time>2026-08-23T11:38:20Z</time>
      </trkpt>
      <trkpt lat="59.429143" lon="24.654942">
        <ele>7.0</ele>
        <time>2026-08-23T11:38:21Z</time>
      </trkpt>
      <trkpt lat="59.429143" lon="24.654942">
        <ele>7.0</ele>
        <time>2026-08-23T11:38:22Z</time>
      </trkpt>
      <trkpt lat="59.429144" lon="24.654941">
        <ele>7.0</ele>
        <time>2026-08-23T11:38:23Z</time>
      </trkpt>
      <trkpt lat="59.429145" lon="24.654941">
        <ele>7.0</ele>
        <time>2026-08-23T11:38:24Z</time>
      </trkpt>
      <trkpt lat="59.429147" lon="24.654949">
        <ele>7.0</ele>
        <time>2026-08-23T11:38:25Z</time>
      </trkpt>
      <trkpt lat="59.429149" lon="24.654956">
        <ele>7.0</ele>
        <time>2026-08-23T11:38:26Z</time>
      </trkpt>
      <trkpt lat="59.429149" lon="24.654958">
        <ele>7.0</ele>
        <time>2026-08-23T11:38:27Z</time>
      </trkpt>
      <trkpt lat="59.429149" lon="24.654958">
        <ele>7.0</ele>
        <time>2026-08-23T11:38:28Z</time>
      </trkpt>
      <trkpt lat="59.429149" lon="24.654958">
        <ele>7.0</ele>
        <time>2026-08-23T11:38:29Z</time>
      </trkpt>
      <trkpt lat="59.429149" lon="24.654958">
        <ele>7.0</ele>
        <time>2026-08-23T11:38:30Z</time>
      </trkpt>
      <trkpt lat="59.429149" lon="24.654958">
        <ele>7.0</ele>
        <time>2026-08-23T11:38:31Z</time>
      </trkpt>
      <trkpt lat="59.429149" lon="24.654958">
        <ele>7.0</ele>
        <time>2026-08-23T11:38:32Z</time>
      </trkpt>
      <trkpt lat="59.429164" lon="24.654981">
        <ele>7.0</ele>
        <time>2026-08-23T11:38:33Z</time>
      </trkpt>
      <trkpt lat="59.429161" lon="24.654976">
        <ele>7.0</ele>
        <time>2026-08-23T11:38:34Z</time>
      </trkpt>
      <trkpt lat="59.429162" lon="24.654978">
        <ele>7.0</ele>
        <time>2026-08-23T11:38:35Z</time>
      </trkpt>
      <trkpt lat="59.429162" lon="24.654979">
        <ele>7.0</ele>
        <time>2026-08-23T11:38:36Z</time>
      </trkpt>
      <trkpt lat="59.429162" lon="24.654979">
        <ele>7.0</ele>
        <time>2026-08-23T11:38:37Z</time>
      </trkpt>
      <trkpt lat="59.429162" lon="24.654979">
        <ele>7.0</ele>
        <time>2026-08-23T11:38:38Z</time>
      </trkpt>
      <trkpt lat="59.429162" lon="24.654979">
        <ele>7.0</ele>
        <time>2026-08-23T11:38:39Z</time>
      </trkpt>
      <trkpt lat="59.429158" lon="24.654967">
        <ele>7.0</ele>
        <time>2026-08-23T11:38:40Z</time>
      </trkpt>
      <trkpt lat="59.429158" lon="24.654968">
        <ele>7.0</ele>
        <time>2026-08-23T11:38:41Z</time>
      </trkpt>
      <trkpt lat="59.429158" lon="24.654968">
        <ele>7.0</ele>
        <time>2026-08-23T11:38:42Z</time>
      </trkpt>
      <trkpt lat="59.429157" lon="24.654961">
        <ele>7.0</ele>
        <time>2026-08-23T11:38:43Z</time>
      </trkpt>
      <trkpt lat="59.429157" lon="24.654956">
        <ele>7.0</ele>
        <time>2026-08-23T11:38:44Z</time>
      </trkpt>
      <trkpt lat="59.429156" lon="24.654958">
        <ele>7.0</ele>
        <time>2026-08-23T11:38:45Z</time>
      </trkpt>
      <trkpt lat="59.429156" lon="24.654958">
        <ele>7.0</ele>
        <time>2026-08-23T11:38:46Z</time>
      </trkpt>
      <trkpt lat="59.429156" lon="24.654958">
        <ele>7.0</ele>
        <time>2026-08-23T11:38:47Z</time>
      </trkpt>
      <trkpt lat="59.429167" lon="24.654986">
        <ele>7.0</ele>
        <time>2026-08-23T11:38:48Z</time>
      </trkpt>
      <trkpt lat="59.42917" lon="24.654993">
        <ele>7.0</ele>
        <time>2026-08-23T11:38:49Z</time>
      </trkpt>
      <trkpt lat="59.42917" lon="24.654994">
        <ele>7.0</ele>
        <time>2026-08-23T11:38:50Z</time>
      </trkpt>
      <trkpt lat="59.429169" lon="24.654996">
        <ele>7.0</ele>
        <time>2026-08-23T11:38:51Z</time>
      </trkpt>
      <trkpt lat="59.429166" lon="24.655">
        <ele>7.0</ele>
        <time>2026-08-23T11:38:52Z</time>
      </trkpt>
      <trkpt lat="59.429166" lon="24.655">
        <ele>7.0</ele>
        <time>2026-08-23T11:38:53Z</time>
      </trkpt>
      <trkpt lat="59.429167" lon="24.655004">
        <ele>7.0</ele>
        <time>2026-08-23T11:38:54Z</time>
      </trkpt>
      <trkpt lat="59.429167" lon="24.655004">
        <ele>7.0</ele>
        <time>2026-08-23T11:38:55Z</time>
      </trkpt>
      <trkpt lat="59.429161" lon="24.65499">
        <ele>7.0</ele>
        <time>2026-08-23T11:38:56Z</time>
      </trkpt>
      <trkpt lat="59.429161" lon="24.654983">
        <ele>7.0</ele>
        <time>2026-08-23T11:38:57Z</time>
      </trkpt>
      <trkpt lat="59.429161" lon="24.654984">
        <ele>7.0</ele>
        <time>2026-08-23T11:38:58Z</time>
      </trkpt>
      <trkpt lat="59.429161" lon="24.65498">
        <ele>7.0</ele>
        <time>2026-08-23T11:38:59Z</time>
      </trkpt>
      <trkpt lat="59.429161" lon="24.654976">
        <ele>7.0</ele>
        <time>2026-08-23T11:39:00Z</time>
      </trkpt>
      <trkpt lat="59.429159" lon="24.654978">
        <ele>7.0</ele>
        <time>2026-08-23T11:39:01Z</time>
      </trkpt>
      <trkpt lat="59.429159" lon="24.654978">
        <ele>7.0</ele>
        <time>2026-08-23T11:39:02Z</time>
      </trkpt>
      <trkpt lat="59.429159" lon="24.654978">
        <ele>7.0</ele>
        <time>2026-08-23T11:39:03Z</time>
      </trkpt>
      <trkpt lat="59.429156" lon="24.654968">
        <ele>7.0</ele>
        <time>2026-08-23T11:39:04Z</time>
      </trkpt>
      <trkpt lat="59.429159" lon="24.654971">
        <ele>7.0</ele>
        <time>2026-08-23T11:39:05Z</time>
      </trkpt>
      <trkpt lat="59.42916" lon="24.654972">
        <ele>7.0</ele>
        <time>2026-08-23T11:39:06Z</time>
      </trkpt>
      <trkpt lat="59.42916" lon="24.654972">
        <ele>7.0</ele>
        <time>2026-08-23T11:39:07Z</time>
      </trkpt>
      <trkpt lat="59.42916" lon="24.654972">
        <ele>7.0</ele>
        <time>2026-08-23T11:39:08Z</time>
      </trkpt>
      <trkpt lat="59.429158" lon="24.654971">
        <ele>7.0</ele>
        <time>2026-08-23T11:39:09Z</time>
      </trkpt>
      <trkpt lat="59.429157" lon="24.654975">
        <ele>7.0</ele>
        <time>2026-08-23T11:39:10Z</time>
      </trkpt>
      <trkpt lat="59.429157" lon="24.654974">
        <ele>7.0</ele>
        <time>2026-08-23T11:39:11Z</time>
      </trkpt>
      <trkpt lat="59.429156" lon="24.654975">
        <ele>7.0</ele>
        <time>2026-08-23T11:39:12Z</time>
      </trkpt>
      <trkpt lat="59.429156" lon="24.654975">
        <ele>7.0</ele>
        <time>2026-08-23T11:39:13Z</time>
      </trkpt>
      <trkpt lat="59.429159" lon="24.654976">
        <ele>7.0</ele>
        <time>2026-08-23T11:39:14Z</time>
      </trkpt>
      <trkpt lat="59.42916" lon="24.654979">
        <ele>7.0</ele>
        <time>2026-08-23T11:39:15Z</time>
      </trkpt>
      <trkpt lat="59.429161" lon="24.654978">
        <ele>7.0</ele>
        <time>2026-08-23T11:39:16Z</time>
      </trkpt>
      <trkpt lat="59.429161" lon="24.654978">
        <ele>7.0</ele>
        <time>2026-08-23T11:39:17Z</time>
      </trkpt>
      <trkpt lat="59.429161" lon="24.65498">
        <ele>7.0</ele>
        <time>2026-08-23T11:39:18Z</time>
      </trkpt>
      <trkpt lat="59.429161" lon="24.65498">
        <ele>7.0</ele>
        <time>2026-08-23T11:39:19Z</time>
      </trkpt>
      <trkpt lat="59.42916" lon="24.654976">
        <ele>7.0</ele>
        <time>2026-08-23T11:39:20Z</time>
      </trkpt>
      <trkpt lat="59.42916" lon="24.654976">
        <ele>7.0</ele>
        <time>2026-08-23T11:39:21Z</time>
      </trkpt>
      <trkpt lat="59.42916" lon="24.654976">
        <ele>7.0</ele>
        <time>2026-08-23T11:39:22Z</time>
      </trkpt>
      <trkpt lat="59.42916" lon="24.654976">
        <ele>7.0</ele>
        <time>2026-08-23T11:39:23Z</time>
      </trkpt>
      <trkpt lat="59.429164" lon="24.654974">
        <ele>7.0</ele>
        <time>2026-08-23T11:39:24Z</time>
      </trkpt>
      <trkpt lat="59.429169" lon="24.65496">
        <ele>7.0</ele>
        <time>2026-08-23T11:39:25Z</time>
      </trkpt>
      <trkpt lat="59.429168" lon="24.654962">
        <ele>7.0</ele>
        <time>2026-08-23T11:39:26Z</time>
      </trkpt>
      <trkpt lat="59.429168" lon="24.654965">
        <ele>7.0</ele>
        <time>2026-08-23T11:39:27Z</time>
      </trkpt>
      <trkpt lat="59.429168" lon="24.654965">
        <ele>7.0</ele>
        <time>2026-08-23T11:39:28Z</time>
      </trkpt>
      <trkpt lat="59.429163" lon="24.654957">
        <ele>7.0</ele>
        <time>2026-08-23T11:39:29Z</time>
      </trkpt>
      <trkpt lat="59.429167" lon="24.654956">
        <ele>7.0</ele>
        <time>2026-08-23T11:39:30Z</time>
      </trkpt>
      <trkpt lat="59.429167" lon="24.654956">
        <ele>7.0</ele>
        <time>2026-08-23T11:39:31Z</time>
      </trkpt>
      <trkpt lat="59.429167" lon="24.654956">
        <ele>7.0</ele>
        <time>2026-08-23T11:39:32Z</time>
      </trkpt>
      <trkpt lat="59.429167" lon="24.654956">
        <ele>7.0</ele>
        <time>2026-08-23T11:39:33Z</time>
      </trkpt>
      <trkpt lat="59.429167" lon="24.654956">
        <ele>7.0</ele>
        <time>2026-08-23T11:39:34Z</time>
      </trkpt>
      <trkpt lat="59.429167" lon="24.654946">
        <ele>7.0</ele>
        <time>2026-08-23T11:39:35Z</time>
      </trkpt>
      <trkpt lat="59.429165" lon="24.654941">
        <ele>7.0</ele>
        <time>2026-08-23T11:39:36Z</time>
      </trkpt>
      <trkpt lat="59.429164" lon="24.654936">
        <ele>7.0</ele>
        <time>2026-08-23T11:39:37Z</time>
      </trkpt>
      <trkpt lat="59.429164" lon="24.654937">
        <ele>7.0</ele>
        <time>2026-08-23T11:39:38Z</time>
      </trkpt>
      <trkpt lat="59.429165" lon="24.654934">
        <ele>7.0</ele>
        <time>2026-08-23T11:39:39Z</time>
      </trkpt>
      <trkpt lat="59.429165" lon="24.654937">
        <ele>7.0</ele>
        <time>2026-08-23T11:39:40Z</time>
      </trkpt>
      <trkpt lat="59.429164" lon="24.654934">
        <ele>7.0</ele>
        <time>2026-08-23T11:39:41Z</time>
      </trkpt>
      <trkpt lat="59.429166" lon="24.654933">
        <ele>7.0</ele>
        <time>2026-08-23T11:39:42Z</time>
      </trkpt>
      <trkpt lat="59.429166" lon="24.654934">
        <ele>7.0</ele>
        <time>2026-08-23T11:39:43Z</time>
      </trkpt>
      <trkpt lat="59.429174" lon="24.654957">
        <ele>7.0</ele>
        <time>2026-08-23T11:39:44Z</time>
      </trkpt>
      <trkpt lat="59.429174" lon="24.654957">
        <ele>7.0</ele>
        <time>2026-08-23T11:39:45Z</time>
      </trkpt>
      <trkpt lat="59.429176" lon="24.654972">
        <ele>7.0</ele>
        <time>2026-08-23T11:39:46Z</time>
      </trkpt>
      <trkpt lat="59.429176" lon="24.654973">
        <ele>7.0</ele>
        <time>2026-08-23T11:39:47Z</time>
      </trkpt>
      <trkpt lat="59.429176" lon="24.654973">
        <ele>7.0</ele>
        <time>2026-08-23T11:39:48Z</time>
      </trkpt>
      <trkpt lat="59.429176" lon="24.654973">
        <ele>7.0</ele>
        <time>2026-08-23T11:39:49Z</time>
      </trkpt>
      <trkpt lat="59.429176" lon="24.654975">
        <ele>7.0</ele>
        <time>2026-08-23T11:39:50Z</time>
      </trkpt>
      <trkpt lat="59.429173" lon="24.654973">
        <ele>7.0</ele>
        <time>2026-08-23T11:39:51Z</time>
      </trkpt>
      <trkpt lat="59.429173" lon="24.654973">
        <ele>7.0</ele>
        <time>2026-08-23T11:39:52Z</time>
      </trkpt>
      <trkpt lat="59.429169" lon="24.65497">
        <ele>7.0</ele>
        <time>2026-08-23T11:39:53Z</time>
      </trkpt>
      <trkpt lat="59.429168" lon="24.654973">
        <ele>7.0</ele>
        <time>2026-08-23T11:39:54Z</time>
      </trkpt>
      <trkpt lat="59.429168" lon="24.654973">
        <ele>7.0</ele>
        <time>2026-08-23T11:39:55Z</time>
      </trkpt>
      <trkpt lat="59.429167" lon="24.65499">
        <ele>7.0</ele>
        <time>2026-08-23T11:39:56Z</time>
      </trkpt>
      <trkpt lat="59.429163" lon="24.654989">
        <ele>7.0</ele>
        <time>2026-08-23T11:39:57Z</time>
      </trkpt>
      <trkpt lat="59.429162" lon="24.65498">
        <ele>7.0</ele>
        <time>2026-08-23T11:39:58Z</time>
      </trkpt>
      <trkpt lat="59.429161" lon="24.654979">
        <ele>7.0</ele>
        <time>2026-08-23T11:39:59Z</time>
      </trkpt>
      <trkpt lat="59.429161" lon="24.65498">
        <ele>7.0</ele>
        <time>2026-08-23T11:40:00Z</time>
      </trkpt>
      <trkpt lat="59.429161" lon="24.65498">
        <ele>7.0</ele>
        <time>2026-08-23T11:40:01Z</time>
      </trkpt>
      <trkpt lat="59.429161" lon="24.65498">
        <ele>7.0</ele>
        <time>2026-08-23T11:40:02Z</time>
      </trkpt>
      <trkpt lat="59.42916" lon="24.654981">
        <ele>7.0</ele>
        <time>2026-08-23T11:40:03Z</time>
      </trkpt>
      <trkpt lat="59.42916" lon="24.654981">
        <ele>7.0</ele>
        <time>2026-08-23T11:40:04Z</time>
      </trkpt>
      <trkpt lat="59.42916" lon="24.654981">
        <ele>7.0</ele>
        <time>2026-08-23T11:40:05Z</time>
      </trkpt>
      <trkpt lat="59.42916" lon="24.654981">
        <ele>7.0</ele>
        <time>2026-08-23T11:40:06Z</time>
      </trkpt>
      <trkpt lat="59.42916" lon="24.654981">
        <ele>7.0</ele>
        <time>2026-08-23T11:40:07Z</time>
      </trkpt>
      <trkpt lat="59.429159" lon="24.654994">
        <ele>7.0</ele>
        <time>2026-08-23T11:40:08Z</time>
      </trkpt>
      <trkpt lat="59.429157" lon="24.654988">
        <ele>7.0</ele>
        <time>2026-08-23T11:40:09Z</time>
      </trkpt>
      <trkpt lat="59.429158" lon="24.654995">
        <ele>7.0</ele>
        <time>2026-08-23T11:40:10Z</time>
      </trkpt>
      <trkpt lat="59.429158" lon="24.654995">
        <ele>7.0</ele>
        <time>2026-08-23T11:40:11Z</time>
      </trkpt>
      <trkpt lat="59.429158" lon="24.654995">
        <ele>7.0</ele>
        <time>2026-08-23T11:40:12Z</time>
      </trkpt>
      <trkpt lat="59.429158" lon="24.654995">
        <ele>7.0</ele>
        <time>2026-08-23T11:40:13Z</time>
      </trkpt>
      <trkpt lat="59.429152" lon="24.654986">
        <ele>7.0</ele>
        <time>2026-08-23T11:40:14Z</time>
      </trkpt>
      <trkpt lat="59.42915" lon="24.654982">
        <ele>7.0</ele>
        <time>2026-08-23T11:40:15Z</time>
      </trkpt>
      <trkpt lat="59.429148" lon="24.654975">
        <ele>7.0</ele>
        <time>2026-08-23T11:40:16Z</time>
      </trkpt>
      <trkpt lat="59.429146" lon="24.654967">
        <ele>7.0</ele>
        <time>2026-08-23T11:40:17Z</time>
      </trkpt>
      <trkpt lat="59.429147" lon="24.654959">
        <ele>7.0</ele>
        <time>2026-08-23T11:40:18Z</time>
      </trkpt>
      <trkpt lat="59.429147" lon="24.654961">
        <ele>7.0</ele>
        <time>2026-08-23T11:40:19Z</time>
      </trkpt>
      <trkpt lat="59.429147" lon="24.654961">
        <ele>7.0</ele>
        <time>2026-08-23T11:40:20Z</time>
      </trkpt>
      <trkpt lat="59.42915" lon="24.654955">
        <ele>7.0</ele>
        <time>2026-08-23T11:40:21Z</time>
      </trkpt>
      <trkpt lat="59.429151" lon="24.654961">
        <ele>7.0</ele>
        <time>2026-08-23T11:40:22Z</time>
      </trkpt>
      <trkpt lat="59.429153" lon="24.654968">
        <ele>7.0</ele>
        <time>2026-08-23T11:40:23Z</time>
      </trkpt>
      <trkpt lat="59.429154" lon="24.654963">
        <ele>7.0</ele>
        <time>2026-08-23T11:40:24Z</time>
      </trkpt>
      <trkpt lat="59.429154" lon="24.654965">
        <ele>7.0</ele>
        <time>2026-08-23T11:40:25Z</time>
      </trkpt>
      <trkpt lat="59.429154" lon="24.654965">
        <ele>7.0</ele>
        <time>2026-08-23T11:40:26Z</time>
      </trkpt>
      <trkpt lat="59.429157" lon="24.654973">
        <ele>7.0</ele>
        <time>2026-08-23T11:40:27Z</time>
      </trkpt>
      <trkpt lat="59.429157" lon="24.654975">
        <ele>7.0</ele>
        <time>2026-08-23T11:40:28Z</time>
      </trkpt>
      <trkpt lat="59.429157" lon="24.654973">
        <ele>7.0</ele>
        <time>2026-08-23T11:40:29Z</time>
      </trkpt>
      <trkpt lat="59.429156" lon="24.65497">
        <ele>7.0</ele>
        <time>2026-08-23T11:40:30Z</time>
      </trkpt>
      <trkpt lat="59.429156" lon="24.65497">
        <ele>7.0</ele>
        <time>2026-08-23T11:40:31Z</time>
      </trkpt>
      <trkpt lat="59.429156" lon="24.65497">
        <ele>7.0</ele>
        <time>2026-08-23T11:40:32Z</time>
      </trkpt>
      <trkpt lat="59.429156" lon="24.65497">
        <ele>7.0</ele>
        <time>2026-08-23T11:40:33Z</time>
      </trkpt>
      <trkpt lat="59.429156" lon="24.654969">
        <ele>7.0</ele>
        <time>2026-08-23T11:40:34Z</time>
      </trkpt>
      <trkpt lat="59.429155" lon="24.65497">
        <ele>7.0</ele>
        <time>2026-08-23T11:40:35Z</time>
      </trkpt>
      <trkpt lat="59.429155" lon="24.65497">
        <ele>7.0</ele>
        <time>2026-08-23T11:40:36Z</time>
      </trkpt>
      <trkpt lat="59.429153" lon="24.654969">
        <ele>7.0</ele>
        <time>2026-08-23T11:40:37Z</time>
      </trkpt>
      <trkpt lat="59.429153" lon="24.654971">
        <ele>7.0</ele>
        <time>2026-08-23T11:40:38Z</time>
      </trkpt>
      <trkpt lat="59.429153" lon="24.654971">
        <ele>7.0</ele>
        <time>2026-08-23T11:40:39Z</time>
      </trkpt>
      <trkpt lat="59.429153" lon="24.654971">
        <ele>7.0</ele>
        <time>2026-08-23T11:40:40Z</time>
      </trkpt>
      <trkpt lat="59.429146" lon="24.65497">
        <ele>7.0</ele>
        <time>2026-08-23T11:40:41Z</time>
      </trkpt>
      <trkpt lat="59.42914" lon="24.654968">
        <ele>7.0</ele>
        <time>2026-08-23T11:40:42Z</time>
      </trkpt>
      <trkpt lat="59.429134" lon="24.654959">
        <ele>7.0</ele>
        <time>2026-08-23T11:40:43Z</time>
      </trkpt>
      <trkpt lat="59.429134" lon="24.654959">
        <ele>7.0</ele>
        <time>2026-08-23T11:40:44Z</time>
      </trkpt>
      <trkpt lat="59.429134" lon="24.654959">
        <ele>7.0</ele>
        <time>2026-08-23T11:40:45Z</time>
      </trkpt>
      <trkpt lat="59.429138" lon="24.654958">
        <ele>7.0</ele>
        <time>2026-08-23T11:40:46Z</time>
      </trkpt>
      <trkpt lat="59.429142" lon="24.654959">
        <ele>7.0</ele>
        <time>2026-08-23T11:40:47Z</time>
      </trkpt>
      <trkpt lat="59.429144" lon="24.654961">
        <ele>7.0</ele>
        <time>2026-08-23T11:40:48Z</time>
      </trkpt>
      <trkpt lat="59.429151" lon="24.654956">
        <ele>7.0</ele>
        <time>2026-08-23T11:40:49Z</time>
      </trkpt>
      <trkpt lat="59.429152" lon="24.654959">
        <ele>7.0</ele>
        <time>2026-08-23T11:40:50Z</time>
      </trkpt>
      <trkpt lat="59.429156" lon="24.654967">
        <ele>7.0</ele>
        <time>2026-08-23T11:40:51Z</time>
      </trkpt>
      <trkpt lat="59.429155" lon="24.654968">
        <ele>7.0</ele>
        <time>2026-08-23T11:40:52Z</time>
      </trkpt>
      <trkpt lat="59.429155" lon="24.654962">
        <ele>7.0</ele>
        <time>2026-08-23T11:40:53Z</time>
      </trkpt>
      <trkpt lat="59.429155" lon="24.654963">
        <ele>7.0</ele>
        <time>2026-08-23T11:40:54Z</time>
      </trkpt>
      <trkpt lat="59.429155" lon="24.654963">
        <ele>7.0</ele>
        <time>2026-08-23T11:40:55Z</time>
      </trkpt>
      <trkpt lat="59.429155" lon="24.654963">
        <ele>7.0</ele>
        <time>2026-08-23T11:40:56Z</time>
      </trkpt>
      <trkpt lat="59.429155" lon="24.654963">
        <ele>7.0</ele>
        <time>2026-08-23T11:40:57Z</time>
      </trkpt>
      <trkpt lat="59.429155" lon="24.654963">
        <ele>7.0</ele>
        <time>2026-08-23T11:40:58Z</time>
      </trkpt>
      <trkpt lat="59.429155" lon="24.654963">
        <ele>7.0</ele>
        <time>2026-08-23T11:40:59Z</time>
      </trkpt>
      <trkpt lat="59.429155" lon="24.654963">
        <ele>7.0</ele>
        <time>2026-08-23T11:41:00Z</time>
      </trkpt>
      <trkpt lat="59.429155" lon="24.654963">
        <ele>7.0</ele>
        <time>2026-08-23T11:41:01Z</time>
      </trkpt>
      <trkpt lat="59.429155" lon="24.654963">
        <ele>7.0</ele>
        <time>2026-08-23T11:41:02Z</time>
      </trkpt>
      <trkpt lat="59.429155" lon="24.654963">
        <ele>7.0</ele>
        <time>2026-08-23T11:41:03Z</time>
      </trkpt>
      <trkpt lat="59.429171" lon="24.654976">
        <ele>7.0</ele>
        <time>2026-08-23T11:41:04Z</time>
      </trkpt>
      <trkpt lat="59.429171" lon="24.654977">
        <ele>7.0</ele>
        <time>2026-08-23T11:41:05Z</time>
      </trkpt>
      <trkpt lat="59.429171" lon="24.654977">
        <ele>7.0</ele>
        <time>2026-08-23T11:41:06Z</time>
      </trkpt>
      <trkpt lat="59.429171" lon="24.654977">
        <ele>7.0</ele>
        <time>2026-08-23T11:41:07Z</time>
      </trkpt>
      <trkpt lat="59.429173" lon="24.654985">
        <ele>7.0</ele>
        <time>2026-08-23T11:41:08Z</time>
      </trkpt>
      <trkpt lat="59.429173" lon="24.654985">
        <ele>7.0</ele>
        <time>2026-08-23T11:41:09Z</time>
      </trkpt>
      <trkpt lat="59.429176" lon="24.654991">
        <ele>7.0</ele>
        <time>2026-08-23T11:41:10Z</time>
      </trkpt>
      <trkpt lat="59.429173" lon="24.654985">
        <ele>7.0</ele>
        <time>2026-08-23T11:41:11Z</time>
      </trkpt>
      <trkpt lat="59.429173" lon="24.654985">
        <ele>7.0</ele>
        <time>2026-08-23T11:41:12Z</time>
      </trkpt>
      <trkpt lat="59.429173" lon="24.654985">
        <ele>7.0</ele>
        <time>2026-08-23T11:41:13Z</time>
      </trkpt>
      <trkpt lat="59.429173" lon="24.654985">
        <ele>7.0</ele>
        <time>2026-08-23T11:41:14Z</time>
      </trkpt>
      <trkpt lat="59.429173" lon="24.654985">
        <ele>7.0</ele>
        <time>2026-08-23T11:41:15Z</time>
      </trkpt>
      <trkpt lat="59.429173" lon="24.654985">
        <ele>7.0</ele>
        <time>2026-08-23T11:41:16Z</time>
      </trkpt>
      <trkpt lat="59.429178" lon="24.654993">
        <ele>7.0</ele>
        <time>2026-08-23T11:41:17Z</time>
      </trkpt>
      <trkpt lat="59.429175" lon="24.654986">
        <ele>7.0</ele>
        <time>2026-08-23T11:41:18Z</time>
      </trkpt>
      <trkpt lat="59.429174" lon="24.654982">
        <ele>7.0</ele>
        <time>2026-08-23T11:41:19Z</time>
      </trkpt>
      <trkpt lat="59.429174" lon="24.654984">
        <ele>7.0</ele>
        <time>2026-08-23T11:41:20Z</time>
      </trkpt>
      <trkpt lat="59.429174" lon="24.654984">
        <ele>7.0</ele>
        <time>2026-08-23T11:41:21Z</time>
      </trkpt>
      <trkpt lat="59.429178" lon="24.655001">
        <ele>7.0</ele>
        <time>2026-08-23T11:41:22Z</time>
      </trkpt>
      <trkpt lat="59.429177" lon="24.655001">
        <ele>7.0</ele>
        <time>2026-08-23T11:41:23Z</time>
      </trkpt>
      <trkpt lat="59.429179" lon="24.655004">
        <ele>7.0</ele>
        <time>2026-08-23T11:41:24Z</time>
      </trkpt>
      <trkpt lat="59.429179" lon="24.655004">
        <ele>7.0</ele>
        <time>2026-08-23T11:41:25Z</time>
      </trkpt>
      <trkpt lat="59.429181" lon="24.655002">
        <ele>7.0</ele>
        <time>2026-08-23T11:41:26Z</time>
      </trkpt>
      <trkpt lat="59.429179" lon="24.654998">
        <ele>7.0</ele>
        <time>2026-08-23T11:41:27Z</time>
      </trkpt>
      <trkpt lat="59.429179" lon="24.654998">
        <ele>7.0</ele>
        <time>2026-08-23T11:41:28Z</time>
      </trkpt>
      <trkpt lat="59.429179" lon="24.654998">
        <ele>7.0</ele>
        <time>2026-08-23T11:41:29Z</time>
      </trkpt>
      <trkpt lat="59.429179" lon="24.654998">
        <ele>7.0</ele>
        <time>2026-08-23T11:41:30Z</time>
      </trkpt>
      <trkpt lat="59.429179" lon="24.654998">
        <ele>7.0</ele>
        <time>2026-08-23T11:41:31Z</time>
      </trkpt>
      <trkpt lat="59.429179" lon="24.654998">
        <ele>7.0</ele>
        <time>2026-08-23T11:41:32Z</time>
      </trkpt>
      <trkpt lat="59.429188" lon="24.655011">
        <ele>7.0</ele>
        <time>2026-08-23T11:41:33Z</time>
      </trkpt>
      <trkpt lat="59.429185" lon="24.655017">
        <ele>7.0</ele>
        <time>2026-08-23T11:41:34Z</time>
      </trkpt>
      <trkpt lat="59.429184" lon="24.655019">
        <ele>7.0</ele>
        <time>2026-08-23T11:41:35Z</time>
      </trkpt>
      <trkpt lat="59.429184" lon="24.655019">
        <ele>7.0</ele>
        <time>2026-08-23T11:41:36Z</time>
      </trkpt>
      <trkpt lat="59.429184" lon="24.655019">
        <ele>7.0</ele>
        <time>2026-08-23T11:41:37Z</time>
      </trkpt>
      <trkpt lat="59.429184" lon="24.655019">
        <ele>7.0</ele>
        <time>2026-08-23T11:41:38Z</time>
      </trkpt>
      <trkpt lat="59.429184" lon="24.655019">
        <ele>7.0</ele>
        <time>2026-08-23T11:41:39Z</time>
      </trkpt>
      <trkpt lat="59.429172" lon="24.655009">
        <ele>7.0</ele>
        <time>2026-08-23T11:41:40Z</time>
      </trkpt>
      <trkpt lat="59.429172" lon="24.655009">
        <ele>7.0</ele>
        <time>2026-08-23T11:41:41Z</time>
      </trkpt>
      <trkpt lat="59.429172" lon="24.655009">
        <ele>7.0</ele>
        <time>2026-08-23T11:41:42Z</time>
      </trkpt>
      <trkpt lat="59.429172" lon="24.655009">
        <ele>7.0</ele>
        <time>2026-08-23T11:41:43Z</time>
      </trkpt>
      <trkpt lat="59.429172" lon="24.655009">
        <ele>7.0</ele>
        <time>2026-08-23T11:41:44Z</time>
      </trkpt>
      <trkpt lat="59.429171" lon="24.655004">
        <ele>7.0</ele>
        <time>2026-08-23T11:41:45Z</time>
      </trkpt>
      <trkpt lat="59.42917" lon="24.655004">
        <ele>7.0</ele>
        <time>2026-08-23T11:41:46Z</time>
      </trkpt>
      <trkpt lat="59.42917" lon="24.655004">
        <ele>7.0</ele>
        <time>2026-08-23T11:41:47Z</time>
      </trkpt>
      <trkpt lat="59.429175" lon="24.654999">
        <ele>7.0</ele>
        <time>2026-08-23T11:41:48Z</time>
      </trkpt>
      <trkpt lat="59.429179" lon="24.655002">
        <ele>7.0</ele>
        <time>2026-08-23T11:41:49Z</time>
      </trkpt>
      <trkpt lat="59.429179" lon="24.655002">
        <ele>7.0</ele>
        <time>2026-08-23T11:41:50Z</time>
      </trkpt>
      <trkpt lat="59.429185" lon="24.655003">
        <ele>7.0</ele>
        <time>2026-08-23T11:41:51Z</time>
      </trkpt>
      <trkpt lat="59.429185" lon="24.655003">
        <ele>7.0</ele>
        <time>2026-08-23T11:41:52Z</time>
      </trkpt>
      <trkpt lat="59.429188" lon="24.655021">
        <ele>7.0</ele>
        <time>2026-08-23T11:41:53Z</time>
      </trkpt>
      <trkpt lat="59.429188" lon="24.655021">
        <ele>7.0</ele>
        <time>2026-08-23T11:41:54Z</time>
      </trkpt>
      <trkpt lat="59.429188" lon="24.655021">
        <ele>7.0</ele>
        <time>2026-08-23T11:41:55Z</time>
      </trkpt>
      <trkpt lat="59.429188" lon="24.655021">
        <ele>7.0</ele>
        <time>2026-08-23T11:41:56Z</time>
      </trkpt>
      <trkpt lat="59.429188" lon="24.655021">
        <ele>7.0</ele>
        <time>2026-08-23T11:41:57Z</time>
      </trkpt>
      <trkpt lat="59.429188" lon="24.655021">
        <ele>7.0</ele>
        <time>2026-08-23T11:41:58Z</time>
      </trkpt>
      <trkpt lat="59.429188" lon="24.655021">
        <ele>7.0</ele>
        <time>2026-08-23T11:41:59Z</time>
      </trkpt>
      <trkpt lat="59.429188" lon="24.655021">
        <ele>7.0</ele>
        <time>2026-08-23T11:42:00Z</time>
      </trkpt>
      <trkpt lat="59.429186" lon="24.65505">
        <ele>7.0</ele>
        <time>2026-08-23T11:42:01Z</time>
      </trkpt>
      <trkpt lat="59.429185" lon="24.65505">
        <ele>7.0</ele>
        <time>2026-08-23T11:42:02Z</time>
      </trkpt>
      <trkpt lat="59.429181" lon="24.65504">
        <ele>7.0</ele>
        <time>2026-08-23T11:42:03Z</time>
      </trkpt>
      <trkpt lat="59.429177" lon="24.65504">
        <ele>7.0</ele>
        <time>2026-08-23T11:42:04Z</time>
      </trkpt>
      <trkpt lat="59.429175" lon="24.655039">
        <ele>7.0</ele>
        <time>2026-08-23T11:42:05Z</time>
      </trkpt>
      <trkpt lat="59.429172" lon="24.655035">
        <ele>7.0</ele>
        <time>2026-08-23T11:42:06Z</time>
      </trkpt>
      <trkpt lat="59.429173" lon="24.655038">
        <ele>7.0</ele>
        <time>2026-08-23T11:42:07Z</time>
      </trkpt>
      <trkpt lat="59.429174" lon="24.655039">
        <ele>7.0</ele>
        <time>2026-08-23T11:42:08Z</time>
      </trkpt>
      <trkpt lat="59.429174" lon="24.655035">
        <ele>7.0</ele>
        <time>2026-08-23T11:42:09Z</time>
      </trkpt>
      <trkpt lat="59.429177" lon="24.655037">
        <ele>7.0</ele>
        <time>2026-08-23T11:42:10Z</time>
      </trkpt>
      <trkpt lat="59.429177" lon="24.655037">
        <ele>7.0</ele>
        <time>2026-08-23T11:42:11Z</time>
      </trkpt>
      <trkpt lat="59.429179" lon="24.65502">
        <ele>7.0</ele>
        <time>2026-08-23T11:42:12Z</time>
      </trkpt>
      <trkpt lat="59.429174" lon="24.65502">
        <ele>7.0</ele>
        <time>2026-08-23T11:42:13Z</time>
      </trkpt>
      <trkpt lat="59.429173" lon="24.655021">
        <ele>7.0</ele>
        <time>2026-08-23T11:42:14Z</time>
      </trkpt>
      <trkpt lat="59.429173" lon="24.655021">
        <ele>7.0</ele>
        <time>2026-08-23T11:42:15Z</time>
      </trkpt>
      <trkpt lat="59.429173" lon="24.655021">
        <ele>7.0</ele>
        <time>2026-08-23T11:42:16Z</time>
      </trkpt>
      <trkpt lat="59.429177" lon="24.655029">
        <ele>7.0</ele>
        <time>2026-08-23T11:42:17Z</time>
      </trkpt>
      <trkpt lat="59.42918" lon="24.655029">
        <ele>7.0</ele>
        <time>2026-08-23T11:42:18Z</time>
      </trkpt>
      <trkpt lat="59.429187" lon="24.655028">
        <ele>7.0</ele>
        <time>2026-08-23T11:42:19Z</time>
      </trkpt>
      <trkpt lat="59.429187" lon="24.65503">
        <ele>7.0</ele>
        <time>2026-08-23T11:42:20Z</time>
      </trkpt>
      <trkpt lat="59.42919" lon="24.655006">
        <ele>7.0</ele>
        <time>2026-08-23T11:42:21Z</time>
      </trkpt>
      <trkpt lat="59.429187" lon="24.655004">
        <ele>7.0</ele>
        <time>2026-08-23T11:42:22Z</time>
      </trkpt>
      <trkpt lat="59.429187" lon="24.655004">
        <ele>7.0</ele>
        <time>2026-08-23T11:42:23Z</time>
      </trkpt>
      <trkpt lat="59.429187" lon="24.655004">
        <ele>7.0</ele>
        <time>2026-08-23T11:42:24Z</time>
      </trkpt>
      <trkpt lat="59.429187" lon="24.655004">
        <ele>7.0</ele>
        <time>2026-08-23T11:42:25Z</time>
      </trkpt>
      <trkpt lat="59.429183" lon="24.65501">
        <ele>7.0</ele>
        <time>2026-08-23T11:42:26Z</time>
      </trkpt>
      <trkpt lat="59.429186" lon="24.655013">
        <ele>7.0</ele>
        <time>2026-08-23T11:42:27Z</time>
      </trkpt>
      <trkpt lat="59.429185" lon="24.655014">
        <ele>7.0</ele>
        <time>2026-08-23T11:42:28Z</time>
      </trkpt>
      <trkpt lat="59.429185" lon="24.655014">
        <ele>7.0</ele>
        <time>2026-08-23T11:42:29Z</time>
      </trkpt>
      <trkpt lat="59.429185" lon="24.655014">
        <ele>7.0</ele>
        <time>2026-08-23T11:42:30Z</time>
      </trkpt>
      <trkpt lat="59.429189" lon="24.655045">
        <ele>7.0</ele>
        <time>2026-08-23T11:42:31Z</time>
      </trkpt>
      <trkpt lat="59.429186" lon="24.65504">
        <ele>7.0</ele>
        <time>2026-08-23T11:42:32Z</time>
      </trkpt>
      <trkpt lat="59.429187" lon="24.65504">
        <ele>7.0</ele>
        <time>2026-08-23T11:42:33Z</time>
      </trkpt>
      <trkpt lat="59.429186" lon="24.655043">
        <ele>7.0</ele>
        <time>2026-08-23T11:42:34Z</time>
      </trkpt>
      <trkpt lat="59.429183" lon="24.65505">
        <ele>7.0</ele>
        <time>2026-08-23T11:42:35Z</time>
      </trkpt>
      <trkpt lat="59.429177" lon="24.655044">
        <ele>7.0</ele>
        <time>2026-08-23T11:42:36Z</time>
      </trkpt>
      <trkpt lat="59.429177" lon="24.655044">
        <ele>7.0</ele>
        <time>2026-08-23T11:42:37Z</time>
      </trkpt>
      <trkpt lat="59.429179" lon="24.655053">
        <ele>7.0</ele>
        <time>2026-08-23T11:42:38Z</time>
      </trkpt>
      <trkpt lat="59.429186" lon="24.655064">
        <ele>7.0</ele>
        <time>2026-08-23T11:42:39Z</time>
      </trkpt>
      <trkpt lat="59.429185" lon="24.655065">
        <ele>7.0</ele>
        <time>2026-08-23T11:42:40Z</time>
      </trkpt>
      <trkpt lat="59.429185" lon="24.655065">
        <ele>7.0</ele>
        <time>2026-08-23T11:42:41Z</time>
      </trkpt>
      <trkpt lat="59.429185" lon="24.655065">
        <ele>7.0</ele>
        <time>2026-08-23T11:42:42Z</time>
      </trkpt>
      <trkpt lat="59.429185" lon="24.655065">
        <ele>7.0</ele>
        <time>2026-08-23T11:42:43Z</time>
      </trkpt>
      <trkpt lat="59.429196" lon="24.655069">
        <ele>7.0</ele>
        <time>2026-08-23T11:42:44Z</time>
      </trkpt>
      <trkpt lat="59.429196" lon="24.65507">
        <ele>7.0</ele>
        <time>2026-08-23T11:42:45Z</time>
      </trkpt>
      <trkpt lat="59.429196" lon="24.65507">
        <ele>7.0</ele>
        <time>2026-08-23T11:42:46Z</time>
      </trkpt>
      <trkpt lat="59.429196" lon="24.65507">
        <ele>7.0</ele>
        <time>2026-08-23T11:42:47Z</time>
      </trkpt>
      <trkpt lat="59.429196" lon="24.65507">
        <ele>7.0</ele>
        <time>2026-08-23T11:42:48Z</time>
      </trkpt>
      <trkpt lat="59.429196" lon="24.65507">
        <ele>7.0</ele>
        <time>2026-08-23T11:42:49Z</time>
      </trkpt>
      <trkpt lat="59.429196" lon="24.65507">
        <ele>7.0</ele>
        <time>2026-08-23T11:42:50Z</time>
      </trkpt>
      <trkpt lat="59.429196" lon="24.65507">
        <ele>7.0</ele>
        <time>2026-08-23T11:42:51Z</time>
      </trkpt>
      <trkpt lat="59.429196" lon="24.65507">
        <ele>7.0</ele>
        <time>2026-08-23T11:42:52Z</time>
      </trkpt>
      <trkpt lat="59.429196" lon="24.65507">
        <ele>7.0</ele>
        <time>2026-08-23T11:42:53Z</time>
      </trkpt>
      <trkpt lat="59.429196" lon="24.65507">
        <ele>7.0</ele>
        <time>2026-08-23T11:42:54Z</time>
      </trkpt>
      <trkpt lat="59.429191" lon="24.655059">
        <ele>7.0</ele>
        <time>2026-08-23T11:42:55Z</time>
      </trkpt>
      <trkpt lat="59.429191" lon="24.655062">
        <ele>7.0</ele>
        <time>2026-08-23T11:42:56Z</time>
      </trkpt>
      <trkpt lat="59.429191" lon="24.655069">
        <ele>7.0</ele>
        <time>2026-08-23T11:42:57Z</time>
      </trkpt>
      <trkpt lat="59.429189" lon="24.655066">
        <ele>7.0</ele>
        <time>2026-08-23T11:42:58Z</time>
      </trkpt>
      <trkpt lat="59.429188" lon="24.655062">
        <ele>7.0</ele>
        <time>2026-08-23T11:42:59Z</time>
      </trkpt>
      <trkpt lat="59.429188" lon="24.655062">
        <ele>7.0</ele>
        <time>2026-08-23T11:43:00Z</time>
      </trkpt>
      <trkpt lat="59.429188" lon="24.655062">
        <ele>7.0</ele>
        <time>2026-08-23T11:43:01Z</time>
      </trkpt>
      <trkpt lat="59.429188" lon="24.655062">
        <ele>7.0</ele>
        <time>2026-08-23T11:43:02Z</time>
      </trkpt>
      <trkpt lat="59.429188" lon="24.655062">
        <ele>7.0</ele>
        <time>2026-08-23T11:43:03Z</time>
      </trkpt>
      <trkpt lat="59.429188" lon="24.655062">
        <ele>7.0</ele>
        <time>2026-08-23T11:43:04Z</time>
      </trkpt>
      <trkpt lat="59.429188" lon="24.655062">
        <ele>7.0</ele>
        <time>2026-08-23T11:43:05Z</time>
      </trkpt>
      <trkpt lat="59.429188" lon="24.655062">
        <ele>7.0</ele>
        <time>2026-08-23T11:43:06Z</time>
      </trkpt>
      <trkpt lat="59.429186" lon="24.655059">
        <ele>7.0</ele>
        <time>2026-08-23T11:43:07Z</time>
      </trkpt>
      <trkpt lat="59.429184" lon="24.655064">
        <ele>7.0</ele>
        <time>2026-08-23T11:43:08Z</time>
      </trkpt>
      <trkpt lat="59.429184" lon="24.655068">
        <ele>7.0</ele>
        <time>2026-08-23T11:43:09Z</time>
      </trkpt>
      <trkpt lat="59.429182" lon="24.655072">
        <ele>7.0</ele>
        <time>2026-08-23T11:43:10Z</time>
      </trkpt>
      <trkpt lat="59.429182" lon="24.655072">
        <ele>7.0</ele>
        <time>2026-08-23T11:43:11Z</time>
      </trkpt>
      <trkpt lat="59.429182" lon="24.655072">
        <ele>7.0</ele>
        <time>2026-08-23T11:43:12Z</time>
      </trkpt>
      <trkpt lat="59.429182" lon="24.655072">
        <ele>7.0</ele>
        <time>2026-08-23T11:43:13Z</time>
      </trkpt>
      <trkpt lat="59.429182" lon="24.655072">
        <ele>7.0</ele>
        <time>2026-08-23T11:43:14Z</time>
      </trkpt>
      <trkpt lat="59.429182" lon="24.655072">
        <ele>7.0</ele>
        <time>2026-08-23T11:43:15Z</time>
      </trkpt>
      <trkpt lat="59.429182" lon="24.655072">
        <ele>7.0</ele>
        <time>2026-08-23T11:43:16Z</time>
      </trkpt>
      <trkpt lat="59.429182" lon="24.655072">
        <ele>7.0</ele>
        <time>2026-08-23T11:43:17Z</time>
      </trkpt>
      <trkpt lat="59.429183" lon="24.655079">
        <ele>7.0</ele>
        <time>2026-08-23T11:43:18Z</time>
      </trkpt>
      <trkpt lat="59.429184" lon="24.655079">
        <ele>7.0</ele>
        <time>2026-08-23T11:43:19Z</time>
      </trkpt>
      <trkpt lat="59.429184" lon="24.655081">
        <ele>7.0</ele>
        <time>2026-08-23T11:43:20Z</time>
      </trkpt>
      <trkpt lat="59.429181" lon="24.655078">
        <ele>7.0</ele>
        <time>2026-08-23T11:43:21Z</time>
      </trkpt>
      <trkpt lat="59.429177" lon="24.655068">
        <ele>7.0</ele>
        <time>2026-08-23T11:43:22Z</time>
      </trkpt>
      <trkpt lat="59.429177" lon="24.655057">
        <ele>7.0</ele>
        <time>2026-08-23T11:43:23Z</time>
      </trkpt>
      <trkpt lat="59.429177" lon="24.655054">
        <ele>7.0</ele>
        <time>2026-08-23T11:43:24Z</time>
      </trkpt>
      <trkpt lat="59.429174" lon="24.655053">
        <ele>7.0</ele>
        <time>2026-08-23T11:43:25Z</time>
      </trkpt>
      <trkpt lat="59.429174" lon="24.655053">
        <ele>7.0</ele>
        <time>2026-08-23T11:43:26Z</time>
      </trkpt>
      <trkpt lat="59.429172" lon="24.655063">
        <ele>7.0</ele>
        <time>2026-08-23T11:43:27Z</time>
      </trkpt>
      <trkpt lat="59.429174" lon="24.655066">
        <ele>7.0</ele>
        <time>2026-08-23T11:43:28Z</time>
      </trkpt>
      <trkpt lat="59.429169" lon="24.655062">
        <ele>7.0</ele>
        <time>2026-08-23T11:43:29Z</time>
      </trkpt>
      <trkpt lat="59.429172" lon="24.655063">
        <ele>7.0</ele>
        <time>2026-08-23T11:43:30Z</time>
      </trkpt>
      <trkpt lat="59.429175" lon="24.65505">
        <ele>7.0</ele>
        <time>2026-08-23T11:43:31Z</time>
      </trkpt>
      <trkpt lat="59.429178" lon="24.655037">
        <ele>7.0</ele>
        <time>2026-08-23T11:43:32Z</time>
      </trkpt>
      <trkpt lat="59.429174" lon="24.655029">
        <ele>7.0</ele>
        <time>2026-08-23T11:43:33Z</time>
      </trkpt>
      <trkpt lat="59.429174" lon="24.65503">
        <ele>7.0</ele>
        <time>2026-08-23T11:43:34Z</time>
      </trkpt>
      <trkpt lat="59.429177" lon="24.65503">
        <ele>7.0</ele>
        <time>2026-08-23T11:43:35Z</time>
      </trkpt>
      <trkpt lat="59.429175" lon="24.655032">
        <ele>7.0</ele>
        <time>2026-08-23T11:43:36Z</time>
      </trkpt>
      <trkpt lat="59.429172" lon="24.655035">
        <ele>7.0</ele>
        <time>2026-08-23T11:43:37Z</time>
      </trkpt>
      <trkpt lat="59.429172" lon="24.655035">
        <ele>7.0</ele>
        <time>2026-08-23T11:43:38Z</time>
      </trkpt>
      <trkpt lat="59.429172" lon="24.655035">
        <ele>7.0</ele>
        <time>2026-08-23T11:43:39Z</time>
      </trkpt>
      <trkpt lat="59.429172" lon="24.655035">
        <ele>7.0</ele>
        <time>2026-08-23T11:43:40Z</time>
      </trkpt>
      <trkpt lat="59.429174" lon="24.655031">
        <ele>7.0</ele>
        <time>2026-08-23T11:43:41Z</time>
      </trkpt>
      <trkpt lat="59.429173" lon="24.655031">
        <ele>7.0</ele>
        <time>2026-08-23T11:43:42Z</time>
      </trkpt>
      <trkpt lat="59.429173" lon="24.655031">
        <ele>7.0</ele>
        <time>2026-08-23T11:43:43Z</time>
      </trkpt>
      <trkpt lat="59.429179" lon="24.655018">
        <ele>7.0</ele>
        <time>2026-08-23T11:43:44Z</time>
      </trkpt>
      <trkpt lat="59.429179" lon="24.655018">
        <ele>7.0</ele>
        <time>2026-08-23T11:43:45Z</time>
      </trkpt>
      <trkpt lat="59.429177" lon="24.655021">
        <ele>7.0</ele>
        <time>2026-08-23T11:43:46Z</time>
      </trkpt>
      <trkpt lat="59.429177" lon="24.655028">
        <ele>7.0</ele>
        <time>2026-08-23T11:43:47Z</time>
      </trkpt>
      <trkpt lat="59.429175" lon="24.655035">
        <ele>7.0</ele>
        <time>2026-08-23T11:43:48Z</time>
      </trkpt>
      <trkpt lat="59.429173" lon="24.655044">
        <ele>7.0</ele>
        <time>2026-08-23T11:43:49Z</time>
      </trkpt>
      <trkpt lat="59.429175" lon="24.655047">
        <ele>7.0</ele>
        <time>2026-08-23T11:43:50Z</time>
      </trkpt>
      <trkpt lat="59.429181" lon="24.655051">
        <ele>7.0</ele>
        <time>2026-08-23T11:43:51Z</time>
      </trkpt>
      <trkpt lat="59.429184" lon="24.655044">
        <ele>7.0</ele>
        <time>2026-08-23T11:43:52Z</time>
      </trkpt>
      <trkpt lat="59.429185" lon="24.655046">
        <ele>7.0</ele>
        <time>2026-08-23T11:43:53Z</time>
      </trkpt>
      <trkpt lat="59.429185" lon="24.655046">
        <ele>7.0</ele>
        <time>2026-08-23T11:43:54Z</time>
      </trkpt>
      <trkpt lat="59.429185" lon="24.655046">
        <ele>7.0</ele>
        <time>2026-08-23T11:43:55Z</time>
      </trkpt>
      <trkpt lat="59.429185" lon="24.655046">
        <ele>7.0</ele>
        <time>2026-08-23T11:43:56Z</time>
      </trkpt>
      <trkpt lat="59.429202" lon="24.655044">
        <ele>7.0</ele>
        <time>2026-08-23T11:43:57Z</time>
      </trkpt>
      <trkpt lat="59.429202" lon="24.655046">
        <ele>7.0</ele>
        <time>2026-08-23T11:43:58Z</time>
      </trkpt>
      <trkpt lat="59.429204" lon="24.655059">
        <ele>7.0</ele>
        <time>2026-08-23T11:43:59Z</time>
      </trkpt>
      <trkpt lat="59.429204" lon="24.655059">
        <ele>7.0</ele>
        <time>2026-08-23T11:44:00Z</time>
      </trkpt>
      <trkpt lat="59.429204" lon="24.655059">
        <ele>7.0</ele>
        <time>2026-08-23T11:44:01Z</time>
      </trkpt>
      <trkpt lat="59.429204" lon="24.655059">
        <ele>7.0</ele>
        <time>2026-08-23T11:44:02Z</time>
      </trkpt>
      <trkpt lat="59.429204" lon="24.655059">
        <ele>7.0</ele>
        <time>2026-08-23T11:44:03Z</time>
      </trkpt>
      <trkpt lat="59.42921" lon="24.655078">
        <ele>7.0</ele>
        <time>2026-08-23T11:44:04Z</time>
      </trkpt>
      <trkpt lat="59.429208" lon="24.655087">
        <ele>7.0</ele>
        <time>2026-08-23T11:44:05Z</time>
      </trkpt>
      <trkpt lat="59.429203" lon="24.655087">
        <ele>7.0</ele>
        <time>2026-08-23T11:44:06Z</time>
      </trkpt>
      <trkpt lat="59.429203" lon="24.655087">
        <ele>7.0</ele>
        <time>2026-08-23T11:44:07Z</time>
      </trkpt>
      <trkpt lat="59.429203" lon="24.655087">
        <ele>7.0</ele>
        <time>2026-08-23T11:44:08Z</time>
      </trkpt>
      <trkpt lat="59.429203" lon="24.655087">
        <ele>7.0</ele>
        <time>2026-08-23T11:44:09Z</time>
      </trkpt>
      <trkpt lat="59.429203" lon="24.655087">
        <ele>7.0</ele>
        <time>2026-08-23T11:44:10Z</time>
      </trkpt>
      <trkpt lat="59.429203" lon="24.655087">
        <ele>7.0</ele>
        <time>2026-08-23T11:44:11Z</time>
      </trkpt>
      <trkpt lat="59.429203" lon="24.655087">
        <ele>7.0</ele>
        <time>2026-08-23T11:44:12Z</time>
      </trkpt>
      <trkpt lat="59.429203" lon="24.655087">
        <ele>7.0</ele>
        <time>2026-08-23T11:44:13Z</time>
      </trkpt>
      <trkpt lat="59.429187" lon="24.655063">
        <ele>7.0</ele>
        <time>2026-08-23T11:44:14Z</time>
      </trkpt>
      <trkpt lat="59.429187" lon="24.655065">
        <ele>7.0</ele>
        <time>2026-08-23T11:44:15Z</time>
      </trkpt>
      <trkpt lat="59.429187" lon="24.65506">
        <ele>7.0</ele>
        <time>2026-08-23T11:44:16Z</time>
      </trkpt>
      <trkpt lat="59.429187" lon="24.655062">
        <ele>7.0</ele>
        <time>2026-08-23T11:44:17Z</time>
      </trkpt>
      <trkpt lat="59.429187" lon="24.655062">
        <ele>7.0</ele>
        <time>2026-08-23T11:44:18Z</time>
      </trkpt>
      <trkpt lat="59.429187" lon="24.655062">
        <ele>7.0</ele>
        <time>2026-08-23T11:44:19Z</time>
      </trkpt>
      <trkpt lat="59.429187" lon="24.655062">
        <ele>7.0</ele>
        <time>2026-08-23T11:44:20Z</time>
      </trkpt>
      <trkpt lat="59.429187" lon="24.655062">
        <ele>7.0</ele>
        <time>2026-08-23T11:44:21Z</time>
      </trkpt>
      <trkpt lat="59.429187" lon="24.655062">
        <ele>7.0</ele>
        <time>2026-08-23T11:44:22Z</time>
      </trkpt>
      <trkpt lat="59.429187" lon="24.655062">
        <ele>7.0</ele>
        <time>2026-08-23T11:44:23Z</time>
      </trkpt>
      <trkpt lat="59.429187" lon="24.655062">
        <ele>7.0</ele>
        <time>2026-08-23T11:44:24Z</time>
      </trkpt>
      <trkpt lat="59.429187" lon="24.655062">
        <ele>7.0</ele>
        <time>2026-08-23T11:44:25Z</time>
      </trkpt>
      <trkpt lat="59.429181" lon="24.654995">
        <ele>7.0</ele>
        <time>2026-08-23T11:44:26Z</time>
      </trkpt>
      <trkpt lat="59.429179" lon="24.654995">
        <ele>7.0</ele>
        <time>2026-08-23T11:44:27Z</time>
      </trkpt>
      <trkpt lat="59.429174" lon="24.654993">
        <ele>7.0</ele>
        <time>2026-08-23T11:44:28Z</time>
      </trkpt>
      <trkpt lat="59.429174" lon="24.654993">
        <ele>7.0</ele>
        <time>2026-08-23T11:44:29Z</time>
      </trkpt>
      <trkpt lat="59.42917" lon="24.654992">
        <ele>7.0</ele>
        <time>2026-08-23T11:44:30Z</time>
      </trkpt>
      <trkpt lat="59.42917" lon="24.654991">
        <ele>7.0</ele>
        <time>2026-08-23T11:44:31Z</time>
      </trkpt>
      <trkpt lat="59.42917" lon="24.654991">
        <ele>7.0</ele>
        <time>2026-08-23T11:44:32Z</time>
      </trkpt>
      <trkpt lat="59.42917" lon="24.654991">
        <ele>7.0</ele>
        <time>2026-08-23T11:44:33Z</time>
      </trkpt>
      <trkpt lat="59.42917" lon="24.654991">
        <ele>7.0</ele>
        <time>2026-08-23T11:44:34Z</time>
      </trkpt>
      <trkpt lat="59.42917" lon="24.654991">
        <ele>7.0</ele>
        <time>2026-08-23T11:44:35Z</time>
      </trkpt>
      <trkpt lat="59.42917" lon="24.654991">
        <ele>7.0</ele>
        <time>2026-08-23T11:44:36Z</time>
      </trkpt>
      <trkpt lat="59.429167" lon="24.655012">
        <ele>7.0</ele>
        <time>2026-08-23T11:44:37Z</time>
      </trkpt>
      <trkpt lat="59.429166" lon="24.655009">
        <ele>7.0</ele>
        <time>2026-08-23T11:44:38Z</time>
      </trkpt>
      <trkpt lat="59.429167" lon="24.655008">
        <ele>7.0</ele>
        <time>2026-08-23T11:44:39Z</time>
      </trkpt>
      <trkpt lat="59.429171" lon="24.655011">
        <ele>7.0</ele>
        <time>2026-08-23T11:44:40Z</time>
      </trkpt>
      <trkpt lat="59.429174" lon="24.655013">
        <ele>7.0</ele>
        <time>2026-08-23T11:44:41Z</time>
      </trkpt>
      <trkpt lat="59.429172" lon="24.655004">
        <ele>7.0</ele>
        <time>2026-08-23T11:44:42Z</time>
      </trkpt>
      <trkpt lat="59.429174" lon="24.655002">
        <ele>7.0</ele>
        <time>2026-08-23T11:44:43Z</time>
      </trkpt>
      <trkpt lat="59.429182" lon="24.654996">
        <ele>7.0</ele>
        <time>2026-08-23T11:44:44Z</time>
      </trkpt>
      <trkpt lat="59.429182" lon="24.655002">
        <ele>7.0</ele>
        <time>2026-08-23T11:44:45Z</time>
      </trkpt>
      <trkpt lat="59.429182" lon="24.655003">
        <ele>7.0</ele>
        <time>2026-08-23T11:44:46Z</time>
      </trkpt>
      <trkpt lat="59.429182" lon="24.655003">
        <ele>7.0</ele>
        <time>2026-08-23T11:44:47Z</time>
      </trkpt>
      <trkpt lat="59.42918" lon="24.655021">
        <ele>7.0</ele>
        <time>2026-08-23T11:44:48Z</time>
      </trkpt>
      <trkpt lat="59.429181" lon="24.655022">
        <ele>7.0</ele>
        <time>2026-08-23T11:44:49Z</time>
      </trkpt>
      <trkpt lat="59.429177" lon="24.655025">
        <ele>7.0</ele>
        <time>2026-08-23T11:44:50Z</time>
      </trkpt>
      <trkpt lat="59.429177" lon="24.655025">
        <ele>7.0</ele>
        <time>2026-08-23T11:44:51Z</time>
      </trkpt>
      <trkpt lat="59.429177" lon="24.655025">
        <ele>7.0</ele>
        <time>2026-08-23T11:44:52Z</time>
      </trkpt>
      <trkpt lat="59.429177" lon="24.655025">
        <ele>7.0</ele>
        <time>2026-08-23T11:44:53Z</time>
      </trkpt>
      <trkpt lat="59.429177" lon="24.655025">
        <ele>7.0</ele>
        <time>2026-08-23T11:44:54Z</time>
      </trkpt>
      <trkpt lat="59.429176" lon="24.655055">
        <ele>7.0</ele>
        <time>2026-08-23T11:44:55Z</time>
      </trkpt>
      <trkpt lat="59.429177" lon="24.655054">
        <ele>7.0</ele>
        <time>2026-08-23T11:44:56Z</time>
      </trkpt>
      <trkpt lat="59.429177" lon="24.655054">
        <ele>7.0</ele>
        <time>2026-08-23T11:44:57Z</time>
      </trkpt>
      <trkpt lat="59.429183" lon="24.655055">
        <ele>7.0</ele>
        <time>2026-08-23T11:44:58Z</time>
      </trkpt>
      <trkpt lat="59.429181" lon="24.655056">
        <ele>7.0</ele>
        <time>2026-08-23T11:44:59Z</time>
      </trkpt>
      <trkpt lat="59.429181" lon="24.655056">
        <ele>7.0</ele>
        <time>2026-08-23T11:45:00Z</time>
      </trkpt>
      <trkpt lat="59.429181" lon="24.655056">
        <ele>7.0</ele>
        <time>2026-08-23T11:45:01Z</time>
      </trkpt>
      <trkpt lat="59.429181" lon="24.655056">
        <ele>7.0</ele>
        <time>2026-08-23T11:45:02Z</time>
      </trkpt>
      <trkpt lat="59.429186" lon="24.655032">
        <ele>7.0</ele>
        <time>2026-08-23T11:45:03Z</time>
      </trkpt>
      <trkpt lat="59.429185" lon="24.655041">
        <ele>7.0</ele>
        <time>2026-08-23T11:45:04Z</time>
      </trkpt>
      <trkpt lat="59.429181" lon="24.655051">
        <ele>7.0</ele>
        <time>2026-08-23T11:45:05Z</time>
      </trkpt>
      <trkpt lat="59.429181" lon="24.655053">
        <ele>7.0</ele>
        <time>2026-08-23T11:45:06Z</time>
      </trkpt>
      <trkpt lat="59.429181" lon="24.655053">
        <ele>7.0</ele>
        <time>2026-08-23T11:45:07Z</time>
      </trkpt>
      <trkpt lat="59.429181" lon="24.655053">
        <ele>7.0</ele>
        <time>2026-08-23T11:45:08Z</time>
      </trkpt>
      <trkpt lat="59.429181" lon="24.655053">
        <ele>7.0</ele>
        <time>2026-08-23T11:45:09Z</time>
      </trkpt>
      <trkpt lat="59.429181" lon="24.655053">
        <ele>7.0</ele>
        <time>2026-08-23T11:45:10Z</time>
      </trkpt>
      <trkpt lat="59.429181" lon="24.655053">
        <ele>7.0</ele>
        <time>2026-08-23T11:45:11Z</time>
      </trkpt>
      <trkpt lat="59.429181" lon="24.655053">
        <ele>7.0</ele>
        <time>2026-08-23T11:45:12Z</time>
      </trkpt>
      <trkpt lat="59.429181" lon="24.655053">
        <ele>7.0</ele>
        <time>2026-08-23T11:45:13Z</time>
      </trkpt>
      <trkpt lat="59.429179" lon="24.655025">
        <ele>7.0</ele>
        <time>2026-08-23T11:45:14Z</time>
      </trkpt>
      <trkpt lat="59.429179" lon="24.655021">
        <ele>7.0</ele>
        <time>2026-08-23T11:45:15Z</time>
      </trkpt>
      <trkpt lat="59.429178" lon="24.655022">
        <ele>7.0</ele>
        <time>2026-08-23T11:45:16Z</time>
      </trkpt>
      <trkpt lat="59.429178" lon="24.655022">
        <ele>7.0</ele>
        <time>2026-08-23T11:45:17Z</time>
      </trkpt>
      <trkpt lat="59.429183" lon="24.655012">
        <ele>7.0</ele>
        <time>2026-08-23T11:45:18Z</time>
      </trkpt>
      <trkpt lat="59.429183" lon="24.655012">
        <ele>7.0</ele>
        <time>2026-08-23T11:45:19Z</time>
      </trkpt>
      <trkpt lat="59.429183" lon="24.655014">
        <ele>7.0</ele>
        <time>2026-08-23T11:45:20Z</time>
      </trkpt>
      <trkpt lat="59.429181" lon="24.655004">
        <ele>7.0</ele>
        <time>2026-08-23T11:45:21Z</time>
      </trkpt>
      <trkpt lat="59.429183" lon="24.654999">
        <ele>7.0</ele>
        <time>2026-08-23T11:45:22Z</time>
      </trkpt>
      <trkpt lat="59.429183" lon="24.655001">
        <ele>7.0</ele>
        <time>2026-08-23T11:45:23Z</time>
      </trkpt>
      <trkpt lat="59.429183" lon="24.655001">
        <ele>7.0</ele>
        <time>2026-08-23T11:45:24Z</time>
      </trkpt>
      <trkpt lat="59.429183" lon="24.655001">
        <ele>7.0</ele>
        <time>2026-08-23T11:45:25Z</time>
      </trkpt>
      <trkpt lat="59.429183" lon="24.655001">
        <ele>7.0</ele>
        <time>2026-08-23T11:45:26Z</time>
      </trkpt>
      <trkpt lat="59.429183" lon="24.655001">
        <ele>7.0</ele>
        <time>2026-08-23T11:45:27Z</time>
      </trkpt>
      <trkpt lat="59.429183" lon="24.655001">
        <ele>7.0</ele>
        <time>2026-08-23T11:45:28Z</time>
      </trkpt>
      <trkpt lat="59.429179" lon="24.654998">
        <ele>7.0</ele>
        <time>2026-08-23T11:45:29Z</time>
      </trkpt>
      <trkpt lat="59.429178" lon="24.654997">
        <ele>7.0</ele>
        <time>2026-08-23T11:45:30Z</time>
      </trkpt>
      <trkpt lat="59.429177" lon="24.654996">
        <ele>7.0</ele>
        <time>2026-08-23T11:45:31Z</time>
      </trkpt>
      <trkpt lat="59.429182" lon="24.654993">
        <ele>7.0</ele>
        <time>2026-08-23T11:45:32Z</time>
      </trkpt>
      <trkpt lat="59.429179" lon="24.654994">
        <ele>7.0</ele>
        <time>2026-08-23T11:45:33Z</time>
      </trkpt>
      <trkpt lat="59.429178" lon="24.654994">
        <ele>7.0</ele>
        <time>2026-08-23T11:45:34Z</time>
      </trkpt>
      <trkpt lat="59.429178" lon="24.654994">
        <ele>7.0</ele>
        <time>2026-08-23T11:45:35Z</time>
      </trkpt>
      <trkpt lat="59.429179" lon="24.655028">
        <ele>7.0</ele>
        <time>2026-08-23T11:45:36Z</time>
      </trkpt>
      <trkpt lat="59.429179" lon="24.655041">
        <ele>7.0</ele>
        <time>2026-08-23T11:45:37Z</time>
      </trkpt>
      <trkpt lat="59.429179" lon="24.655043">
        <ele>7.0</ele>
        <time>2026-08-23T11:45:38Z</time>
      </trkpt>
      <trkpt lat="59.429181" lon="24.655035">
        <ele>7.0</ele>
        <time>2026-08-23T11:45:39Z</time>
      </trkpt>
      <trkpt lat="59.429181" lon="24.655042">
        <ele>7.0</ele>
        <time>2026-08-23T11:45:40Z</time>
      </trkpt>
      <trkpt lat="59.429179" lon="24.655041">
        <ele>7.0</ele>
        <time>2026-08-23T11:45:41Z</time>
      </trkpt>
      <trkpt lat="59.429182" lon="24.655039">
        <ele>7.0</ele>
        <time>2026-08-23T11:45:42Z</time>
      </trkpt>
      <trkpt lat="59.429184" lon="24.655042">
        <ele>7.0</ele>
        <time>2026-08-23T11:45:43Z</time>
      </trkpt>
      <trkpt lat="59.429184" lon="24.655044">
        <ele>7.0</ele>
        <time>2026-08-23T11:45:44Z</time>
      </trkpt>
      <trkpt lat="59.429187" lon="24.655039">
        <ele>7.0</ele>
        <time>2026-08-23T11:45:45Z</time>
      </trkpt>
      <trkpt lat="59.429186" lon="24.655039">
        <ele>7.0</ele>
        <time>2026-08-23T11:45:46Z</time>
      </trkpt>
      <trkpt lat="59.429186" lon="24.655039">
        <ele>7.0</ele>
        <time>2026-08-23T11:45:47Z</time>
      </trkpt>
      <trkpt lat="59.429186" lon="24.655039">
        <ele>7.0</ele>
        <time>2026-08-23T11:45:48Z</time>
      </trkpt>
      <trkpt lat="59.429183" lon="24.655045">
        <ele>7.0</ele>
        <time>2026-08-23T11:45:49Z</time>
      </trkpt>
      <trkpt lat="59.429182" lon="24.655045">
        <ele>7.0</ele>
        <time>2026-08-23T11:45:50Z</time>
      </trkpt>
      <trkpt lat="59.429182" lon="24.655045">
        <ele>7.0</ele>
        <time>2026-08-23T11:45:51Z</time>
      </trkpt>
      <trkpt lat="59.429182" lon="24.655045">
        <ele>7.0</ele>
        <time>2026-08-23T11:45:52Z</time>
      </trkpt>
      <trkpt lat="59.429178" lon="24.655041">
        <ele>7.0</ele>
        <time>2026-08-23T11:45:53Z</time>
      </trkpt>
      <trkpt lat="59.429178" lon="24.655041">
        <ele>7.0</ele>
        <time>2026-08-23T11:45:54Z</time>
      </trkpt>
      <trkpt lat="59.429184" lon="24.655014">
        <ele>7.0</ele>
        <time>2026-08-23T11:45:55Z</time>
      </trkpt>
      <trkpt lat="59.429183" lon="24.655015">
        <ele>7.0</ele>
        <time>2026-08-23T11:45:56Z</time>
      </trkpt>
      <trkpt lat="59.429185" lon="24.655007">
        <ele>7.0</ele>
        <time>2026-08-23T11:45:57Z</time>
      </trkpt>
      <trkpt lat="59.429185" lon="24.655007">
        <ele>7.0</ele>
        <time>2026-08-23T11:45:58Z</time>
      </trkpt>
      <trkpt lat="59.429185" lon="24.655007">
        <ele>7.0</ele>
        <time>2026-08-23T11:45:59Z</time>
      </trkpt>
      <trkpt lat="59.429185" lon="24.655007">
        <ele>7.0</ele>
        <time>2026-08-23T11:46:00Z</time>
      </trkpt>
      <trkpt lat="59.429185" lon="24.655007">
        <ele>7.0</ele>
        <time>2026-08-23T11:46:01Z</time>
      </trkpt>
      <trkpt lat="59.429175" lon="24.655025">
        <ele>7.0</ele>
        <time>2026-08-23T11:46:02Z</time>
      </trkpt>
      <trkpt lat="59.429168" lon="24.655033">
        <ele>7.0</ele>
        <time>2026-08-23T11:46:03Z</time>
      </trkpt>
      <trkpt lat="59.429161" lon="24.655031">
        <ele>7.0</ele>
        <time>2026-08-23T11:46:04Z</time>
      </trkpt>
      <trkpt lat="59.42916" lon="24.65502">
        <ele>7.0</ele>
        <time>2026-08-23T11:46:05Z</time>
      </trkpt>
      <trkpt lat="59.429163" lon="24.655022">
        <ele>7.0</ele>
        <time>2026-08-23T11:46:06Z</time>
      </trkpt>
      <trkpt lat="59.429162" lon="24.655022">
        <ele>7.0</ele>
        <time>2026-08-23T11:46:07Z</time>
      </trkpt>
      <trkpt lat="59.429162" lon="24.655022">
        <ele>7.0</ele>
        <time>2026-08-23T11:46:08Z</time>
      </trkpt>
      <trkpt lat="59.429162" lon="24.655022">
        <ele>7.0</ele>
        <time>2026-08-23T11:46:09Z</time>
      </trkpt>
      <trkpt lat="59.429162" lon="24.655022">
        <ele>7.0</ele>
        <time>2026-08-23T11:46:10Z</time>
      </trkpt>
      <trkpt lat="59.429162" lon="24.655022">
        <ele>7.0</ele>
        <time>2026-08-23T11:46:11Z</time>
      </trkpt>
      <trkpt lat="59.429162" lon="24.655022">
        <ele>7.0</ele>
        <time>2026-08-23T11:46:12Z</time>
      </trkpt>
      <trkpt lat="59.429162" lon="24.655022">
        <ele>7.0</ele>
        <time>2026-08-23T11:46:13Z</time>
      </trkpt>
      <trkpt lat="59.429162" lon="24.655022">
        <ele>7.0</ele>
        <time>2026-08-23T11:46:14Z</time>
      </trkpt>
      <trkpt lat="59.429162" lon="24.655022">
        <ele>7.0</ele>
        <time>2026-08-23T11:46:15Z</time>
      </trkpt>
      <trkpt lat="59.429174" lon="24.655015">
        <ele>7.0</ele>
        <time>2026-08-23T11:46:16Z</time>
      </trkpt>
      <trkpt lat="59.429176" lon="24.655013">
        <ele>7.0</ele>
        <time>2026-08-23T11:46:17Z</time>
      </trkpt>
      <trkpt lat="59.429176" lon="24.655013">
        <ele>7.0</ele>
        <time>2026-08-23T11:46:18Z</time>
      </trkpt>
      <trkpt lat="59.429176" lon="24.655013">
        <ele>7.0</ele>
        <time>2026-08-23T11:46:19Z</time>
      </trkpt>
      <trkpt lat="59.429177" lon="24.655021">
        <ele>7.0</ele>
        <time>2026-08-23T11:46:20Z</time>
      </trkpt>
      <trkpt lat="59.429177" lon="24.655024">
        <ele>7.0</ele>
        <time>2026-08-23T11:46:21Z</time>
      </trkpt>
      <trkpt lat="59.429177" lon="24.655028">
        <ele>7.0</ele>
        <time>2026-08-23T11:46:22Z</time>
      </trkpt>
      <trkpt lat="59.429176" lon="24.655031">
        <ele>7.0</ele>
        <time>2026-08-23T11:46:23Z</time>
      </trkpt>
      <trkpt lat="59.429174" lon="24.655032">
        <ele>7.0</ele>
        <time>2026-08-23T11:46:24Z</time>
      </trkpt>
      <trkpt lat="59.429174" lon="24.655032">
        <ele>7.0</ele>
        <time>2026-08-23T11:46:25Z</time>
      </trkpt>
      <trkpt lat="59.429174" lon="24.655032">
        <ele>7.0</ele>
        <time>2026-08-23T11:46:26Z</time>
      </trkpt>
      <trkpt lat="59.429174" lon="24.655032">
        <ele>7.0</ele>
        <time>2026-08-23T11:46:27Z</time>
      </trkpt>
      <trkpt lat="59.429174" lon="24.655032">
        <ele>7.0</ele>
        <time>2026-08-23T11:46:28Z</time>
      </trkpt>
      <trkpt lat="59.429179" lon="24.655058">
        <ele>7.0</ele>
        <time>2026-08-23T11:46:29Z</time>
      </trkpt>
      <trkpt lat="59.429181" lon="24.655057">
        <ele>7.0</ele>
        <time>2026-08-23T11:46:30Z</time>
      </trkpt>
      <trkpt lat="59.429181" lon="24.655052">
        <ele>7.0</ele>
        <time>2026-08-23T11:46:31Z</time>
      </trkpt>
      <trkpt lat="59.429183" lon="24.655047">
        <ele>7.0</ele>
        <time>2026-08-23T11:46:32Z</time>
      </trkpt>
      <trkpt lat="59.429183" lon="24.655036">
        <ele>7.0</ele>
        <time>2026-08-23T11:46:33Z</time>
      </trkpt>
      <trkpt lat="59.42918" lon="24.65503">
        <ele>7.0</ele>
        <time>2026-08-23T11:46:34Z</time>
      </trkpt>
      <trkpt lat="59.429178" lon="24.655022">
        <ele>7.0</ele>
        <time>2026-08-23T11:46:35Z</time>
      </trkpt>
      <trkpt lat="59.429168" lon="24.655029">
        <ele>7.0</ele>
        <time>2026-08-23T11:46:36Z</time>
      </trkpt>
      <trkpt lat="59.429165" lon="24.655043">
        <ele>7.0</ele>
        <time>2026-08-23T11:46:37Z</time>
      </trkpt>
      <trkpt lat="59.429164" lon="24.655052">
        <ele>7.0</ele>
        <time>2026-08-23T11:46:38Z</time>
      </trkpt>
      <trkpt lat="59.429163" lon="24.655054">
        <ele>7.0</ele>
        <time>2026-08-23T11:46:39Z</time>
      </trkpt>
      <trkpt lat="59.429163" lon="24.655054">
        <ele>7.0</ele>
        <time>2026-08-23T11:46:40Z</time>
      </trkpt>
      <trkpt lat="59.42917" lon="24.655037">
        <ele>7.0</ele>
        <time>2026-08-23T11:46:41Z</time>
      </trkpt>
      <trkpt lat="59.429178" lon="24.655036">
        <ele>7.0</ele>
        <time>2026-08-23T11:46:42Z</time>
      </trkpt>
      <trkpt lat="59.429178" lon="24.655036">
        <ele>7.0</ele>
        <time>2026-08-23T11:46:43Z</time>
      </trkpt>
      <trkpt lat="59.429179" lon="24.655034">
        <ele>7.0</ele>
        <time>2026-08-23T11:46:44Z</time>
      </trkpt>
      <trkpt lat="59.429179" lon="24.655034">
        <ele>7.0</ele>
        <time>2026-08-23T11:46:45Z</time>
      </trkpt>
      <trkpt lat="59.429179" lon="24.655034">
        <ele>7.0</ele>
        <time>2026-08-23T11:46:46Z</time>
      </trkpt>
      <trkpt lat="59.429176" lon="24.655008">
        <ele>7.0</ele>
        <time>2026-08-23T11:46:47Z</time>
      </trkpt>
      <trkpt lat="59.429175" lon="24.655005">
        <ele>7.0</ele>
        <time>2026-08-23T11:46:48Z</time>
      </trkpt>
      <trkpt lat="59.429173" lon="24.65501">
        <ele>7.0</ele>
        <time>2026-08-23T11:46:49Z</time>
      </trkpt>
      <trkpt lat="59.429173" lon="24.65501">
        <ele>7.0</ele>
        <time>2026-08-23T11:46:50Z</time>
      </trkpt>
      <trkpt lat="59.429173" lon="24.65501">
        <ele>7.0</ele>
        <time>2026-08-23T11:46:51Z</time>
      </trkpt>
      <trkpt lat="59.429173" lon="24.65501">
        <ele>7.0</ele>
        <time>2026-08-23T11:46:52Z</time>
      </trkpt>
      <trkpt lat="59.429173" lon="24.65501">
        <ele>7.0</ele>
        <time>2026-08-23T11:46:53Z</time>
      </trkpt>
      <trkpt lat="59.429173" lon="24.65501">
        <ele>7.0</ele>
        <time>2026-08-23T11:46:54Z</time>
      </trkpt>
      <trkpt lat="59.429173" lon="24.65501">
        <ele>7.0</ele>
        <time>2026-08-23T11:46:55Z</time>
      </trkpt>
      <trkpt lat="59.429172" lon="24.655036">
        <ele>7.0</ele>
        <time>2026-08-23T11:46:56Z</time>
      </trkpt>
      <trkpt lat="59.429172" lon="24.655036">
        <ele>7.0</ele>
        <time>2026-08-23T11:46:57Z</time>
      </trkpt>
      <trkpt lat="59.429172" lon="24.655036">
        <ele>7.0</ele>
        <time>2026-08-23T11:46:58Z</time>
      </trkpt>
      <trkpt lat="59.429172" lon="24.655036">
        <ele>7.0</ele>
        <time>2026-08-23T11:46:59Z</time>
      </trkpt>
      <trkpt lat="59.429176" lon="24.655017">
        <ele>7.0</ele>
        <time>2026-08-23T11:47:00Z</time>
      </trkpt>
      <trkpt lat="59.429177" lon="24.655021">
        <ele>7.0</ele>
        <time>2026-08-23T11:47:01Z</time>
      </trkpt>
      <trkpt lat="59.429173" lon="24.655023">
        <ele>7.0</ele>
        <time>2026-08-23T11:47:02Z</time>
      </trkpt>
      <trkpt lat="59.42917" lon="24.655026">
        <ele>7.0</ele>
        <time>2026-08-23T11:47:03Z</time>
      </trkpt>
      <trkpt lat="59.429175" lon="24.65503">
        <ele>7.0</ele>
        <time>2026-08-23T11:47:04Z</time>
      </trkpt>
      <trkpt lat="59.429171" lon="24.655035">
        <ele>7.0</ele>
        <time>2026-08-23T11:47:05Z</time>
      </trkpt>
      <trkpt lat="59.429169" lon="24.655035">
        <ele>7.0</ele>
        <time>2026-08-23T11:47:06Z</time>
      </trkpt>
      <trkpt lat="59.42917" lon="24.655031">
        <ele>7.0</ele>
        <time>2026-08-23T11:47:07Z</time>
      </trkpt>
      <trkpt lat="59.429172" lon="24.655032">
        <ele>7.0</ele>
        <time>2026-08-23T11:47:08Z</time>
      </trkpt>
      <trkpt lat="59.429172" lon="24.65503">
        <ele>7.0</ele>
        <time>2026-08-23T11:47:09Z</time>
      </trkpt>
      <trkpt lat="59.429174" lon="24.655023">
        <ele>7.0</ele>
        <time>2026-08-23T11:47:10Z</time>
      </trkpt>
      <trkpt lat="59.429176" lon="24.655026">
        <ele>7.0</ele>
        <time>2026-08-23T11:47:11Z</time>
      </trkpt>
      <trkpt lat="59.429175" lon="24.655042">
        <ele>7.0</ele>
        <time>2026-08-23T11:47:12Z</time>
      </trkpt>
      <trkpt lat="59.429176" lon="24.655057">
        <ele>7.0</ele>
        <time>2026-08-23T11:47:13Z</time>
      </trkpt>
      <trkpt lat="59.429173" lon="24.655041">
        <ele>7.0</ele>
        <time>2026-08-23T11:47:14Z</time>
      </trkpt>
      <trkpt lat="59.429173" lon="24.655041">
        <ele>7.0</ele>
        <time>2026-08-23T11:47:15Z</time>
      </trkpt>
      <trkpt lat="59.429173" lon="24.655041">
        <ele>7.0</ele>
        <time>2026-08-23T11:47:16Z</time>
      </trkpt>
      <trkpt lat="59.429171" lon="24.655057">
        <ele>7.0</ele>
        <time>2026-08-23T11:47:17Z</time>
      </trkpt>
      <trkpt lat="59.429175" lon="24.655043">
        <ele>7.0</ele>
        <time>2026-08-23T11:47:18Z</time>
      </trkpt>
      <trkpt lat="59.429172" lon="24.655032">
        <ele>7.0</ele>
        <time>2026-08-23T11:47:19Z</time>
      </trkpt>
      <trkpt lat="59.429168" lon="24.655024">
        <ele>7.0</ele>
        <time>2026-08-23T11:47:20Z</time>
      </trkpt>
      <trkpt lat="59.429168" lon="24.655028">
        <ele>7.0</ele>
        <time>2026-08-23T11:47:21Z</time>
      </trkpt>
      <trkpt lat="59.429165" lon="24.655027">
        <ele>7.0</ele>
        <time>2026-08-23T11:47:22Z</time>
      </trkpt>
      <trkpt lat="59.429165" lon="24.655028">
        <ele>7.0</ele>
        <time>2026-08-23T11:47:23Z</time>
      </trkpt>
      <trkpt lat="59.429164" lon="24.655026">
        <ele>7.0</ele>
        <time>2026-08-23T11:47:24Z</time>
      </trkpt>
      <trkpt lat="59.429162" lon="24.655026">
        <ele>7.0</ele>
        <time>2026-08-23T11:47:25Z</time>
      </trkpt>
      <trkpt lat="59.429163" lon="24.655029">
        <ele>7.0</ele>
        <time>2026-08-23T11:47:26Z</time>
      </trkpt>
      <trkpt lat="59.429167" lon="24.655026">
        <ele>7.0</ele>
        <time>2026-08-23T11:47:27Z</time>
      </trkpt>
      <trkpt lat="59.429164" lon="24.655008">
        <ele>7.0</ele>
        <time>2026-08-23T11:47:28Z</time>
      </trkpt>
      <trkpt lat="59.429164" lon="24.655008">
        <ele>7.0</ele>
        <time>2026-08-23T11:47:29Z</time>
      </trkpt>
      <trkpt lat="59.429164" lon="24.655008">
        <ele>7.0</ele>
        <time>2026-08-23T11:47:30Z</time>
      </trkpt>
      <trkpt lat="59.429164" lon="24.655008">
        <ele>7.0</ele>
        <time>2026-08-23T11:47:31Z</time>
      </trkpt>
      <trkpt lat="59.429164" lon="24.655016">
        <ele>7.0</ele>
        <time>2026-08-23T11:47:32Z</time>
      </trkpt>
      <trkpt lat="59.429169" lon="24.655015">
        <ele>7.0</ele>
        <time>2026-08-23T11:47:33Z</time>
      </trkpt>
      <trkpt lat="59.429175" lon="24.655015">
        <ele>7.0</ele>
        <time>2026-08-23T11:47:34Z</time>
      </trkpt>
      <trkpt lat="59.429184" lon="24.655003">
        <ele>7.0</ele>
        <time>2026-08-23T11:47:35Z</time>
      </trkpt>
      <trkpt lat="59.429185" lon="24.655018">
        <ele>7.0</ele>
        <time>2026-08-23T11:47:36Z</time>
      </trkpt>
      <trkpt lat="59.42919" lon="24.655015">
        <ele>7.0</ele>
        <time>2026-08-23T11:47:37Z</time>
      </trkpt>
      <trkpt lat="59.429196" lon="24.655023">
        <ele>7.0</ele>
        <time>2026-08-23T11:47:38Z</time>
      </trkpt>
      <trkpt lat="59.429209" lon="24.655032">
        <ele>7.0</ele>
        <time>2026-08-23T11:47:39Z</time>
      </trkpt>
      <trkpt lat="59.429221" lon="24.655027">
        <ele>7.0</ele>
        <time>2026-08-23T11:47:40Z</time>
      </trkpt>
      <trkpt lat="59.429228" lon="24.655013">
        <ele>7.0</ele>
        <time>2026-08-23T11:47:41Z</time>
      </trkpt>
      <trkpt lat="59.429241" lon="24.655009">
        <ele>7.0</ele>
        <time>2026-08-23T11:47:42Z</time>
      </trkpt>
      <trkpt lat="59.429256" lon="24.655016">
        <ele>7.0</ele>
        <time>2026-08-23T11:47:43Z</time>
      </trkpt>
      <trkpt lat="59.429263" lon="24.655031">
        <ele>7.0</ele>
        <time>2026-08-23T11:47:44Z</time>
      </trkpt>
      <trkpt lat="59.429274" lon="24.655051">
        <ele>7.0</ele>
        <time>2026-08-23T11:47:45Z</time>
      </trkpt>
      <trkpt lat="59.429278" lon="24.655054">
        <ele>7.0</ele>
        <time>2026-08-23T11:47:46Z</time>
      </trkpt>
      <trkpt lat="59.429285" lon="24.655059">
        <ele>7.0</ele>
        <time>2026-08-23T11:47:47Z</time>
      </trkpt>
      <trkpt lat="59.429297" lon="24.655063">
        <ele>7.0</ele>
        <time>2026-08-23T11:47:48Z</time>
      </trkpt>
      <trkpt lat="59.429299" lon="24.655069">
        <ele>7.0</ele>
        <time>2026-08-23T11:47:49Z</time>
      </trkpt>
      <trkpt lat="59.429304" lon="24.655081">
        <ele>7.0</ele>
        <time>2026-08-23T11:47:50Z</time>
      </trkpt>
      <trkpt lat="59.429302" lon="24.655079">
        <ele>7.0</ele>
        <time>2026-08-23T11:47:51Z</time>
      </trkpt>
      <trkpt lat="59.429301" lon="24.655082">
        <ele>7.0</ele>
        <time>2026-08-23T11:47:52Z</time>
      </trkpt>
      <trkpt lat="59.429301" lon="24.65508">
        <ele>7.0</ele>
        <time>2026-08-23T11:47:53Z</time>
      </trkpt>
      <trkpt lat="59.4293" lon="24.655088">
        <ele>7.0</ele>
        <time>2026-08-23T11:47:54Z</time>
      </trkpt>
      <trkpt lat="59.4293" lon="24.655088">
        <ele>7.0</ele>
        <time>2026-08-23T11:47:55Z</time>
      </trkpt>
      <trkpt lat="59.4293" lon="24.655088">
        <ele>7.0</ele>
        <time>2026-08-23T11:47:56Z</time>
      </trkpt>
      <trkpt lat="59.429303" lon="24.655102">
        <ele>7.0</ele>
        <time>2026-08-23T11:47:57Z</time>
      </trkpt>
      <trkpt lat="59.429303" lon="24.655102">
        <ele>7.0</ele>
        <time>2026-08-23T11:47:58Z</time>
      </trkpt>
      <trkpt lat="59.429303" lon="24.655102">
        <ele>7.0</ele>
        <time>2026-08-23T11:47:59Z</time>
      </trkpt>
      <trkpt lat="59.429312" lon="24.655118">
        <ele>7.0</ele>
        <time>2026-08-23T11:48:00Z</time>
      </trkpt>
      <trkpt lat="59.429316" lon="24.655112">
        <ele>7.0</ele>
        <time>2026-08-23T11:48:01Z</time>
      </trkpt>
      <trkpt lat="59.429319" lon="24.65511">
        <ele>7.0</ele>
        <time>2026-08-23T11:48:02Z</time>
      </trkpt>
      <trkpt lat="59.429319" lon="24.655107">
        <ele>7.0</ele>
        <time>2026-08-23T11:48:03Z</time>
      </trkpt>
      <trkpt lat="59.429319" lon="24.655107">
        <ele>7.0</ele>
        <time>2026-08-23T11:48:04Z</time>
      </trkpt>
      <trkpt lat="59.429319" lon="24.655107">
        <ele>7.0</ele>
        <time>2026-08-23T11:48:05Z</time>
      </trkpt>
      <trkpt lat="59.429319" lon="24.655107">
        <ele>7.0</ele>
        <time>2026-08-23T11:48:06Z</time>
      </trkpt>
      <trkpt lat="59.429319" lon="24.655107">
        <ele>7.0</ele>
        <time>2026-08-23T11:48:07Z</time>
      </trkpt>
      <trkpt lat="59.429319" lon="24.655107">
        <ele>7.0</ele>
        <time>2026-08-23T11:48:08Z</time>
      </trkpt>
      <trkpt lat="59.429319" lon="24.655107">
        <ele>7.0</ele>
        <time>2026-08-23T11:48:09Z</time>
      </trkpt>
      <trkpt lat="59.429313" lon="24.655118">
        <ele>7.0</ele>
        <time>2026-08-23T11:48:10Z</time>
      </trkpt>
      <trkpt lat="59.429312" lon="24.655114">
        <ele>7.0</ele>
        <time>2026-08-23T11:48:11Z</time>
      </trkpt>
      <trkpt lat="59.429304" lon="24.655113">
        <ele>7.0</ele>
        <time>2026-08-23T11:48:12Z</time>
      </trkpt>
      <trkpt lat="59.429304" lon="24.655113">
        <ele>7.0</ele>
        <time>2026-08-23T11:48:13Z</time>
      </trkpt>
      <trkpt lat="59.429304" lon="24.655113">
        <ele>7.0</ele>
        <time>2026-08-23T11:48:14Z</time>
      </trkpt>
      <trkpt lat="59.429304" lon="24.655113">
        <ele>7.0</ele>
        <time>2026-08-23T11:48:15Z</time>
      </trkpt>
      <trkpt lat="59.429304" lon="24.655113">
        <ele>7.0</ele>
        <time>2026-08-23T11:48:16Z</time>
      </trkpt>
      <trkpt lat="59.429306" lon="24.655131">
        <ele>7.0</ele>
        <time>2026-08-23T11:48:17Z</time>
      </trkpt>
      <trkpt lat="59.429306" lon="24.655146">
        <ele>7.0</ele>
        <time>2026-08-23T11:48:18Z</time>
      </trkpt>
      <trkpt lat="59.429303" lon="24.655174">
        <ele>7.0</ele>
        <time>2026-08-23T11:48:19Z</time>
      </trkpt>
      <trkpt lat="59.429307" lon="24.655187">
        <ele>7.0</ele>
        <time>2026-08-23T11:48:20Z</time>
      </trkpt>
      <trkpt lat="59.429305" lon="24.655203">
        <ele>7.0</ele>
        <time>2026-08-23T11:48:21Z</time>
      </trkpt>
      <trkpt lat="59.429304" lon="24.655224">
        <ele>7.0</ele>
        <time>2026-08-23T11:48:22Z</time>
      </trkpt>
      <trkpt lat="59.429298" lon="24.655247">
        <ele>7.0</ele>
        <time>2026-08-23T11:48:23Z</time>
      </trkpt>
      <trkpt lat="59.429296" lon="24.655264">
        <ele>7.0</ele>
        <time>2026-08-23T11:48:24Z</time>
      </trkpt>
      <trkpt lat="59.429291" lon="24.655284">
        <ele>7.0</ele>
        <time>2026-08-23T11:48:25Z</time>
      </trkpt>
      <trkpt lat="59.429286" lon="24.6553">
        <ele>7.0</ele>
        <time>2026-08-23T11:48:26Z</time>
      </trkpt>
      <trkpt lat="59.429284" lon="24.655297">
        <ele>7.0</ele>
        <time>2026-08-23T11:48:27Z</time>
      </trkpt>
      <trkpt lat="59.429286" lon="24.65529">
        <ele>7.0</ele>
        <time>2026-08-23T11:48:28Z</time>
      </trkpt>
      <trkpt lat="59.429289" lon="24.655291">
        <ele>7.0</ele>
        <time>2026-08-23T11:48:29Z</time>
      </trkpt>
      <trkpt lat="59.429292" lon="24.655292">
        <ele>7.0</ele>
        <time>2026-08-23T11:48:30Z</time>
      </trkpt>
      <trkpt lat="59.429293" lon="24.655292">
        <ele>7.0</ele>
        <time>2026-08-23T11:48:31Z</time>
      </trkpt>
      <trkpt lat="59.429287" lon="24.655287">
        <ele>7.0</ele>
        <time>2026-08-23T11:48:32Z</time>
      </trkpt>
      <trkpt lat="59.429287" lon="24.655285">
        <ele>7.0</ele>
        <time>2026-08-23T11:48:33Z</time>
      </trkpt>
      <trkpt lat="59.429287" lon="24.655285">
        <ele>7.0</ele>
        <time>2026-08-23T11:48:34Z</time>
      </trkpt>
      <trkpt lat="59.429282" lon="24.655285">
        <ele>7.0</ele>
        <time>2026-08-23T11:48:35Z</time>
      </trkpt>
      <trkpt lat="59.429277" lon="24.655289">
        <ele>7.0</ele>
        <time>2026-08-23T11:48:36Z</time>
      </trkpt>
      <trkpt lat="59.429279" lon="24.655288">
        <ele>7.0</ele>
        <time>2026-08-23T11:48:37Z</time>
      </trkpt>
      <trkpt lat="59.429274" lon="24.65529">
        <ele>7.0</ele>
        <time>2026-08-23T11:48:38Z</time>
      </trkpt>
      <trkpt lat="59.429276" lon="24.655289">
        <ele>7.0</ele>
        <time>2026-08-23T11:48:39Z</time>
      </trkpt>
      <trkpt lat="59.429277" lon="24.655281">
        <ele>7.0</ele>
        <time>2026-08-23T11:48:40Z</time>
      </trkpt>
      <trkpt lat="59.429275" lon="24.655285">
        <ele>7.0</ele>
        <time>2026-08-23T11:48:41Z</time>
      </trkpt>
      <trkpt lat="59.429278" lon="24.65529">
        <ele>7.0</ele>
        <time>2026-08-23T11:48:42Z</time>
      </trkpt>
      <trkpt lat="59.429278" lon="24.655291">
        <ele>7.0</ele>
        <time>2026-08-23T11:48:43Z</time>
      </trkpt>
      <trkpt lat="59.429278" lon="24.655291">
        <ele>7.0</ele>
        <time>2026-08-23T11:48:44Z</time>
      </trkpt>
      <trkpt lat="59.429278" lon="24.655291">
        <ele>7.0</ele>
        <time>2026-08-23T11:48:45Z</time>
      </trkpt>
      <trkpt lat="59.429278" lon="24.655291">
        <ele>7.0</ele>
        <time>2026-08-23T11:48:46Z</time>
      </trkpt>
      <trkpt lat="59.429289" lon="24.655302">
        <ele>7.0</ele>
        <time>2026-08-23T11:48:47Z</time>
      </trkpt>
      <trkpt lat="59.429289" lon="24.655298">
        <ele>7.0</ele>
        <time>2026-08-23T11:48:48Z</time>
      </trkpt>
      <trkpt lat="59.429292" lon="24.655294">
        <ele>7.0</ele>
        <time>2026-08-23T11:48:49Z</time>
      </trkpt>
      <trkpt lat="59.429286" lon="24.655292">
        <ele>7.0</ele>
        <time>2026-08-23T11:48:50Z</time>
      </trkpt>
      <trkpt lat="59.429286" lon="24.655291">
        <ele>7.0</ele>
        <time>2026-08-23T11:48:51Z</time>
      </trkpt>
      <trkpt lat="59.42929" lon="24.655294">
        <ele>7.0</ele>
        <time>2026-08-23T11:48:52Z</time>
      </trkpt>
      <trkpt lat="59.429284" lon="24.655297">
        <ele>7.0</ele>
        <time>2026-08-23T11:48:53Z</time>
      </trkpt>
      <trkpt lat="59.429282" lon="24.655292">
        <ele>7.0</ele>
        <time>2026-08-23T11:48:54Z</time>
      </trkpt>
      <trkpt lat="59.429284" lon="24.655288">
        <ele>7.0</ele>
        <time>2026-08-23T11:48:55Z</time>
      </trkpt>
      <trkpt lat="59.429277" lon="24.655281">
        <ele>7.0</ele>
        <time>2026-08-23T11:48:56Z</time>
      </trkpt>
      <trkpt lat="59.429271" lon="24.655278">
        <ele>7.0</ele>
        <time>2026-08-23T11:48:57Z</time>
      </trkpt>
      <trkpt lat="59.429269" lon="24.655276">
        <ele>7.0</ele>
        <time>2026-08-23T11:48:58Z</time>
      </trkpt>
      <trkpt lat="59.429265" lon="24.655268">
        <ele>7.0</ele>
        <time>2026-08-23T11:48:59Z</time>
      </trkpt>
      <trkpt lat="59.429263" lon="24.655265">
        <ele>7.0</ele>
        <time>2026-08-23T11:49:00Z</time>
      </trkpt>
      <trkpt lat="59.429265" lon="24.655269">
        <ele>7.0</ele>
        <time>2026-08-23T11:49:01Z</time>
      </trkpt>
      <trkpt lat="59.429258" lon="24.655273">
        <ele>7.0</ele>
        <time>2026-08-23T11:49:02Z</time>
      </trkpt>
      <trkpt lat="59.429253" lon="24.655274">
        <ele>7.0</ele>
        <time>2026-08-23T11:49:03Z</time>
      </trkpt>
      <trkpt lat="59.429252" lon="24.655273">
        <ele>7.0</ele>
        <time>2026-08-23T11:49:04Z</time>
      </trkpt>
      <trkpt lat="59.429252" lon="24.655273">
        <ele>7.0</ele>
        <time>2026-08-23T11:49:05Z</time>
      </trkpt>
      <trkpt lat="59.429248" lon="24.655264">
        <ele>7.0</ele>
        <time>2026-08-23T11:49:06Z</time>
      </trkpt>
      <trkpt lat="59.42925" lon="24.655263">
        <ele>7.0</ele>
        <time>2026-08-23T11:49:07Z</time>
      </trkpt>
      <trkpt lat="59.429256" lon="24.655262">
        <ele>7.0</ele>
        <time>2026-08-23T11:49:08Z</time>
      </trkpt>
      <trkpt lat="59.429258" lon="24.65526">
        <ele>7.0</ele>
        <time>2026-08-23T11:49:09Z</time>
      </trkpt>
      <trkpt lat="59.42926" lon="24.655264">
        <ele>7.0</ele>
        <time>2026-08-23T11:49:10Z</time>
      </trkpt>
      <trkpt lat="59.429263" lon="24.655272">
        <ele>7.0</ele>
        <time>2026-08-23T11:49:11Z</time>
      </trkpt>
      <trkpt lat="59.429263" lon="24.655272">
        <ele>7.0</ele>
        <time>2026-08-23T11:49:12Z</time>
      </trkpt>
      <trkpt lat="59.429262" lon="24.655281">
        <ele>7.0</ele>
        <time>2026-08-23T11:49:13Z</time>
      </trkpt>
      <trkpt lat="59.429264" lon="24.655281">
        <ele>7.0</ele>
        <time>2026-08-23T11:49:14Z</time>
      </trkpt>
      <trkpt lat="59.429265" lon="24.655285">
        <ele>7.0</ele>
        <time>2026-08-23T11:49:15Z</time>
      </trkpt>
      <trkpt lat="59.429265" lon="24.655288">
        <ele>7.0</ele>
        <time>2026-08-23T11:49:16Z</time>
      </trkpt>
      <trkpt lat="59.429265" lon="24.655288">
        <ele>7.0</ele>
        <time>2026-08-23T11:49:17Z</time>
      </trkpt>
      <trkpt lat="59.429268" lon="24.655294">
        <ele>7.0</ele>
        <time>2026-08-23T11:49:18Z</time>
      </trkpt>
      <trkpt lat="59.429264" lon="24.65529">
        <ele>7.0</ele>
        <time>2026-08-23T11:49:19Z</time>
      </trkpt>
      <trkpt lat="59.429266" lon="24.655289">
        <ele>7.0</ele>
        <time>2026-08-23T11:49:20Z</time>
      </trkpt>
      <trkpt lat="59.42926" lon="24.655291">
        <ele>7.0</ele>
        <time>2026-08-23T11:49:21Z</time>
      </trkpt>
      <trkpt lat="59.429262" lon="24.655288">
        <ele>7.0</ele>
        <time>2026-08-23T11:49:22Z</time>
      </trkpt>
      <trkpt lat="59.429263" lon="24.655283">
        <ele>7.0</ele>
        <time>2026-08-23T11:49:23Z</time>
      </trkpt>
      <trkpt lat="59.429264" lon="24.655279">
        <ele>7.0</ele>
        <time>2026-08-23T11:49:24Z</time>
      </trkpt>
      <trkpt lat="59.429261" lon="24.655279">
        <ele>7.0</ele>
        <time>2026-08-23T11:49:25Z</time>
      </trkpt>
      <trkpt lat="59.429259" lon="24.655275">
        <ele>7.0</ele>
        <time>2026-08-23T11:49:26Z</time>
      </trkpt>
      <trkpt lat="59.429262" lon="24.655269">
        <ele>7.0</ele>
        <time>2026-08-23T11:49:27Z</time>
      </trkpt>
      <trkpt lat="59.42926" lon="24.655277">
        <ele>7.0</ele>
        <time>2026-08-23T11:49:28Z</time>
      </trkpt>
      <trkpt lat="59.42926" lon="24.655278">
        <ele>7.0</ele>
        <time>2026-08-23T11:49:29Z</time>
      </trkpt>
      <trkpt lat="59.429262" lon="24.655274">
        <ele>7.0</ele>
        <time>2026-08-23T11:49:30Z</time>
      </trkpt>
      <trkpt lat="59.429263" lon="24.655272">
        <ele>7.0</ele>
        <time>2026-08-23T11:49:31Z</time>
      </trkpt>
      <trkpt lat="59.429257" lon="24.655271">
        <ele>7.0</ele>
        <time>2026-08-23T11:49:32Z</time>
      </trkpt>
      <trkpt lat="59.429263" lon="24.655262">
        <ele>7.0</ele>
        <time>2026-08-23T11:49:33Z</time>
      </trkpt>
      <trkpt lat="59.429268" lon="24.65526">
        <ele>7.0</ele>
        <time>2026-08-23T11:49:34Z</time>
      </trkpt>
      <trkpt lat="59.429268" lon="24.65526">
        <ele>7.0</ele>
        <time>2026-08-23T11:49:35Z</time>
      </trkpt>
      <trkpt lat="59.429268" lon="24.65526">
        <ele>7.0</ele>
        <time>2026-08-23T11:49:36Z</time>
      </trkpt>
      <trkpt lat="59.429268" lon="24.65526">
        <ele>7.0</ele>
        <time>2026-08-23T11:49:37Z</time>
      </trkpt>
      <trkpt lat="59.429268" lon="24.65526">
        <ele>7.0</ele>
        <time>2026-08-23T11:49:38Z</time>
      </trkpt>
      <trkpt lat="59.429268" lon="24.65526">
        <ele>7.0</ele>
        <time>2026-08-23T11:49:39Z</time>
      </trkpt>
      <trkpt lat="59.429268" lon="24.65526">
        <ele>7.0</ele>
        <time>2026-08-23T11:49:40Z</time>
      </trkpt>
      <trkpt lat="59.429268" lon="24.65526">
        <ele>7.0</ele>
        <time>2026-08-23T11:49:41Z</time>
      </trkpt>
      <trkpt lat="59.429268" lon="24.65526">
        <ele>7.0</ele>
        <time>2026-08-23T11:49:42Z</time>
      </trkpt>
      <trkpt lat="59.429268" lon="24.65526">
        <ele>7.0</ele>
        <time>2026-08-23T11:49:43Z</time>
      </trkpt>
      <trkpt lat="59.429258" lon="24.655277">
        <ele>7.0</ele>
        <time>2026-08-23T11:49:44Z</time>
      </trkpt>
      <trkpt lat="59.429259" lon="24.655281">
        <ele>7.0</ele>
        <time>2026-08-23T11:49:45Z</time>
      </trkpt>
      <trkpt lat="59.429266" lon="24.65528">
        <ele>7.0</ele>
        <time>2026-08-23T11:49:46Z</time>
      </trkpt>
      <trkpt lat="59.42927" lon="24.65528">
        <ele>7.0</ele>
        <time>2026-08-23T11:49:47Z</time>
      </trkpt>
      <trkpt lat="59.429276" lon="24.655279">
        <ele>7.0</ele>
        <time>2026-08-23T11:49:48Z</time>
      </trkpt>
      <trkpt lat="59.429276" lon="24.655279">
        <ele>7.0</ele>
        <time>2026-08-23T11:49:49Z</time>
      </trkpt>
      <trkpt lat="59.429268" lon="24.655264">
        <ele>7.0</ele>
        <time>2026-08-23T11:49:50Z</time>
      </trkpt>
      <trkpt lat="59.42926" lon="24.655274">
        <ele>7.0</ele>
        <time>2026-08-23T11:49:51Z</time>
      </trkpt>
      <trkpt lat="59.429261" lon="24.655275">
        <ele>7.0</ele>
        <time>2026-08-23T11:49:52Z</time>
      </trkpt>
      <trkpt lat="59.429261" lon="24.655275">
        <ele>7.0</ele>
        <time>2026-08-23T11:49:53Z</time>
      </trkpt>
      <trkpt lat="59.429274" lon="24.655285">
        <ele>7.0</ele>
        <time>2026-08-23T11:49:54Z</time>
      </trkpt>
      <trkpt lat="59.429272" lon="24.65529">
        <ele>7.0</ele>
        <time>2026-08-23T11:49:55Z</time>
      </trkpt>
      <trkpt lat="59.429274" lon="24.655286">
        <ele>7.0</ele>
        <time>2026-08-23T11:49:56Z</time>
      </trkpt>
      <trkpt lat="59.429276" lon="24.655289">
        <ele>7.0</ele>
        <time>2026-08-23T11:49:57Z</time>
      </trkpt>
      <trkpt lat="59.429276" lon="24.655289">
        <ele>7.0</ele>
        <time>2026-08-23T11:49:58Z</time>
      </trkpt>
      <trkpt lat="59.429276" lon="24.655289">
        <ele>7.0</ele>
        <time>2026-08-23T11:49:59Z</time>
      </trkpt>
      <trkpt lat="59.429276" lon="24.655289">
        <ele>7.0</ele>
        <time>2026-08-23T11:50:00Z</time>
      </trkpt>
      <trkpt lat="59.429276" lon="24.655289">
        <ele>7.0</ele>
        <time>2026-08-23T11:50:01Z</time>
      </trkpt>
      <trkpt lat="59.429276" lon="24.655289">
        <ele>7.0</ele>
        <time>2026-08-23T11:50:02Z</time>
      </trkpt>
      <trkpt lat="59.429293" lon="24.65533">
        <ele>7.0</ele>
        <time>2026-08-23T11:50:03Z</time>
      </trkpt>
      <trkpt lat="59.42929" lon="24.655329">
        <ele>7.0</ele>
        <time>2026-08-23T11:50:04Z</time>
      </trkpt>
      <trkpt lat="59.429292" lon="24.65533">
        <ele>7.0</ele>
        <time>2026-08-23T11:50:05Z</time>
      </trkpt>
      <trkpt lat="59.429292" lon="24.65533">
        <ele>7.0</ele>
        <time>2026-08-23T11:50:06Z</time>
      </trkpt>
      <trkpt lat="59.429292" lon="24.65533">
        <ele>7.0</ele>
        <time>2026-08-23T11:50:07Z</time>
      </trkpt>
      <trkpt lat="59.429281" lon="24.655322">
        <ele>7.0</ele>
        <time>2026-08-23T11:50:08Z</time>
      </trkpt>
      <trkpt lat="59.429283" lon="24.655319">
        <ele>7.0</ele>
        <time>2026-08-23T11:50:09Z</time>
      </trkpt>
      <trkpt lat="59.42928" lon="24.655314">
        <ele>7.0</ele>
        <time>2026-08-23T11:50:10Z</time>
      </trkpt>
      <trkpt lat="59.429272" lon="24.655302">
        <ele>7.0</ele>
        <time>2026-08-23T11:50:11Z</time>
      </trkpt>
      <trkpt lat="59.429266" lon="24.655295">
        <ele>7.0</ele>
        <time>2026-08-23T11:50:12Z</time>
      </trkpt>
      <trkpt lat="59.429269" lon="24.655299">
        <ele>7.0</ele>
        <time>2026-08-23T11:50:13Z</time>
      </trkpt>
      <trkpt lat="59.42927" lon="24.655302">
        <ele>7.0</ele>
        <time>2026-08-23T11:50:14Z</time>
      </trkpt>
      <trkpt lat="59.429267" lon="24.655297">
        <ele>7.0</ele>
        <time>2026-08-23T11:50:15Z</time>
      </trkpt>
      <trkpt lat="59.429266" lon="24.655297">
        <ele>7.0</ele>
        <time>2026-08-23T11:50:16Z</time>
      </trkpt>
      <trkpt lat="59.42927" lon="24.655296">
        <ele>7.0</ele>
        <time>2026-08-23T11:50:17Z</time>
      </trkpt>
      <trkpt lat="59.429267" lon="24.655291">
        <ele>7.0</ele>
        <time>2026-08-23T11:50:18Z</time>
      </trkpt>
      <trkpt lat="59.429266" lon="24.655293">
        <ele>7.0</ele>
        <time>2026-08-23T11:50:19Z</time>
      </trkpt>
      <trkpt lat="59.429264" lon="24.655281">
        <ele>7.0</ele>
        <time>2026-08-23T11:50:20Z</time>
      </trkpt>
      <trkpt lat="59.429261" lon="24.655287">
        <ele>7.0</ele>
        <time>2026-08-23T11:50:21Z</time>
      </trkpt>
      <trkpt lat="59.429258" lon="24.655291">
        <ele>7.0</ele>
        <time>2026-08-23T11:50:22Z</time>
      </trkpt>
      <trkpt lat="59.42926" lon="24.655294">
        <ele>7.0</ele>
        <time>2026-08-23T11:50:23Z</time>
      </trkpt>
      <trkpt lat="59.429261" lon="24.655297">
        <ele>7.0</ele>
        <time>2026-08-23T11:50:24Z</time>
      </trkpt>
      <trkpt lat="59.429261" lon="24.655297">
        <ele>7.0</ele>
        <time>2026-08-23T11:50:25Z</time>
      </trkpt>
      <trkpt lat="59.429269" lon="24.655288">
        <ele>7.0</ele>
        <time>2026-08-23T11:50:26Z</time>
      </trkpt>
      <trkpt lat="59.429271" lon="24.655298">
        <ele>7.0</ele>
        <time>2026-08-23T11:50:27Z</time>
      </trkpt>
      <trkpt lat="59.429263" lon="24.655284">
        <ele>7.0</ele>
        <time>2026-08-23T11:50:28Z</time>
      </trkpt>
      <trkpt lat="59.429261" lon="24.655287">
        <ele>7.0</ele>
        <time>2026-08-23T11:50:29Z</time>
      </trkpt>
      <trkpt lat="59.429262" lon="24.655288">
        <ele>7.0</ele>
        <time>2026-08-23T11:50:30Z</time>
      </trkpt>
      <trkpt lat="59.429264" lon="24.655289">
        <ele>7.0</ele>
        <time>2026-08-23T11:50:31Z</time>
      </trkpt>
      <trkpt lat="59.429268" lon="24.65529">
        <ele>7.0</ele>
        <time>2026-08-23T11:50:32Z</time>
      </trkpt>
      <trkpt lat="59.429267" lon="24.655285">
        <ele>7.0</ele>
        <time>2026-08-23T11:50:33Z</time>
      </trkpt>
      <trkpt lat="59.429264" lon="24.65528">
        <ele>7.0</ele>
        <time>2026-08-23T11:50:34Z</time>
      </trkpt>
      <trkpt lat="59.429266" lon="24.655278">
        <ele>7.0</ele>
        <time>2026-08-23T11:50:35Z</time>
      </trkpt>
      <trkpt lat="59.42927" lon="24.655276">
        <ele>7.0</ele>
        <time>2026-08-23T11:50:36Z</time>
      </trkpt>
      <trkpt lat="59.429272" lon="24.655277">
        <ele>7.0</ele>
        <time>2026-08-23T11:50:37Z</time>
      </trkpt>
      <trkpt lat="59.429269" lon="24.655272">
        <ele>7.0</ele>
        <time>2026-08-23T11:50:38Z</time>
      </trkpt>
      <trkpt lat="59.42927" lon="24.655269">
        <ele>7.0</ele>
        <time>2026-08-23T11:50:39Z</time>
      </trkpt>
      <trkpt lat="59.429265" lon="24.655264">
        <ele>7.0</ele>
        <time>2026-08-23T11:50:40Z</time>
      </trkpt>
      <trkpt lat="59.429271" lon="24.655269">
        <ele>7.0</ele>
        <time>2026-08-23T11:50:41Z</time>
      </trkpt>
      <trkpt lat="59.429276" lon="24.655273">
        <ele>7.0</ele>
        <time>2026-08-23T11:50:42Z</time>
      </trkpt>
      <trkpt lat="59.429284" lon="24.655276">
        <ele>7.0</ele>
        <time>2026-08-23T11:50:43Z</time>
      </trkpt>
      <trkpt lat="59.429284" lon="24.655276">
        <ele>7.0</ele>
        <time>2026-08-23T11:50:44Z</time>
      </trkpt>
      <trkpt lat="59.429284" lon="24.655276">
        <ele>7.0</ele>
        <time>2026-08-23T11:50:45Z</time>
      </trkpt>
      <trkpt lat="59.429272" lon="24.655275">
        <ele>7.0</ele>
        <time>2026-08-23T11:50:46Z</time>
      </trkpt>
      <trkpt lat="59.429272" lon="24.655275">
        <ele>7.0</ele>
        <time>2026-08-23T11:50:47Z</time>
      </trkpt>
      <trkpt lat="59.429277" lon="24.655267">
        <ele>7.0</ele>
        <time>2026-08-23T11:50:48Z</time>
      </trkpt>
      <trkpt lat="59.42928" lon="24.655268">
        <ele>7.0</ele>
        <time>2026-08-23T11:50:49Z</time>
      </trkpt>
      <trkpt lat="59.429279" lon="24.655273">
        <ele>7.0</ele>
        <time>2026-08-23T11:50:50Z</time>
      </trkpt>
      <trkpt lat="59.42927" lon="24.655273">
        <ele>7.0</ele>
        <time>2026-08-23T11:50:51Z</time>
      </trkpt>
      <trkpt lat="59.42927" lon="24.655273">
        <ele>7.0</ele>
        <time>2026-08-23T11:50:52Z</time>
      </trkpt>
      <trkpt lat="59.42927" lon="24.655273">
        <ele>7.0</ele>
        <time>2026-08-23T11:50:53Z</time>
      </trkpt>
      <trkpt lat="59.42927" lon="24.655273">
        <ele>7.0</ele>
        <time>2026-08-23T11:50:54Z</time>
      </trkpt>
      <trkpt lat="59.42927" lon="24.655273">
        <ele>7.0</ele>
        <time>2026-08-23T11:50:55Z</time>
      </trkpt>
      <trkpt lat="59.429262" lon="24.655296">
        <ele>7.0</ele>
        <time>2026-08-23T11:50:56Z</time>
      </trkpt>
      <trkpt lat="59.429262" lon="24.655298">
        <ele>7.0</ele>
        <time>2026-08-23T11:50:57Z</time>
      </trkpt>
      <trkpt lat="59.429262" lon="24.655302">
        <ele>7.0</ele>
        <time>2026-08-23T11:50:58Z</time>
      </trkpt>
      <trkpt lat="59.429262" lon="24.655301">
        <ele>7.0</ele>
        <time>2026-08-23T11:50:59Z</time>
      </trkpt>
      <trkpt lat="59.429271" lon="24.655298">
        <ele>7.0</ele>
        <time>2026-08-23T11:51:00Z</time>
      </trkpt>
      <trkpt lat="59.429274" lon="24.655297">
        <ele>7.0</ele>
        <time>2026-08-23T11:51:01Z</time>
      </trkpt>
      <trkpt lat="59.429274" lon="24.655297">
        <ele>7.0</ele>
        <time>2026-08-23T11:51:02Z</time>
      </trkpt>
      <trkpt lat="59.429274" lon="24.655297">
        <ele>7.0</ele>
        <time>2026-08-23T11:51:03Z</time>
      </trkpt>
      <trkpt lat="59.429274" lon="24.655297">
        <ele>7.0</ele>
        <time>2026-08-23T11:51:04Z</time>
      </trkpt>
      <trkpt lat="59.429274" lon="24.655297">
        <ele>7.0</ele>
        <time>2026-08-23T11:51:05Z</time>
      </trkpt>
      <trkpt lat="59.429268" lon="24.65531">
        <ele>7.0</ele>
        <time>2026-08-23T11:51:06Z</time>
      </trkpt>
      <trkpt lat="59.429263" lon="24.655301">
        <ele>7.0</ele>
        <time>2026-08-23T11:51:07Z</time>
      </trkpt>
      <trkpt lat="59.429263" lon="24.6553">
        <ele>7.0</ele>
        <time>2026-08-23T11:51:08Z</time>
      </trkpt>
      <trkpt lat="59.42926" lon="24.655294">
        <ele>7.0</ele>
        <time>2026-08-23T11:51:09Z</time>
      </trkpt>
      <trkpt lat="59.42926" lon="24.655296">
        <ele>7.0</ele>
        <time>2026-08-23T11:51:10Z</time>
      </trkpt>
      <trkpt lat="59.429257" lon="24.655295">
        <ele>7.0</ele>
        <time>2026-08-23T11:51:11Z</time>
      </trkpt>
      <trkpt lat="59.429257" lon="24.65529">
        <ele>7.0</ele>
        <time>2026-08-23T11:51:12Z</time>
      </trkpt>
      <trkpt lat="59.429261" lon="24.655295">
        <ele>7.0</ele>
        <time>2026-08-23T11:51:13Z</time>
      </trkpt>
      <trkpt lat="59.429267" lon="24.655294">
        <ele>7.0</ele>
        <time>2026-08-23T11:51:14Z</time>
      </trkpt>
      <trkpt lat="59.429268" lon="24.6553">
        <ele>7.0</ele>
        <time>2026-08-23T11:51:15Z</time>
      </trkpt>
      <trkpt lat="59.429271" lon="24.655306">
        <ele>7.0</ele>
        <time>2026-08-23T11:51:16Z</time>
      </trkpt>
      <trkpt lat="59.429263" lon="24.655285">
        <ele>7.0</ele>
        <time>2026-08-23T11:51:17Z</time>
      </trkpt>
      <trkpt lat="59.429264" lon="24.655287">
        <ele>7.0</ele>
        <time>2026-08-23T11:51:18Z</time>
      </trkpt>
      <trkpt lat="59.429261" lon="24.655282">
        <ele>7.0</ele>
        <time>2026-08-23T11:51:19Z</time>
      </trkpt>
      <trkpt lat="59.429265" lon="24.655293">
        <ele>7.0</ele>
        <time>2026-08-23T11:51:20Z</time>
      </trkpt>
      <trkpt lat="59.429264" lon="24.655305">
        <ele>7.0</ele>
        <time>2026-08-23T11:51:21Z</time>
      </trkpt>
      <trkpt lat="59.429266" lon="24.655306">
        <ele>7.0</ele>
        <time>2026-08-23T11:51:22Z</time>
      </trkpt>
      <trkpt lat="59.429271" lon="24.655322">
        <ele>7.0</ele>
        <time>2026-08-23T11:51:23Z</time>
      </trkpt>
      <trkpt lat="59.429273" lon="24.655326">
        <ele>7.0</ele>
        <time>2026-08-23T11:51:24Z</time>
      </trkpt>
      <trkpt lat="59.42928" lon="24.655328">
        <ele>7.0</ele>
        <time>2026-08-23T11:51:25Z</time>
      </trkpt>
      <trkpt lat="59.429279" lon="24.65533">
        <ele>7.0</ele>
        <time>2026-08-23T11:51:26Z</time>
      </trkpt>
      <trkpt lat="59.429282" lon="24.655323">
        <ele>7.0</ele>
        <time>2026-08-23T11:51:27Z</time>
      </trkpt>
      <trkpt lat="59.429283" lon="24.655323">
        <ele>7.0</ele>
        <time>2026-08-23T11:51:28Z</time>
      </trkpt>
      <trkpt lat="59.429272" lon="24.655311">
        <ele>7.0</ele>
        <time>2026-08-23T11:51:29Z</time>
      </trkpt>
      <trkpt lat="59.429267" lon="24.655302">
        <ele>7.0</ele>
        <time>2026-08-23T11:51:30Z</time>
      </trkpt>
      <trkpt lat="59.429264" lon="24.655296">
        <ele>7.0</ele>
        <time>2026-08-23T11:51:31Z</time>
      </trkpt>
      <trkpt lat="59.429266" lon="24.655289">
        <ele>7.0</ele>
        <time>2026-08-23T11:51:32Z</time>
      </trkpt>
      <trkpt lat="59.429259" lon="24.65528">
        <ele>7.0</ele>
        <time>2026-08-23T11:51:33Z</time>
      </trkpt>
      <trkpt lat="59.429255" lon="24.655282">
        <ele>7.0</ele>
        <time>2026-08-23T11:51:34Z</time>
      </trkpt>
      <trkpt lat="59.429256" lon="24.655291">
        <ele>7.0</ele>
        <time>2026-08-23T11:51:35Z</time>
      </trkpt>
      <trkpt lat="59.429252" lon="24.655283">
        <ele>7.0</ele>
        <time>2026-08-23T11:51:36Z</time>
      </trkpt>
      <trkpt lat="59.42925" lon="24.655276">
        <ele>7.0</ele>
        <time>2026-08-23T11:51:37Z</time>
      </trkpt>
      <trkpt lat="59.429251" lon="24.655273">
        <ele>7.0</ele>
        <time>2026-08-23T11:51:38Z</time>
      </trkpt>
      <trkpt lat="59.42926" lon="24.655281">
        <ele>7.0</ele>
        <time>2026-08-23T11:51:39Z</time>
      </trkpt>
      <trkpt lat="59.429261" lon="24.65528">
        <ele>7.0</ele>
        <time>2026-08-23T11:51:40Z</time>
      </trkpt>
      <trkpt lat="59.429265" lon="24.655286">
        <ele>7.0</ele>
        <time>2026-08-23T11:51:41Z</time>
      </trkpt>
      <trkpt lat="59.429268" lon="24.655287">
        <ele>7.0</ele>
        <time>2026-08-23T11:51:42Z</time>
      </trkpt>
      <trkpt lat="59.429272" lon="24.65529">
        <ele>7.0</ele>
        <time>2026-08-23T11:51:43Z</time>
      </trkpt>
      <trkpt lat="59.429277" lon="24.655291">
        <ele>7.0</ele>
        <time>2026-08-23T11:51:44Z</time>
      </trkpt>
      <trkpt lat="59.429273" lon="24.655285">
        <ele>7.0</ele>
        <time>2026-08-23T11:51:45Z</time>
      </trkpt>
      <trkpt lat="59.42927" lon="24.655278">
        <ele>7.0</ele>
        <time>2026-08-23T11:51:46Z</time>
      </trkpt>
      <trkpt lat="59.429266" lon="24.655277">
        <ele>7.0</ele>
        <time>2026-08-23T11:51:47Z</time>
      </trkpt>
      <trkpt lat="59.429268" lon="24.655279">
        <ele>7.0</ele>
        <time>2026-08-23T11:51:48Z</time>
      </trkpt>
      <trkpt lat="59.429264" lon="24.655267">
        <ele>7.0</ele>
        <time>2026-08-23T11:51:49Z</time>
      </trkpt>
      <trkpt lat="59.429264" lon="24.655278">
        <ele>7.0</ele>
        <time>2026-08-23T11:51:50Z</time>
      </trkpt>
      <trkpt lat="59.429258" lon="24.65528">
        <ele>7.0</ele>
        <time>2026-08-23T11:51:51Z</time>
      </trkpt>
      <trkpt lat="59.429261" lon="24.655275">
        <ele>7.0</ele>
        <time>2026-08-23T11:51:52Z</time>
      </trkpt>
      <trkpt lat="59.429261" lon="24.655283">
        <ele>7.0</ele>
        <time>2026-08-23T11:51:53Z</time>
      </trkpt>
      <trkpt lat="59.429268" lon="24.65529">
        <ele>7.0</ele>
        <time>2026-08-23T11:51:54Z</time>
      </trkpt>
      <trkpt lat="59.429264" lon="24.655285">
        <ele>7.0</ele>
        <time>2026-08-23T11:51:55Z</time>
      </trkpt>
      <trkpt lat="59.42927" lon="24.655283">
        <ele>7.0</ele>
        <time>2026-08-23T11:51:56Z</time>
      </trkpt>
      <trkpt lat="59.429272" lon="24.655293">
        <ele>7.0</ele>
        <time>2026-08-23T11:51:57Z</time>
      </trkpt>
      <trkpt lat="59.429272" lon="24.655294">
        <ele>7.0</ele>
        <time>2026-08-23T11:51:58Z</time>
      </trkpt>
      <trkpt lat="59.429272" lon="24.655294">
        <ele>7.0</ele>
        <time>2026-08-23T11:51:59Z</time>
      </trkpt>
      <trkpt lat="59.429269" lon="24.655284">
        <ele>7.0</ele>
        <time>2026-08-23T11:52:00Z</time>
      </trkpt>
      <trkpt lat="59.429269" lon="24.655284">
        <ele>7.0</ele>
        <time>2026-08-23T11:52:01Z</time>
      </trkpt>
      <trkpt lat="59.429277" lon="24.655299">
        <ele>7.0</ele>
        <time>2026-08-23T11:52:02Z</time>
      </trkpt>
      <trkpt lat="59.429281" lon="24.655302">
        <ele>7.0</ele>
        <time>2026-08-23T11:52:03Z</time>
      </trkpt>
      <trkpt lat="59.429281" lon="24.655302">
        <ele>7.0</ele>
        <time>2026-08-23T11:52:04Z</time>
      </trkpt>
      <trkpt lat="59.42928" lon="24.655288">
        <ele>7.0</ele>
        <time>2026-08-23T11:52:05Z</time>
      </trkpt>
      <trkpt lat="59.429282" lon="24.655285">
        <ele>7.0</ele>
        <time>2026-08-23T11:52:06Z</time>
      </trkpt>
      <trkpt lat="59.429286" lon="24.65528">
        <ele>7.0</ele>
        <time>2026-08-23T11:52:07Z</time>
      </trkpt>
      <trkpt lat="59.429284" lon="24.655276">
        <ele>7.0</ele>
        <time>2026-08-23T11:52:08Z</time>
      </trkpt>
      <trkpt lat="59.429284" lon="24.65527">
        <ele>7.0</ele>
        <time>2026-08-23T11:52:09Z</time>
      </trkpt>
      <trkpt lat="59.429289" lon="24.655266">
        <ele>7.0</ele>
        <time>2026-08-23T11:52:10Z</time>
      </trkpt>
      <trkpt lat="59.429287" lon="24.655265">
        <ele>7.0</ele>
        <time>2026-08-23T11:52:11Z</time>
      </trkpt>
      <trkpt lat="59.42928" lon="24.655262">
        <ele>7.0</ele>
        <time>2026-08-23T11:52:12Z</time>
      </trkpt>
      <trkpt lat="59.429279" lon="24.655255">
        <ele>7.0</ele>
        <time>2026-08-23T11:52:13Z</time>
      </trkpt>
      <trkpt lat="59.429277" lon="24.655248">
        <ele>7.0</ele>
        <time>2026-08-23T11:52:14Z</time>
      </trkpt>
      <trkpt lat="59.429281" lon="24.655246">
        <ele>7.0</ele>
        <time>2026-08-23T11:52:15Z</time>
      </trkpt>
      <trkpt lat="59.429282" lon="24.655245">
        <ele>7.0</ele>
        <time>2026-08-23T11:52:16Z</time>
      </trkpt>
      <trkpt lat="59.429282" lon="24.655245">
        <ele>7.0</ele>
        <time>2026-08-23T11:52:17Z</time>
      </trkpt>
      <trkpt lat="59.429283" lon="24.655251">
        <ele>7.0</ele>
        <time>2026-08-23T11:52:18Z</time>
      </trkpt>
      <trkpt lat="59.429284" lon="24.655252">
        <ele>7.0</ele>
        <time>2026-08-23T11:52:19Z</time>
      </trkpt>
      <trkpt lat="59.429284" lon="24.655252">
        <ele>7.0</ele>
        <time>2026-08-23T11:52:20Z</time>
      </trkpt>
      <trkpt lat="59.429293" lon="24.655259">
        <ele>7.0</ele>
        <time>2026-08-23T11:52:21Z</time>
      </trkpt>
      <trkpt lat="59.429293" lon="24.655261">
        <ele>7.0</ele>
        <time>2026-08-23T11:52:22Z</time>
      </trkpt>
      <trkpt lat="59.429293" lon="24.655261">
        <ele>7.0</ele>
        <time>2026-08-23T11:52:23Z</time>
      </trkpt>
      <trkpt lat="59.429293" lon="24.655261">
        <ele>7.0</ele>
        <time>2026-08-23T11:52:24Z</time>
      </trkpt>
      <trkpt lat="59.429293" lon="24.655261">
        <ele>7.0</ele>
        <time>2026-08-23T11:52:25Z</time>
      </trkpt>
      <trkpt lat="59.429293" lon="24.655261">
        <ele>7.0</ele>
        <time>2026-08-23T11:52:26Z</time>
      </trkpt>
      <trkpt lat="59.429293" lon="24.655261">
        <ele>7.0</ele>
        <time>2026-08-23T11:52:27Z</time>
      </trkpt>
      <trkpt lat="59.429274" lon="24.655288">
        <ele>7.0</ele>
        <time>2026-08-23T11:52:28Z</time>
      </trkpt>
      <trkpt lat="59.429276" lon="24.655286">
        <ele>7.0</ele>
        <time>2026-08-23T11:52:29Z</time>
      </trkpt>
      <trkpt lat="59.429277" lon="24.655283">
        <ele>7.0</ele>
        <time>2026-08-23T11:52:30Z</time>
      </trkpt>
      <trkpt lat="59.429283" lon="24.655292">
        <ele>7.0</ele>
        <time>2026-08-23T11:52:31Z</time>
      </trkpt>
      <trkpt lat="59.429284" lon="24.655293">
        <ele>7.0</ele>
        <time>2026-08-23T11:52:32Z</time>
      </trkpt>
      <trkpt lat="59.429281" lon="24.655288">
        <ele>7.0</ele>
        <time>2026-08-23T11:52:33Z</time>
      </trkpt>
      <trkpt lat="59.429284" lon="24.655291">
        <ele>7.0</ele>
        <time>2026-08-23T11:52:34Z</time>
      </trkpt>
      <trkpt lat="59.429282" lon="24.655295">
        <ele>7.0</ele>
        <time>2026-08-23T11:52:35Z</time>
      </trkpt>
      <trkpt lat="59.429275" lon="24.655294">
        <ele>7.0</ele>
        <time>2026-08-23T11:52:36Z</time>
      </trkpt>
      <trkpt lat="59.429273" lon="24.655298">
        <ele>7.0</ele>
        <time>2026-08-23T11:52:37Z</time>
      </trkpt>
      <trkpt lat="59.429273" lon="24.655298">
        <ele>7.0</ele>
        <time>2026-08-23T11:52:38Z</time>
      </trkpt>
      <trkpt lat="59.429273" lon="24.655298">
        <ele>7.0</ele>
        <time>2026-08-23T11:52:39Z</time>
      </trkpt>
      <trkpt lat="59.429271" lon="24.655299">
        <ele>7.0</ele>
        <time>2026-08-23T11:52:40Z</time>
      </trkpt>
      <trkpt lat="59.429276" lon="24.655295">
        <ele>7.0</ele>
        <time>2026-08-23T11:52:41Z</time>
      </trkpt>
      <trkpt lat="59.429274" lon="24.655296">
        <ele>7.0</ele>
        <time>2026-08-23T11:52:42Z</time>
      </trkpt>
      <trkpt lat="59.429272" lon="24.655295">
        <ele>7.0</ele>
        <time>2026-08-23T11:52:43Z</time>
      </trkpt>
      <trkpt lat="59.429269" lon="24.655297">
        <ele>7.0</ele>
        <time>2026-08-23T11:52:44Z</time>
      </trkpt>
      <trkpt lat="59.429268" lon="24.655293">
        <ele>7.0</ele>
        <time>2026-08-23T11:52:45Z</time>
      </trkpt>
      <trkpt lat="59.42927" lon="24.655304">
        <ele>7.0</ele>
        <time>2026-08-23T11:52:46Z</time>
      </trkpt>
      <trkpt lat="59.429268" lon="24.655302">
        <ele>7.0</ele>
        <time>2026-08-23T11:52:47Z</time>
      </trkpt>
      <trkpt lat="59.429268" lon="24.655304">
        <ele>7.0</ele>
        <time>2026-08-23T11:52:48Z</time>
      </trkpt>
      <trkpt lat="59.429268" lon="24.655304">
        <ele>7.0</ele>
        <time>2026-08-23T11:52:49Z</time>
      </trkpt>
      <trkpt lat="59.429262" lon="24.655281">
        <ele>7.0</ele>
        <time>2026-08-23T11:52:50Z</time>
      </trkpt>
      <trkpt lat="59.42926" lon="24.655284">
        <ele>7.0</ele>
        <time>2026-08-23T11:52:51Z</time>
      </trkpt>
      <trkpt lat="59.429257" lon="24.655284">
        <ele>7.0</ele>
        <time>2026-08-23T11:52:52Z</time>
      </trkpt>
      <trkpt lat="59.429257" lon="24.655289">
        <ele>7.0</ele>
        <time>2026-08-23T11:52:53Z</time>
      </trkpt>
      <trkpt lat="59.429258" lon="24.655289">
        <ele>7.0</ele>
        <time>2026-08-23T11:52:54Z</time>
      </trkpt>
      <trkpt lat="59.429257" lon="24.655287">
        <ele>7.0</ele>
        <time>2026-08-23T11:52:55Z</time>
      </trkpt>
      <trkpt lat="59.429257" lon="24.655287">
        <ele>7.0</ele>
        <time>2026-08-23T11:52:56Z</time>
      </trkpt>
      <trkpt lat="59.429257" lon="24.655287">
        <ele>7.0</ele>
        <time>2026-08-23T11:52:57Z</time>
      </trkpt>
      <trkpt lat="59.429253" lon="24.655267">
        <ele>7.0</ele>
        <time>2026-08-23T11:52:58Z</time>
      </trkpt>
      <trkpt lat="59.429257" lon="24.655271">
        <ele>7.0</ele>
        <time>2026-08-23T11:52:59Z</time>
      </trkpt>
      <trkpt lat="59.42926" lon="24.655273">
        <ele>7.0</ele>
        <time>2026-08-23T11:53:00Z</time>
      </trkpt>
      <trkpt lat="59.42926" lon="24.655275">
        <ele>7.0</ele>
        <time>2026-08-23T11:53:01Z</time>
      </trkpt>
      <trkpt lat="59.429259" lon="24.655284">
        <ele>7.0</ele>
        <time>2026-08-23T11:53:02Z</time>
      </trkpt>
      <trkpt lat="59.429254" lon="24.655285">
        <ele>7.0</ele>
        <time>2026-08-23T11:53:03Z</time>
      </trkpt>
      <trkpt lat="59.42925" lon="24.655295">
        <ele>7.0</ele>
        <time>2026-08-23T11:53:04Z</time>
      </trkpt>
      <trkpt lat="59.429253" lon="24.655292">
        <ele>7.0</ele>
        <time>2026-08-23T11:53:05Z</time>
      </trkpt>
      <trkpt lat="59.429254" lon="24.655295">
        <ele>7.0</ele>
        <time>2026-08-23T11:53:06Z</time>
      </trkpt>
      <trkpt lat="59.429254" lon="24.655295">
        <ele>7.0</ele>
        <time>2026-08-23T11:53:07Z</time>
      </trkpt>
      <trkpt lat="59.429254" lon="24.655295">
        <ele>7.0</ele>
        <time>2026-08-23T11:53:08Z</time>
      </trkpt>
      <trkpt lat="59.429254" lon="24.655295">
        <ele>7.0</ele>
        <time>2026-08-23T11:53:09Z</time>
      </trkpt>
      <trkpt lat="59.42925" lon="24.655297">
        <ele>7.0</ele>
        <time>2026-08-23T11:53:10Z</time>
      </trkpt>
      <trkpt lat="59.429251" lon="24.655298">
        <ele>7.0</ele>
        <time>2026-08-23T11:53:11Z</time>
      </trkpt>
      <trkpt lat="59.429251" lon="24.655298">
        <ele>7.0</ele>
        <time>2026-08-23T11:53:12Z</time>
      </trkpt>
      <trkpt lat="59.429251" lon="24.655298">
        <ele>7.0</ele>
        <time>2026-08-23T11:53:13Z</time>
      </trkpt>
      <trkpt lat="59.429251" lon="24.655298">
        <ele>7.0</ele>
        <time>2026-08-23T11:53:14Z</time>
      </trkpt>
      <trkpt lat="59.429251" lon="24.655298">
        <ele>7.0</ele>
        <time>2026-08-23T11:53:15Z</time>
      </trkpt>
      <trkpt lat="59.429251" lon="24.655298">
        <ele>7.0</ele>
        <time>2026-08-23T11:53:16Z</time>
      </trkpt>
      <trkpt lat="59.429251" lon="24.655298">
        <ele>7.0</ele>
        <time>2026-08-23T11:53:17Z</time>
      </trkpt>
      <trkpt lat="59.429251" lon="24.655298">
        <ele>7.0</ele>
        <time>2026-08-23T11:53:18Z</time>
      </trkpt>
      <trkpt lat="59.429248" lon="24.655288">
        <ele>7.0</ele>
        <time>2026-08-23T11:53:19Z</time>
      </trkpt>
      <trkpt lat="59.429255" lon="24.655305">
        <ele>7.0</ele>
        <time>2026-08-23T11:53:20Z</time>
      </trkpt>
      <trkpt lat="59.429256" lon="24.655305">
        <ele>7.0</ele>
        <time>2026-08-23T11:53:21Z</time>
      </trkpt>
      <trkpt lat="59.429259" lon="24.6553">
        <ele>7.0</ele>
        <time>2026-08-23T11:53:22Z</time>
      </trkpt>
      <trkpt lat="59.429258" lon="24.655298">
        <ele>7.0</ele>
        <time>2026-08-23T11:53:23Z</time>
      </trkpt>
      <trkpt lat="59.429258" lon="24.655295">
        <ele>7.0</ele>
        <time>2026-08-23T11:53:24Z</time>
      </trkpt>
      <trkpt lat="59.429259" lon="24.655288">
        <ele>7.0</ele>
        <time>2026-08-23T11:53:25Z</time>
      </trkpt>
      <trkpt lat="59.429265" lon="24.655296">
        <ele>7.0</ele>
        <time>2026-08-23T11:53:26Z</time>
      </trkpt>
      <trkpt lat="59.429267" lon="24.655299">
        <ele>7.0</ele>
        <time>2026-08-23T11:53:27Z</time>
      </trkpt>
      <trkpt lat="59.429267" lon="24.655299">
        <ele>7.0</ele>
        <time>2026-08-23T11:53:28Z</time>
      </trkpt>
      <trkpt lat="59.429267" lon="24.655299">
        <ele>7.0</ele>
        <time>2026-08-23T11:53:29Z</time>
      </trkpt>
      <trkpt lat="59.429276" lon="24.655312">
        <ele>7.0</ele>
        <time>2026-08-23T11:53:30Z</time>
      </trkpt>
      <trkpt lat="59.429281" lon="24.655312">
        <ele>7.0</ele>
        <time>2026-08-23T11:53:31Z</time>
      </trkpt>
      <trkpt lat="59.429283" lon="24.65531">
        <ele>7.0</ele>
        <time>2026-08-23T11:53:32Z</time>
      </trkpt>
      <trkpt lat="59.429283" lon="24.65531">
        <ele>7.0</ele>
        <time>2026-08-23T11:53:33Z</time>
      </trkpt>
      <trkpt lat="59.429283" lon="24.65531">
        <ele>7.0</ele>
        <time>2026-08-23T11:53:34Z</time>
      </trkpt>
      <trkpt lat="59.429283" lon="24.65531">
        <ele>7.0</ele>
        <time>2026-08-23T11:53:35Z</time>
      </trkpt>
      <trkpt lat="59.429283" lon="24.65531">
        <ele>7.0</ele>
        <time>2026-08-23T11:53:36Z</time>
      </trkpt>
      <trkpt lat="59.429283" lon="24.65531">
        <ele>7.0</ele>
        <time>2026-08-23T11:53:37Z</time>
      </trkpt>
      <trkpt lat="59.429275" lon="24.65529">
        <ele>7.0</ele>
        <time>2026-08-23T11:53:38Z</time>
      </trkpt>
      <trkpt lat="59.429275" lon="24.655293">
        <ele>7.0</ele>
        <time>2026-08-23T11:53:39Z</time>
      </trkpt>
      <trkpt lat="59.429278" lon="24.655291">
        <ele>7.0</ele>
        <time>2026-08-23T11:53:40Z</time>
      </trkpt>
      <trkpt lat="59.429281" lon="24.65529">
        <ele>7.0</ele>
        <time>2026-08-23T11:53:41Z</time>
      </trkpt>
      <trkpt lat="59.429281" lon="24.655292">
        <ele>7.0</ele>
        <time>2026-08-23T11:53:42Z</time>
      </trkpt>
      <trkpt lat="59.429279" lon="24.655292">
        <ele>7.0</ele>
        <time>2026-08-23T11:53:43Z</time>
      </trkpt>
      <trkpt lat="59.429276" lon="24.655295">
        <ele>7.0</ele>
        <time>2026-08-23T11:53:44Z</time>
      </trkpt>
      <trkpt lat="59.429277" lon="24.655288">
        <ele>7.0</ele>
        <time>2026-08-23T11:53:45Z</time>
      </trkpt>
      <trkpt lat="59.429276" lon="24.655284">
        <ele>7.0</ele>
        <time>2026-08-23T11:53:46Z</time>
      </trkpt>
      <trkpt lat="59.429271" lon="24.655277">
        <ele>7.0</ele>
        <time>2026-08-23T11:53:47Z</time>
      </trkpt>
      <trkpt lat="59.429271" lon="24.655277">
        <ele>7.0</ele>
        <time>2026-08-23T11:53:48Z</time>
      </trkpt>
      <trkpt lat="59.429271" lon="24.655277">
        <ele>7.0</ele>
        <time>2026-08-23T11:53:49Z</time>
      </trkpt>
      <trkpt lat="59.429271" lon="24.655277">
        <ele>7.0</ele>
        <time>2026-08-23T11:53:50Z</time>
      </trkpt>
      <trkpt lat="59.429271" lon="24.655277">
        <ele>7.0</ele>
        <time>2026-08-23T11:53:51Z</time>
      </trkpt>
      <trkpt lat="59.429271" lon="24.655277">
        <ele>7.0</ele>
        <time>2026-08-23T11:53:52Z</time>
      </trkpt>
      <trkpt lat="59.429271" lon="24.655277">
        <ele>7.0</ele>
        <time>2026-08-23T11:53:53Z</time>
      </trkpt>
      <trkpt lat="59.429271" lon="24.655277">
        <ele>7.0</ele>
        <time>2026-08-23T11:53:54Z</time>
      </trkpt>
      <trkpt lat="59.429271" lon="24.655277">
        <ele>7.0</ele>
        <time>2026-08-23T11:53:55Z</time>
      </trkpt>
      <trkpt lat="59.429271" lon="24.655277">
        <ele>7.0</ele>
        <time>2026-08-23T11:53:56Z</time>
      </trkpt>
      <trkpt lat="59.429271" lon="24.655277">
        <ele>7.0</ele>
        <time>2026-08-23T11:53:57Z</time>
      </trkpt>
      <trkpt lat="59.429257" lon="24.655321">
        <ele>7.0</ele>
        <time>2026-08-23T11:53:58Z</time>
      </trkpt>
      <trkpt lat="59.429256" lon="24.655314">
        <ele>7.0</ele>
        <time>2026-08-23T11:53:59Z</time>
      </trkpt>
      <trkpt lat="59.429259" lon="24.655308">
        <ele>7.0</ele>
        <time>2026-08-23T11:54:00Z</time>
      </trkpt>
      <trkpt lat="59.429258" lon="24.655295">
        <ele>7.0</ele>
        <time>2026-08-23T11:54:01Z</time>
      </trkpt>
      <trkpt lat="59.429252" lon="24.655283">
        <ele>7.0</ele>
        <time>2026-08-23T11:54:02Z</time>
      </trkpt>
      <trkpt lat="59.42925" lon="24.655289">
        <ele>7.0</ele>
        <time>2026-08-23T11:54:03Z</time>
      </trkpt>
      <trkpt lat="59.429251" lon="24.65529">
        <ele>7.0</ele>
        <time>2026-08-23T11:54:04Z</time>
      </trkpt>
      <trkpt lat="59.429251" lon="24.655295">
        <ele>7.0</ele>
        <time>2026-08-23T11:54:05Z</time>
      </trkpt>
      <trkpt lat="59.429255" lon="24.6553">
        <ele>7.0</ele>
        <time>2026-08-23T11:54:06Z</time>
      </trkpt>
      <trkpt lat="59.429258" lon="24.655299">
        <ele>7.0</ele>
        <time>2026-08-23T11:54:07Z</time>
      </trkpt>
      <trkpt lat="59.429265" lon="24.655299">
        <ele>7.0</ele>
        <time>2026-08-23T11:54:08Z</time>
      </trkpt>
      <trkpt lat="59.42927" lon="24.655291">
        <ele>7.0</ele>
        <time>2026-08-23T11:54:09Z</time>
      </trkpt>
      <trkpt lat="59.429272" lon="24.655288">
        <ele>7.0</ele>
        <time>2026-08-23T11:54:10Z</time>
      </trkpt>
      <trkpt lat="59.42927" lon="24.65528">
        <ele>7.0</ele>
        <time>2026-08-23T11:54:11Z</time>
      </trkpt>
      <trkpt lat="59.429269" lon="24.655286">
        <ele>7.0</ele>
        <time>2026-08-23T11:54:12Z</time>
      </trkpt>
      <trkpt lat="59.429262" lon="24.655279">
        <ele>7.0</ele>
        <time>2026-08-23T11:54:13Z</time>
      </trkpt>
      <trkpt lat="59.429256" lon="24.655285">
        <ele>7.0</ele>
        <time>2026-08-23T11:54:14Z</time>
      </trkpt>
      <trkpt lat="59.429255" lon="24.655288">
        <ele>7.0</ele>
        <time>2026-08-23T11:54:15Z</time>
      </trkpt>
      <trkpt lat="59.429255" lon="24.655288">
        <ele>7.0</ele>
        <time>2026-08-23T11:54:16Z</time>
      </trkpt>
      <trkpt lat="59.429252" lon="24.655311">
        <ele>7.0</ele>
        <time>2026-08-23T11:54:17Z</time>
      </trkpt>
      <trkpt lat="59.429251" lon="24.655321">
        <ele>7.0</ele>
        <time>2026-08-23T11:54:18Z</time>
      </trkpt>
      <trkpt lat="59.429251" lon="24.655322">
        <ele>7.0</ele>
        <time>2026-08-23T11:54:19Z</time>
      </trkpt>
      <trkpt lat="59.429251" lon="24.655322">
        <ele>7.0</ele>
        <time>2026-08-23T11:54:20Z</time>
      </trkpt>
      <trkpt lat="59.429252" lon="24.655334">
        <ele>7.0</ele>
        <time>2026-08-23T11:54:21Z</time>
      </trkpt>
      <trkpt lat="59.429254" lon="24.655328">
        <ele>7.0</ele>
        <time>2026-08-23T11:54:22Z</time>
      </trkpt>
      <trkpt lat="59.42926" lon="24.65532">
        <ele>7.0</ele>
        <time>2026-08-23T11:54:23Z</time>
      </trkpt>
      <trkpt lat="59.429264" lon="24.655317">
        <ele>7.0</ele>
        <time>2026-08-23T11:54:24Z</time>
      </trkpt>
      <trkpt lat="59.429265" lon="24.655306">
        <ele>7.0</ele>
        <time>2026-08-23T11:54:25Z</time>
      </trkpt>
      <trkpt lat="59.429266" lon="24.655307">
        <ele>7.0</ele>
        <time>2026-08-23T11:54:26Z</time>
      </trkpt>
      <trkpt lat="59.429266" lon="24.655307">
        <ele>7.0</ele>
        <time>2026-08-23T11:54:27Z</time>
      </trkpt>
      <trkpt lat="59.429266" lon="24.655307">
        <ele>7.0</ele>
        <time>2026-08-23T11:54:28Z</time>
      </trkpt>
      <trkpt lat="59.429269" lon="24.655294">
        <ele>7.0</ele>
        <time>2026-08-23T11:54:29Z</time>
      </trkpt>
      <trkpt lat="59.429271" lon="24.655295">
        <ele>7.0</ele>
        <time>2026-08-23T11:54:30Z</time>
      </trkpt>
      <trkpt lat="59.42927" lon="24.655299">
        <ele>7.0</ele>
        <time>2026-08-23T11:54:31Z</time>
      </trkpt>
      <trkpt lat="59.42927" lon="24.655303">
        <ele>7.0</ele>
        <time>2026-08-23T11:54:32Z</time>
      </trkpt>
      <trkpt lat="59.429267" lon="24.655309">
        <ele>7.0</ele>
        <time>2026-08-23T11:54:33Z</time>
      </trkpt>
      <trkpt lat="59.429268" lon="24.655316">
        <ele>7.0</ele>
        <time>2026-08-23T11:54:34Z</time>
      </trkpt>
      <trkpt lat="59.429271" lon="24.65531">
        <ele>7.0</ele>
        <time>2026-08-23T11:54:35Z</time>
      </trkpt>
      <trkpt lat="59.429268" lon="24.655307">
        <ele>7.0</ele>
        <time>2026-08-23T11:54:36Z</time>
      </trkpt>
      <trkpt lat="59.429257" lon="24.655302">
        <ele>7.0</ele>
        <time>2026-08-23T11:54:37Z</time>
      </trkpt>
      <trkpt lat="59.429252" lon="24.655306">
        <ele>7.0</ele>
        <time>2026-08-23T11:54:38Z</time>
      </trkpt>
      <trkpt lat="59.429253" lon="24.655299">
        <ele>7.0</ele>
        <time>2026-08-23T11:54:39Z</time>
      </trkpt>
      <trkpt lat="59.429262" lon="24.655289">
        <ele>7.0</ele>
        <time>2026-08-23T11:54:40Z</time>
      </trkpt>
      <trkpt lat="59.429268" lon="24.655286">
        <ele>7.0</ele>
        <time>2026-08-23T11:54:41Z</time>
      </trkpt>
      <trkpt lat="59.429262" lon="24.655297">
        <ele>7.0</ele>
        <time>2026-08-23T11:54:42Z</time>
      </trkpt>
      <trkpt lat="59.429261" lon="24.655283">
        <ele>7.0</ele>
        <time>2026-08-23T11:54:43Z</time>
      </trkpt>
      <trkpt lat="59.429265" lon="24.655277">
        <ele>7.0</ele>
        <time>2026-08-23T11:54:44Z</time>
      </trkpt>
      <trkpt lat="59.429264" lon="24.655275">
        <ele>7.0</ele>
        <time>2026-08-23T11:54:45Z</time>
      </trkpt>
      <trkpt lat="59.429264" lon="24.65528">
        <ele>7.0</ele>
        <time>2026-08-23T11:54:46Z</time>
      </trkpt>
      <trkpt lat="59.429263" lon="24.655287">
        <ele>7.0</ele>
        <time>2026-08-23T11:54:47Z</time>
      </trkpt>
      <trkpt lat="59.429261" lon="24.655294">
        <ele>7.0</ele>
        <time>2026-08-23T11:54:48Z</time>
      </trkpt>
      <trkpt lat="59.429259" lon="24.655291">
        <ele>7.0</ele>
        <time>2026-08-23T11:54:49Z</time>
      </trkpt>
      <trkpt lat="59.429261" lon="24.655293">
        <ele>7.0</ele>
        <time>2026-08-23T11:54:50Z</time>
      </trkpt>
      <trkpt lat="59.429255" lon="24.655294">
        <ele>7.0</ele>
        <time>2026-08-23T11:54:51Z</time>
      </trkpt>
      <trkpt lat="59.429257" lon="24.655293">
        <ele>7.0</ele>
        <time>2026-08-23T11:54:52Z</time>
      </trkpt>
      <trkpt lat="59.429256" lon="24.655289">
        <ele>7.0</ele>
        <time>2026-08-23T11:54:53Z</time>
      </trkpt>
      <trkpt lat="59.429256" lon="24.65529">
        <ele>7.0</ele>
        <time>2026-08-23T11:54:54Z</time>
      </trkpt>
      <trkpt lat="59.429256" lon="24.65529">
        <ele>7.0</ele>
        <time>2026-08-23T11:54:55Z</time>
      </trkpt>
      <trkpt lat="59.429256" lon="24.65529">
        <ele>7.0</ele>
        <time>2026-08-23T11:54:58Z</time>
      </trkpt>
      <trkpt lat="59.429256" lon="24.65529">
        <ele>7.0</ele>
        <time>2026-08-23T11:55:01Z</time>
      </trkpt>
      <trkpt lat="59.429256" lon="24.65529">
        <ele>7.0</ele>
        <time>2026-08-23T11:55:02Z</time>
      </trkpt>
      <trkpt lat="59.429256" lon="24.65529">
        <ele>7.0</ele>
        <time>2026-08-23T11:55:03Z</time>
      </trkpt>
      <trkpt lat="59.429283" lon="24.655305">
        <ele>7.0</ele>
        <time>2026-08-23T11:55:04Z</time>
      </trkpt>
      <trkpt lat="59.429283" lon="24.655308">
        <ele>7.0</ele>
        <time>2026-08-23T11:55:05Z</time>
      </trkpt>
      <trkpt lat="59.429281" lon="24.655305">
        <ele>7.0</ele>
        <time>2026-08-23T11:55:06Z</time>
      </trkpt>
      <trkpt lat="59.429278" lon="24.655319">
        <ele>7.0</ele>
        <time>2026-08-23T11:55:07Z</time>
      </trkpt>
      <trkpt lat="59.429285" lon="24.655315">
        <ele>7.0</ele>
        <time>2026-08-23T11:55:08Z</time>
      </trkpt>
      <trkpt lat="59.429284" lon="24.655317">
        <ele>7.0</ele>
        <time>2026-08-23T11:55:09Z</time>
      </trkpt>
      <trkpt lat="59.429278" lon="24.655307">
        <ele>7.0</ele>
        <time>2026-08-23T11:55:10Z</time>
      </trkpt>
      <trkpt lat="59.429268" lon="24.655298">
        <ele>7.0</ele>
        <time>2026-08-23T11:55:11Z</time>
      </trkpt>
      <trkpt lat="59.429264" lon="24.655293">
        <ele>7.0</ele>
        <time>2026-08-23T11:55:12Z</time>
      </trkpt>
      <trkpt lat="59.429259" lon="24.655291">
        <ele>7.0</ele>
        <time>2026-08-23T11:55:13Z</time>
      </trkpt>
      <trkpt lat="59.429264" lon="24.655295">
        <ele>7.0</ele>
        <time>2026-08-23T11:55:14Z</time>
      </trkpt>
      <trkpt lat="59.429261" lon="24.655293">
        <ele>7.0</ele>
        <time>2026-08-23T11:55:15Z</time>
      </trkpt>
      <trkpt lat="59.429263" lon="24.655297">
        <ele>7.0</ele>
        <time>2026-08-23T11:55:16Z</time>
      </trkpt>
      <trkpt lat="59.429264" lon="24.655302">
        <ele>7.0</ele>
        <time>2026-08-23T11:55:17Z</time>
      </trkpt>
      <trkpt lat="59.429264" lon="24.655302">
        <ele>7.0</ele>
        <time>2026-08-23T11:55:18Z</time>
      </trkpt>
      <trkpt lat="59.429267" lon="24.655304">
        <ele>7.0</ele>
        <time>2026-08-23T11:55:19Z</time>
      </trkpt>
      <trkpt lat="59.429268" lon="24.655309">
        <ele>7.0</ele>
        <time>2026-08-23T11:55:20Z</time>
      </trkpt>
      <trkpt lat="59.42927" lon="24.655317">
        <ele>7.0</ele>
        <time>2026-08-23T11:55:21Z</time>
      </trkpt>
      <trkpt lat="59.429272" lon="24.655321">
        <ele>7.0</ele>
        <time>2026-08-23T11:55:22Z</time>
      </trkpt>
      <trkpt lat="59.429272" lon="24.655321">
        <ele>7.0</ele>
        <time>2026-08-23T11:55:23Z</time>
      </trkpt>
      <trkpt lat="59.429273" lon="24.655323">
        <ele>7.0</ele>
        <time>2026-08-23T11:55:24Z</time>
      </trkpt>
      <trkpt lat="59.429273" lon="24.655323">
        <ele>7.0</ele>
        <time>2026-08-23T11:55:25Z</time>
      </trkpt>
      <trkpt lat="59.429273" lon="24.655323">
        <ele>7.0</ele>
        <time>2026-08-23T11:55:26Z</time>
      </trkpt>
      <trkpt lat="59.429273" lon="24.655323">
        <ele>7.0</ele>
        <time>2026-08-23T11:55:27Z</time>
      </trkpt>
      <trkpt lat="59.429271" lon="24.655329">
        <ele>7.0</ele>
        <time>2026-08-23T11:55:28Z</time>
      </trkpt>
      <trkpt lat="59.429272" lon="24.655339">
        <ele>7.0</ele>
        <time>2026-08-23T11:55:29Z</time>
      </trkpt>
      <trkpt lat="59.429269" lon="24.655346">
        <ele>7.0</ele>
        <time>2026-08-23T11:55:30Z</time>
      </trkpt>
      <trkpt lat="59.429266" lon="24.655363">
        <ele>7.0</ele>
        <time>2026-08-23T11:55:31Z</time>
      </trkpt>
      <trkpt lat="59.429268" lon="24.655374">
        <ele>7.0</ele>
        <time>2026-08-23T11:55:32Z</time>
      </trkpt>
      <trkpt lat="59.429252" lon="24.655377">
        <ele>7.0</ele>
        <time>2026-08-23T11:55:33Z</time>
      </trkpt>
      <trkpt lat="59.42925" lon="24.655378">
        <ele>7.0</ele>
        <time>2026-08-23T11:55:34Z</time>
      </trkpt>
      <trkpt lat="59.429235" lon="24.655371">
        <ele>7.0</ele>
        <time>2026-08-23T11:55:35Z</time>
      </trkpt>
      <trkpt lat="59.429236" lon="24.655379">
        <ele>7.0</ele>
        <time>2026-08-23T11:55:36Z</time>
      </trkpt>
      <trkpt lat="59.429239" lon="24.655384">
        <ele>7.0</ele>
        <time>2026-08-23T11:55:37Z</time>
      </trkpt>
      <trkpt lat="59.429233" lon="24.655373">
        <ele>7.0</ele>
        <time>2026-08-23T11:55:38Z</time>
      </trkpt>
      <trkpt lat="59.429236" lon="24.655366">
        <ele>7.0</ele>
        <time>2026-08-23T11:55:39Z</time>
      </trkpt>
      <trkpt lat="59.429233" lon="24.655362">
        <ele>7.0</ele>
        <time>2026-08-23T11:55:40Z</time>
      </trkpt>
      <trkpt lat="59.429235" lon="24.655359">
        <ele>7.0</ele>
        <time>2026-08-23T11:55:41Z</time>
      </trkpt>
      <trkpt lat="59.429235" lon="24.655359">
        <ele>7.0</ele>
        <time>2026-08-23T11:55:42Z</time>
      </trkpt>
      <trkpt lat="59.429235" lon="24.655359">
        <ele>7.0</ele>
        <time>2026-08-23T11:55:43Z</time>
      </trkpt>
      <trkpt lat="59.429235" lon="24.655359">
        <ele>7.0</ele>
        <time>2026-08-23T11:55:44Z</time>
      </trkpt>
      <trkpt lat="59.429236" lon="24.655366">
        <ele>7.0</ele>
        <time>2026-08-23T11:55:45Z</time>
      </trkpt>
      <trkpt lat="59.429234" lon="24.655363">
        <ele>7.0</ele>
        <time>2026-08-23T11:55:46Z</time>
      </trkpt>
      <trkpt lat="59.429241" lon="24.655365">
        <ele>7.0</ele>
        <time>2026-08-23T11:55:47Z</time>
      </trkpt>
      <trkpt lat="59.429239" lon="24.655356">
        <ele>7.0</ele>
        <time>2026-08-23T11:55:48Z</time>
      </trkpt>
      <trkpt lat="59.429235" lon="24.655355">
        <ele>7.0</ele>
        <time>2026-08-23T11:55:49Z</time>
      </trkpt>
      <trkpt lat="59.429236" lon="24.655355">
        <ele>7.0</ele>
        <time>2026-08-23T11:55:50Z</time>
      </trkpt>
      <trkpt lat="59.42923" lon="24.655353">
        <ele>7.0</ele>
        <time>2026-08-23T11:55:51Z</time>
      </trkpt>
      <trkpt lat="59.42923" lon="24.655355">
        <ele>7.0</ele>
        <time>2026-08-23T11:55:52Z</time>
      </trkpt>
      <trkpt lat="59.429233" lon="24.655361">
        <ele>7.0</ele>
        <time>2026-08-23T11:55:53Z</time>
      </trkpt>
      <trkpt lat="59.429231" lon="24.655364">
        <ele>7.0</ele>
        <time>2026-08-23T11:55:54Z</time>
      </trkpt>
      <trkpt lat="59.429231" lon="24.655364">
        <ele>7.0</ele>
        <time>2026-08-23T11:55:55Z</time>
      </trkpt>
      <trkpt lat="59.429231" lon="24.655364">
        <ele>7.0</ele>
        <time>2026-08-23T11:55:56Z</time>
      </trkpt>
      <trkpt lat="59.429231" lon="24.655364">
        <ele>7.0</ele>
        <time>2026-08-23T11:55:57Z</time>
      </trkpt>
      <trkpt lat="59.429231" lon="24.655364">
        <ele>7.0</ele>
        <time>2026-08-23T11:55:58Z</time>
      </trkpt>
      <trkpt lat="59.429234" lon="24.655397">
        <ele>7.0</ele>
        <time>2026-08-23T11:55:59Z</time>
      </trkpt>
      <trkpt lat="59.429239" lon="24.655397">
        <ele>7.0</ele>
        <time>2026-08-23T11:56:00Z</time>
      </trkpt>
      <trkpt lat="59.429242" lon="24.655401">
        <ele>7.0</ele>
        <time>2026-08-23T11:56:01Z</time>
      </trkpt>
      <trkpt lat="59.429242" lon="24.655403">
        <ele>7.0</ele>
        <time>2026-08-23T11:56:02Z</time>
      </trkpt>
      <trkpt lat="59.429241" lon="24.655404">
        <ele>7.0</ele>
        <time>2026-08-23T11:56:03Z</time>
      </trkpt>
      <trkpt lat="59.429241" lon="24.655404">
        <ele>7.0</ele>
        <time>2026-08-23T11:56:04Z</time>
      </trkpt>
      <trkpt lat="59.429241" lon="24.655404">
        <ele>7.0</ele>
        <time>2026-08-23T11:56:05Z</time>
      </trkpt>
      <trkpt lat="59.429241" lon="24.655404">
        <ele>7.0</ele>
        <time>2026-08-23T11:56:06Z</time>
      </trkpt>
      <trkpt lat="59.429241" lon="24.655404">
        <ele>7.0</ele>
        <time>2026-08-23T11:56:07Z</time>
      </trkpt>
      <trkpt lat="59.429241" lon="24.655404">
        <ele>7.0</ele>
        <time>2026-08-23T11:56:08Z</time>
      </trkpt>
      <trkpt lat="59.429237" lon="24.655412">
        <ele>7.0</ele>
        <time>2026-08-23T11:56:09Z</time>
      </trkpt>
      <trkpt lat="59.429238" lon="24.655411">
        <ele>7.0</ele>
        <time>2026-08-23T11:56:10Z</time>
      </trkpt>
      <trkpt lat="59.429238" lon="24.655411">
        <ele>7.0</ele>
        <time>2026-08-23T11:56:11Z</time>
      </trkpt>
      <trkpt lat="59.429238" lon="24.655411">
        <ele>7.0</ele>
        <time>2026-08-23T11:56:12Z</time>
      </trkpt>
      <trkpt lat="59.429238" lon="24.655411">
        <ele>7.0</ele>
        <time>2026-08-23T11:56:13Z</time>
      </trkpt>
      <trkpt lat="59.429238" lon="24.655411">
        <ele>7.0</ele>
        <time>2026-08-23T11:56:14Z</time>
      </trkpt>
      <trkpt lat="59.429238" lon="24.655411">
        <ele>7.0</ele>
        <time>2026-08-23T11:56:15Z</time>
      </trkpt>
      <trkpt lat="59.42923" lon="24.65541">
        <ele>7.0</ele>
        <time>2026-08-23T11:56:16Z</time>
      </trkpt>
      <trkpt lat="59.429226" lon="24.655403">
        <ele>7.0</ele>
        <time>2026-08-23T11:56:17Z</time>
      </trkpt>
      <trkpt lat="59.429227" lon="24.6554">
        <ele>7.0</ele>
        <time>2026-08-23T11:56:18Z</time>
      </trkpt>
      <trkpt lat="59.429228" lon="24.655404">
        <ele>7.0</ele>
        <time>2026-08-23T11:56:19Z</time>
      </trkpt>
      <trkpt lat="59.429228" lon="24.655404">
        <ele>7.0</ele>
        <time>2026-08-23T11:56:20Z</time>
      </trkpt>
      <trkpt lat="59.429228" lon="24.655404">
        <ele>7.0</ele>
        <time>2026-08-23T11:56:21Z</time>
      </trkpt>
      <trkpt lat="59.429228" lon="24.655404">
        <ele>7.0</ele>
        <time>2026-08-23T11:56:22Z</time>
      </trkpt>
      <trkpt lat="59.429228" lon="24.655404">
        <ele>7.0</ele>
        <time>2026-08-23T11:56:23Z</time>
      </trkpt>
      <trkpt lat="59.429228" lon="24.655404">
        <ele>7.0</ele>
        <time>2026-08-23T11:56:24Z</time>
      </trkpt>
      <trkpt lat="59.429228" lon="24.655404">
        <ele>7.0</ele>
        <time>2026-08-23T11:56:25Z</time>
      </trkpt>
      <trkpt lat="59.429228" lon="24.655404">
        <ele>7.0</ele>
        <time>2026-08-23T11:56:26Z</time>
      </trkpt>
      <trkpt lat="59.429228" lon="24.655404">
        <ele>7.0</ele>
        <time>2026-08-23T11:56:27Z</time>
      </trkpt>
      <trkpt lat="59.429228" lon="24.655404">
        <ele>7.0</ele>
        <time>2026-08-23T11:56:28Z</time>
      </trkpt>
      <trkpt lat="59.429228" lon="24.655404">
        <ele>7.0</ele>
        <time>2026-08-23T11:56:29Z</time>
      </trkpt>
      <trkpt lat="59.429228" lon="24.655404">
        <ele>7.0</ele>
        <time>2026-08-23T11:56:30Z</time>
      </trkpt>
      <trkpt lat="59.429228" lon="24.655404">
        <ele>7.0</ele>
        <time>2026-08-23T11:56:31Z</time>
      </trkpt>
      <trkpt lat="59.429228" lon="24.655404">
        <ele>7.0</ele>
        <time>2026-08-23T11:56:32Z</time>
      </trkpt>
      <trkpt lat="59.429228" lon="24.655404">
        <ele>7.0</ele>
        <time>2026-08-23T11:56:33Z</time>
      </trkpt>
      <trkpt lat="59.429228" lon="24.655404">
        <ele>7.0</ele>
        <time>2026-08-23T11:56:34Z</time>
      </trkpt>
      <trkpt lat="59.429228" lon="24.655404">
        <ele>7.0</ele>
        <time>2026-08-23T11:56:35Z</time>
      </trkpt>
      <trkpt lat="59.429228" lon="24.655404">
        <ele>7.0</ele>
        <time>2026-08-23T11:56:36Z</time>
      </trkpt>
      <trkpt lat="59.429228" lon="24.655404">
        <ele>7.0</ele>
        <time>2026-08-23T11:56:37Z</time>
      </trkpt>
      <trkpt lat="59.429228" lon="24.655404">
        <ele>7.0</ele>
        <time>2026-08-23T11:56:38Z</time>
      </trkpt>
      <trkpt lat="59.429228" lon="24.655404">
        <ele>7.0</ele>
        <time>2026-08-23T11:56:39Z</time>
      </trkpt>
      <trkpt lat="59.429228" lon="24.655404">
        <ele>7.0</ele>
        <time>2026-08-23T11:56:40Z</time>
      </trkpt>
      <trkpt lat="59.429228" lon="24.655404">
        <ele>7.0</ele>
        <time>2026-08-23T11:56:41Z</time>
      </trkpt>
      <trkpt lat="59.429228" lon="24.655404">
        <ele>7.0</ele>
        <time>2026-08-23T11:56:42Z</time>
      </trkpt>
      <trkpt lat="59.429228" lon="24.655404">
        <ele>7.0</ele>
        <time>2026-08-23T11:56:43Z</time>
      </trkpt>
      <trkpt lat="59.429228" lon="24.655404">
        <ele>7.0</ele>
        <time>2026-08-23T11:56:44Z</time>
      </trkpt>
      <trkpt lat="59.429228" lon="24.655404">
        <ele>7.0</ele>
        <time>2026-08-23T11:56:45Z</time>
      </trkpt>
      <trkpt lat="59.429228" lon="24.655404">
        <ele>7.0</ele>
        <time>2026-08-23T11:56:46Z</time>
      </trkpt>
      <trkpt lat="59.429228" lon="24.655404">
        <ele>7.0</ele>
        <time>2026-08-23T11:56:47Z</time>
      </trkpt>
      <trkpt lat="59.429228" lon="24.655404">
        <ele>7.0</ele>
        <time>2026-08-23T11:56:48Z</time>
      </trkpt>
      <trkpt lat="59.429228" lon="24.655404">
        <ele>7.0</ele>
        <time>2026-08-23T11:56:49Z</time>
      </trkpt>
      <trkpt lat="59.429228" lon="24.655404">
        <ele>7.0</ele>
        <time>2026-08-23T11:56:50Z</time>
      </trkpt>
      <trkpt lat="59.429228" lon="24.655404">
        <ele>7.0</ele>
        <time>2026-08-23T11:56:51Z</time>
      </trkpt>
      <trkpt lat="59.429228" lon="24.655404">
        <ele>7.0</ele>
        <time>2026-08-23T11:56:52Z</time>
      </trkpt>
      <trkpt lat="59.429228" lon="24.655404">
        <ele>7.0</ele>
        <time>2026-08-23T11:56:53Z</time>
      </trkpt>
      <trkpt lat="59.429228" lon="24.655404">
        <ele>7.0</ele>
        <time>2026-08-23T11:56:54Z</time>
      </trkpt>
      <trkpt lat="59.429228" lon="24.655404">
        <ele>7.0</ele>
        <time>2026-08-23T11:56:55Z</time>
      </trkpt>
      <trkpt lat="59.429228" lon="24.655404">
        <ele>7.0</ele>
        <time>2026-08-23T11:56:56Z</time>
      </trkpt>
      <trkpt lat="59.429228" lon="24.655404">
        <ele>7.0</ele>
        <time>2026-08-23T11:56:57Z</time>
      </trkpt>
      <trkpt lat="59.429228" lon="24.655404">
        <ele>7.0</ele>
        <time>2026-08-23T11:56:58Z</time>
      </trkpt>
      <trkpt lat="59.429228" lon="24.655404">
        <ele>7.0</ele>
        <time>2026-08-23T11:56:59Z</time>
      </trkpt>
      <trkpt lat="59.429228" lon="24.655404">
        <ele>7.0</ele>
        <time>2026-08-23T11:57:00Z</time>
      </trkpt>
      <trkpt lat="59.429228" lon="24.655404">
        <ele>7.0</ele>
        <time>2026-08-23T11:57:01Z</time>
      </trkpt>
      <trkpt lat="59.429228" lon="24.655404">
        <ele>7.0</ele>
        <time>2026-08-23T11:57:02Z</time>
      </trkpt>
      <trkpt lat="59.429228" lon="24.655404">
        <ele>7.0</ele>
        <time>2026-08-23T11:57:03Z</time>
      </trkpt>
      <trkpt lat="59.429228" lon="24.655404">
        <ele>7.0</ele>
        <time>2026-08-23T11:57:04Z</time>
      </trkpt>
      <trkpt lat="59.429228" lon="24.655401">
        <ele>7.0</ele>
        <time>2026-08-23T11:57:05Z</time>
      </trkpt>
      <trkpt lat="59.429231" lon="24.6554">
        <ele>7.0</ele>
        <time>2026-08-23T11:57:06Z</time>
      </trkpt>
      <trkpt lat="59.429229" lon="24.6554">
        <ele>7.0</ele>
        <time>2026-08-23T11:57:07Z</time>
      </trkpt>
      <trkpt lat="59.429231" lon="24.6554">
        <ele>7.0</ele>
        <time>2026-08-23T11:57:08Z</time>
      </trkpt>
      <trkpt lat="59.429231" lon="24.655393">
        <ele>7.0</ele>
        <time>2026-08-23T11:57:09Z</time>
      </trkpt>
      <trkpt lat="59.429232" lon="24.655387">
        <ele>7.0</ele>
        <time>2026-08-23T11:57:10Z</time>
      </trkpt>
      <trkpt lat="59.429229" lon="24.655383">
        <ele>7.0</ele>
        <time>2026-08-23T11:57:11Z</time>
      </trkpt>
      <trkpt lat="59.429227" lon="24.655382">
        <ele>7.0</ele>
        <time>2026-08-23T11:57:12Z</time>
      </trkpt>
      <trkpt lat="59.42923" lon="24.655381">
        <ele>7.0</ele>
        <time>2026-08-23T11:57:13Z</time>
      </trkpt>
      <trkpt lat="59.429233" lon="24.655374">
        <ele>7.0</ele>
        <time>2026-08-23T11:57:14Z</time>
      </trkpt>
      <trkpt lat="59.429229" lon="24.655368">
        <ele>7.0</ele>
        <time>2026-08-23T11:57:15Z</time>
      </trkpt>
      <trkpt lat="59.429226" lon="24.655363">
        <ele>7.0</ele>
        <time>2026-08-23T11:57:16Z</time>
      </trkpt>
      <trkpt lat="59.429224" lon="24.655357">
        <ele>7.0</ele>
        <time>2026-08-23T11:57:17Z</time>
      </trkpt>
      <trkpt lat="59.429221" lon="24.655353">
        <ele>7.0</ele>
        <time>2026-08-23T11:57:18Z</time>
      </trkpt>
      <trkpt lat="59.429222" lon="24.655344">
        <ele>7.0</ele>
        <time>2026-08-23T11:57:19Z</time>
      </trkpt>
      <trkpt lat="59.429221" lon="24.655339">
        <ele>7.0</ele>
        <time>2026-08-23T11:57:20Z</time>
      </trkpt>
      <trkpt lat="59.429215" lon="24.655336">
        <ele>7.0</ele>
        <time>2026-08-23T11:57:21Z</time>
      </trkpt>
      <trkpt lat="59.429212" lon="24.655324">
        <ele>7.0</ele>
        <time>2026-08-23T11:57:22Z</time>
      </trkpt>
      <trkpt lat="59.429217" lon="24.655327">
        <ele>7.0</ele>
        <time>2026-08-23T11:57:23Z</time>
      </trkpt>
      <trkpt lat="59.429218" lon="24.655321">
        <ele>7.0</ele>
        <time>2026-08-23T11:57:24Z</time>
      </trkpt>
      <trkpt lat="59.429216" lon="24.655331">
        <ele>7.0</ele>
        <time>2026-08-23T11:57:25Z</time>
      </trkpt>
      <trkpt lat="59.429221" lon="24.655334">
        <ele>7.0</ele>
        <time>2026-08-23T11:57:26Z</time>
      </trkpt>
      <trkpt lat="59.429223" lon="24.655329">
        <ele>7.0</ele>
        <time>2026-08-23T11:57:27Z</time>
      </trkpt>
      <trkpt lat="59.429223" lon="24.655329">
        <ele>7.0</ele>
        <time>2026-08-23T11:57:29Z</time>
      </trkpt>
      <trkpt lat="59.429223" lon="24.655329">
        <ele>7.0</ele>
        <time>2026-08-23T11:57:31Z</time>
      </trkpt>
      <trkpt lat="59.429223" lon="24.655329">
        <ele>7.0</ele>
        <time>2026-08-23T11:57:34Z</time>
      </trkpt>
      <trkpt lat="59.429223" lon="24.655329">
        <ele>7.0</ele>
        <time>2026-08-23T11:57:37Z</time>
      </trkpt>
      <trkpt lat="59.429227" lon="24.655331">
        <ele>7.0</ele>
        <time>2026-08-23T11:57:39Z</time>
      </trkpt>
      <trkpt lat="59.429223" lon="24.655333">
        <ele>7.0</ele>
        <time>2026-08-23T11:57:40Z</time>
      </trkpt>
      <trkpt lat="59.429223" lon="24.655339">
        <ele>7.0</ele>
        <time>2026-08-23T11:57:41Z</time>
      </trkpt>
      <trkpt lat="59.429226" lon="24.655352">
        <ele>7.0</ele>
        <time>2026-08-23T11:57:42Z</time>
      </trkpt>
      <trkpt lat="59.429226" lon="24.65536">
        <ele>7.0</ele>
        <time>2026-08-23T11:57:43Z</time>
      </trkpt>
      <trkpt lat="59.429226" lon="24.655357">
        <ele>7.0</ele>
        <time>2026-08-23T11:57:44Z</time>
      </trkpt>
      <trkpt lat="59.429229" lon="24.65536">
        <ele>7.0</ele>
        <time>2026-08-23T11:57:45Z</time>
      </trkpt>
      <trkpt lat="59.429232" lon="24.655347">
        <ele>7.0</ele>
        <time>2026-08-23T11:57:46Z</time>
      </trkpt>
      <trkpt lat="59.429234" lon="24.655341">
        <ele>7.0</ele>
        <time>2026-08-23T11:57:47Z</time>
      </trkpt>
      <trkpt lat="59.429231" lon="24.655333">
        <ele>7.0</ele>
        <time>2026-08-23T11:57:48Z</time>
      </trkpt>
      <trkpt lat="59.429227" lon="24.655325">
        <ele>7.0</ele>
        <time>2026-08-23T11:57:49Z</time>
      </trkpt>
      <trkpt lat="59.429227" lon="24.655311">
        <ele>7.0</ele>
        <time>2026-08-23T11:57:50Z</time>
      </trkpt>
      <trkpt lat="59.429227" lon="24.655315">
        <ele>7.0</ele>
        <time>2026-08-23T11:57:51Z</time>
      </trkpt>
      <trkpt lat="59.42923" lon="24.655328">
        <ele>7.0</ele>
        <time>2026-08-23T11:57:52Z</time>
      </trkpt>
      <trkpt lat="59.429234" lon="24.655327">
        <ele>7.0</ele>
        <time>2026-08-23T11:57:53Z</time>
      </trkpt>
      <trkpt lat="59.429229" lon="24.655326">
        <ele>7.0</ele>
        <time>2026-08-23T11:57:54Z</time>
      </trkpt>
      <trkpt lat="59.429226" lon="24.655323">
        <ele>7.0</ele>
        <time>2026-08-23T11:57:55Z</time>
      </trkpt>
      <trkpt lat="59.429223" lon="24.655327">
        <ele>7.0</ele>
        <time>2026-08-23T11:57:56Z</time>
      </trkpt>
      <trkpt lat="59.42923" lon="24.655333">
        <ele>7.0</ele>
        <time>2026-08-23T11:57:57Z</time>
      </trkpt>
      <trkpt lat="59.429232" lon="24.655334">
        <ele>7.0</ele>
        <time>2026-08-23T11:57:58Z</time>
      </trkpt>
      <trkpt lat="59.429225" lon="24.655333">
        <ele>7.0</ele>
        <time>2026-08-23T11:57:59Z</time>
      </trkpt>
      <trkpt lat="59.429232" lon="24.655341">
        <ele>7.0</ele>
        <time>2026-08-23T11:58:00Z</time>
      </trkpt>
      <trkpt lat="59.429237" lon="24.65534">
        <ele>7.0</ele>
        <time>2026-08-23T11:58:01Z</time>
      </trkpt>
      <trkpt lat="59.429244" lon="24.65535">
        <ele>7.0</ele>
        <time>2026-08-23T11:58:02Z</time>
      </trkpt>
      <trkpt lat="59.429243" lon="24.655348">
        <ele>7.0</ele>
        <time>2026-08-23T11:58:03Z</time>
      </trkpt>
      <trkpt lat="59.429231" lon="24.655352">
        <ele>7.0</ele>
        <time>2026-08-23T11:58:04Z</time>
      </trkpt>
      <trkpt lat="59.429228" lon="24.655355">
        <ele>7.0</ele>
        <time>2026-08-23T11:58:05Z</time>
      </trkpt>
      <trkpt lat="59.429228" lon="24.655352">
        <ele>7.0</ele>
        <time>2026-08-23T11:58:06Z</time>
      </trkpt>
      <trkpt lat="59.42923" lon="24.655349">
        <ele>7.0</ele>
        <time>2026-08-23T11:58:07Z</time>
      </trkpt>
      <trkpt lat="59.429232" lon="24.655351">
        <ele>7.0</ele>
        <time>2026-08-23T11:58:08Z</time>
      </trkpt>
      <trkpt lat="59.429237" lon="24.655366">
        <ele>7.0</ele>
        <time>2026-08-23T11:58:09Z</time>
      </trkpt>
      <trkpt lat="59.429231" lon="24.655361">
        <ele>7.0</ele>
        <time>2026-08-23T11:58:10Z</time>
      </trkpt>
      <trkpt lat="59.429245" lon="24.655376">
        <ele>7.0</ele>
        <time>2026-08-23T11:58:11Z</time>
      </trkpt>
      <trkpt lat="59.42924" lon="24.655374">
        <ele>7.0</ele>
        <time>2026-08-23T11:58:12Z</time>
      </trkpt>
      <trkpt lat="59.429242" lon="24.655364">
        <ele>7.0</ele>
        <time>2026-08-23T11:58:13Z</time>
      </trkpt>
      <trkpt lat="59.429241" lon="24.655366">
        <ele>7.0</ele>
        <time>2026-08-23T11:58:14Z</time>
      </trkpt>
      <trkpt lat="59.429237" lon="24.655359">
        <ele>7.0</ele>
        <time>2026-08-23T11:58:15Z</time>
      </trkpt>
      <trkpt lat="59.429238" lon="24.655357">
        <ele>7.0</ele>
        <time>2026-08-23T11:58:16Z</time>
      </trkpt>
      <trkpt lat="59.429233" lon="24.655344">
        <ele>7.0</ele>
        <time>2026-08-23T11:58:17Z</time>
      </trkpt>
      <trkpt lat="59.429236" lon="24.655335">
        <ele>7.0</ele>
        <time>2026-08-23T11:58:18Z</time>
      </trkpt>
      <trkpt lat="59.429237" lon="24.655341">
        <ele>7.0</ele>
        <time>2026-08-23T11:58:19Z</time>
      </trkpt>
      <trkpt lat="59.429233" lon="24.655329">
        <ele>7.0</ele>
        <time>2026-08-23T11:58:20Z</time>
      </trkpt>
      <trkpt lat="59.429236" lon="24.655341">
        <ele>7.0</ele>
        <time>2026-08-23T11:58:21Z</time>
      </trkpt>
      <trkpt lat="59.42924" lon="24.655351">
        <ele>7.0</ele>
        <time>2026-08-23T11:58:22Z</time>
      </trkpt>
      <trkpt lat="59.42924" lon="24.655356">
        <ele>7.0</ele>
        <time>2026-08-23T11:58:23Z</time>
      </trkpt>
      <trkpt lat="59.429243" lon="24.655352">
        <ele>7.0</ele>
        <time>2026-08-23T11:58:24Z</time>
      </trkpt>
      <trkpt lat="59.429238" lon="24.655356">
        <ele>7.0</ele>
        <time>2026-08-23T11:58:25Z</time>
      </trkpt>
      <trkpt lat="59.429234" lon="24.655357">
        <ele>7.0</ele>
        <time>2026-08-23T11:58:26Z</time>
      </trkpt>
      <trkpt lat="59.429225" lon="24.655356">
        <ele>7.0</ele>
        <time>2026-08-23T11:58:27Z</time>
      </trkpt>
      <trkpt lat="59.429215" lon="24.655346">
        <ele>7.0</ele>
        <time>2026-08-23T11:58:28Z</time>
      </trkpt>
      <trkpt lat="59.429216" lon="24.655342">
        <ele>7.0</ele>
        <time>2026-08-23T11:58:29Z</time>
      </trkpt>
      <trkpt lat="59.429216" lon="24.655339">
        <ele>7.0</ele>
        <time>2026-08-23T11:58:30Z</time>
      </trkpt>
      <trkpt lat="59.429217" lon="24.65534">
        <ele>7.0</ele>
        <time>2026-08-23T11:58:31Z</time>
      </trkpt>
      <trkpt lat="59.429218" lon="24.655341">
        <ele>7.0</ele>
        <time>2026-08-23T11:58:32Z</time>
      </trkpt>
      <trkpt lat="59.429215" lon="24.655343">
        <ele>7.0</ele>
        <time>2026-08-23T11:58:33Z</time>
      </trkpt>
      <trkpt lat="59.429224" lon="24.655338">
        <ele>7.0</ele>
        <time>2026-08-23T11:58:34Z</time>
      </trkpt>
      <trkpt lat="59.429235" lon="24.655321">
        <ele>7.0</ele>
        <time>2026-08-23T11:58:35Z</time>
      </trkpt>
      <trkpt lat="59.429232" lon="24.655317">
        <ele>7.0</ele>
        <time>2026-08-23T11:58:36Z</time>
      </trkpt>
      <trkpt lat="59.429223" lon="24.655318">
        <ele>7.0</ele>
        <time>2026-08-23T11:58:37Z</time>
      </trkpt>
      <trkpt lat="59.429214" lon="24.655309">
        <ele>7.0</ele>
        <time>2026-08-23T11:58:38Z</time>
      </trkpt>
      <trkpt lat="59.429206" lon="24.655306">
        <ele>7.0</ele>
        <time>2026-08-23T11:58:39Z</time>
      </trkpt>
      <trkpt lat="59.429203" lon="24.6553">
        <ele>7.0</ele>
        <time>2026-08-23T11:58:40Z</time>
      </trkpt>
      <trkpt lat="59.42921" lon="24.655298">
        <ele>7.0</ele>
        <time>2026-08-23T11:58:41Z</time>
      </trkpt>
      <trkpt lat="59.429206" lon="24.655294">
        <ele>7.0</ele>
        <time>2026-08-23T11:58:42Z</time>
      </trkpt>
      <trkpt lat="59.429209" lon="24.6553">
        <ele>7.0</ele>
        <time>2026-08-23T11:58:43Z</time>
      </trkpt>
      <trkpt lat="59.429207" lon="24.655292">
        <ele>7.0</ele>
        <time>2026-08-23T11:58:44Z</time>
      </trkpt>
      <trkpt lat="59.429205" lon="24.65529">
        <ele>7.0</ele>
        <time>2026-08-23T11:58:45Z</time>
      </trkpt>
      <trkpt lat="59.429205" lon="24.655292">
        <ele>7.0</ele>
        <time>2026-08-23T11:58:46Z</time>
      </trkpt>
      <trkpt lat="59.4292" lon="24.655285">
        <ele>7.0</ele>
        <time>2026-08-23T11:58:47Z</time>
      </trkpt>
      <trkpt lat="59.429197" lon="24.655279">
        <ele>7.0</ele>
        <time>2026-08-23T11:58:48Z</time>
      </trkpt>
      <trkpt lat="59.429197" lon="24.655282">
        <ele>7.0</ele>
        <time>2026-08-23T11:58:49Z</time>
      </trkpt>
      <trkpt lat="59.429191" lon="24.655274">
        <ele>7.0</ele>
        <time>2026-08-23T11:58:50Z</time>
      </trkpt>
      <trkpt lat="59.429195" lon="24.655283">
        <ele>7.0</ele>
        <time>2026-08-23T11:58:51Z</time>
      </trkpt>
      <trkpt lat="59.429201" lon="24.655286">
        <ele>7.0</ele>
        <time>2026-08-23T11:58:52Z</time>
      </trkpt>
      <trkpt lat="59.429199" lon="24.65528">
        <ele>7.0</ele>
        <time>2026-08-23T11:58:53Z</time>
      </trkpt>
      <trkpt lat="59.429199" lon="24.655295">
        <ele>7.0</ele>
        <time>2026-08-23T11:58:54Z</time>
      </trkpt>
      <trkpt lat="59.429193" lon="24.655295">
        <ele>7.0</ele>
        <time>2026-08-23T11:58:55Z</time>
      </trkpt>
      <trkpt lat="59.4292" lon="24.655305">
        <ele>7.0</ele>
        <time>2026-08-23T11:58:56Z</time>
      </trkpt>
      <trkpt lat="59.429206" lon="24.65531">
        <ele>7.0</ele>
        <time>2026-08-23T11:58:57Z</time>
      </trkpt>
      <trkpt lat="59.429209" lon="24.655313">
        <ele>7.0</ele>
        <time>2026-08-23T11:58:58Z</time>
      </trkpt>
      <trkpt lat="59.429212" lon="24.655314">
        <ele>7.0</ele>
        <time>2026-08-23T11:58:59Z</time>
      </trkpt>
      <trkpt lat="59.429212" lon="24.655314">
        <ele>7.0</ele>
        <time>2026-08-23T11:59:00Z</time>
      </trkpt>
      <trkpt lat="59.429208" lon="24.655316">
        <ele>7.0</ele>
        <time>2026-08-23T11:59:01Z</time>
      </trkpt>
      <trkpt lat="59.429208" lon="24.655314">
        <ele>7.0</ele>
        <time>2026-08-23T11:59:02Z</time>
      </trkpt>
      <trkpt lat="59.42921" lon="24.655313">
        <ele>7.0</ele>
        <time>2026-08-23T11:59:03Z</time>
      </trkpt>
      <trkpt lat="59.429205" lon="24.655312">
        <ele>7.0</ele>
        <time>2026-08-23T11:59:04Z</time>
      </trkpt>
      <trkpt lat="59.429204" lon="24.655311">
        <ele>7.0</ele>
        <time>2026-08-23T11:59:05Z</time>
      </trkpt>
      <trkpt lat="59.429204" lon="24.655312">
        <ele>7.0</ele>
        <time>2026-08-23T11:59:06Z</time>
      </trkpt>
      <trkpt lat="59.429207" lon="24.65532">
        <ele>7.0</ele>
        <time>2026-08-23T11:59:07Z</time>
      </trkpt>
      <trkpt lat="59.429209" lon="24.655319">
        <ele>7.0</ele>
        <time>2026-08-23T11:59:08Z</time>
      </trkpt>
      <trkpt lat="59.429209" lon="24.655316">
        <ele>7.0</ele>
        <time>2026-08-23T11:59:09Z</time>
      </trkpt>
      <trkpt lat="59.429214" lon="24.655311">
        <ele>7.0</ele>
        <time>2026-08-23T11:59:10Z</time>
      </trkpt>
      <trkpt lat="59.429218" lon="24.655312">
        <ele>7.0</ele>
        <time>2026-08-23T11:59:11Z</time>
      </trkpt>
      <trkpt lat="59.429218" lon="24.655307">
        <ele>7.0</ele>
        <time>2026-08-23T11:59:12Z</time>
      </trkpt>
      <trkpt lat="59.429216" lon="24.655302">
        <ele>7.0</ele>
        <time>2026-08-23T11:59:13Z</time>
      </trkpt>
      <trkpt lat="59.429216" lon="24.655302">
        <ele>7.0</ele>
        <time>2026-08-23T11:59:14Z</time>
      </trkpt>
      <trkpt lat="59.429216" lon="24.655302">
        <ele>7.0</ele>
        <time>2026-08-23T11:59:15Z</time>
      </trkpt>
      <trkpt lat="59.429217" lon="24.655291">
        <ele>7.0</ele>
        <time>2026-08-23T11:59:16Z</time>
      </trkpt>
      <trkpt lat="59.429219" lon="24.655291">
        <ele>7.0</ele>
        <time>2026-08-23T11:59:17Z</time>
      </trkpt>
      <trkpt lat="59.429219" lon="24.655291">
        <ele>7.0</ele>
        <time>2026-08-23T11:59:18Z</time>
      </trkpt>
      <trkpt lat="59.429207" lon="24.655292">
        <ele>7.0</ele>
        <time>2026-08-23T11:59:19Z</time>
      </trkpt>
      <trkpt lat="59.429204" lon="24.655298">
        <ele>7.0</ele>
        <time>2026-08-23T11:59:20Z</time>
      </trkpt>
      <trkpt lat="59.4292" lon="24.655294">
        <ele>7.0</ele>
        <time>2026-08-23T11:59:21Z</time>
      </trkpt>
      <trkpt lat="59.429198" lon="24.655297">
        <ele>7.0</ele>
        <time>2026-08-23T11:59:22Z</time>
      </trkpt>
      <trkpt lat="59.429192" lon="24.655297">
        <ele>7.0</ele>
        <time>2026-08-23T11:59:23Z</time>
      </trkpt>
      <trkpt lat="59.429191" lon="24.655297">
        <ele>7.0</ele>
        <time>2026-08-23T11:59:24Z</time>
      </trkpt>
      <trkpt lat="59.429191" lon="24.655297">
        <ele>7.0</ele>
        <time>2026-08-23T11:59:25Z</time>
      </trkpt>
      <trkpt lat="59.4292" lon="24.655293">
        <ele>7.0</ele>
        <time>2026-08-23T11:59:26Z</time>
      </trkpt>
      <trkpt lat="59.429201" lon="24.655294">
        <ele>7.0</ele>
        <time>2026-08-23T11:59:27Z</time>
      </trkpt>
      <trkpt lat="59.429203" lon="24.655284">
        <ele>7.0</ele>
        <time>2026-08-23T11:59:28Z</time>
      </trkpt>
      <trkpt lat="59.429203" lon="24.655282">
        <ele>7.0</ele>
        <time>2026-08-23T11:59:29Z</time>
      </trkpt>
      <trkpt lat="59.429202" lon="24.655287">
        <ele>7.0</ele>
        <time>2026-08-23T11:59:30Z</time>
      </trkpt>
      <trkpt lat="59.429204" lon="24.655291">
        <ele>7.0</ele>
        <time>2026-08-23T11:59:31Z</time>
      </trkpt>
      <trkpt lat="59.4292" lon="24.65531">
        <ele>7.0</ele>
        <time>2026-08-23T11:59:32Z</time>
      </trkpt>
      <trkpt lat="59.429194" lon="24.655298">
        <ele>7.0</ele>
        <time>2026-08-23T11:59:33Z</time>
      </trkpt>
      <trkpt lat="59.4292" lon="24.655291">
        <ele>7.0</ele>
        <time>2026-08-23T11:59:34Z</time>
      </trkpt>
      <trkpt lat="59.429201" lon="24.655292">
        <ele>7.0</ele>
        <time>2026-08-23T11:59:35Z</time>
      </trkpt>
      <trkpt lat="59.429203" lon="24.65529">
        <ele>7.0</ele>
        <time>2026-08-23T11:59:36Z</time>
      </trkpt>
      <trkpt lat="59.429202" lon="24.655287">
        <ele>7.0</ele>
        <time>2026-08-23T11:59:37Z</time>
      </trkpt>
      <trkpt lat="59.429201" lon="24.65529">
        <ele>7.0</ele>
        <time>2026-08-23T11:59:38Z</time>
      </trkpt>
      <trkpt lat="59.429201" lon="24.65529">
        <ele>7.0</ele>
        <time>2026-08-23T11:59:39Z</time>
      </trkpt>
      <trkpt lat="59.429199" lon="24.655288">
        <ele>7.0</ele>
        <time>2026-08-23T11:59:40Z</time>
      </trkpt>
      <trkpt lat="59.429199" lon="24.655284">
        <ele>7.0</ele>
        <time>2026-08-23T11:59:41Z</time>
      </trkpt>
      <trkpt lat="59.429197" lon="24.655284">
        <ele>7.0</ele>
        <time>2026-08-23T11:59:42Z</time>
      </trkpt>
      <trkpt lat="59.429192" lon="24.655279">
        <ele>7.0</ele>
        <time>2026-08-23T11:59:43Z</time>
      </trkpt>
      <trkpt lat="59.429191" lon="24.655285">
        <ele>7.0</ele>
        <time>2026-08-23T11:59:44Z</time>
      </trkpt>
      <trkpt lat="59.429194" lon="24.655291">
        <ele>7.0</ele>
        <time>2026-08-23T11:59:45Z</time>
      </trkpt>
      <trkpt lat="59.429198" lon="24.655292">
        <ele>7.0</ele>
        <time>2026-08-23T11:59:46Z</time>
      </trkpt>
      <trkpt lat="59.4292" lon="24.655291">
        <ele>7.0</ele>
        <time>2026-08-23T11:59:47Z</time>
      </trkpt>
      <trkpt lat="59.429202" lon="24.6553">
        <ele>7.0</ele>
        <time>2026-08-23T11:59:48Z</time>
      </trkpt>
      <trkpt lat="59.429202" lon="24.655301">
        <ele>7.0</ele>
        <time>2026-08-23T11:59:49Z</time>
      </trkpt>
      <trkpt lat="59.429201" lon="24.655303">
        <ele>7.0</ele>
        <time>2026-08-23T11:59:50Z</time>
      </trkpt>
      <trkpt lat="59.429201" lon="24.655303">
        <ele>7.0</ele>
        <time>2026-08-23T11:59:51Z</time>
      </trkpt>
      <trkpt lat="59.429201" lon="24.655303">
        <ele>7.0</ele>
        <time>2026-08-23T11:59:52Z</time>
      </trkpt>
      <trkpt lat="59.429201" lon="24.655303">
        <ele>7.0</ele>
        <time>2026-08-23T11:59:53Z</time>
      </trkpt>
      <trkpt lat="59.429197" lon="24.655304">
        <ele>7.0</ele>
        <time>2026-08-23T11:59:54Z</time>
      </trkpt>
      <trkpt lat="59.429198" lon="24.655307">
        <ele>7.0</ele>
        <time>2026-08-23T11:59:55Z</time>
      </trkpt>
      <trkpt lat="59.429201" lon="24.655304">
        <ele>7.0</ele>
        <time>2026-08-23T11:59:56Z</time>
      </trkpt>
      <trkpt lat="59.429197" lon="24.655302">
        <ele>7.0</ele>
        <time>2026-08-23T11:59:57Z</time>
      </trkpt>
      <trkpt lat="59.429203" lon="24.655306">
        <ele>7.0</ele>
        <time>2026-08-23T11:59:58Z</time>
      </trkpt>
      <trkpt lat="59.429203" lon="24.655306">
        <ele>7.0</ele>
        <time>2026-08-23T11:59:59Z</time>
      </trkpt>
      <trkpt lat="59.429202" lon="24.655306">
        <ele>7.0</ele>
        <time>2026-08-23T12:00:00Z</time>
      </trkpt>
      <trkpt lat="59.429202" lon="24.655306">
        <ele>7.0</ele>
        <time>2026-08-23T12:00:01Z</time>
      </trkpt>
      <trkpt lat="59.429202" lon="24.655306">
        <ele>7.0</ele>
        <time>2026-08-23T12:00:02Z</time>
      </trkpt>
      <trkpt lat="59.429212" lon="24.655321">
        <ele>7.0</ele>
        <time>2026-08-23T12:00:03Z</time>
      </trkpt>
      <trkpt lat="59.429211" lon="24.655321">
        <ele>7.0</ele>
        <time>2026-08-23T12:00:04Z</time>
      </trkpt>
      <trkpt lat="59.429211" lon="24.655321">
        <ele>7.0</ele>
        <time>2026-08-23T12:00:05Z</time>
      </trkpt>
      <trkpt lat="59.429211" lon="24.655321">
        <ele>7.0</ele>
        <time>2026-08-23T12:00:06Z</time>
      </trkpt>
      <trkpt lat="59.429212" lon="24.655322">
        <ele>7.0</ele>
        <time>2026-08-23T12:00:07Z</time>
      </trkpt>
      <trkpt lat="59.42921" lon="24.655321">
        <ele>7.0</ele>
        <time>2026-08-23T12:00:08Z</time>
      </trkpt>
      <trkpt lat="59.42921" lon="24.655321">
        <ele>7.0</ele>
        <time>2026-08-23T12:00:09Z</time>
      </trkpt>
      <trkpt lat="59.429214" lon="24.655318">
        <ele>7.0</ele>
        <time>2026-08-23T12:00:10Z</time>
      </trkpt>
      <trkpt lat="59.429215" lon="24.655315">
        <ele>7.0</ele>
        <time>2026-08-23T12:00:11Z</time>
      </trkpt>
      <trkpt lat="59.429217" lon="24.655313">
        <ele>7.0</ele>
        <time>2026-08-23T12:00:12Z</time>
      </trkpt>
      <trkpt lat="59.429214" lon="24.655319">
        <ele>7.0</ele>
        <time>2026-08-23T12:00:13Z</time>
      </trkpt>
      <trkpt lat="59.429211" lon="24.65531">
        <ele>7.0</ele>
        <time>2026-08-23T12:00:14Z</time>
      </trkpt>
      <trkpt lat="59.42921" lon="24.655309">
        <ele>7.0</ele>
        <time>2026-08-23T12:00:15Z</time>
      </trkpt>
      <trkpt lat="59.429214" lon="24.65531">
        <ele>7.0</ele>
        <time>2026-08-23T12:00:16Z</time>
      </trkpt>
      <trkpt lat="59.429202" lon="24.65526">
        <ele>7.0</ele>
        <time>2026-08-23T12:00:17Z</time>
      </trkpt>
      <trkpt lat="59.429193" lon="24.655237">
        <ele>7.0</ele>
        <time>2026-08-23T12:00:18Z</time>
      </trkpt>
      <trkpt lat="59.429184" lon="24.655191">
        <ele>7.0</ele>
        <time>2026-08-23T12:00:19Z</time>
      </trkpt>
      <trkpt lat="59.429169" lon="24.655169">
        <ele>7.0</ele>
        <time>2026-08-23T12:00:20Z</time>
      </trkpt>
      <trkpt lat="59.429135" lon="24.655141">
        <ele>7.1</ele>
        <time>2026-08-23T12:00:21Z</time>
      </trkpt>
      <trkpt lat="59.42913" lon="24.655128">
        <ele>7.1</ele>
        <time>2026-08-23T12:00:22Z</time>
      </trkpt>
      <trkpt lat="59.429125" lon="24.655122">
        <ele>7.1</ele>
        <time>2026-08-23T12:00:23Z</time>
      </trkpt>
      <trkpt lat="59.429116" lon="24.655116">
        <ele>7.1</ele>
        <time>2026-08-23T12:00:24Z</time>
      </trkpt>
      <trkpt lat="59.429092" lon="24.655111">
        <ele>7.1</ele>
        <time>2026-08-23T12:00:25Z</time>
      </trkpt>
      <trkpt lat="59.429072" lon="24.655107">
        <ele>7.1</ele>
        <time>2026-08-23T12:00:26Z</time>
      </trkpt>
      <trkpt lat="59.429056" lon="24.655099">
        <ele>7.1</ele>
        <time>2026-08-23T12:00:27Z</time>
      </trkpt>
      <trkpt lat="59.42904" lon="24.655089">
        <ele>7.1</ele>
        <time>2026-08-23T12:00:28Z</time>
      </trkpt>
      <trkpt lat="59.429025" lon="24.655066">
        <ele>7.2</ele>
        <time>2026-08-23T12:00:29Z</time>
      </trkpt>
      <trkpt lat="59.429003" lon="24.655049">
        <ele>7.2</ele>
        <time>2026-08-23T12:00:30Z</time>
      </trkpt>
      <trkpt lat="59.428979" lon="24.655028">
        <ele>7.2</ele>
        <time>2026-08-23T12:00:31Z</time>
      </trkpt>
      <trkpt lat="59.428959" lon="24.655012">
        <ele>7.3</ele>
        <time>2026-08-23T12:00:32Z</time>
      </trkpt>
      <trkpt lat="59.428947" lon="24.654975">
        <ele>7.3</ele>
        <time>2026-08-23T12:00:33Z</time>
      </trkpt>
      <trkpt lat="59.428924" lon="24.654939">
        <ele>7.3</ele>
        <time>2026-08-23T12:00:34Z</time>
      </trkpt>
      <trkpt lat="59.4289" lon="24.654917">
        <ele>7.4</ele>
        <time>2026-08-23T12:00:35Z</time>
      </trkpt>
      <trkpt lat="59.428875" lon="24.654892">
        <ele>7.4</ele>
        <time>2026-08-23T12:00:36Z</time>
      </trkpt>
      <trkpt lat="59.428862" lon="24.65487">
        <ele>7.4</ele>
        <time>2026-08-23T12:00:37Z</time>
      </trkpt>
      <trkpt lat="59.428848" lon="24.654842">
        <ele>7.5</ele>
        <time>2026-08-23T12:00:38Z</time>
      </trkpt>
      <trkpt lat="59.428833" lon="24.654814">
        <ele>7.5</ele>
        <time>2026-08-23T12:00:39Z</time>
      </trkpt>
      <trkpt lat="59.428832" lon="24.654802">
        <ele>7.5</ele>
        <time>2026-08-23T12:00:40Z</time>
      </trkpt>
      <trkpt lat="59.428809" lon="24.654801">
        <ele>7.6</ele>
        <time>2026-08-23T12:00:41Z</time>
      </trkpt>
      <trkpt lat="59.4288" lon="24.65481">
        <ele>7.6</ele>
        <time>2026-08-23T12:00:42Z</time>
      </trkpt>
      <trkpt lat="59.428773" lon="24.654842">
        <ele>7.6</ele>
        <time>2026-08-23T12:00:43Z</time>
      </trkpt>
      <trkpt lat="59.428759" lon="24.654861">
        <ele>7.6</ele>
        <time>2026-08-23T12:00:44Z</time>
      </trkpt>
      <trkpt lat="59.428746" lon="24.654881">
        <ele>7.6</ele>
        <time>2026-08-23T12:00:45Z</time>
      </trkpt>
      <trkpt lat="59.428739" lon="24.654898">
        <ele>7.6</ele>
        <time>2026-08-23T12:00:46Z</time>
      </trkpt>
      <trkpt lat="59.428722" lon="24.654915">
        <ele>7.6</ele>
        <time>2026-08-23T12:00:47Z</time>
      </trkpt>
      <trkpt lat="59.428716" lon="24.654944">
        <ele>7.6</ele>
        <time>2026-08-23T12:00:48Z</time>
      </trkpt>
      <trkpt lat="59.428702" lon="24.654956">
        <ele>7.6</ele>
        <time>2026-08-23T12:00:49Z</time>
      </trkpt>
      <trkpt lat="59.428685" lon="24.654938">
        <ele>7.6</ele>
        <time>2026-08-23T12:00:50Z</time>
      </trkpt>
      <trkpt lat="59.428666" lon="24.654934">
        <ele>7.6</ele>
        <time>2026-08-23T12:00:51Z</time>
      </trkpt>
      <trkpt lat="59.428645" lon="24.654951">
        <ele>7.6</ele>
        <time>2026-08-23T12:00:52Z</time>
      </trkpt>
      <trkpt lat="59.428625" lon="24.654964">
        <ele>7.6</ele>
        <time>2026-08-23T12:00:53Z</time>
      </trkpt>
      <trkpt lat="59.428603" lon="24.65496">
        <ele>7.6</ele>
        <time>2026-08-23T12:00:54Z</time>
      </trkpt>
      <trkpt lat="59.428583" lon="24.65497">
        <ele>7.6</ele>
        <time>2026-08-23T12:00:55Z</time>
      </trkpt>
      <trkpt lat="59.428555" lon="24.654959">
        <ele>7.6</ele>
        <time>2026-08-23T12:00:56Z</time>
      </trkpt>
      <trkpt lat="59.428531" lon="24.654953">
        <ele>7.6</ele>
        <time>2026-08-23T12:00:57Z</time>
      </trkpt>
      <trkpt lat="59.428498" lon="24.654952">
        <ele>7.7</ele>
        <time>2026-08-23T12:00:58Z</time>
      </trkpt>
      <trkpt lat="59.428478" lon="24.654971">
        <ele>7.8</ele>
        <time>2026-08-23T12:00:59Z</time>
      </trkpt>
      <trkpt lat="59.428451" lon="24.65497">
        <ele>7.8</ele>
        <time>2026-08-23T12:01:00Z</time>
      </trkpt>
      <trkpt lat="59.428418" lon="24.654963">
        <ele>7.9</ele>
        <time>2026-08-23T12:01:01Z</time>
      </trkpt>
      <trkpt lat="59.428391" lon="24.654946">
        <ele>8.0</ele>
        <time>2026-08-23T12:01:02Z</time>
      </trkpt>
      <trkpt lat="59.428358" lon="24.654898">
        <ele>8.0</ele>
        <time>2026-08-23T12:01:03Z</time>
      </trkpt>
      <trkpt lat="59.428341" lon="24.654897">
        <ele>8.1</ele>
        <time>2026-08-23T12:01:04Z</time>
      </trkpt>
      <trkpt lat="59.42831" lon="24.654871">
        <ele>8.1</ele>
        <time>2026-08-23T12:01:05Z</time>
      </trkpt>
      <trkpt lat="59.42828" lon="24.65487">
        <ele>8.2</ele>
        <time>2026-08-23T12:01:06Z</time>
      </trkpt>
      <trkpt lat="59.428266" lon="24.654861">
        <ele>8.2</ele>
        <time>2026-08-23T12:01:07Z</time>
      </trkpt>
      <trkpt lat="59.428259" lon="24.654867">
        <ele>8.2</ele>
        <time>2026-08-23T12:01:08Z</time>
      </trkpt>
      <trkpt lat="59.428241" lon="24.65484">
        <ele>8.3</ele>
        <time>2026-08-23T12:01:09Z</time>
      </trkpt>
      <trkpt lat="59.428216" lon="24.654831">
        <ele>8.3</ele>
        <time>2026-08-23T12:01:10Z</time>
      </trkpt>
      <trkpt lat="59.428191" lon="24.654821">
        <ele>8.4</ele>
        <time>2026-08-23T12:01:11Z</time>
      </trkpt>
      <trkpt lat="59.428174" lon="24.654817">
        <ele>8.4</ele>
        <time>2026-08-23T12:01:12Z</time>
      </trkpt>
      <trkpt lat="59.428155" lon="24.654804">
        <ele>8.4</ele>
        <time>2026-08-23T12:01:13Z</time>
      </trkpt>
      <trkpt lat="59.428128" lon="24.654802">
        <ele>8.5</ele>
        <time>2026-08-23T12:01:14Z</time>
      </trkpt>
      <trkpt lat="59.428103" lon="24.654787">
        <ele>8.5</ele>
        <time>2026-08-23T12:01:15Z</time>
      </trkpt>
      <trkpt lat="59.428083" lon="24.654804">
        <ele>8.5</ele>
        <time>2026-08-23T12:01:16Z</time>
      </trkpt>
      <trkpt lat="59.42806" lon="24.654793">
        <ele>8.6</ele>
        <time>2026-08-23T12:01:17Z</time>
      </trkpt>
      <trkpt lat="59.428044" lon="24.654787">
        <ele>8.6</ele>
        <time>2026-08-23T12:01:18Z</time>
      </trkpt>
      <trkpt lat="59.428023" lon="24.654782">
        <ele>8.7</ele>
        <time>2026-08-23T12:01:19Z</time>
      </trkpt>
      <trkpt lat="59.428011" lon="24.654779">
        <ele>8.7</ele>
        <time>2026-08-23T12:01:20Z</time>
      </trkpt>
      <trkpt lat="59.427988" lon="24.654778">
        <ele>8.7</ele>
        <time>2026-08-23T12:01:21Z</time>
      </trkpt>
      <trkpt lat="59.427967" lon="24.654792">
        <ele>8.7</ele>
        <time>2026-08-23T12:01:22Z</time>
      </trkpt>
      <trkpt lat="59.42794" lon="24.654795">
        <ele>8.7</ele>
        <time>2026-08-23T12:01:23Z</time>
      </trkpt>
      <trkpt lat="59.427922" lon="24.6548">
        <ele>8.7</ele>
        <time>2026-08-23T12:01:24Z</time>
      </trkpt>
      <trkpt lat="59.427898" lon="24.6548">
        <ele>8.8</ele>
        <time>2026-08-23T12:01:25Z</time>
      </trkpt>
      <trkpt lat="59.427883" lon="24.654802">
        <ele>8.8</ele>
        <time>2026-08-23T12:01:26Z</time>
      </trkpt>
      <trkpt lat="59.427853" lon="24.654795">
        <ele>8.9</ele>
        <time>2026-08-23T12:01:27Z</time>
      </trkpt>
      <trkpt lat="59.427838" lon="24.654774">
        <ele>8.9</ele>
        <time>2026-08-23T12:01:28Z</time>
      </trkpt>
      <trkpt lat="59.427816" lon="24.654752">
        <ele>8.9</ele>
        <time>2026-08-23T12:01:29Z</time>
      </trkpt>
      <trkpt lat="59.427801" lon="24.654746">
        <ele>8.9</ele>
        <time>2026-08-23T12:01:30Z</time>
      </trkpt>
      <trkpt lat="59.427778" lon="24.654751">
        <ele>9.0</ele>
        <time>2026-08-23T12:01:31Z</time>
      </trkpt>
      <trkpt lat="59.427762" lon="24.654774">
        <ele>9.0</ele>
        <time>2026-08-23T12:01:32Z</time>
      </trkpt>
      <trkpt lat="59.427737" lon="24.654793">
        <ele>9.0</ele>
        <time>2026-08-23T12:01:33Z</time>
      </trkpt>
      <trkpt lat="59.427722" lon="24.654809">
        <ele>9.0</ele>
        <time>2026-08-23T12:01:34Z</time>
      </trkpt>
      <trkpt lat="59.427702" lon="24.654798">
        <ele>9.0</ele>
        <time>2026-08-23T12:01:35Z</time>
      </trkpt>
      <trkpt lat="59.427677" lon="24.6548">
        <ele>9.0</ele>
        <time>2026-08-23T12:01:36Z</time>
      </trkpt>
      <trkpt lat="59.427651" lon="24.654775">
        <ele>9.0</ele>
        <time>2026-08-23T12:01:37Z</time>
      </trkpt>
      <trkpt lat="59.427622" lon="24.654756">
        <ele>9.1</ele>
        <time>2026-08-23T12:01:38Z</time>
      </trkpt>
      <trkpt lat="59.4276" lon="24.654749">
        <ele>9.1</ele>
        <time>2026-08-23T12:01:39Z</time>
      </trkpt>
      <trkpt lat="59.427573" lon="24.654737">
        <ele>9.1</ele>
        <time>2026-08-23T12:01:40Z</time>
      </trkpt>
      <trkpt lat="59.427555" lon="24.654736">
        <ele>9.1</ele>
        <time>2026-08-23T12:01:41Z</time>
      </trkpt>
      <trkpt lat="59.427527" lon="24.654743">
        <ele>9.1</ele>
        <time>2026-08-23T12:01:42Z</time>
      </trkpt>
      <trkpt lat="59.427501" lon="24.654757">
        <ele>9.1</ele>
        <time>2026-08-23T12:01:43Z</time>
      </trkpt>
      <trkpt lat="59.427468" lon="24.654763">
        <ele>9.1</ele>
        <time>2026-08-23T12:01:44Z</time>
      </trkpt>
      <trkpt lat="59.427442" lon="24.654772">
        <ele>9.2</ele>
        <time>2026-08-23T12:01:45Z</time>
      </trkpt>
      <trkpt lat="59.427419" lon="24.654772">
        <ele>9.2</ele>
        <time>2026-08-23T12:01:46Z</time>
      </trkpt>
      <trkpt lat="59.427394" lon="24.654767">
        <ele>9.2</ele>
        <time>2026-08-23T12:01:47Z</time>
      </trkpt>
      <trkpt lat="59.427374" lon="24.654763">
        <ele>9.2</ele>
        <time>2026-08-23T12:01:48Z</time>
      </trkpt>
      <trkpt lat="59.427357" lon="24.654763">
        <ele>9.2</ele>
        <time>2026-08-23T12:01:49Z</time>
      </trkpt>
      <trkpt lat="59.427334" lon="24.654767">
        <ele>9.2</ele>
        <time>2026-08-23T12:01:50Z</time>
      </trkpt>
      <trkpt lat="59.427307" lon="24.654773">
        <ele>9.2</ele>
        <time>2026-08-23T12:01:51Z</time>
      </trkpt>
      <trkpt lat="59.427285" lon="24.654781">
        <ele>9.2</ele>
        <time>2026-08-23T12:01:52Z</time>
      </trkpt>
      <trkpt lat="59.427256" lon="24.654788">
        <ele>9.3</ele>
        <time>2026-08-23T12:01:53Z</time>
      </trkpt>
      <trkpt lat="59.427231" lon="24.654782">
        <ele>9.3</ele>
        <time>2026-08-23T12:01:54Z</time>
      </trkpt>
      <trkpt lat="59.427206" lon="24.654771">
        <ele>9.3</ele>
        <time>2026-08-23T12:01:55Z</time>
      </trkpt>
      <trkpt lat="59.427182" lon="24.654762">
        <ele>9.3</ele>
        <time>2026-08-23T12:01:56Z</time>
      </trkpt>
      <trkpt lat="59.427163" lon="24.654759">
        <ele>9.3</ele>
        <time>2026-08-23T12:01:57Z</time>
      </trkpt>
      <trkpt lat="59.427143" lon="24.654778">
        <ele>9.4</ele>
        <time>2026-08-23T12:01:58Z</time>
      </trkpt>
      <trkpt lat="59.427122" lon="24.654771">
        <ele>9.4</ele>
        <time>2026-08-23T12:01:59Z</time>
      </trkpt>
      <trkpt lat="59.427092" lon="24.654764">
        <ele>9.4</ele>
        <time>2026-08-23T12:02:00Z</time>
      </trkpt>
      <trkpt lat="59.427067" lon="24.654787">
        <ele>9.4</ele>
        <time>2026-08-23T12:02:01Z</time>
      </trkpt>
      <trkpt lat="59.427041" lon="24.654792">
        <ele>9.4</ele>
        <time>2026-08-23T12:02:02Z</time>
      </trkpt>
      <trkpt lat="59.427023" lon="24.654776">
        <ele>9.4</ele>
        <time>2026-08-23T12:02:03Z</time>
      </trkpt>
      <trkpt lat="59.42701" lon="24.654784">
        <ele>9.5</ele>
        <time>2026-08-23T12:02:04Z</time>
      </trkpt>
      <trkpt lat="59.426993" lon="24.6548">
        <ele>9.5</ele>
        <time>2026-08-23T12:02:05Z</time>
      </trkpt>
      <trkpt lat="59.426976" lon="24.654819">
        <ele>9.5</ele>
        <time>2026-08-23T12:02:06Z</time>
      </trkpt>
      <trkpt lat="59.426952" lon="24.65482">
        <ele>9.5</ele>
        <time>2026-08-23T12:02:07Z</time>
      </trkpt>
      <trkpt lat="59.426929" lon="24.654823">
        <ele>9.5</ele>
        <time>2026-08-23T12:02:08Z</time>
      </trkpt>
      <trkpt lat="59.426912" lon="24.654817">
        <ele>9.5</ele>
        <time>2026-08-23T12:02:09Z</time>
      </trkpt>
      <trkpt lat="59.426891" lon="24.654802">
        <ele>9.6</ele>
        <time>2026-08-23T12:02:10Z</time>
      </trkpt>
      <trkpt lat="59.42687" lon="24.654805">
        <ele>9.6</ele>
        <time>2026-08-23T12:02:11Z</time>
      </trkpt>
      <trkpt lat="59.426844" lon="24.654796">
        <ele>9.6</ele>
        <time>2026-08-23T12:02:12Z</time>
      </trkpt>
      <trkpt lat="59.426827" lon="24.654791">
        <ele>9.6</ele>
        <time>2026-08-23T12:02:13Z</time>
      </trkpt>
      <trkpt lat="59.426823" lon="24.654789">
        <ele>9.6</ele>
        <time>2026-08-23T12:02:14Z</time>
      </trkpt>
      <trkpt lat="59.426807" lon="24.654793">
        <ele>9.6</ele>
        <time>2026-08-23T12:02:15Z</time>
      </trkpt>
      <trkpt lat="59.426788" lon="24.6548">
        <ele>9.6</ele>
        <time>2026-08-23T12:02:16Z</time>
      </trkpt>
      <trkpt lat="59.426782" lon="24.654807">
        <ele>9.6</ele>
        <time>2026-08-23T12:02:17Z</time>
      </trkpt>
      <trkpt lat="59.42675" lon="24.654805">
        <ele>9.7</ele>
        <time>2026-08-23T12:02:18Z</time>
      </trkpt>
      <trkpt lat="59.426733" lon="24.654803">
        <ele>9.7</ele>
        <time>2026-08-23T12:02:19Z</time>
      </trkpt>
      <trkpt lat="59.426701" lon="24.654794">
        <ele>9.7</ele>
        <time>2026-08-23T12:02:20Z</time>
      </trkpt>
      <trkpt lat="59.426692" lon="24.654783">
        <ele>9.7</ele>
        <time>2026-08-23T12:02:21Z</time>
      </trkpt>
      <trkpt lat="59.426674" lon="24.654766">
        <ele>9.7</ele>
        <time>2026-08-23T12:02:22Z</time>
      </trkpt>
      <trkpt lat="59.426652" lon="24.654731">
        <ele>9.7</ele>
        <time>2026-08-23T12:02:23Z</time>
      </trkpt>
      <trkpt lat="59.42664" lon="24.654695">
        <ele>9.7</ele>
        <time>2026-08-23T12:02:24Z</time>
      </trkpt>
      <trkpt lat="59.426628" lon="24.654671">
        <ele>9.7</ele>
        <time>2026-08-23T12:02:25Z</time>
      </trkpt>
      <trkpt lat="59.42662" lon="24.654642">
        <ele>9.7</ele>
        <time>2026-08-23T12:02:26Z</time>
      </trkpt>
      <trkpt lat="59.426605" lon="24.654595">
        <ele>9.7</ele>
        <time>2026-08-23T12:02:27Z</time>
      </trkpt>
      <trkpt lat="59.426589" lon="24.654577">
        <ele>9.7</ele>
        <time>2026-08-23T12:02:28Z</time>
      </trkpt>
      <trkpt lat="59.426573" lon="24.654526">
        <ele>9.7</ele>
        <time>2026-08-23T12:02:29Z</time>
      </trkpt>
      <trkpt lat="59.426561" lon="24.65449">
        <ele>9.7</ele>
        <time>2026-08-23T12:02:30Z</time>
      </trkpt>
      <trkpt lat="59.426554" lon="24.654444">
        <ele>9.7</ele>
        <time>2026-08-23T12:02:31Z</time>
      </trkpt>
      <trkpt lat="59.426548" lon="24.654408">
        <ele>9.7</ele>
        <time>2026-08-23T12:02:32Z</time>
      </trkpt>
      <trkpt lat="59.426537" lon="24.654358">
        <ele>9.7</ele>
        <time>2026-08-23T12:02:33Z</time>
      </trkpt>
      <trkpt lat="59.426525" lon="24.654334">
        <ele>9.8</ele>
        <time>2026-08-23T12:02:34Z</time>
      </trkpt>
      <trkpt lat="59.426526" lon="24.654289">
        <ele>9.8</ele>
        <time>2026-08-23T12:02:35Z</time>
      </trkpt>
      <trkpt lat="59.426524" lon="24.654252">
        <ele>9.8</ele>
        <time>2026-08-23T12:02:36Z</time>
      </trkpt>
      <trkpt lat="59.426526" lon="24.654207">
        <ele>9.8</ele>
        <time>2026-08-23T12:02:37Z</time>
      </trkpt>
      <trkpt lat="59.426515" lon="24.654184">
        <ele>9.8</ele>
        <time>2026-08-23T12:02:38Z</time>
      </trkpt>
      <trkpt lat="59.426511" lon="24.654145">
        <ele>9.8</ele>
        <time>2026-08-23T12:02:39Z</time>
      </trkpt>
      <trkpt lat="59.4265" lon="24.654103">
        <ele>9.8</ele>
        <time>2026-08-23T12:02:40Z</time>
      </trkpt>
      <trkpt lat="59.426493" lon="24.654068">
        <ele>9.9</ele>
        <time>2026-08-23T12:02:41Z</time>
      </trkpt>
      <trkpt lat="59.426493" lon="24.654007">
        <ele>9.9</ele>
        <time>2026-08-23T12:02:42Z</time>
      </trkpt>
      <trkpt lat="59.426487" lon="24.653978">
        <ele>9.9</ele>
        <time>2026-08-23T12:02:43Z</time>
      </trkpt>
      <trkpt lat="59.426477" lon="24.653917">
        <ele>9.9</ele>
        <time>2026-08-23T12:02:44Z</time>
      </trkpt>
      <trkpt lat="59.426472" lon="24.653889">
        <ele>9.9</ele>
        <time>2026-08-23T12:02:45Z</time>
      </trkpt>
      <trkpt lat="59.426464" lon="24.653868">
        <ele>9.9</ele>
        <time>2026-08-23T12:02:46Z</time>
      </trkpt>
      <trkpt lat="59.426457" lon="24.65382">
        <ele>9.9</ele>
        <time>2026-08-23T12:02:47Z</time>
      </trkpt>
      <trkpt lat="59.426444" lon="24.653791">
        <ele>9.9</ele>
        <time>2026-08-23T12:02:48Z</time>
      </trkpt>
      <trkpt lat="59.426425" lon="24.653761">
        <ele>9.9</ele>
        <time>2026-08-23T12:02:49Z</time>
      </trkpt>
      <trkpt lat="59.426415" lon="24.653704">
        <ele>9.9</ele>
        <time>2026-08-23T12:02:50Z</time>
      </trkpt>
      <trkpt lat="59.42641" lon="24.653678">
        <ele>10.0</ele>
        <time>2026-08-23T12:02:51Z</time>
      </trkpt>
      <trkpt lat="59.426405" lon="24.653656">
        <ele>10.0</ele>
        <time>2026-08-23T12:02:52Z</time>
      </trkpt>
      <trkpt lat="59.4264" lon="24.653612">
        <ele>10.0</ele>
        <time>2026-08-23T12:02:53Z</time>
      </trkpt>
      <trkpt lat="59.426395" lon="24.653566">
        <ele>10.0</ele>
        <time>2026-08-23T12:02:54Z</time>
      </trkpt>
      <trkpt lat="59.426385" lon="24.653549">
        <ele>10.0</ele>
        <time>2026-08-23T12:02:55Z</time>
      </trkpt>
      <trkpt lat="59.426374" lon="24.65351">
        <ele>10.0</ele>
        <time>2026-08-23T12:02:56Z</time>
      </trkpt>
      <trkpt lat="59.426357" lon="24.653469">
        <ele>10.1</ele>
        <time>2026-08-23T12:02:57Z</time>
      </trkpt>
      <trkpt lat="59.426346" lon="24.653434">
        <ele>10.1</ele>
        <time>2026-08-23T12:02:58Z</time>
      </trkpt>
      <trkpt lat="59.426344" lon="24.653425">
        <ele>10.1</ele>
        <time>2026-08-23T12:02:59Z</time>
      </trkpt>
      <trkpt lat="59.426338" lon="24.653387">
        <ele>10.1</ele>
        <time>2026-08-23T12:03:00Z</time>
      </trkpt>
      <trkpt lat="59.426326" lon="24.653377">
        <ele>10.1</ele>
        <time>2026-08-23T12:03:01Z</time>
      </trkpt>
      <trkpt lat="59.426317" lon="24.653323">
        <ele>10.2</ele>
        <time>2026-08-23T12:03:02Z</time>
      </trkpt>
      <trkpt lat="59.42631" lon="24.653286">
        <ele>10.2</ele>
        <time>2026-08-23T12:03:03Z</time>
      </trkpt>
      <trkpt lat="59.426308" lon="24.653264">
        <ele>10.2</ele>
        <time>2026-08-23T12:03:04Z</time>
      </trkpt>
      <trkpt lat="59.426307" lon="24.653226">
        <ele>10.2</ele>
        <time>2026-08-23T12:03:05Z</time>
      </trkpt>
      <trkpt lat="59.426299" lon="24.653202">
        <ele>10.3</ele>
        <time>2026-08-23T12:03:06Z</time>
      </trkpt>
      <trkpt lat="59.426286" lon="24.653191">
        <ele>10.3</ele>
        <time>2026-08-23T12:03:07Z</time>
      </trkpt>
      <trkpt lat="59.42628" lon="24.653174">
        <ele>10.3</ele>
        <time>2026-08-23T12:03:08Z</time>
      </trkpt>
      <trkpt lat="59.42628" lon="24.65315">
        <ele>10.3</ele>
        <time>2026-08-23T12:03:09Z</time>
      </trkpt>
      <trkpt lat="59.426273" lon="24.65312">
        <ele>10.4</ele>
        <time>2026-08-23T12:03:10Z</time>
      </trkpt>
      <trkpt lat="59.426264" lon="24.65309">
        <ele>10.4</ele>
        <time>2026-08-23T12:03:11Z</time>
      </trkpt>
      <trkpt lat="59.426257" lon="24.653064">
        <ele>10.4</ele>
        <time>2026-08-23T12:03:12Z</time>
      </trkpt>
      <trkpt lat="59.426252" lon="24.653045">
        <ele>10.4</ele>
        <time>2026-08-23T12:03:13Z</time>
      </trkpt>
      <trkpt lat="59.426247" lon="24.653055">
        <ele>10.4</ele>
        <time>2026-08-23T12:03:14Z</time>
      </trkpt>
      <trkpt lat="59.426244" lon="24.65304">
        <ele>10.4</ele>
        <time>2026-08-23T12:03:15Z</time>
      </trkpt>
      <trkpt lat="59.426239" lon="24.653022">
        <ele>10.5</ele>
        <time>2026-08-23T12:03:16Z</time>
      </trkpt>
      <trkpt lat="59.426242" lon="24.653015">
        <ele>10.5</ele>
        <time>2026-08-23T12:03:17Z</time>
      </trkpt>
      <trkpt lat="59.426245" lon="24.653014">
        <ele>10.5</ele>
        <time>2026-08-23T12:03:18Z</time>
      </trkpt>
      <trkpt lat="59.426249" lon="24.653015">
        <ele>10.5</ele>
        <time>2026-08-23T12:03:19Z</time>
      </trkpt>
      <trkpt lat="59.426252" lon="24.653013">
        <ele>10.5</ele>
        <time>2026-08-23T12:03:20Z</time>
      </trkpt>
      <trkpt lat="59.426245" lon="24.652992">
        <ele>10.5</ele>
        <time>2026-08-23T12:03:21Z</time>
      </trkpt>
      <trkpt lat="59.426243" lon="24.652987">
        <ele>10.5</ele>
        <time>2026-08-23T12:03:22Z</time>
      </trkpt>
      <trkpt lat="59.426233" lon="24.652966">
        <ele>10.5</ele>
        <time>2026-08-23T12:03:23Z</time>
      </trkpt>
      <trkpt lat="59.426216" lon="24.652925">
        <ele>10.6</ele>
        <time>2026-08-23T12:03:24Z</time>
      </trkpt>
      <trkpt lat="59.42621" lon="24.652909">
        <ele>10.6</ele>
        <time>2026-08-23T12:03:25Z</time>
      </trkpt>
      <trkpt lat="59.426199" lon="24.65288">
        <ele>10.6</ele>
        <time>2026-08-23T12:03:26Z</time>
      </trkpt>
      <trkpt lat="59.426189" lon="24.652857">
        <ele>10.7</ele>
        <time>2026-08-23T12:03:27Z</time>
      </trkpt>
      <trkpt lat="59.426172" lon="24.652821">
        <ele>10.7</ele>
        <time>2026-08-23T12:03:28Z</time>
      </trkpt>
      <trkpt lat="59.426168" lon="24.652816">
        <ele>10.7</ele>
        <time>2026-08-23T12:03:29Z</time>
      </trkpt>
      <trkpt lat="59.426151" lon="24.652752">
        <ele>10.8</ele>
        <time>2026-08-23T12:03:30Z</time>
      </trkpt>
      <trkpt lat="59.426143" lon="24.652728">
        <ele>10.8</ele>
        <time>2026-08-23T12:03:31Z</time>
      </trkpt>
      <trkpt lat="59.426133" lon="24.652681">
        <ele>10.8</ele>
        <time>2026-08-23T12:03:32Z</time>
      </trkpt>
      <trkpt lat="59.426127" lon="24.652643">
        <ele>10.9</ele>
        <time>2026-08-23T12:03:33Z</time>
      </trkpt>
      <trkpt lat="59.426117" lon="24.652598">
        <ele>10.9</ele>
        <time>2026-08-23T12:03:34Z</time>
      </trkpt>
      <trkpt lat="59.426102" lon="24.652562">
        <ele>11.0</ele>
        <time>2026-08-23T12:03:35Z</time>
      </trkpt>
      <trkpt lat="59.42607" lon="24.65249">
        <ele>11.1</ele>
        <time>2026-08-23T12:03:36Z</time>
      </trkpt>
      <trkpt lat="59.426064" lon="24.652451">
        <ele>11.1</ele>
        <time>2026-08-23T12:03:37Z</time>
      </trkpt>
      <trkpt lat="59.426053" lon="24.652407">
        <ele>11.2</ele>
        <time>2026-08-23T12:03:38Z</time>
      </trkpt>
      <trkpt lat="59.426038" lon="24.652361">
        <ele>11.2</ele>
        <time>2026-08-23T12:03:39Z</time>
      </trkpt>
      <trkpt lat="59.426023" lon="24.652317">
        <ele>11.2</ele>
        <time>2026-08-23T12:03:40Z</time>
      </trkpt>
      <trkpt lat="59.426011" lon="24.652265">
        <ele>11.2</ele>
        <time>2026-08-23T12:03:41Z</time>
      </trkpt>
      <trkpt lat="59.425995" lon="24.652208">
        <ele>11.2</ele>
        <time>2026-08-23T12:03:42Z</time>
      </trkpt>
      <trkpt lat="59.425988" lon="24.652177">
        <ele>11.2</ele>
        <time>2026-08-23T12:03:43Z</time>
      </trkpt>
      <trkpt lat="59.425974" lon="24.652114">
        <ele>11.3</ele>
        <time>2026-08-23T12:03:44Z</time>
      </trkpt>
      <trkpt lat="59.425974" lon="24.652071">
        <ele>11.3</ele>
        <time>2026-08-23T12:03:45Z</time>
      </trkpt>
      <trkpt lat="59.425967" lon="24.652015">
        <ele>11.4</ele>
        <time>2026-08-23T12:03:46Z</time>
      </trkpt>
      <trkpt lat="59.425946" lon="24.651964">
        <ele>11.4</ele>
        <time>2026-08-23T12:03:47Z</time>
      </trkpt>
      <trkpt lat="59.425941" lon="24.65191">
        <ele>11.4</ele>
        <time>2026-08-23T12:03:48Z</time>
      </trkpt>
      <trkpt lat="59.425935" lon="24.651855">
        <ele>11.5</ele>
        <time>2026-08-23T12:03:49Z</time>
      </trkpt>
      <trkpt lat="59.425937" lon="24.65183">
        <ele>11.5</ele>
        <time>2026-08-23T12:03:50Z</time>
      </trkpt>
      <trkpt lat="59.425926" lon="24.651771">
        <ele>11.6</ele>
        <time>2026-08-23T12:03:51Z</time>
      </trkpt>
      <trkpt lat="59.42591" lon="24.65174">
        <ele>11.6</ele>
        <time>2026-08-23T12:03:52Z</time>
      </trkpt>
      <trkpt lat="59.425896" lon="24.651696">
        <ele>11.6</ele>
        <time>2026-08-23T12:03:53Z</time>
      </trkpt>
      <trkpt lat="59.425887" lon="24.651653">
        <ele>11.7</ele>
        <time>2026-08-23T12:03:54Z</time>
      </trkpt>
      <trkpt lat="59.425889" lon="24.651596">
        <ele>11.7</ele>
        <time>2026-08-23T12:03:55Z</time>
      </trkpt>
      <trkpt lat="59.425885" lon="24.65156">
        <ele>11.7</ele>
        <time>2026-08-23T12:03:56Z</time>
      </trkpt>
      <trkpt lat="59.425884" lon="24.651531">
        <ele>11.8</ele>
        <time>2026-08-23T12:03:57Z</time>
      </trkpt>
      <trkpt lat="59.425875" lon="24.651506">
        <ele>11.8</ele>
        <time>2026-08-23T12:03:58Z</time>
      </trkpt>
      <trkpt lat="59.42586" lon="24.651482">
        <ele>11.8</ele>
        <time>2026-08-23T12:03:59Z</time>
      </trkpt>
      <trkpt lat="59.425852" lon="24.651444">
        <ele>11.8</ele>
        <time>2026-08-23T12:04:00Z</time>
      </trkpt>
      <trkpt lat="59.425837" lon="24.651417">
        <ele>11.9</ele>
        <time>2026-08-23T12:04:01Z</time>
      </trkpt>
      <trkpt lat="59.425837" lon="24.651382">
        <ele>11.9</ele>
        <time>2026-08-23T12:04:02Z</time>
      </trkpt>
      <trkpt lat="59.425834" lon="24.651347">
        <ele>11.9</ele>
        <time>2026-08-23T12:04:03Z</time>
      </trkpt>
      <trkpt lat="59.425835" lon="24.651341">
        <ele>11.9</ele>
        <time>2026-08-23T12:04:04Z</time>
      </trkpt>
      <trkpt lat="59.425832" lon="24.651359">
        <ele>11.9</ele>
        <time>2026-08-23T12:04:05Z</time>
      </trkpt>
      <trkpt lat="59.42583" lon="24.651357">
        <ele>11.9</ele>
        <time>2026-08-23T12:04:06Z</time>
      </trkpt>
      <trkpt lat="59.425818" lon="24.651298">
        <ele>12.0</ele>
        <time>2026-08-23T12:04:07Z</time>
      </trkpt>
      <trkpt lat="59.425826" lon="24.651276">
        <ele>12.0</ele>
        <time>2026-08-23T12:04:08Z</time>
      </trkpt>
      <trkpt lat="59.425817" lon="24.651235">
        <ele>12.0</ele>
        <time>2026-08-23T12:04:09Z</time>
      </trkpt>
      <trkpt lat="59.425812" lon="24.651231">
        <ele>12.0</ele>
        <time>2026-08-23T12:04:10Z</time>
      </trkpt>
      <trkpt lat="59.425803" lon="24.651178">
        <ele>12.0</ele>
        <time>2026-08-23T12:04:11Z</time>
      </trkpt>
      <trkpt lat="59.4258" lon="24.651179">
        <ele>12.0</ele>
        <time>2026-08-23T12:04:12Z</time>
      </trkpt>
      <trkpt lat="59.425792" lon="24.651117">
        <ele>12.1</ele>
        <time>2026-08-23T12:04:13Z</time>
      </trkpt>
      <trkpt lat="59.425789" lon="24.651103">
        <ele>12.1</ele>
        <time>2026-08-23T12:04:14Z</time>
      </trkpt>
      <trkpt lat="59.425783" lon="24.651023">
        <ele>12.1</ele>
        <time>2026-08-23T12:04:15Z</time>
      </trkpt>
      <trkpt lat="59.425771" lon="24.650988">
        <ele>12.1</ele>
        <time>2026-08-23T12:04:16Z</time>
      </trkpt>
      <trkpt lat="59.425761" lon="24.65096">
        <ele>12.2</ele>
        <time>2026-08-23T12:04:17Z</time>
      </trkpt>
      <trkpt lat="59.425747" lon="24.650925">
        <ele>12.2</ele>
        <time>2026-08-23T12:04:18Z</time>
      </trkpt>
      <trkpt lat="59.425731" lon="24.650885">
        <ele>12.2</ele>
        <time>2026-08-23T12:04:19Z</time>
      </trkpt>
      <trkpt lat="59.42572" lon="24.650853">
        <ele>12.2</ele>
        <time>2026-08-23T12:04:20Z</time>
      </trkpt>
      <trkpt lat="59.425713" lon="24.650809">
        <ele>12.3</ele>
        <time>2026-08-23T12:04:21Z</time>
      </trkpt>
      <trkpt lat="59.425706" lon="24.65078">
        <ele>12.3</ele>
        <time>2026-08-23T12:04:22Z</time>
      </trkpt>
      <trkpt lat="59.425698" lon="24.65075">
        <ele>12.3</ele>
        <time>2026-08-23T12:04:23Z</time>
      </trkpt>
      <trkpt lat="59.425685" lon="24.650724">
        <ele>12.3</ele>
        <time>2026-08-23T12:04:24Z</time>
      </trkpt>
      <trkpt lat="59.425677" lon="24.650686">
        <ele>12.4</ele>
        <time>2026-08-23T12:04:25Z</time>
      </trkpt>
      <trkpt lat="59.425664" lon="24.650661">
        <ele>12.4</ele>
        <time>2026-08-23T12:04:26Z</time>
      </trkpt>
      <trkpt lat="59.425656" lon="24.650634">
        <ele>12.4</ele>
        <time>2026-08-23T12:04:27Z</time>
      </trkpt>
      <trkpt lat="59.425644" lon="24.650596">
        <ele>12.4</ele>
        <time>2026-08-23T12:04:28Z</time>
      </trkpt>
      <trkpt lat="59.425636" lon="24.650549">
        <ele>12.5</ele>
        <time>2026-08-23T12:04:29Z</time>
      </trkpt>
      <trkpt lat="59.425633" lon="24.650523">
        <ele>12.5</ele>
        <time>2026-08-23T12:04:30Z</time>
      </trkpt>
      <trkpt lat="59.425622" lon="24.650476">
        <ele>12.5</ele>
        <time>2026-08-23T12:04:31Z</time>
      </trkpt>
      <trkpt lat="59.425612" lon="24.650446">
        <ele>12.5</ele>
        <time>2026-08-23T12:04:32Z</time>
      </trkpt>
      <trkpt lat="59.42561" lon="24.650421">
        <ele>12.6</ele>
        <time>2026-08-23T12:04:33Z</time>
      </trkpt>
      <trkpt lat="59.425616" lon="24.650388">
        <ele>12.6</ele>
        <time>2026-08-23T12:04:34Z</time>
      </trkpt>
      <trkpt lat="59.425607" lon="24.65035">
        <ele>12.6</ele>
        <time>2026-08-23T12:04:35Z</time>
      </trkpt>
      <trkpt lat="59.4256" lon="24.650314">
        <ele>12.6</ele>
        <time>2026-08-23T12:04:36Z</time>
      </trkpt>
      <trkpt lat="59.425596" lon="24.650281">
        <ele>12.6</ele>
        <time>2026-08-23T12:04:37Z</time>
      </trkpt>
      <trkpt lat="59.425591" lon="24.65025">
        <ele>12.7</ele>
        <time>2026-08-23T12:04:38Z</time>
      </trkpt>
      <trkpt lat="59.425579" lon="24.650217">
        <ele>12.7</ele>
        <time>2026-08-23T12:04:39Z</time>
      </trkpt>
      <trkpt lat="59.425573" lon="24.650181">
        <ele>12.7</ele>
        <time>2026-08-23T12:04:40Z</time>
      </trkpt>
      <trkpt lat="59.425561" lon="24.650151">
        <ele>12.7</ele>
        <time>2026-08-23T12:04:41Z</time>
      </trkpt>
      <trkpt lat="59.425551" lon="24.650113">
        <ele>12.8</ele>
        <time>2026-08-23T12:04:42Z</time>
      </trkpt>
      <trkpt lat="59.425544" lon="24.650083">
        <ele>12.8</ele>
        <time>2026-08-23T12:04:43Z</time>
      </trkpt>
      <trkpt lat="59.425535" lon="24.65005">
        <ele>12.8</ele>
        <time>2026-08-23T12:04:44Z</time>
      </trkpt>
      <trkpt lat="59.425529" lon="24.650022">
        <ele>12.8</ele>
        <time>2026-08-23T12:04:45Z</time>
      </trkpt>
      <trkpt lat="59.425525" lon="24.649981">
        <ele>12.9</ele>
        <time>2026-08-23T12:04:46Z</time>
      </trkpt>
      <trkpt lat="59.425523" lon="24.64994">
        <ele>12.9</ele>
        <time>2026-08-23T12:04:47Z</time>
      </trkpt>
      <trkpt lat="59.425524" lon="24.649908">
        <ele>12.9</ele>
        <time>2026-08-23T12:04:48Z</time>
      </trkpt>
      <trkpt lat="59.425518" lon="24.649866">
        <ele>12.9</ele>
        <time>2026-08-23T12:04:49Z</time>
      </trkpt>
      <trkpt lat="59.425505" lon="24.649831">
        <ele>13.0</ele>
        <time>2026-08-23T12:04:50Z</time>
      </trkpt>
      <trkpt lat="59.4255" lon="24.649795">
        <ele>13.0</ele>
        <time>2026-08-23T12:04:51Z</time>
      </trkpt>
      <trkpt lat="59.425491" lon="24.649743">
        <ele>13.0</ele>
        <time>2026-08-23T12:04:52Z</time>
      </trkpt>
      <trkpt lat="59.425486" lon="24.64971">
        <ele>13.1</ele>
        <time>2026-08-23T12:04:53Z</time>
      </trkpt>
      <trkpt lat="59.425476" lon="24.64968">
        <ele>13.1</ele>
        <time>2026-08-23T12:04:54Z</time>
      </trkpt>
      <trkpt lat="59.425468" lon="24.649642">
        <ele>13.1</ele>
        <time>2026-08-23T12:04:55Z</time>
      </trkpt>
      <trkpt lat="59.425477" lon="24.649595">
        <ele>13.2</ele>
        <time>2026-08-23T12:04:56Z</time>
      </trkpt>
      <trkpt lat="59.425482" lon="24.649559">
        <ele>13.2</ele>
        <time>2026-08-23T12:04:57Z</time>
      </trkpt>
      <trkpt lat="59.425492" lon="24.6495">
        <ele>13.2</ele>
        <time>2026-08-23T12:04:58Z</time>
      </trkpt>
      <trkpt lat="59.425506" lon="24.649474">
        <ele>13.2</ele>
        <time>2026-08-23T12:04:59Z</time>
      </trkpt>
      <trkpt lat="59.425508" lon="24.649439">
        <ele>13.2</ele>
        <time>2026-08-23T12:05:00Z</time>
      </trkpt>
      <trkpt lat="59.425498" lon="24.649403">
        <ele>13.2</ele>
        <time>2026-08-23T12:05:01Z</time>
      </trkpt>
      <trkpt lat="59.425497" lon="24.649371">
        <ele>13.2</ele>
        <time>2026-08-23T12:05:02Z</time>
      </trkpt>
      <trkpt lat="59.425498" lon="24.649324">
        <ele>13.3</ele>
        <time>2026-08-23T12:05:03Z</time>
      </trkpt>
      <trkpt lat="59.425506" lon="24.649283">
        <ele>13.3</ele>
        <time>2026-08-23T12:05:04Z</time>
      </trkpt>
      <trkpt lat="59.425495" lon="24.649241">
        <ele>13.3</ele>
        <time>2026-08-23T12:05:05Z</time>
      </trkpt>
      <trkpt lat="59.425484" lon="24.649216">
        <ele>13.3</ele>
        <time>2026-08-23T12:05:06Z</time>
      </trkpt>
      <trkpt lat="59.425472" lon="24.649171">
        <ele>13.3</ele>
        <time>2026-08-23T12:05:07Z</time>
      </trkpt>
      <trkpt lat="59.425467" lon="24.649131">
        <ele>13.3</ele>
        <time>2026-08-23T12:05:08Z</time>
      </trkpt>
      <trkpt lat="59.425476" lon="24.649108">
        <ele>13.3</ele>
        <time>2026-08-23T12:05:09Z</time>
      </trkpt>
      <trkpt lat="59.425475" lon="24.649086">
        <ele>13.3</ele>
        <time>2026-08-23T12:05:10Z</time>
      </trkpt>
      <trkpt lat="59.425471" lon="24.649073">
        <ele>13.3</ele>
        <time>2026-08-23T12:05:11Z</time>
      </trkpt>
      <trkpt lat="59.425463" lon="24.649073">
        <ele>13.3</ele>
        <time>2026-08-23T12:05:12Z</time>
      </trkpt>
      <trkpt lat="59.425451" lon="24.649059">
        <ele>13.3</ele>
        <time>2026-08-23T12:05:13Z</time>
      </trkpt>
      <trkpt lat="59.425439" lon="24.649057">
        <ele>13.3</ele>
        <time>2026-08-23T12:05:14Z</time>
      </trkpt>
      <trkpt lat="59.425424" lon="24.649048">
        <ele>13.3</ele>
        <time>2026-08-23T12:05:15Z</time>
      </trkpt>
      <trkpt lat="59.425418" lon="24.649042">
        <ele>13.3</ele>
        <time>2026-08-23T12:05:16Z</time>
      </trkpt>
      <trkpt lat="59.425425" lon="24.649034">
        <ele>13.3</ele>
        <time>2026-08-23T12:05:17Z</time>
      </trkpt>
      <trkpt lat="59.425426" lon="24.649026">
        <ele>13.3</ele>
        <time>2026-08-23T12:05:18Z</time>
      </trkpt>
      <trkpt lat="59.425431" lon="24.649029">
        <ele>13.3</ele>
        <time>2026-08-23T12:05:19Z</time>
      </trkpt>
      <trkpt lat="59.425425" lon="24.64902">
        <ele>13.3</ele>
        <time>2026-08-23T12:05:20Z</time>
      </trkpt>
      <trkpt lat="59.425424" lon="24.649019">
        <ele>13.3</ele>
        <time>2026-08-23T12:05:21Z</time>
      </trkpt>
      <trkpt lat="59.425424" lon="24.649019">
        <ele>13.3</ele>
        <time>2026-08-23T12:05:22Z</time>
      </trkpt>
      <trkpt lat="59.425425" lon="24.649017">
        <ele>13.3</ele>
        <time>2026-08-23T12:05:23Z</time>
      </trkpt>
      <trkpt lat="59.425424" lon="24.649017">
        <ele>13.3</ele>
        <time>2026-08-23T12:05:24Z</time>
      </trkpt>
      <trkpt lat="59.425421" lon="24.649004">
        <ele>13.3</ele>
        <time>2026-08-23T12:05:25Z</time>
      </trkpt>
      <trkpt lat="59.425422" lon="24.649023">
        <ele>13.3</ele>
        <time>2026-08-23T12:05:26Z</time>
      </trkpt>
      <trkpt lat="59.425425" lon="24.649018">
        <ele>13.3</ele>
        <time>2026-08-23T12:05:27Z</time>
      </trkpt>
      <trkpt lat="59.425426" lon="24.649032">
        <ele>13.3</ele>
        <time>2026-08-23T12:05:28Z</time>
      </trkpt>
      <trkpt lat="59.425438" lon="24.648996">
        <ele>13.3</ele>
        <time>2026-08-23T12:05:29Z</time>
      </trkpt>
      <trkpt lat="59.425449" lon="24.648948">
        <ele>13.2</ele>
        <time>2026-08-23T12:05:30Z</time>
      </trkpt>
      <trkpt lat="59.425449" lon="24.648896">
        <ele>13.2</ele>
        <time>2026-08-23T12:05:31Z</time>
      </trkpt>
      <trkpt lat="59.425452" lon="24.648867">
        <ele>13.2</ele>
        <time>2026-08-23T12:05:32Z</time>
      </trkpt>
      <trkpt lat="59.425449" lon="24.64879">
        <ele>13.2</ele>
        <time>2026-08-23T12:05:33Z</time>
      </trkpt>
      <trkpt lat="59.425471" lon="24.648781">
        <ele>13.2</ele>
        <time>2026-08-23T12:05:34Z</time>
      </trkpt>
      <trkpt lat="59.425483" lon="24.648756">
        <ele>13.3</ele>
        <time>2026-08-23T12:05:35Z</time>
      </trkpt>
      <trkpt lat="59.42549" lon="24.648734">
        <ele>13.3</ele>
        <time>2026-08-23T12:05:36Z</time>
      </trkpt>
      <trkpt lat="59.425484" lon="24.648678">
        <ele>13.3</ele>
        <time>2026-08-23T12:05:37Z</time>
      </trkpt>
      <trkpt lat="59.42549" lon="24.648631">
        <ele>13.4</ele>
        <time>2026-08-23T12:05:38Z</time>
      </trkpt>
      <trkpt lat="59.425497" lon="24.648608">
        <ele>13.4</ele>
        <time>2026-08-23T12:05:39Z</time>
      </trkpt>
      <trkpt lat="59.425498" lon="24.64857">
        <ele>13.4</ele>
        <time>2026-08-23T12:05:40Z</time>
      </trkpt>
      <trkpt lat="59.425504" lon="24.648553">
        <ele>13.4</ele>
        <time>2026-08-23T12:05:41Z</time>
      </trkpt>
      <trkpt lat="59.425502" lon="24.648475">
        <ele>13.4</ele>
        <time>2026-08-23T12:05:42Z</time>
      </trkpt>
      <trkpt lat="59.425504" lon="24.648403">
        <ele>13.4</ele>
        <time>2026-08-23T12:05:43Z</time>
      </trkpt>
      <trkpt lat="59.425496" lon="24.648347">
        <ele>13.5</ele>
        <time>2026-08-23T12:05:44Z</time>
      </trkpt>
      <trkpt lat="59.4255" lon="24.648322">
        <ele>13.5</ele>
        <time>2026-08-23T12:05:45Z</time>
      </trkpt>
      <trkpt lat="59.425502" lon="24.648296">
        <ele>13.5</ele>
        <time>2026-08-23T12:05:46Z</time>
      </trkpt>
      <trkpt lat="59.425487" lon="24.648253">
        <ele>13.5</ele>
        <time>2026-08-23T12:05:47Z</time>
      </trkpt>
      <trkpt lat="59.425483" lon="24.64822">
        <ele>13.5</ele>
        <time>2026-08-23T12:05:48Z</time>
      </trkpt>
      <trkpt lat="59.425494" lon="24.648195">
        <ele>13.5</ele>
        <time>2026-08-23T12:05:49Z</time>
      </trkpt>
      <trkpt lat="59.425494" lon="24.648169">
        <ele>13.5</ele>
        <time>2026-08-23T12:05:50Z</time>
      </trkpt>
      <trkpt lat="59.425485" lon="24.64814">
        <ele>13.5</ele>
        <time>2026-08-23T12:05:51Z</time>
      </trkpt>
      <trkpt lat="59.425466" lon="24.64812">
        <ele>13.6</ele>
        <time>2026-08-23T12:05:52Z</time>
      </trkpt>
      <trkpt lat="59.425452" lon="24.648097">
        <ele>13.6</ele>
        <time>2026-08-23T12:05:53Z</time>
      </trkpt>
      <trkpt lat="59.425448" lon="24.64807">
        <ele>13.6</ele>
        <time>2026-08-23T12:05:54Z</time>
      </trkpt>
      <trkpt lat="59.425452" lon="24.648042">
        <ele>13.6</ele>
        <time>2026-08-23T12:05:55Z</time>
      </trkpt>
      <trkpt lat="59.425444" lon="24.648024">
        <ele>13.6</ele>
        <time>2026-08-23T12:05:56Z</time>
      </trkpt>
      <trkpt lat="59.425436" lon="24.648011">
        <ele>13.6</ele>
        <time>2026-08-23T12:05:57Z</time>
      </trkpt>
      <trkpt lat="59.425425" lon="24.648008">
        <ele>13.6</ele>
        <time>2026-08-23T12:05:58Z</time>
      </trkpt>
      <trkpt lat="59.425409" lon="24.648002">
        <ele>13.6</ele>
        <time>2026-08-23T12:05:59Z</time>
      </trkpt>
      <trkpt lat="59.425404" lon="24.647988">
        <ele>13.6</ele>
        <time>2026-08-23T12:06:00Z</time>
      </trkpt>
      <trkpt lat="59.425409" lon="24.64798">
        <ele>13.6</ele>
        <time>2026-08-23T12:06:01Z</time>
      </trkpt>
      <trkpt lat="59.425403" lon="24.647974">
        <ele>13.6</ele>
        <time>2026-08-23T12:06:02Z</time>
      </trkpt>
      <trkpt lat="59.425392" lon="24.647949">
        <ele>13.7</ele>
        <time>2026-08-23T12:06:03Z</time>
      </trkpt>
      <trkpt lat="59.425388" lon="24.647912">
        <ele>13.7</ele>
        <time>2026-08-23T12:06:04Z</time>
      </trkpt>
      <trkpt lat="59.425387" lon="24.647879">
        <ele>13.7</ele>
        <time>2026-08-23T12:06:05Z</time>
      </trkpt>
      <trkpt lat="59.42539" lon="24.64786">
        <ele>13.7</ele>
        <time>2026-08-23T12:06:06Z</time>
      </trkpt>
      <trkpt lat="59.425393" lon="24.647868">
        <ele>13.7</ele>
        <time>2026-08-23T12:06:07Z</time>
      </trkpt>
      <trkpt lat="59.42539" lon="24.647878">
        <ele>13.7</ele>
        <time>2026-08-23T12:06:08Z</time>
      </trkpt>
      <trkpt lat="59.425391" lon="24.647864">
        <ele>13.7</ele>
        <time>2026-08-23T12:06:09Z</time>
      </trkpt>
      <trkpt lat="59.425397" lon="24.647846">
        <ele>13.7</ele>
        <time>2026-08-23T12:06:10Z</time>
      </trkpt>
      <trkpt lat="59.425398" lon="24.647818">
        <ele>13.7</ele>
        <time>2026-08-23T12:06:11Z</time>
      </trkpt>
      <trkpt lat="59.425387" lon="24.647794">
        <ele>13.7</ele>
        <time>2026-08-23T12:06:12Z</time>
      </trkpt>
      <trkpt lat="59.425383" lon="24.647793">
        <ele>13.7</ele>
        <time>2026-08-23T12:06:13Z</time>
      </trkpt>
      <trkpt lat="59.425384" lon="24.647793">
        <ele>13.7</ele>
        <time>2026-08-23T12:06:14Z</time>
      </trkpt>
      <trkpt lat="59.425381" lon="24.647789">
        <ele>13.7</ele>
        <time>2026-08-23T12:06:15Z</time>
      </trkpt>
      <trkpt lat="59.425374" lon="24.647788">
        <ele>13.7</ele>
        <time>2026-08-23T12:06:16Z</time>
      </trkpt>
      <trkpt lat="59.425372" lon="24.647794">
        <ele>13.7</ele>
        <time>2026-08-23T12:06:17Z</time>
      </trkpt>
      <trkpt lat="59.425367" lon="24.647785">
        <ele>13.7</ele>
        <time>2026-08-23T12:06:18Z</time>
      </trkpt>
      <trkpt lat="59.42537" lon="24.647778">
        <ele>13.7</ele>
        <time>2026-08-23T12:06:19Z</time>
      </trkpt>
      <trkpt lat="59.425374" lon="24.647771">
        <ele>13.8</ele>
        <time>2026-08-23T12:06:20Z</time>
      </trkpt>
      <trkpt lat="59.425373" lon="24.647768">
        <ele>13.8</ele>
        <time>2026-08-23T12:06:21Z</time>
      </trkpt>
      <trkpt lat="59.42538" lon="24.647774">
        <ele>13.8</ele>
        <time>2026-08-23T12:06:22Z</time>
      </trkpt>
      <trkpt lat="59.425393" lon="24.647773">
        <ele>13.8</ele>
        <time>2026-08-23T12:06:23Z</time>
      </trkpt>
      <trkpt lat="59.425397" lon="24.647773">
        <ele>13.8</ele>
        <time>2026-08-23T12:06:24Z</time>
      </trkpt>
      <trkpt lat="59.425394" lon="24.647763">
        <ele>13.8</ele>
        <time>2026-08-23T12:06:25Z</time>
      </trkpt>
      <trkpt lat="59.425392" lon="24.647771">
        <ele>13.8</ele>
        <time>2026-08-23T12:06:26Z</time>
      </trkpt>
      <trkpt lat="59.425393" lon="24.647772">
        <ele>13.8</ele>
        <time>2026-08-23T12:06:27Z</time>
      </trkpt>
      <trkpt lat="59.425397" lon="24.64777">
        <ele>13.8</ele>
        <time>2026-08-23T12:06:28Z</time>
      </trkpt>
      <trkpt lat="59.425395" lon="24.64778">
        <ele>13.8</ele>
        <time>2026-08-23T12:06:29Z</time>
      </trkpt>
      <trkpt lat="59.425394" lon="24.647782">
        <ele>13.8</ele>
        <time>2026-08-23T12:06:30Z</time>
      </trkpt>
      <trkpt lat="59.425394" lon="24.647782">
        <ele>13.8</ele>
        <time>2026-08-23T12:06:31Z</time>
      </trkpt>
      <trkpt lat="59.425394" lon="24.647782">
        <ele>13.8</ele>
        <time>2026-08-23T12:06:32Z</time>
      </trkpt>
      <trkpt lat="59.425394" lon="24.647782">
        <ele>13.8</ele>
        <time>2026-08-23T12:06:33Z</time>
      </trkpt>
      <trkpt lat="59.425394" lon="24.647782">
        <ele>13.8</ele>
        <time>2026-08-23T12:06:34Z</time>
      </trkpt>
      <trkpt lat="59.425394" lon="24.647782">
        <ele>13.8</ele>
        <time>2026-08-23T12:06:35Z</time>
      </trkpt>
      <trkpt lat="59.425394" lon="24.647782">
        <ele>13.8</ele>
        <time>2026-08-23T12:06:36Z</time>
      </trkpt>
      <trkpt lat="59.425394" lon="24.647782">
        <ele>13.8</ele>
        <time>2026-08-23T12:06:37Z</time>
      </trkpt>
      <trkpt lat="59.425394" lon="24.647782">
        <ele>13.8</ele>
        <time>2026-08-23T12:06:38Z</time>
      </trkpt>
      <trkpt lat="59.425394" lon="24.647782">
        <ele>13.8</ele>
        <time>2026-08-23T12:06:39Z</time>
      </trkpt>
      <trkpt lat="59.425394" lon="24.647782">
        <ele>13.8</ele>
        <time>2026-08-23T12:06:40Z</time>
      </trkpt>
      <trkpt lat="59.425394" lon="24.647782">
        <ele>13.8</ele>
        <time>2026-08-23T12:06:41Z</time>
      </trkpt>
      <trkpt lat="59.425384" lon="24.647789">
        <ele>13.8</ele>
        <time>2026-08-23T12:06:42Z</time>
      </trkpt>
      <trkpt lat="59.425379" lon="24.647787">
        <ele>13.8</ele>
        <time>2026-08-23T12:06:43Z</time>
      </trkpt>
      <trkpt lat="59.425379" lon="24.647788">
        <ele>13.8</ele>
        <time>2026-08-23T12:06:44Z</time>
      </trkpt>
      <trkpt lat="59.42537" lon="24.647788">
        <ele>13.8</ele>
        <time>2026-08-23T12:06:45Z</time>
      </trkpt>
      <trkpt lat="59.425367" lon="24.64779">
        <ele>13.8</ele>
        <time>2026-08-23T12:06:46Z</time>
      </trkpt>
      <trkpt lat="59.425366" lon="24.647791">
        <ele>13.8</ele>
        <time>2026-08-23T12:06:47Z</time>
      </trkpt>
      <trkpt lat="59.425365" lon="24.647795">
        <ele>13.8</ele>
        <time>2026-08-23T12:06:48Z</time>
      </trkpt>
      <trkpt lat="59.425366" lon="24.647792">
        <ele>13.8</ele>
        <time>2026-08-23T12:06:49Z</time>
      </trkpt>
      <trkpt lat="59.425365" lon="24.647788">
        <ele>13.8</ele>
        <time>2026-08-23T12:06:50Z</time>
      </trkpt>
      <trkpt lat="59.425365" lon="24.64779">
        <ele>13.8</ele>
        <time>2026-08-23T12:06:51Z</time>
      </trkpt>
      <trkpt lat="59.425365" lon="24.64779">
        <ele>13.8</ele>
        <time>2026-08-23T12:06:52Z</time>
      </trkpt>
      <trkpt lat="59.425365" lon="24.64779">
        <ele>13.8</ele>
        <time>2026-08-23T12:06:53Z</time>
      </trkpt>
      <trkpt lat="59.425365" lon="24.64779">
        <ele>13.8</ele>
        <time>2026-08-23T12:06:54Z</time>
      </trkpt>
      <trkpt lat="59.425365" lon="24.64779">
        <ele>13.8</ele>
        <time>2026-08-23T12:06:55Z</time>
      </trkpt>
      <trkpt lat="59.425365" lon="24.64779">
        <ele>13.8</ele>
        <time>2026-08-23T12:06:56Z</time>
      </trkpt>
      <trkpt lat="59.425351" lon="24.64779">
        <ele>13.8</ele>
        <time>2026-08-23T12:06:57Z</time>
      </trkpt>
      <trkpt lat="59.425349" lon="24.647787">
        <ele>13.8</ele>
        <time>2026-08-23T12:06:58Z</time>
      </trkpt>
      <trkpt lat="59.425348" lon="24.647788">
        <ele>13.8</ele>
        <time>2026-08-23T12:06:59Z</time>
      </trkpt>
      <trkpt lat="59.425348" lon="24.647787">
        <ele>13.8</ele>
        <time>2026-08-23T12:07:00Z</time>
      </trkpt>
      <trkpt lat="59.425348" lon="24.647787">
        <ele>13.8</ele>
        <time>2026-08-23T12:07:01Z</time>
      </trkpt>
      <trkpt lat="59.425348" lon="24.647789">
        <ele>13.8</ele>
        <time>2026-08-23T12:07:02Z</time>
      </trkpt>
      <trkpt lat="59.425349" lon="24.647789">
        <ele>13.8</ele>
        <time>2026-08-23T12:07:03Z</time>
      </trkpt>
      <trkpt lat="59.425348" lon="24.64779">
        <ele>13.8</ele>
        <time>2026-08-23T12:07:04Z</time>
      </trkpt>
      <trkpt lat="59.425349" lon="24.647792">
        <ele>13.8</ele>
        <time>2026-08-23T12:07:05Z</time>
      </trkpt>
      <trkpt lat="59.42535" lon="24.647785">
        <ele>13.8</ele>
        <time>2026-08-23T12:07:06Z</time>
      </trkpt>
      <trkpt lat="59.425349" lon="24.64779">
        <ele>13.8</ele>
        <time>2026-08-23T12:07:07Z</time>
      </trkpt>
      <trkpt lat="59.425349" lon="24.64779">
        <ele>13.8</ele>
        <time>2026-08-23T12:07:08Z</time>
      </trkpt>
      <trkpt lat="59.425349" lon="24.64779">
        <ele>13.8</ele>
        <time>2026-08-23T12:07:09Z</time>
      </trkpt>
      <trkpt lat="59.425349" lon="24.64779">
        <ele>13.8</ele>
        <time>2026-08-23T12:07:10Z</time>
      </trkpt>
      <trkpt lat="59.425349" lon="24.64779">
        <ele>13.8</ele>
        <time>2026-08-23T12:07:11Z</time>
      </trkpt>
      <trkpt lat="59.425349" lon="24.64779">
        <ele>13.8</ele>
        <time>2026-08-23T12:07:12Z</time>
      </trkpt>
      <trkpt lat="59.425349" lon="24.64779">
        <ele>13.8</ele>
        <time>2026-08-23T12:07:13Z</time>
      </trkpt>
      <trkpt lat="59.425349" lon="24.64779">
        <ele>13.8</ele>
        <time>2026-08-23T12:07:14Z</time>
      </trkpt>
      <trkpt lat="59.425347" lon="24.6478">
        <ele>13.8</ele>
        <time>2026-08-23T12:07:15Z</time>
      </trkpt>
      <trkpt lat="59.425346" lon="24.647803">
        <ele>13.8</ele>
        <time>2026-08-23T12:07:16Z</time>
      </trkpt>
      <trkpt lat="59.425347" lon="24.647806">
        <ele>13.8</ele>
        <time>2026-08-23T12:07:17Z</time>
      </trkpt>
      <trkpt lat="59.425347" lon="24.647806">
        <ele>13.8</ele>
        <time>2026-08-23T12:07:18Z</time>
      </trkpt>
      <trkpt lat="59.425348" lon="24.647807">
        <ele>13.8</ele>
        <time>2026-08-23T12:07:19Z</time>
      </trkpt>
      <trkpt lat="59.425348" lon="24.647808">
        <ele>13.8</ele>
        <time>2026-08-23T12:07:20Z</time>
      </trkpt>
      <trkpt lat="59.425348" lon="24.647808">
        <ele>13.8</ele>
        <time>2026-08-23T12:07:21Z</time>
      </trkpt>
      <trkpt lat="59.425348" lon="24.647808">
        <ele>13.8</ele>
        <time>2026-08-23T12:07:22Z</time>
      </trkpt>
      <trkpt lat="59.425348" lon="24.647808">
        <ele>13.8</ele>
        <time>2026-08-23T12:07:23Z</time>
      </trkpt>
      <trkpt lat="59.42535" lon="24.647801">
        <ele>13.8</ele>
        <time>2026-08-23T12:07:24Z</time>
      </trkpt>
      <trkpt lat="59.425355" lon="24.647798">
        <ele>13.8</ele>
        <time>2026-08-23T12:07:25Z</time>
      </trkpt>
      <trkpt lat="59.42536" lon="24.647807">
        <ele>13.8</ele>
        <time>2026-08-23T12:07:26Z</time>
      </trkpt>
      <trkpt lat="59.425363" lon="24.647802">
        <ele>13.8</ele>
        <time>2026-08-23T12:07:27Z</time>
      </trkpt>
      <trkpt lat="59.425371" lon="24.647805">
        <ele>13.8</ele>
        <time>2026-08-23T12:07:28Z</time>
      </trkpt>
      <trkpt lat="59.425366" lon="24.647828">
        <ele>13.8</ele>
        <time>2026-08-23T12:07:29Z</time>
      </trkpt>
      <trkpt lat="59.42537" lon="24.64784">
        <ele>13.8</ele>
        <time>2026-08-23T12:07:30Z</time>
      </trkpt>
      <trkpt lat="59.425377" lon="24.647841">
        <ele>13.8</ele>
        <time>2026-08-23T12:07:31Z</time>
      </trkpt>
      <trkpt lat="59.425397" lon="24.64784">
        <ele>13.9</ele>
        <time>2026-08-23T12:07:32Z</time>
      </trkpt>
      <trkpt lat="59.425429" lon="24.64782">
        <ele>13.9</ele>
        <time>2026-08-23T12:07:33Z</time>
      </trkpt>
      <trkpt lat="59.425437" lon="24.647833">
        <ele>13.9</ele>
        <time>2026-08-23T12:07:34Z</time>
      </trkpt>
      <trkpt lat="59.425447" lon="24.64779">
        <ele>13.9</ele>
        <time>2026-08-23T12:07:35Z</time>
      </trkpt>
      <trkpt lat="59.425454" lon="24.647711">
        <ele>13.9</ele>
        <time>2026-08-23T12:07:36Z</time>
      </trkpt>
      <trkpt lat="59.425453" lon="24.647626">
        <ele>13.9</ele>
        <time>2026-08-23T12:07:37Z</time>
      </trkpt>
      <trkpt lat="59.425444" lon="24.647554">
        <ele>13.9</ele>
        <time>2026-08-23T12:07:38Z</time>
      </trkpt>
      <trkpt lat="59.425448" lon="24.647507">
        <ele>13.9</ele>
        <time>2026-08-23T12:07:39Z</time>
      </trkpt>
      <trkpt lat="59.425443" lon="24.647457">
        <ele>13.9</ele>
        <time>2026-08-23T12:07:40Z</time>
      </trkpt>
      <trkpt lat="59.425444" lon="24.647406">
        <ele>13.9</ele>
        <time>2026-08-23T12:07:41Z</time>
      </trkpt>
      <trkpt lat="59.42545" lon="24.647355">
        <ele>13.9</ele>
        <time>2026-08-23T12:07:42Z</time>
      </trkpt>
      <trkpt lat="59.425452" lon="24.647281">
        <ele>13.9</ele>
        <time>2026-08-23T12:07:43Z</time>
      </trkpt>
      <trkpt lat="59.425455" lon="24.647225">
        <ele>13.9</ele>
        <time>2026-08-23T12:07:44Z</time>
      </trkpt>
      <trkpt lat="59.425446" lon="24.647193">
        <ele>13.9</ele>
        <time>2026-08-23T12:07:45Z</time>
      </trkpt>
      <trkpt lat="59.425451" lon="24.647148">
        <ele>14.0</ele>
        <time>2026-08-23T12:07:46Z</time>
      </trkpt>
      <trkpt lat="59.425453" lon="24.647121">
        <ele>14.0</ele>
        <time>2026-08-23T12:07:47Z</time>
      </trkpt>
      <trkpt lat="59.425451" lon="24.647104">
        <ele>14.0</ele>
        <time>2026-08-23T12:07:48Z</time>
      </trkpt>
      <trkpt lat="59.425442" lon="24.647103">
        <ele>14.0</ele>
        <time>2026-08-23T12:07:49Z</time>
      </trkpt>
      <trkpt lat="59.425437" lon="24.647086">
        <ele>14.0</ele>
        <time>2026-08-23T12:07:50Z</time>
      </trkpt>
      <trkpt lat="59.425433" lon="24.647029">
        <ele>14.0</ele>
        <time>2026-08-23T12:07:51Z</time>
      </trkpt>
      <trkpt lat="59.425424" lon="24.646987">
        <ele>14.0</ele>
        <time>2026-08-23T12:07:52Z</time>
      </trkpt>
      <trkpt lat="59.425409" lon="24.646927">
        <ele>14.0</ele>
        <time>2026-08-23T12:07:53Z</time>
      </trkpt>
      <trkpt lat="59.4254" lon="24.6469">
        <ele>14.0</ele>
        <time>2026-08-23T12:07:54Z</time>
      </trkpt>
      <trkpt lat="59.425402" lon="24.64687">
        <ele>14.0</ele>
        <time>2026-08-23T12:07:55Z</time>
      </trkpt>
      <trkpt lat="59.425404" lon="24.646866">
        <ele>14.0</ele>
        <time>2026-08-23T12:07:56Z</time>
      </trkpt>
      <trkpt lat="59.425394" lon="24.646911">
        <ele>14.0</ele>
        <time>2026-08-23T12:07:58Z</time>
      </trkpt>
      <trkpt lat="59.425391" lon="24.646932">
        <ele>14.0</ele>
        <time>2026-08-23T12:07:59Z</time>
      </trkpt>
      <trkpt lat="59.425386" lon="24.646969">
        <ele>14.0</ele>
        <time>2026-08-23T12:08:00Z</time>
      </trkpt>
      <trkpt lat="59.425393" lon="24.646999">
        <ele>14.0</ele>
        <time>2026-08-23T12:08:01Z</time>
      </trkpt>
      <trkpt lat="59.425393" lon="24.647028">
        <ele>14.0</ele>
        <time>2026-08-23T12:08:02Z</time>
      </trkpt>
      <trkpt lat="59.425393" lon="24.647052">
        <ele>14.0</ele>
        <time>2026-08-23T12:08:03Z</time>
      </trkpt>
      <trkpt lat="59.425396" lon="24.647078">
        <ele>14.0</ele>
        <time>2026-08-23T12:08:04Z</time>
      </trkpt>
      <trkpt lat="59.425401" lon="24.647085">
        <ele>14.0</ele>
        <time>2026-08-23T12:08:05Z</time>
      </trkpt>
      <trkpt lat="59.425403" lon="24.647077">
        <ele>14.0</ele>
        <time>2026-08-23T12:08:06Z</time>
      </trkpt>
      <trkpt lat="59.42541" lon="24.647076">
        <ele>14.0</ele>
        <time>2026-08-23T12:08:07Z</time>
      </trkpt>
      <trkpt lat="59.425412" lon="24.647049">
        <ele>14.0</ele>
        <time>2026-08-23T12:08:08Z</time>
      </trkpt>
      <trkpt lat="59.425411" lon="24.647015">
        <ele>14.0</ele>
        <time>2026-08-23T12:08:09Z</time>
      </trkpt>
      <trkpt lat="59.425417" lon="24.646945">
        <ele>14.0</ele>
        <time>2026-08-23T12:08:10Z</time>
      </trkpt>
      <trkpt lat="59.425409" lon="24.646897">
        <ele>14.1</ele>
        <time>2026-08-23T12:08:11Z</time>
      </trkpt>
      <trkpt lat="59.425389" lon="24.646838">
        <ele>14.1</ele>
        <time>2026-08-23T12:08:12Z</time>
      </trkpt>
      <trkpt lat="59.425382" lon="24.646804">
        <ele>14.1</ele>
        <time>2026-08-23T12:08:13Z</time>
      </trkpt>
      <trkpt lat="59.425388" lon="24.646756">
        <ele>14.1</ele>
        <time>2026-08-23T12:08:14Z</time>
      </trkpt>
      <trkpt lat="59.425383" lon="24.646733">
        <ele>14.1</ele>
        <time>2026-08-23T12:08:15Z</time>
      </trkpt>
      <trkpt lat="59.425376" lon="24.646699">
        <ele>14.1</ele>
        <time>2026-08-23T12:08:16Z</time>
      </trkpt>
      <trkpt lat="59.425373" lon="24.64665">
        <ele>14.1</ele>
        <time>2026-08-23T12:08:17Z</time>
      </trkpt>
      <trkpt lat="59.425382" lon="24.646603">
        <ele>14.1</ele>
        <time>2026-08-23T12:08:18Z</time>
      </trkpt>
      <trkpt lat="59.42539" lon="24.646564">
        <ele>14.1</ele>
        <time>2026-08-23T12:08:19Z</time>
      </trkpt>
      <trkpt lat="59.425389" lon="24.646525">
        <ele>14.1</ele>
        <time>2026-08-23T12:08:20Z</time>
      </trkpt>
      <trkpt lat="59.425391" lon="24.646497">
        <ele>14.1</ele>
        <time>2026-08-23T12:08:21Z</time>
      </trkpt>
      <trkpt lat="59.425391" lon="24.646472">
        <ele>14.1</ele>
        <time>2026-08-23T12:08:22Z</time>
      </trkpt>
      <trkpt lat="59.425377" lon="24.646433">
        <ele>14.2</ele>
        <time>2026-08-23T12:08:23Z</time>
      </trkpt>
      <trkpt lat="59.425365" lon="24.646407">
        <ele>14.2</ele>
        <time>2026-08-23T12:08:24Z</time>
      </trkpt>
      <trkpt lat="59.425361" lon="24.646382">
        <ele>14.2</ele>
        <time>2026-08-23T12:08:25Z</time>
      </trkpt>
      <trkpt lat="59.425347" lon="24.646369">
        <ele>14.2</ele>
        <time>2026-08-23T12:08:26Z</time>
      </trkpt>
      <trkpt lat="59.425329" lon="24.646356">
        <ele>14.2</ele>
        <time>2026-08-23T12:08:27Z</time>
      </trkpt>
      <trkpt lat="59.425319" lon="24.646329">
        <ele>14.2</ele>
        <time>2026-08-23T12:08:28Z</time>
      </trkpt>
      <trkpt lat="59.425319" lon="24.646273">
        <ele>14.2</ele>
        <time>2026-08-23T12:08:29Z</time>
      </trkpt>
      <trkpt lat="59.425322" lon="24.64623">
        <ele>14.2</ele>
        <time>2026-08-23T12:08:30Z</time>
      </trkpt>
      <trkpt lat="59.425326" lon="24.646189">
        <ele>14.3</ele>
        <time>2026-08-23T12:08:31Z</time>
      </trkpt>
      <trkpt lat="59.425323" lon="24.646162">
        <ele>14.3</ele>
        <time>2026-08-23T12:08:32Z</time>
      </trkpt>
      <trkpt lat="59.425313" lon="24.646138">
        <ele>14.3</ele>
        <time>2026-08-23T12:08:33Z</time>
      </trkpt>
      <trkpt lat="59.425295" lon="24.646145">
        <ele>14.3</ele>
        <time>2026-08-23T12:08:34Z</time>
      </trkpt>
      <trkpt lat="59.425275" lon="24.646133">
        <ele>14.3</ele>
        <time>2026-08-23T12:08:35Z</time>
      </trkpt>
      <trkpt lat="59.425257" lon="24.646122">
        <ele>14.3</ele>
        <time>2026-08-23T12:08:36Z</time>
      </trkpt>
      <trkpt lat="59.425244" lon="24.646113">
        <ele>14.3</ele>
        <time>2026-08-23T12:08:37Z</time>
      </trkpt>
      <trkpt lat="59.425229" lon="24.646119">
        <ele>14.3</ele>
        <time>2026-08-23T12:08:38Z</time>
      </trkpt>
      <trkpt lat="59.425214" lon="24.646137">
        <ele>14.3</ele>
        <time>2026-08-23T12:08:39Z</time>
      </trkpt>
      <trkpt lat="59.4252" lon="24.646152">
        <ele>14.3</ele>
        <time>2026-08-23T12:08:40Z</time>
      </trkpt>
      <trkpt lat="59.425188" lon="24.646179">
        <ele>14.3</ele>
        <time>2026-08-23T12:08:41Z</time>
      </trkpt>
      <trkpt lat="59.425173" lon="24.646196">
        <ele>14.3</ele>
        <time>2026-08-23T12:08:42Z</time>
      </trkpt>
      <trkpt lat="59.425161" lon="24.646223">
        <ele>14.4</ele>
        <time>2026-08-23T12:08:43Z</time>
      </trkpt>
      <trkpt lat="59.425156" lon="24.646258">
        <ele>14.4</ele>
        <time>2026-08-23T12:08:44Z</time>
      </trkpt>
      <trkpt lat="59.425167" lon="24.646308">
        <ele>14.3</ele>
        <time>2026-08-23T12:08:45Z</time>
      </trkpt>
      <trkpt lat="59.425159" lon="24.646343">
        <ele>14.3</ele>
        <time>2026-08-23T12:08:46Z</time>
      </trkpt>
      <trkpt lat="59.425163" lon="24.646411">
        <ele>14.2</ele>
        <time>2026-08-23T12:08:47Z</time>
      </trkpt>
      <trkpt lat="59.425163" lon="24.646509">
        <ele>14.1</ele>
        <time>2026-08-23T12:08:48Z</time>
      </trkpt>
      <trkpt lat="59.42518" lon="24.646581">
        <ele>14.0</ele>
        <time>2026-08-23T12:08:49Z</time>
      </trkpt>
      <trkpt lat="59.425182" lon="24.646669">
        <ele>14.0</ele>
        <time>2026-08-23T12:08:50Z</time>
      </trkpt>
      <trkpt lat="59.425175" lon="24.646717">
        <ele>13.9</ele>
        <time>2026-08-23T12:08:51Z</time>
      </trkpt>
      <trkpt lat="59.425176" lon="24.64677">
        <ele>13.9</ele>
        <time>2026-08-23T12:08:52Z</time>
      </trkpt>
      <trkpt lat="59.425171" lon="24.646823">
        <ele>13.8</ele>
        <time>2026-08-23T12:08:53Z</time>
      </trkpt>
      <trkpt lat="59.425175" lon="24.646878">
        <ele>13.8</ele>
        <time>2026-08-23T12:08:54Z</time>
      </trkpt>
      <trkpt lat="59.425185" lon="24.646933">
        <ele>13.7</ele>
        <time>2026-08-23T12:08:55Z</time>
      </trkpt>
      <trkpt lat="59.425202" lon="24.646977">
        <ele>13.7</ele>
        <time>2026-08-23T12:08:56Z</time>
      </trkpt>
      <trkpt lat="59.425211" lon="24.647018">
        <ele>13.7</ele>
        <time>2026-08-23T12:08:57Z</time>
      </trkpt>
      <trkpt lat="59.42523" lon="24.647048">
        <ele>13.7</ele>
        <time>2026-08-23T12:08:58Z</time>
      </trkpt>
      <trkpt lat="59.425244" lon="24.647102">
        <ele>13.6</ele>
        <time>2026-08-23T12:08:59Z</time>
      </trkpt>
      <trkpt lat="59.425252" lon="24.647143">
        <ele>13.6</ele>
        <time>2026-08-23T12:09:00Z</time>
      </trkpt>
      <trkpt lat="59.425249" lon="24.647203">
        <ele>13.6</ele>
        <time>2026-08-23T12:09:01Z</time>
      </trkpt>
      <trkpt lat="59.42525" lon="24.647243">
        <ele>13.6</ele>
        <time>2026-08-23T12:09:02Z</time>
      </trkpt>
      <trkpt lat="59.425257" lon="24.647279">
        <ele>13.6</ele>
        <time>2026-08-23T12:09:03Z</time>
      </trkpt>
      <trkpt lat="59.425259" lon="24.647288">
        <ele>13.6</ele>
        <time>2026-08-23T12:09:04Z</time>
      </trkpt>
      <trkpt lat="59.425253" lon="24.647278">
        <ele>13.6</ele>
        <time>2026-08-23T12:09:05Z</time>
      </trkpt>
      <trkpt lat="59.42524" lon="24.647254">
        <ele>13.6</ele>
        <time>2026-08-23T12:09:07Z</time>
      </trkpt>
      <trkpt lat="59.425235" lon="24.647248">
        <ele>13.6</ele>
        <time>2026-08-23T12:09:08Z</time>
      </trkpt>
      <trkpt lat="59.425228" lon="24.647235">
        <ele>13.6</ele>
        <time>2026-08-23T12:09:09Z</time>
      </trkpt>
      <trkpt lat="59.425205" lon="24.647191">
        <ele>13.5</ele>
        <time>2026-08-23T12:09:10Z</time>
      </trkpt>
      <trkpt lat="59.42518" lon="24.64715">
        <ele>13.5</ele>
        <time>2026-08-23T12:09:11Z</time>
      </trkpt>
      <trkpt lat="59.425158" lon="24.647082">
        <ele>13.5</ele>
        <time>2026-08-23T12:09:12Z</time>
      </trkpt>
      <trkpt lat="59.425147" lon="24.647027">
        <ele>13.6</ele>
        <time>2026-08-23T12:09:13Z</time>
      </trkpt>
      <trkpt lat="59.425131" lon="24.646973">
        <ele>13.6</ele>
        <time>2026-08-23T12:09:14Z</time>
      </trkpt>
      <trkpt lat="59.425119" lon="24.646919">
        <ele>13.6</ele>
        <time>2026-08-23T12:09:15Z</time>
      </trkpt>
      <trkpt lat="59.42512" lon="24.646873">
        <ele>13.6</ele>
        <time>2026-08-23T12:09:16Z</time>
      </trkpt>
      <trkpt lat="59.425129" lon="24.646801">
        <ele>13.7</ele>
        <time>2026-08-23T12:09:17Z</time>
      </trkpt>
      <trkpt lat="59.42514" lon="24.646744">
        <ele>13.7</ele>
        <time>2026-08-23T12:09:18Z</time>
      </trkpt>
      <trkpt lat="59.425144" lon="24.646674">
        <ele>13.7</ele>
        <time>2026-08-23T12:09:19Z</time>
      </trkpt>
      <trkpt lat="59.425148" lon="24.646624">
        <ele>13.8</ele>
        <time>2026-08-23T12:09:20Z</time>
      </trkpt>
      <trkpt lat="59.425145" lon="24.646572">
        <ele>13.8</ele>
        <time>2026-08-23T12:09:21Z</time>
      </trkpt>
      <trkpt lat="59.425154" lon="24.646501">
        <ele>13.9</ele>
        <time>2026-08-23T12:09:22Z</time>
      </trkpt>
      <trkpt lat="59.425156" lon="24.64645">
        <ele>14.0</ele>
        <time>2026-08-23T12:09:23Z</time>
      </trkpt>
      <trkpt lat="59.425151" lon="24.646384">
        <ele>14.0</ele>
        <time>2026-08-23T12:09:24Z</time>
      </trkpt>
      <trkpt lat="59.425158" lon="24.646318">
        <ele>14.1</ele>
        <time>2026-08-23T12:09:25Z</time>
      </trkpt>
      <trkpt lat="59.425149" lon="24.64627">
        <ele>14.2</ele>
        <time>2026-08-23T12:09:26Z</time>
      </trkpt>
      <trkpt lat="59.425147" lon="24.646211">
        <ele>14.2</ele>
        <time>2026-08-23T12:09:27Z</time>
      </trkpt>
      <trkpt lat="59.425145" lon="24.646184">
        <ele>14.3</ele>
        <time>2026-08-23T12:09:28Z</time>
      </trkpt>
      <trkpt lat="59.42516" lon="24.64615">
        <ele>14.3</ele>
        <time>2026-08-23T12:09:29Z</time>
      </trkpt>
      <trkpt lat="59.425165" lon="24.646126">
        <ele>14.3</ele>
        <time>2026-08-23T12:09:30Z</time>
      </trkpt>
      <trkpt lat="59.425163" lon="24.646077">
        <ele>14.4</ele>
        <time>2026-08-23T12:09:31Z</time>
      </trkpt>
      <trkpt lat="59.425189" lon="24.646042">
        <ele>14.4</ele>
        <time>2026-08-23T12:09:32Z</time>
      </trkpt>
      <trkpt lat="59.425217" lon="24.64604">
        <ele>14.3</ele>
        <time>2026-08-23T12:09:33Z</time>
      </trkpt>
      <trkpt lat="59.425228" lon="24.646061">
        <ele>14.3</ele>
        <time>2026-08-23T12:09:34Z</time>
      </trkpt>
      <trkpt lat="59.42523" lon="24.646084">
        <ele>14.3</ele>
        <time>2026-08-23T12:09:35Z</time>
      </trkpt>
      <trkpt lat="59.425246" lon="24.646095">
        <ele>14.3</ele>
        <time>2026-08-23T12:09:36Z</time>
      </trkpt>
      <trkpt lat="59.425281" lon="24.646095">
        <ele>14.3</ele>
        <time>2026-08-23T12:09:37Z</time>
      </trkpt>
      <trkpt lat="59.425315" lon="24.64609">
        <ele>14.3</ele>
        <time>2026-08-23T12:09:38Z</time>
      </trkpt>
      <trkpt lat="59.425323" lon="24.646105">
        <ele>14.3</ele>
        <time>2026-08-23T12:09:39Z</time>
      </trkpt>
      <trkpt lat="59.425339" lon="24.646114">
        <ele>14.3</ele>
        <time>2026-08-23T12:09:40Z</time>
      </trkpt>
      <trkpt lat="59.425357" lon="24.646141">
        <ele>14.3</ele>
        <time>2026-08-23T12:09:41Z</time>
      </trkpt>
      <trkpt lat="59.425378" lon="24.646173">
        <ele>14.3</ele>
        <time>2026-08-23T12:09:42Z</time>
      </trkpt>
      <trkpt lat="59.425396" lon="24.64623">
        <ele>14.2</ele>
        <time>2026-08-23T12:09:43Z</time>
      </trkpt>
      <trkpt lat="59.42541" lon="24.646286">
        <ele>14.2</ele>
        <time>2026-08-23T12:09:44Z</time>
      </trkpt>
      <trkpt lat="59.425425" lon="24.646349">
        <ele>14.2</ele>
        <time>2026-08-23T12:09:45Z</time>
      </trkpt>
      <trkpt lat="59.425434" lon="24.646413">
        <ele>14.1</ele>
        <time>2026-08-23T12:09:46Z</time>
      </trkpt>
      <trkpt lat="59.425441" lon="24.646466">
        <ele>14.1</ele>
        <time>2026-08-23T12:09:47Z</time>
      </trkpt>
      <trkpt lat="59.425447" lon="24.646516">
        <ele>14.1</ele>
        <time>2026-08-23T12:09:48Z</time>
      </trkpt>
      <trkpt lat="59.425455" lon="24.646544">
        <ele>14.1</ele>
        <time>2026-08-23T12:09:49Z</time>
      </trkpt>
      <trkpt lat="59.42545" lon="24.64658">
        <ele>14.1</ele>
        <time>2026-08-23T12:09:50Z</time>
      </trkpt>
      <trkpt lat="59.425443" lon="24.646624">
        <ele>14.1</ele>
        <time>2026-08-23T12:09:51Z</time>
      </trkpt>
      <trkpt lat="59.42545" lon="24.64666">
        <ele>14.1</ele>
        <time>2026-08-23T12:09:52Z</time>
      </trkpt>
      <trkpt lat="59.425449" lon="24.646679">
        <ele>14.1</ele>
        <time>2026-08-23T12:09:53Z</time>
      </trkpt>
      <trkpt lat="59.425452" lon="24.64671">
        <ele>14.1</ele>
        <time>2026-08-23T12:09:54Z</time>
      </trkpt>
      <trkpt lat="59.425463" lon="24.646757">
        <ele>14.0</ele>
        <time>2026-08-23T12:09:55Z</time>
      </trkpt>
      <trkpt lat="59.425474" lon="24.646807">
        <ele>14.0</ele>
        <time>2026-08-23T12:09:56Z</time>
      </trkpt>
      <trkpt lat="59.425482" lon="24.646878">
        <ele>14.0</ele>
        <time>2026-08-23T12:09:57Z</time>
      </trkpt>
      <trkpt lat="59.425502" lon="24.646932">
        <ele>14.0</ele>
        <time>2026-08-23T12:09:58Z</time>
      </trkpt>
      <trkpt lat="59.425512" lon="24.647001">
        <ele>14.0</ele>
        <time>2026-08-23T12:09:59Z</time>
      </trkpt>
      <trkpt lat="59.425524" lon="24.647048">
        <ele>14.0</ele>
        <time>2026-08-23T12:10:00Z</time>
      </trkpt>
      <trkpt lat="59.425527" lon="24.647108">
        <ele>14.0</ele>
        <time>2026-08-23T12:10:01Z</time>
      </trkpt>
      <trkpt lat="59.425546" lon="24.647155">
        <ele>14.0</ele>
        <time>2026-08-23T12:10:02Z</time>
      </trkpt>
      <trkpt lat="59.425553" lon="24.647199">
        <ele>14.0</ele>
        <time>2026-08-23T12:10:03Z</time>
      </trkpt>
      <trkpt lat="59.425538" lon="24.647235">
        <ele>14.0</ele>
        <time>2026-08-23T12:10:04Z</time>
      </trkpt>
      <trkpt lat="59.425537" lon="24.647288">
        <ele>13.9</ele>
        <time>2026-08-23T12:10:05Z</time>
      </trkpt>
      <trkpt lat="59.425537" lon="24.647358">
        <ele>13.9</ele>
        <time>2026-08-23T12:10:06Z</time>
      </trkpt>
      <trkpt lat="59.425533" lon="24.647406">
        <ele>13.9</ele>
        <time>2026-08-23T12:10:07Z</time>
      </trkpt>
      <trkpt lat="59.42553" lon="24.647465">
        <ele>13.9</ele>
        <time>2026-08-23T12:10:08Z</time>
      </trkpt>
      <trkpt lat="59.425543" lon="24.647519">
        <ele>13.9</ele>
        <time>2026-08-23T12:10:09Z</time>
      </trkpt>
      <trkpt lat="59.425559" lon="24.647569">
        <ele>13.9</ele>
        <time>2026-08-23T12:10:10Z</time>
      </trkpt>
      <trkpt lat="59.425569" lon="24.647613">
        <ele>13.9</ele>
        <time>2026-08-23T12:10:11Z</time>
      </trkpt>
      <trkpt lat="59.425569" lon="24.647648">
        <ele>13.9</ele>
        <time>2026-08-23T12:10:12Z</time>
      </trkpt>
      <trkpt lat="59.425582" lon="24.647695">
        <ele>13.9</ele>
        <time>2026-08-23T12:10:13Z</time>
      </trkpt>
      <trkpt lat="59.4256" lon="24.647726">
        <ele>13.9</ele>
        <time>2026-08-23T12:10:14Z</time>
      </trkpt>
      <trkpt lat="59.425608" lon="24.647746">
        <ele>13.9</ele>
        <time>2026-08-23T12:10:15Z</time>
      </trkpt>
      <trkpt lat="59.425613" lon="24.647761">
        <ele>13.9</ele>
        <time>2026-08-23T12:10:16Z</time>
      </trkpt>
      <trkpt lat="59.425618" lon="24.647781">
        <ele>13.9</ele>
        <time>2026-08-23T12:10:17Z</time>
      </trkpt>
      <trkpt lat="59.425621" lon="24.6478">
        <ele>13.9</ele>
        <time>2026-08-23T12:10:18Z</time>
      </trkpt>
      <trkpt lat="59.425624" lon="24.647807">
        <ele>13.9</ele>
        <time>2026-08-23T12:10:19Z</time>
      </trkpt>
      <trkpt lat="59.425603" lon="24.647807">
        <ele>13.9</ele>
        <time>2026-08-23T12:10:20Z</time>
      </trkpt>
      <trkpt lat="59.425575" lon="24.647779">
        <ele>13.9</ele>
        <time>2026-08-23T12:10:22Z</time>
      </trkpt>
      <trkpt lat="59.425549" lon="24.647767">
        <ele>13.9</ele>
        <time>2026-08-23T12:10:23Z</time>
      </trkpt>
      <trkpt lat="59.425531" lon="24.647758">
        <ele>13.9</ele>
        <time>2026-08-23T12:10:24Z</time>
      </trkpt>
      <trkpt lat="59.425516" lon="24.647758">
        <ele>13.9</ele>
        <time>2026-08-23T12:10:25Z</time>
      </trkpt>
      <trkpt lat="59.4255" lon="24.647759">
        <ele>13.9</ele>
        <time>2026-08-23T12:10:26Z</time>
      </trkpt>
      <trkpt lat="59.425485" lon="24.647759">
        <ele>13.9</ele>
        <time>2026-08-23T12:10:27Z</time>
      </trkpt>
      <trkpt lat="59.425485" lon="24.647759">
        <ele>13.9</ele>
        <time>2026-08-23T12:10:28Z</time>
      </trkpt>
      <trkpt lat="59.425464" lon="24.64776">
        <ele>13.9</ele>
        <time>2026-08-23T12:10:29Z</time>
      </trkpt>
      <trkpt lat="59.425456" lon="24.64776">
        <ele>13.9</ele>
        <time>2026-08-23T12:10:30Z</time>
      </trkpt>
      <trkpt lat="59.425448" lon="24.64776">
        <ele>13.9</ele>
        <time>2026-08-23T12:10:31Z</time>
      </trkpt>
      <trkpt lat="59.42544" lon="24.647761">
        <ele>13.9</ele>
        <time>2026-08-23T12:10:32Z</time>
      </trkpt>
      <trkpt lat="59.425432" lon="24.647761">
        <ele>13.9</ele>
        <time>2026-08-23T12:10:33Z</time>
      </trkpt>
      <trkpt lat="59.425424" lon="24.647761">
        <ele>13.9</ele>
        <time>2026-08-23T12:10:34Z</time>
      </trkpt>
      <trkpt lat="59.425424" lon="24.647761">
        <ele>13.9</ele>
        <time>2026-08-23T12:10:35Z</time>
      </trkpt>
      <trkpt lat="59.425414" lon="24.647761">
        <ele>13.9</ele>
        <time>2026-08-23T12:10:36Z</time>
      </trkpt>
      <trkpt lat="59.425405" lon="24.647762">
        <ele>13.9</ele>
        <time>2026-08-23T12:10:37Z</time>
      </trkpt>
      <trkpt lat="59.425395" lon="24.647762">
        <ele>13.9</ele>
        <time>2026-08-23T12:10:38Z</time>
      </trkpt>
      <trkpt lat="59.425395" lon="24.647761">
        <ele>13.9</ele>
        <time>2026-08-23T12:10:39Z</time>
      </trkpt>
      <trkpt lat="59.425389" lon="24.647743">
        <ele>13.9</ele>
        <time>2026-08-23T12:10:40Z</time>
      </trkpt>
      <trkpt lat="59.425382" lon="24.647735">
        <ele>13.9</ele>
        <time>2026-08-23T12:10:41Z</time>
      </trkpt>
      <trkpt lat="59.425377" lon="24.647737">
        <ele>13.9</ele>
        <time>2026-08-23T12:10:42Z</time>
      </trkpt>
      <trkpt lat="59.425372" lon="24.647745">
        <ele>13.9</ele>
        <time>2026-08-23T12:10:43Z</time>
      </trkpt>
      <trkpt lat="59.425366" lon="24.647751">
        <ele>13.9</ele>
        <time>2026-08-23T12:10:44Z</time>
      </trkpt>
      <trkpt lat="59.425361" lon="24.647757">
        <ele>13.9</ele>
        <time>2026-08-23T12:10:45Z</time>
      </trkpt>
      <trkpt lat="59.425361" lon="24.647757">
        <ele>13.9</ele>
        <time>2026-08-23T12:10:46Z</time>
      </trkpt>
      <trkpt lat="59.42536" lon="24.647767">
        <ele>13.9</ele>
        <time>2026-08-23T12:10:47Z</time>
      </trkpt>
      <trkpt lat="59.42536" lon="24.647767">
        <ele>13.9</ele>
        <time>2026-08-23T12:10:48Z</time>
      </trkpt>
      <trkpt lat="59.42536" lon="24.647767">
        <ele>13.9</ele>
        <time>2026-08-23T12:10:49Z</time>
      </trkpt>
      <trkpt lat="59.42536" lon="24.647767">
        <ele>13.9</ele>
        <time>2026-08-23T12:10:50Z</time>
      </trkpt>
      <trkpt lat="59.42536" lon="24.647767">
        <ele>13.9</ele>
        <time>2026-08-23T12:10:51Z</time>
      </trkpt>
      <trkpt lat="59.42536" lon="24.647767">
        <ele>13.9</ele>
        <time>2026-08-23T12:10:52Z</time>
      </trkpt>
      <trkpt lat="59.425362" lon="24.647777">
        <ele>13.9</ele>
        <time>2026-08-23T12:10:53Z</time>
      </trkpt>
      <trkpt lat="59.42536" lon="24.647777">
        <ele>13.9</ele>
        <time>2026-08-23T12:10:54Z</time>
      </trkpt>
      <trkpt lat="59.42536" lon="24.647777">
        <ele>13.9</ele>
        <time>2026-08-23T12:10:55Z</time>
      </trkpt>
      <trkpt lat="59.42536" lon="24.647777">
        <ele>13.9</ele>
        <time>2026-08-23T12:10:56Z</time>
      </trkpt>
      <trkpt lat="59.425355" lon="24.647783">
        <ele>13.9</ele>
        <time>2026-08-23T12:10:57Z</time>
      </trkpt>
      <trkpt lat="59.425356" lon="24.647787">
        <ele>13.9</ele>
        <time>2026-08-23T12:10:58Z</time>
      </trkpt>
      <trkpt lat="59.425355" lon="24.647788">
        <ele>13.9</ele>
        <time>2026-08-23T12:10:59Z</time>
      </trkpt>
      <trkpt lat="59.425353" lon="24.647786">
        <ele>13.9</ele>
        <time>2026-08-23T12:11:00Z</time>
      </trkpt>
      <trkpt lat="59.425355" lon="24.647784">
        <ele>13.9</ele>
        <time>2026-08-23T12:11:01Z</time>
      </trkpt>
      <trkpt lat="59.425355" lon="24.647785">
        <ele>13.9</ele>
        <time>2026-08-23T12:11:02Z</time>
      </trkpt>
      <trkpt lat="59.425355" lon="24.647785">
        <ele>13.9</ele>
        <time>2026-08-23T12:11:03Z</time>
      </trkpt>
      <trkpt lat="59.425355" lon="24.647785">
        <ele>13.9</ele>
        <time>2026-08-23T12:11:04Z</time>
      </trkpt>
      <trkpt lat="59.425355" lon="24.647785">
        <ele>13.9</ele>
        <time>2026-08-23T12:11:05Z</time>
      </trkpt>
      <trkpt lat="59.425355" lon="24.647785">
        <ele>13.9</ele>
        <time>2026-08-23T12:11:06Z</time>
      </trkpt>
      <trkpt lat="59.425355" lon="24.647785">
        <ele>13.9</ele>
        <time>2026-08-23T12:11:07Z</time>
      </trkpt>
      <trkpt lat="59.425355" lon="24.647785">
        <ele>13.9</ele>
        <time>2026-08-23T12:11:08Z</time>
      </trkpt>
      <trkpt lat="59.425355" lon="24.647785">
        <ele>13.9</ele>
        <time>2026-08-23T12:11:09Z</time>
      </trkpt>
      <trkpt lat="59.425343" lon="24.647791">
        <ele>13.9</ele>
        <time>2026-08-23T12:11:10Z</time>
      </trkpt>
      <trkpt lat="59.425343" lon="24.647791">
        <ele>13.9</ele>
        <time>2026-08-23T12:11:11Z</time>
      </trkpt>
      <trkpt lat="59.425343" lon="24.647791">
        <ele>13.9</ele>
        <time>2026-08-23T12:11:12Z</time>
      </trkpt>
      <trkpt lat="59.425343" lon="24.647791">
        <ele>13.9</ele>
        <time>2026-08-23T12:11:13Z</time>
      </trkpt>
      <trkpt lat="59.425343" lon="24.647791">
        <ele>13.9</ele>
        <time>2026-08-23T12:11:14Z</time>
      </trkpt>
      <trkpt lat="59.425343" lon="24.647791">
        <ele>13.9</ele>
        <time>2026-08-23T12:11:15Z</time>
      </trkpt>
      <trkpt lat="59.425343" lon="24.647791">
        <ele>13.9</ele>
        <time>2026-08-23T12:11:16Z</time>
      </trkpt>
      <trkpt lat="59.425343" lon="24.647791">
        <ele>13.9</ele>
        <time>2026-08-23T12:11:17Z</time>
      </trkpt>
      <trkpt lat="59.425343" lon="24.647791">
        <ele>13.9</ele>
        <time>2026-08-23T12:11:18Z</time>
      </trkpt>
      <trkpt lat="59.425343" lon="24.647791">
        <ele>13.9</ele>
        <time>2026-08-23T12:11:19Z</time>
      </trkpt>
      <trkpt lat="59.425343" lon="24.647791">
        <ele>13.9</ele>
        <time>2026-08-23T12:11:20Z</time>
      </trkpt>
      <trkpt lat="59.425343" lon="24.647791">
        <ele>13.9</ele>
        <time>2026-08-23T12:11:21Z</time>
      </trkpt>
      <trkpt lat="59.425343" lon="24.647791">
        <ele>13.9</ele>
        <time>2026-08-23T12:11:22Z</time>
      </trkpt>
      <trkpt lat="59.425343" lon="24.647791">
        <ele>13.9</ele>
        <time>2026-08-23T12:11:23Z</time>
      </trkpt>
      <trkpt lat="59.425343" lon="24.647791">
        <ele>13.9</ele>
        <time>2026-08-23T12:11:24Z</time>
      </trkpt>
      <trkpt lat="59.425343" lon="24.647791">
        <ele>13.9</ele>
        <time>2026-08-23T12:11:25Z</time>
      </trkpt>
      <trkpt lat="59.425343" lon="24.647791">
        <ele>13.9</ele>
        <time>2026-08-23T12:11:26Z</time>
      </trkpt>
      <trkpt lat="59.425343" lon="24.647791">
        <ele>13.9</ele>
        <time>2026-08-23T12:11:27Z</time>
      </trkpt>
      <trkpt lat="59.425343" lon="24.647791">
        <ele>13.9</ele>
        <time>2026-08-23T12:11:28Z</time>
      </trkpt>
      <trkpt lat="59.425343" lon="24.647791">
        <ele>13.9</ele>
        <time>2026-08-23T12:11:29Z</time>
      </trkpt>
      <trkpt lat="59.425343" lon="24.647791">
        <ele>13.9</ele>
        <time>2026-08-23T12:11:30Z</time>
      </trkpt>
      <trkpt lat="59.425327" lon="24.647809">
        <ele>13.9</ele>
        <time>2026-08-23T12:11:31Z</time>
      </trkpt>
      <trkpt lat="59.425322" lon="24.647822">
        <ele>13.9</ele>
        <time>2026-08-23T12:11:32Z</time>
      </trkpt>
      <trkpt lat="59.425326" lon="24.647817">
        <ele>13.9</ele>
        <time>2026-08-23T12:11:33Z</time>
      </trkpt>
      <trkpt lat="59.425325" lon="24.647817">
        <ele>13.9</ele>
        <time>2026-08-23T12:11:34Z</time>
      </trkpt>
      <trkpt lat="59.425325" lon="24.647817">
        <ele>13.9</ele>
        <time>2026-08-23T12:11:35Z</time>
      </trkpt>
      <trkpt lat="59.425325" lon="24.647821">
        <ele>13.9</ele>
        <time>2026-08-23T12:11:36Z</time>
      </trkpt>
      <trkpt lat="59.425326" lon="24.647821">
        <ele>13.9</ele>
        <time>2026-08-23T12:11:37Z</time>
      </trkpt>
      <trkpt lat="59.425327" lon="24.647823">
        <ele>13.9</ele>
        <time>2026-08-23T12:11:38Z</time>
      </trkpt>
      <trkpt lat="59.425329" lon="24.647821">
        <ele>13.9</ele>
        <time>2026-08-23T12:11:39Z</time>
      </trkpt>
      <trkpt lat="59.425329" lon="24.647821">
        <ele>13.9</ele>
        <time>2026-08-23T12:11:40Z</time>
      </trkpt>
      <trkpt lat="59.425329" lon="24.647821">
        <ele>13.9</ele>
        <time>2026-08-23T12:11:41Z</time>
      </trkpt>
      <trkpt lat="59.425329" lon="24.647821">
        <ele>13.9</ele>
        <time>2026-08-23T12:11:42Z</time>
      </trkpt>
      <trkpt lat="59.425329" lon="24.647821">
        <ele>13.9</ele>
        <time>2026-08-23T12:11:43Z</time>
      </trkpt>
      <trkpt lat="59.425329" lon="24.647821">
        <ele>13.9</ele>
        <time>2026-08-23T12:11:44Z</time>
      </trkpt>
      <trkpt lat="59.425329" lon="24.647821">
        <ele>13.9</ele>
        <time>2026-08-23T12:11:45Z</time>
      </trkpt>
      <trkpt lat="59.425329" lon="24.647821">
        <ele>13.9</ele>
        <time>2026-08-23T12:11:46Z</time>
      </trkpt>
      <trkpt lat="59.425329" lon="24.647821">
        <ele>13.9</ele>
        <time>2026-08-23T12:11:47Z</time>
      </trkpt>
      <trkpt lat="59.425329" lon="24.647821">
        <ele>13.9</ele>
        <time>2026-08-23T12:11:48Z</time>
      </trkpt>
      <trkpt lat="59.425329" lon="24.647821">
        <ele>13.9</ele>
        <time>2026-08-23T12:11:49Z</time>
      </trkpt>
      <trkpt lat="59.425334" lon="24.647825">
        <ele>13.9</ele>
        <time>2026-08-23T12:11:50Z</time>
      </trkpt>
      <trkpt lat="59.425333" lon="24.64783">
        <ele>13.9</ele>
        <time>2026-08-23T12:11:51Z</time>
      </trkpt>
      <trkpt lat="59.425334" lon="24.647828">
        <ele>13.9</ele>
        <time>2026-08-23T12:11:52Z</time>
      </trkpt>
      <trkpt lat="59.425335" lon="24.647826">
        <ele>13.9</ele>
        <time>2026-08-23T12:11:53Z</time>
      </trkpt>
      <trkpt lat="59.425335" lon="24.647827">
        <ele>13.9</ele>
        <time>2026-08-23T12:11:54Z</time>
      </trkpt>
      <trkpt lat="59.425334" lon="24.647826">
        <ele>13.9</ele>
        <time>2026-08-23T12:11:55Z</time>
      </trkpt>
      <trkpt lat="59.425335" lon="24.647826">
        <ele>13.9</ele>
        <time>2026-08-23T12:11:56Z</time>
      </trkpt>
      <trkpt lat="59.425335" lon="24.647822">
        <ele>13.9</ele>
        <time>2026-08-23T12:11:57Z</time>
      </trkpt>
      <trkpt lat="59.425336" lon="24.647821">
        <ele>13.9</ele>
        <time>2026-08-23T12:11:58Z</time>
      </trkpt>
      <trkpt lat="59.425335" lon="24.647816">
        <ele>13.9</ele>
        <time>2026-08-23T12:11:59Z</time>
      </trkpt>
      <trkpt lat="59.425336" lon="24.647811">
        <ele>13.9</ele>
        <time>2026-08-23T12:12:00Z</time>
      </trkpt>
      <trkpt lat="59.425336" lon="24.64781">
        <ele>13.9</ele>
        <time>2026-08-23T12:12:01Z</time>
      </trkpt>
      <trkpt lat="59.42534" lon="24.647806">
        <ele>13.9</ele>
        <time>2026-08-23T12:12:02Z</time>
      </trkpt>
      <trkpt lat="59.42534" lon="24.647806">
        <ele>13.9</ele>
        <time>2026-08-23T12:12:03Z</time>
      </trkpt>
      <trkpt lat="59.42534" lon="24.647806">
        <ele>13.9</ele>
        <time>2026-08-23T12:12:04Z</time>
      </trkpt>
      <trkpt lat="59.42534" lon="24.647806">
        <ele>13.9</ele>
        <time>2026-08-23T12:12:05Z</time>
      </trkpt>
      <trkpt lat="59.42534" lon="24.647792">
        <ele>13.9</ele>
        <time>2026-08-23T12:12:06Z</time>
      </trkpt>
      <trkpt lat="59.42534" lon="24.647792">
        <ele>13.9</ele>
        <time>2026-08-23T12:12:07Z</time>
      </trkpt>
      <trkpt lat="59.42534" lon="24.647792">
        <ele>13.9</ele>
        <time>2026-08-23T12:12:08Z</time>
      </trkpt>
      <trkpt lat="59.42534" lon="24.647792">
        <ele>13.9</ele>
        <time>2026-08-23T12:12:09Z</time>
      </trkpt>
      <trkpt lat="59.42534" lon="24.647792">
        <ele>13.9</ele>
        <time>2026-08-23T12:12:10Z</time>
      </trkpt>
      <trkpt lat="59.42534" lon="24.647792">
        <ele>13.9</ele>
        <time>2026-08-23T12:12:11Z</time>
      </trkpt>
      <trkpt lat="59.425351" lon="24.647804">
        <ele>13.9</ele>
        <time>2026-08-23T12:12:12Z</time>
      </trkpt>
      <trkpt lat="59.425352" lon="24.647808">
        <ele>13.9</ele>
        <time>2026-08-23T12:12:13Z</time>
      </trkpt>
      <trkpt lat="59.425351" lon="24.647809">
        <ele>13.9</ele>
        <time>2026-08-23T12:12:14Z</time>
      </trkpt>
      <trkpt lat="59.425351" lon="24.647809">
        <ele>13.9</ele>
        <time>2026-08-23T12:12:15Z</time>
      </trkpt>
      <trkpt lat="59.425351" lon="24.647809">
        <ele>13.9</ele>
        <time>2026-08-23T12:12:16Z</time>
      </trkpt>
      <trkpt lat="59.425351" lon="24.647809">
        <ele>13.9</ele>
        <time>2026-08-23T12:12:17Z</time>
      </trkpt>
      <trkpt lat="59.425348" lon="24.647812">
        <ele>13.9</ele>
        <time>2026-08-23T12:12:18Z</time>
      </trkpt>
      <trkpt lat="59.425348" lon="24.647812">
        <ele>13.9</ele>
        <time>2026-08-23T12:12:19Z</time>
      </trkpt>
      <trkpt lat="59.425348" lon="24.647812">
        <ele>13.9</ele>
        <time>2026-08-23T12:12:20Z</time>
      </trkpt>
      <trkpt lat="59.425348" lon="24.647812">
        <ele>13.9</ele>
        <time>2026-08-23T12:12:21Z</time>
      </trkpt>
      <trkpt lat="59.425348" lon="24.647812">
        <ele>13.9</ele>
        <time>2026-08-23T12:12:22Z</time>
      </trkpt>
      <trkpt lat="59.425348" lon="24.647812">
        <ele>13.9</ele>
        <time>2026-08-23T12:12:23Z</time>
      </trkpt>
      <trkpt lat="59.425348" lon="24.647812">
        <ele>13.9</ele>
        <time>2026-08-23T12:12:24Z</time>
      </trkpt>
      <trkpt lat="59.425348" lon="24.647812">
        <ele>13.9</ele>
        <time>2026-08-23T12:12:25Z</time>
      </trkpt>
      <trkpt lat="59.425349" lon="24.647813">
        <ele>13.9</ele>
        <time>2026-08-23T12:12:26Z</time>
      </trkpt>
      <trkpt lat="59.425347" lon="24.647812">
        <ele>13.9</ele>
        <time>2026-08-23T12:12:27Z</time>
      </trkpt>
      <trkpt lat="59.425347" lon="24.647811">
        <ele>13.9</ele>
        <time>2026-08-23T12:12:28Z</time>
      </trkpt>
      <trkpt lat="59.425347" lon="24.647811">
        <ele>13.9</ele>
        <time>2026-08-23T12:12:29Z</time>
      </trkpt>
      <trkpt lat="59.425347" lon="24.647811">
        <ele>13.9</ele>
        <time>2026-08-23T12:12:30Z</time>
      </trkpt>
      <trkpt lat="59.425344" lon="24.647812">
        <ele>13.9</ele>
        <time>2026-08-23T12:12:31Z</time>
      </trkpt>
      <trkpt lat="59.425346" lon="24.64781">
        <ele>13.9</ele>
        <time>2026-08-23T12:12:32Z</time>
      </trkpt>
      <trkpt lat="59.425344" lon="24.647812">
        <ele>13.9</ele>
        <time>2026-08-23T12:12:33Z</time>
      </trkpt>
      <trkpt lat="59.425345" lon="24.647807">
        <ele>13.9</ele>
        <time>2026-08-23T12:12:34Z</time>
      </trkpt>
      <trkpt lat="59.425345" lon="24.647807">
        <ele>13.9</ele>
        <time>2026-08-23T12:12:35Z</time>
      </trkpt>
      <trkpt lat="59.425345" lon="24.647806">
        <ele>13.9</ele>
        <time>2026-08-23T12:12:36Z</time>
      </trkpt>
      <trkpt lat="59.425346" lon="24.647806">
        <ele>13.9</ele>
        <time>2026-08-23T12:12:37Z</time>
      </trkpt>
      <trkpt lat="59.425346" lon="24.647806">
        <ele>13.9</ele>
        <time>2026-08-23T12:12:38Z</time>
      </trkpt>
      <trkpt lat="59.425346" lon="24.647806">
        <ele>13.9</ele>
        <time>2026-08-23T12:12:39Z</time>
      </trkpt>
      <trkpt lat="59.425346" lon="24.647806">
        <ele>13.9</ele>
        <time>2026-08-23T12:12:40Z</time>
      </trkpt>
      <trkpt lat="59.42535" lon="24.647807">
        <ele>13.9</ele>
        <time>2026-08-23T12:12:41Z</time>
      </trkpt>
      <trkpt lat="59.42535" lon="24.647807">
        <ele>13.9</ele>
        <time>2026-08-23T12:12:42Z</time>
      </trkpt>
      <trkpt lat="59.425353" lon="24.647807">
        <ele>13.9</ele>
        <time>2026-08-23T12:12:43Z</time>
      </trkpt>
      <trkpt lat="59.425353" lon="24.647807">
        <ele>13.9</ele>
        <time>2026-08-23T12:12:44Z</time>
      </trkpt>
      <trkpt lat="59.425353" lon="24.647807">
        <ele>13.9</ele>
        <time>2026-08-23T12:12:45Z</time>
      </trkpt>
      <trkpt lat="59.425351" lon="24.647811">
        <ele>13.9</ele>
        <time>2026-08-23T12:12:46Z</time>
      </trkpt>
      <trkpt lat="59.425351" lon="24.647809">
        <ele>13.9</ele>
        <time>2026-08-23T12:12:47Z</time>
      </trkpt>
      <trkpt lat="59.425351" lon="24.647809">
        <ele>13.9</ele>
        <time>2026-08-23T12:12:48Z</time>
      </trkpt>
      <trkpt lat="59.425351" lon="24.647809">
        <ele>13.9</ele>
        <time>2026-08-23T12:12:49Z</time>
      </trkpt>
      <trkpt lat="59.425351" lon="24.647809">
        <ele>13.9</ele>
        <time>2026-08-23T12:12:50Z</time>
      </trkpt>
      <trkpt lat="59.425351" lon="24.647809">
        <ele>13.9</ele>
        <time>2026-08-23T12:12:51Z</time>
      </trkpt>
      <trkpt lat="59.425351" lon="24.647809">
        <ele>13.9</ele>
        <time>2026-08-23T12:12:52Z</time>
      </trkpt>
      <trkpt lat="59.425351" lon="24.647809">
        <ele>13.9</ele>
        <time>2026-08-23T12:12:53Z</time>
      </trkpt>
      <trkpt lat="59.425351" lon="24.647809">
        <ele>13.9</ele>
        <time>2026-08-23T12:12:54Z</time>
      </trkpt>
      <trkpt lat="59.425351" lon="24.647809">
        <ele>13.9</ele>
        <time>2026-08-23T12:12:55Z</time>
      </trkpt>
      <trkpt lat="59.425351" lon="24.647809">
        <ele>13.9</ele>
        <time>2026-08-23T12:12:56Z</time>
      </trkpt>
      <trkpt lat="59.425351" lon="24.647809">
        <ele>13.9</ele>
        <time>2026-08-23T12:12:57Z</time>
      </trkpt>
      <trkpt lat="59.425351" lon="24.647809">
        <ele>13.9</ele>
        <time>2026-08-23T12:12:58Z</time>
      </trkpt>
      <trkpt lat="59.425351" lon="24.647809">
        <ele>13.9</ele>
        <time>2026-08-23T12:12:59Z</time>
      </trkpt>
      <trkpt lat="59.425351" lon="24.647809">
        <ele>13.9</ele>
        <time>2026-08-23T12:13:00Z</time>
      </trkpt>
      <trkpt lat="59.425351" lon="24.6478">
        <ele>13.9</ele>
        <time>2026-08-23T12:13:01Z</time>
      </trkpt>
      <trkpt lat="59.425351" lon="24.6478">
        <ele>13.9</ele>
        <time>2026-08-23T12:13:02Z</time>
      </trkpt>
      <trkpt lat="59.425351" lon="24.647801">
        <ele>13.9</ele>
        <time>2026-08-23T12:13:03Z</time>
      </trkpt>
      <trkpt lat="59.425353" lon="24.647804">
        <ele>13.9</ele>
        <time>2026-08-23T12:13:04Z</time>
      </trkpt>
      <trkpt lat="59.425353" lon="24.647809">
        <ele>13.9</ele>
        <time>2026-08-23T12:13:05Z</time>
      </trkpt>
      <trkpt lat="59.425353" lon="24.647808">
        <ele>13.9</ele>
        <time>2026-08-23T12:13:06Z</time>
      </trkpt>
      <trkpt lat="59.425353" lon="24.647808">
        <ele>13.9</ele>
        <time>2026-08-23T12:13:07Z</time>
      </trkpt>
      <trkpt lat="59.425353" lon="24.647808">
        <ele>13.9</ele>
        <time>2026-08-23T12:13:08Z</time>
      </trkpt>
      <trkpt lat="59.425353" lon="24.647808">
        <ele>13.9</ele>
        <time>2026-08-23T12:13:09Z</time>
      </trkpt>
      <trkpt lat="59.425361" lon="24.647808">
        <ele>13.9</ele>
        <time>2026-08-23T12:13:10Z</time>
      </trkpt>
      <trkpt lat="59.425361" lon="24.647808">
        <ele>13.9</ele>
        <time>2026-08-23T12:13:11Z</time>
      </trkpt>
      <trkpt lat="59.42536" lon="24.647808">
        <ele>13.9</ele>
        <time>2026-08-23T12:13:12Z</time>
      </trkpt>
      <trkpt lat="59.425359" lon="24.647811">
        <ele>13.9</ele>
        <time>2026-08-23T12:13:13Z</time>
      </trkpt>
      <trkpt lat="59.425358" lon="24.64781">
        <ele>13.9</ele>
        <time>2026-08-23T12:13:14Z</time>
      </trkpt>
      <trkpt lat="59.425355" lon="24.647812">
        <ele>13.9</ele>
        <time>2026-08-23T12:13:15Z</time>
      </trkpt>
      <trkpt lat="59.425356" lon="24.647816">
        <ele>13.9</ele>
        <time>2026-08-23T12:13:16Z</time>
      </trkpt>
      <trkpt lat="59.425354" lon="24.647818">
        <ele>13.9</ele>
        <time>2026-08-23T12:13:17Z</time>
      </trkpt>
      <trkpt lat="59.425351" lon="24.647823">
        <ele>13.9</ele>
        <time>2026-08-23T12:13:18Z</time>
      </trkpt>
      <trkpt lat="59.425349" lon="24.647827">
        <ele>13.9</ele>
        <time>2026-08-23T12:13:19Z</time>
      </trkpt>
      <trkpt lat="59.425349" lon="24.647827">
        <ele>13.9</ele>
        <time>2026-08-23T12:13:20Z</time>
      </trkpt>
      <trkpt lat="59.425349" lon="24.647827">
        <ele>13.9</ele>
        <time>2026-08-23T12:13:21Z</time>
      </trkpt>
      <trkpt lat="59.425344" lon="24.64783">
        <ele>13.9</ele>
        <time>2026-08-23T12:13:22Z</time>
      </trkpt>
      <trkpt lat="59.425344" lon="24.647832">
        <ele>13.9</ele>
        <time>2026-08-23T12:13:23Z</time>
      </trkpt>
      <trkpt lat="59.425344" lon="24.647831">
        <ele>13.9</ele>
        <time>2026-08-23T12:13:24Z</time>
      </trkpt>
      <trkpt lat="59.425344" lon="24.647831">
        <ele>13.9</ele>
        <time>2026-08-23T12:13:25Z</time>
      </trkpt>
      <trkpt lat="59.425344" lon="24.647839">
        <ele>13.9</ele>
        <time>2026-08-23T12:13:26Z</time>
      </trkpt>
      <trkpt lat="59.425345" lon="24.647839">
        <ele>13.9</ele>
        <time>2026-08-23T12:13:27Z</time>
      </trkpt>
      <trkpt lat="59.425345" lon="24.647839">
        <ele>13.9</ele>
        <time>2026-08-23T12:13:28Z</time>
      </trkpt>
      <trkpt lat="59.425345" lon="24.647839">
        <ele>13.9</ele>
        <time>2026-08-23T12:13:29Z</time>
      </trkpt>
      <trkpt lat="59.425348" lon="24.647836">
        <ele>13.9</ele>
        <time>2026-08-23T12:13:30Z</time>
      </trkpt>
      <trkpt lat="59.425348" lon="24.647836">
        <ele>13.9</ele>
        <time>2026-08-23T12:13:31Z</time>
      </trkpt>
      <trkpt lat="59.425348" lon="24.647836">
        <ele>13.9</ele>
        <time>2026-08-23T12:13:32Z</time>
      </trkpt>
      <trkpt lat="59.425348" lon="24.647836">
        <ele>13.9</ele>
        <time>2026-08-23T12:13:33Z</time>
      </trkpt>
      <trkpt lat="59.425348" lon="24.647836">
        <ele>13.9</ele>
        <time>2026-08-23T12:13:34Z</time>
      </trkpt>
      <trkpt lat="59.425348" lon="24.647836">
        <ele>13.9</ele>
        <time>2026-08-23T12:13:35Z</time>
      </trkpt>
      <trkpt lat="59.425352" lon="24.647834">
        <ele>13.9</ele>
        <time>2026-08-23T12:13:36Z</time>
      </trkpt>
      <trkpt lat="59.425349" lon="24.647838">
        <ele>13.9</ele>
        <time>2026-08-23T12:13:37Z</time>
      </trkpt>
      <trkpt lat="59.425347" lon="24.647836">
        <ele>13.9</ele>
        <time>2026-08-23T12:13:38Z</time>
      </trkpt>
      <trkpt lat="59.425346" lon="24.647833">
        <ele>13.9</ele>
        <time>2026-08-23T12:13:39Z</time>
      </trkpt>
      <trkpt lat="59.425344" lon="24.647835">
        <ele>13.9</ele>
        <time>2026-08-23T12:13:40Z</time>
      </trkpt>
      <trkpt lat="59.425344" lon="24.647839">
        <ele>13.9</ele>
        <time>2026-08-23T12:13:41Z</time>
      </trkpt>
      <trkpt lat="59.425345" lon="24.64783">
        <ele>13.9</ele>
        <time>2026-08-23T12:13:42Z</time>
      </trkpt>
      <trkpt lat="59.425348" lon="24.647822">
        <ele>13.9</ele>
        <time>2026-08-23T12:13:43Z</time>
      </trkpt>
      <trkpt lat="59.425351" lon="24.647818">
        <ele>13.9</ele>
        <time>2026-08-23T12:13:44Z</time>
      </trkpt>
      <trkpt lat="59.425346" lon="24.647823">
        <ele>13.9</ele>
        <time>2026-08-23T12:13:45Z</time>
      </trkpt>
      <trkpt lat="59.425348" lon="24.64782">
        <ele>13.9</ele>
        <time>2026-08-23T12:13:46Z</time>
      </trkpt>
      <trkpt lat="59.425349" lon="24.647819">
        <ele>13.9</ele>
        <time>2026-08-23T12:13:47Z</time>
      </trkpt>
      <trkpt lat="59.425351" lon="24.647804">
        <ele>13.9</ele>
        <time>2026-08-23T12:13:48Z</time>
      </trkpt>
      <trkpt lat="59.425349" lon="24.647803">
        <ele>13.9</ele>
        <time>2026-08-23T12:13:49Z</time>
      </trkpt>
      <trkpt lat="59.425349" lon="24.647803">
        <ele>13.9</ele>
        <time>2026-08-23T12:13:50Z</time>
      </trkpt>
      <trkpt lat="59.425347" lon="24.647801">
        <ele>13.9</ele>
        <time>2026-08-23T12:13:51Z</time>
      </trkpt>
      <trkpt lat="59.425349" lon="24.647799">
        <ele>13.9</ele>
        <time>2026-08-23T12:13:52Z</time>
      </trkpt>
      <trkpt lat="59.425353" lon="24.6478">
        <ele>13.9</ele>
        <time>2026-08-23T12:13:53Z</time>
      </trkpt>
      <trkpt lat="59.425353" lon="24.6478">
        <ele>13.9</ele>
        <time>2026-08-23T12:13:54Z</time>
      </trkpt>
      <trkpt lat="59.425353" lon="24.647807">
        <ele>13.9</ele>
        <time>2026-08-23T12:13:55Z</time>
      </trkpt>
      <trkpt lat="59.425353" lon="24.647805">
        <ele>13.9</ele>
        <time>2026-08-23T12:13:56Z</time>
      </trkpt>
      <trkpt lat="59.425353" lon="24.647805">
        <ele>13.9</ele>
        <time>2026-08-23T12:13:57Z</time>
      </trkpt>
      <trkpt lat="59.425353" lon="24.647805">
        <ele>13.9</ele>
        <time>2026-08-23T12:13:58Z</time>
      </trkpt>
      <trkpt lat="59.425358" lon="24.647799">
        <ele>13.9</ele>
        <time>2026-08-23T12:13:59Z</time>
      </trkpt>
      <trkpt lat="59.425361" lon="24.6478">
        <ele>13.9</ele>
        <time>2026-08-23T12:14:00Z</time>
      </trkpt>
      <trkpt lat="59.425361" lon="24.647799">
        <ele>13.9</ele>
        <time>2026-08-23T12:14:01Z</time>
      </trkpt>
      <trkpt lat="59.425361" lon="24.647797">
        <ele>13.9</ele>
        <time>2026-08-23T12:14:02Z</time>
      </trkpt>
      <trkpt lat="59.425363" lon="24.647795">
        <ele>13.9</ele>
        <time>2026-08-23T12:14:03Z</time>
      </trkpt>
      <trkpt lat="59.425365" lon="24.647795">
        <ele>13.9</ele>
        <time>2026-08-23T12:14:04Z</time>
      </trkpt>
      <trkpt lat="59.425366" lon="24.647803">
        <ele>13.9</ele>
        <time>2026-08-23T12:14:05Z</time>
      </trkpt>
      <trkpt lat="59.425366" lon="24.647805">
        <ele>13.9</ele>
        <time>2026-08-23T12:14:06Z</time>
      </trkpt>
      <trkpt lat="59.425368" lon="24.647804">
        <ele>13.9</ele>
        <time>2026-08-23T12:14:07Z</time>
      </trkpt>
      <trkpt lat="59.425368" lon="24.647802">
        <ele>13.9</ele>
        <time>2026-08-23T12:14:08Z</time>
      </trkpt>
      <trkpt lat="59.425369" lon="24.647806">
        <ele>13.9</ele>
        <time>2026-08-23T12:14:09Z</time>
      </trkpt>
      <trkpt lat="59.425367" lon="24.647803">
        <ele>13.9</ele>
        <time>2026-08-23T12:14:10Z</time>
      </trkpt>
      <trkpt lat="59.425367" lon="24.647803">
        <ele>13.9</ele>
        <time>2026-08-23T12:14:11Z</time>
      </trkpt>
      <trkpt lat="59.425367" lon="24.647799">
        <ele>13.9</ele>
        <time>2026-08-23T12:14:12Z</time>
      </trkpt>
      <trkpt lat="59.425367" lon="24.647795">
        <ele>13.9</ele>
        <time>2026-08-23T12:14:13Z</time>
      </trkpt>
      <trkpt lat="59.425365" lon="24.647793">
        <ele>13.9</ele>
        <time>2026-08-23T12:14:14Z</time>
      </trkpt>
      <trkpt lat="59.425363" lon="24.647795">
        <ele>13.9</ele>
        <time>2026-08-23T12:14:15Z</time>
      </trkpt>
      <trkpt lat="59.425363" lon="24.647795">
        <ele>13.9</ele>
        <time>2026-08-23T12:14:16Z</time>
      </trkpt>
      <trkpt lat="59.425362" lon="24.647793">
        <ele>13.9</ele>
        <time>2026-08-23T12:14:17Z</time>
      </trkpt>
      <trkpt lat="59.425362" lon="24.647793">
        <ele>13.9</ele>
        <time>2026-08-23T12:14:18Z</time>
      </trkpt>
      <trkpt lat="59.425362" lon="24.647793">
        <ele>13.9</ele>
        <time>2026-08-23T12:14:19Z</time>
      </trkpt>
      <trkpt lat="59.425356" lon="24.64779">
        <ele>13.9</ele>
        <time>2026-08-23T12:14:20Z</time>
      </trkpt>
      <trkpt lat="59.425355" lon="24.647789">
        <ele>13.9</ele>
        <time>2026-08-23T12:14:21Z</time>
      </trkpt>
      <trkpt lat="59.425357" lon="24.647787">
        <ele>13.9</ele>
        <time>2026-08-23T12:14:22Z</time>
      </trkpt>
      <trkpt lat="59.425357" lon="24.647786">
        <ele>13.9</ele>
        <time>2026-08-23T12:14:23Z</time>
      </trkpt>
      <trkpt lat="59.425357" lon="24.647786">
        <ele>13.9</ele>
        <time>2026-08-23T12:14:24Z</time>
      </trkpt>
      <trkpt lat="59.425357" lon="24.647786">
        <ele>13.9</ele>
        <time>2026-08-23T12:14:25Z</time>
      </trkpt>
      <trkpt lat="59.425358" lon="24.647774">
        <ele>13.9</ele>
        <time>2026-08-23T12:14:26Z</time>
      </trkpt>
      <trkpt lat="59.425358" lon="24.647774">
        <ele>13.9</ele>
        <time>2026-08-23T12:14:27Z</time>
      </trkpt>
      <trkpt lat="59.425358" lon="24.647774">
        <ele>13.9</ele>
        <time>2026-08-23T12:14:28Z</time>
      </trkpt>
      <trkpt lat="59.425358" lon="24.647774">
        <ele>13.9</ele>
        <time>2026-08-23T12:14:29Z</time>
      </trkpt>
      <trkpt lat="59.425358" lon="24.647774">
        <ele>13.9</ele>
        <time>2026-08-23T12:14:30Z</time>
      </trkpt>
      <trkpt lat="59.425358" lon="24.647774">
        <ele>13.9</ele>
        <time>2026-08-23T12:14:31Z</time>
      </trkpt>
      <trkpt lat="59.42535" lon="24.647784">
        <ele>13.9</ele>
        <time>2026-08-23T12:14:32Z</time>
      </trkpt>
      <trkpt lat="59.425352" lon="24.64779">
        <ele>13.9</ele>
        <time>2026-08-23T12:14:33Z</time>
      </trkpt>
      <trkpt lat="59.425353" lon="24.647791">
        <ele>13.9</ele>
        <time>2026-08-23T12:14:34Z</time>
      </trkpt>
      <trkpt lat="59.425355" lon="24.647794">
        <ele>13.9</ele>
        <time>2026-08-23T12:14:35Z</time>
      </trkpt>
      <trkpt lat="59.425356" lon="24.647794">
        <ele>13.9</ele>
        <time>2026-08-23T12:14:36Z</time>
      </trkpt>
      <trkpt lat="59.425354" lon="24.647794">
        <ele>13.9</ele>
        <time>2026-08-23T12:14:37Z</time>
      </trkpt>
      <trkpt lat="59.425354" lon="24.647794">
        <ele>13.9</ele>
        <time>2026-08-23T12:14:38Z</time>
      </trkpt>
      <trkpt lat="59.425354" lon="24.647794">
        <ele>13.9</ele>
        <time>2026-08-23T12:14:39Z</time>
      </trkpt>
      <trkpt lat="59.425354" lon="24.647794">
        <ele>13.9</ele>
        <time>2026-08-23T12:14:40Z</time>
      </trkpt>
      <trkpt lat="59.425354" lon="24.647794">
        <ele>13.9</ele>
        <time>2026-08-23T12:14:41Z</time>
      </trkpt>
      <trkpt lat="59.425354" lon="24.647794">
        <ele>13.9</ele>
        <time>2026-08-23T12:14:42Z</time>
      </trkpt>
      <trkpt lat="59.425354" lon="24.647794">
        <ele>13.9</ele>
        <time>2026-08-23T12:14:43Z</time>
      </trkpt>
      <trkpt lat="59.425354" lon="24.647794">
        <ele>13.9</ele>
        <time>2026-08-23T12:14:44Z</time>
      </trkpt>
      <trkpt lat="59.425359" lon="24.647804">
        <ele>13.8</ele>
        <time>2026-08-23T12:14:45Z</time>
      </trkpt>
      <trkpt lat="59.425359" lon="24.647804">
        <ele>13.8</ele>
        <time>2026-08-23T12:14:46Z</time>
      </trkpt>
      <trkpt lat="59.425361" lon="24.647804">
        <ele>13.8</ele>
        <time>2026-08-23T12:14:47Z</time>
      </trkpt>
      <trkpt lat="59.425361" lon="24.647805">
        <ele>13.8</ele>
        <time>2026-08-23T12:14:48Z</time>
      </trkpt>
      <trkpt lat="59.425362" lon="24.647804">
        <ele>13.8</ele>
        <time>2026-08-23T12:14:49Z</time>
      </trkpt>
      <trkpt lat="59.425362" lon="24.647804">
        <ele>13.8</ele>
        <time>2026-08-23T12:14:50Z</time>
      </trkpt>
      <trkpt lat="59.425362" lon="24.647804">
        <ele>13.8</ele>
        <time>2026-08-23T12:14:51Z</time>
      </trkpt>
      <trkpt lat="59.425362" lon="24.647804">
        <ele>13.8</ele>
        <time>2026-08-23T12:14:52Z</time>
      </trkpt>
      <trkpt lat="59.425362" lon="24.647804">
        <ele>13.8</ele>
        <time>2026-08-23T12:14:53Z</time>
      </trkpt>
      <trkpt lat="59.425362" lon="24.647804">
        <ele>13.8</ele>
        <time>2026-08-23T12:14:54Z</time>
      </trkpt>
      <trkpt lat="59.425362" lon="24.647804">
        <ele>13.8</ele>
        <time>2026-08-23T12:14:55Z</time>
      </trkpt>
      <trkpt lat="59.425362" lon="24.647804">
        <ele>13.8</ele>
        <time>2026-08-23T12:14:56Z</time>
      </trkpt>
      <trkpt lat="59.425362" lon="24.647804">
        <ele>13.8</ele>
        <time>2026-08-23T12:14:57Z</time>
      </trkpt>
      <trkpt lat="59.425362" lon="24.647804">
        <ele>13.8</ele>
        <time>2026-08-23T12:14:58Z</time>
      </trkpt>
      <trkpt lat="59.425362" lon="24.647804">
        <ele>13.8</ele>
        <time>2026-08-23T12:14:59Z</time>
      </trkpt>
      <trkpt lat="59.425362" lon="24.647804">
        <ele>13.8</ele>
        <time>2026-08-23T12:15:00Z</time>
      </trkpt>
      <trkpt lat="59.425362" lon="24.647804">
        <ele>13.8</ele>
        <time>2026-08-23T12:15:01Z</time>
      </trkpt>
      <trkpt lat="59.425362" lon="24.647804">
        <ele>13.8</ele>
        <time>2026-08-23T12:15:02Z</time>
      </trkpt>
      <trkpt lat="59.425362" lon="24.647804">
        <ele>13.8</ele>
        <time>2026-08-23T12:15:03Z</time>
      </trkpt>
      <trkpt lat="59.425362" lon="24.647804">
        <ele>13.8</ele>
        <time>2026-08-23T12:15:04Z</time>
      </trkpt>
      <trkpt lat="59.425362" lon="24.647804">
        <ele>13.8</ele>
        <time>2026-08-23T12:15:05Z</time>
      </trkpt>
      <trkpt lat="59.425362" lon="24.647804">
        <ele>13.8</ele>
        <time>2026-08-23T12:15:06Z</time>
      </trkpt>
      <trkpt lat="59.425362" lon="24.647804">
        <ele>13.8</ele>
        <time>2026-08-23T12:15:07Z</time>
      </trkpt>
      <trkpt lat="59.425362" lon="24.647804">
        <ele>13.8</ele>
        <time>2026-08-23T12:15:08Z</time>
      </trkpt>
      <trkpt lat="59.425362" lon="24.647804">
        <ele>13.8</ele>
        <time>2026-08-23T12:15:09Z</time>
      </trkpt>
      <trkpt lat="59.425362" lon="24.647804">
        <ele>13.8</ele>
        <time>2026-08-23T12:15:10Z</time>
      </trkpt>
      <trkpt lat="59.425362" lon="24.647804">
        <ele>13.8</ele>
        <time>2026-08-23T12:15:11Z</time>
      </trkpt>
      <trkpt lat="59.425363" lon="24.647775">
        <ele>13.8</ele>
        <time>2026-08-23T12:15:12Z</time>
      </trkpt>
      <trkpt lat="59.425363" lon="24.647775">
        <ele>13.8</ele>
        <time>2026-08-23T12:15:13Z</time>
      </trkpt>
      <trkpt lat="59.425363" lon="24.647775">
        <ele>13.8</ele>
        <time>2026-08-23T12:15:14Z</time>
      </trkpt>
      <trkpt lat="59.425363" lon="24.647775">
        <ele>13.8</ele>
        <time>2026-08-23T12:15:15Z</time>
      </trkpt>
      <trkpt lat="59.425363" lon="24.647775">
        <ele>13.8</ele>
        <time>2026-08-23T12:15:16Z</time>
      </trkpt>
      <trkpt lat="59.425363" lon="24.647775">
        <ele>13.8</ele>
        <time>2026-08-23T12:15:17Z</time>
      </trkpt>
      <trkpt lat="59.425363" lon="24.647775">
        <ele>13.8</ele>
        <time>2026-08-23T12:15:18Z</time>
      </trkpt>
      <trkpt lat="59.425363" lon="24.647775">
        <ele>13.8</ele>
        <time>2026-08-23T12:15:19Z</time>
      </trkpt>
      <trkpt lat="59.425363" lon="24.647775">
        <ele>13.8</ele>
        <time>2026-08-23T12:15:20Z</time>
      </trkpt>
      <trkpt lat="59.425363" lon="24.647775">
        <ele>13.8</ele>
        <time>2026-08-23T12:15:21Z</time>
      </trkpt>
      <trkpt lat="59.425363" lon="24.647775">
        <ele>13.8</ele>
        <time>2026-08-23T12:15:22Z</time>
      </trkpt>
      <trkpt lat="59.425363" lon="24.647775">
        <ele>13.8</ele>
        <time>2026-08-23T12:15:23Z</time>
      </trkpt>
      <trkpt lat="59.425359" lon="24.647769">
        <ele>13.8</ele>
        <time>2026-08-23T12:15:24Z</time>
      </trkpt>
      <trkpt lat="59.425359" lon="24.647769">
        <ele>13.8</ele>
        <time>2026-08-23T12:15:25Z</time>
      </trkpt>
      <trkpt lat="59.425356" lon="24.647765">
        <ele>13.8</ele>
        <time>2026-08-23T12:15:26Z</time>
      </trkpt>
      <trkpt lat="59.425356" lon="24.647764">
        <ele>13.8</ele>
        <time>2026-08-23T12:15:27Z</time>
      </trkpt>
      <trkpt lat="59.425355" lon="24.647764">
        <ele>13.8</ele>
        <time>2026-08-23T12:15:28Z</time>
      </trkpt>
      <trkpt lat="59.425356" lon="24.647761">
        <ele>13.8</ele>
        <time>2026-08-23T12:15:29Z</time>
      </trkpt>
      <trkpt lat="59.425355" lon="24.64776">
        <ele>13.8</ele>
        <time>2026-08-23T12:15:30Z</time>
      </trkpt>
      <trkpt lat="59.425355" lon="24.64776">
        <ele>13.8</ele>
        <time>2026-08-23T12:15:31Z</time>
      </trkpt>
      <trkpt lat="59.425355" lon="24.64776">
        <ele>13.8</ele>
        <time>2026-08-23T12:15:32Z</time>
      </trkpt>
      <trkpt lat="59.425355" lon="24.64776">
        <ele>13.8</ele>
        <time>2026-08-23T12:15:33Z</time>
      </trkpt>
      <trkpt lat="59.425355" lon="24.64776">
        <ele>13.8</ele>
        <time>2026-08-23T12:15:34Z</time>
      </trkpt>
      <trkpt lat="59.425351" lon="24.647759">
        <ele>13.8</ele>
        <time>2026-08-23T12:15:35Z</time>
      </trkpt>
      <trkpt lat="59.425353" lon="24.647758">
        <ele>13.8</ele>
        <time>2026-08-23T12:15:36Z</time>
      </trkpt>
      <trkpt lat="59.425355" lon="24.64776">
        <ele>13.8</ele>
        <time>2026-08-23T12:15:37Z</time>
      </trkpt>
      <trkpt lat="59.425355" lon="24.647768">
        <ele>13.8</ele>
        <time>2026-08-23T12:15:38Z</time>
      </trkpt>
      <trkpt lat="59.425358" lon="24.647767">
        <ele>13.8</ele>
        <time>2026-08-23T12:15:39Z</time>
      </trkpt>
      <trkpt lat="59.425356" lon="24.647778">
        <ele>13.8</ele>
        <time>2026-08-23T12:15:40Z</time>
      </trkpt>
      <trkpt lat="59.425363" lon="24.647806">
        <ele>13.8</ele>
        <time>2026-08-23T12:15:41Z</time>
      </trkpt>
      <trkpt lat="59.425372" lon="24.64784">
        <ele>13.8</ele>
        <time>2026-08-23T12:15:42Z</time>
      </trkpt>
      <trkpt lat="59.42538" lon="24.647844">
        <ele>13.8</ele>
        <time>2026-08-23T12:15:43Z</time>
      </trkpt>
      <trkpt lat="59.425373" lon="24.647844">
        <ele>13.8</ele>
        <time>2026-08-23T12:15:44Z</time>
      </trkpt>
      <trkpt lat="59.425388" lon="24.647843">
        <ele>13.8</ele>
        <time>2026-08-23T12:15:45Z</time>
      </trkpt>
      <trkpt lat="59.425399" lon="24.647855">
        <ele>13.8</ele>
        <time>2026-08-23T12:15:46Z</time>
      </trkpt>
      <trkpt lat="59.425409" lon="24.647849">
        <ele>13.8</ele>
        <time>2026-08-23T12:15:47Z</time>
      </trkpt>
      <trkpt lat="59.425424" lon="24.647825">
        <ele>13.8</ele>
        <time>2026-08-23T12:15:48Z</time>
      </trkpt>
      <trkpt lat="59.425442" lon="24.647793">
        <ele>13.8</ele>
        <time>2026-08-23T12:15:49Z</time>
      </trkpt>
      <trkpt lat="59.425445" lon="24.647772">
        <ele>13.8</ele>
        <time>2026-08-23T12:15:50Z</time>
      </trkpt>
      <trkpt lat="59.425449" lon="24.647755">
        <ele>13.9</ele>
        <time>2026-08-23T12:15:51Z</time>
      </trkpt>
      <trkpt lat="59.425452" lon="24.647726">
        <ele>13.9</ele>
        <time>2026-08-23T12:15:52Z</time>
      </trkpt>
      <trkpt lat="59.425449" lon="24.647696">
        <ele>13.9</ele>
        <time>2026-08-23T12:15:53Z</time>
      </trkpt>
      <trkpt lat="59.425454" lon="24.647673">
        <ele>13.9</ele>
        <time>2026-08-23T12:15:54Z</time>
      </trkpt>
      <trkpt lat="59.425455" lon="24.647623">
        <ele>13.9</ele>
        <time>2026-08-23T12:15:55Z</time>
      </trkpt>
      <trkpt lat="59.42545" lon="24.647582">
        <ele>13.9</ele>
        <time>2026-08-23T12:15:56Z</time>
      </trkpt>
      <trkpt lat="59.425452" lon="24.647544">
        <ele>13.9</ele>
        <time>2026-08-23T12:15:57Z</time>
      </trkpt>
      <trkpt lat="59.425449" lon="24.647511">
        <ele>13.9</ele>
        <time>2026-08-23T12:15:58Z</time>
      </trkpt>
      <trkpt lat="59.425444" lon="24.647481">
        <ele>13.9</ele>
        <time>2026-08-23T12:15:59Z</time>
      </trkpt>
      <trkpt lat="59.42545" lon="24.647445">
        <ele>13.9</ele>
        <time>2026-08-23T12:16:00Z</time>
      </trkpt>
      <trkpt lat="59.425461" lon="24.647407">
        <ele>13.9</ele>
        <time>2026-08-23T12:16:01Z</time>
      </trkpt>
      <trkpt lat="59.425471" lon="24.647373">
        <ele>13.9</ele>
        <time>2026-08-23T12:16:02Z</time>
      </trkpt>
      <trkpt lat="59.425473" lon="24.647346">
        <ele>13.9</ele>
        <time>2026-08-23T12:16:03Z</time>
      </trkpt>
      <trkpt lat="59.425471" lon="24.647293">
        <ele>13.9</ele>
        <time>2026-08-23T12:16:04Z</time>
      </trkpt>
      <trkpt lat="59.425471" lon="24.647254">
        <ele>13.9</ele>
        <time>2026-08-23T12:16:05Z</time>
      </trkpt>
      <trkpt lat="59.42547" lon="24.647216">
        <ele>13.9</ele>
        <time>2026-08-23T12:16:06Z</time>
      </trkpt>
      <trkpt lat="59.425473" lon="24.647179">
        <ele>13.9</ele>
        <time>2026-08-23T12:16:07Z</time>
      </trkpt>
      <trkpt lat="59.425484" lon="24.64715">
        <ele>13.9</ele>
        <time>2026-08-23T12:16:08Z</time>
      </trkpt>
      <trkpt lat="59.425469" lon="24.647122">
        <ele>13.9</ele>
        <time>2026-08-23T12:16:09Z</time>
      </trkpt>
      <trkpt lat="59.425459" lon="24.647096">
        <ele>13.9</ele>
        <time>2026-08-23T12:16:10Z</time>
      </trkpt>
      <trkpt lat="59.425448" lon="24.647057">
        <ele>13.9</ele>
        <time>2026-08-23T12:16:11Z</time>
      </trkpt>
      <trkpt lat="59.425441" lon="24.647023">
        <ele>13.9</ele>
        <time>2026-08-23T12:16:12Z</time>
      </trkpt>
      <trkpt lat="59.425438" lon="24.646977">
        <ele>13.9</ele>
        <time>2026-08-23T12:16:13Z</time>
      </trkpt>
      <trkpt lat="59.425434" lon="24.646943">
        <ele>13.9</ele>
        <time>2026-08-23T12:16:14Z</time>
      </trkpt>
      <trkpt lat="59.425429" lon="24.646914">
        <ele>13.9</ele>
        <time>2026-08-23T12:16:15Z</time>
      </trkpt>
      <trkpt lat="59.425426" lon="24.646886">
        <ele>13.9</ele>
        <time>2026-08-23T12:16:16Z</time>
      </trkpt>
      <trkpt lat="59.425422" lon="24.646858">
        <ele>13.9</ele>
        <time>2026-08-23T12:16:17Z</time>
      </trkpt>
      <trkpt lat="59.425415" lon="24.64684">
        <ele>13.9</ele>
        <time>2026-08-23T12:16:18Z</time>
      </trkpt>
      <trkpt lat="59.425408" lon="24.646819">
        <ele>13.9</ele>
        <time>2026-08-23T12:16:19Z</time>
      </trkpt>
      <trkpt lat="59.42541" lon="24.646796">
        <ele>13.9</ele>
        <time>2026-08-23T12:16:20Z</time>
      </trkpt>
      <trkpt lat="59.425413" lon="24.646779">
        <ele>13.9</ele>
        <time>2026-08-23T12:16:21Z</time>
      </trkpt>
      <trkpt lat="59.425408" lon="24.646759">
        <ele>13.9</ele>
        <time>2026-08-23T12:16:22Z</time>
      </trkpt>
      <trkpt lat="59.425402" lon="24.646732">
        <ele>13.9</ele>
        <time>2026-08-23T12:16:23Z</time>
      </trkpt>
      <trkpt lat="59.425399" lon="24.646703">
        <ele>13.9</ele>
        <time>2026-08-23T12:16:24Z</time>
      </trkpt>
      <trkpt lat="59.425398" lon="24.646669">
        <ele>13.9</ele>
        <time>2026-08-23T12:16:25Z</time>
      </trkpt>
      <trkpt lat="59.425401" lon="24.646636">
        <ele>13.9</ele>
        <time>2026-08-23T12:16:26Z</time>
      </trkpt>
      <trkpt lat="59.4254" lon="24.646607">
        <ele>13.9</ele>
        <time>2026-08-23T12:16:27Z</time>
      </trkpt>
      <trkpt lat="59.425399" lon="24.646585">
        <ele>13.9</ele>
        <time>2026-08-23T12:16:28Z</time>
      </trkpt>
      <trkpt lat="59.425395" lon="24.646562">
        <ele>13.9</ele>
        <time>2026-08-23T12:16:29Z</time>
      </trkpt>
      <trkpt lat="59.425397" lon="24.646537">
        <ele>13.9</ele>
        <time>2026-08-23T12:16:30Z</time>
      </trkpt>
      <trkpt lat="59.425394" lon="24.646514">
        <ele>13.9</ele>
        <time>2026-08-23T12:16:31Z</time>
      </trkpt>
      <trkpt lat="59.425388" lon="24.646499">
        <ele>13.9</ele>
        <time>2026-08-23T12:16:32Z</time>
      </trkpt>
      <trkpt lat="59.425388" lon="24.646506">
        <ele>13.9</ele>
        <time>2026-08-23T12:16:33Z</time>
      </trkpt>
      <trkpt lat="59.425385" lon="24.6465">
        <ele>13.9</ele>
        <time>2026-08-23T12:16:34Z</time>
      </trkpt>
      <trkpt lat="59.425381" lon="24.646536">
        <ele>13.9</ele>
        <time>2026-08-23T12:16:35Z</time>
      </trkpt>
      <trkpt lat="59.42538" lon="24.646554">
        <ele>13.9</ele>
        <time>2026-08-23T12:16:36Z</time>
      </trkpt>
      <trkpt lat="59.425381" lon="24.646556">
        <ele>13.9</ele>
        <time>2026-08-23T12:16:37Z</time>
      </trkpt>
      <trkpt lat="59.425382" lon="24.646533">
        <ele>13.9</ele>
        <time>2026-08-23T12:16:38Z</time>
      </trkpt>
      <trkpt lat="59.425379" lon="24.646517">
        <ele>13.9</ele>
        <time>2026-08-23T12:16:39Z</time>
      </trkpt>
      <trkpt lat="59.425375" lon="24.646517">
        <ele>13.9</ele>
        <time>2026-08-23T12:16:40Z</time>
      </trkpt>
      <trkpt lat="59.425379" lon="24.646522">
        <ele>13.9</ele>
        <time>2026-08-23T12:16:41Z</time>
      </trkpt>
      <trkpt lat="59.425386" lon="24.646516">
        <ele>13.9</ele>
        <time>2026-08-23T12:16:42Z</time>
      </trkpt>
      <trkpt lat="59.425385" lon="24.646496">
        <ele>13.9</ele>
        <time>2026-08-23T12:16:43Z</time>
      </trkpt>
      <trkpt lat="59.425382" lon="24.646492">
        <ele>13.9</ele>
        <time>2026-08-23T12:16:44Z</time>
      </trkpt>
      <trkpt lat="59.42538" lon="24.646495">
        <ele>13.9</ele>
        <time>2026-08-23T12:16:45Z</time>
      </trkpt>
      <trkpt lat="59.42538" lon="24.646493">
        <ele>13.9</ele>
        <time>2026-08-23T12:16:46Z</time>
      </trkpt>
      <trkpt lat="59.42538" lon="24.646493">
        <ele>13.9</ele>
        <time>2026-08-23T12:16:48Z</time>
      </trkpt>
      <trkpt lat="59.42538" lon="24.646493">
        <ele>13.9</ele>
        <time>2026-08-23T12:16:50Z</time>
      </trkpt>
      <trkpt lat="59.42538" lon="24.646493">
        <ele>13.9</ele>
        <time>2026-08-23T12:16:51Z</time>
      </trkpt>
      <trkpt lat="59.425375" lon="24.646449">
        <ele>13.9</ele>
        <time>2026-08-23T12:16:53Z</time>
      </trkpt>
      <trkpt lat="59.425376" lon="24.646442">
        <ele>13.9</ele>
        <time>2026-08-23T12:16:54Z</time>
      </trkpt>
      <trkpt lat="59.425377" lon="24.646445">
        <ele>13.9</ele>
        <time>2026-08-23T12:16:55Z</time>
      </trkpt>
      <trkpt lat="59.425376" lon="24.646452">
        <ele>13.9</ele>
        <time>2026-08-23T12:16:56Z</time>
      </trkpt>
      <trkpt lat="59.425379" lon="24.646451">
        <ele>13.9</ele>
        <time>2026-08-23T12:16:57Z</time>
      </trkpt>
      <trkpt lat="59.425378" lon="24.646436">
        <ele>13.9</ele>
        <time>2026-08-23T12:16:58Z</time>
      </trkpt>
      <trkpt lat="59.425376" lon="24.646436">
        <ele>13.9</ele>
        <time>2026-08-23T12:16:59Z</time>
      </trkpt>
      <trkpt lat="59.425382" lon="24.646431">
        <ele>13.9</ele>
        <time>2026-08-23T12:17:00Z</time>
      </trkpt>
      <trkpt lat="59.425381" lon="24.646428">
        <ele>13.9</ele>
        <time>2026-08-23T12:17:01Z</time>
      </trkpt>
      <trkpt lat="59.425378" lon="24.64643">
        <ele>13.9</ele>
        <time>2026-08-23T12:17:02Z</time>
      </trkpt>
      <trkpt lat="59.425375" lon="24.646427">
        <ele>13.9</ele>
        <time>2026-08-23T12:17:03Z</time>
      </trkpt>
      <trkpt lat="59.425377" lon="24.646426">
        <ele>13.9</ele>
        <time>2026-08-23T12:17:04Z</time>
      </trkpt>
      <trkpt lat="59.425378" lon="24.646425">
        <ele>13.9</ele>
        <time>2026-08-23T12:17:05Z</time>
      </trkpt>
      <trkpt lat="59.425379" lon="24.646426">
        <ele>13.9</ele>
        <time>2026-08-23T12:17:06Z</time>
      </trkpt>
      <trkpt lat="59.425378" lon="24.646429">
        <ele>14.0</ele>
        <time>2026-08-23T12:17:07Z</time>
      </trkpt>
      <trkpt lat="59.425376" lon="24.646423">
        <ele>14.0</ele>
        <time>2026-08-23T12:17:08Z</time>
      </trkpt>
      <trkpt lat="59.425376" lon="24.646426">
        <ele>14.0</ele>
        <time>2026-08-23T12:17:09Z</time>
      </trkpt>
      <trkpt lat="59.425375" lon="24.646425">
        <ele>14.0</ele>
        <time>2026-08-23T12:17:10Z</time>
      </trkpt>
      <trkpt lat="59.425373" lon="24.646425">
        <ele>14.0</ele>
        <time>2026-08-23T12:17:11Z</time>
      </trkpt>
      <trkpt lat="59.425368" lon="24.646423">
        <ele>14.0</ele>
        <time>2026-08-23T12:17:12Z</time>
      </trkpt>
      <trkpt lat="59.425365" lon="24.646424">
        <ele>14.0</ele>
        <time>2026-08-23T12:17:13Z</time>
      </trkpt>
      <trkpt lat="59.425361" lon="24.646421">
        <ele>14.0</ele>
        <time>2026-08-23T12:17:14Z</time>
      </trkpt>
      <trkpt lat="59.425359" lon="24.646423">
        <ele>14.0</ele>
        <time>2026-08-23T12:17:15Z</time>
      </trkpt>
      <trkpt lat="59.425356" lon="24.646416">
        <ele>14.0</ele>
        <time>2026-08-23T12:17:16Z</time>
      </trkpt>
      <trkpt lat="59.425358" lon="24.646439">
        <ele>14.0</ele>
        <time>2026-08-23T12:17:17Z</time>
      </trkpt>
      <trkpt lat="59.425356" lon="24.646427">
        <ele>14.0</ele>
        <time>2026-08-23T12:17:18Z</time>
      </trkpt>
      <trkpt lat="59.425351" lon="24.646426">
        <ele>14.0</ele>
        <time>2026-08-23T12:17:19Z</time>
      </trkpt>
      <trkpt lat="59.425349" lon="24.646421">
        <ele>14.0</ele>
        <time>2026-08-23T12:17:20Z</time>
      </trkpt>
      <trkpt lat="59.425348" lon="24.646402">
        <ele>14.0</ele>
        <time>2026-08-23T12:17:21Z</time>
      </trkpt>
      <trkpt lat="59.425351" lon="24.646403">
        <ele>14.0</ele>
        <time>2026-08-23T12:17:22Z</time>
      </trkpt>
      <trkpt lat="59.42535" lon="24.646409">
        <ele>14.0</ele>
        <time>2026-08-23T12:17:23Z</time>
      </trkpt>
      <trkpt lat="59.425349" lon="24.646406">
        <ele>14.0</ele>
        <time>2026-08-23T12:17:24Z</time>
      </trkpt>
      <trkpt lat="59.425349" lon="24.646408">
        <ele>14.0</ele>
        <time>2026-08-23T12:17:25Z</time>
      </trkpt>
      <trkpt lat="59.425349" lon="24.646408">
        <ele>14.0</ele>
        <time>2026-08-23T12:17:26Z</time>
      </trkpt>
      <trkpt lat="59.425349" lon="24.646408">
        <ele>14.0</ele>
        <time>2026-08-23T12:17:27Z</time>
      </trkpt>
      <trkpt lat="59.425346" lon="24.646423">
        <ele>14.0</ele>
        <time>2026-08-23T12:17:28Z</time>
      </trkpt>
      <trkpt lat="59.425346" lon="24.646425">
        <ele>14.0</ele>
        <time>2026-08-23T12:17:29Z</time>
      </trkpt>
      <trkpt lat="59.42535" lon="24.646418">
        <ele>14.0</ele>
        <time>2026-08-23T12:17:30Z</time>
      </trkpt>
      <trkpt lat="59.425354" lon="24.646415">
        <ele>14.0</ele>
        <time>2026-08-23T12:17:31Z</time>
      </trkpt>
      <trkpt lat="59.425352" lon="24.646405">
        <ele>14.0</ele>
        <time>2026-08-23T12:17:32Z</time>
      </trkpt>
      <trkpt lat="59.425352" lon="24.646405">
        <ele>14.0</ele>
        <time>2026-08-23T12:17:33Z</time>
      </trkpt>
      <trkpt lat="59.425352" lon="24.646405">
        <ele>14.0</ele>
        <time>2026-08-23T12:17:34Z</time>
      </trkpt>
      <trkpt lat="59.425352" lon="24.646405">
        <ele>14.0</ele>
        <time>2026-08-23T12:17:35Z</time>
      </trkpt>
      <trkpt lat="59.425356" lon="24.646408">
        <ele>14.0</ele>
        <time>2026-08-23T12:17:36Z</time>
      </trkpt>
      <trkpt lat="59.425356" lon="24.64641">
        <ele>14.0</ele>
        <time>2026-08-23T12:17:37Z</time>
      </trkpt>
      <trkpt lat="59.425353" lon="24.646413">
        <ele>14.0</ele>
        <time>2026-08-23T12:17:38Z</time>
      </trkpt>
      <trkpt lat="59.42535" lon="24.646412">
        <ele>14.0</ele>
        <time>2026-08-23T12:17:39Z</time>
      </trkpt>
      <trkpt lat="59.425345" lon="24.646408">
        <ele>14.0</ele>
        <time>2026-08-23T12:17:40Z</time>
      </trkpt>
      <trkpt lat="59.42534" lon="24.646413">
        <ele>14.0</ele>
        <time>2026-08-23T12:17:41Z</time>
      </trkpt>
      <trkpt lat="59.425341" lon="24.646419">
        <ele>14.0</ele>
        <time>2026-08-23T12:17:42Z</time>
      </trkpt>
      <trkpt lat="59.425343" lon="24.646417">
        <ele>14.0</ele>
        <time>2026-08-23T12:17:43Z</time>
      </trkpt>
      <trkpt lat="59.425344" lon="24.646418">
        <ele>14.0</ele>
        <time>2026-08-23T12:17:44Z</time>
      </trkpt>
      <trkpt lat="59.425345" lon="24.646417">
        <ele>14.0</ele>
        <time>2026-08-23T12:17:45Z</time>
      </trkpt>
      <trkpt lat="59.425346" lon="24.646418">
        <ele>14.0</ele>
        <time>2026-08-23T12:17:46Z</time>
      </trkpt>
      <trkpt lat="59.425346" lon="24.646419">
        <ele>14.0</ele>
        <time>2026-08-23T12:17:47Z</time>
      </trkpt>
      <trkpt lat="59.425347" lon="24.646424">
        <ele>14.0</ele>
        <time>2026-08-23T12:17:48Z</time>
      </trkpt>
      <trkpt lat="59.425355" lon="24.646421">
        <ele>14.0</ele>
        <time>2026-08-23T12:17:49Z</time>
      </trkpt>
      <trkpt lat="59.425364" lon="24.646427">
        <ele>14.0</ele>
        <time>2026-08-23T12:17:50Z</time>
      </trkpt>
      <trkpt lat="59.425367" lon="24.646428">
        <ele>14.0</ele>
        <time>2026-08-23T12:17:51Z</time>
      </trkpt>
      <trkpt lat="59.425364" lon="24.646419">
        <ele>14.0</ele>
        <time>2026-08-23T12:17:52Z</time>
      </trkpt>
      <trkpt lat="59.425366" lon="24.646421">
        <ele>14.0</ele>
        <time>2026-08-23T12:17:53Z</time>
      </trkpt>
      <trkpt lat="59.425365" lon="24.646414">
        <ele>14.0</ele>
        <time>2026-08-23T12:17:54Z</time>
      </trkpt>
      <trkpt lat="59.425368" lon="24.646411">
        <ele>14.0</ele>
        <time>2026-08-23T12:17:55Z</time>
      </trkpt>
      <trkpt lat="59.425375" lon="24.64641">
        <ele>14.0</ele>
        <time>2026-08-23T12:17:56Z</time>
      </trkpt>
      <trkpt lat="59.425383" lon="24.646406">
        <ele>14.0</ele>
        <time>2026-08-23T12:17:57Z</time>
      </trkpt>
      <trkpt lat="59.42539" lon="24.646403">
        <ele>14.0</ele>
        <time>2026-08-23T12:17:58Z</time>
      </trkpt>
      <trkpt lat="59.425395" lon="24.646399">
        <ele>14.0</ele>
        <time>2026-08-23T12:17:59Z</time>
      </trkpt>
      <trkpt lat="59.425399" lon="24.646397">
        <ele>14.0</ele>
        <time>2026-08-23T12:18:00Z</time>
      </trkpt>
      <trkpt lat="59.425405" lon="24.646396">
        <ele>14.0</ele>
        <time>2026-08-23T12:18:01Z</time>
      </trkpt>
      <trkpt lat="59.425412" lon="24.646399">
        <ele>14.0</ele>
        <time>2026-08-23T12:18:02Z</time>
      </trkpt>
      <trkpt lat="59.425414" lon="24.646395">
        <ele>14.0</ele>
        <time>2026-08-23T12:18:03Z</time>
      </trkpt>
      <trkpt lat="59.425416" lon="24.646385">
        <ele>14.0</ele>
        <time>2026-08-23T12:18:04Z</time>
      </trkpt>
      <trkpt lat="59.425442" lon="24.646366">
        <ele>14.0</ele>
        <time>2026-08-23T12:18:05Z</time>
      </trkpt>
      <trkpt lat="59.425442" lon="24.646373">
        <ele>14.0</ele>
        <time>2026-08-23T12:18:06Z</time>
      </trkpt>
      <trkpt lat="59.42545" lon="24.64638">
        <ele>14.0</ele>
        <time>2026-08-23T12:18:07Z</time>
      </trkpt>
      <trkpt lat="59.425471" lon="24.6464">
        <ele>14.0</ele>
        <time>2026-08-23T12:18:08Z</time>
      </trkpt>
      <trkpt lat="59.42548" lon="24.646426">
        <ele>14.0</ele>
        <time>2026-08-23T12:18:09Z</time>
      </trkpt>
      <trkpt lat="59.425483" lon="24.646424">
        <ele>14.0</ele>
        <time>2026-08-23T12:18:10Z</time>
      </trkpt>
      <trkpt lat="59.425481" lon="24.64642">
        <ele>14.0</ele>
        <time>2026-08-23T12:18:11Z</time>
      </trkpt>
      <trkpt lat="59.425476" lon="24.646418">
        <ele>14.0</ele>
        <time>2026-08-23T12:18:12Z</time>
      </trkpt>
      <trkpt lat="59.425479" lon="24.646423">
        <ele>14.0</ele>
        <time>2026-08-23T12:18:13Z</time>
      </trkpt>
      <trkpt lat="59.425474" lon="24.646432">
        <ele>14.0</ele>
        <time>2026-08-23T12:18:14Z</time>
      </trkpt>
      <trkpt lat="59.425483" lon="24.646435">
        <ele>14.0</ele>
        <time>2026-08-23T12:18:15Z</time>
      </trkpt>
      <trkpt lat="59.425484" lon="24.646452">
        <ele>14.0</ele>
        <time>2026-08-23T12:18:16Z</time>
      </trkpt>
      <trkpt lat="59.425496" lon="24.646458">
        <ele>14.0</ele>
        <time>2026-08-23T12:18:17Z</time>
      </trkpt>
      <trkpt lat="59.425514" lon="24.646452">
        <ele>14.0</ele>
        <time>2026-08-23T12:18:18Z</time>
      </trkpt>
      <trkpt lat="59.425525" lon="24.646457">
        <ele>14.0</ele>
        <time>2026-08-23T12:18:19Z</time>
      </trkpt>
      <trkpt lat="59.425536" lon="24.646461">
        <ele>14.0</ele>
        <time>2026-08-23T12:18:20Z</time>
      </trkpt>
      <trkpt lat="59.425542" lon="24.646459">
        <ele>14.0</ele>
        <time>2026-08-23T12:18:21Z</time>
      </trkpt>
      <trkpt lat="59.425541" lon="24.64646">
        <ele>14.0</ele>
        <time>2026-08-23T12:18:22Z</time>
      </trkpt>
      <trkpt lat="59.425528" lon="24.646454">
        <ele>14.0</ele>
        <time>2026-08-23T12:18:23Z</time>
      </trkpt>
      <trkpt lat="59.425529" lon="24.646457">
        <ele>14.0</ele>
        <time>2026-08-23T12:18:24Z</time>
      </trkpt>
      <trkpt lat="59.425534" lon="24.646465">
        <ele>14.0</ele>
        <time>2026-08-23T12:18:25Z</time>
      </trkpt>
      <trkpt lat="59.425542" lon="24.646476">
        <ele>14.0</ele>
        <time>2026-08-23T12:18:26Z</time>
      </trkpt>
      <trkpt lat="59.425542" lon="24.646476">
        <ele>14.0</ele>
        <time>2026-08-23T12:18:28Z</time>
      </trkpt>
      <trkpt lat="59.425531" lon="24.646492">
        <ele>14.0</ele>
        <time>2026-08-23T12:18:30Z</time>
      </trkpt>
      <trkpt lat="59.425533" lon="24.646515">
        <ele>14.0</ele>
        <time>2026-08-23T12:18:31Z</time>
      </trkpt>
      <trkpt lat="59.425534" lon="24.646524">
        <ele>14.0</ele>
        <time>2026-08-23T12:18:32Z</time>
      </trkpt>
      <trkpt lat="59.425534" lon="24.646527">
        <ele>14.0</ele>
        <time>2026-08-23T12:18:33Z</time>
      </trkpt>
      <trkpt lat="59.425534" lon="24.646526">
        <ele>14.0</ele>
        <time>2026-08-23T12:18:34Z</time>
      </trkpt>
      <trkpt lat="59.425532" lon="24.646535">
        <ele>14.0</ele>
        <time>2026-08-23T12:18:35Z</time>
      </trkpt>
      <trkpt lat="59.425529" lon="24.646544">
        <ele>14.0</ele>
        <time>2026-08-23T12:18:36Z</time>
      </trkpt>
      <trkpt lat="59.425527" lon="24.646549">
        <ele>14.0</ele>
        <time>2026-08-23T12:18:37Z</time>
      </trkpt>
      <trkpt lat="59.425527" lon="24.646548">
        <ele>14.0</ele>
        <time>2026-08-23T12:18:38Z</time>
      </trkpt>
      <trkpt lat="59.425528" lon="24.646552">
        <ele>14.0</ele>
        <time>2026-08-23T12:18:39Z</time>
      </trkpt>
      <trkpt lat="59.42552" lon="24.646553">
        <ele>14.0</ele>
        <time>2026-08-23T12:18:40Z</time>
      </trkpt>
      <trkpt lat="59.425516" lon="24.646547">
        <ele>14.0</ele>
        <time>2026-08-23T12:18:41Z</time>
      </trkpt>
      <trkpt lat="59.425518" lon="24.646553">
        <ele>14.0</ele>
        <time>2026-08-23T12:18:42Z</time>
      </trkpt>
      <trkpt lat="59.425517" lon="24.646554">
        <ele>14.0</ele>
        <time>2026-08-23T12:18:43Z</time>
      </trkpt>
      <trkpt lat="59.425517" lon="24.646559">
        <ele>14.0</ele>
        <time>2026-08-23T12:18:44Z</time>
      </trkpt>
      <trkpt lat="59.425519" lon="24.646574">
        <ele>14.0</ele>
        <time>2026-08-23T12:18:45Z</time>
      </trkpt>
      <trkpt lat="59.425522" lon="24.646589">
        <ele>14.0</ele>
        <time>2026-08-23T12:18:46Z</time>
      </trkpt>
      <trkpt lat="59.425525" lon="24.646595">
        <ele>14.0</ele>
        <time>2026-08-23T12:18:47Z</time>
      </trkpt>
      <trkpt lat="59.425528" lon="24.646591">
        <ele>14.0</ele>
        <time>2026-08-23T12:18:48Z</time>
      </trkpt>
      <trkpt lat="59.425534" lon="24.6466">
        <ele>14.0</ele>
        <time>2026-08-23T12:18:49Z</time>
      </trkpt>
      <trkpt lat="59.425534" lon="24.646591">
        <ele>14.0</ele>
        <time>2026-08-23T12:18:50Z</time>
      </trkpt>
      <trkpt lat="59.425543" lon="24.646608">
        <ele>14.0</ele>
        <time>2026-08-23T12:18:51Z</time>
      </trkpt>
      <trkpt lat="59.425538" lon="24.646606">
        <ele>14.0</ele>
        <time>2026-08-23T12:18:52Z</time>
      </trkpt>
      <trkpt lat="59.425538" lon="24.646617">
        <ele>14.0</ele>
        <time>2026-08-23T12:18:53Z</time>
      </trkpt>
      <trkpt lat="59.425536" lon="24.646617">
        <ele>14.0</ele>
        <time>2026-08-23T12:18:54Z</time>
      </trkpt>
      <trkpt lat="59.425537" lon="24.646618">
        <ele>14.0</ele>
        <time>2026-08-23T12:18:55Z</time>
      </trkpt>
      <trkpt lat="59.425537" lon="24.646615">
        <ele>14.0</ele>
        <time>2026-08-23T12:18:56Z</time>
      </trkpt>
      <trkpt lat="59.425537" lon="24.646615">
        <ele>14.0</ele>
        <time>2026-08-23T12:18:57Z</time>
      </trkpt>
      <trkpt lat="59.425537" lon="24.646615">
        <ele>14.0</ele>
        <time>2026-08-23T12:18:58Z</time>
      </trkpt>
      <trkpt lat="59.425537" lon="24.646615">
        <ele>14.0</ele>
        <time>2026-08-23T12:18:59Z</time>
      </trkpt>
      <trkpt lat="59.425537" lon="24.646615">
        <ele>14.0</ele>
        <time>2026-08-23T12:19:00Z</time>
      </trkpt>
      <trkpt lat="59.425537" lon="24.646615">
        <ele>14.0</ele>
        <time>2026-08-23T12:19:01Z</time>
      </trkpt>
      <trkpt lat="59.425537" lon="24.646615">
        <ele>14.0</ele>
        <time>2026-08-23T12:19:02Z</time>
      </trkpt>
      <trkpt lat="59.425537" lon="24.646615">
        <ele>14.0</ele>
        <time>2026-08-23T12:19:03Z</time>
      </trkpt>
      <trkpt lat="59.425537" lon="24.646615">
        <ele>14.0</ele>
        <time>2026-08-23T12:19:04Z</time>
      </trkpt>
      <trkpt lat="59.425537" lon="24.646615">
        <ele>14.0</ele>
        <time>2026-08-23T12:19:05Z</time>
      </trkpt>
      <trkpt lat="59.425526" lon="24.646632">
        <ele>14.0</ele>
        <time>2026-08-23T12:19:06Z</time>
      </trkpt>
      <trkpt lat="59.425526" lon="24.646632">
        <ele>14.0</ele>
        <time>2026-08-23T12:19:07Z</time>
      </trkpt>
      <trkpt lat="59.425526" lon="24.646632">
        <ele>14.0</ele>
        <time>2026-08-23T12:19:08Z</time>
      </trkpt>
      <trkpt lat="59.425526" lon="24.646632">
        <ele>14.0</ele>
        <time>2026-08-23T12:19:09Z</time>
      </trkpt>
      <trkpt lat="59.425526" lon="24.646632">
        <ele>14.0</ele>
        <time>2026-08-23T12:19:10Z</time>
      </trkpt>
      <trkpt lat="59.425513" lon="24.646634">
        <ele>14.0</ele>
        <time>2026-08-23T12:19:11Z</time>
      </trkpt>
      <trkpt lat="59.42551" lon="24.646633">
        <ele>14.0</ele>
        <time>2026-08-23T12:19:12Z</time>
      </trkpt>
      <trkpt lat="59.42551" lon="24.646633">
        <ele>14.0</ele>
        <time>2026-08-23T12:19:13Z</time>
      </trkpt>
      <trkpt lat="59.42551" lon="24.646633">
        <ele>14.0</ele>
        <time>2026-08-23T12:19:14Z</time>
      </trkpt>
      <trkpt lat="59.42551" lon="24.646633">
        <ele>14.0</ele>
        <time>2026-08-23T12:19:15Z</time>
      </trkpt>
      <trkpt lat="59.42551" lon="24.646629">
        <ele>14.0</ele>
        <time>2026-08-23T12:19:16Z</time>
      </trkpt>
      <trkpt lat="59.425513" lon="24.64663">
        <ele>14.0</ele>
        <time>2026-08-23T12:19:17Z</time>
      </trkpt>
      <trkpt lat="59.425514" lon="24.64663">
        <ele>14.0</ele>
        <time>2026-08-23T12:19:18Z</time>
      </trkpt>
      <trkpt lat="59.425515" lon="24.646629">
        <ele>14.0</ele>
        <time>2026-08-23T12:19:19Z</time>
      </trkpt>
      <trkpt lat="59.425513" lon="24.646625">
        <ele>14.0</ele>
        <time>2026-08-23T12:19:20Z</time>
      </trkpt>
      <trkpt lat="59.425513" lon="24.646624">
        <ele>14.0</ele>
        <time>2026-08-23T12:19:21Z</time>
      </trkpt>
      <trkpt lat="59.425513" lon="24.646622">
        <ele>14.0</ele>
        <time>2026-08-23T12:19:22Z</time>
      </trkpt>
      <trkpt lat="59.425511" lon="24.646621">
        <ele>14.0</ele>
        <time>2026-08-23T12:19:23Z</time>
      </trkpt>
      <trkpt lat="59.425511" lon="24.646617">
        <ele>14.0</ele>
        <time>2026-08-23T12:19:24Z</time>
      </trkpt>
      <trkpt lat="59.425511" lon="24.646623">
        <ele>14.0</ele>
        <time>2026-08-23T12:19:25Z</time>
      </trkpt>
      <trkpt lat="59.425513" lon="24.646628">
        <ele>14.0</ele>
        <time>2026-08-23T12:19:26Z</time>
      </trkpt>
      <trkpt lat="59.425513" lon="24.646628">
        <ele>14.0</ele>
        <time>2026-08-23T12:19:27Z</time>
      </trkpt>
      <trkpt lat="59.425518" lon="24.646639">
        <ele>14.0</ele>
        <time>2026-08-23T12:19:28Z</time>
      </trkpt>
      <trkpt lat="59.425519" lon="24.646638">
        <ele>14.0</ele>
        <time>2026-08-23T12:19:29Z</time>
      </trkpt>
      <trkpt lat="59.425519" lon="24.646638">
        <ele>14.0</ele>
        <time>2026-08-23T12:19:30Z</time>
      </trkpt>
      <trkpt lat="59.425519" lon="24.646638">
        <ele>14.0</ele>
        <time>2026-08-23T12:19:31Z</time>
      </trkpt>
      <trkpt lat="59.425519" lon="24.646638">
        <ele>14.0</ele>
        <time>2026-08-23T12:19:32Z</time>
      </trkpt>
      <trkpt lat="59.425519" lon="24.646638">
        <ele>14.0</ele>
        <time>2026-08-23T12:19:33Z</time>
      </trkpt>
      <trkpt lat="59.425519" lon="24.646638">
        <ele>14.0</ele>
        <time>2026-08-23T12:19:34Z</time>
      </trkpt>
      <trkpt lat="59.425519" lon="24.646638">
        <ele>14.0</ele>
        <time>2026-08-23T12:19:35Z</time>
      </trkpt>
      <trkpt lat="59.425519" lon="24.646638">
        <ele>14.0</ele>
        <time>2026-08-23T12:19:36Z</time>
      </trkpt>
      <trkpt lat="59.425519" lon="24.646638">
        <ele>14.0</ele>
        <time>2026-08-23T12:19:37Z</time>
      </trkpt>
      <trkpt lat="59.425519" lon="24.646638">
        <ele>14.0</ele>
        <time>2026-08-23T12:19:38Z</time>
      </trkpt>
      <trkpt lat="59.425527" lon="24.646658">
        <ele>14.0</ele>
        <time>2026-08-23T12:19:39Z</time>
      </trkpt>
      <trkpt lat="59.425522" lon="24.646655">
        <ele>14.0</ele>
        <time>2026-08-23T12:19:40Z</time>
      </trkpt>
      <trkpt lat="59.425517" lon="24.646657">
        <ele>14.0</ele>
        <time>2026-08-23T12:19:41Z</time>
      </trkpt>
      <trkpt lat="59.425517" lon="24.646655">
        <ele>14.0</ele>
        <time>2026-08-23T12:19:42Z</time>
      </trkpt>
      <trkpt lat="59.425517" lon="24.646655">
        <ele>14.0</ele>
        <time>2026-08-23T12:19:43Z</time>
      </trkpt>
      <trkpt lat="59.425517" lon="24.646655">
        <ele>14.0</ele>
        <time>2026-08-23T12:19:44Z</time>
      </trkpt>
      <trkpt lat="59.425517" lon="24.646655">
        <ele>14.0</ele>
        <time>2026-08-23T12:19:45Z</time>
      </trkpt>
      <trkpt lat="59.425517" lon="24.646655">
        <ele>14.0</ele>
        <time>2026-08-23T12:19:46Z</time>
      </trkpt>
      <trkpt lat="59.425497" lon="24.646659">
        <ele>14.0</ele>
        <time>2026-08-23T12:19:47Z</time>
      </trkpt>
      <trkpt lat="59.425497" lon="24.646659">
        <ele>14.0</ele>
        <time>2026-08-23T12:19:48Z</time>
      </trkpt>
      <trkpt lat="59.425499" lon="24.646659">
        <ele>14.0</ele>
        <time>2026-08-23T12:19:49Z</time>
      </trkpt>
      <trkpt lat="59.425499" lon="24.646658">
        <ele>14.0</ele>
        <time>2026-08-23T12:19:50Z</time>
      </trkpt>
      <trkpt lat="59.42551" lon="24.646663">
        <ele>14.0</ele>
        <time>2026-08-23T12:19:51Z</time>
      </trkpt>
      <trkpt lat="59.425513" lon="24.646664">
        <ele>14.0</ele>
        <time>2026-08-23T12:19:52Z</time>
      </trkpt>
      <trkpt lat="59.425516" lon="24.646659">
        <ele>14.0</ele>
        <time>2026-08-23T12:19:53Z</time>
      </trkpt>
      <trkpt lat="59.425519" lon="24.646653">
        <ele>14.0</ele>
        <time>2026-08-23T12:19:54Z</time>
      </trkpt>
      <trkpt lat="59.42552" lon="24.646651">
        <ele>14.0</ele>
        <time>2026-08-23T12:19:55Z</time>
      </trkpt>
      <trkpt lat="59.425525" lon="24.646649">
        <ele>14.0</ele>
        <time>2026-08-23T12:19:56Z</time>
      </trkpt>
      <trkpt lat="59.425526" lon="24.646641">
        <ele>14.0</ele>
        <time>2026-08-23T12:19:57Z</time>
      </trkpt>
      <trkpt lat="59.425526" lon="24.646636">
        <ele>14.0</ele>
        <time>2026-08-23T12:19:58Z</time>
      </trkpt>
      <trkpt lat="59.42553" lon="24.646636">
        <ele>14.0</ele>
        <time>2026-08-23T12:19:59Z</time>
      </trkpt>
      <trkpt lat="59.42553" lon="24.646631">
        <ele>14.0</ele>
        <time>2026-08-23T12:20:00Z</time>
      </trkpt>
      <trkpt lat="59.425531" lon="24.64663">
        <ele>14.0</ele>
        <time>2026-08-23T12:20:01Z</time>
      </trkpt>
      <trkpt lat="59.425535" lon="24.646632">
        <ele>14.0</ele>
        <time>2026-08-23T12:20:02Z</time>
      </trkpt>
      <trkpt lat="59.425537" lon="24.646634">
        <ele>14.0</ele>
        <time>2026-08-23T12:20:03Z</time>
      </trkpt>
      <trkpt lat="59.42554" lon="24.646636">
        <ele>14.0</ele>
        <time>2026-08-23T12:20:04Z</time>
      </trkpt>
      <trkpt lat="59.42554" lon="24.646636">
        <ele>14.0</ele>
        <time>2026-08-23T12:20:05Z</time>
      </trkpt>
      <trkpt lat="59.42554" lon="24.646636">
        <ele>14.0</ele>
        <time>2026-08-23T12:20:06Z</time>
      </trkpt>
      <trkpt lat="59.425543" lon="24.646642">
        <ele>14.0</ele>
        <time>2026-08-23T12:20:07Z</time>
      </trkpt>
      <trkpt lat="59.425543" lon="24.646641">
        <ele>14.0</ele>
        <time>2026-08-23T12:20:08Z</time>
      </trkpt>
      <trkpt lat="59.425543" lon="24.646641">
        <ele>14.0</ele>
        <time>2026-08-23T12:20:09Z</time>
      </trkpt>
      <trkpt lat="59.425543" lon="24.646641">
        <ele>14.0</ele>
        <time>2026-08-23T12:20:10Z</time>
      </trkpt>
      <trkpt lat="59.425543" lon="24.646641">
        <ele>14.0</ele>
        <time>2026-08-23T12:20:11Z</time>
      </trkpt>
      <trkpt lat="59.425543" lon="24.646641">
        <ele>14.0</ele>
        <time>2026-08-23T12:20:12Z</time>
      </trkpt>
      <trkpt lat="59.425544" lon="24.646644">
        <ele>14.0</ele>
        <time>2026-08-23T12:20:13Z</time>
      </trkpt>
      <trkpt lat="59.425544" lon="24.646644">
        <ele>14.0</ele>
        <time>2026-08-23T12:20:14Z</time>
      </trkpt>
      <trkpt lat="59.425544" lon="24.646644">
        <ele>14.0</ele>
        <time>2026-08-23T12:20:15Z</time>
      </trkpt>
      <trkpt lat="59.425544" lon="24.646646">
        <ele>14.0</ele>
        <time>2026-08-23T12:20:16Z</time>
      </trkpt>
      <trkpt lat="59.425543" lon="24.646641">
        <ele>14.0</ele>
        <time>2026-08-23T12:20:17Z</time>
      </trkpt>
      <trkpt lat="59.425542" lon="24.646638">
        <ele>14.0</ele>
        <time>2026-08-23T12:20:18Z</time>
      </trkpt>
      <trkpt lat="59.425542" lon="24.646638">
        <ele>14.0</ele>
        <time>2026-08-23T12:20:19Z</time>
      </trkpt>
      <trkpt lat="59.425544" lon="24.646645">
        <ele>14.0</ele>
        <time>2026-08-23T12:20:20Z</time>
      </trkpt>
      <trkpt lat="59.425544" lon="24.646645">
        <ele>14.0</ele>
        <time>2026-08-23T12:20:21Z</time>
      </trkpt>
      <trkpt lat="59.425543" lon="24.646647">
        <ele>14.0</ele>
        <time>2026-08-23T12:20:22Z</time>
      </trkpt>
      <trkpt lat="59.425543" lon="24.646646">
        <ele>14.0</ele>
        <time>2026-08-23T12:20:23Z</time>
      </trkpt>
      <trkpt lat="59.425543" lon="24.646646">
        <ele>14.0</ele>
        <time>2026-08-23T12:20:24Z</time>
      </trkpt>
      <trkpt lat="59.425544" lon="24.646642">
        <ele>14.0</ele>
        <time>2026-08-23T12:20:25Z</time>
      </trkpt>
      <trkpt lat="59.425544" lon="24.646642">
        <ele>14.0</ele>
        <time>2026-08-23T12:20:26Z</time>
      </trkpt>
      <trkpt lat="59.425544" lon="24.646642">
        <ele>14.0</ele>
        <time>2026-08-23T12:20:27Z</time>
      </trkpt>
      <trkpt lat="59.425544" lon="24.646642">
        <ele>14.0</ele>
        <time>2026-08-23T12:20:28Z</time>
      </trkpt>
      <trkpt lat="59.425542" lon="24.646631">
        <ele>14.0</ele>
        <time>2026-08-23T12:20:29Z</time>
      </trkpt>
      <trkpt lat="59.425541" lon="24.646627">
        <ele>14.0</ele>
        <time>2026-08-23T12:20:30Z</time>
      </trkpt>
      <trkpt lat="59.42554" lon="24.646617">
        <ele>14.0</ele>
        <time>2026-08-23T12:20:31Z</time>
      </trkpt>
      <trkpt lat="59.425539" lon="24.646611">
        <ele>14.0</ele>
        <time>2026-08-23T12:20:32Z</time>
      </trkpt>
      <trkpt lat="59.425543" lon="24.646622">
        <ele>14.0</ele>
        <time>2026-08-23T12:20:33Z</time>
      </trkpt>
      <trkpt lat="59.425546" lon="24.646625">
        <ele>14.0</ele>
        <time>2026-08-23T12:20:34Z</time>
      </trkpt>
      <trkpt lat="59.42555" lon="24.646628">
        <ele>14.0</ele>
        <time>2026-08-23T12:20:35Z</time>
      </trkpt>
      <trkpt lat="59.425552" lon="24.646626">
        <ele>14.0</ele>
        <time>2026-08-23T12:20:36Z</time>
      </trkpt>
      <trkpt lat="59.425554" lon="24.646623">
        <ele>14.0</ele>
        <time>2026-08-23T12:20:37Z</time>
      </trkpt>
      <trkpt lat="59.425554" lon="24.646619">
        <ele>14.0</ele>
        <time>2026-08-23T12:20:38Z</time>
      </trkpt>
      <trkpt lat="59.425554" lon="24.646616">
        <ele>14.0</ele>
        <time>2026-08-23T12:20:39Z</time>
      </trkpt>
      <trkpt lat="59.425552" lon="24.646614">
        <ele>14.0</ele>
        <time>2026-08-23T12:20:40Z</time>
      </trkpt>
      <trkpt lat="59.425552" lon="24.64661">
        <ele>14.0</ele>
        <time>2026-08-23T12:20:41Z</time>
      </trkpt>
      <trkpt lat="59.425556" lon="24.646614">
        <ele>14.0</ele>
        <time>2026-08-23T12:20:42Z</time>
      </trkpt>
      <trkpt lat="59.425556" lon="24.646614">
        <ele>14.0</ele>
        <time>2026-08-23T12:20:43Z</time>
      </trkpt>
      <trkpt lat="59.425556" lon="24.646614">
        <ele>14.0</ele>
        <time>2026-08-23T12:20:44Z</time>
      </trkpt>
      <trkpt lat="59.425556" lon="24.646614">
        <ele>14.0</ele>
        <time>2026-08-23T12:20:45Z</time>
      </trkpt>
      <trkpt lat="59.425556" lon="24.646614">
        <ele>14.0</ele>
        <time>2026-08-23T12:20:46Z</time>
      </trkpt>
      <trkpt lat="59.425556" lon="24.646614">
        <ele>14.0</ele>
        <time>2026-08-23T12:20:47Z</time>
      </trkpt>
      <trkpt lat="59.425556" lon="24.646614">
        <ele>14.0</ele>
        <time>2026-08-23T12:20:48Z</time>
      </trkpt>
      <trkpt lat="59.425556" lon="24.646614">
        <ele>14.0</ele>
        <time>2026-08-23T12:20:49Z</time>
      </trkpt>
      <trkpt lat="59.425556" lon="24.646614">
        <ele>14.0</ele>
        <time>2026-08-23T12:20:50Z</time>
      </trkpt>
      <trkpt lat="59.425556" lon="24.646614">
        <ele>14.0</ele>
        <time>2026-08-23T12:20:51Z</time>
      </trkpt>
      <trkpt lat="59.42557" lon="24.646614">
        <ele>14.0</ele>
        <time>2026-08-23T12:20:52Z</time>
      </trkpt>
      <trkpt lat="59.425571" lon="24.646616">
        <ele>14.0</ele>
        <time>2026-08-23T12:20:53Z</time>
      </trkpt>
      <trkpt lat="59.425572" lon="24.646625">
        <ele>14.0</ele>
        <time>2026-08-23T12:20:54Z</time>
      </trkpt>
      <trkpt lat="59.42557" lon="24.646627">
        <ele>14.0</ele>
        <time>2026-08-23T12:20:55Z</time>
      </trkpt>
      <trkpt lat="59.42557" lon="24.646639">
        <ele>14.0</ele>
        <time>2026-08-23T12:20:56Z</time>
      </trkpt>
      <trkpt lat="59.425573" lon="24.646643">
        <ele>14.0</ele>
        <time>2026-08-23T12:20:57Z</time>
      </trkpt>
      <trkpt lat="59.425567" lon="24.646644">
        <ele>14.0</ele>
        <time>2026-08-23T12:20:58Z</time>
      </trkpt>
      <trkpt lat="59.425567" lon="24.646647">
        <ele>14.0</ele>
        <time>2026-08-23T12:20:59Z</time>
      </trkpt>
      <trkpt lat="59.425564" lon="24.646663">
        <ele>14.0</ele>
        <time>2026-08-23T12:21:00Z</time>
      </trkpt>
      <trkpt lat="59.425564" lon="24.646647">
        <ele>14.0</ele>
        <time>2026-08-23T12:21:01Z</time>
      </trkpt>
      <trkpt lat="59.425565" lon="24.646666">
        <ele>14.0</ele>
        <time>2026-08-23T12:21:02Z</time>
      </trkpt>
      <trkpt lat="59.425582" lon="24.646669">
        <ele>14.0</ele>
        <time>2026-08-23T12:21:03Z</time>
      </trkpt>
      <trkpt lat="59.425587" lon="24.646668">
        <ele>14.0</ele>
        <time>2026-08-23T12:21:04Z</time>
      </trkpt>
      <trkpt lat="59.425584" lon="24.646666">
        <ele>14.0</ele>
        <time>2026-08-23T12:21:05Z</time>
      </trkpt>
      <trkpt lat="59.425579" lon="24.646665">
        <ele>14.0</ele>
        <time>2026-08-23T12:21:06Z</time>
      </trkpt>
      <trkpt lat="59.425584" lon="24.646658">
        <ele>14.0</ele>
        <time>2026-08-23T12:21:07Z</time>
      </trkpt>
      <trkpt lat="59.425583" lon="24.646656">
        <ele>14.0</ele>
        <time>2026-08-23T12:21:08Z</time>
      </trkpt>
      <trkpt lat="59.425583" lon="24.646656">
        <ele>14.0</ele>
        <time>2026-08-23T12:21:09Z</time>
      </trkpt>
      <trkpt lat="59.425584" lon="24.64665">
        <ele>14.0</ele>
        <time>2026-08-23T12:21:10Z</time>
      </trkpt>
      <trkpt lat="59.425586" lon="24.646645">
        <ele>14.0</ele>
        <time>2026-08-23T12:21:11Z</time>
      </trkpt>
      <trkpt lat="59.425586" lon="24.646645">
        <ele>14.0</ele>
        <time>2026-08-23T12:21:12Z</time>
      </trkpt>
      <trkpt lat="59.425586" lon="24.646645">
        <ele>14.0</ele>
        <time>2026-08-23T12:21:13Z</time>
      </trkpt>
      <trkpt lat="59.425586" lon="24.646645">
        <ele>14.0</ele>
        <time>2026-08-23T12:21:14Z</time>
      </trkpt>
      <trkpt lat="59.425586" lon="24.646645">
        <ele>14.0</ele>
        <time>2026-08-23T12:21:15Z</time>
      </trkpt>
      <trkpt lat="59.425586" lon="24.646645">
        <ele>14.0</ele>
        <time>2026-08-23T12:21:16Z</time>
      </trkpt>
      <trkpt lat="59.425586" lon="24.646645">
        <ele>14.0</ele>
        <time>2026-08-23T12:21:17Z</time>
      </trkpt>
      <trkpt lat="59.425586" lon="24.646645">
        <ele>14.0</ele>
        <time>2026-08-23T12:21:18Z</time>
      </trkpt>
      <trkpt lat="59.425586" lon="24.646645">
        <ele>14.0</ele>
        <time>2026-08-23T12:21:19Z</time>
      </trkpt>
      <trkpt lat="59.425586" lon="24.646645">
        <ele>14.0</ele>
        <time>2026-08-23T12:21:20Z</time>
      </trkpt>
      <trkpt lat="59.425568" lon="24.646622">
        <ele>14.0</ele>
        <time>2026-08-23T12:21:21Z</time>
      </trkpt>
      <trkpt lat="59.425565" lon="24.646619">
        <ele>14.0</ele>
        <time>2026-08-23T12:21:22Z</time>
      </trkpt>
      <trkpt lat="59.425568" lon="24.646621">
        <ele>14.0</ele>
        <time>2026-08-23T12:21:23Z</time>
      </trkpt>
      <trkpt lat="59.425567" lon="24.646623">
        <ele>14.0</ele>
        <time>2026-08-23T12:21:24Z</time>
      </trkpt>
      <trkpt lat="59.425568" lon="24.646626">
        <ele>14.0</ele>
        <time>2026-08-23T12:21:25Z</time>
      </trkpt>
      <trkpt lat="59.425568" lon="24.646625">
        <ele>14.0</ele>
        <time>2026-08-23T12:21:26Z</time>
      </trkpt>
      <trkpt lat="59.425568" lon="24.646625">
        <ele>14.0</ele>
        <time>2026-08-23T12:21:27Z</time>
      </trkpt>
      <trkpt lat="59.425567" lon="24.646628">
        <ele>14.0</ele>
        <time>2026-08-23T12:21:28Z</time>
      </trkpt>
      <trkpt lat="59.425568" lon="24.646632">
        <ele>14.0</ele>
        <time>2026-08-23T12:21:29Z</time>
      </trkpt>
      <trkpt lat="59.425568" lon="24.646632">
        <ele>14.0</ele>
        <time>2026-08-23T12:21:30Z</time>
      </trkpt>
      <trkpt lat="59.425569" lon="24.646641">
        <ele>14.0</ele>
        <time>2026-08-23T12:21:31Z</time>
      </trkpt>
      <trkpt lat="59.425568" lon="24.646641">
        <ele>14.0</ele>
        <time>2026-08-23T12:21:32Z</time>
      </trkpt>
      <trkpt lat="59.425566" lon="24.646648">
        <ele>14.0</ele>
        <time>2026-08-23T12:21:33Z</time>
      </trkpt>
      <trkpt lat="59.425566" lon="24.646653">
        <ele>14.0</ele>
        <time>2026-08-23T12:21:34Z</time>
      </trkpt>
      <trkpt lat="59.425566" lon="24.646652">
        <ele>14.0</ele>
        <time>2026-08-23T12:21:35Z</time>
      </trkpt>
      <trkpt lat="59.425566" lon="24.646652">
        <ele>14.0</ele>
        <time>2026-08-23T12:21:36Z</time>
      </trkpt>
      <trkpt lat="59.42557" lon="24.646658">
        <ele>14.0</ele>
        <time>2026-08-23T12:21:37Z</time>
      </trkpt>
      <trkpt lat="59.42557" lon="24.646658">
        <ele>14.0</ele>
        <time>2026-08-23T12:21:38Z</time>
      </trkpt>
      <trkpt lat="59.425571" lon="24.646657">
        <ele>14.0</ele>
        <time>2026-08-23T12:21:39Z</time>
      </trkpt>
      <trkpt lat="59.425571" lon="24.646656">
        <ele>14.0</ele>
        <time>2026-08-23T12:21:40Z</time>
      </trkpt>
      <trkpt lat="59.425571" lon="24.646656">
        <ele>14.0</ele>
        <time>2026-08-23T12:21:41Z</time>
      </trkpt>
      <trkpt lat="59.425572" lon="24.646661">
        <ele>14.0</ele>
        <time>2026-08-23T12:21:42Z</time>
      </trkpt>
      <trkpt lat="59.425572" lon="24.646661">
        <ele>14.0</ele>
        <time>2026-08-23T12:21:43Z</time>
      </trkpt>
      <trkpt lat="59.425572" lon="24.646661">
        <ele>14.0</ele>
        <time>2026-08-23T12:21:44Z</time>
      </trkpt>
      <trkpt lat="59.425572" lon="24.646661">
        <ele>14.0</ele>
        <time>2026-08-23T12:21:45Z</time>
      </trkpt>
      <trkpt lat="59.425572" lon="24.646661">
        <ele>14.0</ele>
        <time>2026-08-23T12:21:46Z</time>
      </trkpt>
      <trkpt lat="59.425572" lon="24.646661">
        <ele>14.0</ele>
        <time>2026-08-23T12:21:47Z</time>
      </trkpt>
      <trkpt lat="59.425572" lon="24.646661">
        <ele>14.0</ele>
        <time>2026-08-23T12:21:48Z</time>
      </trkpt>
      <trkpt lat="59.425572" lon="24.646661">
        <ele>14.0</ele>
        <time>2026-08-23T12:21:49Z</time>
      </trkpt>
      <trkpt lat="59.425572" lon="24.646661">
        <ele>14.0</ele>
        <time>2026-08-23T12:21:50Z</time>
      </trkpt>
      <trkpt lat="59.425575" lon="24.646662">
        <ele>14.0</ele>
        <time>2026-08-23T12:21:51Z</time>
      </trkpt>
      <trkpt lat="59.425574" lon="24.646659">
        <ele>14.0</ele>
        <time>2026-08-23T12:21:52Z</time>
      </trkpt>
      <trkpt lat="59.425574" lon="24.646657">
        <ele>14.0</ele>
        <time>2026-08-23T12:21:53Z</time>
      </trkpt>
      <trkpt lat="59.425573" lon="24.646656">
        <ele>14.0</ele>
        <time>2026-08-23T12:21:54Z</time>
      </trkpt>
      <trkpt lat="59.425573" lon="24.646656">
        <ele>14.0</ele>
        <time>2026-08-23T12:21:55Z</time>
      </trkpt>
      <trkpt lat="59.425573" lon="24.646656">
        <ele>14.0</ele>
        <time>2026-08-23T12:21:56Z</time>
      </trkpt>
      <trkpt lat="59.425572" lon="24.646644">
        <ele>14.0</ele>
        <time>2026-08-23T12:21:57Z</time>
      </trkpt>
      <trkpt lat="59.425573" lon="24.646643">
        <ele>14.0</ele>
        <time>2026-08-23T12:21:58Z</time>
      </trkpt>
      <trkpt lat="59.42557" lon="24.646636">
        <ele>14.0</ele>
        <time>2026-08-23T12:21:59Z</time>
      </trkpt>
      <trkpt lat="59.425571" lon="24.646637">
        <ele>14.0</ele>
        <time>2026-08-23T12:22:00Z</time>
      </trkpt>
      <trkpt lat="59.42557" lon="24.646638">
        <ele>14.0</ele>
        <time>2026-08-23T12:22:01Z</time>
      </trkpt>
      <trkpt lat="59.425566" lon="24.646633">
        <ele>14.0</ele>
        <time>2026-08-23T12:22:02Z</time>
      </trkpt>
      <trkpt lat="59.425564" lon="24.646632">
        <ele>14.0</ele>
        <time>2026-08-23T12:22:03Z</time>
      </trkpt>
      <trkpt lat="59.425563" lon="24.646632">
        <ele>14.0</ele>
        <time>2026-08-23T12:22:04Z</time>
      </trkpt>
      <trkpt lat="59.42556" lon="24.646631">
        <ele>14.0</ele>
        <time>2026-08-23T12:22:05Z</time>
      </trkpt>
      <trkpt lat="59.42556" lon="24.64663">
        <ele>14.0</ele>
        <time>2026-08-23T12:22:06Z</time>
      </trkpt>
      <trkpt lat="59.42556" lon="24.64663">
        <ele>14.0</ele>
        <time>2026-08-23T12:22:07Z</time>
      </trkpt>
      <trkpt lat="59.42556" lon="24.64663">
        <ele>14.0</ele>
        <time>2026-08-23T12:22:08Z</time>
      </trkpt>
      <trkpt lat="59.42556" lon="24.64663">
        <ele>14.0</ele>
        <time>2026-08-23T12:22:09Z</time>
      </trkpt>
      <trkpt lat="59.425567" lon="24.646648">
        <ele>14.0</ele>
        <time>2026-08-23T12:22:10Z</time>
      </trkpt>
      <trkpt lat="59.425567" lon="24.646648">
        <ele>14.0</ele>
        <time>2026-08-23T12:22:11Z</time>
      </trkpt>
      <trkpt lat="59.425567" lon="24.646648">
        <ele>14.0</ele>
        <time>2026-08-23T12:22:12Z</time>
      </trkpt>
      <trkpt lat="59.425567" lon="24.646648">
        <ele>14.0</ele>
        <time>2026-08-23T12:22:13Z</time>
      </trkpt>
      <trkpt lat="59.425567" lon="24.646648">
        <ele>14.0</ele>
        <time>2026-08-23T12:22:14Z</time>
      </trkpt>
      <trkpt lat="59.425567" lon="24.646648">
        <ele>14.0</ele>
        <time>2026-08-23T12:22:15Z</time>
      </trkpt>
      <trkpt lat="59.425567" lon="24.646648">
        <ele>14.0</ele>
        <time>2026-08-23T12:22:16Z</time>
      </trkpt>
      <trkpt lat="59.425567" lon="24.646648">
        <ele>14.0</ele>
        <time>2026-08-23T12:22:17Z</time>
      </trkpt>
      <trkpt lat="59.425567" lon="24.646648">
        <ele>14.0</ele>
        <time>2026-08-23T12:22:18Z</time>
      </trkpt>
      <trkpt lat="59.425567" lon="24.646648">
        <ele>14.0</ele>
        <time>2026-08-23T12:22:19Z</time>
      </trkpt>
      <trkpt lat="59.425567" lon="24.646648">
        <ele>14.0</ele>
        <time>2026-08-23T12:22:20Z</time>
      </trkpt>
      <trkpt lat="59.425567" lon="24.646648">
        <ele>14.0</ele>
        <time>2026-08-23T12:22:21Z</time>
      </trkpt>
      <trkpt lat="59.425567" lon="24.646648">
        <ele>14.0</ele>
        <time>2026-08-23T12:22:22Z</time>
      </trkpt>
      <trkpt lat="59.425567" lon="24.646648">
        <ele>14.0</ele>
        <time>2026-08-23T12:22:23Z</time>
      </trkpt>
      <trkpt lat="59.425567" lon="24.646648">
        <ele>14.0</ele>
        <time>2026-08-23T12:22:24Z</time>
      </trkpt>
      <trkpt lat="59.425567" lon="24.646648">
        <ele>14.0</ele>
        <time>2026-08-23T12:22:25Z</time>
      </trkpt>
      <trkpt lat="59.425567" lon="24.646648">
        <ele>14.0</ele>
        <time>2026-08-23T12:22:26Z</time>
      </trkpt>
      <trkpt lat="59.425567" lon="24.646648">
        <ele>14.0</ele>
        <time>2026-08-23T12:22:27Z</time>
      </trkpt>
      <trkpt lat="59.425567" lon="24.646648">
        <ele>14.0</ele>
        <time>2026-08-23T12:22:28Z</time>
      </trkpt>
      <trkpt lat="59.425567" lon="24.646648">
        <ele>14.0</ele>
        <time>2026-08-23T12:22:29Z</time>
      </trkpt>
      <trkpt lat="59.425567" lon="24.646648">
        <ele>14.0</ele>
        <time>2026-08-23T12:22:30Z</time>
      </trkpt>
      <trkpt lat="59.425567" lon="24.646648">
        <ele>14.0</ele>
        <time>2026-08-23T12:22:31Z</time>
      </trkpt>
      <trkpt lat="59.425567" lon="24.646648">
        <ele>14.0</ele>
        <time>2026-08-23T12:22:32Z</time>
      </trkpt>
      <trkpt lat="59.425567" lon="24.646648">
        <ele>14.0</ele>
        <time>2026-08-23T12:22:33Z</time>
      </trkpt>
      <trkpt lat="59.425567" lon="24.646648">
        <ele>14.0</ele>
        <time>2026-08-23T12:22:34Z</time>
      </trkpt>
      <trkpt lat="59.425567" lon="24.646648">
        <ele>14.0</ele>
        <time>2026-08-23T12:22:35Z</time>
      </trkpt>
      <trkpt lat="59.425567" lon="24.646648">
        <ele>14.0</ele>
        <time>2026-08-23T12:22:36Z</time>
      </trkpt>
      <trkpt lat="59.425567" lon="24.646648">
        <ele>14.0</ele>
        <time>2026-08-23T12:22:37Z</time>
      </trkpt>
      <trkpt lat="59.425567" lon="24.646648">
        <ele>14.0</ele>
        <time>2026-08-23T12:22:38Z</time>
      </trkpt>
      <trkpt lat="59.425567" lon="24.646648">
        <ele>14.0</ele>
        <time>2026-08-23T12:22:39Z</time>
      </trkpt>
      <trkpt lat="59.425575" lon="24.646662">
        <ele>14.0</ele>
        <time>2026-08-23T12:22:40Z</time>
      </trkpt>
      <trkpt lat="59.425575" lon="24.646662">
        <ele>14.0</ele>
        <time>2026-08-23T12:22:41Z</time>
      </trkpt>
      <trkpt lat="59.425575" lon="24.646662">
        <ele>14.0</ele>
        <time>2026-08-23T12:22:42Z</time>
      </trkpt>
      <trkpt lat="59.425573" lon="24.646658">
        <ele>14.0</ele>
        <time>2026-08-23T12:22:43Z</time>
      </trkpt>
      <trkpt lat="59.425569" lon="24.646649">
        <ele>14.0</ele>
        <time>2026-08-23T12:22:44Z</time>
      </trkpt>
      <trkpt lat="59.425565" lon="24.646639">
        <ele>14.0</ele>
        <time>2026-08-23T12:22:45Z</time>
      </trkpt>
      <trkpt lat="59.425564" lon="24.646634">
        <ele>14.0</ele>
        <time>2026-08-23T12:22:46Z</time>
      </trkpt>
      <trkpt lat="59.425563" lon="24.646631">
        <ele>14.0</ele>
        <time>2026-08-23T12:22:47Z</time>
      </trkpt>
      <trkpt lat="59.425568" lon="24.646638">
        <ele>14.0</ele>
        <time>2026-08-23T12:22:48Z</time>
      </trkpt>
      <trkpt lat="59.425566" lon="24.646638">
        <ele>14.0</ele>
        <time>2026-08-23T12:22:49Z</time>
      </trkpt>
      <trkpt lat="59.425566" lon="24.646638">
        <ele>14.0</ele>
        <time>2026-08-23T12:22:50Z</time>
      </trkpt>
      <trkpt lat="59.425566" lon="24.646638">
        <ele>14.0</ele>
        <time>2026-08-23T12:22:51Z</time>
      </trkpt>
      <trkpt lat="59.425566" lon="24.646638">
        <ele>14.0</ele>
        <time>2026-08-23T12:22:52Z</time>
      </trkpt>
      <trkpt lat="59.425566" lon="24.646638">
        <ele>14.0</ele>
        <time>2026-08-23T12:22:53Z</time>
      </trkpt>
      <trkpt lat="59.425558" lon="24.646642">
        <ele>14.0</ele>
        <time>2026-08-23T12:22:54Z</time>
      </trkpt>
      <trkpt lat="59.425557" lon="24.646642">
        <ele>14.0</ele>
        <time>2026-08-23T12:22:55Z</time>
      </trkpt>
      <trkpt lat="59.425559" lon="24.646643">
        <ele>14.0</ele>
        <time>2026-08-23T12:22:56Z</time>
      </trkpt>
      <trkpt lat="59.425561" lon="24.646649">
        <ele>14.0</ele>
        <time>2026-08-23T12:22:57Z</time>
      </trkpt>
      <trkpt lat="59.425561" lon="24.646648">
        <ele>14.0</ele>
        <time>2026-08-23T12:22:58Z</time>
      </trkpt>
      <trkpt lat="59.425561" lon="24.646648">
        <ele>14.0</ele>
        <time>2026-08-23T12:22:59Z</time>
      </trkpt>
      <trkpt lat="59.425561" lon="24.646648">
        <ele>14.0</ele>
        <time>2026-08-23T12:23:00Z</time>
      </trkpt>
      <trkpt lat="59.425561" lon="24.646648">
        <ele>14.0</ele>
        <time>2026-08-23T12:23:01Z</time>
      </trkpt>
      <trkpt lat="59.425561" lon="24.646648">
        <ele>14.0</ele>
        <time>2026-08-23T12:23:02Z</time>
      </trkpt>
      <trkpt lat="59.425561" lon="24.646648">
        <ele>14.0</ele>
        <time>2026-08-23T12:23:03Z</time>
      </trkpt>
      <trkpt lat="59.425561" lon="24.646648">
        <ele>14.0</ele>
        <time>2026-08-23T12:23:04Z</time>
      </trkpt>
      <trkpt lat="59.425561" lon="24.646648">
        <ele>14.0</ele>
        <time>2026-08-23T12:23:05Z</time>
      </trkpt>
      <trkpt lat="59.425561" lon="24.646648">
        <ele>14.0</ele>
        <time>2026-08-23T12:23:06Z</time>
      </trkpt>
      <trkpt lat="59.425561" lon="24.646648">
        <ele>14.0</ele>
        <time>2026-08-23T12:23:07Z</time>
      </trkpt>
      <trkpt lat="59.425561" lon="24.646648">
        <ele>14.0</ele>
        <time>2026-08-23T12:23:08Z</time>
      </trkpt>
      <trkpt lat="59.425561" lon="24.646648">
        <ele>14.0</ele>
        <time>2026-08-23T12:23:09Z</time>
      </trkpt>
      <trkpt lat="59.425568" lon="24.646642">
        <ele>14.0</ele>
        <time>2026-08-23T12:23:10Z</time>
      </trkpt>
      <trkpt lat="59.42557" lon="24.646636">
        <ele>14.0</ele>
        <time>2026-08-23T12:23:11Z</time>
      </trkpt>
      <trkpt lat="59.42557" lon="24.646636">
        <ele>14.0</ele>
        <time>2026-08-23T12:23:12Z</time>
      </trkpt>
      <trkpt lat="59.42557" lon="24.646636">
        <ele>14.0</ele>
        <time>2026-08-23T12:23:13Z</time>
      </trkpt>
      <trkpt lat="59.42557" lon="24.646636">
        <ele>14.0</ele>
        <time>2026-08-23T12:23:14Z</time>
      </trkpt>
      <trkpt lat="59.42557" lon="24.646636">
        <ele>14.0</ele>
        <time>2026-08-23T12:23:15Z</time>
      </trkpt>
      <trkpt lat="59.425557" lon="24.646615">
        <ele>14.0</ele>
        <time>2026-08-23T12:23:16Z</time>
      </trkpt>
      <trkpt lat="59.425557" lon="24.646615">
        <ele>14.0</ele>
        <time>2026-08-23T12:23:17Z</time>
      </trkpt>
      <trkpt lat="59.425557" lon="24.646615">
        <ele>14.0</ele>
        <time>2026-08-23T12:23:18Z</time>
      </trkpt>
      <trkpt lat="59.425557" lon="24.646615">
        <ele>14.0</ele>
        <time>2026-08-23T12:23:19Z</time>
      </trkpt>
      <trkpt lat="59.425557" lon="24.646615">
        <ele>14.0</ele>
        <time>2026-08-23T12:23:20Z</time>
      </trkpt>
      <trkpt lat="59.425557" lon="24.646615">
        <ele>14.0</ele>
        <time>2026-08-23T12:23:21Z</time>
      </trkpt>
      <trkpt lat="59.425557" lon="24.646615">
        <ele>14.0</ele>
        <time>2026-08-23T12:23:22Z</time>
      </trkpt>
      <trkpt lat="59.425557" lon="24.646615">
        <ele>14.0</ele>
        <time>2026-08-23T12:23:23Z</time>
      </trkpt>
      <trkpt lat="59.425557" lon="24.646615">
        <ele>14.0</ele>
        <time>2026-08-23T12:23:24Z</time>
      </trkpt>
      <trkpt lat="59.425557" lon="24.646615">
        <ele>14.0</ele>
        <time>2026-08-23T12:23:25Z</time>
      </trkpt>
      <trkpt lat="59.425557" lon="24.646615">
        <ele>14.0</ele>
        <time>2026-08-23T12:23:26Z</time>
      </trkpt>
      <trkpt lat="59.425561" lon="24.646614">
        <ele>14.0</ele>
        <time>2026-08-23T12:23:27Z</time>
      </trkpt>
      <trkpt lat="59.425561" lon="24.646617">
        <ele>14.0</ele>
        <time>2026-08-23T12:23:28Z</time>
      </trkpt>
      <trkpt lat="59.425563" lon="24.64662">
        <ele>14.0</ele>
        <time>2026-08-23T12:23:29Z</time>
      </trkpt>
      <trkpt lat="59.425563" lon="24.64662">
        <ele>14.0</ele>
        <time>2026-08-23T12:23:30Z</time>
      </trkpt>
      <trkpt lat="59.425563" lon="24.64662">
        <ele>14.0</ele>
        <time>2026-08-23T12:23:31Z</time>
      </trkpt>
      <trkpt lat="59.425563" lon="24.64662">
        <ele>14.0</ele>
        <time>2026-08-23T12:23:32Z</time>
      </trkpt>
      <trkpt lat="59.425563" lon="24.64662">
        <ele>14.0</ele>
        <time>2026-08-23T12:23:33Z</time>
      </trkpt>
      <trkpt lat="59.425563" lon="24.64662">
        <ele>14.0</ele>
        <time>2026-08-23T12:23:34Z</time>
      </trkpt>
      <trkpt lat="59.425563" lon="24.64662">
        <ele>14.0</ele>
        <time>2026-08-23T12:23:35Z</time>
      </trkpt>
      <trkpt lat="59.425563" lon="24.64662">
        <ele>14.0</ele>
        <time>2026-08-23T12:23:36Z</time>
      </trkpt>
      <trkpt lat="59.425563" lon="24.64662">
        <ele>14.0</ele>
        <time>2026-08-23T12:23:37Z</time>
      </trkpt>
      <trkpt lat="59.425563" lon="24.64662">
        <ele>14.0</ele>
        <time>2026-08-23T12:23:38Z</time>
      </trkpt>
      <trkpt lat="59.425563" lon="24.64662">
        <ele>14.0</ele>
        <time>2026-08-23T12:23:39Z</time>
      </trkpt>
      <trkpt lat="59.425563" lon="24.64662">
        <ele>14.0</ele>
        <time>2026-08-23T12:23:40Z</time>
      </trkpt>
      <trkpt lat="59.425563" lon="24.64662">
        <ele>14.0</ele>
        <time>2026-08-23T12:23:41Z</time>
      </trkpt>
      <trkpt lat="59.425563" lon="24.64662">
        <ele>14.0</ele>
        <time>2026-08-23T12:23:42Z</time>
      </trkpt>
      <trkpt lat="59.425578" lon="24.646659">
        <ele>14.0</ele>
        <time>2026-08-23T12:23:43Z</time>
      </trkpt>
      <trkpt lat="59.425577" lon="24.646659">
        <ele>14.0</ele>
        <time>2026-08-23T12:23:44Z</time>
      </trkpt>
      <trkpt lat="59.425577" lon="24.646659">
        <ele>14.0</ele>
        <time>2026-08-23T12:23:45Z</time>
      </trkpt>
      <trkpt lat="59.425572" lon="24.646654">
        <ele>14.0</ele>
        <time>2026-08-23T12:23:46Z</time>
      </trkpt>
      <trkpt lat="59.425569" lon="24.646647">
        <ele>14.0</ele>
        <time>2026-08-23T12:23:47Z</time>
      </trkpt>
      <trkpt lat="59.425573" lon="24.646649">
        <ele>14.0</ele>
        <time>2026-08-23T12:23:48Z</time>
      </trkpt>
      <trkpt lat="59.425573" lon="24.646645">
        <ele>14.0</ele>
        <time>2026-08-23T12:23:49Z</time>
      </trkpt>
      <trkpt lat="59.425574" lon="24.646642">
        <ele>14.0</ele>
        <time>2026-08-23T12:23:50Z</time>
      </trkpt>
      <trkpt lat="59.425574" lon="24.646642">
        <ele>14.0</ele>
        <time>2026-08-23T12:23:51Z</time>
      </trkpt>
      <trkpt lat="59.425574" lon="24.646642">
        <ele>14.0</ele>
        <time>2026-08-23T12:23:52Z</time>
      </trkpt>
      <trkpt lat="59.425574" lon="24.646642">
        <ele>14.0</ele>
        <time>2026-08-23T12:23:53Z</time>
      </trkpt>
      <trkpt lat="59.425574" lon="24.646642">
        <ele>14.0</ele>
        <time>2026-08-23T12:23:54Z</time>
      </trkpt>
      <trkpt lat="59.425574" lon="24.646642">
        <ele>14.0</ele>
        <time>2026-08-23T12:23:55Z</time>
      </trkpt>
      <trkpt lat="59.425574" lon="24.646642">
        <ele>14.0</ele>
        <time>2026-08-23T12:23:56Z</time>
      </trkpt>
      <trkpt lat="59.425574" lon="24.646642">
        <ele>14.0</ele>
        <time>2026-08-23T12:23:57Z</time>
      </trkpt>
      <trkpt lat="59.425574" lon="24.646642">
        <ele>14.0</ele>
        <time>2026-08-23T12:23:58Z</time>
      </trkpt>
      <trkpt lat="59.425574" lon="24.646628">
        <ele>14.0</ele>
        <time>2026-08-23T12:23:59Z</time>
      </trkpt>
      <trkpt lat="59.425573" lon="24.646623">
        <ele>14.0</ele>
        <time>2026-08-23T12:24:00Z</time>
      </trkpt>
      <trkpt lat="59.425572" lon="24.646623">
        <ele>14.0</ele>
        <time>2026-08-23T12:24:01Z</time>
      </trkpt>
      <trkpt lat="59.425573" lon="24.646623">
        <ele>14.0</ele>
        <time>2026-08-23T12:24:02Z</time>
      </trkpt>
      <trkpt lat="59.425572" lon="24.646622">
        <ele>14.0</ele>
        <time>2026-08-23T12:24:03Z</time>
      </trkpt>
      <trkpt lat="59.425572" lon="24.646622">
        <ele>14.0</ele>
        <time>2026-08-23T12:24:04Z</time>
      </trkpt>
      <trkpt lat="59.425572" lon="24.646622">
        <ele>14.0</ele>
        <time>2026-08-23T12:24:05Z</time>
      </trkpt>
      <trkpt lat="59.425569" lon="24.64662">
        <ele>14.0</ele>
        <time>2026-08-23T12:24:06Z</time>
      </trkpt>
      <trkpt lat="59.42557" lon="24.646621">
        <ele>14.0</ele>
        <time>2026-08-23T12:24:07Z</time>
      </trkpt>
      <trkpt lat="59.42557" lon="24.646621">
        <ele>14.0</ele>
        <time>2026-08-23T12:24:08Z</time>
      </trkpt>
      <trkpt lat="59.42557" lon="24.646621">
        <ele>14.0</ele>
        <time>2026-08-23T12:24:09Z</time>
      </trkpt>
      <trkpt lat="59.42557" lon="24.646621">
        <ele>14.0</ele>
        <time>2026-08-23T12:24:10Z</time>
      </trkpt>
      <trkpt lat="59.42557" lon="24.646621">
        <ele>14.0</ele>
        <time>2026-08-23T12:24:11Z</time>
      </trkpt>
      <trkpt lat="59.42557" lon="24.646621">
        <ele>14.0</ele>
        <time>2026-08-23T12:24:12Z</time>
      </trkpt>
      <trkpt lat="59.42557" lon="24.646621">
        <ele>14.0</ele>
        <time>2026-08-23T12:24:13Z</time>
      </trkpt>
      <trkpt lat="59.425566" lon="24.646626">
        <ele>14.0</ele>
        <time>2026-08-23T12:24:14Z</time>
      </trkpt>
      <trkpt lat="59.425564" lon="24.64663">
        <ele>14.0</ele>
        <time>2026-08-23T12:24:15Z</time>
      </trkpt>
      <trkpt lat="59.425564" lon="24.64663">
        <ele>14.0</ele>
        <time>2026-08-23T12:24:16Z</time>
      </trkpt>
      <trkpt lat="59.425564" lon="24.64663">
        <ele>14.0</ele>
        <time>2026-08-23T12:24:17Z</time>
      </trkpt>
      <trkpt lat="59.425562" lon="24.646636">
        <ele>14.0</ele>
        <time>2026-08-23T12:24:18Z</time>
      </trkpt>
      <trkpt lat="59.425567" lon="24.646639">
        <ele>14.0</ele>
        <time>2026-08-23T12:24:19Z</time>
      </trkpt>
      <trkpt lat="59.425566" lon="24.64663">
        <ele>14.0</ele>
        <time>2026-08-23T12:24:20Z</time>
      </trkpt>
      <trkpt lat="59.425573" lon="24.646633">
        <ele>14.0</ele>
        <time>2026-08-23T12:24:21Z</time>
      </trkpt>
      <trkpt lat="59.425569" lon="24.646636">
        <ele>14.0</ele>
        <time>2026-08-23T12:24:22Z</time>
      </trkpt>
      <trkpt lat="59.425575" lon="24.64664">
        <ele>14.0</ele>
        <time>2026-08-23T12:24:23Z</time>
      </trkpt>
      <trkpt lat="59.425579" lon="24.646644">
        <ele>14.0</ele>
        <time>2026-08-23T12:24:24Z</time>
      </trkpt>
      <trkpt lat="59.425578" lon="24.646642">
        <ele>14.0</ele>
        <time>2026-08-23T12:24:25Z</time>
      </trkpt>
      <trkpt lat="59.425587" lon="24.646649">
        <ele>14.0</ele>
        <time>2026-08-23T12:24:26Z</time>
      </trkpt>
      <trkpt lat="59.425586" lon="24.646645">
        <ele>14.0</ele>
        <time>2026-08-23T12:24:27Z</time>
      </trkpt>
      <trkpt lat="59.425585" lon="24.646652">
        <ele>14.0</ele>
        <time>2026-08-23T12:24:28Z</time>
      </trkpt>
      <trkpt lat="59.425584" lon="24.646651">
        <ele>14.0</ele>
        <time>2026-08-23T12:24:29Z</time>
      </trkpt>
      <trkpt lat="59.425584" lon="24.646651">
        <ele>14.0</ele>
        <time>2026-08-23T12:24:30Z</time>
      </trkpt>
      <trkpt lat="59.425584" lon="24.646651">
        <ele>14.0</ele>
        <time>2026-08-23T12:24:31Z</time>
      </trkpt>
      <trkpt lat="59.425577" lon="24.646664">
        <ele>14.0</ele>
        <time>2026-08-23T12:24:33Z</time>
      </trkpt>
      <trkpt lat="59.425571" lon="24.646668">
        <ele>14.0</ele>
        <time>2026-08-23T12:24:34Z</time>
      </trkpt>
      <trkpt lat="59.425571" lon="24.646668">
        <ele>14.0</ele>
        <time>2026-08-23T12:24:39Z</time>
      </trkpt>
      <trkpt lat="59.425571" lon="24.646668">
        <ele>14.0</ele>
        <time>2026-08-23T12:24:41Z</time>
      </trkpt>
      <trkpt lat="59.425571" lon="24.646657">
        <ele>14.0</ele>
        <time>2026-08-23T12:24:43Z</time>
      </trkpt>
      <trkpt lat="59.425575" lon="24.646645">
        <ele>14.0</ele>
        <time>2026-08-23T12:24:44Z</time>
      </trkpt>
      <trkpt lat="59.425576" lon="24.646629">
        <ele>14.0</ele>
        <time>2026-08-23T12:24:45Z</time>
      </trkpt>
      <trkpt lat="59.425576" lon="24.646614">
        <ele>14.0</ele>
        <time>2026-08-23T12:24:46Z</time>
      </trkpt>
      <trkpt lat="59.425577" lon="24.646612">
        <ele>14.0</ele>
        <time>2026-08-23T12:24:47Z</time>
      </trkpt>
      <trkpt lat="59.425577" lon="24.646612">
        <ele>14.0</ele>
        <time>2026-08-23T12:24:48Z</time>
      </trkpt>
      <trkpt lat="59.425577" lon="24.646612">
        <ele>14.0</ele>
        <time>2026-08-23T12:24:49Z</time>
      </trkpt>
      <trkpt lat="59.425579" lon="24.646625">
        <ele>14.0</ele>
        <time>2026-08-23T12:24:50Z</time>
      </trkpt>
      <trkpt lat="59.425579" lon="24.646624">
        <ele>14.0</ele>
        <time>2026-08-23T12:24:51Z</time>
      </trkpt>
      <trkpt lat="59.425583" lon="24.646636">
        <ele>14.0</ele>
        <time>2026-08-23T12:24:52Z</time>
      </trkpt>
      <trkpt lat="59.425584" lon="24.646641">
        <ele>14.0</ele>
        <time>2026-08-23T12:24:53Z</time>
      </trkpt>
      <trkpt lat="59.425585" lon="24.646649">
        <ele>14.0</ele>
        <time>2026-08-23T12:24:54Z</time>
      </trkpt>
      <trkpt lat="59.425588" lon="24.646658">
        <ele>14.0</ele>
        <time>2026-08-23T12:24:55Z</time>
      </trkpt>
      <trkpt lat="59.425586" lon="24.646679">
        <ele>14.0</ele>
        <time>2026-08-23T12:24:56Z</time>
      </trkpt>
      <trkpt lat="59.425588" lon="24.646685">
        <ele>14.0</ele>
        <time>2026-08-23T12:24:57Z</time>
      </trkpt>
      <trkpt lat="59.425589" lon="24.64669">
        <ele>14.0</ele>
        <time>2026-08-23T12:24:58Z</time>
      </trkpt>
      <trkpt lat="59.425587" lon="24.646706">
        <ele>14.0</ele>
        <time>2026-08-23T12:24:59Z</time>
      </trkpt>
      <trkpt lat="59.425577" lon="24.6467">
        <ele>14.0</ele>
        <time>2026-08-23T12:25:00Z</time>
      </trkpt>
      <trkpt lat="59.425569" lon="24.646706">
        <ele>14.0</ele>
        <time>2026-08-23T12:25:01Z</time>
      </trkpt>
      <trkpt lat="59.425573" lon="24.64669">
        <ele>14.0</ele>
        <time>2026-08-23T12:25:02Z</time>
      </trkpt>
      <trkpt lat="59.42557" lon="24.646678">
        <ele>14.0</ele>
        <time>2026-08-23T12:25:03Z</time>
      </trkpt>
      <trkpt lat="59.425565" lon="24.646668">
        <ele>14.0</ele>
        <time>2026-08-23T12:25:04Z</time>
      </trkpt>
      <trkpt lat="59.425563" lon="24.646665">
        <ele>14.0</ele>
        <time>2026-08-23T12:25:05Z</time>
      </trkpt>
      <trkpt lat="59.425564" lon="24.646651">
        <ele>14.0</ele>
        <time>2026-08-23T12:25:06Z</time>
      </trkpt>
      <trkpt lat="59.425562" lon="24.646648">
        <ele>14.0</ele>
        <time>2026-08-23T12:25:07Z</time>
      </trkpt>
      <trkpt lat="59.425556" lon="24.646648">
        <ele>14.0</ele>
        <time>2026-08-23T12:25:08Z</time>
      </trkpt>
      <trkpt lat="59.425559" lon="24.646647">
        <ele>14.0</ele>
        <time>2026-08-23T12:25:09Z</time>
      </trkpt>
      <trkpt lat="59.425556" lon="24.646644">
        <ele>14.0</ele>
        <time>2026-08-23T12:25:10Z</time>
      </trkpt>
      <trkpt lat="59.425552" lon="24.646642">
        <ele>14.0</ele>
        <time>2026-08-23T12:25:11Z</time>
      </trkpt>
      <trkpt lat="59.425551" lon="24.646639">
        <ele>14.0</ele>
        <time>2026-08-23T12:25:12Z</time>
      </trkpt>
      <trkpt lat="59.425553" lon="24.646638">
        <ele>14.0</ele>
        <time>2026-08-23T12:25:13Z</time>
      </trkpt>
      <trkpt lat="59.425557" lon="24.646639">
        <ele>14.0</ele>
        <time>2026-08-23T12:25:14Z</time>
      </trkpt>
      <trkpt lat="59.425559" lon="24.64665">
        <ele>14.0</ele>
        <time>2026-08-23T12:25:15Z</time>
      </trkpt>
      <trkpt lat="59.425559" lon="24.646655">
        <ele>14.0</ele>
        <time>2026-08-23T12:25:16Z</time>
      </trkpt>
      <trkpt lat="59.425545" lon="24.646675">
        <ele>14.0</ele>
        <time>2026-08-23T12:25:17Z</time>
      </trkpt>
      <trkpt lat="59.425554" lon="24.646671">
        <ele>14.0</ele>
        <time>2026-08-23T12:25:18Z</time>
      </trkpt>
      <trkpt lat="59.425556" lon="24.646663">
        <ele>14.0</ele>
        <time>2026-08-23T12:25:19Z</time>
      </trkpt>
      <trkpt lat="59.425552" lon="24.646657">
        <ele>14.0</ele>
        <time>2026-08-23T12:25:20Z</time>
      </trkpt>
      <trkpt lat="59.425551" lon="24.646644">
        <ele>14.0</ele>
        <time>2026-08-23T12:25:21Z</time>
      </trkpt>
      <trkpt lat="59.42555" lon="24.646646">
        <ele>14.0</ele>
        <time>2026-08-23T12:25:22Z</time>
      </trkpt>
      <trkpt lat="59.425549" lon="24.646641">
        <ele>14.0</ele>
        <time>2026-08-23T12:25:23Z</time>
      </trkpt>
      <trkpt lat="59.425554" lon="24.646643">
        <ele>14.0</ele>
        <time>2026-08-23T12:25:24Z</time>
      </trkpt>
      <trkpt lat="59.425558" lon="24.646642">
        <ele>14.0</ele>
        <time>2026-08-23T12:25:25Z</time>
      </trkpt>
      <trkpt lat="59.425564" lon="24.646646">
        <ele>14.0</ele>
        <time>2026-08-23T12:25:26Z</time>
      </trkpt>
      <trkpt lat="59.425566" lon="24.646646">
        <ele>14.0</ele>
        <time>2026-08-23T12:25:27Z</time>
      </trkpt>
      <trkpt lat="59.425568" lon="24.64664">
        <ele>14.0</ele>
        <time>2026-08-23T12:25:28Z</time>
      </trkpt>
      <trkpt lat="59.425568" lon="24.646648">
        <ele>14.0</ele>
        <time>2026-08-23T12:25:29Z</time>
      </trkpt>
      <trkpt lat="59.425567" lon="24.646652">
        <ele>14.0</ele>
        <time>2026-08-23T12:25:30Z</time>
      </trkpt>
      <trkpt lat="59.425566" lon="24.646664">
        <ele>14.0</ele>
        <time>2026-08-23T12:25:31Z</time>
      </trkpt>
      <trkpt lat="59.425566" lon="24.646671">
        <ele>14.0</ele>
        <time>2026-08-23T12:25:32Z</time>
      </trkpt>
      <trkpt lat="59.425571" lon="24.646669">
        <ele>14.0</ele>
        <time>2026-08-23T12:25:33Z</time>
      </trkpt>
      <trkpt lat="59.425573" lon="24.646669">
        <ele>14.0</ele>
        <time>2026-08-23T12:25:34Z</time>
      </trkpt>
      <trkpt lat="59.425573" lon="24.646668">
        <ele>14.0</ele>
        <time>2026-08-23T12:25:35Z</time>
      </trkpt>
      <trkpt lat="59.425573" lon="24.646667">
        <ele>14.0</ele>
        <time>2026-08-23T12:25:36Z</time>
      </trkpt>
      <trkpt lat="59.425569" lon="24.646653">
        <ele>14.0</ele>
        <time>2026-08-23T12:25:37Z</time>
      </trkpt>
      <trkpt lat="59.425566" lon="24.646653">
        <ele>14.0</ele>
        <time>2026-08-23T12:25:38Z</time>
      </trkpt>
      <trkpt lat="59.425562" lon="24.646649">
        <ele>14.0</ele>
        <time>2026-08-23T12:25:39Z</time>
      </trkpt>
      <trkpt lat="59.425563" lon="24.646648">
        <ele>14.0</ele>
        <time>2026-08-23T12:25:40Z</time>
      </trkpt>
      <trkpt lat="59.425555" lon="24.646632">
        <ele>14.0</ele>
        <time>2026-08-23T12:25:41Z</time>
      </trkpt>
      <trkpt lat="59.425555" lon="24.646626">
        <ele>14.0</ele>
        <time>2026-08-23T12:25:42Z</time>
      </trkpt>
      <trkpt lat="59.425557" lon="24.646624">
        <ele>14.0</ele>
        <time>2026-08-23T12:25:43Z</time>
      </trkpt>
      <trkpt lat="59.425553" lon="24.646617">
        <ele>14.0</ele>
        <time>2026-08-23T12:25:44Z</time>
      </trkpt>
      <trkpt lat="59.425558" lon="24.646619">
        <ele>14.0</ele>
        <time>2026-08-23T12:25:45Z</time>
      </trkpt>
      <trkpt lat="59.425558" lon="24.646624">
        <ele>14.0</ele>
        <time>2026-08-23T12:25:46Z</time>
      </trkpt>
      <trkpt lat="59.425558" lon="24.646624">
        <ele>14.0</ele>
        <time>2026-08-23T12:25:47Z</time>
      </trkpt>
      <trkpt lat="59.425558" lon="24.646624">
        <ele>14.0</ele>
        <time>2026-08-23T12:25:48Z</time>
      </trkpt>
      <trkpt lat="59.425557" lon="24.646624">
        <ele>14.0</ele>
        <time>2026-08-23T12:25:49Z</time>
      </trkpt>
      <trkpt lat="59.425558" lon="24.646624">
        <ele>14.0</ele>
        <time>2026-08-23T12:25:50Z</time>
      </trkpt>
      <trkpt lat="59.425558" lon="24.646624">
        <ele>14.0</ele>
        <time>2026-08-23T12:25:51Z</time>
      </trkpt>
      <trkpt lat="59.425557" lon="24.646622">
        <ele>14.0</ele>
        <time>2026-08-23T12:25:52Z</time>
      </trkpt>
      <trkpt lat="59.425557" lon="24.646622">
        <ele>14.0</ele>
        <time>2026-08-23T12:25:53Z</time>
      </trkpt>
      <trkpt lat="59.425557" lon="24.646622">
        <ele>14.0</ele>
        <time>2026-08-23T12:25:54Z</time>
      </trkpt>
      <trkpt lat="59.425557" lon="24.646622">
        <ele>14.0</ele>
        <time>2026-08-23T12:25:55Z</time>
      </trkpt>
      <trkpt lat="59.425557" lon="24.646622">
        <ele>14.0</ele>
        <time>2026-08-23T12:25:56Z</time>
      </trkpt>
      <trkpt lat="59.425557" lon="24.646622">
        <ele>14.0</ele>
        <time>2026-08-23T12:25:57Z</time>
      </trkpt>
      <trkpt lat="59.425557" lon="24.646622">
        <ele>14.0</ele>
        <time>2026-08-23T12:25:58Z</time>
      </trkpt>
      <trkpt lat="59.425557" lon="24.646622">
        <ele>14.0</ele>
        <time>2026-08-23T12:25:59Z</time>
      </trkpt>
      <trkpt lat="59.425556" lon="24.646606">
        <ele>14.0</ele>
        <time>2026-08-23T12:26:00Z</time>
      </trkpt>
      <trkpt lat="59.425556" lon="24.646605">
        <ele>14.0</ele>
        <time>2026-08-23T12:26:01Z</time>
      </trkpt>
      <trkpt lat="59.425556" lon="24.646605">
        <ele>14.0</ele>
        <time>2026-08-23T12:26:02Z</time>
      </trkpt>
      <trkpt lat="59.425556" lon="24.646603">
        <ele>14.0</ele>
        <time>2026-08-23T12:26:03Z</time>
      </trkpt>
      <trkpt lat="59.425555" lon="24.646604">
        <ele>14.0</ele>
        <time>2026-08-23T12:26:04Z</time>
      </trkpt>
      <trkpt lat="59.425555" lon="24.646603">
        <ele>14.0</ele>
        <time>2026-08-23T12:26:05Z</time>
      </trkpt>
      <trkpt lat="59.425555" lon="24.646603">
        <ele>14.0</ele>
        <time>2026-08-23T12:26:06Z</time>
      </trkpt>
      <trkpt lat="59.425554" lon="24.646601">
        <ele>14.0</ele>
        <time>2026-08-23T12:26:07Z</time>
      </trkpt>
      <trkpt lat="59.425553" lon="24.646599">
        <ele>14.0</ele>
        <time>2026-08-23T12:26:08Z</time>
      </trkpt>
      <trkpt lat="59.425553" lon="24.646597">
        <ele>14.0</ele>
        <time>2026-08-23T12:26:09Z</time>
      </trkpt>
      <trkpt lat="59.425553" lon="24.646597">
        <ele>14.0</ele>
        <time>2026-08-23T12:26:10Z</time>
      </trkpt>
      <trkpt lat="59.425553" lon="24.646597">
        <ele>14.0</ele>
        <time>2026-08-23T12:26:11Z</time>
      </trkpt>
      <trkpt lat="59.425553" lon="24.646593">
        <ele>14.0</ele>
        <time>2026-08-23T12:26:12Z</time>
      </trkpt>
      <trkpt lat="59.425553" lon="24.646594">
        <ele>14.0</ele>
        <time>2026-08-23T12:26:13Z</time>
      </trkpt>
      <trkpt lat="59.425554" lon="24.646598">
        <ele>14.0</ele>
        <time>2026-08-23T12:26:14Z</time>
      </trkpt>
      <trkpt lat="59.425556" lon="24.646609">
        <ele>14.0</ele>
        <time>2026-08-23T12:26:15Z</time>
      </trkpt>
      <trkpt lat="59.425568" lon="24.646625">
        <ele>14.0</ele>
        <time>2026-08-23T12:26:16Z</time>
      </trkpt>
      <trkpt lat="59.425575" lon="24.646622">
        <ele>14.0</ele>
        <time>2026-08-23T12:26:17Z</time>
      </trkpt>
      <trkpt lat="59.425575" lon="24.646618">
        <ele>14.0</ele>
        <time>2026-08-23T12:26:18Z</time>
      </trkpt>
      <trkpt lat="59.425578" lon="24.646622">
        <ele>14.0</ele>
        <time>2026-08-23T12:26:19Z</time>
      </trkpt>
      <trkpt lat="59.425577" lon="24.646624">
        <ele>14.0</ele>
        <time>2026-08-23T12:26:20Z</time>
      </trkpt>
      <trkpt lat="59.425577" lon="24.646624">
        <ele>14.0</ele>
        <time>2026-08-23T12:26:21Z</time>
      </trkpt>
      <trkpt lat="59.425577" lon="24.646624">
        <ele>14.0</ele>
        <time>2026-08-23T12:26:22Z</time>
      </trkpt>
      <trkpt lat="59.425577" lon="24.646624">
        <ele>14.0</ele>
        <time>2026-08-23T12:26:23Z</time>
      </trkpt>
      <trkpt lat="59.425567" lon="24.646642">
        <ele>14.0</ele>
        <time>2026-08-23T12:26:24Z</time>
      </trkpt>
      <trkpt lat="59.425564" lon="24.646638">
        <ele>14.0</ele>
        <time>2026-08-23T12:26:25Z</time>
      </trkpt>
      <trkpt lat="59.425563" lon="24.646637">
        <ele>14.0</ele>
        <time>2026-08-23T12:26:26Z</time>
      </trkpt>
      <trkpt lat="59.425564" lon="24.646638">
        <ele>14.0</ele>
        <time>2026-08-23T12:26:27Z</time>
      </trkpt>
      <trkpt lat="59.425564" lon="24.646643">
        <ele>14.0</ele>
        <time>2026-08-23T12:26:28Z</time>
      </trkpt>
      <trkpt lat="59.425561" lon="24.646643">
        <ele>14.0</ele>
        <time>2026-08-23T12:26:29Z</time>
      </trkpt>
      <trkpt lat="59.425561" lon="24.646643">
        <ele>14.0</ele>
        <time>2026-08-23T12:26:30Z</time>
      </trkpt>
      <trkpt lat="59.425559" lon="24.64664">
        <ele>14.0</ele>
        <time>2026-08-23T12:26:31Z</time>
      </trkpt>
      <trkpt lat="59.425559" lon="24.646637">
        <ele>14.0</ele>
        <time>2026-08-23T12:26:32Z</time>
      </trkpt>
      <trkpt lat="59.425557" lon="24.64663">
        <ele>14.0</ele>
        <time>2026-08-23T12:26:33Z</time>
      </trkpt>
      <trkpt lat="59.425556" lon="24.646629">
        <ele>14.0</ele>
        <time>2026-08-23T12:26:34Z</time>
      </trkpt>
      <trkpt lat="59.425555" lon="24.646626">
        <ele>14.0</ele>
        <time>2026-08-23T12:26:35Z</time>
      </trkpt>
      <trkpt lat="59.425554" lon="24.646621">
        <ele>14.0</ele>
        <time>2026-08-23T12:26:36Z</time>
      </trkpt>
      <trkpt lat="59.425554" lon="24.64662">
        <ele>14.0</ele>
        <time>2026-08-23T12:26:37Z</time>
      </trkpt>
      <trkpt lat="59.425554" lon="24.646619">
        <ele>14.0</ele>
        <time>2026-08-23T12:26:38Z</time>
      </trkpt>
      <trkpt lat="59.425554" lon="24.646619">
        <ele>14.0</ele>
        <time>2026-08-23T12:26:39Z</time>
      </trkpt>
      <trkpt lat="59.425551" lon="24.646615">
        <ele>14.0</ele>
        <time>2026-08-23T12:26:40Z</time>
      </trkpt>
      <trkpt lat="59.425551" lon="24.646614">
        <ele>14.0</ele>
        <time>2026-08-23T12:26:41Z</time>
      </trkpt>
      <trkpt lat="59.425547" lon="24.646611">
        <ele>14.0</ele>
        <time>2026-08-23T12:26:42Z</time>
      </trkpt>
      <trkpt lat="59.425547" lon="24.646612">
        <ele>14.0</ele>
        <time>2026-08-23T12:26:43Z</time>
      </trkpt>
      <trkpt lat="59.425547" lon="24.646613">
        <ele>14.0</ele>
        <time>2026-08-23T12:26:44Z</time>
      </trkpt>
      <trkpt lat="59.425546" lon="24.646614">
        <ele>14.0</ele>
        <time>2026-08-23T12:26:45Z</time>
      </trkpt>
      <trkpt lat="59.425552" lon="24.646625">
        <ele>14.0</ele>
        <time>2026-08-23T12:26:46Z</time>
      </trkpt>
      <trkpt lat="59.425554" lon="24.646619">
        <ele>14.0</ele>
        <time>2026-08-23T12:26:47Z</time>
      </trkpt>
      <trkpt lat="59.425553" lon="24.646617">
        <ele>14.0</ele>
        <time>2026-08-23T12:26:48Z</time>
      </trkpt>
      <trkpt lat="59.425553" lon="24.646617">
        <ele>14.0</ele>
        <time>2026-08-23T12:26:49Z</time>
      </trkpt>
      <trkpt lat="59.425553" lon="24.646617">
        <ele>14.0</ele>
        <time>2026-08-23T12:26:50Z</time>
      </trkpt>
      <trkpt lat="59.425553" lon="24.646617">
        <ele>14.0</ele>
        <time>2026-08-23T12:26:51Z</time>
      </trkpt>
      <trkpt lat="59.425554" lon="24.646637">
        <ele>14.0</ele>
        <time>2026-08-23T12:26:52Z</time>
      </trkpt>
      <trkpt lat="59.425557" lon="24.646645">
        <ele>14.0</ele>
        <time>2026-08-23T12:26:53Z</time>
      </trkpt>
      <trkpt lat="59.425564" lon="24.64666">
        <ele>14.0</ele>
        <time>2026-08-23T12:26:54Z</time>
      </trkpt>
      <trkpt lat="59.425568" lon="24.646665">
        <ele>14.0</ele>
        <time>2026-08-23T12:26:55Z</time>
      </trkpt>
      <trkpt lat="59.425572" lon="24.646671">
        <ele>14.0</ele>
        <time>2026-08-23T12:26:56Z</time>
      </trkpt>
      <trkpt lat="59.425572" lon="24.646676">
        <ele>14.0</ele>
        <time>2026-08-23T12:26:57Z</time>
      </trkpt>
      <trkpt lat="59.425578" lon="24.646694">
        <ele>14.0</ele>
        <time>2026-08-23T12:26:58Z</time>
      </trkpt>
      <trkpt lat="59.425579" lon="24.646708">
        <ele>14.0</ele>
        <time>2026-08-23T12:26:59Z</time>
      </trkpt>
      <trkpt lat="59.425583" lon="24.646717">
        <ele>14.0</ele>
        <time>2026-08-23T12:27:00Z</time>
      </trkpt>
      <trkpt lat="59.425593" lon="24.646724">
        <ele>14.0</ele>
        <time>2026-08-23T12:27:01Z</time>
      </trkpt>
      <trkpt lat="59.425591" lon="24.646729">
        <ele>14.0</ele>
        <time>2026-08-23T12:27:02Z</time>
      </trkpt>
      <trkpt lat="59.425599" lon="24.646726">
        <ele>14.0</ele>
        <time>2026-08-23T12:27:03Z</time>
      </trkpt>
      <trkpt lat="59.425604" lon="24.646738">
        <ele>14.0</ele>
        <time>2026-08-23T12:27:04Z</time>
      </trkpt>
      <trkpt lat="59.425608" lon="24.646745">
        <ele>14.0</ele>
        <time>2026-08-23T12:27:05Z</time>
      </trkpt>
      <trkpt lat="59.425606" lon="24.646734">
        <ele>14.0</ele>
        <time>2026-08-23T12:27:06Z</time>
      </trkpt>
      <trkpt lat="59.425605" lon="24.646742">
        <ele>14.0</ele>
        <time>2026-08-23T12:27:07Z</time>
      </trkpt>
      <trkpt lat="59.425608" lon="24.64675">
        <ele>14.0</ele>
        <time>2026-08-23T12:27:08Z</time>
      </trkpt>
      <trkpt lat="59.425612" lon="24.646755">
        <ele>14.0</ele>
        <time>2026-08-23T12:27:09Z</time>
      </trkpt>
      <trkpt lat="59.425617" lon="24.646757">
        <ele>14.0</ele>
        <time>2026-08-23T12:27:10Z</time>
      </trkpt>
      <trkpt lat="59.425622" lon="24.646762">
        <ele>14.0</ele>
        <time>2026-08-23T12:27:11Z</time>
      </trkpt>
      <trkpt lat="59.425629" lon="24.646776">
        <ele>14.0</ele>
        <time>2026-08-23T12:27:12Z</time>
      </trkpt>
    </trkseg>
  </trk>
</gpx>