<?xml version="1.0" encoding="UTF-8"?>
<gpx xmlns="http://www.topografix.com/GPX/1/1" xmlns:xsi="http://www.w3.org/2001/XMLSchema-instance" xsi:schemaLocation="http://www.topografix.com/GPX/1/1 http://www.topografix.com/GPX/1/1/gpx.xsd" version="1.1" creator="gpx.py -- https://github.com/tkrajina/gpxpy">
  <metadata>
    <name>1790279697.Murg_night_stroll</name>
    <time>2026-09-24T19:54:57Z</time>
    <keywords>20315701017</keywords>
  </metadata>
  <trk>
    <name>1790279697.Murg_night_stroll</name>
    <cmt>2026-09-24</cmt>
    <type>Walk</type>
    <trkseg>
      <trkpt lat="47.112297" lon="9.218674">
        <ele>446.2</ele>
        <time>2026-09-24T19:54:57Z</time>
      </trkpt>
      <trkpt lat="47.112294" lon="9.218672">
        <ele>446.2</ele>
        <time>2026-09-24T19:54:58Z</time>
      </trkpt>
      <trkpt lat="47.11229" lon="9.21867">
        <ele>446.1</ele>
        <time>2026-09-24T19:54:59Z</time>
      </trkpt>
      <trkpt lat="47.112248" lon="9.218642">
        <ele>446.0</ele>
        <time>2026-09-24T19:55:12Z</time>
      </trkpt>
      <trkpt lat="47.112241" lon="9.218638">
        <ele>445.9</ele>
        <time>2026-09-24T19:55:14Z</time>
      </trkpt>
      <trkpt lat="47.112231" lon="9.218631">
        <ele>445.9</ele>
        <time>2026-09-24T19:55:17Z</time>
      </trkpt>
      <trkpt lat="47.112228" lon="9.218629">
        <ele>445.8</ele>
        <time>2026-09-24T19:55:18Z</time>
      </trkpt>
      <trkpt lat="47.112228" lon="9.218629">
        <ele>445.8</ele>
        <time>2026-09-24T19:55:19Z</time>
      </trkpt>
      <trkpt lat="47.112221" lon="9.218639">
        <ele>445.8</ele>
        <time>2026-09-24T19:55:20Z</time>
      </trkpt>
      <trkpt lat="47.112212" lon="9.218644">
        <ele>445.7</ele>
        <time>2026-09-24T19:55:21Z</time>
      </trkpt>
      <trkpt lat="47.112211" lon="9.218646">
        <ele>445.7</ele>
        <time>2026-09-24T19:55:22Z</time>
      </trkpt>
      <trkpt lat="47.112209" lon="9.218646">
        <ele>445.7</ele>
        <time>2026-09-24T19:55:23Z</time>
      </trkpt>
      <trkpt lat="47.112207" lon="9.218646">
        <ele>445.7</ele>
        <time>2026-09-24T19:55:24Z</time>
      </trkpt>
      <trkpt lat="47.112207" lon="9.218646">
        <ele>445.7</ele>
        <time>2026-09-24T19:55:25Z</time>
      </trkpt>
      <trkpt lat="47.112207" lon="9.218646">
        <ele>445.7</ele>
        <time>2026-09-24T19:55:26Z</time>
      </trkpt>
      <trkpt lat="47.112207" lon="9.218646">
        <ele>445.7</ele>
        <time>2026-09-24T19:55:27Z</time>
      </trkpt>
      <trkpt lat="47.112207" lon="9.218646">
        <ele>445.7</ele>
        <time>2026-09-24T19:55:28Z</time>
      </trkpt>
      <trkpt lat="47.112207" lon="9.218646">
        <ele>445.7</ele>
        <time>2026-09-24T19:55:32Z</time>
      </trkpt>
      <trkpt lat="47.112207" lon="9.218646">
        <ele>445.7</ele>
        <time>2026-09-24T19:55:33Z</time>
      </trkpt>
      <trkpt lat="47.112232" lon="9.218655">
        <ele>445.6</ele>
        <time>2026-09-24T19:55:37Z</time>
      </trkpt>
      <trkpt lat="47.112223" lon="9.218648">
        <ele>445.5</ele>
        <time>2026-09-24T19:55:38Z</time>
      </trkpt>
      <trkpt lat="47.112226" lon="9.218645">
        <ele>445.5</ele>
        <time>2026-09-24T19:55:39Z</time>
      </trkpt>
      <trkpt lat="47.112217" lon="9.218633">
        <ele>445.5</ele>
        <time>2026-09-24T19:55:40Z</time>
      </trkpt>
      <trkpt lat="47.112219" lon="9.218616">
        <ele>445.4</ele>
        <time>2026-09-24T19:55:41Z</time>
      </trkpt>
      <trkpt lat="47.112213" lon="9.218584">
        <ele>445.3</ele>
        <time>2026-09-24T19:55:42Z</time>
      </trkpt>
      <trkpt lat="47.112211" lon="9.218566">
        <ele>445.2</ele>
        <time>2026-09-24T19:55:43Z</time>
      </trkpt>
      <trkpt lat="47.11221" lon="9.218543">
        <ele>445.1</ele>
        <time>2026-09-24T19:55:44Z</time>
      </trkpt>
      <trkpt lat="47.112211" lon="9.218537">
        <ele>445.1</ele>
        <time>2026-09-24T19:55:45Z</time>
      </trkpt>
      <trkpt lat="47.112207" lon="9.218538">
        <ele>445.1</ele>
        <time>2026-09-24T19:55:46Z</time>
      </trkpt>
      <trkpt lat="47.112201" lon="9.218536">
        <ele>445.1</ele>
        <time>2026-09-24T19:55:47Z</time>
      </trkpt>
      <trkpt lat="47.1122" lon="9.218534">
        <ele>445.1</ele>
        <time>2026-09-24T19:55:49Z</time>
      </trkpt>
      <trkpt lat="47.112203" lon="9.218519">
        <ele>445.0</ele>
        <time>2026-09-24T19:55:50Z</time>
      </trkpt>
      <trkpt lat="47.11221" lon="9.218506">
        <ele>445.0</ele>
        <time>2026-09-24T19:55:51Z</time>
      </trkpt>
      <trkpt lat="47.112225" lon="9.218498">
        <ele>444.9</ele>
        <time>2026-09-24T19:55:52Z</time>
      </trkpt>
      <trkpt lat="47.112224" lon="9.218479">
        <ele>444.8</ele>
        <time>2026-09-24T19:55:53Z</time>
      </trkpt>
      <trkpt lat="47.112236" lon="9.218469">
        <ele>444.7</ele>
        <time>2026-09-24T19:55:54Z</time>
      </trkpt>
      <trkpt lat="47.112245" lon="9.218458">
        <ele>444.7</ele>
        <time>2026-09-24T19:55:55Z</time>
      </trkpt>
      <trkpt lat="47.112245" lon="9.218435">
        <ele>444.6</ele>
        <time>2026-09-24T19:55:56Z</time>
      </trkpt>
      <trkpt lat="47.112254" lon="9.218423">
        <ele>444.6</ele>
        <time>2026-09-24T19:55:57Z</time>
      </trkpt>
      <trkpt lat="47.112263" lon="9.218412">
        <ele>444.5</ele>
        <time>2026-09-24T19:55:58Z</time>
      </trkpt>
      <trkpt lat="47.11227" lon="9.218391">
        <ele>444.4</ele>
        <time>2026-09-24T19:55:59Z</time>
      </trkpt>
      <trkpt lat="47.112279" lon="9.218374">
        <ele>444.4</ele>
        <time>2026-09-24T19:56:00Z</time>
      </trkpt>
      <trkpt lat="47.112298" lon="9.218358">
        <ele>444.3</ele>
        <time>2026-09-24T19:56:01Z</time>
      </trkpt>
      <trkpt lat="47.112308" lon="9.218346">
        <ele>444.2</ele>
        <time>2026-09-24T19:56:02Z</time>
      </trkpt>
      <trkpt lat="47.112315" lon="9.218337">
        <ele>444.2</ele>
        <time>2026-09-24T19:56:03Z</time>
      </trkpt>
      <trkpt lat="47.112323" lon="9.218317">
        <ele>444.1</ele>
        <time>2026-09-24T19:56:04Z</time>
      </trkpt>
      <trkpt lat="47.112336" lon="9.218296">
        <ele>444.0</ele>
        <time>2026-09-24T19:56:05Z</time>
      </trkpt>
      <trkpt lat="47.112341" lon="9.218283">
        <ele>443.9</ele>
        <time>2026-09-24T19:56:06Z</time>
      </trkpt>
      <trkpt lat="47.112341" lon="9.218278">
        <ele>443.9</ele>
        <time>2026-09-24T19:56:07Z</time>
      </trkpt>
      <trkpt lat="47.112341" lon="9.218263">
        <ele>443.9</ele>
        <time>2026-09-24T19:56:08Z</time>
      </trkpt>
      <trkpt lat="47.112356" lon="9.218246">
        <ele>443.8</ele>
        <time>2026-09-24T19:56:09Z</time>
      </trkpt>
      <trkpt lat="47.112365" lon="9.218229">
        <ele>443.7</ele>
        <time>2026-09-24T19:56:10Z</time>
      </trkpt>
      <trkpt lat="47.112377" lon="9.218212">
        <ele>443.7</ele>
        <time>2026-09-24T19:56:11Z</time>
      </trkpt>
      <trkpt lat="47.11238" lon="9.218203">
        <ele>443.6</ele>
        <time>2026-09-24T19:56:12Z</time>
      </trkpt>
      <trkpt lat="47.112386" lon="9.218196">
        <ele>443.6</ele>
        <time>2026-09-24T19:56:13Z</time>
      </trkpt>
      <trkpt lat="47.112394" lon="9.218178">
        <ele>443.5</ele>
        <time>2026-09-24T19:56:14Z</time>
      </trkpt>
      <trkpt lat="47.112401" lon="9.218152">
        <ele>443.4</ele>
        <time>2026-09-24T19:56:15Z</time>
      </trkpt>
      <trkpt lat="47.112405" lon="9.218132">
        <ele>443.4</ele>
        <time>2026-09-24T19:56:16Z</time>
      </trkpt>
      <trkpt lat="47.112407" lon="9.218112">
        <ele>443.3</ele>
        <time>2026-09-24T19:56:17Z</time>
      </trkpt>
      <trkpt lat="47.112412" lon="9.218096">
        <ele>443.3</ele>
        <time>2026-09-24T19:56:18Z</time>
      </trkpt>
      <trkpt lat="47.112422" lon="9.218077">
        <ele>443.2</ele>
        <time>2026-09-24T19:56:19Z</time>
      </trkpt>
      <trkpt lat="47.112433" lon="9.218062">
        <ele>443.1</ele>
        <time>2026-09-24T19:56:20Z</time>
      </trkpt>
      <trkpt lat="47.112437" lon="9.218041">
        <ele>443.1</ele>
        <time>2026-09-24T19:56:21Z</time>
      </trkpt>
      <trkpt lat="47.112429" lon="9.218024">
        <ele>443.0</ele>
        <time>2026-09-24T19:56:22Z</time>
      </trkpt>
      <trkpt lat="47.112428" lon="9.218007">
        <ele>443.0</ele>
        <time>2026-09-24T19:56:23Z</time>
      </trkpt>
      <trkpt lat="47.112428" lon="9.217993">
        <ele>442.9</ele>
        <time>2026-09-24T19:56:24Z</time>
      </trkpt>
      <trkpt lat="47.112432" lon="9.217978">
        <ele>442.9</ele>
        <time>2026-09-24T19:56:25Z</time>
      </trkpt>
      <trkpt lat="47.112422" lon="9.217966">
        <ele>442.8</ele>
        <time>2026-09-24T19:56:26Z</time>
      </trkpt>
      <trkpt lat="47.112425" lon="9.217952">
        <ele>442.8</ele>
        <time>2026-09-24T19:56:27Z</time>
      </trkpt>
      <trkpt lat="47.112421" lon="9.217936">
        <ele>442.7</ele>
        <time>2026-09-24T19:56:28Z</time>
      </trkpt>
      <trkpt lat="47.112417" lon="9.217921">
        <ele>442.7</ele>
        <time>2026-09-24T19:56:29Z</time>
      </trkpt>
      <trkpt lat="47.112419" lon="9.217905">
        <ele>442.6</ele>
        <time>2026-09-24T19:56:30Z</time>
      </trkpt>
      <trkpt lat="47.112426" lon="9.217893">
        <ele>442.6</ele>
        <time>2026-09-24T19:56:31Z</time>
      </trkpt>
      <trkpt lat="47.11242" lon="9.217876">
        <ele>442.5</ele>
        <time>2026-09-24T19:56:32Z</time>
      </trkpt>
      <trkpt lat="47.112413" lon="9.217869">
        <ele>442.5</ele>
        <time>2026-09-24T19:56:33Z</time>
      </trkpt>
      <trkpt lat="47.112407" lon="9.217865">
        <ele>442.5</ele>
        <time>2026-09-24T19:56:34Z</time>
      </trkpt>
      <trkpt lat="47.112415" lon="9.217853">
        <ele>442.4</ele>
        <time>2026-09-24T19:56:35Z</time>
      </trkpt>
      <trkpt lat="47.112422" lon="9.217846">
        <ele>442.4</ele>
        <time>2026-09-24T19:56:36Z</time>
      </trkpt>
      <trkpt lat="47.112427" lon="9.217844">
        <ele>442.3</ele>
        <time>2026-09-24T19:56:37Z</time>
      </trkpt>
      <trkpt lat="47.11243" lon="9.217844">
        <ele>442.3</ele>
        <time>2026-09-24T19:56:38Z</time>
      </trkpt>
      <trkpt lat="47.112447" lon="9.21785">
        <ele>442.2</ele>
        <time>2026-09-24T19:56:39Z</time>
      </trkpt>
      <trkpt lat="47.112454" lon="9.217851">
        <ele>442.2</ele>
        <time>2026-09-24T19:56:40Z</time>
      </trkpt>
      <trkpt lat="47.11246" lon="9.217849">
        <ele>442.1</ele>
        <time>2026-09-24T19:56:41Z</time>
      </trkpt>
      <trkpt lat="47.112476" lon="9.217854">
        <ele>442.1</ele>
        <time>2026-09-24T19:56:42Z</time>
      </trkpt>
      <trkpt lat="47.11248" lon="9.21786">
        <ele>442.0</ele>
        <time>2026-09-24T19:56:43Z</time>
      </trkpt>
      <trkpt lat="47.112468" lon="9.217861">
        <ele>441.9</ele>
        <time>2026-09-24T19:56:44Z</time>
      </trkpt>
      <trkpt lat="47.112486" lon="9.217867">
        <ele>441.8</ele>
        <time>2026-09-24T19:56:45Z</time>
      </trkpt>
      <trkpt lat="47.112479" lon="9.217861">
        <ele>441.8</ele>
        <time>2026-09-24T19:56:46Z</time>
      </trkpt>
      <trkpt lat="47.112465" lon="9.217845">
        <ele>441.6</ele>
        <time>2026-09-24T19:56:47Z</time>
      </trkpt>
      <trkpt lat="47.112438" lon="9.217807">
        <ele>441.3</ele>
        <time>2026-09-24T19:56:48Z</time>
      </trkpt>
      <trkpt lat="47.112441" lon="9.217797">
        <ele>441.3</ele>
        <time>2026-09-24T19:56:49Z</time>
      </trkpt>
      <trkpt lat="47.112472" lon="9.21779">
        <ele>441.0</ele>
        <time>2026-09-24T19:56:50Z</time>
      </trkpt>
      <trkpt lat="47.112468" lon="9.217782">
        <ele>441.0</ele>
        <time>2026-09-24T19:56:51Z</time>
      </trkpt>
      <trkpt lat="47.112459" lon="9.217777">
        <ele>440.9</ele>
        <time>2026-09-24T19:56:52Z</time>
      </trkpt>
      <trkpt lat="47.11246" lon="9.217781">
        <ele>440.8</ele>
        <time>2026-09-24T19:56:53Z</time>
      </trkpt>
      <trkpt lat="47.112463" lon="9.217763">
        <ele>440.7</ele>
        <time>2026-09-24T19:56:54Z</time>
      </trkpt>
      <trkpt lat="47.112466" lon="9.217737">
        <ele>440.5</ele>
        <time>2026-09-24T19:56:55Z</time>
      </trkpt>
      <trkpt lat="47.112475" lon="9.217724">
        <ele>440.4</ele>
        <time>2026-09-24T19:56:56Z</time>
      </trkpt>
      <trkpt lat="47.112476" lon="9.217711">
        <ele>440.3</ele>
        <time>2026-09-24T19:56:57Z</time>
      </trkpt>
      <trkpt lat="47.112468" lon="9.217695">
        <ele>440.2</ele>
        <time>2026-09-24T19:56:58Z</time>
      </trkpt>
      <trkpt lat="47.112486" lon="9.217673">
        <ele>440.0</ele>
        <time>2026-09-24T19:56:59Z</time>
      </trkpt>
      <trkpt lat="47.11248" lon="9.217654">
        <ele>439.9</ele>
        <time>2026-09-24T19:57:00Z</time>
      </trkpt>
      <trkpt lat="47.112475" lon="9.217634">
        <ele>439.7</ele>
        <time>2026-09-24T19:57:01Z</time>
      </trkpt>
      <trkpt lat="47.112491" lon="9.217622">
        <ele>439.5</ele>
        <time>2026-09-24T19:57:02Z</time>
      </trkpt>
      <trkpt lat="47.112499" lon="9.217601">
        <ele>439.4</ele>
        <time>2026-09-24T19:57:03Z</time>
      </trkpt>
      <trkpt lat="47.112515" lon="9.217599">
        <ele>439.2</ele>
        <time>2026-09-24T19:57:04Z</time>
      </trkpt>
      <trkpt lat="47.112523" lon="9.217584">
        <ele>439.1</ele>
        <time>2026-09-24T19:57:05Z</time>
      </trkpt>
      <trkpt lat="47.112529" lon="9.217564">
        <ele>439.0</ele>
        <time>2026-09-24T19:57:06Z</time>
      </trkpt>
      <trkpt lat="47.112529" lon="9.217543">
        <ele>438.8</ele>
        <time>2026-09-24T19:57:07Z</time>
      </trkpt>
      <trkpt lat="47.112536" lon="9.217529">
        <ele>438.7</ele>
        <time>2026-09-24T19:57:08Z</time>
      </trkpt>
      <trkpt lat="47.112545" lon="9.217512">
        <ele>438.6</ele>
        <time>2026-09-24T19:57:09Z</time>
      </trkpt>
      <trkpt lat="47.112551" lon="9.217496">
        <ele>438.5</ele>
        <time>2026-09-24T19:57:10Z</time>
      </trkpt>
      <trkpt lat="47.112556" lon="9.217485">
        <ele>438.4</ele>
        <time>2026-09-24T19:57:11Z</time>
      </trkpt>
      <trkpt lat="47.112564" lon="9.217471">
        <ele>438.3</ele>
        <time>2026-09-24T19:57:12Z</time>
      </trkpt>
      <trkpt lat="47.112568" lon="9.217456">
        <ele>438.3</ele>
        <time>2026-09-24T19:57:13Z</time>
      </trkpt>
      <trkpt lat="47.112579" lon="9.217438">
        <ele>438.3</ele>
        <time>2026-09-24T19:57:14Z</time>
      </trkpt>
      <trkpt lat="47.112592" lon="9.217423">
        <ele>438.3</ele>
        <time>2026-09-24T19:57:15Z</time>
      </trkpt>
      <trkpt lat="47.112597" lon="9.217407">
        <ele>438.2</ele>
        <time>2026-09-24T19:57:16Z</time>
      </trkpt>
      <trkpt lat="47.112607" lon="9.217393">
        <ele>438.2</ele>
        <time>2026-09-24T19:57:17Z</time>
      </trkpt>
      <trkpt lat="47.112603" lon="9.217367">
        <ele>438.2</ele>
        <time>2026-09-24T19:57:18Z</time>
      </trkpt>
      <trkpt lat="47.112617" lon="9.21735">
        <ele>438.2</ele>
        <time>2026-09-24T19:57:19Z</time>
      </trkpt>
      <trkpt lat="47.112622" lon="9.217331">
        <ele>438.2</ele>
        <time>2026-09-24T19:57:20Z</time>
      </trkpt>
      <trkpt lat="47.11263" lon="9.217315">
        <ele>438.2</ele>
        <time>2026-09-24T19:57:21Z</time>
      </trkpt>
      <trkpt lat="47.112647" lon="9.2173">
        <ele>438.2</ele>
        <time>2026-09-24T19:57:22Z</time>
      </trkpt>
      <trkpt lat="47.112651" lon="9.217285">
        <ele>438.2</ele>
        <time>2026-09-24T19:57:23Z</time>
      </trkpt>
      <trkpt lat="47.112655" lon="9.217265">
        <ele>438.1</ele>
        <time>2026-09-24T19:57:24Z</time>
      </trkpt>
      <trkpt lat="47.112661" lon="9.217242">
        <ele>437.8</ele>
        <time>2026-09-24T19:57:25Z</time>
      </trkpt>
      <trkpt lat="47.112658" lon="9.217221">
        <ele>437.1</ele>
        <time>2026-09-24T19:57:26Z</time>
      </trkpt>
      <trkpt lat="47.112656" lon="9.217214">
        <ele>436.9</ele>
        <time>2026-09-24T19:57:27Z</time>
      </trkpt>
      <trkpt lat="47.112659" lon="9.217205">
        <ele>436.6</ele>
        <time>2026-09-24T19:57:28Z</time>
      </trkpt>
      <trkpt lat="47.112662" lon="9.217191">
        <ele>436.1</ele>
        <time>2026-09-24T19:57:29Z</time>
      </trkpt>
      <trkpt lat="47.112668" lon="9.21718">
        <ele>435.6</ele>
        <time>2026-09-24T19:57:30Z</time>
      </trkpt>
      <trkpt lat="47.11267" lon="9.217183">
        <ele>435.5</ele>
        <time>2026-09-24T19:57:31Z</time>
      </trkpt>
      <trkpt lat="47.112672" lon="9.217186">
        <ele>435.4</ele>
        <time>2026-09-24T19:57:32Z</time>
      </trkpt>
      <trkpt lat="47.112675" lon="9.21718">
        <ele>435.1</ele>
        <time>2026-09-24T19:57:33Z</time>
      </trkpt>
      <trkpt lat="47.112694" lon="9.217158">
        <ele>433.9</ele>
        <time>2026-09-24T19:57:34Z</time>
      </trkpt>
      <trkpt lat="47.112716" lon="9.217149">
        <ele>432.8</ele>
        <time>2026-09-24T19:57:35Z</time>
      </trkpt>
      <trkpt lat="47.112753" lon="9.217142">
        <ele>431.3</ele>
        <time>2026-09-24T19:57:36Z</time>
      </trkpt>
      <trkpt lat="47.112762" lon="9.217116">
        <ele>430.8</ele>
        <time>2026-09-24T19:57:37Z</time>
      </trkpt>
      <trkpt lat="47.112762" lon="9.217094">
        <ele>430.8</ele>
        <time>2026-09-24T19:57:38Z</time>
      </trkpt>
      <trkpt lat="47.112754" lon="9.217079">
        <ele>430.8</ele>
        <time>2026-09-24T19:57:39Z</time>
      </trkpt>
      <trkpt lat="47.112753" lon="9.217056">
        <ele>430.8</ele>
        <time>2026-09-24T19:57:40Z</time>
      </trkpt>
      <trkpt lat="47.112749" lon="9.217035">
        <ele>430.7</ele>
        <time>2026-09-24T19:57:41Z</time>
      </trkpt>
      <trkpt lat="47.112753" lon="9.217016">
        <ele>430.7</ele>
        <time>2026-09-24T19:57:42Z</time>
      </trkpt>
      <trkpt lat="47.112763" lon="9.217003">
        <ele>430.7</ele>
        <time>2026-09-24T19:57:43Z</time>
      </trkpt>
      <trkpt lat="47.112763" lon="9.216989">
        <ele>430.7</ele>
        <time>2026-09-24T19:57:44Z</time>
      </trkpt>
      <trkpt lat="47.112767" lon="9.216974">
        <ele>430.6</ele>
        <time>2026-09-24T19:57:45Z</time>
      </trkpt>
      <trkpt lat="47.112775" lon="9.216957">
        <ele>430.6</ele>
        <time>2026-09-24T19:57:46Z</time>
      </trkpt>
      <trkpt lat="47.112794" lon="9.21695">
        <ele>430.6</ele>
        <time>2026-09-24T19:57:47Z</time>
      </trkpt>
      <trkpt lat="47.112805" lon="9.216941">
        <ele>430.5</ele>
        <time>2026-09-24T19:57:48Z</time>
      </trkpt>
      <trkpt lat="47.112806" lon="9.216923">
        <ele>430.5</ele>
        <time>2026-09-24T19:57:49Z</time>
      </trkpt>
      <trkpt lat="47.112811" lon="9.216907">
        <ele>430.5</ele>
        <time>2026-09-24T19:57:50Z</time>
      </trkpt>
      <trkpt lat="47.112805" lon="9.216889">
        <ele>430.5</ele>
        <time>2026-09-24T19:57:51Z</time>
      </trkpt>
      <trkpt lat="47.112798" lon="9.216866">
        <ele>430.4</ele>
        <time>2026-09-24T19:57:52Z</time>
      </trkpt>
      <trkpt lat="47.112797" lon="9.216845">
        <ele>430.4</ele>
        <time>2026-09-24T19:57:53Z</time>
      </trkpt>
      <trkpt lat="47.112787" lon="9.216818">
        <ele>430.4</ele>
        <time>2026-09-24T19:57:54Z</time>
      </trkpt>
      <trkpt lat="47.112791" lon="9.216808">
        <ele>430.4</ele>
        <time>2026-09-24T19:57:55Z</time>
      </trkpt>
      <trkpt lat="47.11279" lon="9.21679">
        <ele>430.3</ele>
        <time>2026-09-24T19:57:56Z</time>
      </trkpt>
      <trkpt lat="47.112792" lon="9.216764">
        <ele>430.3</ele>
        <time>2026-09-24T19:57:57Z</time>
      </trkpt>
      <trkpt lat="47.112789" lon="9.216742">
        <ele>430.3</ele>
        <time>2026-09-24T19:57:58Z</time>
      </trkpt>
      <trkpt lat="47.112786" lon="9.216715">
        <ele>430.3</ele>
        <time>2026-09-24T19:57:59Z</time>
      </trkpt>
      <trkpt lat="47.112782" lon="9.216688">
        <ele>430.2</ele>
        <time>2026-09-24T19:58:00Z</time>
      </trkpt>
      <trkpt lat="47.112774" lon="9.216671">
        <ele>430.2</ele>
        <time>2026-09-24T19:58:01Z</time>
      </trkpt>
      <trkpt lat="47.112774" lon="9.21665">
        <ele>430.2</ele>
        <time>2026-09-24T19:58:02Z</time>
      </trkpt>
      <trkpt lat="47.112774" lon="9.21663">
        <ele>430.2</ele>
        <time>2026-09-24T19:58:03Z</time>
      </trkpt>
      <trkpt lat="47.112775" lon="9.216602">
        <ele>430.2</ele>
        <time>2026-09-24T19:58:04Z</time>
      </trkpt>
      <trkpt lat="47.112768" lon="9.216579">
        <ele>430.2</ele>
        <time>2026-09-24T19:58:05Z</time>
      </trkpt>
      <trkpt lat="47.112763" lon="9.216555">
        <ele>430.2</ele>
        <time>2026-09-24T19:58:06Z</time>
      </trkpt>
      <trkpt lat="47.112761" lon="9.216534">
        <ele>430.2</ele>
        <time>2026-09-24T19:58:07Z</time>
      </trkpt>
      <trkpt lat="47.112763" lon="9.216504">
        <ele>430.2</ele>
        <time>2026-09-24T19:58:08Z</time>
      </trkpt>
      <trkpt lat="47.112765" lon="9.216483">
        <ele>430.2</ele>
        <time>2026-09-24T19:58:09Z</time>
      </trkpt>
      <trkpt lat="47.112763" lon="9.216455">
        <ele>430.2</ele>
        <time>2026-09-24T19:58:10Z</time>
      </trkpt>
      <trkpt lat="47.112759" lon="9.21644">
        <ele>430.2</ele>
        <time>2026-09-24T19:58:11Z</time>
      </trkpt>
      <trkpt lat="47.112755" lon="9.216419">
        <ele>430.2</ele>
        <time>2026-09-24T19:58:12Z</time>
      </trkpt>
      <trkpt lat="47.112748" lon="9.216404">
        <ele>430.2</ele>
        <time>2026-09-24T19:58:13Z</time>
      </trkpt>
      <trkpt lat="47.112742" lon="9.216384">
        <ele>430.2</ele>
        <time>2026-09-24T19:58:14Z</time>
      </trkpt>
      <trkpt lat="47.112741" lon="9.216355">
        <ele>430.3</ele>
        <time>2026-09-24T19:58:15Z</time>
      </trkpt>
      <trkpt lat="47.112737" lon="9.216343">
        <ele>430.3</ele>
        <time>2026-09-24T19:58:16Z</time>
      </trkpt>
      <trkpt lat="47.112731" lon="9.216326">
        <ele>430.3</ele>
        <time>2026-09-24T19:58:17Z</time>
      </trkpt>
      <trkpt lat="47.112727" lon="9.216312">
        <ele>430.3</ele>
        <time>2026-09-24T19:58:18Z</time>
      </trkpt>
      <trkpt lat="47.112726" lon="9.216299">
        <ele>430.3</ele>
        <time>2026-09-24T19:58:19Z</time>
      </trkpt>
      <trkpt lat="47.112724" lon="9.216281">
        <ele>430.4</ele>
        <time>2026-09-24T19:58:20Z</time>
      </trkpt>
      <trkpt lat="47.112713" lon="9.216277">
        <ele>430.4</ele>
        <time>2026-09-24T19:58:21Z</time>
      </trkpt>
      <trkpt lat="47.112713" lon="9.216255">
        <ele>430.4</ele>
        <time>2026-09-24T19:58:22Z</time>
      </trkpt>
      <trkpt lat="47.1127" lon="9.216238">
        <ele>430.5</ele>
        <time>2026-09-24T19:58:23Z</time>
      </trkpt>
      <trkpt lat="47.112685" lon="9.216218">
        <ele>430.5</ele>
        <time>2026-09-24T19:58:24Z</time>
      </trkpt>
      <trkpt lat="47.112681" lon="9.216186">
        <ele>430.6</ele>
        <time>2026-09-24T19:58:25Z</time>
      </trkpt>
      <trkpt lat="47.112679" lon="9.216167">
        <ele>430.7</ele>
        <time>2026-09-24T19:58:26Z</time>
      </trkpt>
      <trkpt lat="47.11268" lon="9.216147">
        <ele>430.7</ele>
        <time>2026-09-24T19:58:27Z</time>
      </trkpt>
      <trkpt lat="47.112682" lon="9.216103">
        <ele>430.8</ele>
        <time>2026-09-24T19:58:28Z</time>
      </trkpt>
      <trkpt lat="47.112677" lon="9.216075">
        <ele>430.9</ele>
        <time>2026-09-24T19:58:29Z</time>
      </trkpt>
      <trkpt lat="47.112658" lon="9.216048">
        <ele>431.0</ele>
        <time>2026-09-24T19:58:30Z</time>
      </trkpt>
      <trkpt lat="47.112652" lon="9.216027">
        <ele>431.1</ele>
        <time>2026-09-24T19:58:31Z</time>
      </trkpt>
      <trkpt lat="47.112652" lon="9.216014">
        <ele>431.1</ele>
        <time>2026-09-24T19:58:32Z</time>
      </trkpt>
      <trkpt lat="47.11266" lon="9.216008">
        <ele>431.2</ele>
        <time>2026-09-24T19:58:33Z</time>
      </trkpt>
      <trkpt lat="47.112661" lon="9.215987">
        <ele>431.2</ele>
        <time>2026-09-24T19:58:34Z</time>
      </trkpt>
      <trkpt lat="47.11266" lon="9.215952">
        <ele>431.3</ele>
        <time>2026-09-24T19:58:35Z</time>
      </trkpt>
      <trkpt lat="47.112655" lon="9.215939">
        <ele>431.4</ele>
        <time>2026-09-24T19:58:36Z</time>
      </trkpt>
      <trkpt lat="47.112653" lon="9.21592">
        <ele>431.5</ele>
        <time>2026-09-24T19:58:37Z</time>
      </trkpt>
      <trkpt lat="47.112655" lon="9.215904">
        <ele>431.5</ele>
        <time>2026-09-24T19:58:38Z</time>
      </trkpt>
      <trkpt lat="47.112659" lon="9.215892">
        <ele>431.6</ele>
        <time>2026-09-24T19:58:39Z</time>
      </trkpt>
      <trkpt lat="47.112657" lon="9.215886">
        <ele>431.6</ele>
        <time>2026-09-24T19:58:40Z</time>
      </trkpt>
      <trkpt lat="47.112648" lon="9.215864">
        <ele>431.7</ele>
        <time>2026-09-24T19:58:41Z</time>
      </trkpt>
      <trkpt lat="47.112634" lon="9.215854">
        <ele>431.7</ele>
        <time>2026-09-24T19:58:42Z</time>
      </trkpt>
      <trkpt lat="47.112623" lon="9.215835">
        <ele>431.8</ele>
        <time>2026-09-24T19:58:43Z</time>
      </trkpt>
      <trkpt lat="47.112617" lon="9.215817">
        <ele>431.9</ele>
        <time>2026-09-24T19:58:44Z</time>
      </trkpt>
      <trkpt lat="47.112607" lon="9.215795">
        <ele>432.0</ele>
        <time>2026-09-24T19:58:45Z</time>
      </trkpt>
      <trkpt lat="47.112604" lon="9.215784">
        <ele>432.0</ele>
        <time>2026-09-24T19:58:46Z</time>
      </trkpt>
      <trkpt lat="47.112601" lon="9.215758">
        <ele>432.1</ele>
        <time>2026-09-24T19:58:47Z</time>
      </trkpt>
      <trkpt lat="47.112591" lon="9.215741">
        <ele>432.2</ele>
        <time>2026-09-24T19:58:48Z</time>
      </trkpt>
      <trkpt lat="47.112584" lon="9.21572">
        <ele>432.3</ele>
        <time>2026-09-24T19:58:49Z</time>
      </trkpt>
      <trkpt lat="47.112574" lon="9.215708">
        <ele>432.3</ele>
        <time>2026-09-24T19:58:50Z</time>
      </trkpt>
      <trkpt lat="47.112571" lon="9.215691">
        <ele>432.4</ele>
        <time>2026-09-24T19:58:51Z</time>
      </trkpt>
      <trkpt lat="47.11257" lon="9.215675">
        <ele>432.4</ele>
        <time>2026-09-24T19:58:52Z</time>
      </trkpt>
      <trkpt lat="47.112569" lon="9.215651">
        <ele>432.5</ele>
        <time>2026-09-24T19:58:53Z</time>
      </trkpt>
      <trkpt lat="47.112563" lon="9.21564">
        <ele>432.5</ele>
        <time>2026-09-24T19:58:54Z</time>
      </trkpt>
      <trkpt lat="47.112554" lon="9.215631">
        <ele>432.6</ele>
        <time>2026-09-24T19:58:55Z</time>
      </trkpt>
      <trkpt lat="47.112545" lon="9.215633">
        <ele>432.6</ele>
        <time>2026-09-24T19:58:56Z</time>
      </trkpt>
      <trkpt lat="47.112539" lon="9.215626">
        <ele>432.6</ele>
        <time>2026-09-24T19:58:57Z</time>
      </trkpt>
      <trkpt lat="47.11252" lon="9.215629">
        <ele>432.7</ele>
        <time>2026-09-24T19:58:58Z</time>
      </trkpt>
      <trkpt lat="47.112503" lon="9.215635">
        <ele>432.7</ele>
        <time>2026-09-24T19:58:59Z</time>
      </trkpt>
      <trkpt lat="47.11248" lon="9.215639">
        <ele>432.8</ele>
        <time>2026-09-24T19:59:00Z</time>
      </trkpt>
      <trkpt lat="47.112471" lon="9.21564">
        <ele>432.8</ele>
        <time>2026-09-24T19:59:01Z</time>
      </trkpt>
      <trkpt lat="47.112467" lon="9.215645">
        <ele>432.9</ele>
        <time>2026-09-24T19:59:02Z</time>
      </trkpt>
      <trkpt lat="47.112458" lon="9.215632">
        <ele>432.9</ele>
        <time>2026-09-24T19:59:03Z</time>
      </trkpt>
      <trkpt lat="47.11245" lon="9.21564">
        <ele>432.9</ele>
        <time>2026-09-24T19:59:04Z</time>
      </trkpt>
      <trkpt lat="47.112434" lon="9.215664">
        <ele>433.0</ele>
        <time>2026-09-24T19:59:05Z</time>
      </trkpt>
      <trkpt lat="47.112441" lon="9.215672">
        <ele>433.0</ele>
        <time>2026-09-24T19:59:06Z</time>
      </trkpt>
      <trkpt lat="47.112441" lon="9.215668">
        <ele>433.0</ele>
        <time>2026-09-24T19:59:07Z</time>
      </trkpt>
      <trkpt lat="47.112436" lon="9.215664">
        <ele>433.0</ele>
        <time>2026-09-24T19:59:08Z</time>
      </trkpt>
      <trkpt lat="47.112424" lon="9.215661">
        <ele>433.1</ele>
        <time>2026-09-24T19:59:09Z</time>
      </trkpt>
      <trkpt lat="47.112428" lon="9.215662">
        <ele>433.1</ele>
        <time>2026-09-24T19:59:10Z</time>
      </trkpt>
      <trkpt lat="47.112423" lon="9.215663">
        <ele>433.2</ele>
        <time>2026-09-24T19:59:11Z</time>
      </trkpt>
      <trkpt lat="47.112412" lon="9.215662">
        <ele>433.2</ele>
        <time>2026-09-24T19:59:12Z</time>
      </trkpt>
      <trkpt lat="47.112412" lon="9.215662">
        <ele>433.2</ele>
        <time>2026-09-24T19:59:13Z</time>
      </trkpt>
      <trkpt lat="47.112412" lon="9.215662">
        <ele>433.2</ele>
        <time>2026-09-24T19:59:14Z</time>
      </trkpt>
      <trkpt lat="47.112409" lon="9.21566">
        <ele>433.3</ele>
        <time>2026-09-24T19:59:15Z</time>
      </trkpt>
      <trkpt lat="47.112408" lon="9.215659">
        <ele>433.3</ele>
        <time>2026-09-24T19:59:16Z</time>
      </trkpt>
      <trkpt lat="47.112404" lon="9.215661">
        <ele>433.3</ele>
        <time>2026-09-24T19:59:17Z</time>
      </trkpt>
      <trkpt lat="47.112404" lon="9.215662">
        <ele>433.3</ele>
        <time>2026-09-24T19:59:18Z</time>
      </trkpt>
      <trkpt lat="47.112405" lon="9.215667">
        <ele>433.3</ele>
        <time>2026-09-24T19:59:19Z</time>
      </trkpt>
      <trkpt lat="47.112405" lon="9.215667">
        <ele>433.3</ele>
        <time>2026-09-24T19:59:20Z</time>
      </trkpt>
      <trkpt lat="47.112404" lon="9.215667">
        <ele>433.3</ele>
        <time>2026-09-24T19:59:21Z</time>
      </trkpt>
      <trkpt lat="47.112405" lon="9.215667">
        <ele>433.4</ele>
        <time>2026-09-24T19:59:22Z</time>
      </trkpt>
      <trkpt lat="47.112404" lon="9.215668">
        <ele>433.4</ele>
        <time>2026-09-24T19:59:23Z</time>
      </trkpt>
      <trkpt lat="47.112402" lon="9.215662">
        <ele>433.4</ele>
        <time>2026-09-24T19:59:24Z</time>
      </trkpt>
      <trkpt lat="47.112391" lon="9.215654">
        <ele>433.5</ele>
        <time>2026-09-24T19:59:25Z</time>
      </trkpt>
      <trkpt lat="47.112391" lon="9.215654">
        <ele>433.5</ele>
        <time>2026-09-24T19:59:26Z</time>
      </trkpt>
      <trkpt lat="47.11238" lon="9.21563">
        <ele>433.6</ele>
        <time>2026-09-24T19:59:27Z</time>
      </trkpt>
      <trkpt lat="47.112375" lon="9.215612">
        <ele>433.7</ele>
        <time>2026-09-24T19:59:28Z</time>
      </trkpt>
      <trkpt lat="47.112378" lon="9.215602">
        <ele>433.8</ele>
        <time>2026-09-24T19:59:29Z</time>
      </trkpt>
      <trkpt lat="47.112374" lon="9.215591">
        <ele>433.9</ele>
        <time>2026-09-24T19:59:30Z</time>
      </trkpt>
      <trkpt lat="47.112379" lon="9.215596">
        <ele>433.8</ele>
        <time>2026-09-24T19:59:31Z</time>
      </trkpt>
      <trkpt lat="47.112379" lon="9.21561">
        <ele>433.8</ele>
        <time>2026-09-24T19:59:32Z</time>
      </trkpt>
      <trkpt lat="47.112383" lon="9.215612">
        <ele>433.8</ele>
        <time>2026-09-24T19:59:33Z</time>
      </trkpt>
      <trkpt lat="47.112389" lon="9.21562">
        <ele>433.8</ele>
        <time>2026-09-24T19:59:34Z</time>
      </trkpt>
      <trkpt lat="47.11239" lon="9.215621">
        <ele>433.8</ele>
        <time>2026-09-24T19:59:35Z</time>
      </trkpt>
      <trkpt lat="47.11239" lon="9.215621">
        <ele>433.8</ele>
        <time>2026-09-24T19:59:36Z</time>
      </trkpt>
      <trkpt lat="47.112407" lon="9.215628">
        <ele>433.7</ele>
        <time>2026-09-24T19:59:37Z</time>
      </trkpt>
      <trkpt lat="47.112407" lon="9.215628">
        <ele>433.7</ele>
        <time>2026-09-24T19:59:38Z</time>
      </trkpt>
      <trkpt lat="47.112418" lon="9.215628">
        <ele>433.7</ele>
        <time>2026-09-24T19:59:39Z</time>
      </trkpt>
      <trkpt lat="47.11242" lon="9.215616">
        <ele>433.6</ele>
        <time>2026-09-24T19:59:40Z</time>
      </trkpt>
      <trkpt lat="47.112418" lon="9.215599">
        <ele>433.6</ele>
        <time>2026-09-24T19:59:41Z</time>
      </trkpt>
      <trkpt lat="47.112424" lon="9.215596">
        <ele>433.6</ele>
        <time>2026-09-24T19:59:42Z</time>
      </trkpt>
      <trkpt lat="47.112434" lon="9.215588">
        <ele>433.5</ele>
        <time>2026-09-24T19:59:43Z</time>
      </trkpt>
      <trkpt lat="47.112448" lon="9.215584">
        <ele>433.5</ele>
        <time>2026-09-24T19:59:44Z</time>
      </trkpt>
      <trkpt lat="47.112446" lon="9.21558">
        <ele>433.5</ele>
        <time>2026-09-24T19:59:45Z</time>
      </trkpt>
      <trkpt lat="47.112454" lon="9.215576">
        <ele>433.4</ele>
        <time>2026-09-24T19:59:46Z</time>
      </trkpt>
      <trkpt lat="47.112468" lon="9.21557">
        <ele>433.4</ele>
        <time>2026-09-24T19:59:47Z</time>
      </trkpt>
      <trkpt lat="47.112471" lon="9.215577">
        <ele>433.4</ele>
        <time>2026-09-24T19:59:48Z</time>
      </trkpt>
      <trkpt lat="47.112473" lon="9.215572">
        <ele>433.3</ele>
        <time>2026-09-24T19:59:49Z</time>
      </trkpt>
      <trkpt lat="47.112473" lon="9.215579">
        <ele>433.3</ele>
        <time>2026-09-24T19:59:50Z</time>
      </trkpt>
      <trkpt lat="47.112467" lon="9.215576">
        <ele>433.3</ele>
        <time>2026-09-24T19:59:51Z</time>
      </trkpt>
      <trkpt lat="47.112469" lon="9.215576">
        <ele>433.3</ele>
        <time>2026-09-24T19:59:52Z</time>
      </trkpt>
      <trkpt lat="47.112474" lon="9.215569">
        <ele>433.3</ele>
        <time>2026-09-24T19:59:53Z</time>
      </trkpt>
      <trkpt lat="47.112486" lon="9.215569">
        <ele>433.2</ele>
        <time>2026-09-24T19:59:54Z</time>
      </trkpt>
      <trkpt lat="47.112505" lon="9.215568">
        <ele>433.1</ele>
        <time>2026-09-24T19:59:55Z</time>
      </trkpt>
      <trkpt lat="47.112524" lon="9.215564">
        <ele>433.0</ele>
        <time>2026-09-24T19:59:56Z</time>
      </trkpt>
      <trkpt lat="47.112537" lon="9.215562">
        <ele>433.0</ele>
        <time>2026-09-24T19:59:57Z</time>
      </trkpt>
      <trkpt lat="47.112553" lon="9.215555">
        <ele>432.9</ele>
        <time>2026-09-24T19:59:58Z</time>
      </trkpt>
      <trkpt lat="47.112565" lon="9.215529">
        <ele>432.8</ele>
        <time>2026-09-24T19:59:59Z</time>
      </trkpt>
      <trkpt lat="47.112571" lon="9.215511">
        <ele>432.8</ele>
        <time>2026-09-24T20:00:00Z</time>
      </trkpt>
      <trkpt lat="47.112585" lon="9.215491">
        <ele>432.7</ele>
        <time>2026-09-24T20:00:01Z</time>
      </trkpt>
      <trkpt lat="47.112593" lon="9.215481">
        <ele>432.6</ele>
        <time>2026-09-24T20:00:02Z</time>
      </trkpt>
      <trkpt lat="47.112604" lon="9.215471">
        <ele>432.6</ele>
        <time>2026-09-24T20:00:03Z</time>
      </trkpt>
      <trkpt lat="47.112619" lon="9.215458">
        <ele>432.5</ele>
        <time>2026-09-24T20:00:04Z</time>
      </trkpt>
      <trkpt lat="47.112625" lon="9.215446">
        <ele>432.5</ele>
        <time>2026-09-24T20:00:05Z</time>
      </trkpt>
      <trkpt lat="47.112641" lon="9.215444">
        <ele>432.4</ele>
        <time>2026-09-24T20:00:06Z</time>
      </trkpt>
      <trkpt lat="47.112646" lon="9.215439">
        <ele>432.4</ele>
        <time>2026-09-24T20:00:07Z</time>
      </trkpt>
      <trkpt lat="47.112643" lon="9.215416">
        <ele>432.3</ele>
        <time>2026-09-24T20:00:08Z</time>
      </trkpt>
      <trkpt lat="47.112649" lon="9.215404">
        <ele>432.3</ele>
        <time>2026-09-24T20:00:09Z</time>
      </trkpt>
      <trkpt lat="47.112658" lon="9.215385">
        <ele>432.2</ele>
        <time>2026-09-24T20:00:10Z</time>
      </trkpt>
      <trkpt lat="47.112664" lon="9.215362">
        <ele>432.1</ele>
        <time>2026-09-24T20:00:11Z</time>
      </trkpt>
      <trkpt lat="47.112672" lon="9.215352">
        <ele>432.1</ele>
        <time>2026-09-24T20:00:12Z</time>
      </trkpt>
      <trkpt lat="47.112687" lon="9.215345">
        <ele>432.0</ele>
        <time>2026-09-24T20:00:13Z</time>
      </trkpt>
      <trkpt lat="47.112696" lon="9.215333">
        <ele>432.0</ele>
        <time>2026-09-24T20:00:14Z</time>
      </trkpt>
      <trkpt lat="47.112706" lon="9.215317">
        <ele>431.9</ele>
        <time>2026-09-24T20:00:15Z</time>
      </trkpt>
      <trkpt lat="47.112719" lon="9.215308">
        <ele>431.9</ele>
        <time>2026-09-24T20:00:16Z</time>
      </trkpt>
      <trkpt lat="47.112728" lon="9.215292">
        <ele>431.8</ele>
        <time>2026-09-24T20:00:17Z</time>
      </trkpt>
      <trkpt lat="47.11274" lon="9.215281">
        <ele>431.8</ele>
        <time>2026-09-24T20:00:18Z</time>
      </trkpt>
      <trkpt lat="47.112743" lon="9.21526">
        <ele>431.7</ele>
        <time>2026-09-24T20:00:19Z</time>
      </trkpt>
      <trkpt lat="47.112748" lon="9.215243">
        <ele>431.7</ele>
        <time>2026-09-24T20:00:20Z</time>
      </trkpt>
      <trkpt lat="47.112756" lon="9.215231">
        <ele>431.7</ele>
        <time>2026-09-24T20:00:21Z</time>
      </trkpt>
      <trkpt lat="47.11276" lon="9.21522">
        <ele>431.6</ele>
        <time>2026-09-24T20:00:22Z</time>
      </trkpt>
      <trkpt lat="47.112762" lon="9.215208">
        <ele>431.6</ele>
        <time>2026-09-24T20:00:23Z</time>
      </trkpt>
      <trkpt lat="47.112762" lon="9.215202">
        <ele>431.6</ele>
        <time>2026-09-24T20:00:24Z</time>
      </trkpt>
      <trkpt lat="47.112759" lon="9.215207">
        <ele>431.6</ele>
        <time>2026-09-24T20:00:25Z</time>
      </trkpt>
      <trkpt lat="47.112764" lon="9.215217">
        <ele>431.6</ele>
        <time>2026-09-24T20:00:26Z</time>
      </trkpt>
      <trkpt lat="47.112772" lon="9.215218">
        <ele>431.5</ele>
        <time>2026-09-24T20:00:27Z</time>
      </trkpt>
      <trkpt lat="47.112781" lon="9.215221">
        <ele>431.5</ele>
        <time>2026-09-24T20:00:28Z</time>
      </trkpt>
      <trkpt lat="47.112793" lon="9.21522">
        <ele>431.5</ele>
        <time>2026-09-24T20:00:29Z</time>
      </trkpt>
      <trkpt lat="47.112803" lon="9.215215">
        <ele>431.5</ele>
        <time>2026-09-24T20:00:30Z</time>
      </trkpt>
      <trkpt lat="47.112816" lon="9.215204">
        <ele>431.4</ele>
        <time>2026-09-24T20:00:31Z</time>
      </trkpt>
      <trkpt lat="47.112823" lon="9.215205">
        <ele>431.4</ele>
        <time>2026-09-24T20:00:32Z</time>
      </trkpt>
      <trkpt lat="47.112828" lon="9.2152">
        <ele>431.4</ele>
        <time>2026-09-24T20:00:33Z</time>
      </trkpt>
      <trkpt lat="47.112829" lon="9.215188">
        <ele>431.3</ele>
        <time>2026-09-24T20:00:34Z</time>
      </trkpt>
      <trkpt lat="47.112834" lon="9.215178">
        <ele>431.3</ele>
        <time>2026-09-24T20:00:35Z</time>
      </trkpt>
      <trkpt lat="47.112839" lon="9.21517">
        <ele>431.3</ele>
        <time>2026-09-24T20:00:36Z</time>
      </trkpt>
      <trkpt lat="47.112839" lon="9.215161">
        <ele>431.3</ele>
        <time>2026-09-24T20:00:37Z</time>
      </trkpt>
      <trkpt lat="47.112833" lon="9.215161">
        <ele>431.3</ele>
        <time>2026-09-24T20:00:38Z</time>
      </trkpt>
      <trkpt lat="47.112831" lon="9.215146">
        <ele>431.3</ele>
        <time>2026-09-24T20:00:39Z</time>
      </trkpt>
      <trkpt lat="47.112832" lon="9.215143">
        <ele>431.3</ele>
        <time>2026-09-24T20:00:40Z</time>
      </trkpt>
      <trkpt lat="47.112834" lon="9.215145">
        <ele>431.3</ele>
        <time>2026-09-24T20:00:41Z</time>
      </trkpt>
      <trkpt lat="47.112835" lon="9.215146">
        <ele>431.3</ele>
        <time>2026-09-24T20:00:42Z</time>
      </trkpt>
      <trkpt lat="47.112832" lon="9.215145">
        <ele>431.3</ele>
        <time>2026-09-24T20:00:43Z</time>
      </trkpt>
      <trkpt lat="47.112832" lon="9.215148">
        <ele>431.3</ele>
        <time>2026-09-24T20:00:44Z</time>
      </trkpt>
      <trkpt lat="47.112835" lon="9.215149">
        <ele>431.3</ele>
        <time>2026-09-24T20:00:45Z</time>
      </trkpt>
      <trkpt lat="47.112829" lon="9.215148">
        <ele>431.3</ele>
        <time>2026-09-24T20:00:46Z</time>
      </trkpt>
      <trkpt lat="47.112816" lon="9.215133">
        <ele>431.3</ele>
        <time>2026-09-24T20:00:47Z</time>
      </trkpt>
      <trkpt lat="47.112805" lon="9.21512">
        <ele>431.3</ele>
        <time>2026-09-24T20:00:48Z</time>
      </trkpt>
      <trkpt lat="47.112803" lon="9.215108">
        <ele>431.3</ele>
        <time>2026-09-24T20:00:49Z</time>
      </trkpt>
      <trkpt lat="47.1128" lon="9.215094">
        <ele>431.3</ele>
        <time>2026-09-24T20:00:50Z</time>
      </trkpt>
      <trkpt lat="47.112795" lon="9.215083">
        <ele>431.3</ele>
        <time>2026-09-24T20:00:51Z</time>
      </trkpt>
      <trkpt lat="47.112791" lon="9.215079">
        <ele>431.3</ele>
        <time>2026-09-24T20:00:52Z</time>
      </trkpt>
      <trkpt lat="47.11279" lon="9.215082">
        <ele>431.3</ele>
        <time>2026-09-24T20:00:53Z</time>
      </trkpt>
      <trkpt lat="47.112788" lon="9.215082">
        <ele>431.3</ele>
        <time>2026-09-24T20:00:54Z</time>
      </trkpt>
      <trkpt lat="47.112784" lon="9.215085">
        <ele>431.3</ele>
        <time>2026-09-24T20:00:55Z</time>
      </trkpt>
      <trkpt lat="47.112777" lon="9.215079">
        <ele>431.3</ele>
        <time>2026-09-24T20:00:56Z</time>
      </trkpt>
      <trkpt lat="47.112777" lon="9.215081">
        <ele>431.3</ele>
        <time>2026-09-24T20:00:57Z</time>
      </trkpt>
      <trkpt lat="47.112781" lon="9.215086">
        <ele>431.3</ele>
        <time>2026-09-24T20:00:58Z</time>
      </trkpt>
      <trkpt lat="47.112787" lon="9.215089">
        <ele>431.3</ele>
        <time>2026-09-24T20:00:59Z</time>
      </trkpt>
      <trkpt lat="47.112789" lon="9.215096">
        <ele>431.3</ele>
        <time>2026-09-24T20:01:00Z</time>
      </trkpt>
      <trkpt lat="47.112795" lon="9.215108">
        <ele>431.3</ele>
        <time>2026-09-24T20:01:01Z</time>
      </trkpt>
      <trkpt lat="47.112804" lon="9.21512">
        <ele>431.3</ele>
        <time>2026-09-24T20:01:02Z</time>
      </trkpt>
      <trkpt lat="47.112812" lon="9.215134">
        <ele>431.3</ele>
        <time>2026-09-24T20:01:03Z</time>
      </trkpt>
      <trkpt lat="47.11282" lon="9.215146">
        <ele>431.3</ele>
        <time>2026-09-24T20:01:04Z</time>
      </trkpt>
      <trkpt lat="47.112829" lon="9.215167">
        <ele>431.3</ele>
        <time>2026-09-24T20:01:05Z</time>
      </trkpt>
      <trkpt lat="47.112838" lon="9.215175">
        <ele>431.3</ele>
        <time>2026-09-24T20:01:06Z</time>
      </trkpt>
      <trkpt lat="47.112841" lon="9.215189">
        <ele>431.3</ele>
        <time>2026-09-24T20:01:07Z</time>
      </trkpt>
      <trkpt lat="47.112853" lon="9.215207">
        <ele>431.3</ele>
        <time>2026-09-24T20:01:08Z</time>
      </trkpt>
      <trkpt lat="47.11286" lon="9.215218">
        <ele>431.3</ele>
        <time>2026-09-24T20:01:09Z</time>
      </trkpt>
      <trkpt lat="47.112875" lon="9.215234">
        <ele>431.3</ele>
        <time>2026-09-24T20:01:10Z</time>
      </trkpt>
      <trkpt lat="47.112886" lon="9.21525">
        <ele>431.3</ele>
        <time>2026-09-24T20:01:11Z</time>
      </trkpt>
      <trkpt lat="47.112896" lon="9.215268">
        <ele>431.3</ele>
        <time>2026-09-24T20:01:12Z</time>
      </trkpt>
      <trkpt lat="47.112897" lon="9.215277">
        <ele>431.3</ele>
        <time>2026-09-24T20:01:13Z</time>
      </trkpt>
      <trkpt lat="47.112899" lon="9.215293">
        <ele>431.3</ele>
        <time>2026-09-24T20:01:14Z</time>
      </trkpt>
      <trkpt lat="47.112903" lon="9.215298">
        <ele>431.3</ele>
        <time>2026-09-24T20:01:15Z</time>
      </trkpt>
      <trkpt lat="47.112911" lon="9.215303">
        <ele>431.3</ele>
        <time>2026-09-24T20:01:16Z</time>
      </trkpt>
      <trkpt lat="47.112917" lon="9.215325">
        <ele>431.3</ele>
        <time>2026-09-24T20:01:17Z</time>
      </trkpt>
      <trkpt lat="47.112927" lon="9.215343">
        <ele>431.3</ele>
        <time>2026-09-24T20:01:18Z</time>
      </trkpt>
      <trkpt lat="47.112934" lon="9.215355">
        <ele>431.3</ele>
        <time>2026-09-24T20:01:19Z</time>
      </trkpt>
      <trkpt lat="47.112942" lon="9.215364">
        <ele>431.3</ele>
        <time>2026-09-24T20:01:20Z</time>
      </trkpt>
      <trkpt lat="47.112946" lon="9.215362">
        <ele>431.3</ele>
        <time>2026-09-24T20:01:21Z</time>
      </trkpt>
      <trkpt lat="47.112956" lon="9.215386">
        <ele>431.3</ele>
        <time>2026-09-24T20:01:22Z</time>
      </trkpt>
      <trkpt lat="47.112967" lon="9.21541">
        <ele>431.3</ele>
        <time>2026-09-24T20:01:23Z</time>
      </trkpt>
      <trkpt lat="47.112975" lon="9.21543">
        <ele>431.3</ele>
        <time>2026-09-24T20:01:24Z</time>
      </trkpt>
      <trkpt lat="47.112986" lon="9.215452">
        <ele>431.3</ele>
        <time>2026-09-24T20:01:25Z</time>
      </trkpt>
      <trkpt lat="47.112994" lon="9.215469">
        <ele>431.3</ele>
        <time>2026-09-24T20:01:26Z</time>
      </trkpt>
      <trkpt lat="47.113006" lon="9.215483">
        <ele>431.3</ele>
        <time>2026-09-24T20:01:27Z</time>
      </trkpt>
      <trkpt lat="47.113012" lon="9.215505">
        <ele>431.3</ele>
        <time>2026-09-24T20:01:28Z</time>
      </trkpt>
      <trkpt lat="47.11302" lon="9.215523">
        <ele>431.3</ele>
        <time>2026-09-24T20:01:29Z</time>
      </trkpt>
      <trkpt lat="47.113029" lon="9.215541">
        <ele>431.3</ele>
        <time>2026-09-24T20:01:30Z</time>
      </trkpt>
      <trkpt lat="47.113038" lon="9.215552">
        <ele>431.3</ele>
        <time>2026-09-24T20:01:31Z</time>
      </trkpt>
      <trkpt lat="47.11305" lon="9.21556">
        <ele>431.2</ele>
        <time>2026-09-24T20:01:32Z</time>
      </trkpt>
      <trkpt lat="47.113054" lon="9.215557">
        <ele>431.2</ele>
        <time>2026-09-24T20:01:33Z</time>
      </trkpt>
      <trkpt lat="47.11306" lon="9.215562">
        <ele>431.2</ele>
        <time>2026-09-24T20:01:34Z</time>
      </trkpt>
      <trkpt lat="47.113054" lon="9.215555">
        <ele>431.2</ele>
        <time>2026-09-24T20:01:35Z</time>
      </trkpt>
      <trkpt lat="47.113053" lon="9.215551">
        <ele>431.2</ele>
        <time>2026-09-24T20:01:36Z</time>
      </trkpt>
      <trkpt lat="47.113056" lon="9.215552">
        <ele>431.2</ele>
        <time>2026-09-24T20:01:37Z</time>
      </trkpt>
      <trkpt lat="47.113058" lon="9.215551">
        <ele>431.2</ele>
        <time>2026-09-24T20:01:38Z</time>
      </trkpt>
      <trkpt lat="47.113057" lon="9.215553">
        <ele>431.2</ele>
        <time>2026-09-24T20:01:39Z</time>
      </trkpt>
      <trkpt lat="47.113049" lon="9.21555">
        <ele>431.2</ele>
        <time>2026-09-24T20:01:40Z</time>
      </trkpt>
      <trkpt lat="47.113049" lon="9.215549">
        <ele>431.2</ele>
        <time>2026-09-24T20:01:41Z</time>
      </trkpt>
      <trkpt lat="47.113059" lon="9.215552">
        <ele>431.1</ele>
        <time>2026-09-24T20:01:42Z</time>
      </trkpt>
      <trkpt lat="47.113071" lon="9.215555">
        <ele>431.1</ele>
        <time>2026-09-24T20:01:43Z</time>
      </trkpt>
      <trkpt lat="47.113082" lon="9.215556">
        <ele>431.1</ele>
        <time>2026-09-24T20:01:44Z</time>
      </trkpt>
      <trkpt lat="47.113091" lon="9.215572">
        <ele>431.0</ele>
        <time>2026-09-24T20:01:45Z</time>
      </trkpt>
      <trkpt lat="47.113097" lon="9.215582">
        <ele>431.0</ele>
        <time>2026-09-24T20:01:46Z</time>
      </trkpt>
      <trkpt lat="47.11311" lon="9.215573">
        <ele>431.0</ele>
        <time>2026-09-24T20:01:47Z</time>
      </trkpt>
      <trkpt lat="47.113119" lon="9.215553">
        <ele>431.0</ele>
        <time>2026-09-24T20:01:48Z</time>
      </trkpt>
      <trkpt lat="47.11312" lon="9.215535">
        <ele>430.9</ele>
        <time>2026-09-24T20:01:49Z</time>
      </trkpt>
      <trkpt lat="47.113107" lon="9.215522">
        <ele>430.9</ele>
        <time>2026-09-24T20:01:50Z</time>
      </trkpt>
      <trkpt lat="47.113094" lon="9.215506">
        <ele>430.9</ele>
        <time>2026-09-24T20:01:51Z</time>
      </trkpt>
      <trkpt lat="47.113081" lon="9.215497">
        <ele>430.8</ele>
        <time>2026-09-24T20:01:52Z</time>
      </trkpt>
      <trkpt lat="47.113071" lon="9.215488">
        <ele>430.8</ele>
        <time>2026-09-24T20:01:53Z</time>
      </trkpt>
      <trkpt lat="47.113067" lon="9.215489">
        <ele>430.8</ele>
        <time>2026-09-24T20:01:54Z</time>
      </trkpt>
      <trkpt lat="47.113072" lon="9.215495">
        <ele>430.8</ele>
        <time>2026-09-24T20:01:55Z</time>
      </trkpt>
      <trkpt lat="47.113072" lon="9.215495">
        <ele>430.8</ele>
        <time>2026-09-24T20:01:56Z</time>
      </trkpt>
      <trkpt lat="47.113071" lon="9.215475">
        <ele>430.8</ele>
        <time>2026-09-24T20:01:57Z</time>
      </trkpt>
      <trkpt lat="47.113076" lon="9.215461">
        <ele>430.7</ele>
        <time>2026-09-24T20:01:58Z</time>
      </trkpt>
      <trkpt lat="47.113073" lon="9.215456">
        <ele>430.7</ele>
        <time>2026-09-24T20:01:59Z</time>
      </trkpt>
      <trkpt lat="47.113072" lon="9.215447">
        <ele>430.7</ele>
        <time>2026-09-24T20:02:00Z</time>
      </trkpt>
      <trkpt lat="47.113076" lon="9.215437">
        <ele>430.7</ele>
        <time>2026-09-24T20:02:01Z</time>
      </trkpt>
      <trkpt lat="47.11309" lon="9.215415">
        <ele>430.7</ele>
        <time>2026-09-24T20:02:02Z</time>
      </trkpt>
      <trkpt lat="47.113107" lon="9.215386">
        <ele>430.6</ele>
        <time>2026-09-24T20:02:03Z</time>
      </trkpt>
      <trkpt lat="47.113115" lon="9.215369">
        <ele>430.6</ele>
        <time>2026-09-24T20:02:04Z</time>
      </trkpt>
      <trkpt lat="47.113122" lon="9.215354">
        <ele>430.6</ele>
        <time>2026-09-24T20:02:05Z</time>
      </trkpt>
      <trkpt lat="47.113126" lon="9.215333">
        <ele>430.5</ele>
        <time>2026-09-24T20:02:06Z</time>
      </trkpt>
      <trkpt lat="47.113132" lon="9.215315">
        <ele>430.5</ele>
        <time>2026-09-24T20:02:07Z</time>
      </trkpt>
      <trkpt lat="47.113134" lon="9.215302">
        <ele>430.5</ele>
        <time>2026-09-24T20:02:08Z</time>
      </trkpt>
      <trkpt lat="47.113135" lon="9.215284">
        <ele>430.5</ele>
        <time>2026-09-24T20:02:09Z</time>
      </trkpt>
      <trkpt lat="47.113141" lon="9.215267">
        <ele>430.5</ele>
        <time>2026-09-24T20:02:10Z</time>
      </trkpt>
      <trkpt lat="47.113157" lon="9.215252">
        <ele>430.4</ele>
        <time>2026-09-24T20:02:11Z</time>
      </trkpt>
      <trkpt lat="47.113171" lon="9.21524">
        <ele>430.4</ele>
        <time>2026-09-24T20:02:12Z</time>
      </trkpt>
      <trkpt lat="47.113183" lon="9.215229">
        <ele>430.4</ele>
        <time>2026-09-24T20:02:13Z</time>
      </trkpt>
      <trkpt lat="47.113192" lon="9.215218">
        <ele>430.4</ele>
        <time>2026-09-24T20:02:14Z</time>
      </trkpt>
      <trkpt lat="47.113202" lon="9.215211">
        <ele>430.4</ele>
        <time>2026-09-24T20:02:15Z</time>
      </trkpt>
      <trkpt lat="47.113203" lon="9.215201">
        <ele>430.3</ele>
        <time>2026-09-24T20:02:16Z</time>
      </trkpt>
      <trkpt lat="47.113203" lon="9.215192">
        <ele>430.3</ele>
        <time>2026-09-24T20:02:17Z</time>
      </trkpt>
      <trkpt lat="47.113208" lon="9.215191">
        <ele>430.3</ele>
        <time>2026-09-24T20:02:18Z</time>
      </trkpt>
      <trkpt lat="47.113207" lon="9.215194">
        <ele>430.3</ele>
        <time>2026-09-24T20:02:19Z</time>
      </trkpt>
      <trkpt lat="47.113214" lon="9.215193">
        <ele>430.3</ele>
        <time>2026-09-24T20:02:20Z</time>
      </trkpt>
      <trkpt lat="47.113218" lon="9.215202">
        <ele>430.3</ele>
        <time>2026-09-24T20:02:21Z</time>
      </trkpt>
      <trkpt lat="47.113216" lon="9.215206">
        <ele>430.4</ele>
        <time>2026-09-24T20:02:22Z</time>
      </trkpt>
      <trkpt lat="47.113215" lon="9.215213">
        <ele>430.4</ele>
        <time>2026-09-24T20:02:23Z</time>
      </trkpt>
      <trkpt lat="47.113216" lon="9.215227">
        <ele>430.4</ele>
        <time>2026-09-24T20:02:24Z</time>
      </trkpt>
      <trkpt lat="47.113213" lon="9.215247">
        <ele>430.5</ele>
        <time>2026-09-24T20:02:25Z</time>
      </trkpt>
      <trkpt lat="47.113202" lon="9.21527">
        <ele>430.5</ele>
        <time>2026-09-24T20:02:26Z</time>
      </trkpt>
      <trkpt lat="47.113196" lon="9.215288">
        <ele>430.6</ele>
        <time>2026-09-24T20:02:27Z</time>
      </trkpt>
      <trkpt lat="47.113196" lon="9.215302">
        <ele>430.6</ele>
        <time>2026-09-24T20:02:28Z</time>
      </trkpt>
      <trkpt lat="47.113199" lon="9.215307">
        <ele>430.7</ele>
        <time>2026-09-24T20:02:29Z</time>
      </trkpt>
      <trkpt lat="47.1132" lon="9.215319">
        <ele>430.7</ele>
        <time>2026-09-24T20:02:30Z</time>
      </trkpt>
      <trkpt lat="47.113198" lon="9.215335">
        <ele>430.8</ele>
        <time>2026-09-24T20:02:31Z</time>
      </trkpt>
      <trkpt lat="47.113195" lon="9.21535">
        <ele>430.8</ele>
        <time>2026-09-24T20:02:32Z</time>
      </trkpt>
      <trkpt lat="47.113187" lon="9.215366">
        <ele>430.9</ele>
        <time>2026-09-24T20:02:33Z</time>
      </trkpt>
      <trkpt lat="47.113175" lon="9.215387">
        <ele>431.0</ele>
        <time>2026-09-24T20:02:34Z</time>
      </trkpt>
      <trkpt lat="47.113166" lon="9.215396">
        <ele>431.0</ele>
        <time>2026-09-24T20:02:35Z</time>
      </trkpt>
      <trkpt lat="47.113177" lon="9.215422">
        <ele>431.1</ele>
        <time>2026-09-24T20:02:36Z</time>
      </trkpt>
      <trkpt lat="47.113174" lon="9.21545">
        <ele>431.2</ele>
        <time>2026-09-24T20:02:37Z</time>
      </trkpt>
      <trkpt lat="47.113164" lon="9.215464">
        <ele>431.3</ele>
        <time>2026-09-24T20:02:38Z</time>
      </trkpt>
      <trkpt lat="47.113162" lon="9.215481">
        <ele>431.3</ele>
        <time>2026-09-24T20:02:39Z</time>
      </trkpt>
      <trkpt lat="47.113159" lon="9.21549">
        <ele>431.3</ele>
        <time>2026-09-24T20:02:40Z</time>
      </trkpt>
      <trkpt lat="47.113156" lon="9.215515">
        <ele>431.3</ele>
        <time>2026-09-24T20:02:41Z</time>
      </trkpt>
      <trkpt lat="47.113156" lon="9.215545">
        <ele>431.3</ele>
        <time>2026-09-24T20:02:42Z</time>
      </trkpt>
      <trkpt lat="47.113158" lon="9.21556">
        <ele>431.3</ele>
        <time>2026-09-24T20:02:43Z</time>
      </trkpt>
      <trkpt lat="47.113151" lon="9.215576">
        <ele>431.3</ele>
        <time>2026-09-24T20:02:44Z</time>
      </trkpt>
      <trkpt lat="47.113141" lon="9.215592">
        <ele>431.3</ele>
        <time>2026-09-24T20:02:45Z</time>
      </trkpt>
      <trkpt lat="47.113141" lon="9.215613">
        <ele>431.3</ele>
        <time>2026-09-24T20:02:46Z</time>
      </trkpt>
      <trkpt lat="47.113133" lon="9.21563">
        <ele>431.3</ele>
        <time>2026-09-24T20:02:47Z</time>
      </trkpt>
      <trkpt lat="47.113114" lon="9.215631">
        <ele>431.3</ele>
        <time>2026-09-24T20:02:48Z</time>
      </trkpt>
      <trkpt lat="47.113091" lon="9.215621">
        <ele>431.3</ele>
        <time>2026-09-24T20:02:49Z</time>
      </trkpt>
      <trkpt lat="47.113077" lon="9.215607">
        <ele>431.3</ele>
        <time>2026-09-24T20:02:50Z</time>
      </trkpt>
      <trkpt lat="47.113064" lon="9.215602">
        <ele>431.3</ele>
        <time>2026-09-24T20:02:51Z</time>
      </trkpt>
      <trkpt lat="47.11306" lon="9.215611">
        <ele>431.3</ele>
        <time>2026-09-24T20:02:52Z</time>
      </trkpt>
      <trkpt lat="47.113058" lon="9.215618">
        <ele>431.3</ele>
        <time>2026-09-24T20:02:53Z</time>
      </trkpt>
      <trkpt lat="47.113048" lon="9.215613">
        <ele>431.3</ele>
        <time>2026-09-24T20:02:54Z</time>
      </trkpt>
      <trkpt lat="47.113041" lon="9.215607">
        <ele>431.3</ele>
        <time>2026-09-24T20:02:55Z</time>
      </trkpt>
      <trkpt lat="47.113033" lon="9.215616">
        <ele>431.3</ele>
        <time>2026-09-24T20:02:56Z</time>
      </trkpt>
      <trkpt lat="47.113038" lon="9.215628">
        <ele>431.3</ele>
        <time>2026-09-24T20:02:57Z</time>
      </trkpt>
      <trkpt lat="47.113043" lon="9.215642">
        <ele>431.3</ele>
        <time>2026-09-24T20:02:58Z</time>
      </trkpt>
      <trkpt lat="47.113041" lon="9.215632">
        <ele>431.3</ele>
        <time>2026-09-24T20:02:59Z</time>
      </trkpt>
      <trkpt lat="47.113041" lon="9.215632">
        <ele>431.3</ele>
        <time>2026-09-24T20:03:00Z</time>
      </trkpt>
      <trkpt lat="47.113038" lon="9.215632">
        <ele>431.3</ele>
        <time>2026-09-24T20:03:01Z</time>
      </trkpt>
      <trkpt lat="47.113039" lon="9.215626">
        <ele>431.3</ele>
        <time>2026-09-24T20:03:02Z</time>
      </trkpt>
      <trkpt lat="47.113037" lon="9.21563">
        <ele>431.3</ele>
        <time>2026-09-24T20:03:03Z</time>
      </trkpt>
      <trkpt lat="47.113035" lon="9.215649">
        <ele>431.3</ele>
        <time>2026-09-24T20:03:04Z</time>
      </trkpt>
      <trkpt lat="47.113035" lon="9.215672">
        <ele>431.3</ele>
        <time>2026-09-24T20:03:05Z</time>
      </trkpt>
      <trkpt lat="47.113042" lon="9.215691">
        <ele>431.3</ele>
        <time>2026-09-24T20:03:06Z</time>
      </trkpt>
      <trkpt lat="47.113038" lon="9.215705">
        <ele>431.3</ele>
        <time>2026-09-24T20:03:07Z</time>
      </trkpt>
      <trkpt lat="47.113038" lon="9.21572">
        <ele>431.3</ele>
        <time>2026-09-24T20:03:08Z</time>
      </trkpt>
      <trkpt lat="47.113042" lon="9.215742">
        <ele>431.3</ele>
        <time>2026-09-24T20:03:09Z</time>
      </trkpt>
      <trkpt lat="47.113044" lon="9.215758">
        <ele>431.3</ele>
        <time>2026-09-24T20:03:10Z</time>
      </trkpt>
      <trkpt lat="47.113045" lon="9.215776">
        <ele>431.3</ele>
        <time>2026-09-24T20:03:11Z</time>
      </trkpt>
      <trkpt lat="47.113047" lon="9.215783">
        <ele>431.3</ele>
        <time>2026-09-24T20:03:12Z</time>
      </trkpt>
      <trkpt lat="47.113048" lon="9.21578">
        <ele>431.3</ele>
        <time>2026-09-24T20:03:13Z</time>
      </trkpt>
      <trkpt lat="47.113051" lon="9.215776">
        <ele>431.3</ele>
        <time>2026-09-24T20:03:14Z</time>
      </trkpt>
      <trkpt lat="47.113052" lon="9.215777">
        <ele>431.3</ele>
        <time>2026-09-24T20:03:15Z</time>
      </trkpt>
      <trkpt lat="47.11305" lon="9.21578">
        <ele>431.3</ele>
        <time>2026-09-24T20:03:16Z</time>
      </trkpt>
      <trkpt lat="47.113033" lon="9.215799">
        <ele>431.2</ele>
        <time>2026-09-24T20:03:17Z</time>
      </trkpt>
      <trkpt lat="47.113031" lon="9.215817">
        <ele>431.2</ele>
        <time>2026-09-24T20:03:18Z</time>
      </trkpt>
      <trkpt lat="47.113035" lon="9.215829">
        <ele>431.2</ele>
        <time>2026-09-24T20:03:19Z</time>
      </trkpt>
      <trkpt lat="47.113039" lon="9.215846">
        <ele>431.2</ele>
        <time>2026-09-24T20:03:20Z</time>
      </trkpt>
      <trkpt lat="47.113041" lon="9.215863">
        <ele>431.2</ele>
        <time>2026-09-24T20:03:21Z</time>
      </trkpt>
      <trkpt lat="47.113037" lon="9.215877">
        <ele>431.2</ele>
        <time>2026-09-24T20:03:22Z</time>
      </trkpt>
      <trkpt lat="47.113038" lon="9.215889">
        <ele>431.2</ele>
        <time>2026-09-24T20:03:23Z</time>
      </trkpt>
      <trkpt lat="47.113042" lon="9.215902">
        <ele>431.2</ele>
        <time>2026-09-24T20:03:24Z</time>
      </trkpt>
      <trkpt lat="47.113046" lon="9.215908">
        <ele>431.2</ele>
        <time>2026-09-24T20:03:25Z</time>
      </trkpt>
      <trkpt lat="47.113048" lon="9.215907">
        <ele>431.2</ele>
        <time>2026-09-24T20:03:26Z</time>
      </trkpt>
      <trkpt lat="47.113054" lon="9.215916">
        <ele>431.2</ele>
        <time>2026-09-24T20:03:27Z</time>
      </trkpt>
      <trkpt lat="47.113047" lon="9.215887">
        <ele>431.2</ele>
        <time>2026-09-24T20:03:28Z</time>
      </trkpt>
      <trkpt lat="47.113046" lon="9.215878">
        <ele>431.2</ele>
        <time>2026-09-24T20:03:29Z</time>
      </trkpt>
      <trkpt lat="47.113047" lon="9.215889">
        <ele>431.2</ele>
        <time>2026-09-24T20:03:30Z</time>
      </trkpt>
      <trkpt lat="47.113047" lon="9.21589">
        <ele>431.2</ele>
        <time>2026-09-24T20:03:31Z</time>
      </trkpt>
      <trkpt lat="47.113042" lon="9.215897">
        <ele>431.2</ele>
        <time>2026-09-24T20:03:32Z</time>
      </trkpt>
      <trkpt lat="47.113034" lon="9.215895">
        <ele>431.2</ele>
        <time>2026-09-24T20:03:33Z</time>
      </trkpt>
      <trkpt lat="47.113034" lon="9.215889">
        <ele>431.2</ele>
        <time>2026-09-24T20:03:34Z</time>
      </trkpt>
      <trkpt lat="47.113029" lon="9.215872">
        <ele>431.2</ele>
        <time>2026-09-24T20:03:35Z</time>
      </trkpt>
      <trkpt lat="47.113027" lon="9.215855">
        <ele>431.2</ele>
        <time>2026-09-24T20:03:36Z</time>
      </trkpt>
      <trkpt lat="47.113024" lon="9.215846">
        <ele>431.2</ele>
        <time>2026-09-24T20:03:37Z</time>
      </trkpt>
      <trkpt lat="47.11302" lon="9.215829">
        <ele>431.1</ele>
        <time>2026-09-24T20:03:38Z</time>
      </trkpt>
      <trkpt lat="47.113026" lon="9.215821">
        <ele>431.1</ele>
        <time>2026-09-24T20:03:39Z</time>
      </trkpt>
      <trkpt lat="47.113029" lon="9.215812">
        <ele>431.1</ele>
        <time>2026-09-24T20:03:40Z</time>
      </trkpt>
      <trkpt lat="47.113039" lon="9.215792">
        <ele>431.1</ele>
        <time>2026-09-24T20:03:41Z</time>
      </trkpt>
      <trkpt lat="47.113041" lon="9.215784">
        <ele>431.1</ele>
        <time>2026-09-24T20:03:42Z</time>
      </trkpt>
      <trkpt lat="47.113047" lon="9.215779">
        <ele>431.1</ele>
        <time>2026-09-24T20:03:43Z</time>
      </trkpt>
      <trkpt lat="47.113045" lon="9.215787">
        <ele>431.1</ele>
        <time>2026-09-24T20:03:44Z</time>
      </trkpt>
      <trkpt lat="47.113041" lon="9.215797">
        <ele>431.1</ele>
        <time>2026-09-24T20:03:45Z</time>
      </trkpt>
      <trkpt lat="47.113034" lon="9.215819">
        <ele>431.1</ele>
        <time>2026-09-24T20:03:46Z</time>
      </trkpt>
      <trkpt lat="47.113031" lon="9.215854">
        <ele>431.1</ele>
        <time>2026-09-24T20:03:47Z</time>
      </trkpt>
      <trkpt lat="47.113024" lon="9.21587">
        <ele>431.1</ele>
        <time>2026-09-24T20:03:48Z</time>
      </trkpt>
      <trkpt lat="47.113023" lon="9.215878">
        <ele>431.1</ele>
        <time>2026-09-24T20:03:49Z</time>
      </trkpt>
      <trkpt lat="47.113025" lon="9.215887">
        <ele>431.1</ele>
        <time>2026-09-24T20:03:50Z</time>
      </trkpt>
      <trkpt lat="47.11302" lon="9.215896">
        <ele>431.0</ele>
        <time>2026-09-24T20:03:51Z</time>
      </trkpt>
      <trkpt lat="47.113016" lon="9.215914">
        <ele>431.0</ele>
        <time>2026-09-24T20:03:52Z</time>
      </trkpt>
      <trkpt lat="47.113017" lon="9.215926">
        <ele>431.0</ele>
        <time>2026-09-24T20:03:53Z</time>
      </trkpt>
      <trkpt lat="47.113027" lon="9.215942">
        <ele>431.0</ele>
        <time>2026-09-24T20:03:54Z</time>
      </trkpt>
      <trkpt lat="47.113038" lon="9.215948">
        <ele>431.0</ele>
        <time>2026-09-24T20:03:55Z</time>
      </trkpt>
      <trkpt lat="47.113046" lon="9.215958">
        <ele>431.0</ele>
        <time>2026-09-24T20:03:56Z</time>
      </trkpt>
      <trkpt lat="47.113051" lon="9.215961">
        <ele>431.0</ele>
        <time>2026-09-24T20:03:57Z</time>
      </trkpt>
      <trkpt lat="47.113052" lon="9.215962">
        <ele>431.0</ele>
        <time>2026-09-24T20:03:58Z</time>
      </trkpt>
      <trkpt lat="47.113057" lon="9.215968">
        <ele>431.0</ele>
        <time>2026-09-24T20:03:59Z</time>
      </trkpt>
      <trkpt lat="47.113059" lon="9.215967">
        <ele>431.0</ele>
        <time>2026-09-24T20:04:00Z</time>
      </trkpt>
      <trkpt lat="47.11306" lon="9.215968">
        <ele>431.0</ele>
        <time>2026-09-24T20:04:01Z</time>
      </trkpt>
      <trkpt lat="47.11306" lon="9.215972">
        <ele>431.0</ele>
        <time>2026-09-24T20:04:02Z</time>
      </trkpt>
      <trkpt lat="47.11306" lon="9.215971">
        <ele>431.0</ele>
        <time>2026-09-24T20:04:03Z</time>
      </trkpt>
      <trkpt lat="47.11306" lon="9.215971">
        <ele>431.0</ele>
        <time>2026-09-24T20:04:04Z</time>
      </trkpt>
      <trkpt lat="47.11306" lon="9.215971">
        <ele>431.0</ele>
        <time>2026-09-24T20:04:05Z</time>
      </trkpt>
      <trkpt lat="47.11306" lon="9.215971">
        <ele>431.0</ele>
        <time>2026-09-24T20:04:06Z</time>
      </trkpt>
      <trkpt lat="47.11306" lon="9.215971">
        <ele>431.0</ele>
        <time>2026-09-24T20:04:07Z</time>
      </trkpt>
      <trkpt lat="47.11306" lon="9.215971">
        <ele>431.0</ele>
        <time>2026-09-24T20:04:08Z</time>
      </trkpt>
      <trkpt lat="47.11306" lon="9.215971">
        <ele>431.0</ele>
        <time>2026-09-24T20:04:09Z</time>
      </trkpt>
      <trkpt lat="47.11306" lon="9.215971">
        <ele>431.0</ele>
        <time>2026-09-24T20:04:10Z</time>
      </trkpt>
      <trkpt lat="47.11306" lon="9.215971">
        <ele>431.0</ele>
        <time>2026-09-24T20:04:11Z</time>
      </trkpt>
      <trkpt lat="47.11306" lon="9.215971">
        <ele>431.0</ele>
        <time>2026-09-24T20:04:12Z</time>
      </trkpt>
      <trkpt lat="47.113079" lon="9.215993">
        <ele>430.9</ele>
        <time>2026-09-24T20:04:13Z</time>
      </trkpt>
      <trkpt lat="47.113078" lon="9.216011">
        <ele>430.9</ele>
        <time>2026-09-24T20:04:14Z</time>
      </trkpt>
      <trkpt lat="47.113084" lon="9.21604">
        <ele>430.9</ele>
        <time>2026-09-24T20:04:15Z</time>
      </trkpt>
      <trkpt lat="47.113084" lon="9.21606">
        <ele>430.9</ele>
        <time>2026-09-24T20:04:16Z</time>
      </trkpt>
      <trkpt lat="47.113087" lon="9.216083">
        <ele>430.9</ele>
        <time>2026-09-24T20:04:17Z</time>
      </trkpt>
      <trkpt lat="47.113085" lon="9.216102">
        <ele>430.8</ele>
        <time>2026-09-24T20:04:18Z</time>
      </trkpt>
      <trkpt lat="47.113085" lon="9.216128">
        <ele>430.8</ele>
        <time>2026-09-24T20:04:19Z</time>
      </trkpt>
      <trkpt lat="47.11308" lon="9.216154">
        <ele>430.8</ele>
        <time>2026-09-24T20:04:20Z</time>
      </trkpt>
      <trkpt lat="47.113086" lon="9.21617">
        <ele>430.8</ele>
        <time>2026-09-24T20:04:21Z</time>
      </trkpt>
      <trkpt lat="47.113086" lon="9.216185">
        <ele>430.7</ele>
        <time>2026-09-24T20:04:22Z</time>
      </trkpt>
      <trkpt lat="47.113076" lon="9.216201">
        <ele>430.7</ele>
        <time>2026-09-24T20:04:23Z</time>
      </trkpt>
      <trkpt lat="47.113078" lon="9.216232">
        <ele>430.7</ele>
        <time>2026-09-24T20:04:24Z</time>
      </trkpt>
      <trkpt lat="47.113078" lon="9.216252">
        <ele>430.6</ele>
        <time>2026-09-24T20:04:25Z</time>
      </trkpt>
      <trkpt lat="47.113087" lon="9.216268">
        <ele>430.6</ele>
        <time>2026-09-24T20:04:26Z</time>
      </trkpt>
      <trkpt lat="47.113087" lon="9.216288">
        <ele>430.6</ele>
        <time>2026-09-24T20:04:27Z</time>
      </trkpt>
      <trkpt lat="47.113084" lon="9.216303">
        <ele>430.5</ele>
        <time>2026-09-24T20:04:28Z</time>
      </trkpt>
      <trkpt lat="47.11308" lon="9.216325">
        <ele>430.5</ele>
        <time>2026-09-24T20:04:29Z</time>
      </trkpt>
      <trkpt lat="47.113082" lon="9.216343">
        <ele>430.5</ele>
        <time>2026-09-24T20:04:30Z</time>
      </trkpt>
      <trkpt lat="47.113079" lon="9.216363">
        <ele>430.4</ele>
        <time>2026-09-24T20:04:31Z</time>
      </trkpt>
      <trkpt lat="47.113083" lon="9.216386">
        <ele>430.4</ele>
        <time>2026-09-24T20:04:32Z</time>
      </trkpt>
      <trkpt lat="47.113088" lon="9.216405">
        <ele>430.4</ele>
        <time>2026-09-24T20:04:33Z</time>
      </trkpt>
      <trkpt lat="47.113085" lon="9.216422">
        <ele>430.3</ele>
        <time>2026-09-24T20:04:34Z</time>
      </trkpt>
      <trkpt lat="47.113085" lon="9.216437">
        <ele>430.3</ele>
        <time>2026-09-24T20:04:35Z</time>
      </trkpt>
      <trkpt lat="47.113077" lon="9.216456">
        <ele>430.2</ele>
        <time>2026-09-24T20:04:36Z</time>
      </trkpt>
      <trkpt lat="47.113069" lon="9.216478">
        <ele>430.2</ele>
        <time>2026-09-24T20:04:37Z</time>
      </trkpt>
      <trkpt lat="47.113075" lon="9.216505">
        <ele>430.1</ele>
        <time>2026-09-24T20:04:38Z</time>
      </trkpt>
      <trkpt lat="47.113082" lon="9.216526">
        <ele>430.1</ele>
        <time>2026-09-24T20:04:39Z</time>
      </trkpt>
      <trkpt lat="47.113085" lon="9.216549">
        <ele>430.0</ele>
        <time>2026-09-24T20:04:40Z</time>
      </trkpt>
      <trkpt lat="47.113079" lon="9.216572">
        <ele>430.0</ele>
        <time>2026-09-24T20:04:41Z</time>
      </trkpt>
      <trkpt lat="47.113075" lon="9.216592">
        <ele>429.9</ele>
        <time>2026-09-24T20:04:42Z</time>
      </trkpt>
      <trkpt lat="47.113079" lon="9.216611">
        <ele>429.9</ele>
        <time>2026-09-24T20:04:43Z</time>
      </trkpt>
      <trkpt lat="47.113084" lon="9.216632">
        <ele>429.8</ele>
        <time>2026-09-24T20:04:44Z</time>
      </trkpt>
      <trkpt lat="47.113084" lon="9.216654">
        <ele>429.8</ele>
        <time>2026-09-24T20:04:45Z</time>
      </trkpt>
      <trkpt lat="47.113078" lon="9.216669">
        <ele>429.7</ele>
        <time>2026-09-24T20:04:46Z</time>
      </trkpt>
      <trkpt lat="47.113073" lon="9.216685">
        <ele>429.7</ele>
        <time>2026-09-24T20:04:47Z</time>
      </trkpt>
      <trkpt lat="47.113073" lon="9.216702">
        <ele>429.6</ele>
        <time>2026-09-24T20:04:48Z</time>
      </trkpt>
      <trkpt lat="47.113064" lon="9.216719">
        <ele>429.6</ele>
        <time>2026-09-24T20:04:49Z</time>
      </trkpt>
      <trkpt lat="47.113062" lon="9.216739">
        <ele>429.5</ele>
        <time>2026-09-24T20:04:50Z</time>
      </trkpt>
      <trkpt lat="47.113061" lon="9.216761">
        <ele>429.4</ele>
        <time>2026-09-24T20:04:51Z</time>
      </trkpt>
      <trkpt lat="47.113062" lon="9.216784">
        <ele>429.3</ele>
        <time>2026-09-24T20:04:52Z</time>
      </trkpt>
      <trkpt lat="47.113062" lon="9.216806">
        <ele>429.2</ele>
        <time>2026-09-24T20:04:53Z</time>
      </trkpt>
      <trkpt lat="47.11306" lon="9.216827">
        <ele>429.1</ele>
        <time>2026-09-24T20:04:54Z</time>
      </trkpt>
      <trkpt lat="47.113059" lon="9.216847">
        <ele>429.0</ele>
        <time>2026-09-24T20:04:55Z</time>
      </trkpt>
      <trkpt lat="47.113054" lon="9.216867">
        <ele>428.9</ele>
        <time>2026-09-24T20:04:56Z</time>
      </trkpt>
      <trkpt lat="47.113057" lon="9.216885">
        <ele>428.8</ele>
        <time>2026-09-24T20:04:57Z</time>
      </trkpt>
      <trkpt lat="47.113059" lon="9.216901">
        <ele>428.7</ele>
        <time>2026-09-24T20:04:58Z</time>
      </trkpt>
      <trkpt lat="47.113058" lon="9.216919">
        <ele>428.6</ele>
        <time>2026-09-24T20:04:59Z</time>
      </trkpt>
      <trkpt lat="47.11306" lon="9.216936">
        <ele>428.5</ele>
        <time>2026-09-24T20:05:00Z</time>
      </trkpt>
      <trkpt lat="47.11306" lon="9.216954">
        <ele>428.4</ele>
        <time>2026-09-24T20:05:01Z</time>
      </trkpt>
      <trkpt lat="47.113063" lon="9.216976">
        <ele>428.3</ele>
        <time>2026-09-24T20:05:02Z</time>
      </trkpt>
      <trkpt lat="47.113064" lon="9.216995">
        <ele>428.2</ele>
        <time>2026-09-24T20:05:03Z</time>
      </trkpt>
      <trkpt lat="47.113061" lon="9.217013">
        <ele>428.1</ele>
        <time>2026-09-24T20:05:04Z</time>
      </trkpt>
      <trkpt lat="47.113061" lon="9.217029">
        <ele>428.0</ele>
        <time>2026-09-24T20:05:05Z</time>
      </trkpt>
      <trkpt lat="47.113066" lon="9.217047">
        <ele>427.9</ele>
        <time>2026-09-24T20:05:06Z</time>
      </trkpt>
      <trkpt lat="47.113069" lon="9.217066">
        <ele>427.9</ele>
        <time>2026-09-24T20:05:07Z</time>
      </trkpt>
      <trkpt lat="47.113077" lon="9.217085">
        <ele>427.8</ele>
        <time>2026-09-24T20:05:08Z</time>
      </trkpt>
      <trkpt lat="47.113079" lon="9.217103">
        <ele>427.7</ele>
        <time>2026-09-24T20:05:09Z</time>
      </trkpt>
      <trkpt lat="47.113085" lon="9.217123">
        <ele>427.6</ele>
        <time>2026-09-24T20:05:10Z</time>
      </trkpt>
      <trkpt lat="47.113095" lon="9.217139">
        <ele>427.5</ele>
        <time>2026-09-24T20:05:11Z</time>
      </trkpt>
      <trkpt lat="47.113091" lon="9.217165">
        <ele>427.4</ele>
        <time>2026-09-24T20:05:12Z</time>
      </trkpt>
      <trkpt lat="47.113093" lon="9.217189">
        <ele>427.3</ele>
        <time>2026-09-24T20:05:13Z</time>
      </trkpt>
      <trkpt lat="47.113093" lon="9.217207">
        <ele>427.3</ele>
        <time>2026-09-24T20:05:14Z</time>
      </trkpt>
      <trkpt lat="47.113096" lon="9.217226">
        <ele>427.2</ele>
        <time>2026-09-24T20:05:15Z</time>
      </trkpt>
      <trkpt lat="47.113096" lon="9.217245">
        <ele>427.1</ele>
        <time>2026-09-24T20:05:16Z</time>
      </trkpt>
      <trkpt lat="47.113098" lon="9.217271">
        <ele>427.0</ele>
        <time>2026-09-24T20:05:17Z</time>
      </trkpt>
      <trkpt lat="47.113107" lon="9.217288">
        <ele>426.9</ele>
        <time>2026-09-24T20:05:18Z</time>
      </trkpt>
      <trkpt lat="47.113116" lon="9.217308">
        <ele>426.8</ele>
        <time>2026-09-24T20:05:19Z</time>
      </trkpt>
      <trkpt lat="47.113126" lon="9.21733">
        <ele>426.7</ele>
        <time>2026-09-24T20:05:20Z</time>
      </trkpt>
      <trkpt lat="47.113131" lon="9.21735">
        <ele>426.7</ele>
        <time>2026-09-24T20:05:21Z</time>
      </trkpt>
      <trkpt lat="47.113136" lon="9.21737">
        <ele>426.6</ele>
        <time>2026-09-24T20:05:22Z</time>
      </trkpt>
      <trkpt lat="47.113142" lon="9.217387">
        <ele>426.5</ele>
        <time>2026-09-24T20:05:23Z</time>
      </trkpt>
      <trkpt lat="47.113149" lon="9.217401">
        <ele>426.5</ele>
        <time>2026-09-24T20:05:24Z</time>
      </trkpt>
      <trkpt lat="47.113159" lon="9.217417">
        <ele>426.5</ele>
        <time>2026-09-24T20:05:25Z</time>
      </trkpt>
      <trkpt lat="47.113166" lon="9.217433">
        <ele>426.4</ele>
        <time>2026-09-24T20:05:26Z</time>
      </trkpt>
      <trkpt lat="47.11317" lon="9.21745">
        <ele>426.4</ele>
        <time>2026-09-24T20:05:27Z</time>
      </trkpt>
      <trkpt lat="47.113175" lon="9.217471">
        <ele>426.4</ele>
        <time>2026-09-24T20:05:28Z</time>
      </trkpt>
      <trkpt lat="47.113184" lon="9.217485">
        <ele>426.4</ele>
        <time>2026-09-24T20:05:29Z</time>
      </trkpt>
      <trkpt lat="47.113185" lon="9.217504">
        <ele>426.4</ele>
        <time>2026-09-24T20:05:30Z</time>
      </trkpt>
      <trkpt lat="47.113195" lon="9.217521">
        <ele>426.4</ele>
        <time>2026-09-24T20:05:31Z</time>
      </trkpt>
      <trkpt lat="47.113216" lon="9.217552">
        <ele>426.3</ele>
        <time>2026-09-24T20:05:32Z</time>
      </trkpt>
      <trkpt lat="47.113216" lon="9.217561">
        <ele>426.3</ele>
        <time>2026-09-24T20:05:33Z</time>
      </trkpt>
      <trkpt lat="47.113215" lon="9.21759">
        <ele>426.2</ele>
        <time>2026-09-24T20:05:34Z</time>
      </trkpt>
      <trkpt lat="47.113233" lon="9.217603">
        <ele>426.2</ele>
        <time>2026-09-24T20:05:35Z</time>
      </trkpt>
      <trkpt lat="47.11324" lon="9.217616">
        <ele>426.2</ele>
        <time>2026-09-24T20:05:36Z</time>
      </trkpt>
      <trkpt lat="47.113253" lon="9.217628">
        <ele>426.1</ele>
        <time>2026-09-24T20:05:37Z</time>
      </trkpt>
      <trkpt lat="47.113263" lon="9.217643">
        <ele>426.1</ele>
        <time>2026-09-24T20:05:38Z</time>
      </trkpt>
      <trkpt lat="47.113263" lon="9.217662">
        <ele>426.1</ele>
        <time>2026-09-24T20:05:39Z</time>
      </trkpt>
      <trkpt lat="47.113262" lon="9.217685">
        <ele>426.1</ele>
        <time>2026-09-24T20:05:40Z</time>
      </trkpt>
      <trkpt lat="47.11327" lon="9.217699">
        <ele>426.1</ele>
        <time>2026-09-24T20:05:41Z</time>
      </trkpt>
      <trkpt lat="47.113303" lon="9.217717">
        <ele>426.0</ele>
        <time>2026-09-24T20:05:43Z</time>
      </trkpt>
      <trkpt lat="47.113337" lon="9.217718">
        <ele>426.0</ele>
        <time>2026-09-24T20:05:44Z</time>
      </trkpt>
      <trkpt lat="47.113388" lon="9.217716">
        <ele>426.2</ele>
        <time>2026-09-24T20:05:45Z</time>
      </trkpt>
      <trkpt lat="47.11338" lon="9.217734">
        <ele>426.2</ele>
        <time>2026-09-24T20:05:46Z</time>
      </trkpt>
      <trkpt lat="47.113392" lon="9.21776">
        <ele>426.3</ele>
        <time>2026-09-24T20:05:47Z</time>
      </trkpt>
      <trkpt lat="47.113384" lon="9.21778">
        <ele>426.4</ele>
        <time>2026-09-24T20:05:48Z</time>
      </trkpt>
      <trkpt lat="47.113388" lon="9.217798">
        <ele>426.4</ele>
        <time>2026-09-24T20:05:49Z</time>
      </trkpt>
      <trkpt lat="47.113397" lon="9.217809">
        <ele>426.5</ele>
        <time>2026-09-24T20:05:50Z</time>
      </trkpt>
      <trkpt lat="47.113407" lon="9.217824">
        <ele>426.6</ele>
        <time>2026-09-24T20:05:51Z</time>
      </trkpt>
      <trkpt lat="47.113418" lon="9.217837">
        <ele>426.6</ele>
        <time>2026-09-24T20:05:52Z</time>
      </trkpt>
      <trkpt lat="47.113427" lon="9.217852">
        <ele>426.7</ele>
        <time>2026-09-24T20:05:53Z</time>
      </trkpt>
      <trkpt lat="47.113438" lon="9.217866">
        <ele>426.8</ele>
        <time>2026-09-24T20:05:54Z</time>
      </trkpt>
      <trkpt lat="47.113448" lon="9.21788">
        <ele>426.9</ele>
        <time>2026-09-24T20:05:55Z</time>
      </trkpt>
      <trkpt lat="47.113454" lon="9.217899">
        <ele>427.0</ele>
        <time>2026-09-24T20:05:56Z</time>
      </trkpt>
      <trkpt lat="47.113459" lon="9.217919">
        <ele>427.1</ele>
        <time>2026-09-24T20:05:57Z</time>
      </trkpt>
      <trkpt lat="47.113466" lon="9.217939">
        <ele>427.2</ele>
        <time>2026-09-24T20:05:58Z</time>
      </trkpt>
      <trkpt lat="47.113473" lon="9.21796">
        <ele>427.3</ele>
        <time>2026-09-24T20:05:59Z</time>
      </trkpt>
      <trkpt lat="47.11348" lon="9.217978">
        <ele>427.4</ele>
        <time>2026-09-24T20:06:00Z</time>
      </trkpt>
      <trkpt lat="47.113485" lon="9.217996">
        <ele>427.5</ele>
        <time>2026-09-24T20:06:01Z</time>
      </trkpt>
      <trkpt lat="47.113492" lon="9.218013">
        <ele>427.6</ele>
        <time>2026-09-24T20:06:02Z</time>
      </trkpt>
      <trkpt lat="47.113498" lon="9.218032">
        <ele>427.7</ele>
        <time>2026-09-24T20:06:03Z</time>
      </trkpt>
      <trkpt lat="47.113505" lon="9.218052">
        <ele>427.8</ele>
        <time>2026-09-24T20:06:04Z</time>
      </trkpt>
      <trkpt lat="47.113508" lon="9.218072">
        <ele>427.9</ele>
        <time>2026-09-24T20:06:05Z</time>
      </trkpt>
      <trkpt lat="47.113507" lon="9.218092">
        <ele>427.9</ele>
        <time>2026-09-24T20:06:06Z</time>
      </trkpt>
      <trkpt lat="47.113506" lon="9.21811">
        <ele>427.9</ele>
        <time>2026-09-24T20:06:07Z</time>
      </trkpt>
      <trkpt lat="47.113509" lon="9.218126">
        <ele>428.0</ele>
        <time>2026-09-24T20:06:08Z</time>
      </trkpt>
      <trkpt lat="47.113515" lon="9.218135">
        <ele>428.0</ele>
        <time>2026-09-24T20:06:09Z</time>
      </trkpt>
      <trkpt lat="47.113514" lon="9.218133">
        <ele>428.0</ele>
        <time>2026-09-24T20:06:10Z</time>
      </trkpt>
      <trkpt lat="47.11351" lon="9.218126">
        <ele>428.0</ele>
        <time>2026-09-24T20:06:11Z</time>
      </trkpt>
      <trkpt lat="47.113509" lon="9.218126">
        <ele>428.0</ele>
        <time>2026-09-24T20:06:12Z</time>
      </trkpt>
      <trkpt lat="47.113507" lon="9.218126">
        <ele>428.0</ele>
        <time>2026-09-24T20:06:13Z</time>
      </trkpt>
      <trkpt lat="47.113506" lon="9.218128">
        <ele>428.0</ele>
        <time>2026-09-24T20:06:14Z</time>
      </trkpt>
      <trkpt lat="47.113509" lon="9.218132">
        <ele>428.0</ele>
        <time>2026-09-24T20:06:15Z</time>
      </trkpt>
      <trkpt lat="47.113511" lon="9.218139">
        <ele>428.0</ele>
        <time>2026-09-24T20:06:16Z</time>
      </trkpt>
      <trkpt lat="47.11352" lon="9.218159">
        <ele>428.0</ele>
        <time>2026-09-24T20:06:17Z</time>
      </trkpt>
      <trkpt lat="47.113529" lon="9.21817">
        <ele>428.0</ele>
        <time>2026-09-24T20:06:18Z</time>
      </trkpt>
      <trkpt lat="47.113539" lon="9.218168">
        <ele>428.0</ele>
        <time>2026-09-24T20:06:19Z</time>
      </trkpt>
      <trkpt lat="47.11355" lon="9.218169">
        <ele>428.0</ele>
        <time>2026-09-24T20:06:20Z</time>
      </trkpt>
      <trkpt lat="47.113561" lon="9.218167">
        <ele>428.0</ele>
        <time>2026-09-24T20:06:21Z</time>
      </trkpt>
      <trkpt lat="47.113576" lon="9.218165">
        <ele>428.0</ele>
        <time>2026-09-24T20:06:22Z</time>
      </trkpt>
      <trkpt lat="47.11359" lon="9.218161">
        <ele>428.0</ele>
        <time>2026-09-24T20:06:23Z</time>
      </trkpt>
      <trkpt lat="47.113603" lon="9.218151">
        <ele>428.0</ele>
        <time>2026-09-24T20:06:24Z</time>
      </trkpt>
      <trkpt lat="47.113614" lon="9.21814">
        <ele>428.0</ele>
        <time>2026-09-24T20:06:25Z</time>
      </trkpt>
      <trkpt lat="47.113623" lon="9.218132">
        <ele>428.0</ele>
        <time>2026-09-24T20:06:26Z</time>
      </trkpt>
      <trkpt lat="47.113627" lon="9.218128">
        <ele>428.0</ele>
        <time>2026-09-24T20:06:27Z</time>
      </trkpt>
      <trkpt lat="47.113635" lon="9.218114">
        <ele>428.0</ele>
        <time>2026-09-24T20:06:28Z</time>
      </trkpt>
      <trkpt lat="47.113644" lon="9.218091">
        <ele>428.1</ele>
        <time>2026-09-24T20:06:29Z</time>
      </trkpt>
      <trkpt lat="47.113657" lon="9.21808">
        <ele>428.1</ele>
        <time>2026-09-24T20:06:30Z</time>
      </trkpt>
      <trkpt lat="47.113663" lon="9.218059">
        <ele>428.1</ele>
        <time>2026-09-24T20:06:31Z</time>
      </trkpt>
      <trkpt lat="47.113677" lon="9.21805">
        <ele>428.1</ele>
        <time>2026-09-24T20:06:32Z</time>
      </trkpt>
      <trkpt lat="47.113685" lon="9.218035">
        <ele>428.2</ele>
        <time>2026-09-24T20:06:33Z</time>
      </trkpt>
      <trkpt lat="47.113691" lon="9.218018">
        <ele>428.2</ele>
        <time>2026-09-24T20:06:34Z</time>
      </trkpt>
      <trkpt lat="47.113695" lon="9.217995">
        <ele>428.2</ele>
        <time>2026-09-24T20:06:35Z</time>
      </trkpt>
      <trkpt lat="47.113699" lon="9.217972">
        <ele>428.2</ele>
        <time>2026-09-24T20:06:36Z</time>
      </trkpt>
      <trkpt lat="47.1137" lon="9.217953">
        <ele>428.2</ele>
        <time>2026-09-24T20:06:37Z</time>
      </trkpt>
      <trkpt lat="47.113704" lon="9.217933">
        <ele>427.2</ele>
        <time>2026-09-24T20:06:38Z</time>
      </trkpt>
      <trkpt lat="47.113709" lon="9.217919">
        <ele>426.4</ele>
        <time>2026-09-24T20:06:39Z</time>
      </trkpt>
      <trkpt lat="47.113709" lon="9.217901">
        <ele>426.0</ele>
        <time>2026-09-24T20:06:40Z</time>
      </trkpt>
      <trkpt lat="47.113711" lon="9.217874">
        <ele>426.0</ele>
        <time>2026-09-24T20:06:41Z</time>
      </trkpt>
      <trkpt lat="47.113718" lon="9.217853">
        <ele>425.9</ele>
        <time>2026-09-24T20:06:42Z</time>
      </trkpt>
      <trkpt lat="47.113726" lon="9.217836">
        <ele>425.8</ele>
        <time>2026-09-24T20:06:43Z</time>
      </trkpt>
      <trkpt lat="47.113732" lon="9.217814">
        <ele>425.8</ele>
        <time>2026-09-24T20:06:44Z</time>
      </trkpt>
      <trkpt lat="47.113734" lon="9.217792">
        <ele>425.7</ele>
        <time>2026-09-24T20:06:45Z</time>
      </trkpt>
      <trkpt lat="47.113738" lon="9.217774">
        <ele>425.7</ele>
        <time>2026-09-24T20:06:46Z</time>
      </trkpt>
      <trkpt lat="47.113748" lon="9.217755">
        <ele>425.6</ele>
        <time>2026-09-24T20:06:47Z</time>
      </trkpt>
      <trkpt lat="47.113758" lon="9.217739">
        <ele>425.5</ele>
        <time>2026-09-24T20:06:48Z</time>
      </trkpt>
      <trkpt lat="47.113765" lon="9.217729">
        <ele>425.5</ele>
        <time>2026-09-24T20:06:49Z</time>
      </trkpt>
      <trkpt lat="47.113779" lon="9.217718">
        <ele>425.4</ele>
        <time>2026-09-24T20:06:50Z</time>
      </trkpt>
      <trkpt lat="47.113793" lon="9.217719">
        <ele>425.4</ele>
        <time>2026-09-24T20:06:51Z</time>
      </trkpt>
      <trkpt lat="47.113807" lon="9.21772">
        <ele>425.4</ele>
        <time>2026-09-24T20:06:52Z</time>
      </trkpt>
      <trkpt lat="47.113821" lon="9.21773">
        <ele>425.4</ele>
        <time>2026-09-24T20:06:53Z</time>
      </trkpt>
      <trkpt lat="47.113833" lon="9.217745">
        <ele>425.4</ele>
        <time>2026-09-24T20:06:54Z</time>
      </trkpt>
      <trkpt lat="47.113849" lon="9.217749">
        <ele>425.3</ele>
        <time>2026-09-24T20:06:55Z</time>
      </trkpt>
      <trkpt lat="47.113861" lon="9.21775">
        <ele>425.3</ele>
        <time>2026-09-24T20:06:56Z</time>
      </trkpt>
      <trkpt lat="47.113872" lon="9.217748">
        <ele>425.3</ele>
        <time>2026-09-24T20:06:57Z</time>
      </trkpt>
      <trkpt lat="47.113881" lon="9.217753">
        <ele>425.3</ele>
        <time>2026-09-24T20:06:58Z</time>
      </trkpt>
      <trkpt lat="47.113893" lon="9.217762">
        <ele>425.3</ele>
        <time>2026-09-24T20:06:59Z</time>
      </trkpt>
      <trkpt lat="47.113906" lon="9.217765">
        <ele>425.3</ele>
        <time>2026-09-24T20:07:00Z</time>
      </trkpt>
      <trkpt lat="47.113922" lon="9.217761">
        <ele>425.3</ele>
        <time>2026-09-24T20:07:01Z</time>
      </trkpt>
      <trkpt lat="47.113935" lon="9.217762">
        <ele>425.2</ele>
        <time>2026-09-24T20:07:02Z</time>
      </trkpt>
      <trkpt lat="47.113951" lon="9.217767">
        <ele>425.2</ele>
        <time>2026-09-24T20:07:03Z</time>
      </trkpt>
      <trkpt lat="47.113965" lon="9.217772">
        <ele>425.2</ele>
        <time>2026-09-24T20:07:04Z</time>
      </trkpt>
      <trkpt lat="47.11398" lon="9.217779">
        <ele>425.2</ele>
        <time>2026-09-24T20:07:05Z</time>
      </trkpt>
      <trkpt lat="47.113995" lon="9.21778">
        <ele>425.2</ele>
        <time>2026-09-24T20:07:06Z</time>
      </trkpt>
      <trkpt lat="47.114007" lon="9.217792">
        <ele>425.1</ele>
        <time>2026-09-24T20:07:07Z</time>
      </trkpt>
      <trkpt lat="47.114018" lon="9.217798">
        <ele>425.1</ele>
        <time>2026-09-24T20:07:08Z</time>
      </trkpt>
      <trkpt lat="47.114025" lon="9.217799">
        <ele>425.1</ele>
        <time>2026-09-24T20:07:09Z</time>
      </trkpt>
      <trkpt lat="47.114029" lon="9.217799">
        <ele>425.1</ele>
        <time>2026-09-24T20:07:10Z</time>
      </trkpt>
      <trkpt lat="47.114045" lon="9.217804">
        <ele>425.1</ele>
        <time>2026-09-24T20:07:11Z</time>
      </trkpt>
      <trkpt lat="47.114067" lon="9.217812">
        <ele>425.1</ele>
        <time>2026-09-24T20:07:12Z</time>
      </trkpt>
      <trkpt lat="47.114086" lon="9.217821">
        <ele>425.1</ele>
        <time>2026-09-24T20:07:13Z</time>
      </trkpt>
      <trkpt lat="47.114105" lon="9.21782">
        <ele>425.0</ele>
        <time>2026-09-24T20:07:14Z</time>
      </trkpt>
      <trkpt lat="47.114121" lon="9.217827">
        <ele>425.0</ele>
        <time>2026-09-24T20:07:15Z</time>
      </trkpt>
      <trkpt lat="47.114131" lon="9.217838">
        <ele>425.0</ele>
        <time>2026-09-24T20:07:16Z</time>
      </trkpt>
      <trkpt lat="47.114144" lon="9.217841">
        <ele>425.0</ele>
        <time>2026-09-24T20:07:17Z</time>
      </trkpt>
      <trkpt lat="47.114159" lon="9.217839">
        <ele>425.0</ele>
        <time>2026-09-24T20:07:18Z</time>
      </trkpt>
      <trkpt lat="47.114173" lon="9.217839">
        <ele>425.0</ele>
        <time>2026-09-24T20:07:19Z</time>
      </trkpt>
      <trkpt lat="47.114183" lon="9.217843">
        <ele>425.0</ele>
        <time>2026-09-24T20:07:20Z</time>
      </trkpt>
      <trkpt lat="47.114196" lon="9.217848">
        <ele>424.9</ele>
        <time>2026-09-24T20:07:21Z</time>
      </trkpt>
      <trkpt lat="47.114211" lon="9.21786">
        <ele>424.9</ele>
        <time>2026-09-24T20:07:22Z</time>
      </trkpt>
      <trkpt lat="47.114223" lon="9.217871">
        <ele>424.9</ele>
        <time>2026-09-24T20:07:23Z</time>
      </trkpt>
      <trkpt lat="47.114235" lon="9.217881">
        <ele>424.9</ele>
        <time>2026-09-24T20:07:24Z</time>
      </trkpt>
      <trkpt lat="47.114247" lon="9.217887">
        <ele>424.9</ele>
        <time>2026-09-24T20:07:25Z</time>
      </trkpt>
      <trkpt lat="47.114261" lon="9.217897">
        <ele>424.8</ele>
        <time>2026-09-24T20:07:26Z</time>
      </trkpt>
      <trkpt lat="47.114275" lon="9.217905">
        <ele>424.8</ele>
        <time>2026-09-24T20:07:27Z</time>
      </trkpt>
      <trkpt lat="47.114287" lon="9.217916">
        <ele>424.7</ele>
        <time>2026-09-24T20:07:28Z</time>
      </trkpt>
      <trkpt lat="47.114299" lon="9.217928">
        <ele>424.7</ele>
        <time>2026-09-24T20:07:29Z</time>
      </trkpt>
      <trkpt lat="47.11431" lon="9.217939">
        <ele>424.7</ele>
        <time>2026-09-24T20:07:30Z</time>
      </trkpt>
      <trkpt lat="47.114321" lon="9.217952">
        <ele>424.6</ele>
        <time>2026-09-24T20:07:31Z</time>
      </trkpt>
      <trkpt lat="47.114335" lon="9.217958">
        <ele>424.5</ele>
        <time>2026-09-24T20:07:32Z</time>
      </trkpt>
      <trkpt lat="47.114348" lon="9.217963">
        <ele>424.5</ele>
        <time>2026-09-24T20:07:33Z</time>
      </trkpt>
      <trkpt lat="47.114356" lon="9.217973">
        <ele>424.4</ele>
        <time>2026-09-24T20:07:34Z</time>
      </trkpt>
      <trkpt lat="47.11437" lon="9.21797">
        <ele>424.4</ele>
        <time>2026-09-24T20:07:35Z</time>
      </trkpt>
      <trkpt lat="47.114384" lon="9.21797">
        <ele>424.3</ele>
        <time>2026-09-24T20:07:36Z</time>
      </trkpt>
      <trkpt lat="47.114396" lon="9.21798">
        <ele>424.2</ele>
        <time>2026-09-24T20:07:37Z</time>
      </trkpt>
      <trkpt lat="47.114406" lon="9.217993">
        <ele>424.1</ele>
        <time>2026-09-24T20:07:38Z</time>
      </trkpt>
      <trkpt lat="47.11441" lon="9.218002">
        <ele>424.1</ele>
        <time>2026-09-24T20:07:39Z</time>
      </trkpt>
      <trkpt lat="47.114408" lon="9.218008">
        <ele>424.0</ele>
        <time>2026-09-24T20:07:40Z</time>
      </trkpt>
      <trkpt lat="47.114415" lon="9.218017">
        <ele>424.0</ele>
        <time>2026-09-24T20:07:41Z</time>
      </trkpt>
      <trkpt lat="47.114421" lon="9.21802">
        <ele>423.9</ele>
        <time>2026-09-24T20:07:42Z</time>
      </trkpt>
      <trkpt lat="47.114433" lon="9.218019">
        <ele>423.8</ele>
        <time>2026-09-24T20:07:43Z</time>
      </trkpt>
      <trkpt lat="47.114441" lon="9.218019">
        <ele>423.8</ele>
        <time>2026-09-24T20:07:44Z</time>
      </trkpt>
      <trkpt lat="47.114454" lon="9.218015">
        <ele>423.7</ele>
        <time>2026-09-24T20:07:45Z</time>
      </trkpt>
      <trkpt lat="47.11446" lon="9.21801">
        <ele>423.6</ele>
        <time>2026-09-24T20:07:46Z</time>
      </trkpt>
      <trkpt lat="47.114467" lon="9.217998">
        <ele>423.6</ele>
        <time>2026-09-24T20:07:47Z</time>
      </trkpt>
      <trkpt lat="47.114474" lon="9.217992">
        <ele>423.5</ele>
        <time>2026-09-24T20:07:48Z</time>
      </trkpt>
      <trkpt lat="47.114484" lon="9.217989">
        <ele>423.4</ele>
        <time>2026-09-24T20:07:49Z</time>
      </trkpt>
      <trkpt lat="47.114485" lon="9.21798">
        <ele>423.4</ele>
        <time>2026-09-24T20:07:50Z</time>
      </trkpt>
      <trkpt lat="47.114491" lon="9.217971">
        <ele>423.3</ele>
        <time>2026-09-24T20:07:51Z</time>
      </trkpt>
      <trkpt lat="47.114495" lon="9.217954">
        <ele>423.2</ele>
        <time>2026-09-24T20:07:52Z</time>
      </trkpt>
      <trkpt lat="47.114505" lon="9.217947">
        <ele>423.2</ele>
        <time>2026-09-24T20:07:53Z</time>
      </trkpt>
      <trkpt lat="47.114511" lon="9.217939">
        <ele>423.1</ele>
        <time>2026-09-24T20:07:54Z</time>
      </trkpt>
      <trkpt lat="47.114515" lon="9.21793">
        <ele>423.1</ele>
        <time>2026-09-24T20:07:55Z</time>
      </trkpt>
      <trkpt lat="47.114522" lon="9.217938">
        <ele>423.0</ele>
        <time>2026-09-24T20:07:56Z</time>
      </trkpt>
      <trkpt lat="47.114524" lon="9.217942">
        <ele>423.0</ele>
        <time>2026-09-24T20:07:57Z</time>
      </trkpt>
      <trkpt lat="47.114525" lon="9.217947">
        <ele>422.9</ele>
        <time>2026-09-24T20:07:58Z</time>
      </trkpt>
      <trkpt lat="47.114532" lon="9.217947">
        <ele>422.9</ele>
        <time>2026-09-24T20:07:59Z</time>
      </trkpt>
      <trkpt lat="47.114532" lon="9.217948">
        <ele>422.9</ele>
        <time>2026-09-24T20:08:00Z</time>
      </trkpt>
      <trkpt lat="47.114532" lon="9.217948">
        <ele>422.9</ele>
        <time>2026-09-24T20:08:01Z</time>
      </trkpt>
      <trkpt lat="47.114532" lon="9.217948">
        <ele>422.9</ele>
        <time>2026-09-24T20:08:02Z</time>
      </trkpt>
      <trkpt lat="47.114532" lon="9.217948">
        <ele>422.9</ele>
        <time>2026-09-24T20:08:03Z</time>
      </trkpt>
      <trkpt lat="47.114532" lon="9.217948">
        <ele>422.9</ele>
        <time>2026-09-24T20:08:04Z</time>
      </trkpt>
      <trkpt lat="47.114532" lon="9.217948">
        <ele>422.9</ele>
        <time>2026-09-24T20:08:05Z</time>
      </trkpt>
      <trkpt lat="47.114532" lon="9.217948">
        <ele>422.9</ele>
        <time>2026-09-24T20:08:06Z</time>
      </trkpt>
      <trkpt lat="47.114532" lon="9.217948">
        <ele>422.9</ele>
        <time>2026-09-24T20:08:07Z</time>
      </trkpt>
      <trkpt lat="47.114545" lon="9.217952">
        <ele>422.8</ele>
        <time>2026-09-24T20:08:08Z</time>
      </trkpt>
      <trkpt lat="47.114549" lon="9.217944">
        <ele>422.8</ele>
        <time>2026-09-24T20:08:09Z</time>
      </trkpt>
      <trkpt lat="47.114549" lon="9.217941">
        <ele>422.7</ele>
        <time>2026-09-24T20:08:10Z</time>
      </trkpt>
      <trkpt lat="47.114547" lon="9.217918">
        <ele>422.6</ele>
        <time>2026-09-24T20:08:11Z</time>
      </trkpt>
      <trkpt lat="47.114561" lon="9.217902">
        <ele>422.5</ele>
        <time>2026-09-24T20:08:12Z</time>
      </trkpt>
      <trkpt lat="47.114573" lon="9.217892">
        <ele>422.4</ele>
        <time>2026-09-24T20:08:13Z</time>
      </trkpt>
      <trkpt lat="47.114579" lon="9.217899">
        <ele>422.4</ele>
        <time>2026-09-24T20:08:14Z</time>
      </trkpt>
      <trkpt lat="47.114588" lon="9.217891">
        <ele>422.3</ele>
        <time>2026-09-24T20:08:15Z</time>
      </trkpt>
      <trkpt lat="47.114594" lon="9.217888">
        <ele>422.3</ele>
        <time>2026-09-24T20:08:16Z</time>
      </trkpt>
      <trkpt lat="47.114606" lon="9.217889">
        <ele>422.1</ele>
        <time>2026-09-24T20:08:17Z</time>
      </trkpt>
      <trkpt lat="47.114621" lon="9.21789">
        <ele>422.0</ele>
        <time>2026-09-24T20:08:18Z</time>
      </trkpt>
      <trkpt lat="47.114631" lon="9.217892">
        <ele>422.0</ele>
        <time>2026-09-24T20:08:19Z</time>
      </trkpt>
      <trkpt lat="47.114641" lon="9.217895">
        <ele>422.0</ele>
        <time>2026-09-24T20:08:20Z</time>
      </trkpt>
      <trkpt lat="47.114651" lon="9.217898">
        <ele>421.9</ele>
        <time>2026-09-24T20:08:21Z</time>
      </trkpt>
      <trkpt lat="47.114658" lon="9.217898">
        <ele>421.9</ele>
        <time>2026-09-24T20:08:22Z</time>
      </trkpt>
      <trkpt lat="47.114668" lon="9.217896">
        <ele>421.8</ele>
        <time>2026-09-24T20:08:23Z</time>
      </trkpt>
      <trkpt lat="47.114679" lon="9.217896">
        <ele>421.8</ele>
        <time>2026-09-24T20:08:24Z</time>
      </trkpt>
      <trkpt lat="47.114685" lon="9.217898">
        <ele>421.8</ele>
        <time>2026-09-24T20:08:25Z</time>
      </trkpt>
      <trkpt lat="47.114684" lon="9.217902">
        <ele>421.7</ele>
        <time>2026-09-24T20:08:26Z</time>
      </trkpt>
      <trkpt lat="47.114684" lon="9.217904">
        <ele>421.7</ele>
        <time>2026-09-24T20:08:27Z</time>
      </trkpt>
      <trkpt lat="47.114679" lon="9.217905">
        <ele>421.7</ele>
        <time>2026-09-24T20:08:28Z</time>
      </trkpt>
      <trkpt lat="47.114677" lon="9.217906">
        <ele>421.7</ele>
        <time>2026-09-24T20:08:29Z</time>
      </trkpt>
      <trkpt lat="47.114676" lon="9.217906">
        <ele>421.7</ele>
        <time>2026-09-24T20:08:30Z</time>
      </trkpt>
      <trkpt lat="47.114676" lon="9.217906">
        <ele>421.7</ele>
        <time>2026-09-24T20:08:31Z</time>
      </trkpt>
      <trkpt lat="47.114676" lon="9.217906">
        <ele>421.7</ele>
        <time>2026-09-24T20:08:32Z</time>
      </trkpt>
      <trkpt lat="47.114676" lon="9.217906">
        <ele>421.7</ele>
        <time>2026-09-24T20:08:33Z</time>
      </trkpt>
      <trkpt lat="47.114676" lon="9.217906">
        <ele>421.7</ele>
        <time>2026-09-24T20:08:34Z</time>
      </trkpt>
      <trkpt lat="47.114676" lon="9.217906">
        <ele>421.7</ele>
        <time>2026-09-24T20:08:35Z</time>
      </trkpt>
      <trkpt lat="47.114676" lon="9.217906">
        <ele>421.7</ele>
        <time>2026-09-24T20:08:36Z</time>
      </trkpt>
      <trkpt lat="47.114676" lon="9.217906">
        <ele>421.7</ele>
        <time>2026-09-24T20:08:37Z</time>
      </trkpt>
      <trkpt lat="47.114676" lon="9.217906">
        <ele>421.7</ele>
        <time>2026-09-24T20:08:38Z</time>
      </trkpt>
      <trkpt lat="47.114681" lon="9.21792">
        <ele>421.6</ele>
        <time>2026-09-24T20:08:39Z</time>
      </trkpt>
      <trkpt lat="47.114678" lon="9.217907">
        <ele>421.6</ele>
        <time>2026-09-24T20:08:40Z</time>
      </trkpt>
      <trkpt lat="47.114694" lon="9.217909">
        <ele>421.5</ele>
        <time>2026-09-24T20:08:41Z</time>
      </trkpt>
      <trkpt lat="47.114707" lon="9.217916">
        <ele>421.5</ele>
        <time>2026-09-24T20:08:42Z</time>
      </trkpt>
      <trkpt lat="47.114718" lon="9.217926">
        <ele>421.4</ele>
        <time>2026-09-24T20:08:43Z</time>
      </trkpt>
      <trkpt lat="47.11472" lon="9.217928">
        <ele>421.4</ele>
        <time>2026-09-24T20:08:44Z</time>
      </trkpt>
      <trkpt lat="47.114723" lon="9.21793">
        <ele>421.4</ele>
        <time>2026-09-24T20:08:45Z</time>
      </trkpt>
      <trkpt lat="47.114732" lon="9.217931">
        <ele>421.3</ele>
        <time>2026-09-24T20:08:46Z</time>
      </trkpt>
      <trkpt lat="47.114742" lon="9.217935">
        <ele>421.3</ele>
        <time>2026-09-24T20:08:47Z</time>
      </trkpt>
      <trkpt lat="47.114751" lon="9.217936">
        <ele>421.3</ele>
        <time>2026-09-24T20:08:48Z</time>
      </trkpt>
      <trkpt lat="47.114756" lon="9.217936">
        <ele>421.2</ele>
        <time>2026-09-24T20:08:49Z</time>
      </trkpt>
      <trkpt lat="47.114754" lon="9.217935">
        <ele>421.2</ele>
        <time>2026-09-24T20:08:50Z</time>
      </trkpt>
      <trkpt lat="47.114754" lon="9.217937">
        <ele>421.2</ele>
        <time>2026-09-24T20:08:51Z</time>
      </trkpt>
      <trkpt lat="47.114752" lon="9.217938">
        <ele>421.2</ele>
        <time>2026-09-24T20:08:52Z</time>
      </trkpt>
      <trkpt lat="47.114752" lon="9.21794">
        <ele>421.2</ele>
        <time>2026-09-24T20:08:53Z</time>
      </trkpt>
      <trkpt lat="47.114752" lon="9.21794">
        <ele>421.2</ele>
        <time>2026-09-24T20:08:54Z</time>
      </trkpt>
      <trkpt lat="47.114756" lon="9.217939">
        <ele>421.2</ele>
        <time>2026-09-24T20:08:55Z</time>
      </trkpt>
      <trkpt lat="47.114755" lon="9.217935">
        <ele>421.2</ele>
        <time>2026-09-24T20:08:56Z</time>
      </trkpt>
      <trkpt lat="47.114755" lon="9.217933">
        <ele>421.2</ele>
        <time>2026-09-24T20:08:57Z</time>
      </trkpt>
      <trkpt lat="47.114754" lon="9.217933">
        <ele>421.2</ele>
        <time>2026-09-24T20:08:58Z</time>
      </trkpt>
      <trkpt lat="47.114757" lon="9.217934">
        <ele>421.1</ele>
        <time>2026-09-24T20:08:59Z</time>
      </trkpt>
      <trkpt lat="47.114759" lon="9.217936">
        <ele>421.1</ele>
        <time>2026-09-24T20:09:00Z</time>
      </trkpt>
      <trkpt lat="47.114759" lon="9.217936">
        <ele>421.1</ele>
        <time>2026-09-24T20:09:01Z</time>
      </trkpt>
      <trkpt lat="47.114759" lon="9.217936">
        <ele>421.1</ele>
        <time>2026-09-24T20:09:02Z</time>
      </trkpt>
      <trkpt lat="47.114759" lon="9.217936">
        <ele>421.1</ele>
        <time>2026-09-24T20:09:03Z</time>
      </trkpt>
      <trkpt lat="47.114759" lon="9.217936">
        <ele>421.1</ele>
        <time>2026-09-24T20:09:04Z</time>
      </trkpt>
      <trkpt lat="47.114759" lon="9.217936">
        <ele>421.1</ele>
        <time>2026-09-24T20:09:05Z</time>
      </trkpt>
      <trkpt lat="47.114759" lon="9.217936">
        <ele>421.1</ele>
        <time>2026-09-24T20:09:06Z</time>
      </trkpt>
      <trkpt lat="47.114759" lon="9.217936">
        <ele>421.1</ele>
        <time>2026-09-24T20:09:07Z</time>
      </trkpt>
      <trkpt lat="47.114759" lon="9.217936">
        <ele>421.1</ele>
        <time>2026-09-24T20:09:08Z</time>
      </trkpt>
      <trkpt lat="47.114759" lon="9.217936">
        <ele>421.1</ele>
        <time>2026-09-24T20:09:09Z</time>
      </trkpt>
      <trkpt lat="47.114789" lon="9.21795">
        <ele>421.0</ele>
        <time>2026-09-24T20:09:10Z</time>
      </trkpt>
      <trkpt lat="47.114788" lon="9.21795">
        <ele>421.0</ele>
        <time>2026-09-24T20:09:11Z</time>
      </trkpt>
      <trkpt lat="47.114788" lon="9.21795">
        <ele>421.0</ele>
        <time>2026-09-24T20:09:12Z</time>
      </trkpt>
      <trkpt lat="47.114788" lon="9.21795">
        <ele>421.0</ele>
        <time>2026-09-24T20:09:13Z</time>
      </trkpt>
      <trkpt lat="47.11479" lon="9.217954">
        <ele>421.0</ele>
        <time>2026-09-24T20:09:14Z</time>
      </trkpt>
      <trkpt lat="47.114785" lon="9.21796">
        <ele>420.9</ele>
        <time>2026-09-24T20:09:15Z</time>
      </trkpt>
      <trkpt lat="47.114774" lon="9.217958">
        <ele>420.9</ele>
        <time>2026-09-24T20:09:16Z</time>
      </trkpt>
      <trkpt lat="47.114767" lon="9.217959">
        <ele>420.9</ele>
        <time>2026-09-24T20:09:17Z</time>
      </trkpt>
      <trkpt lat="47.11476" lon="9.217953">
        <ele>420.8</ele>
        <time>2026-09-24T20:09:18Z</time>
      </trkpt>
      <trkpt lat="47.114755" lon="9.217961">
        <ele>420.8</ele>
        <time>2026-09-24T20:09:19Z</time>
      </trkpt>
      <trkpt lat="47.114735" lon="9.21795">
        <ele>420.7</ele>
        <time>2026-09-24T20:09:20Z</time>
      </trkpt>
      <trkpt lat="47.114712" lon="9.217947">
        <ele>420.6</ele>
        <time>2026-09-24T20:09:21Z</time>
      </trkpt>
      <trkpt lat="47.114696" lon="9.217943">
        <ele>420.5</ele>
        <time>2026-09-24T20:09:22Z</time>
      </trkpt>
      <trkpt lat="47.114677" lon="9.217939">
        <ele>420.4</ele>
        <time>2026-09-24T20:09:23Z</time>
      </trkpt>
      <trkpt lat="47.114665" lon="9.217938">
        <ele>420.4</ele>
        <time>2026-09-24T20:09:24Z</time>
      </trkpt>
      <trkpt lat="47.114643" lon="9.217925">
        <ele>420.3</ele>
        <time>2026-09-24T20:09:25Z</time>
      </trkpt>
      <trkpt lat="47.11463" lon="9.217929">
        <ele>420.2</ele>
        <time>2026-09-24T20:09:26Z</time>
      </trkpt>
      <trkpt lat="47.114616" lon="9.217925">
        <ele>420.1</ele>
        <time>2026-09-24T20:09:27Z</time>
      </trkpt>
      <trkpt lat="47.114602" lon="9.217923">
        <ele>420.1</ele>
        <time>2026-09-24T20:09:28Z</time>
      </trkpt>
      <trkpt lat="47.114596" lon="9.217924">
        <ele>420.0</ele>
        <time>2026-09-24T20:09:29Z</time>
      </trkpt>
      <trkpt lat="47.114598" lon="9.217927">
        <ele>420.0</ele>
        <time>2026-09-24T20:09:30Z</time>
      </trkpt>
      <trkpt lat="47.114602" lon="9.217928">
        <ele>420.0</ele>
        <time>2026-09-24T20:09:31Z</time>
      </trkpt>
      <trkpt lat="47.114588" lon="9.217914">
        <ele>419.9</ele>
        <time>2026-09-24T20:09:32Z</time>
      </trkpt>
      <trkpt lat="47.114585" lon="9.217901">
        <ele>420.1</ele>
        <time>2026-09-24T20:09:33Z</time>
      </trkpt>
      <trkpt lat="47.114595" lon="9.21789">
        <ele>420.5</ele>
        <time>2026-09-24T20:09:34Z</time>
      </trkpt>
      <trkpt lat="47.114603" lon="9.217882">
        <ele>420.8</ele>
        <time>2026-09-24T20:09:35Z</time>
      </trkpt>
      <trkpt lat="47.114609" lon="9.217874">
        <ele>421.0</ele>
        <time>2026-09-24T20:09:36Z</time>
      </trkpt>
      <trkpt lat="47.114612" lon="9.217867">
        <ele>421.2</ele>
        <time>2026-09-24T20:09:37Z</time>
      </trkpt>
      <trkpt lat="47.11461" lon="9.217861">
        <ele>421.3</ele>
        <time>2026-09-24T20:09:38Z</time>
      </trkpt>
      <trkpt lat="47.11461" lon="9.217846">
        <ele>421.6</ele>
        <time>2026-09-24T20:09:39Z</time>
      </trkpt>
      <trkpt lat="47.114614" lon="9.217835">
        <ele>421.9</ele>
        <time>2026-09-24T20:09:40Z</time>
      </trkpt>
      <trkpt lat="47.114623" lon="9.217831">
        <ele>422.2</ele>
        <time>2026-09-24T20:09:41Z</time>
      </trkpt>
      <trkpt lat="47.114634" lon="9.217818">
        <ele>422.2</ele>
        <time>2026-09-24T20:09:42Z</time>
      </trkpt>
      <trkpt lat="47.114645" lon="9.217809">
        <ele>422.2</ele>
        <time>2026-09-24T20:09:43Z</time>
      </trkpt>
      <trkpt lat="47.11465" lon="9.217804">
        <ele>422.2</ele>
        <time>2026-09-24T20:09:44Z</time>
      </trkpt>
      <trkpt lat="47.114658" lon="9.217804">
        <ele>422.2</ele>
        <time>2026-09-24T20:09:45Z</time>
      </trkpt>
      <trkpt lat="47.114666" lon="9.217808">
        <ele>422.2</ele>
        <time>2026-09-24T20:09:46Z</time>
      </trkpt>
      <trkpt lat="47.114676" lon="9.2178">
        <ele>422.2</ele>
        <time>2026-09-24T20:09:47Z</time>
      </trkpt>
      <trkpt lat="47.114677" lon="9.217802">
        <ele>422.2</ele>
        <time>2026-09-24T20:09:48Z</time>
      </trkpt>
      <trkpt lat="47.114675" lon="9.217806">
        <ele>422.2</ele>
        <time>2026-09-24T20:09:49Z</time>
      </trkpt>
      <trkpt lat="47.114674" lon="9.217806">
        <ele>422.2</ele>
        <time>2026-09-24T20:09:50Z</time>
      </trkpt>
      <trkpt lat="47.114674" lon="9.217806">
        <ele>422.2</ele>
        <time>2026-09-24T20:09:51Z</time>
      </trkpt>
      <trkpt lat="47.114674" lon="9.217806">
        <ele>422.2</ele>
        <time>2026-09-24T20:09:52Z</time>
      </trkpt>
      <trkpt lat="47.114674" lon="9.217806">
        <ele>422.2</ele>
        <time>2026-09-24T20:09:53Z</time>
      </trkpt>
      <trkpt lat="47.114674" lon="9.217806">
        <ele>422.2</ele>
        <time>2026-09-24T20:09:54Z</time>
      </trkpt>
      <trkpt lat="47.114665" lon="9.217803">
        <ele>422.2</ele>
        <time>2026-09-24T20:09:55Z</time>
      </trkpt>
      <trkpt lat="47.114667" lon="9.217796">
        <ele>422.2</ele>
        <time>2026-09-24T20:09:56Z</time>
      </trkpt>
      <trkpt lat="47.114674" lon="9.217796">
        <ele>422.2</ele>
        <time>2026-09-24T20:09:57Z</time>
      </trkpt>
      <trkpt lat="47.114679" lon="9.217794">
        <ele>422.2</ele>
        <time>2026-09-24T20:09:58Z</time>
      </trkpt>
      <trkpt lat="47.114684" lon="9.217794">
        <ele>422.2</ele>
        <time>2026-09-24T20:09:59Z</time>
      </trkpt>
      <trkpt lat="47.114686" lon="9.217792">
        <ele>422.2</ele>
        <time>2026-09-24T20:10:00Z</time>
      </trkpt>
      <trkpt lat="47.114684" lon="9.217792">
        <ele>422.2</ele>
        <time>2026-09-24T20:10:01Z</time>
      </trkpt>
      <trkpt lat="47.114684" lon="9.217792">
        <ele>422.2</ele>
        <time>2026-09-24T20:10:02Z</time>
      </trkpt>
      <trkpt lat="47.114688" lon="9.217782">
        <ele>422.2</ele>
        <time>2026-09-24T20:10:03Z</time>
      </trkpt>
      <trkpt lat="47.114695" lon="9.21778">
        <ele>422.2</ele>
        <time>2026-09-24T20:10:04Z</time>
      </trkpt>
      <trkpt lat="47.114703" lon="9.217775">
        <ele>422.2</ele>
        <time>2026-09-24T20:10:05Z</time>
      </trkpt>
      <trkpt lat="47.114716" lon="9.217766">
        <ele>422.2</ele>
        <time>2026-09-24T20:10:06Z</time>
      </trkpt>
      <trkpt lat="47.114727" lon="9.217746">
        <ele>422.2</ele>
        <time>2026-09-24T20:10:07Z</time>
      </trkpt>
      <trkpt lat="47.114736" lon="9.217744">
        <ele>422.2</ele>
        <time>2026-09-24T20:10:08Z</time>
      </trkpt>
      <trkpt lat="47.114741" lon="9.217746">
        <ele>422.2</ele>
        <time>2026-09-24T20:10:09Z</time>
      </trkpt>
      <trkpt lat="47.114742" lon="9.217749">
        <ele>422.2</ele>
        <time>2026-09-24T20:10:10Z</time>
      </trkpt>
      <trkpt lat="47.11474" lon="9.217747">
        <ele>422.2</ele>
        <time>2026-09-24T20:10:11Z</time>
      </trkpt>
      <trkpt lat="47.114737" lon="9.217743">
        <ele>422.2</ele>
        <time>2026-09-24T20:10:12Z</time>
      </trkpt>
      <trkpt lat="47.114734" lon="9.217741">
        <ele>422.2</ele>
        <time>2026-09-24T20:10:13Z</time>
      </trkpt>
      <trkpt lat="47.114735" lon="9.217742">
        <ele>422.2</ele>
        <time>2026-09-24T20:10:14Z</time>
      </trkpt>
      <trkpt lat="47.114735" lon="9.217732">
        <ele>422.2</ele>
        <time>2026-09-24T20:10:15Z</time>
      </trkpt>
      <trkpt lat="47.114738" lon="9.217718">
        <ele>422.2</ele>
        <time>2026-09-24T20:10:16Z</time>
      </trkpt>
      <trkpt lat="47.114747" lon="9.217698">
        <ele>422.2</ele>
        <time>2026-09-24T20:10:17Z</time>
      </trkpt>
      <trkpt lat="47.114757" lon="9.217676">
        <ele>422.1</ele>
        <time>2026-09-24T20:10:18Z</time>
      </trkpt>
      <trkpt lat="47.114761" lon="9.21767">
        <ele>422.1</ele>
        <time>2026-09-24T20:10:19Z</time>
      </trkpt>
      <trkpt lat="47.114761" lon="9.217667">
        <ele>422.1</ele>
        <time>2026-09-24T20:10:20Z</time>
      </trkpt>
      <trkpt lat="47.114759" lon="9.217658">
        <ele>422.1</ele>
        <time>2026-09-24T20:10:21Z</time>
      </trkpt>
      <trkpt lat="47.114762" lon="9.217649">
        <ele>422.1</ele>
        <time>2026-09-24T20:10:22Z</time>
      </trkpt>
      <trkpt lat="47.114761" lon="9.217641">
        <ele>422.1</ele>
        <time>2026-09-24T20:10:23Z</time>
      </trkpt>
      <trkpt lat="47.114766" lon="9.217629">
        <ele>422.1</ele>
        <time>2026-09-24T20:10:24Z</time>
      </trkpt>
      <trkpt lat="47.114772" lon="9.21762">
        <ele>422.1</ele>
        <time>2026-09-24T20:10:25Z</time>
      </trkpt>
      <trkpt lat="47.114775" lon="9.21762">
        <ele>422.1</ele>
        <time>2026-09-24T20:10:26Z</time>
      </trkpt>
      <trkpt lat="47.114779" lon="9.217611">
        <ele>422.1</ele>
        <time>2026-09-24T20:10:27Z</time>
      </trkpt>
      <trkpt lat="47.11478" lon="9.217608">
        <ele>422.1</ele>
        <time>2026-09-24T20:10:28Z</time>
      </trkpt>
      <trkpt lat="47.11478" lon="9.217599">
        <ele>422.1</ele>
        <time>2026-09-24T20:10:29Z</time>
      </trkpt>
      <trkpt lat="47.114783" lon="9.217597">
        <ele>422.1</ele>
        <time>2026-09-24T20:10:30Z</time>
      </trkpt>
      <trkpt lat="47.114788" lon="9.217585">
        <ele>422.1</ele>
        <time>2026-09-24T20:10:31Z</time>
      </trkpt>
      <trkpt lat="47.114794" lon="9.217571">
        <ele>422.1</ele>
        <time>2026-09-24T20:10:32Z</time>
      </trkpt>
      <trkpt lat="47.114798" lon="9.217568">
        <ele>422.1</ele>
        <time>2026-09-24T20:10:33Z</time>
      </trkpt>
      <trkpt lat="47.114802" lon="9.217568">
        <ele>422.1</ele>
        <time>2026-09-24T20:10:34Z</time>
      </trkpt>
      <trkpt lat="47.114807" lon="9.217557">
        <ele>422.1</ele>
        <time>2026-09-24T20:10:35Z</time>
      </trkpt>
      <trkpt lat="47.114809" lon="9.217535">
        <ele>422.1</ele>
        <time>2026-09-24T20:10:36Z</time>
      </trkpt>
      <trkpt lat="47.114811" lon="9.21753">
        <ele>422.1</ele>
        <time>2026-09-24T20:10:37Z</time>
      </trkpt>
      <trkpt lat="47.114813" lon="9.21752">
        <ele>422.1</ele>
        <time>2026-09-24T20:10:38Z</time>
      </trkpt>
      <trkpt lat="47.114817" lon="9.217517">
        <ele>422.1</ele>
        <time>2026-09-24T20:10:39Z</time>
      </trkpt>
      <trkpt lat="47.114827" lon="9.217508">
        <ele>422.1</ele>
        <time>2026-09-24T20:10:40Z</time>
      </trkpt>
      <trkpt lat="47.114836" lon="9.217501">
        <ele>422.1</ele>
        <time>2026-09-24T20:10:41Z</time>
      </trkpt>
      <trkpt lat="47.114842" lon="9.217493">
        <ele>422.1</ele>
        <time>2026-09-24T20:10:42Z</time>
      </trkpt>
      <trkpt lat="47.11484" lon="9.21749">
        <ele>422.1</ele>
        <time>2026-09-24T20:10:43Z</time>
      </trkpt>
      <trkpt lat="47.114844" lon="9.217465">
        <ele>422.1</ele>
        <time>2026-09-24T20:10:44Z</time>
      </trkpt>
      <trkpt lat="47.114849" lon="9.217445">
        <ele>422.1</ele>
        <time>2026-09-24T20:10:45Z</time>
      </trkpt>
      <trkpt lat="47.114852" lon="9.217436">
        <ele>422.1</ele>
        <time>2026-09-24T20:10:46Z</time>
      </trkpt>
      <trkpt lat="47.114855" lon="9.217435">
        <ele>422.1</ele>
        <time>2026-09-24T20:10:47Z</time>
      </trkpt>
      <trkpt lat="47.114859" lon="9.217432">
        <ele>422.1</ele>
        <time>2026-09-24T20:10:48Z</time>
      </trkpt>
      <trkpt lat="47.114861" lon="9.217424">
        <ele>422.1</ele>
        <time>2026-09-24T20:10:49Z</time>
      </trkpt>
      <trkpt lat="47.114864" lon="9.217416">
        <ele>422.1</ele>
        <time>2026-09-24T20:10:50Z</time>
      </trkpt>
      <trkpt lat="47.114867" lon="9.217413">
        <ele>422.1</ele>
        <time>2026-09-24T20:10:51Z</time>
      </trkpt>
      <trkpt lat="47.114868" lon="9.217408">
        <ele>422.2</ele>
        <time>2026-09-24T20:10:52Z</time>
      </trkpt>
      <trkpt lat="47.114877" lon="9.217401">
        <ele>422.2</ele>
        <time>2026-09-24T20:10:53Z</time>
      </trkpt>
      <trkpt lat="47.114889" lon="9.21739">
        <ele>422.2</ele>
        <time>2026-09-24T20:10:54Z</time>
      </trkpt>
      <trkpt lat="47.114889" lon="9.217395">
        <ele>422.2</ele>
        <time>2026-09-24T20:10:55Z</time>
      </trkpt>
      <trkpt lat="47.114891" lon="9.217388">
        <ele>422.2</ele>
        <time>2026-09-24T20:10:56Z</time>
      </trkpt>
      <trkpt lat="47.114901" lon="9.21737">
        <ele>422.2</ele>
        <time>2026-09-24T20:10:57Z</time>
      </trkpt>
      <trkpt lat="47.114905" lon="9.217371">
        <ele>422.2</ele>
        <time>2026-09-24T20:10:58Z</time>
      </trkpt>
      <trkpt lat="47.114917" lon="9.217359">
        <ele>422.2</ele>
        <time>2026-09-24T20:10:59Z</time>
      </trkpt>
      <trkpt lat="47.114925" lon="9.217366">
        <ele>422.2</ele>
        <time>2026-09-24T20:11:00Z</time>
      </trkpt>
      <trkpt lat="47.114937" lon="9.217364">
        <ele>422.2</ele>
        <time>2026-09-24T20:11:01Z</time>
      </trkpt>
      <trkpt lat="47.114936" lon="9.217362">
        <ele>422.2</ele>
        <time>2026-09-24T20:11:02Z</time>
      </trkpt>
      <trkpt lat="47.114938" lon="9.217357">
        <ele>422.2</ele>
        <time>2026-09-24T20:11:03Z</time>
      </trkpt>
      <trkpt lat="47.114938" lon="9.217355">
        <ele>422.2</ele>
        <time>2026-09-24T20:11:04Z</time>
      </trkpt>
      <trkpt lat="47.114936" lon="9.217355">
        <ele>422.2</ele>
        <time>2026-09-24T20:11:05Z</time>
      </trkpt>
      <trkpt lat="47.114933" lon="9.217362">
        <ele>422.2</ele>
        <time>2026-09-24T20:11:06Z</time>
      </trkpt>
      <trkpt lat="47.114932" lon="9.217352">
        <ele>422.2</ele>
        <time>2026-09-24T20:11:07Z</time>
      </trkpt>
      <trkpt lat="47.114931" lon="9.217348">
        <ele>422.2</ele>
        <time>2026-09-24T20:11:08Z</time>
      </trkpt>
      <trkpt lat="47.114927" lon="9.217347">
        <ele>422.2</ele>
        <time>2026-09-24T20:11:09Z</time>
      </trkpt>
      <trkpt lat="47.114927" lon="9.217319">
        <ele>422.2</ele>
        <time>2026-09-24T20:11:10Z</time>
      </trkpt>
      <trkpt lat="47.114928" lon="9.21733">
        <ele>422.2</ele>
        <time>2026-09-24T20:11:11Z</time>
      </trkpt>
      <trkpt lat="47.114926" lon="9.217321">
        <ele>422.2</ele>
        <time>2026-09-24T20:11:12Z</time>
      </trkpt>
      <trkpt lat="47.114927" lon="9.217322">
        <ele>422.2</ele>
        <time>2026-09-24T20:11:13Z</time>
      </trkpt>
      <trkpt lat="47.114926" lon="9.217319">
        <ele>422.2</ele>
        <time>2026-09-24T20:11:14Z</time>
      </trkpt>
      <trkpt lat="47.114926" lon="9.217319">
        <ele>422.2</ele>
        <time>2026-09-24T20:11:15Z</time>
      </trkpt>
      <trkpt lat="47.114926" lon="9.217319">
        <ele>422.2</ele>
        <time>2026-09-24T20:11:16Z</time>
      </trkpt>
      <trkpt lat="47.114921" lon="9.217311">
        <ele>422.2</ele>
        <time>2026-09-24T20:11:17Z</time>
      </trkpt>
      <trkpt lat="47.114921" lon="9.217311">
        <ele>422.2</ele>
        <time>2026-09-24T20:11:18Z</time>
      </trkpt>
      <trkpt lat="47.114925" lon="9.217313">
        <ele>422.2</ele>
        <time>2026-09-24T20:11:19Z</time>
      </trkpt>
      <trkpt lat="47.114926" lon="9.217313">
        <ele>422.2</ele>
        <time>2026-09-24T20:11:20Z</time>
      </trkpt>
      <trkpt lat="47.114921" lon="9.21731">
        <ele>422.2</ele>
        <time>2026-09-24T20:11:21Z</time>
      </trkpt>
      <trkpt lat="47.114921" lon="9.217316">
        <ele>422.2</ele>
        <time>2026-09-24T20:11:22Z</time>
      </trkpt>
      <trkpt lat="47.114923" lon="9.217319">
        <ele>422.2</ele>
        <time>2026-09-24T20:11:23Z</time>
      </trkpt>
      <trkpt lat="47.114924" lon="9.217321">
        <ele>422.2</ele>
        <time>2026-09-24T20:11:24Z</time>
      </trkpt>
      <trkpt lat="47.114924" lon="9.217321">
        <ele>422.2</ele>
        <time>2026-09-24T20:11:25Z</time>
      </trkpt>
      <trkpt lat="47.114924" lon="9.217321">
        <ele>422.2</ele>
        <time>2026-09-24T20:11:26Z</time>
      </trkpt>
      <trkpt lat="47.114922" lon="9.217325">
        <ele>422.2</ele>
        <time>2026-09-24T20:11:27Z</time>
      </trkpt>
      <trkpt lat="47.114922" lon="9.217324">
        <ele>422.2</ele>
        <time>2026-09-24T20:11:28Z</time>
      </trkpt>
      <trkpt lat="47.114925" lon="9.217327">
        <ele>422.2</ele>
        <time>2026-09-24T20:11:29Z</time>
      </trkpt>
      <trkpt lat="47.114926" lon="9.21733">
        <ele>422.2</ele>
        <time>2026-09-24T20:11:30Z</time>
      </trkpt>
      <trkpt lat="47.114924" lon="9.217328">
        <ele>422.2</ele>
        <time>2026-09-24T20:11:31Z</time>
      </trkpt>
      <trkpt lat="47.114924" lon="9.217326">
        <ele>422.2</ele>
        <time>2026-09-24T20:11:32Z</time>
      </trkpt>
      <trkpt lat="47.114924" lon="9.217324">
        <ele>422.2</ele>
        <time>2026-09-24T20:11:33Z</time>
      </trkpt>
      <trkpt lat="47.114913" lon="9.217324">
        <ele>422.2</ele>
        <time>2026-09-24T20:11:34Z</time>
      </trkpt>
      <trkpt lat="47.114909" lon="9.217326">
        <ele>422.2</ele>
        <time>2026-09-24T20:11:35Z</time>
      </trkpt>
      <trkpt lat="47.114906" lon="9.217328">
        <ele>422.2</ele>
        <time>2026-09-24T20:11:36Z</time>
      </trkpt>
      <trkpt lat="47.114895" lon="9.217327">
        <ele>422.2</ele>
        <time>2026-09-24T20:11:37Z</time>
      </trkpt>
      <trkpt lat="47.114884" lon="9.217333">
        <ele>422.2</ele>
        <time>2026-09-24T20:11:38Z</time>
      </trkpt>
      <trkpt lat="47.114887" lon="9.217329">
        <ele>422.2</ele>
        <time>2026-09-24T20:11:39Z</time>
      </trkpt>
      <trkpt lat="47.114891" lon="9.217327">
        <ele>422.2</ele>
        <time>2026-09-24T20:11:40Z</time>
      </trkpt>
      <trkpt lat="47.114882" lon="9.217324">
        <ele>422.2</ele>
        <time>2026-09-24T20:11:41Z</time>
      </trkpt>
      <trkpt lat="47.114873" lon="9.217331">
        <ele>422.2</ele>
        <time>2026-09-24T20:11:42Z</time>
      </trkpt>
      <trkpt lat="47.114867" lon="9.217335">
        <ele>422.2</ele>
        <time>2026-09-24T20:11:43Z</time>
      </trkpt>
      <trkpt lat="47.114867" lon="9.217331">
        <ele>422.2</ele>
        <time>2026-09-24T20:11:44Z</time>
      </trkpt>
      <trkpt lat="47.114858" lon="9.217327">
        <ele>422.3</ele>
        <time>2026-09-24T20:11:45Z</time>
      </trkpt>
      <trkpt lat="47.114843" lon="9.217326">
        <ele>422.3</ele>
        <time>2026-09-24T20:11:46Z</time>
      </trkpt>
      <trkpt lat="47.114836" lon="9.217336">
        <ele>422.3</ele>
        <time>2026-09-24T20:11:47Z</time>
      </trkpt>
      <trkpt lat="47.114819" lon="9.21734">
        <ele>422.3</ele>
        <time>2026-09-24T20:11:48Z</time>
      </trkpt>
      <trkpt lat="47.114805" lon="9.217345">
        <ele>422.3</ele>
        <time>2026-09-24T20:11:49Z</time>
      </trkpt>
      <trkpt lat="47.114809" lon="9.217357">
        <ele>422.3</ele>
        <time>2026-09-24T20:11:50Z</time>
      </trkpt>
      <trkpt lat="47.114806" lon="9.217357">
        <ele>422.3</ele>
        <time>2026-09-24T20:11:51Z</time>
      </trkpt>
      <trkpt lat="47.114796" lon="9.217355">
        <ele>422.3</ele>
        <time>2026-09-24T20:11:52Z</time>
      </trkpt>
      <trkpt lat="47.1148" lon="9.217337">
        <ele>422.3</ele>
        <time>2026-09-24T20:11:53Z</time>
      </trkpt>
      <trkpt lat="47.114802" lon="9.217327">
        <ele>422.3</ele>
        <time>2026-09-24T20:11:54Z</time>
      </trkpt>
      <trkpt lat="47.114795" lon="9.217335">
        <ele>422.3</ele>
        <time>2026-09-24T20:11:55Z</time>
      </trkpt>
      <trkpt lat="47.114783" lon="9.217334">
        <ele>422.3</ele>
        <time>2026-09-24T20:11:56Z</time>
      </trkpt>
      <trkpt lat="47.114778" lon="9.217325">
        <ele>422.3</ele>
        <time>2026-09-24T20:11:57Z</time>
      </trkpt>
      <trkpt lat="47.114776" lon="9.217298">
        <ele>422.3</ele>
        <time>2026-09-24T20:11:58Z</time>
      </trkpt>
      <trkpt lat="47.114784" lon="9.217278">
        <ele>422.3</ele>
        <time>2026-09-24T20:11:59Z</time>
      </trkpt>
      <trkpt lat="47.114803" lon="9.217255">
        <ele>422.3</ele>
        <time>2026-09-24T20:12:00Z</time>
      </trkpt>
      <trkpt lat="47.114808" lon="9.217248">
        <ele>422.3</ele>
        <time>2026-09-24T20:12:01Z</time>
      </trkpt>
      <trkpt lat="47.114811" lon="9.217236">
        <ele>422.3</ele>
        <time>2026-09-24T20:12:02Z</time>
      </trkpt>
      <trkpt lat="47.114815" lon="9.21722">
        <ele>422.3</ele>
        <time>2026-09-24T20:12:03Z</time>
      </trkpt>
      <trkpt lat="47.114823" lon="9.217195">
        <ele>422.3</ele>
        <time>2026-09-24T20:12:04Z</time>
      </trkpt>
      <trkpt lat="47.11482" lon="9.217178">
        <ele>422.3</ele>
        <time>2026-09-24T20:12:05Z</time>
      </trkpt>
      <trkpt lat="47.11482" lon="9.217167">
        <ele>422.4</ele>
        <time>2026-09-24T20:12:06Z</time>
      </trkpt>
      <trkpt lat="47.114821" lon="9.217158">
        <ele>422.4</ele>
        <time>2026-09-24T20:12:07Z</time>
      </trkpt>
      <trkpt lat="47.114822" lon="9.217139">
        <ele>422.4</ele>
        <time>2026-09-24T20:12:08Z</time>
      </trkpt>
      <trkpt lat="47.114825" lon="9.217122">
        <ele>422.4</ele>
        <time>2026-09-24T20:12:09Z</time>
      </trkpt>
      <trkpt lat="47.114829" lon="9.217121">
        <ele>422.4</ele>
        <time>2026-09-24T20:12:10Z</time>
      </trkpt>
      <trkpt lat="47.114843" lon="9.217119">
        <ele>422.4</ele>
        <time>2026-09-24T20:12:11Z</time>
      </trkpt>
      <trkpt lat="47.114856" lon="9.217109">
        <ele>422.4</ele>
        <time>2026-09-24T20:12:12Z</time>
      </trkpt>
      <trkpt lat="47.114857" lon="9.217112">
        <ele>422.4</ele>
        <time>2026-09-24T20:12:13Z</time>
      </trkpt>
      <trkpt lat="47.114862" lon="9.217107">
        <ele>422.4</ele>
        <time>2026-09-24T20:12:14Z</time>
      </trkpt>
      <trkpt lat="47.114864" lon="9.217098">
        <ele>422.4</ele>
        <time>2026-09-24T20:12:15Z</time>
      </trkpt>
      <trkpt lat="47.114866" lon="9.217098">
        <ele>422.4</ele>
        <time>2026-09-24T20:12:16Z</time>
      </trkpt>
      <trkpt lat="47.114868" lon="9.217101">
        <ele>422.4</ele>
        <time>2026-09-24T20:12:17Z</time>
      </trkpt>
      <trkpt lat="47.114866" lon="9.217111">
        <ele>422.4</ele>
        <time>2026-09-24T20:12:18Z</time>
      </trkpt>
      <trkpt lat="47.114863" lon="9.217114">
        <ele>422.4</ele>
        <time>2026-09-24T20:12:19Z</time>
      </trkpt>
      <trkpt lat="47.114853" lon="9.217124">
        <ele>422.4</ele>
        <time>2026-09-24T20:12:20Z</time>
      </trkpt>
      <trkpt lat="47.114861" lon="9.217113">
        <ele>422.4</ele>
        <time>2026-09-24T20:12:21Z</time>
      </trkpt>
      <trkpt lat="47.114867" lon="9.21711">
        <ele>422.4</ele>
        <time>2026-09-24T20:12:22Z</time>
      </trkpt>
      <trkpt lat="47.114856" lon="9.217126">
        <ele>422.4</ele>
        <time>2026-09-24T20:12:23Z</time>
      </trkpt>
      <trkpt lat="47.114848" lon="9.217133">
        <ele>422.4</ele>
        <time>2026-09-24T20:12:24Z</time>
      </trkpt>
      <trkpt lat="47.114849" lon="9.217143">
        <ele>422.4</ele>
        <time>2026-09-24T20:12:25Z</time>
      </trkpt>
      <trkpt lat="47.114853" lon="9.217135">
        <ele>422.4</ele>
        <time>2026-09-24T20:12:26Z</time>
      </trkpt>
      <trkpt lat="47.114858" lon="9.217118">
        <ele>422.4</ele>
        <time>2026-09-24T20:12:27Z</time>
      </trkpt>
      <trkpt lat="47.114856" lon="9.217088">
        <ele>422.4</ele>
        <time>2026-09-24T20:12:28Z</time>
      </trkpt>
      <trkpt lat="47.114863" lon="9.217081">
        <ele>422.4</ele>
        <time>2026-09-24T20:12:29Z</time>
      </trkpt>
      <trkpt lat="47.114855" lon="9.217074">
        <ele>422.4</ele>
        <time>2026-09-24T20:12:30Z</time>
      </trkpt>
      <trkpt lat="47.114865" lon="9.217059">
        <ele>422.4</ele>
        <time>2026-09-24T20:12:31Z</time>
      </trkpt>
      <trkpt lat="47.114869" lon="9.217047">
        <ele>422.4</ele>
        <time>2026-09-24T20:12:32Z</time>
      </trkpt>
      <trkpt lat="47.114866" lon="9.21703">
        <ele>422.4</ele>
        <time>2026-09-24T20:12:33Z</time>
      </trkpt>
      <trkpt lat="47.114868" lon="9.217018">
        <ele>422.4</ele>
        <time>2026-09-24T20:12:34Z</time>
      </trkpt>
      <trkpt lat="47.114872" lon="9.217007">
        <ele>422.4</ele>
        <time>2026-09-24T20:12:35Z</time>
      </trkpt>
      <trkpt lat="47.114874" lon="9.216985">
        <ele>422.4</ele>
        <time>2026-09-24T20:12:36Z</time>
      </trkpt>
      <trkpt lat="47.114875" lon="9.21697">
        <ele>422.4</ele>
        <time>2026-09-24T20:12:37Z</time>
      </trkpt>
      <trkpt lat="47.114881" lon="9.216943">
        <ele>422.4</ele>
        <time>2026-09-24T20:12:38Z</time>
      </trkpt>
      <trkpt lat="47.114886" lon="9.216934">
        <ele>422.3</ele>
        <time>2026-09-24T20:12:39Z</time>
      </trkpt>
      <trkpt lat="47.114893" lon="9.216936">
        <ele>422.3</ele>
        <time>2026-09-24T20:12:40Z</time>
      </trkpt>
      <trkpt lat="47.114908" lon="9.216931">
        <ele>422.3</ele>
        <time>2026-09-24T20:12:41Z</time>
      </trkpt>
      <trkpt lat="47.114921" lon="9.216909">
        <ele>422.3</ele>
        <time>2026-09-24T20:12:42Z</time>
      </trkpt>
      <trkpt lat="47.114934" lon="9.216889">
        <ele>422.3</ele>
        <time>2026-09-24T20:12:43Z</time>
      </trkpt>
      <trkpt lat="47.114943" lon="9.216873">
        <ele>422.3</ele>
        <time>2026-09-24T20:12:44Z</time>
      </trkpt>
      <trkpt lat="47.114942" lon="9.216856">
        <ele>422.2</ele>
        <time>2026-09-24T20:12:45Z</time>
      </trkpt>
      <trkpt lat="47.114946" lon="9.216845">
        <ele>422.2</ele>
        <time>2026-09-24T20:12:46Z</time>
      </trkpt>
      <trkpt lat="47.11495" lon="9.216835">
        <ele>422.2</ele>
        <time>2026-09-24T20:12:47Z</time>
      </trkpt>
      <trkpt lat="47.114959" lon="9.216825">
        <ele>422.2</ele>
        <time>2026-09-24T20:12:48Z</time>
      </trkpt>
      <trkpt lat="47.114971" lon="9.216809">
        <ele>422.2</ele>
        <time>2026-09-24T20:12:49Z</time>
      </trkpt>
      <trkpt lat="47.114985" lon="9.216801">
        <ele>422.2</ele>
        <time>2026-09-24T20:12:50Z</time>
      </trkpt>
      <trkpt lat="47.115" lon="9.216795">
        <ele>422.1</ele>
        <time>2026-09-24T20:12:51Z</time>
      </trkpt>
      <trkpt lat="47.115012" lon="9.216776">
        <ele>422.1</ele>
        <time>2026-09-24T20:12:52Z</time>
      </trkpt>
      <trkpt lat="47.115013" lon="9.216766">
        <ele>422.1</ele>
        <time>2026-09-24T20:12:53Z</time>
      </trkpt>
      <trkpt lat="47.115011" lon="9.216744">
        <ele>422.1</ele>
        <time>2026-09-24T20:12:54Z</time>
      </trkpt>
      <trkpt lat="47.115018" lon="9.216723">
        <ele>422.0</ele>
        <time>2026-09-24T20:12:55Z</time>
      </trkpt>
      <trkpt lat="47.115027" lon="9.216689">
        <ele>422.0</ele>
        <time>2026-09-24T20:12:56Z</time>
      </trkpt>
      <trkpt lat="47.11501" lon="9.216663">
        <ele>421.9</ele>
        <time>2026-09-24T20:12:57Z</time>
      </trkpt>
      <trkpt lat="47.115007" lon="9.216648">
        <ele>421.9</ele>
        <time>2026-09-24T20:12:58Z</time>
      </trkpt>
      <trkpt lat="47.115009" lon="9.216635">
        <ele>421.9</ele>
        <time>2026-09-24T20:12:59Z</time>
      </trkpt>
      <trkpt lat="47.115018" lon="9.216629">
        <ele>421.9</ele>
        <time>2026-09-24T20:13:00Z</time>
      </trkpt>
      <trkpt lat="47.115028" lon="9.216618">
        <ele>421.9</ele>
        <time>2026-09-24T20:13:01Z</time>
      </trkpt>
      <trkpt lat="47.115037" lon="9.216615">
        <ele>421.8</ele>
        <time>2026-09-24T20:13:02Z</time>
      </trkpt>
      <trkpt lat="47.115038" lon="9.216618">
        <ele>421.8</ele>
        <time>2026-09-24T20:13:03Z</time>
      </trkpt>
      <trkpt lat="47.115034" lon="9.216612">
        <ele>421.8</ele>
        <time>2026-09-24T20:13:04Z</time>
      </trkpt>
      <trkpt lat="47.115033" lon="9.216601">
        <ele>421.8</ele>
        <time>2026-09-24T20:13:05Z</time>
      </trkpt>
      <trkpt lat="47.115043" lon="9.216578">
        <ele>421.8</ele>
        <time>2026-09-24T20:13:06Z</time>
      </trkpt>
      <trkpt lat="47.115046" lon="9.21656">
        <ele>421.8</ele>
        <time>2026-09-24T20:13:07Z</time>
      </trkpt>
      <trkpt lat="47.115042" lon="9.216542">
        <ele>421.7</ele>
        <time>2026-09-24T20:13:08Z</time>
      </trkpt>
      <trkpt lat="47.115043" lon="9.216528">
        <ele>421.7</ele>
        <time>2026-09-24T20:13:09Z</time>
      </trkpt>
      <trkpt lat="47.115054" lon="9.216517">
        <ele>421.7</ele>
        <time>2026-09-24T20:13:10Z</time>
      </trkpt>
      <trkpt lat="47.115062" lon="9.216508">
        <ele>421.7</ele>
        <time>2026-09-24T20:13:11Z</time>
      </trkpt>
      <trkpt lat="47.115068" lon="9.216483">
        <ele>421.6</ele>
        <time>2026-09-24T20:13:12Z</time>
      </trkpt>
      <trkpt lat="47.115067" lon="9.216456">
        <ele>421.6</ele>
        <time>2026-09-24T20:13:13Z</time>
      </trkpt>
      <trkpt lat="47.115066" lon="9.216434">
        <ele>421.6</ele>
        <time>2026-09-24T20:13:14Z</time>
      </trkpt>
      <trkpt lat="47.115066" lon="9.216412">
        <ele>421.6</ele>
        <time>2026-09-24T20:13:15Z</time>
      </trkpt>
      <trkpt lat="47.115067" lon="9.216392">
        <ele>421.6</ele>
        <time>2026-09-24T20:13:16Z</time>
      </trkpt>
      <trkpt lat="47.115057" lon="9.21637">
        <ele>421.6</ele>
        <time>2026-09-24T20:13:17Z</time>
      </trkpt>
      <trkpt lat="47.115042" lon="9.216345">
        <ele>421.6</ele>
        <time>2026-09-24T20:13:18Z</time>
      </trkpt>
      <trkpt lat="47.115034" lon="9.216325">
        <ele>421.5</ele>
        <time>2026-09-24T20:13:19Z</time>
      </trkpt>
      <trkpt lat="47.115031" lon="9.216309">
        <ele>421.5</ele>
        <time>2026-09-24T20:13:20Z</time>
      </trkpt>
      <trkpt lat="47.115032" lon="9.216292">
        <ele>421.5</ele>
        <time>2026-09-24T20:13:21Z</time>
      </trkpt>
      <trkpt lat="47.115027" lon="9.216283">
        <ele>421.5</ele>
        <time>2026-09-24T20:13:22Z</time>
      </trkpt>
      <trkpt lat="47.115023" lon="9.216286">
        <ele>421.5</ele>
        <time>2026-09-24T20:13:23Z</time>
      </trkpt>
      <trkpt lat="47.115024" lon="9.216287">
        <ele>421.5</ele>
        <time>2026-09-24T20:13:24Z</time>
      </trkpt>
      <trkpt lat="47.115024" lon="9.216288">
        <ele>421.5</ele>
        <time>2026-09-24T20:13:25Z</time>
      </trkpt>
      <trkpt lat="47.115024" lon="9.216288">
        <ele>421.5</ele>
        <time>2026-09-24T20:13:26Z</time>
      </trkpt>
      <trkpt lat="47.115028" lon="9.216306">
        <ele>421.5</ele>
        <time>2026-09-24T20:13:27Z</time>
      </trkpt>
      <trkpt lat="47.115025" lon="9.216305">
        <ele>421.5</ele>
        <time>2026-09-24T20:13:28Z</time>
      </trkpt>
      <trkpt lat="47.115037" lon="9.216304">
        <ele>421.5</ele>
        <time>2026-09-24T20:13:29Z</time>
      </trkpt>
      <trkpt lat="47.115046" lon="9.216307">
        <ele>421.5</ele>
        <time>2026-09-24T20:13:30Z</time>
      </trkpt>
      <trkpt lat="47.115039" lon="9.216294">
        <ele>421.5</ele>
        <time>2026-09-24T20:13:31Z</time>
      </trkpt>
      <trkpt lat="47.115041" lon="9.216285">
        <ele>421.5</ele>
        <time>2026-09-24T20:13:32Z</time>
      </trkpt>
      <trkpt lat="47.115047" lon="9.216272">
        <ele>421.5</ele>
        <time>2026-09-24T20:13:33Z</time>
      </trkpt>
      <trkpt lat="47.11505" lon="9.216259">
        <ele>421.5</ele>
        <time>2026-09-24T20:13:34Z</time>
      </trkpt>
      <trkpt lat="47.115049" lon="9.216251">
        <ele>421.5</ele>
        <time>2026-09-24T20:13:35Z</time>
      </trkpt>
      <trkpt lat="47.115055" lon="9.216245">
        <ele>421.5</ele>
        <time>2026-09-24T20:13:36Z</time>
      </trkpt>
      <trkpt lat="47.11506" lon="9.216244">
        <ele>421.5</ele>
        <time>2026-09-24T20:13:37Z</time>
      </trkpt>
      <trkpt lat="47.115052" lon="9.216247">
        <ele>421.5</ele>
        <time>2026-09-24T20:13:38Z</time>
      </trkpt>
      <trkpt lat="47.115057" lon="9.216243">
        <ele>421.5</ele>
        <time>2026-09-24T20:13:39Z</time>
      </trkpt>
      <trkpt lat="47.115057" lon="9.216243">
        <ele>421.5</ele>
        <time>2026-09-24T20:13:40Z</time>
      </trkpt>
      <trkpt lat="47.115057" lon="9.216243">
        <ele>421.5</ele>
        <time>2026-09-24T20:13:41Z</time>
      </trkpt>
      <trkpt lat="47.115057" lon="9.216243">
        <ele>421.5</ele>
        <time>2026-09-24T20:13:42Z</time>
      </trkpt>
      <trkpt lat="47.115057" lon="9.216243">
        <ele>421.5</ele>
        <time>2026-09-24T20:13:43Z</time>
      </trkpt>
      <trkpt lat="47.115057" lon="9.216243">
        <ele>421.5</ele>
        <time>2026-09-24T20:13:44Z</time>
      </trkpt>
      <trkpt lat="47.115057" lon="9.216243">
        <ele>421.5</ele>
        <time>2026-09-24T20:13:45Z</time>
      </trkpt>
      <trkpt lat="47.115057" lon="9.216243">
        <ele>421.5</ele>
        <time>2026-09-24T20:13:46Z</time>
      </trkpt>
      <trkpt lat="47.115079" lon="9.21621">
        <ele>421.5</ele>
        <time>2026-09-24T20:13:47Z</time>
      </trkpt>
      <trkpt lat="47.115077" lon="9.216214">
        <ele>421.4</ele>
        <time>2026-09-24T20:13:48Z</time>
      </trkpt>
      <trkpt lat="47.115076" lon="9.216223">
        <ele>421.4</ele>
        <time>2026-09-24T20:13:49Z</time>
      </trkpt>
      <trkpt lat="47.115077" lon="9.216226">
        <ele>421.4</ele>
        <time>2026-09-24T20:13:50Z</time>
      </trkpt>
      <trkpt lat="47.115079" lon="9.216237">
        <ele>421.4</ele>
        <time>2026-09-24T20:13:51Z</time>
      </trkpt>
      <trkpt lat="47.115085" lon="9.216232">
        <ele>421.4</ele>
        <time>2026-09-24T20:13:52Z</time>
      </trkpt>
      <trkpt lat="47.115088" lon="9.216232">
        <ele>421.4</ele>
        <time>2026-09-24T20:13:53Z</time>
      </trkpt>
      <trkpt lat="47.115086" lon="9.216223">
        <ele>421.4</ele>
        <time>2026-09-24T20:13:54Z</time>
      </trkpt>
      <trkpt lat="47.115086" lon="9.21622">
        <ele>421.4</ele>
        <time>2026-09-24T20:13:55Z</time>
      </trkpt>
      <trkpt lat="47.115086" lon="9.21622">
        <ele>421.4</ele>
        <time>2026-09-24T20:13:56Z</time>
      </trkpt>
      <trkpt lat="47.115086" lon="9.21622">
        <ele>421.4</ele>
        <time>2026-09-24T20:13:57Z</time>
      </trkpt>
      <trkpt lat="47.115086" lon="9.21622">
        <ele>421.4</ele>
        <time>2026-09-24T20:13:58Z</time>
      </trkpt>
      <trkpt lat="47.115086" lon="9.21622">
        <ele>421.4</ele>
        <time>2026-09-24T20:13:59Z</time>
      </trkpt>
      <trkpt lat="47.115086" lon="9.21622">
        <ele>421.4</ele>
        <time>2026-09-24T20:14:00Z</time>
      </trkpt>
      <trkpt lat="47.115086" lon="9.21622">
        <ele>421.4</ele>
        <time>2026-09-24T20:14:01Z</time>
      </trkpt>
      <trkpt lat="47.115086" lon="9.21622">
        <ele>421.4</ele>
        <time>2026-09-24T20:14:02Z</time>
      </trkpt>
      <trkpt lat="47.115086" lon="9.21622">
        <ele>421.4</ele>
        <time>2026-09-24T20:14:03Z</time>
      </trkpt>
      <trkpt lat="47.115086" lon="9.21622">
        <ele>421.4</ele>
        <time>2026-09-24T20:14:04Z</time>
      </trkpt>
      <trkpt lat="47.115086" lon="9.21622">
        <ele>421.4</ele>
        <time>2026-09-24T20:14:05Z</time>
      </trkpt>
      <trkpt lat="47.115101" lon="9.21622">
        <ele>421.4</ele>
        <time>2026-09-24T20:14:06Z</time>
      </trkpt>
      <trkpt lat="47.115096" lon="9.216218">
        <ele>421.4</ele>
        <time>2026-09-24T20:14:07Z</time>
      </trkpt>
      <trkpt lat="47.115097" lon="9.216217">
        <ele>421.4</ele>
        <time>2026-09-24T20:14:08Z</time>
      </trkpt>
      <trkpt lat="47.115098" lon="9.216218">
        <ele>421.4</ele>
        <time>2026-09-24T20:14:09Z</time>
      </trkpt>
      <trkpt lat="47.115098" lon="9.216218">
        <ele>421.4</ele>
        <time>2026-09-24T20:14:10Z</time>
      </trkpt>
      <trkpt lat="47.115098" lon="9.216218">
        <ele>421.4</ele>
        <time>2026-09-24T20:14:11Z</time>
      </trkpt>
      <trkpt lat="47.115098" lon="9.216218">
        <ele>421.4</ele>
        <time>2026-09-24T20:14:12Z</time>
      </trkpt>
      <trkpt lat="47.115098" lon="9.216218">
        <ele>421.4</ele>
        <time>2026-09-24T20:14:13Z</time>
      </trkpt>
      <trkpt lat="47.115097" lon="9.216206">
        <ele>421.4</ele>
        <time>2026-09-24T20:14:14Z</time>
      </trkpt>
      <trkpt lat="47.115093" lon="9.216204">
        <ele>421.4</ele>
        <time>2026-09-24T20:14:15Z</time>
      </trkpt>
      <trkpt lat="47.115093" lon="9.216204">
        <ele>421.4</ele>
        <time>2026-09-24T20:14:16Z</time>
      </trkpt>
      <trkpt lat="47.115088" lon="9.216213">
        <ele>421.4</ele>
        <time>2026-09-24T20:14:17Z</time>
      </trkpt>
      <trkpt lat="47.115088" lon="9.216214">
        <ele>421.4</ele>
        <time>2026-09-24T20:14:18Z</time>
      </trkpt>
      <trkpt lat="47.115088" lon="9.216214">
        <ele>421.4</ele>
        <time>2026-09-24T20:14:19Z</time>
      </trkpt>
      <trkpt lat="47.115088" lon="9.216214">
        <ele>421.4</ele>
        <time>2026-09-24T20:14:20Z</time>
      </trkpt>
      <trkpt lat="47.115088" lon="9.216214">
        <ele>421.4</ele>
        <time>2026-09-24T20:14:21Z</time>
      </trkpt>
      <trkpt lat="47.115088" lon="9.216214">
        <ele>421.4</ele>
        <time>2026-09-24T20:14:22Z</time>
      </trkpt>
      <trkpt lat="47.115088" lon="9.216214">
        <ele>421.4</ele>
        <time>2026-09-24T20:14:23Z</time>
      </trkpt>
      <trkpt lat="47.115088" lon="9.216214">
        <ele>421.4</ele>
        <time>2026-09-24T20:14:24Z</time>
      </trkpt>
      <trkpt lat="47.115088" lon="9.216214">
        <ele>421.4</ele>
        <time>2026-09-24T20:14:25Z</time>
      </trkpt>
      <trkpt lat="47.115088" lon="9.216214">
        <ele>421.4</ele>
        <time>2026-09-24T20:14:26Z</time>
      </trkpt>
      <trkpt lat="47.115088" lon="9.216214">
        <ele>421.4</ele>
        <time>2026-09-24T20:14:27Z</time>
      </trkpt>
      <trkpt lat="47.115088" lon="9.216214">
        <ele>421.4</ele>
        <time>2026-09-24T20:14:28Z</time>
      </trkpt>
      <trkpt lat="47.115088" lon="9.216214">
        <ele>421.4</ele>
        <time>2026-09-24T20:14:29Z</time>
      </trkpt>
      <trkpt lat="47.115088" lon="9.216214">
        <ele>421.4</ele>
        <time>2026-09-24T20:14:30Z</time>
      </trkpt>
      <trkpt lat="47.115089" lon="9.216206">
        <ele>421.4</ele>
        <time>2026-09-24T20:14:31Z</time>
      </trkpt>
      <trkpt lat="47.11509" lon="9.216206">
        <ele>421.4</ele>
        <time>2026-09-24T20:14:32Z</time>
      </trkpt>
      <trkpt lat="47.115086" lon="9.216197">
        <ele>421.4</ele>
        <time>2026-09-24T20:14:33Z</time>
      </trkpt>
      <trkpt lat="47.115087" lon="9.216181">
        <ele>421.4</ele>
        <time>2026-09-24T20:14:34Z</time>
      </trkpt>
      <trkpt lat="47.115089" lon="9.216164">
        <ele>421.4</ele>
        <time>2026-09-24T20:14:35Z</time>
      </trkpt>
      <trkpt lat="47.115085" lon="9.216139">
        <ele>421.4</ele>
        <time>2026-09-24T20:14:36Z</time>
      </trkpt>
      <trkpt lat="47.11509" lon="9.216128">
        <ele>421.4</ele>
        <time>2026-09-24T20:14:37Z</time>
      </trkpt>
      <trkpt lat="47.11509" lon="9.216129">
        <ele>421.4</ele>
        <time>2026-09-24T20:14:38Z</time>
      </trkpt>
      <trkpt lat="47.11509" lon="9.216131">
        <ele>421.4</ele>
        <time>2026-09-24T20:14:39Z</time>
      </trkpt>
      <trkpt lat="47.115089" lon="9.216129">
        <ele>421.4</ele>
        <time>2026-09-24T20:14:40Z</time>
      </trkpt>
      <trkpt lat="47.115088" lon="9.216133">
        <ele>421.4</ele>
        <time>2026-09-24T20:14:41Z</time>
      </trkpt>
      <trkpt lat="47.115081" lon="9.216121">
        <ele>421.4</ele>
        <time>2026-09-24T20:14:43Z</time>
      </trkpt>
      <trkpt lat="47.115074" lon="9.216091">
        <ele>421.3</ele>
        <time>2026-09-24T20:14:44Z</time>
      </trkpt>
      <trkpt lat="47.115062" lon="9.216056">
        <ele>421.3</ele>
        <time>2026-09-24T20:14:45Z</time>
      </trkpt>
      <trkpt lat="47.115057" lon="9.216031">
        <ele>421.3</ele>
        <time>2026-09-24T20:14:46Z</time>
      </trkpt>
      <trkpt lat="47.115068" lon="9.216042">
        <ele>421.3</ele>
        <time>2026-09-24T20:14:47Z</time>
      </trkpt>
      <trkpt lat="47.115071" lon="9.216029">
        <ele>421.3</ele>
        <time>2026-09-24T20:14:48Z</time>
      </trkpt>
      <trkpt lat="47.115068" lon="9.216">
        <ele>421.3</ele>
        <time>2026-09-24T20:14:49Z</time>
      </trkpt>
      <trkpt lat="47.115068" lon="9.215975">
        <ele>421.3</ele>
        <time>2026-09-24T20:14:50Z</time>
      </trkpt>
      <trkpt lat="47.115073" lon="9.215945">
        <ele>421.3</ele>
        <time>2026-09-24T20:14:51Z</time>
      </trkpt>
      <trkpt lat="47.115072" lon="9.215935">
        <ele>421.2</ele>
        <time>2026-09-24T20:14:52Z</time>
      </trkpt>
      <trkpt lat="47.115075" lon="9.215929">
        <ele>421.2</ele>
        <time>2026-09-24T20:14:53Z</time>
      </trkpt>
      <trkpt lat="47.115081" lon="9.215907">
        <ele>421.2</ele>
        <time>2026-09-24T20:14:54Z</time>
      </trkpt>
      <trkpt lat="47.115082" lon="9.215881">
        <ele>421.2</ele>
        <time>2026-09-24T20:14:55Z</time>
      </trkpt>
      <trkpt lat="47.115074" lon="9.215853">
        <ele>421.2</ele>
        <time>2026-09-24T20:14:56Z</time>
      </trkpt>
      <trkpt lat="47.115072" lon="9.215832">
        <ele>421.2</ele>
        <time>2026-09-24T20:14:57Z</time>
      </trkpt>
      <trkpt lat="47.115073" lon="9.215815">
        <ele>421.2</ele>
        <time>2026-09-24T20:14:58Z</time>
      </trkpt>
      <trkpt lat="47.115076" lon="9.215792">
        <ele>421.2</ele>
        <time>2026-09-24T20:14:59Z</time>
      </trkpt>
      <trkpt lat="47.115073" lon="9.215764">
        <ele>421.2</ele>
        <time>2026-09-24T20:15:00Z</time>
      </trkpt>
      <trkpt lat="47.115073" lon="9.215756">
        <ele>421.2</ele>
        <time>2026-09-24T20:15:01Z</time>
      </trkpt>
      <trkpt lat="47.115074" lon="9.215748">
        <ele>421.2</ele>
        <time>2026-09-24T20:15:02Z</time>
      </trkpt>
      <trkpt lat="47.11508" lon="9.215727">
        <ele>421.1</ele>
        <time>2026-09-24T20:15:03Z</time>
      </trkpt>
      <trkpt lat="47.115082" lon="9.215694">
        <ele>421.1</ele>
        <time>2026-09-24T20:15:04Z</time>
      </trkpt>
      <trkpt lat="47.115082" lon="9.215673">
        <ele>421.2</ele>
        <time>2026-09-24T20:15:05Z</time>
      </trkpt>
      <trkpt lat="47.115079" lon="9.215656">
        <ele>421.3</ele>
        <time>2026-09-24T20:15:06Z</time>
      </trkpt>
      <trkpt lat="47.115077" lon="9.215643">
        <ele>421.3</ele>
        <time>2026-09-24T20:15:07Z</time>
      </trkpt>
      <trkpt lat="47.115079" lon="9.215621">
        <ele>421.4</ele>
        <time>2026-09-24T20:15:08Z</time>
      </trkpt>
      <trkpt lat="47.11508" lon="9.215601">
        <ele>421.5</ele>
        <time>2026-09-24T20:15:09Z</time>
      </trkpt>
      <trkpt lat="47.115081" lon="9.215581">
        <ele>421.6</ele>
        <time>2026-09-24T20:15:10Z</time>
      </trkpt>
      <trkpt lat="47.115082" lon="9.215558">
        <ele>421.7</ele>
        <time>2026-09-24T20:15:11Z</time>
      </trkpt>
      <trkpt lat="47.115082" lon="9.215537">
        <ele>421.8</ele>
        <time>2026-09-24T20:15:12Z</time>
      </trkpt>
      <trkpt lat="47.115081" lon="9.215519">
        <ele>421.9</ele>
        <time>2026-09-24T20:15:13Z</time>
      </trkpt>
      <trkpt lat="47.115081" lon="9.2155">
        <ele>422.0</ele>
        <time>2026-09-24T20:15:14Z</time>
      </trkpt>
      <trkpt lat="47.115079" lon="9.215484">
        <ele>422.0</ele>
        <time>2026-09-24T20:15:15Z</time>
      </trkpt>
      <trkpt lat="47.115075" lon="9.215467">
        <ele>422.1</ele>
        <time>2026-09-24T20:15:16Z</time>
      </trkpt>
      <trkpt lat="47.115076" lon="9.215448">
        <ele>422.2</ele>
        <time>2026-09-24T20:15:17Z</time>
      </trkpt>
      <trkpt lat="47.115083" lon="9.215429">
        <ele>422.3</ele>
        <time>2026-09-24T20:15:18Z</time>
      </trkpt>
      <trkpt lat="47.115084" lon="9.215413">
        <ele>422.4</ele>
        <time>2026-09-24T20:15:19Z</time>
      </trkpt>
      <trkpt lat="47.115076" lon="9.215395">
        <ele>422.4</ele>
        <time>2026-09-24T20:15:20Z</time>
      </trkpt>
      <trkpt lat="47.115068" lon="9.215379">
        <ele>422.5</ele>
        <time>2026-09-24T20:15:21Z</time>
      </trkpt>
      <trkpt lat="47.115068" lon="9.215374">
        <ele>422.6</ele>
        <time>2026-09-24T20:15:22Z</time>
      </trkpt>
      <trkpt lat="47.115064" lon="9.215357">
        <ele>422.6</ele>
        <time>2026-09-24T20:15:23Z</time>
      </trkpt>
      <trkpt lat="47.115057" lon="9.215341">
        <ele>422.7</ele>
        <time>2026-09-24T20:15:24Z</time>
      </trkpt>
      <trkpt lat="47.115048" lon="9.215323">
        <ele>422.8</ele>
        <time>2026-09-24T20:15:25Z</time>
      </trkpt>
      <trkpt lat="47.115043" lon="9.215303">
        <ele>422.9</ele>
        <time>2026-09-24T20:15:26Z</time>
      </trkpt>
      <trkpt lat="47.115038" lon="9.215291">
        <ele>423.0</ele>
        <time>2026-09-24T20:15:27Z</time>
      </trkpt>
      <trkpt lat="47.115042" lon="9.215273">
        <ele>423.0</ele>
        <time>2026-09-24T20:15:28Z</time>
      </trkpt>
      <trkpt lat="47.115044" lon="9.215264">
        <ele>423.1</ele>
        <time>2026-09-24T20:15:29Z</time>
      </trkpt>
      <trkpt lat="47.115037" lon="9.215261">
        <ele>423.1</ele>
        <time>2026-09-24T20:15:30Z</time>
      </trkpt>
      <trkpt lat="47.115032" lon="9.215249">
        <ele>423.2</ele>
        <time>2026-09-24T20:15:31Z</time>
      </trkpt>
      <trkpt lat="47.115031" lon="9.215241">
        <ele>423.2</ele>
        <time>2026-09-24T20:15:32Z</time>
      </trkpt>
      <trkpt lat="47.115027" lon="9.21523">
        <ele>423.3</ele>
        <time>2026-09-24T20:15:33Z</time>
      </trkpt>
      <trkpt lat="47.115033" lon="9.215217">
        <ele>423.3</ele>
        <time>2026-09-24T20:15:34Z</time>
      </trkpt>
      <trkpt lat="47.115033" lon="9.215197">
        <ele>423.3</ele>
        <time>2026-09-24T20:15:35Z</time>
      </trkpt>
      <trkpt lat="47.115034" lon="9.21518">
        <ele>423.3</ele>
        <time>2026-09-24T20:15:36Z</time>
      </trkpt>
      <trkpt lat="47.115034" lon="9.215171">
        <ele>423.4</ele>
        <time>2026-09-24T20:15:37Z</time>
      </trkpt>
      <trkpt lat="47.11503" lon="9.215167">
        <ele>423.4</ele>
        <time>2026-09-24T20:15:38Z</time>
      </trkpt>
      <trkpt lat="47.115022" lon="9.215166">
        <ele>423.4</ele>
        <time>2026-09-24T20:15:39Z</time>
      </trkpt>
      <trkpt lat="47.115016" lon="9.21517">
        <ele>423.4</ele>
        <time>2026-09-24T20:15:40Z</time>
      </trkpt>
      <trkpt lat="47.115003" lon="9.215174">
        <ele>423.4</ele>
        <time>2026-09-24T20:15:41Z</time>
      </trkpt>
      <trkpt lat="47.114987" lon="9.215184">
        <ele>423.5</ele>
        <time>2026-09-24T20:15:42Z</time>
      </trkpt>
      <trkpt lat="47.114977" lon="9.215192">
        <ele>423.5</ele>
        <time>2026-09-24T20:15:43Z</time>
      </trkpt>
      <trkpt lat="47.114967" lon="9.215194">
        <ele>423.5</ele>
        <time>2026-09-24T20:15:44Z</time>
      </trkpt>
      <trkpt lat="47.11496" lon="9.215202">
        <ele>423.6</ele>
        <time>2026-09-24T20:15:45Z</time>
      </trkpt>
      <trkpt lat="47.114951" lon="9.21521">
        <ele>423.6</ele>
        <time>2026-09-24T20:15:46Z</time>
      </trkpt>
      <trkpt lat="47.114938" lon="9.215224">
        <ele>423.6</ele>
        <time>2026-09-24T20:15:47Z</time>
      </trkpt>
      <trkpt lat="47.114928" lon="9.215232">
        <ele>423.7</ele>
        <time>2026-09-24T20:15:48Z</time>
      </trkpt>
      <trkpt lat="47.114915" lon="9.215245">
        <ele>423.7</ele>
        <time>2026-09-24T20:15:49Z</time>
      </trkpt>
      <trkpt lat="47.114902" lon="9.215252">
        <ele>423.7</ele>
        <time>2026-09-24T20:15:50Z</time>
      </trkpt>
      <trkpt lat="47.114891" lon="9.215258">
        <ele>423.8</ele>
        <time>2026-09-24T20:15:51Z</time>
      </trkpt>
      <trkpt lat="47.114881" lon="9.215263">
        <ele>423.8</ele>
        <time>2026-09-24T20:15:52Z</time>
      </trkpt>
      <trkpt lat="47.114872" lon="9.215264">
        <ele>423.8</ele>
        <time>2026-09-24T20:15:53Z</time>
      </trkpt>
      <trkpt lat="47.114866" lon="9.215273">
        <ele>423.8</ele>
        <time>2026-09-24T20:15:54Z</time>
      </trkpt>
      <trkpt lat="47.114855" lon="9.215285">
        <ele>423.9</ele>
        <time>2026-09-24T20:15:55Z</time>
      </trkpt>
      <trkpt lat="47.114836" lon="9.215298">
        <ele>423.9</ele>
        <time>2026-09-24T20:15:56Z</time>
      </trkpt>
      <trkpt lat="47.114826" lon="9.215304">
        <ele>423.9</ele>
        <time>2026-09-24T20:15:57Z</time>
      </trkpt>
      <trkpt lat="47.11482" lon="9.215314">
        <ele>424.0</ele>
        <time>2026-09-24T20:15:58Z</time>
      </trkpt>
      <trkpt lat="47.114812" lon="9.215326">
        <ele>424.0</ele>
        <time>2026-09-24T20:15:59Z</time>
      </trkpt>
      <trkpt lat="47.114808" lon="9.215343">
        <ele>424.0</ele>
        <time>2026-09-24T20:16:00Z</time>
      </trkpt>
      <trkpt lat="47.114804" lon="9.21536">
        <ele>424.0</ele>
        <time>2026-09-24T20:16:01Z</time>
      </trkpt>
      <trkpt lat="47.1148" lon="9.215375">
        <ele>424.0</ele>
        <time>2026-09-24T20:16:02Z</time>
      </trkpt>
      <trkpt lat="47.114799" lon="9.215392">
        <ele>424.0</ele>
        <time>2026-09-24T20:16:03Z</time>
      </trkpt>
      <trkpt lat="47.114798" lon="9.215411">
        <ele>424.0</ele>
        <time>2026-09-24T20:16:04Z</time>
      </trkpt>
      <trkpt lat="47.114798" lon="9.215428">
        <ele>424.0</ele>
        <time>2026-09-24T20:16:05Z</time>
      </trkpt>
      <trkpt lat="47.114795" lon="9.215446">
        <ele>424.0</ele>
        <time>2026-09-24T20:16:06Z</time>
      </trkpt>
      <trkpt lat="47.114794" lon="9.215465">
        <ele>424.1</ele>
        <time>2026-09-24T20:16:07Z</time>
      </trkpt>
      <trkpt lat="47.114799" lon="9.215488">
        <ele>424.1</ele>
        <time>2026-09-24T20:16:08Z</time>
      </trkpt>
      <trkpt lat="47.114802" lon="9.215509">
        <ele>424.1</ele>
        <time>2026-09-24T20:16:09Z</time>
      </trkpt>
      <trkpt lat="47.114802" lon="9.215532">
        <ele>424.1</ele>
        <time>2026-09-24T20:16:10Z</time>
      </trkpt>
      <trkpt lat="47.114803" lon="9.215552">
        <ele>424.1</ele>
        <time>2026-09-24T20:16:11Z</time>
      </trkpt>
      <trkpt lat="47.114796" lon="9.21557">
        <ele>424.1</ele>
        <time>2026-09-24T20:16:12Z</time>
      </trkpt>
      <trkpt lat="47.114797" lon="9.215586">
        <ele>424.1</ele>
        <time>2026-09-24T20:16:13Z</time>
      </trkpt>
      <trkpt lat="47.114802" lon="9.215604">
        <ele>424.1</ele>
        <time>2026-09-24T20:16:14Z</time>
      </trkpt>
      <trkpt lat="47.1148" lon="9.215618">
        <ele>424.1</ele>
        <time>2026-09-24T20:16:15Z</time>
      </trkpt>
      <trkpt lat="47.114794" lon="9.215628">
        <ele>424.1</ele>
        <time>2026-09-24T20:16:16Z</time>
      </trkpt>
      <trkpt lat="47.114793" lon="9.215648">
        <ele>424.1</ele>
        <time>2026-09-24T20:16:17Z</time>
      </trkpt>
      <trkpt lat="47.114793" lon="9.215669">
        <ele>424.1</ele>
        <time>2026-09-24T20:16:18Z</time>
      </trkpt>
      <trkpt lat="47.114792" lon="9.215687">
        <ele>424.1</ele>
        <time>2026-09-24T20:16:19Z</time>
      </trkpt>
      <trkpt lat="47.11479" lon="9.215705">
        <ele>424.1</ele>
        <time>2026-09-24T20:16:20Z</time>
      </trkpt>
      <trkpt lat="47.114793" lon="9.215729">
        <ele>424.2</ele>
        <time>2026-09-24T20:16:21Z</time>
      </trkpt>
      <trkpt lat="47.114797" lon="9.215752">
        <ele>424.2</ele>
        <time>2026-09-24T20:16:22Z</time>
      </trkpt>
      <trkpt lat="47.114791" lon="9.215774">
        <ele>424.2</ele>
        <time>2026-09-24T20:16:23Z</time>
      </trkpt>
      <trkpt lat="47.114789" lon="9.215794">
        <ele>424.2</ele>
        <time>2026-09-24T20:16:24Z</time>
      </trkpt>
      <trkpt lat="47.114796" lon="9.215815">
        <ele>424.3</ele>
        <time>2026-09-24T20:16:25Z</time>
      </trkpt>
      <trkpt lat="47.114795" lon="9.215834">
        <ele>424.3</ele>
        <time>2026-09-24T20:16:26Z</time>
      </trkpt>
      <trkpt lat="47.114799" lon="9.215855">
        <ele>424.3</ele>
        <time>2026-09-24T20:16:27Z</time>
      </trkpt>
      <trkpt lat="47.114801" lon="9.215875">
        <ele>424.3</ele>
        <time>2026-09-24T20:16:28Z</time>
      </trkpt>
      <trkpt lat="47.114796" lon="9.215895">
        <ele>424.4</ele>
        <time>2026-09-24T20:16:29Z</time>
      </trkpt>
      <trkpt lat="47.114796" lon="9.215917">
        <ele>424.4</ele>
        <time>2026-09-24T20:16:30Z</time>
      </trkpt>
      <trkpt lat="47.114794" lon="9.21594">
        <ele>424.4</ele>
        <time>2026-09-24T20:16:31Z</time>
      </trkpt>
      <trkpt lat="47.114784" lon="9.215961">
        <ele>424.5</ele>
        <time>2026-09-24T20:16:32Z</time>
      </trkpt>
      <trkpt lat="47.114776" lon="9.215976">
        <ele>424.5</ele>
        <time>2026-09-24T20:16:33Z</time>
      </trkpt>
      <trkpt lat="47.114775" lon="9.215996">
        <ele>424.5</ele>
        <time>2026-09-24T20:16:34Z</time>
      </trkpt>
      <trkpt lat="47.114757" lon="9.216007">
        <ele>424.5</ele>
        <time>2026-09-24T20:16:35Z</time>
      </trkpt>
      <trkpt lat="47.114744" lon="9.216021">
        <ele>424.6</ele>
        <time>2026-09-24T20:16:36Z</time>
      </trkpt>
      <trkpt lat="47.114732" lon="9.216033">
        <ele>424.6</ele>
        <time>2026-09-24T20:16:37Z</time>
      </trkpt>
      <trkpt lat="47.114719" lon="9.216043">
        <ele>424.7</ele>
        <time>2026-09-24T20:16:38Z</time>
      </trkpt>
      <trkpt lat="47.114707" lon="9.216055">
        <ele>424.7</ele>
        <time>2026-09-24T20:16:39Z</time>
      </trkpt>
      <trkpt lat="47.114693" lon="9.216061">
        <ele>424.7</ele>
        <time>2026-09-24T20:16:40Z</time>
      </trkpt>
      <trkpt lat="47.114678" lon="9.216068">
        <ele>424.8</ele>
        <time>2026-09-24T20:16:41Z</time>
      </trkpt>
      <trkpt lat="47.114667" lon="9.21607">
        <ele>424.8</ele>
        <time>2026-09-24T20:16:42Z</time>
      </trkpt>
      <trkpt lat="47.114656" lon="9.216073">
        <ele>424.8</ele>
        <time>2026-09-24T20:16:43Z</time>
      </trkpt>
      <trkpt lat="47.114645" lon="9.216076">
        <ele>424.9</ele>
        <time>2026-09-24T20:16:44Z</time>
      </trkpt>
      <trkpt lat="47.114632" lon="9.216081">
        <ele>424.9</ele>
        <time>2026-09-24T20:16:45Z</time>
      </trkpt>
      <trkpt lat="47.114616" lon="9.216085">
        <ele>424.9</ele>
        <time>2026-09-24T20:16:46Z</time>
      </trkpt>
      <trkpt lat="47.114602" lon="9.216088">
        <ele>425.0</ele>
        <time>2026-09-24T20:16:47Z</time>
      </trkpt>
      <trkpt lat="47.114587" lon="9.216089">
        <ele>425.0</ele>
        <time>2026-09-24T20:16:48Z</time>
      </trkpt>
      <trkpt lat="47.114573" lon="9.216088">
        <ele>425.1</ele>
        <time>2026-09-24T20:16:49Z</time>
      </trkpt>
      <trkpt lat="47.114559" lon="9.216087">
        <ele>425.1</ele>
        <time>2026-09-24T20:16:50Z</time>
      </trkpt>
      <trkpt lat="47.114544" lon="9.21609">
        <ele>425.1</ele>
        <time>2026-09-24T20:16:51Z</time>
      </trkpt>
      <trkpt lat="47.114529" lon="9.216092">
        <ele>425.2</ele>
        <time>2026-09-24T20:16:52Z</time>
      </trkpt>
      <trkpt lat="47.114514" lon="9.216092">
        <ele>425.2</ele>
        <time>2026-09-24T20:16:53Z</time>
      </trkpt>
      <trkpt lat="47.1145" lon="9.216093">
        <ele>425.2</ele>
        <time>2026-09-24T20:16:54Z</time>
      </trkpt>
      <trkpt lat="47.114486" lon="9.216095">
        <ele>425.3</ele>
        <time>2026-09-24T20:16:55Z</time>
      </trkpt>
      <trkpt lat="47.114473" lon="9.216097">
        <ele>425.3</ele>
        <time>2026-09-24T20:16:56Z</time>
      </trkpt>
      <trkpt lat="47.114462" lon="9.216097">
        <ele>425.3</ele>
        <time>2026-09-24T20:16:57Z</time>
      </trkpt>
      <trkpt lat="47.114451" lon="9.2161">
        <ele>425.4</ele>
        <time>2026-09-24T20:16:58Z</time>
      </trkpt>
      <trkpt lat="47.11444" lon="9.216102">
        <ele>425.4</ele>
        <time>2026-09-24T20:16:59Z</time>
      </trkpt>
      <trkpt lat="47.114427" lon="9.216105">
        <ele>425.4</ele>
        <time>2026-09-24T20:17:00Z</time>
      </trkpt>
      <trkpt lat="47.114415" lon="9.216107">
        <ele>425.4</ele>
        <time>2026-09-24T20:17:01Z</time>
      </trkpt>
      <trkpt lat="47.114401" lon="9.216111">
        <ele>425.5</ele>
        <time>2026-09-24T20:17:02Z</time>
      </trkpt>
      <trkpt lat="47.114386" lon="9.216118">
        <ele>425.5</ele>
        <time>2026-09-24T20:17:03Z</time>
      </trkpt>
      <trkpt lat="47.114373" lon="9.216122">
        <ele>425.6</ele>
        <time>2026-09-24T20:17:04Z</time>
      </trkpt>
      <trkpt lat="47.114359" lon="9.216123">
        <ele>425.6</ele>
        <time>2026-09-24T20:17:05Z</time>
      </trkpt>
      <trkpt lat="47.114343" lon="9.216129">
        <ele>425.7</ele>
        <time>2026-09-24T20:17:06Z</time>
      </trkpt>
      <trkpt lat="47.114331" lon="9.216131">
        <ele>425.7</ele>
        <time>2026-09-24T20:17:07Z</time>
      </trkpt>
      <trkpt lat="47.114317" lon="9.216131">
        <ele>425.7</ele>
        <time>2026-09-24T20:17:08Z</time>
      </trkpt>
      <trkpt lat="47.114305" lon="9.216133">
        <ele>425.8</ele>
        <time>2026-09-24T20:17:09Z</time>
      </trkpt>
      <trkpt lat="47.114294" lon="9.216135">
        <ele>425.8</ele>
        <time>2026-09-24T20:17:10Z</time>
      </trkpt>
      <trkpt lat="47.114283" lon="9.216142">
        <ele>425.8</ele>
        <time>2026-09-24T20:17:11Z</time>
      </trkpt>
      <trkpt lat="47.11427" lon="9.216146">
        <ele>425.9</ele>
        <time>2026-09-24T20:17:12Z</time>
      </trkpt>
      <trkpt lat="47.114258" lon="9.216146">
        <ele>425.9</ele>
        <time>2026-09-24T20:17:13Z</time>
      </trkpt>
      <trkpt lat="47.114242" lon="9.216146">
        <ele>426.0</ele>
        <time>2026-09-24T20:17:14Z</time>
      </trkpt>
      <trkpt lat="47.11423" lon="9.216143">
        <ele>426.0</ele>
        <time>2026-09-24T20:17:15Z</time>
      </trkpt>
      <trkpt lat="47.114217" lon="9.216142">
        <ele>426.0</ele>
        <time>2026-09-24T20:17:16Z</time>
      </trkpt>
      <trkpt lat="47.114202" lon="9.216149">
        <ele>426.1</ele>
        <time>2026-09-24T20:17:17Z</time>
      </trkpt>
      <trkpt lat="47.114187" lon="9.216157">
        <ele>426.1</ele>
        <time>2026-09-24T20:17:18Z</time>
      </trkpt>
      <trkpt lat="47.114175" lon="9.216162">
        <ele>426.1</ele>
        <time>2026-09-24T20:17:19Z</time>
      </trkpt>
      <trkpt lat="47.11416" lon="9.216159">
        <ele>426.2</ele>
        <time>2026-09-24T20:17:20Z</time>
      </trkpt>
      <trkpt lat="47.114146" lon="9.21616">
        <ele>426.2</ele>
        <time>2026-09-24T20:17:21Z</time>
      </trkpt>
      <trkpt lat="47.114133" lon="9.216161">
        <ele>426.2</ele>
        <time>2026-09-24T20:17:22Z</time>
      </trkpt>
      <trkpt lat="47.114122" lon="9.216172">
        <ele>426.3</ele>
        <time>2026-09-24T20:17:23Z</time>
      </trkpt>
      <trkpt lat="47.114103" lon="9.216176">
        <ele>426.3</ele>
        <time>2026-09-24T20:17:24Z</time>
      </trkpt>
      <trkpt lat="47.114096" lon="9.216177">
        <ele>426.3</ele>
        <time>2026-09-24T20:17:25Z</time>
      </trkpt>
      <trkpt lat="47.114085" lon="9.216179">
        <ele>426.4</ele>
        <time>2026-09-24T20:17:26Z</time>
      </trkpt>
      <trkpt lat="47.114074" lon="9.216177">
        <ele>426.4</ele>
        <time>2026-09-24T20:17:27Z</time>
      </trkpt>
      <trkpt lat="47.114061" lon="9.216185">
        <ele>426.5</ele>
        <time>2026-09-24T20:17:28Z</time>
      </trkpt>
      <trkpt lat="47.114049" lon="9.216193">
        <ele>426.5</ele>
        <time>2026-09-24T20:17:29Z</time>
      </trkpt>
      <trkpt lat="47.11403" lon="9.216201">
        <ele>426.5</ele>
        <time>2026-09-24T20:17:30Z</time>
      </trkpt>
      <trkpt lat="47.114014" lon="9.216209">
        <ele>426.6</ele>
        <time>2026-09-24T20:17:31Z</time>
      </trkpt>
      <trkpt lat="47.113998" lon="9.216214">
        <ele>426.6</ele>
        <time>2026-09-24T20:17:32Z</time>
      </trkpt>
      <trkpt lat="47.113984" lon="9.21622">
        <ele>426.7</ele>
        <time>2026-09-24T20:17:33Z</time>
      </trkpt>
      <trkpt lat="47.113973" lon="9.216225">
        <ele>426.7</ele>
        <time>2026-09-24T20:17:34Z</time>
      </trkpt>
      <trkpt lat="47.113962" lon="9.216222">
        <ele>426.8</ele>
        <time>2026-09-24T20:17:35Z</time>
      </trkpt>
      <trkpt lat="47.113955" lon="9.21622">
        <ele>426.8</ele>
        <time>2026-09-24T20:17:36Z</time>
      </trkpt>
      <trkpt lat="47.113944" lon="9.21622">
        <ele>426.8</ele>
        <time>2026-09-24T20:17:37Z</time>
      </trkpt>
      <trkpt lat="47.113934" lon="9.216217">
        <ele>426.8</ele>
        <time>2026-09-24T20:17:38Z</time>
      </trkpt>
      <trkpt lat="47.113918" lon="9.216218">
        <ele>426.9</ele>
        <time>2026-09-24T20:17:39Z</time>
      </trkpt>
      <trkpt lat="47.113901" lon="9.21622">
        <ele>426.9</ele>
        <time>2026-09-24T20:17:40Z</time>
      </trkpt>
      <trkpt lat="47.113889" lon="9.216222">
        <ele>427.0</ele>
        <time>2026-09-24T20:17:41Z</time>
      </trkpt>
      <trkpt lat="47.11387" lon="9.216222">
        <ele>427.0</ele>
        <time>2026-09-24T20:17:42Z</time>
      </trkpt>
      <trkpt lat="47.113854" lon="9.216219">
        <ele>427.1</ele>
        <time>2026-09-24T20:17:43Z</time>
      </trkpt>
      <trkpt lat="47.11384" lon="9.216222">
        <ele>427.1</ele>
        <time>2026-09-24T20:17:44Z</time>
      </trkpt>
      <trkpt lat="47.113831" lon="9.216234">
        <ele>427.2</ele>
        <time>2026-09-24T20:17:45Z</time>
      </trkpt>
      <trkpt lat="47.113821" lon="9.216233">
        <ele>427.2</ele>
        <time>2026-09-24T20:17:46Z</time>
      </trkpt>
      <trkpt lat="47.113808" lon="9.216233">
        <ele>427.2</ele>
        <time>2026-09-24T20:17:47Z</time>
      </trkpt>
      <trkpt lat="47.11379" lon="9.216228">
        <ele>427.3</ele>
        <time>2026-09-24T20:17:48Z</time>
      </trkpt>
      <trkpt lat="47.113781" lon="9.21623">
        <ele>427.3</ele>
        <time>2026-09-24T20:17:49Z</time>
      </trkpt>
      <trkpt lat="47.113771" lon="9.216233">
        <ele>427.4</ele>
        <time>2026-09-24T20:17:50Z</time>
      </trkpt>
      <trkpt lat="47.113758" lon="9.216248">
        <ele>427.4</ele>
        <time>2026-09-24T20:17:51Z</time>
      </trkpt>
      <trkpt lat="47.113741" lon="9.216261">
        <ele>427.5</ele>
        <time>2026-09-24T20:17:52Z</time>
      </trkpt>
      <trkpt lat="47.113721" lon="9.21627">
        <ele>427.5</ele>
        <time>2026-09-24T20:17:53Z</time>
      </trkpt>
      <trkpt lat="47.113704" lon="9.216278">
        <ele>427.6</ele>
        <time>2026-09-24T20:17:54Z</time>
      </trkpt>
      <trkpt lat="47.113689" lon="9.216286">
        <ele>427.7</ele>
        <time>2026-09-24T20:17:55Z</time>
      </trkpt>
      <trkpt lat="47.113679" lon="9.216299">
        <ele>427.7</ele>
        <time>2026-09-24T20:17:56Z</time>
      </trkpt>
      <trkpt lat="47.113671" lon="9.216307">
        <ele>427.7</ele>
        <time>2026-09-24T20:17:57Z</time>
      </trkpt>
      <trkpt lat="47.113664" lon="9.216311">
        <ele>427.8</ele>
        <time>2026-09-24T20:17:58Z</time>
      </trkpt>
      <trkpt lat="47.113662" lon="9.216317">
        <ele>427.8</ele>
        <time>2026-09-24T20:17:59Z</time>
      </trkpt>
      <trkpt lat="47.113659" lon="9.216326">
        <ele>427.8</ele>
        <time>2026-09-24T20:18:00Z</time>
      </trkpt>
      <trkpt lat="47.11365" lon="9.216325">
        <ele>427.8</ele>
        <time>2026-09-24T20:18:01Z</time>
      </trkpt>
      <trkpt lat="47.113634" lon="9.216325">
        <ele>427.9</ele>
        <time>2026-09-24T20:18:02Z</time>
      </trkpt>
      <trkpt lat="47.113614" lon="9.216329">
        <ele>428.0</ele>
        <time>2026-09-24T20:18:03Z</time>
      </trkpt>
      <trkpt lat="47.113603" lon="9.21634">
        <ele>428.0</ele>
        <time>2026-09-24T20:18:04Z</time>
      </trkpt>
      <trkpt lat="47.113593" lon="9.216339">
        <ele>428.0</ele>
        <time>2026-09-24T20:18:05Z</time>
      </trkpt>
      <trkpt lat="47.113588" lon="9.216345">
        <ele>428.1</ele>
        <time>2026-09-24T20:18:06Z</time>
      </trkpt>
      <trkpt lat="47.113576" lon="9.21635">
        <ele>428.1</ele>
        <time>2026-09-24T20:18:07Z</time>
      </trkpt>
      <trkpt lat="47.11357" lon="9.216355">
        <ele>428.1</ele>
        <time>2026-09-24T20:18:08Z</time>
      </trkpt>
      <trkpt lat="47.113559" lon="9.216365">
        <ele>428.2</ele>
        <time>2026-09-24T20:18:09Z</time>
      </trkpt>
      <trkpt lat="47.113546" lon="9.216366">
        <ele>428.2</ele>
        <time>2026-09-24T20:18:10Z</time>
      </trkpt>
      <trkpt lat="47.113541" lon="9.216374">
        <ele>428.2</ele>
        <time>2026-09-24T20:18:11Z</time>
      </trkpt>
      <trkpt lat="47.113528" lon="9.216381">
        <ele>428.3</ele>
        <time>2026-09-24T20:18:12Z</time>
      </trkpt>
      <trkpt lat="47.11352" lon="9.216381">
        <ele>428.3</ele>
        <time>2026-09-24T20:18:13Z</time>
      </trkpt>
      <trkpt lat="47.113513" lon="9.216382">
        <ele>428.3</ele>
        <time>2026-09-24T20:18:14Z</time>
      </trkpt>
      <trkpt lat="47.113502" lon="9.216388">
        <ele>428.4</ele>
        <time>2026-09-24T20:18:15Z</time>
      </trkpt>
      <trkpt lat="47.11349" lon="9.216385">
        <ele>428.4</ele>
        <time>2026-09-24T20:18:16Z</time>
      </trkpt>
      <trkpt lat="47.113485" lon="9.216379">
        <ele>428.4</ele>
        <time>2026-09-24T20:18:17Z</time>
      </trkpt>
      <trkpt lat="47.113484" lon="9.216357">
        <ele>428.4</ele>
        <time>2026-09-24T20:18:18Z</time>
      </trkpt>
      <trkpt lat="47.113477" lon="9.216335">
        <ele>428.4</ele>
        <time>2026-09-24T20:18:19Z</time>
      </trkpt>
      <trkpt lat="47.113471" lon="9.216308">
        <ele>428.4</ele>
        <time>2026-09-24T20:18:20Z</time>
      </trkpt>
      <trkpt lat="47.11347" lon="9.216289">
        <ele>428.4</ele>
        <time>2026-09-24T20:18:21Z</time>
      </trkpt>
      <trkpt lat="47.113465" lon="9.216269">
        <ele>428.4</ele>
        <time>2026-09-24T20:18:22Z</time>
      </trkpt>
      <trkpt lat="47.113463" lon="9.216248">
        <ele>428.4</ele>
        <time>2026-09-24T20:18:23Z</time>
      </trkpt>
      <trkpt lat="47.113459" lon="9.216227">
        <ele>428.4</ele>
        <time>2026-09-24T20:18:24Z</time>
      </trkpt>
      <trkpt lat="47.113458" lon="9.216209">
        <ele>428.4</ele>
        <time>2026-09-24T20:18:25Z</time>
      </trkpt>
      <trkpt lat="47.113447" lon="9.216189">
        <ele>428.4</ele>
        <time>2026-09-24T20:18:26Z</time>
      </trkpt>
      <trkpt lat="47.113442" lon="9.216166">
        <ele>428.4</ele>
        <time>2026-09-24T20:18:27Z</time>
      </trkpt>
      <trkpt lat="47.113442" lon="9.216139">
        <ele>428.3</ele>
        <time>2026-09-24T20:18:28Z</time>
      </trkpt>
      <trkpt lat="47.11344" lon="9.216119">
        <ele>428.3</ele>
        <time>2026-09-24T20:18:29Z</time>
      </trkpt>
      <trkpt lat="47.11344" lon="9.216097">
        <ele>428.3</ele>
        <time>2026-09-24T20:18:30Z</time>
      </trkpt>
      <trkpt lat="47.11344" lon="9.216077">
        <ele>428.3</ele>
        <time>2026-09-24T20:18:31Z</time>
      </trkpt>
      <trkpt lat="47.113441" lon="9.216054">
        <ele>428.3</ele>
        <time>2026-09-24T20:18:32Z</time>
      </trkpt>
      <trkpt lat="47.11344" lon="9.216034">
        <ele>428.3</ele>
        <time>2026-09-24T20:18:33Z</time>
      </trkpt>
      <trkpt lat="47.113444" lon="9.216013">
        <ele>428.3</ele>
        <time>2026-09-24T20:18:34Z</time>
      </trkpt>
      <trkpt lat="47.113445" lon="9.215992">
        <ele>428.3</ele>
        <time>2026-09-24T20:18:35Z</time>
      </trkpt>
      <trkpt lat="47.113444" lon="9.215971">
        <ele>428.3</ele>
        <time>2026-09-24T20:18:36Z</time>
      </trkpt>
      <trkpt lat="47.113444" lon="9.215952">
        <ele>428.3</ele>
        <time>2026-09-24T20:18:37Z</time>
      </trkpt>
      <trkpt lat="47.113447" lon="9.215933">
        <ele>428.2</ele>
        <time>2026-09-24T20:18:38Z</time>
      </trkpt>
      <trkpt lat="47.113446" lon="9.215911">
        <ele>428.2</ele>
        <time>2026-09-24T20:18:39Z</time>
      </trkpt>
      <trkpt lat="47.113445" lon="9.215882">
        <ele>428.2</ele>
        <time>2026-09-24T20:18:40Z</time>
      </trkpt>
      <trkpt lat="47.113443" lon="9.215869">
        <ele>428.2</ele>
        <time>2026-09-24T20:18:41Z</time>
      </trkpt>
      <trkpt lat="47.113445" lon="9.215852">
        <ele>428.2</ele>
        <time>2026-09-24T20:18:42Z</time>
      </trkpt>
      <trkpt lat="47.113447" lon="9.215833">
        <ele>428.2</ele>
        <time>2026-09-24T20:18:43Z</time>
      </trkpt>
      <trkpt lat="47.11345" lon="9.215811">
        <ele>428.2</ele>
        <time>2026-09-24T20:18:44Z</time>
      </trkpt>
      <trkpt lat="47.113452" lon="9.21579">
        <ele>428.2</ele>
        <time>2026-09-24T20:18:45Z</time>
      </trkpt>
      <trkpt lat="47.113452" lon="9.215768">
        <ele>428.1</ele>
        <time>2026-09-24T20:18:46Z</time>
      </trkpt>
      <trkpt lat="47.113452" lon="9.215748">
        <ele>428.1</ele>
        <time>2026-09-24T20:18:47Z</time>
      </trkpt>
      <trkpt lat="47.113455" lon="9.215728">
        <ele>428.1</ele>
        <time>2026-09-24T20:18:48Z</time>
      </trkpt>
      <trkpt lat="47.113456" lon="9.215706">
        <ele>428.1</ele>
        <time>2026-09-24T20:18:49Z</time>
      </trkpt>
      <trkpt lat="47.113458" lon="9.215685">
        <ele>428.1</ele>
        <time>2026-09-24T20:18:50Z</time>
      </trkpt>
      <trkpt lat="47.113456" lon="9.215664">
        <ele>428.1</ele>
        <time>2026-09-24T20:18:51Z</time>
      </trkpt>
      <trkpt lat="47.113454" lon="9.215642">
        <ele>428.1</ele>
        <time>2026-09-24T20:18:52Z</time>
      </trkpt>
      <trkpt lat="47.113455" lon="9.215617">
        <ele>428.1</ele>
        <time>2026-09-24T20:18:53Z</time>
      </trkpt>
      <trkpt lat="47.113454" lon="9.215596">
        <ele>428.0</ele>
        <time>2026-09-24T20:18:54Z</time>
      </trkpt>
      <trkpt lat="47.113454" lon="9.215577">
        <ele>428.0</ele>
        <time>2026-09-24T20:18:55Z</time>
      </trkpt>
      <trkpt lat="47.113456" lon="9.215557">
        <ele>428.0</ele>
        <time>2026-09-24T20:18:56Z</time>
      </trkpt>
      <trkpt lat="47.113458" lon="9.215539">
        <ele>428.0</ele>
        <time>2026-09-24T20:18:57Z</time>
      </trkpt>
      <trkpt lat="47.113457" lon="9.215519">
        <ele>428.0</ele>
        <time>2026-09-24T20:18:58Z</time>
      </trkpt>
      <trkpt lat="47.113458" lon="9.215497">
        <ele>428.0</ele>
        <time>2026-09-24T20:18:59Z</time>
      </trkpt>
      <trkpt lat="47.113456" lon="9.215476">
        <ele>428.0</ele>
        <time>2026-09-24T20:19:00Z</time>
      </trkpt>
      <trkpt lat="47.11345" lon="9.215456">
        <ele>428.0</ele>
        <time>2026-09-24T20:19:01Z</time>
      </trkpt>
      <trkpt lat="47.113449" lon="9.215435">
        <ele>428.0</ele>
        <time>2026-09-24T20:19:02Z</time>
      </trkpt>
      <trkpt lat="47.113449" lon="9.215419">
        <ele>427.9</ele>
        <time>2026-09-24T20:19:03Z</time>
      </trkpt>
      <trkpt lat="47.113451" lon="9.215401">
        <ele>427.9</ele>
        <time>2026-09-24T20:19:04Z</time>
      </trkpt>
      <trkpt lat="47.11345" lon="9.215382">
        <ele>427.9</ele>
        <time>2026-09-24T20:19:05Z</time>
      </trkpt>
      <trkpt lat="47.113451" lon="9.215361">
        <ele>427.9</ele>
        <time>2026-09-24T20:19:06Z</time>
      </trkpt>
      <trkpt lat="47.113454" lon="9.215338">
        <ele>427.9</ele>
        <time>2026-09-24T20:19:07Z</time>
      </trkpt>
      <trkpt lat="47.113453" lon="9.215318">
        <ele>427.9</ele>
        <time>2026-09-24T20:19:08Z</time>
      </trkpt>
      <trkpt lat="47.113452" lon="9.215297">
        <ele>427.9</ele>
        <time>2026-09-24T20:19:09Z</time>
      </trkpt>
      <trkpt lat="47.113453" lon="9.215277">
        <ele>427.9</ele>
        <time>2026-09-24T20:19:10Z</time>
      </trkpt>
      <trkpt lat="47.113455" lon="9.21526">
        <ele>427.9</ele>
        <time>2026-09-24T20:19:11Z</time>
      </trkpt>
      <trkpt lat="47.113452" lon="9.21524">
        <ele>427.9</ele>
        <time>2026-09-24T20:19:12Z</time>
      </trkpt>
      <trkpt lat="47.113452" lon="9.21522">
        <ele>427.8</ele>
        <time>2026-09-24T20:19:13Z</time>
      </trkpt>
      <trkpt lat="47.11345" lon="9.215199">
        <ele>427.8</ele>
        <time>2026-09-24T20:19:14Z</time>
      </trkpt>
      <trkpt lat="47.113447" lon="9.215178">
        <ele>427.8</ele>
        <time>2026-09-24T20:19:15Z</time>
      </trkpt>
      <trkpt lat="47.113446" lon="9.215157">
        <ele>427.8</ele>
        <time>2026-09-24T20:19:16Z</time>
      </trkpt>
      <trkpt lat="47.113441" lon="9.215139">
        <ele>427.6</ele>
        <time>2026-09-24T20:19:17Z</time>
      </trkpt>
      <trkpt lat="47.113429" lon="9.21513">
        <ele>426.8</ele>
        <time>2026-09-24T20:19:18Z</time>
      </trkpt>
      <trkpt lat="47.113425" lon="9.215111">
        <ele>425.9</ele>
        <time>2026-09-24T20:19:19Z</time>
      </trkpt>
      <trkpt lat="47.113422" lon="9.215087">
        <ele>424.8</ele>
        <time>2026-09-24T20:19:20Z</time>
      </trkpt>
      <trkpt lat="47.11342" lon="9.215064">
        <ele>423.8</ele>
        <time>2026-09-24T20:19:21Z</time>
      </trkpt>
      <trkpt lat="47.113418" lon="9.21504">
        <ele>423.7</ele>
        <time>2026-09-24T20:19:22Z</time>
      </trkpt>
      <trkpt lat="47.113417" lon="9.215021">
        <ele>423.8</ele>
        <time>2026-09-24T20:19:23Z</time>
      </trkpt>
      <trkpt lat="47.113406" lon="9.215001">
        <ele>424.0</ele>
        <time>2026-09-24T20:19:24Z</time>
      </trkpt>
      <trkpt lat="47.113397" lon="9.214983">
        <ele>424.2</ele>
        <time>2026-09-24T20:19:25Z</time>
      </trkpt>
      <trkpt lat="47.113396" lon="9.214965">
        <ele>424.4</ele>
        <time>2026-09-24T20:19:26Z</time>
      </trkpt>
      <trkpt lat="47.113396" lon="9.214942">
        <ele>424.5</ele>
        <time>2026-09-24T20:19:27Z</time>
      </trkpt>
      <trkpt lat="47.113394" lon="9.214918">
        <ele>424.7</ele>
        <time>2026-09-24T20:19:28Z</time>
      </trkpt>
      <trkpt lat="47.113393" lon="9.214902">
        <ele>424.8</ele>
        <time>2026-09-24T20:19:29Z</time>
      </trkpt>
      <trkpt lat="47.113387" lon="9.214882">
        <ele>425.0</ele>
        <time>2026-09-24T20:19:30Z</time>
      </trkpt>
      <trkpt lat="47.113374" lon="9.214867">
        <ele>425.2</ele>
        <time>2026-09-24T20:19:31Z</time>
      </trkpt>
      <trkpt lat="47.11336" lon="9.214858">
        <ele>425.2</ele>
        <time>2026-09-24T20:19:32Z</time>
      </trkpt>
      <trkpt lat="47.113337" lon="9.214866">
        <ele>425.2</ele>
        <time>2026-09-24T20:19:33Z</time>
      </trkpt>
      <trkpt lat="47.113322" lon="9.214866">
        <ele>425.2</ele>
        <time>2026-09-24T20:19:34Z</time>
      </trkpt>
      <trkpt lat="47.113314" lon="9.214855">
        <ele>425.2</ele>
        <time>2026-09-24T20:19:35Z</time>
      </trkpt>
      <trkpt lat="47.113298" lon="9.214855">
        <ele>425.2</ele>
        <time>2026-09-24T20:19:36Z</time>
      </trkpt>
      <trkpt lat="47.113284" lon="9.21485">
        <ele>425.2</ele>
        <time>2026-09-24T20:19:37Z</time>
      </trkpt>
      <trkpt lat="47.113262" lon="9.214851">
        <ele>425.2</ele>
        <time>2026-09-24T20:19:38Z</time>
      </trkpt>
      <trkpt lat="47.113252" lon="9.214835">
        <ele>425.2</ele>
        <time>2026-09-24T20:19:39Z</time>
      </trkpt>
      <trkpt lat="47.113233" lon="9.21484">
        <ele>425.2</ele>
        <time>2026-09-24T20:19:40Z</time>
      </trkpt>
      <trkpt lat="47.113221" lon="9.214836">
        <ele>425.2</ele>
        <time>2026-09-24T20:19:41Z</time>
      </trkpt>
      <trkpt lat="47.113207" lon="9.214831">
        <ele>425.2</ele>
        <time>2026-09-24T20:19:42Z</time>
      </trkpt>
      <trkpt lat="47.113192" lon="9.214826">
        <ele>425.2</ele>
        <time>2026-09-24T20:19:43Z</time>
      </trkpt>
      <trkpt lat="47.113192" lon="9.214826">
        <ele>425.2</ele>
        <time>2026-09-24T20:19:46Z</time>
      </trkpt>
      <trkpt lat="47.113192" lon="9.214826">
        <ele>425.2</ele>
        <time>2026-09-24T20:19:48Z</time>
      </trkpt>
      <trkpt lat="47.113192" lon="9.214826">
        <ele>425.2</ele>
        <time>2026-09-24T20:19:49Z</time>
      </trkpt>
      <trkpt lat="47.113192" lon="9.214826">
        <ele>425.2</ele>
        <time>2026-09-24T20:19:51Z</time>
      </trkpt>
      <trkpt lat="47.113192" lon="9.214826">
        <ele>425.2</ele>
        <time>2026-09-24T20:19:53Z</time>
      </trkpt>
      <trkpt lat="47.113192" lon="9.214826">
        <ele>425.2</ele>
        <time>2026-09-24T20:19:54Z</time>
      </trkpt>
      <trkpt lat="47.113192" lon="9.214826">
        <ele>425.2</ele>
        <time>2026-09-24T20:19:56Z</time>
      </trkpt>
      <trkpt lat="47.11312" lon="9.214883">
        <ele>425.2</ele>
        <time>2026-09-24T20:19:58Z</time>
      </trkpt>
      <trkpt lat="47.11318" lon="9.214917">
        <ele>425.2</ele>
        <time>2026-09-24T20:19:59Z</time>
      </trkpt>
      <trkpt lat="47.113289" lon="9.21486">
        <ele>425.2</ele>
        <time>2026-09-24T20:20:00Z</time>
      </trkpt>
      <trkpt lat="47.11331" lon="9.214853">
        <ele>425.2</ele>
        <time>2026-09-24T20:20:01Z</time>
      </trkpt>
      <trkpt lat="47.11331" lon="9.214853">
        <ele>425.2</ele>
        <time>2026-09-24T20:20:02Z</time>
      </trkpt>
      <trkpt lat="47.113266" lon="9.214878">
        <ele>425.2</ele>
        <time>2026-09-24T20:20:03Z</time>
      </trkpt>
      <trkpt lat="47.113191" lon="9.214894">
        <ele>425.3</ele>
        <time>2026-09-24T20:20:04Z</time>
      </trkpt>
      <trkpt lat="47.113131" lon="9.21493">
        <ele>425.4</ele>
        <time>2026-09-24T20:20:05Z</time>
      </trkpt>
      <trkpt lat="47.113108" lon="9.214926">
        <ele>425.5</ele>
        <time>2026-09-24T20:20:06Z</time>
      </trkpt>
      <trkpt lat="47.113075" lon="9.21491">
        <ele>425.6</ele>
        <time>2026-09-24T20:20:07Z</time>
      </trkpt>
      <trkpt lat="47.113057" lon="9.214904">
        <ele>425.6</ele>
        <time>2026-09-24T20:20:08Z</time>
      </trkpt>
      <trkpt lat="47.113047" lon="9.214901">
        <ele>425.7</ele>
        <time>2026-09-24T20:20:09Z</time>
      </trkpt>
      <trkpt lat="47.113037" lon="9.214897">
        <ele>425.7</ele>
        <time>2026-09-24T20:20:10Z</time>
      </trkpt>
      <trkpt lat="47.113015" lon="9.214886">
        <ele>425.8</ele>
        <time>2026-09-24T20:20:11Z</time>
      </trkpt>
      <trkpt lat="47.113001" lon="9.214871">
        <ele>425.8</ele>
        <time>2026-09-24T20:20:12Z</time>
      </trkpt>
      <trkpt lat="47.112999" lon="9.214865">
        <ele>425.9</ele>
        <time>2026-09-24T20:20:13Z</time>
      </trkpt>
      <trkpt lat="47.112988" lon="9.214858">
        <ele>426.0</ele>
        <time>2026-09-24T20:20:14Z</time>
      </trkpt>
      <trkpt lat="47.112979" lon="9.214847">
        <ele>426.0</ele>
        <time>2026-09-24T20:20:15Z</time>
      </trkpt>
      <trkpt lat="47.112963" lon="9.214844">
        <ele>426.1</ele>
        <time>2026-09-24T20:20:16Z</time>
      </trkpt>
      <trkpt lat="47.11295" lon="9.214846">
        <ele>426.2</ele>
        <time>2026-09-24T20:20:17Z</time>
      </trkpt>
      <trkpt lat="47.112932" lon="9.214842">
        <ele>426.3</ele>
        <time>2026-09-24T20:20:18Z</time>
      </trkpt>
      <trkpt lat="47.112922" lon="9.21484">
        <ele>426.3</ele>
        <time>2026-09-24T20:20:19Z</time>
      </trkpt>
      <trkpt lat="47.112908" lon="9.214846">
        <ele>426.4</ele>
        <time>2026-09-24T20:20:20Z</time>
      </trkpt>
      <trkpt lat="47.112899" lon="9.214854">
        <ele>426.4</ele>
        <time>2026-09-24T20:20:21Z</time>
      </trkpt>
      <trkpt lat="47.112893" lon="9.214856">
        <ele>426.5</ele>
        <time>2026-09-24T20:20:22Z</time>
      </trkpt>
      <trkpt lat="47.11288" lon="9.214852">
        <ele>426.5</ele>
        <time>2026-09-24T20:20:23Z</time>
      </trkpt>
      <trkpt lat="47.112871" lon="9.214844">
        <ele>426.6</ele>
        <time>2026-09-24T20:20:24Z</time>
      </trkpt>
      <trkpt lat="47.11286" lon="9.214836">
        <ele>426.7</ele>
        <time>2026-09-24T20:20:25Z</time>
      </trkpt>
      <trkpt lat="47.112841" lon="9.21483">
        <ele>426.8</ele>
        <time>2026-09-24T20:20:26Z</time>
      </trkpt>
      <trkpt lat="47.11283" lon="9.214832">
        <ele>426.8</ele>
        <time>2026-09-24T20:20:27Z</time>
      </trkpt>
      <trkpt lat="47.112814" lon="9.214826">
        <ele>426.9</ele>
        <time>2026-09-24T20:20:28Z</time>
      </trkpt>
      <trkpt lat="47.112791" lon="9.214817">
        <ele>427.0</ele>
        <time>2026-09-24T20:20:29Z</time>
      </trkpt>
      <trkpt lat="47.112764" lon="9.214799">
        <ele>427.2</ele>
        <time>2026-09-24T20:20:30Z</time>
      </trkpt>
      <trkpt lat="47.11275" lon="9.214792">
        <ele>427.2</ele>
        <time>2026-09-24T20:20:31Z</time>
      </trkpt>
      <trkpt lat="47.112743" lon="9.214788">
        <ele>427.3</ele>
        <time>2026-09-24T20:20:32Z</time>
      </trkpt>
      <trkpt lat="47.112724" lon="9.214784">
        <ele>427.4</ele>
        <time>2026-09-24T20:20:33Z</time>
      </trkpt>
      <trkpt lat="47.112726" lon="9.214831">
        <ele>427.5</ele>
        <time>2026-09-24T20:20:34Z</time>
      </trkpt>
      <trkpt lat="47.112726" lon="9.214831">
        <ele>427.5</ele>
        <time>2026-09-24T20:20:35Z</time>
      </trkpt>
      <trkpt lat="47.112726" lon="9.214831">
        <ele>427.5</ele>
        <time>2026-09-24T20:20:36Z</time>
      </trkpt>
      <trkpt lat="47.112727" lon="9.214854">
        <ele>427.6</ele>
        <time>2026-09-24T20:20:37Z</time>
      </trkpt>
      <trkpt lat="47.112727" lon="9.214854">
        <ele>427.6</ele>
        <time>2026-09-24T20:20:38Z</time>
      </trkpt>
      <trkpt lat="47.112728" lon="9.214877">
        <ele>427.7</ele>
        <time>2026-09-24T20:20:39Z</time>
      </trkpt>
      <trkpt lat="47.112728" lon="9.214877">
        <ele>427.7</ele>
        <time>2026-09-24T20:20:40Z</time>
      </trkpt>
      <trkpt lat="47.112728" lon="9.214877">
        <ele>427.7</ele>
        <time>2026-09-24T20:20:41Z</time>
      </trkpt>
      <trkpt lat="47.11273" lon="9.214908">
        <ele>427.8</ele>
        <time>2026-09-24T20:20:42Z</time>
      </trkpt>
      <trkpt lat="47.11273" lon="9.214908">
        <ele>427.8</ele>
        <time>2026-09-24T20:20:43Z</time>
      </trkpt>
      <trkpt lat="47.11273" lon="9.214908">
        <ele>427.8</ele>
        <time>2026-09-24T20:20:44Z</time>
      </trkpt>
      <trkpt lat="47.11273" lon="9.214927">
        <ele>427.9</ele>
        <time>2026-09-24T20:20:45Z</time>
      </trkpt>
      <trkpt lat="47.11273" lon="9.214927">
        <ele>427.9</ele>
        <time>2026-09-24T20:20:46Z</time>
      </trkpt>
      <trkpt lat="47.112731" lon="9.214942">
        <ele>427.9</ele>
        <time>2026-09-24T20:20:47Z</time>
      </trkpt>
      <trkpt lat="47.112731" lon="9.214942">
        <ele>427.9</ele>
        <time>2026-09-24T20:20:48Z</time>
      </trkpt>
      <trkpt lat="47.112731" lon="9.214942">
        <ele>427.9</ele>
        <time>2026-09-24T20:20:49Z</time>
      </trkpt>
      <trkpt lat="47.112732" lon="9.214968">
        <ele>428.0</ele>
        <time>2026-09-24T20:20:50Z</time>
      </trkpt>
      <trkpt lat="47.112733" lon="9.214976">
        <ele>428.0</ele>
        <time>2026-09-24T20:20:51Z</time>
      </trkpt>
      <trkpt lat="47.112733" lon="9.214986">
        <ele>428.1</ele>
        <time>2026-09-24T20:20:52Z</time>
      </trkpt>
      <trkpt lat="47.112734" lon="9.214997">
        <ele>428.1</ele>
        <time>2026-09-24T20:20:53Z</time>
      </trkpt>
      <trkpt lat="47.112734" lon="9.215008">
        <ele>428.2</ele>
        <time>2026-09-24T20:20:54Z</time>
      </trkpt>
      <trkpt lat="47.112735" lon="9.215018">
        <ele>428.2</ele>
        <time>2026-09-24T20:20:55Z</time>
      </trkpt>
      <trkpt lat="47.112735" lon="9.215029">
        <ele>428.2</ele>
        <time>2026-09-24T20:20:56Z</time>
      </trkpt>
      <trkpt lat="47.112724" lon="9.215057">
        <ele>428.3</ele>
        <time>2026-09-24T20:20:57Z</time>
      </trkpt>
      <trkpt lat="47.112726" lon="9.215043">
        <ele>428.4</ele>
        <time>2026-09-24T20:20:58Z</time>
      </trkpt>
      <trkpt lat="47.112726" lon="9.215043">
        <ele>428.4</ele>
        <time>2026-09-24T20:20:59Z</time>
      </trkpt>
      <trkpt lat="47.112726" lon="9.215043">
        <ele>428.4</ele>
        <time>2026-09-24T20:21:00Z</time>
      </trkpt>
      <trkpt lat="47.112726" lon="9.215043">
        <ele>428.4</ele>
        <time>2026-09-24T20:21:02Z</time>
      </trkpt>
      <trkpt lat="47.112726" lon="9.215043">
        <ele>428.4</ele>
        <time>2026-09-24T20:21:04Z</time>
      </trkpt>
      <trkpt lat="47.112726" lon="9.215043">
        <ele>428.4</ele>
        <time>2026-09-24T20:21:10Z</time>
      </trkpt>
      <trkpt lat="47.112726" lon="9.215043">
        <ele>428.4</ele>
        <time>2026-09-24T20:21:15Z</time>
      </trkpt>
      <trkpt lat="47.112726" lon="9.215043">
        <ele>428.4</ele>
        <time>2026-09-24T20:21:19Z</time>
      </trkpt>
      <trkpt lat="47.112726" lon="9.215043">
        <ele>428.4</ele>
        <time>2026-09-24T20:21:23Z</time>
      </trkpt>
      <trkpt lat="47.112726" lon="9.215043">
        <ele>428.4</ele>
        <time>2026-09-24T20:21:25Z</time>
      </trkpt>
      <trkpt lat="47.112726" lon="9.215043">
        <ele>428.4</ele>
        <time>2026-09-24T20:21:28Z</time>
      </trkpt>
      <trkpt lat="47.112726" lon="9.215043">
        <ele>428.4</ele>
        <time>2026-09-24T20:21:33Z</time>
      </trkpt>
      <trkpt lat="47.112726" lon="9.215043">
        <ele>428.4</ele>
        <time>2026-09-24T20:21:34Z</time>
      </trkpt>
      <trkpt lat="47.112881" lon="9.214852">
        <ele>429.5</ele>
        <time>2026-09-24T20:21:38Z</time>
      </trkpt>
      <trkpt lat="47.112821" lon="9.215067">
        <ele>430.3</ele>
        <time>2026-09-24T20:21:40Z</time>
      </trkpt>
      <trkpt lat="47.112802" lon="9.21504">
        <ele>430.4</ele>
        <time>2026-09-24T20:21:41Z</time>
      </trkpt>
      <trkpt lat="47.112781" lon="9.214998">
        <ele>430.6</ele>
        <time>2026-09-24T20:21:42Z</time>
      </trkpt>
      <trkpt lat="47.112822" lon="9.214986">
        <ele>430.8</ele>
        <time>2026-09-24T20:21:43Z</time>
      </trkpt>
      <trkpt lat="47.112788" lon="9.214961">
        <ele>431.0</ele>
        <time>2026-09-24T20:21:44Z</time>
      </trkpt>
      <trkpt lat="47.112788" lon="9.214961">
        <ele>431.0</ele>
        <time>2026-09-24T20:21:45Z</time>
      </trkpt>
      <trkpt lat="47.112762" lon="9.215033">
        <ele>431.1</ele>
        <time>2026-09-24T20:21:46Z</time>
      </trkpt>
      <trkpt lat="47.112762" lon="9.215033">
        <ele>431.1</ele>
        <time>2026-09-24T20:21:47Z</time>
      </trkpt>
      <trkpt lat="47.112762" lon="9.215033">
        <ele>431.1</ele>
        <time>2026-09-24T20:21:48Z</time>
      </trkpt>
      <trkpt lat="47.112742" lon="9.21509">
        <ele>431.1</ele>
        <time>2026-09-24T20:21:49Z</time>
      </trkpt>
      <trkpt lat="47.112762" lon="9.215109">
        <ele>431.1</ele>
        <time>2026-09-24T20:21:50Z</time>
      </trkpt>
      <trkpt lat="47.112779" lon="9.215133">
        <ele>431.1</ele>
        <time>2026-09-24T20:21:51Z</time>
      </trkpt>
      <trkpt lat="47.112785" lon="9.215147">
        <ele>431.2</ele>
        <time>2026-09-24T20:21:52Z</time>
      </trkpt>
      <trkpt lat="47.112787" lon="9.215165">
        <ele>431.2</ele>
        <time>2026-09-24T20:21:53Z</time>
      </trkpt>
      <trkpt lat="47.112796" lon="9.215179">
        <ele>431.2</ele>
        <time>2026-09-24T20:21:54Z</time>
      </trkpt>
      <trkpt lat="47.112807" lon="9.21519">
        <ele>431.2</ele>
        <time>2026-09-24T20:21:55Z</time>
      </trkpt>
      <trkpt lat="47.112815" lon="9.215205">
        <ele>431.2</ele>
        <time>2026-09-24T20:21:56Z</time>
      </trkpt>
      <trkpt lat="47.112822" lon="9.215229">
        <ele>431.2</ele>
        <time>2026-09-24T20:21:57Z</time>
      </trkpt>
      <trkpt lat="47.112837" lon="9.215248">
        <ele>431.3</ele>
        <time>2026-09-24T20:21:58Z</time>
      </trkpt>
      <trkpt lat="47.112829" lon="9.215265">
        <ele>431.3</ele>
        <time>2026-09-24T20:21:59Z</time>
      </trkpt>
      <trkpt lat="47.11282" lon="9.215274">
        <ele>431.3</ele>
        <time>2026-09-24T20:22:00Z</time>
      </trkpt>
      <trkpt lat="47.112802" lon="9.215286">
        <ele>431.4</ele>
        <time>2026-09-24T20:22:01Z</time>
      </trkpt>
      <trkpt lat="47.112784" lon="9.21529">
        <ele>431.5</ele>
        <time>2026-09-24T20:22:02Z</time>
      </trkpt>
      <trkpt lat="47.112771" lon="9.215294">
        <ele>431.5</ele>
        <time>2026-09-24T20:22:03Z</time>
      </trkpt>
      <trkpt lat="47.112764" lon="9.215311">
        <ele>431.6</ele>
        <time>2026-09-24T20:22:04Z</time>
      </trkpt>
      <trkpt lat="47.112752" lon="9.215328">
        <ele>431.7</ele>
        <time>2026-09-24T20:22:05Z</time>
      </trkpt>
      <trkpt lat="47.112736" lon="9.21534">
        <ele>431.8</ele>
        <time>2026-09-24T20:22:06Z</time>
      </trkpt>
      <trkpt lat="47.11272" lon="9.215338">
        <ele>431.9</ele>
        <time>2026-09-24T20:22:07Z</time>
      </trkpt>
      <trkpt lat="47.112704" lon="9.215345">
        <ele>432.0</ele>
        <time>2026-09-24T20:22:08Z</time>
      </trkpt>
      <trkpt lat="47.112693" lon="9.215359">
        <ele>432.1</ele>
        <time>2026-09-24T20:22:09Z</time>
      </trkpt>
      <trkpt lat="47.112688" lon="9.21536">
        <ele>432.2</ele>
        <time>2026-09-24T20:22:10Z</time>
      </trkpt>
      <trkpt lat="47.112674" lon="9.215367">
        <ele>432.3</ele>
        <time>2026-09-24T20:22:11Z</time>
      </trkpt>
      <trkpt lat="47.112665" lon="9.21537">
        <ele>432.4</ele>
        <time>2026-09-24T20:22:12Z</time>
      </trkpt>
      <trkpt lat="47.11266" lon="9.21539">
        <ele>432.5</ele>
        <time>2026-09-24T20:22:13Z</time>
      </trkpt>
      <trkpt lat="47.112654" lon="9.215408">
        <ele>432.6</ele>
        <time>2026-09-24T20:22:14Z</time>
      </trkpt>
      <trkpt lat="47.112643" lon="9.215424">
        <ele>432.7</ele>
        <time>2026-09-24T20:22:15Z</time>
      </trkpt>
      <trkpt lat="47.112637" lon="9.215444">
        <ele>432.8</ele>
        <time>2026-09-24T20:22:16Z</time>
      </trkpt>
      <trkpt lat="47.112621" lon="9.215459">
        <ele>433.0</ele>
        <time>2026-09-24T20:22:17Z</time>
      </trkpt>
      <trkpt lat="47.112605" lon="9.215467">
        <ele>433.1</ele>
        <time>2026-09-24T20:22:18Z</time>
      </trkpt>
      <trkpt lat="47.112593" lon="9.215472">
        <ele>433.2</ele>
        <time>2026-09-24T20:22:19Z</time>
      </trkpt>
      <trkpt lat="47.112581" lon="9.215486">
        <ele>433.3</ele>
        <time>2026-09-24T20:22:20Z</time>
      </trkpt>
      <trkpt lat="47.112573" lon="9.215499">
        <ele>433.4</ele>
        <time>2026-09-24T20:22:21Z</time>
      </trkpt>
      <trkpt lat="47.112563" lon="9.215513">
        <ele>433.5</ele>
        <time>2026-09-24T20:22:22Z</time>
      </trkpt>
      <trkpt lat="47.112555" lon="9.215522">
        <ele>433.6</ele>
        <time>2026-09-24T20:22:23Z</time>
      </trkpt>
      <trkpt lat="47.112547" lon="9.215532">
        <ele>433.6</ele>
        <time>2026-09-24T20:22:24Z</time>
      </trkpt>
      <trkpt lat="47.112537" lon="9.215552">
        <ele>433.8</ele>
        <time>2026-09-24T20:22:25Z</time>
      </trkpt>
      <trkpt lat="47.112532" lon="9.215568">
        <ele>433.8</ele>
        <time>2026-09-24T20:22:26Z</time>
      </trkpt>
      <trkpt lat="47.112518" lon="9.215577">
        <ele>433.7</ele>
        <time>2026-09-24T20:22:27Z</time>
      </trkpt>
      <trkpt lat="47.112508" lon="9.215584">
        <ele>433.5</ele>
        <time>2026-09-24T20:22:28Z</time>
      </trkpt>
      <trkpt lat="47.112505" lon="9.215591">
        <ele>433.4</ele>
        <time>2026-09-24T20:22:29Z</time>
      </trkpt>
      <trkpt lat="47.112496" lon="9.215598">
        <ele>433.2</ele>
        <time>2026-09-24T20:22:30Z</time>
      </trkpt>
      <trkpt lat="47.112492" lon="9.215606">
        <ele>433.1</ele>
        <time>2026-09-24T20:22:31Z</time>
      </trkpt>
      <trkpt lat="47.112494" lon="9.215622">
        <ele>433.0</ele>
        <time>2026-09-24T20:22:32Z</time>
      </trkpt>
      <trkpt lat="47.112504" lon="9.215644">
        <ele>433.0</ele>
        <time>2026-09-24T20:22:33Z</time>
      </trkpt>
      <trkpt lat="47.112511" lon="9.21566">
        <ele>432.9</ele>
        <time>2026-09-24T20:22:34Z</time>
      </trkpt>
      <trkpt lat="47.112525" lon="9.215674">
        <ele>432.9</ele>
        <time>2026-09-24T20:22:35Z</time>
      </trkpt>
      <trkpt lat="47.112538" lon="9.215696">
        <ele>432.8</ele>
        <time>2026-09-24T20:22:36Z</time>
      </trkpt>
      <trkpt lat="47.112549" lon="9.215714">
        <ele>432.7</ele>
        <time>2026-09-24T20:22:37Z</time>
      </trkpt>
      <trkpt lat="47.112564" lon="9.215732">
        <ele>432.7</ele>
        <time>2026-09-24T20:22:38Z</time>
      </trkpt>
      <trkpt lat="47.112576" lon="9.21575">
        <ele>432.6</ele>
        <time>2026-09-24T20:22:39Z</time>
      </trkpt>
      <trkpt lat="47.112586" lon="9.215766">
        <ele>432.5</ele>
        <time>2026-09-24T20:22:40Z</time>
      </trkpt>
      <trkpt lat="47.112597" lon="9.215777">
        <ele>432.5</ele>
        <time>2026-09-24T20:22:41Z</time>
      </trkpt>
      <trkpt lat="47.112606" lon="9.215791">
        <ele>432.4</ele>
        <time>2026-09-24T20:22:42Z</time>
      </trkpt>
      <trkpt lat="47.112613" lon="9.215806">
        <ele>432.4</ele>
        <time>2026-09-24T20:22:43Z</time>
      </trkpt>
      <trkpt lat="47.112622" lon="9.215821">
        <ele>432.3</ele>
        <time>2026-09-24T20:22:44Z</time>
      </trkpt>
      <trkpt lat="47.112625" lon="9.215834">
        <ele>432.2</ele>
        <time>2026-09-24T20:22:45Z</time>
      </trkpt>
      <trkpt lat="47.112628" lon="9.215857">
        <ele>432.2</ele>
        <time>2026-09-24T20:22:46Z</time>
      </trkpt>
      <trkpt lat="47.112635" lon="9.215879">
        <ele>432.1</ele>
        <time>2026-09-24T20:22:47Z</time>
      </trkpt>
      <trkpt lat="47.112651" lon="9.215902">
        <ele>432.0</ele>
        <time>2026-09-24T20:22:48Z</time>
      </trkpt>
      <trkpt lat="47.112658" lon="9.215917">
        <ele>431.9</ele>
        <time>2026-09-24T20:22:49Z</time>
      </trkpt>
      <trkpt lat="47.112669" lon="9.215941">
        <ele>431.8</ele>
        <time>2026-09-24T20:22:50Z</time>
      </trkpt>
      <trkpt lat="47.11267" lon="9.21595">
        <ele>431.8</ele>
        <time>2026-09-24T20:22:51Z</time>
      </trkpt>
      <trkpt lat="47.112683" lon="9.21596">
        <ele>431.7</ele>
        <time>2026-09-24T20:22:52Z</time>
      </trkpt>
      <trkpt lat="47.112687" lon="9.215978">
        <ele>431.6</ele>
        <time>2026-09-24T20:22:53Z</time>
      </trkpt>
      <trkpt lat="47.112684" lon="9.216003">
        <ele>431.5</ele>
        <time>2026-09-24T20:22:54Z</time>
      </trkpt>
      <trkpt lat="47.112682" lon="9.216029">
        <ele>431.4</ele>
        <time>2026-09-24T20:22:55Z</time>
      </trkpt>
      <trkpt lat="47.112682" lon="9.216053">
        <ele>431.3</ele>
        <time>2026-09-24T20:22:56Z</time>
      </trkpt>
      <trkpt lat="47.112679" lon="9.216072">
        <ele>431.2</ele>
        <time>2026-09-24T20:22:57Z</time>
      </trkpt>
      <trkpt lat="47.112676" lon="9.216086">
        <ele>431.2</ele>
        <time>2026-09-24T20:22:58Z</time>
      </trkpt>
      <trkpt lat="47.112673" lon="9.21609">
        <ele>431.2</ele>
        <time>2026-09-24T20:22:59Z</time>
      </trkpt>
      <trkpt lat="47.112678" lon="9.216109">
        <ele>431.1</ele>
        <time>2026-09-24T20:23:00Z</time>
      </trkpt>
      <trkpt lat="47.112674" lon="9.216129">
        <ele>431.0</ele>
        <time>2026-09-24T20:23:01Z</time>
      </trkpt>
      <trkpt lat="47.112673" lon="9.216155">
        <ele>430.9</ele>
        <time>2026-09-24T20:23:02Z</time>
      </trkpt>
      <trkpt lat="47.112678" lon="9.216169">
        <ele>430.9</ele>
        <time>2026-09-24T20:23:03Z</time>
      </trkpt>
      <trkpt lat="47.112682" lon="9.216189">
        <ele>430.8</ele>
        <time>2026-09-24T20:23:04Z</time>
      </trkpt>
      <trkpt lat="47.112689" lon="9.216211">
        <ele>430.7</ele>
        <time>2026-09-24T20:23:05Z</time>
      </trkpt>
      <trkpt lat="47.112698" lon="9.216242">
        <ele>430.7</ele>
        <time>2026-09-24T20:23:06Z</time>
      </trkpt>
      <trkpt lat="47.112705" lon="9.216258">
        <ele>430.6</ele>
        <time>2026-09-24T20:23:07Z</time>
      </trkpt>
      <trkpt lat="47.112707" lon="9.216285">
        <ele>430.5</ele>
        <time>2026-09-24T20:23:08Z</time>
      </trkpt>
      <trkpt lat="47.112705" lon="9.2163">
        <ele>430.5</ele>
        <time>2026-09-24T20:23:09Z</time>
      </trkpt>
      <trkpt lat="47.11271" lon="9.216322">
        <ele>430.5</ele>
        <time>2026-09-24T20:23:10Z</time>
      </trkpt>
      <trkpt lat="47.112712" lon="9.216348">
        <ele>430.4</ele>
        <time>2026-09-24T20:23:11Z</time>
      </trkpt>
      <trkpt lat="47.112715" lon="9.216367">
        <ele>430.4</ele>
        <time>2026-09-24T20:23:12Z</time>
      </trkpt>
      <trkpt lat="47.112721" lon="9.21638">
        <ele>430.4</ele>
        <time>2026-09-24T20:23:13Z</time>
      </trkpt>
      <trkpt lat="47.112724" lon="9.216403">
        <ele>430.3</ele>
        <time>2026-09-24T20:23:14Z</time>
      </trkpt>
      <trkpt lat="47.112725" lon="9.216426">
        <ele>430.3</ele>
        <time>2026-09-24T20:23:15Z</time>
      </trkpt>
      <trkpt lat="47.112725" lon="9.216438">
        <ele>430.3</ele>
        <time>2026-09-24T20:23:16Z</time>
      </trkpt>
      <trkpt lat="47.112725" lon="9.216457">
        <ele>430.2</ele>
        <time>2026-09-24T20:23:17Z</time>
      </trkpt>
      <trkpt lat="47.112729" lon="9.216472">
        <ele>430.2</ele>
        <time>2026-09-24T20:23:18Z</time>
      </trkpt>
      <trkpt lat="47.112731" lon="9.216492">
        <ele>430.2</ele>
        <time>2026-09-24T20:23:19Z</time>
      </trkpt>
      <trkpt lat="47.112721" lon="9.216505">
        <ele>430.2</ele>
        <time>2026-09-24T20:23:20Z</time>
      </trkpt>
      <trkpt lat="47.112716" lon="9.216519">
        <ele>430.2</ele>
        <time>2026-09-24T20:23:21Z</time>
      </trkpt>
      <trkpt lat="47.112718" lon="9.216529">
        <ele>430.2</ele>
        <time>2026-09-24T20:23:22Z</time>
      </trkpt>
      <trkpt lat="47.112712" lon="9.216544">
        <ele>430.2</ele>
        <time>2026-09-24T20:23:23Z</time>
      </trkpt>
      <trkpt lat="47.112712" lon="9.216563">
        <ele>430.2</ele>
        <time>2026-09-24T20:23:24Z</time>
      </trkpt>
      <trkpt lat="47.112717" lon="9.216585">
        <ele>430.2</ele>
        <time>2026-09-24T20:23:25Z</time>
      </trkpt>
      <trkpt lat="47.112725" lon="9.216605">
        <ele>430.2</ele>
        <time>2026-09-24T20:23:26Z</time>
      </trkpt>
      <trkpt lat="47.112728" lon="9.216633">
        <ele>430.2</ele>
        <time>2026-09-24T20:23:27Z</time>
      </trkpt>
      <trkpt lat="47.112729" lon="9.216651">
        <ele>430.2</ele>
        <time>2026-09-24T20:23:28Z</time>
      </trkpt>
      <trkpt lat="47.112734" lon="9.21667">
        <ele>430.2</ele>
        <time>2026-09-24T20:23:29Z</time>
      </trkpt>
      <trkpt lat="47.112735" lon="9.216685">
        <ele>430.2</ele>
        <time>2026-09-24T20:23:30Z</time>
      </trkpt>
      <trkpt lat="47.112742" lon="9.216709">
        <ele>430.2</ele>
        <time>2026-09-24T20:23:31Z</time>
      </trkpt>
      <trkpt lat="47.112742" lon="9.216732">
        <ele>430.2</ele>
        <time>2026-09-24T20:23:32Z</time>
      </trkpt>
      <trkpt lat="47.112743" lon="9.216749">
        <ele>430.3</ele>
        <time>2026-09-24T20:23:33Z</time>
      </trkpt>
      <trkpt lat="47.112745" lon="9.21677">
        <ele>430.3</ele>
        <time>2026-09-24T20:23:34Z</time>
      </trkpt>
      <trkpt lat="47.112746" lon="9.216787">
        <ele>430.3</ele>
        <time>2026-09-24T20:23:35Z</time>
      </trkpt>
      <trkpt lat="47.11275" lon="9.21681">
        <ele>430.3</ele>
        <time>2026-09-24T20:23:36Z</time>
      </trkpt>
      <trkpt lat="47.112749" lon="9.216826">
        <ele>430.3</ele>
        <time>2026-09-24T20:23:37Z</time>
      </trkpt>
      <trkpt lat="47.112747" lon="9.216846">
        <ele>430.4</ele>
        <time>2026-09-24T20:23:38Z</time>
      </trkpt>
      <trkpt lat="47.112744" lon="9.216863">
        <ele>430.4</ele>
        <time>2026-09-24T20:23:39Z</time>
      </trkpt>
      <trkpt lat="47.112744" lon="9.216885">
        <ele>430.4</ele>
        <time>2026-09-24T20:23:40Z</time>
      </trkpt>
      <trkpt lat="47.112747" lon="9.216909">
        <ele>430.5</ele>
        <time>2026-09-24T20:23:41Z</time>
      </trkpt>
      <trkpt lat="47.112747" lon="9.216931">
        <ele>430.5</ele>
        <time>2026-09-24T20:23:42Z</time>
      </trkpt>
      <trkpt lat="47.112743" lon="9.216958">
        <ele>430.5</ele>
        <time>2026-09-24T20:23:43Z</time>
      </trkpt>
      <trkpt lat="47.11274" lon="9.216974">
        <ele>430.6</ele>
        <time>2026-09-24T20:23:44Z</time>
      </trkpt>
      <trkpt lat="47.112744" lon="9.216991">
        <ele>430.6</ele>
        <time>2026-09-24T20:23:45Z</time>
      </trkpt>
      <trkpt lat="47.112752" lon="9.217011">
        <ele>430.6</ele>
        <time>2026-09-24T20:23:46Z</time>
      </trkpt>
      <trkpt lat="47.11275" lon="9.217026">
        <ele>430.6</ele>
        <time>2026-09-24T20:23:47Z</time>
      </trkpt>
      <trkpt lat="47.112749" lon="9.217047">
        <ele>430.7</ele>
        <time>2026-09-24T20:23:48Z</time>
      </trkpt>
      <trkpt lat="47.112748" lon="9.217063">
        <ele>430.7</ele>
        <time>2026-09-24T20:23:49Z</time>
      </trkpt>
      <trkpt lat="47.112751" lon="9.21708">
        <ele>430.7</ele>
        <time>2026-09-24T20:23:50Z</time>
      </trkpt>
      <trkpt lat="47.112759" lon="9.217094">
        <ele>430.7</ele>
        <time>2026-09-24T20:23:51Z</time>
      </trkpt>
      <trkpt lat="47.11277" lon="9.217113">
        <ele>430.8</ele>
        <time>2026-09-24T20:23:52Z</time>
      </trkpt>
      <trkpt lat="47.112773" lon="9.217143">
        <ele>430.8</ele>
        <time>2026-09-24T20:23:53Z</time>
      </trkpt>
      <trkpt lat="47.11278" lon="9.217152">
        <ele>430.9</ele>
        <time>2026-09-24T20:23:54Z</time>
      </trkpt>
      <trkpt lat="47.112769" lon="9.217169">
        <ele>431.1</ele>
        <time>2026-09-24T20:23:55Z</time>
      </trkpt>
      <trkpt lat="47.112762" lon="9.217182">
        <ele>431.3</ele>
        <time>2026-09-24T20:23:56Z</time>
      </trkpt>
      <trkpt lat="47.11277" lon="9.217194">
        <ele>431.5</ele>
        <time>2026-09-24T20:23:57Z</time>
      </trkpt>
      <trkpt lat="47.112759" lon="9.2172">
        <ele>432.0</ele>
        <time>2026-09-24T20:23:58Z</time>
      </trkpt>
      <trkpt lat="47.112759" lon="9.217212">
        <ele>432.4</ele>
        <time>2026-09-24T20:23:59Z</time>
      </trkpt>
      <trkpt lat="47.112759" lon="9.217222">
        <ele>432.6</ele>
        <time>2026-09-24T20:24:00Z</time>
      </trkpt>
      <trkpt lat="47.112757" lon="9.217232">
        <ele>432.9</ele>
        <time>2026-09-24T20:24:01Z</time>
      </trkpt>
      <trkpt lat="47.11275" lon="9.21724">
        <ele>433.3</ele>
        <time>2026-09-24T20:24:02Z</time>
      </trkpt>
      <trkpt lat="47.112734" lon="9.217245">
        <ele>434.0</ele>
        <time>2026-09-24T20:24:03Z</time>
      </trkpt>
      <trkpt lat="47.112728" lon="9.217257">
        <ele>434.4</ele>
        <time>2026-09-24T20:24:04Z</time>
      </trkpt>
      <trkpt lat="47.112712" lon="9.217266">
        <ele>435.1</ele>
        <time>2026-09-24T20:24:05Z</time>
      </trkpt>
      <trkpt lat="47.112699" lon="9.217282">
        <ele>435.9</ele>
        <time>2026-09-24T20:24:06Z</time>
      </trkpt>
      <trkpt lat="47.112684" lon="9.217311">
        <ele>436.9</ele>
        <time>2026-09-24T20:24:07Z</time>
      </trkpt>
      <trkpt lat="47.112676" lon="9.217312">
        <ele>437.2</ele>
        <time>2026-09-24T20:24:08Z</time>
      </trkpt>
      <trkpt lat="47.112669" lon="9.217322">
        <ele>437.7</ele>
        <time>2026-09-24T20:24:09Z</time>
      </trkpt>
      <trkpt lat="47.112671" lon="9.217336">
        <ele>438.1</ele>
        <time>2026-09-24T20:24:10Z</time>
      </trkpt>
      <trkpt lat="47.112656" lon="9.217342">
        <ele>438.2</ele>
        <time>2026-09-24T20:24:11Z</time>
      </trkpt>
      <trkpt lat="47.112637" lon="9.217346">
        <ele>438.2</ele>
        <time>2026-09-24T20:24:12Z</time>
      </trkpt>
      <trkpt lat="47.11262" lon="9.217361">
        <ele>438.2</ele>
        <time>2026-09-24T20:24:13Z</time>
      </trkpt>
      <trkpt lat="47.112607" lon="9.217364">
        <ele>438.2</ele>
        <time>2026-09-24T20:24:14Z</time>
      </trkpt>
      <trkpt lat="47.112598" lon="9.217369">
        <ele>438.2</ele>
        <time>2026-09-24T20:24:15Z</time>
      </trkpt>
      <trkpt lat="47.1126" lon="9.217386">
        <ele>438.2</ele>
        <time>2026-09-24T20:24:16Z</time>
      </trkpt>
      <trkpt lat="47.1126" lon="9.217414">
        <ele>438.2</ele>
        <time>2026-09-24T20:24:17Z</time>
      </trkpt>
      <trkpt lat="47.112585" lon="9.217429">
        <ele>438.3</ele>
        <time>2026-09-24T20:24:18Z</time>
      </trkpt>
      <trkpt lat="47.112571" lon="9.217438">
        <ele>438.3</ele>
        <time>2026-09-24T20:24:19Z</time>
      </trkpt>
      <trkpt lat="47.112572" lon="9.217453">
        <ele>438.3</ele>
        <time>2026-09-24T20:24:20Z</time>
      </trkpt>
      <trkpt lat="47.112575" lon="9.217469">
        <ele>438.3</ele>
        <time>2026-09-24T20:24:21Z</time>
      </trkpt>
      <trkpt lat="47.112566" lon="9.217479">
        <ele>438.3</ele>
        <time>2026-09-24T20:24:22Z</time>
      </trkpt>
      <trkpt lat="47.112563" lon="9.217487">
        <ele>438.4</ele>
        <time>2026-09-24T20:24:23Z</time>
      </trkpt>
      <trkpt lat="47.11256" lon="9.217497">
        <ele>438.4</ele>
        <time>2026-09-24T20:24:24Z</time>
      </trkpt>
      <trkpt lat="47.11256" lon="9.217511">
        <ele>438.5</ele>
        <time>2026-09-24T20:24:25Z</time>
      </trkpt>
      <trkpt lat="47.11256" lon="9.217519">
        <ele>438.6</ele>
        <time>2026-09-24T20:24:26Z</time>
      </trkpt>
      <trkpt lat="47.112551" lon="9.217529">
        <ele>438.7</ele>
        <time>2026-09-24T20:24:27Z</time>
      </trkpt>
      <trkpt lat="47.112543" lon="9.217545">
        <ele>438.9</ele>
        <time>2026-09-24T20:24:28Z</time>
      </trkpt>
      <trkpt lat="47.112537" lon="9.217555">
        <ele>438.9</ele>
        <time>2026-09-24T20:24:29Z</time>
      </trkpt>
      <trkpt lat="47.112527" lon="9.217558">
        <ele>439.1</ele>
        <time>2026-09-24T20:24:30Z</time>
      </trkpt>
      <trkpt lat="47.112519" lon="9.217563">
        <ele>439.1</ele>
        <time>2026-09-24T20:24:31Z</time>
      </trkpt>
      <trkpt lat="47.112509" lon="9.217574">
        <ele>439.3</ele>
        <time>2026-09-24T20:24:32Z</time>
      </trkpt>
      <trkpt lat="47.112509" lon="9.21758">
        <ele>439.3</ele>
        <time>2026-09-24T20:24:33Z</time>
      </trkpt>
      <trkpt lat="47.112506" lon="9.217598">
        <ele>439.4</ele>
        <time>2026-09-24T20:24:34Z</time>
      </trkpt>
      <trkpt lat="47.112501" lon="9.21761">
        <ele>439.5</ele>
        <time>2026-09-24T20:24:35Z</time>
      </trkpt>
      <trkpt lat="47.112493" lon="9.217616">
        <ele>439.6</ele>
        <time>2026-09-24T20:24:36Z</time>
      </trkpt>
      <trkpt lat="47.112489" lon="9.217627">
        <ele>439.7</ele>
        <time>2026-09-24T20:24:37Z</time>
      </trkpt>
      <trkpt lat="47.112484" lon="9.217636">
        <ele>439.8</ele>
        <time>2026-09-24T20:24:38Z</time>
      </trkpt>
      <trkpt lat="47.112479" lon="9.217642">
        <ele>439.9</ele>
        <time>2026-09-24T20:24:39Z</time>
      </trkpt>
      <trkpt lat="47.112473" lon="9.217657">
        <ele>440.0</ele>
        <time>2026-09-24T20:24:40Z</time>
      </trkpt>
      <trkpt lat="47.112466" lon="9.217672">
        <ele>440.1</ele>
        <time>2026-09-24T20:24:41Z</time>
      </trkpt>
      <trkpt lat="47.112464" lon="9.217686">
        <ele>440.2</ele>
        <time>2026-09-24T20:24:42Z</time>
      </trkpt>
      <trkpt lat="47.112459" lon="9.217708">
        <ele>440.4</ele>
        <time>2026-09-24T20:24:43Z</time>
      </trkpt>
      <trkpt lat="47.112455" lon="9.217727">
        <ele>440.5</ele>
        <time>2026-09-24T20:24:44Z</time>
      </trkpt>
      <trkpt lat="47.112456" lon="9.217748">
        <ele>440.7</ele>
        <time>2026-09-24T20:24:45Z</time>
      </trkpt>
      <trkpt lat="47.112461" lon="9.217775">
        <ele>440.9</ele>
        <time>2026-09-24T20:24:46Z</time>
      </trkpt>
      <trkpt lat="47.112466" lon="9.217792">
        <ele>441.0</ele>
        <time>2026-09-24T20:24:47Z</time>
      </trkpt>
      <trkpt lat="47.112459" lon="9.217803">
        <ele>441.1</ele>
        <time>2026-09-24T20:24:48Z</time>
      </trkpt>
      <trkpt lat="47.112448" lon="9.217812">
        <ele>441.2</ele>
        <time>2026-09-24T20:24:49Z</time>
      </trkpt>
      <trkpt lat="47.112444" lon="9.21783">
        <ele>441.3</ele>
        <time>2026-09-24T20:24:50Z</time>
      </trkpt>
      <trkpt lat="47.112436" lon="9.21784">
        <ele>441.4</ele>
        <time>2026-09-24T20:24:51Z</time>
      </trkpt>
      <trkpt lat="47.112429" lon="9.217855">
        <ele>441.5</ele>
        <time>2026-09-24T20:24:52Z</time>
      </trkpt>
      <trkpt lat="47.112432" lon="9.217869">
        <ele>441.6</ele>
        <time>2026-09-24T20:24:53Z</time>
      </trkpt>
      <trkpt lat="47.112425" lon="9.21788">
        <ele>441.7</ele>
        <time>2026-09-24T20:24:54Z</time>
      </trkpt>
      <trkpt lat="47.112426" lon="9.217895">
        <ele>441.8</ele>
        <time>2026-09-24T20:24:55Z</time>
      </trkpt>
      <trkpt lat="47.112423" lon="9.217913">
        <ele>441.9</ele>
        <time>2026-09-24T20:24:56Z</time>
      </trkpt>
      <trkpt lat="47.112421" lon="9.21793">
        <ele>441.9</ele>
        <time>2026-09-24T20:24:57Z</time>
      </trkpt>
      <trkpt lat="47.112421" lon="9.217946">
        <ele>442.0</ele>
        <time>2026-09-24T20:24:58Z</time>
      </trkpt>
      <trkpt lat="47.112425" lon="9.217962">
        <ele>442.1</ele>
        <time>2026-09-24T20:24:59Z</time>
      </trkpt>
      <trkpt lat="47.112424" lon="9.217979">
        <ele>442.2</ele>
        <time>2026-09-24T20:25:00Z</time>
      </trkpt>
      <trkpt lat="47.112428" lon="9.217997">
        <ele>442.2</ele>
        <time>2026-09-24T20:25:01Z</time>
      </trkpt>
      <trkpt lat="47.11242" lon="9.218007">
        <ele>442.3</ele>
        <time>2026-09-24T20:25:02Z</time>
      </trkpt>
      <trkpt lat="47.112411" lon="9.218024">
        <ele>442.4</ele>
        <time>2026-09-24T20:25:03Z</time>
      </trkpt>
      <trkpt lat="47.112402" lon="9.218034">
        <ele>442.5</ele>
        <time>2026-09-24T20:25:04Z</time>
      </trkpt>
      <trkpt lat="47.112378" lon="9.218039">
        <ele>442.6</ele>
        <time>2026-09-24T20:25:05Z</time>
      </trkpt>
      <trkpt lat="47.112366" lon="9.218045">
        <ele>442.6</ele>
        <time>2026-09-24T20:25:06Z</time>
      </trkpt>
      <trkpt lat="47.112351" lon="9.21805">
        <ele>442.7</ele>
        <time>2026-09-24T20:25:07Z</time>
      </trkpt>
      <trkpt lat="47.112336" lon="9.218056">
        <ele>442.8</ele>
        <time>2026-09-24T20:25:08Z</time>
      </trkpt>
      <trkpt lat="47.112336" lon="9.218073">
        <ele>442.8</ele>
        <time>2026-09-24T20:25:09Z</time>
      </trkpt>
      <trkpt lat="47.112346" lon="9.218094">
        <ele>442.9</ele>
        <time>2026-09-24T20:25:10Z</time>
      </trkpt>
      <trkpt lat="47.112351" lon="9.218107">
        <ele>443.0</ele>
        <time>2026-09-24T20:25:11Z</time>
      </trkpt>
      <trkpt lat="47.112342" lon="9.21812">
        <ele>443.0</ele>
        <time>2026-09-24T20:25:12Z</time>
      </trkpt>
      <trkpt lat="47.112334" lon="9.218127">
        <ele>443.1</ele>
        <time>2026-09-24T20:25:13Z</time>
      </trkpt>
      <trkpt lat="47.112322" lon="9.218137">
        <ele>443.1</ele>
        <time>2026-09-24T20:25:14Z</time>
      </trkpt>
      <trkpt lat="47.112315" lon="9.218158">
        <ele>443.2</ele>
        <time>2026-09-24T20:25:15Z</time>
      </trkpt>
      <trkpt lat="47.11231" lon="9.21817">
        <ele>443.2</ele>
        <time>2026-09-24T20:25:16Z</time>
      </trkpt>
      <trkpt lat="47.112308" lon="9.218186">
        <ele>443.3</ele>
        <time>2026-09-24T20:25:17Z</time>
      </trkpt>
      <trkpt lat="47.112308" lon="9.218206">
        <ele>443.3</ele>
        <time>2026-09-24T20:25:18Z</time>
      </trkpt>
      <trkpt lat="47.112307" lon="9.218217">
        <ele>443.4</ele>
        <time>2026-09-24T20:25:19Z</time>
      </trkpt>
      <trkpt lat="47.112306" lon="9.218235">
        <ele>443.4</ele>
        <time>2026-09-24T20:25:20Z</time>
      </trkpt>
      <trkpt lat="47.112303" lon="9.218256">
        <ele>443.5</ele>
        <time>2026-09-24T20:25:21Z</time>
      </trkpt>
      <trkpt lat="47.112298" lon="9.218275">
        <ele>443.6</ele>
        <time>2026-09-24T20:25:22Z</time>
      </trkpt>
      <trkpt lat="47.112292" lon="9.218293">
        <ele>443.6</ele>
        <time>2026-09-24T20:25:23Z</time>
      </trkpt>
      <trkpt lat="47.112286" lon="9.21831">
        <ele>443.7</ele>
        <time>2026-09-24T20:25:24Z</time>
      </trkpt>
      <trkpt lat="47.112279" lon="9.218318">
        <ele>443.8</ele>
        <time>2026-09-24T20:25:25Z</time>
      </trkpt>
      <trkpt lat="47.112269" lon="9.218327">
        <ele>443.8</ele>
        <time>2026-09-24T20:25:26Z</time>
      </trkpt>
      <trkpt lat="47.112261" lon="9.218332">
        <ele>443.9</ele>
        <time>2026-09-24T20:25:27Z</time>
      </trkpt>
      <trkpt lat="47.112252" lon="9.218344">
        <ele>443.9</ele>
        <time>2026-09-24T20:25:28Z</time>
      </trkpt>
      <trkpt lat="47.112248" lon="9.218353">
        <ele>444.0</ele>
        <time>2026-09-24T20:25:29Z</time>
      </trkpt>
      <trkpt lat="47.112236" lon="9.21836">
        <ele>444.0</ele>
        <time>2026-09-24T20:25:30Z</time>
      </trkpt>
      <trkpt lat="47.112225" lon="9.218366">
        <ele>444.1</ele>
        <time>2026-09-24T20:25:31Z</time>
      </trkpt>
      <trkpt lat="47.11222" lon="9.218371">
        <ele>444.1</ele>
        <time>2026-09-24T20:25:32Z</time>
      </trkpt>
      <trkpt lat="47.112213" lon="9.21838">
        <ele>444.2</ele>
        <time>2026-09-24T20:25:33Z</time>
      </trkpt>
      <trkpt lat="47.112202" lon="9.218391">
        <ele>444.2</ele>
        <time>2026-09-24T20:25:34Z</time>
      </trkpt>
      <trkpt lat="47.112201" lon="9.218412">
        <ele>444.3</ele>
        <time>2026-09-24T20:25:35Z</time>
      </trkpt>
      <trkpt lat="47.112197" lon="9.218439">
        <ele>444.4</ele>
        <time>2026-09-24T20:25:36Z</time>
      </trkpt>
      <trkpt lat="47.112195" lon="9.218467">
        <ele>444.5</ele>
        <time>2026-09-24T20:25:37Z</time>
      </trkpt>
      <trkpt lat="47.112197" lon="9.218487">
        <ele>444.6</ele>
        <time>2026-09-24T20:25:38Z</time>
      </trkpt>
      <trkpt lat="47.112199" lon="9.218507">
        <ele>444.6</ele>
        <time>2026-09-24T20:25:39Z</time>
      </trkpt>
      <trkpt lat="47.112198" lon="9.218526">
        <ele>444.7</ele>
        <time>2026-09-24T20:25:40Z</time>
      </trkpt>
      <trkpt lat="47.112197" lon="9.21855">
        <ele>444.8</ele>
        <time>2026-09-24T20:25:41Z</time>
      </trkpt>
      <trkpt lat="47.112196" lon="9.218568">
        <ele>444.8</ele>
        <time>2026-09-24T20:25:42Z</time>
      </trkpt>
      <trkpt lat="47.112196" lon="9.218588">
        <ele>444.9</ele>
        <time>2026-09-24T20:25:43Z</time>
      </trkpt>
      <trkpt lat="47.112197" lon="9.218603">
        <ele>445.0</ele>
        <time>2026-09-24T20:25:44Z</time>
      </trkpt>
      <trkpt lat="47.112197" lon="9.218616">
        <ele>445.0</ele>
        <time>2026-09-24T20:25:45Z</time>
      </trkpt>
      <trkpt lat="47.112205" lon="9.218639">
        <ele>445.1</ele>
        <time>2026-09-24T20:25:46Z</time>
      </trkpt>
      <trkpt lat="47.112212" lon="9.218664">
        <ele>445.2</ele>
        <time>2026-09-24T20:25:47Z</time>
      </trkpt>
      <trkpt lat="47.112223" lon="9.21867">
        <ele>445.3</ele>
        <time>2026-09-24T20:25:48Z</time>
      </trkpt>
      <trkpt lat="47.112231" lon="9.218668">
        <ele>445.3</ele>
        <time>2026-09-24T20:25:49Z</time>
      </trkpt>
      <trkpt lat="47.112234" lon="9.218663">
        <ele>445.3</ele>
        <time>2026-09-24T20:25:50Z</time>
      </trkpt>
      <trkpt lat="47.112237" lon="9.218668">
        <ele>445.4</ele>
        <time>2026-09-24T20:25:51Z</time>
      </trkpt>
      <trkpt lat="47.112243" lon="9.21867">
        <ele>445.4</ele>
        <time>2026-09-24T20:25:52Z</time>
      </trkpt>
      <trkpt lat="47.11224" lon="9.218668">
        <ele>445.4</ele>
        <time>2026-09-24T20:25:53Z</time>
      </trkpt>
      <trkpt lat="47.112242" lon="9.218667">
        <ele>445.4</ele>
        <time>2026-09-24T20:25:54Z</time>
      </trkpt>
      <trkpt lat="47.112259" lon="9.218668">
        <ele>445.5</ele>
        <time>2026-09-24T20:25:55Z</time>
      </trkpt>
      <trkpt lat="47.112271" lon="9.218676">
        <ele>445.6</ele>
        <time>2026-09-24T20:25:56Z</time>
      </trkpt>
      <trkpt lat="47.11228" lon="9.218682">
        <ele>445.7</ele>
        <time>2026-09-24T20:25:57Z</time>
      </trkpt>
      <trkpt lat="47.112281" lon="9.218677">
        <ele>445.7</ele>
        <time>2026-09-24T20:25:58Z</time>
      </trkpt>
      <trkpt lat="47.1123" lon="9.218696">
        <ele>445.8</ele>
        <time>2026-09-24T20:25:59Z</time>
      </trkpt>
      <trkpt lat="47.1123" lon="9.218696">
        <ele>445.8</ele>
        <time>2026-09-24T20:26:00Z</time>
      </trkpt>
      <trkpt lat="47.1123" lon="9.218696">
        <ele>445.8</ele>
        <time>2026-09-24T20:26:01Z</time>
      </trkpt>
      <trkpt lat="47.112251" lon="9.218681">
        <ele>446.1</ele>
        <time>2026-09-24T20:26:02Z</time>
      </trkpt>
      <trkpt lat="47.112242" lon="9.218689">
        <ele>446.1</ele>
        <time>2026-09-24T20:26:03Z</time>
      </trkpt>
      <trkpt lat="47.112238" lon="9.218676">
        <ele>446.1</ele>
        <time>2026-09-24T20:26:04Z</time>
      </trkpt>
      <trkpt lat="47.112244" lon="9.218675">
        <ele>446.2</ele>
        <time>2026-09-24T20:26:05Z</time>
      </trkpt>
      <trkpt lat="47.112246" lon="9.218682">
        <ele>446.2</ele>
        <time>2026-09-24T20:26:06Z</time>
      </trkpt>
      <trkpt lat="47.112248" lon="9.218682">
        <ele>446.2</ele>
        <time>2026-09-24T20:26:07Z</time>
      </trkpt>
      <trkpt lat="47.112259" lon="9.218682">
        <ele>446.3</ele>
        <time>2026-09-24T20:26:08Z</time>
      </trkpt>
      <trkpt lat="47.112266" lon="9.218684">
        <ele>446.3</ele>
        <time>2026-09-24T20:26:09Z</time>
      </trkpt>
      <trkpt lat="47.112266" lon="9.218688">
        <ele>446.3</ele>
        <time>2026-09-24T20:26:10Z</time>
      </trkpt>
      <trkpt lat="47.112271" lon="9.218687">
        <ele>446.3</ele>
        <time>2026-09-24T20:26:11Z</time>
      </trkpt>
      <trkpt lat="47.112273" lon="9.218694">
        <ele>446.3</ele>
        <time>2026-09-24T20:26:12Z</time>
      </trkpt>
      <trkpt lat="47.112273" lon="9.218694">
        <ele>446.3</ele>
        <time>2026-09-24T20:26:14Z</time>
      </trkpt>
      <trkpt lat="47.112273" lon="9.218694">
        <ele>446.3</ele>
        <time>2026-09-24T20:26:15Z</time>
      </trkpt>
      <trkpt lat="47.112273" lon="9.218694">
        <ele>446.3</ele>
        <time>2026-09-24T20:26:19Z</time>
      </trkpt>
      <trkpt lat="47.112273" lon="9.218694">
        <ele>446.3</ele>
        <time>2026-09-24T20:26:20Z</time>
      </trkpt>
      <trkpt lat="47.112273" lon="9.218694">
        <ele>446.3</ele>
        <time>2026-09-24T20:26:22Z</time>
      </trkpt>
      <trkpt lat="47.112273" lon="9.218694">
        <ele>446.3</ele>
        <time>2026-09-24T20:26:24Z</time>
      </trkpt>
      <trkpt lat="47.112273" lon="9.218694">
        <ele>446.3</ele>
        <time>2026-09-24T20:26:25Z</time>
      </trkpt>
      <trkpt lat="47.112273" lon="9.218694">
        <ele>446.3</ele>
        <time>2026-09-24T20:26:27Z</time>
      </trkpt>
      <trkpt lat="47.112273" lon="9.218694">
        <ele>446.3</ele>
        <time>2026-09-24T20:26:30Z</time>
      </trkpt>
      <trkpt lat="47.112273" lon="9.218694">
        <ele>446.3</ele>
        <time>2026-09-24T20:26:33Z</time>
      </trkpt>
      <trkpt lat="47.112273" lon="9.218694">
        <ele>446.3</ele>
        <time>2026-09-24T20:26:35Z</time>
      </trkpt>
      <trkpt lat="47.112273" lon="9.218694">
        <ele>446.3</ele>
        <time>2026-09-24T20:26:38Z</time>
      </trkpt>
      <trkpt lat="47.112273" lon="9.218694">
        <ele>446.3</ele>
        <time>2026-09-24T20:26:40Z</time>
      </trkpt>
      <trkpt lat="47.112273" lon="9.218694">
        <ele>446.3</ele>
        <time>2026-09-24T20:26:43Z</time>
      </trkpt>
      <trkpt lat="47.112273" lon="9.218694">
        <ele>446.3</ele>
        <time>2026-09-24T20:26:45Z</time>
      </trkpt>
      <trkpt lat="47.112273" lon="9.218694">
        <ele>446.3</ele>
        <time>2026-09-24T20:26:46Z</time>
      </trkpt>
      <trkpt lat="47.112273" lon="9.218694">
        <ele>446.3</ele>
        <time>2026-09-24T20:26:48Z</time>
      </trkpt>
      <trkpt lat="47.112273" lon="9.218694">
        <ele>446.3</ele>
        <time>2026-09-24T20:26:49Z</time>
      </trkpt>
      <trkpt lat="47.112273" lon="9.218694">
        <ele>446.3</ele>
        <time>2026-09-24T20:26:54Z</time>
      </trkpt>
      <trkpt lat="47.112273" lon="9.218694">
        <ele>446.3</ele>
        <time>2026-09-24T20:26:56Z</time>
      </trkpt>
      <trkpt lat="47.112273" lon="9.218694">
        <ele>446.3</ele>
        <time>2026-09-24T20:26:58Z</time>
      </trkpt>
      <trkpt lat="47.112273" lon="9.218694">
        <ele>446.3</ele>
        <time>2026-09-24T20:26:59Z</time>
      </trkpt>
      <trkpt lat="47.112273" lon="9.218694">
        <ele>446.3</ele>
        <time>2026-09-24T20:27:01Z</time>
      </trkpt>
      <trkpt lat="47.112273" lon="9.218694">
        <ele>446.3</ele>
        <time>2026-09-24T20:27:03Z</time>
      </trkpt>
      <trkpt lat="47.112273" lon="9.218694">
        <ele>446.3</ele>
        <time>2026-09-24T20:27:04Z</time>
      </trkpt>
      <trkpt lat="47.112273" lon="9.218694">
        <ele>446.3</ele>
        <time>2026-09-24T20:27:06Z</time>
      </trkpt>
      <trkpt lat="47.112273" lon="9.218694">
        <ele>446.3</ele>
        <time>2026-09-24T20:27:08Z</time>
      </trkpt>
      <trkpt lat="47.112273" lon="9.218694">
        <ele>446.3</ele>
        <time>2026-09-24T20:27:09Z</time>
      </trkpt>
      <trkpt lat="47.112273" lon="9.218694">
        <ele>446.3</ele>
        <time>2026-09-24T20:27:11Z</time>
      </trkpt>
      <trkpt lat="47.112273" lon="9.218694">
        <ele>446.3</ele>
        <time>2026-09-24T20:27:14Z</time>
      </trkpt>
      <trkpt lat="47.112273" lon="9.218694">
        <ele>446.3</ele>
        <time>2026-09-24T20:27:16Z</time>
      </trkpt>
      <trkpt lat="47.112273" lon="9.218694">
        <ele>446.3</ele>
        <time>2026-09-24T20:27:19Z</time>
      </trkpt>
      <trkpt lat="47.112273" lon="9.218694">
        <ele>446.3</ele>
        <time>2026-09-24T20:27:21Z</time>
      </trkpt>
      <trkpt lat="47.112273" lon="9.218694">
        <ele>446.3</ele>
        <time>2026-09-24T20:27:23Z</time>
      </trkpt>
      <trkpt lat="47.112273" lon="9.218694">
        <ele>446.3</ele>
        <time>2026-09-24T20:27:24Z</time>
      </trkpt>
      <trkpt lat="47.112273" lon="9.218694">
        <ele>446.3</ele>
        <time>2026-09-24T20:27:26Z</time>
      </trkpt>
      <trkpt lat="47.112273" lon="9.218694">
        <ele>446.3</ele>
        <time>2026-09-24T20:27:28Z</time>
      </trkpt>
      <trkpt lat="47.112273" lon="9.218694">
        <ele>446.3</ele>
        <time>2026-09-24T20:27:29Z</time>
      </trkpt>
      <trkpt lat="47.112273" lon="9.218694">
        <ele>446.3</ele>
        <time>2026-09-24T20:27:30Z</time>
      </trkpt>
      <trkpt lat="47.112273" lon="9.218694">
        <ele>446.3</ele>
        <time>2026-09-24T20:27:31Z</time>
      </trkpt>
      <trkpt lat="47.112273" lon="9.218694">
        <ele>446.3</ele>
        <time>2026-09-24T20:27:34Z</time>
      </trkpt>
      <trkpt lat="47.112273" lon="9.218694">
        <ele>446.3</ele>
        <time>2026-09-24T20:27:37Z</time>
      </trkpt>
      <trkpt lat="47.112273" lon="9.218694">
        <ele>446.3</ele>
        <time>2026-09-24T20:27:39Z</time>
      </trkpt>
      <trkpt lat="47.112273" lon="9.218694">
        <ele>446.3</ele>
        <time>2026-09-24T20:27:42Z</time>
      </trkpt>
      <trkpt lat="47.112273" lon="9.218694">
        <ele>446.3</ele>
        <time>2026-09-24T20:27:43Z</time>
      </trkpt>
      <trkpt lat="47.112273" lon="9.218694">
        <ele>446.3</ele>
        <time>2026-09-24T20:27:44Z</time>
      </trkpt>
      <trkpt lat="47.112273" lon="9.218694">
        <ele>446.3</ele>
        <time>2026-09-24T20:27:46Z</time>
      </trkpt>
      <trkpt lat="47.112273" lon="9.218694">
        <ele>446.3</ele>
        <time>2026-09-24T20:27:47Z</time>
      </trkpt>
      <trkpt lat="47.112273" lon="9.218694">
        <ele>446.3</ele>
        <time>2026-09-24T20:27:49Z</time>
      </trkpt>
      <trkpt lat="47.112273" lon="9.218694">
        <ele>446.3</ele>
        <time>2026-09-24T20:27:52Z</time>
      </trkpt>
      <trkpt lat="47.112273" lon="9.218694">
        <ele>446.3</ele>
        <time>2026-09-24T20:27:54Z</time>
      </trkpt>
      <trkpt lat="47.112273" lon="9.218694">
        <ele>446.3</ele>
        <time>2026-09-24T20:27:57Z</time>
      </trkpt>
      <trkpt lat="47.112273" lon="9.218694">
        <ele>446.3</ele>
        <time>2026-09-24T20:27:58Z</time>
      </trkpt>
    </trkseg>
  </trk>
</gpx>