Timestamp,UTC,Callsign,Position,Altitude,Speed,Direction
1784981086,2026-07-25T12:04:46Z,AFR258,"49.000797,2.580115",0,0,81
1784981276,2026-07-25T12:07:56Z,AFR258,"49.000786,2.580572",0,3,87
1784981284,2026-07-25T12:08:04Z,AFR258,"49.000805,2.580793",0,4,87
1784981303,2026-07-25T12:08:23Z,AFR258,"49.000851,2.581625",0,0,84
1784981327,2026-07-25T12:08:47Z,AFR258,"49.000885,2.582329",0,0,84
1784981356,2026-07-25T12:09:16Z,AFR258,"49.0009,2.582562",0,0,84
1784981396,2026-07-25T12:09:56Z,AFR258,"49.000317,2.583323",0,0,154
1784981421,2026-07-25T12:10:21Z,AFR258,"49.000179,2.58427",0,1,92
1784981424,2026-07-25T12:10:24Z,AFR258,"49.000187,2.584281",0,0,92
1784981481,2026-07-25T12:11:21Z,AFR258,"49.000187,2.584552",0,6,90
1784981494,2026-07-25T12:11:34Z,AFR258,"49.000221,2.585257",0,10,87
1784981497,2026-07-25T12:11:37Z,AFR258,"49.000244,2.58551",0,11,84
1784981500,2026-07-25T12:11:40Z,AFR258,"49.000248,2.585766",0,12,84
1784981503,2026-07-25T12:11:43Z,AFR258,"49.000259,2.586013",0,12,84
1784981506,2026-07-25T12:11:46Z,AFR258,"49.000282,2.586329",0,13,84
1784981514,2026-07-25T12:11:54Z,AFR258,"49.000328,2.587157",0,15,84
1784981529,2026-07-25T12:12:09Z,AFR258,"49.000431,2.588979",0,0,84
1784981539,2026-07-25T12:12:19Z,AFR258,"49.0005,2.590442",0,0,84
1784981553,2026-07-25T12:12:33Z,AFR258,"49.000603,2.592316",0,19,84
1784981563,2026-07-25T12:12:43Z,AFR258,"49.000683,2.593707",0,18,84
1784981591,2026-07-25T12:13:11Z,AFR258,"49.000832,2.596717",0,0,84
1784981598,2026-07-25T12:13:18Z,AFR258,"49.000854,2.597034",0,4,84
1784981662,2026-07-25T12:14:22Z,AFR258,"49.000912,2.598179",0,0,84
1784981673,2026-07-25T12:14:33Z,AFR258,"49.000942,2.598664",0,0,84
1784981691,2026-07-25T12:14:51Z,AFR258,"49.001003,2.599922",0,12,84
1784981699,2026-07-25T12:14:59Z,AFR258,"49.00106,2.600778",0,15,84
1784981709,2026-07-25T12:15:09Z,AFR258,"49.001129,2.602017",0,18,84
1784981717,2026-07-25T12:15:17Z,AFR258,"49.001152,2.602562",0,17,84
1784981738,2026-07-25T12:15:38Z,AFR258,"49.001186,2.603471",0,0,87
1784981740,2026-07-25T12:15:40Z,AFR258,"49.000629,2.604031",0,0,163
1784981745,2026-07-25T12:15:45Z,AFR258,"49.000362,2.604049",0,11,174
1784981750,2026-07-25T12:15:50Z,AFR258,"49.000141,2.604067",0,10,174
1784981756,2026-07-25T12:15:56Z,AFR258,"48.999882,2.604059",0,8,180
1784981765,2026-07-25T12:16:05Z,AFR258,"48.999592,2.604013",0,7,182
1784981772,2026-07-25T12:16:12Z,AFR258,"48.999313,2.60394",0,9,188
1784981778,2026-07-25T12:16:18Z,AFR258,"48.999069,2.60383",0,11,194
1784981784,2026-07-25T12:16:24Z,AFR258,"48.998779,2.603597",0,12,205
1784981796,2026-07-25T12:16:36Z,AFR258,"48.998417,2.603236",0,5,213
1784981909,2026-07-25T12:18:29Z,AFR258,"48.998108,2.597826",0,0,267
1784981933,2026-07-25T12:18:53Z,AFR258,"48.997055,2.578266",425,94,265
1784981946,2026-07-25T12:19:06Z,AFR258,"48.996094,2.561857",625,180,264
1784981954,2026-07-25T12:19:14Z,AFR258,"48.995499,2.551716",950,180,264
1784981961,2026-07-25T12:19:21Z,AFR258,"48.995041,2.543898",1225,180,264
1784981965,2026-07-25T12:19:25Z,AFR258,"48.994694,2.538203",1350,180,265
1784981979,2026-07-25T12:19:39Z,AFR258,"48.993855,2.519845",1950,179,265
1784981987,2026-07-25T12:19:47Z,AFR258,"48.993389,2.509147",2225,178,266
1784981994,2026-07-25T12:19:54Z,AFR258,"48.993111,2.501703",2475,178,266
1784982002,2026-07-25T12:20:02Z,AFR258,"48.992786,2.49115",2750,177,267
1784982010,2026-07-25T12:20:10Z,AFR258,"48.992458,2.480597",2950,180,266
1784982019,2026-07-25T12:20:19Z,AFR258,"48.99202,2.470163",3100,181,265
1784982025,2026-07-25T12:20:25Z,AFR258,"48.991653,2.462276",3275,180,266
1784982033,2026-07-25T12:20:33Z,AFR258,"48.991104,2.451782",3525,180,265
1784982042,2026-07-25T12:20:42Z,AFR258,"48.990509,2.440937",3725,185,265
1784982048,2026-07-25T12:20:48Z,AFR258,"48.990097,2.43312",3800,190,265
1784982056,2026-07-25T12:20:56Z,AFR258,"48.989502,2.421429",3875,198,265
1784982065,2026-07-25T12:21:05Z,AFR258,"48.988861,2.409457",4000,207,264
1784982073,2026-07-25T12:21:13Z,AFR258,"48.988083,2.396971",4125,217,264
1784982081,2026-07-25T12:21:21Z,AFR258,"48.987247,2.383961",4225,227,264
1784982089,2026-07-25T12:21:29Z,AFR258,"48.986343,2.3703",4275,239,264
1784982098,2026-07-25T12:21:38Z,AFR258,"48.985428,2.356779",4375,253,264
1784982104,2026-07-25T12:21:44Z,AFR258,"48.984734,2.345509",4450,260,264
1784982112,2026-07-25T12:21:52Z,AFR258,"48.983734,2.329876",4675,264,264
1784982121,2026-07-25T12:22:01Z,AFR258,"48.982635,2.314031",4950,267,264
1784982130,2026-07-25T12:22:10Z,AFR258,"48.981567,2.297516",5300,267,264
1784982142,2026-07-25T12:22:22Z,AFR258,"48.980171,2.273736",5900,265,264
1784982155,2026-07-25T12:22:35Z,AFR258,"48.978699,2.251211",6275,269,261
1784982159,2026-07-25T12:22:39Z,AFR258,"48.977463,2.242267",6450,269,255
1784982161,2026-07-25T12:22:41Z,AFR258,"48.976677,2.238392",6550,269,251
1784982163,2026-07-25T12:22:43Z,AFR258,"48.975746,2.234923",6650,268,247
1784982166,2026-07-25T12:22:46Z,AFR258,"48.974487,2.230929",6750,268,243
1784982168,2026-07-25T12:22:48Z,AFR258,"48.973328,2.227912",6850,268,239
1784982170,2026-07-25T12:22:50Z,AFR258,"48.972107,2.224943",6925,269,236
1784982172,2026-07-25T12:22:52Z,AFR258,"48.970348,2.22119",7025,269,233
1784982174,2026-07-25T12:22:54Z,AFR258,"48.968952,2.218443",7075,269,232
1784982176,2026-07-25T12:22:56Z,AFR258,"48.967072,2.214802",7175,269,231
1784982178,2026-07-25T12:22:58Z,AFR258,"48.965515,2.211844",7250,269,231
1784982180,2026-07-25T12:23:00Z,AFR258,"48.964005,2.208886",7325,269,232
1784982182,2026-07-25T12:23:02Z,AFR258,"48.962479,2.205722",7400,269,233
1784982184,2026-07-25T12:23:04Z,AFR258,"48.961128,2.202614",7475,268,237
1784982186,2026-07-25T12:23:06Z,AFR258,"48.959885,2.199449",7550,267,240
1784982188,2026-07-25T12:23:08Z,AFR258,"48.958569,2.195531",7650,267,244
1784982191,2026-07-25T12:23:11Z,AFR258,"48.957596,2.192125",7750,266,246
1784982193,2026-07-25T12:23:13Z,AFR258,"48.956772,2.188815",7825,265,249
1784982195,2026-07-25T12:23:15Z,AFR258,"48.955822,2.184545",7950,264,252
1784982197,2026-07-25T12:23:17Z,AFR258,"48.95517,2.180997",8025,264,254
1784982199,2026-07-25T12:23:19Z,AFR258,"48.954567,2.177534",8100,264,256
1784982201,2026-07-25T12:23:21Z,AFR258,"48.954056,2.174064",8175,264,257
1784982203,2026-07-25T12:23:23Z,AFR258,"48.95343,2.169448",8275,264,258
1784982205,2026-07-25T12:23:25Z,AFR258,"48.953018,2.166067",8350,265,259
1784982207,2026-07-25T12:23:27Z,AFR258,"48.95261,2.162789",8400,265,259
1784982209,2026-07-25T12:23:29Z,AFR258,"48.952099,2.158163",8450,266,260
1784982211,2026-07-25T12:23:31Z,AFR258,"48.951691,2.154518",8500,267,260
1784982213,2026-07-25T12:23:33Z,AFR258,"48.951279,2.150996",8550,269,260
1784982215,2026-07-25T12:23:35Z,AFR258,"48.950867,2.147264",8600,270,260
1784982217,2026-07-25T12:23:37Z,AFR258,"48.950424,2.143057",8650,271,260
1784982220,2026-07-25T12:23:40Z,AFR258,"48.95005,2.139443",8700,271,260
1784982222,2026-07-25T12:23:42Z,AFR258,"48.949539,2.134745",8775,272,260
1784982236,2026-07-25T12:23:56Z,AFR258,"48.946609,2.106769",9275,274,260
1784982249,2026-07-25T12:24:09Z,AFR258,"48.943588,2.083247",9650,276,254
1784982253,2026-07-25T12:24:13Z,AFR258,"48.941811,2.075621",9775,277,248
1784982255,2026-07-25T12:24:15Z,AFR258,"48.94088,2.072658",9825,277,245
1784982257,2026-07-25T12:24:17Z,AFR258,"48.939606,2.068951",9850,277,241
1784982259,2026-07-25T12:24:19Z,AFR258,"48.938366,2.065863",9900,277,237
1784982261,2026-07-25T12:24:21Z,AFR258,"48.936722,2.062261",9925,278,234
1784982263,2026-07-25T12:24:23Z,AFR258,"48.93483,2.058708",9950,278,230
1784982265,2026-07-25T12:24:25Z,AFR258,"48.93306,2.055817",9950,278,227
1784982267,2026-07-25T12:24:27Z,AFR258,"48.931274,2.053176",9975,278,222
1784982270,2026-07-25T12:24:30Z,AFR258,"48.928894,2.050148",9975,279,219
1784982272,2026-07-25T12:24:32Z,AFR258,"48.927193,2.048227",9975,280,215
1784982274,2026-07-25T12:24:34Z,AFR258,"48.9245,2.04564",10000,280,212
1784982276,2026-07-25T12:24:36Z,AFR258,"48.922119,2.043668",10000,281,207
1784982278,2026-07-25T12:24:38Z,AFR258,"48.920162,2.042228",10000,282,204
1784982280,2026-07-25T12:24:40Z,AFR258,"48.917679,2.04071",10000,283,200
1784982282,2026-07-25T12:24:42Z,AFR258,"48.914486,2.03912",10000,284,196
1784982284,2026-07-25T12:24:44Z,AFR258,"48.912369,2.038316",10000,284,193
1784982286,2026-07-25T12:24:46Z,AFR258,"48.909225,2.037313",10000,285,190
1784982288,2026-07-25T12:24:48Z,AFR258,"48.906712,2.036807",10000,286,187
1784982290,2026-07-25T12:24:50Z,AFR258,"48.904057,2.036374",10000,288,185
1784982292,2026-07-25T12:24:52Z,AFR258,"48.901402,2.036085",10000,288,183
1784982295,2026-07-25T12:24:55Z,AFR258,"48.898544,2.035922",10000,289,181
1784982297,2026-07-25T12:24:57Z,AFR258,"48.895817,2.035868",10000,290,180
1784982299,2026-07-25T12:24:59Z,AFR258,"48.892502,2.035922",10000,290,179
1784982301,2026-07-25T12:25:01Z,AFR258,"48.889904,2.03594",10000,290,179
1784982303,2026-07-25T12:25:03Z,AFR258,"48.887344,2.036085",10000,290,178
1784982305,2026-07-25T12:25:05Z,AFR258,"48.884319,2.036157",10000,291,178
1784982307,2026-07-25T12:25:07Z,AFR258,"48.881477,2.036374",10000,292,177
1784982309,2026-07-25T12:25:09Z,AFR258,"48.878723,2.036555",10000,291,177
1784982311,2026-07-25T12:25:11Z,AFR258,"48.875614,2.036807",10025,292,176
1784982313,2026-07-25T12:25:13Z,AFR258,"48.872726,2.03726",10000,292,174
1784982315,2026-07-25T12:25:15Z,AFR258,"48.869843,2.037892",10025,294,171
1784982318,2026-07-25T12:25:18Z,AFR258,"48.867096,2.038668",10025,295,168
1784982320,2026-07-25T12:25:20Z,AFR258,"48.864578,2.039584",10050,296,166
1784982322,2026-07-25T12:25:22Z,AFR258,"48.861923,2.040781",10075,296,163
1784982324,2026-07-25T12:25:24Z,AFR258,"48.859451,2.042119",10100,298,159
1784982326,2026-07-25T12:25:26Z,AFR258,"48.856796,2.043809",10125,300,156
1784982328,2026-07-25T12:25:28Z,AFR258,"48.854477,2.045553",10175,301,152
1784982330,2026-07-25T12:25:30Z,AFR258,"48.851761,2.047894",10225,302,149
1784982332,2026-07-25T12:25:32Z,AFR258,"48.849312,2.050251",10275,304,146
1784982334,2026-07-25T12:25:34Z,AFR258,"48.84668,2.053246",10325,304,142
1784982336,2026-07-25T12:25:36Z,AFR258,"48.844574,2.055922",10400,306,139
1784982338,2026-07-25T12:25:38Z,AFR258,"48.842422,2.059069",10475,306,136
1784982340,2026-07-25T12:25:40Z,AFR258,"48.8405,2.06212",10525,307,132
1784982342,2026-07-25T12:25:42Z,AFR258,"48.838486,2.065782",10600,308,129
1784982345,2026-07-25T12:25:45Z,AFR258,"48.836792,2.069233",10675,309,125
1784982347,2026-07-25T12:25:47Z,AFR258,"48.834881,2.073742",10750,309,121
1784982349,2026-07-25T12:25:49Z,AFR258,"48.83345,2.077613",10800,310,119
1784982351,2026-07-25T12:25:51Z,AFR258,"48.832134,2.081692",10875,311,115
1784982353,2026-07-25T12:25:53Z,AFR258,"48.830887,2.086135",10950,311,111
1784982355,2026-07-25T12:25:55Z,AFR258,"48.829971,2.090149",11000,312,108
1784982357,2026-07-25T12:25:57Z,AFR258,"48.82906,2.094992",11100,312,105
1784982359,2026-07-25T12:25:59Z,AFR258,"48.828503,2.099112",11150,312,101
1784982361,2026-07-25T12:26:01Z,AFR258,"48.828049,2.10353",11225,312,98
1784982364,2026-07-25T12:26:04Z,AFR258,"48.827728,2.107896",11300,312,94
1784982366,2026-07-25T12:26:06Z,AFR258,"48.827618,2.112555",11375,312,91
1784982368,2026-07-25T12:26:08Z,AFR258,"48.827591,2.117051",11450,312,89
1784982370,2026-07-25T12:26:10Z,AFR258,"48.827759,2.122168",11525,312,87
1784982372,2026-07-25T12:26:12Z,AFR258,"48.827911,2.126207",11600,312,86
1784982374,2026-07-25T12:26:14Z,AFR258,"48.828178,2.131564",11675,312,85
1784982376,2026-07-25T12:26:16Z,AFR258,"48.828415,2.135855",11750,312,85
1784982378,2026-07-25T12:26:18Z,AFR258,"48.828644,2.14031",11825,312,85
1784982380,2026-07-25T12:26:20Z,AFR258,"48.828873,2.144799",11900,311,85
1784982383,2026-07-25T12:26:23Z,AFR258,"48.829109,2.149417",11975,311,85
1784982385,2026-07-25T12:26:25Z,AFR258,"48.829376,2.154799",12075,312,85
1784982387,2026-07-25T12:26:27Z,AFR258,"48.829559,2.158954",12125,312,86
1784982389,2026-07-25T12:26:29Z,AFR258,"48.829742,2.163321",12200,312,86
1784982391,2026-07-25T12:26:31Z,AFR258,"48.829926,2.169025",12275,313,86
1784982393,2026-07-25T12:26:33Z,AFR258,"48.830132,2.173486",12325,313,86
1784982424,2026-07-25T12:27:04Z,AFR258,"48.831902,2.241283",13350,316,88
1784982456,2026-07-25T12:27:36Z,AFR258,"48.833542,2.312904",14300,322,88
1784982487,2026-07-25T12:28:07Z,AFR258,"48.83474,2.382804",15300,324,88
1784982519,2026-07-25T12:28:39Z,AFR258,"48.835922,2.454811",16150,331,88
1784982550,2026-07-25T12:29:10Z,AFR258,"48.837204,2.530306",16550,354,88
1784982581,2026-07-25T12:29:41Z,AFR258,"48.838558,2.609903",17050,370,88
1784982613,2026-07-25T12:30:13Z,AFR258,"48.839909,2.691506",17675,382,88
1784982644,2026-07-25T12:30:44Z,AFR258,"48.841259,2.778095",18025,401,88
1784982675,2026-07-25T12:31:15Z,AFR258,"48.84256,2.867291",18875,404,88
1784982707,2026-07-25T12:31:47Z,AFR258,"48.844025,2.957505",19700,408,88
1784982738,2026-07-25T12:32:18Z,AFR258,"48.845352,3.046453",20475,412,88
1784982763,2026-07-25T12:32:43Z,AFR258,"48.844299,3.119061",21100,412,98
1784982766,2026-07-25T12:32:46Z,AFR258,"48.843678,3.124454",21150,411,100
1784982768,2026-07-25T12:32:48Z,AFR258,"48.842743,3.131526",21225,411,102
1784982770,2026-07-25T12:32:50Z,AFR258,"48.841816,3.137247",21275,411,103
1784982772,2026-07-25T12:32:52Z,AFR258,"48.840561,3.144041",21325,411,105
1784982774,2026-07-25T12:32:54Z,AFR258,"48.839584,3.148992",21350,412,106
1784982776,2026-07-25T12:32:56Z,AFR258,"48.83823,3.155751",21400,411,107
1784982778,2026-07-25T12:32:58Z,AFR258,"48.837158,3.160893",21450,412,107
1784982781,2026-07-25T12:33:01Z,AFR258,"48.835922,3.166668",21500,412,107
1784982783,2026-07-25T12:33:03Z,AFR258,"48.834694,3.172519",21525,413,107
1784982785,2026-07-25T12:33:05Z,AFR258,"48.833496,3.178218",21575,413,107
1784982787,2026-07-25T12:33:07Z,AFR258,"48.832088,3.184806",21625,413,107
1784982789,2026-07-25T12:33:09Z,AFR258,"48.830925,3.190372",21650,414,107
1784982791,2026-07-25T12:33:11Z,AFR258,"48.829605,3.19674",21700,414,107
1784982823,2026-07-25T12:33:43Z,AFR258,"48.812302,3.284912",22400,418,106
1784982854,2026-07-25T12:34:14Z,AFR258,"48.795319,3.37393",23025,424,106
1784982886,2026-07-25T12:34:46Z,AFR258,"48.777786,3.464285",23550,431,106
1784982917,2026-07-25T12:35:17Z,AFR258,"48.759979,3.556173",24225,434,106
1784982949,2026-07-25T12:35:49Z,AFR258,"48.741989,3.648517",24725,442,106
1784982980,2026-07-25T12:36:20Z,AFR258,"48.723946,3.741278",25275,446,106
1784983012,2026-07-25T12:36:52Z,AFR258,"48.70491,3.838243",26025,445,106
1784983044,2026-07-25T12:37:24Z,AFR258,"48.686703,3.930503",26500,449,106
1784983075,2026-07-25T12:37:55Z,AFR258,"48.667511,4.02656",26900,456,107
1784983106,2026-07-25T12:38:26Z,AFR258,"48.646271,4.121775",27400,458,108
1784983138,2026-07-25T12:38:58Z,AFR258,"48.624664,4.216919",28075,456,109
1784983169,2026-07-25T12:39:29Z,AFR258,"48.603241,4.310936",28475,460,108
1784983201,2026-07-25T12:40:01Z,AFR258,"48.581726,4.406715",29000,461,108
1784983232,2026-07-25T12:40:32Z,AFR258,"48.560303,4.501648",29525,460,109
1784983263,2026-07-25T12:41:03Z,AFR258,"48.538513,4.597285",29925,461,108
1784983295,2026-07-25T12:41:35Z,AFR258,"48.516602,4.694559",30325,463,108
1784983327,2026-07-25T12:42:07Z,AFR258,"48.494797,4.791377",30550,468,108
1784983359,2026-07-25T12:42:39Z,AFR258,"48.471912,4.891952",30700,475,108
1784983392,2026-07-25T12:43:12Z,AFR258,"48.448975,4.993427",30850,481,108
1784983423,2026-07-25T12:43:43Z,AFR258,"48.426479,5.092958",31000,487,108
1784983454,2026-07-25T12:44:14Z,AFR258,"48.403854,5.193787",31150,492,108
1784983486,2026-07-25T12:44:46Z,AFR258,"48.380718,5.297217",31325,496,108
1784983518,2026-07-25T12:45:18Z,AFR258,"48.357468,5.401471",31650,498,108
1784983549,2026-07-25T12:45:49Z,AFR258,"48.334717,5.503235",32025,497,108
1784983580,2026-07-25T12:46:20Z,AFR258,"48.312012,5.60521",32425,496,108
1784983612,2026-07-25T12:46:52Z,AFR258,"48.288849,5.708595",32700,498,108
1784983643,2026-07-25T12:47:23Z,AFR258,"48.26606,5.809021",33025,498,108
1784983674,2026-07-25T12:47:54Z,AFR258,"48.242569,5.912616",33400,497,108
1784983706,2026-07-25T12:48:26Z,AFR258,"48.22039,6.014798",33775,497,105
1784983737,2026-07-25T12:48:57Z,AFR258,"48.202744,6.119244",34075,498,103
1784983768,2026-07-25T12:49:28Z,AFR258,"48.18557,6.225056",34300,500,103
1784983799,2026-07-25T12:49:59Z,AFR258,"48.168949,6.328125",34625,497,103
1784983830,2026-07-25T12:50:30Z,AFR258,"48.152191,6.432706",34900,497,103
1784983862,2026-07-25T12:51:02Z,AFR258,"48.135635,6.536797",35000,497,103
1784983893,2026-07-25T12:51:33Z,AFR258,"48.118488,6.643066",35000,498,103
1784983924,2026-07-25T12:52:04Z,AFR258,"48.101715,6.746086",35000,499,103
1784983956,2026-07-25T12:52:36Z,AFR258,"48.083668,6.851173",35000,498,107
1784983987,2026-07-25T12:53:07Z,AFR258,"48.05946,6.950191",35000,496,110
1784984018,2026-07-25T12:53:38Z,AFR258,"48.035206,7.050899",35000,500,109
1784984049,2026-07-25T12:54:09Z,AFR258,"48.011929,7.153438",35000,500,108
1784984080,2026-07-25T12:54:40Z,AFR258,"47.989071,7.254779",35000,500,108
1784984112,2026-07-25T12:55:12Z,AFR258,"47.965565,7.35753",35000,499,108
1784984143,2026-07-25T12:55:43Z,AFR258,"47.942413,7.457794",35000,500,109
1784984174,2026-07-25T12:56:14Z,AFR258,"47.918839,7.559418",35000,500,109
1784984205,2026-07-25T12:56:45Z,AFR258,"47.895317,7.660358",35000,499,109
1784984236,2026-07-25T12:57:16Z,AFR258,"47.87162,7.761489",35000,498,109
1784984267,2026-07-25T12:57:47Z,AFR258,"47.852692,7.864288",35000,503,100
1784984298,2026-07-25T12:58:18Z,AFR258,"47.838848,7.969384",35000,502,101
1784984329,2026-07-25T12:58:49Z,AFR258,"47.823952,8.074177",35000,504,102
1784984360,2026-07-25T12:59:20Z,AFR258,"47.809113,8.178017",35000,505,102
1784984391,2026-07-25T12:59:51Z,AFR258,"47.794296,8.28186",35000,506,102
1784984424,2026-07-25T13:00:24Z,AFR258,"47.778168,8.394173",35000,507,102
1784984454,2026-07-25T13:00:54Z,AFR258,"47.763062,8.498559",35000,507,102
1784984485,2026-07-25T13:01:25Z,AFR258,"47.747791,8.602436",35000,506,102
1784984516,2026-07-25T13:01:56Z,AFR258,"47.732243,8.708003",35000,506,102
1784984548,2026-07-25T13:02:28Z,AFR258,"47.716415,8.81488",35000,506,102
1784984581,2026-07-25T13:03:01Z,AFR258,"47.699703,8.926462",35000,507,102
1784984612,2026-07-25T13:03:32Z,AFR258,"47.684097,9.030075",35000,507,102
1784984642,2026-07-25T13:04:02Z,AFR258,"47.668076,9.135818",35000,507,102
1784984673,2026-07-25T13:04:33Z,AFR258,"47.652237,9.239845",35000,505,102
1784984705,2026-07-25T13:05:05Z,AFR258,"47.636169,9.344627",35000,506,102
1784984736,2026-07-25T13:05:36Z,AFR258,"47.619728,9.450777",35000,506,102
1784984767,2026-07-25T13:06:07Z,AFR258,"47.603622,9.554672",35000,506,103
1784984798,2026-07-25T13:06:38Z,AFR258,"47.587234,9.659517",35000,504,103
1784984829,2026-07-25T13:07:09Z,AFR258,"47.570938,9.762726",35000,504,103
1784984860,2026-07-25T13:07:40Z,AFR258,"47.554276,9.867906",35000,506,103
1784984891,2026-07-25T13:08:11Z,AFR258,"47.537468,9.973191",35000,506,103
1784984923,2026-07-25T13:08:43Z,AFR258,"47.52063,10.078308",35000,505,103
1784984954,2026-07-25T13:09:14Z,AFR258,"47.503601,10.183228",35000,506,103
1784984987,2026-07-25T13:09:47Z,AFR258,"47.485794,10.292747",35000,508,103
1784985020,2026-07-25T13:10:20Z,AFR258,"47.467621,10.403641",35000,509,103
1784985050,2026-07-25T13:10:50Z,AFR258,"47.450455,10.508217",35000,509,103
1784985082,2026-07-25T13:11:22Z,AFR258,"47.433014,10.613274",35000,509,103
1784985113,2026-07-25T13:11:53Z,AFR258,"47.415642,10.717444",35000,510,103
1784985144,2026-07-25T13:12:24Z,AFR258,"47.398277,10.820899",35000,510,103
1784985175,2026-07-25T13:12:55Z,AFR258,"47.380447,10.926467",35000,510,104
1784985208,2026-07-25T13:13:28Z,AFR258,"47.361145,11.036659",35000,504,104
1784985239,2026-07-25T13:13:59Z,AFR258,"47.343208,11.138376",35000,500,104
1784985270,2026-07-25T13:14:30Z,AFR258,"47.324726,11.241479",35000,502,104
1784985301,2026-07-25T13:15:01Z,AFR258,"47.306213,11.343933",35000,503,104
1784985332,2026-07-25T13:15:32Z,AFR258,"47.287529,11.445711",35000,500,105
1784985363,2026-07-25T13:16:03Z,AFR258,"47.26849,11.54987",35000,500,104
1784985394,2026-07-25T13:16:34Z,AFR258,"47.250103,11.65086",35000,500,105
1784985425,2026-07-25T13:17:05Z,AFR258,"47.231049,11.753723",35000,506,105
1784985456,2026-07-25T13:17:36Z,AFR258,"47.211929,11.856431",35000,510,105
1784985487,2026-07-25T13:18:07Z,AFR258,"47.192551,11.959305",35000,508,105
1784985518,2026-07-25T13:18:38Z,AFR258,"47.173096,12.06031",35000,508,105
1784985549,2026-07-25T13:19:09Z,AFR258,"47.153366,12.16271",35000,510,105
1784985580,2026-07-25T13:19:40Z,AFR258,"47.133453,12.266441",35000,511,105
1784985611,2026-07-25T13:20:11Z,AFR258,"47.113705,12.369619",35000,512,105
1784985642,2026-07-25T13:20:42Z,AFR258,"47.094013,12.473286",35000,514,105
1784985673,2026-07-25T13:21:13Z,AFR258,"47.073715,12.577766",35000,519,106
1784985704,2026-07-25T13:21:44Z,AFR258,"47.053371,12.683012",35000,516,105
1784985735,2026-07-25T13:22:15Z,AFR258,"47.032883,12.787468",35000,517,106
1784985766,2026-07-25T13:22:46Z,AFR258,"47.012054,12.89122",35000,515,106
1784985797,2026-07-25T13:23:17Z,AFR258,"46.991226,12.994925",35000,516,106
1784985829,2026-07-25T13:23:49Z,AFR258,"46.970276,13.099647",35000,516,106
1784985860,2026-07-25T13:24:20Z,AFR258,"46.949284,13.202749",35000,514,106
1784985891,2026-07-25T13:24:51Z,AFR258,"46.928242,13.305781",35000,512,106
1784985923,2026-07-25T13:25:23Z,AFR258,"46.907383,13.410503",35000,512,106
1784985954,2026-07-25T13:25:54Z,AFR258,"46.879669,13.511536",35000,507,114
1784985985,2026-07-25T13:26:25Z,AFR258,"46.850098,13.609247",35000,504,113
1784986017,2026-07-25T13:26:57Z,AFR258,"46.821262,13.707504",35000,505,113
1784986048,2026-07-25T13:27:28Z,AFR258,"46.792282,13.805125",35000,504,113
1784986079,2026-07-25T13:27:59Z,AFR258,"46.763351,13.901792",35000,506,113
1784986110,2026-07-25T13:28:30Z,AFR258,"46.734303,13.99823",35000,507,113
1784986141,2026-07-25T13:29:01Z,AFR258,"46.704575,14.096062",35000,508,114
1784986173,2026-07-25T13:29:33Z,AFR258,"46.673996,14.194269",35000,510,114
1784986204,2026-07-25T13:30:04Z,AFR258,"46.643948,14.290672",35000,508,114
1784986235,2026-07-25T13:30:35Z,AFR258,"46.613594,14.388107",35000,508,114
1784986266,2026-07-25T13:31:06Z,AFR258,"46.583633,14.483799",35000,510,114
1784986297,2026-07-25T13:31:37Z,AFR258,"46.553741,14.579125",35000,510,114
1784986328,2026-07-25T13:32:08Z,AFR258,"46.523163,14.676126",35000,511,114
1784986359,2026-07-25T13:32:39Z,AFR258,"46.492558,14.772903",35000,512,114
1784986392,2026-07-25T13:33:12Z,AFR258,"46.460358,14.87435",35000,512,114
1784986422,2026-07-25T13:33:42Z,AFR258,"46.429916,14.96981",35000,513,114
1784986454,2026-07-25T13:34:14Z,AFR258,"46.398834,15.066812",35000,513,114
1784986485,2026-07-25T13:34:45Z,AFR258,"46.367386,15.164683",35000,512,114
1784986516,2026-07-25T13:35:16Z,AFR258,"46.336121,15.261684",35000,514,115
1784986547,2026-07-25T13:35:47Z,AFR258,"46.304718,15.35882",35000,515,115
1784986578,2026-07-25T13:36:18Z,AFR258,"46.273438,15.454948",35000,518,115
1784986609,2026-07-25T13:36:49Z,AFR258,"46.241455,15.553139",35000,512,115
1784986640,2026-07-25T13:37:20Z,AFR258,"46.210464,15.647814",35000,514,115
1784986671,2026-07-25T13:37:51Z,AFR258,"46.17897,15.743542",35000,515,115
1784986703,2026-07-25T13:38:23Z,AFR258,"46.147156,15.840141",35000,518,115
1784986734,2026-07-25T13:38:54Z,AFR258,"46.114746,15.937946",35000,513,115
1784986765,2026-07-25T13:39:25Z,AFR258,"46.083038,16.033653",35000,515,115
1784986797,2026-07-25T13:39:57Z,AFR258,"46.050613,16.130676",35000,513,115
1784986828,2026-07-25T13:40:28Z,AFR258,"46.018284,16.227219",35000,514,115
1784986859,2026-07-25T13:40:59Z,AFR258,"45.986252,16.32267",35000,514,115
1784986891,2026-07-25T13:41:31Z,AFR258,"45.953842,16.4188",35000,512,115
1784986922,2026-07-25T13:42:02Z,AFR258,"45.921268,16.51506",35000,513,115
1784986953,2026-07-25T13:42:33Z,AFR258,"45.88884,16.610525",35000,515,115
1784986984,2026-07-25T13:43:04Z,AFR258,"45.855583,16.708145",35000,520,115
1784987016,2026-07-25T13:43:36Z,AFR258,"45.822464,16.804996",35000,522,116
1784987047,2026-07-25T13:44:07Z,AFR258,"45.789642,16.900455",35000,523,116
1784987078,2026-07-25T13:44:38Z,AFR258,"45.755775,16.998802",35000,524,116
1784987110,2026-07-25T13:45:10Z,AFR258,"45.722534,17.09486",35000,525,116
1784987141,2026-07-25T13:45:41Z,AFR258,"45.687881,17.194675",35000,524,116
1784987172,2026-07-25T13:46:12Z,AFR258,"45.654877,17.289331",35000,523,116
1784987203,2026-07-25T13:46:43Z,AFR258,"45.621658,17.384354",35000,524,116
1784987235,2026-07-25T13:47:15Z,AFR258,"45.587219,17.482464",35000,524,116
1784987267,2026-07-25T13:47:47Z,AFR258,"45.552807,17.580185",35000,525,116
1784987298,2026-07-25T13:48:18Z,AFR258,"45.51836,17.677538",35000,527,116
1784987329,2026-07-25T13:48:49Z,AFR258,"45.484238,17.773802",35000,527,116
1784987361,2026-07-25T13:49:21Z,AFR258,"45.449463,17.87154",35000,528,116
1784987392,2026-07-25T13:49:52Z,AFR258,"45.415054,17.967617",35000,527,116
1784987424,2026-07-25T13:50:24Z,AFR258,"45.379715,18.066101",35000,527,117
1784987455,2026-07-25T13:50:55Z,AFR258,"45.34528,18.161739",35000,528,117
1784987486,2026-07-25T13:51:26Z,AFR258,"45.310131,18.259077",35000,526,117
1784987518,2026-07-25T13:51:58Z,AFR258,"45.275448,18.354805",35000,527,117
1784987549,2026-07-25T13:52:29Z,AFR258,"45.240303,18.451471",35000,527,117
1784987580,2026-07-25T13:53:00Z,AFR258,"45.205341,18.547199",35000,528,117
1784987613,2026-07-25T13:53:33Z,AFR258,"45.169327,18.645304",35000,530,117
1784987644,2026-07-25T13:54:04Z,AFR258,"45.134033,18.741302",35000,532,117
1784987675,2026-07-25T13:54:35Z,AFR258,"45.098511,18.837629",35000,530,117
1784987707,2026-07-25T13:55:07Z,AFR258,"45.062286,18.935339",35000,529,117
1784987739,2026-07-25T13:55:39Z,AFR258,"45.025681,19.033878",35000,530,117
1784987770,2026-07-25T13:56:10Z,AFR258,"44.989803,19.130011",35000,532,117
1784987802,2026-07-25T13:56:42Z,AFR258,"44.953949,19.225813",35000,533,117
1784987833,2026-07-25T13:57:13Z,AFR258,"44.917648,19.322531",35000,534,117
1784987864,2026-07-25T13:57:44Z,AFR258,"44.881618,19.418068",35000,533,117
1784987896,2026-07-25T13:58:16Z,AFR258,"44.845402,19.513729",35000,532,118
1784987928,2026-07-25T13:58:48Z,AFR258,"44.808018,19.612204",35000,532,118
1784987959,2026-07-25T13:59:19Z,AFR258,"44.771347,19.708426",35000,534,118
1784987991,2026-07-25T13:59:51Z,AFR258,"44.734978,19.803659",35000,536,118
1784988022,2026-07-25T14:00:22Z,AFR258,"44.69783,19.900492",35000,537,118
1784988054,2026-07-25T14:00:54Z,AFR258,"44.66082,19.996592",35000,538,118
1784988085,2026-07-25T14:01:25Z,AFR258,"44.624222,20.091312",35000,540,118
1784988116,2026-07-25T14:01:56Z,AFR258,"44.587036,20.187311",35000,540,118
1784988147,2026-07-25T14:02:27Z,AFR258,"44.549561,20.283642",35000,538,118
1784988178,2026-07-25T14:02:58Z,AFR258,"44.512226,20.379303",35000,538,118
1784988210,2026-07-25T14:03:30Z,AFR258,"44.474937,20.474361",35000,538,118
1784988241,2026-07-25T14:04:01Z,AFR258,"44.437546,20.569742",35000,539,118
1784988272,2026-07-25T14:04:32Z,AFR258,"44.400192,20.664433",35000,536,118
1784988304,2026-07-25T14:05:04Z,AFR258,"44.362518,20.759583",35000,534,118
1784988335,2026-07-25T14:05:35Z,AFR258,"44.325577,20.852509",35000,534,118
1784988367,2026-07-25T14:06:07Z,AFR258,"44.286575,20.950535",35000,532,119
1784988399,2026-07-25T14:06:39Z,AFR258,"44.248306,21.046339",35000,533,119
1784988431,2026-07-25T14:07:11Z,AFR258,"44.210999,21.13933",35000,533,119
1784988462,2026-07-25T14:07:42Z,AFR258,"44.172729,21.234528",35000,535,119
1784988494,2026-07-25T14:08:14Z,AFR258,"44.13427,21.32976",35000,536,119
1784988526,2026-07-25T14:08:46Z,AFR258,"44.095688,21.424936",35000,538,119
1784988558,2026-07-25T14:09:18Z,AFR258,"44.056248,21.52202",35000,539,119
1784988590,2026-07-25T14:09:50Z,AFR258,"44.017273,21.61758",35000,539,119
1784988621,2026-07-25T14:10:21Z,AFR258,"43.977852,21.713823",35000,539,119
1784988654,2026-07-25T14:10:54Z,AFR258,"43.938492,21.809778",35000,540,119
1784988686,2026-07-25T14:11:26Z,AFR258,"43.899086,21.905365",35000,540,119
1784988717,2026-07-25T14:11:57Z,AFR258,"43.859657,22.000841",35000,539,119
1784988749,2026-07-25T14:12:29Z,AFR258,"43.820892,22.094208",35000,540,119
1784988780,2026-07-25T14:13:00Z,AFR258,"43.781525,22.188869",35000,542,119
1784988811,2026-07-25T14:13:31Z,AFR258,"43.744022,22.283346",35000,540,116
1784988843,2026-07-25T14:14:03Z,AFR258,"43.713547,22.382025",35000,536,110
1784988874,2026-07-25T14:14:34Z,AFR258,"43.690247,22.483202",35000,532,105
1784988905,2026-07-25T14:15:05Z,AFR258,"43.673912,22.585863",35000,527,99
1784988936,2026-07-25T14:15:36Z,AFR258,"43.664246,22.689003",35000,524,95
1784988968,2026-07-25T14:16:08Z,AFR258,"43.655823,22.793629",35000,525,96
1784988999,2026-07-25T14:16:39Z,AFR258,"43.646942,22.897488",35000,524,96
1784989030,2026-07-25T14:17:10Z,AFR258,"43.638069,23.002625",35000,523,96
1784989062,2026-07-25T14:17:42Z,AFR258,"43.62941,23.105526",35000,524,96
1784989093,2026-07-25T14:18:13Z,AFR258,"43.620575,23.208937",35000,524,96
1784989125,2026-07-25T14:18:45Z,AFR258,"43.611485,23.314493",35000,524,96
1784989156,2026-07-25T14:19:16Z,AFR258,"43.602539,23.417103",35000,525,96
1784989188,2026-07-25T14:19:48Z,AFR258,"43.593193,23.523428",35000,526,96
1784989219,2026-07-25T14:20:19Z,AFR258,"43.584064,23.623285",35000,527,96
1784989250,2026-07-25T14:20:50Z,AFR258,"43.57457,23.728096",35000,524,97
1784989282,2026-07-25T14:21:22Z,AFR258,"43.565205,23.832047",35000,525,97
1784989313,2026-07-25T14:21:53Z,AFR258,"43.555771,23.935593",35000,523,97
1784989344,2026-07-25T14:22:24Z,AFR258,"43.546223,24.038897",35000,522,97
1784989376,2026-07-25T14:22:56Z,AFR258,"43.536461,24.142603",35000,524,97
1784989408,2026-07-25T14:23:28Z,AFR258,"43.526562,24.24741",35000,520,97
1784989439,2026-07-25T14:23:59Z,AFR258,"43.516712,24.350302",35000,518,97
1784989470,2026-07-25T14:24:30Z,AFR258,"43.506905,24.452555",35000,520,97
1784989502,2026-07-25T14:25:02Z,AFR258,"43.496941,24.555046",35000,518,97
1784989533,2026-07-25T14:25:33Z,AFR258,"43.486984,24.656929",35000,518,97
1784989565,2026-07-25T14:26:05Z,AFR258,"43.476814,24.760485",35000,518,97
1784989596,2026-07-25T14:26:36Z,AFR258,"43.466534,24.863415",35000,518,97
1784989628,2026-07-25T14:27:08Z,AFR258,"43.456276,24.966387",35000,517,97
1784989659,2026-07-25T14:27:39Z,AFR258,"43.445877,25.068573",35000,520,97
1784989690,2026-07-25T14:28:10Z,AFR258,"43.435429,25.170832",35000,524,98
1784989722,2026-07-25T14:28:42Z,AFR258,"43.42461,25.274759",35000,525,98
1784989754,2026-07-25T14:29:14Z,AFR258,"43.413589,25.378826",35000,522,98
1784989785,2026-07-25T14:29:45Z,AFR258,"43.402477,25.482138",35000,520,98
1784989817,2026-07-25T14:30:17Z,AFR258,"43.391361,25.586199",35000,520,98
1784989849,2026-07-25T14:30:49Z,AFR258,"43.38002,25.689989",35000,521,98
1784989880,2026-07-25T14:31:20Z,AFR258,"43.368889,25.792627",35000,521,98
1784989912,2026-07-25T14:31:52Z,AFR258,"43.357506,25.896116",35000,521,98
1784989943,2026-07-25T14:32:23Z,AFR258,"43.346199,25.998112",35000,519,98
1784989975,2026-07-25T14:32:55Z,AFR258,"43.334621,26.102133",35000,518,98
1784990007,2026-07-25T14:33:27Z,AFR258,"43.323063,26.205435",35000,518,98
1784990039,2026-07-25T14:33:59Z,AFR258,"43.311153,26.31082",35000,519,98
1784990071,2026-07-25T14:34:31Z,AFR258,"43.299431,26.413605",35000,524,98
1784990103,2026-07-25T14:35:03Z,AFR258,"43.287464,26.517668",35000,526,98
1784990134,2026-07-25T14:35:34Z,AFR258,"43.275463,26.620941",35000,527,99
1784990166,2026-07-25T14:36:06Z,AFR258,"43.263176,26.726349",35000,525,99
1784990198,2026-07-25T14:36:38Z,AFR258,"43.251068,26.829571",35000,521,99
1784990229,2026-07-25T14:37:09Z,AFR258,"43.238876,26.9319",35000,520,99
1784990261,2026-07-25T14:37:41Z,AFR258,"43.226585,27.034124",35000,522,99
1784990293,2026-07-25T14:38:13Z,AFR258,"43.214108,27.138052",35000,524,99
1784990324,2026-07-25T14:38:44Z,AFR258,"43.201397,27.242537",35000,525,99
1784990356,2026-07-25T14:39:16Z,AFR258,"43.188904,27.345156",35000,523,99
1784990388,2026-07-25T14:39:48Z,AFR258,"43.176044,27.449255",35000,522,99
1784990419,2026-07-25T14:40:19Z,AFR258,"43.163513,27.550697",35000,520,99
1784990451,2026-07-25T14:40:51Z,AFR258,"43.150604,27.653723",35000,518,99
1784990483,2026-07-25T14:41:23Z,AFR258,"43.137852,27.7556",35000,518,99
1784990514,2026-07-25T14:41:54Z,AFR258,"43.12524,27.856676",35000,518,99
1784990546,2026-07-25T14:42:26Z,AFR258,"43.112003,27.958427",35000,519,99
1784990578,2026-07-25T14:42:58Z,AFR258,"43.09864,28.062078",35000,520,99
1784990609,2026-07-25T14:43:29Z,AFR258,"43.085426,28.163605",35000,521,99
1784990640,2026-07-25T14:44:00Z,AFR258,"43.072121,28.265493",35000,520,100
1784990673,2026-07-25T14:44:33Z,AFR258,"43.058407,28.368746",35000,520,100
1784990704,2026-07-25T14:45:04Z,AFR258,"43.044838,28.469452",35000,520,100
1784990735,2026-07-25T14:45:35Z,AFR258,"43.03104,28.570873",35000,518,100
1784990767,2026-07-25T14:46:07Z,AFR258,"43.017147,28.672831",35000,516,100
1784990798,2026-07-25T14:46:38Z,AFR258,"43.003571,28.772392",35025,514,100
1784990830,2026-07-25T14:47:10Z,AFR258,"42.989792,28.873901",35000,513,100
1784990862,2026-07-25T14:47:42Z,AFR258,"42.975883,28.976015",35000,514,100
1784990894,2026-07-25T14:48:14Z,AFR258,"42.96204,29.07704",35000,514,100
1784990925,2026-07-25T14:48:45Z,AFR258,"42.948246,29.177238",35000,514,100
1784990957,2026-07-25T14:49:17Z,AFR258,"42.934273,29.276949",35000,515,100
1784990988,2026-07-25T14:49:48Z,AFR258,"42.92017,29.376493",35000,516,100
1784991020,2026-07-25T14:50:20Z,AFR258,"42.905933,29.477982",35000,522,100
1784991051,2026-07-25T14:50:51Z,AFR258,"42.891651,29.576508",35000,510,101
1784991083,2026-07-25T14:51:23Z,AFR258,"42.877167,29.676495",35000,507,101
1784991114,2026-07-25T14:51:54Z,AFR258,"42.862785,29.775295",35000,508,101
1784991145,2026-07-25T14:52:25Z,AFR258,"42.84856,29.872536",35000,507,101
1784991177,2026-07-25T14:52:57Z,AFR258,"42.833965,29.971706",35000,505,101
1784991209,2026-07-25T14:53:29Z,AFR258,"42.819324,30.070127",35000,512,101
1784991241,2026-07-25T14:54:01Z,AFR258,"42.804012,30.172354",35000,509,101
1784991273,2026-07-25T14:54:33Z,AFR258,"42.789139,30.2712",35000,505,101
1784991304,2026-07-25T14:55:04Z,AFR258,"42.774345,30.368612",35000,503,101
1784991321,2026-07-25T14:55:21Z,AFR258,"42.766243,30.421324",35000,400,96
1784991323,2026-07-25T14:55:23Z,AFR258,"42.765495,30.426464",35000,509,101
1784991325,2026-07-25T14:55:25Z,AFR258,"42.764515,30.433287",35000,507,101
1784991328,2026-07-25T14:55:28Z,AFR258,"42.762981,30.445002",35000,504,13
1784991331,2026-07-25T14:55:31Z,AFR258,"42.761959,30.450043",35000,504,13
1784991333,2026-07-25T14:55:33Z,AFR258,"42.761055,30.457052",35000,529,99
1784991335,2026-07-25T14:55:35Z,AFR258,"42.760044,30.463211",35000,510,100
1784991337,2026-07-25T14:55:37Z,AFR258,"42.759022,30.469858",35000,512,101
1784991339,2026-07-25T14:55:39Z,AFR258,"42.758022,30.476786",35000,90,108
1784991341,2026-07-25T14:55:41Z,AFR258,"42.756958,30.482956",35000,360,103
1784991343,2026-07-25T14:55:43Z,AFR258,"42.756138,30.48995",35000,370,100
1784991345,2026-07-25T14:55:45Z,AFR258,"42.75507,30.496185",35000,508,101
1784991348,2026-07-25T14:55:48Z,AFR258,"42.753971,30.502438",35000,498,102
1784991350,2026-07-25T14:55:50Z,AFR258,"42.752872,30.508257",35000,240,107
1784991352,2026-07-25T14:55:52Z,AFR258,"42.751991,30.515366",35000,497,102
1784991354,2026-07-25T14:55:54Z,AFR258,"42.751041,30.522625",35000,518,100
1784991356,2026-07-25T14:55:56Z,AFR258,"42.750153,30.528238",35000,507,101
1784991358,2026-07-25T14:55:58Z,AFR258,"42.749058,30.534954",35000,506,101
1784991360,2026-07-25T14:56:00Z,AFR258,"42.748047,30.541443",35000,505,101
1784991362,2026-07-25T14:56:02Z,AFR258,"42.747082,30.547926",35000,300,101
1784991364,2026-07-25T14:56:04Z,AFR258,"42.7458,30.554901",35000,491,103
1784991366,2026-07-25T14:56:06Z,AFR258,"42.74485,30.561579",35000,507,102
1784991369,2026-07-25T14:56:09Z,AFR258,"42.743919,30.567808",35000,510,101
1784991371,2026-07-25T14:56:11Z,AFR258,"42.742973,30.574203",35000,508,101
1784991373,2026-07-25T14:56:13Z,AFR258,"42.741985,30.580603",35000,507,101
1784991375,2026-07-25T14:56:15Z,AFR258,"42.740917,30.587215",35000,505,101
1784991377,2026-07-25T14:56:17Z,AFR258,"42.739834,30.593687",35000,502,102
1784991379,2026-07-25T14:56:19Z,AFR258,"42.73885,30.600266",35000,504,102
1784991391,2026-07-25T14:56:31Z,AFR258,"42.732635,30.640011",35000,517,102
1784991393,2026-07-25T14:56:33Z,AFR258,"42.731731,30.644968",35000,511,102
1784991396,2026-07-25T14:56:36Z,AFR258,"42.730568,30.652128",35000,513,102
1784991400,2026-07-25T14:56:40Z,AFR258,"42.728237,30.664511",35000,90,88
1784991402,2026-07-25T14:56:42Z,AFR258,"42.726974,30.670406",35000,270,107
1784991404,2026-07-25T14:56:44Z,AFR258,"42.725761,30.67716",35000,260,100
1784991406,2026-07-25T14:56:46Z,AFR258,"42.723564,30.685753",35000,570,108
1784991408,2026-07-25T14:56:48Z,AFR258,"42.723042,30.690157",35000,310,106
1784991410,2026-07-25T14:56:50Z,AFR258,"42.721748,30.696798",35000,502,105
1784991412,2026-07-25T14:56:52Z,AFR258,"42.720455,30.703012",35000,504,105
1784991415,2026-07-25T14:56:55Z,AFR258,"42.718807,30.709917",35000,330,110
1784991417,2026-07-25T14:56:57Z,AFR258,"42.717865,30.716883",35000,270,109
1784991419,2026-07-25T14:56:59Z,AFR258,"42.715633,30.724382",35000,310,107
1784991421,2026-07-25T14:57:01Z,AFR258,"42.714619,30.731619",35000,550,104
1784991423,2026-07-25T14:57:03Z,AFR258,"42.713264,30.736418",35000,310,109
1784991426,2026-07-25T14:57:06Z,AFR258,"42.71183,30.744295",35000,260,113
1784991428,2026-07-25T14:57:08Z,AFR258,"42.71051,30.750065",35000,280,107
1784991430,2026-07-25T14:57:10Z,AFR258,"42.709286,30.756063",35000,290,106
1784991432,2026-07-25T14:57:12Z,AFR258,"42.708012,30.762453",35000,504,105
1784991434,2026-07-25T14:57:14Z,AFR258,"42.706688,30.768854",35000,506,105
1784991436,2026-07-25T14:57:16Z,AFR258,"42.705555,30.773941",35000,180,110
1784991438,2026-07-25T14:57:18Z,AFR258,"42.7038,30.782106",35000,509,106
1784991440,2026-07-25T14:57:20Z,AFR258,"42.702446,30.788635",35000,504,105
1784991443,2026-07-25T14:57:23Z,AFR258,"42.701164,30.795357",35000,511,105
1784991445,2026-07-25T14:57:25Z,AFR258,"42.699986,30.801273",35000,180,117
1784991447,2026-07-25T14:57:27Z,AFR258,"42.697994,30.80831",35000,740,38
1784991450,2026-07-25T14:57:30Z,AFR258,"42.362766,30.643686",35000,740,200
1784991471,2026-07-25T14:57:51Z,AFR258,"42.683826,30.881477",35000,526,104
1784991473,2026-07-25T14:57:53Z,AFR258,"42.682663,30.8864",35000,170,111
1784991475,2026-07-25T14:57:55Z,AFR258,"42.681297,30.893679",35000,440,104
1784991477,2026-07-25T14:57:57Z,AFR258,"42.680218,30.899595",35000,290,105
1784991479,2026-07-25T14:57:59Z,AFR258,"42.678959,30.905548",35000,240,108
1784991481,2026-07-25T14:58:01Z,AFR258,"42.677418,30.914288",35000,510,104
1784991483,2026-07-25T14:58:03Z,AFR258,"42.676117,30.921036",35000,503,104
1784991486,2026-07-25T14:58:06Z,AFR258,"42.674839,30.930553",35000,330,95
1784991491,2026-07-25T14:58:11Z,AFR258,"42.67218,30.943726",35000,200,24
1784991493,2026-07-25T14:58:13Z,AFR258,"42.67033,30.947586",35000,180,110
1784991495,2026-07-25T14:58:15Z,AFR258,"42.669254,30.954281",35000,290,99
1784991499,2026-07-25T14:58:19Z,AFR258,"42.666775,30.966982",35000,580,25
1784991502,2026-07-25T14:58:22Z,AFR258,"42.665245,30.977486",35000,180,95
1784991504,2026-07-25T14:58:24Z,AFR258,"42.66465,30.989601",35000,840,60
1784991506,2026-07-25T14:58:26Z,AFR258,"42.661911,30.989838",35000,310,103
1784991508,2026-07-25T14:58:28Z,AFR258,"42.66132,30.995731",35000,280,120
1784991510,2026-07-25T14:58:30Z,AFR258,"42.659576,31.002207",35000,140,153
1784991517,2026-07-25T14:58:37Z,AFR258,"42.655914,31.021072",35000,250,118
1784991519,2026-07-25T14:58:39Z,AFR258,"42.655075,31.029337",35000,190,99
1784991521,2026-07-25T14:58:41Z,AFR258,"42.653908,31.035643",35000,546,101
1784991523,2026-07-25T14:58:43Z,AFR258,"42.652065,31.043825",35000,516,103
1784991525,2026-07-25T14:58:45Z,AFR258,"42.651272,31.047867",35000,512,104
1784991529,2026-07-25T14:58:49Z,AFR258,"42.649105,31.056686",35000,460,210
1784991531,2026-07-25T14:58:51Z,AFR258,"42.647659,31.065035",35000,220,104
1784991533,2026-07-25T14:58:53Z,AFR258,"42.646759,31.071308",35000,260,94
1784991535,2026-07-25T14:58:55Z,AFR258,"42.645004,31.076254",35000,130,111
1784991537,2026-07-25T14:58:57Z,AFR258,"42.643951,31.084221",35000,511,104
1784991540,2026-07-25T14:59:00Z,AFR258,"42.642372,31.091246",35000,499,105
1784991542,2026-07-25T14:59:02Z,AFR258,"42.641041,31.098925",35000,506,104
1784991544,2026-07-25T14:59:04Z,AFR258,"42.639397,31.10681",35000,502,104
1784991546,2026-07-25T14:59:06Z,AFR258,"42.638287,31.112494",35000,504,105
1784991549,2026-07-25T14:59:09Z,AFR258,"42.636692,31.120108",35000,502,105
1784991552,2026-07-25T14:59:12Z,AFR258,"42.634144,31.129969",35000,290,101
1784991554,2026-07-25T14:59:14Z,AFR258,"42.632988,31.137121",35000,150,140
1784991557,2026-07-25T14:59:17Z,AFR258,"42.631752,31.143805",35000,570,96
1784991559,2026-07-25T14:59:19Z,AFR258,"42.630642,31.148705",35000,290,100
1784991562,2026-07-25T14:59:22Z,AFR258,"42.628876,31.157297",35000,240,102
1784991565,2026-07-25T14:59:25Z,AFR258,"42.626537,31.171007",35000,280,104
1784991567,2026-07-25T14:59:27Z,AFR258,"42.625713,31.174528",35000,130,103
1784991569,2026-07-25T14:59:29Z,AFR258,"42.630676,31.207771",35000,510,74
1784991576,2026-07-25T14:59:36Z,AFR258,"42.619946,31.204224",35000,440,88
1784991578,2026-07-25T14:59:38Z,AFR258,"42.618561,31.208405",35000,280,127
1784991580,2026-07-25T14:59:40Z,AFR258,"42.617199,31.215727",35000,400,104
1784991583,2026-07-25T14:59:43Z,AFR258,"42.609509,31.218534",35000,930,166
1784991587,2026-07-25T14:59:47Z,AFR258,"42.61393,31.236374",35000,300,98
1784991589,2026-07-25T14:59:49Z,AFR258,"42.612068,31.242119",35000,330,113
1784991591,2026-07-25T14:59:51Z,AFR258,"42.610706,31.248051",35000,380,109
1784991593,2026-07-25T14:59:53Z,AFR258,"42.609768,31.25433",35000,270,114
1784991595,2026-07-25T14:59:55Z,AFR258,"42.608276,31.259979",35000,180,105
1784991598,2026-07-25T14:59:58Z,AFR258,"42.606636,31.265129",35000,180,210
1784991602,2026-07-25T15:00:02Z,AFR258,"42.43935,31.146997",35000,180,209
1784991605,2026-07-25T15:00:05Z,AFR258,"42.370075,31.100533",35000,180,206
1784991625,2026-07-25T15:00:25Z,AFR258,"42.589104,31.353893",35000,460,105
1784991628,2026-07-25T15:00:28Z,AFR258,"42.58815,31.359068",35000,270,106
1784991630,2026-07-25T15:00:30Z,AFR258,"42.58662,31.366871",35000,420,104
1784991650,2026-07-25T15:00:50Z,AFR258,"42.574699,31.428959",35000,525,102
1784991652,2026-07-25T15:00:52Z,AFR258,"42.573399,31.43313",35000,515,104
1784991654,2026-07-25T15:00:54Z,AFR258,"42.572052,31.44026",35000,509,104
1784991656,2026-07-25T15:00:56Z,AFR258,"42.571007,31.445852",35000,511,104
1784991658,2026-07-25T15:00:58Z,AFR258,"42.569889,31.451359",35000,509,104
1784991661,2026-07-25T15:01:01Z,AFR258,"42.567024,31.464254",35000,440,103
1784991664,2026-07-25T15:01:04Z,AFR258,"42.565918,31.466848",35000,160,119
1784991666,2026-07-25T15:01:06Z,AFR258,"42.564709,31.47541",35000,290,112
1784991668,2026-07-25T15:01:08Z,AFR258,"42.562859,31.479858",35000,270,119
1784991670,2026-07-25T15:01:10Z,AFR258,"42.56184,31.488392",35000,610,91
1784991672,2026-07-25T15:01:12Z,AFR258,"42.560608,31.497314",35000,480,100
1784991676,2026-07-25T15:01:16Z,AFR258,"42.558231,31.506304",35000,470,106
1784991680,2026-07-25T15:01:20Z,AFR258,"42.551437,31.51457",35000,400,138
1784991684,2026-07-25T15:01:24Z,AFR258,"42.550514,31.53138",35000,530,94
1784991686,2026-07-25T15:01:26Z,AFR258,"42.551968,31.540426",35000,510,77
1784991690,2026-07-25T15:01:30Z,AFR258,"42.549099,31.550474",35000,488,111
1784991692,2026-07-25T15:01:32Z,AFR258,"42.548317,31.555719",35000,508,108
1784991694,2026-07-25T15:01:34Z,AFR258,"42.547298,31.561075",35000,210,106
1784991696,2026-07-25T15:01:36Z,AFR258,"42.545116,31.56562",35000,310,121
1784991698,2026-07-25T15:01:38Z,AFR258,"42.542248,31.5718",35000,380,122
1784991703,2026-07-25T15:01:43Z,AFR258,"42.541317,31.589365",35000,558,105
1784991705,2026-07-25T15:01:45Z,AFR258,"42.540207,31.593809",35000,532,105
1784991707,2026-07-25T15:01:47Z,AFR258,"42.538658,31.602646",35000,520,103
1784991709,2026-07-25T15:01:49Z,AFR258,"42.53717,31.608936",35000,380,105
1784991712,2026-07-25T15:01:52Z,AFR258,"42.535725,31.616123",35000,524,105
1784991714,2026-07-25T15:01:54Z,AFR258,"42.5341,31.624569",35000,514,105
1784991716,2026-07-25T15:01:56Z,AFR258,"42.532669,31.629229",35000,487,106
1784991721,2026-07-25T15:02:01Z,AFR258,"42.529739,31.643534",35000,497,106
1784991724,2026-07-25T15:02:04Z,AFR258,"42.528255,31.651121",35000,507,106
1784991726,2026-07-25T15:02:06Z,AFR258,"42.526848,31.658707",35000,511,105
1784991763,2026-07-25T15:02:43Z,AFR258,"42.498779,31.766333",35000,460,116
1784991765,2026-07-25T15:02:45Z,AFR258,"42.501869,31.777901",35000,390,94
1784991767,2026-07-25T15:02:47Z,AFR258,"42.501068,31.785757",35000,622,100
1784991771,2026-07-25T15:02:51Z,AFR258,"42.499149,31.796074",35000,561,101
1784991773,2026-07-25T15:02:53Z,AFR258,"42.497662,31.803848",35000,546,102
1784991775,2026-07-25T15:02:55Z,AFR258,"42.496655,31.809004",35000,544,102
1784991779,2026-07-25T15:02:59Z,AFR258,"42.492954,31.82254",35000,470,108
1784991781,2026-07-25T15:03:01Z,AFR258,"42.492977,31.827948",35000,320,89
1784991785,2026-07-25T15:03:05Z,AFR258,"42.489677,31.841686",35000,520,106
1784991787,2026-07-25T15:03:07Z,AFR258,"42.488216,31.845623",35000,250,116
1784991790,2026-07-25T15:03:10Z,AFR258,"42.486794,31.853281",35000,290,112
1784991792,2026-07-25T15:03:12Z,AFR258,"42.48563,31.858936",35000,200,89
1784991794,2026-07-25T15:03:14Z,AFR258,"42.484409,31.866146",35000,200,93
1784991796,2026-07-25T15:03:16Z,AFR258,"42.482224,31.87604",35000,520,102
1784991798,2026-07-25T15:03:18Z,AFR258,"42.480915,31.881439",35000,860,65
1784991800,2026-07-25T15:03:20Z,AFR258,"42.479973,31.887131",35000,340,102
1784991802,2026-07-25T15:03:22Z,AFR258,"42.477684,31.895296",35000,629,118
1784991804,2026-07-25T15:03:24Z,AFR258,"42.477619,31.898371",35000,170,91
1784991807,2026-07-25T15:03:27Z,AFR258,"42.476482,31.904337",35000,100,111
1784991809,2026-07-25T15:03:29Z,AFR258,"42.4753,31.911039",35000,70,52
1784991812,2026-07-25T15:03:32Z,AFR258,"42.472076,31.920912",35000,360,124
1784991815,2026-07-25T15:03:35Z,AFR258,"42.47039,31.932642",35000,499,105
1784991818,2026-07-25T15:03:38Z,AFR258,"42.469345,31.940298",35000,430,100
1784991821,2026-07-25T15:03:41Z,AFR258,"42.467934,31.947481",35000,360,98
1784991823,2026-07-25T15:03:43Z,AFR258,"42.465908,31.954027",35000,410,112
1784991825,2026-07-25T15:03:45Z,AFR258,"42.464481,31.960184",35000,512,141
1784991827,2026-07-25T15:03:47Z,AFR258,"42.463253,31.967405",35000,290,106
1784991829,2026-07-25T15:03:49Z,AFR258,"42.461914,31.974571",35000,499,104
1784991831,2026-07-25T15:03:51Z,AFR258,"42.460732,31.979177",35000,505,106
1784991833,2026-07-25T15:03:53Z,AFR258,"42.458973,31.987314",35000,430,105
1784991836,2026-07-25T15:03:56Z,AFR258,"42.457672,31.99209",35000,150,117
1784991838,2026-07-25T15:03:58Z,AFR258,"42.45752,31.99905",35000,330,85
1784991841,2026-07-25T15:04:01Z,AFR258,"42.455765,32.009033",35000,370,89
1784991844,2026-07-25T15:04:04Z,AFR258,"42.452232,32.015385",35000,450,126
1784991846,2026-07-25T15:04:06Z,AFR258,"42.451614,32.02227",35000,300,106
1784991848,2026-07-25T15:04:08Z,AFR258,"42.450405,32.028629",35000,110,115
1784991850,2026-07-25T15:04:10Z,AFR258,"42.448849,32.035347",35000,360,107
1784991853,2026-07-25T15:04:13Z,AFR258,"42.446583,32.045238",35000,250,110
1784991855,2026-07-25T15:04:15Z,AFR258,"42.445339,32.052856",35000,410,105
1784991857,2026-07-25T15:04:17Z,AFR258,"42.444038,32.058933",35000,330,102
1784991860,2026-07-25T15:04:20Z,AFR258,"42.442799,32.065075",35000,350,105
1784991862,2026-07-25T15:04:22Z,AFR258,"42.44133,32.071838",35000,280,100
1784991864,2026-07-25T15:04:24Z,AFR258,"42.440483,32.076374",35000,80,63
1784991866,2026-07-25T15:04:26Z,AFR258,"42.438919,32.082958",35000,502,106
1784991868,2026-07-25T15:04:28Z,AFR258,"42.437599,32.089172",35000,501,106
1784991870,2026-07-25T15:04:30Z,AFR258,"42.436069,32.093895",35000,180,131
1784991872,2026-07-25T15:04:32Z,AFR258,"42.435177,32.102047",35000,200,101
1784991874,2026-07-25T15:04:34Z,AFR258,"42.433723,32.108345",35000,501,105
1784991876,2026-07-25T15:04:36Z,AFR258,"42.432095,32.11467",35000,370,109
1784991879,2026-07-25T15:04:39Z,AFR258,"42.430626,32.123554",35000,500,98
1784991881,2026-07-25T15:04:41Z,AFR258,"42.429703,32.126823",35000,190,111
1784991884,2026-07-25T15:04:44Z,AFR258,"42.427559,32.136719",35000,472,123
1784991886,2026-07-25T15:04:46Z,AFR258,"42.426014,32.143909",35000,360,108
1784991888,2026-07-25T15:04:48Z,AFR258,"42.425392,32.149433",35000,180,88
1784991890,2026-07-25T15:04:50Z,AFR258,"42.423397,32.155762",35000,330,106
1784991892,2026-07-25T15:04:52Z,AFR258,"42.422131,32.16177",35000,120,105
1784991895,2026-07-25T15:04:55Z,AFR258,"42.421307,32.170422",35000,330,99
1784991897,2026-07-25T15:04:57Z,AFR258,"42.419662,32.178207",35000,220,79
1784991899,2026-07-25T15:04:59Z,AFR258,"42.417557,32.184761",35000,230,111
1784991902,2026-07-25T15:05:02Z,AFR258,"42.415901,32.193085",35000,440,108
1784991904,2026-07-25T15:05:04Z,AFR258,"42.415386,32.196629",35000,210,101
1784991906,2026-07-25T15:05:06Z,AFR258,"42.413857,32.202488",35000,10,108
1784991908,2026-07-25T15:05:08Z,AFR258,"42.413078,32.208591",35000,220,98
1784991910,2026-07-25T15:05:10Z,AFR258,"42.411221,32.215328",35000,340,106
1784991912,2026-07-25T15:05:12Z,AFR258,"42.409863,32.221622",35000,501,107
1784991914,2026-07-25T15:05:14Z,AFR258,"42.408367,32.227787",35000,120,120
1784991916,2026-07-25T15:05:16Z,AFR258,"42.407616,32.234516",35000,310,90
1784991919,2026-07-25T15:05:19Z,AFR258,"42.406288,32.240246",35000,486,102
1784991921,2026-07-25T15:05:21Z,AFR258,"42.40451,32.247345",35000,509,106
1784991923,2026-07-25T15:05:23Z,AFR258,"42.402641,32.255241",35000,486,106
1784991925,2026-07-25T15:05:25Z,AFR258,"42.401207,32.261639",35000,501,106
1784991927,2026-07-25T15:05:27Z,AFR258,"42.400074,32.267166",35000,504,106
1784991929,2026-07-25T15:05:29Z,AFR258,"42.398518,32.273525",35000,508,107
1784991931,2026-07-25T15:05:31Z,AFR258,"42.397133,32.279705",35000,508,106
1784991933,2026-07-25T15:05:33Z,AFR258,"42.395741,32.28624",35000,504,106
1784991936,2026-07-25T15:05:36Z,AFR258,"42.394367,32.292648",35000,500,106
1784991938,2026-07-25T15:05:38Z,AFR258,"42.392963,32.300659",35000,493,105
1784991940,2026-07-25T15:05:40Z,AFR258,"42.391899,32.30658",35000,489,104
1784991942,2026-07-25T15:05:42Z,AFR258,"42.390942,32.311531",35000,492,104
1784991944,2026-07-25T15:05:44Z,AFR258,"42.389008,32.320026",35000,501,105
1784991946,2026-07-25T15:05:46Z,AFR258,"42.387527,32.326702",35000,503,105
1784991949,2026-07-25T15:05:49Z,AFR258,"42.386303,32.331345",35000,506,106
1784991979,2026-07-25T15:06:19Z,AFR258,"42.367126,32.423538",35000,491,105
1784992011,2026-07-25T15:06:51Z,AFR258,"42.34721,32.517735",35000,496,106
1784992030,2026-07-25T15:07:10Z,AFR258,"42.335419,32.576195",35000,410,104
1784992032,2026-07-25T15:07:12Z,AFR258,"42.334446,32.582642",35000,280,101
1784992035,2026-07-25T15:07:15Z,AFR258,"42.333614,32.58757",35000,490,102
1784992037,2026-07-25T15:07:17Z,AFR258,"42.332676,32.594181",35000,494,101
1784992039,2026-07-25T15:07:19Z,AFR258,"42.331421,32.601681",35000,350,101
1784992041,2026-07-25T15:07:21Z,AFR258,"42.330448,32.608727",35000,493,101
1784992043,2026-07-25T15:07:23Z,AFR258,"42.329819,32.614395",35000,380,97
1784992045,2026-07-25T15:07:25Z,AFR258,"42.328671,32.621563",35000,350,102
1784992047,2026-07-25T15:07:27Z,AFR258,"42.327854,32.627041",35000,90,110
1784992050,2026-07-25T15:07:30Z,AFR258,"42.32769,32.633873",35000,370,85
1784992052,2026-07-25T15:07:32Z,AFR258,"42.326256,32.641945",35000,390,96
1784992054,2026-07-25T15:07:34Z,AFR258,"42.325809,32.64695",35000,529,99
1784992056,2026-07-25T15:07:36Z,AFR258,"42.324989,32.653805",35000,330,98
1784992059,2026-07-25T15:07:39Z,AFR258,"42.324318,32.662186",35000,513,97
1784992061,2026-07-25T15:07:41Z,AFR258,"42.323627,32.668159",35000,496,95
1784992066,2026-07-25T15:07:46Z,AFR258,"42.322136,32.684872",35000,450,96
1784992068,2026-07-25T15:07:48Z,AFR258,"42.32177,32.692558",35000,510,98
1784992071,2026-07-25T15:07:51Z,AFR258,"42.321518,32.699306",35000,180,104
1784992073,2026-07-25T15:07:53Z,AFR258,"42.318954,32.708374",35000,370,95
1784992075,2026-07-25T15:07:55Z,AFR258,"42.31905,32.71384",35000,300,94
1784992077,2026-07-25T15:07:57Z,AFR258,"42.318779,32.720364",35000,472,93
1784992079,2026-07-25T15:07:59Z,AFR258,"42.317974,32.725967",35000,486,96
1784992082,2026-07-25T15:08:02Z,AFR258,"42.317024,32.734802",35000,491,96
1784992084,2026-07-25T15:08:04Z,AFR258,"42.316135,32.739979",35000,501,98
1784992086,2026-07-25T15:08:06Z,AFR258,"42.31448,32.750229",35000,514,99
1784992088,2026-07-25T15:08:08Z,AFR258,"42.313736,32.756268",35000,516,99
1784992090,2026-07-25T15:08:10Z,AFR258,"42.313602,32.762363",35000,480,90
1784992092,2026-07-25T15:08:12Z,AFR258,"42.313328,32.765976",35000,210,117
1784992094,2026-07-25T15:08:14Z,AFR258,"42.313469,32.771809",35000,120,82
1784992096,2026-07-25T15:08:16Z,AFR258,"42.31105,32.782463",35000,540,116
1784992098,2026-07-25T15:08:18Z,AFR258,"42.311008,32.785995",35000,280,93
1784992101,2026-07-25T15:08:21Z,AFR258,"42.310207,32.794476",35000,440,93
1784992103,2026-07-25T15:08:23Z,AFR258,"42.309177,32.799965",35000,350,101
1784992106,2026-07-25T15:08:26Z,AFR258,"42.307964,32.809937",35000,180,84
1784992108,2026-07-25T15:08:28Z,AFR258,"42.308731,32.814655",35000,381,85
1784992110,2026-07-25T15:08:30Z,AFR258,"42.306561,32.82325",35000,250,114
1784992112,2026-07-25T15:08:32Z,AFR258,"42.305271,32.831104",35000,350,113
1784992115,2026-07-25T15:08:35Z,AFR258,"42.304131,32.837139",35000,70,90
1784992117,2026-07-25T15:08:37Z,AFR258,"42.303574,32.844494",35000,531,101
1784992120,2026-07-25T15:08:40Z,AFR258,"42.303658,32.852566",35000,150,78
1784992122,2026-07-25T15:08:42Z,AFR258,"42.302036,32.85984",35000,320,108
1784992124,2026-07-25T15:08:44Z,AFR258,"42.300545,32.867519",35000,562,103
1784992126,2026-07-25T15:08:46Z,AFR258,"42.299271,32.876667",35000,542,102
1784992129,2026-07-25T15:08:49Z,AFR258,"42.299557,32.881153",35000,510,98
1784992131,2026-07-25T15:08:51Z,AFR258,"42.298397,32.889046",35000,514,99
1784992133,2026-07-25T15:08:53Z,AFR258,"42.297852,32.894577",35000,513,99
1784992135,2026-07-25T15:08:55Z,AFR258,"42.296337,32.902916",35000,330,101
1784992137,2026-07-25T15:08:57Z,AFR258,"42.295326,32.910576",35000,620,114
1784992139,2026-07-25T15:08:59Z,AFR258,"42.295116,32.914886",35000,190,94
1784992141,2026-07-25T15:09:01Z,AFR258,"42.294338,32.921722",35000,542,101
1784992143,2026-07-25T15:09:03Z,AFR258,"42.293877,32.928452",35000,505,98
1784992146,2026-07-25T15:09:06Z,AFR258,"42.293343,32.935387",35000,499,97
1784992148,2026-07-25T15:09:08Z,AFR258,"42.291389,32.944847",35000,527,100
1784992151,2026-07-25T15:09:11Z,AFR258,"42.290863,32.95277",35000,240,123
1784992153,2026-07-25T15:09:13Z,AFR258,"42.291405,32.958241",35000,260,70
1784992155,2026-07-25T15:09:15Z,AFR258,"42.289585,32.965672",35000,270,104
1784992157,2026-07-25T15:09:17Z,AFR258,"42.2896,32.971081",35000,517,99
1784992160,2026-07-25T15:09:20Z,AFR258,"42.288631,32.979664",35000,515,98
1784992162,2026-07-25T15:09:22Z,AFR258,"42.2878,32.985443",35000,522,99
1784992164,2026-07-25T15:09:24Z,AFR258,"42.286739,32.992878",35000,524,99
1784992166,2026-07-25T15:09:26Z,AFR258,"42.285286,33.00045",35000,533,101
1784992169,2026-07-25T15:09:29Z,AFR258,"42.283962,33.008244",35000,370,111
1784992171,2026-07-25T15:09:31Z,AFR258,"42.283783,33.014252",35000,330,97
1784992173,2026-07-25T15:09:33Z,AFR258,"42.284298,33.019611",35000,250,74
1784992178,2026-07-25T15:09:38Z,AFR258,"42.281326,33.039932",35000,520,98
1784992180,2026-07-25T15:09:40Z,AFR258,"42.280937,33.043514",35000,340,98
1784992182,2026-07-25T15:09:42Z,AFR258,"42.280521,33.04969",35000,484,95
1784992184,2026-07-25T15:09:44Z,AFR258,"42.279663,33.056164",35000,507,98
1784992187,2026-07-25T15:09:47Z,AFR258,"42.277836,33.065643",35000,620,106
1784992189,2026-07-25T15:09:49Z,AFR258,"42.277721,33.070511",35000,210,92
1784992191,2026-07-25T15:09:51Z,AFR258,"42.277096,33.077236",35000,505,98
1784992193,2026-07-25T15:09:53Z,AFR258,"42.276279,33.083874",35000,511,98
1784992195,2026-07-25T15:09:55Z,AFR258,"42.275543,33.090237",35000,512,98
1784992197,2026-07-25T15:09:57Z,AFR258,"42.274475,33.097847",35000,520,99
1784992200,2026-07-25T15:10:00Z,AFR258,"42.273731,33.103653",35000,519,99
1784992202,2026-07-25T15:10:02Z,AFR258,"42.272907,33.111675",35000,516,98
1784992204,2026-07-25T15:10:04Z,AFR258,"42.272198,33.117847",35000,514,98
1784992206,2026-07-25T15:10:06Z,AFR258,"42.271332,33.125774",35000,512,98
1784992208,2026-07-25T15:10:08Z,AFR258,"42.268677,33.135075",35000,530,111
1784992210,2026-07-25T15:10:10Z,AFR258,"42.270412,33.137836",35000,230,35
1784992215,2026-07-25T15:10:15Z,AFR258,"42.266624,33.154282",35000,350,102
1784992217,2026-07-25T15:10:17Z,AFR258,"42.266514,33.160221",35000,200,87
1784992219,2026-07-25T15:10:19Z,AFR258,"42.265171,33.167259",35000,360,111
1784992221,2026-07-25T15:10:21Z,AFR258,"42.265396,33.174198",35000,160,52
1784992223,2026-07-25T15:10:23Z,AFR258,"42.265236,33.180088",35000,370,99
1784992225,2026-07-25T15:10:25Z,AFR258,"42.264313,33.186188",35000,483,94
1784992227,2026-07-25T15:10:27Z,AFR258,"42.262821,33.193283",35000,515,98
1784992229,2026-07-25T15:10:29Z,AFR258,"42.261871,33.199772",35000,521,99
1784992231,2026-07-25T15:10:31Z,AFR258,"42.260738,33.2076",35000,525,99
1784992233,2026-07-25T15:10:33Z,AFR258,"42.260204,33.214245",35000,518,99
1784992236,2026-07-25T15:10:36Z,AFR258,"42.25938,33.21957",35000,520,99
1784992238,2026-07-25T15:10:38Z,AFR258,"42.258415,33.227684",35000,521,99
1784992240,2026-07-25T15:10:40Z,AFR258,"42.258369,33.233261",35000,340,93
1784992242,2026-07-25T15:10:42Z,AFR258,"42.258083,33.239471",35000,290,86
1784992244,2026-07-25T15:10:44Z,AFR258,"42.256401,33.2472",35000,350,109
1784992246,2026-07-25T15:10:46Z,AFR258,"42.256496,33.25256",35000,240,105
1784992248,2026-07-25T15:10:48Z,AFR258,"42.255169,33.262276",35000,570,108
1784992250,2026-07-25T15:10:50Z,AFR258,"42.254471,33.267639",35000,350,115
1784992253,2026-07-25T15:10:53Z,AFR258,"42.253204,33.274403",35000,410,100
1784992255,2026-07-25T15:10:55Z,AFR258,"42.253151,33.279713",35000,496,96
1784992257,2026-07-25T15:10:57Z,AFR258,"42.251873,33.287971",35000,520,99
1784992259,2026-07-25T15:10:59Z,AFR258,"42.251286,33.293198",35000,520,98
1784992261,2026-07-25T15:11:01Z,AFR258,"42.250099,33.301849",35000,524,99
1784992263,2026-07-25T15:11:03Z,AFR258,"42.249695,33.307304",35000,340,97
1784992265,2026-07-25T15:11:05Z,AFR258,"42.248604,33.314907",35000,410,107
1784992267,2026-07-25T15:11:07Z,AFR258,"42.24942,33.319942",35000,476,91
1784992269,2026-07-25T15:11:09Z,AFR258,"42.248222,33.328323",35000,504,96
1784992272,2026-07-25T15:11:12Z,AFR258,"42.246918,33.33482",35000,523,99
1784992274,2026-07-25T15:11:14Z,AFR258,"42.245983,33.340851",35000,527,99
1784992276,2026-07-25T15:11:16Z,AFR258,"42.244877,33.348663",35000,530,100
1784992278,2026-07-25T15:11:18Z,AFR258,"42.244301,33.354641",35000,528,99
1784992280,2026-07-25T15:11:20Z,AFR258,"42.243141,33.361965",35000,380,106
1784992282,2026-07-25T15:11:22Z,AFR258,"42.242706,33.368511",35000,522,99
1784992284,2026-07-25T15:11:24Z,AFR258,"42.240692,33.377842",35000,420,110
1784992286,2026-07-25T15:11:26Z,AFR258,"42.240681,33.382248",35000,170,97
1784992288,2026-07-25T15:11:28Z,AFR258,"42.240028,33.388557",35000,320,109
1784992291,2026-07-25T15:11:31Z,AFR258,"42.238564,33.395866",35000,230,101
1784992294,2026-07-25T15:11:34Z,AFR258,"42.237823,33.407417",35000,260,113
1784992296,2026-07-25T15:11:36Z,AFR258,"42.236362,33.414242",35000,370,105
1784992298,2026-07-25T15:11:38Z,AFR258,"42.236958,33.422977",35000,580,95
1784992301,2026-07-25T15:11:41Z,AFR258,"42.235714,33.42852",35000,529,111
1784992303,2026-07-25T15:11:43Z,AFR258,"42.234467,33.435116",35000,320,120
1784992305,2026-07-25T15:11:45Z,AFR258,"42.235214,33.440567",35000,160,103
1784992307,2026-07-25T15:11:47Z,AFR258,"42.233517,33.449944",35000,430,89
1784992310,2026-07-25T15:11:50Z,AFR258,"42.232147,33.456219",35000,200,110
1784992312,2026-07-25T15:11:52Z,AFR258,"42.230515,33.464443",35000,340,101
1784992314,2026-07-25T15:11:54Z,AFR258,"42.231224,33.471436",35000,300,69
1784992316,2026-07-25T15:11:56Z,AFR258,"42.228645,33.479019",35000,90,77
1784992318,2026-07-25T15:11:58Z,AFR258,"42.22868,33.485863",35000,300,96
1784992320,2026-07-25T15:12:00Z,AFR258,"42.227142,33.493336",35000,460,105
1784992323,2026-07-25T15:12:03Z,AFR258,"42.226723,33.498413",35000,556,107
1784992325,2026-07-25T15:12:05Z,AFR258,"42.226021,33.505749",35000,530,100
1784992327,2026-07-25T15:12:07Z,AFR258,"42.225365,33.512737",35000,521,99
1784992329,2026-07-25T15:12:09Z,AFR258,"42.224415,33.519897",35000,523,99
1784992331,2026-07-25T15:12:11Z,AFR258,"42.223652,33.526474",35000,521,99
1784992333,2026-07-25T15:12:13Z,AFR258,"42.222878,33.533039",35000,521,99
1784992336,2026-07-25T15:12:16Z,AFR258,"42.222061,33.539734",35000,522,99
1784992338,2026-07-25T15:12:18Z,AFR258,"42.221207,33.547546",35000,521,98
1784992340,2026-07-25T15:12:20Z,AFR258,"42.220417,33.554375",35000,520,98
1784992342,2026-07-25T15:12:22Z,AFR258,"42.219532,33.561806",35000,519,99
1784992344,2026-07-25T15:12:24Z,AFR258,"42.218235,33.569088",35000,523,100
1784992347,2026-07-25T15:12:27Z,AFR258,"42.217453,33.575775",35000,525,99
1784992349,2026-07-25T15:12:29Z,AFR258,"42.21706,33.581676",35000,518,98
1784992351,2026-07-25T15:12:31Z,AFR258,"42.216274,33.588589",35000,516,98
1784992353,2026-07-25T15:12:33Z,AFR258,"42.21537,33.596027",35000,517,98
1784992355,2026-07-25T15:12:35Z,AFR258,"42.214325,33.602833",35000,250,105
1784992357,2026-07-25T15:12:37Z,AFR258,"42.212757,33.610157",35000,380,115
1784992359,2026-07-25T15:12:39Z,AFR258,"42.212654,33.617577",35000,420,96
1784992361,2026-07-25T15:12:41Z,AFR258,"42.21204,33.62254",35000,523,100
1784992364,2026-07-25T15:12:44Z,AFR258,"42.211185,33.629631",35000,522,99
1784992366,2026-07-25T15:12:46Z,AFR258,"42.21043,33.636265",35000,518,99
1784992368,2026-07-25T15:12:48Z,AFR258,"42.209728,33.642658",35000,514,98
1784992370,2026-07-25T15:12:50Z,AFR258,"42.208813,33.649994",35000,515,99
1784992372,2026-07-25T15:12:52Z,AFR258,"42.207935,33.657349",35000,518,99
1784992375,2026-07-25T15:12:55Z,AFR258,"42.207142,33.663601",35000,520,99
1784992377,2026-07-25T15:12:57Z,AFR258,"42.206112,33.672424",35000,519,99
1784992379,2026-07-25T15:12:59Z,AFR258,"42.205406,33.677471",35000,517,99
1784992381,2026-07-25T15:13:01Z,AFR258,"42.204247,33.685856",35000,517,99
1784992383,2026-07-25T15:13:03Z,AFR258,"42.203354,33.691563",35000,519,100
1784992385,2026-07-25T15:13:05Z,AFR258,"42.202358,33.698318",35000,524,100
1784992387,2026-07-25T15:13:07Z,AFR258,"42.201473,33.705242",35000,525,100
1784992419,2026-07-25T15:13:39Z,AFR258,"42.189175,33.805862",35000,514,99
1784992451,2026-07-25T15:14:11Z,AFR258,"42.176685,33.909164",35000,520,99
1784992483,2026-07-25T15:14:43Z,AFR258,"42.164314,34.008999",35000,516,99
1784992513,2026-07-25T15:15:13Z,AFR258,"42.153587,34.103397",35000,330,79
1784992515,2026-07-25T15:15:15Z,AFR258,"42.15173,34.109844",35000,526,94
1784992517,2026-07-25T15:15:17Z,AFR258,"42.151058,34.117054",35000,513,98
1784992519,2026-07-25T15:15:19Z,AFR258,"42.149845,34.125126",35000,460,101
1784992521,2026-07-25T15:15:21Z,AFR258,"42.149464,34.129894",35000,492,97
1784992523,2026-07-25T15:15:23Z,AFR258,"42.148792,34.136021",35000,503,97
1784992525,2026-07-25T15:15:25Z,AFR258,"42.148006,34.142796",35000,510,97
1784992528,2026-07-25T15:15:28Z,AFR258,"42.147003,34.149933",35000,515,99
1784992530,2026-07-25T15:15:30Z,AFR258,"42.146122,34.157509",35000,515,99
1784992532,2026-07-25T15:15:32Z,AFR258,"42.145294,34.164501",35000,516,99
1784992534,2026-07-25T15:15:34Z,AFR258,"42.14444,34.170197",35000,518,99
1784992536,2026-07-25T15:15:36Z,AFR258,"42.143356,34.177261",35000,521,100
1784992538,2026-07-25T15:15:38Z,AFR258,"42.142616,34.183571",35000,518,99
1784992540,2026-07-25T15:15:40Z,AFR258,"42.141888,34.18988",35000,513,99
1784992542,2026-07-25T15:15:42Z,AFR258,"42.140835,34.196693",35000,520,100
1784992545,2026-07-25T15:15:45Z,AFR258,"42.139965,34.20332",35000,520,100
1784992547,2026-07-25T15:15:47Z,AFR258,"42.138966,34.210449",35000,521,100
1784992549,2026-07-25T15:15:49Z,AFR258,"42.138325,34.216728",35000,514,99
1784992581,2026-07-25T15:16:21Z,AFR258,"42.125587,34.319324",35000,516,99
1784992613,2026-07-25T15:16:53Z,AFR258,"42.112633,34.42017",35000,518,99
1784992632,2026-07-25T15:17:12Z,AFR258,"42.103577,34.483822",35000,548,104
1784992634,2026-07-25T15:17:14Z,AFR258,"42.102718,34.490597",35000,320,100
1784992637,2026-07-25T15:17:17Z,AFR258,"42.101948,34.496475",35000,517,94
1784992639,2026-07-25T15:17:19Z,AFR258,"42.10091,34.504009",35000,525,99
1784992641,2026-07-25T15:17:21Z,AFR258,"42.100395,34.511406",35000,518,97
1784992643,2026-07-25T15:17:23Z,AFR258,"42.099743,34.517593",35000,517,97
1784992646,2026-07-25T15:17:26Z,AFR258,"42.097218,34.530361",35000,380,117
1784992648,2026-07-25T15:17:28Z,AFR258,"42.095875,34.537022",35000,430,110
1784992651,2026-07-25T15:17:31Z,AFR258,"42.095467,34.542675",35000,540,106
1784992653,2026-07-25T15:17:33Z,AFR258,"42.094589,34.550392",35000,526,98
1784992655,2026-07-25T15:17:35Z,AFR258,"42.093258,34.559193",35000,450,103
1784992657,2026-07-25T15:17:37Z,AFR258,"42.092224,34.564831",35000,130,105
1784992659,2026-07-25T15:17:39Z,AFR258,"42.090988,34.573692",35000,530,100
1784992661,2026-07-25T15:17:41Z,AFR258,"42.089481,34.579418",35000,120,135
1784992664,2026-07-25T15:17:44Z,AFR258,"42.090145,34.585468",35000,372,81
1784992667,2026-07-25T15:17:47Z,AFR258,"42.088867,34.593918",35000,429,106
1784992673,2026-07-25T15:17:53Z,AFR258,"42.085991,34.615002",35000,440,100
1784992675,2026-07-25T15:17:55Z,AFR258,"42.084969,34.622715",35000,519,98
1784992677,2026-07-25T15:17:57Z,AFR258,"42.08408,34.628826",35000,522,100
1784992680,2026-07-25T15:18:00Z,AFR258,"42.083004,34.636696",35000,522,100
1784992682,2026-07-25T15:18:02Z,AFR258,"42.082085,34.643391",35000,529,100
1784992684,2026-07-25T15:18:04Z,AFR258,"42.080685,34.652035",35000,537,100
1784992686,2026-07-25T15:18:06Z,AFR258,"42.078953,34.659748",35000,580,107
1784992689,2026-07-25T15:18:09Z,AFR258,"42.079346,34.666138",35000,325,78
1784992691,2026-07-25T15:18:11Z,AFR258,"42.077637,34.673618",35000,482,97
1784992693,2026-07-25T15:18:13Z,AFR258,"42.075653,34.683205",35000,590,105
1784992696,2026-07-25T15:18:16Z,AFR258,"42.07481,34.689449",35000,250,96
1784992698,2026-07-25T15:18:18Z,AFR258,"42.074203,34.694435",35000,210,87
1784992700,2026-07-25T15:18:20Z,AFR258,"42.073017,34.702736",35000,420,109
1784992702,2026-07-25T15:18:22Z,AFR258,"42.073132,34.708542",35000,210,50
1784992704,2026-07-25T15:18:24Z,AFR258,"42.071152,34.716",35000,576,105
1784992706,2026-07-25T15:18:26Z,AFR258,"42.070217,34.723381",35000,546,102
1784992708,2026-07-25T15:18:28Z,AFR258,"42.06958,34.72942",35000,534,101
1784992711,2026-07-25T15:18:31Z,AFR258,"42.067703,34.738293",35000,540,105
1784992713,2026-07-25T15:18:33Z,AFR258,"42.067749,34.742912",35000,513,96
1784992715,2026-07-25T15:18:35Z,AFR258,"42.066383,34.751038",35000,534,101
1784992717,2026-07-25T15:18:37Z,AFR258,"42.065437,34.757599",35000,533,101
1784992719,2026-07-25T15:18:39Z,AFR258,"42.064598,34.763523",35000,535,101
1784992722,2026-07-25T15:18:42Z,AFR258,"42.063225,34.774643",35000,360,100
1784992726,2026-07-25T15:18:46Z,AFR258,"42.061314,34.78714",35000,250,105
1784992728,2026-07-25T15:18:48Z,AFR258,"42.060146,34.792477",35000,350,102
1784992730,2026-07-25T15:18:50Z,AFR258,"42.05965,34.797874",35000,527,101
1784992732,2026-07-25T15:18:52Z,AFR258,"42.058681,34.805271",35000,530,100
1784992734,2026-07-25T15:18:54Z,AFR258,"42.05759,34.812656",35000,533,100
1784992736,2026-07-25T15:18:56Z,AFR258,"42.056499,34.819984",35000,536,101
1784992739,2026-07-25T15:18:59Z,AFR258,"42.055428,34.827839",35000,535,100
1784992741,2026-07-25T15:19:01Z,AFR258,"42.054489,34.834198",35000,534,101
1784992743,2026-07-25T15:19:03Z,AFR258,"42.054871,34.842037",35000,420,75
1784992745,2026-07-25T15:19:05Z,AFR258,"42.052471,34.848545",35000,517,97
1784992747,2026-07-25T15:19:07Z,AFR258,"42.050835,34.856571",35000,540,103
1784992749,2026-07-25T15:19:09Z,AFR258,"42.05003,34.863064",35000,534,101
1784992752,2026-07-25T15:19:12Z,AFR258,"42.049049,34.870373",35000,535,100
1784992754,2026-07-25T15:19:14Z,AFR258,"42.048244,34.876572",35000,534,100
1784992756,2026-07-25T15:19:16Z,AFR258,"42.04723,34.883888",35000,533,100
1784992758,2026-07-25T15:19:18Z,AFR258,"42.046227,34.890667",35000,534,100
1784992760,2026-07-25T15:19:20Z,AFR258,"42.045223,34.897076",35000,535,101
1784992762,2026-07-25T15:19:22Z,AFR258,"42.044033,34.904057",35000,536,101
1784992764,2026-07-25T15:19:24Z,AFR258,"42.043076,34.910561",35000,535,101
1784992767,2026-07-25T15:19:27Z,AFR258,"42.04211,34.918224",35000,554,101
1784992769,2026-07-25T15:19:29Z,AFR258,"42.041332,34.925198",35000,533,99
1784992771,2026-07-25T15:19:31Z,AFR258,"42.040226,34.931881",35000,535,100
1784992773,2026-07-25T15:19:33Z,AFR258,"42.039017,34.940586",35000,536,100
1784992775,2026-07-25T15:19:35Z,AFR258,"42.038151,34.947453",35000,532,100
1784992801,2026-07-25T15:20:01Z,AFR258,"42.027138,35.032078",35000,390,96
1784992803,2026-07-25T15:20:03Z,AFR258,"42.026421,35.037624",35000,542,98
1784992805,2026-07-25T15:20:05Z,AFR258,"42.025555,35.043774",35000,523,99
1784992807,2026-07-25T15:20:07Z,AFR258,"42.024868,35.049923",35000,525,99
1784992810,2026-07-25T15:20:10Z,AFR258,"42.023956,35.058132",35000,531,98
1784992812,2026-07-25T15:20:12Z,AFR258,"42.02309,35.065495",35000,530,98
1784992814,2026-07-25T15:20:14Z,AFR258,"42.022713,35.071861",35000,280,94
1784992816,2026-07-25T15:20:16Z,AFR258,"42.021942,35.079502",35000,534,97
1784992818,2026-07-25T15:20:18Z,AFR258,"42.021145,35.087936",35000,534,97
1784992820,2026-07-25T15:20:20Z,AFR258,"42.020817,35.093616",35000,532,96
1784992822,2026-07-25T15:20:22Z,AFR258,"42.020096,35.100197",35000,533,97
1784992825,2026-07-25T15:20:25Z,AFR258,"42.019505,35.107643",35000,534,96
1784992827,2026-07-25T15:20:27Z,AFR258,"42.018917,35.115921",35000,535,96
1784992829,2026-07-25T15:20:29Z,AFR258,"42.018612,35.122856",35000,535,95
1784992831,2026-07-25T15:20:31Z,AFR258,"42.018261,35.12957",35000,537,94
1784992833,2026-07-25T15:20:33Z,AFR258,"42.017822,35.136856",35000,538,94
1784992835,2026-07-25T15:20:35Z,AFR258,"42.017376,35.142826",35000,310,88
1784992837,2026-07-25T15:20:37Z,AFR258,"42.017044,35.150227",35000,557,100
1784992839,2026-07-25T15:20:39Z,AFR258,"42.016727,35.156914",35000,548,97
1784992843,2026-07-25T15:20:43Z,AFR258,"42.016167,35.16901",35000,546,95
1784992845,2026-07-25T15:20:45Z,AFR258,"42.015617,35.176048",35000,390,95
1784992847,2026-07-25T15:20:47Z,AFR258,"42.016041,35.182911",35000,566,88
1784992849,2026-07-25T15:20:49Z,AFR258,"42.015835,35.192261",35000,499,90
1784992851,2026-07-25T15:20:51Z,AFR258,"42.015526,35.19622",35000,518,92
1784992853,2026-07-25T15:20:53Z,AFR258,"42.015236,35.204571",35000,536,92
1784992856,2026-07-25T15:20:56Z,AFR258,"42.014839,35.211147",35000,535,93
1784992858,2026-07-25T15:20:58Z,AFR258,"42.014515,35.218464",35000,544,93
1784992860,2026-07-25T15:21:00Z,AFR258,"42.013741,35.225899",35000,270,105
1784992862,2026-07-25T15:21:02Z,AFR258,"42.013515,35.233376",35000,529,95
1784992865,2026-07-25T15:21:05Z,AFR258,"42.013294,35.24184",35000,575,94
1784992867,2026-07-25T15:21:07Z,AFR258,"42.012928,35.249527",35000,460,93
1784992869,2026-07-25T15:21:09Z,AFR258,"42.012913,35.256111",35000,584,90
1784992871,2026-07-25T15:21:11Z,AFR258,"42.012348,35.263828",35000,543,93
1784992873,2026-07-25T15:21:13Z,AFR258,"42.01173,35.271221",35000,539,94
1784992876,2026-07-25T15:21:16Z,AFR258,"42.011086,35.28109",35000,538,94
1784992878,2026-07-25T15:21:18Z,AFR258,"42.01075,35.286995",35000,542,94
1784992880,2026-07-25T15:21:20Z,AFR258,"42.010517,35.293102",35000,542,94
1784992882,2026-07-25T15:21:22Z,AFR258,"42.010212,35.300617",35000,544,93
1784992884,2026-07-25T15:21:24Z,AFR258,"42.009876,35.307465",35000,543,93
1784992886,2026-07-25T15:21:26Z,AFR258,"42.009529,35.314453",35000,547,93
1784992889,2026-07-25T15:21:29Z,AFR258,"42.00898,35.32296",35000,558,94
1784992891,2026-07-25T15:21:31Z,AFR258,"42.008575,35.329967",35000,545,94
1784992894,2026-07-25T15:21:34Z,AFR258,"42.008175,35.337666",35000,545,94
1784992898,2026-07-25T15:21:38Z,AFR258,"42.007252,35.355484",35000,330,118
1784992900,2026-07-25T15:21:40Z,AFR258,"42.0079,35.361561",35000,543,93
1784992902,2026-07-25T15:21:42Z,AFR258,"42.007652,35.368755",35000,552,93
1784992904,2026-07-25T15:21:44Z,AFR258,"42.007175,35.375694",35000,542,94
1784992907,2026-07-25T15:21:47Z,AFR258,"42.006725,35.383739",35000,546,94
1784992909,2026-07-25T15:21:49Z,AFR258,"42.006214,35.390587",35000,542,94
1784992911,2026-07-25T15:21:51Z,AFR258,"42.005772,35.398537",35000,545,94
1784992915,2026-07-25T15:21:55Z,AFR258,"42.005375,35.410503",35000,549,93
1784992917,2026-07-25T15:21:57Z,AFR258,"42.005222,35.419117",35000,310,92
1784992919,2026-07-25T15:21:59Z,AFR258,"42.003338,35.424301",35000,310,115
1784992921,2026-07-25T15:22:01Z,AFR258,"42.002972,35.434772",35000,561,92
1784992923,2026-07-25T15:22:03Z,AFR258,"42.002605,35.440907",35000,555,93
1784992925,2026-07-25T15:22:05Z,AFR258,"42.002056,35.449463",35000,552,94
1784992928,2026-07-25T15:22:08Z,AFR258,"42.001698,35.453899",35000,547,94
1784992930,2026-07-25T15:22:10Z,AFR258,"42.00127,35.462372",35000,547,94
1784992932,2026-07-25T15:22:12Z,AFR258,"42.000992,35.468346",35000,548,94
1784992934,2026-07-25T15:22:14Z,AFR258,"42.000492,35.476067",35000,547,94
1784992936,2026-07-25T15:22:16Z,AFR258,"41.999886,35.484795",35000,545,94
1784992939,2026-07-25T15:22:19Z,AFR258,"41.999443,35.491428",35000,547,94
1784992941,2026-07-25T15:22:21Z,AFR258,"41.999043,35.499092",35000,548,94
1784992943,2026-07-25T15:22:23Z,AFR258,"41.998665,35.505581",35000,546,94
1784992945,2026-07-25T15:22:25Z,AFR258,"41.998039,35.515945",35000,549,94
1784992947,2026-07-25T15:22:27Z,AFR258,"41.997673,35.521114",35000,545,94
1784992950,2026-07-25T15:22:30Z,AFR258,"41.99725,35.529099",35000,548,94
1784992982,2026-07-25T15:23:02Z,AFR258,"41.991142,35.637753",35000,545,94
1784992994,2026-07-25T15:23:14Z,AFR258,"41.988503,35.679726",35025,320,102
1784992996,2026-07-25T15:23:16Z,AFR258,"41.988476,35.68771",35000,549,94
1784992998,2026-07-25T15:23:18Z,AFR258,"41.988144,35.69463",35000,320,91
1784993001,2026-07-25T15:23:21Z,AFR258,"41.987881,35.70237",35000,180,93
1784993003,2026-07-25T15:23:23Z,AFR258,"41.987404,35.708824",35000,550,95
1784993005,2026-07-25T15:23:25Z,AFR258,"41.98687,35.716412",35000,542,95
1784993007,2026-07-25T15:23:27Z,AFR258,"41.986526,35.725281",35000,552,94
1784993010,2026-07-25T15:23:30Z,AFR258,"41.986187,35.732063",35000,552,93
1784993012,2026-07-25T15:23:32Z,AFR258,"41.985649,35.739819",35000,548,94
1784993014,2026-07-25T15:23:34Z,AFR258,"41.985233,35.746227",35000,547,94
1784993016,2026-07-25T15:23:36Z,AFR258,"41.984741,35.753807",35000,546,94
1784993019,2026-07-25T15:23:39Z,AFR258,"41.984367,35.761604",35000,550,94
1784993021,2026-07-25T15:23:41Z,AFR258,"41.984013,35.769707",35000,553,93
1784993023,2026-07-25T15:23:43Z,AFR258,"41.983578,35.776695",35000,551,94
1784993025,2026-07-25T15:23:45Z,AFR258,"41.983089,35.783516",35000,550,94
1784993057,2026-07-25T15:24:17Z,AFR258,"41.976181,35.89481",35000,553,94
1784993068,2026-07-25T15:24:28Z,AFR258,"41.975304,35.934761",35000,630,80
1784993070,2026-07-25T15:24:30Z,AFR258,"41.974037,35.938511",35000,110,83
1784993072,2026-07-25T15:24:32Z,AFR258,"41.973625,35.946777",35000,569,94
1784993075,2026-07-25T15:24:35Z,AFR258,"41.973217,35.954861",35000,556,94
1784993077,2026-07-25T15:24:37Z,AFR258,"41.972725,35.962288",35000,554,94
1784993079,2026-07-25T15:24:39Z,AFR258,"41.97226,35.969021",35000,552,94
1784993081,2026-07-25T15:24:41Z,AFR258,"41.971867,35.975555",35000,555,94
1784993083,2026-07-25T15:24:43Z,AFR258,"41.971542,35.982883",35000,558,94
1784993085,2026-07-25T15:24:45Z,AFR258,"41.971058,35.990528",35000,557,94
1784993087,2026-07-25T15:24:47Z,AFR258,"41.970631,35.997215",35000,556,94
1784993089,2026-07-25T15:24:49Z,AFR258,"41.970081,36.00544",35000,556,94
1784993092,2026-07-25T15:24:52Z,AFR258,"41.969608,36.01305",35000,555,94
1784993094,2026-07-25T15:24:54Z,AFR258,"41.96883,36.019447",35000,380,83
1784993096,2026-07-25T15:24:56Z,AFR258,"41.9687,36.027554",35000,450,82
1784993098,2026-07-25T15:24:58Z,AFR258,"41.968384,36.034519",35000,549,93
1784993100,2026-07-25T15:25:00Z,AFR258,"41.96785,36.042976",35000,555,94
1784993103,2026-07-25T15:25:03Z,AFR258,"41.967384,36.050297",35000,561,94
1784993105,2026-07-25T15:25:05Z,AFR258,"41.966919,36.05769",35000,559,94
1784993107,2026-07-25T15:25:07Z,AFR258,"41.966423,36.065231",35000,559,94
1784993109,2026-07-25T15:25:09Z,AFR258,"41.965908,36.073444",35000,557,94
1784993111,2026-07-25T15:25:11Z,AFR258,"41.965378,36.08099",35000,551,95
1784993114,2026-07-25T15:25:14Z,AFR258,"41.964691,36.089027",35000,546,95
1784993116,2026-07-25T15:25:16Z,AFR258,"41.964394,36.095558",35000,556,95
1784993118,2026-07-25T15:25:18Z,AFR258,"41.964157,36.102734",35000,565,94
1784993120,2026-07-25T15:25:20Z,AFR258,"41.963657,36.111027",35000,559,94
1784993122,2026-07-25T15:25:22Z,AFR258,"41.9632,36.118378",35000,557,94
1784993124,2026-07-25T15:25:24Z,AFR258,"41.962749,36.125622",35000,557,94
1784993155,2026-07-25T15:25:55Z,AFR258,"41.956375,36.231197",35000,554,94
1784993187,2026-07-25T15:26:27Z,AFR258,"41.949493,36.342724",35000,555,94
1784993220,2026-07-25T15:27:00Z,AFR258,"41.942326,36.452942",35000,554,95
1784993227,2026-07-25T15:27:07Z,AFR258,"41.940845,36.476437",35000,548,95
1784993229,2026-07-25T15:27:09Z,AFR258,"41.940273,36.483608",35000,320,96
1784993231,2026-07-25T15:27:11Z,AFR258,"41.9398,36.490879",35000,552,95
1784993233,2026-07-25T15:27:13Z,AFR258,"41.939251,36.499592",35000,553,95
1784993235,2026-07-25T15:27:15Z,AFR258,"41.938747,36.506287",35000,553,95
1784993237,2026-07-25T15:27:17Z,AFR258,"41.938316,36.513367",35000,554,95
1784993240,2026-07-25T15:27:20Z,AFR258,"41.937805,36.521397",35000,556,94
1784993242,2026-07-25T15:27:22Z,AFR258,"41.937332,36.52803",35000,200,97
1784993244,2026-07-25T15:27:24Z,AFR258,"41.936684,36.53817",35000,540,96
1784993246,2026-07-25T15:27:26Z,AFR258,"41.936314,36.543167",35000,558,95
1784993248,2026-07-25T15:27:28Z,AFR258,"41.935814,36.550846",35000,556,95
1784993251,2026-07-25T15:27:31Z,AFR258,"41.935291,36.558079",35000,556,95
1784993253,2026-07-25T15:27:33Z,AFR258,"41.934742,36.56567",35000,556,95
1784993255,2026-07-25T15:27:35Z,AFR258,"41.934219,36.573013",35000,557,95
1784993281,2026-07-25T15:28:01Z,AFR258,"41.928413,36.662403",35000,250,84
1784993283,2026-07-25T15:28:03Z,AFR258,"41.928005,36.669197",35000,542,94
1784993285,2026-07-25T15:28:05Z,AFR258,"41.927555,36.675484",35000,552,95
1784993287,2026-07-25T15:28:07Z,AFR258,"41.927017,36.682678",35000,554,95
1784993289,2026-07-25T15:28:09Z,AFR258,"41.926468,36.690735",35000,555,95
1784993292,2026-07-25T15:28:12Z,AFR258,"41.925919,36.699913",35000,553,94
1784993294,2026-07-25T15:28:14Z,AFR258,"41.92556,36.706455",35000,555,94
1784993296,2026-07-25T15:28:16Z,AFR258,"41.92506,36.713657",35000,555,94
1784993298,2026-07-25T15:28:18Z,AFR258,"41.92448,36.721058",35000,554,95
1784993300,2026-07-25T15:28:20Z,AFR258,"41.923904,36.729275",35000,553,95
1784993302,2026-07-25T15:28:22Z,AFR258,"41.92347,36.736217",35000,555,95
1784993304,2026-07-25T15:28:24Z,AFR258,"41.923008,36.743317",35000,555,95
1784993307,2026-07-25T15:28:27Z,AFR258,"41.922459,36.750931",35000,555,95
1784993309,2026-07-25T15:28:29Z,AFR258,"41.921974,36.758469",35000,280,96
1784993311,2026-07-25T15:28:31Z,AFR258,"41.921429,36.767292",35000,559,95
1784993319,2026-07-25T15:28:39Z,AFR258,"41.920738,36.794472",35000,110,77
1784993321,2026-07-25T15:28:41Z,AFR258,"41.919094,36.80146",35000,280,96
1784993323,2026-07-25T15:28:43Z,AFR258,"41.918678,36.808147",35000,582,92
1784993326,2026-07-25T15:28:46Z,AFR258,"41.918121,36.815536",35000,559,94
1784993328,2026-07-25T15:28:48Z,AFR258,"41.917545,36.824123",35000,556,94
1784993330,2026-07-25T15:28:50Z,AFR258,"41.916969,36.83276",35000,556,94
1784993332,2026-07-25T15:28:52Z,AFR258,"41.916664,36.837315",35000,555,95
1784993334,2026-07-25T15:28:54Z,AFR258,"41.916187,36.844707",35000,556,95
1784993337,2026-07-25T15:28:57Z,AFR258,"41.915585,36.85297",35000,551,95
1784993339,2026-07-25T15:28:59Z,AFR258,"41.915096,36.860626",35000,555,95
1784993341,2026-07-25T15:29:01Z,AFR258,"41.914604,36.867683",35000,555,95
1784993343,2026-07-25T15:29:03Z,AFR258,"41.914013,36.875072",35000,556,95
1784993345,2026-07-25T15:29:05Z,AFR258,"41.913334,36.88464",35000,553,95
1784993347,2026-07-25T15:29:07Z,AFR258,"41.912933,36.889858",35000,551,95
1784993349,2026-07-25T15:29:09Z,AFR258,"41.912388,36.897045",35000,554,95
1784993381,2026-07-25T15:29:41Z,AFR258,"41.899448,37.004627",35000,410,101
1784993386,2026-07-25T15:29:46Z,AFR258,"41.896923,37.018661",35000,555,100
1784993388,2026-07-25T15:29:48Z,AFR258,"41.894718,37.025269",35000,380,121
1784993391,2026-07-25T15:29:51Z,AFR258,"41.893623,37.036598",35000,450,97
1784993393,2026-07-25T15:29:53Z,AFR258,"41.89547,37.043591",35000,440,53
1784993395,2026-07-25T15:29:55Z,AFR258,"41.890583,37.051132",35000,240,91
1784993398,2026-07-25T15:29:58Z,AFR258,"41.889572,37.057194",35000,545,104
1784993400,2026-07-25T15:30:00Z,AFR258,"41.887436,37.066635",35000,520,107
1784993402,2026-07-25T15:30:02Z,AFR258,"41.886688,37.071152",35000,533,106
1784993404,2026-07-25T15:30:04Z,AFR258,"41.885181,37.078133",35000,542,106
1784993406,2026-07-25T15:30:06Z,AFR258,"41.883446,37.086163",35000,540,106
1784993408,2026-07-25T15:30:08Z,AFR258,"41.882092,37.092121",35000,540,106
1784993411,2026-07-25T15:30:11Z,AFR258,"41.880512,37.09893",35000,538,106
1784993413,2026-07-25T15:30:13Z,AFR258,"41.878685,37.106773",35000,539,107
1784993415,2026-07-25T15:30:15Z,AFR258,"41.877167,37.113453",35000,540,106
1784993417,2026-07-25T15:30:17Z,AFR258,"41.875458,37.119904",35000,340,109
1784993423,2026-07-25T15:30:23Z,AFR258,"41.870716,37.138924",35000,470,108
1784993425,2026-07-25T15:30:25Z,AFR258,"41.868721,37.14645",35000,450,109
1784993427,2026-07-25T15:30:27Z,AFR258,"41.866653,37.154186",35000,460,109
1784993430,2026-07-25T15:30:30Z,AFR258,"41.864792,37.160446",35000,548,112
1784993432,2026-07-25T15:30:32Z,AFR258,"41.863541,37.165195",35000,320,111
1784993434,2026-07-25T15:30:34Z,AFR258,"41.861725,37.171661",35000,535,110
1784993437,2026-07-25T15:30:37Z,AFR258,"41.858776,37.181244",35000,200,105
1784993439,2026-07-25T15:30:39Z,AFR258,"41.856911,37.188213",35000,290,108
1784993441,2026-07-25T15:30:41Z,AFR258,"41.854992,37.19437",35000,526,111
1784993443,2026-07-25T15:30:43Z,AFR258,"41.852444,37.202637",35000,440,111
1784993445,2026-07-25T15:30:45Z,AFR258,"41.850483,37.208714",35000,490,111
1784993447,2026-07-25T15:30:47Z,AFR258,"41.848381,37.215122",35000,450,111
1784993449,2026-07-25T15:30:49Z,AFR258,"41.846432,37.221291",35000,350,110
1784993451,2026-07-25T15:30:51Z,AFR258,"41.84481,37.226551",35000,350,112
1784993454,2026-07-25T15:30:54Z,AFR258,"41.842567,37.233311",35000,549,114
1784993456,2026-07-25T15:30:56Z,AFR258,"41.840359,37.240356",35000,450,113
1784993458,2026-07-25T15:30:58Z,AFR258,"41.838669,37.245453",35000,120,110
1784993460,2026-07-25T15:31:00Z,AFR258,"41.836544,37.251919",35000,280,111
1784993462,2026-07-25T15:31:02Z,AFR258,"41.834305,37.258602",35000,537,113
1784993464,2026-07-25T15:31:04Z,AFR258,"41.832218,37.264809",35000,531,114
1784993466,2026-07-25T15:31:06Z,AFR258,"41.830177,37.270958",35000,533,113
1784993469,2026-07-25T15:31:09Z,AFR258,"41.827679,37.278038",35000,320,124
1784993471,2026-07-25T15:31:11Z,AFR258,"41.82579,37.284603",35000,380,117
1784993473,2026-07-25T15:31:13Z,AFR258,"41.823612,37.291557",35000,545,112
1784993475,2026-07-25T15:31:15Z,AFR258,"41.821896,37.297497",35000,522,112
1784993477,2026-07-25T15:31:17Z,AFR258,"41.82024,37.302727",35000,525,112
1784993479,2026-07-25T15:31:19Z,AFR258,"41.818169,37.309322",35000,530,112
1784993481,2026-07-25T15:31:21Z,AFR258,"41.816525,37.314335",35000,529,113
1784993483,2026-07-25T15:31:23Z,AFR258,"41.814613,37.320633",35000,527,112
1784993485,2026-07-25T15:31:25Z,AFR258,"41.812691,37.32682",35000,526,112
1784993487,2026-07-25T15:31:27Z,AFR258,"41.810707,37.333027",35000,529,112
1784993489,2026-07-25T15:31:29Z,AFR258,"41.808609,37.339886",35000,190,108
1784993491,2026-07-25T15:31:31Z,AFR258,"41.806454,37.346375",35000,370,108
1784993494,2026-07-25T15:31:34Z,AFR258,"41.804703,37.351864",35000,531,111
1784993496,2026-07-25T15:31:36Z,AFR258,"41.802452,37.358967",35000,530,112
1784993498,2026-07-25T15:31:38Z,AFR258,"41.800507,37.365452",35000,527,112
1784993500,2026-07-25T15:31:40Z,AFR258,"41.798409,37.372135",35000,340,112
1784993502,2026-07-25T15:31:42Z,AFR258,"41.796062,37.37907",35000,535,114
1784993505,2026-07-25T15:31:45Z,AFR258,"41.79425,37.385223",35000,511,111
1784993507,2026-07-25T15:31:47Z,AFR258,"41.79221,37.392014",35000,527,111
1784993509,2026-07-25T15:31:49Z,AFR258,"41.790165,37.398621",35000,525,112
1784993511,2026-07-25T15:31:51Z,AFR258,"41.787914,37.405701",35000,527,112
1784993513,2026-07-25T15:31:53Z,AFR258,"41.78616,37.410873",35000,531,113
1784993515,2026-07-25T15:31:55Z,AFR258,"41.783859,37.418446",35000,532,112
1784993517,2026-07-25T15:31:57Z,AFR258,"41.78204,37.424297",35000,526,112
1784993520,2026-07-25T15:32:00Z,AFR258,"41.779995,37.430813",35000,524,112
1784993528,2026-07-25T15:32:08Z,AFR258,"41.771606,37.457199",35000,530,112
1784993530,2026-07-25T15:32:10Z,AFR258,"41.769646,37.463882",35000,529,112
1784993550,2026-07-25T15:32:30Z,AFR258,"41.756054,37.525116",35000,541,103
1784993552,2026-07-25T15:32:32Z,AFR258,"41.755299,37.531891",35000,545,102
1784993554,2026-07-25T15:32:34Z,AFR258,"41.754253,37.539612",35000,548,101
1784993556,2026-07-25T15:32:36Z,AFR258,"41.753323,37.546608",35000,550,100
1784993558,2026-07-25T15:32:38Z,AFR258,"41.75264,37.553619",35000,545,99
1784993561,2026-07-25T15:32:41Z,AFR258,"41.752052,37.560833",35000,543,98
1784993563,2026-07-25T15:32:43Z,AFR258,"41.751511,37.567841",35000,546,97
1784993565,2026-07-25T15:32:45Z,AFR258,"41.750767,37.577385",35000,580,95
1784993567,2026-07-25T15:32:47Z,AFR258,"41.749477,37.583763",35025,420,106
1784993569,2026-07-25T15:32:49Z,AFR258,"41.749603,37.58886",35000,545,102
1784993571,2026-07-25T15:32:51Z,AFR258,"41.748856,37.596115",35000,555,86
1784993573,2026-07-25T15:32:53Z,AFR258,"41.748058,37.603642",35000,545,96
1784993575,2026-07-25T15:32:55Z,AFR258,"41.747383,37.610394",35000,546,96
1784993577,2026-07-25T15:32:57Z,AFR258,"41.746658,37.61713",35000,545,97
1784993580,2026-07-25T15:33:00Z,AFR258,"41.745899,37.624447",35000,545,97
1784993582,2026-07-25T15:33:02Z,AFR258,"41.745121,37.632",35000,544,97
1784993584,2026-07-25T15:33:04Z,AFR258,"41.744339,37.638924",35000,547,97
1784993586,2026-07-25T15:33:06Z,AFR258,"41.743565,37.645885",35000,548,98
1784993588,2026-07-25T15:33:08Z,AFR258,"41.742687,37.652637",35000,547,98
1784993590,2026-07-25T15:33:10Z,AFR258,"41.741863,37.659779",35000,547,98
1784993592,2026-07-25T15:33:12Z,AFR258,"41.741089,37.666718",35000,545,98
1784993594,2026-07-25T15:33:14Z,AFR258,"41.740318,37.673489",35000,545,98
1784993596,2026-07-25T15:33:16Z,AFR258,"41.739452,37.680882",35000,547,98
1784993598,2026-07-25T15:33:18Z,AFR258,"41.738644,37.687706",35000,544,98
1784993600,2026-07-25T15:33:20Z,AFR258,"41.737717,37.696373",35000,547,98
1784993632,2026-07-25T15:33:52Z,AFR258,"41.724567,37.800465",35000,548,99
1784993665,2026-07-25T15:34:25Z,AFR258,"41.711868,37.908318",35000,390,91
1784993667,2026-07-25T15:34:27Z,AFR258,"41.710564,37.914513",35000,310,106
1784993669,2026-07-25T15:34:29Z,AFR258,"41.709698,37.921383",35000,330,108
1784993671,2026-07-25T15:34:31Z,AFR258,"41.708775,37.928444",35000,240,85
1784993673,2026-07-25T15:34:33Z,AFR258,"41.708073,37.93597",35000,290,101
1784993675,2026-07-25T15:34:35Z,AFR258,"41.707401,37.94231",35000,564,99
1784993677,2026-07-25T15:34:37Z,AFR258,"41.706795,37.949867",35000,330,87
1784993679,2026-07-25T15:34:39Z,AFR258,"41.705189,37.958549",35000,330,21
1784993681,2026-07-25T15:34:41Z,AFR258,"41.705063,37.963276",35000,120,93
1784993684,2026-07-25T15:34:44Z,AFR258,"41.703812,37.970963",35000,555,100
1784993686,2026-07-25T15:34:46Z,AFR258,"41.702839,37.97868",35000,330,101
1784993688,2026-07-25T15:34:48Z,AFR258,"41.70219,37.984833",35000,130,94
1784993690,2026-07-25T15:34:50Z,AFR258,"41.701046,37.993038",35000,170,104
1784993692,2026-07-25T15:34:52Z,AFR258,"41.700378,37.998775",35000,170,96
1784993695,2026-07-25T15:34:55Z,AFR258,"41.698711,38.012619",35000,490,99
1784993697,2026-07-25T15:34:57Z,AFR258,"41.698483,38.016033",35000,80,108
1784993699,2026-07-25T15:34:59Z,AFR258,"41.696957,38.024952",35000,320,105
1784993701,2026-07-25T15:35:01Z,AFR258,"41.696564,38.030334",35000,310,95
1784993703,2026-07-25T15:35:03Z,AFR258,"41.695518,38.038673",35000,480,99
1784993706,2026-07-25T15:35:06Z,AFR258,"41.694584,38.044743",35000,538,94
1784993708,2026-07-25T15:35:08Z,AFR258,"41.693821,38.051544",35000,545,96
1784993711,2026-07-25T15:35:11Z,AFR258,"41.692467,38.064293",35000,530,91
1784993713,2026-07-25T15:35:13Z,AFR258,"41.691471,38.070957",35000,557,100
1784993715,2026-07-25T15:35:15Z,AFR258,"41.690487,38.077209",35000,300,104
1784993717,2026-07-25T15:35:17Z,AFR258,"41.689114,38.084721",35000,300,85
1784993720,2026-07-25T15:35:20Z,AFR258,"41.68874,38.092625",35000,370,94
1784993722,2026-07-25T15:35:22Z,AFR258,"41.687675,38.101273",35000,510,90
1784993725,2026-07-25T15:35:25Z,AFR258,"41.685806,38.111088",35025,410,104
1784993727,2026-07-25T15:35:27Z,AFR258,"41.684666,38.119122",35000,460,105
1784993730,2026-07-25T15:35:30Z,AFR258,"41.684002,38.124207",35000,320,101
1784993732,2026-07-25T15:35:32Z,AFR258,"41.682861,38.132771",35000,556,104
1784993735,2026-07-25T15:35:35Z,AFR258,"41.681904,38.142582",35000,370,97
1784993737,2026-07-25T15:35:37Z,AFR258,"41.681175,38.148846",35000,543,97
1784993739,2026-07-25T15:35:39Z,AFR258,"41.680122,38.155907",35000,546,99
1784993741,2026-07-25T15:35:41Z,AFR258,"41.679306,38.162998",35025,546,99
1784993743,2026-07-25T15:35:43Z,AFR258,"41.678177,38.170437",35000,562,102
1784993745,2026-07-25T15:35:45Z,AFR258,"41.677376,38.176697",35000,550,101
1784993747,2026-07-25T15:35:47Z,AFR258,"41.676655,38.183804",35000,547,98
1784993750,2026-07-25T15:35:50Z,AFR258,"41.675465,38.192104",35000,430,101
1784993752,2026-07-25T15:35:52Z,AFR258,"41.674911,38.197521",35000,200,77
1784993754,2026-07-25T15:35:54Z,AFR258,"41.673306,38.207272",35000,500,104
1784993756,2026-07-25T15:35:56Z,AFR258,"41.672855,38.21265",35000,530,92
1784993758,2026-07-25T15:35:58Z,AFR258,"41.671963,38.219917",35000,310,99
1784993760,2026-07-25T15:36:00Z,AFR258,"41.671009,38.227238",35000,545,99
1784993763,2026-07-25T15:36:03Z,AFR258,"41.670086,38.234234",35000,546,99
1784993765,2026-07-25T15:36:05Z,AFR258,"41.669216,38.241215",35000,545,99
1784993767,2026-07-25T15:36:07Z,AFR258,"41.668228,38.248001",35000,200,97
1784993769,2026-07-25T15:36:09Z,AFR258,"41.667484,38.254894",35000,542,98
1784993771,2026-07-25T15:36:11Z,AFR258,"41.666576,38.26186",35000,120,90
1784993774,2026-07-25T15:36:14Z,AFR258,"41.665237,38.270302",35000,380,105
1784993776,2026-07-25T15:36:16Z,AFR258,"41.664238,38.279076",35000,260,100
1784993778,2026-07-25T15:36:18Z,AFR258,"41.664276,38.285725",35000,430,86
1784993780,2026-07-25T15:36:20Z,AFR258,"41.662613,38.2911",35000,561,109
1784993783,2026-07-25T15:36:23Z,AFR258,"41.661533,38.303101",35000,480,98
1784993785,2026-07-25T15:36:25Z,AFR258,"41.661224,38.308613",35000,300,94
1784993787,2026-07-25T15:36:27Z,AFR258,"41.659828,38.316372",35000,525,112
1784993790,2026-07-25T15:36:30Z,AFR258,"41.658718,38.326015",35000,550,98
1784993792,2026-07-25T15:36:32Z,AFR258,"41.657692,38.332157",35000,500,101
1784993794,2026-07-25T15:36:34Z,AFR258,"41.65696,38.337627",35000,340,99
1784993796,2026-07-25T15:36:36Z,AFR258,"41.65625,38.344353",35000,538,99
1784993798,2026-07-25T15:36:38Z,AFR258,"41.655151,38.352398",35000,470,100
1784993800,2026-07-25T15:36:40Z,AFR258,"41.654171,38.35976",35000,553,100
1784993802,2026-07-25T15:36:42Z,AFR258,"41.653301,38.367085",35025,545,99
1784993805,2026-07-25T15:36:45Z,AFR258,"41.652092,38.375359",35000,570,102
1784993807,2026-07-25T15:36:47Z,AFR258,"41.651207,38.383549",35000,470,98
1784993809,2026-07-25T15:36:49Z,AFR258,"41.650818,38.387207",35000,120,104
1784993811,2026-07-25T15:36:51Z,AFR258,"41.650124,38.394772",35000,350,101
1784993813,2026-07-25T15:36:53Z,AFR258,"41.649181,38.403225",35000,490,98
1784993815,2026-07-25T15:36:55Z,AFR258,"41.647823,38.411671",35000,630,104
1784993819,2026-07-25T15:36:59Z,AFR258,"41.64682,38.421024",35000,440,97
1784993821,2026-07-25T15:37:01Z,AFR258,"41.646324,38.426323",35000,551,91
1784993823,2026-07-25T15:37:03Z,AFR258,"41.64571,38.433792",35000,430,96
1784993825,2026-07-25T15:37:05Z,AFR258,"41.643791,38.441132",35000,540,101
1784993827,2026-07-25T15:37:07Z,AFR258,"41.643223,38.447632",35000,380,96
1784993829,2026-07-25T15:37:09Z,AFR258,"41.64241,38.454185",35000,533,96
1784993831,2026-07-25T15:37:11Z,AFR258,"41.641487,38.461159",35000,554,106
1784993834,2026-07-25T15:37:14Z,AFR258,"41.640461,38.472523",35000,460,96
1784993836,2026-07-25T15:37:16Z,AFR258,"41.638805,38.482582",35000,700,100
1784993840,2026-07-25T15:37:20Z,AFR258,"41.637573,38.490116",35000,330,102
1784993842,2026-07-25T15:37:22Z,AFR258,"41.637016,38.498203",35000,470,95
1784993845,2026-07-25T15:37:25Z,AFR258,"41.635349,38.507946",35000,280,105
1784993847,2026-07-25T15:37:27Z,AFR258,"41.634205,38.516727",35000,480,99
1784993849,2026-07-25T15:37:29Z,AFR258,"41.633316,38.523026",35000,390,111
1784993851,2026-07-25T15:37:31Z,AFR258,"41.632687,38.530083",35000,360,95
1784993853,2026-07-25T15:37:33Z,AFR258,"41.631935,38.538109",35000,340,98
1784993857,2026-07-25T15:37:37Z,AFR258,"41.630165,38.550934",35000,510,100
1784993860,2026-07-25T15:37:40Z,AFR258,"41.629078,38.55714",35000,360,103
1784993862,2026-07-25T15:37:42Z,AFR258,"41.628284,38.565647",35000,550,95
1784993864,2026-07-25T15:37:44Z,AFR258,"41.627167,38.571278",35000,553,102
1784993866,2026-07-25T15:37:46Z,AFR258,"41.626328,38.578735",35000,220,106
1784993868,2026-07-25T15:37:48Z,AFR258,"41.625191,38.585663",35000,552,102
1784993870,2026-07-25T15:37:50Z,AFR258,"41.624378,38.592159",35000,553,100
1784993872,2026-07-25T15:37:52Z,AFR258,"41.623234,38.600719",35000,555,100
1784993875,2026-07-25T15:37:55Z,AFR258,"41.622807,38.609135",35000,250,90
1784993877,2026-07-25T15:37:57Z,AFR258,"41.621433,38.614914",35000,555,103
1784993879,2026-07-25T15:37:59Z,AFR258,"41.620583,38.621857",35000,553,100
1784993882,2026-07-25T15:38:02Z,AFR258,"41.619404,38.632732",35000,370,97
1784993885,2026-07-25T15:38:05Z,AFR258,"41.618519,38.640888",35000,554,97
1784993887,2026-07-25T15:38:07Z,AFR258,"41.617249,38.6483",35000,160,95
1784993889,2026-07-25T15:38:09Z,AFR258,"41.616367,38.656483",35000,380,97
1784993891,2026-07-25T15:38:11Z,AFR258,"41.615509,38.661751",35000,554,98
1784993893,2026-07-25T15:38:13Z,AFR258,"41.614555,38.668167",35000,554,100
1784993895,2026-07-25T15:38:15Z,AFR258,"41.61356,38.676014",35000,560,98
1784993897,2026-07-25T15:38:17Z,AFR258,"41.612362,38.684536",35000,170,105
1784993899,2026-07-25T15:38:19Z,AFR258,"41.611858,38.691063",35000,370,95
1784993901,2026-07-25T15:38:21Z,AFR258,"41.61071,38.697704",35000,554,101
1784993903,2026-07-25T15:38:23Z,AFR258,"41.609829,38.70451",35000,556,100
1784993906,2026-07-25T15:38:26Z,AFR258,"41.609035,38.711689",34975,360,97
1784993908,2026-07-25T15:38:28Z,AFR258,"41.608032,38.719044",34975,552,98
1784993910,2026-07-25T15:38:30Z,AFR258,"41.606865,38.727219",34975,500,109
1784993912,2026-07-25T15:38:32Z,AFR258,"41.606186,38.732338",35000,330,101
1784993914,2026-07-25T15:38:34Z,AFR258,"41.605198,38.74041",35000,340,98
1784993917,2026-07-25T15:38:37Z,AFR258,"41.603981,38.749432",35000,560,99
1784993919,2026-07-25T15:38:39Z,AFR258,"41.603214,38.754692",35000,260,109
1784993921,2026-07-25T15:38:41Z,AFR258,"41.602417,38.761776",35000,552,98
1784993923,2026-07-25T15:38:43Z,AFR258,"41.60136,38.769489",35000,553,99
1784993925,2026-07-25T15:38:45Z,AFR258,"41.600464,38.776199",35000,553,99
1784993927,2026-07-25T15:38:47Z,AFR258,"41.599758,38.783142",35000,320,97
1784993929,2026-07-25T15:38:49Z,AFR258,"41.59866,38.790482",35000,350,103
1784993932,2026-07-25T15:38:52Z,AFR258,"41.597672,38.798843",35000,170,99
1784993934,2026-07-25T15:38:54Z,AFR258,"41.596725,38.805492",35000,150,103
1784993936,2026-07-25T15:38:56Z,AFR258,"41.596054,38.812622",35025,550,98
1784993939,2026-07-25T15:38:59Z,AFR258,"41.594254,38.825279",35025,540,101
1784993941,2026-07-25T15:39:01Z,AFR258,"41.593403,38.832363",35000,380,100
1784993943,2026-07-25T15:39:03Z,AFR258,"41.592491,38.83786",35025,552,100
1784993945,2026-07-25T15:39:05Z,AFR258,"41.591389,38.845776",35025,450,100
1784993947,2026-07-25T15:39:07Z,AFR258,"41.590374,38.853546",35025,550,100
1784993950,2026-07-25T15:39:10Z,AFR258,"41.589577,38.859028",35025,320,100
1784993953,2026-07-25T15:39:13Z,AFR258,"41.588238,38.871284",35025,540,106
1784993955,2026-07-25T15:39:15Z,AFR258,"41.587101,38.879097",35000,360,97
1784993966,2026-07-25T15:39:26Z,AFR258,"41.582371,38.914093",35000,490,100
1784993978,2026-07-25T15:39:38Z,AFR258,"41.576698,38.955292",35000,500,100
1784994012,2026-07-25T15:40:12Z,AFR258,"41.561989,39.066734",35000,480,99
1784994022,2026-07-25T15:40:22Z,AFR258,"41.55732,39.101219",35000,350,96
1784994024,2026-07-25T15:40:24Z,AFR258,"41.556179,39.109818",35000,520,99
1784994029,2026-07-25T15:40:29Z,AFR258,"41.55423,39.124626",35000,480,99
1784994043,2026-07-25T15:40:43Z,AFR258,"41.548676,39.175301",35000,530,98
1784994046,2026-07-25T15:40:46Z,AFR258,"41.546452,39.179638",35000,310,100
1784994048,2026-07-25T15:40:48Z,AFR258,"41.545757,39.186546",35000,330,103
1784994050,2026-07-25T15:40:50Z,AFR258,"41.544483,39.195301",35000,530,100
1784994053,2026-07-25T15:40:53Z,AFR258,"41.543518,39.204308",35000,370,98
1784994056,2026-07-25T15:40:56Z,AFR258,"41.541454,39.216782",35000,530,102
1784994061,2026-07-25T15:41:01Z,AFR258,"41.539608,39.232121",35000,520,99
1784994072,2026-07-25T15:41:12Z,AFR258,"41.534595,39.268578",35000,530,100
1784994075,2026-07-25T15:41:15Z,AFR258,"41.533192,39.277882",35000,470,99
1784994077,2026-07-25T15:41:17Z,AFR258,"41.532192,39.283798",35000,360,102
1784994079,2026-07-25T15:41:19Z,AFR258,"41.531342,39.291351",35000,330,101
1784994081,2026-07-25T15:41:21Z,AFR258,"41.529922,39.300411",35000,400,93
1784994083,2026-07-25T15:41:23Z,AFR258,"41.528931,39.307468",35000,440,101
1784994086,2026-07-25T15:41:26Z,AFR258,"41.52792,39.314129",35000,410,101
1784994089,2026-07-25T15:41:29Z,AFR258,"41.526253,39.327225",35000,560,99
1784994091,2026-07-25T15:41:31Z,AFR258,"41.525715,39.331528",35000,557,98
1784994093,2026-07-25T15:41:33Z,AFR258,"41.524845,39.337822",35000,575,101
1784994095,2026-07-25T15:41:35Z,AFR258,"41.523968,39.344528",35000,550,100
1784994097,2026-07-25T15:41:37Z,AFR258,"41.522987,39.351658",35000,564,100
1784994099,2026-07-25T15:41:39Z,AFR258,"41.521912,39.359283",35000,555,100
1784994101,2026-07-25T15:41:41Z,AFR258,"41.521103,39.365257",35000,553,100
1784994103,2026-07-25T15:41:43Z,AFR258,"41.519955,39.372894",35000,210,100
1784994106,2026-07-25T15:41:46Z,AFR258,"41.518986,39.381329",35000,390,96
1784994108,2026-07-25T15:41:48Z,AFR258,"41.518166,39.387268",35000,563,99
1784994110,2026-07-25T15:41:50Z,AFR258,"41.517101,39.394932",35000,561,99
1784994112,2026-07-25T15:41:52Z,AFR258,"41.516232,39.400993",35000,552,100
1784994114,2026-07-25T15:41:54Z,AFR258,"41.515247,39.407974",35000,553,100
1784994116,2026-07-25T15:41:56Z,AFR258,"41.514355,39.415638",35000,390,97
1784994118,2026-07-25T15:41:58Z,AFR258,"41.513325,39.421864",35000,557,100
1784994120,2026-07-25T15:42:00Z,AFR258,"41.512268,39.429535",35000,330,100
1784994122,2026-07-25T15:42:02Z,AFR258,"41.511353,39.436485",35000,549,100
1784994124,2026-07-25T15:42:04Z,AFR258,"41.510422,39.443439",35000,551,100
1784994126,2026-07-25T15:42:06Z,AFR258,"41.509327,39.451332",35000,554,100
1784994129,2026-07-25T15:42:09Z,AFR258,"41.508537,39.456909",35000,553,100
1784994131,2026-07-25T15:42:11Z,AFR258,"41.507568,39.464172",35000,552,100
1784994133,2026-07-25T15:42:13Z,AFR258,"41.506676,39.470673",35000,549,100
1784994135,2026-07-25T15:42:15Z,AFR258,"41.50576,39.477657",35000,553,100
1784994167,2026-07-25T15:42:47Z,AFR258,"41.491337,39.585583",35000,270,83
1784994169,2026-07-25T15:42:49Z,AFR258,"41.489574,39.59164",35000,250,112
1784994171,2026-07-25T15:42:51Z,AFR258,"41.488892,39.598804",35000,290,98
1784994173,2026-07-25T15:42:53Z,AFR258,"41.487965,39.606541",35000,545,98
1784994176,2026-07-25T15:42:56Z,AFR258,"41.486732,39.614094",35000,550,100
1784994178,2026-07-25T15:42:58Z,AFR258,"41.485893,39.621407",35000,550,99
1784994180,2026-07-25T15:43:00Z,AFR258,"41.48455,39.629807",35000,567,107
1784994182,2026-07-25T15:43:02Z,AFR258,"41.483826,39.636326",35000,556,99
1784994184,2026-07-25T15:43:04Z,AFR258,"41.482899,39.64286",35000,551,99
1784994186,2026-07-25T15:43:06Z,AFR258,"41.481983,39.649902",35000,551,99
1784994189,2026-07-25T15:43:09Z,AFR258,"41.480659,39.657608",35000,553,101
1784994191,2026-07-25T15:43:11Z,AFR258,"41.479702,39.664864",35025,549,100
1784994193,2026-07-25T15:43:13Z,AFR258,"41.478851,39.671799",35025,549,99
1784994195,2026-07-25T15:43:15Z,AFR258,"41.477768,39.679379",35025,549,100
1784994197,2026-07-25T15:43:17Z,AFR258,"41.476891,39.686195",35000,551,100
1784994199,2026-07-25T15:43:19Z,AFR258,"41.475845,39.693485",35000,551,100
1784994201,2026-07-25T15:43:21Z,AFR258,"41.474781,39.700523",35000,554,100
1784994204,2026-07-25T15:43:24Z,AFR258,"41.473648,39.708527",35000,553,100
1784994206,2026-07-25T15:43:26Z,AFR258,"41.472698,39.715286",35000,555,100
1784994208,2026-07-25T15:43:28Z,AFR258,"41.471622,39.722267",35000,555,101
1784994210,2026-07-25T15:43:30Z,AFR258,"41.470612,39.729839",35000,553,100
1784994233,2026-07-25T15:43:53Z,AFR258,"41.45974,39.80756",35000,550,100
1784994236,2026-07-25T15:43:56Z,AFR258,"41.458988,39.814289",35000,210,97
1784994238,2026-07-25T15:43:58Z,AFR258,"41.457577,39.822311",35000,560,101
1784994240,2026-07-25T15:44:00Z,AFR258,"41.456055,39.829712",35000,460,107
1784994242,2026-07-25T15:44:02Z,AFR258,"41.455826,39.836693",35000,538,96
1784994244,2026-07-25T15:44:04Z,AFR258,"41.454739,39.842354",35000,100,103
1784994246,2026-07-25T15:44:06Z,AFR258,"41.453835,39.849895",35000,310,91
1784994248,2026-07-25T15:44:08Z,AFR258,"41.452644,39.858032",35000,535,95
1784994250,2026-07-25T15:44:10Z,AFR258,"41.451759,39.863815",35000,546,101
1784994252,2026-07-25T15:44:12Z,AFR258,"41.450771,39.870369",35000,547,107
1784994255,2026-07-25T15:44:15Z,AFR258,"41.449936,39.87719",35000,548,100
1784994257,2026-07-25T15:44:17Z,AFR258,"41.448757,39.884937",35000,552,96
1784994259,2026-07-25T15:44:19Z,AFR258,"41.447968,39.891949",35000,545,94
1784994261,2026-07-25T15:44:21Z,AFR258,"41.446888,39.898739",35000,556,101
1784994263,2026-07-25T15:44:23Z,AFR258,"41.445847,39.905346",35000,552,101
1784994265,2026-07-25T15:44:25Z,AFR258,"41.444828,39.912338",35000,553,101
1784994267,2026-07-25T15:44:27Z,AFR258,"41.443878,39.919434",35000,552,100
1784994269,2026-07-25T15:44:29Z,AFR258,"41.442844,39.92691",35000,549,100
1784994271,2026-07-25T15:44:31Z,AFR258,"41.441818,39.933765",35000,280,99
1784994273,2026-07-25T15:44:33Z,AFR258,"41.441216,39.940617",35000,541,89
1784994276,2026-07-25T15:44:36Z,AFR258,"41.439751,39.949947",35000,580,96
1784994278,2026-07-25T15:44:38Z,AFR258,"41.438744,39.954735",35000,550,101
1784994280,2026-07-25T15:44:40Z,AFR258,"41.437859,39.961777",35025,320,99
1784994282,2026-07-25T15:44:42Z,AFR258,"41.436268,39.971924",35025,610,101
1784994284,2026-07-25T15:44:44Z,AFR258,"41.435829,39.975372",35000,280,98
1784994286,2026-07-25T15:44:46Z,AFR258,"41.434834,39.982052",35000,557,101
1784994288,2026-07-25T15:44:48Z,AFR258,"41.43372,39.989952",35000,553,100
1784994291,2026-07-25T15:44:51Z,AFR258,"41.432732,39.997036",35000,551,100
1784994293,2026-07-25T15:44:53Z,AFR258,"41.43153,40.005127",35000,551,100
1784994295,2026-07-25T15:44:55Z,AFR258,"41.430542,40.012066",35000,553,100
1784994297,2026-07-25T15:44:57Z,AFR258,"41.429485,40.020405",35000,545,98
1784994299,2026-07-25T15:44:59Z,AFR258,"41.428535,40.026543",35000,360,101
1784994302,2026-07-25T15:45:02Z,AFR258,"41.427376,40.033913",35000,555,101
1784994304,2026-07-25T15:45:04Z,AFR258,"41.426334,40.04126",35000,558,100
1784994306,2026-07-25T15:45:06Z,AFR258,"41.425236,40.048557",35000,553,101
1784994308,2026-07-25T15:45:08Z,AFR258,"41.424225,40.055725",35000,340,100
1784994310,2026-07-25T15:45:10Z,AFR258,"41.423664,40.061958",35000,290,98
1784994312,2026-07-25T15:45:12Z,AFR258,"41.422306,40.070175",35000,560,100
1784994315,2026-07-25T15:45:15Z,AFR258,"41.421131,40.077213",35000,558,101
1784994319,2026-07-25T15:45:19Z,AFR258,"41.418499,40.093933",35000,558,101
1784994321,2026-07-25T15:45:21Z,AFR258,"41.417618,40.099739",35000,557,101
1784994326,2026-07-25T15:45:26Z,AFR258,"41.415047,40.116589",35000,556,101
1784994357,2026-07-25T15:45:57Z,AFR258,"41.400444,40.21944",35000,556,101
1784994368,2026-07-25T15:46:08Z,AFR258,"41.395168,40.255764",35000,538,98
1784994370,2026-07-25T15:46:10Z,AFR258,"41.394157,40.262676",35000,548,100
1784994372,2026-07-25T15:46:12Z,AFR258,"41.393192,40.269783",35000,562,100
1784994376,2026-07-25T15:46:16Z,AFR258,"41.391125,40.284172",35000,529,99
1784994408,2026-07-25T15:46:48Z,AFR258,"41.375797,40.389229",35000,522,99
1784994416,2026-07-25T15:46:56Z,AFR258,"41.371304,40.418079",35000,340,105
1784994419,2026-07-25T15:46:59Z,AFR258,"41.370514,40.424446",35025,290,102
1784994421,2026-07-25T15:47:01Z,AFR258,"41.369572,40.43185",35000,541,99
1784994423,2026-07-25T15:47:03Z,AFR258,"41.368477,40.438919",35000,544,100
1784994425,2026-07-25T15:47:05Z,AFR258,"41.367489,40.445694",35000,546,100
1784994428,2026-07-25T15:47:08Z,AFR258,"41.36623,40.454422",35000,548,100
1784994430,2026-07-25T15:47:10Z,AFR258,"41.365265,40.460865",35000,546,101
1784994432,2026-07-25T15:47:12Z,AFR258,"41.364223,40.468262",35000,548,100
1784994434,2026-07-25T15:47:14Z,AFR258,"41.363144,40.475376",35000,547,101
1784994436,2026-07-25T15:47:16Z,AFR258,"41.362106,40.482063",35000,548,101
1784994438,2026-07-25T15:47:18Z,AFR258,"41.361023,40.489529",35000,545,101
1784994440,2026-07-25T15:47:20Z,AFR258,"41.359913,40.496834",35000,548,101
1784994443,2026-07-25T15:47:23Z,AFR258,"41.358898,40.503468",35000,270,101
1784994445,2026-07-25T15:47:25Z,AFR258,"41.357765,40.511208",35000,537,100
1784994453,2026-07-25T15:47:33Z,AFR258,"41.353474,40.539402",35000,539,100
1784994456,2026-07-25T15:47:36Z,AFR258,"41.35228,40.547535",35000,543,100
1784994469,2026-07-25T15:47:49Z,AFR258,"41.346134,40.589066",35000,540,101
1784994471,2026-07-25T15:47:51Z,AFR258,"41.345146,40.596252",35000,537,100
1784994473,2026-07-25T15:47:53Z,AFR258,"41.344242,40.602436",35025,540,100
1784994475,2026-07-25T15:47:55Z,AFR258,"41.34306,40.61013",35000,502,98
1784994477,2026-07-25T15:47:57Z,AFR258,"41.342072,40.617039",35025,260,101
1784994479,2026-07-25T15:47:59Z,AFR258,"41.341251,40.623493",35000,487,92
1784994481,2026-07-25T15:48:01Z,AFR258,"41.340069,40.630562",35000,530,99
1784994483,2026-07-25T15:48:03Z,AFR258,"41.338913,40.637779",35000,538,101
1784994486,2026-07-25T15:48:06Z,AFR258,"41.33794,40.64436",35000,541,100
1784994488,2026-07-25T15:48:08Z,AFR258,"41.337017,40.651043",35000,537,100
1784994490,2026-07-25T15:48:10Z,AFR258,"41.336014,40.65852",35025,540,100
1784994492,2026-07-25T15:48:12Z,AFR258,"41.334915,40.66534",35000,250,103
1784994494,2026-07-25T15:48:14Z,AFR258,"41.333546,40.672348",35000,350,108
1784994496,2026-07-25T15:48:16Z,AFR258,"41.333027,40.678852",35000,519,97
1784994498,2026-07-25T15:48:18Z,AFR258,"41.331829,40.687141",35000,430,103
1784994500,2026-07-25T15:48:20Z,AFR258,"41.33099,40.692425",35000,538,100
1784994502,2026-07-25T15:48:22Z,AFR258,"41.329479,40.700523",35000,543,100
1784994505,2026-07-25T15:48:25Z,AFR258,"41.328712,40.707005",35000,538,99
1784994507,2026-07-25T15:48:27Z,AFR258,"41.327564,40.714054",35000,548,101
1784994509,2026-07-25T15:48:29Z,AFR258,"41.326687,40.720623",35000,538,100
1784994511,2026-07-25T15:48:31Z,AFR258,"41.325603,40.727474",35000,280,89
1784994513,2026-07-25T15:48:33Z,AFR258,"41.324738,40.734215",35000,534,98
1784994515,2026-07-25T15:48:35Z,AFR258,"41.323547,40.741699",35000,538,100
1784994517,2026-07-25T15:48:37Z,AFR258,"41.322594,40.74789",35000,543,100
1784994519,2026-07-25T15:48:39Z,AFR258,"41.321457,40.755337",35000,542,101
1784994521,2026-07-25T15:48:41Z,AFR258,"41.320648,40.761497",35000,540,100
1784994523,2026-07-25T15:48:43Z,AFR258,"41.319592,40.76889",35000,537,100
1784994525,2026-07-25T15:48:45Z,AFR258,"41.318932,40.774685",35000,534,99
1784994527,2026-07-25T15:48:47Z,AFR258,"41.317631,40.782238",35000,545,101
1784994530,2026-07-25T15:48:50Z,AFR258,"41.316586,40.7883",35000,546,101
1784994532,2026-07-25T15:48:52Z,AFR258,"41.315254,40.795826",35000,548,102
1784994534,2026-07-25T15:48:54Z,AFR258,"41.314198,40.803524",35000,544,101
1784994536,2026-07-25T15:48:56Z,AFR258,"41.313412,40.809261",35000,541,100
1784994538,2026-07-25T15:48:58Z,AFR258,"41.312313,40.815907",35000,553,101
1784994540,2026-07-25T15:49:00Z,AFR258,"41.311604,40.822231",35025,538,100
1784994542,2026-07-25T15:49:02Z,AFR258,"41.310181,40.830143",35000,550,102
1784994544,2026-07-25T15:49:04Z,AFR258,"41.30891,40.837246",35000,553,102
1784994546,2026-07-25T15:49:06Z,AFR258,"41.307938,40.843037",35000,555,102
1784994548,2026-07-25T15:49:08Z,AFR258,"41.307121,40.849667",35000,544,101
1784994550,2026-07-25T15:49:10Z,AFR258,"41.306274,40.856804",35025,543,100
1784994552,2026-07-25T15:49:12Z,AFR258,"41.305351,40.86367",35000,541,100
1784994555,2026-07-25T15:49:15Z,AFR258,"41.303059,40.874004",35000,690,109
1784994557,2026-07-25T15:49:17Z,AFR258,"41.302937,40.879101",35000,350,87
1784994560,2026-07-25T15:49:20Z,AFR258,"41.302155,40.888889",35000,400,96
1784994562,2026-07-25T15:49:22Z,AFR258,"41.299549,40.896484",35000,360,99
1784994564,2026-07-25T15:49:24Z,AFR258,"41.300148,40.903084",35000,270,100
1784994567,2026-07-25T15:49:27Z,AFR258,"41.298622,40.913025",35000,210,104
1784994572,2026-07-25T15:49:32Z,AFR258,"41.29707,40.925686",35000,420,100
1784994582,2026-07-25T15:49:42Z,AFR258,"41.292103,40.960403",35000,510,100
1784994584,2026-07-25T15:49:44Z,AFR258,"41.290733,40.967716",35000,552,102
1784994587,2026-07-25T15:49:47Z,AFR258,"41.28756,40.976212",35000,300,100
1784994590,2026-07-25T15:49:50Z,AFR258,"41.288532,40.98637",35000,320,98
1784994592,2026-07-25T15:49:52Z,AFR258,"41.284954,40.993614",35025,500,123
1784994594,2026-07-25T15:49:54Z,AFR258,"41.28516,41.003113",35000,420,109
1784994596,2026-07-25T15:49:56Z,AFR258,"41.282425,41.009529",35000,430,119
1784994598,2026-07-25T15:49:58Z,AFR258,"41.281593,41.016151",35000,470,103
1784994601,2026-07-25T15:50:01Z,AFR258,"41.283463,41.02235",35000,180,108
1784994604,2026-07-25T15:50:04Z,AFR258,"41.282528,41.02961",35000,528,98
1784994607,2026-07-25T15:50:07Z,AFR258,"41.281029,41.040836",35000,450,100
1784994609,2026-07-25T15:50:09Z,AFR258,"41.276123,41.051102",35000,700,122
1784994615,2026-07-25T15:50:15Z,AFR258,"41.277294,41.068249",35000,390,84
1784994620,2026-07-25T15:50:20Z,AFR258,"41.275307,41.08213",35000,470,100
1784994624,2026-07-25T15:50:24Z,AFR258,"41.273422,41.096413",35000,290,103
1784994626,2026-07-25T15:50:26Z,AFR258,"41.267933,41.106266",34975,499,99
1784994628,2026-07-25T15:50:28Z,AFR258,"41.266697,41.113552",35000,430,102
1784994630,2026-07-25T15:50:30Z,AFR258,"41.265476,41.121521",35000,500,128
1784994634,2026-07-25T15:50:34Z,AFR258,"41.263573,41.11993",35000,110,97
1784994636,2026-07-25T15:50:36Z,AFR258,"41.26635,41.135662",35000,110,93
1784994638,2026-07-25T15:50:38Z,AFR258,"41.264626,41.145599",35000,560,102
1784994640,2026-07-25T15:50:40Z,AFR258,"41.263931,41.151337",35000,440,109
1784994643,2026-07-25T15:50:43Z,AFR258,"41.264736,41.159664",35000,160,46
1784994646,2026-07-25T15:50:46Z,AFR258,"41.261364,41.16835",35000,830,68
1784994648,2026-07-25T15:50:48Z,AFR258,"41.257057,41.177902",35000,990,86
1784994651,2026-07-25T15:50:51Z,AFR258,"41.254967,41.189713",35000,460,132
1784994653,2026-07-25T15:50:53Z,AFR258,"41.253826,41.197556",35000,330,99
1784994655,2026-07-25T15:50:55Z,AFR258,"41.251984,41.204987",35000,440,108
1784994658,2026-07-25T15:50:58Z,AFR258,"41.251713,41.210045",35000,536,101
1784994660,2026-07-25T15:51:00Z,AFR258,"41.250187,41.217545",35000,320,108
1784994664,2026-07-25T15:51:04Z,AFR258,"41.25148,41.230892",35000,410,80
1784994668,2026-07-25T15:51:08Z,AFR258,"41.246853,41.244347",35000,640,128
1784994672,2026-07-25T15:51:12Z,AFR258,"41.244556,41.260559",35000,540,100
1784994674,2026-07-25T15:51:14Z,AFR258,"41.24366,41.264721",35000,140,104
1784994678,2026-07-25T15:51:18Z,AFR258,"41.244995,41.275146",35025,360,119
1784994680,2026-07-25T15:51:20Z,AFR258,"41.240486,41.282944",35000,360,106
1784994684,2026-07-25T15:51:24Z,AFR258,"41.238625,41.296623",35025,260,91
1784994686,2026-07-25T15:51:26Z,AFR258,"41.236389,41.306747",35025,640,106
1784994688,2026-07-25T15:51:28Z,AFR258,"41.236004,41.310616",35025,538,91
1784994690,2026-07-25T15:51:30Z,AFR258,"41.235226,41.318462",35025,470,101
1784994692,2026-07-25T15:51:32Z,AFR258,"41.234341,41.325085",35025,200,98
1784994694,2026-07-25T15:51:34Z,AFR258,"41.233253,41.331882",35025,380,101
1784994697,2026-07-25T15:51:37Z,AFR258,"41.232616,41.338249",35000,518,97
1784994700,2026-07-25T15:51:40Z,AFR258,"41.230782,41.34914",35000,547,101
1784994704,2026-07-25T15:51:44Z,AFR258,"41.228336,41.365303",35000,530,101
1784994707,2026-07-25T15:51:47Z,AFR258,"41.22699,41.374023",35000,540,101
1784994709,2026-07-25T15:51:49Z,AFR258,"41.226028,41.380985",35000,545,100
1784994718,2026-07-25T15:51:58Z,AFR258,"41.220276,41.410236",35000,540,104
1784994720,2026-07-25T15:52:00Z,AFR258,"41.2192,41.417095",35025,544,101
1784994722,2026-07-25T15:52:02Z,AFR258,"41.218117,41.423847",35000,553,101
1784994724,2026-07-25T15:52:04Z,AFR258,"41.217209,41.429775",35000,551,101
1784994752,2026-07-25T15:52:32Z,AFR258,"41.20298,41.522007",35000,380,107
1784994754,2026-07-25T15:52:34Z,AFR258,"41.202038,41.529732",35000,340,96
1784994771,2026-07-25T15:52:51Z,AFR258,"41.192631,41.588665",35000,541,101
1784994774,2026-07-25T15:52:54Z,AFR258,"41.19202,41.592194",35000,543,102
1784994778,2026-07-25T15:52:58Z,AFR258,"41.189445,41.608635",35000,544,101
1784994780,2026-07-25T15:53:00Z,AFR258,"41.18882,41.613148",35000,544,101
1784994811,2026-07-25T15:53:31Z,AFR258,"41.172573,41.717148",35000,538,102
1784994816,2026-07-25T15:53:36Z,AFR258,"41.170132,41.732357",35000,250,99
1784994819,2026-07-25T15:53:39Z,AFR258,"41.169422,41.738125",35000,503,100
1784994821,2026-07-25T15:53:41Z,AFR258,"41.167381,41.749191",35000,640,105
1784994824,2026-07-25T15:53:44Z,AFR258,"41.166485,41.757446",35000,350,98
1784994826,2026-07-25T15:53:46Z,AFR258,"41.165192,41.76273",35000,240,111
1784994828,2026-07-25T15:53:48Z,AFR258,"41.164047,41.771099",35000,470,103
1784994830,2026-07-25T15:53:50Z,AFR258,"41.163147,41.777729",35000,410,100
1784994832,2026-07-25T15:53:52Z,AFR258,"41.162319,41.783154",35000,518,101
1784994835,2026-07-25T15:53:55Z,AFR258,"41.160973,41.790462",35000,547,103
1784994838,2026-07-25T15:53:58Z,AFR258,"41.159107,41.801842",35000,430,101
1784994843,2026-07-25T15:54:03Z,AFR258,"41.156635,41.818336",35000,460,101
1784994845,2026-07-25T15:54:05Z,AFR258,"41.155651,41.824512",35000,524,101
1784994851,2026-07-25T15:54:11Z,AFR258,"41.15279,41.842152",35000,450,102
1784994853,2026-07-25T15:54:13Z,AFR258,"41.151752,41.848972",35000,552,101
1784994855,2026-07-25T15:54:15Z,AFR258,"41.15044,41.856514",35000,559,102
1784994857,2026-07-25T15:54:17Z,AFR258,"41.149254,41.863659",35000,549,102
1784994859,2026-07-25T15:54:19Z,AFR258,"41.14772,41.873287",35000,480,104
1784994864,2026-07-25T15:54:24Z,AFR258,"41.146023,41.884735",35000,370,101
1784994867,2026-07-25T15:54:27Z,AFR258,"41.144341,41.898376",35000,570,99
1784994869,2026-07-25T15:54:29Z,AFR258,"41.143211,41.902924",35000,540,110
1784994874,2026-07-25T15:54:34Z,AFR258,"41.140442,41.916721",35000,510,105
1784994876,2026-07-25T15:54:36Z,AFR258,"41.139709,41.922207",35000,190,114
1784994879,2026-07-25T15:54:39Z,AFR258,"41.138775,41.934025",35000,500,95
1784994881,2026-07-25T15:54:41Z,AFR258,"41.137238,41.939438",35000,547,102
1784994884,2026-07-25T15:54:44Z,AFR258,"41.135475,41.949474",35000,546,103
1784994886,2026-07-25T15:54:46Z,AFR258,"41.134682,41.956299",35000,525,99
1784994888,2026-07-25T15:54:48Z,AFR258,"41.133286,41.963284",35000,542,102
1784994890,2026-07-25T15:54:50Z,AFR258,"41.132549,41.969574",35025,40,98
1784994892,2026-07-25T15:54:52Z,AFR258,"41.131126,41.97736",35025,549,103
1784994894,2026-07-25T15:54:54Z,AFR258,"41.130207,41.983395",35025,543,102
1784994896,2026-07-25T15:54:56Z,AFR258,"41.129303,41.989666",35025,538,101
1784994898,2026-07-25T15:54:58Z,AFR258,"41.128067,41.996571",35025,546,102
1784994901,2026-07-25T15:55:01Z,AFR258,"41.127064,42.003487",35025,538,101
1784994903,2026-07-25T15:55:03Z,AFR258,"41.125996,42.010227",35025,537,101
1784994905,2026-07-25T15:55:05Z,AFR258,"41.124802,42.017036",35025,542,102
1784994907,2026-07-25T15:55:07Z,AFR258,"41.123798,42.023746",35025,540,101
1784994909,2026-07-25T15:55:09Z,AFR258,"41.122604,42.030792",35000,542,102
1784994911,2026-07-25T15:55:11Z,AFR258,"41.121563,42.037247",35000,544,102
1784994913,2026-07-25T15:55:13Z,AFR258,"41.120193,42.045288",35000,567,105
1784994915,2026-07-25T15:55:15Z,AFR258,"41.119396,42.05106",35000,550,102
1784994918,2026-07-25T15:55:18Z,AFR258,"41.118282,42.057693",35000,543,102
1784994920,2026-07-25T15:55:20Z,AFR258,"41.117188,42.065338",35000,539,101
1784994922,2026-07-25T15:55:22Z,AFR258,"41.116024,42.072044",35000,542,102
1784994924,2026-07-25T15:55:24Z,AFR258,"41.115093,42.078297",35000,541,101
1784994926,2026-07-25T15:55:26Z,AFR258,"41.113937,42.085041",35000,541,102
1784994928,2026-07-25T15:55:28Z,AFR258,"41.112732,42.092434",35000,550,102
1784994930,2026-07-25T15:55:30Z,AFR258,"41.111729,42.098656",35000,545,102
1784994932,2026-07-25T15:55:32Z,AFR258,"41.110706,42.105461",35000,542,101
1784994934,2026-07-25T15:55:34Z,AFR258,"41.109695,42.111988",35000,120,83
1784994936,2026-07-25T15:55:36Z,AFR258,"41.108387,42.120316",35000,490,100
1784994938,2026-07-25T15:55:38Z,AFR258,"41.107357,42.125797",35000,547,103
1784994940,2026-07-25T15:55:40Z,AFR258,"41.106197,42.132366",35000,550,103
1784994943,2026-07-25T15:55:43Z,AFR258,"41.105175,42.139496",35000,542,102
1784994945,2026-07-25T15:55:45Z,AFR258,"41.103649,42.146847",35000,390,107
1784994947,2026-07-25T15:55:47Z,AFR258,"41.102955,42.153461",35000,557,101
1784994949,2026-07-25T15:55:49Z,AFR258,"41.101391,42.161263",35000,250,107
1784994951,2026-07-25T15:55:51Z,AFR258,"41.1007,42.167019",35000,521,97
1784994953,2026-07-25T15:55:53Z,AFR258,"41.099564,42.174404",35000,527,100
1784994956,2026-07-25T15:55:56Z,AFR258,"41.098473,42.181053",35000,531,96
1784994958,2026-07-25T15:55:58Z,AFR258,"41.097214,42.188606",35000,546,101
1784994960,2026-07-25T15:56:00Z,AFR258,"41.096226,42.19471",35000,542,101
1784994962,2026-07-25T15:56:02Z,AFR258,"41.095097,42.201439",35000,551,102
1784994964,2026-07-25T15:56:04Z,AFR258,"41.093891,42.208942",35000,552,102
1784994966,2026-07-25T15:56:06Z,AFR258,"41.092754,42.21629",35000,544,101
1784994968,2026-07-25T15:56:08Z,AFR258,"41.091568,42.223019",35000,550,102
1784994970,2026-07-25T15:56:10Z,AFR258,"41.090508,42.229961",35000,543,101
1784994973,2026-07-25T15:56:13Z,AFR258,"41.089306,42.237411",35000,543,102
1784994975,2026-07-25T15:56:15Z,AFR258,"41.08823,42.244167",35000,543,102
1784994977,2026-07-25T15:56:17Z,AFR258,"41.086899,42.251404",35000,549,102
1784994979,2026-07-25T15:56:19Z,AFR258,"41.085934,42.258053",35000,543,101
1784994981,2026-07-25T15:56:21Z,AFR258,"41.084908,42.264481",35000,545,101
1784994983,2026-07-25T15:56:23Z,AFR258,"41.083515,42.272434",35000,548,102
1784994985,2026-07-25T15:56:25Z,AFR258,"41.082554,42.279018",35025,545,101
1784995011,2026-07-25T15:56:51Z,AFR258,"41.069336,42.36031",35000,280,99
1784995013,2026-07-25T15:56:53Z,AFR258,"41.067986,42.367287",35000,555,104
1784995015,2026-07-25T15:56:55Z,AFR258,"41.067093,42.373699",35000,543,101
1784995017,2026-07-25T15:56:57Z,AFR258,"41.065887,42.38023",35000,546,102
1784995019,2026-07-25T15:56:59Z,AFR258,"41.064922,42.386799",35000,545,102
1784995021,2026-07-25T15:57:01Z,AFR258,"41.06377,42.393337",35000,546,102
1784995023,2026-07-25T15:57:03Z,AFR258,"41.062725,42.399757",35000,540,102
1784995025,2026-07-25T15:57:05Z,AFR258,"41.061535,42.406651",35000,548,102
1784995027,2026-07-25T15:57:07Z,AFR258,"41.06039,42.414124",35000,544,101
1784995029,2026-07-25T15:57:09Z,AFR258,"41.059299,42.421101",35000,549,101
1784995031,2026-07-25T15:57:11Z,AFR258,"41.05822,42.427597",35000,543,101
1784995033,2026-07-25T15:57:13Z,AFR258,"41.057114,42.434265",35000,542,102
1784995035,2026-07-25T15:57:15Z,AFR258,"41.055851,42.441189",35000,549,102
1784995037,2026-07-25T15:57:17Z,AFR258,"41.054611,42.448036",35000,546,103
1784995039,2026-07-25T15:57:19Z,AFR258,"41.053543,42.455021",35000,547,102
1784995058,2026-07-25T15:57:38Z,AFR258,"41.043316,42.516968",35000,542,101
1784995060,2026-07-25T15:57:40Z,AFR258,"41.042278,42.523033",35000,546,102
1784995062,2026-07-25T15:57:42Z,AFR258,"41.041229,42.529758",35000,546,101
1784995064,2026-07-25T15:57:44Z,AFR258,"41.040134,42.536629",35000,544,101
1784995067,2026-07-25T15:57:47Z,AFR258,"41.038975,42.543148",35000,546,102
1784995069,2026-07-25T15:57:49Z,AFR258,"41.037952,42.550049",35000,553,101
1784995071,2026-07-25T15:57:51Z,AFR258,"41.036865,42.556778",35000,554,101
1784995073,2026-07-25T15:57:53Z,AFR258,"41.035732,42.564034",35000,553,101
1784995075,2026-07-25T15:57:55Z,AFR258,"41.034496,42.571117",35000,545,102
1784995086,2026-07-25T15:58:06Z,AFR258,"41.028774,42.604935",35000,545,103
1784995117,2026-07-25T15:58:37Z,AFR258,"41.011642,42.706356",35000,545,100
1784995121,2026-07-25T15:58:41Z,AFR258,"41.009174,42.719486",35000,574,106
1784995124,2026-07-25T15:58:44Z,AFR258,"41.007545,42.730976",35025,617,95
1784995126,2026-07-25T15:58:46Z,AFR258,"41.006344,42.737568",35025,574,101
1784995128,2026-07-25T15:58:48Z,AFR258,"41.004631,42.746212",35025,330,104
1784995130,2026-07-25T15:58:50Z,AFR258,"41.004017,42.751904",35025,538,101
1784995132,2026-07-25T15:58:52Z,AFR258,"41.002769,42.758354",35025,548,102
1784995135,2026-07-25T15:58:55Z,AFR258,"41.001633,42.7649",35000,549,102
1784995137,2026-07-25T15:58:57Z,AFR258,"41.000584,42.771667",35000,550,102
1784995139,2026-07-25T15:58:59Z,AFR258,"40.999428,42.778591",35000,551,102
1784995141,2026-07-25T15:59:01Z,AFR258,"40.998333,42.784912",35000,549,102
1784995143,2026-07-25T15:59:03Z,AFR258,"40.997154,42.791611",35000,551,102
1784995145,2026-07-25T15:59:05Z,AFR258,"40.996002,42.798241",35000,547,102
1784995147,2026-07-25T15:59:07Z,AFR258,"40.994747,42.805332",35000,559,102
1784995149,2026-07-25T15:59:09Z,AFR258,"40.993206,42.813824",35000,559,103
1784995151,2026-07-25T15:59:11Z,AFR258,"40.992405,42.819725",35000,529,102
1784995154,2026-07-25T15:59:14Z,AFR258,"40.991093,42.826447",35025,544,103
1784995156,2026-07-25T15:59:16Z,AFR258,"40.989925,42.833584",35000,547,102
1784995187,2026-07-25T15:59:47Z,AFR258,"40.972263,42.936485",35000,551,102
1784995219,2026-07-25T16:00:19Z,AFR258,"40.954315,43.040764",35000,551,102
1784995250,2026-07-25T16:00:50Z,AFR258,"40.93681,43.142078",35000,550,102
1784995281,2026-07-25T16:01:21Z,AFR258,"40.919041,43.243977",35000,550,103
1784995312,2026-07-25T16:01:52Z,AFR258,"40.901073,43.347141",35000,551,103
1784995344,2026-07-25T16:02:24Z,AFR258,"40.882885,43.450253",35000,547,103
1784995375,2026-07-25T16:02:55Z,AFR258,"40.864803,43.553036",35000,550,103
1784995407,2026-07-25T16:03:27Z,AFR258,"40.848198,43.655647",35000,554,99
1784995438,2026-07-25T16:03:58Z,AFR258,"40.838966,43.761024",35000,558,93
1784995470,2026-07-25T16:04:30Z,AFR258,"40.835609,43.868813",35000,558,92
1784995502,2026-07-25T16:05:02Z,AFR258,"40.83176,43.975185",35000,554,92
1784995535,2026-07-25T16:05:35Z,AFR258,"40.827656,44.087814",35000,555,92
1784995567,2026-07-25T16:06:07Z,AFR258,"40.823963,44.195152",35000,555,92
1784995599,2026-07-25T16:06:39Z,AFR258,"40.819611,44.303955",35000,555,92
1784995630,2026-07-25T16:07:10Z,AFR258,"40.815685,44.409317",35000,555,92
1784995662,2026-07-25T16:07:42Z,AFR258,"40.811455,44.516819",35000,552,93
1784995693,2026-07-25T16:08:13Z,AFR258,"40.806973,44.62431",35000,550,93
1784995725,2026-07-25T16:08:45Z,AFR258,"40.802872,44.729847",35000,551,93
1784995756,2026-07-25T16:09:16Z,AFR258,"40.798382,44.833416",35000,551,93
1784995787,2026-07-25T16:09:47Z,AFR258,"40.794106,44.938389",35000,550,93
1784995819,2026-07-25T16:10:19Z,AFR258,"40.789539,45.043747",35025,549,93
1784995850,2026-07-25T16:10:50Z,AFR258,"40.784878,45.148235",35000,550,93
1784995882,2026-07-25T16:11:22Z,AFR258,"40.780148,45.254566",35000,552,93
1784995913,2026-07-25T16:11:53Z,AFR258,"40.775448,45.359165",35000,550,93
1784995945,2026-07-25T16:12:25Z,AFR258,"40.771843,45.46537",35000,553,90
1784995977,2026-07-25T16:12:57Z,AFR258,"40.776379,45.573433",35000,559,84
1784996009,2026-07-25T16:13:29Z,AFR258,"40.786983,45.681305",35000,558,84
1784996025,2026-07-25T16:13:45Z,AFR258,"40.788498,45.736565",35000,553,91
1784996027,2026-07-25T16:13:47Z,AFR258,"40.788345,45.743382",35000,552,92
1784996029,2026-07-25T16:13:49Z,AFR258,"40.788097,45.750164",35000,551,93
1784996031,2026-07-25T16:13:51Z,AFR258,"40.787758,45.757141",35000,551,93
1784996033,2026-07-25T16:13:53Z,AFR258,"40.787392,45.764999",35000,551,93
1784996036,2026-07-25T16:13:56Z,AFR258,"40.787029,45.771809",35000,551,93
1784996067,2026-07-25T16:14:27Z,AFR258,"40.782433,45.875729",35000,550,92
1784996098,2026-07-25T16:14:58Z,AFR258,"40.779388,45.980198",35100,550,92
1784996129,2026-07-25T16:15:29Z,AFR258,"40.775955,46.084064",35400,548,92
1784996160,2026-07-25T16:16:00Z,AFR258,"40.772282,46.189102",35525,550,92
1784996192,2026-07-25T16:16:32Z,AFR258,"40.769051,46.295303",35600,551,92
1784996224,2026-07-25T16:17:04Z,AFR258,"40.765633,46.399467",36000,543,92
1784996255,2026-07-25T16:17:35Z,AFR258,"40.762218,46.5028",36300,539,92
1784996287,2026-07-25T16:18:07Z,AFR258,"40.75853,46.607357",36525,536,92
1784996319,2026-07-25T16:18:39Z,AFR258,"40.754684,46.711254",36675,536,92
1784996351,2026-07-25T16:19:11Z,AFR258,"40.750542,46.814571",36775,536,93
1784996382,2026-07-25T16:19:42Z,AFR258,"40.74609,46.917583",36925,538,93
1784996414,2026-07-25T16:20:14Z,AFR258,"40.742245,47.021927",36950,540,93
1784996446,2026-07-25T16:20:46Z,AFR258,"40.73774,47.127052",37000,541,93
1784996478,2026-07-25T16:21:18Z,AFR258,"40.733025,47.231159",37000,542,93
1784996509,2026-07-25T16:21:49Z,AFR258,"40.728352,47.335468",37000,542,93
1784996541,2026-07-25T16:22:21Z,AFR258,"40.723564,47.441376",37000,545,93
1784996574,2026-07-25T16:22:54Z,AFR258,"40.718536,47.548588",37000,548,93
1784996605,2026-07-25T16:23:25Z,AFR258,"40.713558,47.651817",37000,548,93
1784996637,2026-07-25T16:23:57Z,AFR258,"40.708241,47.759308",37000,543,93
1784996669,2026-07-25T16:24:29Z,AFR258,"40.703094,47.862648",37000,540,93
1784996701,2026-07-25T16:25:01Z,AFR258,"40.697926,47.966351",37000,538,93
1784996732,2026-07-25T16:25:32Z,AFR258,"40.692558,48.070461",37000,539,93
1784996763,2026-07-25T16:26:03Z,AFR258,"40.687477,48.169113",37000,540,94
1784996794,2026-07-25T16:26:34Z,AFR258,"40.682037,48.271984",37000,538,94
1784996826,2026-07-25T16:27:06Z,AFR258,"40.676308,48.376312",37000,540,94
1784996858,2026-07-25T16:27:38Z,AFR258,"40.670731,48.47998",37000,542,94
1784996890,2026-07-25T16:28:10Z,AFR258,"40.665066,48.584991",37000,544,94
1784996922,2026-07-25T16:28:42Z,AFR258,"40.659286,48.690296",37000,545,94
1784996954,2026-07-25T16:29:14Z,AFR258,"40.65337,48.795712",37000,545,94
1784996986,2026-07-25T16:29:46Z,AFR258,"40.64732,48.901688",37000,545,94
1784997017,2026-07-25T16:30:17Z,AFR258,"40.641197,49.006493",37000,545,94
1784997049,2026-07-25T16:30:49Z,AFR258,"40.634983,49.108932",37000,543,94
1784997079,2026-07-25T16:31:19Z,AFR258,"40.629044,49.209991",37000,543,94
1784997111,2026-07-25T16:31:51Z,AFR258,"40.622749,49.314156",37000,544,94
1784997142,2026-07-25T16:32:22Z,AFR258,"40.616161,49.41634",37000,544,94
1784997174,2026-07-25T16:32:54Z,AFR258,"40.609646,49.520073",37000,544,94
1784997205,2026-07-25T16:33:25Z,AFR258,"40.602852,49.624607",37000,544,95
1784997237,2026-07-25T16:33:57Z,AFR258,"40.596306,49.729641",37000,545,95
1784997268,2026-07-25T16:34:28Z,AFR258,"40.587734,49.834423",37000,543,95
1784997300,2026-07-25T16:35:00Z,AFR258,"40.580658,49.935921",37000,540,95
1784997332,2026-07-25T16:35:32Z,AFR258,"40.573021,50.041664",37000,542,95
1784997364,2026-07-25T16:36:04Z,AFR258,"40.565109,50.147282",37000,542,95
1784997396,2026-07-25T16:36:36Z,AFR258,"40.557102,50.251152",37000,544,95
1784997427,2026-07-25T16:37:07Z,AFR258,"40.548954,50.356522",37000,543,95
1784997460,2026-07-25T16:37:40Z,AFR258,"40.540855,50.462204",37000,544,95
1784997491,2026-07-25T16:38:11Z,AFR258,"40.53294,50.564823",37000,542,95
1784997523,2026-07-25T16:38:43Z,AFR258,"40.524902,50.668884",37000,544,95
1784997555,2026-07-25T16:39:15Z,AFR258,"40.517391,50.774689",37000,544,95
1784997586,2026-07-25T16:39:46Z,AFR258,"40.510456,50.877373",37000,543,95
1784997618,2026-07-25T16:40:18Z,AFR258,"40.503342,50.981445",37000,543,95
1784997650,2026-07-25T16:40:50Z,AFR258,"40.495972,51.086182",37000,542,95
1784997682,2026-07-25T16:41:22Z,AFR258,"40.488464,51.190369",37000,542,95
1784997715,2026-07-25T16:41:55Z,AFR258,"40.480499,51.297241",37000,541,95
1784997745,2026-07-25T16:42:25Z,AFR258,"40.473026,51.396042",37000,540,95
1784997778,2026-07-25T16:42:58Z,AFR258,"40.463253,51.50272",37000,540,99
1784997811,2026-07-25T16:43:31Z,AFR258,"40.445251,51.6073",37000,539,104
1784997843,2026-07-25T16:44:03Z,AFR258,"40.426346,51.70874",37000,540,103
1784997875,2026-07-25T16:44:35Z,AFR258,"40.407436,51.812271",37000,540,103
1784997906,2026-07-25T16:45:06Z,AFR258,"40.389404,51.911133",37000,541,103
1784997937,2026-07-25T16:45:37Z,AFR258,"40.371685,52.009277",37000,540,103
1784997968,2026-07-25T16:46:08Z,AFR258,"40.353806,52.108154",37000,537,103
1784998001,2026-07-25T16:46:41Z,AFR258,"40.335094,52.210777",37000,535,103
1784998032,2026-07-25T16:47:12Z,AFR258,"40.316986,52.308281",37000,534,103
1784998063,2026-07-25T16:47:43Z,AFR258,"40.298504,52.405846",37000,533,103
1784998095,2026-07-25T16:48:15Z,AFR258,"40.276337,52.504639",37000,533,109
1784998127,2026-07-25T16:48:47Z,AFR258,"40.245899,52.599606",37000,533,115
1784998159,2026-07-25T16:49:19Z,AFR258,"40.209137,52.688416",37000,533,121
1784998191,2026-07-25T16:49:51Z,AFR258,"40.165691,52.773514",37000,532,125
1784998221,2026-07-25T16:50:21Z,AFR258,"40.122757,52.854492",37000,531,124
1784998255,2026-07-25T16:50:55Z,AFR258,"40.078266,52.939182",37000,530,122
1784998285,2026-07-25T16:51:25Z,AFR258,"40.039066,53.027946",37000,532,117
1784998324,2026-07-25T16:52:04Z,AFR258,"40.001816,53.140259",37000,533,110
1784998359,2026-07-25T16:52:39Z,AFR258,"39.971939,53.246113",37000,534,110
1784998400,2026-07-25T16:53:20Z,AFR258,"39.936356,53.368896",37000,532,110
1784998444,2026-07-25T16:54:04Z,AFR258,"39.911655,53.454468",37000,30,110
1784998480,2026-07-25T16:54:40Z,AFR258,"39.875656,53.579067",37000,531,110
1784998516,2026-07-25T16:55:16Z,AFR258,"39.835648,53.716877",37000,531,110
1784998551,2026-07-25T16:55:51Z,AFR258,"39.813034,53.794315",37000,531,110
1784998583,2026-07-25T16:56:23Z,AFR258,"39.777119,53.91687",37000,530,110
1784998618,2026-07-25T16:56:58Z,AFR258,"39.747791,54.017395",37000,529,110
1784998651,2026-07-25T16:57:31Z,AFR258,"39.71846,54.117279",37000,528,111
1784998683,2026-07-25T16:58:03Z,AFR258,"39.690437,54.210999",37000,526,111
1784998714,2026-07-25T16:58:34Z,AFR258,"39.662552,54.304321",37000,527,111
1784998745,2026-07-25T16:59:05Z,AFR258,"39.635422,54.394924",37000,527,111
1784998777,2026-07-25T16:59:37Z,AFR258,"39.608692,54.484192",37000,527,111
1784998809,2026-07-25T17:00:09Z,AFR258,"39.578667,54.584229",37000,529,111
1784998841,2026-07-25T17:00:41Z,AFR258,"39.55064,54.677124",37000,528,111
1784998873,2026-07-25T17:01:13Z,AFR258,"39.521576,54.773113",37000,527,111
1784998906,2026-07-25T17:01:46Z,AFR258,"39.492359,54.869202",37000,526,111
1784998938,2026-07-25T17:02:18Z,AFR258,"39.464287,54.961243",37000,525,111
1784998969,2026-07-25T17:02:49Z,AFR258,"39.436752,55.051235",37000,526,111
1784999000,2026-07-25T17:03:20Z,AFR258,"39.40892,55.141933",37000,526,111
1784999032,2026-07-25T17:03:52Z,AFR258,"39.38031,55.234959",37000,526,111
1784999064,2026-07-25T17:04:24Z,AFR258,"39.3517,55.327389",37000,526,111
1784999095,2026-07-25T17:04:55Z,AFR258,"39.323421,55.418518",37000,526,111
1784999127,2026-07-25T17:05:27Z,AFR258,"39.294205,55.512302",37000,526,111
1784999158,2026-07-25T17:05:58Z,AFR258,"39.264221,55.602463",37000,527,115
1784999189,2026-07-25T17:06:29Z,AFR258,"39.230316,55.688843",37000,527,116
1784999222,2026-07-25T17:07:02Z,AFR258,"39.195831,55.778603",37000,525,116
1784999252,2026-07-25T17:07:32Z,AFR258,"39.163834,55.861656",37000,508,116
1784999284,2026-07-25T17:08:04Z,AFR258,"39.130413,55.947876",37000,503,116
1784999315,2026-07-25T17:08:35Z,AFR258,"39.097687,56.031921",37000,503,116
1784999346,2026-07-25T17:09:06Z,AFR258,"39.065243,56.114929",37000,502,116
1784999377,2026-07-25T17:09:37Z,AFR258,"39.033401,56.19635",37000,503,116
1784999410,2026-07-25T17:10:10Z,AFR258,"38.999229,56.284119",37000,502,115
1784999440,2026-07-25T17:10:40Z,AFR258,"38.97279,56.368286",37000,500,108
1784999472,2026-07-25T17:11:12Z,AFR258,"38.949051,56.456711",37000,503,109
1784999503,2026-07-25T17:11:43Z,AFR258,"38.924839,56.542969",37000,504,109
1784999533,2026-07-25T17:12:13Z,AFR258,"38.900711,56.629147",37000,508,109
1784999564,2026-07-25T17:12:44Z,AFR258,"38.875866,56.717957",37000,513,109
1784999595,2026-07-25T17:13:15Z,AFR258,"38.850815,56.80666",37000,516,110
1784999626,2026-07-25T17:13:46Z,AFR258,"38.824768,56.897476",37000,521,110
1784999659,2026-07-25T17:14:19Z,AFR258,"38.799335,56.99115",37000,524,108
1784999689,2026-07-25T17:14:49Z,AFR258,"38.776058,57.081421",37000,528,108
1784999720,2026-07-25T17:15:20Z,AFR258,"38.751846,57.172791",37000,530,109
1784999751,2026-07-25T17:15:51Z,AFR258,"38.726944,57.26516",37000,533,109
1784999784,2026-07-25T17:16:24Z,AFR258,"38.700363,57.363037",37000,533,109
1784999816,2026-07-25T17:16:56Z,AFR258,"38.675041,57.455688",37000,531,109
1784999847,2026-07-25T17:17:27Z,AFR258,"38.648712,57.550686",37000,531,109
1784999878,2026-07-25T17:17:58Z,AFR258,"38.62326,57.641918",37000,531,109
1784999909,2026-07-25T17:18:29Z,AFR258,"38.594238,57.731663",37000,531,114
1784999942,2026-07-25T17:19:02Z,AFR258,"38.561691,57.824924",37000,531,113
1784999975,2026-07-25T17:19:35Z,AFR258,"38.529282,57.918789",37000,532,113
1785000005,2026-07-25T17:20:05Z,AFR258,"38.498466,58.007263",37000,533,113
1785000036,2026-07-25T17:20:36Z,AFR258,"38.467117,58.096478",37000,532,114
1785000068,2026-07-25T17:21:08Z,AFR258,"38.434616,58.188431",37000,531,114
1785000099,2026-07-25T17:21:39Z,AFR258,"38.403625,58.275749",37000,531,114
1785000132,2026-07-25T17:22:12Z,AFR258,"38.370941,58.369484",37000,530,113
1785000163,2026-07-25T17:22:43Z,AFR258,"38.341736,58.457199",37000,530,112
1785000194,2026-07-25T17:23:14Z,AFR258,"38.311249,58.547195",37000,530,113
1785000226,2026-07-25T17:23:46Z,AFR258,"38.279526,58.639759",37000,532,113
1785000258,2026-07-25T17:24:18Z,AFR258,"38.248482,58.730103",37000,533,113
1785000291,2026-07-25T17:24:51Z,AFR258,"38.215851,58.824951",37000,534,113
1785000323,2026-07-25T17:25:23Z,AFR258,"38.183868,58.918064",37000,536,113
1785000354,2026-07-25T17:25:54Z,AFR258,"38.153412,59.006577",37000,536,113
1785000385,2026-07-25T17:26:25Z,AFR258,"38.123016,59.094173",37000,536,113
1785000416,2026-07-25T17:26:56Z,AFR258,"38.092163,59.182705",37000,535,113
1785000448,2026-07-25T17:27:28Z,AFR258,"38.059387,59.276615",37000,535,113
1785000479,2026-07-25T17:27:59Z,AFR258,"38.028946,59.363457",37000,534,113
1785000512,2026-07-25T17:28:32Z,AFR258,"37.995575,59.458359",37000,534,113
1785000544,2026-07-25T17:29:04Z,AFR258,"37.963486,59.549461",37000,535,114
1785000576,2026-07-25T17:29:36Z,AFR258,"37.930672,59.642326",37000,536,114
1785000607,2026-07-25T17:30:07Z,AFR258,"37.899124,59.73138",37000,538,114
1785000640,2026-07-25T17:30:40Z,AFR258,"37.866119,59.824238",37000,540,114
1785000672,2026-07-25T17:31:12Z,AFR258,"37.832153,59.919491",37000,541,114
1785000703,2026-07-25T17:31:43Z,AFR258,"37.801208,60.006069",37000,542,114
1785000734,2026-07-25T17:32:14Z,AFR258,"37.769039,60.095871",37000,542,114
1785000765,2026-07-25T17:32:45Z,AFR258,"37.736874,60.185432",37000,542,114
1785000798,2026-07-25T17:33:18Z,AFR258,"37.702744,60.280113",37000,541,114
1785000831,2026-07-25T17:33:51Z,AFR258,"37.669052,60.373379",37000,541,114
1785000861,2026-07-25T17:34:21Z,AFR258,"37.637375,60.460804",37000,541,114
1785000892,2026-07-25T17:34:52Z,AFR258,"37.604736,60.550503",37000,541,114
1785000923,2026-07-25T17:35:23Z,AFR258,"37.572372,60.639446",37000,540,114
1785000954,2026-07-25T17:35:54Z,AFR258,"37.540424,60.727108",37000,539,114
1785000985,2026-07-25T17:36:25Z,AFR258,"37.508698,60.814877",37000,538,114
1785001016,2026-07-25T17:36:56Z,AFR258,"37.477249,60.902592",37000,537,114
1785001047,2026-07-25T17:37:27Z,AFR258,"37.445084,60.991318",37000,537,114
1785001080,2026-07-25T17:38:00Z,AFR258,"37.41069,61.084801",37000,538,114
1785001113,2026-07-25T17:38:33Z,AFR258,"37.376495,61.177193",37000,539,114
1785001143,2026-07-25T17:39:03Z,AFR258,"37.344223,61.264091",37000,539,114
1785001174,2026-07-25T17:39:34Z,AFR258,"37.312225,61.350163",37000,539,114
1785001205,2026-07-25T17:40:05Z,AFR258,"37.279682,61.437397",37000,538,114
1785001236,2026-07-25T17:40:36Z,AFR258,"37.246307,61.526783",37000,537,114
1785001268,2026-07-25T17:41:08Z,AFR258,"37.212158,61.617931",36500,539,115
1785001299,2026-07-25T17:41:39Z,AFR258,"37.179317,61.705311",36000,542,115
1785001330,2026-07-25T17:42:10Z,AFR258,"37.14645,61.792423",35475,547,115
1785001363,2026-07-25T17:42:43Z,AFR258,"37.110886,61.886822",34950,548,115
1785001395,2026-07-25T17:43:15Z,AFR258,"37.076252,61.978176",34425,545,115
1785001426,2026-07-25T17:43:46Z,AFR258,"37.042374,62.067612",33900,546,115
1785001458,2026-07-25T17:44:18Z,AFR258,"37.007629,62.158775",33375,545,115
1785001489,2026-07-25T17:44:49Z,AFR258,"36.97435,62.245789",33025,542,115
1785001521,2026-07-25T17:45:21Z,AFR258,"36.939423,62.337242",33000,546,115
1785001554,2026-07-25T17:45:54Z,AFR258,"36.904266,62.428993",33000,546,115
1785001584,2026-07-25T17:46:24Z,AFR258,"36.870209,62.517403",33000,546,115
1785001616,2026-07-25T17:46:56Z,AFR258,"36.836151,62.60582",33000,545,115
1785001647,2026-07-25T17:47:27Z,AFR258,"36.802475,62.692898",33000,544,115
1785001678,2026-07-25T17:47:58Z,AFR258,"36.768539,62.780495",33000,543,115
1785001710,2026-07-25T17:48:30Z,AFR258,"36.733719,62.869965",33000,544,115
1785001741,2026-07-25T17:49:01Z,AFR258,"36.699596,62.95768",33000,545,115
1785001771,2026-07-25T17:49:31Z,AFR258,"36.666,63.043728",33000,544,115
1785001803,2026-07-25T17:50:03Z,AFR258,"36.63084,63.133518",33000,543,115
1785001835,2026-07-25T17:50:35Z,AFR258,"36.595646,63.223103",33000,542,115
1785001866,2026-07-25T17:51:06Z,AFR258,"36.561676,63.309345",33000,539,116
1785001899,2026-07-25T17:51:39Z,AFR258,"36.525284,63.401527",33000,538,116
1785001930,2026-07-25T17:52:10Z,AFR258,"36.490948,63.488411",33000,538,116
1785001962,2026-07-25T17:52:42Z,AFR258,"36.456207,63.57605",33000,538,116
1785001994,2026-07-25T17:53:14Z,AFR258,"36.421448,63.663433",33000,538,116
1785002025,2026-07-25T17:53:45Z,AFR258,"36.386398,63.750687",33000,537,116
1785002056,2026-07-25T17:54:16Z,AFR258,"36.35199,63.834774",33000,537,116
1785002089,2026-07-25T17:54:49Z,AFR258,"36.315308,63.925152",33000,537,116
1785002121,2026-07-25T17:55:21Z,AFR258,"36.280254,64.011665",33000,536,116
1785002151,2026-07-25T17:55:51Z,AFR258,"36.246037,64.096107",33000,535,116
1785002184,2026-07-25T17:56:24Z,AFR258,"36.210205,64.18425",33000,533,116
1785002215,2026-07-25T17:56:55Z,AFR258,"36.17514,64.267738",33000,532,119
1785002247,2026-07-25T17:57:27Z,AFR258,"36.131287,64.351212",33000,532,125
1785002278,2026-07-25T17:57:58Z,AFR258,"36.084778,64.428116",33000,533,126
1785002309,2026-07-25T17:58:29Z,AFR258,"36.039642,64.504395",33000,533,126
1785002341,2026-07-25T17:59:01Z,AFR258,"35.994099,64.5812",33000,533,126
1785002372,2026-07-25T17:59:32Z,AFR258,"35.948822,64.656891",33000,534,126
1785002403,2026-07-25T18:00:03Z,AFR258,"35.902809,64.733665",33000,533,126
1785002435,2026-07-25T18:00:35Z,AFR258,"35.85672,64.810455",33000,534,126
1785002466,2026-07-25T18:01:06Z,AFR258,"35.811378,64.885719",33000,536,126
1785002499,2026-07-25T18:01:39Z,AFR258,"35.762421,64.966965",33000,537,126
1785002531,2026-07-25T18:02:11Z,AFR258,"35.71455,65.046188",33000,539,126
1785002563,2026-07-25T18:02:43Z,AFR258,"35.666138,65.126076",33000,539,126
1785002594,2026-07-25T18:03:14Z,AFR258,"35.62112,65.200233",33000,539,126
1785002626,2026-07-25T18:03:46Z,AFR258,"35.573032,65.279243",33000,535,126
1785002657,2026-07-25T18:04:17Z,AFR258,"35.527504,65.353867",33000,534,126
1785002689,2026-07-25T18:04:49Z,AFR258,"35.479183,65.432877",33000,532,126
1785002720,2026-07-25T18:05:20Z,AFR258,"35.433151,65.508041",33000,530,126
1785002751,2026-07-25T18:05:51Z,AFR258,"35.388081,65.581429",33000,530,126
1785002782,2026-07-25T18:06:22Z,AFR258,"35.342876,65.654884",33000,527,127
1785002814,2026-07-25T18:06:54Z,AFR258,"35.296139,65.730675",33000,525,126
1785002845,2026-07-25T18:07:25Z,AFR258,"35.250046,65.805191",33000,527,127
1785002877,2026-07-25T18:07:57Z,AFR258,"35.203453,65.880432",33000,528,127
1785002910,2026-07-25T18:08:30Z,AFR258,"35.155151,65.958382",33000,526,127
1785002941,2026-07-25T18:09:01Z,AFR258,"35.109924,66.031082",33000,519,127
1785002973,2026-07-25T18:09:33Z,AFR258,"35.063519,66.105484",33000,513,127
1785003005,2026-07-25T18:10:05Z,AFR258,"35.017639,66.178947",33000,517,127
1785003035,2026-07-25T18:10:35Z,AFR258,"34.972595,66.250862",33000,523,127
1785003066,2026-07-25T18:11:06Z,AFR258,"34.927322,66.322784",33000,524,127
1785003089,2026-07-25T18:11:29Z,AFR258,"34.89402,66.375046",33000,525,127
1785003170,2026-07-25T18:12:50Z,AFR258,"34.772148,66.566101",33000,526,127
1785003184,2026-07-25T18:13:04Z,AFR258,"34.755062,66.592827",33000,526,127
1785003244,2026-07-25T18:14:04Z,AFR258,"34.662052,66.737991",33000,529,127
1785003560,2026-07-25T18:19:20Z,AFR258,"34.187714,67.468384",33000,521,128
1785003592,2026-07-25T18:19:52Z,AFR258,"34.139557,67.541702",33000,520,128
1785003624,2026-07-25T18:20:24Z,AFR258,"34.091042,67.615295",33000,518,128
1785003655,2026-07-25T18:20:55Z,AFR258,"34.045761,67.683907",33000,517,128
1785003688,2026-07-25T18:21:28Z,AFR258,"33.997425,67.756973",33000,518,128
1785003718,2026-07-25T18:21:58Z,AFR258,"33.95171,67.825813",33000,518,128
1785003749,2026-07-25T18:22:29Z,AFR258,"33.904449,67.89579",33000,517,129
1785003782,2026-07-25T18:23:02Z,AFR258,"33.855812,67.967667",33000,513,129
1785003814,2026-07-25T18:23:34Z,AFR258,"33.806671,68.040344",33000,512,129
1785003845,2026-07-25T18:24:05Z,AFR258,"33.7603,68.108788",33000,512,129
1785003878,2026-07-25T18:24:38Z,AFR258,"33.712006,68.179977",33000,511,129
1785003910,2026-07-25T18:25:10Z,AFR258,"33.664032,68.250488",33000,512,129
1785003943,2026-07-25T18:25:43Z,AFR258,"33.615372,68.321854",33000,510,129
1785003973,2026-07-25T18:26:13Z,AFR258,"33.569733,68.388771",33000,508,129
1785004005,2026-07-25T18:26:45Z,AFR258,"33.521622,68.458664",33000,508,129
1785004036,2026-07-25T18:27:16Z,AFR258,"33.474106,68.525078",33000,508,130
1785004067,2026-07-25T18:27:47Z,AFR258,"33.42688,68.590561",33000,509,130
1785004098,2026-07-25T18:28:18Z,AFR258,"33.378433,68.658234",33000,510,130
1785004129,2026-07-25T18:28:49Z,AFR258,"33.330795,68.724808",33000,510,130
1785004160,2026-07-25T18:29:20Z,AFR258,"33.283268,68.791061",33000,515,130
1785004192,2026-07-25T18:29:52Z,AFR258,"33.236572,68.862579",33000,517,126
1785004225,2026-07-25T18:30:25Z,AFR258,"33.189835,68.935638",33000,513,127
1785004257,2026-07-25T18:30:57Z,AFR258,"33.143284,69.007652",33000,513,127
1785004290,2026-07-25T18:31:30Z,AFR258,"33.095993,69.080658",33000,514,127
1785004320,2026-07-25T18:32:00Z,AFR258,"33.051811,69.148849",33000,514,127
1785004352,2026-07-25T18:32:32Z,AFR258,"33.005447,69.220291",33000,510,127
1785004392,2026-07-25T18:33:12Z,AFR258,"32.946808,69.310051",33000,508,127
1785004424,2026-07-25T18:33:44Z,AFR258,"32.901913,69.378662",33000,508,127
1785004450,2026-07-25T18:34:10Z,AFR258,"32.865135,69.434662",33000,508,127
1785004510,2026-07-25T18:35:10Z,AFR258,"32.776871,69.568344",33000,509,128
1785004543,2026-07-25T18:35:43Z,AFR258,"32.729202,69.640488",33000,507,127
1785004575,2026-07-25T18:36:15Z,AFR258,"32.683952,69.708923",33000,507,128
1785004607,2026-07-25T18:36:47Z,AFR258,"32.636051,69.781174",33000,507,128
1785004640,2026-07-25T18:37:20Z,AFR258,"32.58857,69.852814",33000,508,128
1785004671,2026-07-25T18:37:51Z,AFR258,"32.541412,69.921768",33000,505,132
1785004681,2026-07-25T18:38:01Z,AFR258,"32.526047,69.938797",33000,502,139
1785004683,2026-07-25T18:38:03Z,AFR258,"32.522507,69.942207",33000,502,141
1785004685,2026-07-25T18:38:05Z,AFR258,"32.517563,69.946762",33000,501,142
1785004687,2026-07-25T18:38:07Z,AFR258,"32.513947,69.949898",33000,500,144
1785004690,2026-07-25T18:38:10Z,AFR258,"32.509827,69.9533",33000,500,145
1785004692,2026-07-25T18:38:12Z,AFR258,"32.504913,69.957184",33000,500,146
1785004694,2026-07-25T18:38:14Z,AFR258,"32.500259,69.960655",33000,499,147
1785004697,2026-07-25T18:38:17Z,AFR258,"32.495323,69.964241",33000,499,148
1785004699,2026-07-25T18:38:19Z,AFR258,"32.490921,69.967308",33000,499,149
1785004702,2026-07-25T18:38:22Z,AFR258,"32.48584,69.970825",33000,499,149
1785004704,2026-07-25T18:38:24Z,AFR258,"32.480438,69.974503",33000,499,149
1785004707,2026-07-25T18:38:27Z,AFR258,"32.475494,69.977806",33000,499,150
1785004709,2026-07-25T18:38:29Z,AFR258,"32.471375,69.980606",33000,499,150
1785004740,2026-07-25T18:39:00Z,AFR258,"32.407608,70.023613",33000,501,150
1785004780,2026-07-25T18:39:40Z,AFR258,"32.32869,70.07679",33375,498,150
1785004812,2026-07-25T18:40:12Z,AFR258,"32.265839,70.119034",34200,482,150
1785004845,2026-07-25T18:40:45Z,AFR258,"32.202511,70.161438",34600,478,150
1785004865,2026-07-25T18:41:05Z,AFR258,"32.166107,70.190414",34725,482,139
1785004867,2026-07-25T18:41:07Z,AFR258,"32.161926,70.194725",34725,483,138
1785004869,2026-07-25T18:41:09Z,AFR258,"32.157898,70.199066",34750,483,137
1785004872,2026-07-25T18:41:12Z,AFR258,"32.154007,70.203461",34750,483,135
1785004874,2026-07-25T18:41:14Z,AFR258,"32.15007,70.208183",34775,485,134
1785004876,2026-07-25T18:41:16Z,AFR258,"32.147812,70.21093",34775,486,133
1785004878,2026-07-25T18:41:18Z,AFR258,"32.143856,70.215981",34800,486,132
1785004880,2026-07-25T18:41:20Z,AFR258,"32.140877,70.219955",34800,486,131
1785004883,2026-07-25T18:41:23Z,AFR258,"32.137199,70.224998",34825,487,130
1785004885,2026-07-25T18:41:25Z,AFR258,"32.134552,70.228783",34825,487,128
1785004887,2026-07-25T18:41:27Z,AFR258,"32.131439,70.233505",34850,488,127
1785004889,2026-07-25T18:41:29Z,AFR258,"32.128864,70.237556",34850,488,126
1785004892,2026-07-25T18:41:32Z,AFR258,"32.125187,70.243614",34875,489,124
1785004894,2026-07-25T18:41:34Z,AFR258,"32.121826,70.249496",34875,490,123
1785004896,2026-07-25T18:41:36Z,AFR258,"32.119415,70.253868",34900,491,122
1785004899,2026-07-25T18:41:39Z,AFR258,"32.11718,70.258186",34900,492,120
1785004901,2026-07-25T18:41:41Z,AFR258,"32.113678,70.265259",34900,492,119
1785004903,2026-07-25T18:41:43Z,AFR258,"32.111938,70.269051",34900,493,118
1785004906,2026-07-25T18:41:46Z,AFR258,"32.10936,70.274887",34925,494,116
1785004908,2026-07-25T18:41:48Z,AFR258,"32.106812,70.281021",34925,495,115
1785004910,2026-07-25T18:41:50Z,AFR258,"32.104477,70.286903",34925,494,115
1785004912,2026-07-25T18:41:52Z,AFR258,"32.102554,70.291794",34925,495,114
1785004915,2026-07-25T18:41:55Z,AFR258,"32.099861,70.298653",34925,495,114
1785004917,2026-07-25T18:41:57Z,AFR258,"32.098095,70.303192",34950,496,114
1785004919,2026-07-25T18:41:59Z,AFR258,"32.095535,70.309807",34950,496,114
1785004922,2026-07-25T18:42:02Z,AFR258,"32.093624,70.314743",34950,496,114
1785004953,2026-07-25T18:42:33Z,AFR258,"32.061996,70.391052",35275,492,116
1785004985,2026-07-25T18:43:05Z,AFR258,"32.029999,70.467186",35525,492,116
1785005017,2026-07-25T18:43:37Z,AFR258,"31.998192,70.544334",35800,489,115
1785005049,2026-07-25T18:44:09Z,AFR258,"31.96701,70.620117",36025,489,115
1785005079,2026-07-25T18:44:39Z,AFR258,"31.936386,70.694054",36300,487,116
1785005110,2026-07-25T18:45:10Z,AFR258,"31.906065,70.766525",36525,487,116
1785005141,2026-07-25T18:45:41Z,AFR258,"31.87562,70.840401",36675,487,115
1785005173,2026-07-25T18:46:13Z,AFR258,"31.844788,70.915817",36825,491,115
1785005203,2026-07-25T18:46:43Z,AFR258,"31.815033,70.989037",36900,494,115
1785005236,2026-07-25T18:47:16Z,AFR258,"31.783493,71.068649",37000,498,114
1785005268,2026-07-25T18:47:48Z,AFR258,"31.752411,71.146439",37000,501,115
1785005298,2026-07-25T18:48:18Z,AFR258,"31.722198,71.221245",37000,503,115
1785005331,2026-07-25T18:48:51Z,AFR258,"31.688599,71.303047",37000,504,115
1785005364,2026-07-25T18:49:24Z,AFR258,"31.655569,71.38295",37000,503,115
1785005396,2026-07-25T18:49:56Z,AFR258,"31.622955,71.461487",37000,503,115
1785005428,2026-07-25T18:50:28Z,AFR258,"31.58979,71.540825",37000,500,116
1785005459,2026-07-25T18:50:59Z,AFR258,"31.55888,71.614433",37000,498,116
1785005491,2026-07-25T18:51:31Z,AFR258,"31.525681,71.693382",37000,496,116
1785005522,2026-07-25T18:52:02Z,AFR258,"31.494415,71.767593",37000,495,116
1785005555,2026-07-25T18:52:35Z,AFR258,"31.46109,71.846436",37000,495,116
1785005587,2026-07-25T18:53:07Z,AFR258,"31.427927,71.92485",37000,491,116
1785005619,2026-07-25T18:53:39Z,AFR258,"31.396505,71.999008",37000,489,116
1785005649,2026-07-25T18:54:09Z,AFR258,"31.366104,72.070686",37025,489,116
1785005680,2026-07-25T18:54:40Z,AFR258,"31.338036,72.144417",37000,489,110
1785005713,2026-07-25T18:55:13Z,AFR258,"31.315338,72.227943",37000,490,104
1785005744,2026-07-25T18:55:44Z,AFR258,"31.300873,72.30851",37000,494,99
1785005776,2026-07-25T18:56:16Z,AFR258,"31.29277,72.394516",37000,497,93
1785005809,2026-07-25T18:56:49Z,AFR258,"31.292181,72.482796",37000,504,87
1785005839,2026-07-25T18:57:19Z,AFR258,"31.298721,72.564697",37000,506,82
1785005871,2026-07-25T18:57:51Z,AFR258,"31.308056,72.650063",37000,504,83
1785005903,2026-07-25T18:58:23Z,AFR258,"31.316986,72.737946",37000,504,83
1785005935,2026-07-25T18:58:55Z,AFR258,"31.32605,72.82476",37000,504,82
1785005967,2026-07-25T18:59:27Z,AFR258,"31.335342,72.91217",37000,504,82
1785005999,2026-07-25T18:59:59Z,AFR258,"31.344406,72.997475",37000,505,83
1785006032,2026-07-25T19:00:32Z,AFR258,"31.35363,73.084351",37000,503,82
1785006062,2026-07-25T19:01:02Z,AFR258,"31.362289,73.165817",37000,499,82
1785006093,2026-07-25T19:01:33Z,AFR258,"31.371185,73.250748",37000,497,82
1785006125,2026-07-25T19:02:05Z,AFR258,"31.380026,73.334732",37000,497,82
1785006158,2026-07-25T19:02:38Z,AFR258,"31.389313,73.422813",37000,497,83
1785006190,2026-07-25T19:03:10Z,AFR258,"31.398239,73.508553",37000,498,83
1785006221,2026-07-25T19:03:41Z,AFR258,"31.4067,73.589828",37000,496,82
1785006254,2026-07-25T19:04:14Z,AFR258,"31.416058,73.678764",37000,496,83
1785006284,2026-07-25T19:04:44Z,AFR258,"31.424297,73.758415",37000,496,83
1785006316,2026-07-25T19:05:16Z,AFR258,"31.433096,73.844551",37000,496,83
1785006348,2026-07-25T19:05:48Z,AFR258,"31.441177,73.930824",37000,494,85
1785006380,2026-07-25T19:06:20Z,AFR258,"31.441681,74.014626",37000,493,92
1785006411,2026-07-25T19:06:51Z,AFR258,"31.434814,74.094864",37000,492,98
1785006442,2026-07-25T19:07:22Z,AFR258,"31.420532,74.178558",37000,492,102
1785006474,2026-07-25T19:07:54Z,AFR258,"31.405397,74.25956",37000,491,101
1785006505,2026-07-25T19:08:25Z,AFR258,"31.390686,74.339798",37000,489,102
1785006537,2026-07-25T19:08:57Z,AFR258,"31.375397,74.422142",37000,490,102
1785006569,2026-07-25T19:09:29Z,AFR258,"31.356308,74.504211",37000,489,108
1785006601,2026-07-25T19:10:01Z,AFR258,"31.329025,74.582573",37000,487,114
1785006631,2026-07-25T19:10:31Z,AFR258,"31.296982,74.653069",37000,486,120
1785006664,2026-07-25T19:11:04Z,AFR258,"31.256615,74.723839",37000,484,124
1785006695,2026-07-25T19:11:35Z,AFR258,"31.216627,74.791679",37000,482,124
1785006727,2026-07-25T19:12:07Z,AFR258,"31.175858,74.861107",37000,482,124
1785006760,2026-07-25T19:12:40Z,AFR258,"31.135941,74.928802",37000,480,124
1785006792,2026-07-25T19:13:12Z,AFR258,"31.095964,74.996468",37000,478,124
1785006824,2026-07-25T19:13:44Z,AFR258,"31.054825,75.065971",37000,479,124
1785006857,2026-07-25T19:14:17Z,AFR258,"31.013535,75.135338",37000,478,124
1785006888,2026-07-25T19:14:48Z,AFR258,"30.974075,75.201309",37000,476,124
1785006921,2026-07-25T19:15:21Z,AFR258,"30.932831,75.270348",37000,477,124
1785006954,2026-07-25T19:15:54Z,AFR258,"30.891769,75.339233",37000,478,124
1785006984,2026-07-25T19:16:24Z,AFR258,"30.853638,75.403374",37000,479,124
1785007016,2026-07-25T19:16:56Z,AFR258,"30.812668,75.471657",37000,480,124
1785007047,2026-07-25T19:17:27Z,AFR258,"30.773451,75.536606",37000,478,124
1785007079,2026-07-25T19:17:59Z,AFR258,"30.731693,75.605492",37000,480,124
1785007112,2026-07-25T19:18:32Z,AFR258,"30.690399,75.673668",37000,482,125
1785007144,2026-07-25T19:19:04Z,AFR258,"30.64883,75.742165",37000,484,125
1785007176,2026-07-25T19:19:36Z,AFR258,"30.607632,75.809891",37000,482,125
1785007208,2026-07-25T19:20:08Z,AFR258,"30.566986,75.876701",37000,479,125
1785007240,2026-07-25T19:20:40Z,AFR258,"30.525513,75.944717",37000,480,125
1785007271,2026-07-25T19:21:11Z,AFR258,"30.48555,76.010254",37000,480,125
1785007303,2026-07-25T19:21:43Z,AFR258,"30.444397,76.07795",37000,483,124
1785007335,2026-07-25T19:22:15Z,AFR258,"30.403839,76.144783",37000,484,124
1785007367,2026-07-25T19:22:47Z,AFR258,"30.362579,76.212601",37000,486,125
1785007399,2026-07-25T19:23:19Z,AFR258,"30.320938,76.280823",37000,488,125
1785007432,2026-07-25T19:23:52Z,AFR258,"30.27874,76.350037",37000,489,125
1785007464,2026-07-25T19:24:24Z,AFR258,"30.236423,76.41925",37000,488,125
1785007497,2026-07-25T19:24:57Z,AFR258,"30.194138,76.48838",37000,486,125
1785007529,2026-07-25T19:25:29Z,AFR258,"30.152893,76.555534",37000,486,125
1785007559,2026-07-25T19:25:59Z,AFR258,"30.113205,76.619781",37000,484,125
1785007591,2026-07-25T19:26:31Z,AFR258,"30.071503,76.686722",37000,484,125
1785007624,2026-07-25T19:27:04Z,AFR258,"30.02861,76.755608",37000,483,125
1785007654,2026-07-25T19:27:34Z,AFR258,"29.989105,76.818832",37000,483,125
1785007687,2026-07-25T19:28:07Z,AFR258,"29.946396,76.887222",37000,482,125
1785007719,2026-07-25T19:28:39Z,AFR258,"29.904053,76.954636",37000,482,125
1785007765,2026-07-25T19:29:25Z,AFR258,"29.845001,77.049019",37000,482,125
1785007796,2026-07-25T19:29:56Z,AFR258,"29.80394,77.114883",37000,483,125
1785007828,2026-07-25T19:30:28Z,AFR258,"29.761826,77.182228",37000,485,125
1785007860,2026-07-25T19:31:00Z,AFR258,"29.719299,77.250153",37000,485,125
1785007891,2026-07-25T19:31:31Z,AFR258,"29.679426,77.313805",37000,485,125
1785007923,2026-07-25T19:32:03Z,AFR258,"29.637314,77.380775",37000,485,125
1785007955,2026-07-25T19:32:35Z,AFR258,"29.59605,77.446342",37000,485,125
1785007987,2026-07-25T19:33:07Z,AFR258,"29.552444,77.515518",37000,485,125
1785008019,2026-07-25T19:33:39Z,AFR258,"29.510674,77.58168",37000,483,125
1785008050,2026-07-25T19:34:10Z,AFR258,"29.469801,77.646248",37000,482,125
1785008081,2026-07-25T19:34:41Z,AFR258,"29.429905,77.709312",37000,481,125
1785008112,2026-07-25T19:35:12Z,AFR258,"29.390121,77.772057",37000,482,125
1785008144,2026-07-25T19:35:44Z,AFR258,"29.34709,77.839806",37000,482,125
1785008175,2026-07-25T19:36:15Z,AFR258,"29.307055,77.902763",37000,483,125
1785008207,2026-07-25T19:36:47Z,AFR258,"29.264179,77.969971",37000,483,126
1785008240,2026-07-25T19:37:20Z,AFR258,"29.221165,78.037399",37000,483,126
1785008271,2026-07-25T19:37:51Z,AFR258,"29.179222,78.102989",37000,486,126
1785008302,2026-07-25T19:38:22Z,AFR258,"29.138855,78.166031",37000,486,126
1785008335,2026-07-25T19:38:55Z,AFR258,"29.095894,78.232994",37000,484,126
1785008365,2026-07-25T19:39:25Z,AFR258,"29.056185,78.294769",37000,483,126
1785008397,2026-07-25T19:39:57Z,AFR258,"29.013264,78.361549",37000,483,126
1785008429,2026-07-25T19:40:29Z,AFR258,"28.970261,78.428284",37350,481,126
1785008461,2026-07-25T19:41:01Z,AFR258,"28.928957,78.492249",37750,476,126
1785008493,2026-07-25T19:41:33Z,AFR258,"28.886595,78.557846",38175,472,126
1785008524,2026-07-25T19:42:04Z,AFR258,"28.847626,78.618004",38575,468,126
1785008555,2026-07-25T19:42:35Z,AFR258,"28.807781,78.679451",38825,468,126
1785008587,2026-07-25T19:43:07Z,AFR258,"28.767189,78.742027",39000,469,126
1785008619,2026-07-25T19:43:39Z,AFR258,"28.724808,78.807205",39000,467,126
1785008651,2026-07-25T19:44:11Z,AFR258,"28.68306,78.871269",39000,466,126
1785008684,2026-07-25T19:44:44Z,AFR258,"28.641632,78.934761",39000,466,126
1785008715,2026-07-25T19:45:15Z,AFR258,"28.601303,78.996506",39000,466,126
1785008748,2026-07-25T19:45:48Z,AFR258,"28.559752,79.05999",39000,466,126
1785008778,2026-07-25T19:46:18Z,AFR258,"28.520508,79.119942",39000,466,126
1785008809,2026-07-25T19:46:49Z,AFR258,"28.480133,79.18148",39000,466,126
1785008841,2026-07-25T19:47:21Z,AFR258,"28.439667,79.243011",39000,463,126
1785008871,2026-07-25T19:47:51Z,AFR258,"28.400915,79.301903",39000,461,126
1785008904,2026-07-25T19:48:24Z,AFR258,"28.359055,79.365448",39000,461,126
1785008935,2026-07-25T19:48:55Z,AFR258,"28.319183,79.425926",39000,460,126
1785008968,2026-07-25T19:49:28Z,AFR258,"28.277225,79.489319",39000,458,126
1785009000,2026-07-25T19:50:00Z,AFR258,"28.236307,79.551193",39000,456,126
1785009032,2026-07-25T19:50:32Z,AFR258,"28.19562,79.612534",39000,455,126
1785009064,2026-07-25T19:51:04Z,AFR258,"28.155771,79.672638",39000,455,126
1785009094,2026-07-25T19:51:34Z,AFR258,"28.117319,79.730476",39000,455,126
1785009126,2026-07-25T19:52:06Z,AFR258,"28.076431,79.791908",39000,456,126
1785009157,2026-07-25T19:52:37Z,AFR258,"28.037796,79.849846",39000,455,126
1785009188,2026-07-25T19:53:08Z,AFR258,"27.998425,79.908897",39025,454,126
1785009220,2026-07-25T19:53:40Z,AFR258,"27.958063,79.969215",39000,452,127
1785009250,2026-07-25T19:54:10Z,AFR258,"27.919922,80.026176",39000,452,127
1785009281,2026-07-25T19:54:41Z,AFR258,"27.880648,80.084839",39000,451,127
1785009312,2026-07-25T19:55:12Z,AFR258,"27.842148,80.14225",39000,451,127
1785009344,2026-07-25T19:55:44Z,AFR258,"27.80191,80.20211",39000,451,127
1785009376,2026-07-25T19:56:16Z,AFR258,"27.760757,80.263214",39000,454,127
1785009407,2026-07-25T19:56:47Z,AFR258,"27.722168,80.320473",39000,453,127
1785009439,2026-07-25T19:57:19Z,AFR258,"27.680923,80.381622",39000,451,127
1785009470,2026-07-25T19:57:50Z,AFR258,"27.642471,80.438522",39000,452,127
1785009503,2026-07-25T19:58:23Z,AFR258,"27.600723,80.500145",39000,453,127
1785009536,2026-07-25T19:58:56Z,AFR258,"27.559065,80.561691",39000,453,127
1785009568,2026-07-25T19:59:28Z,AFR258,"27.518417,80.621559",39000,451,127
1785009600,2026-07-25T20:00:00Z,AFR258,"27.476852,80.682716",39000,448,127
1785009633,2026-07-25T20:00:33Z,AFR258,"27.436432,80.742104",39000,444,127
1785009663,2026-07-25T20:01:03Z,AFR258,"27.397888,80.798637",39000,441,127
1785009694,2026-07-25T20:01:34Z,AFR258,"27.360519,80.853462",39000,441,127
1785009726,2026-07-25T20:02:06Z,AFR258,"27.320112,80.912666",39000,440,127
1785009758,2026-07-25T20:02:38Z,AFR258,"27.280792,80.970169",39000,439,127
1785009791,2026-07-25T20:03:11Z,AFR258,"27.240135,81.029503",39000,439,127
1785009821,2026-07-25T20:03:41Z,AFR258,"27.203156,81.083458",39000,438,127
1785009853,2026-07-25T20:04:13Z,AFR258,"27.162672,81.142326",39000,437,127
1785009885,2026-07-25T20:04:45Z,AFR258,"27.123102,81.199951",39000,436,127
1785009917,2026-07-25T20:05:17Z,AFR258,"27.084091,81.256645",39000,437,127
1785009950,2026-07-25T20:05:50Z,AFR258,"27.043579,81.315414",39000,439,127
1785009982,2026-07-25T20:06:22Z,AFR258,"27.002579,81.374779",39000,440,127
1785010013,2026-07-25T20:06:53Z,AFR258,"26.964453,81.429977",39000,440,127
1785010044,2026-07-25T20:07:24Z,AFR258,"26.926001,81.485703",39000,442,127
1785010077,2026-07-25T20:07:57Z,AFR258,"26.888123,81.54628",39000,438,123
1785010107,2026-07-25T20:08:27Z,AFR258,"26.854031,81.603012",39000,438,124
1785010139,2026-07-25T20:08:59Z,AFR258,"26.817022,81.662857",39000,437,124
1785010170,2026-07-25T20:09:30Z,AFR258,"26.781189,81.720146",39000,436,124
1785010202,2026-07-25T20:10:02Z,AFR258,"26.744028,81.779587",39000,436,124
1785010233,2026-07-25T20:10:33Z,AFR258,"26.708742,81.835999",39000,436,124
1785010266,2026-07-25T20:11:06Z,AFR258,"26.670364,81.897217",39000,436,124
1785010296,2026-07-25T20:11:36Z,AFR258,"26.634842,81.953812",39000,438,124
1785010327,2026-07-25T20:12:07Z,AFR258,"26.598633,82.01149",39000,437,125
1785010360,2026-07-25T20:12:40Z,AFR258,"26.561403,82.070724",39000,438,124
1785010392,2026-07-25T20:13:12Z,AFR258,"26.523056,82.131615",39000,438,125
1785010425,2026-07-25T20:13:45Z,AFR258,"26.485199,82.191521",39000,438,124
1785010455,2026-07-25T20:14:15Z,AFR258,"26.449951,82.247383",39000,436,125
1785010486,2026-07-25T20:14:46Z,AFR258,"26.414246,82.303818",39000,434,125
1785010519,2026-07-25T20:15:19Z,AFR258,"26.377075,82.362534",39000,434,125
1785010549,2026-07-25T20:15:49Z,AFR258,"26.341095,82.419327",39000,434,125
1785010581,2026-07-25T20:16:21Z,AFR258,"26.30504,82.476105",39000,434,125
1785010611,2026-07-25T20:16:51Z,AFR258,"26.270096,82.531113",39000,434,125
1785010643,2026-07-25T20:17:23Z,AFR258,"26.23172,82.591415",39000,435,125
1785010674,2026-07-25T20:17:54Z,AFR258,"26.196945,82.646049",39000,434,125
1785010706,2026-07-25T20:18:26Z,AFR258,"26.159472,82.704659",39000,433,125
1785010736,2026-07-25T20:18:56Z,AFR258,"26.124977,82.758743",39000,433,125
1785010768,2026-07-25T20:19:28Z,AFR258,"26.087595,82.817215",39000,432,125
1785010799,2026-07-25T20:19:59Z,AFR258,"26.051563,82.873466",39000,432,125
1785010832,2026-07-25T20:20:32Z,AFR258,"26.013702,82.932579",39000,433,125
1785010864,2026-07-25T20:21:04Z,AFR258,"25.975777,82.991676",39000,433,125
1785010897,2026-07-25T20:21:37Z,AFR258,"25.937742,83.050827",39000,434,125
1785010927,2026-07-25T20:22:07Z,AFR258,"25.902456,83.105713",39000,435,125
1785010959,2026-07-25T20:22:39Z,AFR258,"25.865295,83.163391",39000,435,125
1785010990,2026-07-25T20:23:10Z,AFR258,"25.828485,83.220398",39000,435,125
1785011021,2026-07-25T20:23:41Z,AFR258,"25.792267,83.276474",39000,435,125
1785011054,2026-07-25T20:24:14Z,AFR258,"25.754837,83.335365",39000,434,124
1785011084,2026-07-25T20:24:44Z,AFR258,"25.720459,83.39167",39000,434,123
1785011115,2026-07-25T20:25:15Z,AFR258,"25.685337,83.448624",39000,436,124
1785011148,2026-07-25T20:25:48Z,AFR258,"25.648048,83.50869",39000,435,124
1785011178,2026-07-25T20:26:18Z,AFR258,"25.612902,83.56517",39000,436,124
1785011209,2026-07-25T20:26:49Z,AFR258,"25.578033,83.62104",39000,437,124
1785011241,2026-07-25T20:27:21Z,AFR258,"25.541119,83.680222",39000,439,124
1785011272,2026-07-25T20:27:52Z,AFR258,"25.504807,83.738365",39025,443,124
1785011304,2026-07-25T20:28:24Z,AFR258,"25.467239,83.798477",39000,446,124
1785011336,2026-07-25T20:28:56Z,AFR258,"25.429504,83.858742",39000,448,124
1785011367,2026-07-25T20:29:27Z,AFR258,"25.393066,83.916832",39000,452,124
1785011399,2026-07-25T20:29:59Z,AFR258,"25.354568,83.978065",39000,453,124
1785011431,2026-07-25T20:30:31Z,AFR258,"25.316025,84.039459",39000,454,124
1785011462,2026-07-25T20:31:02Z,AFR258,"25.279358,84.097595",39000,456,124
1785011494,2026-07-25T20:31:34Z,AFR258,"25.240128,84.159904",39000,457,124
1785011525,2026-07-25T20:32:05Z,AFR258,"25.202911,84.218849",39000,458,124
1785011558,2026-07-25T20:32:38Z,AFR258,"25.163315,84.281563",39000,459,124
1785011588,2026-07-25T20:33:08Z,AFR258,"25.126944,84.339088",39000,460,124
1785011620,2026-07-25T20:33:40Z,AFR258,"25.087006,84.402107",39000,461,124
1785011653,2026-07-25T20:34:13Z,AFR258,"25.047226,84.464775",39000,463,124
1785011684,2026-07-25T20:34:44Z,AFR258,"25.00963,84.523941",39000,464,124
1785011717,2026-07-25T20:35:17Z,AFR258,"24.968107,84.589233",39000,464,124
1785011749,2026-07-25T20:35:49Z,AFR258,"24.928211,84.651886",39000,466,125
1785011780,2026-07-25T20:36:20Z,AFR258,"24.889847,84.712013",39000,467,125
1785011811,2026-07-25T20:36:51Z,AFR258,"24.851486,84.772133",39000,468,125
1785011843,2026-07-25T20:37:23Z,AFR258,"24.811272,84.835075",39000,470,125
1785011876,2026-07-25T20:37:56Z,AFR258,"24.770828,84.898224",39000,470,125
1785011906,2026-07-25T20:38:26Z,AFR258,"24.732971,84.957329",39000,471,125
1785011937,2026-07-25T20:38:57Z,AFR258,"24.694798,85.018837",39000,473,123
1785011970,2026-07-25T20:39:30Z,AFR258,"24.654671,85.084915",39000,475,123
1785012001,2026-07-25T20:40:01Z,AFR258,"24.616791,85.14669",39025,476,124
1785012034,2026-07-25T20:40:34Z,AFR258,"24.576645,85.211739",39000,477,124
1785012066,2026-07-25T20:41:06Z,AFR258,"24.535995,85.277306",39025,480,124
1785012098,2026-07-25T20:41:38Z,AFR258,"24.49523,85.343094",39000,484,124
1785012129,2026-07-25T20:42:09Z,AFR258,"24.456917,85.405022",39000,487,124
1785012160,2026-07-25T20:42:40Z,AFR258,"24.417253,85.468811",39000,491,124
1785012191,2026-07-25T20:43:11Z,AFR258,"24.377451,85.532867",39000,494,124
1785012222,2026-07-25T20:43:42Z,AFR258,"24.337696,85.596817",39000,496,124
1785012254,2026-07-25T20:44:14Z,AFR258,"24.295807,85.664116",39000,497,124
1785012286,2026-07-25T20:44:46Z,AFR258,"24.254471,85.730286",39000,498,124
1785012319,2026-07-25T20:45:19Z,AFR258,"24.212173,85.797935",39000,500,124
1785012351,2026-07-25T20:45:51Z,AFR258,"24.170471,85.864616",39000,500,124
1785012383,2026-07-25T20:46:23Z,AFR258,"24.127853,85.932716",39000,498,124
1785012414,2026-07-25T20:46:54Z,AFR258,"24.087799,85.996498",39000,498,124
1785012447,2026-07-25T20:47:27Z,AFR258,"24.045301,86.064095",39000,498,124
1785012479,2026-07-25T20:47:59Z,AFR258,"24.003265,86.130997",39000,499,124
1785012509,2026-07-25T20:48:29Z,AFR258,"23.963696,86.19381",39000,500,124
1785012542,2026-07-25T20:49:02Z,AFR258,"23.920261,86.262573",39000,500,124
1785012574,2026-07-25T20:49:34Z,AFR258,"23.878458,86.328857",39000,497,124
1785012604,2026-07-25T20:50:04Z,AFR258,"23.83954,86.390419",39000,492,124
1785012635,2026-07-25T20:50:35Z,AFR258,"23.800323,86.454109",39000,491,121
1785012667,2026-07-25T20:51:07Z,AFR258,"23.762604,86.523232",39000,490,120
1785012698,2026-07-25T20:51:38Z,AFR258,"23.72699,86.587273",39000,489,121
1785012731,2026-07-25T20:52:11Z,AFR258,"23.688478,86.656319",39000,490,121
1785012761,2026-07-25T20:52:41Z,AFR258,"23.651423,86.722862",39000,494,121
1785012793,2026-07-25T20:53:13Z,AFR258,"23.61488,86.788521",39000,495,121
1785012825,2026-07-25T20:53:45Z,AFR258,"23.57666,86.857048",39000,496,121
1785012857,2026-07-25T20:54:17Z,AFR258,"23.538071,86.925972",39000,493,121
1785012890,2026-07-25T20:54:50Z,AFR258,"23.499569,86.994781",39000,493,121
1785012920,2026-07-25T20:55:20Z,AFR258,"23.463318,87.059563",39000,494,121
1785012952,2026-07-25T20:55:52Z,AFR258,"23.425323,87.127472",39000,496,121
1785012985,2026-07-25T20:56:25Z,AFR258,"23.385843,87.198029",39000,497,121
1785013017,2026-07-25T20:56:57Z,AFR258,"23.347298,87.266747",39000,496,121
1785013049,2026-07-25T20:57:29Z,AFR258,"23.309637,87.333832",39000,495,121
1785013081,2026-07-25T20:58:01Z,AFR258,"23.271194,87.402184",39000,494,121
1785013112,2026-07-25T20:58:32Z,AFR258,"23.234848,87.466606",39000,494,121
1785013143,2026-07-25T20:59:03Z,AFR258,"23.197311,87.533218",39000,496,121
1785013176,2026-07-25T20:59:36Z,AFR258,"23.157923,87.602997",39000,496,121
1785013208,2026-07-25T21:00:08Z,AFR258,"23.119192,87.671562",39000,498,121
1785013240,2026-07-25T21:00:40Z,AFR258,"23.080647,87.739616",39000,497,121
1785013272,2026-07-25T21:01:12Z,AFR258,"23.042288,87.807259",39000,496,121
1785013305,2026-07-25T21:01:45Z,AFR258,"23.002718,87.876892",39000,495,121
1785013335,2026-07-25T21:02:15Z,AFR258,"22.966187,87.941216",39000,497,121
1785013368,2026-07-25T21:02:48Z,AFR258,"22.927164,88.009796",39000,500,121
1785013400,2026-07-25T21:03:20Z,AFR258,"22.888138,88.078194",39000,502,121
1785013432,2026-07-25T21:03:52Z,AFR258,"22.848024,88.148552",39000,504,121
1785013463,2026-07-25T21:04:23Z,AFR258,"22.810364,88.21447",39000,506,121
1785013494,2026-07-25T21:04:54Z,AFR258,"22.772827,88.280144",39000,504,121
1785013526,2026-07-25T21:05:26Z,AFR258,"22.732948,88.350471",39000,504,120
1785013557,2026-07-25T21:05:57Z,AFR258,"22.700775,88.41967",39000,502,113
1785013589,2026-07-25T21:06:29Z,AFR258,"22.674591,88.495522",39000,503,107
1785013621,2026-07-25T21:07:01Z,AFR258,"22.656097,88.57238",39000,504,101
1785013654,2026-07-25T21:07:34Z,AFR258,"22.642683,88.653564",39000,505,100
1785013685,2026-07-25T21:08:05Z,AFR258,"22.629227,88.732727",39000,506,100
1785013716,2026-07-25T21:08:36Z,AFR258,"22.616135,88.809982",39000,507,100
1785013747,2026-07-25T21:09:07Z,AFR258,"22.60302,88.88784",39000,508,100
1785013779,2026-07-25T21:09:39Z,AFR258,"22.591049,88.965286",39000,508,97
1785013811,2026-07-25T21:10:11Z,AFR258,"22.582769,89.045311",39000,506,96
1785013843,2026-07-25T21:10:43Z,AFR258,"22.573647,89.128166",39000,504,96
1785013875,2026-07-25T21:11:15Z,AFR258,"22.564894,89.206902",39000,504,96
1785013907,2026-07-25T21:11:47Z,AFR258,"22.555862,89.28772",39000,503,96
1785013939,2026-07-25T21:12:19Z,AFR258,"22.547012,89.367386",39000,502,96
1785013972,2026-07-25T21:12:52Z,AFR258,"22.537903,89.448685",39000,501,96
1785014003,2026-07-25T21:13:23Z,AFR258,"22.529388,89.524445",39000,500,96
1785014035,2026-07-25T21:13:55Z,AFR258,"22.520344,89.604591",39000,499,96
1785014067,2026-07-25T21:14:27Z,AFR258,"22.511215,89.685188",39000,499,97
1785014099,2026-07-25T21:14:59Z,AFR258,"22.50206,89.764992",39000,500,97
1785014130,2026-07-25T21:15:30Z,AFR258,"22.49325,89.842224",39000,501,97
1785014162,2026-07-25T21:16:02Z,AFR258,"22.484253,89.920547",39000,501,97
1785014193,2026-07-25T21:16:33Z,AFR258,"22.475468,89.996391",39000,502,97
1785014226,2026-07-25T21:17:06Z,AFR258,"22.465971,90.07843",39000,502,97
1785014256,2026-07-25T21:17:36Z,AFR258,"22.457016,90.155205",39000,503,97
1785014287,2026-07-25T21:18:07Z,AFR258,"22.447954,90.233002",39000,504,97
1785014320,2026-07-25T21:18:40Z,AFR258,"22.438568,90.312759",39000,504,97
1785014351,2026-07-25T21:19:11Z,AFR258,"22.429335,90.390831",39000,505,97
1785014383,2026-07-25T21:19:43Z,AFR258,"22.419891,90.470917",39000,505,97
1785014414,2026-07-25T21:20:14Z,AFR258,"22.410599,90.548965",39000,505,97
1785014447,2026-07-25T21:20:47Z,AFR258,"22.400845,90.630699",39000,504,97
1785014478,2026-07-25T21:21:18Z,AFR258,"22.391254,90.710091",39000,503,97
1785014510,2026-07-25T21:21:50Z,AFR258,"22.381851,90.788269",39000,502,97
1785014541,2026-07-25T21:22:21Z,AFR258,"22.372587,90.864815",39000,500,97
1785014574,2026-07-25T21:22:54Z,AFR258,"22.3629,90.944878",39000,501,97
1785014605,2026-07-25T21:23:25Z,AFR258,"22.353174,91.024269",39000,502,97
1785014638,2026-07-25T21:23:58Z,AFR258,"22.343166,91.10601",39000,503,97
1785014670,2026-07-25T21:24:30Z,AFR258,"22.333328,91.185921",39000,503,97
1785014701,2026-07-25T21:25:01Z,AFR258,"22.323944,91.261879",39000,502,97
1785014732,2026-07-25T21:25:32Z,AFR258,"22.314468,91.337334",39000,500,99
1785014745,2026-07-25T21:25:45Z,AFR258,"22.306948,91.370598",39000,499,108
1785014747,2026-07-25T21:25:47Z,AFR258,"22.305496,91.374992",39000,500,109
1785014750,2026-07-25T21:25:50Z,AFR258,"22.303299,91.38118",39000,499,111
1785014752,2026-07-25T21:25:52Z,AFR258,"22.301514,91.385773",39000,499,112
1785014754,2026-07-25T21:25:54Z,AFR258,"22.299454,91.390739",39000,499,114
1785014756,2026-07-25T21:25:56Z,AFR258,"22.297218,91.395668",39000,499,116
1785014758,2026-07-25T21:25:58Z,AFR258,"22.295589,91.399078",39000,498,117
1785014760,2026-07-25T21:26:00Z,AFR258,"22.292982,91.404472",39000,499,117
1785014763,2026-07-25T21:26:03Z,AFR258,"22.290329,91.40976",39000,498,118
1785014765,2026-07-25T21:26:05Z,AFR258,"22.287676,91.415001",39000,498,118
1785014767,2026-07-25T21:26:07Z,AFR258,"22.285534,91.419373",39000,498,117
1785014769,2026-07-25T21:26:09Z,AFR258,"22.282881,91.424919",39000,498,117
1785014771,2026-07-25T21:26:11Z,AFR258,"22.280693,91.429596",39000,499,116
1785014774,2026-07-25T21:26:14Z,AFR258,"22.278225,91.435188",39000,499,114
1785014776,2026-07-25T21:26:16Z,AFR258,"22.276337,91.439857",39000,499,113
1785014778,2026-07-25T21:26:18Z,AFR258,"22.27446,91.444702",39000,499,112
1785014780,2026-07-25T21:26:20Z,AFR258,"22.272812,91.449348",39000,500,110
1785014783,2026-07-25T21:26:23Z,AFR258,"22.270844,91.455338",39000,500,109
1785014785,2026-07-25T21:26:25Z,AFR258,"22.269424,91.459984",39000,499,107
1785014787,2026-07-25T21:26:27Z,AFR258,"22.268097,91.464874",39000,500,105
1785014789,2026-07-25T21:26:29Z,AFR258,"22.266727,91.470436",39000,500,104
1785014791,2026-07-25T21:26:31Z,AFR258,"22.265717,91.475014",39000,500,102
1785014793,2026-07-25T21:26:33Z,AFR258,"22.264801,91.479912",39000,501,101
1785014795,2026-07-25T21:26:35Z,AFR258,"22.263794,91.485954",39000,501,99
1785014797,2026-07-25T21:26:37Z,AFR258,"22.263062,91.491142",39000,501,98
1785014800,2026-07-25T21:26:40Z,AFR258,"22.262329,91.496941",39000,501,97
1785014802,2026-07-25T21:26:42Z,AFR258,"22.261688,91.503029",39000,502,96
1785014804,2026-07-25T21:26:44Z,AFR258,"22.261187,91.507874",39000,501,96
1785014807,2026-07-25T21:26:47Z,AFR258,"22.260721,91.512856",39000,502,95
1785014809,2026-07-25T21:26:49Z,AFR258,"22.260132,91.51931",39000,502,95
1785014811,2026-07-25T21:26:51Z,AFR258,"22.259674,91.523903",39000,502,95
1785014813,2026-07-25T21:26:53Z,AFR258,"22.259125,91.530144",39000,502,95
1785014815,2026-07-25T21:26:55Z,AFR258,"22.258673,91.53463",39000,502,95
1785014817,2026-07-25T21:26:57Z,AFR258,"22.258072,91.540833",39000,502,96
1785014819,2026-07-25T21:26:59Z,AFR258,"22.257648,91.544952",39000,502,96
1785014852,2026-07-25T21:27:32Z,AFR258,"22.248047,91.626328",39000,502,97
1785014885,2026-07-25T21:28:05Z,AFR258,"22.238068,91.708275",39000,501,97
1785014917,2026-07-25T21:28:37Z,AFR258,"22.228786,91.788635",39000,502,96
1785014948,2026-07-25T21:29:08Z,AFR258,"22.220215,91.866127",39000,504,95
1785014979,2026-07-25T21:29:39Z,AFR258,"22.215473,91.942696",39000,505,93
1785015011,2026-07-25T21:30:11Z,AFR258,"22.210817,92.022148",39000,506,94
1785015044,2026-07-25T21:30:44Z,AFR258,"22.205046,92.105766",39000,507,94
1785015075,2026-07-25T21:31:15Z,AFR258,"22.199272,92.184196",39000,508,94
1785015108,2026-07-25T21:31:48Z,AFR258,"22.193115,92.265732",39000,508,94
1785015138,2026-07-25T21:32:18Z,AFR258,"22.187714,92.342888",39000,506,93
1785015170,2026-07-25T21:32:50Z,AFR258,"22.183025,92.42437",39000,506,93
1785015201,2026-07-25T21:33:21Z,AFR258,"22.178375,92.501236",39000,507,93
1785015233,2026-07-25T21:33:53Z,AFR258,"22.173389,92.582146",39000,508,93
1785015265,2026-07-25T21:34:25Z,AFR258,"22.168362,92.662453",39000,510,93
1785015297,2026-07-25T21:34:57Z,AFR258,"22.162916,92.744141",39000,509,94
1785015328,2026-07-25T21:35:28Z,AFR258,"22.157547,92.821991",39000,508,94
1785015361,2026-07-25T21:36:01Z,AFR258,"22.15193,92.903648",39000,507,94
1785015391,2026-07-25T21:36:31Z,AFR258,"22.146715,92.980293",39000,507,94
1785015424,2026-07-25T21:37:04Z,AFR258,"22.141035,93.063354",39000,506,94
1785015455,2026-07-25T21:37:35Z,AFR258,"22.135666,93.140442",39000,505,94
1785015486,2026-07-25T21:38:06Z,AFR258,"22.13019,93.218132",39000,502,94
1785015517,2026-07-25T21:38:37Z,AFR258,"22.124725,93.295403",39000,500,94
1785015548,2026-07-25T21:39:08Z,AFR258,"22.119204,93.373009",39000,499,94
1785015578,2026-07-25T21:39:38Z,AFR258,"22.11385,93.447929",39000,499,94
1785015610,2026-07-25T21:40:10Z,AFR258,"22.1082,93.52626",39000,500,94
1785015641,2026-07-25T21:40:41Z,AFR258,"22.10257,93.603569",39000,499,94
1785015672,2026-07-25T21:41:12Z,AFR258,"22.096939,93.680618",39000,500,94
1785015704,2026-07-25T21:41:44Z,AFR258,"22.090988,93.760773",39000,501,94
1785015736,2026-07-25T21:42:16Z,AFR258,"22.085129,93.83992",39000,502,94
1785015767,2026-07-25T21:42:47Z,AFR258,"22.079494,93.9179",39000,500,94
1785015798,2026-07-25T21:43:18Z,AFR258,"22.07386,93.993172",39000,499,94
1785015830,2026-07-25T21:43:50Z,AFR258,"22.067917,94.07328",39000,498,94
1785015861,2026-07-25T21:44:21Z,AFR258,"22.062223,94.149529",39000,499,94
1785015892,2026-07-25T21:44:52Z,AFR258,"22.056404,94.226936",39000,498,94
1785015924,2026-07-25T21:45:24Z,AFR258,"22.050339,94.305145",39000,497,94
1785015956,2026-07-25T21:45:56Z,AFR258,"22.044113,94.384941",39000,496,94
1785015988,2026-07-25T21:46:28Z,AFR258,"22.03797,94.462334",39025,496,94
1785016020,2026-07-25T21:47:00Z,AFR258,"22.032196,94.539543",39000,494,94
1785017539,2026-07-25T22:12:19Z,AFR258,"20.138044,97.409065",39000,190,134
1785017541,2026-07-25T22:12:21Z,AFR258,"20.134714,97.413124",39000,120,107
1785017543,2026-07-25T22:12:23Z,AFR258,"20.131451,97.418152",39000,475,122
1785017546,2026-07-25T22:12:26Z,AFR258,"20.128614,97.421249",39000,498,130
1785017559,2026-07-25T22:12:39Z,AFR258,"20.10836,97.448547",39000,490,128
1785017561,2026-07-25T22:12:41Z,AFR258,"20.10413,97.45211",39000,510,139
1785017564,2026-07-25T22:12:44Z,AFR258,"20.102407,97.455269",39000,190,135
1785017566,2026-07-25T22:12:46Z,AFR258,"20.097603,97.460869",39000,518,131
1785017569,2026-07-25T22:12:49Z,AFR258,"20.095413,97.464241",39000,496,129
1785017575,2026-07-25T22:12:55Z,AFR258,"20.079985,97.477783",39000,590,140
1785017577,2026-07-25T22:12:57Z,AFR258,"20.076262,97.48262",39000,509,129
1785017579,2026-07-25T22:12:59Z,AFR258,"20.073809,97.485718",39000,508,129
1785017582,2026-07-25T22:13:02Z,AFR258,"20.070787,97.489487",39000,497,129
1785017584,2026-07-25T22:13:04Z,AFR258,"20.06674,97.494812",39000,493,129
1785017586,2026-07-25T22:13:06Z,AFR258,"20.064117,97.498283",39000,482,129
1785017588,2026-07-25T22:13:08Z,AFR258,"20.061274,97.501991",39000,480,129
1785017591,2026-07-25T22:13:11Z,AFR258,"20.058254,97.505989",39000,481,128
1785017593,2026-07-25T22:13:13Z,AFR258,"20.054995,97.510521",39000,477,128
1785017595,2026-07-25T22:13:15Z,AFR258,"20.052082,97.514671",39000,472,127
1785017597,2026-07-25T22:13:17Z,AFR258,"20.050161,97.518196",39000,458,125
1785017599,2026-07-25T22:13:19Z,AFR258,"20.047184,97.523209",39000,448,124
1785017601,2026-07-25T22:13:21Z,AFR258,"20.04563,97.526329",39000,437,123
1785017604,2026-07-25T22:13:24Z,AFR258,"20.043598,97.530167",39000,433,122
1785017622,2026-07-25T22:13:42Z,AFR258,"20.009283,97.571014",39000,700,135
1785017625,2026-07-25T22:13:45Z,AFR258,"20.014029,97.56929",39000,280,20
1785017627,2026-07-25T22:13:47Z,AFR258,"20.010517,97.573372",39000,260,129
1785017629,2026-07-25T22:13:49Z,AFR258,"20.008545,97.576523",39000,250,126
1785017632,2026-07-25T22:13:52Z,AFR258,"20.002571,97.582626",39000,530,134
1785017634,2026-07-25T22:13:54Z,AFR258,"19.998846,97.587784",39000,500,130
1785017636,2026-07-25T22:13:56Z,AFR258,"19.996492,97.591141",39000,488,129
1785017639,2026-07-25T22:13:59Z,AFR258,"19.993217,97.595558",39000,485,129
1785017641,2026-07-25T22:14:01Z,AFR258,"19.990204,97.599281",39000,487,129
1785017643,2026-07-25T22:14:03Z,AFR258,"19.986244,97.604126",39000,492,129
1785017645,2026-07-25T22:14:05Z,AFR258,"19.983639,97.607376",39000,493,129
1785017647,2026-07-25T22:14:07Z,AFR258,"19.980652,97.611328",39000,491,129
1785017650,2026-07-25T22:14:10Z,AFR258,"19.97731,97.615593",39000,488,129
1785017652,2026-07-25T22:14:12Z,AFR258,"19.974144,97.619629",39000,490,129
1785017654,2026-07-25T22:14:14Z,AFR258,"19.971106,97.623512",39000,490,129
1785017656,2026-07-25T22:14:16Z,AFR258,"19.968328,97.627068",39025,489,129
1785017658,2026-07-25T22:14:18Z,AFR258,"19.965044,97.63121",39000,489,129
1785017665,2026-07-25T22:14:25Z,AFR258,"19.950176,97.64399",39000,690,154
1785017667,2026-07-25T22:14:27Z,AFR258,"19.947166,97.648132",39000,497,127
1785017669,2026-07-25T22:14:29Z,AFR258,"19.942795,97.653557",39000,500,129
1785017671,2026-07-25T22:14:31Z,AFR258,"19.940483,97.656502",39000,494,129
1785017673,2026-07-25T22:14:33Z,AFR258,"19.937553,97.660202",39000,489,129
1785017676,2026-07-25T22:14:36Z,AFR258,"19.934244,97.664307",39000,492,130
1785017678,2026-07-25T22:14:38Z,AFR258,"19.93108,97.668251",39000,492,130
1785017680,2026-07-25T22:14:40Z,AFR258,"19.928074,97.672043",39000,492,130
1785017682,2026-07-25T22:14:42Z,AFR258,"19.924566,97.676491",39000,492,129
1785017684,2026-07-25T22:14:44Z,AFR258,"19.921055,97.680939",39000,495,129
1785017687,2026-07-25T22:14:47Z,AFR258,"19.91766,97.685204",39000,494,129
1785017689,2026-07-25T22:14:49Z,AFR258,"19.914711,97.68895",39000,494,129
1785017691,2026-07-25T22:14:51Z,AFR258,"19.91107,97.693642",39000,493,129
1785017694,2026-07-25T22:14:54Z,AFR258,"19.908373,97.697433",39000,485,128
1785017696,2026-07-25T22:14:56Z,AFR258,"19.906454,97.702026",39000,453,123
1785017698,2026-07-25T22:14:58Z,AFR258,"19.904799,97.70536",39000,442,122
1785017700,2026-07-25T22:15:00Z,AFR258,"19.902874,97.709",39000,435,121
1785017702,2026-07-25T22:15:02Z,AFR258,"19.900339,97.71273",39000,437,122
1785017704,2026-07-25T22:15:04Z,AFR258,"19.898224,97.716347",39000,437,122
1785017706,2026-07-25T22:15:06Z,AFR258,"19.895567,97.720329",39000,442,123
1785017708,2026-07-25T22:15:08Z,AFR258,"19.892223,97.725479",39000,444,123
1785017713,2026-07-25T22:15:13Z,AFR258,"19.882277,97.735802",39000,530,137
1785017719,2026-07-25T22:15:19Z,AFR258,"19.876179,97.744553",39000,340,126
1785017722,2026-07-25T22:15:22Z,AFR258,"19.872633,97.749695",39000,350,115
1785017724,2026-07-25T22:15:24Z,AFR258,"19.862621,97.755264",39000,230,154
1785017726,2026-07-25T22:15:26Z,AFR258,"19.860764,97.757423",39000,497,131
1785017728,2026-07-25T22:15:28Z,AFR258,"19.857903,97.761154",39000,481,129
1785017730,2026-07-25T22:15:30Z,AFR258,"19.853893,97.76619",39000,491,129
1785017732,2026-07-25T22:15:32Z,AFR258,"19.851028,97.769829",39000,496,129
1785017734,2026-07-25T22:15:34Z,AFR258,"19.84799,97.773766",39000,499,129
1785017737,2026-07-25T22:15:37Z,AFR258,"19.843216,97.779961",39000,514,129
1785017752,2026-07-25T22:15:52Z,AFR258,"19.819935,97.81076",39000,520,128
1785017755,2026-07-25T22:15:55Z,AFR258,"19.817083,97.812798",39000,370,135
1785017757,2026-07-25T22:15:57Z,AFR258,"19.814228,97.816231",39000,460,132
1785017760,2026-07-25T22:16:00Z,AFR258,"19.810997,97.820709",39000,270,129
1785017762,2026-07-25T22:16:02Z,AFR258,"19.807253,97.825386",39000,500,129
1785017764,2026-07-25T22:16:04Z,AFR258,"19.804018,97.829453",39000,495,129
1785017766,2026-07-25T22:16:06Z,AFR258,"19.80019,97.834274",39000,498,129
1785017769,2026-07-25T22:16:09Z,AFR258,"19.796953,97.838287",39000,501,130
1785017771,2026-07-25T22:16:11Z,AFR258,"19.793911,97.842232",39000,499,129
1785017773,2026-07-25T22:16:13Z,AFR258,"19.790428,97.846527",39000,501,130
1785017775,2026-07-25T22:16:15Z,AFR258,"19.787239,97.850578",39000,499,129
1785017777,2026-07-25T22:16:17Z,AFR258,"19.784285,97.854332",39000,495,129
1785017780,2026-07-25T22:16:20Z,AFR258,"19.780952,97.858643",39000,498,129
1785017782,2026-07-25T22:16:22Z,AFR258,"19.777779,97.86277",39000,494,129
1785017784,2026-07-25T22:16:24Z,AFR258,"19.778997,97.867722",39000,320,135
1785017786,2026-07-25T22:16:26Z,AFR258,"19.776321,97.871178",39000,410,134
1785017789,2026-07-25T22:16:29Z,AFR258,"19.773411,97.875122",39000,495,131
1785017791,2026-07-25T22:16:31Z,AFR258,"19.768339,97.879265",39000,578,136
1785017793,2026-07-25T22:16:33Z,AFR258,"19.766201,97.883011",39000,523,132
1785017795,2026-07-25T22:16:35Z,AFR258,"19.720163,97.909035",39000,521,152
1785017797,2026-07-25T22:16:37Z,AFR258,"19.753565,97.893532",39000,521,334
1785017800,2026-07-25T22:16:40Z,AFR258,"19.749807,97.89827",39000,521,334
1785017802,2026-07-25T22:16:42Z,AFR258,"19.747438,97.900818",39000,368,150
1785017804,2026-07-25T22:16:44Z,AFR258,"19.744604,97.904198",39000,409,133
1785017806,2026-07-25T22:16:46Z,AFR258,"19.74135,97.908432",39000,471,130
1785017808,2026-07-25T22:16:48Z,AFR258,"19.738207,97.912323",39000,469,130
1785017810,2026-07-25T22:16:50Z,AFR258,"19.735027,97.916229",39000,477,130
1785017812,2026-07-25T22:16:52Z,AFR258,"19.732239,97.920021",39000,270,126
1785017814,2026-07-25T22:16:54Z,AFR258,"19.727484,97.92804",39000,390,123
1785017817,2026-07-25T22:16:57Z,AFR258,"19.724367,97.93177",39000,670,125
1785017819,2026-07-25T22:16:59Z,AFR258,"19.720936,97.935913",39000,581,127
1785017821,2026-07-25T22:17:01Z,AFR258,"19.717329,97.940498",39000,544,128
1785017826,2026-07-25T22:17:06Z,AFR258,"19.70948,97.950203",39000,410,130
1785017834,2026-07-25T22:17:14Z,AFR258,"19.699123,97.963074",39000,430,144
1785017836,2026-07-25T22:17:16Z,AFR258,"19.688168,97.970634",39000,430,156
1785017838,2026-07-25T22:17:18Z,AFR258,"19.692928,97.971092",39000,160,126
1785017840,2026-07-25T22:17:20Z,AFR258,"19.689106,97.976135",39000,729,125
1785017844,2026-07-25T22:17:24Z,AFR258,"19.685728,97.978714",39000,497,130
1785017846,2026-07-25T22:17:26Z,AFR258,"19.682049,97.982933",39000,509,132
1785017848,2026-07-25T22:17:28Z,AFR258,"19.679119,97.986969",39000,240,123
1785017850,2026-07-25T22:17:30Z,AFR258,"19.675266,97.993149",39000,670,121
1785017852,2026-07-25T22:17:32Z,AFR258,"19.672058,97.997147",39000,506,129
1785017854,2026-07-25T22:17:34Z,AFR258,"19.669823,97.999939",39000,492,129
1785017856,2026-07-25T22:17:36Z,AFR258,"19.666739,98.003807",39000,499,129
1785017858,2026-07-25T22:17:38Z,AFR258,"19.663792,98.007523",39000,497,129
1785017860,2026-07-25T22:17:40Z,AFR258,"19.660297,98.011925",39000,290,129
1785017862,2026-07-25T22:17:42Z,AFR258,"19.657557,98.015381",39000,475,129
1785017864,2026-07-25T22:17:44Z,AFR258,"19.654301,98.019417",39000,508,129
1785017867,2026-07-25T22:17:47Z,AFR258,"19.651039,98.023544",39000,504,129
1785017869,2026-07-25T22:17:49Z,AFR258,"19.647919,98.027405",39000,495,130
1785017871,2026-07-25T22:17:51Z,AFR258,"19.644497,98.031685",39000,491,130
1785017873,2026-07-25T22:17:53Z,AFR258,"19.642122,98.033012",39000,120,149
1785017875,2026-07-25T22:17:55Z,AFR258,"19.638777,98.037651",39000,482,129
1785017878,2026-07-25T22:17:58Z,AFR258,"19.634821,98.043877",39000,510,120
1785017880,2026-07-25T22:18:00Z,AFR258,"19.630499,98.0495",39000,470,128
1785017883,2026-07-25T22:18:03Z,AFR258,"19.625868,98.055092",39000,380,131
1785017885,2026-07-25T22:18:05Z,AFR258,"19.623716,98.055908",39000,170,160
1785017889,2026-07-25T22:18:09Z,AFR258,"19.631454,98.062172",39000,90,110
1785017892,2026-07-25T22:18:12Z,AFR258,"19.613943,98.06971",39000,600,119
1785017894,2026-07-25T22:18:14Z,AFR258,"19.611536,98.071152",39000,233,191
1785017896,2026-07-25T22:18:16Z,AFR258,"19.607841,98.077446",39000,518,129
1785017898,2026-07-25T22:18:18Z,AFR258,"19.604637,98.081245",39000,488,131
1785017900,2026-07-25T22:18:20Z,AFR258,"19.600801,98.086075",39000,495,130
1785017902,2026-07-25T22:18:22Z,AFR258,"19.598145,98.089462",39000,490,130
1785017904,2026-07-25T22:18:24Z,AFR258,"19.594933,98.093628",39000,497,129
1785017907,2026-07-25T22:18:27Z,AFR258,"19.591766,98.097603",39000,497,129
1785017909,2026-07-25T22:18:29Z,AFR258,"19.588509,98.101463",39000,320,123
1785017911,2026-07-25T22:18:31Z,AFR258,"19.584873,98.10643",39000,534,127
1785017913,2026-07-25T22:18:33Z,AFR258,"19.582035,98.109871",39000,310,119
1785017915,2026-07-25T22:18:35Z,AFR258,"19.578966,98.113831",39000,360,128
1785017918,2026-07-25T22:18:38Z,AFR258,"19.574768,98.117905",39000,240,128
1785017922,2026-07-25T22:18:42Z,AFR258,"19.570351,98.123528",39000,250,127
1785017924,2026-07-25T22:18:44Z,AFR258,"19.565908,98.129723",39025,650,120
1785017926,2026-07-25T22:18:46Z,AFR258,"19.562561,98.134201",39000,613,127
1785017928,2026-07-25T22:18:48Z,AFR258,"19.55896,98.138588",39000,513,129
1785017931,2026-07-25T22:18:51Z,AFR258,"19.556616,98.141502",39000,499,129
1785017933,2026-07-25T22:18:53Z,AFR258,"19.553324,98.145767",39000,488,129
1785017935,2026-07-25T22:18:55Z,AFR258,"19.550093,98.149765",39000,250,128
1785017937,2026-07-25T22:18:57Z,AFR258,"19.546881,98.153839",39000,476,128
1785017939,2026-07-25T22:18:59Z,AFR258,"19.544069,98.157295",39025,485,129
1785017941,2026-07-25T22:19:01Z,AFR258,"19.540932,98.161392",39000,480,129
1785017944,2026-07-25T22:19:04Z,AFR258,"19.537342,98.16581",39000,488,129
1785017946,2026-07-25T22:19:06Z,AFR258,"19.534231,98.169624",39000,495,130
1785017948,2026-07-25T22:19:08Z,AFR258,"19.531574,98.173172",39000,486,129
1785017950,2026-07-25T22:19:10Z,AFR258,"19.528084,98.177666",39000,487,129
1785017953,2026-07-25T22:19:13Z,AFR258,"19.524866,98.181259",39000,160,141
1785017955,2026-07-25T22:19:15Z,AFR258,"19.521034,98.186485",39000,554,127
1785017957,2026-07-25T22:19:17Z,AFR258,"19.518021,98.190277",39000,515,128
1785017959,2026-07-25T22:19:19Z,AFR258,"19.514492,98.194519",39000,527,128
1785017962,2026-07-25T22:19:22Z,AFR258,"19.511465,98.19825",39000,502,129
1785017964,2026-07-25T22:19:24Z,AFR258,"19.508085,98.202522",39000,330,130
1785017966,2026-07-25T22:19:26Z,AFR258,"19.50462,98.206451",39000,500,130
1785017968,2026-07-25T22:19:28Z,AFR258,"19.501295,98.211098",39000,504,128
1785017970,2026-07-25T22:19:30Z,AFR258,"19.498665,98.214531",39000,549,123
1785017973,2026-07-25T22:19:33Z,AFR258,"19.495331,98.218819",39000,500,127
1785017975,2026-07-25T22:19:35Z,AFR258,"19.492058,98.222733",39000,492,129
1785017977,2026-07-25T22:19:37Z,AFR258,"19.488989,98.226456",39000,491,130
1785017979,2026-07-25T22:19:39Z,AFR258,"19.485781,98.230415",39000,320,116
1785017981,2026-07-25T22:19:41Z,AFR258,"19.482679,98.234375",39000,499,128
1785017984,2026-07-25T22:19:44Z,AFR258,"19.479259,98.23835",39000,505,131
1785017986,2026-07-25T22:19:46Z,AFR258,"19.474937,98.243645",39000,721,123
1785017988,2026-07-25T22:19:48Z,AFR258,"19.470808,98.248619",39000,600,125
1785017990,2026-07-25T22:19:50Z,AFR258,"19.469225,98.251114",39000,140,103
1785017993,2026-07-25T22:19:53Z,AFR258,"19.465714,98.255478",39000,491,127
1785017995,2026-07-25T22:19:55Z,AFR258,"19.461081,98.261421",39000,597,125
1785017997,2026-07-25T22:19:57Z,AFR258,"19.458313,98.264656",39000,516,128
1785017999,2026-07-25T22:19:59Z,AFR258,"19.455505,98.267952",39000,503,130
1785018002,2026-07-25T22:20:02Z,AFR258,"19.452169,98.272133",39000,489,130
1785018004,2026-07-25T22:20:04Z,AFR258,"19.448835,98.276428",39000,487,129
1785018006,2026-07-25T22:20:06Z,AFR258,"19.445299,98.280907",39000,485,129
1785018009,2026-07-25T22:20:09Z,AFR258,"19.442154,98.285034",39000,485,129
1785018011,2026-07-25T22:20:11Z,AFR258,"19.439013,98.289032",39000,489,129
1785018013,2026-07-25T22:20:13Z,AFR258,"19.435642,98.293152",39000,490,130
1785018015,2026-07-25T22:20:15Z,AFR258,"19.432367,98.297134",39000,500,130
1785018017,2026-07-25T22:20:17Z,AFR258,"19.429028,98.301208",39000,499,130
1785018020,2026-07-25T22:20:20Z,AFR258,"19.425976,98.305023",39000,495,130
1785018022,2026-07-25T22:20:22Z,AFR258,"19.42276,98.309128",39000,493,129
1785018052,2026-07-25T22:20:52Z,AFR258,"19.3778,98.365112",39000,498,130
1785018084,2026-07-25T22:21:24Z,AFR258,"19.330465,98.423843",39000,494,130
1785018117,2026-07-25T22:21:57Z,AFR258,"19.282299,98.48394",39000,492,130
1785018148,2026-07-25T22:22:28Z,AFR258,"19.236362,98.540756",39000,492,131
1785018179,2026-07-25T22:22:59Z,AFR258,"19.185114,98.594383",39000,496,138
1785018210,2026-07-25T22:23:30Z,AFR258,"19.130606,98.641846",39000,497,140
1785018243,2026-07-25T22:24:03Z,AFR258,"19.073809,98.69268",39000,495,139
1785018273,2026-07-25T22:24:33Z,AFR258,"19.020912,98.741699",39000,493,140
1785018304,2026-07-25T22:25:04Z,AFR258,"18.966602,98.786331",39000,492,140
1785018336,2026-07-25T22:25:36Z,AFR258,"18.909597,98.844124",39000,491,140
1785018368,2026-07-25T22:26:08Z,AFR258,"18.852898,98.886398",39000,492,139
1785018399,2026-07-25T22:26:39Z,AFR258,"18.802027,98.937263",39000,488,132
1785018432,2026-07-25T22:27:12Z,AFR258,"18.755913,99.001427",39000,486,126
1785018463,2026-07-25T22:27:43Z,AFR258,"18.716194,99.057381",39025,486,120
1785018495,2026-07-25T22:28:15Z,AFR258,"18.681791,99.124016",39025,484,118
1785018527,2026-07-25T22:28:47Z,AFR258,"18.646269,99.191772",39000,483,118
1785018558,2026-07-25T22:29:18Z,AFR258,"18.610703,99.253075",39000,486,126
1785018590,2026-07-25T22:29:50Z,AFR258,"18.567066,99.31308",39000,487,126
1785018622,2026-07-25T22:30:22Z,AFR258,"18.523876,99.374847",39000,486,126
1785018655,2026-07-25T22:30:55Z,AFR258,"18.480385,99.436783",39000,484,126
1785018687,2026-07-25T22:31:27Z,AFR258,"18.436323,99.498077",39000,484,126
1785018718,2026-07-25T22:31:58Z,AFR258,"18.395445,99.556824",39000,485,126
1785018750,2026-07-25T22:32:30Z,AFR258,"18.352541,99.616425",39000,487,126
1785018780,2026-07-25T22:33:00Z,AFR258,"18.31135,99.675507",39000,489,126
1785018811,2026-07-25T22:33:31Z,AFR258,"18.269846,99.733795",39000,492,126
1785018843,2026-07-25T22:34:03Z,AFR258,"18.226236,99.794991",39000,494,126
1785018875,2026-07-25T22:34:35Z,AFR258,"18.181845,99.857368",39000,496,126
1785018908,2026-07-25T22:35:08Z,AFR258,"18.137253,99.920212",39000,496,126
1785018939,2026-07-25T22:35:39Z,AFR258,"18.094952,99.979927",39000,496,126
1785018971,2026-07-25T22:36:11Z,AFR258,"18.050865,100.04248",39000,495,126
1785019003,2026-07-25T22:36:43Z,AFR258,"18.006664,100.104828",39000,493,126
1785019034,2026-07-25T22:37:14Z,AFR258,"17.964163,100.163383",39000,494,127
1785019067,2026-07-25T22:37:47Z,AFR258,"17.918608,100.226562",39000,496,127
1785019099,2026-07-25T22:38:19Z,AFR258,"17.874655,100.287239",39000,497,127
1785019130,2026-07-25T22:38:50Z,AFR258,"17.830126,100.348289",39000,498,127
1785019163,2026-07-25T22:39:23Z,AFR258,"17.785189,100.409927",39000,496,127
1785019193,2026-07-25T22:39:53Z,AFR258,"17.742599,100.468712",39000,494,127
1785019225,2026-07-25T22:40:25Z,AFR258,"17.698261,100.529991",39000,492,127
1785019256,2026-07-25T22:40:56Z,AFR258,"17.656189,100.587677",39000,491,127
1785019289,2026-07-25T22:41:29Z,AFR258,"17.611841,100.648811",39000,492,127
1785019320,2026-07-25T22:42:00Z,AFR258,"17.569071,100.708534",39000,493,126
1785019350,2026-07-25T22:42:30Z,AFR258,"17.527443,100.766495",39000,490,126
1785019382,2026-07-25T22:43:02Z,AFR258,"17.483458,100.827492",39000,488,126
1785019414,2026-07-25T22:43:34Z,AFR258,"17.440207,100.88765",39000,486,126
1785019447,2026-07-25T22:44:07Z,AFR258,"17.395529,100.949402",39000,486,126
1785019479,2026-07-25T22:44:39Z,AFR258,"17.352028,101.009689",39000,487,126
1785019511,2026-07-25T22:45:11Z,AFR258,"17.308659,101.069595",39000,488,126
1785019543,2026-07-25T22:45:43Z,AFR258,"17.264965,101.1297",39000,487,126
1785019575,2026-07-25T22:46:15Z,AFR258,"17.221046,101.190277",39000,488,126
1785019607,2026-07-25T22:46:47Z,AFR258,"17.177608,101.250122",39000,490,127
1785019639,2026-07-25T22:47:19Z,AFR258,"17.133272,101.310997",39000,487,127
1785019672,2026-07-25T22:47:52Z,AFR258,"17.08931,101.371422",39000,486,127
1785019704,2026-07-25T22:48:24Z,AFR258,"17.0455,101.431107",39000,487,127
1785019734,2026-07-25T22:48:54Z,AFR258,"17.004332,101.487",39000,488,127
1785019765,2026-07-25T22:49:25Z,AFR258,"16.959961,101.546875",39000,488,127
1785019798,2026-07-25T22:49:58Z,AFR258,"16.915613,101.606865",39000,488,127
1785019828,2026-07-25T22:50:28Z,AFR258,"16.873693,101.663765",39000,487,127
1785019859,2026-07-25T22:50:59Z,AFR258,"16.83169,101.720818",39000,488,127
1785019891,2026-07-25T22:51:31Z,AFR258,"16.786633,101.781975",39000,487,127
1785019922,2026-07-25T22:52:02Z,AFR258,"16.744989,101.838493",39000,488,127
1785019955,2026-07-25T22:52:35Z,AFR258,"16.700031,101.89978",39000,488,127
1785019985,2026-07-25T22:53:05Z,AFR258,"16.658821,101.956284",39000,488,125
1785020017,2026-07-25T22:53:37Z,AFR258,"16.620535,102.020233",39000,487,118
1785020048,2026-07-25T22:54:08Z,AFR258,"16.589493,102.085716",39000,488,115
1785020081,2026-07-25T22:54:41Z,AFR258,"16.556921,102.154816",39000,488,116
1785020112,2026-07-25T22:55:12Z,AFR258,"16.525459,102.220581",39000,487,116
1785020144,2026-07-25T22:55:44Z,AFR258,"16.493536,102.287567",39000,486,116
1785020175,2026-07-25T22:56:15Z,AFR258,"16.462318,102.352905",39000,484,116
1785020208,2026-07-25T22:56:48Z,AFR258,"16.430124,102.420631",39000,484,116
1785020240,2026-07-25T22:57:20Z,AFR258,"16.39809,102.487846",39000,486,116
1785020272,2026-07-25T22:57:52Z,AFR258,"16.36615,102.555023",39000,487,116
1785020304,2026-07-25T22:58:24Z,AFR258,"16.333885,102.623116",39000,486,116
1785020335,2026-07-25T22:58:55Z,AFR258,"16.303249,102.687065",39000,486,116
1785020366,2026-07-25T22:59:26Z,AFR258,"16.271626,102.753357",39000,484,116
1785020399,2026-07-25T22:59:59Z,AFR258,"16.239235,102.820351",39000,483,116
1785020430,2026-07-25T23:00:30Z,AFR258,"16.208172,102.885422",39000,482,116
1785020462,2026-07-25T23:01:02Z,AFR258,"16.176397,102.951683",39000,481,116
1785020494,2026-07-25T23:01:34Z,AFR258,"16.144594,103.018272",39000,482,116
1785020526,2026-07-25T23:02:06Z,AFR258,"16.112501,103.085075",39000,483,116
1785020558,2026-07-25T23:02:38Z,AFR258,"16.081202,103.150154",39000,484,116
1785020590,2026-07-25T23:03:10Z,AFR258,"16.049198,103.216621",39000,483,116
1785020620,2026-07-25T23:03:40Z,AFR258,"16.018829,103.279694",39000,483,116
1785020653,2026-07-25T23:04:13Z,AFR258,"15.985903,103.348122",39000,484,116
1785020683,2026-07-25T23:04:43Z,AFR258,"15.955579,103.41082",39000,482,116
1785020714,2026-07-25T23:05:14Z,AFR258,"15.924889,103.474365",39000,482,116
1785020747,2026-07-25T23:05:47Z,AFR258,"15.892078,103.54229",39000,484,116
1785020777,2026-07-25T23:06:17Z,AFR258,"15.861384,103.605698",39000,484,116
1785020810,2026-07-25T23:06:50Z,AFR258,"15.828794,103.672989",38925,481,116
1785020842,2026-07-25T23:07:22Z,AFR258,"15.796373,103.739594",38375,482,116
1785020874,2026-07-25T23:07:54Z,AFR258,"15.764431,103.80555",37850,484,116
1785020906,2026-07-25T23:08:26Z,AFR258,"15.731879,103.872452",37325,488,116
1785020937,2026-07-25T23:08:57Z,AFR258,"15.700498,103.93718",37025,493,116
1785020969,2026-07-25T23:09:29Z,AFR258,"15.66789,104.004379",37000,493,116
1785021000,2026-07-25T23:10:00Z,AFR258,"15.634948,104.071602",37000,492,116
1785021031,2026-07-25T23:10:31Z,AFR258,"15.603607,104.135239",37000,493,116
1785021063,2026-07-25T23:11:03Z,AFR258,"15.570264,104.203903",37000,495,116
1785021095,2026-07-25T23:11:35Z,AFR258,"15.53708,104.271347",37000,498,116
1785021127,2026-07-25T23:12:07Z,AFR258,"15.50397,104.339439",37000,499,116
1785021160,2026-07-25T23:12:40Z,AFR258,"15.469503,104.409645",37000,498,116
1785021190,2026-07-25T23:13:10Z,AFR258,"15.438804,104.473549",37000,496,116
1785021222,2026-07-25T23:13:42Z,AFR258,"15.405264,104.542549",37000,495,116
1785021255,2026-07-25T23:14:15Z,AFR258,"15.371748,104.610672",37000,494,116
1785021286,2026-07-25T23:14:46Z,AFR258,"15.33966,104.676125",37000,493,116
1785021319,2026-07-25T23:15:19Z,AFR258,"15.306004,104.743271",37000,493,116
1785021351,2026-07-25T23:15:51Z,AFR258,"15.269805,104.813316",37000,498,126
1785021353,2026-07-25T23:15:53Z,AFR258,"15.265985,104.81813",37000,499,128
1785021356,2026-07-25T23:15:56Z,AFR258,"15.263126,104.821869",37000,500,130
1785021358,2026-07-25T23:15:58Z,AFR258,"15.26012,104.82547",37000,501,131
1785021360,2026-07-25T23:16:00Z,AFR258,"15.256675,104.829727",37000,502,133
1785021362,2026-07-25T23:16:02Z,AFR258,"15.252611,104.833633",37000,503,135
1785021365,2026-07-25T23:16:05Z,AFR258,"15.24833,104.838005",37000,504,136
1785021367,2026-07-25T23:16:07Z,AFR258,"15.245224,104.840813",37000,505,138
1785021369,2026-07-25T23:16:09Z,AFR258,"15.241474,104.844612",37000,506,139
1785021371,2026-07-25T23:16:11Z,AFR258,"15.2378,104.847649",37000,506,141
1785021373,2026-07-25T23:16:13Z,AFR258,"15.233282,104.850929",37000,506,142
1785021375,2026-07-25T23:16:15Z,AFR258,"15.230192,104.853516",37000,507,144
1785021378,2026-07-25T23:16:18Z,AFR258,"15.225326,104.856689",37000,508,146
1785021380,2026-07-25T23:16:20Z,AFR258,"15.221227,104.859711",37000,509,147
1785021382,2026-07-25T23:16:22Z,AFR258,"15.217308,104.862488",37000,510,148
1785021384,2026-07-25T23:16:24Z,AFR258,"15.21244,104.865395",37000,510,149
1785021386,2026-07-25T23:16:26Z,AFR258,"15.207198,104.868134",37000,510,150
1785021388,2026-07-25T23:16:28Z,AFR258,"15.20347,104.870705",37000,511,150
1785021390,2026-07-25T23:16:30Z,AFR258,"15.198492,104.872749",37000,511,151
1785021393,2026-07-25T23:16:33Z,AFR258,"15.194571,104.875153",37000,512,151
1785021395,2026-07-25T23:16:35Z,AFR258,"15.189343,104.877922",37000,511,151
1785021397,2026-07-25T23:16:37Z,AFR258,"15.184792,104.880463",37000,512,151
1785021399,2026-07-25T23:16:39Z,AFR258,"15.181113,104.882378",36975,512,151
1785021401,2026-07-25T23:16:41Z,AFR258,"15.176655,104.884888",37000,512,151
1785021432,2026-07-25T23:17:12Z,AFR258,"15.11228,104.920151",37000,511,152
1785021463,2026-07-25T23:17:43Z,AFR258,"15.046149,104.956383",37000,509,152
1785021495,2026-07-25T23:18:15Z,AFR258,"14.979716,104.993004",37000,508,152
1785021527,2026-07-25T23:18:47Z,AFR258,"14.911548,105.029518",37000,506,152
1785021558,2026-07-25T23:19:18Z,AFR258,"14.847921,105.062561",37000,506,151
1785021590,2026-07-25T23:19:50Z,AFR258,"14.78122,105.099617",37000,507,152
1785021621,2026-07-25T23:20:21Z,AFR258,"14.718587,105.137756",37000,506,146
1785021654,2026-07-25T23:20:54Z,AFR258,"14.655003,105.180328",37000,507,146
1785021684,2026-07-25T23:21:24Z,AFR258,"14.594853,105.222054",37000,508,147
1785021716,2026-07-25T23:21:56Z,AFR258,"14.530188,105.266006",37000,507,147
1785021748,2026-07-25T23:22:28Z,AFR258,"14.466071,105.306747",37000,507,147
1785021780,2026-07-25T23:23:00Z,AFR258,"14.402545,105.345261",37000,506,147
1785021813,2026-07-25T23:23:33Z,AFR258,"14.33844,105.386253",37000,506,147
1785021845,2026-07-25T23:24:05Z,AFR258,"14.272936,105.42585",37000,510,154
1785021875,2026-07-25T23:24:35Z,AFR258,"14.204844,105.451508",37000,514,162
1785021908,2026-07-25T23:25:08Z,AFR258,"14.129053,105.471428",36975,516,170
1785021939,2026-07-25T23:25:39Z,AFR258,"14.054264,105.477531",37000,512,178
1785021970,2026-07-25T23:26:10Z,AFR258,"13.981225,105.47438",37000,514,185
1785022002,2026-07-25T23:26:42Z,AFR258,"13.906374,105.461067",37000,517,193
1785022034,2026-07-25T23:27:14Z,AFR258,"13.830499,105.445",37000,514,186
1785022066,2026-07-25T23:27:46Z,AFR258,"13.753904,105.441216",37000,511,178
1785022098,2026-07-25T23:28:18Z,AFR258,"13.678804,105.447754",37000,508,171
1785022130,2026-07-25T23:28:50Z,AFR258,"13.603278,105.458038",37000,510,172
1785022163,2026-07-25T23:29:23Z,AFR258,"13.527651,105.467613",37000,509,172
1785022195,2026-07-25T23:29:55Z,AFR258,"13.452866,105.477295",37000,509,172
1785022225,2026-07-25T23:30:25Z,AFR258,"13.380732,105.486557",37000,508,172
1785022257,2026-07-25T23:30:57Z,AFR258,"13.306181,105.496536",37000,508,172
1785022290,2026-07-25T23:31:30Z,AFR258,"13.229618,105.506599",37000,508,172
1785022322,2026-07-25T23:32:02Z,AFR258,"13.153235,105.516586",37025,508,172
1785022354,2026-07-25T23:32:34Z,AFR258,"13.078953,105.526329",37000,508,172
1785022386,2026-07-25T23:33:06Z,AFR258,"13.004882,105.534996",37000,507,172
1785022418,2026-07-25T23:33:38Z,AFR258,"12.928514,105.545998",37000,508,172
1785022450,2026-07-25T23:34:10Z,AFR258,"12.853903,105.555237",37000,508,172
1785022481,2026-07-25T23:34:41Z,AFR258,"12.783327,105.565262",37000,509,172
1785022512,2026-07-25T23:35:12Z,AFR258,"12.710878,105.57415",37000,509,172
1785022544,2026-07-25T23:35:44Z,AFR258,"12.635568,105.584518",37000,509,172
1785022576,2026-07-25T23:36:16Z,AFR258,"12.559165,105.594757",37000,508,172
1785022607,2026-07-25T23:36:47Z,AFR258,"12.487467,105.6035",37000,507,172
1785022640,2026-07-25T23:37:20Z,AFR258,"12.411432,105.613815",37000,508,172
1785022670,2026-07-25T23:37:50Z,AFR258,"12.34112,105.623016",37000,506,172
1785022702,2026-07-25T23:38:22Z,AFR258,"12.266813,105.632797",37000,504,172
1785022733,2026-07-25T23:38:53Z,AFR258,"12.194749,105.642059",37000,484,172
1785022764,2026-07-25T23:39:24Z,AFR258,"12.127904,105.650681",37000,472,172
1785022796,2026-07-25T23:39:56Z,AFR258,"12.057902,105.659752",37000,475,172
1785022828,2026-07-25T23:40:28Z,AFR258,"11.986279,105.668861",37000,472,172
1785022861,2026-07-25T23:41:01Z,AFR258,"11.916616,105.677986",37000,470,172
1785022893,2026-07-25T23:41:33Z,AFR258,"11.84733,105.686974",37000,471,172
1785022923,2026-07-25T23:42:03Z,AFR258,"11.781327,105.695496",37000,470,172
1785022949,2026-07-25T23:42:29Z,AFR258,"11.72565,105.706253",36650,467,161
1785022951,2026-07-25T23:42:31Z,AFR258,"11.721194,105.707809",36550,466,160
1785022953,2026-07-25T23:42:33Z,AFR258,"11.716587,105.709595",36450,467,158
1785022956,2026-07-25T23:42:36Z,AFR258,"11.712345,105.711342",36350,467,156
1785022958,2026-07-25T23:42:38Z,AFR258,"11.707801,105.713326",36250,468,154
1785022960,2026-07-25T23:42:40Z,AFR258,"11.704087,105.71553",36100,468,153
1785022962,2026-07-25T23:42:42Z,AFR258,"11.700109,105.717728",36000,469,151
1785022964,2026-07-25T23:42:44Z,AFR258,"11.696168,105.719925",35900,469,149
1785022966,2026-07-25T23:42:46Z,AFR258,"11.69166,105.722435",35775,470,147
1785022969,2026-07-25T23:42:49Z,AFR258,"11.687511,105.724686",35700,470,146
1785022971,2026-07-25T23:42:51Z,AFR258,"11.683243,105.727592",35600,470,145
1785022973,2026-07-25T23:42:53Z,AFR258,"11.679375,105.730133",35525,470,144
1785022975,2026-07-25T23:42:55Z,AFR258,"11.676022,105.732918",35450,470,143
1785022977,2026-07-25T23:42:57Z,AFR258,"11.672342,105.735863",35375,470,143
1785022979,2026-07-25T23:42:59Z,AFR258,"11.668987,105.738388",35300,469,143
1785022981,2026-07-25T23:43:01Z,AFR258,"11.664219,105.741936",35200,469,143
1785022984,2026-07-25T23:43:04Z,AFR258,"11.660789,105.744492",35175,468,143
1785022986,2026-07-25T23:43:06Z,AFR258,"11.65718,105.747101",35100,468,143
1785022988,2026-07-25T23:43:08Z,AFR258,"11.653275,105.749825",35050,467,143
1785022990,2026-07-25T23:43:10Z,AFR258,"11.649385,105.752731",35025,466,144
1785023023,2026-07-25T23:43:43Z,AFR258,"11.592449,105.79248",34075,458,146
1785023055,2026-07-25T23:44:15Z,AFR258,"11.534179,105.832184",31325,492,146
1785023087,2026-07-25T23:44:47Z,AFR258,"11.471865,105.874458",29325,505,146
1785023119,2026-07-25T23:45:19Z,AFR258,"11.410304,105.916565",28025,495,145
1785023150,2026-07-25T23:45:50Z,AFR258,"11.349987,105.957603",26800,485,145
1785023181,2026-07-25T23:46:21Z,AFR258,"11.293732,105.996246",25775,475,145
1785023214,2026-07-25T23:46:54Z,AFR258,"11.235476,106.038551",24675,466,140
1785023244,2026-07-25T23:47:24Z,AFR258,"11.184517,106.081932",23725,465,140
1785023275,2026-07-25T23:47:55Z,AFR258,"11.133178,106.124825",22725,461,140
1785023308,2026-07-25T23:48:28Z,AFR258,"11.080238,106.16893",21725,448,140
1785023341,2026-07-25T23:49:01Z,AFR258,"11.027314,106.212875",20700,446,140
1785023371,2026-07-25T23:49:31Z,AFR258,"10.979225,106.253418",19775,439,140
1785023402,2026-07-25T23:50:02Z,AFR258,"10.930951,106.293556",18825,431,140
1785023434,2026-07-25T23:50:34Z,AFR258,"10.881544,106.334755",17900,421,140
1785023466,2026-07-25T23:51:06Z,AFR258,"10.833186,106.374924",17375,419,140
1785023497,2026-07-25T23:51:37Z,AFR258,"10.786726,106.413834",16825,420,140
1785023529,2026-07-25T23:52:09Z,AFR258,"10.740127,106.452789",15925,412,140
1785023562,2026-07-25T23:52:42Z,AFR258,"10.692354,106.494667",14925,406,131
1785023564,2026-07-25T23:52:44Z,AFR258,"10.689672,106.497925",14900,405,129
1785023566,2026-07-25T23:52:46Z,AFR258,"10.687331,106.500931",14850,406,127
1785023568,2026-07-25T23:52:48Z,AFR258,"10.684763,106.504265",14825,406,126
1785023570,2026-07-25T23:52:50Z,AFR258,"10.682228,106.507721",14775,407,124
1785023573,2026-07-25T23:52:53Z,AFR258,"10.68014,106.51091",14750,408,123
1785023575,2026-07-25T23:52:55Z,AFR258,"10.677807,106.514587",14725,409,121
1785023577,2026-07-25T23:52:57Z,AFR258,"10.675627,106.518211",14675,409,120
1785023579,2026-07-25T23:52:59Z,AFR258,"10.673606,106.521904",14650,409,118
1785023581,2026-07-25T23:53:01Z,AFR258,"10.671802,106.525269",14600,411,117
1785023583,2026-07-25T23:53:03Z,AFR258,"10.669912,106.529083",14575,411,114
1785023586,2026-07-25T23:53:06Z,AFR258,"10.668164,106.532997",14525,411,113
1785023588,2026-07-25T23:53:08Z,AFR258,"10.666521,106.537125",14500,411,111
1785023590,2026-07-25T23:53:10Z,AFR258,"10.665,106.540977",14450,411,110
1785023592,2026-07-25T23:53:12Z,AFR258,"10.663629,106.544662",14425,411,110
1785023594,2026-07-25T23:53:14Z,AFR258,"10.66217,106.54866",14375,410,110
1785023596,2026-07-25T23:53:16Z,AFR258,"10.660814,106.552521",14350,410,110
1785023599,2026-07-25T23:53:19Z,AFR258,"10.659494,106.556221",14300,410,110
1785023601,2026-07-25T23:53:21Z,AFR258,"10.658063,106.560204",14275,410,110
1785023603,2026-07-25T23:53:23Z,AFR258,"10.656593,106.564339",14250,409,110
1785023605,2026-07-25T23:53:25Z,AFR258,"10.655228,106.568108",14200,409,110
1785023607,2026-07-25T23:53:27Z,AFR258,"10.653725,106.572205",14175,408,110
1785023638,2026-07-25T23:53:58Z,AFR258,"10.633102,106.627861",13675,406,110
1785023671,2026-07-25T23:54:31Z,AFR258,"10.612103,106.685799",13150,409,109
1785023702,2026-07-25T23:55:02Z,AFR258,"10.592267,106.741524",12575,395,109
1785023717,2026-07-25T23:55:17Z,AFR258,"10.584406,106.768631",12350,368,98
1785023719,2026-07-25T23:55:19Z,AFR258,"10.583934,106.771973",12325,366,96
1785023721,2026-07-25T23:55:21Z,AFR258,"10.58366,106.775673",12300,364,93
1785023724,2026-07-25T23:55:24Z,AFR258,"10.583427,106.779411",12300,362,91
1785023726,2026-07-25T23:55:26Z,AFR258,"10.583352,106.783424",12275,361,89
1785023728,2026-07-25T23:55:28Z,AFR258,"10.583385,106.787064",12275,359,87
1785023730,2026-07-25T23:55:30Z,AFR258,"10.583524,106.790726",12250,357,84
1785023732,2026-07-25T23:55:32Z,AFR258,"10.583881,106.794685",12225,356,83
1785023734,2026-07-25T23:55:34Z,AFR258,"10.584329,106.798073",12200,354,81
1785023737,2026-07-25T23:55:37Z,AFR258,"10.584961,106.801498",12175,353,79
1785023739,2026-07-25T23:55:39Z,AFR258,"10.585702,106.805084",12175,351,76
1785023741,2026-07-25T23:55:41Z,AFR258,"10.586534,106.808357",12150,349,75
1785023743,2026-07-25T23:55:43Z,AFR258,"10.587546,106.81237",12125,348,73
1785023745,2026-07-25T23:55:45Z,AFR258,"10.588349,106.815559",12125,347,71
1785023747,2026-07-25T23:55:47Z,AFR258,"10.58942,106.818695",12100,345,70
1785023749,2026-07-25T23:55:49Z,AFR258,"10.590501,106.821739",12075,344,68
1785023751,2026-07-25T23:55:51Z,AFR258,"10.591868,106.824562",12075,342,66
1785023754,2026-07-25T23:55:54Z,AFR258,"10.593511,106.828056",12050,340,64
1785023756,2026-07-25T23:55:56Z,AFR258,"10.59498,106.830887",12050,339,62
1785023758,2026-07-25T23:55:58Z,AFR258,"10.596617,106.833946",12025,338,60
1785023760,2026-07-25T23:56:00Z,AFR258,"10.598263,106.836983",12000,335,59
1785023762,2026-07-25T23:56:02Z,AFR258,"10.599977,106.839981",12000,334,57
1785023764,2026-07-25T23:56:04Z,AFR258,"10.60173,106.842857",11975,334,57
1785023767,2026-07-25T23:56:07Z,AFR258,"10.603656,106.845909",11950,331,57
1785023769,2026-07-25T23:56:09Z,AFR258,"10.605519,106.848686",11925,330,56
1785023771,2026-07-25T23:56:11Z,AFR258,"10.607519,106.851616",11900,328,57
1785023773,2026-07-25T23:56:13Z,AFR258,"10.6092,106.854164",11900,327,57
1785023775,2026-07-25T23:56:15Z,AFR258,"10.610942,106.856819",11875,326,57
1785023777,2026-07-25T23:56:17Z,AFR258,"10.612683,106.859467",11850,325,57
1785023780,2026-07-25T23:56:20Z,AFR258,"10.614502,106.862381",11850,324,57
1785023782,2026-07-25T23:56:22Z,AFR258,"10.616158,106.86512",11825,322,58
1785023784,2026-07-25T23:56:24Z,AFR258,"10.617814,106.867935",11800,322,58
1785023797,2026-07-25T23:56:37Z,AFR258,"10.627719,106.88485",11700,313,59
1785023810,2026-07-25T23:56:50Z,AFR258,"10.637424,106.901314",11600,306,59
1785023825,2026-07-25T23:57:05Z,AFR258,"10.647922,106.919571",11475,298,59
1785023837,2026-07-25T23:57:17Z,AFR258,"10.657143,106.934952",11300,294,58
1785023851,2026-07-25T23:57:31Z,AFR258,"10.666873,106.951584",11075,294,58
1785023864,2026-07-25T23:57:44Z,AFR258,"10.67626,106.966957",10825,292,58
1785023877,2026-07-25T23:57:57Z,AFR258,"10.6852,106.981651",10525,290,58
1785023890,2026-07-25T23:58:10Z,AFR258,"10.694541,106.99678",10100,290,58
1785023904,2026-07-25T23:58:24Z,AFR258,"10.704194,107.013496",9675,286,58
1785023919,2026-07-25T23:58:39Z,AFR258,"10.714914,107.029274",9200,278,49
1785023921,2026-07-25T23:58:41Z,AFR258,"10.716802,107.031479",9150,277,47
1785023923,2026-07-25T23:58:43Z,AFR258,"10.718525,107.033325",9075,275,43
1785023925,2026-07-25T23:58:45Z,AFR258,"10.720203,107.034317",8975,274,41
1785023927,2026-07-25T23:58:47Z,AFR258,"10.722344,107.035759",8900,273,38
1785023930,2026-07-25T23:58:50Z,AFR258,"10.724926,107.03756",8825,272,34
1785023932,2026-07-25T23:58:52Z,AFR258,"10.727184,107.039101",8750,270,31
1785023934,2026-07-25T23:58:54Z,AFR258,"10.729303,107.040146",8675,269,28
1785023936,2026-07-25T23:58:56Z,AFR258,"10.73214,107.04319",8625,268,24
1785023938,2026-07-25T23:58:58Z,AFR258,"10.734632,107.043716",8525,266,22
1785023941,2026-07-25T23:59:01Z,AFR258,"10.737006,107.039566",8400,264,17
1785023944,2026-07-25T23:59:04Z,AFR258,"10.74048,107.043037",8325,263,12
1785023946,2026-07-25T23:59:06Z,AFR258,"10.743662,107.045387",8250,262,9
1785023948,2026-07-25T23:59:08Z,AFR258,"10.746577,107.046539",8125,261,5
1785023951,2026-07-25T23:59:11Z,AFR258,"10.749719,107.043671",8000,260,3
1785023954,2026-07-25T23:59:14Z,AFR258,"10.753139,107.045662",7900,258,355
1785023957,2026-07-25T23:59:17Z,AFR258,"10.75868,107.046898",7775,256,349
1785023959,2026-07-25T23:59:19Z,AFR258,"10.7605,107.045586",7675,256,346
1785023961,2026-07-25T23:59:21Z,AFR258,"10.762569,107.045624",7600,255,342
1785023964,2026-07-25T23:59:24Z,AFR258,"10.764923,107.040405",7500,254,336
1785023966,2026-07-25T23:59:26Z,AFR258,"10.767333,107.038307",7425,253,333
1785023969,2026-07-25T23:59:29Z,AFR258,"10.768816,107.036629",7300,252,329
1785023971,2026-07-25T23:59:31Z,AFR258,"10.772048,107.039307",7225,251,325
1785023973,2026-07-25T23:59:33Z,AFR258,"10.775525,107.039253",7150,250,321
1785023975,2026-07-25T23:59:35Z,AFR258,"10.777093,107.037842",7100,248,318
1785023979,2026-07-25T23:59:39Z,AFR258,"10.780614,107.031364",6950,246,311
1785023982,2026-07-25T23:59:42Z,AFR258,"10.782028,107.029617",6875,245,308
1785023984,2026-07-25T23:59:44Z,AFR258,"10.783859,107.027153",6775,245,306
1785023986,2026-07-25T23:59:46Z,AFR258,"10.785176,107.025246",6700,244,304
1785023988,2026-07-25T23:59:48Z,AFR258,"10.786469,107.02327",6625,244,304
1785023990,2026-07-25T23:59:50Z,AFR258,"10.787643,107.02153",6550,244,303
1785023992,2026-07-25T23:59:52Z,AFR258,"10.789215,107.019104",6450,244,303
1785023995,2026-07-25T23:59:55Z,AFR258,"10.790343,107.017342",6400,243,303
1785023997,2026-07-25T23:59:57Z,AFR258,"10.791926,107.014977",6300,243,303
1785023999,2026-07-25T23:59:59Z,AFR258,"10.793427,107.012711",6225,242,303
1785024001,2026-07-26T00:00:01Z,AFR258,"10.794673,107.010834",6150,241,304
1785024003,2026-07-26T00:00:03Z,AFR258,"10.795944,107.008919",6100,241,304
1785024006,2026-07-26T00:00:06Z,AFR258,"10.797592,107.006554",6000,240,305
1785024008,2026-07-26T00:00:08Z,AFR258,"10.799057,107.004471",5950,240,305
1785024021,2026-07-26T00:00:21Z,AFR258,"10.80748,106.992722",5550,235,306
1785024034,2026-07-26T00:00:34Z,AFR258,"10.816087,106.981056",5100,233,306
1785024047,2026-07-26T00:00:47Z,AFR258,"10.8246,106.96933",4650,234,306
1785024056,2026-07-26T00:00:56Z,AFR258,"10.829912,106.961975",4500,234,305
1785024062,2026-07-26T00:01:02Z,AFR258,"10.834213,106.955933",4375,234,305
1785024071,2026-07-26T00:01:11Z,AFR258,"10.839596,106.948341",4250,234,305
1785024078,2026-07-26T00:01:18Z,AFR258,"10.843689,106.942574",4200,232,305
1785024084,2026-07-26T00:01:24Z,AFR258,"10.847881,106.93663",4125,232,305
1785024091,2026-07-26T00:01:31Z,AFR258,"10.852211,106.930511",4100,232,305
1785024099,2026-07-26T00:01:39Z,AFR258,"10.857468,106.922974",4150,232,305
1785024106,2026-07-26T00:01:46Z,AFR258,"10.861588,106.917099",4175,233,305
1785024113,2026-07-26T00:01:53Z,AFR258,"10.865524,106.911461",4175,234,304
1785024117,2026-07-26T00:01:57Z,AFR258,"10.868225,106.907089",4175,233,300
1785024119,2026-07-26T00:01:59Z,AFR258,"10.869343,106.904922",4150,232,296
1785024122,2026-07-26T00:02:02Z,AFR258,"10.870413,106.902466",4150,232,293
1785024124,2026-07-26T00:02:04Z,AFR258,"10.871298,106.900108",4125,231,289
1785024126,2026-07-26T00:02:06Z,AFR258,"10.871887,106.898064",4100,231,286
1785024128,2026-07-26T00:02:08Z,AFR258,"10.872415,106.896057",4050,230,284
1785024130,2026-07-26T00:02:10Z,AFR258,"10.87302,106.893311",4000,231,281
1785024133,2026-07-26T00:02:13Z,AFR258,"10.873489,106.890862",3975,231,280
1785024135,2026-07-26T00:02:15Z,AFR258,"10.873947,106.888306",3950,230,279
1785024139,2026-07-26T00:02:19Z,AFR258,"10.874496,106.884941",3900,230,278
1785024141,2026-07-26T00:02:21Z,AFR258,"10.874771,106.883194",3875,230,278
1785024143,2026-07-26T00:02:23Z,AFR258,"10.875255,106.879623",3825,231,278
1785024145,2026-07-26T00:02:25Z,AFR258,"10.875534,106.877846",3800,232,278
1785024147,2026-07-26T00:02:27Z,AFR258,"10.875906,106.875244",3775,231,277
1785024149,2026-07-26T00:02:29Z,AFR258,"10.87619,106.873009",3750,231,277
1785024151,2026-07-26T00:02:31Z,AFR258,"10.876511,106.870789",3725,230,277
1785024153,2026-07-26T00:02:33Z,AFR258,"10.876831,106.868515",3700,230,277
1785024156,2026-07-26T00:02:36Z,AFR258,"10.877106,106.866478",3650,230,277
1785024158,2026-07-26T00:02:38Z,AFR258,"10.877426,106.864342",3625,229,277
1785024160,2026-07-26T00:02:40Z,AFR258,"10.877747,106.862122",3600,228,278
1785024168,2026-07-26T00:02:48Z,AFR258,"10.879028,106.853027",3475,223,278
1785024175,2026-07-26T00:02:55Z,AFR258,"10.880081,106.845924",3375,214,278
1785024182,2026-07-26T00:03:02Z,AFR258,"10.881088,106.839149",3275,207,278
1785024191,2026-07-26T00:03:11Z,AFR258,"10.882233,106.831291",3175,199,276
1785024195,2026-07-26T00:03:15Z,AFR258,"10.882517,106.827248",3125,195,273
1785024197,2026-07-26T00:03:17Z,AFR258,"10.882553,106.82547",3125,193,270
1785024199,2026-07-26T00:03:19Z,AFR258,"10.882553,106.823242",3100,191,268
1785024202,2026-07-26T00:03:22Z,AFR258,"10.882423,106.821419",3075,188,266
1785024204,2026-07-26T00:03:24Z,AFR258,"10.882191,106.819344",3050,186,263
1785024206,2026-07-26T00:03:26Z,AFR258,"10.881912,106.817467",3025,182,260
1785024208,2026-07-26T00:03:28Z,AFR258,"10.881493,106.8153",2975,180,258
1785024211,2026-07-26T00:03:31Z,AFR258,"10.88112,106.81366",2950,180,256
1785024213,2026-07-26T00:03:33Z,AFR258,"10.880585,106.811592",2925,178,254
1785024215,2026-07-26T00:03:35Z,AFR258,"10.880095,106.809952",2900,177,253
1785024217,2026-07-26T00:03:37Z,AFR258,"10.879532,106.807991",2875,176,252
1785024220,2026-07-26T00:03:40Z,AFR258,"10.879072,106.806526",2850,176,251
1785024222,2026-07-26T00:03:42Z,AFR258,"10.878513,106.804939",2825,175,251
1785024224,2026-07-26T00:03:44Z,AFR258,"10.877861,106.803062",2800,175,250
1785024226,2026-07-26T00:03:46Z,AFR258,"10.877197,106.801315",2775,174,249
1785024228,2026-07-26T00:03:48Z,AFR258,"10.876604,106.799782",2750,172,248
1785024230,2026-07-26T00:03:50Z,AFR258,"10.875999,106.798241",2725,171,248
1785024233,2026-07-26T00:03:53Z,AFR258,"10.87532,106.796532",2700,170,247
1785024235,2026-07-26T00:03:55Z,AFR258,"10.874602,106.794769",2675,169,247
1785024237,2026-07-26T00:03:57Z,AFR258,"10.874039,106.793358",2650,167,247
1785024239,2026-07-26T00:03:59Z,AFR258,"10.873486,106.792023",2650,167,247
1785024241,2026-07-26T00:04:01Z,AFR258,"10.872741,106.790192",2625,166,248
1785024243,2026-07-26T00:04:03Z,AFR258,"10.872182,106.788696",2600,165,248
1785024245,2026-07-26T00:04:05Z,AFR258,"10.871577,106.787209",2575,164,248
1785024247,2026-07-26T00:04:07Z,AFR258,"10.871065,106.785858",2550,163,248
1785024250,2026-07-26T00:04:10Z,AFR258,"10.870413,106.784119",2525,163,248
1785024252,2026-07-26T00:04:12Z,AFR258,"10.869827,106.782608",2500,162,249
1785024254,2026-07-26T00:04:14Z,AFR258,"10.869249,106.78109",2500,161,249
1785024263,2026-07-26T00:04:23Z,AFR258,"10.867035,106.775078",2400,159,249
1785024272,2026-07-26T00:04:32Z,AFR258,"10.864838,106.769211",2275,156,249
1785024279,2026-07-26T00:04:39Z,AFR258,"10.862823,106.763954",2175,151,248
1785024287,2026-07-26T00:04:47Z,AFR258,"10.860591,106.758293",2075,148,248
1785024294,2026-07-26T00:04:54Z,AFR258,"10.858932,106.753822",1975,146,249
1785024301,2026-07-26T00:05:01Z,AFR258,"10.857285,106.749413",1900,142,249
1785024310,2026-07-26T00:05:10Z,AFR258,"10.85527,106.743973",1775,142,249
1785024319,2026-07-26T00:05:19Z,AFR258,"10.853302,106.738762",1675,138,249
1785024325,2026-07-26T00:05:25Z,AFR258,"10.851746,106.734497",1625,134,249
1785024334,2026-07-26T00:05:34Z,AFR258,"10.84993,106.729721",1525,132,248
1785024342,2026-07-26T00:05:42Z,AFR258,"10.847992,106.724556",1425,136,248
1785024351,2026-07-26T00:05:51Z,AFR258,"10.846159,106.719604",1350,138,249
1785024359,2026-07-26T00:05:59Z,AFR258,"10.844238,106.714516",1250,137,249
1785024368,2026-07-26T00:06:08Z,AFR258,"10.842342,106.709579",1125,133,248
1785024377,2026-07-26T00:06:17Z,AFR258,"10.840341,106.704231",1025,138,249
1785024385,2026-07-26T00:06:25Z,AFR258,"10.838292,106.698738",925,140,249
1785024392,2026-07-26T00:06:32Z,AFR258,"10.836777,106.694717",850,137,249
1785024401,2026-07-26T00:06:41Z,AFR258,"10.834847,106.689629",750,135,248
1785024407,2026-07-26T00:06:47Z,AFR258,"10.833252,106.68544",675,136,248
1785024416,2026-07-26T00:06:56Z,AFR258,"10.831375,106.680374",575,137,249
1785024424,2026-07-26T00:07:04Z,AFR258,"10.829453,106.675255",500,136,248
1785024433,2026-07-26T00:07:13Z,AFR258,"10.827585,106.670258",375,136,248
1785024441,2026-07-26T00:07:21Z,AFR258,"10.825699,106.665405",275,137,249
1785024446,2026-07-26T00:07:26Z,AFR258,"10.824606,106.662498",225,136,248
1785024448,2026-07-26T00:07:28Z,AFR258,"10.824051,106.661003",175,134,249
1785024451,2026-07-26T00:07:31Z,AFR258,"10.823639,106.659912",150,134,249
1785024453,2026-07-26T00:07:33Z,AFR258,"10.822929,106.657974",150,131,249
1785024456,2026-07-26T00:07:36Z,AFR258,"10.822357,106.656555",125,123,248
1785024458,2026-07-26T00:07:38Z,AFR258,"10.822092,106.655754",125,116,248
1785024460,2026-07-26T00:07:40Z,AFR258,"10.821627,106.654602",150,110,248
1785024462,2026-07-26T00:07:42Z,AFR258,"10.821213,106.653473",150,106,249
1785024464,2026-07-26T00:07:44Z,AFR258,"10.820847,106.652573",150,100,249
1785024474,2026-07-26T00:07:54Z,AFR258,"10.819633,106.64933",0,84,247
1785024489,2026-07-26T00:08:09Z,AFR258,"10.818031,106.645164",0,34,244
1785024491,2026-07-26T00:08:11Z,AFR258,"10.817844,106.644829",0,32,241
1785024494,2026-07-26T00:08:14Z,AFR258,"10.817693,106.644562",0,29,239
1785024497,2026-07-26T00:08:17Z,AFR258,"10.817436,106.644241",0,25,230
1785024503,2026-07-26T00:08:23Z,AFR258,"10.817029,106.643829",0,17,225
1785024510,2026-07-26T00:08:30Z,AFR258,"10.816762,106.643562",0,8,222
1785024523,2026-07-26T00:08:43Z,AFR258,"10.816541,106.643394",0,5,219
1785024533,2026-07-26T00:08:53Z,AFR258,"10.816292,106.643188",0,8,219
1785024539,2026-07-26T00:08:59Z,AFR258,"10.816087,106.643036",0,10,216
1785024543,2026-07-26T00:09:03Z,AFR258,"10.815877,106.642937",0,11,208
1785024549,2026-07-26T00:09:09Z,AFR258,"10.815551,106.642891",0,13,191
1785024553,2026-07-26T00:09:13Z,AFR258,"10.81526,106.642952",0,14,174
1785024557,2026-07-26T00:09:17Z,AFR258,"10.815027,106.643044",0,15,163
1785024561,2026-07-26T00:09:21Z,AFR258,"10.81477,106.64315",0,15,160
1785024568,2026-07-26T00:09:28Z,AFR258,"10.814271,106.643372",0,16,157
1785024575,2026-07-26T00:09:35Z,AFR258,"10.813808,106.643539",0,15,160
1785024584,2026-07-26T00:09:44Z,AFR258,"10.813202,106.643776",0,0,160
1785024588,2026-07-26T00:09:48Z,AFR258,"10.812973,106.64386",0,12,160
1785024595,2026-07-26T00:09:55Z,AFR258,"10.812641,106.644005",0,10,157
1785024601,2026-07-26T00:10:01Z,AFR258,"10.812468,106.644241",0,11,132
1785024606,2026-07-26T00:10:06Z,AFR258,"10.812479,106.644501",0,11,101
1785024620,2026-07-26T00:10:20Z,AFR258,"10.812756,106.645172",0,13,67
1785024631,2026-07-26T00:10:31Z,AFR258,"10.813019,106.645859",0,14,70
1785024635,2026-07-26T00:10:35Z,AFR258,"10.81311,106.646126",0,15,70
1785024638,2026-07-26T00:10:38Z,AFR258,"10.813189,106.646332",0,15,70
1785024648,2026-07-26T00:10:48Z,AFR258,"10.813457,106.647018",0,16,70
1785024660,2026-07-26T00:11:00Z,AFR258,"10.813806,106.647964",0,0,70
1785024679,2026-07-26T00:11:19Z,AFR258,"10.814387,106.649513",0,0,70
1785024687,2026-07-26T00:11:27Z,AFR258,"10.814667,106.65023",0,20,67
1785024696,2026-07-26T00:11:36Z,AFR258,"10.814993,106.651085",0,22,70
1785024704,2026-07-26T00:11:44Z,AFR258,"10.815273,106.65184",0,23,70
1785024720,2026-07-26T00:12:00Z,AFR258,"10.815901,106.653511",0,0,70
1785024730,2026-07-26T00:12:10Z,AFR258,"10.816331,106.654633",0,25,67
1785024737,2026-07-26T00:12:17Z,AFR258,"10.816647,106.655472",0,26,70
1785024740,2026-07-26T00:12:20Z,AFR258,"10.816773,106.6558",0,24,70
1785024748,2026-07-26T00:12:28Z,AFR258,"10.816995,106.65638",0,13,70
1785024759,2026-07-26T00:12:39Z,AFR258,"10.81723,106.657005",0,12,70
1785024765,2026-07-26T00:12:45Z,AFR258,"10.817299,106.657349",0,13,78
1785024773,2026-07-26T00:12:53Z,AFR258,"10.817134,106.657806",0,14,109
1785024784,2026-07-26T00:13:04Z,AFR258,"10.81682,106.658493",0,14,112
1785024789,2026-07-26T00:13:09Z,AFR258,"10.816784,106.658775",0,14,101
1785024797,2026-07-26T00:13:17Z,AFR258,"10.817029,106.657997",0,0,115
1785024800,2026-07-26T00:13:20Z,AFR258,"10.817047,106.659569",0,15,70
1785024808,2026-07-26T00:13:28Z,AFR258,"10.817274,106.660141",0,16,67
1785024811,2026-07-26T00:13:31Z,AFR258,"10.817345,106.660355",0,16,70
1785024816,2026-07-26T00:13:36Z,AFR258,"10.817436,106.660591",0,16,70
1785024825,2026-07-26T00:13:45Z,AFR258,"10.817757,106.66143",0,17,70
1785024833,2026-07-26T00:13:53Z,AFR258,"10.817995,106.662056",0,18,70
1785024847,2026-07-26T00:14:07Z,AFR258,"10.818356,106.663017",0,15,70
1785024855,2026-07-26T00:14:15Z,AFR258,"10.818577,106.663597",0,15,67
1785024862,2026-07-26T00:14:22Z,AFR258,"10.818729,106.664009",0,12,70
1785024867,2026-07-26T00:14:27Z,AFR258,"10.81881,106.664215",0,7,70
1785024881,2026-07-26T00:14:41Z,AFR258,"10.818867,106.664627",0,6,87
1785024890,2026-07-26T00:14:50Z,AFR258,"10.818661,106.664841",0,7,126
1785024897,2026-07-26T00:14:57Z,AFR258,"10.818438,106.664909",0,7,149
1785024906,2026-07-26T00:15:06Z,AFR258,"10.818214,106.664993",0,5,157
1785024922,2026-07-26T00:15:22Z,AFR258,"10.817972,106.665077",0,2,160
