Timestamp,UTC,Callsign,Position,Altitude,Speed,Direction
1785346012,2026-07-29T17:26:52Z,CES217,"31.134716,121.803024",0,0,73
1785346018,2026-07-29T17:26:58Z,CES217,"31.134716,121.803024",0,0,73
1785346138,2026-07-29T17:28:58Z,CES217,"31.134649,121.802795",0,2,73
1785346158,2026-07-29T17:29:18Z,CES217,"31.13459,121.802589",0,2,73
1785346178,2026-07-29T17:29:38Z,CES217,"31.134556,121.802361",0,3,70
1785346198,2026-07-29T17:29:58Z,CES217,"31.134567,121.802109",0,2,33
1785346218,2026-07-29T17:30:18Z,CES217,"31.134428,121.801903",0,2,8
1785346238,2026-07-29T17:30:38Z,CES217,"31.134207,121.801765",0,2,340
1785346452,2026-07-29T17:34:12Z,CES217,"31.134485,121.801643",0,2,340
1785346467,2026-07-29T17:34:27Z,CES217,"31.134739,121.801559",0,4,340
1785346477,2026-07-29T17:34:37Z,CES217,"31.134979,121.80146",0,6,343
1785346488,2026-07-29T17:34:48Z,CES217,"31.135254,121.801353",0,6,343
1785346498,2026-07-29T17:34:58Z,CES217,"31.135529,121.801262",0,6,343
1785346507,2026-07-29T17:35:07Z,CES217,"31.135883,121.801109",0,8,343
1785346517,2026-07-29T17:35:17Z,CES217,"31.136267,121.800972",0,9,343
1785346527,2026-07-29T17:35:27Z,CES217,"31.136696,121.800812",0,10,340
1785346537,2026-07-29T17:35:37Z,CES217,"31.137152,121.800644",0,10,340
1785346542,2026-07-29T17:35:42Z,CES217,"31.137396,121.800545",0,11,343
1785346557,2026-07-29T17:35:57Z,CES217,"31.138176,121.800255",0,12,343
1785346562,2026-07-29T17:36:02Z,CES217,"31.138493,121.800125",0,12,343
1785346567,2026-07-29T17:36:07Z,CES217,"31.138746,121.800034",0,12,340
1785346572,2026-07-29T17:36:12Z,CES217,"31.139065,121.799911",0,14,343
1785346580,2026-07-29T17:36:20Z,CES217,"31.139479,121.799759",0,14,340
1785346585,2026-07-29T17:36:25Z,CES217,"31.139851,121.799622",0,14,343
1785346590,2026-07-29T17:36:30Z,CES217,"31.140154,121.7995",0,12,343
1785346595,2026-07-29T17:36:35Z,CES217,"31.140404,121.799416",0,10,343
1785346600,2026-07-29T17:36:40Z,CES217,"31.140642,121.799324",0,10,343
1785346610,2026-07-29T17:36:50Z,CES217,"31.140907,121.799049",0,6,317
1785346620,2026-07-29T17:37:00Z,CES217,"31.140875,121.798744",0,6,281
1785346630,2026-07-29T17:37:10Z,CES217,"31.140759,121.7985",0,4,258
1785346656,2026-07-29T17:37:36Z,CES217,"31.14069,121.798241",0,2,255
1785346665,2026-07-29T17:37:45Z,CES217,"31.140621,121.797989",0,6,253
1785346675,2026-07-29T17:37:55Z,CES217,"31.140507,121.797585",0,8,253
1785346680,2026-07-29T17:38:00Z,CES217,"31.140472,121.797325",0,10,258
1785346685,2026-07-29T17:38:05Z,CES217,"31.140438,121.797089",0,10,258
1785346690,2026-07-29T17:38:10Z,CES217,"31.140398,121.796822",0,8,261
1785346695,2026-07-29T17:38:15Z,CES217,"31.140358,121.796547",0,10,261
1785346705,2026-07-29T17:38:25Z,CES217,"31.140392,121.796089",0,8,275
1785346715,2026-07-29T17:38:35Z,CES217,"31.140804,121.79586",0,8,329
1785346725,2026-07-29T17:38:45Z,CES217,"31.141216,121.795738",0,10,343
1785346730,2026-07-29T17:38:50Z,CES217,"31.141422,121.795654",0,10,343
1785346735,2026-07-29T17:38:55Z,CES217,"31.141651,121.795563",0,10,343
1785346740,2026-07-29T17:39:00Z,CES217,"31.141888,121.795464",0,10,343
1785346745,2026-07-29T17:39:05Z,CES217,"31.142132,121.795364",0,10,343
1785346750,2026-07-29T17:39:10Z,CES217,"31.142361,121.79528",0,12,343
1785346755,2026-07-29T17:39:15Z,CES217,"31.142635,121.795189",0,12,343
1785346760,2026-07-29T17:39:20Z,CES217,"31.142921,121.795082",0,12,343
1785346770,2026-07-29T17:39:30Z,CES217,"31.143471,121.794876",0,12,343
1785346780,2026-07-29T17:39:40Z,CES217,"31.144075,121.794655",0,14,343
1785346790,2026-07-29T17:39:50Z,CES217,"31.144728,121.794403",0,16,343
1785346800,2026-07-29T17:40:00Z,CES217,"31.145393,121.794167",0,16,343
1785346815,2026-07-29T17:40:15Z,CES217,"31.146492,121.793747",0,16,343
1785346825,2026-07-29T17:40:25Z,CES217,"31.147293,121.793449",0,17,343
1785346835,2026-07-29T17:40:35Z,CES217,"31.148056,121.793167",0,18,343
1785346845,2026-07-29T17:40:45Z,CES217,"31.148905,121.792839",0,19,343
1785346855,2026-07-29T17:40:55Z,CES217,"31.149801,121.792511",0,19,343
1785346865,2026-07-29T17:41:05Z,CES217,"31.150726,121.79216",0,21,343
1785346880,2026-07-29T17:41:20Z,CES217,"31.152164,121.791618",0,21,340
1785346890,2026-07-29T17:41:30Z,CES217,"31.153152,121.791245",0,23,340
1785346905,2026-07-29T17:41:45Z,CES217,"31.154713,121.790657",0,24,343
1785346915,2026-07-29T17:41:55Z,CES217,"31.155794,121.790245",0,23,343
1785346925,2026-07-29T17:42:05Z,CES217,"31.156843,121.789848",0,26,343
1785346935,2026-07-29T17:42:15Z,CES217,"31.157948,121.789436",0,24,343
1785346945,2026-07-29T17:42:25Z,CES217,"31.158943,121.789062",0,19,343
1785346955,2026-07-29T17:42:35Z,CES217,"31.159779,121.78875",0,17,343
1785346970,2026-07-29T17:42:50Z,CES217,"31.16098,121.788292",0,16,340
1785346980,2026-07-29T17:43:00Z,CES217,"31.161428,121.788101",0,7,340
1785346990,2026-07-29T17:43:10Z,CES217,"31.161602,121.787895",0,4,323
1785347000,2026-07-29T17:43:20Z,CES217,"31.161602,121.787598",0,6,286
1785347010,2026-07-29T17:43:30Z,CES217,"31.161474,121.787308",0,5,258
1785347212,2026-07-29T17:46:52Z,CES217,"31.161392,121.787079",0,3,253
1785347227,2026-07-29T17:47:07Z,CES217,"31.161324,121.786827",0,4,253
1785347237,2026-07-29T17:47:17Z,CES217,"31.16123,121.786568",0,6,250
1785347247,2026-07-29T17:47:27Z,CES217,"31.161091,121.786156",0,8,247
1785347257,2026-07-29T17:47:37Z,CES217,"31.160776,121.786026",0,8,205
1785347267,2026-07-29T17:47:47Z,CES217,"31.160534,121.786263",0,2,160
1785347286,2026-07-29T17:48:06Z,CES217,"31.159868,121.786507",0,35,163
1785347291,2026-07-29T17:48:11Z,CES217,"31.158867,121.786865",0,56,163
1785347301,2026-07-29T17:48:21Z,CES217,"31.155132,121.788284",0,97,162
1785347316,2026-07-29T17:48:36Z,CES217,"31.146973,121.791367",100,150,162
1785347326,2026-07-29T17:48:46Z,CES217,"31.139648,121.794113",50,173,161
1785347336,2026-07-29T17:48:56Z,CES217,"31.131775,121.797127",325,185,161
1785347351,2026-07-29T17:49:11Z,CES217,"31.11969,121.802032",1075,173,161
1785347356,2026-07-29T17:49:16Z,CES217,"31.116028,121.803375",1325,171,164
1785347366,2026-07-29T17:49:26Z,CES217,"31.108351,121.805801",1725,171,165
1785347371,2026-07-29T17:49:31Z,CES217,"31.104355,121.807037",1850,172,166
1785347376,2026-07-29T17:49:36Z,CES217,"31.100573,121.808113",1925,177,166
1785347386,2026-07-29T17:49:46Z,CES217,"31.092499,121.810371",2075,181,166
1785347401,2026-07-29T17:50:01Z,CES217,"31.080183,121.813828",2450,183,166
1785347421,2026-07-29T17:50:21Z,CES217,"31.062149,121.819153",2875,190,165
1785347430,2026-07-29T17:50:30Z,CES217,"31.053926,121.821846",3100,192,164
1785347436,2026-07-29T17:50:36Z,CES217,"31.048853,121.823547",3225,194,163
1785347444,2026-07-29T17:50:44Z,CES217,"31.041367,121.826157",3325,202,163
1785347453,2026-07-29T17:50:53Z,CES217,"31.033813,121.828796",3425,210,162
1785347461,2026-07-29T17:51:01Z,CES217,"31.026306,121.831543",3550,216,163
1785347465,2026-07-29T17:51:05Z,CES217,"31.021713,121.832993",3625,220,166
1785347468,2026-07-29T17:51:08Z,CES217,"31.01906,121.833603",3675,222,170
1785347470,2026-07-29T17:51:10Z,CES217,"31.017105,121.833908",3700,223,174
1785347472,2026-07-29T17:51:12Z,CES217,"31.015196,121.834038",3725,224,178
1785347474,2026-07-29T17:51:14Z,CES217,"31.012802,121.834015",3750,225,183
1785347476,2026-07-29T17:51:16Z,CES217,"31.010696,121.833801",3775,226,187
1785347478,2026-07-29T17:51:18Z,CES217,"31.007858,121.83326",3825,228,191
1785347481,2026-07-29T17:51:21Z,CES217,"31.004581,121.832169",3850,232,197
1785347484,2026-07-29T17:51:24Z,CES217,"31.00272,121.831406",3875,234,202
1785347486,2026-07-29T17:51:26Z,CES217,"31.000717,121.83036",3900,236,204
1785347488,2026-07-29T17:51:28Z,CES217,"30.998886,121.82917",3925,237,210
1785347490,2026-07-29T17:51:30Z,CES217,"30.996964,121.827766",3950,238,215
1785347493,2026-07-29T17:51:33Z,CES217,"30.99353,121.824593",4000,240,221
1785347496,2026-07-29T17:51:36Z,CES217,"30.992153,121.822998",4025,242,227
1785347498,2026-07-29T17:51:38Z,CES217,"30.990784,121.821144",4050,244,231
1785347500,2026-07-29T17:51:40Z,CES217,"30.989452,121.819153",4075,245,233
1785347503,2026-07-29T17:51:43Z,CES217,"30.986845,121.814156",4150,249,243
1785347511,2026-07-29T17:51:51Z,CES217,"30.984425,121.807068",4200,254,252
1785347516,2026-07-29T17:51:56Z,CES217,"30.982935,121.801132",4250,259,254
1785347521,2026-07-29T17:52:01Z,CES217,"30.981213,121.793556",4300,265,256
1785347526,2026-07-29T17:52:06Z,CES217,"30.979769,121.787071",4375,268,255
1785347541,2026-07-29T17:52:21Z,CES217,"30.974442,121.76519",4775,276,253
1785347551,2026-07-29T17:52:31Z,CES217,"30.970737,121.751259",5075,280,252
1785347566,2026-07-29T17:52:46Z,CES217,"30.964918,121.729889",5600,280,254
1785347576,2026-07-29T17:52:56Z,CES217,"30.962778,121.714508",6000,278,269
1785347581,2026-07-29T17:53:01Z,CES217,"30.963135,121.707726",6175,276,277
1785347586,2026-07-29T17:53:06Z,CES217,"30.964279,121.700455",6350,278,283
1785347591,2026-07-29T17:53:11Z,CES217,"30.966038,121.692314",6475,280,284
1785347596,2026-07-29T17:53:16Z,CES217,"30.967438,121.686028",6600,280,284
1785347601,2026-07-29T17:53:21Z,CES217,"30.969223,121.677734",6750,283,284
1785347606,2026-07-29T17:53:26Z,CES217,"30.970598,121.671059",6850,284,283
1785347626,2026-07-29T17:53:46Z,CES217,"30.976418,121.640572",7500,287,282
1785347648,2026-07-29T17:54:08Z,CES217,"30.982935,121.604095",8300,288,281
1785347656,2026-07-29T17:54:16Z,CES217,"30.984604,121.594742",8525,288,282
1785347676,2026-07-29T17:54:36Z,CES217,"30.990011,121.564491",9150,290,282
1785347695,2026-07-29T17:54:55Z,CES217,"30.995956,121.532051",9775,292,282
1785347712,2026-07-29T17:55:12Z,CES217,"31.000626,121.506813",10250,294,282
1785347729,2026-07-29T17:55:29Z,CES217,"31.005793,121.47863",10500,307,282
1785347743,2026-07-29T17:55:43Z,CES217,"31.01001,121.455635",10675,319,282
1785347756,2026-07-29T17:55:56Z,CES217,"31.013809,121.435173",10800,329,282
1785347771,2026-07-29T17:56:11Z,CES217,"31.018873,121.407494",11000,340,282
1785347783,2026-07-29T17:56:23Z,CES217,"31.023016,121.385246",11325,342,282
1785347819,2026-07-29T17:56:59Z,CES217,"31.028416,121.355751",11725,40,282
1785347839,2026-07-29T17:57:19Z,CES217,"31.042007,121.281525",12675,358,281
1785347876,2026-07-29T17:57:56Z,CES217,"31.054596,121.212807",13650,363,282
1785347898,2026-07-29T17:58:18Z,CES217,"31.064484,121.172363",14050,370,295
1785347902,2026-07-29T17:58:22Z,CES217,"31.068237,121.164551",14150,370,301
1785347905,2026-07-29T17:58:25Z,CES217,"31.071524,121.159042",14225,370,304
1785347907,2026-07-29T17:58:27Z,CES217,"31.07373,121.155769",14250,372,308
1785347909,2026-07-29T17:58:29Z,CES217,"31.075993,121.152725",14300,371,312
1785347911,2026-07-29T17:58:31Z,CES217,"31.078354,121.149849",14350,372,315
1785347914,2026-07-29T17:58:34Z,CES217,"31.082417,121.14547",14425,372,319
1785347917,2026-07-29T17:58:37Z,CES217,"31.085117,121.142944",14475,373,321
1785347919,2026-07-29T17:58:39Z,CES217,"31.087864,121.140526",14525,372,324
1785347921,2026-07-29T17:58:41Z,CES217,"31.091169,121.137894",14600,372,327
1785347923,2026-07-29T17:58:43Z,CES217,"31.094101,121.135796",14650,372,329
1785347925,2026-07-29T17:58:45Z,CES217,"31.097267,121.133774",14725,373,332
1785347927,2026-07-29T17:58:47Z,CES217,"31.100479,121.131905",14775,372,335
1785347929,2026-07-29T17:58:49Z,CES217,"31.103989,121.130081",14850,372,337
1785347931,2026-07-29T17:58:51Z,CES217,"31.107101,121.128632",14900,372,339
1785347934,2026-07-29T17:58:54Z,CES217,"31.110764,121.127174",14950,372,342
1785347936,2026-07-29T17:58:56Z,CES217,"31.114584,121.125862",15000,373,344
1785347938,2026-07-29T17:58:58Z,CES217,"31.118076,121.124817",15050,373,347
1785347940,2026-07-29T17:59:00Z,CES217,"31.121893,121.123886",15100,373,349
1785347942,2026-07-29T17:59:02Z,CES217,"31.125732,121.123192",15150,374,352
1785347945,2026-07-29T17:59:05Z,CES217,"31.129063,121.122726",15200,374,354
1785347947,2026-07-29T17:59:07Z,CES217,"31.132647,121.122398",15250,375,356
1785347949,2026-07-29T17:59:09Z,CES217,"31.136557,121.122124",15275,376,357
1785347951,2026-07-29T17:59:11Z,CES217,"31.139877,121.122009",15325,376,358
1785347953,2026-07-29T17:59:13Z,CES217,"31.143539,121.121895",15375,377,358
1785347955,2026-07-29T17:59:15Z,CES217,"31.14773,121.121796",15425,377,358
1785347957,2026-07-29T17:59:17Z,CES217,"31.151917,121.121681",15475,378,358
1785347960,2026-07-29T17:59:20Z,CES217,"31.155272,121.121628",15525,378,358
1785347962,2026-07-29T17:59:22Z,CES217,"31.159058,121.121521",15575,378,358
1785347965,2026-07-29T17:59:25Z,CES217,"31.165649,121.121307",15700,378,358
1785347967,2026-07-29T17:59:27Z,CES217,"31.167608,121.121193",15725,378,357
1785347969,2026-07-29T17:59:29Z,CES217,"31.172821,121.120972",15800,378,357
1785348001,2026-07-29T18:00:01Z,CES217,"31.228544,121.117508",16575,382,356
1785348033,2026-07-29T18:00:33Z,CES217,"31.28557,121.113937",17250,387,357
1785348063,2026-07-29T18:01:03Z,CES217,"31.339897,121.110756",17825,394,357
1785348095,2026-07-29T18:01:35Z,CES217,"31.398788,121.113174",18125,410,3
1785348118,2026-07-29T18:01:58Z,CES217,"31.443649,121.114197",18325,420,353
1785348120,2026-07-29T18:02:00Z,CES217,"31.447678,121.113602",18350,420,351
1785348122,2026-07-29T18:02:02Z,CES217,"31.451523,121.112793",18350,421,348
1785348124,2026-07-29T18:02:04Z,CES217,"31.456284,121.111664",18375,422,347
1785348126,2026-07-29T18:02:06Z,CES217,"31.460083,121.110535",18400,423,344
1785348128,2026-07-29T18:02:08Z,CES217,"31.46402,121.109192",18400,424,342
1785348131,2026-07-29T18:02:11Z,CES217,"31.46773,121.107788",18425,425,340
1785348133,2026-07-29T18:02:13Z,CES217,"31.471455,121.106194",18425,425,338
1785348135,2026-07-29T18:02:15Z,CES217,"31.475691,121.104164",18450,426,337
1785348137,2026-07-29T18:02:17Z,CES217,"31.478577,121.102669",18450,426,335
1785348139,2026-07-29T18:02:19Z,CES217,"31.482208,121.100754",18475,428,334
1785348141,2026-07-29T18:02:21Z,CES217,"31.48649,121.098343",18500,428,333
1785348143,2026-07-29T18:02:23Z,CES217,"31.490074,121.096306",18500,429,333
1785348145,2026-07-29T18:02:25Z,CES217,"31.494497,121.093727",18525,431,333
1785348147,2026-07-29T18:02:27Z,CES217,"31.498081,121.091637",18550,432,333
1785348149,2026-07-29T18:02:29Z,CES217,"31.501528,121.089661",18550,432,333
1785348151,2026-07-29T18:02:31Z,CES217,"31.505539,121.087326",18575,433,333
1785348154,2026-07-29T18:02:34Z,CES217,"31.509476,121.08506",18600,434,334
1785348156,2026-07-29T18:02:36Z,CES217,"31.513258,121.082962",18600,436,334
1785348158,2026-07-29T18:02:38Z,CES217,"31.517307,121.08065",18625,436,334
1785348189,2026-07-29T18:03:09Z,CES217,"31.574707,121.050056",19575,430,335
1785348221,2026-07-29T18:03:41Z,CES217,"31.633072,121.01947",20250,432,335
1785348253,2026-07-29T18:04:13Z,CES217,"31.69249,120.987961",20725,439,335
1785348285,2026-07-29T18:04:45Z,CES217,"31.751587,120.956406",21225,443,335
1785348317,2026-07-29T18:05:17Z,CES217,"31.810913,120.924606",21900,442,335
1785348349,2026-07-29T18:05:49Z,CES217,"31.86957,120.893272",22250,449,335
1785348380,2026-07-29T18:06:20Z,CES217,"31.930412,120.86071",22675,454,335
1785348412,2026-07-29T18:06:52Z,CES217,"31.99054,120.828407",23250,453,335
1785348443,2026-07-29T18:07:23Z,CES217,"32.045769,120.79866",23825,451,335
1785348474,2026-07-29T18:07:54Z,CES217,"32.107403,120.759872",24150,461,322
1785348476,2026-07-29T18:07:56Z,CES217,"32.110897,120.756676",24175,462,320
1785348478,2026-07-29T18:07:58Z,CES217,"32.113689,120.753929",24200,464,319
1785348480,2026-07-29T18:08:00Z,CES217,"32.118439,120.749054",24200,464,317
1785348482,2026-07-29T18:08:02Z,CES217,"32.120998,120.746246",24225,465,316
1785348485,2026-07-29T18:08:05Z,CES217,"32.124573,120.742165",24250,466,314
1785348487,2026-07-29T18:08:07Z,CES217,"32.127701,120.738403",24250,466,313
1785348489,2026-07-29T18:08:09Z,CES217,"32.130634,120.734642",24275,468,312
1785348491,2026-07-29T18:08:11Z,CES217,"32.133053,120.731453",24300,468,310
1785348493,2026-07-29T18:08:13Z,CES217,"32.136612,120.726456",24325,468,309
1785348495,2026-07-29T18:08:15Z,CES217,"32.139313,120.722443",24350,469,307
1785348497,2026-07-29T18:08:17Z,CES217,"32.141968,120.718376",24375,470,306
1785348499,2026-07-29T18:08:19Z,CES217,"32.144577,120.714035",24400,470,304
1785348501,2026-07-29T18:08:21Z,CES217,"32.147068,120.709816",24425,471,303
1785348503,2026-07-29T18:08:23Z,CES217,"32.149906,120.704597",24450,471,301
1785348505,2026-07-29T18:08:25Z,CES217,"32.152496,120.699539",24500,472,300
1785348507,2026-07-29T18:08:27Z,CES217,"32.154648,120.69503",24525,471,299
1785348510,2026-07-29T18:08:30Z,CES217,"32.156662,120.690689",24575,471,297
1785348512,2026-07-29T18:08:32Z,CES217,"32.159172,120.684868",24625,471,296
1785348515,2026-07-29T18:08:35Z,CES217,"32.161125,120.679993",24650,472,294
1785348517,2026-07-29T18:08:37Z,CES217,"32.162842,120.675529",24700,471,292
1785348519,2026-07-29T18:08:39Z,CES217,"32.165222,120.668671",24750,471,291
1785348521,2026-07-29T18:08:41Z,CES217,"32.166851,120.663681",24800,471,290
1785348523,2026-07-29T18:08:43Z,CES217,"32.168201,120.659195",24825,472,288
1785348525,2026-07-29T18:08:45Z,CES217,"32.169525,120.654495",24875,472,287
1785348527,2026-07-29T18:08:47Z,CES217,"32.170761,120.649612",24900,471,285
1785348529,2026-07-29T18:08:49Z,CES217,"32.17244,120.642441",24975,471,284
1785348532,2026-07-29T18:08:52Z,CES217,"32.17337,120.638069",25000,472,283
1785348534,2026-07-29T18:08:54Z,CES217,"32.174698,120.630814",25075,471,281
1785348536,2026-07-29T18:08:56Z,CES217,"32.175339,120.626808",25100,472,279
1785348538,2026-07-29T18:08:58Z,CES217,"32.176163,120.620689",25175,471,278
1785348541,2026-07-29T18:09:01Z,CES217,"32.176861,120.614807",25200,470,277
1785348543,2026-07-29T18:09:03Z,CES217,"32.177307,120.610107",25250,470,276
1785348545,2026-07-29T18:09:05Z,CES217,"32.177811,120.604233",25300,470,275
1785348547,2026-07-29T18:09:07Z,CES217,"32.178211,120.598885",25350,469,274
1785348549,2026-07-29T18:09:09Z,CES217,"32.17849,120.594398",25375,470,274
1785348551,2026-07-29T18:09:11Z,CES217,"32.178955,120.587898",25425,469,274
1785348553,2026-07-29T18:09:13Z,CES217,"32.179234,120.583191",25475,470,274
1785348555,2026-07-29T18:09:15Z,CES217,"32.179642,120.576874",25500,470,274
1785348557,2026-07-29T18:09:17Z,CES217,"32.179962,120.571762",25550,469,274
1785348559,2026-07-29T18:09:19Z,CES217,"32.180237,120.567703",25575,470,274
1785348592,2026-07-29T18:09:52Z,CES217,"32.187103,120.485359",25925,473,276
1785348623,2026-07-29T18:10:23Z,CES217,"32.194244,120.40406",26175,479,275
1785348654,2026-07-29T18:10:54Z,CES217,"32.201019,120.321991",26450,484,275
1785348686,2026-07-29T18:11:26Z,CES217,"32.207886,120.237503",26825,486,275
1785348718,2026-07-29T18:11:58Z,CES217,"32.214661,120.154343",27225,487,275
1785348750,2026-07-29T18:12:30Z,CES217,"32.22155,120.06958",27500,492,275
1785348781,2026-07-29T18:13:01Z,CES217,"32.23288,119.987564",27950,487,283
1785348813,2026-07-29T18:13:33Z,CES217,"32.25367,119.905121",28300,488,289
1785348846,2026-07-29T18:14:06Z,CES217,"32.282906,119.825752",28525,491,296
1785348877,2026-07-29T18:14:37Z,CES217,"32.318527,119.754051",28775,492,303
1785348908,2026-07-29T18:15:08Z,CES217,"32.361786,119.68676",28950,494,308
1785348941,2026-07-29T18:15:41Z,CES217,"32.416092,119.621384",29125,499,318
1785348967,2026-07-29T18:16:07Z,CES217,"32.46204,119.579117",29225,499,328
1785348969,2026-07-29T18:16:09Z,CES217,"32.466614,119.575851",29225,500,328
1785348971,2026-07-29T18:16:11Z,CES217,"32.47142,119.572502",29250,499,329
1785348973,2026-07-29T18:16:13Z,CES217,"32.475121,119.569984",29250,500,330
1785348977,2026-07-29T18:16:17Z,CES217,"32.48172,119.565636",29250,500,331
1785348979,2026-07-29T18:16:19Z,CES217,"32.486664,119.562561",29275,500,331
1785348981,2026-07-29T18:16:21Z,CES217,"32.489914,119.560532",29275,500,332
1785348983,2026-07-29T18:16:23Z,CES217,"32.495743,119.557144",29300,500,334
1785348986,2026-07-29T18:16:26Z,CES217,"32.499939,119.554764",29300,500,334
1785348991,2026-07-29T18:16:31Z,CES217,"32.510548,119.549133",29350,499,336
1785348995,2026-07-29T18:16:35Z,CES217,"32.514633,119.547127",29350,499,337
1785349026,2026-07-29T18:17:06Z,CES217,"32.587143,119.515045",29775,497,338
1785349070,2026-07-29T18:17:50Z,CES217,"32.676739,119.461853",30100,502,328
1785349101,2026-07-29T18:18:21Z,CES217,"32.737198,119.412598",30275,508,323
1785349132,2026-07-29T18:18:52Z,CES217,"32.795609,119.361458",30425,512,323
1785349163,2026-07-29T18:19:23Z,CES217,"32.856289,119.309059",30650,513,323
1785349192,2026-07-29T18:19:52Z,CES217,"32.907639,119.264442",31050,509,324
1785349227,2026-07-29T18:20:27Z,CES217,"32.9734,119.207039",31450,508,324
1785349261,2026-07-29T18:21:01Z,CES217,"33.038406,119.150795",31825,504,325
1785349295,2026-07-29T18:21:35Z,CES217,"33.102402,119.095917",32375,498,324
1785349330,2026-07-29T18:22:10Z,CES217,"33.16777,119.039612",32525,502,324
1785349355,2026-07-29T18:22:35Z,CES217,"33.211853,119.001434",32800,498,324
1785349413,2026-07-29T18:23:33Z,CES217,"33.320091,118.907219",33250,498,324
1785349447,2026-07-29T18:24:07Z,CES217,"33.385345,118.850372",33425,500,324
1785349480,2026-07-29T18:24:40Z,CES217,"33.448013,118.796265",33650,501,325
1785349526,2026-07-29T18:25:26Z,CES217,"33.538002,118.718208",33850,504,323
1785349555,2026-07-29T18:25:55Z,CES217,"33.589233,118.673866",33950,505,324
1785349597,2026-07-29T18:26:37Z,CES217,"33.671265,118.602684",34100,509,323
1785349635,2026-07-29T18:27:15Z,CES217,"33.745102,118.538445",34100,514,323
1785349667,2026-07-29T18:27:47Z,CES217,"33.806282,118.485092",34100,514,323
1785349709,2026-07-29T18:28:29Z,CES217,"33.888538,118.413223",34100,516,323
1785349741,2026-07-29T18:29:01Z,CES217,"33.949104,118.360123",34100,515,323
1785349771,2026-07-29T18:29:31Z,CES217,"34.006363,118.309937",34100,514,323
1785349802,2026-07-29T18:30:02Z,CES217,"34.067112,118.256897",34100,512,324
1785349833,2026-07-29T18:30:33Z,CES217,"34.127354,118.204536",34100,511,324
1785349864,2026-07-29T18:31:04Z,CES217,"34.186203,118.153305",34100,509,324
1785349896,2026-07-29T18:31:36Z,CES217,"34.248871,118.101791",34100,510,328
1785349929,2026-07-29T18:32:09Z,CES217,"34.317307,118.058075",34100,511,335
1785349960,2026-07-29T18:32:40Z,CES217,"34.386566,118.024162",34100,511,340
1785349992,2026-07-29T18:33:12Z,CES217,"34.459084,117.997452",34125,512,344
1785350024,2026-07-29T18:33:44Z,CES217,"34.531101,117.971649",34100,514,343
1785350056,2026-07-29T18:34:16Z,CES217,"34.603638,117.945404",34100,513,343
1785350088,2026-07-29T18:34:48Z,CES217,"34.677692,117.918716",34100,514,342
1785350101,2026-07-29T18:35:01Z,CES217,"34.70636,117.905106",34100,514,333
1785350103,2026-07-29T18:35:03Z,CES217,"34.710464,117.902641",34100,513,332
1785350105,2026-07-29T18:35:05Z,CES217,"34.715652,117.899223",34100,513,330
1785350108,2026-07-29T18:35:08Z,CES217,"34.718006,117.897659",34100,514,329
1785350110,2026-07-29T18:35:10Z,CES217,"34.723846,117.893387",34100,514,328
1785350125,2026-07-29T18:35:25Z,CES217,"34.749161,117.870972",34100,513,320
1785350134,2026-07-29T18:35:34Z,CES217,"34.727875,117.890282",34100,560,326
1785350153,2026-07-29T18:35:53Z,CES217,"34.797913,117.821976",34100,515,321
1785350156,2026-07-29T18:35:56Z,CES217,"34.808807,117.81144",34100,516,321
1785350158,2026-07-29T18:35:58Z,CES217,"34.813766,117.806686",34100,515,321
1785350160,2026-07-29T18:36:00Z,CES217,"34.81749,117.803131",34100,516,321
1785350192,2026-07-29T18:36:32Z,CES217,"34.878342,117.745583",34100,514,322
1785350224,2026-07-29T18:37:04Z,CES217,"34.938061,117.688354",34100,513,321
1785350256,2026-07-29T18:37:36Z,CES217,"34.996765,117.631683",34100,504,321
1785350288,2026-07-29T18:38:08Z,CES217,"35.05407,117.576202",34100,502,321
1785350320,2026-07-29T18:38:40Z,CES217,"35.113815,117.518288",34100,502,321
1785350355,2026-07-29T18:39:15Z,CES217,"35.171539,117.462341",34100,502,321
1785350386,2026-07-29T18:39:46Z,CES217,"35.232422,117.403046",34100,504,321
1785350417,2026-07-29T18:40:17Z,CES217,"35.289413,117.347549",34100,508,321
1785350449,2026-07-29T18:40:49Z,CES217,"35.347961,117.294449",34100,507,326
1785350480,2026-07-29T18:41:20Z,CES217,"35.413776,117.247726",34100,508,332
1785350511,2026-07-29T18:41:51Z,CES217,"35.472713,117.214828",34100,510,338
1785350542,2026-07-29T18:42:22Z,CES217,"35.550156,117.182579",34100,506,344
1785350574,2026-07-29T18:42:54Z,CES217,"35.622658,117.162819",34100,506,349
1785350605,2026-07-29T18:43:25Z,CES217,"35.693184,117.147217",34100,506,349
1785350637,2026-07-29T18:43:57Z,CES217,"35.765213,117.130508",34100,503,349
1785350668,2026-07-29T18:44:28Z,CES217,"35.838226,117.1138",34100,504,349
1785350700,2026-07-29T18:45:00Z,CES217,"35.911285,117.097153",34100,502,349
1785350731,2026-07-29T18:45:31Z,CES217,"35.982365,117.080948",34100,503,349
1785350763,2026-07-29T18:46:03Z,CES217,"36.0555,117.064232",34100,504,349
1785350795,2026-07-29T18:46:35Z,CES217,"36.127422,117.047752",34100,502,349
1785350826,2026-07-29T18:47:06Z,CES217,"36.199356,117.031235",34100,499,349
1785350858,2026-07-29T18:47:38Z,CES217,"36.272507,117.014404",34100,498,349
1785350890,2026-07-29T18:48:10Z,CES217,"36.344788,116.997696",34100,498,349
1785350922,2026-07-29T18:48:42Z,CES217,"36.417206,116.981049",34100,499,349
1785350953,2026-07-29T18:49:13Z,CES217,"36.487785,116.964714",34100,500,349
1785350985,2026-07-29T18:49:45Z,CES217,"36.561676,116.947632",34100,502,349
1785351017,2026-07-29T18:50:17Z,CES217,"36.634781,116.930634",34100,502,349
1785351049,2026-07-29T18:50:49Z,CES217,"36.706787,116.913872",34100,500,349
1785351081,2026-07-29T18:51:21Z,CES217,"36.778969,116.896988",34125,498,349
1785351113,2026-07-29T18:51:53Z,CES217,"36.852566,116.879906",34100,498,349
1785351145,2026-07-29T18:52:25Z,CES217,"36.923767,116.863205",34100,495,349
1785351177,2026-07-29T18:52:57Z,CES217,"36.996231,116.84626",34100,494,349
1785351209,2026-07-29T18:53:29Z,CES217,"37.068802,116.829147",34100,493,349
1785351241,2026-07-29T18:54:01Z,CES217,"37.138958,116.812614",34100,495,349
1785351273,2026-07-29T18:54:33Z,CES217,"37.212135,116.794762",34100,496,347
1785351305,2026-07-29T18:55:05Z,CES217,"37.282757,116.769325",34100,496,342
1785351337,2026-07-29T18:55:37Z,CES217,"37.352024,116.742577",34100,498,343
1785351369,2026-07-29T18:56:09Z,CES217,"37.423065,116.715706",34100,501,343
1785351400,2026-07-29T18:56:40Z,CES217,"37.492447,116.68924",34100,504,343
1785351432,2026-07-29T18:57:12Z,CES217,"37.564072,116.661911",34100,505,343
1785351464,2026-07-29T18:57:44Z,CES217,"37.635635,116.634422",34100,506,343
1785351487,2026-07-29T18:58:07Z,CES217,"37.689156,116.618736",34100,503,354
1785351490,2026-07-29T18:58:10Z,CES217,"37.693813,116.618202",34100,504,356
1785351492,2026-07-29T18:58:12Z,CES217,"37.699585,116.617828",34100,504,357
1785351494,2026-07-29T18:58:14Z,CES217,"37.702938,116.617661",34100,504,358
1785351496,2026-07-29T18:58:16Z,CES217,"37.708755,116.617607",34100,505,359
1785351498,2026-07-29T18:58:18Z,CES217,"37.713593,116.617714",34100,505,1
1785351500,2026-07-29T18:58:20Z,CES217,"37.71788,116.617966",34100,505,3
1785351502,2026-07-29T18:58:22Z,CES217,"37.723515,116.618378",34100,505,4
1785351505,2026-07-29T18:58:25Z,CES217,"37.728882,116.618996",34125,506,5
1785351507,2026-07-29T18:58:27Z,CES217,"37.734283,116.619698",34100,505,6
1785351509,2026-07-29T18:58:29Z,CES217,"37.738411,116.620293",34125,506,6
1785351511,2026-07-29T18:58:31Z,CES217,"37.743996,116.621124",34125,506,6
1785351513,2026-07-29T18:58:33Z,CES217,"37.747719,116.621666",34125,506,6
1785351515,2026-07-29T18:58:35Z,CES217,"37.752365,116.622383",34100,507,6
1785351517,2026-07-29T18:58:37Z,CES217,"37.758728,116.623322",34125,507,6
1785351520,2026-07-29T18:58:40Z,CES217,"37.763733,116.624115",34125,507,6
1785351552,2026-07-29T18:59:12Z,CES217,"37.839935,116.63308",34125,506,4
1785351584,2026-07-29T18:59:44Z,CES217,"37.913818,116.640617",34100,504,4
1785351616,2026-07-29T19:00:16Z,CES217,"37.988163,116.648651",34100,505,4
1785351648,2026-07-29T19:00:48Z,CES217,"38.064377,116.657158",34100,510,4
1785351679,2026-07-29T19:01:19Z,CES217,"38.136749,116.665222",34100,510,4
1785351710,2026-07-29T19:01:50Z,CES217,"38.210171,116.673431",34100,510,4
1785351741,2026-07-29T19:02:21Z,CES217,"38.283115,116.681549",34100,512,4
1785351772,2026-07-29T19:02:52Z,CES217,"38.355228,116.689613",34100,514,4
1785351804,2026-07-29T19:03:24Z,CES217,"38.431915,116.698212",34100,512,4
1785351836,2026-07-29T19:03:56Z,CES217,"38.498096,116.705627",34100,510,4
1785351868,2026-07-29T19:04:28Z,CES217,"38.583241,116.71521",34100,509,4
1785351900,2026-07-29T19:05:00Z,CES217,"38.658749,116.723755",34100,509,4
1785351931,2026-07-29T19:05:31Z,CES217,"38.728764,116.731628",34100,510,4
1785351964,2026-07-29T19:06:04Z,CES217,"38.807343,116.74054",34100,512,4
1785351996,2026-07-29T19:06:36Z,CES217,"38.883957,116.74926",34100,510,4
1785352028,2026-07-29T19:07:08Z,CES217,"38.959442,116.757797",34100,508,4
1785352059,2026-07-29T19:07:39Z,CES217,"39.033493,116.766235",34100,513,5
1785352091,2026-07-29T19:08:11Z,CES217,"39.107697,116.774719",34100,514,5
1785352122,2026-07-29T19:08:42Z,CES217,"39.176971,116.7827",34100,513,5
1785352153,2026-07-29T19:09:13Z,CES217,"39.254929,116.791595",34100,513,5
1785352184,2026-07-29T19:09:44Z,CES217,"39.327236,116.799927",34100,514,5
1785352215,2026-07-29T19:10:15Z,CES217,"39.398804,116.808136",34100,513,5
1785352247,2026-07-29T19:10:47Z,CES217,"39.477356,116.817207",34100,513,5
1785352278,2026-07-29T19:11:18Z,CES217,"39.548454,116.825439",34100,513,5
1785352309,2026-07-29T19:11:49Z,CES217,"39.622833,116.834045",34100,514,5
1785352341,2026-07-29T19:12:21Z,CES217,"39.698677,116.842896",34100,515,5
1785352371,2026-07-29T19:12:51Z,CES217,"39.767349,116.848434",34100,516,1
1785352402,2026-07-29T19:13:22Z,CES217,"39.831024,116.845627",34100,515,354
1785352433,2026-07-29T19:13:53Z,CES217,"39.915703,116.831177",34100,515,350
1785352470,2026-07-29T19:14:30Z,CES217,"40.001408,116.814072",34100,516,351
1785352508,2026-07-29T19:15:08Z,CES217,"40.092602,116.796219",34100,515,351
1785352540,2026-07-29T19:15:40Z,CES217,"40.167553,116.781235",34100,514,351
1785352566,2026-07-29T19:16:06Z,CES217,"40.229004,116.76886",34100,512,351
1785352603,2026-07-29T19:16:43Z,CES217,"40.317356,116.749962",34100,511,348
1785352637,2026-07-29T19:17:17Z,CES217,"40.392746,116.72345",34100,508,342
1785352672,2026-07-29T19:17:52Z,CES217,"40.472946,116.690308",34100,508,343
1785352703,2026-07-29T19:18:23Z,CES217,"40.538666,116.664009",34100,509,343
1785352737,2026-07-29T19:18:57Z,CES217,"40.615677,116.632935",34100,510,343
1785352772,2026-07-29T19:19:32Z,CES217,"40.694569,116.600769",34100,510,343
1785352806,2026-07-29T19:20:06Z,CES217,"40.771866,116.574341",34100,514,349
1785352835,2026-07-29T19:20:35Z,CES217,"40.839752,116.561401",34100,514,355
1785352850,2026-07-29T19:20:50Z,CES217,"40.872818,116.558075",34100,515,357
1785352908,2026-07-29T19:21:48Z,CES217,"41.01416,116.545044",34100,518,356
1785352941,2026-07-29T19:22:21Z,CES217,"41.09124,116.537483",34100,508,355
1785352970,2026-07-29T19:22:50Z,CES217,"41.159721,116.52462",34100,503,349
1785353000,2026-07-29T19:23:20Z,CES217,"41.224045,116.503723",34100,502,344
1785353058,2026-07-29T19:24:18Z,CES217,"41.356201,116.464172",34100,502,343
1785353087,2026-07-29T19:24:47Z,CES217,"41.422989,116.432793",34100,502,340
1785353121,2026-07-29T19:25:21Z,CES217,"41.495041,116.396461",34100,501,340
1785353155,2026-07-29T19:25:55Z,CES217,"41.56897,116.358887",34100,498,339
1785353193,2026-07-29T19:26:33Z,CES217,"41.648426,116.318581",34100,494,340
1785353228,2026-07-29T19:27:08Z,CES217,"41.725071,116.27961",34100,493,340
1785353257,2026-07-29T19:27:37Z,CES217,"41.786179,116.248459",34100,494,340
1785353291,2026-07-29T19:28:11Z,CES217,"41.860519,116.21051",34100,496,340
1785353332,2026-07-29T19:28:52Z,CES217,"41.945889,116.166748",34100,497,340
1785353360,2026-07-29T19:29:20Z,CES217,"42.00737,116.135162",34100,498,339
1785353395,2026-07-29T19:29:55Z,CES217,"42.081829,116.092911",34100,491,335
1785353425,2026-07-29T19:30:25Z,CES217,"42.142731,116.050827",34100,492,331
1785353466,2026-07-29T19:31:06Z,CES217,"42.2211,115.980789",34100,494,325
1785353506,2026-07-29T19:31:46Z,CES217,"42.296131,115.911568",34100,498,326
1785353558,2026-07-29T19:32:38Z,CES217,"42.395191,115.81974",34100,499,326
1785353586,2026-07-29T19:33:06Z,CES217,"42.448608,115.769897",34100,498,326
1785353621,2026-07-29T19:33:41Z,CES217,"42.51453,115.708443",34100,497,326
1785353655,2026-07-29T19:34:15Z,CES217,"42.575272,115.651451",34100,496,326
1785353742,2026-07-29T19:35:42Z,CES217,"42.740162,115.49633",34100,493,326
1785353777,2026-07-29T19:36:17Z,CES217,"42.807991,115.432198",34100,497,326
1785353812,2026-07-29T19:36:52Z,CES217,"42.874008,115.369591",34100,498,326
1785353847,2026-07-29T19:37:27Z,CES217,"42.941269,115.305634",34100,498,325
1785353881,2026-07-29T19:38:01Z,CES217,"43.00214,115.247726",34100,495,325
1785353910,2026-07-29T19:38:30Z,CES217,"43.05954,115.192802",34100,493,325
1785353953,2026-07-29T19:39:13Z,CES217,"43.136761,115.118896",34100,492,325
1785353987,2026-07-29T19:39:47Z,CES217,"43.201778,115.055496",34100,492,323
1785354022,2026-07-29T19:40:22Z,CES217,"43.26276,114.986771",34100,493,320
1785354056,2026-07-29T19:40:56Z,CES217,"43.322571,114.919037",34100,493,321
1785354091,2026-07-29T19:41:31Z,CES217,"43.38538,114.849312",34100,492,322
1785354125,2026-07-29T19:42:05Z,CES217,"43.439301,114.789558",34100,491,322
1785354171,2026-07-29T19:42:51Z,CES217,"43.525131,114.694069",34100,491,321
1785354200,2026-07-29T19:43:20Z,CES217,"43.571129,114.642662",34100,491,321
1785354215,2026-07-29T19:43:35Z,CES217,"43.604778,114.605057",34100,493,321
1785354275,2026-07-29T19:44:35Z,CES217,"43.70668,114.490761",34100,494,321
1785354305,2026-07-29T19:45:05Z,CES217,"43.76395,114.426308",34100,494,321
1785354363,2026-07-29T19:46:03Z,CES217,"43.865711,114.311279",34100,493,321
1785354401,2026-07-29T19:46:41Z,CES217,"43.931438,114.236732",34100,491,321
1785354431,2026-07-29T19:47:11Z,CES217,"43.984859,114.176048",34100,490,321
1785354465,2026-07-29T19:47:45Z,CES217,"44.045399,114.107079",34100,490,321
1785354500,2026-07-29T19:48:20Z,CES217,"44.106098,114.037628",34100,488,321
1785354530,2026-07-29T19:48:50Z,CES217,"44.156021,113.980339",34100,487,321
1785354588,2026-07-29T19:49:48Z,CES217,"44.257771,113.863441",34100,490,321
1785354616,2026-07-29T19:50:16Z,CES217,"44.304562,113.809448",34100,492,321
1785354645,2026-07-29T19:50:45Z,CES217,"44.35902,113.746483",34100,494,321
1785354680,2026-07-29T19:51:20Z,CES217,"44.419731,113.676071",34100,494,321
1785354700,2026-07-29T19:51:40Z,CES217,"44.454449,113.63575",34100,494,321
1785354720,2026-07-29T19:52:00Z,CES217,"44.488899,113.595619",34100,494,321
1785354776,2026-07-29T19:52:56Z,CES217,"44.589291,113.478371",34100,496,321
1785354812,2026-07-29T19:53:32Z,CES217,"44.651138,113.405899",34100,498,320
1785354837,2026-07-29T19:53:57Z,CES217,"44.697041,113.352043",34100,499,321
1785354866,2026-07-29T19:54:26Z,CES217,"44.74736,113.292763",34100,501,320
1785354920,2026-07-29T19:55:20Z,CES217,"44.842251,113.184158",34100,503,324
1785354958,2026-07-29T19:55:58Z,CES217,"44.915138,113.108597",34125,505,324
1785354985,2026-07-29T19:56:25Z,CES217,"44.965229,113.055283",34100,505,323
1785355048,2026-07-29T19:57:28Z,CES217,"45.083271,112.92762",34100,504,323
1785355088,2026-07-29T19:58:08Z,CES217,"45.156422,112.848228",34100,502,323
1785355127,2026-07-29T19:58:47Z,CES217,"45.22765,112.770798",34100,503,323
1785355161,2026-07-29T19:59:21Z,CES217,"45.288109,112.704788",34100,502,323
1785355186,2026-07-29T19:59:46Z,CES217,"45.334431,112.654137",34100,502,323
1785355242,2026-07-29T20:00:42Z,CES217,"45.438862,112.539429",34100,503,323
1785355276,2026-07-29T20:01:16Z,CES217,"45.497631,112.474693",34100,505,323
1785355327,2026-07-29T20:02:07Z,CES217,"45.589211,112.373383",34100,496,323
1785355338,2026-07-29T20:02:18Z,CES217,"45.61647,112.343178",34100,496,323
1785355391,2026-07-29T20:03:11Z,CES217,"45.711689,112.237267",34100,491,322
1785355425,2026-07-29T20:03:45Z,CES217,"45.76955,112.172623",34100,492,323
1785355467,2026-07-29T20:04:27Z,CES217,"45.844601,112.088631",34100,493,322
1785355476,2026-07-29T20:04:36Z,CES217,"45.864658,112.06604",34100,493,322
1785355667,2026-07-29T20:07:47Z,CES217,"46.196781,111.690292",34100,493,322
1785355702,2026-07-29T20:08:22Z,CES217,"46.265209,111.612122",34100,492,322
1785355730,2026-07-29T20:08:50Z,CES217,"46.31599,111.55394",34100,491,322
1785356293,2026-07-29T20:18:13Z,CES217,"47.31459,110.380051",34100,497,320
1785356321,2026-07-29T20:18:41Z,CES217,"47.36261,110.322029",34100,498,320
1785356380,2026-07-29T20:19:40Z,CES217,"47.469967,110.192024",34100,498,320
1785356412,2026-07-29T20:20:12Z,CES217,"47.527367,110.122238",34100,497,320
1785356443,2026-07-29T20:20:43Z,CES217,"47.582207,110.055405",34100,496,320
1785356474,2026-07-29T20:21:14Z,CES217,"47.636532,109.988846",34100,497,320
1785356506,2026-07-29T20:21:46Z,CES217,"47.693233,109.919342",34100,498,320
1785356538,2026-07-29T20:22:18Z,CES217,"47.749969,109.84948",34100,497,320
1785356570,2026-07-29T20:22:50Z,CES217,"47.806091,109.780334",34100,491,320
1785356602,2026-07-29T20:23:22Z,CES217,"47.860447,109.713066",34100,489,320
1785356635,2026-07-29T20:23:55Z,CES217,"47.91864,109.640808",34100,487,320
1785356668,2026-07-29T20:24:28Z,CES217,"47.975052,109.570496",34100,486,319
1785356699,2026-07-29T20:24:59Z,CES217,"48.02829,109.504097",34100,486,320
1785356732,2026-07-29T20:25:32Z,CES217,"48.084091,109.434265",34100,484,319
1785356762,2026-07-29T20:26:02Z,CES217,"48.136272,109.368683",34100,482,319
1785356795,2026-07-29T20:26:35Z,CES217,"48.192226,109.298355",34100,482,319
1785356825,2026-07-29T20:27:05Z,CES217,"48.243713,109.233261",34100,484,319
1785356856,2026-07-29T20:27:36Z,CES217,"48.296356,109.166565",34100,484,319
1785356887,2026-07-29T20:28:07Z,CES217,"48.349155,109.099586",34100,483,319
1785356919,2026-07-29T20:28:39Z,CES217,"48.403435,109.030487",34100,482,319
1785356952,2026-07-29T20:29:12Z,CES217,"48.46225,108.962753",34100,492,330
1785356954,2026-07-29T20:29:14Z,CES217,"48.467056,108.958809",34100,493,331
1785356956,2026-07-29T20:29:16Z,CES217,"48.471771,108.955147",34100,494,333
1785356959,2026-07-29T20:29:19Z,CES217,"48.476532,108.951698",34100,495,334
1785356961,2026-07-29T20:29:21Z,CES217,"48.479687,108.949539",34100,496,336
1785356963,2026-07-29T20:29:23Z,CES217,"48.485275,108.945923",34100,497,337
1785356965,2026-07-29T20:29:25Z,CES217,"48.489368,108.943321",34100,498,337
1785356967,2026-07-29T20:29:27Z,CES217,"48.494843,108.940079",34100,498,338
1785356969,2026-07-29T20:29:29Z,CES217,"48.499146,108.937614",34100,499,339
1785356971,2026-07-29T20:29:31Z,CES217,"48.503082,108.935356",34100,499,339
1785356974,2026-07-29T20:29:34Z,CES217,"48.508484,108.932327",34100,500,339
1785356976,2026-07-29T20:29:36Z,CES217,"48.512787,108.929947",34100,499,339
1785356978,2026-07-29T20:29:38Z,CES217,"48.518372,108.926842",34100,500,339
1785357011,2026-07-29T20:30:11Z,CES217,"48.589642,108.887161",34100,502,339
1785357044,2026-07-29T20:30:44Z,CES217,"48.660355,108.847626",34100,505,339
1785357074,2026-07-29T20:31:14Z,CES217,"48.726883,108.810707",34100,506,339
1785357107,2026-07-29T20:31:47Z,CES217,"48.800152,108.770073",34100,508,339
1785357140,2026-07-29T20:32:20Z,CES217,"48.871517,108.729736",34100,507,338
1785357155,2026-07-29T20:32:35Z,CES217,"48.904678,108.705841",34100,500,329
1785357157,2026-07-29T20:32:37Z,CES217,"48.90876,108.702057",34100,499,327
1785357160,2026-07-29T20:32:40Z,CES217,"48.913227,108.697571",34100,499,326
1785357162,2026-07-29T20:32:42Z,CES217,"48.916992,108.693588",34100,497,324
1785357164,2026-07-29T20:32:44Z,CES217,"48.921295,108.688797",34100,496,322
1785357167,2026-07-29T20:32:47Z,CES217,"48.926308,108.682755",34100,495,321
1785357169,2026-07-29T20:32:49Z,CES217,"48.930405,108.677605",34100,494,319
1785357171,2026-07-29T20:32:51Z,CES217,"48.933945,108.672852",34100,493,318
1785357173,2026-07-29T20:32:53Z,CES217,"48.937157,108.668373",34100,492,316
1785357175,2026-07-29T20:32:55Z,CES217,"48.940414,108.663528",34100,492,315
1785357177,2026-07-29T20:32:57Z,CES217,"48.944279,108.657677",34100,491,314
1785357180,2026-07-29T20:33:00Z,CES217,"48.947159,108.653091",34100,490,313
1785357182,2026-07-29T20:33:02Z,CES217,"48.950409,108.647881",34100,491,313
1785357194,2026-07-29T20:33:14Z,CES217,"48.952145,108.645103",34100,491,312
1785357206,2026-07-29T20:33:26Z,CES217,"48.989712,108.584602",34100,495,314
1785357264,2026-07-29T20:34:24Z,CES217,"49.083115,108.442101",34100,499,314
1785357271,2026-07-29T20:34:31Z,CES217,"49.094501,108.424507",34100,498,314
1785357331,2026-07-29T20:35:31Z,CES217,"49.189957,108.276108",34100,498,314
1785357363,2026-07-29T20:36:03Z,CES217,"49.241821,108.195053",34100,498,314
1785357393,2026-07-29T20:36:33Z,CES217,"49.290207,108.119133",34100,497,314
1785357404,2026-07-29T20:36:44Z,CES217,"49.302124,108.100479",34100,496,314
1785357504,2026-07-29T20:38:24Z,CES217,"49.466446,107.841072",34100,510,314
1785357525,2026-07-29T20:38:45Z,CES217,"49.501091,107.786049",34075,495,313
1785357658,2026-07-29T20:40:58Z,CES217,"49.711349,107.449394",34100,498,313
1785357693,2026-07-29T20:41:33Z,CES217,"49.768158,107.35775",34100,500,313
1785357710,2026-07-29T20:41:50Z,CES217,"49.791016,107.320686",34100,498,313
1785357737,2026-07-29T20:42:17Z,CES217,"49.794983,107.31424",34100,40,313
1785357804,2026-07-29T20:43:24Z,CES217,"49.924164,107.104126",34100,100,313
1785357844,2026-07-29T20:44:04Z,CES217,"50.00581,106.970459",34100,498,313
1785357886,2026-07-29T20:44:46Z,CES217,"50.073624,106.85881",34100,500,313
1785357918,2026-07-29T20:45:18Z,CES217,"50.123772,106.775978",34100,500,313
1785357950,2026-07-29T20:45:50Z,CES217,"50.174789,106.691414",34100,503,313
1785357982,2026-07-29T20:46:22Z,CES217,"50.226978,106.604576",34100,505,313
1785358015,2026-07-29T20:46:55Z,CES217,"50.278198,106.519104",34100,507,313
1785358046,2026-07-29T20:47:26Z,CES217,"50.329811,106.436958",34000,512,317
1785358078,2026-07-29T20:47:58Z,CES217,"50.386688,106.356255",34000,511,317
1785358110,2026-07-29T20:48:30Z,CES217,"50.442719,106.275162",34000,512,317
1785358141,2026-07-29T20:49:01Z,CES217,"50.495865,106.197968",34100,514,317
1785358173,2026-07-29T20:49:33Z,CES217,"50.550701,106.118279",34850,503,317
1785358203,2026-07-29T20:50:03Z,CES217,"50.602005,106.043602",35575,491,317
1785358235,2026-07-29T20:50:35Z,CES217,"50.653107,105.968697",35750,491,316
1785358267,2026-07-29T20:51:07Z,CES217,"50.707123,105.889275",35900,493,316
1785358305,2026-07-29T20:51:45Z,CES217,"50.771667,105.794106",36000,496,316
1785358339,2026-07-29T20:52:19Z,CES217,"50.827423,105.711708",36000,496,316
1785358354,2026-07-29T20:52:34Z,CES217,"50.851337,105.67627",36000,495,316
1785358413,2026-07-29T20:53:33Z,CES217,"50.950539,105.528259",36000,498,316
1785358444,2026-07-29T20:54:04Z,CES217,"51.003571,105.448784",36000,498,316
1785358476,2026-07-29T20:54:36Z,CES217,"51.056633,105.369034",36000,498,316
1785358508,2026-07-29T20:55:08Z,CES217,"51.10968,105.289108",36000,499,316
1785358539,2026-07-29T20:55:39Z,CES217,"51.161133,105.211166",36000,499,316
1785358571,2026-07-29T20:56:11Z,CES217,"51.215469,105.128708",36000,499,316
1785358603,2026-07-29T20:56:43Z,CES217,"51.268909,105.047302",36000,502,316
1785358634,2026-07-29T20:57:14Z,CES217,"51.319511,104.970016",36000,502,316
1785358665,2026-07-29T20:57:45Z,CES217,"51.372299,104.889076",36000,500,316
1785358698,2026-07-29T20:58:18Z,CES217,"51.426819,104.805191",36000,498,316
1785358728,2026-07-29T20:58:48Z,CES217,"51.477814,104.726501",36000,498,315
1785358760,2026-07-29T20:59:20Z,CES217,"51.529953,104.645737",36000,497,315
1785358791,2026-07-29T20:59:51Z,CES217,"51.580391,104.567261",36000,497,315
1785361142,2026-07-29T21:39:02Z,CES217,"54.585663,97.180061",36000,490,302
1785361175,2026-07-29T21:39:35Z,CES217,"54.624069,97.070587",36000,488,299
1785361205,2026-07-29T21:40:05Z,CES217,"54.657028,96.967415",36000,486,298
1785361238,2026-07-29T21:40:38Z,CES217,"54.692001,96.855225",36000,487,298
1785361270,2026-07-29T21:41:10Z,CES217,"54.726791,96.743507",36000,488,298
1785361302,2026-07-29T21:41:42Z,CES217,"54.760796,96.633827",36000,489,298
1785361335,2026-07-29T21:42:15Z,CES217,"54.794498,96.520721",36000,490,296
1785361370,2026-07-29T21:42:50Z,CES217,"54.830612,96.397514",36000,488,297
1785361402,2026-07-29T21:43:22Z,CES217,"54.863846,96.284584",36000,487,296
1785361433,2026-07-29T21:43:53Z,CES217,"54.895283,96.177399",36000,488,296
1785361465,2026-07-29T21:44:25Z,CES217,"54.928024,96.065338",36000,489,296
1785361496,2026-07-29T21:44:56Z,CES217,"54.959106,95.958145",36000,490,296
1785361529,2026-07-29T21:45:29Z,CES217,"54.993042,95.840897",36000,491,296
1785361660,2026-07-29T21:47:40Z,CES217,"55.125549,95.376595",36000,496,296
1785361691,2026-07-29T21:48:11Z,CES217,"55.157227,95.264473",36000,491,296
1785361723,2026-07-29T21:48:43Z,CES217,"55.187851,95.155251",36000,492,295
1785361756,2026-07-29T21:49:16Z,CES217,"55.221523,95.034653",36000,493,295
1785361787,2026-07-29T21:49:47Z,CES217,"55.25248,94.92321",36000,491,296
1785363991,2026-07-29T22:26:31Z,CES217,"57.555183,86.941193",38000,489,302
1785364021,2026-07-29T22:27:01Z,CES217,"57.59024,86.828552",38000,488,298
1785364061,2026-07-29T22:27:41Z,CES217,"57.63414,86.683418",38000,487,300
1785364095,2026-07-29T22:28:15Z,CES217,"57.651596,86.630119",38000,30,301
1785364805,2026-07-29T22:40:05Z,CES217,"58.488277,83.966034",38000,497,299
1785364837,2026-07-29T22:40:37Z,CES217,"58.525101,83.842255",38000,498,299
1785364879,2026-07-29T22:41:19Z,CES217,"58.572678,83.681396",38000,498,299
1785364922,2026-07-29T22:42:02Z,CES217,"58.62109,83.516602",38000,497,299
1785364955,2026-07-29T22:42:35Z,CES217,"58.656464,83.395622",38000,485,299
1785364986,2026-07-29T22:43:06Z,CES217,"58.691853,83.273804",38000,489,299
1785365013,2026-07-29T22:43:33Z,CES217,"58.721512,83.171379",38000,491,298
1785365125,2026-07-29T22:45:25Z,CES217,"58.844742,82.740166",38000,491,298
1785365127,2026-07-29T22:45:27Z,CES217,"58.847057,82.731903",38000,490,298
1785365158,2026-07-29T22:45:58Z,CES217,"58.879501,82.617096",38000,490,298
1785365190,2026-07-29T22:46:30Z,CES217,"58.915207,82.48999",38000,492,298
1785365222,2026-07-29T22:47:02Z,CES217,"58.948494,82.37056",38000,493,298
1785365254,2026-07-29T22:47:34Z,CES217,"58.983124,82.246033",38000,493,298
1785365285,2026-07-29T22:48:05Z,CES217,"59.016785,82.124031",38000,493,298
1785366575,2026-07-29T23:09:35Z,CES217,"60.737286,77.531975",38000,468,295
1785366608,2026-07-29T23:10:08Z,CES217,"60.763962,77.39727",38000,482,291
1785366639,2026-07-29T23:10:39Z,CES217,"60.790356,77.264145",38000,486,292
1785367433,2026-07-29T23:23:53Z,CES217,"61.545635,73.975708",38000,300,287
1785367435,2026-07-29T23:23:55Z,CES217,"61.547211,73.966545",38000,480,289
1785367437,2026-07-29T23:23:57Z,CES217,"61.548603,73.957832",38000,479,289
1785367440,2026-07-29T23:24:00Z,CES217,"61.550518,73.94619",38000,476,289
1785367442,2026-07-29T23:24:02Z,CES217,"61.552277,73.935394",38000,360,289
1785367444,2026-07-29T23:24:04Z,CES217,"61.553627,73.927307",38000,420,286
1785367446,2026-07-29T23:24:06Z,CES217,"61.555367,73.916542",38000,350,287
1785367448,2026-07-29T23:24:08Z,CES217,"61.556431,73.909836",38000,466,287
1785367450,2026-07-29T23:24:10Z,CES217,"61.558239,73.899155",38000,330,288
1785367453,2026-07-29T23:24:13Z,CES217,"61.559814,73.889977",38000,472,287
1785367455,2026-07-29T23:24:15Z,CES217,"61.56142,73.879539",38000,210,285
1785367457,2026-07-29T23:24:17Z,CES217,"61.562984,73.870064",38000,180,284
1785367459,2026-07-29T23:24:19Z,CES217,"61.564823,73.859474",38000,190,290
1785367461,2026-07-29T23:24:21Z,CES217,"61.565857,73.851944",38000,180,283
1785367464,2026-07-29T23:24:24Z,CES217,"61.567955,73.840202",38000,250,287
1785367466,2026-07-29T23:24:26Z,CES217,"61.569248,73.832161",38000,477,288
1785367468,2026-07-29T23:24:28Z,CES217,"61.570774,73.822968",38000,478,289
1785367470,2026-07-29T23:24:30Z,CES217,"61.572731,73.81073",38000,482,288
1785367472,2026-07-29T23:24:32Z,CES217,"61.57412,73.80217",38000,481,288
1785367474,2026-07-29T23:24:34Z,CES217,"61.575474,73.793739",38000,190,287
1785367476,2026-07-29T23:24:36Z,CES217,"61.57692,73.784615",38000,485,288
1785367478,2026-07-29T23:24:38Z,CES217,"61.578312,73.775589",38000,481,288
1785367481,2026-07-29T23:24:41Z,CES217,"61.579697,73.767242",38000,478,288
1785367483,2026-07-29T23:24:43Z,CES217,"61.581459,73.756218",38000,484,288
1785367485,2026-07-29T23:24:45Z,CES217,"61.582764,73.748108",38000,483,288
1785367487,2026-07-29T23:24:47Z,CES217,"61.584553,73.737099",38000,230,289
1785367490,2026-07-29T23:24:50Z,CES217,"61.586021,73.727905",38000,486,289
1785367492,2026-07-29T23:24:52Z,CES217,"61.587658,73.717415",38000,290,286
1785367494,2026-07-29T23:24:54Z,CES217,"61.588993,73.708397",38000,60,269
1785367496,2026-07-29T23:24:56Z,CES217,"61.590855,73.698059",38000,479,288
1785367498,2026-07-29T23:24:58Z,CES217,"61.592068,73.690353",38000,483,288
1785367500,2026-07-29T23:25:00Z,CES217,"61.594212,73.677475",38000,340,290
1785367502,2026-07-29T23:25:02Z,CES217,"61.595417,73.669594",38000,180,288
1785367505,2026-07-29T23:25:05Z,CES217,"61.596798,73.661079",38000,487,288
1785367507,2026-07-29T23:25:07Z,CES217,"61.598328,73.651604",38000,486,288
1785367509,2026-07-29T23:25:09Z,CES217,"61.599857,73.641762",38000,350,287
1785367513,2026-07-29T23:25:13Z,CES217,"61.603394,73.620384",38000,500,288
1785367515,2026-07-29T23:25:15Z,CES217,"61.604633,73.61216",38000,477,286
1785367517,2026-07-29T23:25:17Z,CES217,"61.60601,73.603195",38000,310,286
1785367520,2026-07-29T23:25:20Z,CES217,"61.607445,73.594162",38000,180,288
1785367522,2026-07-29T23:25:22Z,CES217,"61.609058,73.584167",38000,40,289
1785367524,2026-07-29T23:25:24Z,CES217,"61.61063,73.574249",38000,60,281
1785367526,2026-07-29T23:25:26Z,CES217,"61.612137,73.565147",38000,493,288
1785367528,2026-07-29T23:25:28Z,CES217,"61.613594,73.556084",38000,180,289
1785367530,2026-07-29T23:25:30Z,CES217,"61.615223,73.54612",38000,320,289
1785367532,2026-07-29T23:25:32Z,CES217,"61.616989,73.534363",38000,170,285
1785367534,2026-07-29T23:25:34Z,CES217,"61.618088,73.527573",38000,493,288
1785367537,2026-07-29T23:25:37Z,CES217,"61.619625,73.518036",38000,490,288
1785367539,2026-07-29T23:25:39Z,CES217,"61.621162,73.508217",38000,492,289
1785367541,2026-07-29T23:25:41Z,CES217,"61.622543,73.499176",38000,490,288
1785367543,2026-07-29T23:25:43Z,CES217,"61.624588,73.486412",38000,487,288
1785367546,2026-07-29T23:25:46Z,CES217,"61.626804,73.473122",38000,400,289
1785367553,2026-07-29T23:25:53Z,CES217,"61.631332,73.443787",38000,440,287
1785367555,2026-07-29T23:25:55Z,CES217,"61.632442,73.435768",38000,230,285
1785367557,2026-07-29T23:25:57Z,CES217,"61.63456,73.423386",38000,260,288
1785367559,2026-07-29T23:25:59Z,CES217,"61.635715,73.416252",38000,486,289
1785367561,2026-07-29T23:26:01Z,CES217,"61.637138,73.406425",38000,340,289
1785367563,2026-07-29T23:26:03Z,CES217,"61.638866,73.396454",38000,490,288
1785367566,2026-07-29T23:26:06Z,CES217,"61.640228,73.387405",38000,489,287
1785367568,2026-07-29T23:26:08Z,CES217,"61.641651,73.37822",38000,300,287
1785367570,2026-07-29T23:26:10Z,CES217,"61.643322,73.368156",38000,491,289
1785367572,2026-07-29T23:26:12Z,CES217,"61.64542,73.354446",38000,484,288
1785367574,2026-07-29T23:26:14Z,CES217,"61.646088,73.349533",38000,130,283
1785367576,2026-07-29T23:26:16Z,CES217,"61.647671,73.340187",38000,495,289
1785367579,2026-07-29T23:26:19Z,CES217,"61.649281,73.329826",38000,490,288
1785367581,2026-07-29T23:26:21Z,CES217,"61.650772,73.320549",38000,488,288
1785367583,2026-07-29T23:26:23Z,CES217,"61.652344,73.310204",38000,483,288
1785367585,2026-07-29T23:26:25Z,CES217,"61.654278,73.297684",38000,510,287
1785367588,2026-07-29T23:26:28Z,CES217,"61.655846,73.287918",38000,200,289
1785367593,2026-07-29T23:26:33Z,CES217,"61.659016,73.26635",38000,450,287
1785367595,2026-07-29T23:26:35Z,CES217,"61.660534,73.25769",38000,460,289
1785367597,2026-07-29T23:26:37Z,CES217,"61.662849,73.243324",38000,580,289
1785367599,2026-07-29T23:26:39Z,CES217,"61.663544,73.238823",38000,240,287
1785367601,2026-07-29T23:26:41Z,CES217,"61.665264,73.227371",38000,475,288
1785367603,2026-07-29T23:26:43Z,CES217,"61.666767,73.217552",38000,410,287
1785367605,2026-07-29T23:26:45Z,CES217,"61.668045,73.209396",38000,210,289
1785367608,2026-07-29T23:26:48Z,CES217,"61.669651,73.199738",38000,486,289
1785367610,2026-07-29T23:26:50Z,CES217,"61.671009,73.19062",38000,483,288
1785367612,2026-07-29T23:26:52Z,CES217,"61.672974,73.177628",38025,310,290
1785367614,2026-07-29T23:26:54Z,CES217,"61.674023,73.170982",38000,150,291
1785367616,2026-07-29T23:26:56Z,CES217,"61.675831,73.159729",38000,489,287
1785367618,2026-07-29T23:26:58Z,CES217,"61.676853,73.152534",38000,150,286
1785367626,2026-07-29T23:27:06Z,CES217,"61.682255,73.118736",38000,440,288
1785367628,2026-07-29T23:27:08Z,CES217,"61.683907,73.107063",38000,400,286
1785367631,2026-07-29T23:27:11Z,CES217,"61.685787,73.095169",38000,340,288
1785367660,2026-07-29T23:27:40Z,CES217,"61.705616,72.965607",38000,80,277
1785367662,2026-07-29T23:27:42Z,CES217,"61.70739,72.954437",38000,150,288
1785367664,2026-07-29T23:27:44Z,CES217,"61.708405,72.947472",38000,240,287
1785367666,2026-07-29T23:27:46Z,CES217,"61.710262,72.935509",38000,487,288
1785367669,2026-07-29T23:27:49Z,CES217,"61.71249,72.920441",38000,420,287
1785367671,2026-07-29T23:27:51Z,CES217,"61.71336,72.914696",38000,200,284
1785367675,2026-07-29T23:27:55Z,CES217,"61.716129,72.897171",38000,380,288
1785367705,2026-07-29T23:28:25Z,CES217,"61.736336,72.764458",38000,476,288
1785367732,2026-07-29T23:28:52Z,CES217,"61.755413,72.637634",38000,470,285
1785367808,2026-07-29T23:30:08Z,CES217,"61.806225,72.297005",38000,480,287
1785367849,2026-07-29T23:30:49Z,CES217,"61.834015,72.108116",38000,460,287
1785367874,2026-07-29T23:31:14Z,CES217,"61.850182,71.998108",38000,485,287
1785367876,2026-07-29T23:31:16Z,CES217,"61.851383,71.989899",38000,489,287
1785367878,2026-07-29T23:31:18Z,CES217,"61.852856,71.979568",38000,483,287
1785367881,2026-07-29T23:31:21Z,CES217,"61.854137,71.970772",38000,482,287
1785367887,2026-07-29T23:31:27Z,CES217,"61.858353,71.942146",38000,420,287
1785367889,2026-07-29T23:31:29Z,CES217,"61.859631,71.933266",38000,140,290
1785367898,2026-07-29T23:31:38Z,CES217,"61.866112,71.889107",38000,486,287
1785367931,2026-07-29T23:32:11Z,CES217,"61.887161,71.741531",38000,380,285
1785367937,2026-07-29T23:32:17Z,CES217,"61.8913,71.713318",38000,502,287
1785367940,2026-07-29T23:32:20Z,CES217,"61.892864,71.702438",38000,489,287
1785367944,2026-07-29T23:32:24Z,CES217,"61.896137,71.679855",38000,487,287
1785367946,2026-07-29T23:32:26Z,CES217,"61.897079,71.672485",38000,483,286
1785367948,2026-07-29T23:32:28Z,CES217,"61.898346,71.663727",38000,484,286
1785367955,2026-07-29T23:32:35Z,CES217,"61.902626,71.633904",38000,430,287
1785367957,2026-07-29T23:32:37Z,CES217,"61.904007,71.623596",38000,499,286
1785367959,2026-07-29T23:32:39Z,CES217,"61.905502,71.61351",38000,350,287
1785367961,2026-07-29T23:32:41Z,CES217,"61.907459,71.599663",38000,494,287
1785367963,2026-07-29T23:32:43Z,CES217,"61.908192,71.594521",38000,490,287
1785367968,2026-07-29T23:32:48Z,CES217,"61.910847,71.574768",38000,380,287
1785367972,2026-07-29T23:32:52Z,CES217,"61.913982,71.553337",38000,450,287
1785367974,2026-07-29T23:32:54Z,CES217,"61.915283,71.544807",38000,270,287
1785367977,2026-07-29T23:32:57Z,CES217,"61.916866,71.533897",38000,493,287
1785367979,2026-07-29T23:32:59Z,CES217,"61.918556,71.520943",38000,486,286
1785367987,2026-07-29T23:33:07Z,CES217,"61.92408,71.483002",38000,483,286
1785367990,2026-07-29T23:33:10Z,CES217,"61.92532,71.473534",38000,482,286
1785367992,2026-07-29T23:33:12Z,CES217,"61.926453,71.465523",38000,484,286
1785368020,2026-07-29T23:33:40Z,CES217,"61.944237,71.339203",38000,100,282
1785368022,2026-07-29T23:33:42Z,CES217,"61.945644,71.329582",38000,290,286
1785368024,2026-07-29T23:33:44Z,CES217,"61.947498,71.317703",38000,310,290
1785368026,2026-07-29T23:33:46Z,CES217,"61.94857,71.30909",38000,220,289
1785368028,2026-07-29T23:33:48Z,CES217,"61.949791,71.299957",38000,479,286
1785368030,2026-07-29T23:33:50Z,CES217,"61.951141,71.290657",38000,483,286
1785368033,2026-07-29T23:33:53Z,CES217,"61.952358,71.281395",38000,483,286
1785368035,2026-07-29T23:33:55Z,CES217,"61.954041,71.269867",38000,330,287
1785368037,2026-07-29T23:33:57Z,CES217,"61.955456,71.259293",38000,481,286
1785368039,2026-07-29T23:33:59Z,CES217,"61.957279,71.247528",38000,498,287
1785368041,2026-07-29T23:34:01Z,CES217,"61.958527,71.238403",38000,490,286
1785368044,2026-07-29T23:34:04Z,CES217,"61.95982,71.22905",38000,491,286
1785368046,2026-07-29T23:34:06Z,CES217,"61.961037,71.220306",38000,487,286
1785368048,2026-07-29T23:34:08Z,CES217,"61.962349,71.209755",38000,270,282
1785368050,2026-07-29T23:34:10Z,CES217,"61.963951,71.199066",38000,472,288
1785368052,2026-07-29T23:34:12Z,CES217,"61.965282,71.189575",38000,484,286
1785368055,2026-07-29T23:34:15Z,CES217,"61.966629,71.179825",38000,485,286
1785368057,2026-07-29T23:34:17Z,CES217,"61.967934,71.170189",38000,486,286
1785368059,2026-07-29T23:34:19Z,CES217,"61.969521,71.158997",38000,487,286
1785368061,2026-07-29T23:34:21Z,CES217,"61.971081,71.148277",38000,488,286
1785368064,2026-07-29T23:34:24Z,CES217,"61.972553,71.138435",38000,490,287
1785368066,2026-07-29T23:34:26Z,CES217,"61.973961,71.127777",38000,487,286
1785368068,2026-07-29T23:34:28Z,CES217,"61.97522,71.118896",38000,491,286
1785368070,2026-07-29T23:34:30Z,CES217,"61.976856,71.106926",38000,489,286
1785368072,2026-07-29T23:34:32Z,CES217,"61.977886,71.09967",38000,487,286
1785368074,2026-07-29T23:34:34Z,CES217,"61.979393,71.088905",38000,488,286
1785368077,2026-07-29T23:34:37Z,CES217,"61.980827,71.078735",38000,489,286
1785368079,2026-07-29T23:34:39Z,CES217,"61.982151,71.069252",38000,488,286
1785368098,2026-07-29T23:34:58Z,CES217,"61.994362,70.981636",38000,260,288
1785368100,2026-07-29T23:35:00Z,CES217,"61.995724,70.971191",38000,492,286
1785368102,2026-07-29T23:35:02Z,CES217,"61.997166,70.960457",38000,489,286
1785368109,2026-07-29T23:35:09Z,CES217,"62.001713,70.927216",38000,495,286
1785368111,2026-07-29T23:35:11Z,CES217,"62.002911,70.918556",38000,492,286
1785368113,2026-07-29T23:35:13Z,CES217,"62.004063,70.909439",38000,270,283
1785368116,2026-07-29T23:35:16Z,CES217,"62.00552,70.898216",38000,473,283
1785368118,2026-07-29T23:35:18Z,CES217,"62.006603,70.889404",38000,484,284
1785368120,2026-07-29T23:35:20Z,CES217,"62.007938,70.878761",38000,497,284
1785368122,2026-07-29T23:35:22Z,CES217,"62.009087,70.869102",38000,493,284
1785368124,2026-07-29T23:35:24Z,CES217,"62.010357,70.858551",38000,490,284
1785368126,2026-07-29T23:35:26Z,CES217,"62.011604,70.847588",38000,492,283
1785368158,2026-07-29T23:35:58Z,CES217,"62.027714,70.694237",38000,477,280
1785368165,2026-07-29T23:36:05Z,CES217,"62.030869,70.666283",38000,495,283
1785368167,2026-07-29T23:36:07Z,CES217,"62.032101,70.654976",38000,340,282
1785368170,2026-07-29T23:36:10Z,CES217,"62.033375,70.64505",38000,517,285
1785368173,2026-07-29T23:36:13Z,CES217,"62.035488,70.62516",38000,500,283
1785368175,2026-07-29T23:36:15Z,CES217,"62.036007,70.618431",38000,492,282
1785368177,2026-07-29T23:36:17Z,CES217,"62.036961,70.609406",38000,300,282
1785368179,2026-07-29T23:36:19Z,CES217,"62.038048,70.599167",38000,485,282
1785368186,2026-07-29T23:36:26Z,CES217,"62.042198,70.562752",38000,500,283
1785368188,2026-07-29T23:36:28Z,CES217,"62.042957,70.556114",38000,500,283
1785368190,2026-07-29T23:36:30Z,CES217,"62.044048,70.546265",38000,499,283
1785368192,2026-07-29T23:36:32Z,CES217,"62.045265,70.535751",38000,350,284
1785368194,2026-07-29T23:36:34Z,CES217,"62.046444,70.523323",38000,483,282
1785368196,2026-07-29T23:36:36Z,CES217,"62.04734,70.516045",38000,493,283
1785368228,2026-07-29T23:37:08Z,CES217,"62.063831,70.366425",38000,498,283
1785368259,2026-07-29T23:37:39Z,CES217,"62.079861,70.220963",38000,320,280
1785368268,2026-07-29T23:37:48Z,CES217,"62.084301,70.179871",38000,480,281
1785368270,2026-07-29T23:37:50Z,CES217,"62.085415,70.170052",38000,290,279
1785368272,2026-07-29T23:37:52Z,CES217,"62.086632,70.160347",38000,300,291
1785368274,2026-07-29T23:37:54Z,CES217,"62.087582,70.150581",38000,230,289
1785368276,2026-07-29T23:37:56Z,CES217,"62.088543,70.140625",38000,70,288
1785368278,2026-07-29T23:37:58Z,CES217,"62.090149,70.127502",38000,503,284
1785368280,2026-07-29T23:38:00Z,CES217,"62.091152,70.117218",38000,493,282
1785368282,2026-07-29T23:38:02Z,CES217,"62.091686,70.10965",38000,270,276
1785368285,2026-07-29T23:38:05Z,CES217,"62.093136,70.098442",38000,498,283
1785368287,2026-07-29T23:38:07Z,CES217,"62.09433,70.087219",38000,497,283
1785368289,2026-07-29T23:38:09Z,CES217,"62.095352,70.077881",38000,501,283
1785368291,2026-07-29T23:38:11Z,CES217,"62.096485,70.067558",38000,501,283
1785368294,2026-07-29T23:38:14Z,CES217,"62.098419,70.050484",38000,500,283
1785368296,2026-07-29T23:38:16Z,CES217,"62.099335,70.042282",38000,502,283
1785368299,2026-07-29T23:38:19Z,CES217,"62.100304,70.032585",38000,499,283
1785368301,2026-07-29T23:38:21Z,CES217,"62.101482,70.021759",38000,502,282
1785368303,2026-07-29T23:38:23Z,CES217,"62.102669,70.011093",38000,502,283
1785368320,2026-07-29T23:38:40Z,CES217,"62.111488,69.928284",38000,495,282
1785368387,2026-07-29T23:39:47Z,CES217,"62.145203,69.60891",38000,501,282
1785368421,2026-07-29T23:40:21Z,CES217,"62.162521,69.442993",38000,500,282
1785368452,2026-07-29T23:40:52Z,CES217,"62.177551,69.29512",38000,150,284
1785368467,2026-07-29T23:41:07Z,CES217,"62.185017,69.221298",38000,498,282
1785368512,2026-07-29T23:41:52Z,CES217,"62.206615,69.008179",38000,501,282
1785368567,2026-07-29T23:42:47Z,CES217,"62.232471,68.750389",38000,490,281
1785368666,2026-07-29T23:44:26Z,CES217,"62.278423,68.274437",38000,487,281
1785368706,2026-07-29T23:45:06Z,CES217,"62.296192,68.088181",38000,487,281
1785368727,2026-07-29T23:45:27Z,CES217,"62.304585,67.992767",38000,482,280
1785368870,2026-07-29T23:47:50Z,CES217,"62.365818,67.318718",38000,471,278
1785368886,2026-07-29T23:48:06Z,CES217,"62.372345,67.24118",38000,470,279
1785370049,2026-07-30T00:07:29Z,CES217,"62.498287,61.658127",38000,489,269
1785370082,2026-07-30T00:08:02Z,CES217,"62.497604,61.500549",38000,489,269
1785370114,2026-07-30T00:08:34Z,CES217,"62.496689,61.340839",38000,488,269
1785370146,2026-07-30T00:09:06Z,CES217,"62.495449,61.185818",38000,487,268
1785370178,2026-07-30T00:09:38Z,CES217,"62.493958,61.031799",38000,488,268
1785370209,2026-07-30T00:10:09Z,CES217,"62.492237,60.877884",38000,488,268
1785370241,2026-07-30T00:10:41Z,CES217,"62.490326,60.723335",38000,487,268
1785370273,2026-07-30T00:11:13Z,CES217,"62.488358,60.571392",38000,485,268
1785370303,2026-07-30T00:11:43Z,CES217,"62.486206,60.423176",38000,484,268
1785370336,2026-07-30T00:12:16Z,CES217,"62.48381,60.268459",38000,485,267
1785370368,2026-07-30T00:12:48Z,CES217,"62.48111,60.109581",38000,486,267
1785370400,2026-07-30T00:13:20Z,CES217,"62.478378,59.95636",38000,487,267
1785370432,2026-07-30T00:13:52Z,CES217,"62.475479,59.803551",38000,485,267
1785370464,2026-07-30T00:14:24Z,CES217,"62.472382,59.648029",38000,484,267
1785370494,2026-07-30T00:14:54Z,CES217,"62.469845,59.502693",38000,485,269
1785370526,2026-07-30T00:15:26Z,CES217,"62.470322,59.347637",38000,486,270
1785370558,2026-07-30T00:15:58Z,CES217,"62.470543,59.193489",38000,486,269
1785370591,2026-07-30T00:16:31Z,CES217,"62.469955,59.033508",38000,485,269
1785371029,2026-07-30T00:23:49Z,CES217,"65.504173,54.800861",38000,214,204
1785371031,2026-07-30T00:23:51Z,CES217,"65.502213,54.798908",38000,218,203
1785371033,2026-07-30T00:23:53Z,CES217,"65.500252,54.796738",38000,214,203
1785371035,2026-07-30T00:23:55Z,CES217,"65.498352,54.794788",38000,217,203
1785371037,2026-07-30T00:23:57Z,CES217,"65.49633,54.792809",38000,120,200
1785371040,2026-07-30T00:24:00Z,CES217,"65.494148,54.790367",38000,170,202
1785371042,2026-07-30T00:24:02Z,CES217,"65.492241,54.788342",38000,150,201
1785371044,2026-07-30T00:24:04Z,CES217,"65.490868,54.786739",38000,215,204
1785371049,2026-07-30T00:24:09Z,CES217,"65.485619,54.781017",38000,210,204
1785371062,2026-07-30T00:24:22Z,CES217,"65.473595,54.768131",38000,200,203
1785371233,2026-07-30T00:27:13Z,CES217,"65.327774,54.577095",38000,200,208
1785371242,2026-07-30T00:27:22Z,CES217,"65.321587,54.564194",38000,150,263
1785371244,2026-07-30T00:27:24Z,CES217,"65.320137,54.561699",38000,202,214
1785371246,2026-07-30T00:27:26Z,CES217,"65.318466,54.558842",38000,201,215
1785371249,2026-07-30T00:27:29Z,CES217,"65.316605,54.555981",38000,201,213
1785371251,2026-07-30T00:27:31Z,CES217,"65.314972,54.553303",38000,204,214
1785371254,2026-07-30T00:27:34Z,CES217,"65.312111,54.548668",38000,200,214
1785371256,2026-07-30T00:27:36Z,CES217,"65.310959,54.546726",38000,199,214
1785371258,2026-07-30T00:27:38Z,CES217,"65.309448,54.544102",38000,201,215
1785371260,2026-07-30T00:27:40Z,CES217,"65.307838,54.541275",38000,203,215
1785371262,2026-07-30T00:27:42Z,CES217,"65.306488,54.539059",38000,202,215
1785371264,2026-07-30T00:27:44Z,CES217,"65.304909,54.536266",38000,201,215
1785371267,2026-07-30T00:27:47Z,CES217,"65.30323,54.533325",38000,203,216
1785371269,2026-07-30T00:27:49Z,CES217,"65.30172,54.530697",38000,199,216
1785371271,2026-07-30T00:27:51Z,CES217,"65.300079,54.527927",38000,198,215
1785371318,2026-07-30T00:28:38Z,CES217,"65.265816,54.464672",38000,196,218
1785371350,2026-07-30T00:29:10Z,CES217,"65.244308,54.420593",38000,192,222
1785371358,2026-07-30T00:29:18Z,CES217,"65.238579,54.408337",38000,189,221
1785371424,2026-07-30T00:30:24Z,CES217,"65.198715,54.315479",38000,180,224
1785371478,2026-07-30T00:31:18Z,CES217,"65.170532,54.231853",38000,179,231
1785371504,2026-07-30T00:31:44Z,CES217,"65.160492,54.192745",38000,173,235
1785371644,2026-07-30T00:34:04Z,CES217,"65.115654,53.965927",38000,150,244
1785371656,2026-07-30T00:34:16Z,CES217,"65.114563,53.944771",38000,158,256
1785371658,2026-07-30T00:34:18Z,CES217,"65.11422,53.941025",38000,157,257
1785371660,2026-07-30T00:34:20Z,CES217,"65.113846,53.937386",38000,154,256
1785371662,2026-07-30T00:34:22Z,CES217,"65.113571,53.934193",38000,155,257
1785371664,2026-07-30T00:34:24Z,CES217,"65.113243,53.930611",38000,153,257
1785371666,2026-07-30T00:34:26Z,CES217,"65.112915,53.927353",38000,152,257
1785371668,2026-07-30T00:34:28Z,CES217,"65.112587,53.923206",38000,154,258
1785371671,2026-07-30T00:34:31Z,CES217,"65.112358,53.920383",38000,153,258
1785371673,2026-07-30T00:34:33Z,CES217,"65.112061,53.916714",38000,153,258
1785371675,2026-07-30T00:34:35Z,CES217,"65.111794,53.913544",38000,154,258
1785371677,2026-07-30T00:34:37Z,CES217,"65.111511,53.909912",38000,153,259
1785371679,2026-07-30T00:34:39Z,CES217,"65.111168,53.905579",38000,152,259
1785371684,2026-07-30T00:34:44Z,CES217,"65.110588,53.897091",38000,153,260
1785371723,2026-07-30T00:35:23Z,CES217,"65.107506,53.833744",38000,151,264
1785372353,2026-07-30T00:45:53Z,CES217,"65.379745,48.979107",38000,506,325
1785372355,2026-07-30T00:45:55Z,CES217,"65.383698,48.972809",38000,518,325
1785372357,2026-07-30T00:45:57Z,CES217,"65.388756,48.964684",38000,521,326
1785372359,2026-07-30T00:45:59Z,CES217,"65.392395,48.95882",38000,523,326
1785372361,2026-07-30T00:46:01Z,CES217,"65.397011,48.951382",38000,300,327
1785372363,2026-07-30T00:46:03Z,CES217,"65.402344,48.942883",38000,480,326
1785372409,2026-07-30T00:46:49Z,CES217,"65.499741,48.790493",38000,540,326
1785372441,2026-07-30T00:47:21Z,CES217,"65.572426,48.679859",38000,607,327
1785372473,2026-07-30T00:47:53Z,CES217,"65.653564,48.558552",38000,658,328
1785372688,2026-07-30T00:51:28Z,CES217,"66.488022,47.324223",38000,990,331
1785372712,2026-07-30T00:51:52Z,CES217,"66.642944,47.08316",38000,900,329
1785372714,2026-07-30T00:51:54Z,CES217,"66.65509,47.06311",38000,870,326
1785372716,2026-07-30T00:51:56Z,CES217,"66.672913,47.035927",38000,870,328
1785372718,2026-07-30T00:51:58Z,CES217,"66.688828,47.010796",38000,870,328
1785372720,2026-07-30T00:52:00Z,CES217,"66.703217,46.988071",38000,870,327
1785372722,2026-07-30T00:52:02Z,CES217,"66.71917,46.961487",38000,870,326
1785372724,2026-07-30T00:52:04Z,CES217,"66.735222,46.936062",38000,870,327
1785372729,2026-07-30T00:52:09Z,CES217,"66.768593,46.881886",38000,840,327
1785373634,2026-07-30T01:07:14Z,CES217,"61.801075,44.556808",38000,20,319
1785373636,2026-07-30T01:07:16Z,CES217,"61.82243,44.509686",38000,350,273
1785373640,2026-07-30T01:07:20Z,CES217,"61.84383,44.455563",38000,340,320
1785373642,2026-07-30T01:07:22Z,CES217,"61.86483,44.410046",38000,340,320
1785373645,2026-07-30T01:07:25Z,CES217,"61.718624,44.636745",38000,340,143
1785373649,2026-07-30T01:07:29Z,CES217,"61.782963,44.505867",38000,340,147
1785373946,2026-07-30T01:12:26Z,CES217,"61.788223,42.908836",38000,483,71
1785373951,2026-07-30T01:12:31Z,CES217,"61.78614,42.881756",38000,483,71
1785373953,2026-07-30T01:12:33Z,CES217,"61.728233,42.951935",38000,483,85
1785373955,2026-07-30T01:12:35Z,CES217,"61.753765,42.666111",38000,483,71
1785373957,2026-07-30T01:12:37Z,CES217,"61.780918,42.838768",38000,483,71
1785373963,2026-07-30T01:12:43Z,CES217,"61.754135,42.654091",38000,483,71
1785373965,2026-07-30T01:12:45Z,CES217,"61.754154,42.653442",38000,483,71
1785373967,2026-07-30T01:12:47Z,CES217,"61.703125,42.324696",38000,483,251
1785373969,2026-07-30T01:12:49Z,CES217,"61.71563,42.401039",38000,483,251
1785373972,2026-07-30T01:12:52Z,CES217,"61.703304,42.319702",38000,483,251
1785373975,2026-07-30T01:12:55Z,CES217,"61.691196,42.240425",38000,483,251
1785373977,2026-07-30T01:12:57Z,CES217,"61.667488,42.091019",38000,483,251
1785373979,2026-07-30T01:12:59Z,CES217,"61.703674,42.309444",38000,483,70
1785373983,2026-07-30T01:13:03Z,CES217,"61.768402,42.711025",38000,483,71
1785373985,2026-07-30T01:13:05Z,CES217,"61.716454,42.377357",38000,483,251
1785374004,2026-07-30T01:13:24Z,CES217,"61.692677,42.200844",38000,960,254
1785374006,2026-07-30T01:13:26Z,CES217,"61.742989,42.507244",38000,960,71
1785374008,2026-07-30T01:13:28Z,CES217,"61.730209,42.423695",38000,960,70
1785374010,2026-07-30T01:13:30Z,CES217,"61.716679,42.438408",38000,960,76
1785374014,2026-07-30T01:13:34Z,CES217,"61.756508,42.576508",38000,960,71
1785374024,2026-07-30T01:13:44Z,CES217,"61.730946,42.401348",38000,960,69
1785374027,2026-07-30T01:13:47Z,CES217,"61.753647,42.532757",38000,960,70
1785374035,2026-07-30T01:13:55Z,CES217,"61.744431,42.461586",38000,960,70
1785374038,2026-07-30T01:13:58Z,CES217,"61.706635,42.226795",38000,960,251
1785374040,2026-07-30T01:14:00Z,CES217,"61.706776,42.222801",38000,960,251
1785374043,2026-07-30T01:14:03Z,CES217,"61.682751,42.073746",38000,960,250
1785374046,2026-07-30T01:14:06Z,CES217,"61.68293,42.069122",38000,960,251
1785374050,2026-07-30T01:14:10Z,CES217,"61.69725,42.485363",38000,960,89
1785374057,2026-07-30T01:14:17Z,CES217,"61.739933,42.393822",38000,485,258
1785374059,2026-07-30T01:14:19Z,CES217,"61.739132,42.384277",38000,483,259
1785374061,2026-07-30T01:14:21Z,CES217,"61.73811,42.37447",38000,484,258
1785374092,2026-07-30T01:14:52Z,CES217,"61.724144,42.232098",38000,483,258
1785374123,2026-07-30T01:15:23Z,CES217,"61.710594,42.092545",38000,200,259
1785374125,2026-07-30T01:15:25Z,CES217,"61.70961,42.081436",38000,420,267
1785374127,2026-07-30T01:15:27Z,CES217,"61.708706,42.073933",38000,280,262
1785374129,2026-07-30T01:15:29Z,CES217,"61.707573,42.064144",38025,260,252
1785374131,2026-07-30T01:15:31Z,CES217,"61.706562,42.054199",38025,320,252
1785374133,2026-07-30T01:15:33Z,CES217,"61.699688,42.009026",38025,360,250
1785374153,2026-07-30T01:15:53Z,CES217,"61.600628,41.414627",38075,360,250
1785374158,2026-07-30T01:15:58Z,CES217,"61.611343,41.466175",38100,360,249
1785374163,2026-07-30T01:16:03Z,CES217,"61.689579,41.892036",38125,360,68
1785374166,2026-07-30T01:16:06Z,CES217,"61.644249,41.630928",38125,360,68
1785374171,2026-07-30T01:16:11Z,CES217,"61.666946,41.748318",38150,360,68
1785374175,2026-07-30T01:16:15Z,CES217,"61.655891,41.67976",38150,360,68
1785374182,2026-07-30T01:16:22Z,CES217,"61.5923,41.319393",38200,360,249
1785374184,2026-07-30T01:16:24Z,CES217,"61.592415,41.317062",38225,360,248
1785374188,2026-07-30T01:16:28Z,CES217,"61.592682,41.311771",38250,360,248
1785374190,2026-07-30T01:16:30Z,CES217,"61.668144,41.71804",38275,360,68
1785374192,2026-07-30T01:16:32Z,CES217,"61.650387,41.618191",38300,360,71
1785374194,2026-07-30T01:16:34Z,CES217,"61.646053,41.58852",38325,360,68
1785374196,2026-07-30T01:16:36Z,CES217,"61.668518,41.708584",38350,360,68
1785374200,2026-07-30T01:16:40Z,CES217,"61.583443,41.240681",38400,360,248
1785374205,2026-07-30T01:16:45Z,CES217,"61.593857,41.2882",38475,360,248
1785374209,2026-07-30T01:16:49Z,CES217,"61.604389,41.337017",38550,110,249
1785374223,2026-07-30T01:17:03Z,CES217,"61.536728,40.958519",38950,110,249
1785374230,2026-07-30T01:17:10Z,CES217,"61.626877,41.415867",39150,110,68
1785374244,2026-07-30T01:17:24Z,CES217,"61.617378,41.337276",39400,730,66
1785374247,2026-07-30T01:17:27Z,CES217,"61.586857,41.173988",39400,730,248
1785374252,2026-07-30T01:17:32Z,CES217,"61.587238,41.166443",39400,100,276
1785374254,2026-07-30T01:17:34Z,CES217,"61.567657,41.062763",39400,100,247
1785374258,2026-07-30T01:17:38Z,CES217,"61.577766,41.106594",39400,100,248
1785374261,2026-07-30T01:17:41Z,CES217,"61.608189,41.257896",39400,70,67
1785374263,2026-07-30T01:17:43Z,CES217,"61.608387,41.253735",39425,70,67
1785374265,2026-07-30T01:17:45Z,CES217,"61.608543,41.250416",39400,70,67
1785374267,2026-07-30T01:17:47Z,CES217,"61.640213,41.412415",39425,70,67
1785374270,2026-07-30T01:17:50Z,CES217,"61.578697,41.088722",39450,70,248
1785374273,2026-07-30T01:17:53Z,CES217,"61.569115,41.035561",39450,70,247
1785374275,2026-07-30T01:17:55Z,CES217,"61.569248,41.033066",39475,30,276
1785374277,2026-07-30T01:17:57Z,CES217,"61.569401,41.030193",39475,30,247
1785374279,2026-07-30T01:17:59Z,CES217,"61.579369,41.07584",39500,30,247
1785374283,2026-07-30T01:18:03Z,CES217,"61.599651,41.170841",39525,10,248
1785374285,2026-07-30T01:18:05Z,CES217,"61.599827,41.16721",39525,10,248
1785374289,2026-07-30T01:18:09Z,CES217,"61.580215,41.059509",39525,10,248
1785374293,2026-07-30T01:18:13Z,CES217,"61.570686,41.006145",39525,70,247
1785374297,2026-07-30T01:18:17Z,CES217,"61.600716,41.148922",39525,120,248
1785374302,2026-07-30T01:18:22Z,CES217,"61.489285,40.592178",39550,120,247
1785374305,2026-07-30T01:18:25Z,CES217,"61.581451,41.035568",39550,120,66
1785374308,2026-07-30T01:18:28Z,CES217,"61.571915,40.98304",39550,120,66
1785374310,2026-07-30T01:18:30Z,CES217,"61.601734,41.127964",39550,30,66
1785374319,2026-07-30T01:18:39Z,CES217,"61.612598,41.164528",39575,30,64
1785374323,2026-07-30T01:18:43Z,CES217,"61.592731,41.057201",39575,30,66
1785374332,2026-07-30T01:18:52Z,CES217,"61.578518,40.977188",39600,30,66
1785374335,2026-07-30T01:18:55Z,CES217,"61.536594,40.757828",39600,30,246
1785374337,2026-07-30T01:18:57Z,CES217,"61.545967,40.799358",39625,30,246
1785374339,2026-07-30T01:18:59Z,CES217,"61.574558,40.933105",39625,30,66
1785374341,2026-07-30T01:19:01Z,CES217,"61.565151,40.883106",39625,30,65
1785374346,2026-07-30T01:19:06Z,CES217,"61.537563,40.74139",39625,30,247
1785374348,2026-07-30T01:19:08Z,CES217,"61.594803,41.015598",39625,30,66
1785374358,2026-07-30T01:19:18Z,CES217,"61.524776,40.691654",39650,30,232
1785374360,2026-07-30T01:19:20Z,CES217,"61.529839,40.675621",39675,30,246
1785374362,2026-07-30T01:19:22Z,CES217,"61.512157,40.590206",39675,80,246
1785374364,2026-07-30T01:19:24Z,CES217,"61.539658,40.715141",39675,80,246
1785374366,2026-07-30T01:19:26Z,CES217,"61.521416,40.624847",39700,80,246
1785374368,2026-07-30T01:19:28Z,CES217,"61.52166,40.620892",39725,80,246
1785374372,2026-07-30T01:19:32Z,CES217,"61.511005,40.56871",39725,280,247
1785374376,2026-07-30T01:19:36Z,CES217,"61.54945,40.73848",39750,280,65
1785374379,2026-07-30T01:19:39Z,CES217,"61.522564,40.606262",39750,280,65
1785374382,2026-07-30T01:19:42Z,CES217,"61.531818,40.642654",39750,280,64
1785374384,2026-07-30T01:19:44Z,CES217,"61.568844,40.814758",39775,280,65
1785374386,2026-07-30T01:19:46Z,CES217,"61.559654,40.766087",39775,280,65
1785374388,2026-07-30T01:19:48Z,CES217,"61.523449,40.591866",39775,280,246
1785374391,2026-07-30T01:19:51Z,CES217,"61.523788,40.586319",39775,280,248
1785374393,2026-07-30T01:19:53Z,CES217,"61.523968,40.583389",39800,80,277
1785374396,2026-07-30T01:19:56Z,CES217,"61.50676,40.498051",39800,80,245
1785374402,2026-07-30T01:20:02Z,CES217,"61.51614,40.527092",39800,80,245
1785374405,2026-07-30T01:20:05Z,CES217,"61.499111,40.444447",39825,80,245
1785374410,2026-07-30T01:20:10Z,CES217,"61.543518,40.639534",39825,80,64
1785374414,2026-07-30T01:20:14Z,CES217,"61.491486,40.393364",39825,80,246
1785374417,2026-07-30T01:20:17Z,CES217,"61.535187,40.586296",39850,80,64
1785374420,2026-07-30T01:20:20Z,CES217,"61.517853,40.499832",39850,80,64
1785374428,2026-07-30T01:20:28Z,CES217,"61.536243,40.568562",39875,80,63
1785374430,2026-07-30T01:20:30Z,CES217,"61.536484,40.564514",39875,80,64
1785374432,2026-07-30T01:20:32Z,CES217,"61.534122,40.544609",39875,80,63
1785374434,2026-07-30T01:20:34Z,CES217,"61.536839,40.558525",39875,80,65
1785374439,2026-07-30T01:20:39Z,CES217,"61.528507,40.509182",39900,80,62
1785374443,2026-07-30T01:20:43Z,CES217,"61.528835,40.503796",39900,80,246
1785374445,2026-07-30T01:20:45Z,CES217,"61.511623,40.422287",39925,90,245
1785374455,2026-07-30T01:20:55Z,CES217,"61.48711,40.297657",39950,90,247
1785374459,2026-07-30T01:20:59Z,CES217,"61.495804,40.329155",39975,90,245
1785374461,2026-07-30T01:21:01Z,CES217,"61.479385,40.254116",39975,90,244
1785374477,2026-07-30T01:21:17Z,CES217,"61.482937,39.998764",40000,10,264
1785374479,2026-07-30T01:21:19Z,CES217,"61.456947,40.126274",40000,10,244
1785374482,2026-07-30T01:21:22Z,CES217,"61.506275,40.335167",40000,10,64
1785374487,2026-07-30T01:21:27Z,CES217,"61.426743,39.985714",40000,10,244
1785374494,2026-07-30T01:21:34Z,CES217,"61.434986,40.009716",40000,10,245
1785374498,2026-07-30T01:21:38Z,CES217,"61.443077,40.036865",40000,10,245
1785374502,2026-07-30T01:21:42Z,CES217,"61.499657,40.271404",40000,10,63
1785374504,2026-07-30T01:21:44Z,CES217,"61.483387,40.196835",40000,10,62
1785374507,2026-07-30T01:21:47Z,CES217,"61.436256,39.993694",40000,10,243
1785374511,2026-07-30T01:21:51Z,CES217,"61.459995,40.085369",40000,10,244
1785374513,2026-07-30T01:21:53Z,CES217,"61.444607,40.017139",40000,10,244
1785374515,2026-07-30T01:21:55Z,CES217,"61.429546,39.951077",40000,10,243
1785374520,2026-07-30T01:22:00Z,CES217,"61.422489,39.914474",40000,850,248
1785374534,2026-07-30T01:22:14Z,CES217,"61.454529,40.021034",40000,870,248
1785374538,2026-07-30T01:22:18Z,CES217,"61.462791,40.047691",40000,70,278
1785374540,2026-07-30T01:22:20Z,CES217,"61.439823,39.948589",40000,70,244
1785374542,2026-07-30T01:22:22Z,CES217,"61.432495,39.914486",40000,150,243
1785374550,2026-07-30T01:22:30Z,CES217,"61.382534,39.698761",40000,150,243
1785374556,2026-07-30T01:22:36Z,CES217,"61.383106,39.69252",40000,150,243
1785374560,2026-07-30T01:22:40Z,CES217,"61.434494,39.889614",40000,150,243
1785374562,2026-07-30T01:22:42Z,CES217,"61.440155,39.904221",40000,150,246
1785374566,2026-07-30T01:22:46Z,CES217,"61.435249,39.880219",40000,150,244
1785374568,2026-07-30T01:22:48Z,CES217,"61.427986,39.847492",40000,150,243
1785374580,2026-07-30T01:23:00Z,CES217,"61.422009,39.80077",40000,90,279
1785374583,2026-07-30T01:23:03Z,CES217,"61.407791,39.739147",40000,90,242
1785374587,2026-07-30T01:23:07Z,CES217,"61.422924,39.78981",40000,770,247
1785374589,2026-07-30T01:23:09Z,CES217,"61.430588,39.81567",40000,770,243
1785374591,2026-07-30T01:23:11Z,CES217,"61.419575,39.764977",40000,770,243
1785374593,2026-07-30T01:23:13Z,CES217,"61.409225,39.72258",40000,770,242
1785374595,2026-07-30T01:23:15Z,CES217,"61.469414,39.957882",40000,770,62
1785374598,2026-07-30T01:23:18Z,CES217,"61.439125,39.831764",40000,770,242
1785374601,2026-07-30T01:23:21Z,CES217,"61.417393,39.739925",40000,770,242
1785374603,2026-07-30T01:23:23Z,CES217,"61.417698,39.736313",40000,770,242
1785374608,2026-07-30T01:23:28Z,CES217,"61.425655,39.756947",40000,770,244
1785374611,2026-07-30T01:23:31Z,CES217,"61.411556,39.695568",40000,770,242
1785374613,2026-07-30T01:23:33Z,CES217,"61.426353,39.748493",40000,770,242
1785374615,2026-07-30T01:23:35Z,CES217,"61.419464,39.715443",40000,770,246
1785374619,2026-07-30T01:23:39Z,CES217,"61.405609,39.654209",40000,110,280
1785374624,2026-07-30T01:23:44Z,CES217,"61.420486,39.703339",40000,110,59
1785374626,2026-07-30T01:23:46Z,CES217,"61.413586,39.671982",40000,110,60
1785374632,2026-07-30T01:23:52Z,CES217,"61.407318,39.634708",40000,820,55
1785374634,2026-07-30T01:23:54Z,CES217,"61.414734,39.658623",40000,820,60
1785374636,2026-07-30T01:23:56Z,CES217,"61.366554,39.471725",40000,820,241
1785374641,2026-07-30T01:24:01Z,CES217,"61.387566,39.541676",40000,820,243
1785374643,2026-07-30T01:24:03Z,CES217,"61.394829,39.563984",40000,820,242
1785374645,2026-07-30T01:24:05Z,CES217,"61.402153,39.586544",40000,820,243
1785374648,2026-07-30T01:24:08Z,CES217,"61.402569,39.581841",40000,820,241
1785374650,2026-07-30T01:24:10Z,CES217,"61.388966,39.526493",40000,820,241
1785374652,2026-07-30T01:24:12Z,CES217,"61.389339,39.522446",40000,820,241
1785374654,2026-07-30T01:24:14Z,CES217,"61.382759,39.494057",40000,130,241
1785374657,2026-07-30T01:24:17Z,CES217,"61.397045,39.539497",40000,130,60
1785374659,2026-07-30T01:24:19Z,CES217,"61.39801,39.536049",40025,130,55
1785374661,2026-07-30T01:24:21Z,CES217,"61.397667,39.532631",40025,130,58
1785374667,2026-07-30T01:24:27Z,CES217,"61.412464,39.57579",40000,130,58
1785374686,2026-07-30T01:24:46Z,CES217,"61.36134,39.341667",40000,710,249
1785374688,2026-07-30T01:24:48Z,CES217,"61.361652,39.338516",40000,110,281
1785374694,2026-07-30T01:24:54Z,CES217,"61.355942,39.307167",40000,110,242
1785374696,2026-07-30T01:24:56Z,CES217,"61.349838,39.280697",40000,120,241
1785374698,2026-07-30T01:24:58Z,CES217,"61.363182,39.323196",40000,120,241
1785374700,2026-07-30T01:25:00Z,CES217,"61.37011,39.343014",40000,120,241
1785374704,2026-07-30T01:25:04Z,CES217,"61.370914,39.334816",40000,120,244
1785374706,2026-07-30T01:25:06Z,CES217,"61.351723,39.262428",40000,120,240
1785374709,2026-07-30T01:25:09Z,CES217,"61.358757,39.27943",40000,120,242
1785374714,2026-07-30T01:25:14Z,CES217,"61.365963,39.295319",40000,650,245
1785374717,2026-07-30T01:25:17Z,CES217,"61.340912,39.199505",40000,650,239
1785374720,2026-07-30T01:25:20Z,CES217,"61.367161,39.28331",40000,650,240
1785374722,2026-07-30T01:25:22Z,CES217,"61.354614,39.234337",40000,650,239
1785374724,2026-07-30T01:25:24Z,CES217,"61.348595,39.208664",40000,100,282
1785374727,2026-07-30T01:25:27Z,CES217,"61.355576,39.225002",40000,100,242
1785374730,2026-07-30T01:25:30Z,CES217,"61.343452,39.175575",40000,100,240
1785374736,2026-07-30T01:25:36Z,CES217,"61.325974,39.100868",40000,100,241
1785374739,2026-07-30T01:25:39Z,CES217,"61.332554,39.118095",40000,940,241
1785374741,2026-07-30T01:25:41Z,CES217,"61.333004,39.113972",40000,990,241
1785374744,2026-07-30T01:25:44Z,CES217,"61.346062,39.150921",40000,990,56
1785374747,2026-07-30T01:25:47Z,CES217,"61.34037,39.124363",40000,990,56
1785374751,2026-07-30T01:25:51Z,CES217,"61.328857,39.074841",40000,920,52
1785374753,2026-07-30T01:25:53Z,CES217,"61.3479,39.133533",40000,920,57
1785374755,2026-07-30T01:25:55Z,CES217,"61.342041,39.108803",40000,920,57
1785374761,2026-07-30T01:26:01Z,CES217,"61.343353,39.097828",40000,130,284
1785374763,2026-07-30T01:26:03Z,CES217,"61.307228,38.97263",40000,130,239
1785374765,2026-07-30T01:26:05Z,CES217,"61.319675,39.007877",40000,130,239
1785374768,2026-07-30T01:26:08Z,CES217,"61.302254,38.945259",40000,130,238
1785374777,2026-07-30T01:26:17Z,CES217,"61.304272,38.928261",40000,130,243
1785374779,2026-07-30T01:26:19Z,CES217,"61.346958,39.062931",40000,130,57
1785374783,2026-07-30T01:26:23Z,CES217,"61.335571,39.014084",40000,130,53
1785374793,2026-07-30T01:26:33Z,CES217,"61.296066,38.86195",40000,130,243
1785374796,2026-07-30T01:26:36Z,CES217,"61.326229,38.950226",40000,130,54
1785374798,2026-07-30T01:26:38Z,CES217,"61.308884,38.889385",40000,130,57
1785374801,2026-07-30T01:26:41Z,CES217,"61.321613,38.921162",40000,760,52
1785374806,2026-07-30T01:26:46Z,CES217,"61.270832,38.747272",40000,760,237
1785374810,2026-07-30T01:26:50Z,CES217,"61.3353,38.942291",40000,760,55
1785374816,2026-07-30T01:26:56Z,CES217,"61.318802,38.873631",40000,250,30
1785374819,2026-07-30T01:26:59Z,CES217,"61.320087,38.867462",40000,250,53
1785374822,2026-07-30T01:27:02Z,CES217,"61.314487,38.842026",40000,250,54
1785374824,2026-07-30T01:27:04Z,CES217,"61.291985,38.766163",40000,250,55
1785374826,2026-07-30T01:27:06Z,CES217,"61.292507,38.761974",40000,70,284
1785374832,2026-07-30T01:27:12Z,CES217,"61.276997,38.699841",40000,70,238
1785374834,2026-07-30T01:27:14Z,CES217,"61.300026,38.764725",40000,70,54
1785374837,2026-07-30T01:27:17Z,CES217,"61.300797,38.758427",40000,70,50
1785374839,2026-07-30T01:27:19Z,CES217,"61.301228,38.754932",40000,740,52
1785374841,2026-07-30T01:27:21Z,CES217,"61.301826,38.75005",40000,740,54
1785374843,2026-07-30T01:27:23Z,CES217,"61.296314,38.727093",40000,890,240
1785374846,2026-07-30T01:27:26Z,CES217,"61.297184,38.724453",40000,890,237
1785374849,2026-07-30T01:27:29Z,CES217,"61.286789,38.683903",40000,830,239
1785374851,2026-07-30T01:27:31Z,CES217,"61.276241,38.646561",40000,140,237
1785374854,2026-07-30T01:27:34Z,CES217,"61.271626,38.623665",40000,140,236
1785374856,2026-07-30T01:27:36Z,CES217,"61.288677,38.669125",40000,140,238
1785374858,2026-07-30T01:27:38Z,CES217,"61.272671,38.61578",40000,140,237
1785374860,2026-07-30T01:27:40Z,CES217,"61.300922,38.694393",40000,140,53
1785374864,2026-07-30T01:27:44Z,CES217,"61.296421,38.668694",40000,360,37
1785374866,2026-07-30T01:27:46Z,CES217,"61.285816,38.631737",40000,360,237
1785374868,2026-07-30T01:27:48Z,CES217,"61.28635,38.627609",40000,360,236
1785374871,2026-07-30T01:27:51Z,CES217,"61.26543,38.557159",40000,790,239
1785374875,2026-07-30T01:27:55Z,CES217,"61.255634,38.51965",40000,790,236
1785374878,2026-07-30T01:27:58Z,CES217,"61.261799,38.528973",40000,610,243
1785374880,2026-07-30T01:28:00Z,CES217,"61.278515,38.571716",40000,610,51
1785374882,2026-07-30T01:28:02Z,CES217,"61.273628,38.552025",40000,610,53
1785374885,2026-07-30T01:28:05Z,CES217,"61.26894,38.529106",40000,410,40
1785374887,2026-07-30T01:28:07Z,CES217,"61.275089,38.541122",40000,410,53
1785374890,2026-07-30T01:28:10Z,CES217,"61.270607,38.519047",40000,410,50
1785374892,2026-07-30T01:28:12Z,CES217,"61.265865,38.499405",40000,410,51
1785374894,2026-07-30T01:28:14Z,CES217,"61.271801,38.51025",40000,410,52
1785374899,2026-07-30T01:28:19Z,CES217,"61.262356,38.471344",40000,720,45
1785374901,2026-07-30T01:28:21Z,CES217,"61.231834,38.379395",40000,720,234
1785374903,2026-07-30T01:28:23Z,CES217,"61.244629,38.408314",40000,720,50
1785374906,2026-07-30T01:28:26Z,CES217,"61.253979,38.426701",40000,630,47
1785374910,2026-07-30T01:28:30Z,CES217,"61.270855,38.463032",40000,630,49
1785374916,2026-07-30T01:28:36Z,CES217,"61.267365,38.435257",40000,760,43
1785374918,2026-07-30T01:28:38Z,CES217,"61.257561,38.401516",40000,760,51
1785374921,2026-07-30T01:28:41Z,CES217,"61.248196,38.366249",40000,130,286
1785374924,2026-07-30T01:28:44Z,CES217,"61.233814,38.318333",40000,130,234
1785374926,2026-07-30T01:28:46Z,CES217,"61.234486,38.313873",40000,130,234
1785374930,2026-07-30T01:28:50Z,CES217,"61.25098,38.347095",40000,900,46
1785374933,2026-07-30T01:28:53Z,CES217,"61.256718,38.356953",40000,900,51
1785374935,2026-07-30T01:28:55Z,CES217,"61.242069,38.310703",40000,900,51
1785374938,2026-07-30T01:28:58Z,CES217,"61.248058,38.318272",40000,900,50
1785374940,2026-07-30T01:29:00Z,CES217,"61.264019,38.356003",40000,900,52
1785374945,2026-07-30T01:29:05Z,CES217,"61.245243,38.289371",40000,250,20
1785374947,2026-07-30T01:29:07Z,CES217,"61.235806,38.258442",40000,250,235
1785374949,2026-07-30T01:29:09Z,CES217,"61.221684,38.214138",40000,250,237
1785374953,2026-07-30T01:29:13Z,CES217,"61.218166,38.192467",40000,250,237
1785374955,2026-07-30T01:29:15Z,CES217,"61.228603,38.214394",40000,250,235
1785374959,2026-07-30T01:29:19Z,CES217,"61.220219,38.17955",40000,170,236
1785374962,2026-07-30T01:29:22Z,CES217,"61.22123,38.173164",40000,170,236
1785374966,2026-07-30T01:29:26Z,CES217,"61.222244,38.16679",40000,130,235
1785374968,2026-07-30T01:29:28Z,CES217,"61.213245,38.137337",40000,130,238
1785374973,2026-07-30T01:29:33Z,CES217,"61.214897,38.12714",40000,440,247
1785374975,2026-07-30T01:29:35Z,CES217,"61.230064,38.160759",40000,440,48
1785374977,2026-07-30T01:29:37Z,CES217,"61.225914,38.143631",40000,440,47
1785374980,2026-07-30T01:29:40Z,CES217,"61.222153,38.124413",40000,970,48
1785374983,2026-07-30T01:29:43Z,CES217,"61.223141,38.118252",40000,970,48
1785374987,2026-07-30T01:29:47Z,CES217,"61.214939,38.085209",40000,630,40
1785374989,2026-07-30T01:29:49Z,CES217,"61.210888,38.068836",40000,630,48
1785374995,2026-07-30T01:29:55Z,CES217,"61.232159,38.104179",40000,630,47
1785375008,2026-07-30T01:30:08Z,CES217,"61.203373,37.994282",40000,280,267
1785375010,2026-07-30T01:30:10Z,CES217,"61.194828,37.966835",40000,170,233
1785375014,2026-07-30T01:30:14Z,CES217,"61.178192,37.913132",40000,170,233
1785375017,2026-07-30T01:30:17Z,CES217,"61.183819,37.918137",40000,170,233
1785375019,2026-07-30T01:30:19Z,CES217,"61.189045,37.925434",40000,500,43
1785375021,2026-07-30T01:30:21Z,CES217,"61.189926,37.92046",40000,500,41
1785375023,2026-07-30T01:30:23Z,CES217,"61.19529,37.928394",40000,500,46
1785375025,2026-07-30T01:30:25Z,CES217,"61.205036,37.946098",40000,500,46
1785375027,2026-07-30T01:30:27Z,CES217,"61.210354,37.953255",40000,500,48
1785375031,2026-07-30T01:30:31Z,CES217,"61.202785,37.921368",40000,270,22
1785375041,2026-07-30T01:30:41Z,CES217,"61.201691,37.890476",40000,670,35
1785375047,2026-07-30T01:30:47Z,CES217,"61.186081,37.834118",40000,170,290
1785375049,2026-07-30T01:30:49Z,CES217,"61.173645,37.798019",40000,930,236
1785375051,2026-07-30T01:30:51Z,CES217,"61.174416,37.793587",40000,120,287
1785375054,2026-07-30T01:30:54Z,CES217,"61.166943,37.766525",40000,120,231
1785375056,2026-07-30T01:30:56Z,CES217,"61.167809,37.761986",40000,120,233
1785375061,2026-07-30T01:31:01Z,CES217,"61.15284,37.709862",40000,120,235
1785375063,2026-07-30T01:31:03Z,CES217,"61.153679,37.705639",40000,120,230
1785375066,2026-07-30T01:31:06Z,CES217,"61.189018,37.783337",40000,120,47
1785375076,2026-07-30T01:31:16Z,CES217,"61.150196,37.660896",40000,750,242
1785375078,2026-07-30T01:31:18Z,CES217,"61.146877,37.646797",40000,880,236
1785375080,2026-07-30T01:31:20Z,CES217,"61.143734,37.632038",40000,880,230
1785375082,2026-07-30T01:31:22Z,CES217,"61.148735,37.637661",40000,880,230
1785375084,2026-07-30T01:31:24Z,CES217,"61.162327,37.661945",40000,120,292
1785375087,2026-07-30T01:31:27Z,CES217,"61.163574,37.655651",40000,120,43
1785375091,2026-07-30T01:31:31Z,CES217,"61.152287,37.620178",40000,120,230
1785375093,2026-07-30T01:31:33Z,CES217,"61.157341,37.625431",40000,120,231
1785375096,2026-07-30T01:31:36Z,CES217,"61.146168,37.590515",40000,860,229
1785375098,2026-07-30T01:31:38Z,CES217,"61.13884,37.567402",40000,860,232
1785375100,2026-07-30T01:31:40Z,CES217,"61.143909,37.572147",40000,460,35
1785375102,2026-07-30T01:31:42Z,CES217,"61.153023,37.586731",40000,910,42
1785375104,2026-07-30T01:31:44Z,CES217,"61.166798,37.612095",40000,910,45
1785375106,2026-07-30T01:31:46Z,CES217,"61.154778,37.578148",40000,910,44
1785375108,2026-07-30T01:31:48Z,CES217,"61.147495,37.554958",40000,90,293
1785375111,2026-07-30T01:31:51Z,CES217,"61.163002,37.580372",40000,120,45
1785375113,2026-07-30T01:31:53Z,CES217,"61.161621,37.570881",40000,120,44
1785375115,2026-07-30T01:31:55Z,CES217,"61.159927,37.56028",40000,120,45
1785375117,2026-07-30T01:31:57Z,CES217,"61.143505,37.516796",40000,120,229
1785375120,2026-07-30T01:32:00Z,CES217,"61.13681,37.492287",40000,120,231
1785375125,2026-07-30T01:32:05Z,CES217,"61.142609,37.492992",40000,360,250
1785375128,2026-07-30T01:32:08Z,CES217,"61.128025,37.450928",40000,960,232
1785375130,2026-07-30T01:32:10Z,CES217,"61.125038,37.437752",40000,540,236
1785375133,2026-07-30T01:32:13Z,CES217,"61.126469,37.431324",40000,880,41
1785375135,2026-07-30T01:32:15Z,CES217,"61.139381,37.453018",40000,650,33
1785375139,2026-07-30T01:32:19Z,CES217,"61.121494,37.40115",40000,850,236
1785375141,2026-07-30T01:32:21Z,CES217,"61.110817,37.371109",40000,850,229
1785375143,2026-07-30T01:32:23Z,CES217,"61.119366,37.383602",40000,490,235
1785375145,2026-07-30T01:32:25Z,CES217,"61.124447,37.388111",40000,420,34
1785375147,2026-07-30T01:32:27Z,CES217,"61.098385,37.324936",40000,420,228
1785375149,2026-07-30T01:32:29Z,CES217,"61.126408,37.379215",40000,420,44
1785375153,2026-07-30T01:32:33Z,CES217,"61.120544,37.35424",40000,340,251
1785375157,2026-07-30T01:32:37Z,CES217,"61.118187,37.339378",40000,70,295
1785375159,2026-07-30T01:32:39Z,CES217,"61.115356,37.326717",40000,90,295
1785375161,2026-07-30T01:32:41Z,CES217,"61.11264,37.313713",40000,400,33
1785375163,2026-07-30T01:32:43Z,CES217,"61.113659,37.309387",40000,840,39
1785375165,2026-07-30T01:32:45Z,CES217,"61.113243,37.302116",40000,190,245
1785375168,2026-07-30T01:32:48Z,CES217,"61.112331,37.290718",40000,960,232
1785375170,2026-07-30T01:32:50Z,CES217,"61.109703,37.277721",40000,430,236
1785375173,2026-07-30T01:32:53Z,CES217,"61.122643,37.29554",40000,690,236
1785375176,2026-07-30T01:32:56Z,CES217,"61.109653,37.257664",40000,410,238
1785375180,2026-07-30T01:33:00Z,CES217,"61.103104,37.234352",40000,940,232
1785375182,2026-07-30T01:33:02Z,CES217,"61.122879,37.270237",40000,940,43
1785375184,2026-07-30T01:33:04Z,CES217,"61.101559,37.217583",40000,940,228
1785375187,2026-07-30T01:33:07Z,CES217,"61.106777,37.219376",40000,400,34
1785375190,2026-07-30T01:33:10Z,CES217,"61.10091,37.197392",40000,540,32
1785375192,2026-07-30T01:33:12Z,CES217,"61.102009,37.192986",40000,390,32
1785375195,2026-07-30T01:33:15Z,CES217,"61.096222,37.1712",40000,870,230
1785375197,2026-07-30T01:33:17Z,CES217,"61.100975,37.174618",40000,440,235
1785375201,2026-07-30T01:33:21Z,CES217,"61.092113,37.143288",40000,440,230
1785375203,2026-07-30T01:33:23Z,CES217,"61.082405,37.116035",40000,380,230
1785375206,2026-07-30T01:33:26Z,CES217,"61.087646,37.117352",40000,380,228
1785375209,2026-07-30T01:33:29Z,CES217,"61.085278,37.105095",40000,380,230
1785375211,2026-07-30T01:33:31Z,CES217,"61.086334,37.101078",40000,850,230
1785375214,2026-07-30T01:33:34Z,CES217,"61.087948,37.094925",40000,380,32
1785375216,2026-07-30T01:33:36Z,CES217,"61.092728,37.097832",40000,750,39
1785375218,2026-07-30T01:33:38Z,CES217,"61.089958,37.085789",40000,350,37
1785375221,2026-07-30T01:33:41Z,CES217,"61.070576,37.035816",40000,350,229
1785375224,2026-07-30T01:33:44Z,CES217,"61.072342,37.029408",40000,740,235
1785375227,2026-07-30T01:33:47Z,CES217,"61.059917,36.994717",40000,660,226
1785375229,2026-07-30T01:33:49Z,CES217,"61.071587,37.012108",40000,770,37
1785375231,2026-07-30T01:33:51Z,CES217,"61.066433,36.995045",40000,320,239
1785375234,2026-07-30T01:33:54Z,CES217,"61.073738,37.000069",40000,320,40
1785375239,2026-07-30T01:33:59Z,CES217,"61.069851,36.978931",40000,230,3
1785375241,2026-07-30T01:34:01Z,CES217,"61.081383,36.996395",40000,230,43
1785375255,2026-07-30T01:34:15Z,CES217,"61.055481,36.897366",40000,440,253
1785375259,2026-07-30T01:34:19Z,CES217,"61.057755,36.88858",40000,670,33
1785375263,2026-07-30T01:34:23Z,CES217,"61.059578,36.882271",40000,580,31
1785375266,2026-07-30T01:34:26Z,CES217,"61.055092,36.863895",40000,610,32
1785375271,2026-07-30T01:34:31Z,CES217,"61.051136,36.838413",40000,290,258
1785375273,2026-07-30T01:34:33Z,CES217,"61.039883,36.809959",40000,290,232
1785375275,2026-07-30T01:34:35Z,CES217,"61.036705,36.797474",40000,290,227
1785375277,2026-07-30T01:34:37Z,CES217,"61.041309,36.800354",40000,80,302
1785375280,2026-07-30T01:34:40Z,CES217,"61.059677,36.827423",40000,960,36
1785375282,2026-07-30T01:34:42Z,CES217,"61.054317,36.810303",40000,360,30
1785375286,2026-07-30T01:34:46Z,CES217,"61.050297,36.788651",40000,130,302
1785375289,2026-07-30T01:34:49Z,CES217,"61.048866,36.776093",40000,350,28
1785375292,2026-07-30T01:34:52Z,CES217,"61.03228,36.736359",40000,350,227
1785375298,2026-07-30T01:34:58Z,CES217,"61.039948,36.732456",40000,300,258
1785375301,2026-07-30T01:35:01Z,CES217,"61.019802,36.682602",40000,760,229
1785375303,2026-07-30T01:35:03Z,CES217,"61.027832,36.692265",40000,80,304
1785375305,2026-07-30T01:35:05Z,CES217,"61.028885,36.687866",40000,80,40
1785375309,2026-07-30T01:35:09Z,CES217,"61.038097,36.693348",40000,500,28
1785375312,2026-07-30T01:35:12Z,CES217,"61.01498,36.637962",40000,500,229
1785375318,2026-07-30T01:35:18Z,CES217,"61.030067,36.647743",40000,230,275
1785375323,2026-07-30T01:35:23Z,CES217,"61.022457,36.61985",40000,410,240
1785375326,2026-07-30T01:35:26Z,CES217,"61.01379,36.593006",40000,80,306
1785375329,2026-07-30T01:35:29Z,CES217,"61.012791,36.580765",40000,80,228
1785375331,2026-07-30T01:35:31Z,CES217,"61.017254,36.583141",40000,900,230
1785375334,2026-07-30T01:35:34Z,CES217,"61.006783,36.552959",40000,680,232
1785375336,2026-07-30T01:35:36Z,CES217,"61.011242,36.555332",40000,360,238
1785375338,2026-07-30T01:35:38Z,CES217,"61.003304,36.533237",40000,560,230
1785375340,2026-07-30T01:35:40Z,CES217,"61.00462,36.52964",40000,860,229
1785375342,2026-07-30T01:35:42Z,CES217,"61.006172,36.525398",40000,480,236
1785375344,2026-07-30T01:35:44Z,CES217,"61.016262,36.539703",40000,940,38
1785375346,2026-07-30T01:35:46Z,CES217,"61.00676,36.513897",40000,570,233
1785375351,2026-07-30T01:35:51Z,CES217,"61.011444,36.507473",40000,190,353
1785375355,2026-07-30T01:35:55Z,CES217,"61.008942,36.489143",40000,570,28
1785375357,2026-07-30T01:35:57Z,CES217,"61.0093,36.483788",40000,240,22
1785375366,2026-07-30T01:36:06Z,CES217,"60.991665,36.42321",40000,460,247
1785375368,2026-07-30T01:36:08Z,CES217,"60.986515,36.406498",40000,460,228
1785375370,2026-07-30T01:36:10Z,CES217,"60.986362,36.399616",40000,560,229
1785375373,2026-07-30T01:36:13Z,CES217,"60.990776,36.398399",40000,490,238
1785375375,2026-07-30T01:36:15Z,CES217,"60.980011,36.37035",40000,790,235
1785375378,2026-07-30T01:36:18Z,CES217,"60.990021,36.380329",40000,800,36
1785375380,2026-07-30T01:36:20Z,CES217,"60.983391,36.361195",40000,220,247
1785375383,2026-07-30T01:36:23Z,CES217,"60.984577,36.353657",40000,380,237
1785375385,2026-07-30T01:36:25Z,CES217,"60.970116,36.318302",40000,380,229
1785375388,2026-07-30T01:36:28Z,CES217,"60.995461,36.362049",40000,380,41
1785375400,2026-07-30T01:36:40Z,CES217,"60.969341,36.271297",40000,440,250
1785375402,2026-07-30T01:36:42Z,CES217,"60.96788,36.261322",40000,280,259
1785375404,2026-07-30T01:36:44Z,CES217,"60.969379,36.258148",40000,120,272
1785375406,2026-07-30T01:36:46Z,CES217,"60.969791,36.252377",40000,180,254
1785375408,2026-07-30T01:36:48Z,CES217,"60.96909,36.244843",40000,340,249
1785375411,2026-07-30T01:36:51Z,CES217,"60.962673,36.222504",40000,340,227
1785375413,2026-07-30T01:36:53Z,CES217,"60.960426,36.211765",40000,190,258
1785375416,2026-07-30T01:36:56Z,CES217,"60.964443,36.210247",40000,250,253
1785375420,2026-07-30T01:37:00Z,CES217,"60.963482,36.198212",40000,850,229
1785375422,2026-07-30T01:37:02Z,CES217,"60.95739,36.179924",40000,930,232
1785375424,2026-07-30T01:37:04Z,CES217,"60.951481,36.161869",40000,670,236
1785375427,2026-07-30T01:37:07Z,CES217,"60.94952,36.148491",40000,180,250
1785375431,2026-07-30T01:37:11Z,CES217,"60.959438,36.154793",40000,290,253
1785375433,2026-07-30T01:37:13Z,CES217,"60.958305,36.146278",40000,495,252
1785375436,2026-07-30T01:37:16Z,CES217,"60.950603,36.121662",40000,710,227
1785375438,2026-07-30T01:37:18Z,CES217,"60.945473,36.104927",40000,530,238
1785375443,2026-07-30T01:37:23Z,CES217,"60.951309,36.100586",40000,471,254
1785375446,2026-07-30T01:37:26Z,CES217,"60.94334,36.074745",40000,90,331
1785375449,2026-07-30T01:37:29Z,CES217,"60.936161,36.050934",40000,520,238
1785375453,2026-07-30T01:37:33Z,CES217,"60.929615,36.025455",40000,950,231
1785375456,2026-07-30T01:37:36Z,CES217,"60.924583,36.009083",40000,430,240
1785375462,2026-07-30T01:37:42Z,CES217,"60.927841,35.995979",40000,530,243
1785375465,2026-07-30T01:37:45Z,CES217,"60.923737,35.978416",40000,360,238
1785375467,2026-07-30T01:37:47Z,CES217,"60.920959,35.965607",40000,920,230
1785375469,2026-07-30T01:37:49Z,CES217,"60.935108,35.988075",40000,760,37
1785375472,2026-07-30T01:37:52Z,CES217,"60.918423,35.945198",40000,930,232
1785375475,2026-07-30T01:37:55Z,CES217,"60.920715,35.940594",40000,120,7
1785375481,2026-07-30T01:38:01Z,CES217,"60.925838,35.932091",40000,300,12
1785375483,2026-07-30T01:38:03Z,CES217,"60.924633,35.922642",40000,270,246
1785375485,2026-07-30T01:38:05Z,CES217,"60.923656,35.914474",40000,502,252
1785375489,2026-07-30T01:38:09Z,CES217,"60.921104,35.89986",40000,210,249
1785375491,2026-07-30T01:38:11Z,CES217,"60.912144,35.875988",40000,660,229
1785375494,2026-07-30T01:38:14Z,CES217,"60.918285,35.87859",40000,660,39
1785375496,2026-07-30T01:38:16Z,CES217,"60.908119,35.851982",40000,660,228
1785375498,2026-07-30T01:38:18Z,CES217,"60.904243,35.838036",40000,660,228
1785375500,2026-07-30T01:38:20Z,CES217,"60.921875,35.86705",40000,660,40
1785375507,2026-07-30T01:38:27Z,CES217,"60.889618,35.779457",40000,810,237
1785375509,2026-07-30T01:38:29Z,CES217,"60.88895,35.771908",40000,400,237
1785375511,2026-07-30T01:38:31Z,CES217,"60.907108,35.802956",40000,400,42
1785375513,2026-07-30T01:38:33Z,CES217,"60.90522,35.792603",40000,400,237
1785375516,2026-07-30T01:38:36Z,CES217,"60.903172,35.779278",40000,290,28
1785375518,2026-07-30T01:38:38Z,CES217,"60.90205,35.770897",40000,910,39
1785375520,2026-07-30T01:38:40Z,CES217,"60.900646,35.760799",40000,200,258
1785375522,2026-07-30T01:38:42Z,CES217,"60.882301,35.717869",40000,260,227
1785375524,2026-07-30T01:38:44Z,CES217,"60.879887,35.706585",40000,260,227
1785375532,2026-07-30T01:38:52Z,CES217,"60.883377,35.691677",40000,690,240
1785375534,2026-07-30T01:38:54Z,CES217,"60.889103,35.697937",40000,470,35
1785375536,2026-07-30T01:38:56Z,CES217,"60.884155,35.681515",40000,270,242
1785375538,2026-07-30T01:38:58Z,CES217,"60.888527,35.683739",40000,80,317
1785375541,2026-07-30T01:39:01Z,CES217,"60.883072,35.663338",40000,630,37
1785375543,2026-07-30T01:39:03Z,CES217,"60.881981,35.655052",40000,300,239
1785375545,2026-07-30T01:39:05Z,CES217,"60.875431,35.635113",40000,300,230
1785375547,2026-07-30T01:39:07Z,CES217,"60.877457,35.632698",40000,870,231
1785375549,2026-07-30T01:39:09Z,CES217,"60.880436,35.632977",40000,180,18
1785375552,2026-07-30T01:39:12Z,CES217,"60.880825,35.627991",40000,60,294
1785375554,2026-07-30T01:39:14Z,CES217,"60.878525,35.615356",40000,260,268
1785375556,2026-07-30T01:39:16Z,CES217,"60.868042,35.588451",40000,960,233
1785375558,2026-07-30T01:39:18Z,CES217,"60.872593,35.591824",40000,320,35
1785375561,2026-07-30T01:39:21Z,CES217,"60.873077,35.583393",40000,240,245
1785375564,2026-07-30T01:39:24Z,CES217,"60.866974,35.561535",40000,310,240
1785375566,2026-07-30T01:39:26Z,CES217,"60.868736,35.559235",40000,240,243
1785375569,2026-07-30T01:39:29Z,CES217,"60.867439,35.54731",40000,440,235
1785375571,2026-07-30T01:39:31Z,CES217,"60.865974,35.538303",40000,484,251
1785375573,2026-07-30T01:39:33Z,CES217,"60.864571,35.528793",40000,482,252
1785375575,2026-07-30T01:39:35Z,CES217,"60.86322,35.520367",40000,484,252
1785375578,2026-07-30T01:39:38Z,CES217,"60.861805,35.511093",40000,485,252
1785375580,2026-07-30T01:39:40Z,CES217,"60.860382,35.501968",40000,483,252
1785375582,2026-07-30T01:39:42Z,CES217,"60.858921,35.492905",40000,487,251
1785375584,2026-07-30T01:39:44Z,CES217,"60.857437,35.483578",40000,486,251
1785375586,2026-07-30T01:39:46Z,CES217,"60.855942,35.473854",40000,488,252
1785375588,2026-07-30T01:39:48Z,CES217,"60.854607,35.465511",40000,486,251
1785375590,2026-07-30T01:39:50Z,CES217,"60.853157,35.456486",40000,240,251
1785375592,2026-07-30T01:39:52Z,CES217,"60.851585,35.446388",40000,488,251
1785375594,2026-07-30T01:39:54Z,CES217,"60.850433,35.438744",40000,430,235
1785375596,2026-07-30T01:39:56Z,CES217,"60.848885,35.429024",40000,480,251
1785375600,2026-07-30T01:40:00Z,CES217,"60.851318,35.422802",40000,220,255
1785375602,2026-07-30T01:40:02Z,CES217,"60.841492,35.395493",40000,880,234
1785375604,2026-07-30T01:40:04Z,CES217,"60.843254,35.393398",40000,370,239
1785375607,2026-07-30T01:40:07Z,CES217,"60.841782,35.383976",40000,310,251
1785375610,2026-07-30T01:40:10Z,CES217,"60.839691,35.370506",40000,488,229
1785375612,2026-07-30T01:40:12Z,CES217,"60.838215,35.361195",40000,490,252
1785375614,2026-07-30T01:40:14Z,CES217,"60.836876,35.352688",40000,475,253
1785375616,2026-07-30T01:40:16Z,CES217,"60.835426,35.343102",40000,489,252
1785375618,2026-07-30T01:40:18Z,CES217,"60.834053,35.334724",40000,486,251
1785375620,2026-07-30T01:40:20Z,CES217,"60.832634,35.325615",40000,481,252
1785375622,2026-07-30T01:40:22Z,CES217,"60.831173,35.316357",40000,483,251
1785375624,2026-07-30T01:40:24Z,CES217,"60.829853,35.307781",40000,484,252
1785375626,2026-07-30T01:40:26Z,CES217,"60.828316,35.297901",40000,488,252
1785375628,2026-07-30T01:40:28Z,CES217,"60.826981,35.289654",40000,486,251
1785375630,2026-07-30T01:40:30Z,CES217,"60.825516,35.280701",40000,484,251
1785375632,2026-07-30T01:40:32Z,CES217,"60.824039,35.27145",40000,290,252
1785375635,2026-07-30T01:40:35Z,CES217,"60.822533,35.261749",40000,480,252
1785375637,2026-07-30T01:40:37Z,CES217,"60.82106,35.252884",40000,514,251
1785375639,2026-07-30T01:40:39Z,CES217,"60.819763,35.244133",40000,485,252
1785375641,2026-07-30T01:40:41Z,CES217,"60.818413,35.235317",40000,484,252
1785375666,2026-07-30T01:41:06Z,CES217,"60.801235,35.12743",40000,483,231
1785375668,2026-07-30T01:41:08Z,CES217,"60.799919,35.118893",40000,240,254
1785375670,2026-07-30T01:41:10Z,CES217,"60.798618,35.110043",40000,250,251
1785375672,2026-07-30T01:41:12Z,CES217,"60.797153,35.101097",40000,250,253
1785375674,2026-07-30T01:41:14Z,CES217,"60.795586,35.09145",40000,471,251
1785375676,2026-07-30T01:41:16Z,CES217,"60.794136,35.082077",40000,481,252
1785375678,2026-07-30T01:41:18Z,CES217,"60.79274,35.073502",40000,483,251
1785375680,2026-07-30T01:41:20Z,CES217,"60.791348,35.064846",40000,479,252
1785375682,2026-07-30T01:41:22Z,CES217,"60.789848,35.05571",40000,482,251
1785375684,2026-07-30T01:41:24Z,CES217,"60.78833,35.046886",40000,290,248
1785375686,2026-07-30T01:41:26Z,CES217,"60.787121,35.038258",40000,499,251
1785375688,2026-07-30T01:41:28Z,CES217,"60.785748,35.029541",40000,467,253
1785375690,2026-07-30T01:41:30Z,CES217,"60.78413,35.019794",40000,486,251
1785375692,2026-07-30T01:41:32Z,CES217,"60.782799,35.011101",40000,483,252
1785375694,2026-07-30T01:41:34Z,CES217,"60.781258,35.001781",40000,482,251
1785375696,2026-07-30T01:41:36Z,CES217,"60.779907,34.993179",40000,485,252
1785375699,2026-07-30T01:41:39Z,CES217,"60.778488,34.984356",40000,482,251
1785375701,2026-07-30T01:41:41Z,CES217,"60.777088,34.975609",40000,481,251
1785375703,2026-07-30T01:41:43Z,CES217,"60.77565,34.96669",40000,483,251
1785375705,2026-07-30T01:41:45Z,CES217,"60.774067,34.956684",40000,483,251
1785375707,2026-07-30T01:41:47Z,CES217,"60.772636,34.947792",40000,484,251
1785375709,2026-07-30T01:41:49Z,CES217,"60.77121,34.938805",40000,485,251
1785375711,2026-07-30T01:41:51Z,CES217,"60.769749,34.93",40000,486,251
1785375713,2026-07-30T01:41:53Z,CES217,"60.768364,34.921349",40000,486,251
1785375744,2026-07-30T01:42:24Z,CES217,"60.746544,34.784988",40000,485,251
1785375775,2026-07-30T01:42:55Z,CES217,"60.724892,34.650917",40000,487,251
1785375806,2026-07-30T01:43:26Z,CES217,"60.703163,34.51807",40000,482,251
1785375827,2026-07-30T01:43:47Z,CES217,"60.688606,34.428295",40000,220,244
1785375829,2026-07-30T01:43:49Z,CES217,"60.686901,34.419582",40000,487,250
1785375831,2026-07-30T01:43:51Z,CES217,"60.685463,34.410259",40000,490,251
1785375833,2026-07-30T01:43:53Z,CES217,"60.684017,34.401363",40000,487,251
1785375835,2026-07-30T01:43:55Z,CES217,"60.68259,34.392002",40000,494,252
1785375837,2026-07-30T01:43:57Z,CES217,"60.680988,34.382832",40000,485,251
1785375839,2026-07-30T01:43:59Z,CES217,"60.679558,34.374504",40000,483,250
1785375841,2026-07-30T01:44:01Z,CES217,"60.678085,34.365528",40000,486,251
1785375843,2026-07-30T01:44:03Z,CES217,"60.676548,34.35651",40000,485,251
1785375845,2026-07-30T01:44:05Z,CES217,"60.675049,34.347408",40000,493,251
1785375847,2026-07-30T01:44:07Z,CES217,"60.673584,34.338371",40000,488,251
1785375850,2026-07-30T01:44:10Z,CES217,"60.672127,34.32933",40000,492,251
1785375852,2026-07-30T01:44:12Z,CES217,"60.670765,34.320465",40000,490,252
1785375854,2026-07-30T01:44:14Z,CES217,"60.669312,34.311047",40000,492,252
1785375856,2026-07-30T01:44:16Z,CES217,"60.667892,34.302208",40000,496,251
1785375887,2026-07-30T01:44:47Z,CES217,"60.645554,34.16703",40000,492,251
1785375918,2026-07-30T01:45:18Z,CES217,"60.622879,34.033291",40000,493,251
1785375926,2026-07-30T01:45:26Z,CES217,"60.616745,33.997173",40000,490,250
1785375928,2026-07-30T01:45:28Z,CES217,"60.615185,33.98838",40000,487,250
1785375930,2026-07-30T01:45:30Z,CES217,"60.61367,33.979523",40000,487,250
1785375932,2026-07-30T01:45:32Z,CES217,"60.61224,33.970802",40000,492,251
1785375934,2026-07-30T01:45:34Z,CES217,"60.610733,33.962013",40000,492,251
1785375965,2026-07-30T01:46:05Z,CES217,"60.588062,33.827251",40000,488,250
1785375996,2026-07-30T01:46:36Z,CES217,"60.565315,33.693192",40000,493,251
1785376027,2026-07-30T01:47:07Z,CES217,"60.542492,33.560013",40000,488,250
1785376060,2026-07-30T01:47:40Z,CES217,"60.518051,33.418636",40000,486,250
1785376091,2026-07-30T01:48:11Z,CES217,"60.494461,33.28339",40000,488,250
1785376114,2026-07-30T01:48:34Z,CES217,"60.477299,33.185146",40000,492,250
1785376116,2026-07-30T01:48:36Z,CES217,"60.475697,33.176311",40000,487,250
1785376147,2026-07-30T01:49:07Z,CES217,"60.45208,33.043114",40000,485,249
1785376178,2026-07-30T01:49:38Z,CES217,"60.428112,32.908966",40000,485,249
1785376209,2026-07-30T01:50:09Z,CES217,"60.403866,32.775261",40000,491,249
1785376240,2026-07-30T01:50:40Z,CES217,"60.379868,32.642788",40000,489,249
1785376271,2026-07-30T01:51:11Z,CES217,"60.355408,32.509243",40000,491,250
1785376302,2026-07-30T01:51:42Z,CES217,"60.330956,32.376312",40000,491,249
1785376333,2026-07-30T01:52:13Z,CES217,"60.306164,32.242233",40000,494,249
1785376364,2026-07-30T01:52:44Z,CES217,"60.281544,32.110287",40000,497,249
1785376395,2026-07-30T01:53:15Z,CES217,"60.256615,31.97687",40000,494,249
1785376427,2026-07-30T01:53:47Z,CES217,"60.231697,31.842493",40000,498,249
1785376458,2026-07-30T01:54:18Z,CES217,"60.206558,31.707848",40000,492,249
1785376491,2026-07-30T01:54:51Z,CES217,"60.180195,31.568764",40000,490,248
1785376523,2026-07-30T01:55:23Z,CES217,"60.153645,31.430008",40000,489,249
1785376554,2026-07-30T01:55:54Z,CES217,"60.128746,31.300608",40000,491,248
1785376587,2026-07-30T01:56:27Z,CES217,"60.101799,31.16251",40000,493,248
1785376617,2026-07-30T01:56:57Z,CES217,"60.076504,31.033184",40000,488,248
1785376648,2026-07-30T01:57:28Z,CES217,"60.051205,30.905418",40000,487,248
1785376679,2026-07-30T01:57:59Z,CES217,"60.025627,30.777225",40000,485,248
1785376711,2026-07-30T01:58:31Z,CES217,"59.998222,30.640997",40000,498,249
1785376742,2026-07-30T01:59:02Z,CES217,"59.97234,30.511848",40000,491,248
1785376751,2026-07-30T01:59:11Z,CES217,"59.965176,30.476616",40000,494,248
1785376753,2026-07-30T01:59:13Z,CES217,"59.963493,30.468351",40000,489,247
1785376755,2026-07-30T01:59:15Z,CES217,"59.961758,30.459692",40000,490,248
1785376757,2026-07-30T01:59:17Z,CES217,"59.959915,30.450586",40000,492,248
1785376759,2026-07-30T01:59:19Z,CES217,"59.958317,30.442722",40000,489,247
1785376761,2026-07-30T01:59:21Z,CES217,"59.956608,30.434296",40000,490,247
1785376763,2026-07-30T01:59:23Z,CES217,"59.95491,30.425987",40000,487,247
1785376794,2026-07-30T01:59:54Z,CES217,"59.928593,30.296194",40000,494,247
1785376796,2026-07-30T01:59:56Z,CES217,"59.926849,30.287724",40000,494,247
1785376827,2026-07-30T02:00:27Z,CES217,"59.900242,30.158009",40000,491,248
1785376857,2026-07-30T02:00:57Z,CES217,"59.87368,30.029003",40000,495,247
1785376888,2026-07-30T02:01:28Z,CES217,"59.846931,29.899443",40000,492,247
1785376919,2026-07-30T02:01:59Z,CES217,"59.820122,29.769535",40000,492,247
1785376950,2026-07-30T02:02:30Z,CES217,"59.793419,29.640165",40000,487,247
1785376981,2026-07-30T02:03:01Z,CES217,"59.766998,29.51309",40000,487,247
1785377012,2026-07-30T02:03:32Z,CES217,"59.739849,29.384697",40000,488,247
1785377043,2026-07-30T02:04:03Z,CES217,"59.712917,29.257994",40000,484,246
1785377074,2026-07-30T02:04:34Z,CES217,"59.685932,29.131989",40000,491,246
1785377105,2026-07-30T02:05:05Z,CES217,"59.658791,29.006493",40000,489,246
1785377136,2026-07-30T02:05:36Z,CES217,"59.631584,28.88039",40000,490,246
1785377167,2026-07-30T02:06:07Z,CES217,"59.603973,28.753857",40000,492,246
1785377200,2026-07-30T02:06:40Z,CES217,"59.574524,28.619987",40000,485,246
1785377231,2026-07-30T02:07:11Z,CES217,"59.546707,28.494595",40000,485,246
1785377264,2026-07-30T02:07:44Z,CES217,"59.516888,28.36063",40000,487,246
1785377295,2026-07-30T02:08:15Z,CES217,"59.48896,28.236204",40000,483,246
1785377326,2026-07-30T02:08:46Z,CES217,"59.460964,28.111736",40000,488,246
1785377356,2026-07-30T02:09:16Z,CES217,"59.43615,27.984745",40000,484,250
1785377387,2026-07-30T02:09:47Z,CES217,"59.411766,27.856907",40000,484,249
1785377419,2026-07-30T02:10:19Z,CES217,"59.386673,27.727554",40000,482,249
1785377450,2026-07-30T02:10:50Z,CES217,"59.361725,27.599266",40000,486,249
1785377481,2026-07-30T02:11:21Z,CES217,"59.336449,27.471563",40000,483,248
1785377512,2026-07-30T02:11:52Z,CES217,"59.309086,27.34589",40000,484,245
1785377544,2026-07-30T02:12:24Z,CES217,"59.279682,27.221046",40000,485,245
1785377575,2026-07-30T02:12:55Z,CES217,"59.250507,27.095024",40000,486,245
1785377607,2026-07-30T02:13:27Z,CES217,"59.221863,26.969788",40000,489,245
1785377638,2026-07-30T02:13:58Z,CES217,"59.192902,26.844469",40000,484,245
1785377670,2026-07-30T02:14:30Z,CES217,"59.163502,26.717527",40000,485,245
1785377701,2026-07-30T02:15:01Z,CES217,"59.134411,26.593042",40000,491,245
1785377732,2026-07-30T02:15:32Z,CES217,"59.105053,26.467915",40000,490,245
1785377763,2026-07-30T02:16:03Z,CES217,"59.075615,26.343573",40000,490,245
1785377795,2026-07-30T02:16:35Z,CES217,"59.046139,26.219425",40000,493,245
1785377826,2026-07-30T02:17:06Z,CES217,"59.016415,26.09374",40000,489,245
1785377858,2026-07-30T02:17:38Z,CES217,"58.986759,25.968309",40000,490,245
1785377889,2026-07-30T02:18:09Z,CES217,"58.957439,25.845516",40000,485,244
1785377921,2026-07-30T02:18:41Z,CES217,"58.927212,25.719845",40000,484,245
1785377953,2026-07-30T02:19:13Z,CES217,"58.897018,25.59549",40000,484,244
1785377984,2026-07-30T02:19:44Z,CES217,"58.867298,25.474344",40000,485,244
1785378015,2026-07-30T02:20:15Z,CES217,"58.837032,25.352365",40000,477,244
1785378047,2026-07-30T02:20:47Z,CES217,"58.806797,25.230534",40000,480,244
1785378078,2026-07-30T02:21:18Z,CES217,"58.776646,25.110004",40000,485,244
1785378109,2026-07-30T02:21:49Z,CES217,"58.746136,24.988647",40000,483,244
1785378128,2026-07-30T02:22:08Z,CES217,"58.727852,24.916342",40000,481,243
1785378132,2026-07-30T02:22:12Z,CES217,"58.723801,24.900328",40000,481,244
1785378134,2026-07-30T02:22:14Z,CES217,"58.721828,24.892647",40000,483,243
1785378136,2026-07-30T02:22:16Z,CES217,"58.719856,24.884817",40000,483,244
1785378138,2026-07-30T02:22:18Z,CES217,"58.717869,24.876987",40000,485,244
1785378140,2026-07-30T02:22:20Z,CES217,"58.715832,24.868898",40000,483,244
1785378142,2026-07-30T02:22:22Z,CES217,"58.71368,24.860464",40000,481,243
1785378145,2026-07-30T02:22:25Z,CES217,"58.71172,24.852644",40000,484,244
1785378147,2026-07-30T02:22:27Z,CES217,"58.709755,24.844864",40000,485,244
1785378149,2026-07-30T02:22:29Z,CES217,"58.707756,24.837109",40000,481,243
1785378159,2026-07-30T02:22:39Z,CES217,"58.697395,24.796385",40000,481,243
1785378161,2026-07-30T02:22:41Z,CES217,"58.695442,24.788555",40000,483,244
1785378163,2026-07-30T02:22:43Z,CES217,"58.69347,24.780834",40000,480,243
1785378176,2026-07-30T02:22:56Z,CES217,"58.681152,24.732517",40000,484,244
1785378178,2026-07-30T02:22:58Z,CES217,"58.678982,24.724115",40000,482,243
1785378180,2026-07-30T02:23:00Z,CES217,"58.676979,24.716181",40000,481,244
1785378182,2026-07-30T02:23:02Z,CES217,"58.674706,24.707298",40000,485,244
1785378184,2026-07-30T02:23:04Z,CES217,"58.672619,24.699137",40000,480,243
1785378186,2026-07-30T02:23:06Z,CES217,"58.670738,24.691763",40000,485,244
1785378189,2026-07-30T02:23:09Z,CES217,"58.668587,24.683411",40000,485,243
1785378195,2026-07-30T02:23:15Z,CES217,"58.662479,24.659481",40000,485,243
1785378197,2026-07-30T02:23:17Z,CES217,"58.660297,24.650997",40000,481,243
1785378199,2026-07-30T02:23:19Z,CES217,"58.658318,24.643162",40000,483,244
1785378201,2026-07-30T02:23:21Z,CES217,"58.656143,24.634748",40000,485,243
1785378203,2026-07-30T02:23:23Z,CES217,"58.654156,24.627045",40000,483,243
1785378212,2026-07-30T02:23:32Z,CES217,"58.646038,24.595263",40000,488,244
1785378214,2026-07-30T02:23:34Z,CES217,"58.644009,24.587328",40000,484,243
1785378216,2026-07-30T02:23:36Z,CES217,"58.64201,24.579477",40000,485,244
1785378218,2026-07-30T02:23:38Z,CES217,"58.63995,24.571472",40000,483,243
1785378220,2026-07-30T02:23:40Z,CES217,"58.637833,24.563375",40000,483,243
1785378251,2026-07-30T02:24:11Z,CES217,"58.606823,24.442568",40000,485,243
1785378283,2026-07-30T02:24:43Z,CES217,"58.575577,24.321646",40000,482,243
1785378314,2026-07-30T02:25:14Z,CES217,"58.544182,24.200829",40000,484,243
1785378345,2026-07-30T02:25:45Z,CES217,"58.513355,24.083153",40000,481,243
1785378377,2026-07-30T02:26:17Z,CES217,"58.482166,23.964529",40000,483,243
1785378408,2026-07-30T02:26:48Z,CES217,"58.450912,23.8465",40000,481,243
1785378439,2026-07-30T02:27:19Z,CES217,"58.419281,23.727953",40000,483,242
1785378450,2026-07-30T02:27:30Z,CES217,"58.408928,23.688938",40000,480,242
1785378452,2026-07-30T02:27:32Z,CES217,"58.40683,23.681206",40000,485,242
1785378454,2026-07-30T02:27:34Z,CES217,"58.404831,23.673407",40000,482,243
1785378485,2026-07-30T02:28:05Z,CES217,"58.373531,23.555435",40000,482,243
1785378516,2026-07-30T02:28:36Z,CES217,"58.341908,23.436718",40000,482,243
1785378547,2026-07-30T02:29:07Z,CES217,"58.310444,23.319452",40000,483,242
1785378578,2026-07-30T02:29:38Z,CES217,"58.279034,23.202923",40000,487,242
1785378610,2026-07-30T02:30:10Z,CES217,"58.246277,23.082607",40000,485,242
1785378641,2026-07-30T02:30:41Z,CES217,"58.213882,22.964558",40000,485,242
1785378673,2026-07-30T02:31:13Z,CES217,"58.181019,22.845604",40000,482,242
1785378704,2026-07-30T02:31:44Z,CES217,"58.148518,22.729219",40000,481,241
1785378736,2026-07-30T02:32:16Z,CES217,"58.115723,22.612301",40000,478,241
1785378763,2026-07-30T02:32:43Z,CES217,"58.087559,22.512272",40000,482,241
1785378795,2026-07-30T02:33:15Z,CES217,"58.055035,22.397251",40000,471,241
1785378826,2026-07-30T02:33:46Z,CES217,"58.022945,22.284697",40000,467,241
1785378857,2026-07-30T02:34:17Z,CES217,"57.990784,22.172043",40000,470,241
1785378889,2026-07-30T02:34:49Z,CES217,"57.958447,22.059202",40000,473,241
1785378921,2026-07-30T02:35:21Z,CES217,"57.925316,21.943909",40000,472,241
1785378953,2026-07-30T02:35:53Z,CES217,"57.891136,21.830379",40000,476,238
1785378984,2026-07-30T02:36:24Z,CES217,"57.851368,21.726456",40000,478,231
1785379015,2026-07-30T02:36:55Z,CES217,"57.805573,21.630726",40000,471,225
1785379047,2026-07-30T02:37:27Z,CES217,"57.75436,21.543673",40000,475,219
1785379078,2026-07-30T02:37:58Z,CES217,"57.699032,21.466801",40000,479,215
1785379109,2026-07-30T02:38:29Z,CES217,"57.6427,21.391867",40000,481,215
1785379141,2026-07-30T02:39:01Z,CES217,"57.585545,21.315016",40000,478,215
1785379172,2026-07-30T02:39:32Z,CES217,"57.529762,21.241018",40000,477,215
1785379204,2026-07-30T02:40:04Z,CES217,"57.473782,21.167044",40000,475,215
1785379235,2026-07-30T02:40:35Z,CES217,"57.417801,21.093588",40000,477,215
1785379266,2026-07-30T02:41:06Z,CES217,"57.361023,21.019417",40000,478,215
1785379298,2026-07-30T02:41:38Z,CES217,"57.303913,20.944891",40000,477,215
1785379329,2026-07-30T02:42:09Z,CES217,"57.247154,20.871433",40000,478,215
1785379360,2026-07-30T02:42:40Z,CES217,"57.191067,20.798744",40000,483,215
1785379371,2026-07-30T02:42:51Z,CES217,"57.172161,20.774426",40000,476,215
1785379373,2026-07-30T02:42:53Z,CES217,"57.168434,20.769688",40000,475,214
1785379375,2026-07-30T02:42:55Z,CES217,"57.164768,20.764931",40000,479,215
1785379377,2026-07-30T02:42:57Z,CES217,"57.161098,20.760223",40000,477,214
1785379379,2026-07-30T02:42:59Z,CES217,"57.157326,20.755402",40000,475,215
1785379381,2026-07-30T02:43:01Z,CES217,"57.15337,20.750277",40000,477,215
1785379383,2026-07-30T02:43:03Z,CES217,"57.149612,20.745455",40000,476,214
1785379385,2026-07-30T02:43:05Z,CES217,"57.145733,20.740459",40000,477,214
1785379417,2026-07-30T02:43:37Z,CES217,"57.08828,20.666666",40000,476,214
1785379448,2026-07-30T02:44:08Z,CES217,"57.03223,20.594904",40000,478,215
1785379480,2026-07-30T02:44:40Z,CES217,"56.975185,20.522144",40000,478,214
1785379512,2026-07-30T02:45:12Z,CES217,"56.917805,20.449272",40000,480,214
1785379543,2026-07-30T02:45:43Z,CES217,"56.861279,20.377653",40000,479,214
1785379574,2026-07-30T02:46:14Z,CES217,"56.804539,20.306131",40000,482,214
1785379605,2026-07-30T02:46:45Z,CES217,"56.747265,20.234138",40000,476,214
1785379637,2026-07-30T02:47:17Z,CES217,"56.689518,20.161602",40000,474,214
1785379669,2026-07-30T02:47:49Z,CES217,"56.632416,20.09038",40000,478,214
1785379700,2026-07-30T02:48:20Z,CES217,"56.575474,20.019562",40000,477,214
1785379732,2026-07-30T02:48:52Z,CES217,"56.518398,19.948931",40000,478,214
1785379763,2026-07-30T02:49:23Z,CES217,"56.461086,19.878189",40000,476,214
1785379795,2026-07-30T02:49:55Z,CES217,"56.403793,19.807581",40000,475,214
1785379826,2026-07-30T02:50:26Z,CES217,"56.346657,19.737637",40000,477,214
1785379857,2026-07-30T02:50:57Z,CES217,"56.289528,19.668043",40000,482,214
1785379889,2026-07-30T02:51:29Z,CES217,"56.231754,19.597584",40000,480,214
1785379920,2026-07-30T02:52:00Z,CES217,"56.173969,19.527552",40000,476,214
1785379952,2026-07-30T02:52:32Z,CES217,"56.116749,19.458397",40000,476,213
1785379983,2026-07-30T02:53:03Z,CES217,"56.059135,19.389183",40000,478,214
1785380015,2026-07-30T02:53:35Z,CES217,"56.00156,19.320223",40000,475,214
1785380046,2026-07-30T02:54:06Z,CES217,"55.944115,19.251804",40000,475,213
1785380078,2026-07-30T02:54:38Z,CES217,"55.886051,19.182762",40000,474,213
1785380111,2026-07-30T02:55:11Z,CES217,"55.826546,19.112312",40000,474,213
1785380142,2026-07-30T02:55:42Z,CES217,"55.769428,19.044807",40000,475,213
1785380174,2026-07-30T02:56:14Z,CES217,"55.711861,18.97683",40000,473,214
1785380205,2026-07-30T02:56:45Z,CES217,"55.653862,18.908369",40000,475,213
1785380237,2026-07-30T02:57:17Z,CES217,"55.596298,18.840605",40000,475,213
1785380268,2026-07-30T02:57:48Z,CES217,"55.538368,18.772774",40000,477,213
1785380300,2026-07-30T02:58:20Z,CES217,"55.481068,18.70579",40000,476,213
1785380331,2026-07-30T02:58:51Z,CES217,"55.423492,18.638792",40000,483,213
1785380361,2026-07-30T02:59:21Z,CES217,"55.368206,18.574839",40000,484,213
1785380392,2026-07-30T02:59:52Z,CES217,"55.309784,18.507332",40000,482,213
1785380424,2026-07-30T03:00:24Z,CES217,"55.251274,18.440054",40000,482,213
1785380455,2026-07-30T03:00:55Z,CES217,"55.194668,18.372005",40000,477,215
1785380486,2026-07-30T03:01:26Z,CES217,"55.138771,18.302073",40000,479,215
1785380518,2026-07-30T03:01:58Z,CES217,"55.081409,18.231661",40000,477,215
1785380549,2026-07-30T03:02:29Z,CES217,"55.025299,18.163687",40000,457,213
1785380581,2026-07-30T03:03:01Z,CES217,"54.96822,18.094549",40000,474,214
1785380613,2026-07-30T03:03:33Z,CES217,"54.910343,18.024775",40000,474,214
1785380644,2026-07-30T03:04:04Z,CES217,"54.853588,17.956493",40000,475,214
1785380676,2026-07-30T03:04:36Z,CES217,"54.796146,17.887711",40000,478,214
1785380708,2026-07-30T03:05:08Z,CES217,"54.739326,17.820024",40000,478,214
1785380739,2026-07-30T03:05:39Z,CES217,"54.682384,17.75218",40000,478,214
1785380770,2026-07-30T03:06:10Z,CES217,"54.625267,17.684645",40000,479,214
1785380802,2026-07-30T03:06:42Z,CES217,"54.56731,17.616488",40000,481,214
1785380833,2026-07-30T03:07:13Z,CES217,"54.509895,17.549332",40000,480,213
1785380865,2026-07-30T03:07:45Z,CES217,"54.451279,17.480867",40000,480,214
1785380888,2026-07-30T03:08:08Z,CES217,"54.409359,17.432215",40000,480,214
1785380919,2026-07-30T03:08:39Z,CES217,"54.351776,17.36491",40000,479,214
1785380951,2026-07-30T03:09:11Z,CES217,"54.29512,17.295502",40000,486,215
1785380984,2026-07-30T03:09:44Z,CES217,"54.235615,17.222736",40000,485,215
1785381014,2026-07-30T03:10:14Z,CES217,"54.179115,17.154703",40000,483,214
1785381046,2026-07-30T03:10:46Z,CES217,"54.121899,17.085882",40000,490,215
1785381077,2026-07-30T03:11:17Z,CES217,"54.064632,17.017258",40000,492,215
1785381108,2026-07-30T03:11:48Z,CES217,"54.00742,16.948975",40000,488,215
1785381138,2026-07-30T03:12:18Z,CES217,"53.95105,16.882023",40000,480,214
1785381153,2026-07-30T03:12:33Z,CES217,"53.92458,16.850559",40000,488,215
1785381186,2026-07-30T03:13:06Z,CES217,"53.864334,16.779354",40000,480,215
1785381217,2026-07-30T03:13:37Z,CES217,"53.807415,16.712294",40000,484,214
1785381248,2026-07-30T03:14:08Z,CES217,"53.750713,16.645302",40000,482,215
1785381281,2026-07-30T03:14:41Z,CES217,"53.690952,16.575153",40000,483,214
1785381313,2026-07-30T03:15:13Z,CES217,"53.631405,16.505583",40000,481,214
1785381345,2026-07-30T03:15:45Z,CES217,"53.574127,16.439198",40000,482,214
1785381376,2026-07-30T03:16:16Z,CES217,"53.516922,16.373095",40000,484,214
1785381407,2026-07-30T03:16:47Z,CES217,"53.459663,16.307167",40000,481,214
1785381438,2026-07-30T03:17:18Z,CES217,"53.402584,16.241638",40000,479,214
1785381469,2026-07-30T03:17:49Z,CES217,"53.345219,16.175861",40000,477,214
1785381501,2026-07-30T03:18:21Z,CES217,"53.287979,16.110535",40000,479,214
1785381532,2026-07-30T03:18:52Z,CES217,"53.230526,16.045254",40000,480,214
1785381564,2026-07-30T03:19:24Z,CES217,"53.172005,15.978671",40000,481,214
1785381596,2026-07-30T03:19:56Z,CES217,"53.11404,15.912778",40000,480,214
1785381627,2026-07-30T03:20:27Z,CES217,"53.055828,15.846881",40000,480,214
1785381659,2026-07-30T03:20:59Z,CES217,"52.998608,15.782566",40000,479,214
1785381690,2026-07-30T03:21:30Z,CES217,"52.94109,15.717939",40000,476,214
1785381722,2026-07-30T03:22:02Z,CES217,"52.882397,15.652238",40000,477,214
1785381754,2026-07-30T03:22:34Z,CES217,"52.824345,15.587448",40000,482,214
1785381786,2026-07-30T03:23:06Z,CES217,"52.765038,15.521554",40000,478,214
1785381817,2026-07-30T03:23:37Z,CES217,"52.707497,15.457878",40000,481,213
1785381848,2026-07-30T03:24:08Z,CES217,"52.649376,15.393748",40000,481,213
1785381880,2026-07-30T03:24:40Z,CES217,"52.591537,15.330217",40000,481,213
1785381911,2026-07-30T03:25:11Z,CES217,"52.532944,15.266124",40000,477,213
1785381943,2026-07-30T03:25:43Z,CES217,"52.474373,15.202178",40000,477,213
1785381975,2026-07-30T03:26:15Z,CES217,"52.416424,15.139182",40000,475,213
1785382007,2026-07-30T03:26:47Z,CES217,"52.358017,15.075824",40000,477,213
1785382038,2026-07-30T03:27:18Z,CES217,"52.299934,15.012968",40000,479,213
1785382070,2026-07-30T03:27:50Z,CES217,"52.241756,14.950237",40000,479,213
1785382101,2026-07-30T03:28:21Z,CES217,"52.185432,14.886248",40000,476,217
1785382133,2026-07-30T03:28:53Z,CES217,"52.13311,14.811155",40000,472,224
1785382164,2026-07-30T03:29:24Z,CES217,"52.086338,14.730958",40000,470,226
1785382196,2026-07-30T03:29:56Z,CES217,"52.038456,14.651153",40000,470,225
1785382227,2026-07-30T03:30:27Z,CES217,"51.990597,14.572127",40000,473,225
1785382259,2026-07-30T03:30:59Z,CES217,"51.942741,14.492578",40000,470,225
1785382290,2026-07-30T03:31:30Z,CES217,"51.894875,14.413156",40000,471,225
1785382322,2026-07-30T03:32:02Z,CES217,"51.84692,14.333875",40000,470,225
1785382354,2026-07-30T03:32:34Z,CES217,"51.797955,14.253127",40000,470,225
1785382386,2026-07-30T03:33:06Z,CES217,"51.749203,14.173015",40000,473,225
1785382417,2026-07-30T03:33:37Z,CES217,"51.701126,14.094376",40000,474,225
1785382449,2026-07-30T03:34:09Z,CES217,"51.652798,14.016012",40000,474,225
1785382480,2026-07-30T03:34:40Z,CES217,"51.603706,13.93684",40000,477,224
1785382512,2026-07-30T03:35:12Z,CES217,"51.553833,13.85653",40000,479,225
1785382544,2026-07-30T03:35:44Z,CES217,"51.505054,13.778222",40000,477,225
1785382576,2026-07-30T03:36:16Z,CES217,"51.455894,13.699102",40000,473,225
1785382607,2026-07-30T03:36:47Z,CES217,"51.407887,13.621561",40000,469,225
1785382638,2026-07-30T03:37:18Z,CES217,"51.359535,13.543735",40000,473,225
1785382670,2026-07-30T03:37:50Z,CES217,"51.310925,13.465783",40000,473,225
1785382702,2026-07-30T03:38:22Z,CES217,"51.261135,13.386333",40000,478,224
1785382708,2026-07-30T03:38:28Z,CES217,"51.25069,13.369759",40000,476,224
1785382710,2026-07-30T03:38:30Z,CES217,"51.248013,13.365456",40000,476,225
1785382712,2026-07-30T03:38:32Z,CES217,"51.244251,13.359518",40000,476,224
1785382715,2026-07-30T03:38:35Z,CES217,"51.241043,13.354364",40000,474,225
1785382717,2026-07-30T03:38:37Z,CES217,"51.237888,13.349401",40000,478,224
1785382719,2026-07-30T03:38:39Z,CES217,"51.234814,13.344475",40000,475,225
1785382721,2026-07-30T03:38:41Z,CES217,"51.231575,13.3394",40000,475,224
1785382723,2026-07-30T03:38:43Z,CES217,"51.228172,13.334043",40000,479,224
1785382725,2026-07-30T03:38:45Z,CES217,"51.224682,13.328538",40000,476,224
1785382727,2026-07-30T03:38:47Z,CES217,"51.221493,13.323389",40000,475,225
1785382729,2026-07-30T03:38:49Z,CES217,"51.218353,13.318414",40000,477,224
1785382731,2026-07-30T03:38:51Z,CES217,"51.215256,13.313478",40000,477,225
1785382733,2026-07-30T03:38:53Z,CES217,"51.211967,13.308301",40000,480,224
1785382735,2026-07-30T03:38:55Z,CES217,"51.20874,13.303197",40000,480,224
1785382737,2026-07-30T03:38:57Z,CES217,"51.205608,13.298171",40000,474,225
1785382739,2026-07-30T03:38:59Z,CES217,"51.202442,13.293139",40000,480,224
1785382742,2026-07-30T03:39:02Z,CES217,"51.199234,13.288111",40000,478,224
1785382773,2026-07-30T03:39:33Z,CES217,"51.14922,13.209082",40000,474,224
1785382805,2026-07-30T03:40:05Z,CES217,"51.099773,13.13131",40000,473,224
1785382837,2026-07-30T03:40:37Z,CES217,"51.050571,13.054099",40000,476,224
1785382869,2026-07-30T03:41:09Z,CES217,"51.000381,12.97553",40000,475,224
1785382900,2026-07-30T03:41:40Z,CES217,"50.951454,12.899314",40000,477,224
1785382931,2026-07-30T03:42:11Z,CES217,"50.902119,12.82255",40000,478,224
1785382963,2026-07-30T03:42:43Z,CES217,"50.852299,12.745461",40000,478,224
1785382994,2026-07-30T03:43:14Z,CES217,"50.802937,12.669387",40000,476,224
1785383026,2026-07-30T03:43:46Z,CES217,"50.752907,12.592444",40000,473,224
1785383058,2026-07-30T03:44:18Z,CES217,"50.703487,12.516879",40000,472,223
1785383089,2026-07-30T03:44:49Z,CES217,"50.65464,12.442513",40000,469,223
1785383121,2026-07-30T03:45:21Z,CES217,"50.605179,12.365605",40000,466,225
1785383153,2026-07-30T03:45:53Z,CES217,"50.558636,12.289474",40000,466,226
1785383184,2026-07-30T03:46:24Z,CES217,"50.511185,12.213183",40000,465,225
1785383216,2026-07-30T03:46:56Z,CES217,"50.463581,12.13736",40000,465,225
1785383247,2026-07-30T03:47:27Z,CES217,"50.415672,12.061434",40000,465,225
1785383279,2026-07-30T03:47:59Z,CES217,"50.367733,11.98548",40000,465,225
1785383311,2026-07-30T03:48:31Z,CES217,"50.319954,11.910237",40000,460,225
1785383342,2026-07-30T03:49:02Z,CES217,"50.272812,11.836033",40000,460,225
1785383374,2026-07-30T03:49:34Z,CES217,"50.225864,11.761983",40000,460,225
1785383405,2026-07-30T03:50:05Z,CES217,"50.179371,11.689012",40000,462,225
1785383437,2026-07-30T03:50:37Z,CES217,"50.131622,11.614564",40000,462,225
1785383468,2026-07-30T03:51:08Z,CES217,"50.083519,11.539523",40000,461,225
1785383500,2026-07-30T03:51:40Z,CES217,"50.035542,11.465014",40000,460,224
1785383531,2026-07-30T03:52:11Z,CES217,"49.989227,11.393326",40000,459,224
1785383563,2026-07-30T03:52:43Z,CES217,"49.941326,11.319869",40000,461,224
1785383594,2026-07-30T03:53:14Z,CES217,"49.893757,11.246881",40000,461,224
1785383626,2026-07-30T03:53:46Z,CES217,"49.845802,11.173267",40000,458,224
1785383657,2026-07-30T03:54:17Z,CES217,"49.799065,11.101318",40000,457,224
1785383689,2026-07-30T03:54:49Z,CES217,"49.75124,11.028157",40000,457,224
1785383720,2026-07-30T03:55:20Z,CES217,"49.704948,10.957482",40000,457,224
1785383752,2026-07-30T03:55:52Z,CES217,"49.657394,10.885048",40000,458,224
1785383783,2026-07-30T03:56:23Z,CES217,"49.609173,10.812217",40000,458,224
1785383815,2026-07-30T03:56:55Z,CES217,"49.561375,10.74017",40000,458,224
1785383847,2026-07-30T03:57:27Z,CES217,"49.513016,10.667543",40000,458,224
1785383879,2026-07-30T03:57:59Z,CES217,"49.464642,10.595061",40000,458,224
1785383911,2026-07-30T03:58:31Z,CES217,"49.416866,10.523706",40000,460,224
1785383942,2026-07-30T03:59:02Z,CES217,"49.36842,10.451804",40000,461,224
1785383974,2026-07-30T03:59:34Z,CES217,"49.319485,10.379479",40000,459,224
1785384006,2026-07-30T04:00:06Z,CES217,"49.271133,10.308242",40000,458,223
1785384038,2026-07-30T04:00:38Z,CES217,"49.221722,10.235785",40000,459,223
1785384069,2026-07-30T04:01:09Z,CES217,"49.173214,10.165533",40000,460,223
1785384101,2026-07-30T04:01:41Z,CES217,"49.123886,10.094371",40000,458,223
1785384134,2026-07-30T04:02:14Z,CES217,"49.074932,10.022546",40000,457,224
1785384165,2026-07-30T04:02:45Z,CES217,"49.026775,9.951598",40000,458,224
1785384197,2026-07-30T04:03:17Z,CES217,"48.977505,9.879186",40000,460,223
1785384228,2026-07-30T04:03:48Z,CES217,"48.929897,9.809735",40000,460,224
1785384260,2026-07-30T04:04:20Z,CES217,"48.881813,9.73954",40000,458,224
1785384292,2026-07-30T04:04:52Z,CES217,"48.832466,9.667441",40000,458,224
1785384324,2026-07-30T04:05:24Z,CES217,"48.783894,9.596797",40000,460,223
1785384355,2026-07-30T04:05:55Z,CES217,"48.73539,9.52679",40000,462,223
1785384386,2026-07-30T04:06:26Z,CES217,"48.687111,9.45752",40000,464,223
1785384417,2026-07-30T04:06:57Z,CES217,"48.638466,9.388095",40000,464,223
1785384449,2026-07-30T04:07:29Z,CES217,"48.58989,9.318973",40000,462,223
1785384480,2026-07-30T04:08:00Z,CES217,"48.541618,9.250492",40000,461,223
1785384511,2026-07-30T04:08:31Z,CES217,"48.49337,9.18214",40000,459,223
1785384542,2026-07-30T04:09:02Z,CES217,"48.445728,9.114981",39600,446,223
1785384573,2026-07-30T04:09:33Z,CES217,"48.399204,9.049796",39100,432,223
1785384604,2026-07-30T04:10:04Z,CES217,"48.353874,8.985798",38575,435,223
1785384635,2026-07-30T04:10:35Z,CES217,"48.307339,8.920468",38075,445,223
1785384667,2026-07-30T04:11:07Z,CES217,"48.260315,8.855209",37550,435,222
1785384698,2026-07-30T04:11:38Z,CES217,"48.214371,8.791397",37025,434,222
1785384729,2026-07-30T04:12:09Z,CES217,"48.168011,8.726861",36525,435,223
1785384761,2026-07-30T04:12:41Z,CES217,"48.120888,8.66134",36000,441,223
1785384792,2026-07-30T04:13:12Z,CES217,"48.073597,8.595968",35475,444,222
1785384824,2026-07-30T04:13:44Z,CES217,"48.025448,8.529597",35025,446,222
1785384856,2026-07-30T04:14:16Z,CES217,"47.977428,8.463707",35000,443,222
1785384887,2026-07-30T04:14:47Z,CES217,"47.929951,8.398607",35000,443,222
1785384918,2026-07-30T04:15:18Z,CES217,"47.883083,8.33461",35000,442,222
1785384949,2026-07-30T04:15:49Z,CES217,"47.835892,8.27035",35000,442,222
1785384981,2026-07-30T04:16:21Z,CES217,"47.78854,8.206074",34800,444,222
1785385012,2026-07-30T04:16:52Z,CES217,"47.740284,8.140826",34250,443,222
1785385044,2026-07-30T04:17:24Z,CES217,"47.692886,8.076784",33275,435,222
1785385077,2026-07-30T04:17:57Z,CES217,"47.645309,8.012759",32925,411,222
1785385108,2026-07-30T04:18:28Z,CES217,"47.602249,7.954774",32600,388,222
1785385139,2026-07-30T04:18:59Z,CES217,"47.561527,7.90008",31925,380,222
1785385170,2026-07-30T04:19:30Z,CES217,"47.52071,7.845237",31050,375,222
1785385202,2026-07-30T04:20:02Z,CES217,"47.480034,7.790979",30250,371,222
1785385234,2026-07-30T04:20:34Z,CES217,"47.439526,7.736855",29350,370,222
1785385265,2026-07-30T04:21:05Z,CES217,"47.399567,7.683515",28475,370,222
1785385297,2026-07-30T04:21:37Z,CES217,"47.359863,7.630745",27700,366,222
1785385328,2026-07-30T04:22:08Z,CES217,"47.320911,7.578493",26975,361,222
1785385359,2026-07-30T04:22:39Z,CES217,"47.281891,7.525965",26150,359,222
1785385390,2026-07-30T04:23:10Z,CES217,"47.244019,7.475798",25475,354,222
1785385421,2026-07-30T04:23:41Z,CES217,"47.205841,7.425242",25000,360,221
1785385452,2026-07-30T04:24:12Z,CES217,"47.167336,7.374235",24975,357,224
1785385465,2026-07-30T04:24:25Z,CES217,"47.153244,7.351814",24700,354,231
1785385469,2026-07-30T04:24:29Z,CES217,"47.149193,7.344227",24550,352,232
1785385471,2026-07-30T04:24:31Z,CES217,"47.147179,7.340394",24475,352,232
1785385473,2026-07-30T04:24:33Z,CES217,"47.14513,7.336383",24375,351,232
1785385475,2026-07-30T04:24:35Z,CES217,"47.143143,7.332616",24325,350,232
1785385477,2026-07-30T04:24:37Z,CES217,"47.141045,7.328571",24225,350,232
1785385508,2026-07-30T04:25:08Z,CES217,"47.110783,7.271117",22975,341,231
1785385539,2026-07-30T04:25:39Z,CES217,"47.08057,7.215779",21700,326,231
1785385570,2026-07-30T04:26:10Z,CES217,"47.052456,7.164565",21250,292,231
1785385602,2026-07-30T04:26:42Z,CES217,"47.026733,7.11747",20850,281,231
1785385633,2026-07-30T04:27:13Z,CES217,"47.000229,7.068795",19450,307,231
1785385665,2026-07-30T04:27:45Z,CES217,"46.970966,7.015451",18150,315,231
1785385697,2026-07-30T04:28:17Z,CES217,"46.942204,6.962773",16600,311,231
1785385729,2026-07-30T04:28:49Z,CES217,"46.913441,6.911113",15075,309,223
1785385731,2026-07-30T04:28:51Z,CES217,"46.911232,6.908059",14950,309,219
1785385733,2026-07-30T04:28:53Z,CES217,"46.909023,6.90545",14850,309,216
1785385735,2026-07-30T04:28:55Z,CES217,"46.90667,6.902956",14750,310,212
1785385737,2026-07-30T04:28:57Z,CES217,"46.904114,6.900665",14650,310,209
1785385739,2026-07-30T04:28:59Z,CES217,"46.901222,6.898378",14550,310,206
1785385741,2026-07-30T04:29:01Z,CES217,"46.89856,6.896612",14425,310,203
1785385743,2026-07-30T04:29:03Z,CES217,"46.895794,6.894896",14325,310,202
1785385745,2026-07-30T04:29:05Z,CES217,"46.892944,6.893124",14225,312,201
1785385747,2026-07-30T04:29:07Z,CES217,"46.890259,6.891711",14100,311,200
1785385750,2026-07-30T04:29:10Z,CES217,"46.887215,6.89005",14000,311,200
1785385752,2026-07-30T04:29:12Z,CES217,"46.884491,6.888526",13900,311,200
1785385754,2026-07-30T04:29:14Z,CES217,"46.88155,6.886965",13825,312,200
1785385756,2026-07-30T04:29:16Z,CES217,"46.878609,6.885396",13725,310,200
1785385758,2026-07-30T04:29:18Z,CES217,"46.875565,6.88372",13625,310,200
1785385760,2026-07-30T04:29:20Z,CES217,"46.873077,6.88231",13550,309,200
1785385762,2026-07-30T04:29:22Z,CES217,"46.870312,6.880836",13475,308,200
1785385764,2026-07-30T04:29:24Z,CES217,"46.867439,6.879234",13375,307,201
1785385766,2026-07-30T04:29:26Z,CES217,"46.864681,6.877725",13300,308,201
1785385798,2026-07-30T04:29:58Z,CES217,"46.823242,6.853035",12400,308,202
1785385829,2026-07-30T04:30:29Z,CES217,"46.781727,6.827689",11575,309,202
1785385842,2026-07-30T04:30:42Z,CES217,"46.764893,6.817494",11300,310,202
1785385857,2026-07-30T04:30:57Z,CES217,"46.745426,6.805768",11050,306,202
1785385871,2026-07-30T04:31:11Z,CES217,"46.726494,6.794628",11000,295,202
1785385886,2026-07-30T04:31:26Z,CES217,"46.70866,6.784022",11000,283,202
1785385898,2026-07-30T04:31:38Z,CES217,"46.693752,6.775174",11000,272,202
1785385911,2026-07-30T04:31:51Z,CES217,"46.679268,6.766745",11000,260,202
1785385925,2026-07-30T04:32:05Z,CES217,"46.662998,6.756837",11000,249,205
1785385932,2026-07-30T04:32:12Z,CES217,"46.656807,6.751993",11000,244,215
1785385934,2026-07-30T04:32:14Z,CES217,"46.654896,6.750041",11000,243,219
1785385936,2026-07-30T04:32:16Z,CES217,"46.653164,6.747901",11000,242,222
1785385938,2026-07-30T04:32:18Z,CES217,"46.65144,6.745403",11000,242,225
1785385940,2026-07-30T04:32:20Z,CES217,"46.649822,6.743047",11000,242,227
1785385942,2026-07-30T04:32:22Z,CES217,"46.64822,6.740404",11000,241,228
1785385944,2026-07-30T04:32:24Z,CES217,"46.64682,6.73808",11000,241,229
1785385946,2026-07-30T04:32:26Z,CES217,"46.645256,6.735452",11000,240,230
1785385948,2026-07-30T04:32:28Z,CES217,"46.643814,6.732849",11000,240,230
1785385950,2026-07-30T04:32:30Z,CES217,"46.642292,6.730155",11000,240,230
1785385953,2026-07-30T04:32:33Z,CES217,"46.640831,6.727575",11000,240,230
1785385955,2026-07-30T04:32:35Z,CES217,"46.639194,6.724689",11000,239,230
1785385957,2026-07-30T04:32:37Z,CES217,"46.637703,6.72199",11000,237,230
1785385959,2026-07-30T04:32:39Z,CES217,"46.63625,6.719364",11025,236,229
1785385961,2026-07-30T04:32:41Z,CES217,"46.634739,6.71691",11025,234,229
1785385963,2026-07-30T04:32:43Z,CES217,"46.633286,6.714451",11000,232,229
1785385978,2026-07-30T04:32:58Z,CES217,"46.62328,6.697762",10975,220,228
1785385990,2026-07-30T04:33:10Z,CES217,"46.61496,6.683957",10750,216,231
1785386003,2026-07-30T04:33:23Z,CES217,"46.607346,6.668764",10375,222,235
1785386018,2026-07-30T04:33:38Z,CES217,"46.598927,6.650092",9975,226,237
1785386030,2026-07-30T04:33:50Z,CES217,"46.59161,6.633913",9725,226,235
1785386043,2026-07-30T04:34:03Z,CES217,"46.583473,6.618554",9475,227,229
1785386056,2026-07-30T04:34:16Z,CES217,"46.574574,6.603718",9250,226,228
1785386071,2026-07-30T04:34:31Z,CES217,"46.564522,6.587232",8950,226,228
1785386083,2026-07-30T04:34:43Z,CES217,"46.555737,6.573117",8675,227,226
1785386098,2026-07-30T04:34:58Z,CES217,"46.544853,6.556711",8425,226,225
1785386110,2026-07-30T04:35:10Z,CES217,"46.535442,6.543139",8175,224,225
1785386123,2026-07-30T04:35:23Z,CES217,"46.526279,6.530188",7925,224,224
1785386138,2026-07-30T04:35:38Z,CES217,"46.515247,6.514634",7600,225,223
1785386150,2026-07-30T04:35:50Z,CES217,"46.5056,6.501186",7350,225,223
1785386163,2026-07-30T04:36:03Z,CES217,"46.495956,6.488012",7200,219,223
1785386178,2026-07-30T04:36:18Z,CES217,"46.48521,6.473577",7100,210,223
1785386193,2026-07-30T04:36:33Z,CES217,"46.475113,6.459465",6925,204,224
1785386206,2026-07-30T04:36:46Z,CES217,"46.466362,6.447098",6800,205,224
1785386220,2026-07-30T04:37:00Z,CES217,"46.456169,6.432734",6675,207,226
1785386233,2026-07-30T04:37:13Z,CES217,"46.447994,6.41948",6475,206,228
1785386248,2026-07-30T04:37:28Z,CES217,"46.438526,6.404572",6200,206,227
1785386263,2026-07-30T04:37:43Z,CES217,"46.428726,6.389799",5950,206,225
1785386275,2026-07-30T04:37:55Z,CES217,"46.420406,6.377594",5725,205,225
1785386288,2026-07-30T04:38:08Z,CES217,"46.411907,6.365383",5475,205,225
1785386302,2026-07-30T04:38:22Z,CES217,"46.402348,6.351137",5225,197,226
1785386315,2026-07-30T04:38:35Z,CES217,"46.394497,6.33918",5000,192,225
1785386328,2026-07-30T04:38:48Z,CES217,"46.386429,6.327606",4775,190,225
1785386337,2026-07-30T04:38:57Z,CES217,"46.381027,6.319315",4625,190,225
1785386343,2026-07-30T04:39:03Z,CES217,"46.377213,6.313763",4550,188,225
1785386351,2026-07-30T04:39:11Z,CES217,"46.371971,6.306279",4400,183,225
1785386360,2026-07-30T04:39:20Z,CES217,"46.367123,6.298972",4275,179,225
1785386368,2026-07-30T04:39:28Z,CES217,"46.362156,6.291671",4150,175,225
1785386377,2026-07-30T04:39:37Z,CES217,"46.357445,6.284621",4025,171,225
1785386385,2026-07-30T04:39:45Z,CES217,"46.353046,6.277839",3900,165,225
1785386394,2026-07-30T04:39:54Z,CES217,"46.348366,6.271452",3775,160,225
1785386400,2026-07-30T04:40:00Z,CES217,"46.345177,6.266641",3700,156,225
1785386408,2026-07-30T04:40:08Z,CES217,"46.341022,6.260329",3575,154,225
1785386415,2026-07-30T04:40:15Z,CES217,"46.337685,6.255624",3500,154,225
1785386423,2026-07-30T04:40:23Z,CES217,"46.333294,6.249469",3375,154,225
1785386430,2026-07-30T04:40:30Z,CES217,"46.330204,6.244768",3300,154,225
1785386438,2026-07-30T04:40:38Z,CES217,"46.326035,6.238704",3200,152,225
1785386447,2026-07-30T04:40:47Z,CES217,"46.321842,6.232549",3075,152,225
1785386453,2026-07-30T04:40:53Z,CES217,"46.318726,6.227757",3000,152,225
1785386462,2026-07-30T04:41:02Z,CES217,"46.314369,6.221282",2875,151,226
1785386468,2026-07-30T04:41:08Z,CES217,"46.311375,6.21681",2800,151,226
1785386476,2026-07-30T04:41:16Z,CES217,"46.30719,6.210546",2700,151,225
1785386483,2026-07-30T04:41:23Z,CES217,"46.304066,6.205968",2600,149,225
1785386491,2026-07-30T04:41:31Z,CES217,"46.299812,6.199914",2500,149,225
1785386498,2026-07-30T04:41:38Z,CES217,"46.296814,6.195374",2425,151,225
1785386506,2026-07-30T04:41:46Z,CES217,"46.292538,6.189197",2300,154,225
1785386515,2026-07-30T04:41:55Z,CES217,"46.288204,6.183011",2200,156,225
1785386523,2026-07-30T04:42:03Z,CES217,"46.284096,6.176822",2100,154,225
1785386532,2026-07-30T04:42:12Z,CES217,"46.279926,6.170532",1975,153,225
1785386538,2026-07-30T04:42:18Z,CES217,"46.276699,6.165835",1900,152,225
1785386547,2026-07-30T04:42:27Z,CES217,"46.271767,6.158663",1775,151,225
1785386557,2026-07-30T04:42:37Z,CES217,"46.267384,6.151913",1650,154,225
1785386564,2026-07-30T04:42:44Z,CES217,"46.266987,6.144177",1550,155,225
1785386571,2026-07-30T04:42:51Z,CES217,"46.263855,6.139885",1475,155,225
1785386579,2026-07-30T04:42:59Z,CES217,"46.25927,6.133727",1350,154,225
1785386595,2026-07-30T04:43:15Z,CES217,"46.260075,6.149391",1150,152,225
