<?xml version="1.0" encoding="UTF-8"?>
<gpx xmlns="http://www.topografix.com/GPX/1/1" xmlns:xsi="http://www.w3.org/2001/XMLSchema-instance" xsi:schemaLocation="http://www.topografix.com/GPX/1/1 http://www.topografix.com/GPX/1/1/gpx.xsd" version="1.1" creator="gpx.py -- https://github.com/tkrajina/gpxpy">
  <metadata>
    <name>1790228488.Thursday_Morning_Cycle</name>
    <time>2026-09-24T05:41:28Z</time>
    <keywords>20306416013</keywords>
  </metadata>
  <trk>
    <name>1790228488.Thursday_Morning_Cycle</name>
    <cmt>2026-09-24</cmt>
    <type>Ride</type>
    <trkseg>
      <trkpt lat="46.331674" lon="6.194306">
        <ele>396.9</ele>
        <time>2026-09-24T05:41:28Z</time>
      </trkpt>
      <trkpt lat="46.331674" lon="6.194306">
        <ele>396.9</ele>
        <time>2026-09-24T05:41:41Z</time>
      </trkpt>
      <trkpt lat="46.331674" lon="6.194306">
        <ele>396.9</ele>
        <time>2026-09-24T05:41:45Z</time>
      </trkpt>
      <trkpt lat="46.331667" lon="6.194251">
        <ele>396.8</ele>
        <time>2026-09-24T05:41:47Z</time>
      </trkpt>
      <trkpt lat="46.331674" lon="6.194306">
        <ele>396.8</ele>
        <time>2026-09-24T05:41:50Z</time>
      </trkpt>
      <trkpt lat="46.331674" lon="6.194306">
        <ele>396.8</ele>
        <time>2026-09-24T05:41:54Z</time>
      </trkpt>
      <trkpt lat="46.331674" lon="6.194306">
        <ele>396.8</ele>
        <time>2026-09-24T05:41:57Z</time>
      </trkpt>
      <trkpt lat="46.331792" lon="6.194222">
        <ele>396.7</ele>
        <time>2026-09-24T05:42:00Z</time>
      </trkpt>
      <trkpt lat="46.331746" lon="6.194249">
        <ele>396.7</ele>
        <time>2026-09-24T05:42:06Z</time>
      </trkpt>
      <trkpt lat="46.331778" lon="6.194223">
        <ele>396.6</ele>
        <time>2026-09-24T05:42:07Z</time>
      </trkpt>
      <trkpt lat="46.331769" lon="6.194259">
        <ele>396.6</ele>
        <time>2026-09-24T05:42:08Z</time>
      </trkpt>
      <trkpt lat="46.331779" lon="6.194273">
        <ele>396.6</ele>
        <time>2026-09-24T05:42:09Z</time>
      </trkpt>
      <trkpt lat="46.331779" lon="6.194296">
        <ele>396.6</ele>
        <time>2026-09-24T05:42:10Z</time>
      </trkpt>
      <trkpt lat="46.331782" lon="6.194318">
        <ele>396.6</ele>
        <time>2026-09-24T05:42:11Z</time>
      </trkpt>
      <trkpt lat="46.331792" lon="6.194328">
        <ele>396.6</ele>
        <time>2026-09-24T05:42:12Z</time>
      </trkpt>
      <trkpt lat="46.331796" lon="6.194336">
        <ele>396.6</ele>
        <time>2026-09-24T05:42:13Z</time>
      </trkpt>
      <trkpt lat="46.331799" lon="6.194344">
        <ele>396.6</ele>
        <time>2026-09-24T05:42:14Z</time>
      </trkpt>
      <trkpt lat="46.331802" lon="6.194353">
        <ele>396.6</ele>
        <time>2026-09-24T05:42:15Z</time>
      </trkpt>
      <trkpt lat="46.331805" lon="6.194352">
        <ele>396.6</ele>
        <time>2026-09-24T05:42:16Z</time>
      </trkpt>
      <trkpt lat="46.331806" lon="6.194355">
        <ele>396.6</ele>
        <time>2026-09-24T05:42:17Z</time>
      </trkpt>
      <trkpt lat="46.331804" lon="6.194369">
        <ele>396.6</ele>
        <time>2026-09-24T05:42:18Z</time>
      </trkpt>
      <trkpt lat="46.331798" lon="6.194391">
        <ele>396.5</ele>
        <time>2026-09-24T05:42:19Z</time>
      </trkpt>
      <trkpt lat="46.331795" lon="6.194411">
        <ele>396.5</ele>
        <time>2026-09-24T05:42:20Z</time>
      </trkpt>
      <trkpt lat="46.331789" lon="6.194431">
        <ele>396.5</ele>
        <time>2026-09-24T05:42:21Z</time>
      </trkpt>
      <trkpt lat="46.33178" lon="6.194456">
        <ele>396.5</ele>
        <time>2026-09-24T05:42:22Z</time>
      </trkpt>
      <trkpt lat="46.331767" lon="6.194487">
        <ele>396.5</ele>
        <time>2026-09-24T05:42:23Z</time>
      </trkpt>
      <trkpt lat="46.331759" lon="6.194522">
        <ele>396.5</ele>
        <time>2026-09-24T05:42:24Z</time>
      </trkpt>
      <trkpt lat="46.331747" lon="6.194562">
        <ele>396.5</ele>
        <time>2026-09-24T05:42:25Z</time>
      </trkpt>
      <trkpt lat="46.331728" lon="6.194605">
        <ele>396.4</ele>
        <time>2026-09-24T05:42:26Z</time>
      </trkpt>
      <trkpt lat="46.331706" lon="6.194641">
        <ele>396.4</ele>
        <time>2026-09-24T05:42:27Z</time>
      </trkpt>
      <trkpt lat="46.331681" lon="6.194676">
        <ele>396.4</ele>
        <time>2026-09-24T05:42:28Z</time>
      </trkpt>
      <trkpt lat="46.331645" lon="6.194711">
        <ele>396.4</ele>
        <time>2026-09-24T05:42:29Z</time>
      </trkpt>
      <trkpt lat="46.331596" lon="6.194729">
        <ele>396.4</ele>
        <time>2026-09-24T05:42:30Z</time>
      </trkpt>
      <trkpt lat="46.331544" lon="6.194703">
        <ele>396.4</ele>
        <time>2026-09-24T05:42:31Z</time>
      </trkpt>
      <trkpt lat="46.331499" lon="6.194687">
        <ele>396.4</ele>
        <time>2026-09-24T05:42:32Z</time>
      </trkpt>
      <trkpt lat="46.331454" lon="6.194658">
        <ele>396.5</ele>
        <time>2026-09-24T05:42:33Z</time>
      </trkpt>
      <trkpt lat="46.331406" lon="6.194633">
        <ele>396.5</ele>
        <time>2026-09-24T05:42:34Z</time>
      </trkpt>
      <trkpt lat="46.331354" lon="6.194615">
        <ele>396.5</ele>
        <time>2026-09-24T05:42:35Z</time>
      </trkpt>
      <trkpt lat="46.331301" lon="6.194596">
        <ele>396.6</ele>
        <time>2026-09-24T05:42:36Z</time>
      </trkpt>
      <trkpt lat="46.331255" lon="6.194584">
        <ele>396.6</ele>
        <time>2026-09-24T05:42:37Z</time>
      </trkpt>
      <trkpt lat="46.331201" lon="6.194562">
        <ele>396.6</ele>
        <time>2026-09-24T05:42:38Z</time>
      </trkpt>
      <trkpt lat="46.331148" lon="6.194534">
        <ele>396.7</ele>
        <time>2026-09-24T05:42:39Z</time>
      </trkpt>
      <trkpt lat="46.33109" lon="6.194514">
        <ele>396.8</ele>
        <time>2026-09-24T05:42:40Z</time>
      </trkpt>
      <trkpt lat="46.331034" lon="6.194495">
        <ele>396.8</ele>
        <time>2026-09-24T05:42:41Z</time>
      </trkpt>
      <trkpt lat="46.330981" lon="6.194472">
        <ele>396.9</ele>
        <time>2026-09-24T05:42:42Z</time>
      </trkpt>
      <trkpt lat="46.330932" lon="6.194444">
        <ele>396.9</ele>
        <time>2026-09-24T05:42:43Z</time>
      </trkpt>
      <trkpt lat="46.330882" lon="6.194411">
        <ele>397.0</ele>
        <time>2026-09-24T05:42:44Z</time>
      </trkpt>
      <trkpt lat="46.330832" lon="6.194372">
        <ele>397.0</ele>
        <time>2026-09-24T05:42:45Z</time>
      </trkpt>
      <trkpt lat="46.330784" lon="6.194336">
        <ele>397.0</ele>
        <time>2026-09-24T05:42:46Z</time>
      </trkpt>
      <trkpt lat="46.330736" lon="6.194312">
        <ele>397.1</ele>
        <time>2026-09-24T05:42:47Z</time>
      </trkpt>
      <trkpt lat="46.330691" lon="6.194292">
        <ele>397.1</ele>
        <time>2026-09-24T05:42:48Z</time>
      </trkpt>
      <trkpt lat="46.330644" lon="6.194267">
        <ele>397.1</ele>
        <time>2026-09-24T05:42:49Z</time>
      </trkpt>
      <trkpt lat="46.330594" lon="6.194237">
        <ele>397.2</ele>
        <time>2026-09-24T05:42:50Z</time>
      </trkpt>
      <trkpt lat="46.330548" lon="6.194221">
        <ele>397.2</ele>
        <time>2026-09-24T05:42:51Z</time>
      </trkpt>
      <trkpt lat="46.330502" lon="6.1942">
        <ele>397.3</ele>
        <time>2026-09-24T05:42:52Z</time>
      </trkpt>
      <trkpt lat="46.330457" lon="6.194177">
        <ele>397.3</ele>
        <time>2026-09-24T05:42:53Z</time>
      </trkpt>
      <trkpt lat="46.330411" lon="6.194161">
        <ele>397.3</ele>
        <time>2026-09-24T05:42:54Z</time>
      </trkpt>
      <trkpt lat="46.330366" lon="6.194135">
        <ele>397.3</ele>
        <time>2026-09-24T05:42:55Z</time>
      </trkpt>
      <trkpt lat="46.330322" lon="6.19411">
        <ele>397.4</ele>
        <time>2026-09-24T05:42:56Z</time>
      </trkpt>
      <trkpt lat="46.330282" lon="6.19408">
        <ele>397.4</ele>
        <time>2026-09-24T05:42:57Z</time>
      </trkpt>
      <trkpt lat="46.33024" lon="6.194049">
        <ele>397.4</ele>
        <time>2026-09-24T05:42:58Z</time>
      </trkpt>
      <trkpt lat="46.330197" lon="6.194021">
        <ele>397.5</ele>
        <time>2026-09-24T05:42:59Z</time>
      </trkpt>
      <trkpt lat="46.330156" lon="6.193993">
        <ele>397.5</ele>
        <time>2026-09-24T05:43:00Z</time>
      </trkpt>
      <trkpt lat="46.330121" lon="6.193945">
        <ele>397.5</ele>
        <time>2026-09-24T05:43:01Z</time>
      </trkpt>
      <trkpt lat="46.330105" lon="6.193871">
        <ele>397.6</ele>
        <time>2026-09-24T05:43:02Z</time>
      </trkpt>
      <trkpt lat="46.330107" lon="6.193795">
        <ele>397.6</ele>
        <time>2026-09-24T05:43:03Z</time>
      </trkpt>
      <trkpt lat="46.330125" lon="6.193731">
        <ele>397.6</ele>
        <time>2026-09-24T05:43:04Z</time>
      </trkpt>
      <trkpt lat="46.330134" lon="6.193665">
        <ele>397.6</ele>
        <time>2026-09-24T05:43:05Z</time>
      </trkpt>
      <trkpt lat="46.330136" lon="6.193597">
        <ele>397.7</ele>
        <time>2026-09-24T05:43:06Z</time>
      </trkpt>
      <trkpt lat="46.330142" lon="6.19353">
        <ele>397.7</ele>
        <time>2026-09-24T05:43:07Z</time>
      </trkpt>
      <trkpt lat="46.330152" lon="6.193467">
        <ele>397.7</ele>
        <time>2026-09-24T05:43:08Z</time>
      </trkpt>
      <trkpt lat="46.330161" lon="6.193406">
        <ele>397.8</ele>
        <time>2026-09-24T05:43:09Z</time>
      </trkpt>
      <trkpt lat="46.330168" lon="6.193343">
        <ele>397.8</ele>
        <time>2026-09-24T05:43:10Z</time>
      </trkpt>
      <trkpt lat="46.330173" lon="6.19328">
        <ele>397.9</ele>
        <time>2026-09-24T05:43:11Z</time>
      </trkpt>
      <trkpt lat="46.330178" lon="6.193225">
        <ele>397.9</ele>
        <time>2026-09-24T05:43:12Z</time>
      </trkpt>
      <trkpt lat="46.33018" lon="6.193172">
        <ele>398.0</ele>
        <time>2026-09-24T05:43:13Z</time>
      </trkpt>
      <trkpt lat="46.330201" lon="6.193133">
        <ele>398.0</ele>
        <time>2026-09-24T05:43:14Z</time>
      </trkpt>
      <trkpt lat="46.330234" lon="6.193105">
        <ele>398.2</ele>
        <time>2026-09-24T05:43:15Z</time>
      </trkpt>
      <trkpt lat="46.330274" lon="6.193083">
        <ele>398.4</ele>
        <time>2026-09-24T05:43:16Z</time>
      </trkpt>
      <trkpt lat="46.330309" lon="6.193061">
        <ele>398.6</ele>
        <time>2026-09-24T05:43:17Z</time>
      </trkpt>
      <trkpt lat="46.330341" lon="6.193033">
        <ele>398.7</ele>
        <time>2026-09-24T05:43:18Z</time>
      </trkpt>
      <trkpt lat="46.33037" lon="6.193">
        <ele>398.9</ele>
        <time>2026-09-24T05:43:19Z</time>
      </trkpt>
      <trkpt lat="46.330399" lon="6.192964">
        <ele>399.1</ele>
        <time>2026-09-24T05:43:20Z</time>
      </trkpt>
      <trkpt lat="46.330424" lon="6.192929">
        <ele>399.3</ele>
        <time>2026-09-24T05:43:21Z</time>
      </trkpt>
      <trkpt lat="46.330449" lon="6.192892">
        <ele>399.5</ele>
        <time>2026-09-24T05:43:22Z</time>
      </trkpt>
      <trkpt lat="46.330472" lon="6.192854">
        <ele>399.7</ele>
        <time>2026-09-24T05:43:23Z</time>
      </trkpt>
      <trkpt lat="46.330492" lon="6.192814">
        <ele>399.8</ele>
        <time>2026-09-24T05:43:24Z</time>
      </trkpt>
      <trkpt lat="46.330511" lon="6.192771">
        <ele>400.0</ele>
        <time>2026-09-24T05:43:25Z</time>
      </trkpt>
      <trkpt lat="46.33053" lon="6.192729">
        <ele>400.2</ele>
        <time>2026-09-24T05:43:26Z</time>
      </trkpt>
      <trkpt lat="46.330549" lon="6.192686">
        <ele>400.4</ele>
        <time>2026-09-24T05:43:27Z</time>
      </trkpt>
      <trkpt lat="46.330569" lon="6.192644">
        <ele>400.6</ele>
        <time>2026-09-24T05:43:28Z</time>
      </trkpt>
      <trkpt lat="46.330586" lon="6.192604">
        <ele>400.8</ele>
        <time>2026-09-24T05:43:29Z</time>
      </trkpt>
      <trkpt lat="46.330602" lon="6.192563">
        <ele>401.0</ele>
        <time>2026-09-24T05:43:30Z</time>
      </trkpt>
      <trkpt lat="46.330619" lon="6.192522">
        <ele>401.2</ele>
        <time>2026-09-24T05:43:31Z</time>
      </trkpt>
      <trkpt lat="46.330639" lon="6.192482">
        <ele>401.3</ele>
        <time>2026-09-24T05:43:32Z</time>
      </trkpt>
      <trkpt lat="46.330656" lon="6.192438">
        <ele>401.5</ele>
        <time>2026-09-24T05:43:33Z</time>
      </trkpt>
      <trkpt lat="46.330676" lon="6.192395">
        <ele>401.7</ele>
        <time>2026-09-24T05:43:34Z</time>
      </trkpt>
      <trkpt lat="46.330691" lon="6.192353">
        <ele>401.9</ele>
        <time>2026-09-24T05:43:35Z</time>
      </trkpt>
      <trkpt lat="46.330706" lon="6.192306">
        <ele>402.0</ele>
        <time>2026-09-24T05:43:36Z</time>
      </trkpt>
      <trkpt lat="46.330726" lon="6.192258">
        <ele>402.2</ele>
        <time>2026-09-24T05:43:37Z</time>
      </trkpt>
      <trkpt lat="46.330742" lon="6.192214">
        <ele>402.3</ele>
        <time>2026-09-24T05:43:38Z</time>
      </trkpt>
      <trkpt lat="46.330758" lon="6.192171">
        <ele>402.4</ele>
        <time>2026-09-24T05:43:39Z</time>
      </trkpt>
      <trkpt lat="46.330773" lon="6.192124">
        <ele>402.5</ele>
        <time>2026-09-24T05:43:40Z</time>
      </trkpt>
      <trkpt lat="46.330782" lon="6.192074">
        <ele>402.6</ele>
        <time>2026-09-24T05:43:41Z</time>
      </trkpt>
      <trkpt lat="46.330789" lon="6.192019">
        <ele>402.7</ele>
        <time>2026-09-24T05:43:42Z</time>
      </trkpt>
      <trkpt lat="46.330787" lon="6.191959">
        <ele>402.7</ele>
        <time>2026-09-24T05:43:43Z</time>
      </trkpt>
      <trkpt lat="46.330769" lon="6.191901">
        <ele>402.8</ele>
        <time>2026-09-24T05:43:44Z</time>
      </trkpt>
      <trkpt lat="46.330733" lon="6.191858">
        <ele>402.7</ele>
        <time>2026-09-24T05:43:45Z</time>
      </trkpt>
      <trkpt lat="46.33069" lon="6.191839">
        <ele>402.6</ele>
        <time>2026-09-24T05:43:46Z</time>
      </trkpt>
      <trkpt lat="46.330651" lon="6.191837">
        <ele>402.6</ele>
        <time>2026-09-24T05:43:47Z</time>
      </trkpt>
      <trkpt lat="46.33062" lon="6.191842">
        <ele>402.5</ele>
        <time>2026-09-24T05:43:48Z</time>
      </trkpt>
      <trkpt lat="46.330596" lon="6.191844">
        <ele>402.5</ele>
        <time>2026-09-24T05:43:49Z</time>
      </trkpt>
      <trkpt lat="46.330578" lon="6.191841">
        <ele>402.4</ele>
        <time>2026-09-24T05:43:50Z</time>
      </trkpt>
      <trkpt lat="46.330566" lon="6.191838">
        <ele>402.4</ele>
        <time>2026-09-24T05:43:51Z</time>
      </trkpt>
      <trkpt lat="46.330562" lon="6.191838">
        <ele>402.4</ele>
        <time>2026-09-24T05:43:52Z</time>
      </trkpt>
      <trkpt lat="46.330561" lon="6.191833">
        <ele>402.4</ele>
        <time>2026-09-24T05:43:53Z</time>
      </trkpt>
      <trkpt lat="46.330557" lon="6.191827">
        <ele>402.4</ele>
        <time>2026-09-24T05:43:54Z</time>
      </trkpt>
      <trkpt lat="46.330553" lon="6.191826">
        <ele>402.4</ele>
        <time>2026-09-24T05:43:55Z</time>
      </trkpt>
      <trkpt lat="46.330548" lon="6.191823">
        <ele>402.4</ele>
        <time>2026-09-24T05:43:56Z</time>
      </trkpt>
      <trkpt lat="46.330546" lon="6.191823">
        <ele>402.4</ele>
        <time>2026-09-24T05:43:57Z</time>
      </trkpt>
      <trkpt lat="46.330545" lon="6.191824">
        <ele>402.4</ele>
        <time>2026-09-24T05:43:58Z</time>
      </trkpt>
      <trkpt lat="46.330539" lon="6.191823">
        <ele>402.3</ele>
        <time>2026-09-24T05:43:59Z</time>
      </trkpt>
      <trkpt lat="46.330535" lon="6.191822">
        <ele>402.3</ele>
        <time>2026-09-24T05:44:00Z</time>
      </trkpt>
      <trkpt lat="46.33053" lon="6.191822">
        <ele>402.3</ele>
        <time>2026-09-24T05:44:01Z</time>
      </trkpt>
      <trkpt lat="46.330534" lon="6.191826">
        <ele>402.3</ele>
        <time>2026-09-24T05:44:02Z</time>
      </trkpt>
      <trkpt lat="46.330534" lon="6.191825">
        <ele>402.3</ele>
        <time>2026-09-24T05:44:03Z</time>
      </trkpt>
      <trkpt lat="46.330535" lon="6.191826">
        <ele>402.3</ele>
        <time>2026-09-24T05:44:04Z</time>
      </trkpt>
      <trkpt lat="46.330531" lon="6.191828">
        <ele>402.3</ele>
        <time>2026-09-24T05:44:05Z</time>
      </trkpt>
      <trkpt lat="46.33051" lon="6.191825">
        <ele>402.3</ele>
        <time>2026-09-24T05:44:06Z</time>
      </trkpt>
      <trkpt lat="46.330489" lon="6.191816">
        <ele>402.3</ele>
        <time>2026-09-24T05:44:07Z</time>
      </trkpt>
      <trkpt lat="46.330473" lon="6.191813">
        <ele>402.2</ele>
        <time>2026-09-24T05:44:08Z</time>
      </trkpt>
      <trkpt lat="46.33046" lon="6.191813">
        <ele>402.2</ele>
        <time>2026-09-24T05:44:09Z</time>
      </trkpt>
      <trkpt lat="46.330457" lon="6.191809">
        <ele>402.2</ele>
        <time>2026-09-24T05:44:10Z</time>
      </trkpt>
      <trkpt lat="46.330461" lon="6.191811">
        <ele>402.2</ele>
        <time>2026-09-24T05:44:11Z</time>
      </trkpt>
      <trkpt lat="46.330462" lon="6.191809">
        <ele>402.2</ele>
        <time>2026-09-24T05:44:12Z</time>
      </trkpt>
      <trkpt lat="46.330456" lon="6.19181">
        <ele>402.2</ele>
        <time>2026-09-24T05:44:13Z</time>
      </trkpt>
      <trkpt lat="46.330434" lon="6.191809">
        <ele>402.2</ele>
        <time>2026-09-24T05:44:14Z</time>
      </trkpt>
      <trkpt lat="46.330405" lon="6.191806">
        <ele>402.2</ele>
        <time>2026-09-24T05:44:15Z</time>
      </trkpt>
      <trkpt lat="46.330362" lon="6.191805">
        <ele>402.2</ele>
        <time>2026-09-24T05:44:16Z</time>
      </trkpt>
      <trkpt lat="46.330314" lon="6.191811">
        <ele>402.1</ele>
        <time>2026-09-24T05:44:17Z</time>
      </trkpt>
      <trkpt lat="46.330267" lon="6.191807">
        <ele>402.0</ele>
        <time>2026-09-24T05:44:18Z</time>
      </trkpt>
      <trkpt lat="46.330215" lon="6.191782">
        <ele>402.0</ele>
        <time>2026-09-24T05:44:19Z</time>
      </trkpt>
      <trkpt lat="46.330162" lon="6.19175">
        <ele>401.9</ele>
        <time>2026-09-24T05:44:20Z</time>
      </trkpt>
      <trkpt lat="46.330114" lon="6.191712">
        <ele>401.9</ele>
        <time>2026-09-24T05:44:21Z</time>
      </trkpt>
      <trkpt lat="46.330065" lon="6.191665">
        <ele>401.8</ele>
        <time>2026-09-24T05:44:22Z</time>
      </trkpt>
      <trkpt lat="46.330016" lon="6.191607">
        <ele>401.8</ele>
        <time>2026-09-24T05:44:23Z</time>
      </trkpt>
      <trkpt lat="46.32997" lon="6.191551">
        <ele>401.8</ele>
        <time>2026-09-24T05:44:24Z</time>
      </trkpt>
      <trkpt lat="46.329923" lon="6.191498">
        <ele>401.9</ele>
        <time>2026-09-24T05:44:25Z</time>
      </trkpt>
      <trkpt lat="46.329877" lon="6.191448">
        <ele>402.0</ele>
        <time>2026-09-24T05:44:26Z</time>
      </trkpt>
      <trkpt lat="46.329829" lon="6.191397">
        <ele>402.0</ele>
        <time>2026-09-24T05:44:27Z</time>
      </trkpt>
      <trkpt lat="46.329784" lon="6.191352">
        <ele>402.1</ele>
        <time>2026-09-24T05:44:28Z</time>
      </trkpt>
      <trkpt lat="46.329734" lon="6.191301">
        <ele>402.2</ele>
        <time>2026-09-24T05:44:29Z</time>
      </trkpt>
      <trkpt lat="46.329685" lon="6.191261">
        <ele>402.2</ele>
        <time>2026-09-24T05:44:30Z</time>
      </trkpt>
      <trkpt lat="46.329645" lon="6.191204">
        <ele>402.3</ele>
        <time>2026-09-24T05:44:31Z</time>
      </trkpt>
      <trkpt lat="46.32961" lon="6.191138">
        <ele>402.4</ele>
        <time>2026-09-24T05:44:32Z</time>
      </trkpt>
      <trkpt lat="46.329569" lon="6.191079">
        <ele>402.5</ele>
        <time>2026-09-24T05:44:33Z</time>
      </trkpt>
      <trkpt lat="46.329521" lon="6.191038">
        <ele>402.7</ele>
        <time>2026-09-24T05:44:34Z</time>
      </trkpt>
      <trkpt lat="46.329472" lon="6.190995">
        <ele>402.8</ele>
        <time>2026-09-24T05:44:35Z</time>
      </trkpt>
      <trkpt lat="46.329427" lon="6.190952">
        <ele>402.9</ele>
        <time>2026-09-24T05:44:36Z</time>
      </trkpt>
      <trkpt lat="46.329383" lon="6.190905">
        <ele>403.0</ele>
        <time>2026-09-24T05:44:37Z</time>
      </trkpt>
      <trkpt lat="46.329342" lon="6.190862">
        <ele>403.2</ele>
        <time>2026-09-24T05:44:38Z</time>
      </trkpt>
      <trkpt lat="46.329302" lon="6.190823">
        <ele>403.3</ele>
        <time>2026-09-24T05:44:39Z</time>
      </trkpt>
      <trkpt lat="46.329261" lon="6.190787">
        <ele>403.5</ele>
        <time>2026-09-24T05:44:40Z</time>
      </trkpt>
      <trkpt lat="46.329222" lon="6.19075">
        <ele>403.6</ele>
        <time>2026-09-24T05:44:41Z</time>
      </trkpt>
      <trkpt lat="46.329184" lon="6.190715">
        <ele>403.8</ele>
        <time>2026-09-24T05:44:42Z</time>
      </trkpt>
      <trkpt lat="46.329147" lon="6.190678">
        <ele>403.9</ele>
        <time>2026-09-24T05:44:43Z</time>
      </trkpt>
      <trkpt lat="46.329114" lon="6.190638">
        <ele>404.1</ele>
        <time>2026-09-24T05:44:44Z</time>
      </trkpt>
      <trkpt lat="46.32908" lon="6.190602">
        <ele>404.2</ele>
        <time>2026-09-24T05:44:45Z</time>
      </trkpt>
      <trkpt lat="46.329047" lon="6.190567">
        <ele>404.4</ele>
        <time>2026-09-24T05:44:46Z</time>
      </trkpt>
      <trkpt lat="46.329014" lon="6.190534">
        <ele>404.7</ele>
        <time>2026-09-24T05:44:47Z</time>
      </trkpt>
      <trkpt lat="46.328983" lon="6.190498">
        <ele>404.9</ele>
        <time>2026-09-24T05:44:48Z</time>
      </trkpt>
      <trkpt lat="46.328951" lon="6.190462">
        <ele>405.1</ele>
        <time>2026-09-24T05:44:49Z</time>
      </trkpt>
      <trkpt lat="46.328921" lon="6.190425">
        <ele>405.3</ele>
        <time>2026-09-24T05:44:50Z</time>
      </trkpt>
      <trkpt lat="46.328892" lon="6.190389">
        <ele>405.5</ele>
        <time>2026-09-24T05:44:51Z</time>
      </trkpt>
      <trkpt lat="46.328863" lon="6.190352">
        <ele>405.8</ele>
        <time>2026-09-24T05:44:52Z</time>
      </trkpt>
      <trkpt lat="46.328833" lon="6.190314">
        <ele>406.0</ele>
        <time>2026-09-24T05:44:53Z</time>
      </trkpt>
      <trkpt lat="46.328805" lon="6.190279">
        <ele>406.2</ele>
        <time>2026-09-24T05:44:54Z</time>
      </trkpt>
      <trkpt lat="46.328776" lon="6.190243">
        <ele>406.4</ele>
        <time>2026-09-24T05:44:55Z</time>
      </trkpt>
      <trkpt lat="46.328748" lon="6.190211">
        <ele>406.6</ele>
        <time>2026-09-24T05:44:56Z</time>
      </trkpt>
      <trkpt lat="46.328719" lon="6.190172">
        <ele>406.8</ele>
        <time>2026-09-24T05:44:57Z</time>
      </trkpt>
      <trkpt lat="46.32869" lon="6.190139">
        <ele>407.0</ele>
        <time>2026-09-24T05:44:58Z</time>
      </trkpt>
      <trkpt lat="46.32866" lon="6.190105">
        <ele>407.1</ele>
        <time>2026-09-24T05:44:59Z</time>
      </trkpt>
      <trkpt lat="46.328631" lon="6.190069">
        <ele>407.3</ele>
        <time>2026-09-24T05:45:00Z</time>
      </trkpt>
      <trkpt lat="46.328602" lon="6.190034">
        <ele>407.5</ele>
        <time>2026-09-24T05:45:01Z</time>
      </trkpt>
      <trkpt lat="46.328575" lon="6.189995">
        <ele>407.7</ele>
        <time>2026-09-24T05:45:02Z</time>
      </trkpt>
      <trkpt lat="46.328547" lon="6.189956">
        <ele>407.8</ele>
        <time>2026-09-24T05:45:03Z</time>
      </trkpt>
      <trkpt lat="46.32852" lon="6.189918">
        <ele>408.0</ele>
        <time>2026-09-24T05:45:04Z</time>
      </trkpt>
      <trkpt lat="46.328492" lon="6.189878">
        <ele>408.1</ele>
        <time>2026-09-24T05:45:05Z</time>
      </trkpt>
      <trkpt lat="46.328463" lon="6.189841">
        <ele>408.3</ele>
        <time>2026-09-24T05:45:06Z</time>
      </trkpt>
      <trkpt lat="46.328437" lon="6.1898">
        <ele>408.4</ele>
        <time>2026-09-24T05:45:07Z</time>
      </trkpt>
      <trkpt lat="46.32841" lon="6.189762">
        <ele>408.5</ele>
        <time>2026-09-24T05:45:08Z</time>
      </trkpt>
      <trkpt lat="46.328381" lon="6.189721">
        <ele>408.6</ele>
        <time>2026-09-24T05:45:09Z</time>
      </trkpt>
      <trkpt lat="46.328355" lon="6.189678">
        <ele>408.7</ele>
        <time>2026-09-24T05:45:10Z</time>
      </trkpt>
      <trkpt lat="46.328328" lon="6.189637">
        <ele>408.8</ele>
        <time>2026-09-24T05:45:11Z</time>
      </trkpt>
      <trkpt lat="46.328303" lon="6.189592">
        <ele>408.9</ele>
        <time>2026-09-24T05:45:12Z</time>
      </trkpt>
      <trkpt lat="46.328279" lon="6.189546">
        <ele>409.0</ele>
        <time>2026-09-24T05:45:13Z</time>
      </trkpt>
      <trkpt lat="46.328254" lon="6.189501">
        <ele>409.1</ele>
        <time>2026-09-24T05:45:14Z</time>
      </trkpt>
      <trkpt lat="46.32823" lon="6.189452">
        <ele>409.2</ele>
        <time>2026-09-24T05:45:15Z</time>
      </trkpt>
      <trkpt lat="46.328207" lon="6.189405">
        <ele>409.3</ele>
        <time>2026-09-24T05:45:16Z</time>
      </trkpt>
      <trkpt lat="46.328186" lon="6.189355">
        <ele>409.4</ele>
        <time>2026-09-24T05:45:17Z</time>
      </trkpt>
      <trkpt lat="46.328163" lon="6.189306">
        <ele>409.4</ele>
        <time>2026-09-24T05:45:18Z</time>
      </trkpt>
      <trkpt lat="46.328141" lon="6.189259">
        <ele>409.5</ele>
        <time>2026-09-24T05:45:19Z</time>
      </trkpt>
      <trkpt lat="46.328116" lon="6.189209">
        <ele>409.6</ele>
        <time>2026-09-24T05:45:20Z</time>
      </trkpt>
      <trkpt lat="46.328089" lon="6.189159">
        <ele>409.6</ele>
        <time>2026-09-24T05:45:21Z</time>
      </trkpt>
      <trkpt lat="46.328065" lon="6.189107">
        <ele>409.6</ele>
        <time>2026-09-24T05:45:22Z</time>
      </trkpt>
      <trkpt lat="46.328038" lon="6.189058">
        <ele>409.7</ele>
        <time>2026-09-24T05:45:23Z</time>
      </trkpt>
      <trkpt lat="46.328008" lon="6.189009">
        <ele>409.7</ele>
        <time>2026-09-24T05:45:24Z</time>
      </trkpt>
      <trkpt lat="46.327979" lon="6.188959">
        <ele>409.8</ele>
        <time>2026-09-24T05:45:25Z</time>
      </trkpt>
      <trkpt lat="46.327948" lon="6.188911">
        <ele>409.8</ele>
        <time>2026-09-24T05:45:26Z</time>
      </trkpt>
      <trkpt lat="46.327915" lon="6.188862">
        <ele>409.8</ele>
        <time>2026-09-24T05:45:27Z</time>
      </trkpt>
      <trkpt lat="46.327882" lon="6.188813">
        <ele>409.8</ele>
        <time>2026-09-24T05:45:28Z</time>
      </trkpt>
      <trkpt lat="46.327844" lon="6.188764">
        <ele>409.9</ele>
        <time>2026-09-24T05:45:29Z</time>
      </trkpt>
      <trkpt lat="46.327804" lon="6.188718">
        <ele>409.9</ele>
        <time>2026-09-24T05:45:30Z</time>
      </trkpt>
      <trkpt lat="46.327762" lon="6.188669">
        <ele>409.9</ele>
        <time>2026-09-24T05:45:31Z</time>
      </trkpt>
      <trkpt lat="46.327719" lon="6.18862">
        <ele>409.9</ele>
        <time>2026-09-24T05:45:32Z</time>
      </trkpt>
      <trkpt lat="46.327673" lon="6.188572">
        <ele>409.9</ele>
        <time>2026-09-24T05:45:33Z</time>
      </trkpt>
      <trkpt lat="46.327627" lon="6.188524">
        <ele>409.9</ele>
        <time>2026-09-24T05:45:34Z</time>
      </trkpt>
      <trkpt lat="46.32758" lon="6.18847">
        <ele>409.9</ele>
        <time>2026-09-24T05:45:35Z</time>
      </trkpt>
      <trkpt lat="46.327533" lon="6.188415">
        <ele>410.0</ele>
        <time>2026-09-24T05:45:36Z</time>
      </trkpt>
      <trkpt lat="46.327486" lon="6.188367">
        <ele>410.0</ele>
        <time>2026-09-24T05:45:37Z</time>
      </trkpt>
      <trkpt lat="46.32744" lon="6.188311">
        <ele>410.0</ele>
        <time>2026-09-24T05:45:38Z</time>
      </trkpt>
      <trkpt lat="46.32739" lon="6.188261">
        <ele>410.0</ele>
        <time>2026-09-24T05:45:39Z</time>
      </trkpt>
      <trkpt lat="46.327343" lon="6.188208">
        <ele>410.0</ele>
        <time>2026-09-24T05:45:40Z</time>
      </trkpt>
      <trkpt lat="46.327295" lon="6.188154">
        <ele>410.1</ele>
        <time>2026-09-24T05:45:41Z</time>
      </trkpt>
      <trkpt lat="46.327249" lon="6.188099">
        <ele>410.1</ele>
        <time>2026-09-24T05:45:42Z</time>
      </trkpt>
      <trkpt lat="46.327201" lon="6.188042">
        <ele>410.1</ele>
        <time>2026-09-24T05:45:43Z</time>
      </trkpt>
      <trkpt lat="46.327154" lon="6.187988">
        <ele>410.2</ele>
        <time>2026-09-24T05:45:44Z</time>
      </trkpt>
      <trkpt lat="46.327106" lon="6.187935">
        <ele>410.2</ele>
        <time>2026-09-24T05:45:45Z</time>
      </trkpt>
      <trkpt lat="46.327058" lon="6.187887">
        <ele>410.3</ele>
        <time>2026-09-24T05:45:46Z</time>
      </trkpt>
      <trkpt lat="46.327012" lon="6.187836">
        <ele>410.3</ele>
        <time>2026-09-24T05:45:47Z</time>
      </trkpt>
      <trkpt lat="46.326964" lon="6.187783">
        <ele>410.3</ele>
        <time>2026-09-24T05:45:48Z</time>
      </trkpt>
      <trkpt lat="46.326916" lon="6.187732">
        <ele>410.4</ele>
        <time>2026-09-24T05:45:49Z</time>
      </trkpt>
      <trkpt lat="46.326868" lon="6.187681">
        <ele>410.4</ele>
        <time>2026-09-24T05:45:50Z</time>
      </trkpt>
      <trkpt lat="46.326821" lon="6.187628">
        <ele>410.5</ele>
        <time>2026-09-24T05:45:51Z</time>
      </trkpt>
      <trkpt lat="46.326772" lon="6.187578">
        <ele>410.5</ele>
        <time>2026-09-24T05:45:52Z</time>
      </trkpt>
      <trkpt lat="46.326726" lon="6.187525">
        <ele>410.5</ele>
        <time>2026-09-24T05:45:53Z</time>
      </trkpt>
      <trkpt lat="46.326679" lon="6.187475">
        <ele>410.6</ele>
        <time>2026-09-24T05:45:54Z</time>
      </trkpt>
      <trkpt lat="46.326629" lon="6.18742">
        <ele>410.6</ele>
        <time>2026-09-24T05:45:55Z</time>
      </trkpt>
      <trkpt lat="46.326583" lon="6.187369">
        <ele>410.6</ele>
        <time>2026-09-24T05:45:56Z</time>
      </trkpt>
      <trkpt lat="46.326537" lon="6.187315">
        <ele>410.6</ele>
        <time>2026-09-24T05:45:57Z</time>
      </trkpt>
      <trkpt lat="46.326486" lon="6.187262">
        <ele>410.7</ele>
        <time>2026-09-24T05:45:58Z</time>
      </trkpt>
      <trkpt lat="46.326439" lon="6.18721">
        <ele>410.7</ele>
        <time>2026-09-24T05:45:59Z</time>
      </trkpt>
      <trkpt lat="46.32639" lon="6.187158">
        <ele>410.8</ele>
        <time>2026-09-24T05:46:00Z</time>
      </trkpt>
      <trkpt lat="46.326341" lon="6.187106">
        <ele>410.8</ele>
        <time>2026-09-24T05:46:01Z</time>
      </trkpt>
      <trkpt lat="46.326293" lon="6.187053">
        <ele>410.8</ele>
        <time>2026-09-24T05:46:02Z</time>
      </trkpt>
      <trkpt lat="46.326245" lon="6.187001">
        <ele>410.9</ele>
        <time>2026-09-24T05:46:03Z</time>
      </trkpt>
      <trkpt lat="46.326197" lon="6.186951">
        <ele>410.9</ele>
        <time>2026-09-24T05:46:04Z</time>
      </trkpt>
      <trkpt lat="46.326147" lon="6.186907">
        <ele>410.9</ele>
        <time>2026-09-24T05:46:05Z</time>
      </trkpt>
      <trkpt lat="46.326095" lon="6.186867">
        <ele>411.0</ele>
        <time>2026-09-24T05:46:06Z</time>
      </trkpt>
      <trkpt lat="46.326043" lon="6.186825">
        <ele>411.0</ele>
        <time>2026-09-24T05:46:07Z</time>
      </trkpt>
      <trkpt lat="46.325987" lon="6.186787">
        <ele>411.0</ele>
        <time>2026-09-24T05:46:08Z</time>
      </trkpt>
      <trkpt lat="46.325934" lon="6.186752">
        <ele>411.1</ele>
        <time>2026-09-24T05:46:09Z</time>
      </trkpt>
      <trkpt lat="46.32588" lon="6.186718">
        <ele>411.1</ele>
        <time>2026-09-24T05:46:10Z</time>
      </trkpt>
      <trkpt lat="46.325825" lon="6.186683">
        <ele>411.1</ele>
        <time>2026-09-24T05:46:11Z</time>
      </trkpt>
      <trkpt lat="46.325766" lon="6.186649">
        <ele>411.1</ele>
        <time>2026-09-24T05:46:12Z</time>
      </trkpt>
      <trkpt lat="46.32571" lon="6.186614">
        <ele>411.1</ele>
        <time>2026-09-24T05:46:13Z</time>
      </trkpt>
      <trkpt lat="46.325656" lon="6.186574">
        <ele>411.1</ele>
        <time>2026-09-24T05:46:14Z</time>
      </trkpt>
      <trkpt lat="46.325601" lon="6.186537">
        <ele>411.1</ele>
        <time>2026-09-24T05:46:15Z</time>
      </trkpt>
      <trkpt lat="46.325545" lon="6.186503">
        <ele>411.1</ele>
        <time>2026-09-24T05:46:16Z</time>
      </trkpt>
      <trkpt lat="46.325488" lon="6.186466">
        <ele>411.1</ele>
        <time>2026-09-24T05:46:17Z</time>
      </trkpt>
      <trkpt lat="46.325434" lon="6.186425">
        <ele>411.2</ele>
        <time>2026-09-24T05:46:18Z</time>
      </trkpt>
      <trkpt lat="46.325382" lon="6.186383">
        <ele>411.2</ele>
        <time>2026-09-24T05:46:19Z</time>
      </trkpt>
      <trkpt lat="46.325333" lon="6.186337">
        <ele>411.2</ele>
        <time>2026-09-24T05:46:20Z</time>
      </trkpt>
      <trkpt lat="46.325279" lon="6.18629">
        <ele>411.2</ele>
        <time>2026-09-24T05:46:21Z</time>
      </trkpt>
      <trkpt lat="46.325228" lon="6.186241">
        <ele>411.2</ele>
        <time>2026-09-24T05:46:22Z</time>
      </trkpt>
      <trkpt lat="46.325172" lon="6.18619">
        <ele>411.2</ele>
        <time>2026-09-24T05:46:23Z</time>
      </trkpt>
      <trkpt lat="46.325121" lon="6.186137">
        <ele>411.1</ele>
        <time>2026-09-24T05:46:24Z</time>
      </trkpt>
      <trkpt lat="46.325071" lon="6.186086">
        <ele>411.1</ele>
        <time>2026-09-24T05:46:25Z</time>
      </trkpt>
      <trkpt lat="46.325019" lon="6.186032">
        <ele>411.1</ele>
        <time>2026-09-24T05:46:26Z</time>
      </trkpt>
      <trkpt lat="46.324968" lon="6.185975">
        <ele>411.1</ele>
        <time>2026-09-24T05:46:27Z</time>
      </trkpt>
      <trkpt lat="46.324915" lon="6.185919">
        <ele>411.0</ele>
        <time>2026-09-24T05:46:28Z</time>
      </trkpt>
      <trkpt lat="46.324864" lon="6.18586">
        <ele>411.0</ele>
        <time>2026-09-24T05:46:29Z</time>
      </trkpt>
      <trkpt lat="46.324811" lon="6.185806">
        <ele>411.0</ele>
        <time>2026-09-24T05:46:30Z</time>
      </trkpt>
      <trkpt lat="46.324758" lon="6.185751">
        <ele>411.0</ele>
        <time>2026-09-24T05:46:31Z</time>
      </trkpt>
      <trkpt lat="46.324704" lon="6.185701">
        <ele>410.9</ele>
        <time>2026-09-24T05:46:32Z</time>
      </trkpt>
      <trkpt lat="46.324655" lon="6.185644">
        <ele>410.9</ele>
        <time>2026-09-24T05:46:33Z</time>
      </trkpt>
      <trkpt lat="46.324602" lon="6.185594">
        <ele>410.9</ele>
        <time>2026-09-24T05:46:34Z</time>
      </trkpt>
      <trkpt lat="46.324545" lon="6.185534">
        <ele>410.9</ele>
        <time>2026-09-24T05:46:35Z</time>
      </trkpt>
      <trkpt lat="46.324496" lon="6.185483">
        <ele>411.0</ele>
        <time>2026-09-24T05:46:36Z</time>
      </trkpt>
      <trkpt lat="46.324441" lon="6.185428">
        <ele>411.0</ele>
        <time>2026-09-24T05:46:37Z</time>
      </trkpt>
      <trkpt lat="46.324387" lon="6.185377">
        <ele>411.1</ele>
        <time>2026-09-24T05:46:38Z</time>
      </trkpt>
      <trkpt lat="46.324336" lon="6.185324">
        <ele>411.2</ele>
        <time>2026-09-24T05:46:39Z</time>
      </trkpt>
      <trkpt lat="46.324285" lon="6.18527">
        <ele>411.3</ele>
        <time>2026-09-24T05:46:40Z</time>
      </trkpt>
      <trkpt lat="46.324234" lon="6.185217">
        <ele>411.3</ele>
        <time>2026-09-24T05:46:41Z</time>
      </trkpt>
      <trkpt lat="46.324184" lon="6.185165">
        <ele>411.4</ele>
        <time>2026-09-24T05:46:42Z</time>
      </trkpt>
      <trkpt lat="46.324135" lon="6.185113">
        <ele>411.5</ele>
        <time>2026-09-24T05:46:43Z</time>
      </trkpt>
      <trkpt lat="46.324085" lon="6.185059">
        <ele>411.5</ele>
        <time>2026-09-24T05:46:44Z</time>
      </trkpt>
      <trkpt lat="46.324036" lon="6.185006">
        <ele>411.6</ele>
        <time>2026-09-24T05:46:45Z</time>
      </trkpt>
      <trkpt lat="46.323988" lon="6.184957">
        <ele>411.7</ele>
        <time>2026-09-24T05:46:46Z</time>
      </trkpt>
      <trkpt lat="46.32394" lon="6.18491">
        <ele>411.7</ele>
        <time>2026-09-24T05:46:47Z</time>
      </trkpt>
      <trkpt lat="46.323894" lon="6.18486">
        <ele>411.8</ele>
        <time>2026-09-24T05:46:48Z</time>
      </trkpt>
      <trkpt lat="46.323848" lon="6.184808">
        <ele>411.9</ele>
        <time>2026-09-24T05:46:49Z</time>
      </trkpt>
      <trkpt lat="46.3238" lon="6.184761">
        <ele>412.0</ele>
        <time>2026-09-24T05:46:50Z</time>
      </trkpt>
      <trkpt lat="46.323751" lon="6.184715">
        <ele>412.0</ele>
        <time>2026-09-24T05:46:51Z</time>
      </trkpt>
      <trkpt lat="46.323705" lon="6.184671">
        <ele>412.1</ele>
        <time>2026-09-24T05:46:52Z</time>
      </trkpt>
      <trkpt lat="46.323658" lon="6.184626">
        <ele>412.2</ele>
        <time>2026-09-24T05:46:53Z</time>
      </trkpt>
      <trkpt lat="46.32361" lon="6.184577">
        <ele>412.2</ele>
        <time>2026-09-24T05:46:54Z</time>
      </trkpt>
      <trkpt lat="46.323566" lon="6.184529">
        <ele>412.3</ele>
        <time>2026-09-24T05:46:55Z</time>
      </trkpt>
      <trkpt lat="46.323519" lon="6.184479">
        <ele>412.4</ele>
        <time>2026-09-24T05:46:56Z</time>
      </trkpt>
      <trkpt lat="46.323473" lon="6.18443">
        <ele>412.4</ele>
        <time>2026-09-24T05:46:57Z</time>
      </trkpt>
      <trkpt lat="46.323426" lon="6.184383">
        <ele>412.5</ele>
        <time>2026-09-24T05:46:58Z</time>
      </trkpt>
      <trkpt lat="46.32338" lon="6.184333">
        <ele>412.6</ele>
        <time>2026-09-24T05:46:59Z</time>
      </trkpt>
      <trkpt lat="46.323336" lon="6.184285">
        <ele>412.6</ele>
        <time>2026-09-24T05:47:00Z</time>
      </trkpt>
      <trkpt lat="46.323293" lon="6.184232">
        <ele>412.7</ele>
        <time>2026-09-24T05:47:01Z</time>
      </trkpt>
      <trkpt lat="46.323251" lon="6.184173">
        <ele>412.8</ele>
        <time>2026-09-24T05:47:02Z</time>
      </trkpt>
      <trkpt lat="46.323212" lon="6.184114">
        <ele>412.8</ele>
        <time>2026-09-24T05:47:03Z</time>
      </trkpt>
      <trkpt lat="46.323173" lon="6.184053">
        <ele>412.9</ele>
        <time>2026-09-24T05:47:04Z</time>
      </trkpt>
      <trkpt lat="46.323136" lon="6.183989">
        <ele>413.0</ele>
        <time>2026-09-24T05:47:05Z</time>
      </trkpt>
      <trkpt lat="46.323101" lon="6.18392">
        <ele>413.1</ele>
        <time>2026-09-24T05:47:06Z</time>
      </trkpt>
      <trkpt lat="46.32307" lon="6.183849">
        <ele>413.1</ele>
        <time>2026-09-24T05:47:07Z</time>
      </trkpt>
      <trkpt lat="46.323044" lon="6.183773">
        <ele>413.2</ele>
        <time>2026-09-24T05:47:08Z</time>
      </trkpt>
      <trkpt lat="46.323022" lon="6.183694">
        <ele>413.3</ele>
        <time>2026-09-24T05:47:09Z</time>
      </trkpt>
      <trkpt lat="46.322999" lon="6.183615">
        <ele>413.4</ele>
        <time>2026-09-24T05:47:10Z</time>
      </trkpt>
      <trkpt lat="46.32298" lon="6.183536">
        <ele>413.5</ele>
        <time>2026-09-24T05:47:11Z</time>
      </trkpt>
      <trkpt lat="46.322962" lon="6.183457">
        <ele>413.6</ele>
        <time>2026-09-24T05:47:12Z</time>
      </trkpt>
      <trkpt lat="46.322947" lon="6.183379">
        <ele>413.7</ele>
        <time>2026-09-24T05:47:13Z</time>
      </trkpt>
      <trkpt lat="46.32294" lon="6.183299">
        <ele>413.8</ele>
        <time>2026-09-24T05:47:14Z</time>
      </trkpt>
      <trkpt lat="46.322933" lon="6.183219">
        <ele>414.0</ele>
        <time>2026-09-24T05:47:15Z</time>
      </trkpt>
      <trkpt lat="46.322926" lon="6.183141">
        <ele>414.1</ele>
        <time>2026-09-24T05:47:16Z</time>
      </trkpt>
      <trkpt lat="46.322919" lon="6.183064">
        <ele>414.2</ele>
        <time>2026-09-24T05:47:17Z</time>
      </trkpt>
      <trkpt lat="46.322913" lon="6.182988">
        <ele>414.3</ele>
        <time>2026-09-24T05:47:18Z</time>
      </trkpt>
      <trkpt lat="46.322904" lon="6.182917">
        <ele>414.4</ele>
        <time>2026-09-24T05:47:19Z</time>
      </trkpt>
      <trkpt lat="46.322899" lon="6.182841">
        <ele>414.5</ele>
        <time>2026-09-24T05:47:20Z</time>
      </trkpt>
      <trkpt lat="46.322896" lon="6.182768">
        <ele>414.6</ele>
        <time>2026-09-24T05:47:21Z</time>
      </trkpt>
      <trkpt lat="46.322895" lon="6.182695">
        <ele>414.7</ele>
        <time>2026-09-24T05:47:22Z</time>
      </trkpt>
      <trkpt lat="46.322889" lon="6.182617">
        <ele>414.8</ele>
        <time>2026-09-24T05:47:23Z</time>
      </trkpt>
      <trkpt lat="46.322887" lon="6.182547">
        <ele>414.9</ele>
        <time>2026-09-24T05:47:24Z</time>
      </trkpt>
      <trkpt lat="46.322883" lon="6.182473">
        <ele>415.1</ele>
        <time>2026-09-24T05:47:25Z</time>
      </trkpt>
      <trkpt lat="46.322879" lon="6.1824">
        <ele>415.2</ele>
        <time>2026-09-24T05:47:26Z</time>
      </trkpt>
      <trkpt lat="46.322875" lon="6.18233">
        <ele>415.4</ele>
        <time>2026-09-24T05:47:27Z</time>
      </trkpt>
      <trkpt lat="46.322872" lon="6.182258">
        <ele>415.5</ele>
        <time>2026-09-24T05:47:28Z</time>
      </trkpt>
      <trkpt lat="46.322869" lon="6.182187">
        <ele>415.6</ele>
        <time>2026-09-24T05:47:29Z</time>
      </trkpt>
      <trkpt lat="46.322864" lon="6.18212">
        <ele>415.8</ele>
        <time>2026-09-24T05:47:30Z</time>
      </trkpt>
      <trkpt lat="46.32286" lon="6.182056">
        <ele>415.9</ele>
        <time>2026-09-24T05:47:31Z</time>
      </trkpt>
      <trkpt lat="46.322854" lon="6.181992">
        <ele>416.1</ele>
        <time>2026-09-24T05:47:32Z</time>
      </trkpt>
      <trkpt lat="46.322844" lon="6.181927">
        <ele>416.2</ele>
        <time>2026-09-24T05:47:33Z</time>
      </trkpt>
      <trkpt lat="46.322831" lon="6.181864">
        <ele>416.4</ele>
        <time>2026-09-24T05:47:34Z</time>
      </trkpt>
      <trkpt lat="46.32282" lon="6.181802">
        <ele>416.6</ele>
        <time>2026-09-24T05:47:35Z</time>
      </trkpt>
      <trkpt lat="46.322808" lon="6.181741">
        <ele>416.7</ele>
        <time>2026-09-24T05:47:36Z</time>
      </trkpt>
      <trkpt lat="46.32279" lon="6.181685">
        <ele>416.9</ele>
        <time>2026-09-24T05:47:37Z</time>
      </trkpt>
      <trkpt lat="46.322764" lon="6.18163">
        <ele>417.0</ele>
        <time>2026-09-24T05:47:38Z</time>
      </trkpt>
      <trkpt lat="46.322736" lon="6.181577">
        <ele>417.2</ele>
        <time>2026-09-24T05:47:39Z</time>
      </trkpt>
      <trkpt lat="46.322704" lon="6.181538">
        <ele>417.3</ele>
        <time>2026-09-24T05:47:40Z</time>
      </trkpt>
      <trkpt lat="46.322671" lon="6.181501">
        <ele>417.4</ele>
        <time>2026-09-24T05:47:41Z</time>
      </trkpt>
      <trkpt lat="46.322634" lon="6.181466">
        <ele>417.5</ele>
        <time>2026-09-24T05:47:42Z</time>
      </trkpt>
      <trkpt lat="46.322597" lon="6.18143">
        <ele>417.6</ele>
        <time>2026-09-24T05:47:43Z</time>
      </trkpt>
      <trkpt lat="46.322558" lon="6.181399">
        <ele>417.6</ele>
        <time>2026-09-24T05:47:44Z</time>
      </trkpt>
      <trkpt lat="46.322517" lon="6.181372">
        <ele>417.7</ele>
        <time>2026-09-24T05:47:45Z</time>
      </trkpt>
      <trkpt lat="46.322475" lon="6.181342">
        <ele>417.8</ele>
        <time>2026-09-24T05:47:46Z</time>
      </trkpt>
      <trkpt lat="46.322431" lon="6.181315">
        <ele>417.8</ele>
        <time>2026-09-24T05:47:47Z</time>
      </trkpt>
      <trkpt lat="46.322386" lon="6.181284">
        <ele>417.9</ele>
        <time>2026-09-24T05:47:48Z</time>
      </trkpt>
      <trkpt lat="46.322345" lon="6.181252">
        <ele>417.9</ele>
        <time>2026-09-24T05:47:49Z</time>
      </trkpt>
      <trkpt lat="46.322298" lon="6.181226">
        <ele>418.0</ele>
        <time>2026-09-24T05:47:50Z</time>
      </trkpt>
      <trkpt lat="46.322253" lon="6.1812">
        <ele>418.1</ele>
        <time>2026-09-24T05:47:51Z</time>
      </trkpt>
      <trkpt lat="46.322206" lon="6.181178">
        <ele>418.1</ele>
        <time>2026-09-24T05:47:52Z</time>
      </trkpt>
      <trkpt lat="46.32216" lon="6.181153">
        <ele>418.2</ele>
        <time>2026-09-24T05:47:53Z</time>
      </trkpt>
      <trkpt lat="46.322112" lon="6.181125">
        <ele>418.3</ele>
        <time>2026-09-24T05:47:54Z</time>
      </trkpt>
      <trkpt lat="46.322064" lon="6.181108">
        <ele>418.3</ele>
        <time>2026-09-24T05:47:55Z</time>
      </trkpt>
      <trkpt lat="46.32201" lon="6.181094">
        <ele>418.4</ele>
        <time>2026-09-24T05:47:56Z</time>
      </trkpt>
      <trkpt lat="46.321963" lon="6.181069">
        <ele>418.4</ele>
        <time>2026-09-24T05:47:57Z</time>
      </trkpt>
      <trkpt lat="46.321913" lon="6.181044">
        <ele>418.5</ele>
        <time>2026-09-24T05:47:58Z</time>
      </trkpt>
      <trkpt lat="46.321865" lon="6.181012">
        <ele>418.6</ele>
        <time>2026-09-24T05:47:59Z</time>
      </trkpt>
      <trkpt lat="46.321818" lon="6.180979">
        <ele>418.6</ele>
        <time>2026-09-24T05:48:00Z</time>
      </trkpt>
      <trkpt lat="46.321768" lon="6.180956">
        <ele>418.7</ele>
        <time>2026-09-24T05:48:01Z</time>
      </trkpt>
      <trkpt lat="46.321717" lon="6.18093">
        <ele>418.7</ele>
        <time>2026-09-24T05:48:02Z</time>
      </trkpt>
      <trkpt lat="46.321671" lon="6.180906">
        <ele>418.8</ele>
        <time>2026-09-24T05:48:03Z</time>
      </trkpt>
      <trkpt lat="46.32162" lon="6.180877">
        <ele>418.8</ele>
        <time>2026-09-24T05:48:04Z</time>
      </trkpt>
      <trkpt lat="46.321572" lon="6.180852">
        <ele>418.9</ele>
        <time>2026-09-24T05:48:05Z</time>
      </trkpt>
      <trkpt lat="46.321525" lon="6.180829">
        <ele>419.0</ele>
        <time>2026-09-24T05:48:06Z</time>
      </trkpt>
      <trkpt lat="46.321476" lon="6.180795">
        <ele>419.0</ele>
        <time>2026-09-24T05:48:07Z</time>
      </trkpt>
      <trkpt lat="46.321429" lon="6.180766">
        <ele>419.1</ele>
        <time>2026-09-24T05:48:08Z</time>
      </trkpt>
      <trkpt lat="46.321383" lon="6.180739">
        <ele>419.2</ele>
        <time>2026-09-24T05:48:09Z</time>
      </trkpt>
      <trkpt lat="46.321336" lon="6.180714">
        <ele>419.2</ele>
        <time>2026-09-24T05:48:10Z</time>
      </trkpt>
      <trkpt lat="46.321288" lon="6.180689">
        <ele>419.3</ele>
        <time>2026-09-24T05:48:11Z</time>
      </trkpt>
      <trkpt lat="46.321239" lon="6.180667">
        <ele>419.4</ele>
        <time>2026-09-24T05:48:12Z</time>
      </trkpt>
      <trkpt lat="46.321194" lon="6.180638">
        <ele>419.4</ele>
        <time>2026-09-24T05:48:13Z</time>
      </trkpt>
      <trkpt lat="46.321153" lon="6.180601">
        <ele>419.5</ele>
        <time>2026-09-24T05:48:14Z</time>
      </trkpt>
      <trkpt lat="46.321111" lon="6.180576">
        <ele>419.5</ele>
        <time>2026-09-24T05:48:15Z</time>
      </trkpt>
      <trkpt lat="46.321059" lon="6.180543">
        <ele>419.6</ele>
        <time>2026-09-24T05:48:16Z</time>
      </trkpt>
      <trkpt lat="46.321018" lon="6.180493">
        <ele>419.7</ele>
        <time>2026-09-24T05:48:17Z</time>
      </trkpt>
      <trkpt lat="46.320998" lon="6.180435">
        <ele>419.8</ele>
        <time>2026-09-24T05:48:18Z</time>
      </trkpt>
      <trkpt lat="46.320968" lon="6.180395">
        <ele>419.9</ele>
        <time>2026-09-24T05:48:19Z</time>
      </trkpt>
      <trkpt lat="46.320936" lon="6.180334">
        <ele>420.0</ele>
        <time>2026-09-24T05:48:20Z</time>
      </trkpt>
      <trkpt lat="46.320907" lon="6.180283">
        <ele>420.0</ele>
        <time>2026-09-24T05:48:21Z</time>
      </trkpt>
      <trkpt lat="46.320881" lon="6.180234">
        <ele>420.1</ele>
        <time>2026-09-24T05:48:22Z</time>
      </trkpt>
      <trkpt lat="46.320855" lon="6.180184">
        <ele>420.2</ele>
        <time>2026-09-24T05:48:23Z</time>
      </trkpt>
      <trkpt lat="46.320829" lon="6.18013">
        <ele>420.3</ele>
        <time>2026-09-24T05:48:24Z</time>
      </trkpt>
      <trkpt lat="46.320798" lon="6.180084">
        <ele>420.3</ele>
        <time>2026-09-24T05:48:25Z</time>
      </trkpt>
      <trkpt lat="46.320771" lon="6.180036">
        <ele>420.4</ele>
        <time>2026-09-24T05:48:26Z</time>
      </trkpt>
      <trkpt lat="46.320744" lon="6.179987">
        <ele>420.4</ele>
        <time>2026-09-24T05:48:27Z</time>
      </trkpt>
      <trkpt lat="46.320723" lon="6.179952">
        <ele>420.5</ele>
        <time>2026-09-24T05:48:28Z</time>
      </trkpt>
      <trkpt lat="46.320699" lon="6.179935">
        <ele>420.5</ele>
        <time>2026-09-24T05:48:29Z</time>
      </trkpt>
      <trkpt lat="46.320664" lon="6.179909">
        <ele>420.6</ele>
        <time>2026-09-24T05:48:30Z</time>
      </trkpt>
      <trkpt lat="46.320628" lon="6.179885">
        <ele>420.6</ele>
        <time>2026-09-24T05:48:31Z</time>
      </trkpt>
      <trkpt lat="46.320603" lon="6.179861">
        <ele>420.6</ele>
        <time>2026-09-24T05:48:32Z</time>
      </trkpt>
      <trkpt lat="46.320587" lon="6.179833">
        <ele>420.7</ele>
        <time>2026-09-24T05:48:33Z</time>
      </trkpt>
      <trkpt lat="46.32057" lon="6.179803">
        <ele>420.7</ele>
        <time>2026-09-24T05:48:34Z</time>
      </trkpt>
      <trkpt lat="46.320544" lon="6.17978">
        <ele>420.8</ele>
        <time>2026-09-24T05:48:35Z</time>
      </trkpt>
      <trkpt lat="46.320544" lon="6.179708">
        <ele>420.8</ele>
        <time>2026-09-24T05:48:36Z</time>
      </trkpt>
      <trkpt lat="46.320545" lon="6.179655">
        <ele>420.8</ele>
        <time>2026-09-24T05:48:37Z</time>
      </trkpt>
      <trkpt lat="46.320551" lon="6.179626">
        <ele>420.9</ele>
        <time>2026-09-24T05:48:38Z</time>
      </trkpt>
      <trkpt lat="46.320549" lon="6.179618">
        <ele>420.9</ele>
        <time>2026-09-24T05:48:39Z</time>
      </trkpt>
      <trkpt lat="46.320548" lon="6.179629">
        <ele>420.9</ele>
        <time>2026-09-24T05:48:40Z</time>
      </trkpt>
      <trkpt lat="46.320547" lon="6.179637">
        <ele>420.9</ele>
        <time>2026-09-24T05:48:41Z</time>
      </trkpt>
      <trkpt lat="46.320545" lon="6.17964">
        <ele>420.9</ele>
        <time>2026-09-24T05:48:42Z</time>
      </trkpt>
      <trkpt lat="46.320545" lon="6.179638">
        <ele>420.9</ele>
        <time>2026-09-24T05:48:43Z</time>
      </trkpt>
      <trkpt lat="46.320542" lon="6.179631">
        <ele>420.9</ele>
        <time>2026-09-24T05:48:44Z</time>
      </trkpt>
      <trkpt lat="46.320536" lon="6.179631">
        <ele>420.9</ele>
        <time>2026-09-24T05:48:45Z</time>
      </trkpt>
      <trkpt lat="46.32053" lon="6.179619">
        <ele>420.9</ele>
        <time>2026-09-24T05:48:46Z</time>
      </trkpt>
      <trkpt lat="46.320518" lon="6.179601">
        <ele>420.9</ele>
        <time>2026-09-24T05:48:47Z</time>
      </trkpt>
      <trkpt lat="46.320517" lon="6.179586">
        <ele>420.9</ele>
        <time>2026-09-24T05:48:48Z</time>
      </trkpt>
      <trkpt lat="46.320512" lon="6.179553">
        <ele>420.9</ele>
        <time>2026-09-24T05:48:49Z</time>
      </trkpt>
      <trkpt lat="46.32051" lon="6.17951">
        <ele>420.9</ele>
        <time>2026-09-24T05:48:50Z</time>
      </trkpt>
      <trkpt lat="46.320508" lon="6.17946">
        <ele>420.9</ele>
        <time>2026-09-24T05:48:51Z</time>
      </trkpt>
      <trkpt lat="46.32051" lon="6.179404">
        <ele>421.0</ele>
        <time>2026-09-24T05:48:52Z</time>
      </trkpt>
      <trkpt lat="46.320509" lon="6.179337">
        <ele>421.0</ele>
        <time>2026-09-24T05:48:53Z</time>
      </trkpt>
      <trkpt lat="46.320507" lon="6.179269">
        <ele>421.0</ele>
        <time>2026-09-24T05:48:54Z</time>
      </trkpt>
      <trkpt lat="46.320508" lon="6.179203">
        <ele>421.0</ele>
        <time>2026-09-24T05:48:55Z</time>
      </trkpt>
      <trkpt lat="46.32051" lon="6.179138">
        <ele>420.9</ele>
        <time>2026-09-24T05:48:56Z</time>
      </trkpt>
      <trkpt lat="46.320509" lon="6.179073">
        <ele>420.9</ele>
        <time>2026-09-24T05:48:57Z</time>
      </trkpt>
      <trkpt lat="46.320503" lon="6.179007">
        <ele>420.8</ele>
        <time>2026-09-24T05:48:58Z</time>
      </trkpt>
      <trkpt lat="46.320494" lon="6.178942">
        <ele>420.7</ele>
        <time>2026-09-24T05:48:59Z</time>
      </trkpt>
      <trkpt lat="46.320478" lon="6.17888">
        <ele>420.7</ele>
        <time>2026-09-24T05:49:00Z</time>
      </trkpt>
      <trkpt lat="46.320446" lon="6.178818">
        <ele>420.5</ele>
        <time>2026-09-24T05:49:01Z</time>
      </trkpt>
      <trkpt lat="46.320406" lon="6.17876">
        <ele>420.3</ele>
        <time>2026-09-24T05:49:02Z</time>
      </trkpt>
      <trkpt lat="46.32036" lon="6.178714">
        <ele>420.0</ele>
        <time>2026-09-24T05:49:03Z</time>
      </trkpt>
      <trkpt lat="46.320311" lon="6.178678">
        <ele>419.8</ele>
        <time>2026-09-24T05:49:04Z</time>
      </trkpt>
      <trkpt lat="46.320262" lon="6.178641">
        <ele>419.5</ele>
        <time>2026-09-24T05:49:05Z</time>
      </trkpt>
      <trkpt lat="46.320213" lon="6.178597">
        <ele>419.2</ele>
        <time>2026-09-24T05:49:06Z</time>
      </trkpt>
      <trkpt lat="46.320163" lon="6.178556">
        <ele>418.8</ele>
        <time>2026-09-24T05:49:07Z</time>
      </trkpt>
      <trkpt lat="46.320107" lon="6.178511">
        <ele>418.3</ele>
        <time>2026-09-24T05:49:08Z</time>
      </trkpt>
      <trkpt lat="46.320047" lon="6.178465">
        <ele>417.8</ele>
        <time>2026-09-24T05:49:09Z</time>
      </trkpt>
      <trkpt lat="46.319983" lon="6.17841">
        <ele>417.2</ele>
        <time>2026-09-24T05:49:10Z</time>
      </trkpt>
      <trkpt lat="46.319916" lon="6.178353">
        <ele>416.6</ele>
        <time>2026-09-24T05:49:11Z</time>
      </trkpt>
      <trkpt lat="46.319849" lon="6.178292">
        <ele>415.9</ele>
        <time>2026-09-24T05:49:12Z</time>
      </trkpt>
      <trkpt lat="46.319779" lon="6.17822">
        <ele>415.1</ele>
        <time>2026-09-24T05:49:13Z</time>
      </trkpt>
      <trkpt lat="46.319708" lon="6.178142">
        <ele>414.3</ele>
        <time>2026-09-24T05:49:14Z</time>
      </trkpt>
      <trkpt lat="46.319634" lon="6.17806">
        <ele>413.5</ele>
        <time>2026-09-24T05:49:15Z</time>
      </trkpt>
      <trkpt lat="46.319553" lon="6.177982">
        <ele>412.8</ele>
        <time>2026-09-24T05:49:16Z</time>
      </trkpt>
      <trkpt lat="46.319465" lon="6.177914">
        <ele>412.3</ele>
        <time>2026-09-24T05:49:17Z</time>
      </trkpt>
      <trkpt lat="46.319369" lon="6.177865">
        <ele>411.9</ele>
        <time>2026-09-24T05:49:18Z</time>
      </trkpt>
      <trkpt lat="46.319271" lon="6.177834">
        <ele>411.7</ele>
        <time>2026-09-24T05:49:19Z</time>
      </trkpt>
      <trkpt lat="46.319174" lon="6.177809">
        <ele>411.6</ele>
        <time>2026-09-24T05:49:20Z</time>
      </trkpt>
      <trkpt lat="46.319081" lon="6.177792">
        <ele>411.5</ele>
        <time>2026-09-24T05:49:21Z</time>
      </trkpt>
      <trkpt lat="46.31899" lon="6.177772">
        <ele>411.5</ele>
        <time>2026-09-24T05:49:22Z</time>
      </trkpt>
      <trkpt lat="46.318911" lon="6.177742">
        <ele>411.7</ele>
        <time>2026-09-24T05:49:23Z</time>
      </trkpt>
      <trkpt lat="46.318842" lon="6.177698">
        <ele>411.9</ele>
        <time>2026-09-24T05:49:24Z</time>
      </trkpt>
      <trkpt lat="46.318785" lon="6.177632">
        <ele>412.1</ele>
        <time>2026-09-24T05:49:25Z</time>
      </trkpt>
      <trkpt lat="46.318738" lon="6.177571">
        <ele>412.3</ele>
        <time>2026-09-24T05:49:26Z</time>
      </trkpt>
      <trkpt lat="46.318705" lon="6.177523">
        <ele>412.4</ele>
        <time>2026-09-24T05:49:27Z</time>
      </trkpt>
      <trkpt lat="46.318678" lon="6.177487">
        <ele>412.6</ele>
        <time>2026-09-24T05:49:28Z</time>
      </trkpt>
      <trkpt lat="46.318652" lon="6.177457">
        <ele>412.7</ele>
        <time>2026-09-24T05:49:29Z</time>
      </trkpt>
      <trkpt lat="46.318612" lon="6.177422">
        <ele>412.8</ele>
        <time>2026-09-24T05:49:30Z</time>
      </trkpt>
      <trkpt lat="46.318564" lon="6.177379">
        <ele>412.9</ele>
        <time>2026-09-24T05:49:31Z</time>
      </trkpt>
      <trkpt lat="46.318522" lon="6.177336">
        <ele>412.9</ele>
        <time>2026-09-24T05:49:32Z</time>
      </trkpt>
      <trkpt lat="46.318474" lon="6.177284">
        <ele>413.0</ele>
        <time>2026-09-24T05:49:33Z</time>
      </trkpt>
      <trkpt lat="46.318424" lon="6.177234">
        <ele>413.1</ele>
        <time>2026-09-24T05:49:34Z</time>
      </trkpt>
      <trkpt lat="46.318375" lon="6.17719">
        <ele>413.3</ele>
        <time>2026-09-24T05:49:35Z</time>
      </trkpt>
      <trkpt lat="46.318328" lon="6.177142">
        <ele>413.4</ele>
        <time>2026-09-24T05:49:36Z</time>
      </trkpt>
      <trkpt lat="46.318278" lon="6.177096">
        <ele>413.5</ele>
        <time>2026-09-24T05:49:37Z</time>
      </trkpt>
      <trkpt lat="46.318231" lon="6.177052">
        <ele>413.7</ele>
        <time>2026-09-24T05:49:38Z</time>
      </trkpt>
      <trkpt lat="46.318183" lon="6.177007">
        <ele>413.9</ele>
        <time>2026-09-24T05:49:39Z</time>
      </trkpt>
      <trkpt lat="46.318137" lon="6.176965">
        <ele>414.1</ele>
        <time>2026-09-24T05:49:40Z</time>
      </trkpt>
      <trkpt lat="46.318092" lon="6.176929">
        <ele>414.4</ele>
        <time>2026-09-24T05:49:41Z</time>
      </trkpt>
      <trkpt lat="46.318048" lon="6.176889">
        <ele>414.6</ele>
        <time>2026-09-24T05:49:42Z</time>
      </trkpt>
      <trkpt lat="46.318006" lon="6.176852">
        <ele>414.9</ele>
        <time>2026-09-24T05:49:43Z</time>
      </trkpt>
      <trkpt lat="46.317963" lon="6.176811">
        <ele>415.1</ele>
        <time>2026-09-24T05:49:44Z</time>
      </trkpt>
      <trkpt lat="46.317921" lon="6.17677">
        <ele>415.3</ele>
        <time>2026-09-24T05:49:45Z</time>
      </trkpt>
      <trkpt lat="46.317882" lon="6.176727">
        <ele>415.6</ele>
        <time>2026-09-24T05:49:46Z</time>
      </trkpt>
      <trkpt lat="46.317844" lon="6.176685">
        <ele>415.8</ele>
        <time>2026-09-24T05:49:47Z</time>
      </trkpt>
      <trkpt lat="46.317803" lon="6.176644">
        <ele>416.0</ele>
        <time>2026-09-24T05:49:48Z</time>
      </trkpt>
      <trkpt lat="46.317764" lon="6.176604">
        <ele>416.2</ele>
        <time>2026-09-24T05:49:49Z</time>
      </trkpt>
      <trkpt lat="46.317726" lon="6.176559">
        <ele>416.4</ele>
        <time>2026-09-24T05:49:50Z</time>
      </trkpt>
      <trkpt lat="46.317689" lon="6.176514">
        <ele>416.6</ele>
        <time>2026-09-24T05:49:51Z</time>
      </trkpt>
      <trkpt lat="46.317649" lon="6.176471">
        <ele>416.8</ele>
        <time>2026-09-24T05:49:52Z</time>
      </trkpt>
      <trkpt lat="46.31761" lon="6.176433">
        <ele>416.9</ele>
        <time>2026-09-24T05:49:53Z</time>
      </trkpt>
      <trkpt lat="46.317569" lon="6.176399">
        <ele>417.1</ele>
        <time>2026-09-24T05:49:54Z</time>
      </trkpt>
      <trkpt lat="46.317526" lon="6.176371">
        <ele>417.3</ele>
        <time>2026-09-24T05:49:55Z</time>
      </trkpt>
      <trkpt lat="46.317486" lon="6.176335">
        <ele>417.5</ele>
        <time>2026-09-24T05:49:56Z</time>
      </trkpt>
      <trkpt lat="46.317446" lon="6.176297">
        <ele>417.7</ele>
        <time>2026-09-24T05:49:57Z</time>
      </trkpt>
      <trkpt lat="46.317407" lon="6.176266">
        <ele>417.8</ele>
        <time>2026-09-24T05:49:58Z</time>
      </trkpt>
      <trkpt lat="46.317367" lon="6.176236">
        <ele>418.0</ele>
        <time>2026-09-24T05:49:59Z</time>
      </trkpt>
      <trkpt lat="46.31733" lon="6.176202">
        <ele>418.1</ele>
        <time>2026-09-24T05:50:00Z</time>
      </trkpt>
      <trkpt lat="46.31729" lon="6.176169">
        <ele>418.2</ele>
        <time>2026-09-24T05:50:01Z</time>
      </trkpt>
      <trkpt lat="46.31725" lon="6.176136">
        <ele>418.3</ele>
        <time>2026-09-24T05:50:02Z</time>
      </trkpt>
      <trkpt lat="46.317211" lon="6.176103">
        <ele>418.3</ele>
        <time>2026-09-24T05:50:03Z</time>
      </trkpt>
      <trkpt lat="46.31717" lon="6.176072">
        <ele>418.4</ele>
        <time>2026-09-24T05:50:04Z</time>
      </trkpt>
      <trkpt lat="46.31713" lon="6.17604">
        <ele>418.5</ele>
        <time>2026-09-24T05:50:05Z</time>
      </trkpt>
      <trkpt lat="46.31709" lon="6.176009">
        <ele>418.6</ele>
        <time>2026-09-24T05:50:06Z</time>
      </trkpt>
      <trkpt lat="46.317048" lon="6.175976">
        <ele>418.7</ele>
        <time>2026-09-24T05:50:07Z</time>
      </trkpt>
      <trkpt lat="46.317008" lon="6.175944">
        <ele>418.8</ele>
        <time>2026-09-24T05:50:08Z</time>
      </trkpt>
      <trkpt lat="46.316967" lon="6.175907">
        <ele>418.9</ele>
        <time>2026-09-24T05:50:09Z</time>
      </trkpt>
      <trkpt lat="46.316925" lon="6.175873">
        <ele>419.0</ele>
        <time>2026-09-24T05:50:10Z</time>
      </trkpt>
      <trkpt lat="46.316887" lon="6.175835">
        <ele>419.1</ele>
        <time>2026-09-24T05:50:11Z</time>
      </trkpt>
      <trkpt lat="46.316846" lon="6.175795">
        <ele>419.1</ele>
        <time>2026-09-24T05:50:12Z</time>
      </trkpt>
      <trkpt lat="46.316808" lon="6.17576">
        <ele>419.2</ele>
        <time>2026-09-24T05:50:13Z</time>
      </trkpt>
      <trkpt lat="46.316767" lon="6.175724">
        <ele>419.3</ele>
        <time>2026-09-24T05:50:14Z</time>
      </trkpt>
      <trkpt lat="46.316727" lon="6.175697">
        <ele>419.4</ele>
        <time>2026-09-24T05:50:15Z</time>
      </trkpt>
      <trkpt lat="46.316684" lon="6.175666">
        <ele>419.4</ele>
        <time>2026-09-24T05:50:16Z</time>
      </trkpt>
      <trkpt lat="46.316643" lon="6.175637">
        <ele>419.5</ele>
        <time>2026-09-24T05:50:17Z</time>
      </trkpt>
      <trkpt lat="46.3166" lon="6.175608">
        <ele>419.5</ele>
        <time>2026-09-24T05:50:18Z</time>
      </trkpt>
      <trkpt lat="46.31656" lon="6.175574">
        <ele>419.6</ele>
        <time>2026-09-24T05:50:19Z</time>
      </trkpt>
      <trkpt lat="46.316519" lon="6.175539">
        <ele>419.6</ele>
        <time>2026-09-24T05:50:20Z</time>
      </trkpt>
      <trkpt lat="46.316479" lon="6.175506">
        <ele>419.6</ele>
        <time>2026-09-24T05:50:21Z</time>
      </trkpt>
      <trkpt lat="46.316442" lon="6.175465">
        <ele>419.6</ele>
        <time>2026-09-24T05:50:22Z</time>
      </trkpt>
      <trkpt lat="46.316398" lon="6.175437">
        <ele>419.6</ele>
        <time>2026-09-24T05:50:23Z</time>
      </trkpt>
      <trkpt lat="46.316355" lon="6.175402">
        <ele>419.6</ele>
        <time>2026-09-24T05:50:24Z</time>
      </trkpt>
      <trkpt lat="46.31631" lon="6.175365">
        <ele>419.5</ele>
        <time>2026-09-24T05:50:25Z</time>
      </trkpt>
      <trkpt lat="46.316262" lon="6.175328">
        <ele>419.5</ele>
        <time>2026-09-24T05:50:26Z</time>
      </trkpt>
      <trkpt lat="46.316216" lon="6.175288">
        <ele>419.4</ele>
        <time>2026-09-24T05:50:27Z</time>
      </trkpt>
      <trkpt lat="46.31617" lon="6.175247">
        <ele>419.4</ele>
        <time>2026-09-24T05:50:28Z</time>
      </trkpt>
      <trkpt lat="46.316122" lon="6.175206">
        <ele>419.4</ele>
        <time>2026-09-24T05:50:29Z</time>
      </trkpt>
      <trkpt lat="46.316075" lon="6.175166">
        <ele>419.3</ele>
        <time>2026-09-24T05:50:30Z</time>
      </trkpt>
      <trkpt lat="46.316028" lon="6.175125">
        <ele>419.3</ele>
        <time>2026-09-24T05:50:31Z</time>
      </trkpt>
      <trkpt lat="46.315981" lon="6.175081">
        <ele>419.3</ele>
        <time>2026-09-24T05:50:32Z</time>
      </trkpt>
      <trkpt lat="46.315932" lon="6.17504">
        <ele>419.3</ele>
        <time>2026-09-24T05:50:33Z</time>
      </trkpt>
      <trkpt lat="46.315883" lon="6.174997">
        <ele>419.2</ele>
        <time>2026-09-24T05:50:34Z</time>
      </trkpt>
      <trkpt lat="46.315834" lon="6.174956">
        <ele>419.2</ele>
        <time>2026-09-24T05:50:35Z</time>
      </trkpt>
      <trkpt lat="46.315787" lon="6.174914">
        <ele>419.3</ele>
        <time>2026-09-24T05:50:36Z</time>
      </trkpt>
      <trkpt lat="46.315739" lon="6.174872">
        <ele>419.3</ele>
        <time>2026-09-24T05:50:37Z</time>
      </trkpt>
      <trkpt lat="46.315693" lon="6.17483">
        <ele>419.4</ele>
        <time>2026-09-24T05:50:38Z</time>
      </trkpt>
      <trkpt lat="46.315648" lon="6.174789">
        <ele>419.4</ele>
        <time>2026-09-24T05:50:39Z</time>
      </trkpt>
      <trkpt lat="46.315614" lon="6.174753">
        <ele>419.5</ele>
        <time>2026-09-24T05:50:40Z</time>
      </trkpt>
      <trkpt lat="46.315599" lon="6.174718">
        <ele>419.5</ele>
        <time>2026-09-24T05:50:41Z</time>
      </trkpt>
      <trkpt lat="46.315601" lon="6.174703">
        <ele>419.5</ele>
        <time>2026-09-24T05:50:42Z</time>
      </trkpt>
      <trkpt lat="46.315604" lon="6.174701">
        <ele>419.5</ele>
        <time>2026-09-24T05:50:43Z</time>
      </trkpt>
      <trkpt lat="46.315604" lon="6.174699">
        <ele>419.5</ele>
        <time>2026-09-24T05:50:44Z</time>
      </trkpt>
      <trkpt lat="46.315603" lon="6.174691">
        <ele>419.5</ele>
        <time>2026-09-24T05:50:45Z</time>
      </trkpt>
      <trkpt lat="46.315599" lon="6.174684">
        <ele>419.5</ele>
        <time>2026-09-24T05:50:46Z</time>
      </trkpt>
      <trkpt lat="46.315587" lon="6.174667">
        <ele>419.5</ele>
        <time>2026-09-24T05:50:47Z</time>
      </trkpt>
      <trkpt lat="46.315575" lon="6.174638">
        <ele>419.5</ele>
        <time>2026-09-24T05:50:48Z</time>
      </trkpt>
      <trkpt lat="46.315554" lon="6.174596">
        <ele>419.5</ele>
        <time>2026-09-24T05:50:49Z</time>
      </trkpt>
      <trkpt lat="46.315518" lon="6.174559">
        <ele>419.5</ele>
        <time>2026-09-24T05:50:50Z</time>
      </trkpt>
      <trkpt lat="46.315462" lon="6.17456">
        <ele>419.4</ele>
        <time>2026-09-24T05:50:51Z</time>
      </trkpt>
      <trkpt lat="46.315399" lon="6.174568">
        <ele>419.4</ele>
        <time>2026-09-24T05:50:52Z</time>
      </trkpt>
      <trkpt lat="46.315336" lon="6.174569">
        <ele>419.3</ele>
        <time>2026-09-24T05:50:53Z</time>
      </trkpt>
      <trkpt lat="46.315275" lon="6.174557">
        <ele>419.3</ele>
        <time>2026-09-24T05:50:54Z</time>
      </trkpt>
      <trkpt lat="46.315211" lon="6.174546">
        <ele>419.3</ele>
        <time>2026-09-24T05:50:55Z</time>
      </trkpt>
      <trkpt lat="46.315148" lon="6.174534">
        <ele>419.3</ele>
        <time>2026-09-24T05:50:56Z</time>
      </trkpt>
      <trkpt lat="46.315082" lon="6.174521">
        <ele>419.3</ele>
        <time>2026-09-24T05:50:57Z</time>
      </trkpt>
      <trkpt lat="46.315014" lon="6.174508">
        <ele>419.3</ele>
        <time>2026-09-24T05:50:58Z</time>
      </trkpt>
      <trkpt lat="46.314942" lon="6.174491">
        <ele>419.3</ele>
        <time>2026-09-24T05:50:59Z</time>
      </trkpt>
      <trkpt lat="46.314869" lon="6.174476">
        <ele>419.3</ele>
        <time>2026-09-24T05:51:00Z</time>
      </trkpt>
      <trkpt lat="46.314796" lon="6.174462">
        <ele>419.2</ele>
        <time>2026-09-24T05:51:01Z</time>
      </trkpt>
      <trkpt lat="46.314723" lon="6.174447">
        <ele>419.2</ele>
        <time>2026-09-24T05:51:02Z</time>
      </trkpt>
      <trkpt lat="46.314649" lon="6.17443">
        <ele>419.1</ele>
        <time>2026-09-24T05:51:03Z</time>
      </trkpt>
      <trkpt lat="46.314573" lon="6.174415">
        <ele>419.1</ele>
        <time>2026-09-24T05:51:04Z</time>
      </trkpt>
      <trkpt lat="46.314496" lon="6.1744">
        <ele>419.0</ele>
        <time>2026-09-24T05:51:05Z</time>
      </trkpt>
      <trkpt lat="46.314419" lon="6.174384">
        <ele>419.0</ele>
        <time>2026-09-24T05:51:06Z</time>
      </trkpt>
      <trkpt lat="46.314341" lon="6.174368">
        <ele>418.9</ele>
        <time>2026-09-24T05:51:07Z</time>
      </trkpt>
      <trkpt lat="46.314262" lon="6.174352">
        <ele>418.9</ele>
        <time>2026-09-24T05:51:08Z</time>
      </trkpt>
      <trkpt lat="46.314181" lon="6.174332">
        <ele>418.8</ele>
        <time>2026-09-24T05:51:09Z</time>
      </trkpt>
      <trkpt lat="46.314101" lon="6.174315">
        <ele>418.8</ele>
        <time>2026-09-24T05:51:10Z</time>
      </trkpt>
      <trkpt lat="46.314018" lon="6.174299">
        <ele>418.7</ele>
        <time>2026-09-24T05:51:11Z</time>
      </trkpt>
      <trkpt lat="46.313937" lon="6.174279">
        <ele>418.7</ele>
        <time>2026-09-24T05:51:12Z</time>
      </trkpt>
      <trkpt lat="46.313854" lon="6.174261">
        <ele>418.6</ele>
        <time>2026-09-24T05:51:13Z</time>
      </trkpt>
      <trkpt lat="46.313772" lon="6.174243">
        <ele>418.6</ele>
        <time>2026-09-24T05:51:14Z</time>
      </trkpt>
      <trkpt lat="46.313692" lon="6.174225">
        <ele>418.5</ele>
        <time>2026-09-24T05:51:15Z</time>
      </trkpt>
      <trkpt lat="46.313612" lon="6.174208">
        <ele>418.5</ele>
        <time>2026-09-24T05:51:16Z</time>
      </trkpt>
      <trkpt lat="46.313532" lon="6.174192">
        <ele>418.5</ele>
        <time>2026-09-24T05:51:17Z</time>
      </trkpt>
      <trkpt lat="46.313451" lon="6.174178">
        <ele>418.4</ele>
        <time>2026-09-24T05:51:18Z</time>
      </trkpt>
      <trkpt lat="46.31337" lon="6.174161">
        <ele>418.4</ele>
        <time>2026-09-24T05:51:19Z</time>
      </trkpt>
      <trkpt lat="46.31329" lon="6.174144">
        <ele>418.3</ele>
        <time>2026-09-24T05:51:20Z</time>
      </trkpt>
      <trkpt lat="46.313211" lon="6.174127">
        <ele>418.2</ele>
        <time>2026-09-24T05:51:21Z</time>
      </trkpt>
      <trkpt lat="46.313132" lon="6.17411">
        <ele>418.2</ele>
        <time>2026-09-24T05:51:22Z</time>
      </trkpt>
      <trkpt lat="46.313055" lon="6.174093">
        <ele>418.1</ele>
        <time>2026-09-24T05:51:23Z</time>
      </trkpt>
      <trkpt lat="46.312978" lon="6.174079">
        <ele>418.0</ele>
        <time>2026-09-24T05:51:24Z</time>
      </trkpt>
      <trkpt lat="46.312898" lon="6.174066">
        <ele>418.0</ele>
        <time>2026-09-24T05:51:25Z</time>
      </trkpt>
      <trkpt lat="46.312819" lon="6.174047">
        <ele>417.9</ele>
        <time>2026-09-24T05:51:26Z</time>
      </trkpt>
      <trkpt lat="46.31274" lon="6.174028">
        <ele>417.8</ele>
        <time>2026-09-24T05:51:27Z</time>
      </trkpt>
      <trkpt lat="46.31266" lon="6.174014">
        <ele>417.8</ele>
        <time>2026-09-24T05:51:28Z</time>
      </trkpt>
      <trkpt lat="46.312582" lon="6.174001">
        <ele>417.7</ele>
        <time>2026-09-24T05:51:29Z</time>
      </trkpt>
      <trkpt lat="46.312501" lon="6.173985">
        <ele>417.7</ele>
        <time>2026-09-24T05:51:30Z</time>
      </trkpt>
      <trkpt lat="46.312421" lon="6.173972">
        <ele>417.6</ele>
        <time>2026-09-24T05:51:31Z</time>
      </trkpt>
      <trkpt lat="46.312342" lon="6.173953">
        <ele>417.5</ele>
        <time>2026-09-24T05:51:32Z</time>
      </trkpt>
      <trkpt lat="46.312262" lon="6.173937">
        <ele>417.5</ele>
        <time>2026-09-24T05:51:33Z</time>
      </trkpt>
      <trkpt lat="46.312182" lon="6.173919">
        <ele>417.4</ele>
        <time>2026-09-24T05:51:34Z</time>
      </trkpt>
      <trkpt lat="46.312103" lon="6.173903">
        <ele>417.3</ele>
        <time>2026-09-24T05:51:35Z</time>
      </trkpt>
      <trkpt lat="46.312024" lon="6.173888">
        <ele>417.3</ele>
        <time>2026-09-24T05:51:36Z</time>
      </trkpt>
      <trkpt lat="46.311945" lon="6.173869">
        <ele>417.2</ele>
        <time>2026-09-24T05:51:37Z</time>
      </trkpt>
      <trkpt lat="46.311866" lon="6.173854">
        <ele>417.1</ele>
        <time>2026-09-24T05:51:38Z</time>
      </trkpt>
      <trkpt lat="46.311786" lon="6.173837">
        <ele>417.0</ele>
        <time>2026-09-24T05:51:39Z</time>
      </trkpt>
      <trkpt lat="46.311706" lon="6.173827">
        <ele>417.0</ele>
        <time>2026-09-24T05:51:40Z</time>
      </trkpt>
      <trkpt lat="46.31162" lon="6.173813">
        <ele>416.9</ele>
        <time>2026-09-24T05:51:41Z</time>
      </trkpt>
      <trkpt lat="46.311545" lon="6.173795">
        <ele>416.8</ele>
        <time>2026-09-24T05:51:42Z</time>
      </trkpt>
      <trkpt lat="46.311468" lon="6.173781">
        <ele>416.7</ele>
        <time>2026-09-24T05:51:43Z</time>
      </trkpt>
      <trkpt lat="46.311389" lon="6.173766">
        <ele>416.6</ele>
        <time>2026-09-24T05:51:44Z</time>
      </trkpt>
      <trkpt lat="46.311309" lon="6.17375">
        <ele>416.6</ele>
        <time>2026-09-24T05:51:45Z</time>
      </trkpt>
      <trkpt lat="46.31123" lon="6.173736">
        <ele>416.5</ele>
        <time>2026-09-24T05:51:46Z</time>
      </trkpt>
      <trkpt lat="46.311152" lon="6.173721">
        <ele>416.4</ele>
        <time>2026-09-24T05:51:47Z</time>
      </trkpt>
      <trkpt lat="46.311073" lon="6.173704">
        <ele>416.3</ele>
        <time>2026-09-24T05:51:48Z</time>
      </trkpt>
      <trkpt lat="46.310993" lon="6.173687">
        <ele>416.2</ele>
        <time>2026-09-24T05:51:49Z</time>
      </trkpt>
      <trkpt lat="46.310913" lon="6.17367">
        <ele>416.1</ele>
        <time>2026-09-24T05:51:50Z</time>
      </trkpt>
      <trkpt lat="46.310832" lon="6.173654">
        <ele>416.1</ele>
        <time>2026-09-24T05:51:51Z</time>
      </trkpt>
      <trkpt lat="46.310752" lon="6.173642">
        <ele>416.0</ele>
        <time>2026-09-24T05:51:52Z</time>
      </trkpt>
      <trkpt lat="46.310672" lon="6.173625">
        <ele>415.9</ele>
        <time>2026-09-24T05:51:53Z</time>
      </trkpt>
      <trkpt lat="46.31059" lon="6.173607">
        <ele>415.8</ele>
        <time>2026-09-24T05:51:54Z</time>
      </trkpt>
      <trkpt lat="46.31051" lon="6.17359">
        <ele>415.7</ele>
        <time>2026-09-24T05:51:55Z</time>
      </trkpt>
      <trkpt lat="46.310428" lon="6.173575">
        <ele>415.5</ele>
        <time>2026-09-24T05:51:56Z</time>
      </trkpt>
      <trkpt lat="46.310348" lon="6.173562">
        <ele>415.4</ele>
        <time>2026-09-24T05:51:57Z</time>
      </trkpt>
      <trkpt lat="46.310268" lon="6.173546">
        <ele>415.3</ele>
        <time>2026-09-24T05:51:58Z</time>
      </trkpt>
      <trkpt lat="46.310188" lon="6.17353">
        <ele>415.2</ele>
        <time>2026-09-24T05:51:59Z</time>
      </trkpt>
      <trkpt lat="46.310107" lon="6.173513">
        <ele>415.1</ele>
        <time>2026-09-24T05:52:00Z</time>
      </trkpt>
      <trkpt lat="46.310031" lon="6.173487">
        <ele>415.0</ele>
        <time>2026-09-24T05:52:01Z</time>
      </trkpt>
      <trkpt lat="46.309953" lon="6.173457">
        <ele>415.0</ele>
        <time>2026-09-24T05:52:02Z</time>
      </trkpt>
      <trkpt lat="46.309876" lon="6.173436">
        <ele>414.9</ele>
        <time>2026-09-24T05:52:03Z</time>
      </trkpt>
      <trkpt lat="46.309796" lon="6.173433">
        <ele>414.6</ele>
        <time>2026-09-24T05:52:04Z</time>
      </trkpt>
      <trkpt lat="46.309713" lon="6.173437">
        <ele>414.3</ele>
        <time>2026-09-24T05:52:05Z</time>
      </trkpt>
      <trkpt lat="46.309629" lon="6.173433">
        <ele>414.0</ele>
        <time>2026-09-24T05:52:06Z</time>
      </trkpt>
      <trkpt lat="46.309545" lon="6.173414">
        <ele>413.8</ele>
        <time>2026-09-24T05:52:07Z</time>
      </trkpt>
      <trkpt lat="46.309463" lon="6.173386">
        <ele>413.5</ele>
        <time>2026-09-24T05:52:08Z</time>
      </trkpt>
      <trkpt lat="46.309379" lon="6.173357">
        <ele>413.1</ele>
        <time>2026-09-24T05:52:09Z</time>
      </trkpt>
      <trkpt lat="46.309291" lon="6.173323">
        <ele>412.5</ele>
        <time>2026-09-24T05:52:10Z</time>
      </trkpt>
      <trkpt lat="46.309204" lon="6.173294">
        <ele>411.9</ele>
        <time>2026-09-24T05:52:11Z</time>
      </trkpt>
      <trkpt lat="46.309113" lon="6.173253">
        <ele>411.2</ele>
        <time>2026-09-24T05:52:12Z</time>
      </trkpt>
      <trkpt lat="46.309021" lon="6.173202">
        <ele>410.5</ele>
        <time>2026-09-24T05:52:13Z</time>
      </trkpt>
      <trkpt lat="46.308932" lon="6.173133">
        <ele>409.8</ele>
        <time>2026-09-24T05:52:14Z</time>
      </trkpt>
      <trkpt lat="46.308845" lon="6.173052">
        <ele>409.2</ele>
        <time>2026-09-24T05:52:15Z</time>
      </trkpt>
      <trkpt lat="46.308762" lon="6.17296">
        <ele>408.8</ele>
        <time>2026-09-24T05:52:16Z</time>
      </trkpt>
      <trkpt lat="46.308677" lon="6.172874">
        <ele>408.5</ele>
        <time>2026-09-24T05:52:17Z</time>
      </trkpt>
      <trkpt lat="46.308588" lon="6.172801">
        <ele>408.2</ele>
        <time>2026-09-24T05:52:18Z</time>
      </trkpt>
      <trkpt lat="46.3085" lon="6.172729">
        <ele>408.1</ele>
        <time>2026-09-24T05:52:19Z</time>
      </trkpt>
      <trkpt lat="46.308408" lon="6.172659">
        <ele>407.9</ele>
        <time>2026-09-24T05:52:20Z</time>
      </trkpt>
      <trkpt lat="46.308316" lon="6.172597">
        <ele>407.9</ele>
        <time>2026-09-24T05:52:21Z</time>
      </trkpt>
      <trkpt lat="46.308226" lon="6.172536">
        <ele>407.8</ele>
        <time>2026-09-24T05:52:22Z</time>
      </trkpt>
      <trkpt lat="46.308135" lon="6.172478">
        <ele>407.8</ele>
        <time>2026-09-24T05:52:23Z</time>
      </trkpt>
      <trkpt lat="46.308043" lon="6.172427">
        <ele>407.8</ele>
        <time>2026-09-24T05:52:24Z</time>
      </trkpt>
      <trkpt lat="46.307947" lon="6.172387">
        <ele>407.8</ele>
        <time>2026-09-24T05:52:25Z</time>
      </trkpt>
      <trkpt lat="46.307849" lon="6.172362">
        <ele>407.7</ele>
        <time>2026-09-24T05:52:26Z</time>
      </trkpt>
      <trkpt lat="46.307753" lon="6.172347">
        <ele>407.6</ele>
        <time>2026-09-24T05:52:27Z</time>
      </trkpt>
      <trkpt lat="46.307656" lon="6.172347">
        <ele>407.5</ele>
        <time>2026-09-24T05:52:28Z</time>
      </trkpt>
      <trkpt lat="46.307559" lon="6.172354">
        <ele>407.4</ele>
        <time>2026-09-24T05:52:29Z</time>
      </trkpt>
      <trkpt lat="46.307463" lon="6.172363">
        <ele>407.3</ele>
        <time>2026-09-24T05:52:30Z</time>
      </trkpt>
      <trkpt lat="46.30737" lon="6.172368">
        <ele>407.3</ele>
        <time>2026-09-24T05:52:31Z</time>
      </trkpt>
      <trkpt lat="46.307279" lon="6.172369">
        <ele>407.3</ele>
        <time>2026-09-24T05:52:32Z</time>
      </trkpt>
      <trkpt lat="46.307191" lon="6.172372">
        <ele>407.4</ele>
        <time>2026-09-24T05:52:33Z</time>
      </trkpt>
      <trkpt lat="46.307103" lon="6.172377">
        <ele>407.5</ele>
        <time>2026-09-24T05:52:34Z</time>
      </trkpt>
      <trkpt lat="46.307017" lon="6.172375">
        <ele>407.6</ele>
        <time>2026-09-24T05:52:35Z</time>
      </trkpt>
      <trkpt lat="46.306933" lon="6.172376">
        <ele>407.7</ele>
        <time>2026-09-24T05:52:36Z</time>
      </trkpt>
      <trkpt lat="46.306853" lon="6.172377">
        <ele>407.9</ele>
        <time>2026-09-24T05:52:37Z</time>
      </trkpt>
      <trkpt lat="46.306774" lon="6.17238">
        <ele>408.0</ele>
        <time>2026-09-24T05:52:38Z</time>
      </trkpt>
      <trkpt lat="46.306698" lon="6.172382">
        <ele>408.2</ele>
        <time>2026-09-24T05:52:39Z</time>
      </trkpt>
      <trkpt lat="46.306624" lon="6.172384">
        <ele>408.4</ele>
        <time>2026-09-24T05:52:40Z</time>
      </trkpt>
      <trkpt lat="46.306552" lon="6.172387">
        <ele>408.6</ele>
        <time>2026-09-24T05:52:41Z</time>
      </trkpt>
      <trkpt lat="46.306482" lon="6.172389">
        <ele>408.8</ele>
        <time>2026-09-24T05:52:42Z</time>
      </trkpt>
      <trkpt lat="46.306415" lon="6.172399">
        <ele>409.1</ele>
        <time>2026-09-24T05:52:43Z</time>
      </trkpt>
      <trkpt lat="46.30635" lon="6.172413">
        <ele>409.3</ele>
        <time>2026-09-24T05:52:44Z</time>
      </trkpt>
      <trkpt lat="46.306289" lon="6.172433">
        <ele>409.6</ele>
        <time>2026-09-24T05:52:45Z</time>
      </trkpt>
      <trkpt lat="46.306231" lon="6.172455">
        <ele>409.8</ele>
        <time>2026-09-24T05:52:46Z</time>
      </trkpt>
      <trkpt lat="46.306178" lon="6.172478">
        <ele>410.1</ele>
        <time>2026-09-24T05:52:47Z</time>
      </trkpt>
      <trkpt lat="46.306125" lon="6.172496">
        <ele>410.3</ele>
        <time>2026-09-24T05:52:48Z</time>
      </trkpt>
      <trkpt lat="46.306074" lon="6.172506">
        <ele>410.6</ele>
        <time>2026-09-24T05:52:49Z</time>
      </trkpt>
      <trkpt lat="46.306021" lon="6.172496">
        <ele>410.7</ele>
        <time>2026-09-24T05:52:50Z</time>
      </trkpt>
      <trkpt lat="46.305969" lon="6.172459">
        <ele>410.8</ele>
        <time>2026-09-24T05:52:51Z</time>
      </trkpt>
      <trkpt lat="46.305924" lon="6.172405">
        <ele>411.0</ele>
        <time>2026-09-24T05:52:52Z</time>
      </trkpt>
      <trkpt lat="46.305886" lon="6.172343">
        <ele>411.1</ele>
        <time>2026-09-24T05:52:53Z</time>
      </trkpt>
      <trkpt lat="46.305856" lon="6.172274">
        <ele>411.2</ele>
        <time>2026-09-24T05:52:54Z</time>
      </trkpt>
      <trkpt lat="46.30583" lon="6.172207">
        <ele>411.2</ele>
        <time>2026-09-24T05:52:55Z</time>
      </trkpt>
      <trkpt lat="46.305803" lon="6.172135">
        <ele>411.3</ele>
        <time>2026-09-24T05:52:56Z</time>
      </trkpt>
      <trkpt lat="46.305772" lon="6.172067">
        <ele>411.3</ele>
        <time>2026-09-24T05:52:57Z</time>
      </trkpt>
      <trkpt lat="46.30574" lon="6.171995">
        <ele>411.3</ele>
        <time>2026-09-24T05:52:58Z</time>
      </trkpt>
      <trkpt lat="46.305708" lon="6.171919">
        <ele>411.3</ele>
        <time>2026-09-24T05:52:59Z</time>
      </trkpt>
      <trkpt lat="46.305674" lon="6.171846">
        <ele>411.3</ele>
        <time>2026-09-24T05:53:00Z</time>
      </trkpt>
      <trkpt lat="46.30564" lon="6.171773">
        <ele>411.3</ele>
        <time>2026-09-24T05:53:01Z</time>
      </trkpt>
      <trkpt lat="46.305603" lon="6.171701">
        <ele>411.3</ele>
        <time>2026-09-24T05:53:02Z</time>
      </trkpt>
      <trkpt lat="46.305564" lon="6.17163">
        <ele>411.2</ele>
        <time>2026-09-24T05:53:03Z</time>
      </trkpt>
      <trkpt lat="46.305523" lon="6.17156">
        <ele>411.2</ele>
        <time>2026-09-24T05:53:04Z</time>
      </trkpt>
      <trkpt lat="46.305483" lon="6.171487">
        <ele>411.2</ele>
        <time>2026-09-24T05:53:05Z</time>
      </trkpt>
      <trkpt lat="46.305438" lon="6.171417">
        <ele>411.2</ele>
        <time>2026-09-24T05:53:06Z</time>
      </trkpt>
      <trkpt lat="46.305393" lon="6.171345">
        <ele>411.2</ele>
        <time>2026-09-24T05:53:07Z</time>
      </trkpt>
      <trkpt lat="46.305345" lon="6.171275">
        <ele>411.1</ele>
        <time>2026-09-24T05:53:08Z</time>
      </trkpt>
      <trkpt lat="46.305298" lon="6.171206">
        <ele>411.1</ele>
        <time>2026-09-24T05:53:09Z</time>
      </trkpt>
      <trkpt lat="46.305247" lon="6.171138">
        <ele>411.1</ele>
        <time>2026-09-24T05:53:10Z</time>
      </trkpt>
      <trkpt lat="46.305194" lon="6.17107">
        <ele>411.1</ele>
        <time>2026-09-24T05:53:11Z</time>
      </trkpt>
      <trkpt lat="46.305144" lon="6.170997">
        <ele>411.1</ele>
        <time>2026-09-24T05:53:12Z</time>
      </trkpt>
      <trkpt lat="46.305097" lon="6.170925">
        <ele>411.1</ele>
        <time>2026-09-24T05:53:13Z</time>
      </trkpt>
      <trkpt lat="46.305048" lon="6.170852">
        <ele>411.1</ele>
        <time>2026-09-24T05:53:14Z</time>
      </trkpt>
      <trkpt lat="46.304995" lon="6.170785">
        <ele>411.1</ele>
        <time>2026-09-24T05:53:15Z</time>
      </trkpt>
      <trkpt lat="46.304942" lon="6.170715">
        <ele>411.2</ele>
        <time>2026-09-24T05:53:16Z</time>
      </trkpt>
      <trkpt lat="46.30489" lon="6.170646">
        <ele>411.2</ele>
        <time>2026-09-24T05:53:17Z</time>
      </trkpt>
      <trkpt lat="46.304838" lon="6.170579">
        <ele>411.2</ele>
        <time>2026-09-24T05:53:18Z</time>
      </trkpt>
      <trkpt lat="46.304783" lon="6.170518">
        <ele>411.2</ele>
        <time>2026-09-24T05:53:19Z</time>
      </trkpt>
      <trkpt lat="46.304732" lon="6.170456">
        <ele>411.3</ele>
        <time>2026-09-24T05:53:20Z</time>
      </trkpt>
      <trkpt lat="46.30468" lon="6.170395">
        <ele>411.3</ele>
        <time>2026-09-24T05:53:21Z</time>
      </trkpt>
      <trkpt lat="46.304628" lon="6.170338">
        <ele>411.3</ele>
        <time>2026-09-24T05:53:22Z</time>
      </trkpt>
      <trkpt lat="46.304574" lon="6.170281">
        <ele>411.4</ele>
        <time>2026-09-24T05:53:23Z</time>
      </trkpt>
      <trkpt lat="46.304521" lon="6.170227">
        <ele>411.4</ele>
        <time>2026-09-24T05:53:24Z</time>
      </trkpt>
      <trkpt lat="46.304466" lon="6.170178">
        <ele>411.4</ele>
        <time>2026-09-24T05:53:25Z</time>
      </trkpt>
      <trkpt lat="46.304407" lon="6.170141">
        <ele>411.4</ele>
        <time>2026-09-24T05:53:26Z</time>
      </trkpt>
      <trkpt lat="46.304347" lon="6.170108">
        <ele>411.4</ele>
        <time>2026-09-24T05:53:27Z</time>
      </trkpt>
      <trkpt lat="46.304284" lon="6.170078">
        <ele>411.4</ele>
        <time>2026-09-24T05:53:28Z</time>
      </trkpt>
      <trkpt lat="46.304219" lon="6.170046">
        <ele>411.3</ele>
        <time>2026-09-24T05:53:29Z</time>
      </trkpt>
      <trkpt lat="46.304155" lon="6.170015">
        <ele>411.3</ele>
        <time>2026-09-24T05:53:30Z</time>
      </trkpt>
      <trkpt lat="46.304086" lon="6.169985">
        <ele>411.2</ele>
        <time>2026-09-24T05:53:31Z</time>
      </trkpt>
      <trkpt lat="46.30402" lon="6.169946">
        <ele>411.2</ele>
        <time>2026-09-24T05:53:32Z</time>
      </trkpt>
      <trkpt lat="46.303955" lon="6.169903">
        <ele>411.2</ele>
        <time>2026-09-24T05:53:33Z</time>
      </trkpt>
      <trkpt lat="46.303887" lon="6.169863">
        <ele>411.1</ele>
        <time>2026-09-24T05:53:34Z</time>
      </trkpt>
      <trkpt lat="46.303818" lon="6.169821">
        <ele>411.1</ele>
        <time>2026-09-24T05:53:35Z</time>
      </trkpt>
      <trkpt lat="46.303746" lon="6.16978">
        <ele>411.0</ele>
        <time>2026-09-24T05:53:36Z</time>
      </trkpt>
      <trkpt lat="46.303677" lon="6.169739">
        <ele>411.0</ele>
        <time>2026-09-24T05:53:37Z</time>
      </trkpt>
      <trkpt lat="46.303605" lon="6.169707">
        <ele>410.9</ele>
        <time>2026-09-24T05:53:38Z</time>
      </trkpt>
      <trkpt lat="46.303534" lon="6.169671">
        <ele>410.9</ele>
        <time>2026-09-24T05:53:39Z</time>
      </trkpt>
      <trkpt lat="46.303462" lon="6.169634">
        <ele>410.8</ele>
        <time>2026-09-24T05:53:40Z</time>
      </trkpt>
      <trkpt lat="46.303399" lon="6.169563">
        <ele>410.8</ele>
        <time>2026-09-24T05:53:41Z</time>
      </trkpt>
      <trkpt lat="46.303359" lon="6.169461">
        <ele>410.9</ele>
        <time>2026-09-24T05:53:42Z</time>
      </trkpt>
      <trkpt lat="46.303341" lon="6.169347">
        <ele>411.0</ele>
        <time>2026-09-24T05:53:43Z</time>
      </trkpt>
      <trkpt lat="46.303331" lon="6.169239">
        <ele>411.1</ele>
        <time>2026-09-24T05:53:44Z</time>
      </trkpt>
      <trkpt lat="46.303314" lon="6.169137">
        <ele>411.1</ele>
        <time>2026-09-24T05:53:45Z</time>
      </trkpt>
      <trkpt lat="46.30328" lon="6.169047">
        <ele>411.2</ele>
        <time>2026-09-24T05:53:46Z</time>
      </trkpt>
      <trkpt lat="46.303237" lon="6.168961">
        <ele>411.2</ele>
        <time>2026-09-24T05:53:47Z</time>
      </trkpt>
      <trkpt lat="46.303195" lon="6.168874">
        <ele>411.3</ele>
        <time>2026-09-24T05:53:48Z</time>
      </trkpt>
      <trkpt lat="46.30315" lon="6.168799">
        <ele>411.4</ele>
        <time>2026-09-24T05:53:49Z</time>
      </trkpt>
      <trkpt lat="46.303101" lon="6.168729">
        <ele>411.4</ele>
        <time>2026-09-24T05:53:50Z</time>
      </trkpt>
      <trkpt lat="46.303053" lon="6.168662">
        <ele>411.4</ele>
        <time>2026-09-24T05:53:51Z</time>
      </trkpt>
      <trkpt lat="46.303005" lon="6.168594">
        <ele>411.5</ele>
        <time>2026-09-24T05:53:52Z</time>
      </trkpt>
      <trkpt lat="46.302956" lon="6.168529">
        <ele>411.5</ele>
        <time>2026-09-24T05:53:53Z</time>
      </trkpt>
      <trkpt lat="46.302908" lon="6.168462">
        <ele>411.5</ele>
        <time>2026-09-24T05:53:54Z</time>
      </trkpt>
      <trkpt lat="46.302857" lon="6.168385">
        <ele>411.5</ele>
        <time>2026-09-24T05:53:55Z</time>
      </trkpt>
      <trkpt lat="46.302809" lon="6.168294">
        <ele>411.5</ele>
        <time>2026-09-24T05:53:56Z</time>
      </trkpt>
      <trkpt lat="46.302762" lon="6.168229">
        <ele>411.6</ele>
        <time>2026-09-24T05:53:57Z</time>
      </trkpt>
      <trkpt lat="46.302715" lon="6.16816">
        <ele>411.6</ele>
        <time>2026-09-24T05:53:58Z</time>
      </trkpt>
      <trkpt lat="46.302664" lon="6.168092">
        <ele>411.6</ele>
        <time>2026-09-24T05:53:59Z</time>
      </trkpt>
      <trkpt lat="46.302615" lon="6.168016">
        <ele>411.6</ele>
        <time>2026-09-24T05:54:00Z</time>
      </trkpt>
      <trkpt lat="46.302569" lon="6.167945">
        <ele>411.6</ele>
        <time>2026-09-24T05:54:01Z</time>
      </trkpt>
      <trkpt lat="46.302525" lon="6.167864">
        <ele>411.6</ele>
        <time>2026-09-24T05:54:02Z</time>
      </trkpt>
      <trkpt lat="46.302474" lon="6.167796">
        <ele>411.6</ele>
        <time>2026-09-24T05:54:03Z</time>
      </trkpt>
      <trkpt lat="46.30242" lon="6.167729">
        <ele>411.7</ele>
        <time>2026-09-24T05:54:04Z</time>
      </trkpt>
      <trkpt lat="46.30237" lon="6.167662">
        <ele>411.7</ele>
        <time>2026-09-24T05:54:05Z</time>
      </trkpt>
      <trkpt lat="46.302319" lon="6.167595">
        <ele>411.7</ele>
        <time>2026-09-24T05:54:06Z</time>
      </trkpt>
      <trkpt lat="46.30227" lon="6.167521">
        <ele>411.7</ele>
        <time>2026-09-24T05:54:07Z</time>
      </trkpt>
      <trkpt lat="46.302224" lon="6.167445">
        <ele>411.7</ele>
        <time>2026-09-24T05:54:08Z</time>
      </trkpt>
      <trkpt lat="46.302177" lon="6.167371">
        <ele>411.7</ele>
        <time>2026-09-24T05:54:09Z</time>
      </trkpt>
      <trkpt lat="46.302129" lon="6.167299">
        <ele>411.7</ele>
        <time>2026-09-24T05:54:10Z</time>
      </trkpt>
      <trkpt lat="46.30208" lon="6.167228">
        <ele>411.7</ele>
        <time>2026-09-24T05:54:11Z</time>
      </trkpt>
      <trkpt lat="46.30203" lon="6.167158">
        <ele>411.7</ele>
        <time>2026-09-24T05:54:12Z</time>
      </trkpt>
      <trkpt lat="46.301978" lon="6.167093">
        <ele>411.7</ele>
        <time>2026-09-24T05:54:13Z</time>
      </trkpt>
      <trkpt lat="46.301932" lon="6.167018">
        <ele>411.7</ele>
        <time>2026-09-24T05:54:14Z</time>
      </trkpt>
      <trkpt lat="46.301883" lon="6.166948">
        <ele>411.7</ele>
        <time>2026-09-24T05:54:15Z</time>
      </trkpt>
      <trkpt lat="46.301836" lon="6.16688">
        <ele>411.7</ele>
        <time>2026-09-24T05:54:16Z</time>
      </trkpt>
      <trkpt lat="46.301787" lon="6.166812">
        <ele>411.7</ele>
        <time>2026-09-24T05:54:17Z</time>
      </trkpt>
      <trkpt lat="46.301738" lon="6.166741">
        <ele>411.7</ele>
        <time>2026-09-24T05:54:18Z</time>
      </trkpt>
      <trkpt lat="46.301692" lon="6.166681">
        <ele>411.7</ele>
        <time>2026-09-24T05:54:19Z</time>
      </trkpt>
      <trkpt lat="46.301654" lon="6.166623">
        <ele>411.8</ele>
        <time>2026-09-24T05:54:20Z</time>
      </trkpt>
      <trkpt lat="46.301624" lon="6.166584">
        <ele>411.8</ele>
        <time>2026-09-24T05:54:21Z</time>
      </trkpt>
      <trkpt lat="46.301603" lon="6.166552">
        <ele>411.8</ele>
        <time>2026-09-24T05:54:22Z</time>
      </trkpt>
      <trkpt lat="46.301583" lon="6.16653">
        <ele>411.8</ele>
        <time>2026-09-24T05:54:23Z</time>
      </trkpt>
      <trkpt lat="46.301573" lon="6.166517">
        <ele>411.8</ele>
        <time>2026-09-24T05:54:24Z</time>
      </trkpt>
      <trkpt lat="46.301565" lon="6.166511">
        <ele>411.8</ele>
        <time>2026-09-24T05:54:25Z</time>
      </trkpt>
      <trkpt lat="46.301548" lon="6.166492">
        <ele>411.8</ele>
        <time>2026-09-24T05:54:26Z</time>
      </trkpt>
      <trkpt lat="46.301517" lon="6.16647">
        <ele>411.8</ele>
        <time>2026-09-24T05:54:27Z</time>
      </trkpt>
      <trkpt lat="46.301477" lon="6.16644">
        <ele>411.8</ele>
        <time>2026-09-24T05:54:28Z</time>
      </trkpt>
      <trkpt lat="46.301445" lon="6.166394">
        <ele>411.8</ele>
        <time>2026-09-24T05:54:29Z</time>
      </trkpt>
      <trkpt lat="46.301435" lon="6.166328">
        <ele>411.9</ele>
        <time>2026-09-24T05:54:30Z</time>
      </trkpt>
      <trkpt lat="46.301415" lon="6.166262">
        <ele>411.9</ele>
        <time>2026-09-24T05:54:31Z</time>
      </trkpt>
      <trkpt lat="46.301386" lon="6.166199">
        <ele>411.9</ele>
        <time>2026-09-24T05:54:32Z</time>
      </trkpt>
      <trkpt lat="46.301342" lon="6.166152">
        <ele>411.9</ele>
        <time>2026-09-24T05:54:33Z</time>
      </trkpt>
      <trkpt lat="46.301302" lon="6.166098">
        <ele>411.9</ele>
        <time>2026-09-24T05:54:34Z</time>
      </trkpt>
      <trkpt lat="46.301261" lon="6.166044">
        <ele>411.9</ele>
        <time>2026-09-24T05:54:35Z</time>
      </trkpt>
      <trkpt lat="46.30122" lon="6.165988">
        <ele>411.9</ele>
        <time>2026-09-24T05:54:36Z</time>
      </trkpt>
      <trkpt lat="46.301176" lon="6.165936">
        <ele>411.9</ele>
        <time>2026-09-24T05:54:37Z</time>
      </trkpt>
      <trkpt lat="46.301131" lon="6.165886">
        <ele>411.9</ele>
        <time>2026-09-24T05:54:38Z</time>
      </trkpt>
      <trkpt lat="46.301085" lon="6.165836">
        <ele>411.9</ele>
        <time>2026-09-24T05:54:39Z</time>
      </trkpt>
      <trkpt lat="46.301037" lon="6.165786">
        <ele>411.9</ele>
        <time>2026-09-24T05:54:40Z</time>
      </trkpt>
      <trkpt lat="46.300993" lon="6.16574">
        <ele>412.0</ele>
        <time>2026-09-24T05:54:41Z</time>
      </trkpt>
      <trkpt lat="46.300945" lon="6.165693">
        <ele>412.0</ele>
        <time>2026-09-24T05:54:42Z</time>
      </trkpt>
      <trkpt lat="46.300897" lon="6.165647">
        <ele>412.0</ele>
        <time>2026-09-24T05:54:43Z</time>
      </trkpt>
      <trkpt lat="46.300848" lon="6.165599">
        <ele>412.0</ele>
        <time>2026-09-24T05:54:44Z</time>
      </trkpt>
      <trkpt lat="46.300796" lon="6.165554">
        <ele>412.0</ele>
        <time>2026-09-24T05:54:45Z</time>
      </trkpt>
      <trkpt lat="46.300742" lon="6.165508">
        <ele>412.0</ele>
        <time>2026-09-24T05:54:46Z</time>
      </trkpt>
      <trkpt lat="46.30069" lon="6.165462">
        <ele>412.0</ele>
        <time>2026-09-24T05:54:47Z</time>
      </trkpt>
      <trkpt lat="46.300637" lon="6.165416">
        <ele>411.9</ele>
        <time>2026-09-24T05:54:48Z</time>
      </trkpt>
      <trkpt lat="46.300582" lon="6.165368">
        <ele>411.9</ele>
        <time>2026-09-24T05:54:49Z</time>
      </trkpt>
      <trkpt lat="46.300527" lon="6.165319">
        <ele>411.9</ele>
        <time>2026-09-24T05:54:50Z</time>
      </trkpt>
      <trkpt lat="46.300472" lon="6.165276">
        <ele>411.9</ele>
        <time>2026-09-24T05:54:51Z</time>
      </trkpt>
      <trkpt lat="46.300416" lon="6.165229">
        <ele>411.9</ele>
        <time>2026-09-24T05:54:52Z</time>
      </trkpt>
      <trkpt lat="46.30036" lon="6.165176">
        <ele>411.8</ele>
        <time>2026-09-24T05:54:53Z</time>
      </trkpt>
      <trkpt lat="46.300303" lon="6.165131">
        <ele>411.8</ele>
        <time>2026-09-24T05:54:54Z</time>
      </trkpt>
      <trkpt lat="46.300246" lon="6.165079">
        <ele>411.8</ele>
        <time>2026-09-24T05:54:55Z</time>
      </trkpt>
      <trkpt lat="46.300188" lon="6.165034">
        <ele>411.7</ele>
        <time>2026-09-24T05:54:56Z</time>
      </trkpt>
      <trkpt lat="46.30013" lon="6.164983">
        <ele>411.7</ele>
        <time>2026-09-24T05:54:57Z</time>
      </trkpt>
      <trkpt lat="46.300074" lon="6.164932">
        <ele>411.7</ele>
        <time>2026-09-24T05:54:58Z</time>
      </trkpt>
      <trkpt lat="46.300016" lon="6.16488">
        <ele>411.6</ele>
        <time>2026-09-24T05:54:59Z</time>
      </trkpt>
      <trkpt lat="46.299955" lon="6.164835">
        <ele>411.6</ele>
        <time>2026-09-24T05:55:00Z</time>
      </trkpt>
      <trkpt lat="46.299896" lon="6.164782">
        <ele>411.5</ele>
        <time>2026-09-24T05:55:01Z</time>
      </trkpt>
      <trkpt lat="46.299835" lon="6.164735">
        <ele>411.5</ele>
        <time>2026-09-24T05:55:02Z</time>
      </trkpt>
      <trkpt lat="46.299775" lon="6.16468">
        <ele>411.4</ele>
        <time>2026-09-24T05:55:03Z</time>
      </trkpt>
      <trkpt lat="46.299714" lon="6.164625">
        <ele>411.4</ele>
        <time>2026-09-24T05:55:04Z</time>
      </trkpt>
      <trkpt lat="46.299655" lon="6.164564">
        <ele>411.3</ele>
        <time>2026-09-24T05:55:05Z</time>
      </trkpt>
      <trkpt lat="46.299595" lon="6.164503">
        <ele>411.3</ele>
        <time>2026-09-24T05:55:06Z</time>
      </trkpt>
      <trkpt lat="46.299537" lon="6.164441">
        <ele>411.2</ele>
        <time>2026-09-24T05:55:07Z</time>
      </trkpt>
      <trkpt lat="46.299478" lon="6.164379">
        <ele>411.2</ele>
        <time>2026-09-24T05:55:08Z</time>
      </trkpt>
      <trkpt lat="46.29942" lon="6.164322">
        <ele>411.1</ele>
        <time>2026-09-24T05:55:09Z</time>
      </trkpt>
      <trkpt lat="46.299363" lon="6.164257">
        <ele>411.1</ele>
        <time>2026-09-24T05:55:10Z</time>
      </trkpt>
      <trkpt lat="46.299304" lon="6.164184">
        <ele>411.1</ele>
        <time>2026-09-24T05:55:11Z</time>
      </trkpt>
      <trkpt lat="46.299249" lon="6.164113">
        <ele>411.1</ele>
        <time>2026-09-24T05:55:12Z</time>
      </trkpt>
      <trkpt lat="46.299193" lon="6.164033">
        <ele>411.1</ele>
        <time>2026-09-24T05:55:13Z</time>
      </trkpt>
      <trkpt lat="46.299135" lon="6.16396">
        <ele>411.2</ele>
        <time>2026-09-24T05:55:14Z</time>
      </trkpt>
      <trkpt lat="46.299085" lon="6.163881">
        <ele>411.2</ele>
        <time>2026-09-24T05:55:15Z</time>
      </trkpt>
      <trkpt lat="46.299035" lon="6.163801">
        <ele>411.3</ele>
        <time>2026-09-24T05:55:16Z</time>
      </trkpt>
      <trkpt lat="46.298985" lon="6.163726">
        <ele>411.3</ele>
        <time>2026-09-24T05:55:17Z</time>
      </trkpt>
      <trkpt lat="46.298937" lon="6.163653">
        <ele>411.4</ele>
        <time>2026-09-24T05:55:18Z</time>
      </trkpt>
      <trkpt lat="46.298891" lon="6.163574">
        <ele>411.6</ele>
        <time>2026-09-24T05:55:19Z</time>
      </trkpt>
      <trkpt lat="46.298844" lon="6.163507">
        <ele>411.7</ele>
        <time>2026-09-24T05:55:20Z</time>
      </trkpt>
      <trkpt lat="46.298798" lon="6.16345">
        <ele>411.8</ele>
        <time>2026-09-24T05:55:21Z</time>
      </trkpt>
      <trkpt lat="46.298751" lon="6.163386">
        <ele>412.0</ele>
        <time>2026-09-24T05:55:22Z</time>
      </trkpt>
      <trkpt lat="46.298706" lon="6.163323">
        <ele>412.1</ele>
        <time>2026-09-24T05:55:23Z</time>
      </trkpt>
      <trkpt lat="46.298662" lon="6.16326">
        <ele>412.3</ele>
        <time>2026-09-24T05:55:24Z</time>
      </trkpt>
      <trkpt lat="46.298618" lon="6.163202">
        <ele>412.4</ele>
        <time>2026-09-24T05:55:25Z</time>
      </trkpt>
      <trkpt lat="46.298577" lon="6.163143">
        <ele>412.5</ele>
        <time>2026-09-24T05:55:26Z</time>
      </trkpt>
      <trkpt lat="46.298533" lon="6.163086">
        <ele>412.7</ele>
        <time>2026-09-24T05:55:27Z</time>
      </trkpt>
      <trkpt lat="46.298493" lon="6.163023">
        <ele>412.8</ele>
        <time>2026-09-24T05:55:28Z</time>
      </trkpt>
      <trkpt lat="46.298453" lon="6.162956">
        <ele>412.9</ele>
        <time>2026-09-24T05:55:29Z</time>
      </trkpt>
      <trkpt lat="46.298413" lon="6.162893">
        <ele>412.9</ele>
        <time>2026-09-24T05:55:30Z</time>
      </trkpt>
      <trkpt lat="46.29837" lon="6.162833">
        <ele>413.0</ele>
        <time>2026-09-24T05:55:31Z</time>
      </trkpt>
      <trkpt lat="46.298324" lon="6.162778">
        <ele>413.0</ele>
        <time>2026-09-24T05:55:32Z</time>
      </trkpt>
      <trkpt lat="46.298281" lon="6.162719">
        <ele>413.1</ele>
        <time>2026-09-24T05:55:33Z</time>
      </trkpt>
      <trkpt lat="46.298237" lon="6.16266">
        <ele>413.1</ele>
        <time>2026-09-24T05:55:34Z</time>
      </trkpt>
      <trkpt lat="46.298196" lon="6.162598">
        <ele>413.2</ele>
        <time>2026-09-24T05:55:35Z</time>
      </trkpt>
      <trkpt lat="46.298156" lon="6.162532">
        <ele>413.2</ele>
        <time>2026-09-24T05:55:36Z</time>
      </trkpt>
      <trkpt lat="46.298117" lon="6.162466">
        <ele>413.3</ele>
        <time>2026-09-24T05:55:37Z</time>
      </trkpt>
      <trkpt lat="46.298083" lon="6.162395">
        <ele>413.3</ele>
        <time>2026-09-24T05:55:38Z</time>
      </trkpt>
      <trkpt lat="46.298046" lon="6.162325">
        <ele>413.4</ele>
        <time>2026-09-24T05:55:39Z</time>
      </trkpt>
      <trkpt lat="46.298014" lon="6.162252">
        <ele>413.5</ele>
        <time>2026-09-24T05:55:40Z</time>
      </trkpt>
      <trkpt lat="46.29798" lon="6.162181">
        <ele>413.6</ele>
        <time>2026-09-24T05:55:41Z</time>
      </trkpt>
      <trkpt lat="46.297952" lon="6.162105">
        <ele>413.7</ele>
        <time>2026-09-24T05:55:42Z</time>
      </trkpt>
      <trkpt lat="46.297922" lon="6.162032">
        <ele>413.8</ele>
        <time>2026-09-24T05:55:43Z</time>
      </trkpt>
      <trkpt lat="46.297894" lon="6.161959">
        <ele>413.9</ele>
        <time>2026-09-24T05:55:44Z</time>
      </trkpt>
      <trkpt lat="46.297867" lon="6.161884">
        <ele>414.0</ele>
        <time>2026-09-24T05:55:45Z</time>
      </trkpt>
      <trkpt lat="46.297842" lon="6.161811">
        <ele>414.1</ele>
        <time>2026-09-24T05:55:46Z</time>
      </trkpt>
      <trkpt lat="46.297815" lon="6.161737">
        <ele>414.2</ele>
        <time>2026-09-24T05:55:47Z</time>
      </trkpt>
      <trkpt lat="46.297786" lon="6.161668">
        <ele>414.3</ele>
        <time>2026-09-24T05:55:48Z</time>
      </trkpt>
      <trkpt lat="46.297761" lon="6.161598">
        <ele>414.4</ele>
        <time>2026-09-24T05:55:49Z</time>
      </trkpt>
      <trkpt lat="46.297735" lon="6.161524">
        <ele>414.5</ele>
        <time>2026-09-24T05:55:50Z</time>
      </trkpt>
      <trkpt lat="46.297712" lon="6.161454">
        <ele>414.7</ele>
        <time>2026-09-24T05:55:51Z</time>
      </trkpt>
      <trkpt lat="46.297687" lon="6.161387">
        <ele>414.8</ele>
        <time>2026-09-24T05:55:52Z</time>
      </trkpt>
      <trkpt lat="46.297662" lon="6.161323">
        <ele>415.0</ele>
        <time>2026-09-24T05:55:53Z</time>
      </trkpt>
      <trkpt lat="46.297638" lon="6.161257">
        <ele>415.2</ele>
        <time>2026-09-24T05:55:54Z</time>
      </trkpt>
      <trkpt lat="46.297614" lon="6.16119">
        <ele>415.4</ele>
        <time>2026-09-24T05:55:55Z</time>
      </trkpt>
      <trkpt lat="46.297592" lon="6.161125">
        <ele>415.6</ele>
        <time>2026-09-24T05:55:56Z</time>
      </trkpt>
      <trkpt lat="46.297572" lon="6.161063">
        <ele>415.8</ele>
        <time>2026-09-24T05:55:57Z</time>
      </trkpt>
      <trkpt lat="46.297551" lon="6.160998">
        <ele>416.0</ele>
        <time>2026-09-24T05:55:58Z</time>
      </trkpt>
      <trkpt lat="46.297535" lon="6.160937">
        <ele>416.2</ele>
        <time>2026-09-24T05:55:59Z</time>
      </trkpt>
      <trkpt lat="46.297516" lon="6.160877">
        <ele>416.4</ele>
        <time>2026-09-24T05:56:00Z</time>
      </trkpt>
      <trkpt lat="46.297497" lon="6.160822">
        <ele>416.6</ele>
        <time>2026-09-24T05:56:01Z</time>
      </trkpt>
      <trkpt lat="46.297475" lon="6.160769">
        <ele>416.9</ele>
        <time>2026-09-24T05:56:02Z</time>
      </trkpt>
      <trkpt lat="46.297456" lon="6.160713">
        <ele>417.1</ele>
        <time>2026-09-24T05:56:03Z</time>
      </trkpt>
      <trkpt lat="46.297438" lon="6.160657">
        <ele>417.2</ele>
        <time>2026-09-24T05:56:04Z</time>
      </trkpt>
      <trkpt lat="46.297421" lon="6.160603">
        <ele>417.4</ele>
        <time>2026-09-24T05:56:05Z</time>
      </trkpt>
      <trkpt lat="46.297405" lon="6.160546">
        <ele>417.6</ele>
        <time>2026-09-24T05:56:06Z</time>
      </trkpt>
      <trkpt lat="46.297389" lon="6.16049">
        <ele>417.7</ele>
        <time>2026-09-24T05:56:07Z</time>
      </trkpt>
      <trkpt lat="46.29737" lon="6.160434">
        <ele>417.9</ele>
        <time>2026-09-24T05:56:08Z</time>
      </trkpt>
      <trkpt lat="46.297349" lon="6.160382">
        <ele>418.1</ele>
        <time>2026-09-24T05:56:09Z</time>
      </trkpt>
      <trkpt lat="46.297329" lon="6.160337">
        <ele>418.3</ele>
        <time>2026-09-24T05:56:10Z</time>
      </trkpt>
      <trkpt lat="46.29731" lon="6.160283">
        <ele>418.4</ele>
        <time>2026-09-24T05:56:11Z</time>
      </trkpt>
      <trkpt lat="46.29729" lon="6.160235">
        <ele>418.6</ele>
        <time>2026-09-24T05:56:12Z</time>
      </trkpt>
      <trkpt lat="46.29727" lon="6.160181">
        <ele>418.8</ele>
        <time>2026-09-24T05:56:13Z</time>
      </trkpt>
      <trkpt lat="46.297249" lon="6.160136">
        <ele>419.0</ele>
        <time>2026-09-24T05:56:14Z</time>
      </trkpt>
      <trkpt lat="46.297231" lon="6.160094">
        <ele>419.1</ele>
        <time>2026-09-24T05:56:15Z</time>
      </trkpt>
      <trkpt lat="46.29721" lon="6.160049">
        <ele>419.2</ele>
        <time>2026-09-24T05:56:16Z</time>
      </trkpt>
      <trkpt lat="46.297185" lon="6.160005">
        <ele>419.4</ele>
        <time>2026-09-24T05:56:17Z</time>
      </trkpt>
      <trkpt lat="46.297165" lon="6.159958">
        <ele>419.5</ele>
        <time>2026-09-24T05:56:18Z</time>
      </trkpt>
      <trkpt lat="46.297143" lon="6.15992">
        <ele>419.6</ele>
        <time>2026-09-24T05:56:19Z</time>
      </trkpt>
      <trkpt lat="46.297126" lon="6.159882">
        <ele>419.7</ele>
        <time>2026-09-24T05:56:20Z</time>
      </trkpt>
      <trkpt lat="46.297103" lon="6.159835">
        <ele>419.8</ele>
        <time>2026-09-24T05:56:21Z</time>
      </trkpt>
      <trkpt lat="46.297085" lon="6.159781">
        <ele>419.9</ele>
        <time>2026-09-24T05:56:22Z</time>
      </trkpt>
      <trkpt lat="46.297066" lon="6.159729">
        <ele>420.0</ele>
        <time>2026-09-24T05:56:23Z</time>
      </trkpt>
      <trkpt lat="46.297048" lon="6.159678">
        <ele>420.1</ele>
        <time>2026-09-24T05:56:24Z</time>
      </trkpt>
      <trkpt lat="46.297032" lon="6.159618">
        <ele>420.2</ele>
        <time>2026-09-24T05:56:25Z</time>
      </trkpt>
      <trkpt lat="46.297016" lon="6.159556">
        <ele>420.3</ele>
        <time>2026-09-24T05:56:26Z</time>
      </trkpt>
      <trkpt lat="46.297001" lon="6.159494">
        <ele>420.4</ele>
        <time>2026-09-24T05:56:27Z</time>
      </trkpt>
      <trkpt lat="46.296988" lon="6.159432">
        <ele>420.5</ele>
        <time>2026-09-24T05:56:28Z</time>
      </trkpt>
      <trkpt lat="46.296969" lon="6.159376">
        <ele>420.6</ele>
        <time>2026-09-24T05:56:29Z</time>
      </trkpt>
      <trkpt lat="46.296955" lon="6.159318">
        <ele>420.7</ele>
        <time>2026-09-24T05:56:30Z</time>
      </trkpt>
      <trkpt lat="46.296938" lon="6.159256">
        <ele>420.8</ele>
        <time>2026-09-24T05:56:31Z</time>
      </trkpt>
      <trkpt lat="46.296924" lon="6.159191">
        <ele>420.8</ele>
        <time>2026-09-24T05:56:32Z</time>
      </trkpt>
      <trkpt lat="46.296909" lon="6.159128">
        <ele>420.9</ele>
        <time>2026-09-24T05:56:33Z</time>
      </trkpt>
      <trkpt lat="46.296893" lon="6.159065">
        <ele>421.0</ele>
        <time>2026-09-24T05:56:34Z</time>
      </trkpt>
      <trkpt lat="46.296875" lon="6.159003">
        <ele>421.0</ele>
        <time>2026-09-24T05:56:35Z</time>
      </trkpt>
      <trkpt lat="46.296856" lon="6.15894">
        <ele>421.1</ele>
        <time>2026-09-24T05:56:36Z</time>
      </trkpt>
      <trkpt lat="46.296838" lon="6.158876">
        <ele>421.1</ele>
        <time>2026-09-24T05:56:37Z</time>
      </trkpt>
      <trkpt lat="46.296821" lon="6.15881">
        <ele>421.1</ele>
        <time>2026-09-24T05:56:38Z</time>
      </trkpt>
      <trkpt lat="46.2968" lon="6.15875">
        <ele>421.2</ele>
        <time>2026-09-24T05:56:39Z</time>
      </trkpt>
      <trkpt lat="46.29678" lon="6.15869">
        <ele>421.2</ele>
        <time>2026-09-24T05:56:40Z</time>
      </trkpt>
      <trkpt lat="46.296757" lon="6.158624">
        <ele>421.2</ele>
        <time>2026-09-24T05:56:41Z</time>
      </trkpt>
      <trkpt lat="46.296735" lon="6.158551">
        <ele>421.2</ele>
        <time>2026-09-24T05:56:42Z</time>
      </trkpt>
      <trkpt lat="46.296708" lon="6.158479">
        <ele>421.3</ele>
        <time>2026-09-24T05:56:43Z</time>
      </trkpt>
      <trkpt lat="46.296686" lon="6.158406">
        <ele>421.3</ele>
        <time>2026-09-24T05:56:44Z</time>
      </trkpt>
      <trkpt lat="46.296659" lon="6.158335">
        <ele>421.3</ele>
        <time>2026-09-24T05:56:45Z</time>
      </trkpt>
      <trkpt lat="46.296628" lon="6.158272">
        <ele>421.3</ele>
        <time>2026-09-24T05:56:46Z</time>
      </trkpt>
      <trkpt lat="46.296595" lon="6.158208">
        <ele>421.3</ele>
        <time>2026-09-24T05:56:47Z</time>
      </trkpt>
      <trkpt lat="46.296563" lon="6.158146">
        <ele>421.4</ele>
        <time>2026-09-24T05:56:48Z</time>
      </trkpt>
      <trkpt lat="46.296532" lon="6.158082">
        <ele>421.4</ele>
        <time>2026-09-24T05:56:49Z</time>
      </trkpt>
      <trkpt lat="46.2965" lon="6.158016">
        <ele>421.4</ele>
        <time>2026-09-24T05:56:50Z</time>
      </trkpt>
      <trkpt lat="46.296466" lon="6.15795">
        <ele>421.5</ele>
        <time>2026-09-24T05:56:51Z</time>
      </trkpt>
      <trkpt lat="46.296431" lon="6.157883">
        <ele>421.5</ele>
        <time>2026-09-24T05:56:52Z</time>
      </trkpt>
      <trkpt lat="46.296397" lon="6.157815">
        <ele>421.6</ele>
        <time>2026-09-24T05:56:53Z</time>
      </trkpt>
      <trkpt lat="46.296363" lon="6.157746">
        <ele>421.6</ele>
        <time>2026-09-24T05:56:54Z</time>
      </trkpt>
      <trkpt lat="46.296324" lon="6.157684">
        <ele>421.7</ele>
        <time>2026-09-24T05:56:55Z</time>
      </trkpt>
      <trkpt lat="46.296283" lon="6.157622">
        <ele>421.7</ele>
        <time>2026-09-24T05:56:56Z</time>
      </trkpt>
      <trkpt lat="46.296244" lon="6.15756">
        <ele>421.8</ele>
        <time>2026-09-24T05:56:57Z</time>
      </trkpt>
      <trkpt lat="46.296203" lon="6.157498">
        <ele>421.8</ele>
        <time>2026-09-24T05:56:58Z</time>
      </trkpt>
      <trkpt lat="46.296159" lon="6.157438">
        <ele>421.8</ele>
        <time>2026-09-24T05:56:59Z</time>
      </trkpt>
      <trkpt lat="46.296114" lon="6.157379">
        <ele>421.8</ele>
        <time>2026-09-24T05:57:00Z</time>
      </trkpt>
      <trkpt lat="46.296073" lon="6.15732">
        <ele>421.8</ele>
        <time>2026-09-24T05:57:01Z</time>
      </trkpt>
      <trkpt lat="46.296026" lon="6.157263">
        <ele>421.9</ele>
        <time>2026-09-24T05:57:02Z</time>
      </trkpt>
      <trkpt lat="46.295978" lon="6.157204">
        <ele>421.9</ele>
        <time>2026-09-24T05:57:03Z</time>
      </trkpt>
      <trkpt lat="46.29593" lon="6.157144">
        <ele>421.9</ele>
        <time>2026-09-24T05:57:04Z</time>
      </trkpt>
      <trkpt lat="46.295881" lon="6.157088">
        <ele>421.9</ele>
        <time>2026-09-24T05:57:05Z</time>
      </trkpt>
      <trkpt lat="46.295833" lon="6.157031">
        <ele>421.9</ele>
        <time>2026-09-24T05:57:06Z</time>
      </trkpt>
      <trkpt lat="46.295784" lon="6.156972">
        <ele>422.0</ele>
        <time>2026-09-24T05:57:07Z</time>
      </trkpt>
      <trkpt lat="46.295732" lon="6.156917">
        <ele>422.1</ele>
        <time>2026-09-24T05:57:08Z</time>
      </trkpt>
      <trkpt lat="46.29568" lon="6.156864">
        <ele>422.1</ele>
        <time>2026-09-24T05:57:09Z</time>
      </trkpt>
      <trkpt lat="46.295632" lon="6.1568">
        <ele>422.2</ele>
        <time>2026-09-24T05:57:10Z</time>
      </trkpt>
      <trkpt lat="46.295587" lon="6.156737">
        <ele>422.2</ele>
        <time>2026-09-24T05:57:11Z</time>
      </trkpt>
      <trkpt lat="46.295542" lon="6.156675">
        <ele>422.2</ele>
        <time>2026-09-24T05:57:12Z</time>
      </trkpt>
      <trkpt lat="46.295494" lon="6.156617">
        <ele>422.2</ele>
        <time>2026-09-24T05:57:13Z</time>
      </trkpt>
      <trkpt lat="46.295442" lon="6.156563">
        <ele>422.2</ele>
        <time>2026-09-24T05:57:14Z</time>
      </trkpt>
      <trkpt lat="46.29539" lon="6.156515">
        <ele>422.2</ele>
        <time>2026-09-24T05:57:15Z</time>
      </trkpt>
      <trkpt lat="46.295337" lon="6.156462">
        <ele>422.2</ele>
        <time>2026-09-24T05:57:16Z</time>
      </trkpt>
      <trkpt lat="46.295285" lon="6.156411">
        <ele>422.2</ele>
        <time>2026-09-24T05:57:17Z</time>
      </trkpt>
      <trkpt lat="46.295232" lon="6.156361">
        <ele>422.3</ele>
        <time>2026-09-24T05:57:18Z</time>
      </trkpt>
      <trkpt lat="46.295181" lon="6.156306">
        <ele>422.3</ele>
        <time>2026-09-24T05:57:19Z</time>
      </trkpt>
      <trkpt lat="46.295128" lon="6.156252">
        <ele>422.3</ele>
        <time>2026-09-24T05:57:20Z</time>
      </trkpt>
      <trkpt lat="46.295076" lon="6.156202">
        <ele>422.3</ele>
        <time>2026-09-24T05:57:21Z</time>
      </trkpt>
      <trkpt lat="46.295023" lon="6.15615">
        <ele>422.3</ele>
        <time>2026-09-24T05:57:22Z</time>
      </trkpt>
      <trkpt lat="46.294972" lon="6.156101">
        <ele>422.4</ele>
        <time>2026-09-24T05:57:23Z</time>
      </trkpt>
      <trkpt lat="46.29492" lon="6.156051">
        <ele>422.4</ele>
        <time>2026-09-24T05:57:24Z</time>
      </trkpt>
      <trkpt lat="46.294869" lon="6.155999">
        <ele>422.4</ele>
        <time>2026-09-24T05:57:25Z</time>
      </trkpt>
      <trkpt lat="46.294816" lon="6.155951">
        <ele>422.4</ele>
        <time>2026-09-24T05:57:26Z</time>
      </trkpt>
      <trkpt lat="46.294761" lon="6.155912">
        <ele>422.4</ele>
        <time>2026-09-24T05:57:27Z</time>
      </trkpt>
      <trkpt lat="46.294705" lon="6.155872">
        <ele>422.4</ele>
        <time>2026-09-24T05:57:28Z</time>
      </trkpt>
      <trkpt lat="46.29465" lon="6.15583">
        <ele>422.5</ele>
        <time>2026-09-24T05:57:29Z</time>
      </trkpt>
      <trkpt lat="46.294598" lon="6.155783">
        <ele>422.5</ele>
        <time>2026-09-24T05:57:30Z</time>
      </trkpt>
      <trkpt lat="46.294545" lon="6.155733">
        <ele>422.5</ele>
        <time>2026-09-24T05:57:31Z</time>
      </trkpt>
      <trkpt lat="46.294492" lon="6.155683">
        <ele>422.6</ele>
        <time>2026-09-24T05:57:32Z</time>
      </trkpt>
      <trkpt lat="46.294441" lon="6.15563">
        <ele>422.6</ele>
        <time>2026-09-24T05:57:33Z</time>
      </trkpt>
      <trkpt lat="46.294389" lon="6.155581">
        <ele>422.6</ele>
        <time>2026-09-24T05:57:34Z</time>
      </trkpt>
      <trkpt lat="46.294337" lon="6.155531">
        <ele>422.6</ele>
        <time>2026-09-24T05:57:35Z</time>
      </trkpt>
      <trkpt lat="46.294285" lon="6.15548">
        <ele>422.7</ele>
        <time>2026-09-24T05:57:36Z</time>
      </trkpt>
      <trkpt lat="46.294232" lon="6.155433">
        <ele>422.7</ele>
        <time>2026-09-24T05:57:37Z</time>
      </trkpt>
      <trkpt lat="46.29418" lon="6.155381">
        <ele>422.7</ele>
        <time>2026-09-24T05:57:38Z</time>
      </trkpt>
      <trkpt lat="46.294127" lon="6.155332">
        <ele>422.7</ele>
        <time>2026-09-24T05:57:39Z</time>
      </trkpt>
      <trkpt lat="46.294077" lon="6.155279">
        <ele>422.8</ele>
        <time>2026-09-24T05:57:40Z</time>
      </trkpt>
      <trkpt lat="46.294027" lon="6.155224">
        <ele>422.8</ele>
        <time>2026-09-24T05:57:41Z</time>
      </trkpt>
      <trkpt lat="46.293977" lon="6.155172">
        <ele>422.8</ele>
        <time>2026-09-24T05:57:42Z</time>
      </trkpt>
      <trkpt lat="46.29393" lon="6.155113">
        <ele>422.9</ele>
        <time>2026-09-24T05:57:43Z</time>
      </trkpt>
      <trkpt lat="46.293887" lon="6.155053">
        <ele>422.9</ele>
        <time>2026-09-24T05:57:44Z</time>
      </trkpt>
      <trkpt lat="46.293848" lon="6.154994">
        <ele>422.9</ele>
        <time>2026-09-24T05:57:45Z</time>
      </trkpt>
      <trkpt lat="46.293808" lon="6.154942">
        <ele>422.9</ele>
        <time>2026-09-24T05:57:46Z</time>
      </trkpt>
      <trkpt lat="46.29376" lon="6.154899">
        <ele>422.9</ele>
        <time>2026-09-24T05:57:47Z</time>
      </trkpt>
      <trkpt lat="46.293705" lon="6.154868">
        <ele>422.9</ele>
        <time>2026-09-24T05:57:48Z</time>
      </trkpt>
      <trkpt lat="46.293646" lon="6.154844">
        <ele>422.9</ele>
        <time>2026-09-24T05:57:49Z</time>
      </trkpt>
      <trkpt lat="46.293589" lon="6.154807">
        <ele>422.9</ele>
        <time>2026-09-24T05:57:50Z</time>
      </trkpt>
      <trkpt lat="46.293537" lon="6.154757">
        <ele>422.9</ele>
        <time>2026-09-24T05:57:51Z</time>
      </trkpt>
      <trkpt lat="46.293487" lon="6.154699">
        <ele>422.9</ele>
        <time>2026-09-24T05:57:52Z</time>
      </trkpt>
      <trkpt lat="46.293436" lon="6.154649">
        <ele>422.9</ele>
        <time>2026-09-24T05:57:53Z</time>
      </trkpt>
      <trkpt lat="46.293385" lon="6.1546">
        <ele>422.9</ele>
        <time>2026-09-24T05:57:54Z</time>
      </trkpt>
      <trkpt lat="46.293333" lon="6.154551">
        <ele>422.9</ele>
        <time>2026-09-24T05:57:55Z</time>
      </trkpt>
      <trkpt lat="46.293281" lon="6.154496">
        <ele>422.8</ele>
        <time>2026-09-24T05:57:56Z</time>
      </trkpt>
      <trkpt lat="46.293235" lon="6.154449">
        <ele>422.8</ele>
        <time>2026-09-24T05:57:57Z</time>
      </trkpt>
      <trkpt lat="46.293183" lon="6.154405">
        <ele>422.8</ele>
        <time>2026-09-24T05:57:58Z</time>
      </trkpt>
      <trkpt lat="46.293112" lon="6.154346">
        <ele>422.8</ele>
        <time>2026-09-24T05:57:59Z</time>
      </trkpt>
      <trkpt lat="46.293061" lon="6.154301">
        <ele>422.7</ele>
        <time>2026-09-24T05:58:00Z</time>
      </trkpt>
      <trkpt lat="46.293008" lon="6.154258">
        <ele>422.7</ele>
        <time>2026-09-24T05:58:01Z</time>
      </trkpt>
      <trkpt lat="46.292953" lon="6.154218">
        <ele>422.7</ele>
        <time>2026-09-24T05:58:02Z</time>
      </trkpt>
      <trkpt lat="46.292889" lon="6.154185">
        <ele>422.5</ele>
        <time>2026-09-24T05:58:03Z</time>
      </trkpt>
      <trkpt lat="46.292837" lon="6.154134">
        <ele>422.5</ele>
        <time>2026-09-24T05:58:04Z</time>
      </trkpt>
      <trkpt lat="46.292782" lon="6.154076">
        <ele>422.4</ele>
        <time>2026-09-24T05:58:05Z</time>
      </trkpt>
      <trkpt lat="46.292728" lon="6.15402">
        <ele>422.3</ele>
        <time>2026-09-24T05:58:06Z</time>
      </trkpt>
      <trkpt lat="46.292671" lon="6.153969">
        <ele>422.3</ele>
        <time>2026-09-24T05:58:07Z</time>
      </trkpt>
      <trkpt lat="46.292613" lon="6.153919">
        <ele>422.2</ele>
        <time>2026-09-24T05:58:08Z</time>
      </trkpt>
      <trkpt lat="46.292554" lon="6.153875">
        <ele>422.2</ele>
        <time>2026-09-24T05:58:09Z</time>
      </trkpt>
      <trkpt lat="46.292492" lon="6.153832">
        <ele>422.2</ele>
        <time>2026-09-24T05:58:10Z</time>
      </trkpt>
      <trkpt lat="46.292431" lon="6.153788">
        <ele>422.2</ele>
        <time>2026-09-24T05:58:11Z</time>
      </trkpt>
      <trkpt lat="46.29237" lon="6.153744">
        <ele>422.3</ele>
        <time>2026-09-24T05:58:12Z</time>
      </trkpt>
      <trkpt lat="46.292309" lon="6.153695">
        <ele>422.3</ele>
        <time>2026-09-24T05:58:13Z</time>
      </trkpt>
      <trkpt lat="46.292254" lon="6.153645">
        <ele>422.4</ele>
        <time>2026-09-24T05:58:14Z</time>
      </trkpt>
      <trkpt lat="46.292204" lon="6.153576">
        <ele>422.4</ele>
        <time>2026-09-24T05:58:15Z</time>
      </trkpt>
      <trkpt lat="46.292156" lon="6.153513">
        <ele>422.5</ele>
        <time>2026-09-24T05:58:16Z</time>
      </trkpt>
      <trkpt lat="46.292095" lon="6.153471">
        <ele>422.3</ele>
        <time>2026-09-24T05:58:17Z</time>
      </trkpt>
      <trkpt lat="46.292024" lon="6.153452">
        <ele>422.0</ele>
        <time>2026-09-24T05:58:18Z</time>
      </trkpt>
      <trkpt lat="46.291951" lon="6.153465">
        <ele>421.8</ele>
        <time>2026-09-24T05:58:19Z</time>
      </trkpt>
      <trkpt lat="46.29188" lon="6.153474">
        <ele>421.7</ele>
        <time>2026-09-24T05:58:20Z</time>
      </trkpt>
      <trkpt lat="46.29181" lon="6.15345">
        <ele>421.7</ele>
        <time>2026-09-24T05:58:21Z</time>
      </trkpt>
      <trkpt lat="46.291741" lon="6.153422">
        <ele>421.6</ele>
        <time>2026-09-24T05:58:22Z</time>
      </trkpt>
      <trkpt lat="46.291673" lon="6.153394">
        <ele>421.6</ele>
        <time>2026-09-24T05:58:23Z</time>
      </trkpt>
      <trkpt lat="46.291605" lon="6.153372">
        <ele>421.6</ele>
        <time>2026-09-24T05:58:24Z</time>
      </trkpt>
      <trkpt lat="46.291536" lon="6.153347">
        <ele>421.6</ele>
        <time>2026-09-24T05:58:25Z</time>
      </trkpt>
      <trkpt lat="46.291471" lon="6.153327">
        <ele>421.6</ele>
        <time>2026-09-24T05:58:26Z</time>
      </trkpt>
      <trkpt lat="46.291397" lon="6.153313">
        <ele>421.6</ele>
        <time>2026-09-24T05:58:27Z</time>
      </trkpt>
      <trkpt lat="46.291331" lon="6.153289">
        <ele>421.6</ele>
        <time>2026-09-24T05:58:28Z</time>
      </trkpt>
      <trkpt lat="46.291263" lon="6.153267">
        <ele>421.6</ele>
        <time>2026-09-24T05:58:29Z</time>
      </trkpt>
      <trkpt lat="46.291198" lon="6.153245">
        <ele>421.6</ele>
        <time>2026-09-24T05:58:30Z</time>
      </trkpt>
      <trkpt lat="46.291132" lon="6.15322">
        <ele>421.7</ele>
        <time>2026-09-24T05:58:31Z</time>
      </trkpt>
      <trkpt lat="46.29107" lon="6.153196">
        <ele>421.7</ele>
        <time>2026-09-24T05:58:32Z</time>
      </trkpt>
      <trkpt lat="46.291005" lon="6.153168">
        <ele>421.7</ele>
        <time>2026-09-24T05:58:33Z</time>
      </trkpt>
      <trkpt lat="46.290943" lon="6.153141">
        <ele>421.8</ele>
        <time>2026-09-24T05:58:34Z</time>
      </trkpt>
      <trkpt lat="46.29088" lon="6.153114">
        <ele>421.8</ele>
        <time>2026-09-24T05:58:35Z</time>
      </trkpt>
      <trkpt lat="46.290817" lon="6.153092">
        <ele>421.9</ele>
        <time>2026-09-24T05:58:36Z</time>
      </trkpt>
      <trkpt lat="46.290759" lon="6.153063">
        <ele>421.9</ele>
        <time>2026-09-24T05:58:37Z</time>
      </trkpt>
      <trkpt lat="46.290701" lon="6.153033">
        <ele>422.0</ele>
        <time>2026-09-24T05:58:38Z</time>
      </trkpt>
      <trkpt lat="46.290643" lon="6.153004">
        <ele>422.0</ele>
        <time>2026-09-24T05:58:39Z</time>
      </trkpt>
      <trkpt lat="46.290587" lon="6.152977">
        <ele>422.0</ele>
        <time>2026-09-24T05:58:40Z</time>
      </trkpt>
      <trkpt lat="46.290529" lon="6.15295">
        <ele>422.0</ele>
        <time>2026-09-24T05:58:41Z</time>
      </trkpt>
      <trkpt lat="46.290472" lon="6.152921">
        <ele>422.0</ele>
        <time>2026-09-24T05:58:42Z</time>
      </trkpt>
      <trkpt lat="46.290412" lon="6.15289">
        <ele>422.0</ele>
        <time>2026-09-24T05:58:43Z</time>
      </trkpt>
      <trkpt lat="46.290353" lon="6.152856">
        <ele>422.0</ele>
        <time>2026-09-24T05:58:44Z</time>
      </trkpt>
      <trkpt lat="46.290291" lon="6.152826">
        <ele>422.0</ele>
        <time>2026-09-24T05:58:45Z</time>
      </trkpt>
      <trkpt lat="46.290232" lon="6.152794">
        <ele>422.0</ele>
        <time>2026-09-24T05:58:46Z</time>
      </trkpt>
      <trkpt lat="46.29017" lon="6.15276">
        <ele>422.0</ele>
        <time>2026-09-24T05:58:47Z</time>
      </trkpt>
      <trkpt lat="46.290109" lon="6.152732">
        <ele>421.9</ele>
        <time>2026-09-24T05:58:48Z</time>
      </trkpt>
      <trkpt lat="46.290049" lon="6.152702">
        <ele>421.9</ele>
        <time>2026-09-24T05:58:49Z</time>
      </trkpt>
      <trkpt lat="46.289988" lon="6.152675">
        <ele>421.9</ele>
        <time>2026-09-24T05:58:50Z</time>
      </trkpt>
      <trkpt lat="46.289926" lon="6.152645">
        <ele>421.9</ele>
        <time>2026-09-24T05:58:51Z</time>
      </trkpt>
      <trkpt lat="46.289864" lon="6.152617">
        <ele>421.9</ele>
        <time>2026-09-24T05:58:52Z</time>
      </trkpt>
      <trkpt lat="46.289803" lon="6.152586">
        <ele>421.9</ele>
        <time>2026-09-24T05:58:53Z</time>
      </trkpt>
      <trkpt lat="46.289742" lon="6.152552">
        <ele>421.8</ele>
        <time>2026-09-24T05:58:54Z</time>
      </trkpt>
      <trkpt lat="46.289681" lon="6.152518">
        <ele>421.8</ele>
        <time>2026-09-24T05:58:55Z</time>
      </trkpt>
      <trkpt lat="46.289618" lon="6.152486">
        <ele>421.8</ele>
        <time>2026-09-24T05:58:56Z</time>
      </trkpt>
      <trkpt lat="46.289555" lon="6.152459">
        <ele>421.8</ele>
        <time>2026-09-24T05:58:57Z</time>
      </trkpt>
      <trkpt lat="46.289491" lon="6.15243">
        <ele>421.8</ele>
        <time>2026-09-24T05:58:58Z</time>
      </trkpt>
      <trkpt lat="46.289427" lon="6.152396">
        <ele>421.8</ele>
        <time>2026-09-24T05:58:59Z</time>
      </trkpt>
      <trkpt lat="46.289364" lon="6.152365">
        <ele>421.9</ele>
        <time>2026-09-24T05:59:00Z</time>
      </trkpt>
      <trkpt lat="46.2893" lon="6.152334">
        <ele>421.9</ele>
        <time>2026-09-24T05:59:01Z</time>
      </trkpt>
      <trkpt lat="46.289238" lon="6.152301">
        <ele>421.9</ele>
        <time>2026-09-24T05:59:02Z</time>
      </trkpt>
      <trkpt lat="46.289176" lon="6.152265">
        <ele>421.9</ele>
        <time>2026-09-24T05:59:03Z</time>
      </trkpt>
      <trkpt lat="46.289112" lon="6.152229">
        <ele>421.9</ele>
        <time>2026-09-24T05:59:04Z</time>
      </trkpt>
      <trkpt lat="46.289049" lon="6.152197">
        <ele>422.0</ele>
        <time>2026-09-24T05:59:05Z</time>
      </trkpt>
      <trkpt lat="46.288986" lon="6.152165">
        <ele>422.0</ele>
        <time>2026-09-24T05:59:06Z</time>
      </trkpt>
      <trkpt lat="46.288922" lon="6.152132">
        <ele>422.1</ele>
        <time>2026-09-24T05:59:07Z</time>
      </trkpt>
      <trkpt lat="46.288862" lon="6.1521">
        <ele>422.1</ele>
        <time>2026-09-24T05:59:08Z</time>
      </trkpt>
      <trkpt lat="46.288798" lon="6.152066">
        <ele>422.1</ele>
        <time>2026-09-24T05:59:09Z</time>
      </trkpt>
      <trkpt lat="46.288736" lon="6.152033">
        <ele>422.2</ele>
        <time>2026-09-24T05:59:10Z</time>
      </trkpt>
      <trkpt lat="46.288673" lon="6.152">
        <ele>422.2</ele>
        <time>2026-09-24T05:59:11Z</time>
      </trkpt>
      <trkpt lat="46.288608" lon="6.151969">
        <ele>422.3</ele>
        <time>2026-09-24T05:59:12Z</time>
      </trkpt>
      <trkpt lat="46.288545" lon="6.151936">
        <ele>422.3</ele>
        <time>2026-09-24T05:59:13Z</time>
      </trkpt>
      <trkpt lat="46.288482" lon="6.151905">
        <ele>422.4</ele>
        <time>2026-09-24T05:59:14Z</time>
      </trkpt>
      <trkpt lat="46.288419" lon="6.151877">
        <ele>422.4</ele>
        <time>2026-09-24T05:59:15Z</time>
      </trkpt>
      <trkpt lat="46.288358" lon="6.15184">
        <ele>422.4</ele>
        <time>2026-09-24T05:59:16Z</time>
      </trkpt>
      <trkpt lat="46.288297" lon="6.151804">
        <ele>422.5</ele>
        <time>2026-09-24T05:59:17Z</time>
      </trkpt>
      <trkpt lat="46.288234" lon="6.151768">
        <ele>422.5</ele>
        <time>2026-09-24T05:59:18Z</time>
      </trkpt>
      <trkpt lat="46.288173" lon="6.151727">
        <ele>422.6</ele>
        <time>2026-09-24T05:59:19Z</time>
      </trkpt>
      <trkpt lat="46.288112" lon="6.151693">
        <ele>422.6</ele>
        <time>2026-09-24T05:59:20Z</time>
      </trkpt>
      <trkpt lat="46.288053" lon="6.15165">
        <ele>422.7</ele>
        <time>2026-09-24T05:59:21Z</time>
      </trkpt>
      <trkpt lat="46.287994" lon="6.151606">
        <ele>422.7</ele>
        <time>2026-09-24T05:59:22Z</time>
      </trkpt>
      <trkpt lat="46.287939" lon="6.151558">
        <ele>422.8</ele>
        <time>2026-09-24T05:59:23Z</time>
      </trkpt>
      <trkpt lat="46.287884" lon="6.151504">
        <ele>422.8</ele>
        <time>2026-09-24T05:59:24Z</time>
      </trkpt>
      <trkpt lat="46.28783" lon="6.151456">
        <ele>422.9</ele>
        <time>2026-09-24T05:59:25Z</time>
      </trkpt>
      <trkpt lat="46.287777" lon="6.151407">
        <ele>422.9</ele>
        <time>2026-09-24T05:59:26Z</time>
      </trkpt>
      <trkpt lat="46.287726" lon="6.151347">
        <ele>422.9</ele>
        <time>2026-09-24T05:59:27Z</time>
      </trkpt>
      <trkpt lat="46.287681" lon="6.151279">
        <ele>423.0</ele>
        <time>2026-09-24T05:59:28Z</time>
      </trkpt>
      <trkpt lat="46.287642" lon="6.151204">
        <ele>423.0</ele>
        <time>2026-09-24T05:59:29Z</time>
      </trkpt>
      <trkpt lat="46.287606" lon="6.151125">
        <ele>423.0</ele>
        <time>2026-09-24T05:59:30Z</time>
      </trkpt>
      <trkpt lat="46.287562" lon="6.151068">
        <ele>423.1</ele>
        <time>2026-09-24T05:59:31Z</time>
      </trkpt>
      <trkpt lat="46.287504" lon="6.151032">
        <ele>423.1</ele>
        <time>2026-09-24T05:59:32Z</time>
      </trkpt>
      <trkpt lat="46.287439" lon="6.151013">
        <ele>423.1</ele>
        <time>2026-09-24T05:59:33Z</time>
      </trkpt>
      <trkpt lat="46.287375" lon="6.150991">
        <ele>423.1</ele>
        <time>2026-09-24T05:59:34Z</time>
      </trkpt>
      <trkpt lat="46.287316" lon="6.150948">
        <ele>423.1</ele>
        <time>2026-09-24T05:59:35Z</time>
      </trkpt>
      <trkpt lat="46.287262" lon="6.150895">
        <ele>423.2</ele>
        <time>2026-09-24T05:59:36Z</time>
      </trkpt>
      <trkpt lat="46.287212" lon="6.150835">
        <ele>423.2</ele>
        <time>2026-09-24T05:59:37Z</time>
      </trkpt>
      <trkpt lat="46.287163" lon="6.15078">
        <ele>423.2</ele>
        <time>2026-09-24T05:59:38Z</time>
      </trkpt>
      <trkpt lat="46.287112" lon="6.150725">
        <ele>423.2</ele>
        <time>2026-09-24T05:59:39Z</time>
      </trkpt>
      <trkpt lat="46.287061" lon="6.150672">
        <ele>423.2</ele>
        <time>2026-09-24T05:59:40Z</time>
      </trkpt>
      <trkpt lat="46.28701" lon="6.150618">
        <ele>423.2</ele>
        <time>2026-09-24T05:59:41Z</time>
      </trkpt>
      <trkpt lat="46.28696" lon="6.150563">
        <ele>423.3</ele>
        <time>2026-09-24T05:59:42Z</time>
      </trkpt>
      <trkpt lat="46.286909" lon="6.150509">
        <ele>423.3</ele>
        <time>2026-09-24T05:59:43Z</time>
      </trkpt>
      <trkpt lat="46.286857" lon="6.150456">
        <ele>423.3</ele>
        <time>2026-09-24T05:59:44Z</time>
      </trkpt>
      <trkpt lat="46.286804" lon="6.150402">
        <ele>423.3</ele>
        <time>2026-09-24T05:59:45Z</time>
      </trkpt>
      <trkpt lat="46.286753" lon="6.150349">
        <ele>423.4</ele>
        <time>2026-09-24T05:59:46Z</time>
      </trkpt>
      <trkpt lat="46.2867" lon="6.150294">
        <ele>423.4</ele>
        <time>2026-09-24T05:59:47Z</time>
      </trkpt>
      <trkpt lat="46.286648" lon="6.15024">
        <ele>423.4</ele>
        <time>2026-09-24T05:59:48Z</time>
      </trkpt>
      <trkpt lat="46.286596" lon="6.150186">
        <ele>423.4</ele>
        <time>2026-09-24T05:59:49Z</time>
      </trkpt>
      <trkpt lat="46.286544" lon="6.150133">
        <ele>423.5</ele>
        <time>2026-09-24T05:59:50Z</time>
      </trkpt>
      <trkpt lat="46.286494" lon="6.15008">
        <ele>423.5</ele>
        <time>2026-09-24T05:59:51Z</time>
      </trkpt>
      <trkpt lat="46.286442" lon="6.150026">
        <ele>423.5</ele>
        <time>2026-09-24T05:59:52Z</time>
      </trkpt>
      <trkpt lat="46.286391" lon="6.149971">
        <ele>423.5</ele>
        <time>2026-09-24T05:59:53Z</time>
      </trkpt>
      <trkpt lat="46.28634" lon="6.149916">
        <ele>423.5</ele>
        <time>2026-09-24T05:59:54Z</time>
      </trkpt>
      <trkpt lat="46.286288" lon="6.149861">
        <ele>423.5</ele>
        <time>2026-09-24T05:59:55Z</time>
      </trkpt>
      <trkpt lat="46.286235" lon="6.149806">
        <ele>423.5</ele>
        <time>2026-09-24T05:59:56Z</time>
      </trkpt>
      <trkpt lat="46.28618" lon="6.149753">
        <ele>423.5</ele>
        <time>2026-09-24T05:59:57Z</time>
      </trkpt>
      <trkpt lat="46.286128" lon="6.149699">
        <ele>423.4</ele>
        <time>2026-09-24T05:59:58Z</time>
      </trkpt>
      <trkpt lat="46.286074" lon="6.149641">
        <ele>423.4</ele>
        <time>2026-09-24T05:59:59Z</time>
      </trkpt>
      <trkpt lat="46.28602" lon="6.149585">
        <ele>423.4</ele>
        <time>2026-09-24T06:00:00Z</time>
      </trkpt>
      <trkpt lat="46.285966" lon="6.149526">
        <ele>423.3</ele>
        <time>2026-09-24T06:00:01Z</time>
      </trkpt>
      <trkpt lat="46.285912" lon="6.149467">
        <ele>423.3</ele>
        <time>2026-09-24T06:00:02Z</time>
      </trkpt>
      <trkpt lat="46.285856" lon="6.14941">
        <ele>423.2</ele>
        <time>2026-09-24T06:00:03Z</time>
      </trkpt>
      <trkpt lat="46.285799" lon="6.14935">
        <ele>423.1</ele>
        <time>2026-09-24T06:00:04Z</time>
      </trkpt>
      <trkpt lat="46.285744" lon="6.149291">
        <ele>423.0</ele>
        <time>2026-09-24T06:00:05Z</time>
      </trkpt>
      <trkpt lat="46.285688" lon="6.149232">
        <ele>422.9</ele>
        <time>2026-09-24T06:00:06Z</time>
      </trkpt>
      <trkpt lat="46.285632" lon="6.149175">
        <ele>422.8</ele>
        <time>2026-09-24T06:00:07Z</time>
      </trkpt>
      <trkpt lat="46.285577" lon="6.149118">
        <ele>422.7</ele>
        <time>2026-09-24T06:00:08Z</time>
      </trkpt>
      <trkpt lat="46.285522" lon="6.149056">
        <ele>422.6</ele>
        <time>2026-09-24T06:00:09Z</time>
      </trkpt>
      <trkpt lat="46.285466" lon="6.148995">
        <ele>422.5</ele>
        <time>2026-09-24T06:00:10Z</time>
      </trkpt>
      <trkpt lat="46.285409" lon="6.148935">
        <ele>422.3</ele>
        <time>2026-09-24T06:00:11Z</time>
      </trkpt>
      <trkpt lat="46.285352" lon="6.148875">
        <ele>422.2</ele>
        <time>2026-09-24T06:00:12Z</time>
      </trkpt>
      <trkpt lat="46.285293" lon="6.148814">
        <ele>422.0</ele>
        <time>2026-09-24T06:00:13Z</time>
      </trkpt>
      <trkpt lat="46.285234" lon="6.148753">
        <ele>421.8</ele>
        <time>2026-09-24T06:00:14Z</time>
      </trkpt>
      <trkpt lat="46.285176" lon="6.14869">
        <ele>421.7</ele>
        <time>2026-09-24T06:00:15Z</time>
      </trkpt>
      <trkpt lat="46.285116" lon="6.148626">
        <ele>421.5</ele>
        <time>2026-09-24T06:00:16Z</time>
      </trkpt>
      <trkpt lat="46.285055" lon="6.148561">
        <ele>421.3</ele>
        <time>2026-09-24T06:00:17Z</time>
      </trkpt>
      <trkpt lat="46.284993" lon="6.148496">
        <ele>421.1</ele>
        <time>2026-09-24T06:00:18Z</time>
      </trkpt>
      <trkpt lat="46.284931" lon="6.14843">
        <ele>420.8</ele>
        <time>2026-09-24T06:00:19Z</time>
      </trkpt>
      <trkpt lat="46.284868" lon="6.148364">
        <ele>420.6</ele>
        <time>2026-09-24T06:00:20Z</time>
      </trkpt>
      <trkpt lat="46.284805" lon="6.148296">
        <ele>420.4</ele>
        <time>2026-09-24T06:00:21Z</time>
      </trkpt>
      <trkpt lat="46.284741" lon="6.148229">
        <ele>420.1</ele>
        <time>2026-09-24T06:00:22Z</time>
      </trkpt>
      <trkpt lat="46.284676" lon="6.148162">
        <ele>419.9</ele>
        <time>2026-09-24T06:00:23Z</time>
      </trkpt>
      <trkpt lat="46.284611" lon="6.148093">
        <ele>419.7</ele>
        <time>2026-09-24T06:00:24Z</time>
      </trkpt>
      <trkpt lat="46.284546" lon="6.148025">
        <ele>419.5</ele>
        <time>2026-09-24T06:00:25Z</time>
      </trkpt>
      <trkpt lat="46.284479" lon="6.147955">
        <ele>419.3</ele>
        <time>2026-09-24T06:00:26Z</time>
      </trkpt>
      <trkpt lat="46.284414" lon="6.147887">
        <ele>419.2</ele>
        <time>2026-09-24T06:00:27Z</time>
      </trkpt>
      <trkpt lat="46.284342" lon="6.147821">
        <ele>419.1</ele>
        <time>2026-09-24T06:00:28Z</time>
      </trkpt>
      <trkpt lat="46.284269" lon="6.147764">
        <ele>419.2</ele>
        <time>2026-09-24T06:00:29Z</time>
      </trkpt>
      <trkpt lat="46.284197" lon="6.147705">
        <ele>419.2</ele>
        <time>2026-09-24T06:00:30Z</time>
      </trkpt>
      <trkpt lat="46.284131" lon="6.147637">
        <ele>419.2</ele>
        <time>2026-09-24T06:00:31Z</time>
      </trkpt>
      <trkpt lat="46.284064" lon="6.14758">
        <ele>419.3</ele>
        <time>2026-09-24T06:00:32Z</time>
      </trkpt>
      <trkpt lat="46.283995" lon="6.147529">
        <ele>419.2</ele>
        <time>2026-09-24T06:00:33Z</time>
      </trkpt>
      <trkpt lat="46.283933" lon="6.147458">
        <ele>419.2</ele>
        <time>2026-09-24T06:00:34Z</time>
      </trkpt>
      <trkpt lat="46.283882" lon="6.147374">
        <ele>419.1</ele>
        <time>2026-09-24T06:00:35Z</time>
      </trkpt>
      <trkpt lat="46.283835" lon="6.147293">
        <ele>419.1</ele>
        <time>2026-09-24T06:00:36Z</time>
      </trkpt>
      <trkpt lat="46.283782" lon="6.147223">
        <ele>419.0</ele>
        <time>2026-09-24T06:00:37Z</time>
      </trkpt>
      <trkpt lat="46.283725" lon="6.147157">
        <ele>418.9</ele>
        <time>2026-09-24T06:00:38Z</time>
      </trkpt>
      <trkpt lat="46.283667" lon="6.147092">
        <ele>418.9</ele>
        <time>2026-09-24T06:00:39Z</time>
      </trkpt>
      <trkpt lat="46.28361" lon="6.147027">
        <ele>418.8</ele>
        <time>2026-09-24T06:00:40Z</time>
      </trkpt>
      <trkpt lat="46.283551" lon="6.146965">
        <ele>418.7</ele>
        <time>2026-09-24T06:00:41Z</time>
      </trkpt>
      <trkpt lat="46.283492" lon="6.146903">
        <ele>418.7</ele>
        <time>2026-09-24T06:00:42Z</time>
      </trkpt>
      <trkpt lat="46.283434" lon="6.14684">
        <ele>418.6</ele>
        <time>2026-09-24T06:00:43Z</time>
      </trkpt>
      <trkpt lat="46.283374" lon="6.14678">
        <ele>418.5</ele>
        <time>2026-09-24T06:00:44Z</time>
      </trkpt>
      <trkpt lat="46.283312" lon="6.146719">
        <ele>418.4</ele>
        <time>2026-09-24T06:00:45Z</time>
      </trkpt>
      <trkpt lat="46.283255" lon="6.146653">
        <ele>418.3</ele>
        <time>2026-09-24T06:00:46Z</time>
      </trkpt>
      <trkpt lat="46.283196" lon="6.146584">
        <ele>418.2</ele>
        <time>2026-09-24T06:00:47Z</time>
      </trkpt>
      <trkpt lat="46.283138" lon="6.146518">
        <ele>418.1</ele>
        <time>2026-09-24T06:00:48Z</time>
      </trkpt>
      <trkpt lat="46.283078" lon="6.146448">
        <ele>418.0</ele>
        <time>2026-09-24T06:00:49Z</time>
      </trkpt>
      <trkpt lat="46.283019" lon="6.146378">
        <ele>417.9</ele>
        <time>2026-09-24T06:00:50Z</time>
      </trkpt>
      <trkpt lat="46.282961" lon="6.146311">
        <ele>417.8</ele>
        <time>2026-09-24T06:00:51Z</time>
      </trkpt>
      <trkpt lat="46.282901" lon="6.146249">
        <ele>417.7</ele>
        <time>2026-09-24T06:00:52Z</time>
      </trkpt>
      <trkpt lat="46.28284" lon="6.146187">
        <ele>417.6</ele>
        <time>2026-09-24T06:00:53Z</time>
      </trkpt>
      <trkpt lat="46.282779" lon="6.146127">
        <ele>417.4</ele>
        <time>2026-09-24T06:00:54Z</time>
      </trkpt>
      <trkpt lat="46.282718" lon="6.146067">
        <ele>417.3</ele>
        <time>2026-09-24T06:00:55Z</time>
      </trkpt>
      <trkpt lat="46.282658" lon="6.145999">
        <ele>417.2</ele>
        <time>2026-09-24T06:00:56Z</time>
      </trkpt>
      <trkpt lat="46.282606" lon="6.145922">
        <ele>417.0</ele>
        <time>2026-09-24T06:00:57Z</time>
      </trkpt>
      <trkpt lat="46.282559" lon="6.145834">
        <ele>416.9</ele>
        <time>2026-09-24T06:00:58Z</time>
      </trkpt>
      <trkpt lat="46.282516" lon="6.145745">
        <ele>416.8</ele>
        <time>2026-09-24T06:00:59Z</time>
      </trkpt>
      <trkpt lat="46.282479" lon="6.145649">
        <ele>416.7</ele>
        <time>2026-09-24T06:01:00Z</time>
      </trkpt>
      <trkpt lat="46.282447" lon="6.145549">
        <ele>416.5</ele>
        <time>2026-09-24T06:01:01Z</time>
      </trkpt>
      <trkpt lat="46.282417" lon="6.145449">
        <ele>416.3</ele>
        <time>2026-09-24T06:01:02Z</time>
      </trkpt>
      <trkpt lat="46.282383" lon="6.145349">
        <ele>416.1</ele>
        <time>2026-09-24T06:01:03Z</time>
      </trkpt>
      <trkpt lat="46.282352" lon="6.145249">
        <ele>415.9</ele>
        <time>2026-09-24T06:01:04Z</time>
      </trkpt>
      <trkpt lat="46.282318" lon="6.145148">
        <ele>415.6</ele>
        <time>2026-09-24T06:01:05Z</time>
      </trkpt>
      <trkpt lat="46.282288" lon="6.145042">
        <ele>415.3</ele>
        <time>2026-09-24T06:01:06Z</time>
      </trkpt>
      <trkpt lat="46.282257" lon="6.144936">
        <ele>414.9</ele>
        <time>2026-09-24T06:01:07Z</time>
      </trkpt>
      <trkpt lat="46.282235" lon="6.144815">
        <ele>414.5</ele>
        <time>2026-09-24T06:01:08Z</time>
      </trkpt>
      <trkpt lat="46.282197" lon="6.144705">
        <ele>414.1</ele>
        <time>2026-09-24T06:01:09Z</time>
      </trkpt>
      <trkpt lat="46.282163" lon="6.144589">
        <ele>413.7</ele>
        <time>2026-09-24T06:01:10Z</time>
      </trkpt>
      <trkpt lat="46.28213" lon="6.144468">
        <ele>413.3</ele>
        <time>2026-09-24T06:01:11Z</time>
      </trkpt>
      <trkpt lat="46.282102" lon="6.144339">
        <ele>412.8</ele>
        <time>2026-09-24T06:01:12Z</time>
      </trkpt>
      <trkpt lat="46.282081" lon="6.144202">
        <ele>412.6</ele>
        <time>2026-09-24T06:01:13Z</time>
      </trkpt>
      <trkpt lat="46.282055" lon="6.144066">
        <ele>412.3</ele>
        <time>2026-09-24T06:01:14Z</time>
      </trkpt>
      <trkpt lat="46.282038" lon="6.143924">
        <ele>411.9</ele>
        <time>2026-09-24T06:01:15Z</time>
      </trkpt>
      <trkpt lat="46.282022" lon="6.143789">
        <ele>411.5</ele>
        <time>2026-09-24T06:01:16Z</time>
      </trkpt>
      <trkpt lat="46.28201" lon="6.143649">
        <ele>411.2</ele>
        <time>2026-09-24T06:01:17Z</time>
      </trkpt>
      <trkpt lat="46.281974" lon="6.143516">
        <ele>410.9</ele>
        <time>2026-09-24T06:01:18Z</time>
      </trkpt>
      <trkpt lat="46.281957" lon="6.143378">
        <ele>410.7</ele>
        <time>2026-09-24T06:01:19Z</time>
      </trkpt>
      <trkpt lat="46.281935" lon="6.143242">
        <ele>410.6</ele>
        <time>2026-09-24T06:01:20Z</time>
      </trkpt>
      <trkpt lat="46.281917" lon="6.14311">
        <ele>410.6</ele>
        <time>2026-09-24T06:01:21Z</time>
      </trkpt>
      <trkpt lat="46.281899" lon="6.142981">
        <ele>410.6</ele>
        <time>2026-09-24T06:01:22Z</time>
      </trkpt>
      <trkpt lat="46.281883" lon="6.142853">
        <ele>410.6</ele>
        <time>2026-09-24T06:01:23Z</time>
      </trkpt>
      <trkpt lat="46.281864" lon="6.14273">
        <ele>410.6</ele>
        <time>2026-09-24T06:01:24Z</time>
      </trkpt>
      <trkpt lat="46.281846" lon="6.142608">
        <ele>410.6</ele>
        <time>2026-09-24T06:01:25Z</time>
      </trkpt>
      <trkpt lat="46.281827" lon="6.142493">
        <ele>410.6</ele>
        <time>2026-09-24T06:01:26Z</time>
      </trkpt>
      <trkpt lat="46.281809" lon="6.142377">
        <ele>410.5</ele>
        <time>2026-09-24T06:01:27Z</time>
      </trkpt>
      <trkpt lat="46.28179" lon="6.142261">
        <ele>410.5</ele>
        <time>2026-09-24T06:01:28Z</time>
      </trkpt>
      <trkpt lat="46.281774" lon="6.142144">
        <ele>410.5</ele>
        <time>2026-09-24T06:01:29Z</time>
      </trkpt>
      <trkpt lat="46.281759" lon="6.142028">
        <ele>410.6</ele>
        <time>2026-09-24T06:01:30Z</time>
      </trkpt>
      <trkpt lat="46.281748" lon="6.141914">
        <ele>410.6</ele>
        <time>2026-09-24T06:01:31Z</time>
      </trkpt>
      <trkpt lat="46.281737" lon="6.1418">
        <ele>410.6</ele>
        <time>2026-09-24T06:01:32Z</time>
      </trkpt>
      <trkpt lat="46.281727" lon="6.141684">
        <ele>410.6</ele>
        <time>2026-09-24T06:01:33Z</time>
      </trkpt>
      <trkpt lat="46.281715" lon="6.141568">
        <ele>410.7</ele>
        <time>2026-09-24T06:01:34Z</time>
      </trkpt>
      <trkpt lat="46.281702" lon="6.141451">
        <ele>410.7</ele>
        <time>2026-09-24T06:01:35Z</time>
      </trkpt>
      <trkpt lat="46.28169" lon="6.141338">
        <ele>410.8</ele>
        <time>2026-09-24T06:01:36Z</time>
      </trkpt>
      <trkpt lat="46.281686" lon="6.141221">
        <ele>410.8</ele>
        <time>2026-09-24T06:01:37Z</time>
      </trkpt>
      <trkpt lat="46.281686" lon="6.141102">
        <ele>410.8</ele>
        <time>2026-09-24T06:01:38Z</time>
      </trkpt>
      <trkpt lat="46.281689" lon="6.140985">
        <ele>410.7</ele>
        <time>2026-09-24T06:01:39Z</time>
      </trkpt>
      <trkpt lat="46.281699" lon="6.140872">
        <ele>410.7</ele>
        <time>2026-09-24T06:01:40Z</time>
      </trkpt>
      <trkpt lat="46.281712" lon="6.140759">
        <ele>410.6</ele>
        <time>2026-09-24T06:01:41Z</time>
      </trkpt>
      <trkpt lat="46.281719" lon="6.140646">
        <ele>410.5</ele>
        <time>2026-09-24T06:01:42Z</time>
      </trkpt>
      <trkpt lat="46.281723" lon="6.140527">
        <ele>410.4</ele>
        <time>2026-09-24T06:01:43Z</time>
      </trkpt>
      <trkpt lat="46.281719" lon="6.140411">
        <ele>410.3</ele>
        <time>2026-09-24T06:01:44Z</time>
      </trkpt>
      <trkpt lat="46.281719" lon="6.140295">
        <ele>410.3</ele>
        <time>2026-09-24T06:01:45Z</time>
      </trkpt>
      <trkpt lat="46.28171" lon="6.140179">
        <ele>410.2</ele>
        <time>2026-09-24T06:01:46Z</time>
      </trkpt>
      <trkpt lat="46.281705" lon="6.140061">
        <ele>410.1</ele>
        <time>2026-09-24T06:01:47Z</time>
      </trkpt>
      <trkpt lat="46.281704" lon="6.139948">
        <ele>410.0</ele>
        <time>2026-09-24T06:01:48Z</time>
      </trkpt>
      <trkpt lat="46.281701" lon="6.139833">
        <ele>409.9</ele>
        <time>2026-09-24T06:01:49Z</time>
      </trkpt>
      <trkpt lat="46.281701" lon="6.139715">
        <ele>409.9</ele>
        <time>2026-09-24T06:01:50Z</time>
      </trkpt>
      <trkpt lat="46.2817" lon="6.139601">
        <ele>409.9</ele>
        <time>2026-09-24T06:01:51Z</time>
      </trkpt>
      <trkpt lat="46.281693" lon="6.139485">
        <ele>409.9</ele>
        <time>2026-09-24T06:01:52Z</time>
      </trkpt>
      <trkpt lat="46.28166" lon="6.139385">
        <ele>409.9</ele>
        <time>2026-09-24T06:01:53Z</time>
      </trkpt>
      <trkpt lat="46.281619" lon="6.139276">
        <ele>409.7</ele>
        <time>2026-09-24T06:01:54Z</time>
      </trkpt>
      <trkpt lat="46.281581" lon="6.139171">
        <ele>409.5</ele>
        <time>2026-09-24T06:01:55Z</time>
      </trkpt>
      <trkpt lat="46.28153" lon="6.139073">
        <ele>409.3</ele>
        <time>2026-09-24T06:01:56Z</time>
      </trkpt>
      <trkpt lat="46.281475" lon="6.138972">
        <ele>409.1</ele>
        <time>2026-09-24T06:01:57Z</time>
      </trkpt>
      <trkpt lat="46.281422" lon="6.138861">
        <ele>408.8</ele>
        <time>2026-09-24T06:01:58Z</time>
      </trkpt>
      <trkpt lat="46.281369" lon="6.138748">
        <ele>409.0</ele>
        <time>2026-09-24T06:01:59Z</time>
      </trkpt>
      <trkpt lat="46.281308" lon="6.138642">
        <ele>408.8</ele>
        <time>2026-09-24T06:02:00Z</time>
      </trkpt>
      <trkpt lat="46.281256" lon="6.138539">
        <ele>408.6</ele>
        <time>2026-09-24T06:02:01Z</time>
      </trkpt>
      <trkpt lat="46.281224" lon="6.138412">
        <ele>408.5</ele>
        <time>2026-09-24T06:02:02Z</time>
      </trkpt>
      <trkpt lat="46.281184" lon="6.1383">
        <ele>408.4</ele>
        <time>2026-09-24T06:02:03Z</time>
      </trkpt>
      <trkpt lat="46.281139" lon="6.138191">
        <ele>408.3</ele>
        <time>2026-09-24T06:02:04Z</time>
      </trkpt>
      <trkpt lat="46.281098" lon="6.138081">
        <ele>408.2</ele>
        <time>2026-09-24T06:02:05Z</time>
      </trkpt>
      <trkpt lat="46.281059" lon="6.137975">
        <ele>408.2</ele>
        <time>2026-09-24T06:02:06Z</time>
      </trkpt>
      <trkpt lat="46.281024" lon="6.137873">
        <ele>408.1</ele>
        <time>2026-09-24T06:02:07Z</time>
      </trkpt>
      <trkpt lat="46.280995" lon="6.137767">
        <ele>408.1</ele>
        <time>2026-09-24T06:02:08Z</time>
      </trkpt>
      <trkpt lat="46.280965" lon="6.137667">
        <ele>408.2</ele>
        <time>2026-09-24T06:02:09Z</time>
      </trkpt>
      <trkpt lat="46.280932" lon="6.137572">
        <ele>408.3</ele>
        <time>2026-09-24T06:02:10Z</time>
      </trkpt>
      <trkpt lat="46.280901" lon="6.137486">
        <ele>408.4</ele>
        <time>2026-09-24T06:02:11Z</time>
      </trkpt>
      <trkpt lat="46.280874" lon="6.137402">
        <ele>408.5</ele>
        <time>2026-09-24T06:02:12Z</time>
      </trkpt>
      <trkpt lat="46.280848" lon="6.137329">
        <ele>408.7</ele>
        <time>2026-09-24T06:02:13Z</time>
      </trkpt>
      <trkpt lat="46.280822" lon="6.137262">
        <ele>408.9</ele>
        <time>2026-09-24T06:02:14Z</time>
      </trkpt>
      <trkpt lat="46.280796" lon="6.137193">
        <ele>409.1</ele>
        <time>2026-09-24T06:02:15Z</time>
      </trkpt>
      <trkpt lat="46.280771" lon="6.137124">
        <ele>409.3</ele>
        <time>2026-09-24T06:02:16Z</time>
      </trkpt>
      <trkpt lat="46.280749" lon="6.137056">
        <ele>409.4</ele>
        <time>2026-09-24T06:02:17Z</time>
      </trkpt>
      <trkpt lat="46.280726" lon="6.136993">
        <ele>409.6</ele>
        <time>2026-09-24T06:02:18Z</time>
      </trkpt>
      <trkpt lat="46.280706" lon="6.136932">
        <ele>409.8</ele>
        <time>2026-09-24T06:02:19Z</time>
      </trkpt>
      <trkpt lat="46.280683" lon="6.136871">
        <ele>410.0</ele>
        <time>2026-09-24T06:02:20Z</time>
      </trkpt>
      <trkpt lat="46.280663" lon="6.136819">
        <ele>410.1</ele>
        <time>2026-09-24T06:02:21Z</time>
      </trkpt>
      <trkpt lat="46.280644" lon="6.136762">
        <ele>410.3</ele>
        <time>2026-09-24T06:02:22Z</time>
      </trkpt>
      <trkpt lat="46.280626" lon="6.136705">
        <ele>410.4</ele>
        <time>2026-09-24T06:02:23Z</time>
      </trkpt>
      <trkpt lat="46.280604" lon="6.136656">
        <ele>410.6</ele>
        <time>2026-09-24T06:02:24Z</time>
      </trkpt>
      <trkpt lat="46.280583" lon="6.136603">
        <ele>410.8</ele>
        <time>2026-09-24T06:02:25Z</time>
      </trkpt>
      <trkpt lat="46.280564" lon="6.136551">
        <ele>410.9</ele>
        <time>2026-09-24T06:02:26Z</time>
      </trkpt>
      <trkpt lat="46.280544" lon="6.1365">
        <ele>411.1</ele>
        <time>2026-09-24T06:02:27Z</time>
      </trkpt>
      <trkpt lat="46.280525" lon="6.136449">
        <ele>411.3</ele>
        <time>2026-09-24T06:02:28Z</time>
      </trkpt>
      <trkpt lat="46.280504" lon="6.136401">
        <ele>411.5</ele>
        <time>2026-09-24T06:02:29Z</time>
      </trkpt>
      <trkpt lat="46.280482" lon="6.136355">
        <ele>411.7</ele>
        <time>2026-09-24T06:02:30Z</time>
      </trkpt>
      <trkpt lat="46.280461" lon="6.136311">
        <ele>411.8</ele>
        <time>2026-09-24T06:02:31Z</time>
      </trkpt>
      <trkpt lat="46.280444" lon="6.136265">
        <ele>412.0</ele>
        <time>2026-09-24T06:02:32Z</time>
      </trkpt>
      <trkpt lat="46.280427" lon="6.13622">
        <ele>412.2</ele>
        <time>2026-09-24T06:02:33Z</time>
      </trkpt>
      <trkpt lat="46.280406" lon="6.136181">
        <ele>412.4</ele>
        <time>2026-09-24T06:02:34Z</time>
      </trkpt>
      <trkpt lat="46.280383" lon="6.136143">
        <ele>412.6</ele>
        <time>2026-09-24T06:02:35Z</time>
      </trkpt>
      <trkpt lat="46.280362" lon="6.136106">
        <ele>412.8</ele>
        <time>2026-09-24T06:02:36Z</time>
      </trkpt>
      <trkpt lat="46.280343" lon="6.136068">
        <ele>413.0</ele>
        <time>2026-09-24T06:02:37Z</time>
      </trkpt>
      <trkpt lat="46.280326" lon="6.136029">
        <ele>413.2</ele>
        <time>2026-09-24T06:02:38Z</time>
      </trkpt>
      <trkpt lat="46.280309" lon="6.135992">
        <ele>413.3</ele>
        <time>2026-09-24T06:02:39Z</time>
      </trkpt>
      <trkpt lat="46.280291" lon="6.135955">
        <ele>413.5</ele>
        <time>2026-09-24T06:02:40Z</time>
      </trkpt>
      <trkpt lat="46.280273" lon="6.135917">
        <ele>413.7</ele>
        <time>2026-09-24T06:02:41Z</time>
      </trkpt>
      <trkpt lat="46.280252" lon="6.135877">
        <ele>414.0</ele>
        <time>2026-09-24T06:02:42Z</time>
      </trkpt>
      <trkpt lat="46.280232" lon="6.135843">
        <ele>414.2</ele>
        <time>2026-09-24T06:02:43Z</time>
      </trkpt>
      <trkpt lat="46.280216" lon="6.135809">
        <ele>414.3</ele>
        <time>2026-09-24T06:02:44Z</time>
      </trkpt>
      <trkpt lat="46.280197" lon="6.135775">
        <ele>414.5</ele>
        <time>2026-09-24T06:02:45Z</time>
      </trkpt>
      <trkpt lat="46.280177" lon="6.135742">
        <ele>414.7</ele>
        <time>2026-09-24T06:02:46Z</time>
      </trkpt>
      <trkpt lat="46.280158" lon="6.135707">
        <ele>414.9</ele>
        <time>2026-09-24T06:02:47Z</time>
      </trkpt>
      <trkpt lat="46.280141" lon="6.135673">
        <ele>415.1</ele>
        <time>2026-09-24T06:02:48Z</time>
      </trkpt>
      <trkpt lat="46.280122" lon="6.13564">
        <ele>415.3</ele>
        <time>2026-09-24T06:02:49Z</time>
      </trkpt>
      <trkpt lat="46.280104" lon="6.135608">
        <ele>415.5</ele>
        <time>2026-09-24T06:02:50Z</time>
      </trkpt>
      <trkpt lat="46.280086" lon="6.135576">
        <ele>415.7</ele>
        <time>2026-09-24T06:02:51Z</time>
      </trkpt>
      <trkpt lat="46.280067" lon="6.135542">
        <ele>415.9</ele>
        <time>2026-09-24T06:02:52Z</time>
      </trkpt>
      <trkpt lat="46.280048" lon="6.135506">
        <ele>416.1</ele>
        <time>2026-09-24T06:02:53Z</time>
      </trkpt>
      <trkpt lat="46.280029" lon="6.135473">
        <ele>416.3</ele>
        <time>2026-09-24T06:02:54Z</time>
      </trkpt>
      <trkpt lat="46.280009" lon="6.135441">
        <ele>416.5</ele>
        <time>2026-09-24T06:02:55Z</time>
      </trkpt>
      <trkpt lat="46.279989" lon="6.135408">
        <ele>416.7</ele>
        <time>2026-09-24T06:02:56Z</time>
      </trkpt>
      <trkpt lat="46.279965" lon="6.13538">
        <ele>416.9</ele>
        <time>2026-09-24T06:02:57Z</time>
      </trkpt>
      <trkpt lat="46.279945" lon="6.135345">
        <ele>417.1</ele>
        <time>2026-09-24T06:02:58Z</time>
      </trkpt>
      <trkpt lat="46.279924" lon="6.135314">
        <ele>417.4</ele>
        <time>2026-09-24T06:02:59Z</time>
      </trkpt>
      <trkpt lat="46.279899" lon="6.135284">
        <ele>417.6</ele>
        <time>2026-09-24T06:03:00Z</time>
      </trkpt>
      <trkpt lat="46.279877" lon="6.135256">
        <ele>417.8</ele>
        <time>2026-09-24T06:03:01Z</time>
      </trkpt>
      <trkpt lat="46.279851" lon="6.135232">
        <ele>418.1</ele>
        <time>2026-09-24T06:03:02Z</time>
      </trkpt>
      <trkpt lat="46.279828" lon="6.135206">
        <ele>418.3</ele>
        <time>2026-09-24T06:03:03Z</time>
      </trkpt>
      <trkpt lat="46.279805" lon="6.135177">
        <ele>418.5</ele>
        <time>2026-09-24T06:03:04Z</time>
      </trkpt>
      <trkpt lat="46.27978" lon="6.135153">
        <ele>418.8</ele>
        <time>2026-09-24T06:03:05Z</time>
      </trkpt>
      <trkpt lat="46.279753" lon="6.135133">
        <ele>419.0</ele>
        <time>2026-09-24T06:03:06Z</time>
      </trkpt>
      <trkpt lat="46.279727" lon="6.13511">
        <ele>419.2</ele>
        <time>2026-09-24T06:03:07Z</time>
      </trkpt>
      <trkpt lat="46.2797" lon="6.135092">
        <ele>419.4</ele>
        <time>2026-09-24T06:03:08Z</time>
      </trkpt>
      <trkpt lat="46.279673" lon="6.135076">
        <ele>419.7</ele>
        <time>2026-09-24T06:03:09Z</time>
      </trkpt>
      <trkpt lat="46.279646" lon="6.135056">
        <ele>419.9</ele>
        <time>2026-09-24T06:03:10Z</time>
      </trkpt>
      <trkpt lat="46.279618" lon="6.135035">
        <ele>420.1</ele>
        <time>2026-09-24T06:03:11Z</time>
      </trkpt>
      <trkpt lat="46.279589" lon="6.135014">
        <ele>420.4</ele>
        <time>2026-09-24T06:03:12Z</time>
      </trkpt>
      <trkpt lat="46.279563" lon="6.134988">
        <ele>420.6</ele>
        <time>2026-09-24T06:03:13Z</time>
      </trkpt>
      <trkpt lat="46.279535" lon="6.134965">
        <ele>420.8</ele>
        <time>2026-09-24T06:03:14Z</time>
      </trkpt>
      <trkpt lat="46.279509" lon="6.134949">
        <ele>421.0</ele>
        <time>2026-09-24T06:03:15Z</time>
      </trkpt>
      <trkpt lat="46.27948" lon="6.134939">
        <ele>421.2</ele>
        <time>2026-09-24T06:03:16Z</time>
      </trkpt>
      <trkpt lat="46.279449" lon="6.134926">
        <ele>421.5</ele>
        <time>2026-09-24T06:03:17Z</time>
      </trkpt>
      <trkpt lat="46.279422" lon="6.134909">
        <ele>421.7</ele>
        <time>2026-09-24T06:03:18Z</time>
      </trkpt>
      <trkpt lat="46.279394" lon="6.134894">
        <ele>421.9</ele>
        <time>2026-09-24T06:03:19Z</time>
      </trkpt>
      <trkpt lat="46.279364" lon="6.134875">
        <ele>422.1</ele>
        <time>2026-09-24T06:03:20Z</time>
      </trkpt>
      <trkpt lat="46.279337" lon="6.134855">
        <ele>422.3</ele>
        <time>2026-09-24T06:03:21Z</time>
      </trkpt>
      <trkpt lat="46.279311" lon="6.134836">
        <ele>422.5</ele>
        <time>2026-09-24T06:03:22Z</time>
      </trkpt>
      <trkpt lat="46.279284" lon="6.134817">
        <ele>422.7</ele>
        <time>2026-09-24T06:03:23Z</time>
      </trkpt>
      <trkpt lat="46.279256" lon="6.1348">
        <ele>422.8</ele>
        <time>2026-09-24T06:03:24Z</time>
      </trkpt>
      <trkpt lat="46.279227" lon="6.134778">
        <ele>423.0</ele>
        <time>2026-09-24T06:03:25Z</time>
      </trkpt>
      <trkpt lat="46.279199" lon="6.13476">
        <ele>423.2</ele>
        <time>2026-09-24T06:03:26Z</time>
      </trkpt>
      <trkpt lat="46.279171" lon="6.134741">
        <ele>423.3</ele>
        <time>2026-09-24T06:03:27Z</time>
      </trkpt>
      <trkpt lat="46.279144" lon="6.134723">
        <ele>423.5</ele>
        <time>2026-09-24T06:03:28Z</time>
      </trkpt>
      <trkpt lat="46.279114" lon="6.134707">
        <ele>423.6</ele>
        <time>2026-09-24T06:03:29Z</time>
      </trkpt>
      <trkpt lat="46.279087" lon="6.134687">
        <ele>423.8</ele>
        <time>2026-09-24T06:03:30Z</time>
      </trkpt>
      <trkpt lat="46.279057" lon="6.134671">
        <ele>424.0</ele>
        <time>2026-09-24T06:03:31Z</time>
      </trkpt>
      <trkpt lat="46.279028" lon="6.134652">
        <ele>424.1</ele>
        <time>2026-09-24T06:03:32Z</time>
      </trkpt>
      <trkpt lat="46.278999" lon="6.134632">
        <ele>424.3</ele>
        <time>2026-09-24T06:03:33Z</time>
      </trkpt>
      <trkpt lat="46.278971" lon="6.134613">
        <ele>424.4</ele>
        <time>2026-09-24T06:03:34Z</time>
      </trkpt>
      <trkpt lat="46.278941" lon="6.134593">
        <ele>424.6</ele>
        <time>2026-09-24T06:03:35Z</time>
      </trkpt>
      <trkpt lat="46.278911" lon="6.13457">
        <ele>424.8</ele>
        <time>2026-09-24T06:03:36Z</time>
      </trkpt>
      <trkpt lat="46.278879" lon="6.134551">
        <ele>424.9</ele>
        <time>2026-09-24T06:03:37Z</time>
      </trkpt>
      <trkpt lat="46.278848" lon="6.134528">
        <ele>425.1</ele>
        <time>2026-09-24T06:03:38Z</time>
      </trkpt>
      <trkpt lat="46.278818" lon="6.134506">
        <ele>425.2</ele>
        <time>2026-09-24T06:03:39Z</time>
      </trkpt>
      <trkpt lat="46.278787" lon="6.134487">
        <ele>425.4</ele>
        <time>2026-09-24T06:03:40Z</time>
      </trkpt>
      <trkpt lat="46.278757" lon="6.134467">
        <ele>425.5</ele>
        <time>2026-09-24T06:03:41Z</time>
      </trkpt>
      <trkpt lat="46.278727" lon="6.134446">
        <ele>425.6</ele>
        <time>2026-09-24T06:03:42Z</time>
      </trkpt>
      <trkpt lat="46.278695" lon="6.134425">
        <ele>425.8</ele>
        <time>2026-09-24T06:03:43Z</time>
      </trkpt>
      <trkpt lat="46.278661" lon="6.134404">
        <ele>425.9</ele>
        <time>2026-09-24T06:03:44Z</time>
      </trkpt>
      <trkpt lat="46.278629" lon="6.134379">
        <ele>426.0</ele>
        <time>2026-09-24T06:03:45Z</time>
      </trkpt>
      <trkpt lat="46.278595" lon="6.134354">
        <ele>426.1</ele>
        <time>2026-09-24T06:03:46Z</time>
      </trkpt>
      <trkpt lat="46.278561" lon="6.134328">
        <ele>426.2</ele>
        <time>2026-09-24T06:03:47Z</time>
      </trkpt>
      <trkpt lat="46.278527" lon="6.134301">
        <ele>426.3</ele>
        <time>2026-09-24T06:03:48Z</time>
      </trkpt>
      <trkpt lat="46.278491" lon="6.134276">
        <ele>426.4</ele>
        <time>2026-09-24T06:03:49Z</time>
      </trkpt>
      <trkpt lat="46.278456" lon="6.134251">
        <ele>426.5</ele>
        <time>2026-09-24T06:03:50Z</time>
      </trkpt>
      <trkpt lat="46.27842" lon="6.134225">
        <ele>426.6</ele>
        <time>2026-09-24T06:03:51Z</time>
      </trkpt>
      <trkpt lat="46.278383" lon="6.134195">
        <ele>426.7</ele>
        <time>2026-09-24T06:03:52Z</time>
      </trkpt>
      <trkpt lat="46.278347" lon="6.134164">
        <ele>426.8</ele>
        <time>2026-09-24T06:03:53Z</time>
      </trkpt>
      <trkpt lat="46.278311" lon="6.134134">
        <ele>426.8</ele>
        <time>2026-09-24T06:03:54Z</time>
      </trkpt>
      <trkpt lat="46.278276" lon="6.1341">
        <ele>426.9</ele>
        <time>2026-09-24T06:03:55Z</time>
      </trkpt>
      <trkpt lat="46.278241" lon="6.134062">
        <ele>427.0</ele>
        <time>2026-09-24T06:03:56Z</time>
      </trkpt>
      <trkpt lat="46.278205" lon="6.134025">
        <ele>427.1</ele>
        <time>2026-09-24T06:03:57Z</time>
      </trkpt>
      <trkpt lat="46.278169" lon="6.133989">
        <ele>427.2</ele>
        <time>2026-09-24T06:03:58Z</time>
      </trkpt>
      <trkpt lat="46.27813" lon="6.133954">
        <ele>427.2</ele>
        <time>2026-09-24T06:03:59Z</time>
      </trkpt>
      <trkpt lat="46.27809" lon="6.133915">
        <ele>427.3</ele>
        <time>2026-09-24T06:04:00Z</time>
      </trkpt>
      <trkpt lat="46.278049" lon="6.133876">
        <ele>427.3</ele>
        <time>2026-09-24T06:04:01Z</time>
      </trkpt>
      <trkpt lat="46.278004" lon="6.133839">
        <ele>427.4</ele>
        <time>2026-09-24T06:04:02Z</time>
      </trkpt>
      <trkpt lat="46.277953" lon="6.133803">
        <ele>427.4</ele>
        <time>2026-09-24T06:04:03Z</time>
      </trkpt>
      <trkpt lat="46.277908" lon="6.133762">
        <ele>427.4</ele>
        <time>2026-09-24T06:04:04Z</time>
      </trkpt>
      <trkpt lat="46.277864" lon="6.133709">
        <ele>427.4</ele>
        <time>2026-09-24T06:04:05Z</time>
      </trkpt>
      <trkpt lat="46.27782" lon="6.133667">
        <ele>427.4</ele>
        <time>2026-09-24T06:04:06Z</time>
      </trkpt>
      <trkpt lat="46.277776" lon="6.133624">
        <ele>427.4</ele>
        <time>2026-09-24T06:04:07Z</time>
      </trkpt>
      <trkpt lat="46.277732" lon="6.133574">
        <ele>427.4</ele>
        <time>2026-09-24T06:04:08Z</time>
      </trkpt>
      <trkpt lat="46.277686" lon="6.133523">
        <ele>427.4</ele>
        <time>2026-09-24T06:04:09Z</time>
      </trkpt>
      <trkpt lat="46.277642" lon="6.133474">
        <ele>427.4</ele>
        <time>2026-09-24T06:04:10Z</time>
      </trkpt>
      <trkpt lat="46.277597" lon="6.133425">
        <ele>427.4</ele>
        <time>2026-09-24T06:04:11Z</time>
      </trkpt>
      <trkpt lat="46.277553" lon="6.133374">
        <ele>427.5</ele>
        <time>2026-09-24T06:04:12Z</time>
      </trkpt>
      <trkpt lat="46.277509" lon="6.133326">
        <ele>427.6</ele>
        <time>2026-09-24T06:04:13Z</time>
      </trkpt>
      <trkpt lat="46.277463" lon="6.133278">
        <ele>427.7</ele>
        <time>2026-09-24T06:04:14Z</time>
      </trkpt>
      <trkpt lat="46.277417" lon="6.13323">
        <ele>427.8</ele>
        <time>2026-09-24T06:04:15Z</time>
      </trkpt>
      <trkpt lat="46.277374" lon="6.133183">
        <ele>427.9</ele>
        <time>2026-09-24T06:04:16Z</time>
      </trkpt>
      <trkpt lat="46.27733" lon="6.133138">
        <ele>428.0</ele>
        <time>2026-09-24T06:04:17Z</time>
      </trkpt>
      <trkpt lat="46.277287" lon="6.133093">
        <ele>428.2</ele>
        <time>2026-09-24T06:04:18Z</time>
      </trkpt>
      <trkpt lat="46.277246" lon="6.133049">
        <ele>428.3</ele>
        <time>2026-09-24T06:04:19Z</time>
      </trkpt>
      <trkpt lat="46.277206" lon="6.133005">
        <ele>428.4</ele>
        <time>2026-09-24T06:04:20Z</time>
      </trkpt>
      <trkpt lat="46.277166" lon="6.132961">
        <ele>428.5</ele>
        <time>2026-09-24T06:04:21Z</time>
      </trkpt>
      <trkpt lat="46.277123" lon="6.132918">
        <ele>428.6</ele>
        <time>2026-09-24T06:04:22Z</time>
      </trkpt>
      <trkpt lat="46.277083" lon="6.132874">
        <ele>428.6</ele>
        <time>2026-09-24T06:04:23Z</time>
      </trkpt>
      <trkpt lat="46.277041" lon="6.132828">
        <ele>428.7</ele>
        <time>2026-09-24T06:04:24Z</time>
      </trkpt>
      <trkpt lat="46.277" lon="6.132781">
        <ele>428.7</ele>
        <time>2026-09-24T06:04:25Z</time>
      </trkpt>
      <trkpt lat="46.276957" lon="6.132732">
        <ele>428.7</ele>
        <time>2026-09-24T06:04:26Z</time>
      </trkpt>
      <trkpt lat="46.276913" lon="6.132682">
        <ele>428.8</ele>
        <time>2026-09-24T06:04:27Z</time>
      </trkpt>
      <trkpt lat="46.276868" lon="6.132636">
        <ele>428.8</ele>
        <time>2026-09-24T06:04:28Z</time>
      </trkpt>
      <trkpt lat="46.276824" lon="6.132587">
        <ele>428.8</ele>
        <time>2026-09-24T06:04:29Z</time>
      </trkpt>
      <trkpt lat="46.276779" lon="6.132538">
        <ele>428.8</ele>
        <time>2026-09-24T06:04:30Z</time>
      </trkpt>
      <trkpt lat="46.276734" lon="6.132488">
        <ele>428.7</ele>
        <time>2026-09-24T06:04:31Z</time>
      </trkpt>
      <trkpt lat="46.276688" lon="6.132439">
        <ele>428.7</ele>
        <time>2026-09-24T06:04:32Z</time>
      </trkpt>
      <trkpt lat="46.276638" lon="6.132389">
        <ele>428.7</ele>
        <time>2026-09-24T06:04:33Z</time>
      </trkpt>
      <trkpt lat="46.27659" lon="6.132338">
        <ele>428.6</ele>
        <time>2026-09-24T06:04:34Z</time>
      </trkpt>
      <trkpt lat="46.276539" lon="6.13229">
        <ele>428.6</ele>
        <time>2026-09-24T06:04:35Z</time>
      </trkpt>
      <trkpt lat="46.276487" lon="6.13224">
        <ele>428.6</ele>
        <time>2026-09-24T06:04:36Z</time>
      </trkpt>
      <trkpt lat="46.276435" lon="6.132193">
        <ele>428.6</ele>
        <time>2026-09-24T06:04:37Z</time>
      </trkpt>
      <trkpt lat="46.27638" lon="6.132148">
        <ele>428.5</ele>
        <time>2026-09-24T06:04:38Z</time>
      </trkpt>
      <trkpt lat="46.276327" lon="6.132105">
        <ele>428.5</ele>
        <time>2026-09-24T06:04:39Z</time>
      </trkpt>
      <trkpt lat="46.276271" lon="6.132064">
        <ele>428.5</ele>
        <time>2026-09-24T06:04:40Z</time>
      </trkpt>
      <trkpt lat="46.276214" lon="6.132025">
        <ele>428.5</ele>
        <time>2026-09-24T06:04:41Z</time>
      </trkpt>
      <trkpt lat="46.276156" lon="6.131988">
        <ele>428.5</ele>
        <time>2026-09-24T06:04:42Z</time>
      </trkpt>
      <trkpt lat="46.276097" lon="6.131955">
        <ele>428.5</ele>
        <time>2026-09-24T06:04:43Z</time>
      </trkpt>
      <trkpt lat="46.276038" lon="6.131924">
        <ele>428.5</ele>
        <time>2026-09-24T06:04:44Z</time>
      </trkpt>
      <trkpt lat="46.275979" lon="6.131894">
        <ele>428.5</ele>
        <time>2026-09-24T06:04:45Z</time>
      </trkpt>
      <trkpt lat="46.275918" lon="6.131868">
        <ele>428.5</ele>
        <time>2026-09-24T06:04:46Z</time>
      </trkpt>
      <trkpt lat="46.275857" lon="6.131843">
        <ele>428.6</ele>
        <time>2026-09-24T06:04:47Z</time>
      </trkpt>
      <trkpt lat="46.2758" lon="6.131818">
        <ele>428.6</ele>
        <time>2026-09-24T06:04:48Z</time>
      </trkpt>
      <trkpt lat="46.275739" lon="6.131795">
        <ele>428.7</ele>
        <time>2026-09-24T06:04:49Z</time>
      </trkpt>
      <trkpt lat="46.275681" lon="6.131775">
        <ele>428.8</ele>
        <time>2026-09-24T06:04:50Z</time>
      </trkpt>
      <trkpt lat="46.275622" lon="6.131757">
        <ele>428.8</ele>
        <time>2026-09-24T06:04:51Z</time>
      </trkpt>
      <trkpt lat="46.275562" lon="6.131743">
        <ele>428.8</ele>
        <time>2026-09-24T06:04:52Z</time>
      </trkpt>
      <trkpt lat="46.275503" lon="6.131732">
        <ele>428.9</ele>
        <time>2026-09-24T06:04:53Z</time>
      </trkpt>
      <trkpt lat="46.275443" lon="6.131723">
        <ele>428.9</ele>
        <time>2026-09-24T06:04:54Z</time>
      </trkpt>
      <trkpt lat="46.275385" lon="6.13172">
        <ele>429.0</ele>
        <time>2026-09-24T06:04:55Z</time>
      </trkpt>
      <trkpt lat="46.275325" lon="6.131725">
        <ele>429.0</ele>
        <time>2026-09-24T06:04:56Z</time>
      </trkpt>
      <trkpt lat="46.275265" lon="6.131736">
        <ele>429.1</ele>
        <time>2026-09-24T06:04:57Z</time>
      </trkpt>
      <trkpt lat="46.275206" lon="6.131749">
        <ele>429.2</ele>
        <time>2026-09-24T06:04:58Z</time>
      </trkpt>
      <trkpt lat="46.275148" lon="6.13176">
        <ele>429.3</ele>
        <time>2026-09-24T06:04:59Z</time>
      </trkpt>
      <trkpt lat="46.275088" lon="6.131771">
        <ele>429.4</ele>
        <time>2026-09-24T06:05:00Z</time>
      </trkpt>
      <trkpt lat="46.275032" lon="6.13178">
        <ele>429.5</ele>
        <time>2026-09-24T06:05:01Z</time>
      </trkpt>
      <trkpt lat="46.274974" lon="6.131787">
        <ele>429.7</ele>
        <time>2026-09-24T06:05:02Z</time>
      </trkpt>
      <trkpt lat="46.274917" lon="6.131785">
        <ele>429.8</ele>
        <time>2026-09-24T06:05:03Z</time>
      </trkpt>
      <trkpt lat="46.274862" lon="6.131775">
        <ele>429.9</ele>
        <time>2026-09-24T06:05:04Z</time>
      </trkpt>
      <trkpt lat="46.274809" lon="6.131762">
        <ele>430.0</ele>
        <time>2026-09-24T06:05:05Z</time>
      </trkpt>
      <trkpt lat="46.274754" lon="6.131748">
        <ele>430.1</ele>
        <time>2026-09-24T06:05:06Z</time>
      </trkpt>
      <trkpt lat="46.274703" lon="6.131728">
        <ele>430.3</ele>
        <time>2026-09-24T06:05:07Z</time>
      </trkpt>
      <trkpt lat="46.274651" lon="6.131704">
        <ele>430.4</ele>
        <time>2026-09-24T06:05:08Z</time>
      </trkpt>
      <trkpt lat="46.274604" lon="6.131675">
        <ele>430.5</ele>
        <time>2026-09-24T06:05:09Z</time>
      </trkpt>
      <trkpt lat="46.274555" lon="6.131642">
        <ele>430.7</ele>
        <time>2026-09-24T06:05:10Z</time>
      </trkpt>
      <trkpt lat="46.27451" lon="6.131606">
        <ele>430.8</ele>
        <time>2026-09-24T06:05:11Z</time>
      </trkpt>
      <trkpt lat="46.274466" lon="6.131566">
        <ele>430.9</ele>
        <time>2026-09-24T06:05:12Z</time>
      </trkpt>
      <trkpt lat="46.274422" lon="6.131527">
        <ele>431.1</ele>
        <time>2026-09-24T06:05:13Z</time>
      </trkpt>
      <trkpt lat="46.274381" lon="6.131483">
        <ele>431.2</ele>
        <time>2026-09-24T06:05:14Z</time>
      </trkpt>
      <trkpt lat="46.274339" lon="6.13144">
        <ele>431.3</ele>
        <time>2026-09-24T06:05:15Z</time>
      </trkpt>
      <trkpt lat="46.274297" lon="6.131395">
        <ele>431.4</ele>
        <time>2026-09-24T06:05:16Z</time>
      </trkpt>
      <trkpt lat="46.274255" lon="6.13135">
        <ele>431.5</ele>
        <time>2026-09-24T06:05:17Z</time>
      </trkpt>
      <trkpt lat="46.274215" lon="6.131305">
        <ele>431.7</ele>
        <time>2026-09-24T06:05:18Z</time>
      </trkpt>
      <trkpt lat="46.274174" lon="6.131258">
        <ele>431.8</ele>
        <time>2026-09-24T06:05:19Z</time>
      </trkpt>
      <trkpt lat="46.274133" lon="6.131213">
        <ele>431.9</ele>
        <time>2026-09-24T06:05:20Z</time>
      </trkpt>
      <trkpt lat="46.274091" lon="6.131168">
        <ele>432.0</ele>
        <time>2026-09-24T06:05:21Z</time>
      </trkpt>
      <trkpt lat="46.274049" lon="6.131122">
        <ele>432.1</ele>
        <time>2026-09-24T06:05:22Z</time>
      </trkpt>
      <trkpt lat="46.274009" lon="6.131078">
        <ele>432.2</ele>
        <time>2026-09-24T06:05:23Z</time>
      </trkpt>
      <trkpt lat="46.273968" lon="6.131031">
        <ele>432.3</ele>
        <time>2026-09-24T06:05:24Z</time>
      </trkpt>
      <trkpt lat="46.273928" lon="6.130984">
        <ele>432.3</ele>
        <time>2026-09-24T06:05:25Z</time>
      </trkpt>
      <trkpt lat="46.273887" lon="6.130937">
        <ele>432.4</ele>
        <time>2026-09-24T06:05:26Z</time>
      </trkpt>
      <trkpt lat="46.273848" lon="6.13089">
        <ele>432.5</ele>
        <time>2026-09-24T06:05:27Z</time>
      </trkpt>
      <trkpt lat="46.27381" lon="6.130844">
        <ele>432.6</ele>
        <time>2026-09-24T06:05:28Z</time>
      </trkpt>
      <trkpt lat="46.273771" lon="6.130797">
        <ele>432.7</ele>
        <time>2026-09-24T06:05:29Z</time>
      </trkpt>
      <trkpt lat="46.273733" lon="6.13075">
        <ele>432.7</ele>
        <time>2026-09-24T06:05:30Z</time>
      </trkpt>
      <trkpt lat="46.273696" lon="6.130703">
        <ele>432.8</ele>
        <time>2026-09-24T06:05:31Z</time>
      </trkpt>
      <trkpt lat="46.273658" lon="6.130655">
        <ele>432.8</ele>
        <time>2026-09-24T06:05:32Z</time>
      </trkpt>
      <trkpt lat="46.27362" lon="6.130606">
        <ele>432.8</ele>
        <time>2026-09-24T06:05:33Z</time>
      </trkpt>
      <trkpt lat="46.273584" lon="6.130552">
        <ele>432.8</ele>
        <time>2026-09-24T06:05:34Z</time>
      </trkpt>
      <trkpt lat="46.273546" lon="6.130497">
        <ele>432.7</ele>
        <time>2026-09-24T06:05:35Z</time>
      </trkpt>
      <trkpt lat="46.273513" lon="6.130434">
        <ele>432.7</ele>
        <time>2026-09-24T06:05:36Z</time>
      </trkpt>
      <trkpt lat="46.273481" lon="6.130368">
        <ele>432.7</ele>
        <time>2026-09-24T06:05:37Z</time>
      </trkpt>
      <trkpt lat="46.273451" lon="6.130299">
        <ele>432.7</ele>
        <time>2026-09-24T06:05:38Z</time>
      </trkpt>
      <trkpt lat="46.27342" lon="6.13023">
        <ele>432.6</ele>
        <time>2026-09-24T06:05:39Z</time>
      </trkpt>
      <trkpt lat="46.273391" lon="6.130159">
        <ele>432.6</ele>
        <time>2026-09-24T06:05:40Z</time>
      </trkpt>
      <trkpt lat="46.273363" lon="6.130088">
        <ele>432.6</ele>
        <time>2026-09-24T06:05:41Z</time>
      </trkpt>
      <trkpt lat="46.273332" lon="6.130017">
        <ele>432.6</ele>
        <time>2026-09-24T06:05:42Z</time>
      </trkpt>
      <trkpt lat="46.273302" lon="6.129943">
        <ele>432.5</ele>
        <time>2026-09-24T06:05:43Z</time>
      </trkpt>
      <trkpt lat="46.273273" lon="6.12987">
        <ele>432.5</ele>
        <time>2026-09-24T06:05:44Z</time>
      </trkpt>
      <trkpt lat="46.273239" lon="6.129799">
        <ele>432.5</ele>
        <time>2026-09-24T06:05:45Z</time>
      </trkpt>
      <trkpt lat="46.273205" lon="6.129731">
        <ele>432.5</ele>
        <time>2026-09-24T06:05:46Z</time>
      </trkpt>
      <trkpt lat="46.273174" lon="6.129661">
        <ele>432.5</ele>
        <time>2026-09-24T06:05:47Z</time>
      </trkpt>
      <trkpt lat="46.273142" lon="6.129587">
        <ele>432.6</ele>
        <time>2026-09-24T06:05:48Z</time>
      </trkpt>
      <trkpt lat="46.27311" lon="6.129518">
        <ele>432.6</ele>
        <time>2026-09-24T06:05:49Z</time>
      </trkpt>
      <trkpt lat="46.273074" lon="6.12945">
        <ele>432.6</ele>
        <time>2026-09-24T06:05:50Z</time>
      </trkpt>
      <trkpt lat="46.273037" lon="6.129383">
        <ele>432.7</ele>
        <time>2026-09-24T06:05:51Z</time>
      </trkpt>
      <trkpt lat="46.273" lon="6.129321">
        <ele>432.7</ele>
        <time>2026-09-24T06:05:52Z</time>
      </trkpt>
      <trkpt lat="46.272963" lon="6.129257">
        <ele>432.8</ele>
        <time>2026-09-24T06:05:53Z</time>
      </trkpt>
      <trkpt lat="46.272926" lon="6.129193">
        <ele>432.8</ele>
        <time>2026-09-24T06:05:54Z</time>
      </trkpt>
      <trkpt lat="46.27289" lon="6.12913">
        <ele>432.9</ele>
        <time>2026-09-24T06:05:55Z</time>
      </trkpt>
      <trkpt lat="46.272854" lon="6.12906">
        <ele>432.9</ele>
        <time>2026-09-24T06:05:56Z</time>
      </trkpt>
      <trkpt lat="46.272818" lon="6.128995">
        <ele>433.0</ele>
        <time>2026-09-24T06:05:57Z</time>
      </trkpt>
      <trkpt lat="46.272782" lon="6.12893">
        <ele>433.1</ele>
        <time>2026-09-24T06:05:58Z</time>
      </trkpt>
      <trkpt lat="46.272745" lon="6.128867">
        <ele>433.2</ele>
        <time>2026-09-24T06:05:59Z</time>
      </trkpt>
      <trkpt lat="46.272708" lon="6.128804">
        <ele>433.2</ele>
        <time>2026-09-24T06:06:00Z</time>
      </trkpt>
      <trkpt lat="46.27267" lon="6.128743">
        <ele>433.3</ele>
        <time>2026-09-24T06:06:01Z</time>
      </trkpt>
      <trkpt lat="46.272631" lon="6.128682">
        <ele>433.4</ele>
        <time>2026-09-24T06:06:02Z</time>
      </trkpt>
      <trkpt lat="46.272593" lon="6.128627">
        <ele>433.4</ele>
        <time>2026-09-24T06:06:03Z</time>
      </trkpt>
      <trkpt lat="46.272556" lon="6.128574">
        <ele>433.5</ele>
        <time>2026-09-24T06:06:04Z</time>
      </trkpt>
      <trkpt lat="46.272519" lon="6.128515">
        <ele>433.5</ele>
        <time>2026-09-24T06:06:05Z</time>
      </trkpt>
      <trkpt lat="46.272485" lon="6.128458">
        <ele>433.6</ele>
        <time>2026-09-24T06:06:06Z</time>
      </trkpt>
      <trkpt lat="46.272451" lon="6.128398">
        <ele>433.7</ele>
        <time>2026-09-24T06:06:07Z</time>
      </trkpt>
      <trkpt lat="46.272419" lon="6.128335">
        <ele>433.7</ele>
        <time>2026-09-24T06:06:08Z</time>
      </trkpt>
      <trkpt lat="46.272394" lon="6.128272">
        <ele>433.8</ele>
        <time>2026-09-24T06:06:09Z</time>
      </trkpt>
      <trkpt lat="46.27237" lon="6.128204">
        <ele>433.8</ele>
        <time>2026-09-24T06:06:10Z</time>
      </trkpt>
      <trkpt lat="46.272347" lon="6.128136">
        <ele>433.8</ele>
        <time>2026-09-24T06:06:11Z</time>
      </trkpt>
      <trkpt lat="46.272324" lon="6.128068">
        <ele>433.9</ele>
        <time>2026-09-24T06:06:12Z</time>
      </trkpt>
      <trkpt lat="46.2723" lon="6.128001">
        <ele>433.9</ele>
        <time>2026-09-24T06:06:13Z</time>
      </trkpt>
      <trkpt lat="46.272277" lon="6.127929">
        <ele>433.9</ele>
        <time>2026-09-24T06:06:14Z</time>
      </trkpt>
      <trkpt lat="46.272256" lon="6.127849">
        <ele>433.9</ele>
        <time>2026-09-24T06:06:15Z</time>
      </trkpt>
      <trkpt lat="46.272233" lon="6.127772">
        <ele>433.8</ele>
        <time>2026-09-24T06:06:16Z</time>
      </trkpt>
      <trkpt lat="46.27221" lon="6.127687">
        <ele>433.8</ele>
        <time>2026-09-24T06:06:17Z</time>
      </trkpt>
      <trkpt lat="46.272188" lon="6.127601">
        <ele>433.8</ele>
        <time>2026-09-24T06:06:18Z</time>
      </trkpt>
      <trkpt lat="46.272165" lon="6.127518">
        <ele>433.8</ele>
        <time>2026-09-24T06:06:19Z</time>
      </trkpt>
      <trkpt lat="46.272144" lon="6.127432">
        <ele>433.7</ele>
        <time>2026-09-24T06:06:20Z</time>
      </trkpt>
      <trkpt lat="46.272127" lon="6.127346">
        <ele>433.7</ele>
        <time>2026-09-24T06:06:21Z</time>
      </trkpt>
      <trkpt lat="46.272106" lon="6.127265">
        <ele>433.7</ele>
        <time>2026-09-24T06:06:22Z</time>
      </trkpt>
      <trkpt lat="46.272086" lon="6.127182">
        <ele>433.7</ele>
        <time>2026-09-24T06:06:23Z</time>
      </trkpt>
      <trkpt lat="46.272073" lon="6.127098">
        <ele>433.7</ele>
        <time>2026-09-24T06:06:24Z</time>
      </trkpt>
      <trkpt lat="46.272065" lon="6.127016">
        <ele>433.7</ele>
        <time>2026-09-24T06:06:25Z</time>
      </trkpt>
      <trkpt lat="46.272057" lon="6.126928">
        <ele>433.7</ele>
        <time>2026-09-24T06:06:26Z</time>
      </trkpt>
      <trkpt lat="46.272043" lon="6.126846">
        <ele>433.7</ele>
        <time>2026-09-24T06:06:27Z</time>
      </trkpt>
      <trkpt lat="46.272025" lon="6.126768">
        <ele>433.7</ele>
        <time>2026-09-24T06:06:28Z</time>
      </trkpt>
      <trkpt lat="46.272008" lon="6.126686">
        <ele>433.7</ele>
        <time>2026-09-24T06:06:29Z</time>
      </trkpt>
      <trkpt lat="46.271994" lon="6.126607">
        <ele>433.7</ele>
        <time>2026-09-24T06:06:30Z</time>
      </trkpt>
      <trkpt lat="46.27198" lon="6.126522">
        <ele>433.7</ele>
        <time>2026-09-24T06:06:31Z</time>
      </trkpt>
      <trkpt lat="46.271965" lon="6.126442">
        <ele>433.7</ele>
        <time>2026-09-24T06:06:32Z</time>
      </trkpt>
      <trkpt lat="46.271948" lon="6.126364">
        <ele>433.7</ele>
        <time>2026-09-24T06:06:33Z</time>
      </trkpt>
      <trkpt lat="46.271934" lon="6.126285">
        <ele>433.7</ele>
        <time>2026-09-24T06:06:34Z</time>
      </trkpt>
      <trkpt lat="46.27192" lon="6.126208">
        <ele>433.7</ele>
        <time>2026-09-24T06:06:35Z</time>
      </trkpt>
      <trkpt lat="46.271903" lon="6.126132">
        <ele>433.7</ele>
        <time>2026-09-24T06:06:36Z</time>
      </trkpt>
      <trkpt lat="46.271888" lon="6.126056">
        <ele>433.6</ele>
        <time>2026-09-24T06:06:37Z</time>
      </trkpt>
      <trkpt lat="46.271875" lon="6.125982">
        <ele>433.6</ele>
        <time>2026-09-24T06:06:38Z</time>
      </trkpt>
      <trkpt lat="46.271865" lon="6.12591">
        <ele>433.6</ele>
        <time>2026-09-24T06:06:39Z</time>
      </trkpt>
      <trkpt lat="46.271863" lon="6.125853">
        <ele>433.5</ele>
        <time>2026-09-24T06:06:40Z</time>
      </trkpt>
      <trkpt lat="46.271866" lon="6.125807">
        <ele>433.5</ele>
        <time>2026-09-24T06:06:41Z</time>
      </trkpt>
      <trkpt lat="46.27187" lon="6.125761">
        <ele>433.5</ele>
        <time>2026-09-24T06:06:42Z</time>
      </trkpt>
      <trkpt lat="46.271874" lon="6.125708">
        <ele>433.5</ele>
        <time>2026-09-24T06:06:43Z</time>
      </trkpt>
      <trkpt lat="46.271873" lon="6.125649">
        <ele>433.5</ele>
        <time>2026-09-24T06:06:44Z</time>
      </trkpt>
      <trkpt lat="46.271852" lon="6.125585">
        <ele>433.4</ele>
        <time>2026-09-24T06:06:45Z</time>
      </trkpt>
      <trkpt lat="46.271809" lon="6.125531">
        <ele>433.2</ele>
        <time>2026-09-24T06:06:46Z</time>
      </trkpt>
      <trkpt lat="46.271751" lon="6.125493">
        <ele>433.0</ele>
        <time>2026-09-24T06:06:47Z</time>
      </trkpt>
      <trkpt lat="46.271691" lon="6.125464">
        <ele>432.7</ele>
        <time>2026-09-24T06:06:48Z</time>
      </trkpt>
      <trkpt lat="46.271639" lon="6.125409">
        <ele>432.4</ele>
        <time>2026-09-24T06:06:49Z</time>
      </trkpt>
      <trkpt lat="46.2716" lon="6.125331">
        <ele>432.2</ele>
        <time>2026-09-24T06:06:50Z</time>
      </trkpt>
      <trkpt lat="46.271563" lon="6.125261">
        <ele>432.0</ele>
        <time>2026-09-24T06:06:51Z</time>
      </trkpt>
      <trkpt lat="46.271515" lon="6.125194">
        <ele>431.9</ele>
        <time>2026-09-24T06:06:52Z</time>
      </trkpt>
      <trkpt lat="46.271462" lon="6.125126">
        <ele>431.7</ele>
        <time>2026-09-24T06:06:53Z</time>
      </trkpt>
      <trkpt lat="46.271409" lon="6.125064">
        <ele>431.5</ele>
        <time>2026-09-24T06:06:54Z</time>
      </trkpt>
      <trkpt lat="46.271355" lon="6.124995">
        <ele>431.4</ele>
        <time>2026-09-24T06:06:55Z</time>
      </trkpt>
      <trkpt lat="46.271298" lon="6.124931">
        <ele>431.2</ele>
        <time>2026-09-24T06:06:56Z</time>
      </trkpt>
      <trkpt lat="46.271237" lon="6.124869">
        <ele>431.0</ele>
        <time>2026-09-24T06:06:57Z</time>
      </trkpt>
      <trkpt lat="46.271174" lon="6.124805">
        <ele>430.8</ele>
        <time>2026-09-24T06:06:58Z</time>
      </trkpt>
      <trkpt lat="46.271113" lon="6.124742">
        <ele>430.6</ele>
        <time>2026-09-24T06:06:59Z</time>
      </trkpt>
      <trkpt lat="46.271056" lon="6.124672">
        <ele>430.4</ele>
        <time>2026-09-24T06:07:00Z</time>
      </trkpt>
      <trkpt lat="46.271" lon="6.124595">
        <ele>430.2</ele>
        <time>2026-09-24T06:07:01Z</time>
      </trkpt>
      <trkpt lat="46.270945" lon="6.12451">
        <ele>430.0</ele>
        <time>2026-09-24T06:07:02Z</time>
      </trkpt>
      <trkpt lat="46.270902" lon="6.124411">
        <ele>429.8</ele>
        <time>2026-09-24T06:07:03Z</time>
      </trkpt>
      <trkpt lat="46.270873" lon="6.124304">
        <ele>429.7</ele>
        <time>2026-09-24T06:07:04Z</time>
      </trkpt>
      <trkpt lat="46.270841" lon="6.1242">
        <ele>429.7</ele>
        <time>2026-09-24T06:07:05Z</time>
      </trkpt>
      <trkpt lat="46.270809" lon="6.124101">
        <ele>429.7</ele>
        <time>2026-09-24T06:07:06Z</time>
      </trkpt>
      <trkpt lat="46.270774" lon="6.124003">
        <ele>429.8</ele>
        <time>2026-09-24T06:07:07Z</time>
      </trkpt>
      <trkpt lat="46.270742" lon="6.123905">
        <ele>429.9</ele>
        <time>2026-09-24T06:07:08Z</time>
      </trkpt>
      <trkpt lat="46.270712" lon="6.123812">
        <ele>430.1</ele>
        <time>2026-09-24T06:07:09Z</time>
      </trkpt>
      <trkpt lat="46.27068" lon="6.123723">
        <ele>430.3</ele>
        <time>2026-09-24T06:07:10Z</time>
      </trkpt>
      <trkpt lat="46.270648" lon="6.12364">
        <ele>430.3</ele>
        <time>2026-09-24T06:07:11Z</time>
      </trkpt>
      <trkpt lat="46.270615" lon="6.123558">
        <ele>430.5</ele>
        <time>2026-09-24T06:07:12Z</time>
      </trkpt>
      <trkpt lat="46.270587" lon="6.123475">
        <ele>430.8</ele>
        <time>2026-09-24T06:07:13Z</time>
      </trkpt>
      <trkpt lat="46.270562" lon="6.123407">
        <ele>431.1</ele>
        <time>2026-09-24T06:07:14Z</time>
      </trkpt>
      <trkpt lat="46.270537" lon="6.123343">
        <ele>431.4</ele>
        <time>2026-09-24T06:07:15Z</time>
      </trkpt>
      <trkpt lat="46.27051" lon="6.123283">
        <ele>431.7</ele>
        <time>2026-09-24T06:07:16Z</time>
      </trkpt>
      <trkpt lat="46.270484" lon="6.123221">
        <ele>432.1</ele>
        <time>2026-09-24T06:07:17Z</time>
      </trkpt>
      <trkpt lat="46.270458" lon="6.123165">
        <ele>432.4</ele>
        <time>2026-09-24T06:07:18Z</time>
      </trkpt>
      <trkpt lat="46.270432" lon="6.123111">
        <ele>432.7</ele>
        <time>2026-09-24T06:07:19Z</time>
      </trkpt>
      <trkpt lat="46.270405" lon="6.123057">
        <ele>433.0</ele>
        <time>2026-09-24T06:07:20Z</time>
      </trkpt>
      <trkpt lat="46.270374" lon="6.123007">
        <ele>433.2</ele>
        <time>2026-09-24T06:07:21Z</time>
      </trkpt>
      <trkpt lat="46.270343" lon="6.122961">
        <ele>433.5</ele>
        <time>2026-09-24T06:07:22Z</time>
      </trkpt>
      <trkpt lat="46.270318" lon="6.122909">
        <ele>433.7</ele>
        <time>2026-09-24T06:07:23Z</time>
      </trkpt>
      <trkpt lat="46.27029" lon="6.122861">
        <ele>433.9</ele>
        <time>2026-09-24T06:07:24Z</time>
      </trkpt>
      <trkpt lat="46.270261" lon="6.122808">
        <ele>434.1</ele>
        <time>2026-09-24T06:07:25Z</time>
      </trkpt>
      <trkpt lat="46.270233" lon="6.122758">
        <ele>434.3</ele>
        <time>2026-09-24T06:07:26Z</time>
      </trkpt>
      <trkpt lat="46.270208" lon="6.122706">
        <ele>434.5</ele>
        <time>2026-09-24T06:07:27Z</time>
      </trkpt>
      <trkpt lat="46.270185" lon="6.122648">
        <ele>434.7</ele>
        <time>2026-09-24T06:07:28Z</time>
      </trkpt>
      <trkpt lat="46.27016" lon="6.12259">
        <ele>434.8</ele>
        <time>2026-09-24T06:07:29Z</time>
      </trkpt>
      <trkpt lat="46.270134" lon="6.122536">
        <ele>435.0</ele>
        <time>2026-09-24T06:07:30Z</time>
      </trkpt>
      <trkpt lat="46.270108" lon="6.122481">
        <ele>435.1</ele>
        <time>2026-09-24T06:07:31Z</time>
      </trkpt>
      <trkpt lat="46.270082" lon="6.122429">
        <ele>435.1</ele>
        <time>2026-09-24T06:07:32Z</time>
      </trkpt>
      <trkpt lat="46.270053" lon="6.122377">
        <ele>435.0</ele>
        <time>2026-09-24T06:07:33Z</time>
      </trkpt>
      <trkpt lat="46.270017" lon="6.122326">
        <ele>435.0</ele>
        <time>2026-09-24T06:07:34Z</time>
      </trkpt>
      <trkpt lat="46.269976" lon="6.122277">
        <ele>435.0</ele>
        <time>2026-09-24T06:07:35Z</time>
      </trkpt>
      <trkpt lat="46.269939" lon="6.122227">
        <ele>434.9</ele>
        <time>2026-09-24T06:07:36Z</time>
      </trkpt>
      <trkpt lat="46.269901" lon="6.122178">
        <ele>434.9</ele>
        <time>2026-09-24T06:07:37Z</time>
      </trkpt>
      <trkpt lat="46.269862" lon="6.122139">
        <ele>434.9</ele>
        <time>2026-09-24T06:07:38Z</time>
      </trkpt>
      <trkpt lat="46.269817" lon="6.122097">
        <ele>434.8</ele>
        <time>2026-09-24T06:07:39Z</time>
      </trkpt>
      <trkpt lat="46.269771" lon="6.122055">
        <ele>434.8</ele>
        <time>2026-09-24T06:07:40Z</time>
      </trkpt>
      <trkpt lat="46.269722" lon="6.122011">
        <ele>434.7</ele>
        <time>2026-09-24T06:07:41Z</time>
      </trkpt>
      <trkpt lat="46.269674" lon="6.121969">
        <ele>434.6</ele>
        <time>2026-09-24T06:07:42Z</time>
      </trkpt>
      <trkpt lat="46.269625" lon="6.121924">
        <ele>434.5</ele>
        <time>2026-09-24T06:07:43Z</time>
      </trkpt>
      <trkpt lat="46.269573" lon="6.121883">
        <ele>434.5</ele>
        <time>2026-09-24T06:07:44Z</time>
      </trkpt>
      <trkpt lat="46.269523" lon="6.121839">
        <ele>434.4</ele>
        <time>2026-09-24T06:07:45Z</time>
      </trkpt>
      <trkpt lat="46.269471" lon="6.121795">
        <ele>434.4</ele>
        <time>2026-09-24T06:07:46Z</time>
      </trkpt>
      <trkpt lat="46.269418" lon="6.121748">
        <ele>434.4</ele>
        <time>2026-09-24T06:07:47Z</time>
      </trkpt>
      <trkpt lat="46.269363" lon="6.121705">
        <ele>434.3</ele>
        <time>2026-09-24T06:07:48Z</time>
      </trkpt>
      <trkpt lat="46.269314" lon="6.121661">
        <ele>434.2</ele>
        <time>2026-09-24T06:07:49Z</time>
      </trkpt>
      <trkpt lat="46.269282" lon="6.121601">
        <ele>433.9</ele>
        <time>2026-09-24T06:07:50Z</time>
      </trkpt>
      <trkpt lat="46.26926" lon="6.121531">
        <ele>433.8</ele>
        <time>2026-09-24T06:07:51Z</time>
      </trkpt>
      <trkpt lat="46.269247" lon="6.12146">
        <ele>433.7</ele>
        <time>2026-09-24T06:07:52Z</time>
      </trkpt>
      <trkpt lat="46.269223" lon="6.121388">
        <ele>433.5</ele>
        <time>2026-09-24T06:07:53Z</time>
      </trkpt>
      <trkpt lat="46.269188" lon="6.121313">
        <ele>433.0</ele>
        <time>2026-09-24T06:07:54Z</time>
      </trkpt>
      <trkpt lat="46.269152" lon="6.121221">
        <ele>432.5</ele>
        <time>2026-09-24T06:07:55Z</time>
      </trkpt>
      <trkpt lat="46.269114" lon="6.121126">
        <ele>432.0</ele>
        <time>2026-09-24T06:07:56Z</time>
      </trkpt>
      <trkpt lat="46.269069" lon="6.121034">
        <ele>431.5</ele>
        <time>2026-09-24T06:07:57Z</time>
      </trkpt>
      <trkpt lat="46.26902" lon="6.120938">
        <ele>431.0</ele>
        <time>2026-09-24T06:07:58Z</time>
      </trkpt>
      <trkpt lat="46.268968" lon="6.120846">
        <ele>430.5</ele>
        <time>2026-09-24T06:07:59Z</time>
      </trkpt>
      <trkpt lat="46.268913" lon="6.120748">
        <ele>430.0</ele>
        <time>2026-09-24T06:08:00Z</time>
      </trkpt>
      <trkpt lat="46.268857" lon="6.120649">
        <ele>429.6</ele>
        <time>2026-09-24T06:08:01Z</time>
      </trkpt>
      <trkpt lat="46.268802" lon="6.120543">
        <ele>429.1</ele>
        <time>2026-09-24T06:08:02Z</time>
      </trkpt>
      <trkpt lat="46.268748" lon="6.120438">
        <ele>428.8</ele>
        <time>2026-09-24T06:08:03Z</time>
      </trkpt>
      <trkpt lat="46.268694" lon="6.120338">
        <ele>428.4</ele>
        <time>2026-09-24T06:08:04Z</time>
      </trkpt>
      <trkpt lat="46.268633" lon="6.120233">
        <ele>428.1</ele>
        <time>2026-09-24T06:08:05Z</time>
      </trkpt>
      <trkpt lat="46.268576" lon="6.120131">
        <ele>427.9</ele>
        <time>2026-09-24T06:08:06Z</time>
      </trkpt>
      <trkpt lat="46.268519" lon="6.12002">
        <ele>427.8</ele>
        <time>2026-09-24T06:08:07Z</time>
      </trkpt>
      <trkpt lat="46.268471" lon="6.119925">
        <ele>427.7</ele>
        <time>2026-09-24T06:08:08Z</time>
      </trkpt>
      <trkpt lat="46.268416" lon="6.119815">
        <ele>427.6</ele>
        <time>2026-09-24T06:08:09Z</time>
      </trkpt>
      <trkpt lat="46.268361" lon="6.119711">
        <ele>427.6</ele>
        <time>2026-09-24T06:08:10Z</time>
      </trkpt>
      <trkpt lat="46.268307" lon="6.119613">
        <ele>427.6</ele>
        <time>2026-09-24T06:08:11Z</time>
      </trkpt>
      <trkpt lat="46.268258" lon="6.119521">
        <ele>427.6</ele>
        <time>2026-09-24T06:08:12Z</time>
      </trkpt>
      <trkpt lat="46.26821" lon="6.119425">
        <ele>427.6</ele>
        <time>2026-09-24T06:08:13Z</time>
      </trkpt>
      <trkpt lat="46.268159" lon="6.119333">
        <ele>427.7</ele>
        <time>2026-09-24T06:08:14Z</time>
      </trkpt>
      <trkpt lat="46.268117" lon="6.119235">
        <ele>427.7</ele>
        <time>2026-09-24T06:08:15Z</time>
      </trkpt>
      <trkpt lat="46.268078" lon="6.119135">
        <ele>427.7</ele>
        <time>2026-09-24T06:08:16Z</time>
      </trkpt>
      <trkpt lat="46.268053" lon="6.119029">
        <ele>427.7</ele>
        <time>2026-09-24T06:08:17Z</time>
      </trkpt>
      <trkpt lat="46.26803" lon="6.118925">
        <ele>427.8</ele>
        <time>2026-09-24T06:08:18Z</time>
      </trkpt>
      <trkpt lat="46.268009" lon="6.118822">
        <ele>427.8</ele>
        <time>2026-09-24T06:08:19Z</time>
      </trkpt>
      <trkpt lat="46.26799" lon="6.118725">
        <ele>427.9</ele>
        <time>2026-09-24T06:08:20Z</time>
      </trkpt>
      <trkpt lat="46.267966" lon="6.118634">
        <ele>428.0</ele>
        <time>2026-09-24T06:08:21Z</time>
      </trkpt>
      <trkpt lat="46.267939" lon="6.118545">
        <ele>428.1</ele>
        <time>2026-09-24T06:08:22Z</time>
      </trkpt>
      <trkpt lat="46.267912" lon="6.118457">
        <ele>428.1</ele>
        <time>2026-09-24T06:08:23Z</time>
      </trkpt>
      <trkpt lat="46.267886" lon="6.118374">
        <ele>428.2</ele>
        <time>2026-09-24T06:08:24Z</time>
      </trkpt>
      <trkpt lat="46.267854" lon="6.118292">
        <ele>428.3</ele>
        <time>2026-09-24T06:08:25Z</time>
      </trkpt>
      <trkpt lat="46.267815" lon="6.118208">
        <ele>428.4</ele>
        <time>2026-09-24T06:08:26Z</time>
      </trkpt>
      <trkpt lat="46.267786" lon="6.118129">
        <ele>428.5</ele>
        <time>2026-09-24T06:08:27Z</time>
      </trkpt>
      <trkpt lat="46.267762" lon="6.118054">
        <ele>428.5</ele>
        <time>2026-09-24T06:08:28Z</time>
      </trkpt>
      <trkpt lat="46.267719" lon="6.117984">
        <ele>428.6</ele>
        <time>2026-09-24T06:08:29Z</time>
      </trkpt>
      <trkpt lat="46.267677" lon="6.117922">
        <ele>428.6</ele>
        <time>2026-09-24T06:08:30Z</time>
      </trkpt>
      <trkpt lat="46.267631" lon="6.11785">
        <ele>428.7</ele>
        <time>2026-09-24T06:08:31Z</time>
      </trkpt>
      <trkpt lat="46.267582" lon="6.117795">
        <ele>428.7</ele>
        <time>2026-09-24T06:08:32Z</time>
      </trkpt>
      <trkpt lat="46.267532" lon="6.117734">
        <ele>428.7</ele>
        <time>2026-09-24T06:08:33Z</time>
      </trkpt>
      <trkpt lat="46.267478" lon="6.117677">
        <ele>428.8</ele>
        <time>2026-09-24T06:08:34Z</time>
      </trkpt>
      <trkpt lat="46.26743" lon="6.117622">
        <ele>428.8</ele>
        <time>2026-09-24T06:08:35Z</time>
      </trkpt>
      <trkpt lat="46.267381" lon="6.117566">
        <ele>428.9</ele>
        <time>2026-09-24T06:08:36Z</time>
      </trkpt>
      <trkpt lat="46.267332" lon="6.117509">
        <ele>429.0</ele>
        <time>2026-09-24T06:08:37Z</time>
      </trkpt>
      <trkpt lat="46.267284" lon="6.117457">
        <ele>429.1</ele>
        <time>2026-09-24T06:08:38Z</time>
      </trkpt>
      <trkpt lat="46.267233" lon="6.117405">
        <ele>429.2</ele>
        <time>2026-09-24T06:08:39Z</time>
      </trkpt>
      <trkpt lat="46.267183" lon="6.117348">
        <ele>429.2</ele>
        <time>2026-09-24T06:08:40Z</time>
      </trkpt>
      <trkpt lat="46.267139" lon="6.117297">
        <ele>429.3</ele>
        <time>2026-09-24T06:08:41Z</time>
      </trkpt>
      <trkpt lat="46.267088" lon="6.117245">
        <ele>429.3</ele>
        <time>2026-09-24T06:08:42Z</time>
      </trkpt>
      <trkpt lat="46.26704" lon="6.117194">
        <ele>429.4</ele>
        <time>2026-09-24T06:08:43Z</time>
      </trkpt>
      <trkpt lat="46.266994" lon="6.117142">
        <ele>429.4</ele>
        <time>2026-09-24T06:08:44Z</time>
      </trkpt>
      <trkpt lat="46.266944" lon="6.117087">
        <ele>429.4</ele>
        <time>2026-09-24T06:08:45Z</time>
      </trkpt>
      <trkpt lat="46.266893" lon="6.117033">
        <ele>429.4</ele>
        <time>2026-09-24T06:08:46Z</time>
      </trkpt>
      <trkpt lat="46.266848" lon="6.116981">
        <ele>429.4</ele>
        <time>2026-09-24T06:08:47Z</time>
      </trkpt>
      <trkpt lat="46.266797" lon="6.116921">
        <ele>429.4</ele>
        <time>2026-09-24T06:08:48Z</time>
      </trkpt>
      <trkpt lat="46.26675" lon="6.116864">
        <ele>429.3</ele>
        <time>2026-09-24T06:08:49Z</time>
      </trkpt>
      <trkpt lat="46.266705" lon="6.116806">
        <ele>429.3</ele>
        <time>2026-09-24T06:08:50Z</time>
      </trkpt>
      <trkpt lat="46.266658" lon="6.116747">
        <ele>429.3</ele>
        <time>2026-09-24T06:08:51Z</time>
      </trkpt>
      <trkpt lat="46.266613" lon="6.116691">
        <ele>429.3</ele>
        <time>2026-09-24T06:08:52Z</time>
      </trkpt>
      <trkpt lat="46.266568" lon="6.116632">
        <ele>429.2</ele>
        <time>2026-09-24T06:08:53Z</time>
      </trkpt>
      <trkpt lat="46.266525" lon="6.116569">
        <ele>429.2</ele>
        <time>2026-09-24T06:08:54Z</time>
      </trkpt>
      <trkpt lat="46.266485" lon="6.116503">
        <ele>429.2</ele>
        <time>2026-09-24T06:08:55Z</time>
      </trkpt>
      <trkpt lat="46.266447" lon="6.116435">
        <ele>429.2</ele>
        <time>2026-09-24T06:08:56Z</time>
      </trkpt>
      <trkpt lat="46.266402" lon="6.116391">
        <ele>429.2</ele>
        <time>2026-09-24T06:08:57Z</time>
      </trkpt>
      <trkpt lat="46.266365" lon="6.116346">
        <ele>429.3</ele>
        <time>2026-09-24T06:08:58Z</time>
      </trkpt>
      <trkpt lat="46.266337" lon="6.116301">
        <ele>429.3</ele>
        <time>2026-09-24T06:08:59Z</time>
      </trkpt>
      <trkpt lat="46.266312" lon="6.116275">
        <ele>429.3</ele>
        <time>2026-09-24T06:09:00Z</time>
      </trkpt>
      <trkpt lat="46.266291" lon="6.116258">
        <ele>429.3</ele>
        <time>2026-09-24T06:09:01Z</time>
      </trkpt>
      <trkpt lat="46.266278" lon="6.116261">
        <ele>429.3</ele>
        <time>2026-09-24T06:09:02Z</time>
      </trkpt>
      <trkpt lat="46.266272" lon="6.116283">
        <ele>429.2</ele>
        <time>2026-09-24T06:09:03Z</time>
      </trkpt>
      <trkpt lat="46.266261" lon="6.11627">
        <ele>429.2</ele>
        <time>2026-09-24T06:09:04Z</time>
      </trkpt>
      <trkpt lat="46.266236" lon="6.116252">
        <ele>429.2</ele>
        <time>2026-09-24T06:09:05Z</time>
      </trkpt>
      <trkpt lat="46.26621" lon="6.11622">
        <ele>429.3</ele>
        <time>2026-09-24T06:09:06Z</time>
      </trkpt>
      <trkpt lat="46.266192" lon="6.116188">
        <ele>429.3</ele>
        <time>2026-09-24T06:09:07Z</time>
      </trkpt>
      <trkpt lat="46.266174" lon="6.11615">
        <ele>429.3</ele>
        <time>2026-09-24T06:09:08Z</time>
      </trkpt>
      <trkpt lat="46.266156" lon="6.116099">
        <ele>429.4</ele>
        <time>2026-09-24T06:09:09Z</time>
      </trkpt>
      <trkpt lat="46.266136" lon="6.116064">
        <ele>429.4</ele>
        <time>2026-09-24T06:09:10Z</time>
      </trkpt>
      <trkpt lat="46.266117" lon="6.116026">
        <ele>429.5</ele>
        <time>2026-09-24T06:09:11Z</time>
      </trkpt>
      <trkpt lat="46.266098" lon="6.115988">
        <ele>429.6</ele>
        <time>2026-09-24T06:09:12Z</time>
      </trkpt>
      <trkpt lat="46.266068" lon="6.11594">
        <ele>429.7</ele>
        <time>2026-09-24T06:09:13Z</time>
      </trkpt>
      <trkpt lat="46.266049" lon="6.115893">
        <ele>429.8</ele>
        <time>2026-09-24T06:09:14Z</time>
      </trkpt>
      <trkpt lat="46.266028" lon="6.115853">
        <ele>429.9</ele>
        <time>2026-09-24T06:09:15Z</time>
      </trkpt>
      <trkpt lat="46.266003" lon="6.115804">
        <ele>430.0</ele>
        <time>2026-09-24T06:09:16Z</time>
      </trkpt>
      <trkpt lat="46.265974" lon="6.115763">
        <ele>430.2</ele>
        <time>2026-09-24T06:09:17Z</time>
      </trkpt>
      <trkpt lat="46.265952" lon="6.115712">
        <ele>430.3</ele>
        <time>2026-09-24T06:09:18Z</time>
      </trkpt>
      <trkpt lat="46.265938" lon="6.115669">
        <ele>430.4</ele>
        <time>2026-09-24T06:09:19Z</time>
      </trkpt>
      <trkpt lat="46.26592" lon="6.115633">
        <ele>430.5</ele>
        <time>2026-09-24T06:09:20Z</time>
      </trkpt>
      <trkpt lat="46.26589" lon="6.115607">
        <ele>430.6</ele>
        <time>2026-09-24T06:09:21Z</time>
      </trkpt>
      <trkpt lat="46.265863" lon="6.115574">
        <ele>430.7</ele>
        <time>2026-09-24T06:09:22Z</time>
      </trkpt>
      <trkpt lat="46.265837" lon="6.115522">
        <ele>430.8</ele>
        <time>2026-09-24T06:09:23Z</time>
      </trkpt>
      <trkpt lat="46.265811" lon="6.115459">
        <ele>430.9</ele>
        <time>2026-09-24T06:09:24Z</time>
      </trkpt>
      <trkpt lat="46.26579" lon="6.115388">
        <ele>431.0</ele>
        <time>2026-09-24T06:09:25Z</time>
      </trkpt>
      <trkpt lat="46.265777" lon="6.115326">
        <ele>431.1</ele>
        <time>2026-09-24T06:09:26Z</time>
      </trkpt>
      <trkpt lat="46.265756" lon="6.115274">
        <ele>431.2</ele>
        <time>2026-09-24T06:09:27Z</time>
      </trkpt>
      <trkpt lat="46.265734" lon="6.115225">
        <ele>431.3</ele>
        <time>2026-09-24T06:09:28Z</time>
      </trkpt>
      <trkpt lat="46.265713" lon="6.115169">
        <ele>431.4</ele>
        <time>2026-09-24T06:09:29Z</time>
      </trkpt>
      <trkpt lat="46.265689" lon="6.115123">
        <ele>431.5</ele>
        <time>2026-09-24T06:09:30Z</time>
      </trkpt>
      <trkpt lat="46.265668" lon="6.115063">
        <ele>431.6</ele>
        <time>2026-09-24T06:09:31Z</time>
      </trkpt>
      <trkpt lat="46.265656" lon="6.115011">
        <ele>431.7</ele>
        <time>2026-09-24T06:09:32Z</time>
      </trkpt>
      <trkpt lat="46.265625" lon="6.11496">
        <ele>431.8</ele>
        <time>2026-09-24T06:09:33Z</time>
      </trkpt>
      <trkpt lat="46.265596" lon="6.114898">
        <ele>431.9</ele>
        <time>2026-09-24T06:09:34Z</time>
      </trkpt>
      <trkpt lat="46.26557" lon="6.114854">
        <ele>432.0</ele>
        <time>2026-09-24T06:09:35Z</time>
      </trkpt>
      <trkpt lat="46.265545" lon="6.114812">
        <ele>432.2</ele>
        <time>2026-09-24T06:09:36Z</time>
      </trkpt>
      <trkpt lat="46.265518" lon="6.114773">
        <ele>432.3</ele>
        <time>2026-09-24T06:09:37Z</time>
      </trkpt>
      <trkpt lat="46.265487" lon="6.114754">
        <ele>432.3</ele>
        <time>2026-09-24T06:09:38Z</time>
      </trkpt>
      <trkpt lat="46.265449" lon="6.114748">
        <ele>432.5</ele>
        <time>2026-09-24T06:09:39Z</time>
      </trkpt>
      <trkpt lat="46.265417" lon="6.114762">
        <ele>432.7</ele>
        <time>2026-09-24T06:09:40Z</time>
      </trkpt>
      <trkpt lat="46.265392" lon="6.114791">
        <ele>432.9</ele>
        <time>2026-09-24T06:09:41Z</time>
      </trkpt>
      <trkpt lat="46.265374" lon="6.114824">
        <ele>433.1</ele>
        <time>2026-09-24T06:09:42Z</time>
      </trkpt>
      <trkpt lat="46.26536" lon="6.114861">
        <ele>433.3</ele>
        <time>2026-09-24T06:09:43Z</time>
      </trkpt>
      <trkpt lat="46.26534" lon="6.114887">
        <ele>433.5</ele>
        <time>2026-09-24T06:09:44Z</time>
      </trkpt>
      <trkpt lat="46.265319" lon="6.114921">
        <ele>433.7</ele>
        <time>2026-09-24T06:09:45Z</time>
      </trkpt>
      <trkpt lat="46.2653" lon="6.114954">
        <ele>434.0</ele>
        <time>2026-09-24T06:09:46Z</time>
      </trkpt>
      <trkpt lat="46.265278" lon="6.114985">
        <ele>434.2</ele>
        <time>2026-09-24T06:09:47Z</time>
      </trkpt>
      <trkpt lat="46.265253" lon="6.115017">
        <ele>434.5</ele>
        <time>2026-09-24T06:09:48Z</time>
      </trkpt>
      <trkpt lat="46.265231" lon="6.115047">
        <ele>434.8</ele>
        <time>2026-09-24T06:09:49Z</time>
      </trkpt>
      <trkpt lat="46.265212" lon="6.115077">
        <ele>435.0</ele>
        <time>2026-09-24T06:09:50Z</time>
      </trkpt>
      <trkpt lat="46.265196" lon="6.115113">
        <ele>435.3</ele>
        <time>2026-09-24T06:09:51Z</time>
      </trkpt>
      <trkpt lat="46.26518" lon="6.115146">
        <ele>435.5</ele>
        <time>2026-09-24T06:09:52Z</time>
      </trkpt>
      <trkpt lat="46.265159" lon="6.115176">
        <ele>435.7</ele>
        <time>2026-09-24T06:09:53Z</time>
      </trkpt>
      <trkpt lat="46.265136" lon="6.115203">
        <ele>436.1</ele>
        <time>2026-09-24T06:09:54Z</time>
      </trkpt>
      <trkpt lat="46.265114" lon="6.115231">
        <ele>436.4</ele>
        <time>2026-09-24T06:09:55Z</time>
      </trkpt>
      <trkpt lat="46.265092" lon="6.115261">
        <ele>436.7</ele>
        <time>2026-09-24T06:09:56Z</time>
      </trkpt>
      <trkpt lat="46.26507" lon="6.115282">
        <ele>437.0</ele>
        <time>2026-09-24T06:09:57Z</time>
      </trkpt>
      <trkpt lat="46.265038" lon="6.115292">
        <ele>437.4</ele>
        <time>2026-09-24T06:09:58Z</time>
      </trkpt>
      <trkpt lat="46.265005" lon="6.11529">
        <ele>437.4</ele>
        <time>2026-09-24T06:09:59Z</time>
      </trkpt>
      <trkpt lat="46.264968" lon="6.115274">
        <ele>437.5</ele>
        <time>2026-09-24T06:10:00Z</time>
      </trkpt>
      <trkpt lat="46.264936" lon="6.11525">
        <ele>437.6</ele>
        <time>2026-09-24T06:10:01Z</time>
      </trkpt>
      <trkpt lat="46.264904" lon="6.115228">
        <ele>437.6</ele>
        <time>2026-09-24T06:10:02Z</time>
      </trkpt>
      <trkpt lat="46.264866" lon="6.115202">
        <ele>437.7</ele>
        <time>2026-09-24T06:10:03Z</time>
      </trkpt>
      <trkpt lat="46.264831" lon="6.11517">
        <ele>437.7</ele>
        <time>2026-09-24T06:10:04Z</time>
      </trkpt>
      <trkpt lat="46.264798" lon="6.11513">
        <ele>437.8</ele>
        <time>2026-09-24T06:10:05Z</time>
      </trkpt>
      <trkpt lat="46.264766" lon="6.11509">
        <ele>437.8</ele>
        <time>2026-09-24T06:10:06Z</time>
      </trkpt>
      <trkpt lat="46.264732" lon="6.115049">
        <ele>437.9</ele>
        <time>2026-09-24T06:10:07Z</time>
      </trkpt>
      <trkpt lat="46.264698" lon="6.115005">
        <ele>437.9</ele>
        <time>2026-09-24T06:10:08Z</time>
      </trkpt>
      <trkpt lat="46.264663" lon="6.114962">
        <ele>438.0</ele>
        <time>2026-09-24T06:10:09Z</time>
      </trkpt>
      <trkpt lat="46.264628" lon="6.114921">
        <ele>438.0</ele>
        <time>2026-09-24T06:10:10Z</time>
      </trkpt>
      <trkpt lat="46.264594" lon="6.114878">
        <ele>438.1</ele>
        <time>2026-09-24T06:10:11Z</time>
      </trkpt>
      <trkpt lat="46.264561" lon="6.114833">
        <ele>438.1</ele>
        <time>2026-09-24T06:10:12Z</time>
      </trkpt>
      <trkpt lat="46.26453" lon="6.114785">
        <ele>438.2</ele>
        <time>2026-09-24T06:10:13Z</time>
      </trkpt>
      <trkpt lat="46.264499" lon="6.114732">
        <ele>438.2</ele>
        <time>2026-09-24T06:10:14Z</time>
      </trkpt>
      <trkpt lat="46.26447" lon="6.11468">
        <ele>438.3</ele>
        <time>2026-09-24T06:10:15Z</time>
      </trkpt>
      <trkpt lat="46.264442" lon="6.114627">
        <ele>438.4</ele>
        <time>2026-09-24T06:10:16Z</time>
      </trkpt>
      <trkpt lat="46.264416" lon="6.114571">
        <ele>438.5</ele>
        <time>2026-09-24T06:10:17Z</time>
      </trkpt>
      <trkpt lat="46.26439" lon="6.114513">
        <ele>438.6</ele>
        <time>2026-09-24T06:10:18Z</time>
      </trkpt>
      <trkpt lat="46.264364" lon="6.114456">
        <ele>438.6</ele>
        <time>2026-09-24T06:10:19Z</time>
      </trkpt>
      <trkpt lat="46.264332" lon="6.114401">
        <ele>438.7</ele>
        <time>2026-09-24T06:10:20Z</time>
      </trkpt>
      <trkpt lat="46.264301" lon="6.114347">
        <ele>438.8</ele>
        <time>2026-09-24T06:10:21Z</time>
      </trkpt>
      <trkpt lat="46.264268" lon="6.114292">
        <ele>438.9</ele>
        <time>2026-09-24T06:10:22Z</time>
      </trkpt>
      <trkpt lat="46.264236" lon="6.11424">
        <ele>438.9</ele>
        <time>2026-09-24T06:10:23Z</time>
      </trkpt>
      <trkpt lat="46.264202" lon="6.114189">
        <ele>439.0</ele>
        <time>2026-09-24T06:10:24Z</time>
      </trkpt>
      <trkpt lat="46.264169" lon="6.114142">
        <ele>439.0</ele>
        <time>2026-09-24T06:10:25Z</time>
      </trkpt>
      <trkpt lat="46.264133" lon="6.114096">
        <ele>439.1</ele>
        <time>2026-09-24T06:10:26Z</time>
      </trkpt>
      <trkpt lat="46.264099" lon="6.114043">
        <ele>439.2</ele>
        <time>2026-09-24T06:10:27Z</time>
      </trkpt>
      <trkpt lat="46.264074" lon="6.113981">
        <ele>439.2</ele>
        <time>2026-09-24T06:10:28Z</time>
      </trkpt>
      <trkpt lat="46.264047" lon="6.113917">
        <ele>439.3</ele>
        <time>2026-09-24T06:10:29Z</time>
      </trkpt>
      <trkpt lat="46.264017" lon="6.113864">
        <ele>439.3</ele>
        <time>2026-09-24T06:10:30Z</time>
      </trkpt>
      <trkpt lat="46.263983" lon="6.113813">
        <ele>439.4</ele>
        <time>2026-09-24T06:10:31Z</time>
      </trkpt>
      <trkpt lat="46.26395" lon="6.113762">
        <ele>439.4</ele>
        <time>2026-09-24T06:10:32Z</time>
      </trkpt>
      <trkpt lat="46.263916" lon="6.113705">
        <ele>439.5</ele>
        <time>2026-09-24T06:10:33Z</time>
      </trkpt>
      <trkpt lat="46.263881" lon="6.113651">
        <ele>439.5</ele>
        <time>2026-09-24T06:10:34Z</time>
      </trkpt>
      <trkpt lat="46.263849" lon="6.113599">
        <ele>439.6</ele>
        <time>2026-09-24T06:10:35Z</time>
      </trkpt>
      <trkpt lat="46.263816" lon="6.113544">
        <ele>439.6</ele>
        <time>2026-09-24T06:10:36Z</time>
      </trkpt>
      <trkpt lat="46.263784" lon="6.11349">
        <ele>439.6</ele>
        <time>2026-09-24T06:10:37Z</time>
      </trkpt>
      <trkpt lat="46.263752" lon="6.113432">
        <ele>439.7</ele>
        <time>2026-09-24T06:10:38Z</time>
      </trkpt>
      <trkpt lat="46.263715" lon="6.113375">
        <ele>439.7</ele>
        <time>2026-09-24T06:10:39Z</time>
      </trkpt>
      <trkpt lat="46.263678" lon="6.113321">
        <ele>439.7</ele>
        <time>2026-09-24T06:10:40Z</time>
      </trkpt>
      <trkpt lat="46.263642" lon="6.113263">
        <ele>439.7</ele>
        <time>2026-09-24T06:10:41Z</time>
      </trkpt>
      <trkpt lat="46.263608" lon="6.113209">
        <ele>439.8</ele>
        <time>2026-09-24T06:10:42Z</time>
      </trkpt>
      <trkpt lat="46.26357" lon="6.113153">
        <ele>439.8</ele>
        <time>2026-09-24T06:10:43Z</time>
      </trkpt>
      <trkpt lat="46.263536" lon="6.113103">
        <ele>439.8</ele>
        <time>2026-09-24T06:10:44Z</time>
      </trkpt>
      <trkpt lat="46.263497" lon="6.113045">
        <ele>439.8</ele>
        <time>2026-09-24T06:10:45Z</time>
      </trkpt>
      <trkpt lat="46.263458" lon="6.112988">
        <ele>439.8</ele>
        <time>2026-09-24T06:10:46Z</time>
      </trkpt>
      <trkpt lat="46.263422" lon="6.112933">
        <ele>439.8</ele>
        <time>2026-09-24T06:10:47Z</time>
      </trkpt>
      <trkpt lat="46.263381" lon="6.112875">
        <ele>439.8</ele>
        <time>2026-09-24T06:10:48Z</time>
      </trkpt>
      <trkpt lat="46.263341" lon="6.112817">
        <ele>439.8</ele>
        <time>2026-09-24T06:10:49Z</time>
      </trkpt>
      <trkpt lat="46.263302" lon="6.112759">
        <ele>439.8</ele>
        <time>2026-09-24T06:10:50Z</time>
      </trkpt>
      <trkpt lat="46.263261" lon="6.112697">
        <ele>439.8</ele>
        <time>2026-09-24T06:10:51Z</time>
      </trkpt>
      <trkpt lat="46.263221" lon="6.112643">
        <ele>439.8</ele>
        <time>2026-09-24T06:10:52Z</time>
      </trkpt>
      <trkpt lat="46.263183" lon="6.112585">
        <ele>439.7</ele>
        <time>2026-09-24T06:10:53Z</time>
      </trkpt>
      <trkpt lat="46.26314" lon="6.11253">
        <ele>439.7</ele>
        <time>2026-09-24T06:10:54Z</time>
      </trkpt>
      <trkpt lat="46.2631" lon="6.112475">
        <ele>439.7</ele>
        <time>2026-09-24T06:10:55Z</time>
      </trkpt>
      <trkpt lat="46.263057" lon="6.112417">
        <ele>439.6</ele>
        <time>2026-09-24T06:10:56Z</time>
      </trkpt>
      <trkpt lat="46.263009" lon="6.112361">
        <ele>439.6</ele>
        <time>2026-09-24T06:10:57Z</time>
      </trkpt>
      <trkpt lat="46.262958" lon="6.1123">
        <ele>439.5</ele>
        <time>2026-09-24T06:10:58Z</time>
      </trkpt>
      <trkpt lat="46.262909" lon="6.112232">
        <ele>439.5</ele>
        <time>2026-09-24T06:10:59Z</time>
      </trkpt>
      <trkpt lat="46.262862" lon="6.112165">
        <ele>439.4</ele>
        <time>2026-09-24T06:11:00Z</time>
      </trkpt>
      <trkpt lat="46.262812" lon="6.112101">
        <ele>439.3</ele>
        <time>2026-09-24T06:11:01Z</time>
      </trkpt>
      <trkpt lat="46.262761" lon="6.112036">
        <ele>439.3</ele>
        <time>2026-09-24T06:11:02Z</time>
      </trkpt>
      <trkpt lat="46.262708" lon="6.111975">
        <ele>439.3</ele>
        <time>2026-09-24T06:11:03Z</time>
      </trkpt>
      <trkpt lat="46.262657" lon="6.11191">
        <ele>439.3</ele>
        <time>2026-09-24T06:11:04Z</time>
      </trkpt>
      <trkpt lat="46.262605" lon="6.111839">
        <ele>439.2</ele>
        <time>2026-09-24T06:11:05Z</time>
      </trkpt>
      <trkpt lat="46.262552" lon="6.111771">
        <ele>439.1</ele>
        <time>2026-09-24T06:11:06Z</time>
      </trkpt>
      <trkpt lat="46.262499" lon="6.111708">
        <ele>439.0</ele>
        <time>2026-09-24T06:11:07Z</time>
      </trkpt>
      <trkpt lat="46.262449" lon="6.111641">
        <ele>438.9</ele>
        <time>2026-09-24T06:11:08Z</time>
      </trkpt>
      <trkpt lat="46.262399" lon="6.111574">
        <ele>438.9</ele>
        <time>2026-09-24T06:11:09Z</time>
      </trkpt>
      <trkpt lat="46.262347" lon="6.11151">
        <ele>438.8</ele>
        <time>2026-09-24T06:11:10Z</time>
      </trkpt>
      <trkpt lat="46.262294" lon="6.111446">
        <ele>438.8</ele>
        <time>2026-09-24T06:11:11Z</time>
      </trkpt>
      <trkpt lat="46.262243" lon="6.111376">
        <ele>438.7</ele>
        <time>2026-09-24T06:11:12Z</time>
      </trkpt>
      <trkpt lat="46.26219" lon="6.111307">
        <ele>438.7</ele>
        <time>2026-09-24T06:11:13Z</time>
      </trkpt>
      <trkpt lat="46.262137" lon="6.111243">
        <ele>438.6</ele>
        <time>2026-09-24T06:11:14Z</time>
      </trkpt>
      <trkpt lat="46.262087" lon="6.111173">
        <ele>438.5</ele>
        <time>2026-09-24T06:11:15Z</time>
      </trkpt>
      <trkpt lat="46.262035" lon="6.111106">
        <ele>438.4</ele>
        <time>2026-09-24T06:11:16Z</time>
      </trkpt>
      <trkpt lat="46.261982" lon="6.111039">
        <ele>438.3</ele>
        <time>2026-09-24T06:11:17Z</time>
      </trkpt>
      <trkpt lat="46.261928" lon="6.110974">
        <ele>438.2</ele>
        <time>2026-09-24T06:11:18Z</time>
      </trkpt>
      <trkpt lat="46.261875" lon="6.110909">
        <ele>438.0</ele>
        <time>2026-09-24T06:11:19Z</time>
      </trkpt>
      <trkpt lat="46.261821" lon="6.110841">
        <ele>437.9</ele>
        <time>2026-09-24T06:11:20Z</time>
      </trkpt>
      <trkpt lat="46.261766" lon="6.110774">
        <ele>437.7</ele>
        <time>2026-09-24T06:11:21Z</time>
      </trkpt>
      <trkpt lat="46.26171" lon="6.110705">
        <ele>437.5</ele>
        <time>2026-09-24T06:11:22Z</time>
      </trkpt>
      <trkpt lat="46.261652" lon="6.110634">
        <ele>437.3</ele>
        <time>2026-09-24T06:11:23Z</time>
      </trkpt>
      <trkpt lat="46.261592" lon="6.110562">
        <ele>437.0</ele>
        <time>2026-09-24T06:11:24Z</time>
      </trkpt>
      <trkpt lat="46.261533" lon="6.110485">
        <ele>436.7</ele>
        <time>2026-09-24T06:11:25Z</time>
      </trkpt>
      <trkpt lat="46.261468" lon="6.110413">
        <ele>436.3</ele>
        <time>2026-09-24T06:11:26Z</time>
      </trkpt>
      <trkpt lat="46.261405" lon="6.110336">
        <ele>435.8</ele>
        <time>2026-09-24T06:11:27Z</time>
      </trkpt>
      <trkpt lat="46.261341" lon="6.110251">
        <ele>435.2</ele>
        <time>2026-09-24T06:11:28Z</time>
      </trkpt>
      <trkpt lat="46.261276" lon="6.110165">
        <ele>434.6</ele>
        <time>2026-09-24T06:11:29Z</time>
      </trkpt>
      <trkpt lat="46.261206" lon="6.110082">
        <ele>434.0</ele>
        <time>2026-09-24T06:11:30Z</time>
      </trkpt>
      <trkpt lat="46.261134" lon="6.109991">
        <ele>433.3</ele>
        <time>2026-09-24T06:11:31Z</time>
      </trkpt>
      <trkpt lat="46.261058" lon="6.109896">
        <ele>432.6</ele>
        <time>2026-09-24T06:11:32Z</time>
      </trkpt>
      <trkpt lat="46.260983" lon="6.1098">
        <ele>432.1</ele>
        <time>2026-09-24T06:11:33Z</time>
      </trkpt>
      <trkpt lat="46.260907" lon="6.109703">
        <ele>431.9</ele>
        <time>2026-09-24T06:11:34Z</time>
      </trkpt>
      <trkpt lat="46.26083" lon="6.10961">
        <ele>431.7</ele>
        <time>2026-09-24T06:11:35Z</time>
      </trkpt>
      <trkpt lat="46.260763" lon="6.109515">
        <ele>431.6</ele>
        <time>2026-09-24T06:11:36Z</time>
      </trkpt>
      <trkpt lat="46.260702" lon="6.109421">
        <ele>431.5</ele>
        <time>2026-09-24T06:11:37Z</time>
      </trkpt>
      <trkpt lat="46.260648" lon="6.109332">
        <ele>431.5</ele>
        <time>2026-09-24T06:11:38Z</time>
      </trkpt>
      <trkpt lat="46.260604" lon="6.10927">
        <ele>431.5</ele>
        <time>2026-09-24T06:11:39Z</time>
      </trkpt>
      <trkpt lat="46.260576" lon="6.109234">
        <ele>431.5</ele>
        <time>2026-09-24T06:11:40Z</time>
      </trkpt>
      <trkpt lat="46.260558" lon="6.109217">
        <ele>431.5</ele>
        <time>2026-09-24T06:11:41Z</time>
      </trkpt>
      <trkpt lat="46.260549" lon="6.109217">
        <ele>431.5</ele>
        <time>2026-09-24T06:11:42Z</time>
      </trkpt>
      <trkpt lat="46.260541" lon="6.10922">
        <ele>431.5</ele>
        <time>2026-09-24T06:11:43Z</time>
      </trkpt>
      <trkpt lat="46.260521" lon="6.109218">
        <ele>431.5</ele>
        <time>2026-09-24T06:11:44Z</time>
      </trkpt>
      <trkpt lat="46.260499" lon="6.109197">
        <ele>431.5</ele>
        <time>2026-09-24T06:11:45Z</time>
      </trkpt>
      <trkpt lat="46.260474" lon="6.109176">
        <ele>431.6</ele>
        <time>2026-09-24T06:11:46Z</time>
      </trkpt>
      <trkpt lat="46.260456" lon="6.109153">
        <ele>431.6</ele>
        <time>2026-09-24T06:11:47Z</time>
      </trkpt>
      <trkpt lat="46.260434" lon="6.109115">
        <ele>431.6</ele>
        <time>2026-09-24T06:11:48Z</time>
      </trkpt>
      <trkpt lat="46.26041" lon="6.109052">
        <ele>431.7</ele>
        <time>2026-09-24T06:11:49Z</time>
      </trkpt>
      <trkpt lat="46.260418" lon="6.108966">
        <ele>431.8</ele>
        <time>2026-09-24T06:11:50Z</time>
      </trkpt>
      <trkpt lat="46.260424" lon="6.108893">
        <ele>431.9</ele>
        <time>2026-09-24T06:11:51Z</time>
      </trkpt>
      <trkpt lat="46.260423" lon="6.108821">
        <ele>432.0</ele>
        <time>2026-09-24T06:11:52Z</time>
      </trkpt>
      <trkpt lat="46.260422" lon="6.108746">
        <ele>432.1</ele>
        <time>2026-09-24T06:11:53Z</time>
      </trkpt>
      <trkpt lat="46.260427" lon="6.108662">
        <ele>432.3</ele>
        <time>2026-09-24T06:11:54Z</time>
      </trkpt>
      <trkpt lat="46.260428" lon="6.108585">
        <ele>432.4</ele>
        <time>2026-09-24T06:11:55Z</time>
      </trkpt>
      <trkpt lat="46.260427" lon="6.108501">
        <ele>432.6</ele>
        <time>2026-09-24T06:11:56Z</time>
      </trkpt>
      <trkpt lat="46.260426" lon="6.108423">
        <ele>432.7</ele>
        <time>2026-09-24T06:11:57Z</time>
      </trkpt>
      <trkpt lat="46.26042" lon="6.108347">
        <ele>432.8</ele>
        <time>2026-09-24T06:11:58Z</time>
      </trkpt>
      <trkpt lat="46.260416" lon="6.10827">
        <ele>432.9</ele>
        <time>2026-09-24T06:11:59Z</time>
      </trkpt>
      <trkpt lat="46.260409" lon="6.108197">
        <ele>433.0</ele>
        <time>2026-09-24T06:12:00Z</time>
      </trkpt>
      <trkpt lat="46.260402" lon="6.10812">
        <ele>433.1</ele>
        <time>2026-09-24T06:12:01Z</time>
      </trkpt>
      <trkpt lat="46.260395" lon="6.108042">
        <ele>433.2</ele>
        <time>2026-09-24T06:12:02Z</time>
      </trkpt>
      <trkpt lat="46.260386" lon="6.107965">
        <ele>433.3</ele>
        <time>2026-09-24T06:12:03Z</time>
      </trkpt>
      <trkpt lat="46.260376" lon="6.107884">
        <ele>433.5</ele>
        <time>2026-09-24T06:12:04Z</time>
      </trkpt>
      <trkpt lat="46.260365" lon="6.107813">
        <ele>433.6</ele>
        <time>2026-09-24T06:12:05Z</time>
      </trkpt>
      <trkpt lat="46.26035" lon="6.10774">
        <ele>433.7</ele>
        <time>2026-09-24T06:12:06Z</time>
      </trkpt>
      <trkpt lat="46.260335" lon="6.107669">
        <ele>433.8</ele>
        <time>2026-09-24T06:12:07Z</time>
      </trkpt>
      <trkpt lat="46.260319" lon="6.107603">
        <ele>433.9</ele>
        <time>2026-09-24T06:12:08Z</time>
      </trkpt>
      <trkpt lat="46.260302" lon="6.107533">
        <ele>434.0</ele>
        <time>2026-09-24T06:12:09Z</time>
      </trkpt>
      <trkpt lat="46.260282" lon="6.107469">
        <ele>434.1</ele>
        <time>2026-09-24T06:12:10Z</time>
      </trkpt>
      <trkpt lat="46.260264" lon="6.107396">
        <ele>434.2</ele>
        <time>2026-09-24T06:12:11Z</time>
      </trkpt>
      <trkpt lat="46.260247" lon="6.10733">
        <ele>434.3</ele>
        <time>2026-09-24T06:12:12Z</time>
      </trkpt>
      <trkpt lat="46.260226" lon="6.107264">
        <ele>434.4</ele>
        <time>2026-09-24T06:12:13Z</time>
      </trkpt>
      <trkpt lat="46.260203" lon="6.1072">
        <ele>434.5</ele>
        <time>2026-09-24T06:12:14Z</time>
      </trkpt>
      <trkpt lat="46.260181" lon="6.107134">
        <ele>434.6</ele>
        <time>2026-09-24T06:12:15Z</time>
      </trkpt>
      <trkpt lat="46.26016" lon="6.107072">
        <ele>434.7</ele>
        <time>2026-09-24T06:12:16Z</time>
      </trkpt>
      <trkpt lat="46.260138" lon="6.107012">
        <ele>434.8</ele>
        <time>2026-09-24T06:12:17Z</time>
      </trkpt>
      <trkpt lat="46.260118" lon="6.106949">
        <ele>434.8</ele>
        <time>2026-09-24T06:12:18Z</time>
      </trkpt>
      <trkpt lat="46.2601" lon="6.106884">
        <ele>435.0</ele>
        <time>2026-09-24T06:12:19Z</time>
      </trkpt>
      <trkpt lat="46.260079" lon="6.106818">
        <ele>435.1</ele>
        <time>2026-09-24T06:12:20Z</time>
      </trkpt>
      <trkpt lat="46.260062" lon="6.106763">
        <ele>435.3</ele>
        <time>2026-09-24T06:12:21Z</time>
      </trkpt>
      <trkpt lat="46.260041" lon="6.106704">
        <ele>435.4</ele>
        <time>2026-09-24T06:12:22Z</time>
      </trkpt>
      <trkpt lat="46.260029" lon="6.106668">
        <ele>435.5</ele>
        <time>2026-09-24T06:12:23Z</time>
      </trkpt>
      <trkpt lat="46.260024" lon="6.106647">
        <ele>435.6</ele>
        <time>2026-09-24T06:12:24Z</time>
      </trkpt>
      <trkpt lat="46.260014" lon="6.106627">
        <ele>435.6</ele>
        <time>2026-09-24T06:12:25Z</time>
      </trkpt>
      <trkpt lat="46.259998" lon="6.106603">
        <ele>435.7</ele>
        <time>2026-09-24T06:12:26Z</time>
      </trkpt>
      <trkpt lat="46.259986" lon="6.106582">
        <ele>435.8</ele>
        <time>2026-09-24T06:12:27Z</time>
      </trkpt>
      <trkpt lat="46.259972" lon="6.106573">
        <ele>435.8</ele>
        <time>2026-09-24T06:12:28Z</time>
      </trkpt>
      <trkpt lat="46.25995" lon="6.106559">
        <ele>435.9</ele>
        <time>2026-09-24T06:12:29Z</time>
      </trkpt>
      <trkpt lat="46.25993" lon="6.106532">
        <ele>436.0</ele>
        <time>2026-09-24T06:12:30Z</time>
      </trkpt>
      <trkpt lat="46.25991" lon="6.1065">
        <ele>436.2</ele>
        <time>2026-09-24T06:12:31Z</time>
      </trkpt>
      <trkpt lat="46.259892" lon="6.106478">
        <ele>436.3</ele>
        <time>2026-09-24T06:12:32Z</time>
      </trkpt>
      <trkpt lat="46.259881" lon="6.10645">
        <ele>436.4</ele>
        <time>2026-09-24T06:12:33Z</time>
      </trkpt>
      <trkpt lat="46.259872" lon="6.106422">
        <ele>436.5</ele>
        <time>2026-09-24T06:12:34Z</time>
      </trkpt>
      <trkpt lat="46.259865" lon="6.106394">
        <ele>436.5</ele>
        <time>2026-09-24T06:12:35Z</time>
      </trkpt>
      <trkpt lat="46.259853" lon="6.106375">
        <ele>436.6</ele>
        <time>2026-09-24T06:12:36Z</time>
      </trkpt>
      <trkpt lat="46.259838" lon="6.106356">
        <ele>436.7</ele>
        <time>2026-09-24T06:12:37Z</time>
      </trkpt>
      <trkpt lat="46.259826" lon="6.106335">
        <ele>436.8</ele>
        <time>2026-09-24T06:12:38Z</time>
      </trkpt>
      <trkpt lat="46.259817" lon="6.106313">
        <ele>436.9</ele>
        <time>2026-09-24T06:12:39Z</time>
      </trkpt>
      <trkpt lat="46.259809" lon="6.106289">
        <ele>436.9</ele>
        <time>2026-09-24T06:12:40Z</time>
      </trkpt>
      <trkpt lat="46.259804" lon="6.106268">
        <ele>437.0</ele>
        <time>2026-09-24T06:12:41Z</time>
      </trkpt>
      <trkpt lat="46.259798" lon="6.106249">
        <ele>437.1</ele>
        <time>2026-09-24T06:12:42Z</time>
      </trkpt>
      <trkpt lat="46.259793" lon="6.106227">
        <ele>437.1</ele>
        <time>2026-09-24T06:12:43Z</time>
      </trkpt>
      <trkpt lat="46.25979" lon="6.106201">
        <ele>437.2</ele>
        <time>2026-09-24T06:12:44Z</time>
      </trkpt>
      <trkpt lat="46.259793" lon="6.106182">
        <ele>437.2</ele>
        <time>2026-09-24T06:12:45Z</time>
      </trkpt>
      <trkpt lat="46.259788" lon="6.106178">
        <ele>437.2</ele>
        <time>2026-09-24T06:12:46Z</time>
      </trkpt>
      <trkpt lat="46.259786" lon="6.106182">
        <ele>437.2</ele>
        <time>2026-09-24T06:12:47Z</time>
      </trkpt>
      <trkpt lat="46.259788" lon="6.106183">
        <ele>437.3</ele>
        <time>2026-09-24T06:12:48Z</time>
      </trkpt>
      <trkpt lat="46.259788" lon="6.106183">
        <ele>437.3</ele>
        <time>2026-09-24T06:12:49Z</time>
      </trkpt>
      <trkpt lat="46.259788" lon="6.106183">
        <ele>437.3</ele>
        <time>2026-09-24T06:12:50Z</time>
      </trkpt>
      <trkpt lat="46.259788" lon="6.106183">
        <ele>437.3</ele>
        <time>2026-09-24T06:12:51Z</time>
      </trkpt>
      <trkpt lat="46.259788" lon="6.106183">
        <ele>437.3</ele>
        <time>2026-09-24T06:12:52Z</time>
      </trkpt>
      <trkpt lat="46.259788" lon="6.106183">
        <ele>437.3</ele>
        <time>2026-09-24T06:12:53Z</time>
      </trkpt>
      <trkpt lat="46.259788" lon="6.106183">
        <ele>437.3</ele>
        <time>2026-09-24T06:12:54Z</time>
      </trkpt>
      <trkpt lat="46.259785" lon="6.106176">
        <ele>437.3</ele>
        <time>2026-09-24T06:12:55Z</time>
      </trkpt>
      <trkpt lat="46.259784" lon="6.106176">
        <ele>437.3</ele>
        <time>2026-09-24T06:12:56Z</time>
      </trkpt>
      <trkpt lat="46.259784" lon="6.106175">
        <ele>437.3</ele>
        <time>2026-09-24T06:12:57Z</time>
      </trkpt>
      <trkpt lat="46.259786" lon="6.106174">
        <ele>437.3</ele>
        <time>2026-09-24T06:12:58Z</time>
      </trkpt>
      <trkpt lat="46.259786" lon="6.106174">
        <ele>437.3</ele>
        <time>2026-09-24T06:12:59Z</time>
      </trkpt>
      <trkpt lat="46.259786" lon="6.106174">
        <ele>437.3</ele>
        <time>2026-09-24T06:13:00Z</time>
      </trkpt>
      <trkpt lat="46.259786" lon="6.106174">
        <ele>437.3</ele>
        <time>2026-09-24T06:13:01Z</time>
      </trkpt>
      <trkpt lat="46.259789" lon="6.10617">
        <ele>437.3</ele>
        <time>2026-09-24T06:13:02Z</time>
      </trkpt>
      <trkpt lat="46.259789" lon="6.10617">
        <ele>437.3</ele>
        <time>2026-09-24T06:13:03Z</time>
      </trkpt>
      <trkpt lat="46.259788" lon="6.106169">
        <ele>437.3</ele>
        <time>2026-09-24T06:13:04Z</time>
      </trkpt>
      <trkpt lat="46.259787" lon="6.106169">
        <ele>437.3</ele>
        <time>2026-09-24T06:13:05Z</time>
      </trkpt>
      <trkpt lat="46.259785" lon="6.106164">
        <ele>437.3</ele>
        <time>2026-09-24T06:13:06Z</time>
      </trkpt>
      <trkpt lat="46.259781" lon="6.106126">
        <ele>437.4</ele>
        <time>2026-09-24T06:13:07Z</time>
      </trkpt>
      <trkpt lat="46.259776" lon="6.10609">
        <ele>437.4</ele>
        <time>2026-09-24T06:13:08Z</time>
      </trkpt>
      <trkpt lat="46.259768" lon="6.106037">
        <ele>437.5</ele>
        <time>2026-09-24T06:13:09Z</time>
      </trkpt>
      <trkpt lat="46.259755" lon="6.105976">
        <ele>437.6</ele>
        <time>2026-09-24T06:13:10Z</time>
      </trkpt>
      <trkpt lat="46.259741" lon="6.105914">
        <ele>437.7</ele>
        <time>2026-09-24T06:13:11Z</time>
      </trkpt>
      <trkpt lat="46.259726" lon="6.105845">
        <ele>437.8</ele>
        <time>2026-09-24T06:13:12Z</time>
      </trkpt>
      <trkpt lat="46.259707" lon="6.105775">
        <ele>437.8</ele>
        <time>2026-09-24T06:13:13Z</time>
      </trkpt>
      <trkpt lat="46.259687" lon="6.105705">
        <ele>437.7</ele>
        <time>2026-09-24T06:13:14Z</time>
      </trkpt>
      <trkpt lat="46.259663" lon="6.105634">
        <ele>437.7</ele>
        <time>2026-09-24T06:13:15Z</time>
      </trkpt>
      <trkpt lat="46.259638" lon="6.10556">
        <ele>437.7</ele>
        <time>2026-09-24T06:13:16Z</time>
      </trkpt>
      <trkpt lat="46.259615" lon="6.105488">
        <ele>437.8</ele>
        <time>2026-09-24T06:13:17Z</time>
      </trkpt>
      <trkpt lat="46.259591" lon="6.105414">
        <ele>437.9</ele>
        <time>2026-09-24T06:13:18Z</time>
      </trkpt>
      <trkpt lat="46.259565" lon="6.105342">
        <ele>438.0</ele>
        <time>2026-09-24T06:13:19Z</time>
      </trkpt>
      <trkpt lat="46.259537" lon="6.105271">
        <ele>438.1</ele>
        <time>2026-09-24T06:13:20Z</time>
      </trkpt>
      <trkpt lat="46.259502" lon="6.105204">
        <ele>438.2</ele>
        <time>2026-09-24T06:13:21Z</time>
      </trkpt>
      <trkpt lat="46.259465" lon="6.105138">
        <ele>438.3</ele>
        <time>2026-09-24T06:13:22Z</time>
      </trkpt>
      <trkpt lat="46.259425" lon="6.105075">
        <ele>438.5</ele>
        <time>2026-09-24T06:13:23Z</time>
      </trkpt>
      <trkpt lat="46.259385" lon="6.105013">
        <ele>438.6</ele>
        <time>2026-09-24T06:13:24Z</time>
      </trkpt>
      <trkpt lat="46.259348" lon="6.104953">
        <ele>438.8</ele>
        <time>2026-09-24T06:13:25Z</time>
      </trkpt>
      <trkpt lat="46.259311" lon="6.10489">
        <ele>439.0</ele>
        <time>2026-09-24T06:13:26Z</time>
      </trkpt>
      <trkpt lat="46.259274" lon="6.104831">
        <ele>439.2</ele>
        <time>2026-09-24T06:13:27Z</time>
      </trkpt>
      <trkpt lat="46.259238" lon="6.104771">
        <ele>439.3</ele>
        <time>2026-09-24T06:13:28Z</time>
      </trkpt>
      <trkpt lat="46.259203" lon="6.104714">
        <ele>439.4</ele>
        <time>2026-09-24T06:13:29Z</time>
      </trkpt>
      <trkpt lat="46.259168" lon="6.104658">
        <ele>439.5</ele>
        <time>2026-09-24T06:13:30Z</time>
      </trkpt>
      <trkpt lat="46.259136" lon="6.104605">
        <ele>439.8</ele>
        <time>2026-09-24T06:13:31Z</time>
      </trkpt>
      <trkpt lat="46.259103" lon="6.10455">
        <ele>440.0</ele>
        <time>2026-09-24T06:13:32Z</time>
      </trkpt>
      <trkpt lat="46.25907" lon="6.104496">
        <ele>440.3</ele>
        <time>2026-09-24T06:13:33Z</time>
      </trkpt>
      <trkpt lat="46.259036" lon="6.104442">
        <ele>440.5</ele>
        <time>2026-09-24T06:13:34Z</time>
      </trkpt>
      <trkpt lat="46.259003" lon="6.104389">
        <ele>440.8</ele>
        <time>2026-09-24T06:13:35Z</time>
      </trkpt>
      <trkpt lat="46.25897" lon="6.104335">
        <ele>441.0</ele>
        <time>2026-09-24T06:13:36Z</time>
      </trkpt>
      <trkpt lat="46.258936" lon="6.104284">
        <ele>441.2</ele>
        <time>2026-09-24T06:13:37Z</time>
      </trkpt>
      <trkpt lat="46.258904" lon="6.104233">
        <ele>441.4</ele>
        <time>2026-09-24T06:13:38Z</time>
      </trkpt>
      <trkpt lat="46.258872" lon="6.104182">
        <ele>441.7</ele>
        <time>2026-09-24T06:13:39Z</time>
      </trkpt>
      <trkpt lat="46.25884" lon="6.104128">
        <ele>441.9</ele>
        <time>2026-09-24T06:13:40Z</time>
      </trkpt>
      <trkpt lat="46.258808" lon="6.104078">
        <ele>442.1</ele>
        <time>2026-09-24T06:13:41Z</time>
      </trkpt>
      <trkpt lat="46.258776" lon="6.104026">
        <ele>442.3</ele>
        <time>2026-09-24T06:13:42Z</time>
      </trkpt>
      <trkpt lat="46.258745" lon="6.103975">
        <ele>442.4</ele>
        <time>2026-09-24T06:13:43Z</time>
      </trkpt>
      <trkpt lat="46.258713" lon="6.103925">
        <ele>442.6</ele>
        <time>2026-09-24T06:13:44Z</time>
      </trkpt>
      <trkpt lat="46.258681" lon="6.103875">
        <ele>442.8</ele>
        <time>2026-09-24T06:13:45Z</time>
      </trkpt>
      <trkpt lat="46.258648" lon="6.103825">
        <ele>443.0</ele>
        <time>2026-09-24T06:13:46Z</time>
      </trkpt>
      <trkpt lat="46.258617" lon="6.103776">
        <ele>443.1</ele>
        <time>2026-09-24T06:13:47Z</time>
      </trkpt>
      <trkpt lat="46.258586" lon="6.103726">
        <ele>443.3</ele>
        <time>2026-09-24T06:13:48Z</time>
      </trkpt>
      <trkpt lat="46.258554" lon="6.103675">
        <ele>443.5</ele>
        <time>2026-09-24T06:13:49Z</time>
      </trkpt>
      <trkpt lat="46.258523" lon="6.103625">
        <ele>443.7</ele>
        <time>2026-09-24T06:13:50Z</time>
      </trkpt>
      <trkpt lat="46.258491" lon="6.103575">
        <ele>443.9</ele>
        <time>2026-09-24T06:13:51Z</time>
      </trkpt>
      <trkpt lat="46.258462" lon="6.103527">
        <ele>444.1</ele>
        <time>2026-09-24T06:13:52Z</time>
      </trkpt>
      <trkpt lat="46.258428" lon="6.103478">
        <ele>444.4</ele>
        <time>2026-09-24T06:13:53Z</time>
      </trkpt>
      <trkpt lat="46.258396" lon="6.103432">
        <ele>444.6</ele>
        <time>2026-09-24T06:13:54Z</time>
      </trkpt>
      <trkpt lat="46.258368" lon="6.103383">
        <ele>444.9</ele>
        <time>2026-09-24T06:13:55Z</time>
      </trkpt>
      <trkpt lat="46.258344" lon="6.103327">
        <ele>445.0</ele>
        <time>2026-09-24T06:13:56Z</time>
      </trkpt>
      <trkpt lat="46.258326" lon="6.103274">
        <ele>445.1</ele>
        <time>2026-09-24T06:13:57Z</time>
      </trkpt>
      <trkpt lat="46.258312" lon="6.103216">
        <ele>445.2</ele>
        <time>2026-09-24T06:13:58Z</time>
      </trkpt>
      <trkpt lat="46.258305" lon="6.103159">
        <ele>445.3</ele>
        <time>2026-09-24T06:13:59Z</time>
      </trkpt>
      <trkpt lat="46.258303" lon="6.103099">
        <ele>445.4</ele>
        <time>2026-09-24T06:14:00Z</time>
      </trkpt>
      <trkpt lat="46.258306" lon="6.10304">
        <ele>445.4</ele>
        <time>2026-09-24T06:14:01Z</time>
      </trkpt>
      <trkpt lat="46.258305" lon="6.102973">
        <ele>445.5</ele>
        <time>2026-09-24T06:14:02Z</time>
      </trkpt>
      <trkpt lat="46.258306" lon="6.10291">
        <ele>445.6</ele>
        <time>2026-09-24T06:14:03Z</time>
      </trkpt>
      <trkpt lat="46.258308" lon="6.102848">
        <ele>445.7</ele>
        <time>2026-09-24T06:14:04Z</time>
      </trkpt>
      <trkpt lat="46.258304" lon="6.10279">
        <ele>445.8</ele>
        <time>2026-09-24T06:14:05Z</time>
      </trkpt>
      <trkpt lat="46.258304" lon="6.102727">
        <ele>445.9</ele>
        <time>2026-09-24T06:14:06Z</time>
      </trkpt>
      <trkpt lat="46.258307" lon="6.102656">
        <ele>446.1</ele>
        <time>2026-09-24T06:14:07Z</time>
      </trkpt>
      <trkpt lat="46.258308" lon="6.102591">
        <ele>446.2</ele>
        <time>2026-09-24T06:14:08Z</time>
      </trkpt>
      <trkpt lat="46.258299" lon="6.102533">
        <ele>446.3</ele>
        <time>2026-09-24T06:14:09Z</time>
      </trkpt>
      <trkpt lat="46.258281" lon="6.102479">
        <ele>446.4</ele>
        <time>2026-09-24T06:14:10Z</time>
      </trkpt>
      <trkpt lat="46.258255" lon="6.102435">
        <ele>446.4</ele>
        <time>2026-09-24T06:14:11Z</time>
      </trkpt>
      <trkpt lat="46.258219" lon="6.102395">
        <ele>446.4</ele>
        <time>2026-09-24T06:14:12Z</time>
      </trkpt>
      <trkpt lat="46.258184" lon="6.102355">
        <ele>446.4</ele>
        <time>2026-09-24T06:14:13Z</time>
      </trkpt>
      <trkpt lat="46.258145" lon="6.102317">
        <ele>446.4</ele>
        <time>2026-09-24T06:14:14Z</time>
      </trkpt>
      <trkpt lat="46.258109" lon="6.102276">
        <ele>446.5</ele>
        <time>2026-09-24T06:14:15Z</time>
      </trkpt>
      <trkpt lat="46.258075" lon="6.102228">
        <ele>446.5</ele>
        <time>2026-09-24T06:14:16Z</time>
      </trkpt>
      <trkpt lat="46.258046" lon="6.102176">
        <ele>446.5</ele>
        <time>2026-09-24T06:14:17Z</time>
      </trkpt>
      <trkpt lat="46.258014" lon="6.102127">
        <ele>446.5</ele>
        <time>2026-09-24T06:14:18Z</time>
      </trkpt>
      <trkpt lat="46.257987" lon="6.102073">
        <ele>446.6</ele>
        <time>2026-09-24T06:14:19Z</time>
      </trkpt>
      <trkpt lat="46.257959" lon="6.102023">
        <ele>446.6</ele>
        <time>2026-09-24T06:14:20Z</time>
      </trkpt>
      <trkpt lat="46.257927" lon="6.101975">
        <ele>446.6</ele>
        <time>2026-09-24T06:14:21Z</time>
      </trkpt>
      <trkpt lat="46.257892" lon="6.101927">
        <ele>446.5</ele>
        <time>2026-09-24T06:14:22Z</time>
      </trkpt>
      <trkpt lat="46.257859" lon="6.101876">
        <ele>446.5</ele>
        <time>2026-09-24T06:14:23Z</time>
      </trkpt>
      <trkpt lat="46.257822" lon="6.101824">
        <ele>446.5</ele>
        <time>2026-09-24T06:14:24Z</time>
      </trkpt>
      <trkpt lat="46.25779" lon="6.101772">
        <ele>446.4</ele>
        <time>2026-09-24T06:14:25Z</time>
      </trkpt>
      <trkpt lat="46.257754" lon="6.10172">
        <ele>446.4</ele>
        <time>2026-09-24T06:14:26Z</time>
      </trkpt>
      <trkpt lat="46.25772" lon="6.10167">
        <ele>446.4</ele>
        <time>2026-09-24T06:14:27Z</time>
      </trkpt>
      <trkpt lat="46.257686" lon="6.101623">
        <ele>446.3</ele>
        <time>2026-09-24T06:14:28Z</time>
      </trkpt>
      <trkpt lat="46.257645" lon="6.101561">
        <ele>446.3</ele>
        <time>2026-09-24T06:14:29Z</time>
      </trkpt>
      <trkpt lat="46.257608" lon="6.101504">
        <ele>446.2</ele>
        <time>2026-09-24T06:14:30Z</time>
      </trkpt>
      <trkpt lat="46.257575" lon="6.101446">
        <ele>446.1</ele>
        <time>2026-09-24T06:14:31Z</time>
      </trkpt>
      <trkpt lat="46.25754" lon="6.101381">
        <ele>446.0</ele>
        <time>2026-09-24T06:14:32Z</time>
      </trkpt>
      <trkpt lat="46.257502" lon="6.101321">
        <ele>445.9</ele>
        <time>2026-09-24T06:14:33Z</time>
      </trkpt>
      <trkpt lat="46.25746" lon="6.101257">
        <ele>445.7</ele>
        <time>2026-09-24T06:14:34Z</time>
      </trkpt>
      <trkpt lat="46.257415" lon="6.101195">
        <ele>445.6</ele>
        <time>2026-09-24T06:14:35Z</time>
      </trkpt>
      <trkpt lat="46.257373" lon="6.101131">
        <ele>445.5</ele>
        <time>2026-09-24T06:14:36Z</time>
      </trkpt>
      <trkpt lat="46.257329" lon="6.10107">
        <ele>445.4</ele>
        <time>2026-09-24T06:14:37Z</time>
      </trkpt>
      <trkpt lat="46.257284" lon="6.10101">
        <ele>445.3</ele>
        <time>2026-09-24T06:14:38Z</time>
      </trkpt>
      <trkpt lat="46.257237" lon="6.100948">
        <ele>445.2</ele>
        <time>2026-09-24T06:14:39Z</time>
      </trkpt>
      <trkpt lat="46.257189" lon="6.100886">
        <ele>445.1</ele>
        <time>2026-09-24T06:14:40Z</time>
      </trkpt>
      <trkpt lat="46.257144" lon="6.100819">
        <ele>445.1</ele>
        <time>2026-09-24T06:14:41Z</time>
      </trkpt>
      <trkpt lat="46.2571" lon="6.100755">
        <ele>445.0</ele>
        <time>2026-09-24T06:14:42Z</time>
      </trkpt>
      <trkpt lat="46.257055" lon="6.100692">
        <ele>445.0</ele>
        <time>2026-09-24T06:14:43Z</time>
      </trkpt>
      <trkpt lat="46.257009" lon="6.100632">
        <ele>445.0</ele>
        <time>2026-09-24T06:14:44Z</time>
      </trkpt>
      <trkpt lat="46.256962" lon="6.100576">
        <ele>445.0</ele>
        <time>2026-09-24T06:14:45Z</time>
      </trkpt>
      <trkpt lat="46.256913" lon="6.100542">
        <ele>445.0</ele>
        <time>2026-09-24T06:14:46Z</time>
      </trkpt>
      <trkpt lat="46.25685" lon="6.100548">
        <ele>444.9</ele>
        <time>2026-09-24T06:14:47Z</time>
      </trkpt>
      <trkpt lat="46.256805" lon="6.100574">
        <ele>444.8</ele>
        <time>2026-09-24T06:14:48Z</time>
      </trkpt>
      <trkpt lat="46.256759" lon="6.100633">
        <ele>444.6</ele>
        <time>2026-09-24T06:14:49Z</time>
      </trkpt>
      <trkpt lat="46.256705" lon="6.100717">
        <ele>444.4</ele>
        <time>2026-09-24T06:14:50Z</time>
      </trkpt>
      <trkpt lat="46.256661" lon="6.100779">
        <ele>444.3</ele>
        <time>2026-09-24T06:14:51Z</time>
      </trkpt>
      <trkpt lat="46.256621" lon="6.100837">
        <ele>444.1</ele>
        <time>2026-09-24T06:14:52Z</time>
      </trkpt>
      <trkpt lat="46.256574" lon="6.100899">
        <ele>444.0</ele>
        <time>2026-09-24T06:14:53Z</time>
      </trkpt>
      <trkpt lat="46.256531" lon="6.100961">
        <ele>443.9</ele>
        <time>2026-09-24T06:14:54Z</time>
      </trkpt>
      <trkpt lat="46.256488" lon="6.101022">
        <ele>443.7</ele>
        <time>2026-09-24T06:14:55Z</time>
      </trkpt>
      <trkpt lat="46.256442" lon="6.101076">
        <ele>443.6</ele>
        <time>2026-09-24T06:14:56Z</time>
      </trkpt>
      <trkpt lat="46.256396" lon="6.101131">
        <ele>443.4</ele>
        <time>2026-09-24T06:14:57Z</time>
      </trkpt>
      <trkpt lat="46.25636" lon="6.101192">
        <ele>443.2</ele>
        <time>2026-09-24T06:14:58Z</time>
      </trkpt>
      <trkpt lat="46.256322" lon="6.101246">
        <ele>443.0</ele>
        <time>2026-09-24T06:14:59Z</time>
      </trkpt>
      <trkpt lat="46.256272" lon="6.101317">
        <ele>442.6</ele>
        <time>2026-09-24T06:15:00Z</time>
      </trkpt>
      <trkpt lat="46.256234" lon="6.101367">
        <ele>442.3</ele>
        <time>2026-09-24T06:15:01Z</time>
      </trkpt>
      <trkpt lat="46.256187" lon="6.101442">
        <ele>442.0</ele>
        <time>2026-09-24T06:15:02Z</time>
      </trkpt>
      <trkpt lat="46.256119" lon="6.101498">
        <ele>441.5</ele>
        <time>2026-09-24T06:15:03Z</time>
      </trkpt>
      <trkpt lat="46.256058" lon="6.101556">
        <ele>441.0</ele>
        <time>2026-09-24T06:15:04Z</time>
      </trkpt>
      <trkpt lat="46.256002" lon="6.101621">
        <ele>440.5</ele>
        <time>2026-09-24T06:15:05Z</time>
      </trkpt>
      <trkpt lat="46.255938" lon="6.101689">
        <ele>439.9</ele>
        <time>2026-09-24T06:15:06Z</time>
      </trkpt>
      <trkpt lat="46.255879" lon="6.101755">
        <ele>439.3</ele>
        <time>2026-09-24T06:15:07Z</time>
      </trkpt>
      <trkpt lat="46.255813" lon="6.101835">
        <ele>438.6</ele>
        <time>2026-09-24T06:15:08Z</time>
      </trkpt>
      <trkpt lat="46.255748" lon="6.101905">
        <ele>438.1</ele>
        <time>2026-09-24T06:15:09Z</time>
      </trkpt>
      <trkpt lat="46.255687" lon="6.101957">
        <ele>437.6</ele>
        <time>2026-09-24T06:15:10Z</time>
      </trkpt>
      <trkpt lat="46.255633" lon="6.101995">
        <ele>437.2</ele>
        <time>2026-09-24T06:15:11Z</time>
      </trkpt>
      <trkpt lat="46.255584" lon="6.102001">
        <ele>436.8</ele>
        <time>2026-09-24T06:15:12Z</time>
      </trkpt>
      <trkpt lat="46.255545" lon="6.101978">
        <ele>436.6</ele>
        <time>2026-09-24T06:15:13Z</time>
      </trkpt>
      <trkpt lat="46.255516" lon="6.101932">
        <ele>436.6</ele>
        <time>2026-09-24T06:15:14Z</time>
      </trkpt>
      <trkpt lat="46.255494" lon="6.10186">
        <ele>436.6</ele>
        <time>2026-09-24T06:15:15Z</time>
      </trkpt>
      <trkpt lat="46.255478" lon="6.101784">
        <ele>436.6</ele>
        <time>2026-09-24T06:15:16Z</time>
      </trkpt>
      <trkpt lat="46.255455" lon="6.101703">
        <ele>436.6</ele>
        <time>2026-09-24T06:15:17Z</time>
      </trkpt>
      <trkpt lat="46.255434" lon="6.101624">
        <ele>436.7</ele>
        <time>2026-09-24T06:15:18Z</time>
      </trkpt>
      <trkpt lat="46.255412" lon="6.101544">
        <ele>436.7</ele>
        <time>2026-09-24T06:15:19Z</time>
      </trkpt>
      <trkpt lat="46.255391" lon="6.101463">
        <ele>436.7</ele>
        <time>2026-09-24T06:15:20Z</time>
      </trkpt>
      <trkpt lat="46.255371" lon="6.101381">
        <ele>436.7</ele>
        <time>2026-09-24T06:15:21Z</time>
      </trkpt>
      <trkpt lat="46.255352" lon="6.1013">
        <ele>436.7</ele>
        <time>2026-09-24T06:15:22Z</time>
      </trkpt>
      <trkpt lat="46.255331" lon="6.101219">
        <ele>436.7</ele>
        <time>2026-09-24T06:15:23Z</time>
      </trkpt>
      <trkpt lat="46.255311" lon="6.101138">
        <ele>436.7</ele>
        <time>2026-09-24T06:15:24Z</time>
      </trkpt>
      <trkpt lat="46.255292" lon="6.101057">
        <ele>436.8</ele>
        <time>2026-09-24T06:15:25Z</time>
      </trkpt>
      <trkpt lat="46.255271" lon="6.100976">
        <ele>436.8</ele>
        <time>2026-09-24T06:15:26Z</time>
      </trkpt>
      <trkpt lat="46.255252" lon="6.100899">
        <ele>436.8</ele>
        <time>2026-09-24T06:15:27Z</time>
      </trkpt>
      <trkpt lat="46.255226" lon="6.100815">
        <ele>436.8</ele>
        <time>2026-09-24T06:15:28Z</time>
      </trkpt>
      <trkpt lat="46.2552" lon="6.100728">
        <ele>436.9</ele>
        <time>2026-09-24T06:15:29Z</time>
      </trkpt>
      <trkpt lat="46.255173" lon="6.100654">
        <ele>436.9</ele>
        <time>2026-09-24T06:15:30Z</time>
      </trkpt>
      <trkpt lat="46.255146" lon="6.100582">
        <ele>436.9</ele>
        <time>2026-09-24T06:15:31Z</time>
      </trkpt>
      <trkpt lat="46.255125" lon="6.100502">
        <ele>436.9</ele>
        <time>2026-09-24T06:15:32Z</time>
      </trkpt>
      <trkpt lat="46.255104" lon="6.100425">
        <ele>436.9</ele>
        <time>2026-09-24T06:15:33Z</time>
      </trkpt>
      <trkpt lat="46.255083" lon="6.100347">
        <ele>436.9</ele>
        <time>2026-09-24T06:15:34Z</time>
      </trkpt>
      <trkpt lat="46.255069" lon="6.100267">
        <ele>436.9</ele>
        <time>2026-09-24T06:15:35Z</time>
      </trkpt>
      <trkpt lat="46.255059" lon="6.100188">
        <ele>437.0</ele>
        <time>2026-09-24T06:15:36Z</time>
      </trkpt>
      <trkpt lat="46.255051" lon="6.100113">
        <ele>437.0</ele>
        <time>2026-09-24T06:15:37Z</time>
      </trkpt>
      <trkpt lat="46.255045" lon="6.100042">
        <ele>437.0</ele>
        <time>2026-09-24T06:15:38Z</time>
      </trkpt>
      <trkpt lat="46.255043" lon="6.099982">
        <ele>437.1</ele>
        <time>2026-09-24T06:15:39Z</time>
      </trkpt>
      <trkpt lat="46.255044" lon="6.09993">
        <ele>437.1</ele>
        <time>2026-09-24T06:15:40Z</time>
      </trkpt>
      <trkpt lat="46.255047" lon="6.099879">
        <ele>437.1</ele>
        <time>2026-09-24T06:15:41Z</time>
      </trkpt>
      <trkpt lat="46.255037" lon="6.099826">
        <ele>437.0</ele>
        <time>2026-09-24T06:15:42Z</time>
      </trkpt>
      <trkpt lat="46.255002" lon="6.099775">
        <ele>436.8</ele>
        <time>2026-09-24T06:15:43Z</time>
      </trkpt>
      <trkpt lat="46.254956" lon="6.099734">
        <ele>436.6</ele>
        <time>2026-09-24T06:15:44Z</time>
      </trkpt>
      <trkpt lat="46.254902" lon="6.099704">
        <ele>436.3</ele>
        <time>2026-09-24T06:15:45Z</time>
      </trkpt>
      <trkpt lat="46.254847" lon="6.099661">
        <ele>436.1</ele>
        <time>2026-09-24T06:15:46Z</time>
      </trkpt>
      <trkpt lat="46.254799" lon="6.099596">
        <ele>435.7</ele>
        <time>2026-09-24T06:15:47Z</time>
      </trkpt>
      <trkpt lat="46.254752" lon="6.09952">
        <ele>435.5</ele>
        <time>2026-09-24T06:15:48Z</time>
      </trkpt>
      <trkpt lat="46.254706" lon="6.099443">
        <ele>435.1</ele>
        <time>2026-09-24T06:15:49Z</time>
      </trkpt>
      <trkpt lat="46.254662" lon="6.099363">
        <ele>434.7</ele>
        <time>2026-09-24T06:15:50Z</time>
      </trkpt>
      <trkpt lat="46.254616" lon="6.099279">
        <ele>434.2</ele>
        <time>2026-09-24T06:15:51Z</time>
      </trkpt>
      <trkpt lat="46.254568" lon="6.099193">
        <ele>433.7</ele>
        <time>2026-09-24T06:15:52Z</time>
      </trkpt>
      <trkpt lat="46.254517" lon="6.099103">
        <ele>433.2</ele>
        <time>2026-09-24T06:15:53Z</time>
      </trkpt>
      <trkpt lat="46.254463" lon="6.09901">
        <ele>432.6</ele>
        <time>2026-09-24T06:15:54Z</time>
      </trkpt>
      <trkpt lat="46.254408" lon="6.098915">
        <ele>431.9</ele>
        <time>2026-09-24T06:15:55Z</time>
      </trkpt>
      <trkpt lat="46.254351" lon="6.098818">
        <ele>431.5</ele>
        <time>2026-09-24T06:15:56Z</time>
      </trkpt>
      <trkpt lat="46.254298" lon="6.098712">
        <ele>431.2</ele>
        <time>2026-09-24T06:15:57Z</time>
      </trkpt>
      <trkpt lat="46.25424" lon="6.098609">
        <ele>431.0</ele>
        <time>2026-09-24T06:15:58Z</time>
      </trkpt>
      <trkpt lat="46.254183" lon="6.098506">
        <ele>430.6</ele>
        <time>2026-09-24T06:15:59Z</time>
      </trkpt>
      <trkpt lat="46.254128" lon="6.098398">
        <ele>430.1</ele>
        <time>2026-09-24T06:16:00Z</time>
      </trkpt>
      <trkpt lat="46.254069" lon="6.098294">
        <ele>429.7</ele>
        <time>2026-09-24T06:16:01Z</time>
      </trkpt>
      <trkpt lat="46.25401" lon="6.098191">
        <ele>429.3</ele>
        <time>2026-09-24T06:16:02Z</time>
      </trkpt>
      <trkpt lat="46.253951" lon="6.098087">
        <ele>428.9</ele>
        <time>2026-09-24T06:16:03Z</time>
      </trkpt>
      <trkpt lat="46.253892" lon="6.097981">
        <ele>428.6</ele>
        <time>2026-09-24T06:16:04Z</time>
      </trkpt>
      <trkpt lat="46.253836" lon="6.097879">
        <ele>428.2</ele>
        <time>2026-09-24T06:16:05Z</time>
      </trkpt>
      <trkpt lat="46.253779" lon="6.097777">
        <ele>428.0</ele>
        <time>2026-09-24T06:16:06Z</time>
      </trkpt>
      <trkpt lat="46.253726" lon="6.09768">
        <ele>427.8</ele>
        <time>2026-09-24T06:16:07Z</time>
      </trkpt>
      <trkpt lat="46.253677" lon="6.097589">
        <ele>427.6</ele>
        <time>2026-09-24T06:16:08Z</time>
      </trkpt>
      <trkpt lat="46.253637" lon="6.097506">
        <ele>427.5</ele>
        <time>2026-09-24T06:16:09Z</time>
      </trkpt>
      <trkpt lat="46.253597" lon="6.09743">
        <ele>427.4</ele>
        <time>2026-09-24T06:16:10Z</time>
      </trkpt>
      <trkpt lat="46.253556" lon="6.09736">
        <ele>427.2</ele>
        <time>2026-09-24T06:16:11Z</time>
      </trkpt>
      <trkpt lat="46.253509" lon="6.097289">
        <ele>427.1</ele>
        <time>2026-09-24T06:16:12Z</time>
      </trkpt>
      <trkpt lat="46.253457" lon="6.097235">
        <ele>427.0</ele>
        <time>2026-09-24T06:16:13Z</time>
      </trkpt>
      <trkpt lat="46.253401" lon="6.097184">
        <ele>426.9</ele>
        <time>2026-09-24T06:16:14Z</time>
      </trkpt>
      <trkpt lat="46.253342" lon="6.097137">
        <ele>426.8</ele>
        <time>2026-09-24T06:16:15Z</time>
      </trkpt>
      <trkpt lat="46.253285" lon="6.097095">
        <ele>426.7</ele>
        <time>2026-09-24T06:16:16Z</time>
      </trkpt>
      <trkpt lat="46.253226" lon="6.097058">
        <ele>426.7</ele>
        <time>2026-09-24T06:16:17Z</time>
      </trkpt>
      <trkpt lat="46.253163" lon="6.097026">
        <ele>426.5</ele>
        <time>2026-09-24T06:16:18Z</time>
      </trkpt>
      <trkpt lat="46.253096" lon="6.097006">
        <ele>426.4</ele>
        <time>2026-09-24T06:16:19Z</time>
      </trkpt>
      <trkpt lat="46.253033" lon="6.096994">
        <ele>426.3</ele>
        <time>2026-09-24T06:16:20Z</time>
      </trkpt>
      <trkpt lat="46.252971" lon="6.096989">
        <ele>426.2</ele>
        <time>2026-09-24T06:16:21Z</time>
      </trkpt>
      <trkpt lat="46.252918" lon="6.096989">
        <ele>426.0</ele>
        <time>2026-09-24T06:16:22Z</time>
      </trkpt>
      <trkpt lat="46.252852" lon="6.096996">
        <ele>425.8</ele>
        <time>2026-09-24T06:16:23Z</time>
      </trkpt>
      <trkpt lat="46.252792" lon="6.097002">
        <ele>425.7</ele>
        <time>2026-09-24T06:16:24Z</time>
      </trkpt>
      <trkpt lat="46.252741" lon="6.09701">
        <ele>425.5</ele>
        <time>2026-09-24T06:16:25Z</time>
      </trkpt>
      <trkpt lat="46.252691" lon="6.097033">
        <ele>425.4</ele>
        <time>2026-09-24T06:16:26Z</time>
      </trkpt>
      <trkpt lat="46.252639" lon="6.097065">
        <ele>425.2</ele>
        <time>2026-09-24T06:16:27Z</time>
      </trkpt>
      <trkpt lat="46.252591" lon="6.097102">
        <ele>425.0</ele>
        <time>2026-09-24T06:16:28Z</time>
      </trkpt>
      <trkpt lat="46.252543" lon="6.09714">
        <ele>424.9</ele>
        <time>2026-09-24T06:16:29Z</time>
      </trkpt>
      <trkpt lat="46.252497" lon="6.097177">
        <ele>424.8</ele>
        <time>2026-09-24T06:16:30Z</time>
      </trkpt>
      <trkpt lat="46.252447" lon="6.097197">
        <ele>424.7</ele>
        <time>2026-09-24T06:16:31Z</time>
      </trkpt>
      <trkpt lat="46.252409" lon="6.097199">
        <ele>424.6</ele>
        <time>2026-09-24T06:16:32Z</time>
      </trkpt>
      <trkpt lat="46.252377" lon="6.097165">
        <ele>424.6</ele>
        <time>2026-09-24T06:16:33Z</time>
      </trkpt>
      <trkpt lat="46.252356" lon="6.097096">
        <ele>424.5</ele>
        <time>2026-09-24T06:16:34Z</time>
      </trkpt>
      <trkpt lat="46.252336" lon="6.097028">
        <ele>424.5</ele>
        <time>2026-09-24T06:16:35Z</time>
      </trkpt>
      <trkpt lat="46.252314" lon="6.096966">
        <ele>424.5</ele>
        <time>2026-09-24T06:16:36Z</time>
      </trkpt>
      <trkpt lat="46.252284" lon="6.0969">
        <ele>424.5</ele>
        <time>2026-09-24T06:16:37Z</time>
      </trkpt>
      <trkpt lat="46.252251" lon="6.096827">
        <ele>424.5</ele>
        <time>2026-09-24T06:16:38Z</time>
      </trkpt>
      <trkpt lat="46.252227" lon="6.096753">
        <ele>424.5</ele>
        <time>2026-09-24T06:16:39Z</time>
      </trkpt>
      <trkpt lat="46.252199" lon="6.096681">
        <ele>424.6</ele>
        <time>2026-09-24T06:16:40Z</time>
      </trkpt>
      <trkpt lat="46.252168" lon="6.096625">
        <ele>424.6</ele>
        <time>2026-09-24T06:16:41Z</time>
      </trkpt>
      <trkpt lat="46.25214" lon="6.096562">
        <ele>424.7</ele>
        <time>2026-09-24T06:16:42Z</time>
      </trkpt>
      <trkpt lat="46.252108" lon="6.096489">
        <ele>424.7</ele>
        <time>2026-09-24T06:16:43Z</time>
      </trkpt>
      <trkpt lat="46.252084" lon="6.09642">
        <ele>424.8</ele>
        <time>2026-09-24T06:16:44Z</time>
      </trkpt>
      <trkpt lat="46.252055" lon="6.096354">
        <ele>424.8</ele>
        <time>2026-09-24T06:16:45Z</time>
      </trkpt>
      <trkpt lat="46.252025" lon="6.096287">
        <ele>424.8</ele>
        <time>2026-09-24T06:16:46Z</time>
      </trkpt>
      <trkpt lat="46.251994" lon="6.096231">
        <ele>424.9</ele>
        <time>2026-09-24T06:16:47Z</time>
      </trkpt>
      <trkpt lat="46.251969" lon="6.096177">
        <ele>424.9</ele>
        <time>2026-09-24T06:16:48Z</time>
      </trkpt>
      <trkpt lat="46.251946" lon="6.09611">
        <ele>424.9</ele>
        <time>2026-09-24T06:16:49Z</time>
      </trkpt>
      <trkpt lat="46.25193" lon="6.096037">
        <ele>425.0</ele>
        <time>2026-09-24T06:16:50Z</time>
      </trkpt>
      <trkpt lat="46.25193" lon="6.095957">
        <ele>425.1</ele>
        <time>2026-09-24T06:16:51Z</time>
      </trkpt>
      <trkpt lat="46.251956" lon="6.095875">
        <ele>425.2</ele>
        <time>2026-09-24T06:16:52Z</time>
      </trkpt>
      <trkpt lat="46.252001" lon="6.095805">
        <ele>425.3</ele>
        <time>2026-09-24T06:16:53Z</time>
      </trkpt>
      <trkpt lat="46.252027" lon="6.095742">
        <ele>425.4</ele>
        <time>2026-09-24T06:16:54Z</time>
      </trkpt>
      <trkpt lat="46.252051" lon="6.095674">
        <ele>425.4</ele>
        <time>2026-09-24T06:16:55Z</time>
      </trkpt>
      <trkpt lat="46.252074" lon="6.095597">
        <ele>425.5</ele>
        <time>2026-09-24T06:16:56Z</time>
      </trkpt>
      <trkpt lat="46.252084" lon="6.095518">
        <ele>425.5</ele>
        <time>2026-09-24T06:16:57Z</time>
      </trkpt>
      <trkpt lat="46.252088" lon="6.095436">
        <ele>425.6</ele>
        <time>2026-09-24T06:16:58Z</time>
      </trkpt>
      <trkpt lat="46.252089" lon="6.095354">
        <ele>425.6</ele>
        <time>2026-09-24T06:16:59Z</time>
      </trkpt>
      <trkpt lat="46.252089" lon="6.095269">
        <ele>425.6</ele>
        <time>2026-09-24T06:17:00Z</time>
      </trkpt>
      <trkpt lat="46.252087" lon="6.095188">
        <ele>425.7</ele>
        <time>2026-09-24T06:17:01Z</time>
      </trkpt>
      <trkpt lat="46.252088" lon="6.095105">
        <ele>425.7</ele>
        <time>2026-09-24T06:17:02Z</time>
      </trkpt>
      <trkpt lat="46.25209" lon="6.095025">
        <ele>425.8</ele>
        <time>2026-09-24T06:17:03Z</time>
      </trkpt>
      <trkpt lat="46.252096" lon="6.094945">
        <ele>425.8</ele>
        <time>2026-09-24T06:17:04Z</time>
      </trkpt>
      <trkpt lat="46.252104" lon="6.094861">
        <ele>425.8</ele>
        <time>2026-09-24T06:17:05Z</time>
      </trkpt>
      <trkpt lat="46.252112" lon="6.094782">
        <ele>425.9</ele>
        <time>2026-09-24T06:17:06Z</time>
      </trkpt>
      <trkpt lat="46.252112" lon="6.094701">
        <ele>425.9</ele>
        <time>2026-09-24T06:17:07Z</time>
      </trkpt>
      <trkpt lat="46.252112" lon="6.094619">
        <ele>425.9</ele>
        <time>2026-09-24T06:17:08Z</time>
      </trkpt>
      <trkpt lat="46.252115" lon="6.094534">
        <ele>425.9</ele>
        <time>2026-09-24T06:17:09Z</time>
      </trkpt>
      <trkpt lat="46.252123" lon="6.094453">
        <ele>425.9</ele>
        <time>2026-09-24T06:17:10Z</time>
      </trkpt>
      <trkpt lat="46.25213" lon="6.094373">
        <ele>425.9</ele>
        <time>2026-09-24T06:17:11Z</time>
      </trkpt>
      <trkpt lat="46.252136" lon="6.094291">
        <ele>425.9</ele>
        <time>2026-09-24T06:17:12Z</time>
      </trkpt>
      <trkpt lat="46.252139" lon="6.094211">
        <ele>425.9</ele>
        <time>2026-09-24T06:17:13Z</time>
      </trkpt>
      <trkpt lat="46.252144" lon="6.094129">
        <ele>425.9</ele>
        <time>2026-09-24T06:17:14Z</time>
      </trkpt>
      <trkpt lat="46.252151" lon="6.094046">
        <ele>425.9</ele>
        <time>2026-09-24T06:17:15Z</time>
      </trkpt>
      <trkpt lat="46.25216" lon="6.093967">
        <ele>425.9</ele>
        <time>2026-09-24T06:17:16Z</time>
      </trkpt>
      <trkpt lat="46.252166" lon="6.093886">
        <ele>425.9</ele>
        <time>2026-09-24T06:17:17Z</time>
      </trkpt>
      <trkpt lat="46.252164" lon="6.093802">
        <ele>425.9</ele>
        <time>2026-09-24T06:17:18Z</time>
      </trkpt>
      <trkpt lat="46.252151" lon="6.093722">
        <ele>425.9</ele>
        <time>2026-09-24T06:17:19Z</time>
      </trkpt>
      <trkpt lat="46.252123" lon="6.093648">
        <ele>426.0</ele>
        <time>2026-09-24T06:17:20Z</time>
      </trkpt>
      <trkpt lat="46.252092" lon="6.093581">
        <ele>426.1</ele>
        <time>2026-09-24T06:17:21Z</time>
      </trkpt>
      <trkpt lat="46.25206" lon="6.093517">
        <ele>426.1</ele>
        <time>2026-09-24T06:17:22Z</time>
      </trkpt>
      <trkpt lat="46.252022" lon="6.09346">
        <ele>426.2</ele>
        <time>2026-09-24T06:17:23Z</time>
      </trkpt>
      <trkpt lat="46.251978" lon="6.093414">
        <ele>426.3</ele>
        <time>2026-09-24T06:17:24Z</time>
      </trkpt>
      <trkpt lat="46.251929" lon="6.093377">
        <ele>426.4</ele>
        <time>2026-09-24T06:17:25Z</time>
      </trkpt>
      <trkpt lat="46.251881" lon="6.093356">
        <ele>426.5</ele>
        <time>2026-09-24T06:17:26Z</time>
      </trkpt>
      <trkpt lat="46.251832" lon="6.09333">
        <ele>426.6</ele>
        <time>2026-09-24T06:17:27Z</time>
      </trkpt>
      <trkpt lat="46.251783" lon="6.093312">
        <ele>426.7</ele>
        <time>2026-09-24T06:17:28Z</time>
      </trkpt>
      <trkpt lat="46.251737" lon="6.093296">
        <ele>426.8</ele>
        <time>2026-09-24T06:17:29Z</time>
      </trkpt>
      <trkpt lat="46.251688" lon="6.093273">
        <ele>427.0</ele>
        <time>2026-09-24T06:17:30Z</time>
      </trkpt>
      <trkpt lat="46.251646" lon="6.09325">
        <ele>427.1</ele>
        <time>2026-09-24T06:17:31Z</time>
      </trkpt>
      <trkpt lat="46.251609" lon="6.093217">
        <ele>427.3</ele>
        <time>2026-09-24T06:17:32Z</time>
      </trkpt>
      <trkpt lat="46.251577" lon="6.09319">
        <ele>427.4</ele>
        <time>2026-09-24T06:17:33Z</time>
      </trkpt>
      <trkpt lat="46.251536" lon="6.093163">
        <ele>427.5</ele>
        <time>2026-09-24T06:17:34Z</time>
      </trkpt>
      <trkpt lat="46.251494" lon="6.093144">
        <ele>427.7</ele>
        <time>2026-09-24T06:17:35Z</time>
      </trkpt>
      <trkpt lat="46.251454" lon="6.093124">
        <ele>427.7</ele>
        <time>2026-09-24T06:17:36Z</time>
      </trkpt>
      <trkpt lat="46.251426" lon="6.093078">
        <ele>427.8</ele>
        <time>2026-09-24T06:17:37Z</time>
      </trkpt>
      <trkpt lat="46.251396" lon="6.093025">
        <ele>427.9</ele>
        <time>2026-09-24T06:17:38Z</time>
      </trkpt>
      <trkpt lat="46.251358" lon="6.092981">
        <ele>428.0</ele>
        <time>2026-09-24T06:17:39Z</time>
      </trkpt>
      <trkpt lat="46.251315" lon="6.092943">
        <ele>428.1</ele>
        <time>2026-09-24T06:17:40Z</time>
      </trkpt>
      <trkpt lat="46.251274" lon="6.092908">
        <ele>428.2</ele>
        <time>2026-09-24T06:17:41Z</time>
      </trkpt>
      <trkpt lat="46.251231" lon="6.092872">
        <ele>428.3</ele>
        <time>2026-09-24T06:17:42Z</time>
      </trkpt>
      <trkpt lat="46.25119" lon="6.092832">
        <ele>428.4</ele>
        <time>2026-09-24T06:17:43Z</time>
      </trkpt>
      <trkpt lat="46.251151" lon="6.092794">
        <ele>428.6</ele>
        <time>2026-09-24T06:17:44Z</time>
      </trkpt>
      <trkpt lat="46.251111" lon="6.092759">
        <ele>428.8</ele>
        <time>2026-09-24T06:17:45Z</time>
      </trkpt>
      <trkpt lat="46.251072" lon="6.092726">
        <ele>428.9</ele>
        <time>2026-09-24T06:17:46Z</time>
      </trkpt>
      <trkpt lat="46.251036" lon="6.092686">
        <ele>429.1</ele>
        <time>2026-09-24T06:17:47Z</time>
      </trkpt>
      <trkpt lat="46.251" lon="6.092648">
        <ele>429.3</ele>
        <time>2026-09-24T06:17:48Z</time>
      </trkpt>
      <trkpt lat="46.250963" lon="6.092618">
        <ele>429.5</ele>
        <time>2026-09-24T06:17:49Z</time>
      </trkpt>
      <trkpt lat="46.250926" lon="6.092586">
        <ele>429.7</ele>
        <time>2026-09-24T06:17:50Z</time>
      </trkpt>
      <trkpt lat="46.250894" lon="6.092548">
        <ele>429.9</ele>
        <time>2026-09-24T06:17:51Z</time>
      </trkpt>
      <trkpt lat="46.250865" lon="6.092513">
        <ele>430.1</ele>
        <time>2026-09-24T06:17:52Z</time>
      </trkpt>
      <trkpt lat="46.250837" lon="6.09248">
        <ele>430.3</ele>
        <time>2026-09-24T06:17:53Z</time>
      </trkpt>
      <trkpt lat="46.250811" lon="6.092449">
        <ele>430.4</ele>
        <time>2026-09-24T06:17:54Z</time>
      </trkpt>
      <trkpt lat="46.250784" lon="6.092416">
        <ele>430.5</ele>
        <time>2026-09-24T06:17:55Z</time>
      </trkpt>
      <trkpt lat="46.250756" lon="6.092382">
        <ele>430.7</ele>
        <time>2026-09-24T06:17:56Z</time>
      </trkpt>
      <trkpt lat="46.25073" lon="6.092345">
        <ele>430.8</ele>
        <time>2026-09-24T06:17:57Z</time>
      </trkpt>
      <trkpt lat="46.250704" lon="6.092305">
        <ele>430.9</ele>
        <time>2026-09-24T06:17:58Z</time>
      </trkpt>
      <trkpt lat="46.250676" lon="6.092269">
        <ele>431.0</ele>
        <time>2026-09-24T06:17:59Z</time>
      </trkpt>
      <trkpt lat="46.250649" lon="6.092227">
        <ele>431.0</ele>
        <time>2026-09-24T06:18:00Z</time>
      </trkpt>
      <trkpt lat="46.250623" lon="6.092184">
        <ele>431.1</ele>
        <time>2026-09-24T06:18:01Z</time>
      </trkpt>
      <trkpt lat="46.250597" lon="6.092141">
        <ele>431.1</ele>
        <time>2026-09-24T06:18:02Z</time>
      </trkpt>
      <trkpt lat="46.25057" lon="6.092097">
        <ele>431.1</ele>
        <time>2026-09-24T06:18:03Z</time>
      </trkpt>
      <trkpt lat="46.250543" lon="6.092049">
        <ele>431.1</ele>
        <time>2026-09-24T06:18:04Z</time>
      </trkpt>
      <trkpt lat="46.250519" lon="6.091996">
        <ele>431.1</ele>
        <time>2026-09-24T06:18:05Z</time>
      </trkpt>
      <trkpt lat="46.250492" lon="6.091945">
        <ele>431.1</ele>
        <time>2026-09-24T06:18:06Z</time>
      </trkpt>
      <trkpt lat="46.250468" lon="6.091891">
        <ele>431.0</ele>
        <time>2026-09-24T06:18:07Z</time>
      </trkpt>
      <trkpt lat="46.25044" lon="6.091834">
        <ele>431.0</ele>
        <time>2026-09-24T06:18:08Z</time>
      </trkpt>
      <trkpt lat="46.250416" lon="6.09178">
        <ele>431.0</ele>
        <time>2026-09-24T06:18:09Z</time>
      </trkpt>
      <trkpt lat="46.250388" lon="6.091721">
        <ele>431.0</ele>
        <time>2026-09-24T06:18:10Z</time>
      </trkpt>
      <trkpt lat="46.25036" lon="6.091663">
        <ele>431.0</ele>
        <time>2026-09-24T06:18:11Z</time>
      </trkpt>
      <trkpt lat="46.250331" lon="6.091604">
        <ele>430.9</ele>
        <time>2026-09-24T06:18:12Z</time>
      </trkpt>
      <trkpt lat="46.2503" lon="6.091549">
        <ele>430.9</ele>
        <time>2026-09-24T06:18:13Z</time>
      </trkpt>
      <trkpt lat="46.250271" lon="6.091485">
        <ele>430.9</ele>
        <time>2026-09-24T06:18:14Z</time>
      </trkpt>
      <trkpt lat="46.250243" lon="6.091422">
        <ele>430.8</ele>
        <time>2026-09-24T06:18:15Z</time>
      </trkpt>
      <trkpt lat="46.250214" lon="6.091363">
        <ele>430.8</ele>
        <time>2026-09-24T06:18:16Z</time>
      </trkpt>
      <trkpt lat="46.250187" lon="6.091298">
        <ele>430.8</ele>
        <time>2026-09-24T06:18:17Z</time>
      </trkpt>
      <trkpt lat="46.25016" lon="6.09123">
        <ele>430.7</ele>
        <time>2026-09-24T06:18:18Z</time>
      </trkpt>
      <trkpt lat="46.250131" lon="6.091162">
        <ele>430.7</ele>
        <time>2026-09-24T06:18:19Z</time>
      </trkpt>
      <trkpt lat="46.250101" lon="6.091094">
        <ele>430.6</ele>
        <time>2026-09-24T06:18:20Z</time>
      </trkpt>
      <trkpt lat="46.25007" lon="6.091024">
        <ele>430.6</ele>
        <time>2026-09-24T06:18:21Z</time>
      </trkpt>
      <trkpt lat="46.250041" lon="6.090955">
        <ele>430.5</ele>
        <time>2026-09-24T06:18:22Z</time>
      </trkpt>
      <trkpt lat="46.250013" lon="6.090884">
        <ele>430.5</ele>
        <time>2026-09-24T06:18:23Z</time>
      </trkpt>
      <trkpt lat="46.249995" lon="6.090804">
        <ele>430.5</ele>
        <time>2026-09-24T06:18:24Z</time>
      </trkpt>
      <trkpt lat="46.249983" lon="6.090725">
        <ele>430.5</ele>
        <time>2026-09-24T06:18:25Z</time>
      </trkpt>
      <trkpt lat="46.249976" lon="6.090644">
        <ele>430.5</ele>
        <time>2026-09-24T06:18:26Z</time>
      </trkpt>
      <trkpt lat="46.249946" lon="6.090577">
        <ele>430.5</ele>
        <time>2026-09-24T06:18:27Z</time>
      </trkpt>
      <trkpt lat="46.249896" lon="6.090539">
        <ele>430.5</ele>
        <time>2026-09-24T06:18:28Z</time>
      </trkpt>
      <trkpt lat="46.249844" lon="6.090496">
        <ele>430.5</ele>
        <time>2026-09-24T06:18:29Z</time>
      </trkpt>
      <trkpt lat="46.249796" lon="6.090452">
        <ele>430.5</ele>
        <time>2026-09-24T06:18:30Z</time>
      </trkpt>
      <trkpt lat="46.249755" lon="6.090384">
        <ele>430.4</ele>
        <time>2026-09-24T06:18:31Z</time>
      </trkpt>
      <trkpt lat="46.249727" lon="6.090301">
        <ele>430.4</ele>
        <time>2026-09-24T06:18:32Z</time>
      </trkpt>
      <trkpt lat="46.249704" lon="6.090221">
        <ele>430.5</ele>
        <time>2026-09-24T06:18:33Z</time>
      </trkpt>
      <trkpt lat="46.249679" lon="6.090143">
        <ele>430.5</ele>
        <time>2026-09-24T06:18:34Z</time>
      </trkpt>
      <trkpt lat="46.24965" lon="6.090066">
        <ele>430.5</ele>
        <time>2026-09-24T06:18:35Z</time>
      </trkpt>
      <trkpt lat="46.249624" lon="6.08999">
        <ele>430.6</ele>
        <time>2026-09-24T06:18:36Z</time>
      </trkpt>
      <trkpt lat="46.249599" lon="6.089917">
        <ele>430.6</ele>
        <time>2026-09-24T06:18:37Z</time>
      </trkpt>
      <trkpt lat="46.249572" lon="6.089841">
        <ele>430.6</ele>
        <time>2026-09-24T06:18:38Z</time>
      </trkpt>
      <trkpt lat="46.249547" lon="6.089769">
        <ele>430.7</ele>
        <time>2026-09-24T06:18:39Z</time>
      </trkpt>
      <trkpt lat="46.249517" lon="6.089698">
        <ele>430.7</ele>
        <time>2026-09-24T06:18:40Z</time>
      </trkpt>
      <trkpt lat="46.249491" lon="6.089628">
        <ele>430.8</ele>
        <time>2026-09-24T06:18:41Z</time>
      </trkpt>
      <trkpt lat="46.249465" lon="6.089552">
        <ele>430.9</ele>
        <time>2026-09-24T06:18:42Z</time>
      </trkpt>
      <trkpt lat="46.24944" lon="6.089479">
        <ele>430.9</ele>
        <time>2026-09-24T06:18:43Z</time>
      </trkpt>
      <trkpt lat="46.249414" lon="6.089407">
        <ele>431.0</ele>
        <time>2026-09-24T06:18:44Z</time>
      </trkpt>
      <trkpt lat="46.249388" lon="6.089334">
        <ele>431.0</ele>
        <time>2026-09-24T06:18:45Z</time>
      </trkpt>
      <trkpt lat="46.249365" lon="6.089258">
        <ele>431.1</ele>
        <time>2026-09-24T06:18:46Z</time>
      </trkpt>
      <trkpt lat="46.24934" lon="6.089184">
        <ele>431.1</ele>
        <time>2026-09-24T06:18:47Z</time>
      </trkpt>
      <trkpt lat="46.249315" lon="6.089111">
        <ele>431.1</ele>
        <time>2026-09-24T06:18:48Z</time>
      </trkpt>
      <trkpt lat="46.249289" lon="6.089036">
        <ele>431.2</ele>
        <time>2026-09-24T06:18:49Z</time>
      </trkpt>
      <trkpt lat="46.249264" lon="6.088962">
        <ele>431.2</ele>
        <time>2026-09-24T06:18:50Z</time>
      </trkpt>
      <trkpt lat="46.249238" lon="6.088887">
        <ele>431.3</ele>
        <time>2026-09-24T06:18:51Z</time>
      </trkpt>
      <trkpt lat="46.249216" lon="6.088809">
        <ele>431.3</ele>
        <time>2026-09-24T06:18:52Z</time>
      </trkpt>
      <trkpt lat="46.249195" lon="6.088734">
        <ele>431.3</ele>
        <time>2026-09-24T06:18:53Z</time>
      </trkpt>
      <trkpt lat="46.24917" lon="6.088661">
        <ele>431.3</ele>
        <time>2026-09-24T06:18:54Z</time>
      </trkpt>
      <trkpt lat="46.249145" lon="6.088586">
        <ele>431.4</ele>
        <time>2026-09-24T06:18:55Z</time>
      </trkpt>
      <trkpt lat="46.249122" lon="6.088511">
        <ele>431.4</ele>
        <time>2026-09-24T06:18:56Z</time>
      </trkpt>
      <trkpt lat="46.2491" lon="6.088434">
        <ele>431.4</ele>
        <time>2026-09-24T06:18:57Z</time>
      </trkpt>
      <trkpt lat="46.249076" lon="6.088358">
        <ele>431.5</ele>
        <time>2026-09-24T06:18:58Z</time>
      </trkpt>
      <trkpt lat="46.249052" lon="6.08828">
        <ele>431.5</ele>
        <time>2026-09-24T06:18:59Z</time>
      </trkpt>
      <trkpt lat="46.249031" lon="6.088204">
        <ele>431.5</ele>
        <time>2026-09-24T06:19:00Z</time>
      </trkpt>
      <trkpt lat="46.249008" lon="6.088126">
        <ele>431.6</ele>
        <time>2026-09-24T06:19:01Z</time>
      </trkpt>
      <trkpt lat="46.248989" lon="6.08805">
        <ele>431.7</ele>
        <time>2026-09-24T06:19:02Z</time>
      </trkpt>
      <trkpt lat="46.248967" lon="6.087974">
        <ele>431.7</ele>
        <time>2026-09-24T06:19:03Z</time>
      </trkpt>
      <trkpt lat="46.248947" lon="6.087899">
        <ele>431.8</ele>
        <time>2026-09-24T06:19:04Z</time>
      </trkpt>
      <trkpt lat="46.248929" lon="6.087827">
        <ele>431.8</ele>
        <time>2026-09-24T06:19:05Z</time>
      </trkpt>
      <trkpt lat="46.248911" lon="6.087758">
        <ele>431.8</ele>
        <time>2026-09-24T06:19:06Z</time>
      </trkpt>
      <trkpt lat="46.248893" lon="6.087688">
        <ele>431.8</ele>
        <time>2026-09-24T06:19:07Z</time>
      </trkpt>
      <trkpt lat="46.248875" lon="6.087611">
        <ele>431.8</ele>
        <time>2026-09-24T06:19:08Z</time>
      </trkpt>
      <trkpt lat="46.248856" lon="6.087533">
        <ele>431.8</ele>
        <time>2026-09-24T06:19:09Z</time>
      </trkpt>
      <trkpt lat="46.248838" lon="6.087457">
        <ele>431.7</ele>
        <time>2026-09-24T06:19:10Z</time>
      </trkpt>
      <trkpt lat="46.248819" lon="6.087381">
        <ele>431.7</ele>
        <time>2026-09-24T06:19:11Z</time>
      </trkpt>
      <trkpt lat="46.2488" lon="6.087306">
        <ele>431.7</ele>
        <time>2026-09-24T06:19:12Z</time>
      </trkpt>
      <trkpt lat="46.248782" lon="6.08723">
        <ele>431.6</ele>
        <time>2026-09-24T06:19:13Z</time>
      </trkpt>
      <trkpt lat="46.248762" lon="6.087153">
        <ele>431.6</ele>
        <time>2026-09-24T06:19:14Z</time>
      </trkpt>
      <trkpt lat="46.248742" lon="6.087078">
        <ele>431.5</ele>
        <time>2026-09-24T06:19:15Z</time>
      </trkpt>
      <trkpt lat="46.248722" lon="6.087001">
        <ele>431.5</ele>
        <time>2026-09-24T06:19:16Z</time>
      </trkpt>
      <trkpt lat="46.248704" lon="6.086925">
        <ele>431.4</ele>
        <time>2026-09-24T06:19:17Z</time>
      </trkpt>
      <trkpt lat="46.248687" lon="6.086846">
        <ele>431.3</ele>
        <time>2026-09-24T06:19:18Z</time>
      </trkpt>
      <trkpt lat="46.248673" lon="6.086766">
        <ele>431.2</ele>
        <time>2026-09-24T06:19:19Z</time>
      </trkpt>
      <trkpt lat="46.248664" lon="6.086685">
        <ele>431.1</ele>
        <time>2026-09-24T06:19:20Z</time>
      </trkpt>
      <trkpt lat="46.248666" lon="6.0866">
        <ele>430.9</ele>
        <time>2026-09-24T06:19:21Z</time>
      </trkpt>
      <trkpt lat="46.248667" lon="6.086514">
        <ele>430.7</ele>
        <time>2026-09-24T06:19:22Z</time>
      </trkpt>
      <trkpt lat="46.248654" lon="6.086421">
        <ele>430.5</ele>
        <time>2026-09-24T06:19:23Z</time>
      </trkpt>
      <trkpt lat="46.248624" lon="6.086337">
        <ele>430.5</ele>
        <time>2026-09-24T06:19:24Z</time>
      </trkpt>
      <trkpt lat="46.248587" lon="6.086261">
        <ele>430.6</ele>
        <time>2026-09-24T06:19:25Z</time>
      </trkpt>
      <trkpt lat="46.248549" lon="6.086192">
        <ele>430.6</ele>
        <time>2026-09-24T06:19:26Z</time>
      </trkpt>
      <trkpt lat="46.248525" lon="6.086115">
        <ele>430.6</ele>
        <time>2026-09-24T06:19:27Z</time>
      </trkpt>
      <trkpt lat="46.248509" lon="6.086037">
        <ele>430.6</ele>
        <time>2026-09-24T06:19:28Z</time>
      </trkpt>
      <trkpt lat="46.248493" lon="6.085957">
        <ele>430.6</ele>
        <time>2026-09-24T06:19:29Z</time>
      </trkpt>
      <trkpt lat="46.248471" lon="6.085877">
        <ele>430.6</ele>
        <time>2026-09-24T06:19:30Z</time>
      </trkpt>
      <trkpt lat="46.248447" lon="6.085795">
        <ele>430.5</ele>
        <time>2026-09-24T06:19:31Z</time>
      </trkpt>
      <trkpt lat="46.248422" lon="6.085715">
        <ele>430.4</ele>
        <time>2026-09-24T06:19:32Z</time>
      </trkpt>
      <trkpt lat="46.248399" lon="6.085631">
        <ele>430.3</ele>
        <time>2026-09-24T06:19:33Z</time>
      </trkpt>
      <trkpt lat="46.248372" lon="6.085548">
        <ele>430.2</ele>
        <time>2026-09-24T06:19:34Z</time>
      </trkpt>
      <trkpt lat="46.248345" lon="6.085467">
        <ele>430.1</ele>
        <time>2026-09-24T06:19:35Z</time>
      </trkpt>
      <trkpt lat="46.248315" lon="6.085384">
        <ele>430.0</ele>
        <time>2026-09-24T06:19:36Z</time>
      </trkpt>
      <trkpt lat="46.248281" lon="6.0853">
        <ele>429.8</ele>
        <time>2026-09-24T06:19:37Z</time>
      </trkpt>
      <trkpt lat="46.248248" lon="6.085217">
        <ele>429.7</ele>
        <time>2026-09-24T06:19:38Z</time>
      </trkpt>
      <trkpt lat="46.248214" lon="6.08513">
        <ele>429.6</ele>
        <time>2026-09-24T06:19:39Z</time>
      </trkpt>
      <trkpt lat="46.248177" lon="6.085048">
        <ele>429.4</ele>
        <time>2026-09-24T06:19:40Z</time>
      </trkpt>
      <trkpt lat="46.24814" lon="6.084966">
        <ele>429.3</ele>
        <time>2026-09-24T06:19:41Z</time>
      </trkpt>
      <trkpt lat="46.248102" lon="6.08488">
        <ele>429.2</ele>
        <time>2026-09-24T06:19:42Z</time>
      </trkpt>
      <trkpt lat="46.248061" lon="6.0848">
        <ele>429.1</ele>
        <time>2026-09-24T06:19:43Z</time>
      </trkpt>
      <trkpt lat="46.248017" lon="6.084721">
        <ele>429.0</ele>
        <time>2026-09-24T06:19:44Z</time>
      </trkpt>
      <trkpt lat="46.247973" lon="6.084643">
        <ele>428.8</ele>
        <time>2026-09-24T06:19:45Z</time>
      </trkpt>
      <trkpt lat="46.247925" lon="6.084571">
        <ele>428.7</ele>
        <time>2026-09-24T06:19:46Z</time>
      </trkpt>
      <trkpt lat="46.247874" lon="6.084505">
        <ele>428.6</ele>
        <time>2026-09-24T06:19:47Z</time>
      </trkpt>
      <trkpt lat="46.247823" lon="6.084439">
        <ele>428.5</ele>
        <time>2026-09-24T06:19:48Z</time>
      </trkpt>
      <trkpt lat="46.247767" lon="6.084383">
        <ele>428.4</ele>
        <time>2026-09-24T06:19:49Z</time>
      </trkpt>
      <trkpt lat="46.247707" lon="6.084332">
        <ele>428.3</ele>
        <time>2026-09-24T06:19:50Z</time>
      </trkpt>
      <trkpt lat="46.247648" lon="6.084283">
        <ele>428.1</ele>
        <time>2026-09-24T06:19:51Z</time>
      </trkpt>
      <trkpt lat="46.247587" lon="6.084235">
        <ele>427.9</ele>
        <time>2026-09-24T06:19:52Z</time>
      </trkpt>
      <trkpt lat="46.247526" lon="6.084193">
        <ele>427.8</ele>
        <time>2026-09-24T06:19:53Z</time>
      </trkpt>
      <trkpt lat="46.24746" lon="6.084166">
        <ele>427.7</ele>
        <time>2026-09-24T06:19:54Z</time>
      </trkpt>
      <trkpt lat="46.247392" lon="6.084159">
        <ele>427.6</ele>
        <time>2026-09-24T06:19:55Z</time>
      </trkpt>
      <trkpt lat="46.247326" lon="6.08417">
        <ele>427.6</ele>
        <time>2026-09-24T06:19:56Z</time>
      </trkpt>
      <trkpt lat="46.247268" lon="6.084174">
        <ele>427.6</ele>
        <time>2026-09-24T06:19:57Z</time>
      </trkpt>
      <trkpt lat="46.247219" lon="6.084126">
        <ele>427.5</ele>
        <time>2026-09-24T06:19:58Z</time>
      </trkpt>
      <trkpt lat="46.247182" lon="6.084039">
        <ele>427.5</ele>
        <time>2026-09-24T06:19:59Z</time>
      </trkpt>
      <trkpt lat="46.247159" lon="6.083947">
        <ele>427.4</ele>
        <time>2026-09-24T06:20:00Z</time>
      </trkpt>
      <trkpt lat="46.24714" lon="6.083858">
        <ele>427.4</ele>
        <time>2026-09-24T06:20:01Z</time>
      </trkpt>
      <trkpt lat="46.247116" lon="6.083777">
        <ele>427.4</ele>
        <time>2026-09-24T06:20:02Z</time>
      </trkpt>
      <trkpt lat="46.24709" lon="6.083694">
        <ele>427.4</ele>
        <time>2026-09-24T06:20:03Z</time>
      </trkpt>
      <trkpt lat="46.247061" lon="6.083609">
        <ele>427.4</ele>
        <time>2026-09-24T06:20:04Z</time>
      </trkpt>
      <trkpt lat="46.247033" lon="6.083527">
        <ele>427.5</ele>
        <time>2026-09-24T06:20:05Z</time>
      </trkpt>
      <trkpt lat="46.247006" lon="6.083448">
        <ele>427.5</ele>
        <time>2026-09-24T06:20:06Z</time>
      </trkpt>
      <trkpt lat="46.246979" lon="6.083369">
        <ele>427.5</ele>
        <time>2026-09-24T06:20:07Z</time>
      </trkpt>
      <trkpt lat="46.246951" lon="6.08329">
        <ele>427.5</ele>
        <time>2026-09-24T06:20:08Z</time>
      </trkpt>
      <trkpt lat="46.246924" lon="6.083208">
        <ele>427.5</ele>
        <time>2026-09-24T06:20:09Z</time>
      </trkpt>
      <trkpt lat="46.246898" lon="6.083129">
        <ele>427.5</ele>
        <time>2026-09-24T06:20:10Z</time>
      </trkpt>
      <trkpt lat="46.24687" lon="6.083053">
        <ele>427.6</ele>
        <time>2026-09-24T06:20:11Z</time>
      </trkpt>
      <trkpt lat="46.246842" lon="6.08297">
        <ele>427.6</ele>
        <time>2026-09-24T06:20:12Z</time>
      </trkpt>
      <trkpt lat="46.246813" lon="6.082894">
        <ele>427.6</ele>
        <time>2026-09-24T06:20:13Z</time>
      </trkpt>
      <trkpt lat="46.246781" lon="6.082812">
        <ele>427.7</ele>
        <time>2026-09-24T06:20:14Z</time>
      </trkpt>
      <trkpt lat="46.246752" lon="6.082734">
        <ele>427.7</ele>
        <time>2026-09-24T06:20:15Z</time>
      </trkpt>
      <trkpt lat="46.246724" lon="6.082652">
        <ele>427.7</ele>
        <time>2026-09-24T06:20:16Z</time>
      </trkpt>
      <trkpt lat="46.246697" lon="6.082572">
        <ele>427.8</ele>
        <time>2026-09-24T06:20:17Z</time>
      </trkpt>
      <trkpt lat="46.246669" lon="6.082494">
        <ele>427.8</ele>
        <time>2026-09-24T06:20:18Z</time>
      </trkpt>
      <trkpt lat="46.246643" lon="6.082413">
        <ele>427.8</ele>
        <time>2026-09-24T06:20:19Z</time>
      </trkpt>
      <trkpt lat="46.246619" lon="6.082336">
        <ele>427.8</ele>
        <time>2026-09-24T06:20:20Z</time>
      </trkpt>
      <trkpt lat="46.246596" lon="6.082253">
        <ele>427.9</ele>
        <time>2026-09-24T06:20:21Z</time>
      </trkpt>
      <trkpt lat="46.246574" lon="6.082182">
        <ele>427.9</ele>
        <time>2026-09-24T06:20:22Z</time>
      </trkpt>
      <trkpt lat="46.246542" lon="6.082099">
        <ele>427.9</ele>
        <time>2026-09-24T06:20:23Z</time>
      </trkpt>
      <trkpt lat="46.246511" lon="6.082027">
        <ele>427.9</ele>
        <time>2026-09-24T06:20:24Z</time>
      </trkpt>
      <trkpt lat="46.246476" lon="6.081964">
        <ele>428.0</ele>
        <time>2026-09-24T06:20:25Z</time>
      </trkpt>
      <trkpt lat="46.246431" lon="6.08191">
        <ele>428.0</ele>
        <time>2026-09-24T06:20:26Z</time>
      </trkpt>
      <trkpt lat="46.24638" lon="6.081864">
        <ele>428.1</ele>
        <time>2026-09-24T06:20:27Z</time>
      </trkpt>
      <trkpt lat="46.246325" lon="6.081832">
        <ele>428.1</ele>
        <time>2026-09-24T06:20:28Z</time>
      </trkpt>
      <trkpt lat="46.246269" lon="6.081779">
        <ele>428.2</ele>
        <time>2026-09-24T06:20:29Z</time>
      </trkpt>
      <trkpt lat="46.246217" lon="6.081728">
        <ele>428.2</ele>
        <time>2026-09-24T06:20:30Z</time>
      </trkpt>
      <trkpt lat="46.246157" lon="6.081701">
        <ele>428.1</ele>
        <time>2026-09-24T06:20:31Z</time>
      </trkpt>
      <trkpt lat="46.246096" lon="6.081711">
        <ele>428.1</ele>
        <time>2026-09-24T06:20:32Z</time>
      </trkpt>
      <trkpt lat="46.246042" lon="6.081748">
        <ele>428.1</ele>
        <time>2026-09-24T06:20:33Z</time>
      </trkpt>
      <trkpt lat="46.245986" lon="6.081793">
        <ele>428.1</ele>
        <time>2026-09-24T06:20:34Z</time>
      </trkpt>
      <trkpt lat="46.245931" lon="6.081816">
        <ele>428.0</ele>
        <time>2026-09-24T06:20:35Z</time>
      </trkpt>
      <trkpt lat="46.245882" lon="6.081836">
        <ele>427.9</ele>
        <time>2026-09-24T06:20:36Z</time>
      </trkpt>
      <trkpt lat="46.245842" lon="6.081871">
        <ele>427.7</ele>
        <time>2026-09-24T06:20:37Z</time>
      </trkpt>
      <trkpt lat="46.245801" lon="6.081873">
        <ele>427.6</ele>
        <time>2026-09-24T06:20:38Z</time>
      </trkpt>
      <trkpt lat="46.245764" lon="6.081838">
        <ele>427.4</ele>
        <time>2026-09-24T06:20:39Z</time>
      </trkpt>
      <trkpt lat="46.245725" lon="6.081794">
        <ele>427.3</ele>
        <time>2026-09-24T06:20:40Z</time>
      </trkpt>
      <trkpt lat="46.24569" lon="6.081749">
        <ele>427.2</ele>
        <time>2026-09-24T06:20:41Z</time>
      </trkpt>
      <trkpt lat="46.245665" lon="6.081688">
        <ele>427.1</ele>
        <time>2026-09-24T06:20:42Z</time>
      </trkpt>
      <trkpt lat="46.245642" lon="6.081619">
        <ele>427.0</ele>
        <time>2026-09-24T06:20:43Z</time>
      </trkpt>
      <trkpt lat="46.245633" lon="6.081556">
        <ele>427.0</ele>
        <time>2026-09-24T06:20:44Z</time>
      </trkpt>
      <trkpt lat="46.245629" lon="6.08145">
        <ele>427.0</ele>
        <time>2026-09-24T06:20:45Z</time>
      </trkpt>
      <trkpt lat="46.245611" lon="6.081368">
        <ele>426.9</ele>
        <time>2026-09-24T06:20:46Z</time>
      </trkpt>
      <trkpt lat="46.245605" lon="6.081284">
        <ele>426.9</ele>
        <time>2026-09-24T06:20:47Z</time>
      </trkpt>
      <trkpt lat="46.245587" lon="6.081218">
        <ele>426.9</ele>
        <time>2026-09-24T06:20:48Z</time>
      </trkpt>
      <trkpt lat="46.245582" lon="6.081122">
        <ele>426.8</ele>
        <time>2026-09-24T06:20:49Z</time>
      </trkpt>
      <trkpt lat="46.245566" lon="6.081048">
        <ele>426.8</ele>
        <time>2026-09-24T06:20:50Z</time>
      </trkpt>
      <trkpt lat="46.245557" lon="6.080959">
        <ele>426.8</ele>
        <time>2026-09-24T06:20:51Z</time>
      </trkpt>
      <trkpt lat="46.245548" lon="6.080884">
        <ele>426.7</ele>
        <time>2026-09-24T06:20:52Z</time>
      </trkpt>
      <trkpt lat="46.24555" lon="6.080803">
        <ele>426.7</ele>
        <time>2026-09-24T06:20:53Z</time>
      </trkpt>
      <trkpt lat="46.24554" lon="6.080751">
        <ele>426.7</ele>
        <time>2026-09-24T06:20:54Z</time>
      </trkpt>
      <trkpt lat="46.245537" lon="6.080697">
        <ele>426.7</ele>
        <time>2026-09-24T06:20:55Z</time>
      </trkpt>
      <trkpt lat="46.245528" lon="6.080635">
        <ele>426.7</ele>
        <time>2026-09-24T06:20:56Z</time>
      </trkpt>
      <trkpt lat="46.245517" lon="6.080568">
        <ele>426.7</ele>
        <time>2026-09-24T06:20:57Z</time>
      </trkpt>
      <trkpt lat="46.245502" lon="6.080505">
        <ele>426.7</ele>
        <time>2026-09-24T06:20:58Z</time>
      </trkpt>
      <trkpt lat="46.24549" lon="6.08043">
        <ele>426.7</ele>
        <time>2026-09-24T06:20:59Z</time>
      </trkpt>
      <trkpt lat="46.245474" lon="6.080354">
        <ele>426.7</ele>
        <time>2026-09-24T06:21:00Z</time>
      </trkpt>
      <trkpt lat="46.245461" lon="6.080277">
        <ele>426.8</ele>
        <time>2026-09-24T06:21:01Z</time>
      </trkpt>
      <trkpt lat="46.245438" lon="6.080189">
        <ele>426.8</ele>
        <time>2026-09-24T06:21:02Z</time>
      </trkpt>
      <trkpt lat="46.24542" lon="6.080109">
        <ele>426.8</ele>
        <time>2026-09-24T06:21:03Z</time>
      </trkpt>
      <trkpt lat="46.245403" lon="6.080029">
        <ele>426.8</ele>
        <time>2026-09-24T06:21:04Z</time>
      </trkpt>
      <trkpt lat="46.245386" lon="6.079943">
        <ele>426.8</ele>
        <time>2026-09-24T06:21:05Z</time>
      </trkpt>
      <trkpt lat="46.245372" lon="6.079862">
        <ele>426.8</ele>
        <time>2026-09-24T06:21:06Z</time>
      </trkpt>
      <trkpt lat="46.24536" lon="6.079773">
        <ele>426.8</ele>
        <time>2026-09-24T06:21:07Z</time>
      </trkpt>
      <trkpt lat="46.245346" lon="6.07969">
        <ele>426.8</ele>
        <time>2026-09-24T06:21:08Z</time>
      </trkpt>
      <trkpt lat="46.245324" lon="6.079609">
        <ele>426.8</ele>
        <time>2026-09-24T06:21:09Z</time>
      </trkpt>
      <trkpt lat="46.245301" lon="6.079535">
        <ele>426.8</ele>
        <time>2026-09-24T06:21:10Z</time>
      </trkpt>
      <trkpt lat="46.245267" lon="6.079463">
        <ele>426.7</ele>
        <time>2026-09-24T06:21:11Z</time>
      </trkpt>
      <trkpt lat="46.245227" lon="6.079395">
        <ele>426.7</ele>
        <time>2026-09-24T06:21:12Z</time>
      </trkpt>
      <trkpt lat="46.245189" lon="6.079325">
        <ele>426.7</ele>
        <time>2026-09-24T06:21:13Z</time>
      </trkpt>
      <trkpt lat="46.245155" lon="6.079259">
        <ele>426.7</ele>
        <time>2026-09-24T06:21:14Z</time>
      </trkpt>
      <trkpt lat="46.245115" lon="6.079199">
        <ele>426.7</ele>
        <time>2026-09-24T06:21:15Z</time>
      </trkpt>
      <trkpt lat="46.245076" lon="6.079139">
        <ele>426.7</ele>
        <time>2026-09-24T06:21:16Z</time>
      </trkpt>
      <trkpt lat="46.245031" lon="6.079073">
        <ele>426.6</ele>
        <time>2026-09-24T06:21:17Z</time>
      </trkpt>
      <trkpt lat="46.244981" lon="6.079009">
        <ele>426.6</ele>
        <time>2026-09-24T06:21:18Z</time>
      </trkpt>
      <trkpt lat="46.244935" lon="6.07894">
        <ele>426.6</ele>
        <time>2026-09-24T06:21:19Z</time>
      </trkpt>
      <trkpt lat="46.244893" lon="6.078873">
        <ele>426.7</ele>
        <time>2026-09-24T06:21:20Z</time>
      </trkpt>
      <trkpt lat="46.244852" lon="6.078796">
        <ele>426.7</ele>
        <time>2026-09-24T06:21:21Z</time>
      </trkpt>
      <trkpt lat="46.244806" lon="6.078729">
        <ele>426.8</ele>
        <time>2026-09-24T06:21:22Z</time>
      </trkpt>
      <trkpt lat="46.244755" lon="6.078683">
        <ele>426.8</ele>
        <time>2026-09-24T06:21:23Z</time>
      </trkpt>
      <trkpt lat="46.244709" lon="6.078634">
        <ele>426.8</ele>
        <time>2026-09-24T06:21:24Z</time>
      </trkpt>
      <trkpt lat="46.24466" lon="6.078579">
        <ele>426.8</ele>
        <time>2026-09-24T06:21:25Z</time>
      </trkpt>
      <trkpt lat="46.24461" lon="6.078525">
        <ele>426.8</ele>
        <time>2026-09-24T06:21:26Z</time>
      </trkpt>
      <trkpt lat="46.244564" lon="6.078464">
        <ele>426.8</ele>
        <time>2026-09-24T06:21:27Z</time>
      </trkpt>
      <trkpt lat="46.244519" lon="6.078404">
        <ele>426.9</ele>
        <time>2026-09-24T06:21:28Z</time>
      </trkpt>
      <trkpt lat="46.244469" lon="6.078347">
        <ele>426.9</ele>
        <time>2026-09-24T06:21:29Z</time>
      </trkpt>
      <trkpt lat="46.244428" lon="6.078289">
        <ele>426.9</ele>
        <time>2026-09-24T06:21:30Z</time>
      </trkpt>
      <trkpt lat="46.244395" lon="6.078234">
        <ele>426.9</ele>
        <time>2026-09-24T06:21:31Z</time>
      </trkpt>
      <trkpt lat="46.244356" lon="6.078173">
        <ele>426.9</ele>
        <time>2026-09-24T06:21:32Z</time>
      </trkpt>
      <trkpt lat="46.244312" lon="6.078125">
        <ele>426.9</ele>
        <time>2026-09-24T06:21:33Z</time>
      </trkpt>
      <trkpt lat="46.244276" lon="6.078062">
        <ele>426.9</ele>
        <time>2026-09-24T06:21:34Z</time>
      </trkpt>
      <trkpt lat="46.244243" lon="6.078">
        <ele>426.9</ele>
        <time>2026-09-24T06:21:35Z</time>
      </trkpt>
      <trkpt lat="46.244209" lon="6.077941">
        <ele>426.9</ele>
        <time>2026-09-24T06:21:36Z</time>
      </trkpt>
      <trkpt lat="46.244177" lon="6.077876">
        <ele>426.8</ele>
        <time>2026-09-24T06:21:37Z</time>
      </trkpt>
      <trkpt lat="46.244145" lon="6.077813">
        <ele>426.8</ele>
        <time>2026-09-24T06:21:38Z</time>
      </trkpt>
      <trkpt lat="46.244103" lon="6.077742">
        <ele>426.7</ele>
        <time>2026-09-24T06:21:39Z</time>
      </trkpt>
      <trkpt lat="46.244056" lon="6.077669">
        <ele>426.7</ele>
        <time>2026-09-24T06:21:40Z</time>
      </trkpt>
      <trkpt lat="46.24401" lon="6.077593">
        <ele>426.6</ele>
        <time>2026-09-24T06:21:41Z</time>
      </trkpt>
      <trkpt lat="46.243967" lon="6.077522">
        <ele>426.6</ele>
        <time>2026-09-24T06:21:42Z</time>
      </trkpt>
      <trkpt lat="46.24393" lon="6.077454">
        <ele>426.6</ele>
        <time>2026-09-24T06:21:43Z</time>
      </trkpt>
      <trkpt lat="46.243881" lon="6.077389">
        <ele>426.6</ele>
        <time>2026-09-24T06:21:44Z</time>
      </trkpt>
      <trkpt lat="46.243841" lon="6.077321">
        <ele>426.6</ele>
        <time>2026-09-24T06:21:45Z</time>
      </trkpt>
      <trkpt lat="46.243796" lon="6.077261">
        <ele>426.6</ele>
        <time>2026-09-24T06:21:46Z</time>
      </trkpt>
      <trkpt lat="46.243754" lon="6.077199">
        <ele>426.6</ele>
        <time>2026-09-24T06:21:47Z</time>
      </trkpt>
      <trkpt lat="46.24371" lon="6.077135">
        <ele>426.6</ele>
        <time>2026-09-24T06:21:48Z</time>
      </trkpt>
      <trkpt lat="46.243668" lon="6.077066">
        <ele>426.6</ele>
        <time>2026-09-24T06:21:49Z</time>
      </trkpt>
      <trkpt lat="46.243628" lon="6.077002">
        <ele>426.7</ele>
        <time>2026-09-24T06:21:50Z</time>
      </trkpt>
      <trkpt lat="46.243583" lon="6.076933">
        <ele>426.7</ele>
        <time>2026-09-24T06:21:51Z</time>
      </trkpt>
      <trkpt lat="46.243542" lon="6.076867">
        <ele>426.7</ele>
        <time>2026-09-24T06:21:52Z</time>
      </trkpt>
      <trkpt lat="46.243504" lon="6.076803">
        <ele>426.7</ele>
        <time>2026-09-24T06:21:53Z</time>
      </trkpt>
      <trkpt lat="46.243463" lon="6.076742">
        <ele>426.7</ele>
        <time>2026-09-24T06:21:54Z</time>
      </trkpt>
      <trkpt lat="46.24342" lon="6.076678">
        <ele>426.7</ele>
        <time>2026-09-24T06:21:55Z</time>
      </trkpt>
      <trkpt lat="46.24338" lon="6.076619">
        <ele>426.8</ele>
        <time>2026-09-24T06:21:56Z</time>
      </trkpt>
      <trkpt lat="46.243339" lon="6.076551">
        <ele>426.8</ele>
        <time>2026-09-24T06:21:57Z</time>
      </trkpt>
      <trkpt lat="46.243297" lon="6.076491">
        <ele>426.8</ele>
        <time>2026-09-24T06:21:58Z</time>
      </trkpt>
      <trkpt lat="46.243259" lon="6.076432">
        <ele>426.8</ele>
        <time>2026-09-24T06:21:59Z</time>
      </trkpt>
      <trkpt lat="46.24322" lon="6.076367">
        <ele>426.8</ele>
        <time>2026-09-24T06:22:00Z</time>
      </trkpt>
      <trkpt lat="46.243179" lon="6.076302">
        <ele>426.8</ele>
        <time>2026-09-24T06:22:01Z</time>
      </trkpt>
      <trkpt lat="46.243139" lon="6.076251">
        <ele>426.8</ele>
        <time>2026-09-24T06:22:02Z</time>
      </trkpt>
      <trkpt lat="46.243097" lon="6.076181">
        <ele>426.8</ele>
        <time>2026-09-24T06:22:03Z</time>
      </trkpt>
      <trkpt lat="46.243058" lon="6.076128">
        <ele>426.8</ele>
        <time>2026-09-24T06:22:04Z</time>
      </trkpt>
      <trkpt lat="46.243013" lon="6.076069">
        <ele>426.8</ele>
        <time>2026-09-24T06:22:05Z</time>
      </trkpt>
      <trkpt lat="46.242974" lon="6.076007">
        <ele>426.8</ele>
        <time>2026-09-24T06:22:06Z</time>
      </trkpt>
      <trkpt lat="46.242937" lon="6.07595">
        <ele>426.8</ele>
        <time>2026-09-24T06:22:07Z</time>
      </trkpt>
      <trkpt lat="46.242894" lon="6.075891">
        <ele>426.7</ele>
        <time>2026-09-24T06:22:08Z</time>
      </trkpt>
      <trkpt lat="46.242849" lon="6.075827">
        <ele>426.7</ele>
        <time>2026-09-24T06:22:09Z</time>
      </trkpt>
      <trkpt lat="46.242804" lon="6.075771">
        <ele>426.7</ele>
        <time>2026-09-24T06:22:10Z</time>
      </trkpt>
      <trkpt lat="46.24276" lon="6.075703">
        <ele>426.8</ele>
        <time>2026-09-24T06:22:11Z</time>
      </trkpt>
      <trkpt lat="46.242717" lon="6.075643">
        <ele>426.8</ele>
        <time>2026-09-24T06:22:12Z</time>
      </trkpt>
      <trkpt lat="46.242674" lon="6.075576">
        <ele>426.9</ele>
        <time>2026-09-24T06:22:13Z</time>
      </trkpt>
      <trkpt lat="46.242633" lon="6.075513">
        <ele>426.9</ele>
        <time>2026-09-24T06:22:14Z</time>
      </trkpt>
      <trkpt lat="46.242593" lon="6.075454">
        <ele>427.0</ele>
        <time>2026-09-24T06:22:15Z</time>
      </trkpt>
      <trkpt lat="46.242552" lon="6.07539">
        <ele>427.0</ele>
        <time>2026-09-24T06:22:16Z</time>
      </trkpt>
      <trkpt lat="46.242511" lon="6.075327">
        <ele>427.0</ele>
        <time>2026-09-24T06:22:17Z</time>
      </trkpt>
      <trkpt lat="46.24247" lon="6.075268">
        <ele>427.1</ele>
        <time>2026-09-24T06:22:18Z</time>
      </trkpt>
      <trkpt lat="46.242429" lon="6.07521">
        <ele>427.1</ele>
        <time>2026-09-24T06:22:19Z</time>
      </trkpt>
      <trkpt lat="46.242389" lon="6.07515">
        <ele>427.1</ele>
        <time>2026-09-24T06:22:20Z</time>
      </trkpt>
      <trkpt lat="46.242355" lon="6.075078">
        <ele>427.0</ele>
        <time>2026-09-24T06:22:21Z</time>
      </trkpt>
      <trkpt lat="46.242341" lon="6.074995">
        <ele>427.0</ele>
        <time>2026-09-24T06:22:22Z</time>
      </trkpt>
      <trkpt lat="46.24235" lon="6.074912">
        <ele>426.9</ele>
        <time>2026-09-24T06:22:23Z</time>
      </trkpt>
      <trkpt lat="46.242384" lon="6.074837">
        <ele>426.9</ele>
        <time>2026-09-24T06:22:24Z</time>
      </trkpt>
      <trkpt lat="46.242433" lon="6.074787">
        <ele>426.9</ele>
        <time>2026-09-24T06:22:25Z</time>
      </trkpt>
      <trkpt lat="46.242479" lon="6.074743">
        <ele>426.8</ele>
        <time>2026-09-24T06:22:26Z</time>
      </trkpt>
      <trkpt lat="46.242521" lon="6.074697">
        <ele>426.8</ele>
        <time>2026-09-24T06:22:27Z</time>
      </trkpt>
      <trkpt lat="46.242565" lon="6.074652">
        <ele>426.8</ele>
        <time>2026-09-24T06:22:28Z</time>
      </trkpt>
      <trkpt lat="46.242606" lon="6.074598">
        <ele>426.7</ele>
        <time>2026-09-24T06:22:29Z</time>
      </trkpt>
      <trkpt lat="46.242649" lon="6.074548">
        <ele>426.6</ele>
        <time>2026-09-24T06:22:30Z</time>
      </trkpt>
      <trkpt lat="46.242691" lon="6.074497">
        <ele>426.6</ele>
        <time>2026-09-24T06:22:31Z</time>
      </trkpt>
      <trkpt lat="46.24272" lon="6.074435">
        <ele>426.5</ele>
        <time>2026-09-24T06:22:32Z</time>
      </trkpt>
      <trkpt lat="46.242725" lon="6.074362">
        <ele>426.4</ele>
        <time>2026-09-24T06:22:33Z</time>
      </trkpt>
      <trkpt lat="46.242709" lon="6.074289">
        <ele>426.3</ele>
        <time>2026-09-24T06:22:34Z</time>
      </trkpt>
      <trkpt lat="46.242674" lon="6.07423">
        <ele>426.3</ele>
        <time>2026-09-24T06:22:35Z</time>
      </trkpt>
      <trkpt lat="46.24264" lon="6.07419">
        <ele>426.2</ele>
        <time>2026-09-24T06:22:36Z</time>
      </trkpt>
      <trkpt lat="46.242599" lon="6.074159">
        <ele>426.2</ele>
        <time>2026-09-24T06:22:37Z</time>
      </trkpt>
      <trkpt lat="46.242561" lon="6.074122">
        <ele>426.1</ele>
        <time>2026-09-24T06:22:38Z</time>
      </trkpt>
      <trkpt lat="46.242526" lon="6.074085">
        <ele>426.1</ele>
        <time>2026-09-24T06:22:39Z</time>
      </trkpt>
      <trkpt lat="46.242494" lon="6.074047">
        <ele>426.1</ele>
        <time>2026-09-24T06:22:40Z</time>
      </trkpt>
      <trkpt lat="46.242467" lon="6.074003">
        <ele>426.1</ele>
        <time>2026-09-24T06:22:41Z</time>
      </trkpt>
      <trkpt lat="46.242433" lon="6.073962">
        <ele>426.0</ele>
        <time>2026-09-24T06:22:42Z</time>
      </trkpt>
      <trkpt lat="46.242389" lon="6.073921">
        <ele>426.0</ele>
        <time>2026-09-24T06:22:43Z</time>
      </trkpt>
      <trkpt lat="46.242336" lon="6.073878">
        <ele>426.0</ele>
        <time>2026-09-24T06:22:44Z</time>
      </trkpt>
      <trkpt lat="46.242282" lon="6.073823">
        <ele>426.0</ele>
        <time>2026-09-24T06:22:45Z</time>
      </trkpt>
      <trkpt lat="46.242229" lon="6.073771">
        <ele>425.9</ele>
        <time>2026-09-24T06:22:46Z</time>
      </trkpt>
      <trkpt lat="46.24218" lon="6.073716">
        <ele>425.9</ele>
        <time>2026-09-24T06:22:47Z</time>
      </trkpt>
      <trkpt lat="46.242128" lon="6.073665">
        <ele>425.9</ele>
        <time>2026-09-24T06:22:48Z</time>
      </trkpt>
      <trkpt lat="46.242071" lon="6.073628">
        <ele>425.9</ele>
        <time>2026-09-24T06:22:49Z</time>
      </trkpt>
      <trkpt lat="46.242019" lon="6.073588">
        <ele>425.8</ele>
        <time>2026-09-24T06:22:50Z</time>
      </trkpt>
      <trkpt lat="46.241967" lon="6.073556">
        <ele>425.8</ele>
        <time>2026-09-24T06:22:51Z</time>
      </trkpt>
      <trkpt lat="46.241917" lon="6.073522">
        <ele>425.8</ele>
        <time>2026-09-24T06:22:52Z</time>
      </trkpt>
      <trkpt lat="46.241863" lon="6.073479">
        <ele>425.7</ele>
        <time>2026-09-24T06:22:53Z</time>
      </trkpt>
      <trkpt lat="46.241811" lon="6.073436">
        <ele>425.7</ele>
        <time>2026-09-24T06:22:54Z</time>
      </trkpt>
      <trkpt lat="46.241759" lon="6.073388">
        <ele>425.7</ele>
        <time>2026-09-24T06:22:55Z</time>
      </trkpt>
      <trkpt lat="46.241702" lon="6.073328">
        <ele>425.7</ele>
        <time>2026-09-24T06:22:56Z</time>
      </trkpt>
      <trkpt lat="46.241644" lon="6.073278">
        <ele>425.7</ele>
        <time>2026-09-24T06:22:57Z</time>
      </trkpt>
      <trkpt lat="46.241584" lon="6.073234">
        <ele>425.6</ele>
        <time>2026-09-24T06:22:58Z</time>
      </trkpt>
      <trkpt lat="46.241519" lon="6.073195">
        <ele>425.6</ele>
        <time>2026-09-24T06:22:59Z</time>
      </trkpt>
      <trkpt lat="46.241458" lon="6.073153">
        <ele>425.6</ele>
        <time>2026-09-24T06:23:00Z</time>
      </trkpt>
      <trkpt lat="46.2414" lon="6.07311">
        <ele>425.6</ele>
        <time>2026-09-24T06:23:01Z</time>
      </trkpt>
      <trkpt lat="46.241343" lon="6.073062">
        <ele>425.6</ele>
        <time>2026-09-24T06:23:02Z</time>
      </trkpt>
      <trkpt lat="46.241285" lon="6.073023">
        <ele>425.6</ele>
        <time>2026-09-24T06:23:03Z</time>
      </trkpt>
      <trkpt lat="46.241219" lon="6.07302">
        <ele>425.6</ele>
        <time>2026-09-24T06:23:04Z</time>
      </trkpt>
      <trkpt lat="46.241154" lon="6.073041">
        <ele>425.6</ele>
        <time>2026-09-24T06:23:05Z</time>
      </trkpt>
      <trkpt lat="46.241087" lon="6.073043">
        <ele>425.7</ele>
        <time>2026-09-24T06:23:06Z</time>
      </trkpt>
      <trkpt lat="46.241031" lon="6.073008">
        <ele>425.8</ele>
        <time>2026-09-24T06:23:07Z</time>
      </trkpt>
      <trkpt lat="46.240985" lon="6.072931">
        <ele>425.8</ele>
        <time>2026-09-24T06:23:08Z</time>
      </trkpt>
      <trkpt lat="46.240942" lon="6.072849">
        <ele>425.8</ele>
        <time>2026-09-24T06:23:09Z</time>
      </trkpt>
      <trkpt lat="46.240897" lon="6.072764">
        <ele>425.8</ele>
        <time>2026-09-24T06:23:10Z</time>
      </trkpt>
      <trkpt lat="46.240848" lon="6.07268">
        <ele>425.8</ele>
        <time>2026-09-24T06:23:11Z</time>
      </trkpt>
      <trkpt lat="46.240794" lon="6.072602">
        <ele>425.7</ele>
        <time>2026-09-24T06:23:12Z</time>
      </trkpt>
      <trkpt lat="46.240738" lon="6.072525">
        <ele>425.6</ele>
        <time>2026-09-24T06:23:13Z</time>
      </trkpt>
      <trkpt lat="46.240681" lon="6.072443">
        <ele>425.5</ele>
        <time>2026-09-24T06:23:14Z</time>
      </trkpt>
      <trkpt lat="46.240625" lon="6.072366">
        <ele>425.3</ele>
        <time>2026-09-24T06:23:15Z</time>
      </trkpt>
      <trkpt lat="46.240571" lon="6.072288">
        <ele>425.1</ele>
        <time>2026-09-24T06:23:16Z</time>
      </trkpt>
      <trkpt lat="46.240512" lon="6.072207">
        <ele>424.8</ele>
        <time>2026-09-24T06:23:17Z</time>
      </trkpt>
      <trkpt lat="46.240455" lon="6.072129">
        <ele>424.5</ele>
        <time>2026-09-24T06:23:18Z</time>
      </trkpt>
      <trkpt lat="46.240398" lon="6.072048">
        <ele>424.2</ele>
        <time>2026-09-24T06:23:19Z</time>
      </trkpt>
      <trkpt lat="46.240339" lon="6.071959">
        <ele>423.8</ele>
        <time>2026-09-24T06:23:20Z</time>
      </trkpt>
      <trkpt lat="46.240282" lon="6.071874">
        <ele>423.4</ele>
        <time>2026-09-24T06:23:21Z</time>
      </trkpt>
      <trkpt lat="46.240221" lon="6.071786">
        <ele>422.8</ele>
        <time>2026-09-24T06:23:22Z</time>
      </trkpt>
      <trkpt lat="46.24016" lon="6.0717">
        <ele>422.3</ele>
        <time>2026-09-24T06:23:23Z</time>
      </trkpt>
      <trkpt lat="46.240097" lon="6.071606">
        <ele>421.7</ele>
        <time>2026-09-24T06:23:24Z</time>
      </trkpt>
      <trkpt lat="46.240032" lon="6.071511">
        <ele>421.2</ele>
        <time>2026-09-24T06:23:25Z</time>
      </trkpt>
      <trkpt lat="46.239965" lon="6.071415">
        <ele>420.8</ele>
        <time>2026-09-24T06:23:26Z</time>
      </trkpt>
      <trkpt lat="46.239901" lon="6.07132">
        <ele>420.6</ele>
        <time>2026-09-24T06:23:27Z</time>
      </trkpt>
      <trkpt lat="46.239839" lon="6.07123">
        <ele>420.4</ele>
        <time>2026-09-24T06:23:28Z</time>
      </trkpt>
      <trkpt lat="46.239775" lon="6.071147">
        <ele>420.3</ele>
        <time>2026-09-24T06:23:29Z</time>
      </trkpt>
      <trkpt lat="46.239718" lon="6.071074">
        <ele>420.2</ele>
        <time>2026-09-24T06:23:30Z</time>
      </trkpt>
      <trkpt lat="46.239673" lon="6.071017">
        <ele>420.2</ele>
        <time>2026-09-24T06:23:31Z</time>
      </trkpt>
      <trkpt lat="46.239644" lon="6.07096">
        <ele>420.2</ele>
        <time>2026-09-24T06:23:32Z</time>
      </trkpt>
      <trkpt lat="46.239629" lon="6.070898">
        <ele>420.2</ele>
        <time>2026-09-24T06:23:33Z</time>
      </trkpt>
      <trkpt lat="46.239643" lon="6.070823">
        <ele>420.3</ele>
        <time>2026-09-24T06:23:34Z</time>
      </trkpt>
      <trkpt lat="46.239692" lon="6.070759">
        <ele>420.3</ele>
        <time>2026-09-24T06:23:35Z</time>
      </trkpt>
      <trkpt lat="46.239751" lon="6.070713">
        <ele>420.4</ele>
        <time>2026-09-24T06:23:36Z</time>
      </trkpt>
      <trkpt lat="46.239807" lon="6.070665">
        <ele>420.5</ele>
        <time>2026-09-24T06:23:37Z</time>
      </trkpt>
      <trkpt lat="46.239855" lon="6.07061">
        <ele>420.6</ele>
        <time>2026-09-24T06:23:38Z</time>
      </trkpt>
      <trkpt lat="46.2399" lon="6.070539">
        <ele>420.7</ele>
        <time>2026-09-24T06:23:39Z</time>
      </trkpt>
      <trkpt lat="46.239944" lon="6.070468">
        <ele>420.7</ele>
        <time>2026-09-24T06:23:40Z</time>
      </trkpt>
      <trkpt lat="46.239992" lon="6.070402">
        <ele>420.8</ele>
        <time>2026-09-24T06:23:41Z</time>
      </trkpt>
      <trkpt lat="46.240037" lon="6.070335">
        <ele>420.9</ele>
        <time>2026-09-24T06:23:42Z</time>
      </trkpt>
      <trkpt lat="46.240079" lon="6.070269">
        <ele>421.0</ele>
        <time>2026-09-24T06:23:43Z</time>
      </trkpt>
      <trkpt lat="46.240123" lon="6.070203">
        <ele>421.0</ele>
        <time>2026-09-24T06:23:44Z</time>
      </trkpt>
      <trkpt lat="46.240167" lon="6.07014">
        <ele>421.1</ele>
        <time>2026-09-24T06:23:45Z</time>
      </trkpt>
      <trkpt lat="46.240207" lon="6.070078">
        <ele>421.1</ele>
        <time>2026-09-24T06:23:46Z</time>
      </trkpt>
      <trkpt lat="46.240241" lon="6.070008">
        <ele>421.2</ele>
        <time>2026-09-24T06:23:47Z</time>
      </trkpt>
      <trkpt lat="46.240256" lon="6.069922">
        <ele>421.2</ele>
        <time>2026-09-24T06:23:48Z</time>
      </trkpt>
      <trkpt lat="46.240246" lon="6.069829">
        <ele>421.1</ele>
        <time>2026-09-24T06:23:49Z</time>
      </trkpt>
      <trkpt lat="46.240209" lon="6.069746">
        <ele>421.1</ele>
        <time>2026-09-24T06:23:50Z</time>
      </trkpt>
      <trkpt lat="46.240159" lon="6.069686">
        <ele>421.0</ele>
        <time>2026-09-24T06:23:51Z</time>
      </trkpt>
      <trkpt lat="46.240104" lon="6.06963">
        <ele>420.9</ele>
        <time>2026-09-24T06:23:52Z</time>
      </trkpt>
      <trkpt lat="46.240052" lon="6.069576">
        <ele>420.9</ele>
        <time>2026-09-24T06:23:53Z</time>
      </trkpt>
      <trkpt lat="46.240001" lon="6.069516">
        <ele>420.8</ele>
        <time>2026-09-24T06:23:54Z</time>
      </trkpt>
      <trkpt lat="46.23995" lon="6.069454">
        <ele>420.7</ele>
        <time>2026-09-24T06:23:55Z</time>
      </trkpt>
      <trkpt lat="46.239896" lon="6.069389">
        <ele>420.7</ele>
        <time>2026-09-24T06:23:56Z</time>
      </trkpt>
      <trkpt lat="46.239844" lon="6.069329">
        <ele>420.6</ele>
        <time>2026-09-24T06:23:57Z</time>
      </trkpt>
      <trkpt lat="46.239791" lon="6.069264">
        <ele>420.5</ele>
        <time>2026-09-24T06:23:58Z</time>
      </trkpt>
      <trkpt lat="46.239736" lon="6.069201">
        <ele>420.5</ele>
        <time>2026-09-24T06:23:59Z</time>
      </trkpt>
      <trkpt lat="46.239682" lon="6.069136">
        <ele>420.4</ele>
        <time>2026-09-24T06:24:00Z</time>
      </trkpt>
      <trkpt lat="46.239628" lon="6.06907">
        <ele>420.3</ele>
        <time>2026-09-24T06:24:01Z</time>
      </trkpt>
      <trkpt lat="46.239573" lon="6.069008">
        <ele>420.3</ele>
        <time>2026-09-24T06:24:02Z</time>
      </trkpt>
      <trkpt lat="46.239516" lon="6.068945">
        <ele>420.2</ele>
        <time>2026-09-24T06:24:03Z</time>
      </trkpt>
      <trkpt lat="46.239456" lon="6.068882">
        <ele>420.2</ele>
        <time>2026-09-24T06:24:04Z</time>
      </trkpt>
      <trkpt lat="46.239399" lon="6.06882">
        <ele>420.1</ele>
        <time>2026-09-24T06:24:05Z</time>
      </trkpt>
      <trkpt lat="46.23934" lon="6.068762">
        <ele>420.1</ele>
        <time>2026-09-24T06:24:06Z</time>
      </trkpt>
      <trkpt lat="46.239275" lon="6.068715">
        <ele>420.1</ele>
        <time>2026-09-24T06:24:07Z</time>
      </trkpt>
      <trkpt lat="46.23921" lon="6.068672">
        <ele>420.1</ele>
        <time>2026-09-24T06:24:08Z</time>
      </trkpt>
      <trkpt lat="46.239145" lon="6.068628">
        <ele>420.1</ele>
        <time>2026-09-24T06:24:09Z</time>
      </trkpt>
      <trkpt lat="46.239088" lon="6.068567">
        <ele>420.1</ele>
        <time>2026-09-24T06:24:10Z</time>
      </trkpt>
      <trkpt lat="46.239045" lon="6.068477">
        <ele>420.1</ele>
        <time>2026-09-24T06:24:11Z</time>
      </trkpt>
      <trkpt lat="46.239009" lon="6.068388">
        <ele>420.2</ele>
        <time>2026-09-24T06:24:12Z</time>
      </trkpt>
      <trkpt lat="46.238962" lon="6.068316">
        <ele>420.2</ele>
        <time>2026-09-24T06:24:13Z</time>
      </trkpt>
      <trkpt lat="46.238903" lon="6.06827">
        <ele>420.2</ele>
        <time>2026-09-24T06:24:14Z</time>
      </trkpt>
      <trkpt lat="46.238841" lon="6.068231">
        <ele>420.3</ele>
        <time>2026-09-24T06:24:15Z</time>
      </trkpt>
      <trkpt lat="46.238783" lon="6.06819">
        <ele>420.4</ele>
        <time>2026-09-24T06:24:16Z</time>
      </trkpt>
      <trkpt lat="46.238726" lon="6.068148">
        <ele>420.4</ele>
        <time>2026-09-24T06:24:17Z</time>
      </trkpt>
      <trkpt lat="46.23867" lon="6.068107">
        <ele>420.5</ele>
        <time>2026-09-24T06:24:18Z</time>
      </trkpt>
      <trkpt lat="46.238614" lon="6.068058">
        <ele>420.5</ele>
        <time>2026-09-24T06:24:19Z</time>
      </trkpt>
      <trkpt lat="46.238565" lon="6.068">
        <ele>420.5</ele>
        <time>2026-09-24T06:24:20Z</time>
      </trkpt>
      <trkpt lat="46.238512" lon="6.067946">
        <ele>420.4</ele>
        <time>2026-09-24T06:24:21Z</time>
      </trkpt>
      <trkpt lat="46.238457" lon="6.067897">
        <ele>420.4</ele>
        <time>2026-09-24T06:24:22Z</time>
      </trkpt>
      <trkpt lat="46.2384" lon="6.067848">
        <ele>420.4</ele>
        <time>2026-09-24T06:24:23Z</time>
      </trkpt>
      <trkpt lat="46.238341" lon="6.067804">
        <ele>420.3</ele>
        <time>2026-09-24T06:24:24Z</time>
      </trkpt>
      <trkpt lat="46.238282" lon="6.067755">
        <ele>420.3</ele>
        <time>2026-09-24T06:24:25Z</time>
      </trkpt>
      <trkpt lat="46.238224" lon="6.067702">
        <ele>420.2</ele>
        <time>2026-09-24T06:24:26Z</time>
      </trkpt>
      <trkpt lat="46.238165" lon="6.067651">
        <ele>420.2</ele>
        <time>2026-09-24T06:24:27Z</time>
      </trkpt>
      <trkpt lat="46.238104" lon="6.067605">
        <ele>420.1</ele>
        <time>2026-09-24T06:24:28Z</time>
      </trkpt>
      <trkpt lat="46.238044" lon="6.067558">
        <ele>420.0</ele>
        <time>2026-09-24T06:24:29Z</time>
      </trkpt>
      <trkpt lat="46.237985" lon="6.067507">
        <ele>420.0</ele>
        <time>2026-09-24T06:24:30Z</time>
      </trkpt>
      <trkpt lat="46.237925" lon="6.067455">
        <ele>419.9</ele>
        <time>2026-09-24T06:24:31Z</time>
      </trkpt>
      <trkpt lat="46.237868" lon="6.067398">
        <ele>419.9</ele>
        <time>2026-09-24T06:24:32Z</time>
      </trkpt>
      <trkpt lat="46.237808" lon="6.067346">
        <ele>419.8</ele>
        <time>2026-09-24T06:24:33Z</time>
      </trkpt>
      <trkpt lat="46.237744" lon="6.067301">
        <ele>419.8</ele>
        <time>2026-09-24T06:24:34Z</time>
      </trkpt>
      <trkpt lat="46.237681" lon="6.067251">
        <ele>419.8</ele>
        <time>2026-09-24T06:24:35Z</time>
      </trkpt>
      <trkpt lat="46.23762" lon="6.067201">
        <ele>419.7</ele>
        <time>2026-09-24T06:24:36Z</time>
      </trkpt>
      <trkpt lat="46.237558" lon="6.067154">
        <ele>419.7</ele>
        <time>2026-09-24T06:24:37Z</time>
      </trkpt>
      <trkpt lat="46.237497" lon="6.067106">
        <ele>419.7</ele>
        <time>2026-09-24T06:24:38Z</time>
      </trkpt>
      <trkpt lat="46.237435" lon="6.067058">
        <ele>419.7</ele>
        <time>2026-09-24T06:24:39Z</time>
      </trkpt>
      <trkpt lat="46.237369" lon="6.067013">
        <ele>419.7</ele>
        <time>2026-09-24T06:24:40Z</time>
      </trkpt>
      <trkpt lat="46.237306" lon="6.066966">
        <ele>419.7</ele>
        <time>2026-09-24T06:24:41Z</time>
      </trkpt>
      <trkpt lat="46.237243" lon="6.066921">
        <ele>419.8</ele>
        <time>2026-09-24T06:24:42Z</time>
      </trkpt>
      <trkpt lat="46.23718" lon="6.066875">
        <ele>419.8</ele>
        <time>2026-09-24T06:24:43Z</time>
      </trkpt>
      <trkpt lat="46.237118" lon="6.066829">
        <ele>419.8</ele>
        <time>2026-09-24T06:24:44Z</time>
      </trkpt>
      <trkpt lat="46.237055" lon="6.066787">
        <ele>419.8</ele>
        <time>2026-09-24T06:24:45Z</time>
      </trkpt>
      <trkpt lat="46.236993" lon="6.066747">
        <ele>419.8</ele>
        <time>2026-09-24T06:24:46Z</time>
      </trkpt>
      <trkpt lat="46.236932" lon="6.066699">
        <ele>419.8</ele>
        <time>2026-09-24T06:24:47Z</time>
      </trkpt>
      <trkpt lat="46.236867" lon="6.06666">
        <ele>419.9</ele>
        <time>2026-09-24T06:24:48Z</time>
      </trkpt>
      <trkpt lat="46.236805" lon="6.06662">
        <ele>419.9</ele>
        <time>2026-09-24T06:24:49Z</time>
      </trkpt>
      <trkpt lat="46.236744" lon="6.066576">
        <ele>420.0</ele>
        <time>2026-09-24T06:24:50Z</time>
      </trkpt>
      <trkpt lat="46.236683" lon="6.066534">
        <ele>420.0</ele>
        <time>2026-09-24T06:24:51Z</time>
      </trkpt>
      <trkpt lat="46.236622" lon="6.066495">
        <ele>420.1</ele>
        <time>2026-09-24T06:24:52Z</time>
      </trkpt>
      <trkpt lat="46.236562" lon="6.066449">
        <ele>420.1</ele>
        <time>2026-09-24T06:24:53Z</time>
      </trkpt>
      <trkpt lat="46.236502" lon="6.066402">
        <ele>420.2</ele>
        <time>2026-09-24T06:24:54Z</time>
      </trkpt>
      <trkpt lat="46.236441" lon="6.066354">
        <ele>420.3</ele>
        <time>2026-09-24T06:24:55Z</time>
      </trkpt>
      <trkpt lat="46.236387" lon="6.066309">
        <ele>420.3</ele>
        <time>2026-09-24T06:24:56Z</time>
      </trkpt>
      <trkpt lat="46.236332" lon="6.066247">
        <ele>420.4</ele>
        <time>2026-09-24T06:24:57Z</time>
      </trkpt>
      <trkpt lat="46.236289" lon="6.066177">
        <ele>420.5</ele>
        <time>2026-09-24T06:24:58Z</time>
      </trkpt>
      <trkpt lat="46.236246" lon="6.066106">
        <ele>420.6</ele>
        <time>2026-09-24T06:24:59Z</time>
      </trkpt>
      <trkpt lat="46.236204" lon="6.066045">
        <ele>420.8</ele>
        <time>2026-09-24T06:25:00Z</time>
      </trkpt>
      <trkpt lat="46.236159" lon="6.065985">
        <ele>420.9</ele>
        <time>2026-09-24T06:25:01Z</time>
      </trkpt>
      <trkpt lat="46.236115" lon="6.065925">
        <ele>421.1</ele>
        <time>2026-09-24T06:25:02Z</time>
      </trkpt>
      <trkpt lat="46.236071" lon="6.065864">
        <ele>421.3</ele>
        <time>2026-09-24T06:25:03Z</time>
      </trkpt>
      <trkpt lat="46.236034" lon="6.065806">
        <ele>421.5</ele>
        <time>2026-09-24T06:25:04Z</time>
      </trkpt>
      <trkpt lat="46.235995" lon="6.065753">
        <ele>421.7</ele>
        <time>2026-09-24T06:25:05Z</time>
      </trkpt>
      <trkpt lat="46.235958" lon="6.0657">
        <ele>421.9</ele>
        <time>2026-09-24T06:25:06Z</time>
      </trkpt>
      <trkpt lat="46.235921" lon="6.06565">
        <ele>422.0</ele>
        <time>2026-09-24T06:25:07Z</time>
      </trkpt>
      <trkpt lat="46.235885" lon="6.065601">
        <ele>422.2</ele>
        <time>2026-09-24T06:25:08Z</time>
      </trkpt>
      <trkpt lat="46.235851" lon="6.065549">
        <ele>422.4</ele>
        <time>2026-09-24T06:25:09Z</time>
      </trkpt>
      <trkpt lat="46.235818" lon="6.0655">
        <ele>422.6</ele>
        <time>2026-09-24T06:25:10Z</time>
      </trkpt>
      <trkpt lat="46.235783" lon="6.065455">
        <ele>422.7</ele>
        <time>2026-09-24T06:25:11Z</time>
      </trkpt>
      <trkpt lat="46.23575" lon="6.065409">
        <ele>422.9</ele>
        <time>2026-09-24T06:25:12Z</time>
      </trkpt>
      <trkpt lat="46.235719" lon="6.065367">
        <ele>423.1</ele>
        <time>2026-09-24T06:25:13Z</time>
      </trkpt>
      <trkpt lat="46.235686" lon="6.065321">
        <ele>423.3</ele>
        <time>2026-09-24T06:25:14Z</time>
      </trkpt>
      <trkpt lat="46.235655" lon="6.065278">
        <ele>423.5</ele>
        <time>2026-09-24T06:25:15Z</time>
      </trkpt>
      <trkpt lat="46.235624" lon="6.065232">
        <ele>423.7</ele>
        <time>2026-09-24T06:25:16Z</time>
      </trkpt>
      <trkpt lat="46.235593" lon="6.065187">
        <ele>423.9</ele>
        <time>2026-09-24T06:25:17Z</time>
      </trkpt>
      <trkpt lat="46.235563" lon="6.065144">
        <ele>424.1</ele>
        <time>2026-09-24T06:25:18Z</time>
      </trkpt>
      <trkpt lat="46.235532" lon="6.065104">
        <ele>424.3</ele>
        <time>2026-09-24T06:25:19Z</time>
      </trkpt>
      <trkpt lat="46.235501" lon="6.065062">
        <ele>424.4</ele>
        <time>2026-09-24T06:25:20Z</time>
      </trkpt>
      <trkpt lat="46.23547" lon="6.06502">
        <ele>424.6</ele>
        <time>2026-09-24T06:25:21Z</time>
      </trkpt>
      <trkpt lat="46.235438" lon="6.064977">
        <ele>424.8</ele>
        <time>2026-09-24T06:25:22Z</time>
      </trkpt>
      <trkpt lat="46.235408" lon="6.064934">
        <ele>424.9</ele>
        <time>2026-09-24T06:25:23Z</time>
      </trkpt>
      <trkpt lat="46.235378" lon="6.064889">
        <ele>425.0</ele>
        <time>2026-09-24T06:25:24Z</time>
      </trkpt>
      <trkpt lat="46.235347" lon="6.064848">
        <ele>425.1</ele>
        <time>2026-09-24T06:25:25Z</time>
      </trkpt>
      <trkpt lat="46.235317" lon="6.064798">
        <ele>425.2</ele>
        <time>2026-09-24T06:25:26Z</time>
      </trkpt>
      <trkpt lat="46.235286" lon="6.064751">
        <ele>425.3</ele>
        <time>2026-09-24T06:25:27Z</time>
      </trkpt>
      <trkpt lat="46.235254" lon="6.064714">
        <ele>425.3</ele>
        <time>2026-09-24T06:25:28Z</time>
      </trkpt>
      <trkpt lat="46.235218" lon="6.064678">
        <ele>425.4</ele>
        <time>2026-09-24T06:25:29Z</time>
      </trkpt>
      <trkpt lat="46.235174" lon="6.06464">
        <ele>425.4</ele>
        <time>2026-09-24T06:25:30Z</time>
      </trkpt>
      <trkpt lat="46.235128" lon="6.064598">
        <ele>425.5</ele>
        <time>2026-09-24T06:25:31Z</time>
      </trkpt>
      <trkpt lat="46.235083" lon="6.064553">
        <ele>425.6</ele>
        <time>2026-09-24T06:25:32Z</time>
      </trkpt>
      <trkpt lat="46.235036" lon="6.064513">
        <ele>425.6</ele>
        <time>2026-09-24T06:25:33Z</time>
      </trkpt>
      <trkpt lat="46.234991" lon="6.064474">
        <ele>425.7</ele>
        <time>2026-09-24T06:25:34Z</time>
      </trkpt>
      <trkpt lat="46.234944" lon="6.064435">
        <ele>425.8</ele>
        <time>2026-09-24T06:25:35Z</time>
      </trkpt>
      <trkpt lat="46.234896" lon="6.064396">
        <ele>425.9</ele>
        <time>2026-09-24T06:25:36Z</time>
      </trkpt>
      <trkpt lat="46.23485" lon="6.064355">
        <ele>426.0</ele>
        <time>2026-09-24T06:25:37Z</time>
      </trkpt>
      <trkpt lat="46.234819" lon="6.064301">
        <ele>426.1</ele>
        <time>2026-09-24T06:25:38Z</time>
      </trkpt>
      <trkpt lat="46.234773" lon="6.064241">
        <ele>426.2</ele>
        <time>2026-09-24T06:25:39Z</time>
      </trkpt>
      <trkpt lat="46.234728" lon="6.064184">
        <ele>426.4</ele>
        <time>2026-09-24T06:25:40Z</time>
      </trkpt>
      <trkpt lat="46.234693" lon="6.064134">
        <ele>426.6</ele>
        <time>2026-09-24T06:25:41Z</time>
      </trkpt>
      <trkpt lat="46.234649" lon="6.064074">
        <ele>426.8</ele>
        <time>2026-09-24T06:25:42Z</time>
      </trkpt>
      <trkpt lat="46.23461" lon="6.064022">
        <ele>427.0</ele>
        <time>2026-09-24T06:25:43Z</time>
      </trkpt>
      <trkpt lat="46.234576" lon="6.063957">
        <ele>427.2</ele>
        <time>2026-09-24T06:25:44Z</time>
      </trkpt>
      <trkpt lat="46.234546" lon="6.063893">
        <ele>427.3</ele>
        <time>2026-09-24T06:25:45Z</time>
      </trkpt>
      <trkpt lat="46.23451" lon="6.063829">
        <ele>427.5</ele>
        <time>2026-09-24T06:25:46Z</time>
      </trkpt>
      <trkpt lat="46.234467" lon="6.063778">
        <ele>427.6</ele>
        <time>2026-09-24T06:25:47Z</time>
      </trkpt>
      <trkpt lat="46.234422" lon="6.063727">
        <ele>427.7</ele>
        <time>2026-09-24T06:25:48Z</time>
      </trkpt>
      <trkpt lat="46.234379" lon="6.063664">
        <ele>427.8</ele>
        <time>2026-09-24T06:25:49Z</time>
      </trkpt>
      <trkpt lat="46.234337" lon="6.063602">
        <ele>427.9</ele>
        <time>2026-09-24T06:25:50Z</time>
      </trkpt>
      <trkpt lat="46.234295" lon="6.063542">
        <ele>427.9</ele>
        <time>2026-09-24T06:25:51Z</time>
      </trkpt>
      <trkpt lat="46.23425" lon="6.063481">
        <ele>427.9</ele>
        <time>2026-09-24T06:25:52Z</time>
      </trkpt>
      <trkpt lat="46.234203" lon="6.063418">
        <ele>428.0</ele>
        <time>2026-09-24T06:25:53Z</time>
      </trkpt>
      <trkpt lat="46.234162" lon="6.063359">
        <ele>428.0</ele>
        <time>2026-09-24T06:25:54Z</time>
      </trkpt>
      <trkpt lat="46.234116" lon="6.063301">
        <ele>428.0</ele>
        <time>2026-09-24T06:25:55Z</time>
      </trkpt>
      <trkpt lat="46.234072" lon="6.063241">
        <ele>428.0</ele>
        <time>2026-09-24T06:25:56Z</time>
      </trkpt>
      <trkpt lat="46.234029" lon="6.063184">
        <ele>428.0</ele>
        <time>2026-09-24T06:25:57Z</time>
      </trkpt>
      <trkpt lat="46.233982" lon="6.063125">
        <ele>428.1</ele>
        <time>2026-09-24T06:25:58Z</time>
      </trkpt>
      <trkpt lat="46.233935" lon="6.06307">
        <ele>428.1</ele>
        <time>2026-09-24T06:25:59Z</time>
      </trkpt>
      <trkpt lat="46.233882" lon="6.063024">
        <ele>428.2</ele>
        <time>2026-09-24T06:26:00Z</time>
      </trkpt>
      <trkpt lat="46.233842" lon="6.062957">
        <ele>428.4</ele>
        <time>2026-09-24T06:26:01Z</time>
      </trkpt>
      <trkpt lat="46.233832" lon="6.062866">
        <ele>428.5</ele>
        <time>2026-09-24T06:26:02Z</time>
      </trkpt>
      <trkpt lat="46.233856" lon="6.06277">
        <ele>428.7</ele>
        <time>2026-09-24T06:26:03Z</time>
      </trkpt>
      <trkpt lat="46.233899" lon="6.062702">
        <ele>428.7</ele>
        <time>2026-09-24T06:26:04Z</time>
      </trkpt>
      <trkpt lat="46.233943" lon="6.062644">
        <ele>428.8</ele>
        <time>2026-09-24T06:26:05Z</time>
      </trkpt>
      <trkpt lat="46.233983" lon="6.062582">
        <ele>428.9</ele>
        <time>2026-09-24T06:26:06Z</time>
      </trkpt>
      <trkpt lat="46.234021" lon="6.062517">
        <ele>429.0</ele>
        <time>2026-09-24T06:26:07Z</time>
      </trkpt>
      <trkpt lat="46.234051" lon="6.06245">
        <ele>429.0</ele>
        <time>2026-09-24T06:26:08Z</time>
      </trkpt>
      <trkpt lat="46.234083" lon="6.06238">
        <ele>429.1</ele>
        <time>2026-09-24T06:26:09Z</time>
      </trkpt>
      <trkpt lat="46.234115" lon="6.062311">
        <ele>429.2</ele>
        <time>2026-09-24T06:26:10Z</time>
      </trkpt>
      <trkpt lat="46.234147" lon="6.062245">
        <ele>429.3</ele>
        <time>2026-09-24T06:26:11Z</time>
      </trkpt>
      <trkpt lat="46.234181" lon="6.062176">
        <ele>429.4</ele>
        <time>2026-09-24T06:26:12Z</time>
      </trkpt>
      <trkpt lat="46.234214" lon="6.062103">
        <ele>429.5</ele>
        <time>2026-09-24T06:26:13Z</time>
      </trkpt>
      <trkpt lat="46.234245" lon="6.06203">
        <ele>429.5</ele>
        <time>2026-09-24T06:26:14Z</time>
      </trkpt>
      <trkpt lat="46.234271" lon="6.061955">
        <ele>429.6</ele>
        <time>2026-09-24T06:26:15Z</time>
      </trkpt>
      <trkpt lat="46.234294" lon="6.061877">
        <ele>429.6</ele>
        <time>2026-09-24T06:26:16Z</time>
      </trkpt>
      <trkpt lat="46.234314" lon="6.061796">
        <ele>429.7</ele>
        <time>2026-09-24T06:26:17Z</time>
      </trkpt>
      <trkpt lat="46.234335" lon="6.061715">
        <ele>429.7</ele>
        <time>2026-09-24T06:26:18Z</time>
      </trkpt>
      <trkpt lat="46.234356" lon="6.061639">
        <ele>429.8</ele>
        <time>2026-09-24T06:26:19Z</time>
      </trkpt>
      <trkpt lat="46.234378" lon="6.06156">
        <ele>429.8</ele>
        <time>2026-09-24T06:26:20Z</time>
      </trkpt>
      <trkpt lat="46.234402" lon="6.061481">
        <ele>429.9</ele>
        <time>2026-09-24T06:26:21Z</time>
      </trkpt>
      <trkpt lat="46.234425" lon="6.061402">
        <ele>430.0</ele>
        <time>2026-09-24T06:26:22Z</time>
      </trkpt>
      <trkpt lat="46.234448" lon="6.061322">
        <ele>430.0</ele>
        <time>2026-09-24T06:26:23Z</time>
      </trkpt>
      <trkpt lat="46.234468" lon="6.061242">
        <ele>430.1</ele>
        <time>2026-09-24T06:26:24Z</time>
      </trkpt>
      <trkpt lat="46.23449" lon="6.061162">
        <ele>430.2</ele>
        <time>2026-09-24T06:26:25Z</time>
      </trkpt>
      <trkpt lat="46.234513" lon="6.061081">
        <ele>430.3</ele>
        <time>2026-09-24T06:26:26Z</time>
      </trkpt>
      <trkpt lat="46.234536" lon="6.061001">
        <ele>430.3</ele>
        <time>2026-09-24T06:26:27Z</time>
      </trkpt>
      <trkpt lat="46.234559" lon="6.060921">
        <ele>430.4</ele>
        <time>2026-09-24T06:26:28Z</time>
      </trkpt>
      <trkpt lat="46.234582" lon="6.060839">
        <ele>430.5</ele>
        <time>2026-09-24T06:26:29Z</time>
      </trkpt>
      <trkpt lat="46.234605" lon="6.060759">
        <ele>430.5</ele>
        <time>2026-09-24T06:26:30Z</time>
      </trkpt>
      <trkpt lat="46.234628" lon="6.060677">
        <ele>430.6</ele>
        <time>2026-09-24T06:26:31Z</time>
      </trkpt>
      <trkpt lat="46.23465" lon="6.060601">
        <ele>430.7</ele>
        <time>2026-09-24T06:26:32Z</time>
      </trkpt>
      <trkpt lat="46.234673" lon="6.060523">
        <ele>430.8</ele>
        <time>2026-09-24T06:26:33Z</time>
      </trkpt>
      <trkpt lat="46.234686" lon="6.06044">
        <ele>430.8</ele>
        <time>2026-09-24T06:26:34Z</time>
      </trkpt>
      <trkpt lat="46.234678" lon="6.060359">
        <ele>430.9</ele>
        <time>2026-09-24T06:26:35Z</time>
      </trkpt>
      <trkpt lat="46.234636" lon="6.060296">
        <ele>430.9</ele>
        <time>2026-09-24T06:26:36Z</time>
      </trkpt>
      <trkpt lat="46.234577" lon="6.060258">
        <ele>430.9</ele>
        <time>2026-09-24T06:26:37Z</time>
      </trkpt>
      <trkpt lat="46.234514" lon="6.060238">
        <ele>430.9</ele>
        <time>2026-09-24T06:26:38Z</time>
      </trkpt>
      <trkpt lat="46.234451" lon="6.060212">
        <ele>430.9</ele>
        <time>2026-09-24T06:26:39Z</time>
      </trkpt>
      <trkpt lat="46.234395" lon="6.060176">
        <ele>430.9</ele>
        <time>2026-09-24T06:26:40Z</time>
      </trkpt>
      <trkpt lat="46.234338" lon="6.06014">
        <ele>431.0</ele>
        <time>2026-09-24T06:26:41Z</time>
      </trkpt>
      <trkpt lat="46.234278" lon="6.060107">
        <ele>431.0</ele>
        <time>2026-09-24T06:26:42Z</time>
      </trkpt>
      <trkpt lat="46.234218" lon="6.060071">
        <ele>431.1</ele>
        <time>2026-09-24T06:26:43Z</time>
      </trkpt>
      <trkpt lat="46.234157" lon="6.060032">
        <ele>431.1</ele>
        <time>2026-09-24T06:26:44Z</time>
      </trkpt>
      <trkpt lat="46.234096" lon="6.060001">
        <ele>431.2</ele>
        <time>2026-09-24T06:26:45Z</time>
      </trkpt>
      <trkpt lat="46.234034" lon="6.059964">
        <ele>431.2</ele>
        <time>2026-09-24T06:26:46Z</time>
      </trkpt>
      <trkpt lat="46.233974" lon="6.059928">
        <ele>431.2</ele>
        <time>2026-09-24T06:26:47Z</time>
      </trkpt>
      <trkpt lat="46.233914" lon="6.059893">
        <ele>431.2</ele>
        <time>2026-09-24T06:26:48Z</time>
      </trkpt>
      <trkpt lat="46.233856" lon="6.059858">
        <ele>431.2</ele>
        <time>2026-09-24T06:26:49Z</time>
      </trkpt>
      <trkpt lat="46.233795" lon="6.059825">
        <ele>431.1</ele>
        <time>2026-09-24T06:26:50Z</time>
      </trkpt>
      <trkpt lat="46.233733" lon="6.059789">
        <ele>431.1</ele>
        <time>2026-09-24T06:26:51Z</time>
      </trkpt>
      <trkpt lat="46.233673" lon="6.059754">
        <ele>431.0</ele>
        <time>2026-09-24T06:26:52Z</time>
      </trkpt>
      <trkpt lat="46.233612" lon="6.05972">
        <ele>431.0</ele>
        <time>2026-09-24T06:26:53Z</time>
      </trkpt>
      <trkpt lat="46.233549" lon="6.059687">
        <ele>430.9</ele>
        <time>2026-09-24T06:26:54Z</time>
      </trkpt>
      <trkpt lat="46.233488" lon="6.059649">
        <ele>430.9</ele>
        <time>2026-09-24T06:26:55Z</time>
      </trkpt>
      <trkpt lat="46.233426" lon="6.059613">
        <ele>430.8</ele>
        <time>2026-09-24T06:26:56Z</time>
      </trkpt>
      <trkpt lat="46.233366" lon="6.059576">
        <ele>430.7</ele>
        <time>2026-09-24T06:26:57Z</time>
      </trkpt>
      <trkpt lat="46.233305" lon="6.059537">
        <ele>430.7</ele>
        <time>2026-09-24T06:26:58Z</time>
      </trkpt>
      <trkpt lat="46.233244" lon="6.059502">
        <ele>430.6</ele>
        <time>2026-09-24T06:26:59Z</time>
      </trkpt>
      <trkpt lat="46.233184" lon="6.059468">
        <ele>430.5</ele>
        <time>2026-09-24T06:27:00Z</time>
      </trkpt>
      <trkpt lat="46.233122" lon="6.059442">
        <ele>430.5</ele>
        <time>2026-09-24T06:27:01Z</time>
      </trkpt>
      <trkpt lat="46.233059" lon="6.059408">
        <ele>430.5</ele>
        <time>2026-09-24T06:27:02Z</time>
      </trkpt>
      <trkpt lat="46.233015" lon="6.059332">
        <ele>430.4</ele>
        <time>2026-09-24T06:27:03Z</time>
      </trkpt>
      <trkpt lat="46.232997" lon="6.05923">
        <ele>430.6</ele>
        <time>2026-09-24T06:27:04Z</time>
      </trkpt>
      <trkpt lat="46.233012" lon="6.059126">
        <ele>430.7</ele>
        <time>2026-09-24T06:27:05Z</time>
      </trkpt>
      <trkpt lat="46.233045" lon="6.059038">
        <ele>430.9</ele>
        <time>2026-09-24T06:27:06Z</time>
      </trkpt>
      <trkpt lat="46.233085" lon="6.05897">
        <ele>431.1</ele>
        <time>2026-09-24T06:27:07Z</time>
      </trkpt>
      <trkpt lat="46.233123" lon="6.058903">
        <ele>431.3</ele>
        <time>2026-09-24T06:27:08Z</time>
      </trkpt>
      <trkpt lat="46.23315" lon="6.058832">
        <ele>431.5</ele>
        <time>2026-09-24T06:27:09Z</time>
      </trkpt>
      <trkpt lat="46.233169" lon="6.058755">
        <ele>431.7</ele>
        <time>2026-09-24T06:27:10Z</time>
      </trkpt>
      <trkpt lat="46.233182" lon="6.058681">
        <ele>431.8</ele>
        <time>2026-09-24T06:27:11Z</time>
      </trkpt>
      <trkpt lat="46.2332" lon="6.058609">
        <ele>431.9</ele>
        <time>2026-09-24T06:27:12Z</time>
      </trkpt>
      <trkpt lat="46.23322" lon="6.058542">
        <ele>432.0</ele>
        <time>2026-09-24T06:27:13Z</time>
      </trkpt>
      <trkpt lat="46.233241" lon="6.058475">
        <ele>432.1</ele>
        <time>2026-09-24T06:27:14Z</time>
      </trkpt>
      <trkpt lat="46.233261" lon="6.058405">
        <ele>432.2</ele>
        <time>2026-09-24T06:27:15Z</time>
      </trkpt>
      <trkpt lat="46.233281" lon="6.058339">
        <ele>432.2</ele>
        <time>2026-09-24T06:27:16Z</time>
      </trkpt>
      <trkpt lat="46.233296" lon="6.058267">
        <ele>432.3</ele>
        <time>2026-09-24T06:27:17Z</time>
      </trkpt>
      <trkpt lat="46.233302" lon="6.058194">
        <ele>432.4</ele>
        <time>2026-09-24T06:27:18Z</time>
      </trkpt>
      <trkpt lat="46.233296" lon="6.058121">
        <ele>432.4</ele>
        <time>2026-09-24T06:27:19Z</time>
      </trkpt>
      <trkpt lat="46.233281" lon="6.058052">
        <ele>432.4</ele>
        <time>2026-09-24T06:27:20Z</time>
      </trkpt>
      <trkpt lat="46.233256" lon="6.057992">
        <ele>432.5</ele>
        <time>2026-09-24T06:27:21Z</time>
      </trkpt>
      <trkpt lat="46.233228" lon="6.057939">
        <ele>432.5</ele>
        <time>2026-09-24T06:27:22Z</time>
      </trkpt>
      <trkpt lat="46.233205" lon="6.057888">
        <ele>432.6</ele>
        <time>2026-09-24T06:27:23Z</time>
      </trkpt>
      <trkpt lat="46.233192" lon="6.057834">
        <ele>432.6</ele>
        <time>2026-09-24T06:27:24Z</time>
      </trkpt>
      <trkpt lat="46.233178" lon="6.057793">
        <ele>432.6</ele>
        <time>2026-09-24T06:27:25Z</time>
      </trkpt>
      <trkpt lat="46.233154" lon="6.05776">
        <ele>432.7</ele>
        <time>2026-09-24T06:27:26Z</time>
      </trkpt>
      <trkpt lat="46.233128" lon="6.057736">
        <ele>432.7</ele>
        <time>2026-09-24T06:27:27Z</time>
      </trkpt>
      <trkpt lat="46.233098" lon="6.05772">
        <ele>432.7</ele>
        <time>2026-09-24T06:27:28Z</time>
      </trkpt>
      <trkpt lat="46.233072" lon="6.057711">
        <ele>432.7</ele>
        <time>2026-09-24T06:27:29Z</time>
      </trkpt>
      <trkpt lat="46.233059" lon="6.057707">
        <ele>432.8</ele>
        <time>2026-09-24T06:27:30Z</time>
      </trkpt>
      <trkpt lat="46.233056" lon="6.057701">
        <ele>432.8</ele>
        <time>2026-09-24T06:27:31Z</time>
      </trkpt>
      <trkpt lat="46.233048" lon="6.057694">
        <ele>432.8</ele>
        <time>2026-09-24T06:27:32Z</time>
      </trkpt>
      <trkpt lat="46.233034" lon="6.057677">
        <ele>432.8</ele>
        <time>2026-09-24T06:27:33Z</time>
      </trkpt>
      <trkpt lat="46.23302" lon="6.057632">
        <ele>432.9</ele>
        <time>2026-09-24T06:27:34Z</time>
      </trkpt>
      <trkpt lat="46.233008" lon="6.057573">
        <ele>433.0</ele>
        <time>2026-09-24T06:27:35Z</time>
      </trkpt>
      <trkpt lat="46.232993" lon="6.057526">
        <ele>433.0</ele>
        <time>2026-09-24T06:27:36Z</time>
      </trkpt>
      <trkpt lat="46.232981" lon="6.057492">
        <ele>433.0</ele>
        <time>2026-09-24T06:27:37Z</time>
      </trkpt>
      <trkpt lat="46.232973" lon="6.057483">
        <ele>433.0</ele>
        <time>2026-09-24T06:27:38Z</time>
      </trkpt>
      <trkpt lat="46.232978" lon="6.057494">
        <ele>433.0</ele>
        <time>2026-09-24T06:27:39Z</time>
      </trkpt>
      <trkpt lat="46.23298" lon="6.057499">
        <ele>433.0</ele>
        <time>2026-09-24T06:27:40Z</time>
      </trkpt>
      <trkpt lat="46.232979" lon="6.057495">
        <ele>433.0</ele>
        <time>2026-09-24T06:27:41Z</time>
      </trkpt>
      <trkpt lat="46.232978" lon="6.057496">
        <ele>433.0</ele>
        <time>2026-09-24T06:27:42Z</time>
      </trkpt>
      <trkpt lat="46.232968" lon="6.057491">
        <ele>433.0</ele>
        <time>2026-09-24T06:27:43Z</time>
      </trkpt>
      <trkpt lat="46.232942" lon="6.057478">
        <ele>433.1</ele>
        <time>2026-09-24T06:27:44Z</time>
      </trkpt>
      <trkpt lat="46.232909" lon="6.057454">
        <ele>433.1</ele>
        <time>2026-09-24T06:27:45Z</time>
      </trkpt>
      <trkpt lat="46.23287" lon="6.057432">
        <ele>433.1</ele>
        <time>2026-09-24T06:27:46Z</time>
      </trkpt>
      <trkpt lat="46.232822" lon="6.057431">
        <ele>433.1</ele>
        <time>2026-09-24T06:27:47Z</time>
      </trkpt>
      <trkpt lat="46.23277" lon="6.057461">
        <ele>433.1</ele>
        <time>2026-09-24T06:27:48Z</time>
      </trkpt>
      <trkpt lat="46.232722" lon="6.057482">
        <ele>433.1</ele>
        <time>2026-09-24T06:27:49Z</time>
      </trkpt>
      <trkpt lat="46.232676" lon="6.057455">
        <ele>433.1</ele>
        <time>2026-09-24T06:27:50Z</time>
      </trkpt>
      <trkpt lat="46.232647" lon="6.057381">
        <ele>433.0</ele>
        <time>2026-09-24T06:27:51Z</time>
      </trkpt>
      <trkpt lat="46.23262" lon="6.057312">
        <ele>432.8</ele>
        <time>2026-09-24T06:27:52Z</time>
      </trkpt>
      <trkpt lat="46.232593" lon="6.057262">
        <ele>432.7</ele>
        <time>2026-09-24T06:27:53Z</time>
      </trkpt>
      <trkpt lat="46.232565" lon="6.057224">
        <ele>432.7</ele>
        <time>2026-09-24T06:27:54Z</time>
      </trkpt>
      <trkpt lat="46.232541" lon="6.05719">
        <ele>432.6</ele>
        <time>2026-09-24T06:27:55Z</time>
      </trkpt>
      <trkpt lat="46.232525" lon="6.057158">
        <ele>432.5</ele>
        <time>2026-09-24T06:27:56Z</time>
      </trkpt>
      <trkpt lat="46.23251" lon="6.05714">
        <ele>432.5</ele>
        <time>2026-09-24T06:27:57Z</time>
      </trkpt>
      <trkpt lat="46.232495" lon="6.057132">
        <ele>432.5</ele>
        <time>2026-09-24T06:27:58Z</time>
      </trkpt>
      <trkpt lat="46.232483" lon="6.057128">
        <ele>432.4</ele>
        <time>2026-09-24T06:27:59Z</time>
      </trkpt>
      <trkpt lat="46.232476" lon="6.057119">
        <ele>432.4</ele>
        <time>2026-09-24T06:28:00Z</time>
      </trkpt>
      <trkpt lat="46.232476" lon="6.057114">
        <ele>432.4</ele>
        <time>2026-09-24T06:28:01Z</time>
      </trkpt>
      <trkpt lat="46.232476" lon="6.057111">
        <ele>432.4</ele>
        <time>2026-09-24T06:28:02Z</time>
      </trkpt>
      <trkpt lat="46.232475" lon="6.057108">
        <ele>432.4</ele>
        <time>2026-09-24T06:28:03Z</time>
      </trkpt>
      <trkpt lat="46.232474" lon="6.057104">
        <ele>432.4</ele>
        <time>2026-09-24T06:28:04Z</time>
      </trkpt>
      <trkpt lat="46.232473" lon="6.057105">
        <ele>432.4</ele>
        <time>2026-09-24T06:28:05Z</time>
      </trkpt>
      <trkpt lat="46.232469" lon="6.057098">
        <ele>432.4</ele>
        <time>2026-09-24T06:28:06Z</time>
      </trkpt>
      <trkpt lat="46.232467" lon="6.057094">
        <ele>432.4</ele>
        <time>2026-09-24T06:28:07Z</time>
      </trkpt>
      <trkpt lat="46.232466" lon="6.057097">
        <ele>432.4</ele>
        <time>2026-09-24T06:28:08Z</time>
      </trkpt>
      <trkpt lat="46.232467" lon="6.057098">
        <ele>432.4</ele>
        <time>2026-09-24T06:28:09Z</time>
      </trkpt>
      <trkpt lat="46.232466" lon="6.057097">
        <ele>432.4</ele>
        <time>2026-09-24T06:28:10Z</time>
      </trkpt>
      <trkpt lat="46.23246" lon="6.057091">
        <ele>432.4</ele>
        <time>2026-09-24T06:28:11Z</time>
      </trkpt>
      <trkpt lat="46.23246" lon="6.057094">
        <ele>432.4</ele>
        <time>2026-09-24T06:28:12Z</time>
      </trkpt>
      <trkpt lat="46.23246" lon="6.057094">
        <ele>432.4</ele>
        <time>2026-09-24T06:28:13Z</time>
      </trkpt>
      <trkpt lat="46.23246" lon="6.057094">
        <ele>432.4</ele>
        <time>2026-09-24T06:28:14Z</time>
      </trkpt>
      <trkpt lat="46.232462" lon="6.057093">
        <ele>432.4</ele>
        <time>2026-09-24T06:28:15Z</time>
      </trkpt>
      <trkpt lat="46.232462" lon="6.057093">
        <ele>432.4</ele>
        <time>2026-09-24T06:28:16Z</time>
      </trkpt>
      <trkpt lat="46.232462" lon="6.057093">
        <ele>432.4</ele>
        <time>2026-09-24T06:28:17Z</time>
      </trkpt>
      <trkpt lat="46.232464" lon="6.057094">
        <ele>432.4</ele>
        <time>2026-09-24T06:28:18Z</time>
      </trkpt>
      <trkpt lat="46.232464" lon="6.057095">
        <ele>432.4</ele>
        <time>2026-09-24T06:28:19Z</time>
      </trkpt>
      <trkpt lat="46.232462" lon="6.05709">
        <ele>432.4</ele>
        <time>2026-09-24T06:28:20Z</time>
      </trkpt>
      <trkpt lat="46.232456" lon="6.05708">
        <ele>432.3</ele>
        <time>2026-09-24T06:28:21Z</time>
      </trkpt>
      <trkpt lat="46.232454" lon="6.057077">
        <ele>432.3</ele>
        <time>2026-09-24T06:28:22Z</time>
      </trkpt>
      <trkpt lat="46.232452" lon="6.057078">
        <ele>432.3</ele>
        <time>2026-09-24T06:28:23Z</time>
      </trkpt>
      <trkpt lat="46.232447" lon="6.057076">
        <ele>432.3</ele>
        <time>2026-09-24T06:28:24Z</time>
      </trkpt>
      <trkpt lat="46.232449" lon="6.057078">
        <ele>432.3</ele>
        <time>2026-09-24T06:28:25Z</time>
      </trkpt>
      <trkpt lat="46.23244" lon="6.057075">
        <ele>432.3</ele>
        <time>2026-09-24T06:28:26Z</time>
      </trkpt>
      <trkpt lat="46.232436" lon="6.057071">
        <ele>432.3</ele>
        <time>2026-09-24T06:28:27Z</time>
      </trkpt>
      <trkpt lat="46.232419" lon="6.057051">
        <ele>432.3</ele>
        <time>2026-09-24T06:28:28Z</time>
      </trkpt>
      <trkpt lat="46.232407" lon="6.057037">
        <ele>432.2</ele>
        <time>2026-09-24T06:28:29Z</time>
      </trkpt>
      <trkpt lat="46.23239" lon="6.057007">
        <ele>432.2</ele>
        <time>2026-09-24T06:28:30Z</time>
      </trkpt>
      <trkpt lat="46.232362" lon="6.056973">
        <ele>432.1</ele>
        <time>2026-09-24T06:28:31Z</time>
      </trkpt>
      <trkpt lat="46.232343" lon="6.056941">
        <ele>432.0</ele>
        <time>2026-09-24T06:28:32Z</time>
      </trkpt>
      <trkpt lat="46.232315" lon="6.056916">
        <ele>431.9</ele>
        <time>2026-09-24T06:28:33Z</time>
      </trkpt>
      <trkpt lat="46.232281" lon="6.05689">
        <ele>431.8</ele>
        <time>2026-09-24T06:28:34Z</time>
      </trkpt>
      <trkpt lat="46.232246" lon="6.05685">
        <ele>431.7</ele>
        <time>2026-09-24T06:28:35Z</time>
      </trkpt>
      <trkpt lat="46.232204" lon="6.05681">
        <ele>431.6</ele>
        <time>2026-09-24T06:28:36Z</time>
      </trkpt>
      <trkpt lat="46.232161" lon="6.056765">
        <ele>431.5</ele>
        <time>2026-09-24T06:28:37Z</time>
      </trkpt>
      <trkpt lat="46.232124" lon="6.056708">
        <ele>431.4</ele>
        <time>2026-09-24T06:28:38Z</time>
      </trkpt>
      <trkpt lat="46.232083" lon="6.05665">
        <ele>431.4</ele>
        <time>2026-09-24T06:28:39Z</time>
      </trkpt>
      <trkpt lat="46.232039" lon="6.056596">
        <ele>431.3</ele>
        <time>2026-09-24T06:28:40Z</time>
      </trkpt>
      <trkpt lat="46.231991" lon="6.056548">
        <ele>431.2</ele>
        <time>2026-09-24T06:28:41Z</time>
      </trkpt>
      <trkpt lat="46.231941" lon="6.056499">
        <ele>431.1</ele>
        <time>2026-09-24T06:28:42Z</time>
      </trkpt>
      <trkpt lat="46.231888" lon="6.056451">
        <ele>431.1</ele>
        <time>2026-09-24T06:28:43Z</time>
      </trkpt>
      <trkpt lat="46.231824" lon="6.056412">
        <ele>431.0</ele>
        <time>2026-09-24T06:28:44Z</time>
      </trkpt>
      <trkpt lat="46.231761" lon="6.056382">
        <ele>430.9</ele>
        <time>2026-09-24T06:28:45Z</time>
      </trkpt>
      <trkpt lat="46.231699" lon="6.05636">
        <ele>430.7</ele>
        <time>2026-09-24T06:28:46Z</time>
      </trkpt>
      <trkpt lat="46.231641" lon="6.056338">
        <ele>430.6</ele>
        <time>2026-09-24T06:28:47Z</time>
      </trkpt>
      <trkpt lat="46.231577" lon="6.056314">
        <ele>430.5</ele>
        <time>2026-09-24T06:28:48Z</time>
      </trkpt>
      <trkpt lat="46.231513" lon="6.056274">
        <ele>430.4</ele>
        <time>2026-09-24T06:28:49Z</time>
      </trkpt>
      <trkpt lat="46.231446" lon="6.056237">
        <ele>430.3</ele>
        <time>2026-09-24T06:28:50Z</time>
      </trkpt>
      <trkpt lat="46.231381" lon="6.056188">
        <ele>430.2</ele>
        <time>2026-09-24T06:28:51Z</time>
      </trkpt>
      <trkpt lat="46.231313" lon="6.056144">
        <ele>430.1</ele>
        <time>2026-09-24T06:28:52Z</time>
      </trkpt>
      <trkpt lat="46.231238" lon="6.056106">
        <ele>430.1</ele>
        <time>2026-09-24T06:28:53Z</time>
      </trkpt>
      <trkpt lat="46.231158" lon="6.056065">
        <ele>430.1</ele>
        <time>2026-09-24T06:28:54Z</time>
      </trkpt>
      <trkpt lat="46.231083" lon="6.056022">
        <ele>430.1</ele>
        <time>2026-09-24T06:28:55Z</time>
      </trkpt>
      <trkpt lat="46.231008" lon="6.055975">
        <ele>430.1</ele>
        <time>2026-09-24T06:28:56Z</time>
      </trkpt>
      <trkpt lat="46.230936" lon="6.055928">
        <ele>430.0</ele>
        <time>2026-09-24T06:28:57Z</time>
      </trkpt>
      <trkpt lat="46.230863" lon="6.055884">
        <ele>430.0</ele>
        <time>2026-09-24T06:28:58Z</time>
      </trkpt>
      <trkpt lat="46.230791" lon="6.055841">
        <ele>430.1</ele>
        <time>2026-09-24T06:28:59Z</time>
      </trkpt>
      <trkpt lat="46.230721" lon="6.055794">
        <ele>430.1</ele>
        <time>2026-09-24T06:29:00Z</time>
      </trkpt>
      <trkpt lat="46.230653" lon="6.055747">
        <ele>430.1</ele>
        <time>2026-09-24T06:29:01Z</time>
      </trkpt>
      <trkpt lat="46.230583" lon="6.055706">
        <ele>430.1</ele>
        <time>2026-09-24T06:29:02Z</time>
      </trkpt>
      <trkpt lat="46.230511" lon="6.055666">
        <ele>430.1</ele>
        <time>2026-09-24T06:29:03Z</time>
      </trkpt>
      <trkpt lat="46.230447" lon="6.055606">
        <ele>430.1</ele>
        <time>2026-09-24T06:29:04Z</time>
      </trkpt>
      <trkpt lat="46.230402" lon="6.055509">
        <ele>430.1</ele>
        <time>2026-09-24T06:29:05Z</time>
      </trkpt>
      <trkpt lat="46.230368" lon="6.055408">
        <ele>430.1</ele>
        <time>2026-09-24T06:29:06Z</time>
      </trkpt>
      <trkpt lat="46.230338" lon="6.055307">
        <ele>430.1</ele>
        <time>2026-09-24T06:29:07Z</time>
      </trkpt>
      <trkpt lat="46.230323" lon="6.055196">
        <ele>430.1</ele>
        <time>2026-09-24T06:29:08Z</time>
      </trkpt>
      <trkpt lat="46.230326" lon="6.055079">
        <ele>430.1</ele>
        <time>2026-09-24T06:29:09Z</time>
      </trkpt>
      <trkpt lat="46.230329" lon="6.054964">
        <ele>430.1</ele>
        <time>2026-09-24T06:29:10Z</time>
      </trkpt>
      <trkpt lat="46.23032" lon="6.054854">
        <ele>430.1</ele>
        <time>2026-09-24T06:29:11Z</time>
      </trkpt>
      <trkpt lat="46.230307" lon="6.05474">
        <ele>430.1</ele>
        <time>2026-09-24T06:29:12Z</time>
      </trkpt>
      <trkpt lat="46.230301" lon="6.054633">
        <ele>430.1</ele>
        <time>2026-09-24T06:29:13Z</time>
      </trkpt>
      <trkpt lat="46.230294" lon="6.054523">
        <ele>430.1</ele>
        <time>2026-09-24T06:29:14Z</time>
      </trkpt>
      <trkpt lat="46.230287" lon="6.054415">
        <ele>430.2</ele>
        <time>2026-09-24T06:29:15Z</time>
      </trkpt>
      <trkpt lat="46.230279" lon="6.054305">
        <ele>430.2</ele>
        <time>2026-09-24T06:29:16Z</time>
      </trkpt>
      <trkpt lat="46.230273" lon="6.054197">
        <ele>430.3</ele>
        <time>2026-09-24T06:29:17Z</time>
      </trkpt>
      <trkpt lat="46.230264" lon="6.054092">
        <ele>430.3</ele>
        <time>2026-09-24T06:29:18Z</time>
      </trkpt>
      <trkpt lat="46.230256" lon="6.053981">
        <ele>430.4</ele>
        <time>2026-09-24T06:29:19Z</time>
      </trkpt>
      <trkpt lat="46.230247" lon="6.053872">
        <ele>430.5</ele>
        <time>2026-09-24T06:29:20Z</time>
      </trkpt>
      <trkpt lat="46.230241" lon="6.053766">
        <ele>430.5</ele>
        <time>2026-09-24T06:29:21Z</time>
      </trkpt>
      <trkpt lat="46.230236" lon="6.053659">
        <ele>430.5</ele>
        <time>2026-09-24T06:29:22Z</time>
      </trkpt>
      <trkpt lat="46.230227" lon="6.053557">
        <ele>430.6</ele>
        <time>2026-09-24T06:29:23Z</time>
      </trkpt>
      <trkpt lat="46.230219" lon="6.053452">
        <ele>430.6</ele>
        <time>2026-09-24T06:29:24Z</time>
      </trkpt>
      <trkpt lat="46.230217" lon="6.053348">
        <ele>430.6</ele>
        <time>2026-09-24T06:29:25Z</time>
      </trkpt>
      <trkpt lat="46.230214" lon="6.053247">
        <ele>430.6</ele>
        <time>2026-09-24T06:29:26Z</time>
      </trkpt>
      <trkpt lat="46.230208" lon="6.053146">
        <ele>430.6</ele>
        <time>2026-09-24T06:29:27Z</time>
      </trkpt>
      <trkpt lat="46.230196" lon="6.053048">
        <ele>430.6</ele>
        <time>2026-09-24T06:29:28Z</time>
      </trkpt>
      <trkpt lat="46.230184" lon="6.05295">
        <ele>430.6</ele>
        <time>2026-09-24T06:29:29Z</time>
      </trkpt>
      <trkpt lat="46.230176" lon="6.052849">
        <ele>430.5</ele>
        <time>2026-09-24T06:29:30Z</time>
      </trkpt>
      <trkpt lat="46.230169" lon="6.05275">
        <ele>430.5</ele>
        <time>2026-09-24T06:29:31Z</time>
      </trkpt>
      <trkpt lat="46.230166" lon="6.052658">
        <ele>430.5</ele>
        <time>2026-09-24T06:29:32Z</time>
      </trkpt>
      <trkpt lat="46.230163" lon="6.052567">
        <ele>430.5</ele>
        <time>2026-09-24T06:29:33Z</time>
      </trkpt>
      <trkpt lat="46.230134" lon="6.052484">
        <ele>430.3</ele>
        <time>2026-09-24T06:29:34Z</time>
      </trkpt>
      <trkpt lat="46.230081" lon="6.052418">
        <ele>430.1</ele>
        <time>2026-09-24T06:29:35Z</time>
      </trkpt>
      <trkpt lat="46.230028" lon="6.052348">
        <ele>429.9</ele>
        <time>2026-09-24T06:29:36Z</time>
      </trkpt>
      <trkpt lat="46.229976" lon="6.052276">
        <ele>429.6</ele>
        <time>2026-09-24T06:29:37Z</time>
      </trkpt>
      <trkpt lat="46.229923" lon="6.052201">
        <ele>429.3</ele>
        <time>2026-09-24T06:29:38Z</time>
      </trkpt>
      <trkpt lat="46.229861" lon="6.052131">
        <ele>429.0</ele>
        <time>2026-09-24T06:29:39Z</time>
      </trkpt>
      <trkpt lat="46.229792" lon="6.05207">
        <ele>428.7</ele>
        <time>2026-09-24T06:29:40Z</time>
      </trkpt>
      <trkpt lat="46.229718" lon="6.052017">
        <ele>428.3</ele>
        <time>2026-09-24T06:29:41Z</time>
      </trkpt>
      <trkpt lat="46.229639" lon="6.051973">
        <ele>427.9</ele>
        <time>2026-09-24T06:29:42Z</time>
      </trkpt>
      <trkpt lat="46.229559" lon="6.05193">
        <ele>427.6</ele>
        <time>2026-09-24T06:29:43Z</time>
      </trkpt>
      <trkpt lat="46.229478" lon="6.051884">
        <ele>427.3</ele>
        <time>2026-09-24T06:29:44Z</time>
      </trkpt>
      <trkpt lat="46.229398" lon="6.051836">
        <ele>427.3</ele>
        <time>2026-09-24T06:29:45Z</time>
      </trkpt>
      <trkpt lat="46.229317" lon="6.051787">
        <ele>427.2</ele>
        <time>2026-09-24T06:29:46Z</time>
      </trkpt>
      <trkpt lat="46.229235" lon="6.051743">
        <ele>427.1</ele>
        <time>2026-09-24T06:29:47Z</time>
      </trkpt>
      <trkpt lat="46.229154" lon="6.051688">
        <ele>427.0</ele>
        <time>2026-09-24T06:29:48Z</time>
      </trkpt>
      <trkpt lat="46.229086" lon="6.051606">
        <ele>427.0</ele>
        <time>2026-09-24T06:29:49Z</time>
      </trkpt>
      <trkpt lat="46.229033" lon="6.051502">
        <ele>427.1</ele>
        <time>2026-09-24T06:29:50Z</time>
      </trkpt>
      <trkpt lat="46.229008" lon="6.051374">
        <ele>427.2</ele>
        <time>2026-09-24T06:29:51Z</time>
      </trkpt>
      <trkpt lat="46.229004" lon="6.051249">
        <ele>427.4</ele>
        <time>2026-09-24T06:29:52Z</time>
      </trkpt>
      <trkpt lat="46.228999" lon="6.051135">
        <ele>427.6</ele>
        <time>2026-09-24T06:29:53Z</time>
      </trkpt>
      <trkpt lat="46.228991" lon="6.051028">
        <ele>427.8</ele>
        <time>2026-09-24T06:29:54Z</time>
      </trkpt>
      <trkpt lat="46.228981" lon="6.050922">
        <ele>428.0</ele>
        <time>2026-09-24T06:29:55Z</time>
      </trkpt>
      <trkpt lat="46.228977" lon="6.050816">
        <ele>428.2</ele>
        <time>2026-09-24T06:29:56Z</time>
      </trkpt>
      <trkpt lat="46.228995" lon="6.050714">
        <ele>428.3</ele>
        <time>2026-09-24T06:29:57Z</time>
      </trkpt>
      <trkpt lat="46.229029" lon="6.050619">
        <ele>428.4</ele>
        <time>2026-09-24T06:29:58Z</time>
      </trkpt>
      <trkpt lat="46.22907" lon="6.050533">
        <ele>428.5</ele>
        <time>2026-09-24T06:29:59Z</time>
      </trkpt>
      <trkpt lat="46.229112" lon="6.050448">
        <ele>428.7</ele>
        <time>2026-09-24T06:30:00Z</time>
      </trkpt>
      <trkpt lat="46.229152" lon="6.050365">
        <ele>428.8</ele>
        <time>2026-09-24T06:30:01Z</time>
      </trkpt>
      <trkpt lat="46.229186" lon="6.050287">
        <ele>429.0</ele>
        <time>2026-09-24T06:30:02Z</time>
      </trkpt>
      <trkpt lat="46.229221" lon="6.050205">
        <ele>429.1</ele>
        <time>2026-09-24T06:30:03Z</time>
      </trkpt>
      <trkpt lat="46.229253" lon="6.050124">
        <ele>429.3</ele>
        <time>2026-09-24T06:30:04Z</time>
      </trkpt>
      <trkpt lat="46.229288" lon="6.050041">
        <ele>429.4</ele>
        <time>2026-09-24T06:30:05Z</time>
      </trkpt>
      <trkpt lat="46.229321" lon="6.04996">
        <ele>429.6</ele>
        <time>2026-09-24T06:30:06Z</time>
      </trkpt>
      <trkpt lat="46.229354" lon="6.049878">
        <ele>429.7</ele>
        <time>2026-09-24T06:30:07Z</time>
      </trkpt>
      <trkpt lat="46.229385" lon="6.049796">
        <ele>429.8</ele>
        <time>2026-09-24T06:30:08Z</time>
      </trkpt>
      <trkpt lat="46.229417" lon="6.049715">
        <ele>430.0</ele>
        <time>2026-09-24T06:30:09Z</time>
      </trkpt>
      <trkpt lat="46.229451" lon="6.049636">
        <ele>430.2</ele>
        <time>2026-09-24T06:30:10Z</time>
      </trkpt>
      <trkpt lat="46.229482" lon="6.049557">
        <ele>430.5</ele>
        <time>2026-09-24T06:30:11Z</time>
      </trkpt>
      <trkpt lat="46.229513" lon="6.049478">
        <ele>430.8</ele>
        <time>2026-09-24T06:30:12Z</time>
      </trkpt>
      <trkpt lat="46.229545" lon="6.049404">
        <ele>431.0</ele>
        <time>2026-09-24T06:30:13Z</time>
      </trkpt>
      <trkpt lat="46.229577" lon="6.049335">
        <ele>431.3</ele>
        <time>2026-09-24T06:30:14Z</time>
      </trkpt>
      <trkpt lat="46.229609" lon="6.049263">
        <ele>431.5</ele>
        <time>2026-09-24T06:30:15Z</time>
      </trkpt>
      <trkpt lat="46.229637" lon="6.049192">
        <ele>431.8</ele>
        <time>2026-09-24T06:30:16Z</time>
      </trkpt>
      <trkpt lat="46.229664" lon="6.049124">
        <ele>432.0</ele>
        <time>2026-09-24T06:30:17Z</time>
      </trkpt>
      <trkpt lat="46.229694" lon="6.049052">
        <ele>432.3</ele>
        <time>2026-09-24T06:30:18Z</time>
      </trkpt>
      <trkpt lat="46.229721" lon="6.048983">
        <ele>432.5</ele>
        <time>2026-09-24T06:30:19Z</time>
      </trkpt>
      <trkpt lat="46.229751" lon="6.048915">
        <ele>432.7</ele>
        <time>2026-09-24T06:30:20Z</time>
      </trkpt>
      <trkpt lat="46.229781" lon="6.048847">
        <ele>433.0</ele>
        <time>2026-09-24T06:30:21Z</time>
      </trkpt>
      <trkpt lat="46.229811" lon="6.048781">
        <ele>433.1</ele>
        <time>2026-09-24T06:30:22Z</time>
      </trkpt>
      <trkpt lat="46.229841" lon="6.048714">
        <ele>433.3</ele>
        <time>2026-09-24T06:30:23Z</time>
      </trkpt>
      <trkpt lat="46.229866" lon="6.048646">
        <ele>433.5</ele>
        <time>2026-09-24T06:30:24Z</time>
      </trkpt>
      <trkpt lat="46.229893" lon="6.048577">
        <ele>433.6</ele>
        <time>2026-09-24T06:30:25Z</time>
      </trkpt>
      <trkpt lat="46.229923" lon="6.04851">
        <ele>433.8</ele>
        <time>2026-09-24T06:30:26Z</time>
      </trkpt>
      <trkpt lat="46.229951" lon="6.048445">
        <ele>433.9</ele>
        <time>2026-09-24T06:30:27Z</time>
      </trkpt>
      <trkpt lat="46.229981" lon="6.048375">
        <ele>434.1</ele>
        <time>2026-09-24T06:30:28Z</time>
      </trkpt>
      <trkpt lat="46.23001" lon="6.048304">
        <ele>434.4</ele>
        <time>2026-09-24T06:30:29Z</time>
      </trkpt>
      <trkpt lat="46.23004" lon="6.048236">
        <ele>434.6</ele>
        <time>2026-09-24T06:30:30Z</time>
      </trkpt>
      <trkpt lat="46.230069" lon="6.048167">
        <ele>434.8</ele>
        <time>2026-09-24T06:30:31Z</time>
      </trkpt>
      <trkpt lat="46.230096" lon="6.048098">
        <ele>435.0</ele>
        <time>2026-09-24T06:30:32Z</time>
      </trkpt>
      <trkpt lat="46.230125" lon="6.048029">
        <ele>435.3</ele>
        <time>2026-09-24T06:30:33Z</time>
      </trkpt>
      <trkpt lat="46.230153" lon="6.047958">
        <ele>435.5</ele>
        <time>2026-09-24T06:30:34Z</time>
      </trkpt>
      <trkpt lat="46.23018" lon="6.04789">
        <ele>435.7</ele>
        <time>2026-09-24T06:30:35Z</time>
      </trkpt>
      <trkpt lat="46.230208" lon="6.047821">
        <ele>436.0</ele>
        <time>2026-09-24T06:30:36Z</time>
      </trkpt>
      <trkpt lat="46.230238" lon="6.047756">
        <ele>436.2</ele>
        <time>2026-09-24T06:30:37Z</time>
      </trkpt>
      <trkpt lat="46.230268" lon="6.04769">
        <ele>436.4</ele>
        <time>2026-09-24T06:30:38Z</time>
      </trkpt>
      <trkpt lat="46.230297" lon="6.047626">
        <ele>436.6</ele>
        <time>2026-09-24T06:30:39Z</time>
      </trkpt>
      <trkpt lat="46.230321" lon="6.047562">
        <ele>436.9</ele>
        <time>2026-09-24T06:30:40Z</time>
      </trkpt>
      <trkpt lat="46.230348" lon="6.047496">
        <ele>437.1</ele>
        <time>2026-09-24T06:30:41Z</time>
      </trkpt>
      <trkpt lat="46.230375" lon="6.047432">
        <ele>437.3</ele>
        <time>2026-09-24T06:30:42Z</time>
      </trkpt>
      <trkpt lat="46.230402" lon="6.04737">
        <ele>437.5</ele>
        <time>2026-09-24T06:30:43Z</time>
      </trkpt>
      <trkpt lat="46.230429" lon="6.047307">
        <ele>437.7</ele>
        <time>2026-09-24T06:30:44Z</time>
      </trkpt>
      <trkpt lat="46.230457" lon="6.047247">
        <ele>437.9</ele>
        <time>2026-09-24T06:30:45Z</time>
      </trkpt>
      <trkpt lat="46.230486" lon="6.047184">
        <ele>438.1</ele>
        <time>2026-09-24T06:30:46Z</time>
      </trkpt>
      <trkpt lat="46.23051" lon="6.047121">
        <ele>438.3</ele>
        <time>2026-09-24T06:30:47Z</time>
      </trkpt>
      <trkpt lat="46.230538" lon="6.047057">
        <ele>438.5</ele>
        <time>2026-09-24T06:30:48Z</time>
      </trkpt>
      <trkpt lat="46.230565" lon="6.04699">
        <ele>438.8</ele>
        <time>2026-09-24T06:30:49Z</time>
      </trkpt>
      <trkpt lat="46.230592" lon="6.046926">
        <ele>439.0</ele>
        <time>2026-09-24T06:30:50Z</time>
      </trkpt>
      <trkpt lat="46.230619" lon="6.04686">
        <ele>439.2</ele>
        <time>2026-09-24T06:30:51Z</time>
      </trkpt>
      <trkpt lat="46.230648" lon="6.046795">
        <ele>439.5</ele>
        <time>2026-09-24T06:30:52Z</time>
      </trkpt>
      <trkpt lat="46.230675" lon="6.046729">
        <ele>439.7</ele>
        <time>2026-09-24T06:30:53Z</time>
      </trkpt>
      <trkpt lat="46.2307" lon="6.046667">
        <ele>439.9</ele>
        <time>2026-09-24T06:30:54Z</time>
      </trkpt>
      <trkpt lat="46.230727" lon="6.046603">
        <ele>440.2</ele>
        <time>2026-09-24T06:30:55Z</time>
      </trkpt>
      <trkpt lat="46.230752" lon="6.046542">
        <ele>440.4</ele>
        <time>2026-09-24T06:30:56Z</time>
      </trkpt>
      <trkpt lat="46.230776" lon="6.04648">
        <ele>440.6</ele>
        <time>2026-09-24T06:30:57Z</time>
      </trkpt>
      <trkpt lat="46.230802" lon="6.046418">
        <ele>440.8</ele>
        <time>2026-09-24T06:30:58Z</time>
      </trkpt>
      <trkpt lat="46.230833" lon="6.04636">
        <ele>441.1</ele>
        <time>2026-09-24T06:30:59Z</time>
      </trkpt>
      <trkpt lat="46.230869" lon="6.046313">
        <ele>441.3</ele>
        <time>2026-09-24T06:31:00Z</time>
      </trkpt>
      <trkpt lat="46.230912" lon="6.046275">
        <ele>441.5</ele>
        <time>2026-09-24T06:31:01Z</time>
      </trkpt>
      <trkpt lat="46.230959" lon="6.046249">
        <ele>441.7</ele>
        <time>2026-09-24T06:31:02Z</time>
      </trkpt>
      <trkpt lat="46.231006" lon="6.046231">
        <ele>441.8</ele>
        <time>2026-09-24T06:31:03Z</time>
      </trkpt>
      <trkpt lat="46.231052" lon="6.046213">
        <ele>442.0</ele>
        <time>2026-09-24T06:31:04Z</time>
      </trkpt>
      <trkpt lat="46.231095" lon="6.046192">
        <ele>442.2</ele>
        <time>2026-09-24T06:31:05Z</time>
      </trkpt>
      <trkpt lat="46.231139" lon="6.046173">
        <ele>442.5</ele>
        <time>2026-09-24T06:31:06Z</time>
      </trkpt>
      <trkpt lat="46.231181" lon="6.046151">
        <ele>442.7</ele>
        <time>2026-09-24T06:31:07Z</time>
      </trkpt>
      <trkpt lat="46.231223" lon="6.046131">
        <ele>442.9</ele>
        <time>2026-09-24T06:31:08Z</time>
      </trkpt>
      <trkpt lat="46.231268" lon="6.046114">
        <ele>443.1</ele>
        <time>2026-09-24T06:31:09Z</time>
      </trkpt>
      <trkpt lat="46.23131" lon="6.046094">
        <ele>443.3</ele>
        <time>2026-09-24T06:31:10Z</time>
      </trkpt>
      <trkpt lat="46.231355" lon="6.046076">
        <ele>443.5</ele>
        <time>2026-09-24T06:31:11Z</time>
      </trkpt>
      <trkpt lat="46.231402" lon="6.046061">
        <ele>443.6</ele>
        <time>2026-09-24T06:31:12Z</time>
      </trkpt>
      <trkpt lat="46.231454" lon="6.04607">
        <ele>443.8</ele>
        <time>2026-09-24T06:31:13Z</time>
      </trkpt>
      <trkpt lat="46.231502" lon="6.046095">
        <ele>443.9</ele>
        <time>2026-09-24T06:31:14Z</time>
      </trkpt>
      <trkpt lat="46.231547" lon="6.046124">
        <ele>444.0</ele>
        <time>2026-09-24T06:31:15Z</time>
      </trkpt>
      <trkpt lat="46.231592" lon="6.046157">
        <ele>443.9</ele>
        <time>2026-09-24T06:31:16Z</time>
      </trkpt>
      <trkpt lat="46.231637" lon="6.046191">
        <ele>443.8</ele>
        <time>2026-09-24T06:31:17Z</time>
      </trkpt>
      <trkpt lat="46.23168" lon="6.046228">
        <ele>443.7</ele>
        <time>2026-09-24T06:31:18Z</time>
      </trkpt>
      <trkpt lat="46.231722" lon="6.046264">
        <ele>443.6</ele>
        <time>2026-09-24T06:31:19Z</time>
      </trkpt>
      <trkpt lat="46.23176" lon="6.046304">
        <ele>443.5</ele>
        <time>2026-09-24T06:31:20Z</time>
      </trkpt>
      <trkpt lat="46.231799" lon="6.04634">
        <ele>443.4</ele>
        <time>2026-09-24T06:31:21Z</time>
      </trkpt>
      <trkpt lat="46.231843" lon="6.046339">
        <ele>443.4</ele>
        <time>2026-09-24T06:31:22Z</time>
      </trkpt>
      <trkpt lat="46.231884" lon="6.046293">
        <ele>443.4</ele>
        <time>2026-09-24T06:31:23Z</time>
      </trkpt>
      <trkpt lat="46.231919" lon="6.046224">
        <ele>443.6</ele>
        <time>2026-09-24T06:31:24Z</time>
      </trkpt>
      <trkpt lat="46.231939" lon="6.04616">
        <ele>443.8</ele>
        <time>2026-09-24T06:31:25Z</time>
      </trkpt>
      <trkpt lat="46.231953" lon="6.046096">
        <ele>443.9</ele>
        <time>2026-09-24T06:31:26Z</time>
      </trkpt>
      <trkpt lat="46.231977" lon="6.046036">
        <ele>444.1</ele>
        <time>2026-09-24T06:31:27Z</time>
      </trkpt>
      <trkpt lat="46.231999" lon="6.045978">
        <ele>444.2</ele>
        <time>2026-09-24T06:31:28Z</time>
      </trkpt>
      <trkpt lat="46.232016" lon="6.04592">
        <ele>444.4</ele>
        <time>2026-09-24T06:31:29Z</time>
      </trkpt>
      <trkpt lat="46.232039" lon="6.045863">
        <ele>444.5</ele>
        <time>2026-09-24T06:31:30Z</time>
      </trkpt>
      <trkpt lat="46.232061" lon="6.045809">
        <ele>444.7</ele>
        <time>2026-09-24T06:31:31Z</time>
      </trkpt>
      <trkpt lat="46.232086" lon="6.045758">
        <ele>444.8</ele>
        <time>2026-09-24T06:31:32Z</time>
      </trkpt>
      <trkpt lat="46.232112" lon="6.045706">
        <ele>445.0</ele>
        <time>2026-09-24T06:31:33Z</time>
      </trkpt>
      <trkpt lat="46.232135" lon="6.045656">
        <ele>445.1</ele>
        <time>2026-09-24T06:31:34Z</time>
      </trkpt>
      <trkpt lat="46.232159" lon="6.045606">
        <ele>445.3</ele>
        <time>2026-09-24T06:31:35Z</time>
      </trkpt>
      <trkpt lat="46.232178" lon="6.045556">
        <ele>445.4</ele>
        <time>2026-09-24T06:31:36Z</time>
      </trkpt>
      <trkpt lat="46.232196" lon="6.045499">
        <ele>445.5</ele>
        <time>2026-09-24T06:31:37Z</time>
      </trkpt>
      <trkpt lat="46.232215" lon="6.045447">
        <ele>445.7</ele>
        <time>2026-09-24T06:31:38Z</time>
      </trkpt>
      <trkpt lat="46.232235" lon="6.045399">
        <ele>445.8</ele>
        <time>2026-09-24T06:31:39Z</time>
      </trkpt>
      <trkpt lat="46.232253" lon="6.045353">
        <ele>445.9</ele>
        <time>2026-09-24T06:31:40Z</time>
      </trkpt>
      <trkpt lat="46.232262" lon="6.045308">
        <ele>446.0</ele>
        <time>2026-09-24T06:31:41Z</time>
      </trkpt>
      <trkpt lat="46.232286" lon="6.045278">
        <ele>446.1</ele>
        <time>2026-09-24T06:31:42Z</time>
      </trkpt>
      <trkpt lat="46.232318" lon="6.045305">
        <ele>446.6</ele>
        <time>2026-09-24T06:31:43Z</time>
      </trkpt>
      <trkpt lat="46.232317" lon="6.045364">
        <ele>447.0</ele>
        <time>2026-09-24T06:31:44Z</time>
      </trkpt>
      <trkpt lat="46.232323" lon="6.0454">
        <ele>447.2</ele>
        <time>2026-09-24T06:31:45Z</time>
      </trkpt>
      <trkpt lat="46.232348" lon="6.04541">
        <ele>447.5</ele>
        <time>2026-09-24T06:31:46Z</time>
      </trkpt>
      <trkpt lat="46.232378" lon="6.045423">
        <ele>447.8</ele>
        <time>2026-09-24T06:31:47Z</time>
      </trkpt>
      <trkpt lat="46.232403" lon="6.045431">
        <ele>448.0</ele>
        <time>2026-09-24T06:31:48Z</time>
      </trkpt>
      <trkpt lat="46.232416" lon="6.045444">
        <ele>448.2</ele>
        <time>2026-09-24T06:31:49Z</time>
      </trkpt>
      <trkpt lat="46.232419" lon="6.045431">
        <ele>448.3</ele>
        <time>2026-09-24T06:31:50Z</time>
      </trkpt>
      <trkpt lat="46.232422" lon="6.045432">
        <ele>448.3</ele>
        <time>2026-09-24T06:31:51Z</time>
      </trkpt>
      <trkpt lat="46.232417" lon="6.045431">
        <ele>448.4</ele>
        <time>2026-09-24T06:31:52Z</time>
      </trkpt>
      <trkpt lat="46.232414" lon="6.045426">
        <ele>448.4</ele>
        <time>2026-09-24T06:31:53Z</time>
      </trkpt>
      <trkpt lat="46.232418" lon="6.045424">
        <ele>448.5</ele>
        <time>2026-09-24T06:31:54Z</time>
      </trkpt>
      <trkpt lat="46.23242" lon="6.045411">
        <ele>448.6</ele>
        <time>2026-09-24T06:31:55Z</time>
      </trkpt>
      <trkpt lat="46.232417" lon="6.045404">
        <ele>448.6</ele>
        <time>2026-09-24T06:31:56Z</time>
      </trkpt>
      <trkpt lat="46.232423" lon="6.045396">
        <ele>448.7</ele>
        <time>2026-09-24T06:31:57Z</time>
      </trkpt>
      <trkpt lat="46.232431" lon="6.045398">
        <ele>448.8</ele>
        <time>2026-09-24T06:31:58Z</time>
      </trkpt>
      <trkpt lat="46.232433" lon="6.045398">
        <ele>448.8</ele>
        <time>2026-09-24T06:31:59Z</time>
      </trkpt>
      <trkpt lat="46.232428" lon="6.04541">
        <ele>448.9</ele>
        <time>2026-09-24T06:32:00Z</time>
      </trkpt>
      <trkpt lat="46.232432" lon="6.04542">
        <ele>449.0</ele>
        <time>2026-09-24T06:32:01Z</time>
      </trkpt>
      <trkpt lat="46.232431" lon="6.045441">
        <ele>449.1</ele>
        <time>2026-09-24T06:32:02Z</time>
      </trkpt>
      <trkpt lat="46.232438" lon="6.045444">
        <ele>449.1</ele>
        <time>2026-09-24T06:32:03Z</time>
      </trkpt>
      <trkpt lat="46.232442" lon="6.045446">
        <ele>449.2</ele>
        <time>2026-09-24T06:32:04Z</time>
      </trkpt>
      <trkpt lat="46.232449" lon="6.045443">
        <ele>449.2</ele>
        <time>2026-09-24T06:32:05Z</time>
      </trkpt>
      <trkpt lat="46.232444" lon="6.045448">
        <ele>449.3</ele>
        <time>2026-09-24T06:32:06Z</time>
      </trkpt>
      <trkpt lat="46.232441" lon="6.045455">
        <ele>449.3</ele>
        <time>2026-09-24T06:32:07Z</time>
      </trkpt>
      <trkpt lat="46.232441" lon="6.045456">
        <ele>449.3</ele>
        <time>2026-09-24T06:32:08Z</time>
      </trkpt>
      <trkpt lat="46.232444" lon="6.045458">
        <ele>449.3</ele>
        <time>2026-09-24T06:32:09Z</time>
      </trkpt>
      <trkpt lat="46.232448" lon="6.045455">
        <ele>449.4</ele>
        <time>2026-09-24T06:32:10Z</time>
      </trkpt>
      <trkpt lat="46.232449" lon="6.045455">
        <ele>449.4</ele>
        <time>2026-09-24T06:32:11Z</time>
      </trkpt>
      <trkpt lat="46.232449" lon="6.045455">
        <ele>449.4</ele>
        <time>2026-09-24T06:32:12Z</time>
      </trkpt>
      <trkpt lat="46.232449" lon="6.045455">
        <ele>449.4</ele>
        <time>2026-09-24T06:32:13Z</time>
      </trkpt>
      <trkpt lat="46.232449" lon="6.045455">
        <ele>449.4</ele>
        <time>2026-09-24T06:32:14Z</time>
      </trkpt>
      <trkpt lat="46.232453" lon="6.045438">
        <ele>449.5</ele>
        <time>2026-09-24T06:32:15Z</time>
      </trkpt>
      <trkpt lat="46.232449" lon="6.045443">
        <ele>449.5</ele>
        <time>2026-09-24T06:32:16Z</time>
      </trkpt>
      <trkpt lat="46.23244" lon="6.045438">
        <ele>449.6</ele>
        <time>2026-09-24T06:32:17Z</time>
      </trkpt>
      <trkpt lat="46.232442" lon="6.045438">
        <ele>449.6</ele>
        <time>2026-09-24T06:32:18Z</time>
      </trkpt>
      <trkpt lat="46.232448" lon="6.045442">
        <ele>449.6</ele>
        <time>2026-09-24T06:32:19Z</time>
      </trkpt>
      <trkpt lat="46.232432" lon="6.045466">
        <ele>449.7</ele>
        <time>2026-09-24T06:32:20Z</time>
      </trkpt>
      <trkpt lat="46.232431" lon="6.045463">
        <ele>449.7</ele>
        <time>2026-09-24T06:32:21Z</time>
      </trkpt>
      <trkpt lat="46.232434" lon="6.045454">
        <ele>449.7</ele>
        <time>2026-09-24T06:32:22Z</time>
      </trkpt>
      <trkpt lat="46.232442" lon="6.045448">
        <ele>449.7</ele>
        <time>2026-09-24T06:32:23Z</time>
      </trkpt>
      <trkpt lat="46.232447" lon="6.045449">
        <ele>449.7</ele>
        <time>2026-09-24T06:32:24Z</time>
      </trkpt>
      <trkpt lat="46.232455" lon="6.045444">
        <ele>449.8</ele>
        <time>2026-09-24T06:32:25Z</time>
      </trkpt>
      <trkpt lat="46.232459" lon="6.045454">
        <ele>449.8</ele>
        <time>2026-09-24T06:32:26Z</time>
      </trkpt>
      <trkpt lat="46.232463" lon="6.045458">
        <ele>449.8</ele>
        <time>2026-09-24T06:32:27Z</time>
      </trkpt>
      <trkpt lat="46.23247" lon="6.045459">
        <ele>449.8</ele>
        <time>2026-09-24T06:32:28Z</time>
      </trkpt>
      <trkpt lat="46.232477" lon="6.045466">
        <ele>449.8</ele>
        <time>2026-09-24T06:32:29Z</time>
      </trkpt>
      <trkpt lat="46.23247" lon="6.045465">
        <ele>449.8</ele>
        <time>2026-09-24T06:32:30Z</time>
      </trkpt>
      <trkpt lat="46.232471" lon="6.045467">
        <ele>449.8</ele>
        <time>2026-09-24T06:32:31Z</time>
      </trkpt>
      <trkpt lat="46.232471" lon="6.045468">
        <ele>449.8</ele>
        <time>2026-09-24T06:32:32Z</time>
      </trkpt>
      <trkpt lat="46.23247" lon="6.045473">
        <ele>449.8</ele>
        <time>2026-09-24T06:32:33Z</time>
      </trkpt>
      <trkpt lat="46.23247" lon="6.045469">
        <ele>449.8</ele>
        <time>2026-09-24T06:32:34Z</time>
      </trkpt>
      <trkpt lat="46.232471" lon="6.045462">
        <ele>449.7</ele>
        <time>2026-09-24T06:32:35Z</time>
      </trkpt>
      <trkpt lat="46.232472" lon="6.045458">
        <ele>449.7</ele>
        <time>2026-09-24T06:32:36Z</time>
      </trkpt>
      <trkpt lat="46.232477" lon="6.04546">
        <ele>449.7</ele>
        <time>2026-09-24T06:32:37Z</time>
      </trkpt>
      <trkpt lat="46.232482" lon="6.045457">
        <ele>449.7</ele>
        <time>2026-09-24T06:32:38Z</time>
      </trkpt>
      <trkpt lat="46.232495" lon="6.045455">
        <ele>449.6</ele>
        <time>2026-09-24T06:32:39Z</time>
      </trkpt>
      <trkpt lat="46.232505" lon="6.045458">
        <ele>449.5</ele>
        <time>2026-09-24T06:32:40Z</time>
      </trkpt>
      <trkpt lat="46.232507" lon="6.04546">
        <ele>449.5</ele>
        <time>2026-09-24T06:32:41Z</time>
      </trkpt>
      <trkpt lat="46.232513" lon="6.045466">
        <ele>449.5</ele>
        <time>2026-09-24T06:32:42Z</time>
      </trkpt>
      <trkpt lat="46.232514" lon="6.045469">
        <ele>449.5</ele>
        <time>2026-09-24T06:32:43Z</time>
      </trkpt>
      <trkpt lat="46.232513" lon="6.045483">
        <ele>449.4</ele>
        <time>2026-09-24T06:32:44Z</time>
      </trkpt>
      <trkpt lat="46.23251" lon="6.045483">
        <ele>449.4</ele>
        <time>2026-09-24T06:32:45Z</time>
      </trkpt>
      <trkpt lat="46.232502" lon="6.04548">
        <ele>449.4</ele>
        <time>2026-09-24T06:32:46Z</time>
      </trkpt>
      <trkpt lat="46.232516" lon="6.04549">
        <ele>449.2</ele>
        <time>2026-09-24T06:32:47Z</time>
      </trkpt>
      <trkpt lat="46.232522" lon="6.045494">
        <ele>449.1</ele>
        <time>2026-09-24T06:32:48Z</time>
      </trkpt>
    </trkseg>
  </trk>
</gpx>