<?xml version="1.0" encoding="UTF-8"?>
<gpx xmlns="http://www.topografix.com/GPX/1/1" xmlns:xsi="http://www.w3.org/2001/XMLSchema-instance" xsi:schemaLocation="http://www.topografix.com/GPX/1/1 http://www.topografix.com/GPX/1/1/gpx.xsd" version="1.1" creator="gpx.py -- https://github.com/tkrajina/gpxpy">
  <metadata>
    <name>1790141946.Wednesday_Morning_Cycle</name>
    <time>2026-09-23T05:39:06Z</time>
    <keywords>20292126107</keywords>
  </metadata>
  <trk>
    <name>1790141946.Wednesday_Morning_Cycle</name>
    <cmt>2026-09-23</cmt>
    <type>Ride</type>
    <trkseg>
      <trkpt lat="46.331667" lon="6.194197">
        <ele>397.1</ele>
        <time>2026-09-23T05:39:06Z</time>
      </trkpt>
      <trkpt lat="46.331667" lon="6.194197">
        <ele>397.1</ele>
        <time>2026-09-23T05:39:19Z</time>
      </trkpt>
      <trkpt lat="46.331667" lon="6.194197">
        <ele>397.1</ele>
        <time>2026-09-23T05:39:23Z</time>
      </trkpt>
      <trkpt lat="46.331681" lon="6.194114">
        <ele>397.2</ele>
        <time>2026-09-23T05:39:26Z</time>
      </trkpt>
      <trkpt lat="46.331677" lon="6.194188">
        <ele>397.2</ele>
        <time>2026-09-23T05:39:32Z</time>
      </trkpt>
      <trkpt lat="46.33187" lon="6.194204">
        <ele>397.3</ele>
        <time>2026-09-23T05:39:38Z</time>
      </trkpt>
      <trkpt lat="46.331682" lon="6.194318">
        <ele>396.8</ele>
        <time>2026-09-23T05:39:42Z</time>
      </trkpt>
      <trkpt lat="46.331738" lon="6.194319">
        <ele>396.8</ele>
        <time>2026-09-23T05:39:43Z</time>
      </trkpt>
      <trkpt lat="46.331754" lon="6.194334">
        <ele>396.7</ele>
        <time>2026-09-23T05:39:44Z</time>
      </trkpt>
      <trkpt lat="46.331758" lon="6.194338">
        <ele>396.7</ele>
        <time>2026-09-23T05:39:45Z</time>
      </trkpt>
      <trkpt lat="46.331767" lon="6.194348">
        <ele>396.7</ele>
        <time>2026-09-23T05:39:46Z</time>
      </trkpt>
      <trkpt lat="46.331768" lon="6.194351">
        <ele>396.7</ele>
        <time>2026-09-23T05:39:47Z</time>
      </trkpt>
      <trkpt lat="46.331766" lon="6.194351">
        <ele>396.7</ele>
        <time>2026-09-23T05:39:48Z</time>
      </trkpt>
      <trkpt lat="46.331768" lon="6.194354">
        <ele>396.7</ele>
        <time>2026-09-23T05:39:49Z</time>
      </trkpt>
      <trkpt lat="46.331766" lon="6.194348">
        <ele>396.7</ele>
        <time>2026-09-23T05:39:50Z</time>
      </trkpt>
      <trkpt lat="46.33177" lon="6.194359">
        <ele>396.7</ele>
        <time>2026-09-23T05:39:51Z</time>
      </trkpt>
      <trkpt lat="46.331764" lon="6.194372">
        <ele>396.7</ele>
        <time>2026-09-23T05:39:52Z</time>
      </trkpt>
      <trkpt lat="46.33176" lon="6.19439">
        <ele>396.7</ele>
        <time>2026-09-23T05:39:53Z</time>
      </trkpt>
      <trkpt lat="46.331756" lon="6.194406">
        <ele>396.7</ele>
        <time>2026-09-23T05:39:54Z</time>
      </trkpt>
      <trkpt lat="46.331754" lon="6.194428">
        <ele>396.6</ele>
        <time>2026-09-23T05:39:55Z</time>
      </trkpt>
      <trkpt lat="46.331749" lon="6.194461">
        <ele>396.6</ele>
        <time>2026-09-23T05:39:56Z</time>
      </trkpt>
      <trkpt lat="46.331734" lon="6.194488">
        <ele>396.6</ele>
        <time>2026-09-23T05:39:57Z</time>
      </trkpt>
      <trkpt lat="46.331723" lon="6.194519">
        <ele>396.6</ele>
        <time>2026-09-23T05:39:58Z</time>
      </trkpt>
      <trkpt lat="46.331715" lon="6.19456">
        <ele>396.5</ele>
        <time>2026-09-23T05:39:59Z</time>
      </trkpt>
      <trkpt lat="46.331704" lon="6.194608">
        <ele>396.5</ele>
        <time>2026-09-23T05:40:00Z</time>
      </trkpt>
      <trkpt lat="46.331683" lon="6.194649">
        <ele>396.4</ele>
        <time>2026-09-23T05:40:01Z</time>
      </trkpt>
      <trkpt lat="46.331658" lon="6.194686">
        <ele>396.4</ele>
        <time>2026-09-23T05:40:02Z</time>
      </trkpt>
      <trkpt lat="46.331626" lon="6.194715">
        <ele>396.4</ele>
        <time>2026-09-23T05:40:03Z</time>
      </trkpt>
      <trkpt lat="46.331587" lon="6.194739">
        <ele>396.4</ele>
        <time>2026-09-23T05:40:04Z</time>
      </trkpt>
      <trkpt lat="46.331535" lon="6.194742">
        <ele>396.4</ele>
        <time>2026-09-23T05:40:05Z</time>
      </trkpt>
      <trkpt lat="46.331486" lon="6.194724">
        <ele>396.4</ele>
        <time>2026-09-23T05:40:06Z</time>
      </trkpt>
      <trkpt lat="46.331441" lon="6.194701">
        <ele>396.5</ele>
        <time>2026-09-23T05:40:07Z</time>
      </trkpt>
      <trkpt lat="46.331397" lon="6.194677">
        <ele>396.5</ele>
        <time>2026-09-23T05:40:08Z</time>
      </trkpt>
      <trkpt lat="46.331377" lon="6.194671">
        <ele>396.5</ele>
        <time>2026-09-23T05:40:09Z</time>
      </trkpt>
      <trkpt lat="46.331328" lon="6.194634">
        <ele>396.6</ele>
        <time>2026-09-23T05:40:10Z</time>
      </trkpt>
      <trkpt lat="46.331279" lon="6.194603">
        <ele>396.6</ele>
        <time>2026-09-23T05:40:11Z</time>
      </trkpt>
      <trkpt lat="46.331225" lon="6.194575">
        <ele>396.6</ele>
        <time>2026-09-23T05:40:12Z</time>
      </trkpt>
      <trkpt lat="46.331172" lon="6.194547">
        <ele>396.6</ele>
        <time>2026-09-23T05:40:13Z</time>
      </trkpt>
      <trkpt lat="46.331121" lon="6.194524">
        <ele>396.7</ele>
        <time>2026-09-23T05:40:14Z</time>
      </trkpt>
      <trkpt lat="46.331067" lon="6.194501">
        <ele>396.8</ele>
        <time>2026-09-23T05:40:15Z</time>
      </trkpt>
      <trkpt lat="46.331017" lon="6.194476">
        <ele>396.9</ele>
        <time>2026-09-23T05:40:16Z</time>
      </trkpt>
      <trkpt lat="46.330966" lon="6.194451">
        <ele>396.9</ele>
        <time>2026-09-23T05:40:17Z</time>
      </trkpt>
      <trkpt lat="46.33091" lon="6.194428">
        <ele>397.0</ele>
        <time>2026-09-23T05:40:18Z</time>
      </trkpt>
      <trkpt lat="46.330856" lon="6.194399">
        <ele>397.0</ele>
        <time>2026-09-23T05:40:19Z</time>
      </trkpt>
      <trkpt lat="46.330807" lon="6.194373">
        <ele>397.0</ele>
        <time>2026-09-23T05:40:20Z</time>
      </trkpt>
      <trkpt lat="46.330756" lon="6.194343">
        <ele>397.1</ele>
        <time>2026-09-23T05:40:21Z</time>
      </trkpt>
      <trkpt lat="46.330708" lon="6.194314">
        <ele>397.1</ele>
        <time>2026-09-23T05:40:22Z</time>
      </trkpt>
      <trkpt lat="46.330659" lon="6.194287">
        <ele>397.1</ele>
        <time>2026-09-23T05:40:23Z</time>
      </trkpt>
      <trkpt lat="46.33061" lon="6.19426">
        <ele>397.2</ele>
        <time>2026-09-23T05:40:24Z</time>
      </trkpt>
      <trkpt lat="46.330563" lon="6.19423">
        <ele>397.2</ele>
        <time>2026-09-23T05:40:25Z</time>
      </trkpt>
      <trkpt lat="46.330518" lon="6.194203">
        <ele>397.2</ele>
        <time>2026-09-23T05:40:26Z</time>
      </trkpt>
      <trkpt lat="46.330469" lon="6.194183">
        <ele>397.3</ele>
        <time>2026-09-23T05:40:27Z</time>
      </trkpt>
      <trkpt lat="46.330423" lon="6.194157">
        <ele>397.3</ele>
        <time>2026-09-23T05:40:28Z</time>
      </trkpt>
      <trkpt lat="46.330378" lon="6.194131">
        <ele>397.3</ele>
        <time>2026-09-23T05:40:29Z</time>
      </trkpt>
      <trkpt lat="46.330334" lon="6.194106">
        <ele>397.3</ele>
        <time>2026-09-23T05:40:30Z</time>
      </trkpt>
      <trkpt lat="46.330292" lon="6.194074">
        <ele>397.4</ele>
        <time>2026-09-23T05:40:31Z</time>
      </trkpt>
      <trkpt lat="46.330249" lon="6.194048">
        <ele>397.4</ele>
        <time>2026-09-23T05:40:32Z</time>
      </trkpt>
      <trkpt lat="46.330203" lon="6.194033">
        <ele>397.5</ele>
        <time>2026-09-23T05:40:33Z</time>
      </trkpt>
      <trkpt lat="46.33016" lon="6.194004">
        <ele>397.5</ele>
        <time>2026-09-23T05:40:34Z</time>
      </trkpt>
      <trkpt lat="46.330118" lon="6.19396">
        <ele>397.5</ele>
        <time>2026-09-23T05:40:35Z</time>
      </trkpt>
      <trkpt lat="46.33009" lon="6.193902">
        <ele>397.6</ele>
        <time>2026-09-23T05:40:36Z</time>
      </trkpt>
      <trkpt lat="46.330084" lon="6.193828">
        <ele>397.6</ele>
        <time>2026-09-23T05:40:37Z</time>
      </trkpt>
      <trkpt lat="46.330095" lon="6.193755">
        <ele>397.6</ele>
        <time>2026-09-23T05:40:38Z</time>
      </trkpt>
      <trkpt lat="46.330112" lon="6.193684">
        <ele>397.6</ele>
        <time>2026-09-23T05:40:39Z</time>
      </trkpt>
      <trkpt lat="46.330126" lon="6.193612">
        <ele>397.7</ele>
        <time>2026-09-23T05:40:40Z</time>
      </trkpt>
      <trkpt lat="46.330139" lon="6.193541">
        <ele>397.7</ele>
        <time>2026-09-23T05:40:41Z</time>
      </trkpt>
      <trkpt lat="46.330151" lon="6.193466">
        <ele>397.7</ele>
        <time>2026-09-23T05:40:42Z</time>
      </trkpt>
      <trkpt lat="46.330164" lon="6.193411">
        <ele>397.8</ele>
        <time>2026-09-23T05:40:43Z</time>
      </trkpt>
      <trkpt lat="46.330173" lon="6.193346">
        <ele>397.8</ele>
        <time>2026-09-23T05:40:44Z</time>
      </trkpt>
      <trkpt lat="46.330179" lon="6.19328">
        <ele>397.9</ele>
        <time>2026-09-23T05:40:45Z</time>
      </trkpt>
      <trkpt lat="46.330183" lon="6.19322">
        <ele>397.9</ele>
        <time>2026-09-23T05:40:46Z</time>
      </trkpt>
      <trkpt lat="46.33019" lon="6.193165">
        <ele>398.0</ele>
        <time>2026-09-23T05:40:47Z</time>
      </trkpt>
      <trkpt lat="46.330213" lon="6.193122">
        <ele>398.1</ele>
        <time>2026-09-23T05:40:48Z</time>
      </trkpt>
      <trkpt lat="46.33025" lon="6.193095">
        <ele>398.3</ele>
        <time>2026-09-23T05:40:49Z</time>
      </trkpt>
      <trkpt lat="46.330286" lon="6.193079">
        <ele>398.4</ele>
        <time>2026-09-23T05:40:50Z</time>
      </trkpt>
      <trkpt lat="46.330319" lon="6.193056">
        <ele>398.6</ele>
        <time>2026-09-23T05:40:51Z</time>
      </trkpt>
      <trkpt lat="46.330349" lon="6.193029">
        <ele>398.7</ele>
        <time>2026-09-23T05:40:52Z</time>
      </trkpt>
      <trkpt lat="46.330378" lon="6.192997">
        <ele>398.9</ele>
        <time>2026-09-23T05:40:53Z</time>
      </trkpt>
      <trkpt lat="46.330408" lon="6.192964">
        <ele>399.1</ele>
        <time>2026-09-23T05:40:54Z</time>
      </trkpt>
      <trkpt lat="46.330431" lon="6.192928">
        <ele>399.3</ele>
        <time>2026-09-23T05:40:55Z</time>
      </trkpt>
      <trkpt lat="46.330454" lon="6.192894">
        <ele>399.4</ele>
        <time>2026-09-23T05:40:56Z</time>
      </trkpt>
      <trkpt lat="46.330478" lon="6.192858">
        <ele>399.6</ele>
        <time>2026-09-23T05:40:57Z</time>
      </trkpt>
      <trkpt lat="46.330497" lon="6.192818">
        <ele>399.8</ele>
        <time>2026-09-23T05:40:58Z</time>
      </trkpt>
      <trkpt lat="46.330515" lon="6.192778">
        <ele>400.0</ele>
        <time>2026-09-23T05:40:59Z</time>
      </trkpt>
      <trkpt lat="46.330532" lon="6.192737">
        <ele>400.2</ele>
        <time>2026-09-23T05:41:00Z</time>
      </trkpt>
      <trkpt lat="46.330549" lon="6.192699">
        <ele>400.3</ele>
        <time>2026-09-23T05:41:01Z</time>
      </trkpt>
      <trkpt lat="46.330566" lon="6.192662">
        <ele>400.5</ele>
        <time>2026-09-23T05:41:02Z</time>
      </trkpt>
      <trkpt lat="46.330583" lon="6.192625">
        <ele>400.7</ele>
        <time>2026-09-23T05:41:03Z</time>
      </trkpt>
      <trkpt lat="46.3306" lon="6.192588">
        <ele>400.8</ele>
        <time>2026-09-23T05:41:04Z</time>
      </trkpt>
      <trkpt lat="46.330616" lon="6.192551">
        <ele>401.0</ele>
        <time>2026-09-23T05:41:05Z</time>
      </trkpt>
      <trkpt lat="46.330633" lon="6.192513">
        <ele>401.2</ele>
        <time>2026-09-23T05:41:06Z</time>
      </trkpt>
      <trkpt lat="46.330651" lon="6.192475">
        <ele>401.3</ele>
        <time>2026-09-23T05:41:07Z</time>
      </trkpt>
      <trkpt lat="46.330667" lon="6.192437">
        <ele>401.5</ele>
        <time>2026-09-23T05:41:08Z</time>
      </trkpt>
      <trkpt lat="46.330683" lon="6.192401">
        <ele>401.6</ele>
        <time>2026-09-23T05:41:09Z</time>
      </trkpt>
      <trkpt lat="46.3307" lon="6.192361">
        <ele>401.8</ele>
        <time>2026-09-23T05:41:10Z</time>
      </trkpt>
      <trkpt lat="46.330714" lon="6.192321">
        <ele>401.9</ele>
        <time>2026-09-23T05:41:11Z</time>
      </trkpt>
      <trkpt lat="46.330728" lon="6.192281">
        <ele>402.1</ele>
        <time>2026-09-23T05:41:12Z</time>
      </trkpt>
      <trkpt lat="46.330744" lon="6.192238">
        <ele>402.2</ele>
        <time>2026-09-23T05:41:13Z</time>
      </trkpt>
      <trkpt lat="46.330758" lon="6.192192">
        <ele>402.3</ele>
        <time>2026-09-23T05:41:14Z</time>
      </trkpt>
      <trkpt lat="46.33077" lon="6.192148">
        <ele>402.4</ele>
        <time>2026-09-23T05:41:15Z</time>
      </trkpt>
      <trkpt lat="46.330783" lon="6.192107">
        <ele>402.5</ele>
        <time>2026-09-23T05:41:16Z</time>
      </trkpt>
      <trkpt lat="46.33079" lon="6.192056">
        <ele>402.6</ele>
        <time>2026-09-23T05:41:17Z</time>
      </trkpt>
      <trkpt lat="46.330794" lon="6.192002">
        <ele>402.7</ele>
        <time>2026-09-23T05:41:18Z</time>
      </trkpt>
      <trkpt lat="46.330786" lon="6.191947">
        <ele>402.7</ele>
        <time>2026-09-23T05:41:19Z</time>
      </trkpt>
      <trkpt lat="46.330759" lon="6.191896">
        <ele>402.8</ele>
        <time>2026-09-23T05:41:20Z</time>
      </trkpt>
      <trkpt lat="46.330723" lon="6.19186">
        <ele>402.7</ele>
        <time>2026-09-23T05:41:21Z</time>
      </trkpt>
      <trkpt lat="46.330683" lon="6.191842">
        <ele>402.6</ele>
        <time>2026-09-23T05:41:22Z</time>
      </trkpt>
      <trkpt lat="46.330639" lon="6.191838">
        <ele>402.5</ele>
        <time>2026-09-23T05:41:23Z</time>
      </trkpt>
      <trkpt lat="46.330593" lon="6.191841">
        <ele>402.4</ele>
        <time>2026-09-23T05:41:24Z</time>
      </trkpt>
      <trkpt lat="46.330548" lon="6.191835">
        <ele>402.4</ele>
        <time>2026-09-23T05:41:25Z</time>
      </trkpt>
      <trkpt lat="46.330505" lon="6.191822">
        <ele>402.3</ele>
        <time>2026-09-23T05:41:26Z</time>
      </trkpt>
      <trkpt lat="46.330458" lon="6.191812">
        <ele>402.2</ele>
        <time>2026-09-23T05:41:27Z</time>
      </trkpt>
      <trkpt lat="46.330411" lon="6.191808">
        <ele>402.2</ele>
        <time>2026-09-23T05:41:28Z</time>
      </trkpt>
      <trkpt lat="46.330359" lon="6.191798">
        <ele>402.2</ele>
        <time>2026-09-23T05:41:29Z</time>
      </trkpt>
      <trkpt lat="46.330305" lon="6.191791">
        <ele>402.1</ele>
        <time>2026-09-23T05:41:30Z</time>
      </trkpt>
      <trkpt lat="46.330249" lon="6.191777">
        <ele>402.0</ele>
        <time>2026-09-23T05:41:31Z</time>
      </trkpt>
      <trkpt lat="46.330192" lon="6.191754">
        <ele>401.9</ele>
        <time>2026-09-23T05:41:32Z</time>
      </trkpt>
      <trkpt lat="46.33014" lon="6.191715">
        <ele>401.9</ele>
        <time>2026-09-23T05:41:33Z</time>
      </trkpt>
      <trkpt lat="46.330091" lon="6.191646">
        <ele>401.8</ele>
        <time>2026-09-23T05:41:34Z</time>
      </trkpt>
      <trkpt lat="46.330044" lon="6.191596">
        <ele>401.8</ele>
        <time>2026-09-23T05:41:35Z</time>
      </trkpt>
      <trkpt lat="46.329991" lon="6.191548">
        <ele>401.8</ele>
        <time>2026-09-23T05:41:36Z</time>
      </trkpt>
      <trkpt lat="46.32994" lon="6.191498">
        <ele>401.9</ele>
        <time>2026-09-23T05:41:37Z</time>
      </trkpt>
      <trkpt lat="46.32989" lon="6.191446">
        <ele>402.0</ele>
        <time>2026-09-23T05:41:38Z</time>
      </trkpt>
      <trkpt lat="46.329846" lon="6.191392">
        <ele>402.0</ele>
        <time>2026-09-23T05:41:39Z</time>
      </trkpt>
      <trkpt lat="46.329797" lon="6.191344">
        <ele>402.1</ele>
        <time>2026-09-23T05:41:40Z</time>
      </trkpt>
      <trkpt lat="46.329746" lon="6.191298">
        <ele>402.2</ele>
        <time>2026-09-23T05:41:41Z</time>
      </trkpt>
      <trkpt lat="46.329697" lon="6.191256">
        <ele>402.2</ele>
        <time>2026-09-23T05:41:42Z</time>
      </trkpt>
      <trkpt lat="46.329653" lon="6.191203">
        <ele>402.3</ele>
        <time>2026-09-23T05:41:43Z</time>
      </trkpt>
      <trkpt lat="46.329618" lon="6.191142">
        <ele>402.4</ele>
        <time>2026-09-23T05:41:44Z</time>
      </trkpt>
      <trkpt lat="46.329579" lon="6.191088">
        <ele>402.5</ele>
        <time>2026-09-23T05:41:45Z</time>
      </trkpt>
      <trkpt lat="46.329531" lon="6.191044">
        <ele>402.6</ele>
        <time>2026-09-23T05:41:46Z</time>
      </trkpt>
      <trkpt lat="46.329483" lon="6.191">
        <ele>402.7</ele>
        <time>2026-09-23T05:41:47Z</time>
      </trkpt>
      <trkpt lat="46.329437" lon="6.190955">
        <ele>402.8</ele>
        <time>2026-09-23T05:41:48Z</time>
      </trkpt>
      <trkpt lat="46.329393" lon="6.190912">
        <ele>403.0</ele>
        <time>2026-09-23T05:41:49Z</time>
      </trkpt>
      <trkpt lat="46.329349" lon="6.190872">
        <ele>403.1</ele>
        <time>2026-09-23T05:41:50Z</time>
      </trkpt>
      <trkpt lat="46.329309" lon="6.190832">
        <ele>403.3</ele>
        <time>2026-09-23T05:41:51Z</time>
      </trkpt>
      <trkpt lat="46.329266" lon="6.190799">
        <ele>403.4</ele>
        <time>2026-09-23T05:41:52Z</time>
      </trkpt>
      <trkpt lat="46.329227" lon="6.190764">
        <ele>403.6</ele>
        <time>2026-09-23T05:41:53Z</time>
      </trkpt>
      <trkpt lat="46.329192" lon="6.190727">
        <ele>403.7</ele>
        <time>2026-09-23T05:41:54Z</time>
      </trkpt>
      <trkpt lat="46.329157" lon="6.19069">
        <ele>403.9</ele>
        <time>2026-09-23T05:41:55Z</time>
      </trkpt>
      <trkpt lat="46.329124" lon="6.190655">
        <ele>404.0</ele>
        <time>2026-09-23T05:41:56Z</time>
      </trkpt>
      <trkpt lat="46.32909" lon="6.190622">
        <ele>404.2</ele>
        <time>2026-09-23T05:41:57Z</time>
      </trkpt>
      <trkpt lat="46.329056" lon="6.19059">
        <ele>404.4</ele>
        <time>2026-09-23T05:41:58Z</time>
      </trkpt>
      <trkpt lat="46.329025" lon="6.190555">
        <ele>404.6</ele>
        <time>2026-09-23T05:41:59Z</time>
      </trkpt>
      <trkpt lat="46.328995" lon="6.190518">
        <ele>404.8</ele>
        <time>2026-09-23T05:42:00Z</time>
      </trkpt>
      <trkpt lat="46.328966" lon="6.190481">
        <ele>405.0</ele>
        <time>2026-09-23T05:42:01Z</time>
      </trkpt>
      <trkpt lat="46.328937" lon="6.190448">
        <ele>405.2</ele>
        <time>2026-09-23T05:42:02Z</time>
      </trkpt>
      <trkpt lat="46.328907" lon="6.190411">
        <ele>405.4</ele>
        <time>2026-09-23T05:42:03Z</time>
      </trkpt>
      <trkpt lat="46.328878" lon="6.190378">
        <ele>405.6</ele>
        <time>2026-09-23T05:42:04Z</time>
      </trkpt>
      <trkpt lat="46.328849" lon="6.190344">
        <ele>405.8</ele>
        <time>2026-09-23T05:42:05Z</time>
      </trkpt>
      <trkpt lat="46.328822" lon="6.190311">
        <ele>406.0</ele>
        <time>2026-09-23T05:42:06Z</time>
      </trkpt>
      <trkpt lat="46.328795" lon="6.190277">
        <ele>406.2</ele>
        <time>2026-09-23T05:42:07Z</time>
      </trkpt>
      <trkpt lat="46.328766" lon="6.190245">
        <ele>406.4</ele>
        <time>2026-09-23T05:42:08Z</time>
      </trkpt>
      <trkpt lat="46.328741" lon="6.190207">
        <ele>406.6</ele>
        <time>2026-09-23T05:42:09Z</time>
      </trkpt>
      <trkpt lat="46.328715" lon="6.190171">
        <ele>406.8</ele>
        <time>2026-09-23T05:42:10Z</time>
      </trkpt>
      <trkpt lat="46.328687" lon="6.190138">
        <ele>407.0</ele>
        <time>2026-09-23T05:42:11Z</time>
      </trkpt>
      <trkpt lat="46.32866" lon="6.190105">
        <ele>407.1</ele>
        <time>2026-09-23T05:42:12Z</time>
      </trkpt>
      <trkpt lat="46.328633" lon="6.190069">
        <ele>407.3</ele>
        <time>2026-09-23T05:42:13Z</time>
      </trkpt>
      <trkpt lat="46.328605" lon="6.190033">
        <ele>407.5</ele>
        <time>2026-09-23T05:42:14Z</time>
      </trkpt>
      <trkpt lat="46.328576" lon="6.189998">
        <ele>407.7</ele>
        <time>2026-09-23T05:42:15Z</time>
      </trkpt>
      <trkpt lat="46.328548" lon="6.189962">
        <ele>407.8</ele>
        <time>2026-09-23T05:42:16Z</time>
      </trkpt>
      <trkpt lat="46.328519" lon="6.189922">
        <ele>408.0</ele>
        <time>2026-09-23T05:42:17Z</time>
      </trkpt>
      <trkpt lat="46.32849" lon="6.189885">
        <ele>408.1</ele>
        <time>2026-09-23T05:42:18Z</time>
      </trkpt>
      <trkpt lat="46.328463" lon="6.189846">
        <ele>408.3</ele>
        <time>2026-09-23T05:42:19Z</time>
      </trkpt>
      <trkpt lat="46.328436" lon="6.189807">
        <ele>408.4</ele>
        <time>2026-09-23T05:42:20Z</time>
      </trkpt>
      <trkpt lat="46.32841" lon="6.189767">
        <ele>408.5</ele>
        <time>2026-09-23T05:42:21Z</time>
      </trkpt>
      <trkpt lat="46.328383" lon="6.189726">
        <ele>408.6</ele>
        <time>2026-09-23T05:42:22Z</time>
      </trkpt>
      <trkpt lat="46.328355" lon="6.189683">
        <ele>408.7</ele>
        <time>2026-09-23T05:42:23Z</time>
      </trkpt>
      <trkpt lat="46.32833" lon="6.189641">
        <ele>408.8</ele>
        <time>2026-09-23T05:42:24Z</time>
      </trkpt>
      <trkpt lat="46.328304" lon="6.189597">
        <ele>408.9</ele>
        <time>2026-09-23T05:42:25Z</time>
      </trkpt>
      <trkpt lat="46.328279" lon="6.189552">
        <ele>409.0</ele>
        <time>2026-09-23T05:42:26Z</time>
      </trkpt>
      <trkpt lat="46.328257" lon="6.189504">
        <ele>409.1</ele>
        <time>2026-09-23T05:42:27Z</time>
      </trkpt>
      <trkpt lat="46.328235" lon="6.189455">
        <ele>409.2</ele>
        <time>2026-09-23T05:42:28Z</time>
      </trkpt>
      <trkpt lat="46.32821" lon="6.189408">
        <ele>409.3</ele>
        <time>2026-09-23T05:42:29Z</time>
      </trkpt>
      <trkpt lat="46.328189" lon="6.189359">
        <ele>409.4</ele>
        <time>2026-09-23T05:42:30Z</time>
      </trkpt>
      <trkpt lat="46.328167" lon="6.189313">
        <ele>409.4</ele>
        <time>2026-09-23T05:42:31Z</time>
      </trkpt>
      <trkpt lat="46.328142" lon="6.189267">
        <ele>409.5</ele>
        <time>2026-09-23T05:42:32Z</time>
      </trkpt>
      <trkpt lat="46.328116" lon="6.189221">
        <ele>409.5</ele>
        <time>2026-09-23T05:42:33Z</time>
      </trkpt>
      <trkpt lat="46.328092" lon="6.189172">
        <ele>409.6</ele>
        <time>2026-09-23T05:42:34Z</time>
      </trkpt>
      <trkpt lat="46.328065" lon="6.189123">
        <ele>409.6</ele>
        <time>2026-09-23T05:42:35Z</time>
      </trkpt>
      <trkpt lat="46.328039" lon="6.189075">
        <ele>409.7</ele>
        <time>2026-09-23T05:42:36Z</time>
      </trkpt>
      <trkpt lat="46.328013" lon="6.189023">
        <ele>409.7</ele>
        <time>2026-09-23T05:42:37Z</time>
      </trkpt>
      <trkpt lat="46.327984" lon="6.188972">
        <ele>409.8</ele>
        <time>2026-09-23T05:42:38Z</time>
      </trkpt>
      <trkpt lat="46.327954" lon="6.188923">
        <ele>409.8</ele>
        <time>2026-09-23T05:42:39Z</time>
      </trkpt>
      <trkpt lat="46.327924" lon="6.188875">
        <ele>409.8</ele>
        <time>2026-09-23T05:42:40Z</time>
      </trkpt>
      <trkpt lat="46.32789" lon="6.188826">
        <ele>409.8</ele>
        <time>2026-09-23T05:42:41Z</time>
      </trkpt>
      <trkpt lat="46.327853" lon="6.188777">
        <ele>409.9</ele>
        <time>2026-09-23T05:42:42Z</time>
      </trkpt>
      <trkpt lat="46.327816" lon="6.188733">
        <ele>409.9</ele>
        <time>2026-09-23T05:42:43Z</time>
      </trkpt>
      <trkpt lat="46.327774" lon="6.188683">
        <ele>409.9</ele>
        <time>2026-09-23T05:42:44Z</time>
      </trkpt>
      <trkpt lat="46.327729" lon="6.188635">
        <ele>409.9</ele>
        <time>2026-09-23T05:42:45Z</time>
      </trkpt>
      <trkpt lat="46.327684" lon="6.188589">
        <ele>409.9</ele>
        <time>2026-09-23T05:42:46Z</time>
      </trkpt>
      <trkpt lat="46.32764" lon="6.188542">
        <ele>409.9</ele>
        <time>2026-09-23T05:42:47Z</time>
      </trkpt>
      <trkpt lat="46.327596" lon="6.188492">
        <ele>409.9</ele>
        <time>2026-09-23T05:42:48Z</time>
      </trkpt>
      <trkpt lat="46.327551" lon="6.188443">
        <ele>410.0</ele>
        <time>2026-09-23T05:42:49Z</time>
      </trkpt>
      <trkpt lat="46.327502" lon="6.188393">
        <ele>410.0</ele>
        <time>2026-09-23T05:42:50Z</time>
      </trkpt>
      <trkpt lat="46.327455" lon="6.188344">
        <ele>410.0</ele>
        <time>2026-09-23T05:42:51Z</time>
      </trkpt>
      <trkpt lat="46.327409" lon="6.188294">
        <ele>410.0</ele>
        <time>2026-09-23T05:42:52Z</time>
      </trkpt>
      <trkpt lat="46.327363" lon="6.188243">
        <ele>410.0</ele>
        <time>2026-09-23T05:42:53Z</time>
      </trkpt>
      <trkpt lat="46.327316" lon="6.188192">
        <ele>410.1</ele>
        <time>2026-09-23T05:42:54Z</time>
      </trkpt>
      <trkpt lat="46.32727" lon="6.188141">
        <ele>410.1</ele>
        <time>2026-09-23T05:42:55Z</time>
      </trkpt>
      <trkpt lat="46.327223" lon="6.188092">
        <ele>410.1</ele>
        <time>2026-09-23T05:42:56Z</time>
      </trkpt>
      <trkpt lat="46.327176" lon="6.188043">
        <ele>410.2</ele>
        <time>2026-09-23T05:42:57Z</time>
      </trkpt>
      <trkpt lat="46.327131" lon="6.187994">
        <ele>410.2</ele>
        <time>2026-09-23T05:42:58Z</time>
      </trkpt>
      <trkpt lat="46.327083" lon="6.187945">
        <ele>410.2</ele>
        <time>2026-09-23T05:42:59Z</time>
      </trkpt>
      <trkpt lat="46.327036" lon="6.187896">
        <ele>410.3</ele>
        <time>2026-09-23T05:43:00Z</time>
      </trkpt>
      <trkpt lat="46.326989" lon="6.187848">
        <ele>410.3</ele>
        <time>2026-09-23T05:43:01Z</time>
      </trkpt>
      <trkpt lat="46.326943" lon="6.187797">
        <ele>410.4</ele>
        <time>2026-09-23T05:43:02Z</time>
      </trkpt>
      <trkpt lat="46.326898" lon="6.187746">
        <ele>410.4</ele>
        <time>2026-09-23T05:43:03Z</time>
      </trkpt>
      <trkpt lat="46.326852" lon="6.187694">
        <ele>410.4</ele>
        <time>2026-09-23T05:43:04Z</time>
      </trkpt>
      <trkpt lat="46.326805" lon="6.187645">
        <ele>410.5</ele>
        <time>2026-09-23T05:43:05Z</time>
      </trkpt>
      <trkpt lat="46.32676" lon="6.187596">
        <ele>410.5</ele>
        <time>2026-09-23T05:43:06Z</time>
      </trkpt>
      <trkpt lat="46.326715" lon="6.187549">
        <ele>410.5</ele>
        <time>2026-09-23T05:43:07Z</time>
      </trkpt>
      <trkpt lat="46.326669" lon="6.1875">
        <ele>410.6</ele>
        <time>2026-09-23T05:43:08Z</time>
      </trkpt>
      <trkpt lat="46.326625" lon="6.187451">
        <ele>410.6</ele>
        <time>2026-09-23T05:43:09Z</time>
      </trkpt>
      <trkpt lat="46.326577" lon="6.187399">
        <ele>410.6</ele>
        <time>2026-09-23T05:43:10Z</time>
      </trkpt>
      <trkpt lat="46.326534" lon="6.187346">
        <ele>410.6</ele>
        <time>2026-09-23T05:43:11Z</time>
      </trkpt>
      <trkpt lat="46.326488" lon="6.187297">
        <ele>410.7</ele>
        <time>2026-09-23T05:43:12Z</time>
      </trkpt>
      <trkpt lat="46.32644" lon="6.187247">
        <ele>410.7</ele>
        <time>2026-09-23T05:43:13Z</time>
      </trkpt>
      <trkpt lat="46.326395" lon="6.187195">
        <ele>410.7</ele>
        <time>2026-09-23T05:43:14Z</time>
      </trkpt>
      <trkpt lat="46.326348" lon="6.187146">
        <ele>410.8</ele>
        <time>2026-09-23T05:43:15Z</time>
      </trkpt>
      <trkpt lat="46.326303" lon="6.187095">
        <ele>410.8</ele>
        <time>2026-09-23T05:43:16Z</time>
      </trkpt>
      <trkpt lat="46.326258" lon="6.187044">
        <ele>410.8</ele>
        <time>2026-09-23T05:43:17Z</time>
      </trkpt>
      <trkpt lat="46.326214" lon="6.186992">
        <ele>410.9</ele>
        <time>2026-09-23T05:43:18Z</time>
      </trkpt>
      <trkpt lat="46.326166" lon="6.186946">
        <ele>410.9</ele>
        <time>2026-09-23T05:43:19Z</time>
      </trkpt>
      <trkpt lat="46.326116" lon="6.186907">
        <ele>411.0</ele>
        <time>2026-09-23T05:43:20Z</time>
      </trkpt>
      <trkpt lat="46.326067" lon="6.186868">
        <ele>411.0</ele>
        <time>2026-09-23T05:43:21Z</time>
      </trkpt>
      <trkpt lat="46.326015" lon="6.186831">
        <ele>411.0</ele>
        <time>2026-09-23T05:43:22Z</time>
      </trkpt>
      <trkpt lat="46.325964" lon="6.186798">
        <ele>411.1</ele>
        <time>2026-09-23T05:43:23Z</time>
      </trkpt>
      <trkpt lat="46.32591" lon="6.186765">
        <ele>411.1</ele>
        <time>2026-09-23T05:43:24Z</time>
      </trkpt>
      <trkpt lat="46.325853" lon="6.186727">
        <ele>411.1</ele>
        <time>2026-09-23T05:43:25Z</time>
      </trkpt>
      <trkpt lat="46.325799" lon="6.186689">
        <ele>411.1</ele>
        <time>2026-09-23T05:43:26Z</time>
      </trkpt>
      <trkpt lat="46.325744" lon="6.186649">
        <ele>411.1</ele>
        <time>2026-09-23T05:43:27Z</time>
      </trkpt>
      <trkpt lat="46.32569" lon="6.18661">
        <ele>411.1</ele>
        <time>2026-09-23T05:43:28Z</time>
      </trkpt>
      <trkpt lat="46.325635" lon="6.186569">
        <ele>411.1</ele>
        <time>2026-09-23T05:43:29Z</time>
      </trkpt>
      <trkpt lat="46.325579" lon="6.186536">
        <ele>411.1</ele>
        <time>2026-09-23T05:43:30Z</time>
      </trkpt>
      <trkpt lat="46.325523" lon="6.186497">
        <ele>411.1</ele>
        <time>2026-09-23T05:43:31Z</time>
      </trkpt>
      <trkpt lat="46.325467" lon="6.186456">
        <ele>411.1</ele>
        <time>2026-09-23T05:43:32Z</time>
      </trkpt>
      <trkpt lat="46.325415" lon="6.186413">
        <ele>411.2</ele>
        <time>2026-09-23T05:43:33Z</time>
      </trkpt>
      <trkpt lat="46.325361" lon="6.186371">
        <ele>411.2</ele>
        <time>2026-09-23T05:43:34Z</time>
      </trkpt>
      <trkpt lat="46.325312" lon="6.186336">
        <ele>411.2</ele>
        <time>2026-09-23T05:43:35Z</time>
      </trkpt>
      <trkpt lat="46.325265" lon="6.186294">
        <ele>411.2</ele>
        <time>2026-09-23T05:43:36Z</time>
      </trkpt>
      <trkpt lat="46.325218" lon="6.186249">
        <ele>411.2</ele>
        <time>2026-09-23T05:43:37Z</time>
      </trkpt>
      <trkpt lat="46.325168" lon="6.186198">
        <ele>411.2</ele>
        <time>2026-09-23T05:43:38Z</time>
      </trkpt>
      <trkpt lat="46.325119" lon="6.186152">
        <ele>411.1</ele>
        <time>2026-09-23T05:43:39Z</time>
      </trkpt>
      <trkpt lat="46.32507" lon="6.186105">
        <ele>411.1</ele>
        <time>2026-09-23T05:43:40Z</time>
      </trkpt>
      <trkpt lat="46.325019" lon="6.186051">
        <ele>411.1</ele>
        <time>2026-09-23T05:43:41Z</time>
      </trkpt>
      <trkpt lat="46.324968" lon="6.185998">
        <ele>411.1</ele>
        <time>2026-09-23T05:43:42Z</time>
      </trkpt>
      <trkpt lat="46.324918" lon="6.185946">
        <ele>411.0</ele>
        <time>2026-09-23T05:43:43Z</time>
      </trkpt>
      <trkpt lat="46.324867" lon="6.185898">
        <ele>411.0</ele>
        <time>2026-09-23T05:43:44Z</time>
      </trkpt>
      <trkpt lat="46.324817" lon="6.185847">
        <ele>411.0</ele>
        <time>2026-09-23T05:43:45Z</time>
      </trkpt>
      <trkpt lat="46.324765" lon="6.185798">
        <ele>411.0</ele>
        <time>2026-09-23T05:43:46Z</time>
      </trkpt>
      <trkpt lat="46.324718" lon="6.185741">
        <ele>411.0</ele>
        <time>2026-09-23T05:43:47Z</time>
      </trkpt>
      <trkpt lat="46.324666" lon="6.185685">
        <ele>410.9</ele>
        <time>2026-09-23T05:43:48Z</time>
      </trkpt>
      <trkpt lat="46.324616" lon="6.185632">
        <ele>410.9</ele>
        <time>2026-09-23T05:43:49Z</time>
      </trkpt>
      <trkpt lat="46.324566" lon="6.185579">
        <ele>410.9</ele>
        <time>2026-09-23T05:43:50Z</time>
      </trkpt>
      <trkpt lat="46.324514" lon="6.185529">
        <ele>410.9</ele>
        <time>2026-09-23T05:43:51Z</time>
      </trkpt>
      <trkpt lat="46.324465" lon="6.185471">
        <ele>411.0</ele>
        <time>2026-09-23T05:43:52Z</time>
      </trkpt>
      <trkpt lat="46.324416" lon="6.185415">
        <ele>411.1</ele>
        <time>2026-09-23T05:43:53Z</time>
      </trkpt>
      <trkpt lat="46.324365" lon="6.185365">
        <ele>411.1</ele>
        <time>2026-09-23T05:43:54Z</time>
      </trkpt>
      <trkpt lat="46.324314" lon="6.185314">
        <ele>411.2</ele>
        <time>2026-09-23T05:43:55Z</time>
      </trkpt>
      <trkpt lat="46.324265" lon="6.185263">
        <ele>411.3</ele>
        <time>2026-09-23T05:43:56Z</time>
      </trkpt>
      <trkpt lat="46.324217" lon="6.185209">
        <ele>411.4</ele>
        <time>2026-09-23T05:43:57Z</time>
      </trkpt>
      <trkpt lat="46.324169" lon="6.185158">
        <ele>411.4</ele>
        <time>2026-09-23T05:43:58Z</time>
      </trkpt>
      <trkpt lat="46.324121" lon="6.185108">
        <ele>411.5</ele>
        <time>2026-09-23T05:43:59Z</time>
      </trkpt>
      <trkpt lat="46.324073" lon="6.185055">
        <ele>411.6</ele>
        <time>2026-09-23T05:44:00Z</time>
      </trkpt>
      <trkpt lat="46.324027" lon="6.185007">
        <ele>411.6</ele>
        <time>2026-09-23T05:44:01Z</time>
      </trkpt>
      <trkpt lat="46.323981" lon="6.184961">
        <ele>411.7</ele>
        <time>2026-09-23T05:44:02Z</time>
      </trkpt>
      <trkpt lat="46.323934" lon="6.184912">
        <ele>411.7</ele>
        <time>2026-09-23T05:44:03Z</time>
      </trkpt>
      <trkpt lat="46.323889" lon="6.184866">
        <ele>411.8</ele>
        <time>2026-09-23T05:44:04Z</time>
      </trkpt>
      <trkpt lat="46.323842" lon="6.184821">
        <ele>411.9</ele>
        <time>2026-09-23T05:44:05Z</time>
      </trkpt>
      <trkpt lat="46.323795" lon="6.184776">
        <ele>412.0</ele>
        <time>2026-09-23T05:44:06Z</time>
      </trkpt>
      <trkpt lat="46.32375" lon="6.184731">
        <ele>412.0</ele>
        <time>2026-09-23T05:44:07Z</time>
      </trkpt>
      <trkpt lat="46.323702" lon="6.184687">
        <ele>412.1</ele>
        <time>2026-09-23T05:44:08Z</time>
      </trkpt>
      <trkpt lat="46.323657" lon="6.184639">
        <ele>412.2</ele>
        <time>2026-09-23T05:44:09Z</time>
      </trkpt>
      <trkpt lat="46.323611" lon="6.184589">
        <ele>412.2</ele>
        <time>2026-09-23T05:44:10Z</time>
      </trkpt>
      <trkpt lat="46.323567" lon="6.184542">
        <ele>412.3</ele>
        <time>2026-09-23T05:44:11Z</time>
      </trkpt>
      <trkpt lat="46.323522" lon="6.184492">
        <ele>412.4</ele>
        <time>2026-09-23T05:44:12Z</time>
      </trkpt>
      <trkpt lat="46.323477" lon="6.184442">
        <ele>412.4</ele>
        <time>2026-09-23T05:44:13Z</time>
      </trkpt>
      <trkpt lat="46.323431" lon="6.184397">
        <ele>412.5</ele>
        <time>2026-09-23T05:44:14Z</time>
      </trkpt>
      <trkpt lat="46.323387" lon="6.184347">
        <ele>412.6</ele>
        <time>2026-09-23T05:44:15Z</time>
      </trkpt>
      <trkpt lat="46.323342" lon="6.184297">
        <ele>412.6</ele>
        <time>2026-09-23T05:44:16Z</time>
      </trkpt>
      <trkpt lat="46.3233" lon="6.184244">
        <ele>412.7</ele>
        <time>2026-09-23T05:44:17Z</time>
      </trkpt>
      <trkpt lat="46.323261" lon="6.184187">
        <ele>412.8</ele>
        <time>2026-09-23T05:44:18Z</time>
      </trkpt>
      <trkpt lat="46.323222" lon="6.184134">
        <ele>412.8</ele>
        <time>2026-09-23T05:44:19Z</time>
      </trkpt>
      <trkpt lat="46.323184" lon="6.184075">
        <ele>412.9</ele>
        <time>2026-09-23T05:44:20Z</time>
      </trkpt>
      <trkpt lat="46.323147" lon="6.184015">
        <ele>413.0</ele>
        <time>2026-09-23T05:44:21Z</time>
      </trkpt>
      <trkpt lat="46.323113" lon="6.183947">
        <ele>413.0</ele>
        <time>2026-09-23T05:44:22Z</time>
      </trkpt>
      <trkpt lat="46.323081" lon="6.183876">
        <ele>413.1</ele>
        <time>2026-09-23T05:44:23Z</time>
      </trkpt>
      <trkpt lat="46.323051" lon="6.183803">
        <ele>413.2</ele>
        <time>2026-09-23T05:44:24Z</time>
      </trkpt>
      <trkpt lat="46.323027" lon="6.183727">
        <ele>413.3</ele>
        <time>2026-09-23T05:44:25Z</time>
      </trkpt>
      <trkpt lat="46.323004" lon="6.18365">
        <ele>413.4</ele>
        <time>2026-09-23T05:44:26Z</time>
      </trkpt>
      <trkpt lat="46.322982" lon="6.183573">
        <ele>413.5</ele>
        <time>2026-09-23T05:44:27Z</time>
      </trkpt>
      <trkpt lat="46.322966" lon="6.183493">
        <ele>413.6</ele>
        <time>2026-09-23T05:44:28Z</time>
      </trkpt>
      <trkpt lat="46.322953" lon="6.183416">
        <ele>413.7</ele>
        <time>2026-09-23T05:44:29Z</time>
      </trkpt>
      <trkpt lat="46.322944" lon="6.183338">
        <ele>413.8</ele>
        <time>2026-09-23T05:44:30Z</time>
      </trkpt>
      <trkpt lat="46.322937" lon="6.18326">
        <ele>413.9</ele>
        <time>2026-09-23T05:44:31Z</time>
      </trkpt>
      <trkpt lat="46.322929" lon="6.183182">
        <ele>414.0</ele>
        <time>2026-09-23T05:44:32Z</time>
      </trkpt>
      <trkpt lat="46.322921" lon="6.183104">
        <ele>414.1</ele>
        <time>2026-09-23T05:44:33Z</time>
      </trkpt>
      <trkpt lat="46.322915" lon="6.18303">
        <ele>414.2</ele>
        <time>2026-09-23T05:44:34Z</time>
      </trkpt>
      <trkpt lat="46.322909" lon="6.182955">
        <ele>414.3</ele>
        <time>2026-09-23T05:44:35Z</time>
      </trkpt>
      <trkpt lat="46.322904" lon="6.182882">
        <ele>414.4</ele>
        <time>2026-09-23T05:44:36Z</time>
      </trkpt>
      <trkpt lat="46.322899" lon="6.182808">
        <ele>414.5</ele>
        <time>2026-09-23T05:44:37Z</time>
      </trkpt>
      <trkpt lat="46.322895" lon="6.182735">
        <ele>414.7</ele>
        <time>2026-09-23T05:44:38Z</time>
      </trkpt>
      <trkpt lat="46.322895" lon="6.182662">
        <ele>414.8</ele>
        <time>2026-09-23T05:44:39Z</time>
      </trkpt>
      <trkpt lat="46.322891" lon="6.182587">
        <ele>414.9</ele>
        <time>2026-09-23T05:44:40Z</time>
      </trkpt>
      <trkpt lat="46.322886" lon="6.182517">
        <ele>415.0</ele>
        <time>2026-09-23T05:44:41Z</time>
      </trkpt>
      <trkpt lat="46.322881" lon="6.182448">
        <ele>415.1</ele>
        <time>2026-09-23T05:44:42Z</time>
      </trkpt>
      <trkpt lat="46.32288" lon="6.182376">
        <ele>415.3</ele>
        <time>2026-09-23T05:44:43Z</time>
      </trkpt>
      <trkpt lat="46.322875" lon="6.182307">
        <ele>415.4</ele>
        <time>2026-09-23T05:44:44Z</time>
      </trkpt>
      <trkpt lat="46.322872" lon="6.182239">
        <ele>415.5</ele>
        <time>2026-09-23T05:44:45Z</time>
      </trkpt>
      <trkpt lat="46.322868" lon="6.18217">
        <ele>415.7</ele>
        <time>2026-09-23T05:44:46Z</time>
      </trkpt>
      <trkpt lat="46.322863" lon="6.182104">
        <ele>415.8</ele>
        <time>2026-09-23T05:44:47Z</time>
      </trkpt>
      <trkpt lat="46.322859" lon="6.182037">
        <ele>415.9</ele>
        <time>2026-09-23T05:44:48Z</time>
      </trkpt>
      <trkpt lat="46.322855" lon="6.181972">
        <ele>416.1</ele>
        <time>2026-09-23T05:44:49Z</time>
      </trkpt>
      <trkpt lat="46.322845" lon="6.181908">
        <ele>416.3</ele>
        <time>2026-09-23T05:44:50Z</time>
      </trkpt>
      <trkpt lat="46.322833" lon="6.181846">
        <ele>416.4</ele>
        <time>2026-09-23T05:44:51Z</time>
      </trkpt>
      <trkpt lat="46.32282" lon="6.181783">
        <ele>416.6</ele>
        <time>2026-09-23T05:44:52Z</time>
      </trkpt>
      <trkpt lat="46.322806" lon="6.181722">
        <ele>416.7</ele>
        <time>2026-09-23T05:44:53Z</time>
      </trkpt>
      <trkpt lat="46.322789" lon="6.181663">
        <ele>416.9</ele>
        <time>2026-09-23T05:44:54Z</time>
      </trkpt>
      <trkpt lat="46.322767" lon="6.18161">
        <ele>417.0</ele>
        <time>2026-09-23T05:44:55Z</time>
      </trkpt>
      <trkpt lat="46.322737" lon="6.18156">
        <ele>417.2</ele>
        <time>2026-09-23T05:44:56Z</time>
      </trkpt>
      <trkpt lat="46.322705" lon="6.181514">
        <ele>417.3</ele>
        <time>2026-09-23T05:44:57Z</time>
      </trkpt>
      <trkpt lat="46.32267" lon="6.18148">
        <ele>417.4</ele>
        <time>2026-09-23T05:44:58Z</time>
      </trkpt>
      <trkpt lat="46.322629" lon="6.181451">
        <ele>417.5</ele>
        <time>2026-09-23T05:44:59Z</time>
      </trkpt>
      <trkpt lat="46.32259" lon="6.181423">
        <ele>417.6</ele>
        <time>2026-09-23T05:45:00Z</time>
      </trkpt>
      <trkpt lat="46.322554" lon="6.181392">
        <ele>417.6</ele>
        <time>2026-09-23T05:45:01Z</time>
      </trkpt>
      <trkpt lat="46.322518" lon="6.181362">
        <ele>417.7</ele>
        <time>2026-09-23T05:45:02Z</time>
      </trkpt>
      <trkpt lat="46.322476" lon="6.181337">
        <ele>417.8</ele>
        <time>2026-09-23T05:45:03Z</time>
      </trkpt>
      <trkpt lat="46.322435" lon="6.181307">
        <ele>417.8</ele>
        <time>2026-09-23T05:45:04Z</time>
      </trkpt>
      <trkpt lat="46.322393" lon="6.181278">
        <ele>417.9</ele>
        <time>2026-09-23T05:45:05Z</time>
      </trkpt>
      <trkpt lat="46.32235" lon="6.18125">
        <ele>417.9</ele>
        <time>2026-09-23T05:45:06Z</time>
      </trkpt>
      <trkpt lat="46.322307" lon="6.181225">
        <ele>418.0</ele>
        <time>2026-09-23T05:45:07Z</time>
      </trkpt>
      <trkpt lat="46.322261" lon="6.181199">
        <ele>418.1</ele>
        <time>2026-09-23T05:45:08Z</time>
      </trkpt>
      <trkpt lat="46.322217" lon="6.181173">
        <ele>418.1</ele>
        <time>2026-09-23T05:45:09Z</time>
      </trkpt>
      <trkpt lat="46.322171" lon="6.181149">
        <ele>418.2</ele>
        <time>2026-09-23T05:45:10Z</time>
      </trkpt>
      <trkpt lat="46.322124" lon="6.181132">
        <ele>418.3</ele>
        <time>2026-09-23T05:45:11Z</time>
      </trkpt>
      <trkpt lat="46.322077" lon="6.181112">
        <ele>418.3</ele>
        <time>2026-09-23T05:45:12Z</time>
      </trkpt>
      <trkpt lat="46.322029" lon="6.181094">
        <ele>418.4</ele>
        <time>2026-09-23T05:45:13Z</time>
      </trkpt>
      <trkpt lat="46.321983" lon="6.181074">
        <ele>418.4</ele>
        <time>2026-09-23T05:45:14Z</time>
      </trkpt>
      <trkpt lat="46.321936" lon="6.181052">
        <ele>418.5</ele>
        <time>2026-09-23T05:45:15Z</time>
      </trkpt>
      <trkpt lat="46.321888" lon="6.181026">
        <ele>418.5</ele>
        <time>2026-09-23T05:45:16Z</time>
      </trkpt>
      <trkpt lat="46.32184" lon="6.180997">
        <ele>418.6</ele>
        <time>2026-09-23T05:45:17Z</time>
      </trkpt>
      <trkpt lat="46.321793" lon="6.180971">
        <ele>418.6</ele>
        <time>2026-09-23T05:45:18Z</time>
      </trkpt>
      <trkpt lat="46.321746" lon="6.180946">
        <ele>418.7</ele>
        <time>2026-09-23T05:45:19Z</time>
      </trkpt>
      <trkpt lat="46.321698" lon="6.18092">
        <ele>418.7</ele>
        <time>2026-09-23T05:45:20Z</time>
      </trkpt>
      <trkpt lat="46.321649" lon="6.180898">
        <ele>418.8</ele>
        <time>2026-09-23T05:45:21Z</time>
      </trkpt>
      <trkpt lat="46.321601" lon="6.18087">
        <ele>418.9</ele>
        <time>2026-09-23T05:45:22Z</time>
      </trkpt>
      <trkpt lat="46.321554" lon="6.180844">
        <ele>418.9</ele>
        <time>2026-09-23T05:45:23Z</time>
      </trkpt>
      <trkpt lat="46.321508" lon="6.180817">
        <ele>419.0</ele>
        <time>2026-09-23T05:45:24Z</time>
      </trkpt>
      <trkpt lat="46.321463" lon="6.180788">
        <ele>419.0</ele>
        <time>2026-09-23T05:45:25Z</time>
      </trkpt>
      <trkpt lat="46.321418" lon="6.180761">
        <ele>419.1</ele>
        <time>2026-09-23T05:45:26Z</time>
      </trkpt>
      <trkpt lat="46.321373" lon="6.180738">
        <ele>419.2</ele>
        <time>2026-09-23T05:45:27Z</time>
      </trkpt>
      <trkpt lat="46.321329" lon="6.180711">
        <ele>419.2</ele>
        <time>2026-09-23T05:45:28Z</time>
      </trkpt>
      <trkpt lat="46.321283" lon="6.180691">
        <ele>419.3</ele>
        <time>2026-09-23T05:45:29Z</time>
      </trkpt>
      <trkpt lat="46.321235" lon="6.180672">
        <ele>419.4</ele>
        <time>2026-09-23T05:45:30Z</time>
      </trkpt>
      <trkpt lat="46.321189" lon="6.180646">
        <ele>419.4</ele>
        <time>2026-09-23T05:45:31Z</time>
      </trkpt>
      <trkpt lat="46.321144" lon="6.180612">
        <ele>419.5</ele>
        <time>2026-09-23T05:45:32Z</time>
      </trkpt>
      <trkpt lat="46.321102" lon="6.180576">
        <ele>419.6</ele>
        <time>2026-09-23T05:45:33Z</time>
      </trkpt>
      <trkpt lat="46.321058" lon="6.180539">
        <ele>419.6</ele>
        <time>2026-09-23T05:45:34Z</time>
      </trkpt>
      <trkpt lat="46.321017" lon="6.180494">
        <ele>419.7</ele>
        <time>2026-09-23T05:45:35Z</time>
      </trkpt>
      <trkpt lat="46.320981" lon="6.180443">
        <ele>419.8</ele>
        <time>2026-09-23T05:45:36Z</time>
      </trkpt>
      <trkpt lat="46.320948" lon="6.18039">
        <ele>419.9</ele>
        <time>2026-09-23T05:45:37Z</time>
      </trkpt>
      <trkpt lat="46.320918" lon="6.180338">
        <ele>420.0</ele>
        <time>2026-09-23T05:45:38Z</time>
      </trkpt>
      <trkpt lat="46.320889" lon="6.180283">
        <ele>420.1</ele>
        <time>2026-09-23T05:45:39Z</time>
      </trkpt>
      <trkpt lat="46.320861" lon="6.180227">
        <ele>420.1</ele>
        <time>2026-09-23T05:45:40Z</time>
      </trkpt>
      <trkpt lat="46.320833" lon="6.180172">
        <ele>420.2</ele>
        <time>2026-09-23T05:45:41Z</time>
      </trkpt>
      <trkpt lat="46.320806" lon="6.180115">
        <ele>420.3</ele>
        <time>2026-09-23T05:45:42Z</time>
      </trkpt>
      <trkpt lat="46.32078" lon="6.180061">
        <ele>420.3</ele>
        <time>2026-09-23T05:45:43Z</time>
      </trkpt>
      <trkpt lat="46.320749" lon="6.180011">
        <ele>420.4</ele>
        <time>2026-09-23T05:45:44Z</time>
      </trkpt>
      <trkpt lat="46.320715" lon="6.179963">
        <ele>420.5</ele>
        <time>2026-09-23T05:45:45Z</time>
      </trkpt>
      <trkpt lat="46.320677" lon="6.179925">
        <ele>420.5</ele>
        <time>2026-09-23T05:45:46Z</time>
      </trkpt>
      <trkpt lat="46.320633" lon="6.179893">
        <ele>420.6</ele>
        <time>2026-09-23T05:45:47Z</time>
      </trkpt>
      <trkpt lat="46.320592" lon="6.179858">
        <ele>420.7</ele>
        <time>2026-09-23T05:45:48Z</time>
      </trkpt>
      <trkpt lat="46.320559" lon="6.179811">
        <ele>420.7</ele>
        <time>2026-09-23T05:45:49Z</time>
      </trkpt>
      <trkpt lat="46.320538" lon="6.179737">
        <ele>420.8</ele>
        <time>2026-09-23T05:45:50Z</time>
      </trkpt>
      <trkpt lat="46.32053" lon="6.179658">
        <ele>420.9</ele>
        <time>2026-09-23T05:45:51Z</time>
      </trkpt>
      <trkpt lat="46.320531" lon="6.179582">
        <ele>420.9</ele>
        <time>2026-09-23T05:45:52Z</time>
      </trkpt>
      <trkpt lat="46.32053" lon="6.179516">
        <ele>420.9</ele>
        <time>2026-09-23T05:45:53Z</time>
      </trkpt>
      <trkpt lat="46.320531" lon="6.179445">
        <ele>420.9</ele>
        <time>2026-09-23T05:45:54Z</time>
      </trkpt>
      <trkpt lat="46.320529" lon="6.179377">
        <ele>421.0</ele>
        <time>2026-09-23T05:45:55Z</time>
      </trkpt>
      <trkpt lat="46.320526" lon="6.179307">
        <ele>421.0</ele>
        <time>2026-09-23T05:45:56Z</time>
      </trkpt>
      <trkpt lat="46.320526" lon="6.179232">
        <ele>421.0</ele>
        <time>2026-09-23T05:45:57Z</time>
      </trkpt>
      <trkpt lat="46.320525" lon="6.17916">
        <ele>420.9</ele>
        <time>2026-09-23T05:45:58Z</time>
      </trkpt>
      <trkpt lat="46.320521" lon="6.179088">
        <ele>420.9</ele>
        <time>2026-09-23T05:45:59Z</time>
      </trkpt>
      <trkpt lat="46.320519" lon="6.179012">
        <ele>420.8</ele>
        <time>2026-09-23T05:46:00Z</time>
      </trkpt>
      <trkpt lat="46.320509" lon="6.17894">
        <ele>420.7</ele>
        <time>2026-09-23T05:46:01Z</time>
      </trkpt>
      <trkpt lat="46.320493" lon="6.178871">
        <ele>420.7</ele>
        <time>2026-09-23T05:46:02Z</time>
      </trkpt>
      <trkpt lat="46.320463" lon="6.178801">
        <ele>420.5</ele>
        <time>2026-09-23T05:46:03Z</time>
      </trkpt>
      <trkpt lat="46.320416" lon="6.178743">
        <ele>420.2</ele>
        <time>2026-09-23T05:46:04Z</time>
      </trkpt>
      <trkpt lat="46.320362" lon="6.1787">
        <ele>420.0</ele>
        <time>2026-09-23T05:46:05Z</time>
      </trkpt>
      <trkpt lat="46.320308" lon="6.178666">
        <ele>419.7</ele>
        <time>2026-09-23T05:46:06Z</time>
      </trkpt>
      <trkpt lat="46.320254" lon="6.178624">
        <ele>419.4</ele>
        <time>2026-09-23T05:46:07Z</time>
      </trkpt>
      <trkpt lat="46.3202" lon="6.178584">
        <ele>419.0</ele>
        <time>2026-09-23T05:46:08Z</time>
      </trkpt>
      <trkpt lat="46.320146" lon="6.178549">
        <ele>418.6</ele>
        <time>2026-09-23T05:46:09Z</time>
      </trkpt>
      <trkpt lat="46.320089" lon="6.178509">
        <ele>418.2</ele>
        <time>2026-09-23T05:46:10Z</time>
      </trkpt>
      <trkpt lat="46.320025" lon="6.178446">
        <ele>417.6</ele>
        <time>2026-09-23T05:46:11Z</time>
      </trkpt>
      <trkpt lat="46.319957" lon="6.178391">
        <ele>416.9</ele>
        <time>2026-09-23T05:46:12Z</time>
      </trkpt>
      <trkpt lat="46.319889" lon="6.178333">
        <ele>416.2</ele>
        <time>2026-09-23T05:46:13Z</time>
      </trkpt>
      <trkpt lat="46.319817" lon="6.178267">
        <ele>415.5</ele>
        <time>2026-09-23T05:46:14Z</time>
      </trkpt>
      <trkpt lat="46.319743" lon="6.178192">
        <ele>414.7</ele>
        <time>2026-09-23T05:46:15Z</time>
      </trkpt>
      <trkpt lat="46.319669" lon="6.178105">
        <ele>413.9</ele>
        <time>2026-09-23T05:46:16Z</time>
      </trkpt>
      <trkpt lat="46.319589" lon="6.178021">
        <ele>413.1</ele>
        <time>2026-09-23T05:46:17Z</time>
      </trkpt>
      <trkpt lat="46.319499" lon="6.17795">
        <ele>412.5</ele>
        <time>2026-09-23T05:46:18Z</time>
      </trkpt>
      <trkpt lat="46.319401" lon="6.177899">
        <ele>412.0</ele>
        <time>2026-09-23T05:46:19Z</time>
      </trkpt>
      <trkpt lat="46.319301" lon="6.177863">
        <ele>411.7</ele>
        <time>2026-09-23T05:46:20Z</time>
      </trkpt>
      <trkpt lat="46.319202" lon="6.177839">
        <ele>411.6</ele>
        <time>2026-09-23T05:46:21Z</time>
      </trkpt>
      <trkpt lat="46.319105" lon="6.177816">
        <ele>411.5</ele>
        <time>2026-09-23T05:46:22Z</time>
      </trkpt>
      <trkpt lat="46.319016" lon="6.1778">
        <ele>411.5</ele>
        <time>2026-09-23T05:46:23Z</time>
      </trkpt>
      <trkpt lat="46.318939" lon="6.177771">
        <ele>411.6</ele>
        <time>2026-09-23T05:46:24Z</time>
      </trkpt>
      <trkpt lat="46.318871" lon="6.177735">
        <ele>411.8</ele>
        <time>2026-09-23T05:46:25Z</time>
      </trkpt>
      <trkpt lat="46.318813" lon="6.177675">
        <ele>412.0</ele>
        <time>2026-09-23T05:46:26Z</time>
      </trkpt>
      <trkpt lat="46.318767" lon="6.177618">
        <ele>412.1</ele>
        <time>2026-09-23T05:46:27Z</time>
      </trkpt>
      <trkpt lat="46.318728" lon="6.177572">
        <ele>412.3</ele>
        <time>2026-09-23T05:46:28Z</time>
      </trkpt>
      <trkpt lat="46.3187" lon="6.177539">
        <ele>412.4</ele>
        <time>2026-09-23T05:46:29Z</time>
      </trkpt>
      <trkpt lat="46.318684" lon="6.177525">
        <ele>412.5</ele>
        <time>2026-09-23T05:46:30Z</time>
      </trkpt>
      <trkpt lat="46.318672" lon="6.177512">
        <ele>412.6</ele>
        <time>2026-09-23T05:46:31Z</time>
      </trkpt>
      <trkpt lat="46.318651" lon="6.177491">
        <ele>412.6</ele>
        <time>2026-09-23T05:46:32Z</time>
      </trkpt>
      <trkpt lat="46.318616" lon="6.177462">
        <ele>412.7</ele>
        <time>2026-09-23T05:46:33Z</time>
      </trkpt>
      <trkpt lat="46.318579" lon="6.177426">
        <ele>412.8</ele>
        <time>2026-09-23T05:46:34Z</time>
      </trkpt>
      <trkpt lat="46.318541" lon="6.177388">
        <ele>412.9</ele>
        <time>2026-09-23T05:46:35Z</time>
      </trkpt>
      <trkpt lat="46.318504" lon="6.177349">
        <ele>412.9</ele>
        <time>2026-09-23T05:46:36Z</time>
      </trkpt>
      <trkpt lat="46.318461" lon="6.177317">
        <ele>413.0</ele>
        <time>2026-09-23T05:46:37Z</time>
      </trkpt>
      <trkpt lat="46.318422" lon="6.177284">
        <ele>413.1</ele>
        <time>2026-09-23T05:46:38Z</time>
      </trkpt>
      <trkpt lat="46.318383" lon="6.177242">
        <ele>413.2</ele>
        <time>2026-09-23T05:46:39Z</time>
      </trkpt>
      <trkpt lat="46.318346" lon="6.177205">
        <ele>413.3</ele>
        <time>2026-09-23T05:46:40Z</time>
      </trkpt>
      <trkpt lat="46.318309" lon="6.177166">
        <ele>413.4</ele>
        <time>2026-09-23T05:46:41Z</time>
      </trkpt>
      <trkpt lat="46.31827" lon="6.177131">
        <ele>413.5</ele>
        <time>2026-09-23T05:46:42Z</time>
      </trkpt>
      <trkpt lat="46.318229" lon="6.1771">
        <ele>413.6</ele>
        <time>2026-09-23T05:46:43Z</time>
      </trkpt>
      <trkpt lat="46.318192" lon="6.177062">
        <ele>413.8</ele>
        <time>2026-09-23T05:46:44Z</time>
      </trkpt>
      <trkpt lat="46.318158" lon="6.17702">
        <ele>413.9</ele>
        <time>2026-09-23T05:46:45Z</time>
      </trkpt>
      <trkpt lat="46.318124" lon="6.176976">
        <ele>414.1</ele>
        <time>2026-09-23T05:46:46Z</time>
      </trkpt>
      <trkpt lat="46.318086" lon="6.176939">
        <ele>414.4</ele>
        <time>2026-09-23T05:46:47Z</time>
      </trkpt>
      <trkpt lat="46.318047" lon="6.1769">
        <ele>414.6</ele>
        <time>2026-09-23T05:46:48Z</time>
      </trkpt>
      <trkpt lat="46.318008" lon="6.176863">
        <ele>414.8</ele>
        <time>2026-09-23T05:46:49Z</time>
      </trkpt>
      <trkpt lat="46.317971" lon="6.17683">
        <ele>415.0</ele>
        <time>2026-09-23T05:46:50Z</time>
      </trkpt>
      <trkpt lat="46.317933" lon="6.176795">
        <ele>415.3</ele>
        <time>2026-09-23T05:46:51Z</time>
      </trkpt>
      <trkpt lat="46.317897" lon="6.176756">
        <ele>415.5</ele>
        <time>2026-09-23T05:46:52Z</time>
      </trkpt>
      <trkpt lat="46.317863" lon="6.176716">
        <ele>415.6</ele>
        <time>2026-09-23T05:46:53Z</time>
      </trkpt>
      <trkpt lat="46.317826" lon="6.176679">
        <ele>415.8</ele>
        <time>2026-09-23T05:46:54Z</time>
      </trkpt>
      <trkpt lat="46.317788" lon="6.176645">
        <ele>416.0</ele>
        <time>2026-09-23T05:46:55Z</time>
      </trkpt>
      <trkpt lat="46.317752" lon="6.176607">
        <ele>416.2</ele>
        <time>2026-09-23T05:46:56Z</time>
      </trkpt>
      <trkpt lat="46.317715" lon="6.176568">
        <ele>416.4</ele>
        <time>2026-09-23T05:46:57Z</time>
      </trkpt>
      <trkpt lat="46.317681" lon="6.176527">
        <ele>416.6</ele>
        <time>2026-09-23T05:46:58Z</time>
      </trkpt>
      <trkpt lat="46.317649" lon="6.176487">
        <ele>416.7</ele>
        <time>2026-09-23T05:46:59Z</time>
      </trkpt>
      <trkpt lat="46.317612" lon="6.176447">
        <ele>416.9</ele>
        <time>2026-09-23T05:47:00Z</time>
      </trkpt>
      <trkpt lat="46.317574" lon="6.176409">
        <ele>417.1</ele>
        <time>2026-09-23T05:47:01Z</time>
      </trkpt>
      <trkpt lat="46.317537" lon="6.176375">
        <ele>417.3</ele>
        <time>2026-09-23T05:47:02Z</time>
      </trkpt>
      <trkpt lat="46.317498" lon="6.176341">
        <ele>417.4</ele>
        <time>2026-09-23T05:47:03Z</time>
      </trkpt>
      <trkpt lat="46.317459" lon="6.176306">
        <ele>417.6</ele>
        <time>2026-09-23T05:47:04Z</time>
      </trkpt>
      <trkpt lat="46.31742" lon="6.176271">
        <ele>417.8</ele>
        <time>2026-09-23T05:47:05Z</time>
      </trkpt>
      <trkpt lat="46.317381" lon="6.176237">
        <ele>417.9</ele>
        <time>2026-09-23T05:47:06Z</time>
      </trkpt>
      <trkpt lat="46.317343" lon="6.176203">
        <ele>418.1</ele>
        <time>2026-09-23T05:47:07Z</time>
      </trkpt>
      <trkpt lat="46.317306" lon="6.176169">
        <ele>418.2</ele>
        <time>2026-09-23T05:47:08Z</time>
      </trkpt>
      <trkpt lat="46.317268" lon="6.176137">
        <ele>418.3</ele>
        <time>2026-09-23T05:47:09Z</time>
      </trkpt>
      <trkpt lat="46.317227" lon="6.176107">
        <ele>418.3</ele>
        <time>2026-09-23T05:47:10Z</time>
      </trkpt>
      <trkpt lat="46.317187" lon="6.176076">
        <ele>418.4</ele>
        <time>2026-09-23T05:47:11Z</time>
      </trkpt>
      <trkpt lat="46.317147" lon="6.176045">
        <ele>418.5</ele>
        <time>2026-09-23T05:47:12Z</time>
      </trkpt>
      <trkpt lat="46.317106" lon="6.176014">
        <ele>418.6</ele>
        <time>2026-09-23T05:47:13Z</time>
      </trkpt>
      <trkpt lat="46.317065" lon="6.175982">
        <ele>418.7</ele>
        <time>2026-09-23T05:47:14Z</time>
      </trkpt>
      <trkpt lat="46.317024" lon="6.175948">
        <ele>418.8</ele>
        <time>2026-09-23T05:47:15Z</time>
      </trkpt>
      <trkpt lat="46.316982" lon="6.175914">
        <ele>418.9</ele>
        <time>2026-09-23T05:47:16Z</time>
      </trkpt>
      <trkpt lat="46.316939" lon="6.175883">
        <ele>419.0</ele>
        <time>2026-09-23T05:47:17Z</time>
      </trkpt>
      <trkpt lat="46.316898" lon="6.175851">
        <ele>419.0</ele>
        <time>2026-09-23T05:47:18Z</time>
      </trkpt>
      <trkpt lat="46.316858" lon="6.175816">
        <ele>419.1</ele>
        <time>2026-09-23T05:47:19Z</time>
      </trkpt>
      <trkpt lat="46.316821" lon="6.175777">
        <ele>419.2</ele>
        <time>2026-09-23T05:47:20Z</time>
      </trkpt>
      <trkpt lat="46.316781" lon="6.175743">
        <ele>419.3</ele>
        <time>2026-09-23T05:47:21Z</time>
      </trkpt>
      <trkpt lat="46.316738" lon="6.17571">
        <ele>419.3</ele>
        <time>2026-09-23T05:47:22Z</time>
      </trkpt>
      <trkpt lat="46.316694" lon="6.17568">
        <ele>419.4</ele>
        <time>2026-09-23T05:47:23Z</time>
      </trkpt>
      <trkpt lat="46.316653" lon="6.17565">
        <ele>419.5</ele>
        <time>2026-09-23T05:47:24Z</time>
      </trkpt>
      <trkpt lat="46.316609" lon="6.175626">
        <ele>419.5</ele>
        <time>2026-09-23T05:47:25Z</time>
      </trkpt>
      <trkpt lat="46.316567" lon="6.175594">
        <ele>419.5</ele>
        <time>2026-09-23T05:47:26Z</time>
      </trkpt>
      <trkpt lat="46.316527" lon="6.175562">
        <ele>419.6</ele>
        <time>2026-09-23T05:47:27Z</time>
      </trkpt>
      <trkpt lat="46.316484" lon="6.175528">
        <ele>419.6</ele>
        <time>2026-09-23T05:47:28Z</time>
      </trkpt>
      <trkpt lat="46.316441" lon="6.175493">
        <ele>419.6</ele>
        <time>2026-09-23T05:47:29Z</time>
      </trkpt>
      <trkpt lat="46.316399" lon="6.175456">
        <ele>419.6</ele>
        <time>2026-09-23T05:47:30Z</time>
      </trkpt>
      <trkpt lat="46.316354" lon="6.175421">
        <ele>419.6</ele>
        <time>2026-09-23T05:47:31Z</time>
      </trkpt>
      <trkpt lat="46.31631" lon="6.175382">
        <ele>419.5</ele>
        <time>2026-09-23T05:47:32Z</time>
      </trkpt>
      <trkpt lat="46.316263" lon="6.17534">
        <ele>419.5</ele>
        <time>2026-09-23T05:47:33Z</time>
      </trkpt>
      <trkpt lat="46.316215" lon="6.175301">
        <ele>419.4</ele>
        <time>2026-09-23T05:47:34Z</time>
      </trkpt>
      <trkpt lat="46.316167" lon="6.175261">
        <ele>419.4</ele>
        <time>2026-09-23T05:47:35Z</time>
      </trkpt>
      <trkpt lat="46.316119" lon="6.175219">
        <ele>419.4</ele>
        <time>2026-09-23T05:47:36Z</time>
      </trkpt>
      <trkpt lat="46.316072" lon="6.175177">
        <ele>419.3</ele>
        <time>2026-09-23T05:47:37Z</time>
      </trkpt>
      <trkpt lat="46.316024" lon="6.175135">
        <ele>419.3</ele>
        <time>2026-09-23T05:47:38Z</time>
      </trkpt>
      <trkpt lat="46.315976" lon="6.175091">
        <ele>419.3</ele>
        <time>2026-09-23T05:47:39Z</time>
      </trkpt>
      <trkpt lat="46.315926" lon="6.17505">
        <ele>419.3</ele>
        <time>2026-09-23T05:47:40Z</time>
      </trkpt>
      <trkpt lat="46.315877" lon="6.175007">
        <ele>419.2</ele>
        <time>2026-09-23T05:47:41Z</time>
      </trkpt>
      <trkpt lat="46.315827" lon="6.174963">
        <ele>419.2</ele>
        <time>2026-09-23T05:47:42Z</time>
      </trkpt>
      <trkpt lat="46.315779" lon="6.174921">
        <ele>419.3</ele>
        <time>2026-09-23T05:47:43Z</time>
      </trkpt>
      <trkpt lat="46.315731" lon="6.174878">
        <ele>419.3</ele>
        <time>2026-09-23T05:47:44Z</time>
      </trkpt>
      <trkpt lat="46.315684" lon="6.174835">
        <ele>419.4</ele>
        <time>2026-09-23T05:47:45Z</time>
      </trkpt>
      <trkpt lat="46.315637" lon="6.1748">
        <ele>419.4</ele>
        <time>2026-09-23T05:47:46Z</time>
      </trkpt>
      <trkpt lat="46.3156" lon="6.174766">
        <ele>419.5</ele>
        <time>2026-09-23T05:47:47Z</time>
      </trkpt>
      <trkpt lat="46.315581" lon="6.174718">
        <ele>419.5</ele>
        <time>2026-09-23T05:47:48Z</time>
      </trkpt>
      <trkpt lat="46.315568" lon="6.174678">
        <ele>419.5</ele>
        <time>2026-09-23T05:47:49Z</time>
      </trkpt>
      <trkpt lat="46.315549" lon="6.174631">
        <ele>419.5</ele>
        <time>2026-09-23T05:47:50Z</time>
      </trkpt>
      <trkpt lat="46.315515" lon="6.174581">
        <ele>419.5</ele>
        <time>2026-09-23T05:47:51Z</time>
      </trkpt>
      <trkpt lat="46.315463" lon="6.174563">
        <ele>419.4</ele>
        <time>2026-09-23T05:47:52Z</time>
      </trkpt>
      <trkpt lat="46.3154" lon="6.174569">
        <ele>419.4</ele>
        <time>2026-09-23T05:47:53Z</time>
      </trkpt>
      <trkpt lat="46.315335" lon="6.174565">
        <ele>419.3</ele>
        <time>2026-09-23T05:47:54Z</time>
      </trkpt>
      <trkpt lat="46.315272" lon="6.174555">
        <ele>419.3</ele>
        <time>2026-09-23T05:47:55Z</time>
      </trkpt>
      <trkpt lat="46.315207" lon="6.174545">
        <ele>419.3</ele>
        <time>2026-09-23T05:47:56Z</time>
      </trkpt>
      <trkpt lat="46.315144" lon="6.174528">
        <ele>419.3</ele>
        <time>2026-09-23T05:47:57Z</time>
      </trkpt>
      <trkpt lat="46.315079" lon="6.174517">
        <ele>419.3</ele>
        <time>2026-09-23T05:47:58Z</time>
      </trkpt>
      <trkpt lat="46.315013" lon="6.174506">
        <ele>419.3</ele>
        <time>2026-09-23T05:47:59Z</time>
      </trkpt>
      <trkpt lat="46.314948" lon="6.17449">
        <ele>419.3</ele>
        <time>2026-09-23T05:48:00Z</time>
      </trkpt>
      <trkpt lat="46.314884" lon="6.174474">
        <ele>419.3</ele>
        <time>2026-09-23T05:48:01Z</time>
      </trkpt>
      <trkpt lat="46.314814" lon="6.174461">
        <ele>419.2</ele>
        <time>2026-09-23T05:48:02Z</time>
      </trkpt>
      <trkpt lat="46.314745" lon="6.174445">
        <ele>419.2</ele>
        <time>2026-09-23T05:48:03Z</time>
      </trkpt>
      <trkpt lat="46.314673" lon="6.174432">
        <ele>419.2</ele>
        <time>2026-09-23T05:48:04Z</time>
      </trkpt>
      <trkpt lat="46.314603" lon="6.174417">
        <ele>419.1</ele>
        <time>2026-09-23T05:48:05Z</time>
      </trkpt>
      <trkpt lat="46.314532" lon="6.174402">
        <ele>419.1</ele>
        <time>2026-09-23T05:48:06Z</time>
      </trkpt>
      <trkpt lat="46.314462" lon="6.174386">
        <ele>419.0</ele>
        <time>2026-09-23T05:48:07Z</time>
      </trkpt>
      <trkpt lat="46.314387" lon="6.174372">
        <ele>419.0</ele>
        <time>2026-09-23T05:48:08Z</time>
      </trkpt>
      <trkpt lat="46.314311" lon="6.174357">
        <ele>418.9</ele>
        <time>2026-09-23T05:48:09Z</time>
      </trkpt>
      <trkpt lat="46.314233" lon="6.174338">
        <ele>418.9</ele>
        <time>2026-09-23T05:48:10Z</time>
      </trkpt>
      <trkpt lat="46.314152" lon="6.174324">
        <ele>418.8</ele>
        <time>2026-09-23T05:48:11Z</time>
      </trkpt>
      <trkpt lat="46.314072" lon="6.174309">
        <ele>418.8</ele>
        <time>2026-09-23T05:48:12Z</time>
      </trkpt>
      <trkpt lat="46.313992" lon="6.174293">
        <ele>418.7</ele>
        <time>2026-09-23T05:48:13Z</time>
      </trkpt>
      <trkpt lat="46.313911" lon="6.174275">
        <ele>418.6</ele>
        <time>2026-09-23T05:48:14Z</time>
      </trkpt>
      <trkpt lat="46.313833" lon="6.174258">
        <ele>418.6</ele>
        <time>2026-09-23T05:48:15Z</time>
      </trkpt>
      <trkpt lat="46.313752" lon="6.174241">
        <ele>418.6</ele>
        <time>2026-09-23T05:48:16Z</time>
      </trkpt>
      <trkpt lat="46.313671" lon="6.174224">
        <ele>418.5</ele>
        <time>2026-09-23T05:48:17Z</time>
      </trkpt>
      <trkpt lat="46.313592" lon="6.174207">
        <ele>418.5</ele>
        <time>2026-09-23T05:48:18Z</time>
      </trkpt>
      <trkpt lat="46.313513" lon="6.174195">
        <ele>418.5</ele>
        <time>2026-09-23T05:48:19Z</time>
      </trkpt>
      <trkpt lat="46.313433" lon="6.174178">
        <ele>418.4</ele>
        <time>2026-09-23T05:48:20Z</time>
      </trkpt>
      <trkpt lat="46.313354" lon="6.174163">
        <ele>418.3</ele>
        <time>2026-09-23T05:48:21Z</time>
      </trkpt>
      <trkpt lat="46.313276" lon="6.174143">
        <ele>418.3</ele>
        <time>2026-09-23T05:48:22Z</time>
      </trkpt>
      <trkpt lat="46.313195" lon="6.174126">
        <ele>418.2</ele>
        <time>2026-09-23T05:48:23Z</time>
      </trkpt>
      <trkpt lat="46.313117" lon="6.174108">
        <ele>418.2</ele>
        <time>2026-09-23T05:48:24Z</time>
      </trkpt>
      <trkpt lat="46.313042" lon="6.174081">
        <ele>418.1</ele>
        <time>2026-09-23T05:48:25Z</time>
      </trkpt>
      <trkpt lat="46.31296" lon="6.174071">
        <ele>418.0</ele>
        <time>2026-09-23T05:48:26Z</time>
      </trkpt>
      <trkpt lat="46.31288" lon="6.17406">
        <ele>418.0</ele>
        <time>2026-09-23T05:48:27Z</time>
      </trkpt>
      <trkpt lat="46.3128" lon="6.17404">
        <ele>417.9</ele>
        <time>2026-09-23T05:48:28Z</time>
      </trkpt>
      <trkpt lat="46.312719" lon="6.174023">
        <ele>417.8</ele>
        <time>2026-09-23T05:48:29Z</time>
      </trkpt>
      <trkpt lat="46.31264" lon="6.174008">
        <ele>417.8</ele>
        <time>2026-09-23T05:48:30Z</time>
      </trkpt>
      <trkpt lat="46.312559" lon="6.173995">
        <ele>417.7</ele>
        <time>2026-09-23T05:48:31Z</time>
      </trkpt>
      <trkpt lat="46.312475" lon="6.173983">
        <ele>417.6</ele>
        <time>2026-09-23T05:48:32Z</time>
      </trkpt>
      <trkpt lat="46.312395" lon="6.173967">
        <ele>417.6</ele>
        <time>2026-09-23T05:48:33Z</time>
      </trkpt>
      <trkpt lat="46.312313" lon="6.173948">
        <ele>417.5</ele>
        <time>2026-09-23T05:48:34Z</time>
      </trkpt>
      <trkpt lat="46.312232" lon="6.17393">
        <ele>417.4</ele>
        <time>2026-09-23T05:48:35Z</time>
      </trkpt>
      <trkpt lat="46.31215" lon="6.173914">
        <ele>417.4</ele>
        <time>2026-09-23T05:48:36Z</time>
      </trkpt>
      <trkpt lat="46.312068" lon="6.1739">
        <ele>417.3</ele>
        <time>2026-09-23T05:48:37Z</time>
      </trkpt>
      <trkpt lat="46.311985" lon="6.173883">
        <ele>417.2</ele>
        <time>2026-09-23T05:48:38Z</time>
      </trkpt>
      <trkpt lat="46.311904" lon="6.173865">
        <ele>417.1</ele>
        <time>2026-09-23T05:48:39Z</time>
      </trkpt>
      <trkpt lat="46.311824" lon="6.173848">
        <ele>417.1</ele>
        <time>2026-09-23T05:48:40Z</time>
      </trkpt>
      <trkpt lat="46.311738" lon="6.17383">
        <ele>417.0</ele>
        <time>2026-09-23T05:48:41Z</time>
      </trkpt>
      <trkpt lat="46.311659" lon="6.173814">
        <ele>416.9</ele>
        <time>2026-09-23T05:48:42Z</time>
      </trkpt>
      <trkpt lat="46.311581" lon="6.173798">
        <ele>416.8</ele>
        <time>2026-09-23T05:48:43Z</time>
      </trkpt>
      <trkpt lat="46.311496" lon="6.173783">
        <ele>416.7</ele>
        <time>2026-09-23T05:48:44Z</time>
      </trkpt>
      <trkpt lat="46.311414" lon="6.173768">
        <ele>416.7</ele>
        <time>2026-09-23T05:48:45Z</time>
      </trkpt>
      <trkpt lat="46.311332" lon="6.173752">
        <ele>416.6</ele>
        <time>2026-09-23T05:48:46Z</time>
      </trkpt>
      <trkpt lat="46.31125" lon="6.173736">
        <ele>416.5</ele>
        <time>2026-09-23T05:48:47Z</time>
      </trkpt>
      <trkpt lat="46.311167" lon="6.173722">
        <ele>416.4</ele>
        <time>2026-09-23T05:48:48Z</time>
      </trkpt>
      <trkpt lat="46.311084" lon="6.173709">
        <ele>416.3</ele>
        <time>2026-09-23T05:48:49Z</time>
      </trkpt>
      <trkpt lat="46.310999" lon="6.173696">
        <ele>416.2</ele>
        <time>2026-09-23T05:48:50Z</time>
      </trkpt>
      <trkpt lat="46.310916" lon="6.173684">
        <ele>416.1</ele>
        <time>2026-09-23T05:48:51Z</time>
      </trkpt>
      <trkpt lat="46.310832" lon="6.173674">
        <ele>416.1</ele>
        <time>2026-09-23T05:48:52Z</time>
      </trkpt>
      <trkpt lat="46.310748" lon="6.173661">
        <ele>416.0</ele>
        <time>2026-09-23T05:48:53Z</time>
      </trkpt>
      <trkpt lat="46.310664" lon="6.17365">
        <ele>415.9</ele>
        <time>2026-09-23T05:48:54Z</time>
      </trkpt>
      <trkpt lat="46.310579" lon="6.173632">
        <ele>415.8</ele>
        <time>2026-09-23T05:48:55Z</time>
      </trkpt>
      <trkpt lat="46.310496" lon="6.173614">
        <ele>415.7</ele>
        <time>2026-09-23T05:48:56Z</time>
      </trkpt>
      <trkpt lat="46.310412" lon="6.173596">
        <ele>415.5</ele>
        <time>2026-09-23T05:48:57Z</time>
      </trkpt>
      <trkpt lat="46.310328" lon="6.173582">
        <ele>415.4</ele>
        <time>2026-09-23T05:48:58Z</time>
      </trkpt>
      <trkpt lat="46.310246" lon="6.173567">
        <ele>415.3</ele>
        <time>2026-09-23T05:48:59Z</time>
      </trkpt>
      <trkpt lat="46.310165" lon="6.17355">
        <ele>415.2</ele>
        <time>2026-09-23T05:49:00Z</time>
      </trkpt>
      <trkpt lat="46.3101" lon="6.173534">
        <ele>415.1</ele>
        <time>2026-09-23T05:49:01Z</time>
      </trkpt>
      <trkpt lat="46.310063" lon="6.173518">
        <ele>415.0</ele>
        <time>2026-09-23T05:49:02Z</time>
      </trkpt>
      <trkpt lat="46.310044" lon="6.173509">
        <ele>415.0</ele>
        <time>2026-09-23T05:49:03Z</time>
      </trkpt>
      <trkpt lat="46.310021" lon="6.173496">
        <ele>415.0</ele>
        <time>2026-09-23T05:49:04Z</time>
      </trkpt>
      <trkpt lat="46.309992" lon="6.173474">
        <ele>415.0</ele>
        <time>2026-09-23T05:49:05Z</time>
      </trkpt>
      <trkpt lat="46.309958" lon="6.173451">
        <ele>415.0</ele>
        <time>2026-09-23T05:49:06Z</time>
      </trkpt>
      <trkpt lat="46.309916" lon="6.173432">
        <ele>415.0</ele>
        <time>2026-09-23T05:49:07Z</time>
      </trkpt>
      <trkpt lat="46.309863" lon="6.173433">
        <ele>414.8</ele>
        <time>2026-09-23T05:49:08Z</time>
      </trkpt>
      <trkpt lat="46.309807" lon="6.173453">
        <ele>414.6</ele>
        <time>2026-09-23T05:49:09Z</time>
      </trkpt>
      <trkpt lat="46.309748" lon="6.173464">
        <ele>414.4</ele>
        <time>2026-09-23T05:49:10Z</time>
      </trkpt>
      <trkpt lat="46.309689" lon="6.17346">
        <ele>414.2</ele>
        <time>2026-09-23T05:49:11Z</time>
      </trkpt>
      <trkpt lat="46.30963" lon="6.173449">
        <ele>414.0</ele>
        <time>2026-09-23T05:49:12Z</time>
      </trkpt>
      <trkpt lat="46.309569" lon="6.17343">
        <ele>413.8</ele>
        <time>2026-09-23T05:49:13Z</time>
      </trkpt>
      <trkpt lat="46.309506" lon="6.17341">
        <ele>413.7</ele>
        <time>2026-09-23T05:49:14Z</time>
      </trkpt>
      <trkpt lat="46.309442" lon="6.173388">
        <ele>413.5</ele>
        <time>2026-09-23T05:49:15Z</time>
      </trkpt>
      <trkpt lat="46.309373" lon="6.173365">
        <ele>413.1</ele>
        <time>2026-09-23T05:49:16Z</time>
      </trkpt>
      <trkpt lat="46.309302" lon="6.173339">
        <ele>412.6</ele>
        <time>2026-09-23T05:49:17Z</time>
      </trkpt>
      <trkpt lat="46.309229" lon="6.173308">
        <ele>412.1</ele>
        <time>2026-09-23T05:49:18Z</time>
      </trkpt>
      <trkpt lat="46.309156" lon="6.173272">
        <ele>411.5</ele>
        <time>2026-09-23T05:49:19Z</time>
      </trkpt>
      <trkpt lat="46.309077" lon="6.173233">
        <ele>410.9</ele>
        <time>2026-09-23T05:49:20Z</time>
      </trkpt>
      <trkpt lat="46.308996" lon="6.173181">
        <ele>410.3</ele>
        <time>2026-09-23T05:49:21Z</time>
      </trkpt>
      <trkpt lat="46.308917" lon="6.173116">
        <ele>409.7</ele>
        <time>2026-09-23T05:49:22Z</time>
      </trkpt>
      <trkpt lat="46.308838" lon="6.173043">
        <ele>409.2</ele>
        <time>2026-09-23T05:49:23Z</time>
      </trkpt>
      <trkpt lat="46.308762" lon="6.172969">
        <ele>408.8</ele>
        <time>2026-09-23T05:49:24Z</time>
      </trkpt>
      <trkpt lat="46.308686" lon="6.172889">
        <ele>408.5</ele>
        <time>2026-09-23T05:49:25Z</time>
      </trkpt>
      <trkpt lat="46.308603" lon="6.172817">
        <ele>408.3</ele>
        <time>2026-09-23T05:49:26Z</time>
      </trkpt>
      <trkpt lat="46.30852" lon="6.172752">
        <ele>408.1</ele>
        <time>2026-09-23T05:49:27Z</time>
      </trkpt>
      <trkpt lat="46.308436" lon="6.172689">
        <ele>408.0</ele>
        <time>2026-09-23T05:49:28Z</time>
      </trkpt>
      <trkpt lat="46.308353" lon="6.17262">
        <ele>407.9</ele>
        <time>2026-09-23T05:49:29Z</time>
      </trkpt>
      <trkpt lat="46.308265" lon="6.172562">
        <ele>407.9</ele>
        <time>2026-09-23T05:49:30Z</time>
      </trkpt>
      <trkpt lat="46.308181" lon="6.172507">
        <ele>407.8</ele>
        <time>2026-09-23T05:49:31Z</time>
      </trkpt>
      <trkpt lat="46.308095" lon="6.172457">
        <ele>407.8</ele>
        <time>2026-09-23T05:49:32Z</time>
      </trkpt>
      <trkpt lat="46.308007" lon="6.172414">
        <ele>407.8</ele>
        <time>2026-09-23T05:49:33Z</time>
      </trkpt>
      <trkpt lat="46.307916" lon="6.17238">
        <ele>407.7</ele>
        <time>2026-09-23T05:49:34Z</time>
      </trkpt>
      <trkpt lat="46.307826" lon="6.172355">
        <ele>407.6</ele>
        <time>2026-09-23T05:49:35Z</time>
      </trkpt>
      <trkpt lat="46.307734" lon="6.172347">
        <ele>407.6</ele>
        <time>2026-09-23T05:49:36Z</time>
      </trkpt>
      <trkpt lat="46.307642" lon="6.172353">
        <ele>407.5</ele>
        <time>2026-09-23T05:49:37Z</time>
      </trkpt>
      <trkpt lat="46.307551" lon="6.17236">
        <ele>407.4</ele>
        <time>2026-09-23T05:49:38Z</time>
      </trkpt>
      <trkpt lat="46.307459" lon="6.172363">
        <ele>407.3</ele>
        <time>2026-09-23T05:49:39Z</time>
      </trkpt>
      <trkpt lat="46.307368" lon="6.172366">
        <ele>407.3</ele>
        <time>2026-09-23T05:49:40Z</time>
      </trkpt>
      <trkpt lat="46.30728" lon="6.172368">
        <ele>407.3</ele>
        <time>2026-09-23T05:49:41Z</time>
      </trkpt>
      <trkpt lat="46.307194" lon="6.172372">
        <ele>407.4</ele>
        <time>2026-09-23T05:49:42Z</time>
      </trkpt>
      <trkpt lat="46.307107" lon="6.172372">
        <ele>407.5</ele>
        <time>2026-09-23T05:49:43Z</time>
      </trkpt>
      <trkpt lat="46.307022" lon="6.172375">
        <ele>407.6</ele>
        <time>2026-09-23T05:49:44Z</time>
      </trkpt>
      <trkpt lat="46.30694" lon="6.172377">
        <ele>407.7</ele>
        <time>2026-09-23T05:49:45Z</time>
      </trkpt>
      <trkpt lat="46.306861" lon="6.172376">
        <ele>407.8</ele>
        <time>2026-09-23T05:49:46Z</time>
      </trkpt>
      <trkpt lat="46.306784" lon="6.172379">
        <ele>408.0</ele>
        <time>2026-09-23T05:49:47Z</time>
      </trkpt>
      <trkpt lat="46.306708" lon="6.17238">
        <ele>408.2</ele>
        <time>2026-09-23T05:49:48Z</time>
      </trkpt>
      <trkpt lat="46.306635" lon="6.172382">
        <ele>408.4</ele>
        <time>2026-09-23T05:49:49Z</time>
      </trkpt>
      <trkpt lat="46.306564" lon="6.172386">
        <ele>408.5</ele>
        <time>2026-09-23T05:49:50Z</time>
      </trkpt>
      <trkpt lat="46.306495" lon="6.172391">
        <ele>408.8</ele>
        <time>2026-09-23T05:49:51Z</time>
      </trkpt>
      <trkpt lat="46.30643" lon="6.172399">
        <ele>409.0</ele>
        <time>2026-09-23T05:49:52Z</time>
      </trkpt>
      <trkpt lat="46.306368" lon="6.172407">
        <ele>409.2</ele>
        <time>2026-09-23T05:49:53Z</time>
      </trkpt>
      <trkpt lat="46.306309" lon="6.172423">
        <ele>409.5</ele>
        <time>2026-09-23T05:49:54Z</time>
      </trkpt>
      <trkpt lat="46.306252" lon="6.172441">
        <ele>409.8</ele>
        <time>2026-09-23T05:49:55Z</time>
      </trkpt>
      <trkpt lat="46.306197" lon="6.172463">
        <ele>410.0</ele>
        <time>2026-09-23T05:49:56Z</time>
      </trkpt>
      <trkpt lat="46.30615" lon="6.172479">
        <ele>410.2</ele>
        <time>2026-09-23T05:49:57Z</time>
      </trkpt>
      <trkpt lat="46.306103" lon="6.17249">
        <ele>410.5</ele>
        <time>2026-09-23T05:49:58Z</time>
      </trkpt>
      <trkpt lat="46.306053" lon="6.172495">
        <ele>410.7</ele>
        <time>2026-09-23T05:49:59Z</time>
      </trkpt>
      <trkpt lat="46.306003" lon="6.172477">
        <ele>410.8</ele>
        <time>2026-09-23T05:50:00Z</time>
      </trkpt>
      <trkpt lat="46.305958" lon="6.172442">
        <ele>410.9</ele>
        <time>2026-09-23T05:50:01Z</time>
      </trkpt>
      <trkpt lat="46.305915" lon="6.172394">
        <ele>411.0</ele>
        <time>2026-09-23T05:50:02Z</time>
      </trkpt>
      <trkpt lat="46.305879" lon="6.172339">
        <ele>411.1</ele>
        <time>2026-09-23T05:50:03Z</time>
      </trkpt>
      <trkpt lat="46.305851" lon="6.172272">
        <ele>411.2</ele>
        <time>2026-09-23T05:50:04Z</time>
      </trkpt>
      <trkpt lat="46.305827" lon="6.172205">
        <ele>411.2</ele>
        <time>2026-09-23T05:50:05Z</time>
      </trkpt>
      <trkpt lat="46.3058" lon="6.172137">
        <ele>411.3</ele>
        <time>2026-09-23T05:50:06Z</time>
      </trkpt>
      <trkpt lat="46.30577" lon="6.172069">
        <ele>411.3</ele>
        <time>2026-09-23T05:50:07Z</time>
      </trkpt>
      <trkpt lat="46.305738" lon="6.171999">
        <ele>411.3</ele>
        <time>2026-09-23T05:50:08Z</time>
      </trkpt>
      <trkpt lat="46.305707" lon="6.171928">
        <ele>411.3</ele>
        <time>2026-09-23T05:50:09Z</time>
      </trkpt>
      <trkpt lat="46.305675" lon="6.171854">
        <ele>411.3</ele>
        <time>2026-09-23T05:50:10Z</time>
      </trkpt>
      <trkpt lat="46.305644" lon="6.171782">
        <ele>411.3</ele>
        <time>2026-09-23T05:50:11Z</time>
      </trkpt>
      <trkpt lat="46.30561" lon="6.17171">
        <ele>411.3</ele>
        <time>2026-09-23T05:50:12Z</time>
      </trkpt>
      <trkpt lat="46.305573" lon="6.171639">
        <ele>411.2</ele>
        <time>2026-09-23T05:50:13Z</time>
      </trkpt>
      <trkpt lat="46.305532" lon="6.171569">
        <ele>411.2</ele>
        <time>2026-09-23T05:50:14Z</time>
      </trkpt>
      <trkpt lat="46.305494" lon="6.1715">
        <ele>411.2</ele>
        <time>2026-09-23T05:50:15Z</time>
      </trkpt>
      <trkpt lat="46.305454" lon="6.171431">
        <ele>411.2</ele>
        <time>2026-09-23T05:50:16Z</time>
      </trkpt>
      <trkpt lat="46.305411" lon="6.171362">
        <ele>411.2</ele>
        <time>2026-09-23T05:50:17Z</time>
      </trkpt>
      <trkpt lat="46.305367" lon="6.171293">
        <ele>411.2</ele>
        <time>2026-09-23T05:50:18Z</time>
      </trkpt>
      <trkpt lat="46.30532" lon="6.171227">
        <ele>411.1</ele>
        <time>2026-09-23T05:50:19Z</time>
      </trkpt>
      <trkpt lat="46.305275" lon="6.171161">
        <ele>411.1</ele>
        <time>2026-09-23T05:50:20Z</time>
      </trkpt>
      <trkpt lat="46.305226" lon="6.171096">
        <ele>411.1</ele>
        <time>2026-09-23T05:50:21Z</time>
      </trkpt>
      <trkpt lat="46.305179" lon="6.171028">
        <ele>411.1</ele>
        <time>2026-09-23T05:50:22Z</time>
      </trkpt>
      <trkpt lat="46.305134" lon="6.170957">
        <ele>411.1</ele>
        <time>2026-09-23T05:50:23Z</time>
      </trkpt>
      <trkpt lat="46.305086" lon="6.170889">
        <ele>411.1</ele>
        <time>2026-09-23T05:50:24Z</time>
      </trkpt>
      <trkpt lat="46.305035" lon="6.170826">
        <ele>411.1</ele>
        <time>2026-09-23T05:50:25Z</time>
      </trkpt>
      <trkpt lat="46.304986" lon="6.17076">
        <ele>411.1</ele>
        <time>2026-09-23T05:50:26Z</time>
      </trkpt>
      <trkpt lat="46.304937" lon="6.1707">
        <ele>411.2</ele>
        <time>2026-09-23T05:50:27Z</time>
      </trkpt>
      <trkpt lat="46.304888" lon="6.170634">
        <ele>411.2</ele>
        <time>2026-09-23T05:50:28Z</time>
      </trkpt>
      <trkpt lat="46.304838" lon="6.170572">
        <ele>411.2</ele>
        <time>2026-09-23T05:50:29Z</time>
      </trkpt>
      <trkpt lat="46.304788" lon="6.170514">
        <ele>411.2</ele>
        <time>2026-09-23T05:50:30Z</time>
      </trkpt>
      <trkpt lat="46.304738" lon="6.170455">
        <ele>411.3</ele>
        <time>2026-09-23T05:50:31Z</time>
      </trkpt>
      <trkpt lat="46.304689" lon="6.1704">
        <ele>411.3</ele>
        <time>2026-09-23T05:50:32Z</time>
      </trkpt>
      <trkpt lat="46.304639" lon="6.170345">
        <ele>411.3</ele>
        <time>2026-09-23T05:50:33Z</time>
      </trkpt>
      <trkpt lat="46.304589" lon="6.170292">
        <ele>411.4</ele>
        <time>2026-09-23T05:50:34Z</time>
      </trkpt>
      <trkpt lat="46.304538" lon="6.170241">
        <ele>411.4</ele>
        <time>2026-09-23T05:50:35Z</time>
      </trkpt>
      <trkpt lat="46.304485" lon="6.170197">
        <ele>411.4</ele>
        <time>2026-09-23T05:50:36Z</time>
      </trkpt>
      <trkpt lat="46.30443" lon="6.170158">
        <ele>411.4</ele>
        <time>2026-09-23T05:50:37Z</time>
      </trkpt>
      <trkpt lat="46.304373" lon="6.170121">
        <ele>411.4</ele>
        <time>2026-09-23T05:50:38Z</time>
      </trkpt>
      <trkpt lat="46.304314" lon="6.170088">
        <ele>411.4</ele>
        <time>2026-09-23T05:50:39Z</time>
      </trkpt>
      <trkpt lat="46.304257" lon="6.170054">
        <ele>411.4</ele>
        <time>2026-09-23T05:50:40Z</time>
      </trkpt>
      <trkpt lat="46.304196" lon="6.170023">
        <ele>411.3</ele>
        <time>2026-09-23T05:50:41Z</time>
      </trkpt>
      <trkpt lat="46.304135" lon="6.169994">
        <ele>411.3</ele>
        <time>2026-09-23T05:50:42Z</time>
      </trkpt>
      <trkpt lat="46.304076" lon="6.16996">
        <ele>411.2</ele>
        <time>2026-09-23T05:50:43Z</time>
      </trkpt>
      <trkpt lat="46.304016" lon="6.169923">
        <ele>411.2</ele>
        <time>2026-09-23T05:50:44Z</time>
      </trkpt>
      <trkpt lat="46.303956" lon="6.169887">
        <ele>411.2</ele>
        <time>2026-09-23T05:50:45Z</time>
      </trkpt>
      <trkpt lat="46.303895" lon="6.169851">
        <ele>411.1</ele>
        <time>2026-09-23T05:50:46Z</time>
      </trkpt>
      <trkpt lat="46.303832" lon="6.169815">
        <ele>411.1</ele>
        <time>2026-09-23T05:50:47Z</time>
      </trkpt>
      <trkpt lat="46.303768" lon="6.169784">
        <ele>411.0</ele>
        <time>2026-09-23T05:50:48Z</time>
      </trkpt>
      <trkpt lat="46.303704" lon="6.16975">
        <ele>411.0</ele>
        <time>2026-09-23T05:50:49Z</time>
      </trkpt>
      <trkpt lat="46.303639" lon="6.169716">
        <ele>411.0</ele>
        <time>2026-09-23T05:50:50Z</time>
      </trkpt>
      <trkpt lat="46.303573" lon="6.169681">
        <ele>410.9</ele>
        <time>2026-09-23T05:50:51Z</time>
      </trkpt>
      <trkpt lat="46.303509" lon="6.169652">
        <ele>410.9</ele>
        <time>2026-09-23T05:50:52Z</time>
      </trkpt>
      <trkpt lat="46.303444" lon="6.169613">
        <ele>410.8</ele>
        <time>2026-09-23T05:50:53Z</time>
      </trkpt>
      <trkpt lat="46.303393" lon="6.16954">
        <ele>410.8</ele>
        <time>2026-09-23T05:50:54Z</time>
      </trkpt>
      <trkpt lat="46.303365" lon="6.169441">
        <ele>410.9</ele>
        <time>2026-09-23T05:50:55Z</time>
      </trkpt>
      <trkpt lat="46.303356" lon="6.169335">
        <ele>411.0</ele>
        <time>2026-09-23T05:50:56Z</time>
      </trkpt>
      <trkpt lat="46.303346" lon="6.16924">
        <ele>411.1</ele>
        <time>2026-09-23T05:50:57Z</time>
      </trkpt>
      <trkpt lat="46.30332" lon="6.169143">
        <ele>411.1</ele>
        <time>2026-09-23T05:50:58Z</time>
      </trkpt>
      <trkpt lat="46.303286" lon="6.169072">
        <ele>411.2</ele>
        <time>2026-09-23T05:50:59Z</time>
      </trkpt>
      <trkpt lat="46.30325" lon="6.168996">
        <ele>411.2</ele>
        <time>2026-09-23T05:51:00Z</time>
      </trkpt>
      <trkpt lat="46.303217" lon="6.168921">
        <ele>411.3</ele>
        <time>2026-09-23T05:51:01Z</time>
      </trkpt>
      <trkpt lat="46.303183" lon="6.168846">
        <ele>411.3</ele>
        <time>2026-09-23T05:51:02Z</time>
      </trkpt>
      <trkpt lat="46.303143" lon="6.168776">
        <ele>411.4</ele>
        <time>2026-09-23T05:51:03Z</time>
      </trkpt>
      <trkpt lat="46.303098" lon="6.168714">
        <ele>411.4</ele>
        <time>2026-09-23T05:51:04Z</time>
      </trkpt>
      <trkpt lat="46.303053" lon="6.168648">
        <ele>411.4</ele>
        <time>2026-09-23T05:51:05Z</time>
      </trkpt>
      <trkpt lat="46.303009" lon="6.168584">
        <ele>411.5</ele>
        <time>2026-09-23T05:51:06Z</time>
      </trkpt>
      <trkpt lat="46.302962" lon="6.168521">
        <ele>411.5</ele>
        <time>2026-09-23T05:51:07Z</time>
      </trkpt>
      <trkpt lat="46.302917" lon="6.168454">
        <ele>411.5</ele>
        <time>2026-09-23T05:51:08Z</time>
      </trkpt>
      <trkpt lat="46.30287" lon="6.168391">
        <ele>411.5</ele>
        <time>2026-09-23T05:51:09Z</time>
      </trkpt>
      <trkpt lat="46.302824" lon="6.168325">
        <ele>411.5</ele>
        <time>2026-09-23T05:51:10Z</time>
      </trkpt>
      <trkpt lat="46.302778" lon="6.168258">
        <ele>411.5</ele>
        <time>2026-09-23T05:51:11Z</time>
      </trkpt>
      <trkpt lat="46.302732" lon="6.168193">
        <ele>411.6</ele>
        <time>2026-09-23T05:51:12Z</time>
      </trkpt>
      <trkpt lat="46.302683" lon="6.168124">
        <ele>411.6</ele>
        <time>2026-09-23T05:51:13Z</time>
      </trkpt>
      <trkpt lat="46.302637" lon="6.168056">
        <ele>411.6</ele>
        <time>2026-09-23T05:51:14Z</time>
      </trkpt>
      <trkpt lat="46.302591" lon="6.167991">
        <ele>411.6</ele>
        <time>2026-09-23T05:51:15Z</time>
      </trkpt>
      <trkpt lat="46.302542" lon="6.167924">
        <ele>411.6</ele>
        <time>2026-09-23T05:51:16Z</time>
      </trkpt>
      <trkpt lat="46.302489" lon="6.167854">
        <ele>411.6</ele>
        <time>2026-09-23T05:51:17Z</time>
      </trkpt>
      <trkpt lat="46.302441" lon="6.167783">
        <ele>411.6</ele>
        <time>2026-09-23T05:51:18Z</time>
      </trkpt>
      <trkpt lat="46.302393" lon="6.167714">
        <ele>411.7</ele>
        <time>2026-09-23T05:51:19Z</time>
      </trkpt>
      <trkpt lat="46.302343" lon="6.167642">
        <ele>411.7</ele>
        <time>2026-09-23T05:51:20Z</time>
      </trkpt>
      <trkpt lat="46.302294" lon="6.167571">
        <ele>411.7</ele>
        <time>2026-09-23T05:51:21Z</time>
      </trkpt>
      <trkpt lat="46.302245" lon="6.167499">
        <ele>411.7</ele>
        <time>2026-09-23T05:51:22Z</time>
      </trkpt>
      <trkpt lat="46.302197" lon="6.167425">
        <ele>411.7</ele>
        <time>2026-09-23T05:51:23Z</time>
      </trkpt>
      <trkpt lat="46.30215" lon="6.167351">
        <ele>411.7</ele>
        <time>2026-09-23T05:51:24Z</time>
      </trkpt>
      <trkpt lat="46.302102" lon="6.167278">
        <ele>411.7</ele>
        <time>2026-09-23T05:51:25Z</time>
      </trkpt>
      <trkpt lat="46.302049" lon="6.16721">
        <ele>411.7</ele>
        <time>2026-09-23T05:51:26Z</time>
      </trkpt>
      <trkpt lat="46.301994" lon="6.167144">
        <ele>411.7</ele>
        <time>2026-09-23T05:51:27Z</time>
      </trkpt>
      <trkpt lat="46.301941" lon="6.167072">
        <ele>411.7</ele>
        <time>2026-09-23T05:51:28Z</time>
      </trkpt>
      <trkpt lat="46.301893" lon="6.166994">
        <ele>411.7</ele>
        <time>2026-09-23T05:51:29Z</time>
      </trkpt>
      <trkpt lat="46.301842" lon="6.166919">
        <ele>411.7</ele>
        <time>2026-09-23T05:51:30Z</time>
      </trkpt>
      <trkpt lat="46.301796" lon="6.166848">
        <ele>411.7</ele>
        <time>2026-09-23T05:51:31Z</time>
      </trkpt>
      <trkpt lat="46.301745" lon="6.166772">
        <ele>411.7</ele>
        <time>2026-09-23T05:51:32Z</time>
      </trkpt>
      <trkpt lat="46.3017" lon="6.166696">
        <ele>411.7</ele>
        <time>2026-09-23T05:51:33Z</time>
      </trkpt>
      <trkpt lat="46.301652" lon="6.166619">
        <ele>411.8</ele>
        <time>2026-09-23T05:51:34Z</time>
      </trkpt>
      <trkpt lat="46.301606" lon="6.166543">
        <ele>411.8</ele>
        <time>2026-09-23T05:51:35Z</time>
      </trkpt>
      <trkpt lat="46.30156" lon="6.166467">
        <ele>411.8</ele>
        <time>2026-09-23T05:51:36Z</time>
      </trkpt>
      <trkpt lat="46.301514" lon="6.166392">
        <ele>411.8</ele>
        <time>2026-09-23T05:51:37Z</time>
      </trkpt>
      <trkpt lat="46.301465" lon="6.166318">
        <ele>411.8</ele>
        <time>2026-09-23T05:51:38Z</time>
      </trkpt>
      <trkpt lat="46.301419" lon="6.166244">
        <ele>411.9</ele>
        <time>2026-09-23T05:51:39Z</time>
      </trkpt>
      <trkpt lat="46.301371" lon="6.16617">
        <ele>411.9</ele>
        <time>2026-09-23T05:51:40Z</time>
      </trkpt>
      <trkpt lat="46.301324" lon="6.1661">
        <ele>411.9</ele>
        <time>2026-09-23T05:51:41Z</time>
      </trkpt>
      <trkpt lat="46.301272" lon="6.166031">
        <ele>411.9</ele>
        <time>2026-09-23T05:51:42Z</time>
      </trkpt>
      <trkpt lat="46.301216" lon="6.165967">
        <ele>411.9</ele>
        <time>2026-09-23T05:51:43Z</time>
      </trkpt>
      <trkpt lat="46.301159" lon="6.165903">
        <ele>411.9</ele>
        <time>2026-09-23T05:51:44Z</time>
      </trkpt>
      <trkpt lat="46.301099" lon="6.165839">
        <ele>411.9</ele>
        <time>2026-09-23T05:51:45Z</time>
      </trkpt>
      <trkpt lat="46.301035" lon="6.165773">
        <ele>411.9</ele>
        <time>2026-09-23T05:51:46Z</time>
      </trkpt>
      <trkpt lat="46.30097" lon="6.165713">
        <ele>412.0</ele>
        <time>2026-09-23T05:51:47Z</time>
      </trkpt>
      <trkpt lat="46.300907" lon="6.165651">
        <ele>412.0</ele>
        <time>2026-09-23T05:51:48Z</time>
      </trkpt>
      <trkpt lat="46.300842" lon="6.165594">
        <ele>412.0</ele>
        <time>2026-09-23T05:51:49Z</time>
      </trkpt>
      <trkpt lat="46.300774" lon="6.165535">
        <ele>412.0</ele>
        <time>2026-09-23T05:51:50Z</time>
      </trkpt>
      <trkpt lat="46.300703" lon="6.165479">
        <ele>412.0</ele>
        <time>2026-09-23T05:51:51Z</time>
      </trkpt>
      <trkpt lat="46.300633" lon="6.165419">
        <ele>411.9</ele>
        <time>2026-09-23T05:51:52Z</time>
      </trkpt>
      <trkpt lat="46.300563" lon="6.165358">
        <ele>411.9</ele>
        <time>2026-09-23T05:51:53Z</time>
      </trkpt>
      <trkpt lat="46.300493" lon="6.165302">
        <ele>411.9</ele>
        <time>2026-09-23T05:51:54Z</time>
      </trkpt>
      <trkpt lat="46.300423" lon="6.165237">
        <ele>411.9</ele>
        <time>2026-09-23T05:51:55Z</time>
      </trkpt>
      <trkpt lat="46.300353" lon="6.165175">
        <ele>411.8</ele>
        <time>2026-09-23T05:51:56Z</time>
      </trkpt>
      <trkpt lat="46.300283" lon="6.165116">
        <ele>411.8</ele>
        <time>2026-09-23T05:51:57Z</time>
      </trkpt>
      <trkpt lat="46.300211" lon="6.165057">
        <ele>411.8</ele>
        <time>2026-09-23T05:51:58Z</time>
      </trkpt>
      <trkpt lat="46.30014" lon="6.164995">
        <ele>411.7</ele>
        <time>2026-09-23T05:51:59Z</time>
      </trkpt>
      <trkpt lat="46.300069" lon="6.164934">
        <ele>411.7</ele>
        <time>2026-09-23T05:52:00Z</time>
      </trkpt>
      <trkpt lat="46.299998" lon="6.164872">
        <ele>411.6</ele>
        <time>2026-09-23T05:52:01Z</time>
      </trkpt>
      <trkpt lat="46.299924" lon="6.164811">
        <ele>411.5</ele>
        <time>2026-09-23T05:52:02Z</time>
      </trkpt>
      <trkpt lat="46.299853" lon="6.164748">
        <ele>411.5</ele>
        <time>2026-09-23T05:52:03Z</time>
      </trkpt>
      <trkpt lat="46.29978" lon="6.164686">
        <ele>411.4</ele>
        <time>2026-09-23T05:52:04Z</time>
      </trkpt>
      <trkpt lat="46.299706" lon="6.164623">
        <ele>411.4</ele>
        <time>2026-09-23T05:52:05Z</time>
      </trkpt>
      <trkpt lat="46.299635" lon="6.164555">
        <ele>411.3</ele>
        <time>2026-09-23T05:52:06Z</time>
      </trkpt>
      <trkpt lat="46.299564" lon="6.164484">
        <ele>411.2</ele>
        <time>2026-09-23T05:52:07Z</time>
      </trkpt>
      <trkpt lat="46.299496" lon="6.164408">
        <ele>411.2</ele>
        <time>2026-09-23T05:52:08Z</time>
      </trkpt>
      <trkpt lat="46.299429" lon="6.164325">
        <ele>411.1</ele>
        <time>2026-09-23T05:52:09Z</time>
      </trkpt>
      <trkpt lat="46.299361" lon="6.164249">
        <ele>411.1</ele>
        <time>2026-09-23T05:52:10Z</time>
      </trkpt>
      <trkpt lat="46.299295" lon="6.164163">
        <ele>411.1</ele>
        <time>2026-09-23T05:52:11Z</time>
      </trkpt>
      <trkpt lat="46.299233" lon="6.164072">
        <ele>411.1</ele>
        <time>2026-09-23T05:52:12Z</time>
      </trkpt>
      <trkpt lat="46.299171" lon="6.163989">
        <ele>411.2</ele>
        <time>2026-09-23T05:52:13Z</time>
      </trkpt>
      <trkpt lat="46.299113" lon="6.163907">
        <ele>411.2</ele>
        <time>2026-09-23T05:52:14Z</time>
      </trkpt>
      <trkpt lat="46.299058" lon="6.163815">
        <ele>411.3</ele>
        <time>2026-09-23T05:52:15Z</time>
      </trkpt>
      <trkpt lat="46.299002" lon="6.163725">
        <ele>411.3</ele>
        <time>2026-09-23T05:52:16Z</time>
      </trkpt>
      <trkpt lat="46.298945" lon="6.163643">
        <ele>411.4</ele>
        <time>2026-09-23T05:52:17Z</time>
      </trkpt>
      <trkpt lat="46.29889" lon="6.163566">
        <ele>411.6</ele>
        <time>2026-09-23T05:52:18Z</time>
      </trkpt>
      <trkpt lat="46.298835" lon="6.163487">
        <ele>411.7</ele>
        <time>2026-09-23T05:52:19Z</time>
      </trkpt>
      <trkpt lat="46.298779" lon="6.163413">
        <ele>411.9</ele>
        <time>2026-09-23T05:52:20Z</time>
      </trkpt>
      <trkpt lat="46.298726" lon="6.163342">
        <ele>412.1</ele>
        <time>2026-09-23T05:52:21Z</time>
      </trkpt>
      <trkpt lat="46.298676" lon="6.16327">
        <ele>412.3</ele>
        <time>2026-09-23T05:52:22Z</time>
      </trkpt>
      <trkpt lat="46.298628" lon="6.163202">
        <ele>412.4</ele>
        <time>2026-09-23T05:52:23Z</time>
      </trkpt>
      <trkpt lat="46.29858" lon="6.163136">
        <ele>412.6</ele>
        <time>2026-09-23T05:52:24Z</time>
      </trkpt>
      <trkpt lat="46.298533" lon="6.163068">
        <ele>412.7</ele>
        <time>2026-09-23T05:52:25Z</time>
      </trkpt>
      <trkpt lat="46.298486" lon="6.163">
        <ele>412.8</ele>
        <time>2026-09-23T05:52:26Z</time>
      </trkpt>
      <trkpt lat="46.298437" lon="6.162938">
        <ele>412.9</ele>
        <time>2026-09-23T05:52:27Z</time>
      </trkpt>
      <trkpt lat="46.298389" lon="6.162873">
        <ele>413.0</ele>
        <time>2026-09-23T05:52:28Z</time>
      </trkpt>
      <trkpt lat="46.298343" lon="6.162807">
        <ele>413.0</ele>
        <time>2026-09-23T05:52:29Z</time>
      </trkpt>
      <trkpt lat="46.298297" lon="6.162739">
        <ele>413.1</ele>
        <time>2026-09-23T05:52:30Z</time>
      </trkpt>
      <trkpt lat="46.298249" lon="6.162673">
        <ele>413.1</ele>
        <time>2026-09-23T05:52:31Z</time>
      </trkpt>
      <trkpt lat="46.298203" lon="6.162607">
        <ele>413.2</ele>
        <time>2026-09-23T05:52:32Z</time>
      </trkpt>
      <trkpt lat="46.298157" lon="6.162538">
        <ele>413.2</ele>
        <time>2026-09-23T05:52:33Z</time>
      </trkpt>
      <trkpt lat="46.298115" lon="6.162467">
        <ele>413.3</ele>
        <time>2026-09-23T05:52:34Z</time>
      </trkpt>
      <trkpt lat="46.298076" lon="6.162389">
        <ele>413.4</ele>
        <time>2026-09-23T05:52:35Z</time>
      </trkpt>
      <trkpt lat="46.298037" lon="6.162314">
        <ele>413.4</ele>
        <time>2026-09-23T05:52:36Z</time>
      </trkpt>
      <trkpt lat="46.298" lon="6.16224">
        <ele>413.5</ele>
        <time>2026-09-23T05:52:37Z</time>
      </trkpt>
      <trkpt lat="46.297966" lon="6.162163">
        <ele>413.6</ele>
        <time>2026-09-23T05:52:38Z</time>
      </trkpt>
      <trkpt lat="46.297935" lon="6.162084">
        <ele>413.7</ele>
        <time>2026-09-23T05:52:39Z</time>
      </trkpt>
      <trkpt lat="46.297905" lon="6.162007">
        <ele>413.9</ele>
        <time>2026-09-23T05:52:40Z</time>
      </trkpt>
      <trkpt lat="46.297874" lon="6.161929">
        <ele>414.0</ele>
        <time>2026-09-23T05:52:41Z</time>
      </trkpt>
      <trkpt lat="46.297846" lon="6.161852">
        <ele>414.1</ele>
        <time>2026-09-23T05:52:42Z</time>
      </trkpt>
      <trkpt lat="46.297819" lon="6.161773">
        <ele>414.2</ele>
        <time>2026-09-23T05:52:43Z</time>
      </trkpt>
      <trkpt lat="46.29779" lon="6.161698">
        <ele>414.3</ele>
        <time>2026-09-23T05:52:44Z</time>
      </trkpt>
      <trkpt lat="46.297762" lon="6.161623">
        <ele>414.4</ele>
        <time>2026-09-23T05:52:45Z</time>
      </trkpt>
      <trkpt lat="46.297737" lon="6.161547">
        <ele>414.4</ele>
        <time>2026-09-23T05:52:46Z</time>
      </trkpt>
      <trkpt lat="46.297711" lon="6.161476">
        <ele>414.6</ele>
        <time>2026-09-23T05:52:47Z</time>
      </trkpt>
      <trkpt lat="46.297685" lon="6.161405">
        <ele>414.8</ele>
        <time>2026-09-23T05:52:48Z</time>
      </trkpt>
      <trkpt lat="46.297661" lon="6.161334">
        <ele>415.0</ele>
        <time>2026-09-23T05:52:49Z</time>
      </trkpt>
      <trkpt lat="46.297637" lon="6.161266">
        <ele>415.2</ele>
        <time>2026-09-23T05:52:50Z</time>
      </trkpt>
      <trkpt lat="46.29761" lon="6.161199">
        <ele>415.4</ele>
        <time>2026-09-23T05:52:51Z</time>
      </trkpt>
      <trkpt lat="46.297587" lon="6.161132">
        <ele>415.6</ele>
        <time>2026-09-23T05:52:52Z</time>
      </trkpt>
      <trkpt lat="46.297566" lon="6.161064">
        <ele>415.8</ele>
        <time>2026-09-23T05:52:53Z</time>
      </trkpt>
      <trkpt lat="46.297544" lon="6.160994">
        <ele>416.1</ele>
        <time>2026-09-23T05:52:54Z</time>
      </trkpt>
      <trkpt lat="46.297523" lon="6.160931">
        <ele>416.3</ele>
        <time>2026-09-23T05:52:55Z</time>
      </trkpt>
      <trkpt lat="46.297503" lon="6.160865">
        <ele>416.5</ele>
        <time>2026-09-23T05:52:56Z</time>
      </trkpt>
      <trkpt lat="46.297484" lon="6.160801">
        <ele>416.7</ele>
        <time>2026-09-23T05:52:57Z</time>
      </trkpt>
      <trkpt lat="46.297463" lon="6.160739">
        <ele>417.0</ele>
        <time>2026-09-23T05:52:58Z</time>
      </trkpt>
      <trkpt lat="46.297444" lon="6.160676">
        <ele>417.2</ele>
        <time>2026-09-23T05:52:59Z</time>
      </trkpt>
      <trkpt lat="46.297426" lon="6.160615">
        <ele>417.3</ele>
        <time>2026-09-23T05:53:00Z</time>
      </trkpt>
      <trkpt lat="46.297405" lon="6.160557">
        <ele>417.5</ele>
        <time>2026-09-23T05:53:01Z</time>
      </trkpt>
      <trkpt lat="46.297385" lon="6.160501">
        <ele>417.7</ele>
        <time>2026-09-23T05:53:02Z</time>
      </trkpt>
      <trkpt lat="46.297365" lon="6.160441">
        <ele>417.9</ele>
        <time>2026-09-23T05:53:03Z</time>
      </trkpt>
      <trkpt lat="46.297348" lon="6.160384">
        <ele>418.1</ele>
        <time>2026-09-23T05:53:04Z</time>
      </trkpt>
      <trkpt lat="46.29733" lon="6.160332">
        <ele>418.3</ele>
        <time>2026-09-23T05:53:05Z</time>
      </trkpt>
      <trkpt lat="46.297311" lon="6.160281">
        <ele>418.5</ele>
        <time>2026-09-23T05:53:06Z</time>
      </trkpt>
      <trkpt lat="46.297294" lon="6.160225">
        <ele>418.6</ele>
        <time>2026-09-23T05:53:07Z</time>
      </trkpt>
      <trkpt lat="46.297271" lon="6.160172">
        <ele>418.8</ele>
        <time>2026-09-23T05:53:08Z</time>
      </trkpt>
      <trkpt lat="46.297254" lon="6.160131">
        <ele>419.0</ele>
        <time>2026-09-23T05:53:09Z</time>
      </trkpt>
      <trkpt lat="46.297235" lon="6.160074">
        <ele>419.1</ele>
        <time>2026-09-23T05:53:10Z</time>
      </trkpt>
      <trkpt lat="46.297214" lon="6.160024">
        <ele>419.3</ele>
        <time>2026-09-23T05:53:11Z</time>
      </trkpt>
      <trkpt lat="46.297192" lon="6.159975">
        <ele>419.4</ele>
        <time>2026-09-23T05:53:12Z</time>
      </trkpt>
      <trkpt lat="46.297171" lon="6.159932">
        <ele>419.6</ele>
        <time>2026-09-23T05:53:13Z</time>
      </trkpt>
      <trkpt lat="46.297149" lon="6.159887">
        <ele>419.7</ele>
        <time>2026-09-23T05:53:14Z</time>
      </trkpt>
      <trkpt lat="46.297125" lon="6.159837">
        <ele>419.8</ele>
        <time>2026-09-23T05:53:15Z</time>
      </trkpt>
      <trkpt lat="46.297104" lon="6.159788">
        <ele>419.9</ele>
        <time>2026-09-23T05:53:16Z</time>
      </trkpt>
      <trkpt lat="46.297082" lon="6.159735">
        <ele>420.0</ele>
        <time>2026-09-23T05:53:17Z</time>
      </trkpt>
      <trkpt lat="46.297063" lon="6.159677">
        <ele>420.1</ele>
        <time>2026-09-23T05:53:18Z</time>
      </trkpt>
      <trkpt lat="46.297044" lon="6.159621">
        <ele>420.2</ele>
        <time>2026-09-23T05:53:19Z</time>
      </trkpt>
      <trkpt lat="46.297026" lon="6.159563">
        <ele>420.3</ele>
        <time>2026-09-23T05:53:20Z</time>
      </trkpt>
      <trkpt lat="46.297009" lon="6.159504">
        <ele>420.4</ele>
        <time>2026-09-23T05:53:21Z</time>
      </trkpt>
      <trkpt lat="46.296994" lon="6.159442">
        <ele>420.5</ele>
        <time>2026-09-23T05:53:22Z</time>
      </trkpt>
      <trkpt lat="46.296977" lon="6.159377">
        <ele>420.6</ele>
        <time>2026-09-23T05:53:23Z</time>
      </trkpt>
      <trkpt lat="46.29696" lon="6.15932">
        <ele>420.7</ele>
        <time>2026-09-23T05:53:24Z</time>
      </trkpt>
      <trkpt lat="46.296942" lon="6.159264">
        <ele>420.8</ele>
        <time>2026-09-23T05:53:25Z</time>
      </trkpt>
      <trkpt lat="46.296926" lon="6.159201">
        <ele>420.8</ele>
        <time>2026-09-23T05:53:26Z</time>
      </trkpt>
      <trkpt lat="46.296909" lon="6.159136">
        <ele>420.9</ele>
        <time>2026-09-23T05:53:27Z</time>
      </trkpt>
      <trkpt lat="46.296892" lon="6.159071">
        <ele>421.0</ele>
        <time>2026-09-23T05:53:28Z</time>
      </trkpt>
      <trkpt lat="46.296875" lon="6.159006">
        <ele>421.0</ele>
        <time>2026-09-23T05:53:29Z</time>
      </trkpt>
      <trkpt lat="46.296857" lon="6.15894">
        <ele>421.1</ele>
        <time>2026-09-23T05:53:30Z</time>
      </trkpt>
      <trkpt lat="46.29684" lon="6.158872">
        <ele>421.1</ele>
        <time>2026-09-23T05:53:31Z</time>
      </trkpt>
      <trkpt lat="46.296822" lon="6.158806">
        <ele>421.1</ele>
        <time>2026-09-23T05:53:32Z</time>
      </trkpt>
      <trkpt lat="46.296803" lon="6.158736">
        <ele>421.2</ele>
        <time>2026-09-23T05:53:33Z</time>
      </trkpt>
      <trkpt lat="46.29678" lon="6.158673">
        <ele>421.2</ele>
        <time>2026-09-23T05:53:34Z</time>
      </trkpt>
      <trkpt lat="46.296758" lon="6.158605">
        <ele>421.2</ele>
        <time>2026-09-23T05:53:35Z</time>
      </trkpt>
      <trkpt lat="46.296743" lon="6.158544">
        <ele>421.2</ele>
        <time>2026-09-23T05:53:36Z</time>
      </trkpt>
      <trkpt lat="46.29672" lon="6.158482">
        <ele>421.3</ele>
        <time>2026-09-23T05:53:37Z</time>
      </trkpt>
      <trkpt lat="46.296699" lon="6.158419">
        <ele>421.3</ele>
        <time>2026-09-23T05:53:38Z</time>
      </trkpt>
      <trkpt lat="46.296668" lon="6.158351">
        <ele>421.3</ele>
        <time>2026-09-23T05:53:39Z</time>
      </trkpt>
      <trkpt lat="46.296642" lon="6.158283">
        <ele>421.3</ele>
        <time>2026-09-23T05:53:40Z</time>
      </trkpt>
      <trkpt lat="46.296612" lon="6.158215">
        <ele>421.3</ele>
        <time>2026-09-23T05:53:41Z</time>
      </trkpt>
      <trkpt lat="46.296581" lon="6.15815">
        <ele>421.4</ele>
        <time>2026-09-23T05:53:42Z</time>
      </trkpt>
      <trkpt lat="46.296553" lon="6.158087">
        <ele>421.4</ele>
        <time>2026-09-23T05:53:43Z</time>
      </trkpt>
      <trkpt lat="46.29652" lon="6.158021">
        <ele>421.4</ele>
        <time>2026-09-23T05:53:44Z</time>
      </trkpt>
      <trkpt lat="46.296485" lon="6.157958">
        <ele>421.5</ele>
        <time>2026-09-23T05:53:45Z</time>
      </trkpt>
      <trkpt lat="46.296452" lon="6.157893">
        <ele>421.5</ele>
        <time>2026-09-23T05:53:46Z</time>
      </trkpt>
      <trkpt lat="46.296415" lon="6.157831">
        <ele>421.5</ele>
        <time>2026-09-23T05:53:47Z</time>
      </trkpt>
      <trkpt lat="46.296376" lon="6.157767">
        <ele>421.6</ele>
        <time>2026-09-23T05:53:48Z</time>
      </trkpt>
      <trkpt lat="46.296338" lon="6.157705">
        <ele>421.6</ele>
        <time>2026-09-23T05:53:49Z</time>
      </trkpt>
      <trkpt lat="46.296299" lon="6.157642">
        <ele>421.7</ele>
        <time>2026-09-23T05:53:50Z</time>
      </trkpt>
      <trkpt lat="46.296258" lon="6.157578">
        <ele>421.7</ele>
        <time>2026-09-23T05:53:51Z</time>
      </trkpt>
      <trkpt lat="46.296215" lon="6.157514">
        <ele>421.8</ele>
        <time>2026-09-23T05:53:52Z</time>
      </trkpt>
      <trkpt lat="46.296171" lon="6.15745">
        <ele>421.8</ele>
        <time>2026-09-23T05:53:53Z</time>
      </trkpt>
      <trkpt lat="46.296128" lon="6.157385">
        <ele>421.8</ele>
        <time>2026-09-23T05:53:54Z</time>
      </trkpt>
      <trkpt lat="46.296084" lon="6.157322">
        <ele>421.8</ele>
        <time>2026-09-23T05:53:55Z</time>
      </trkpt>
      <trkpt lat="46.296038" lon="6.157264">
        <ele>421.9</ele>
        <time>2026-09-23T05:53:56Z</time>
      </trkpt>
      <trkpt lat="46.295992" lon="6.157201">
        <ele>421.9</ele>
        <time>2026-09-23T05:53:57Z</time>
      </trkpt>
      <trkpt lat="46.295945" lon="6.157143">
        <ele>421.9</ele>
        <time>2026-09-23T05:53:58Z</time>
      </trkpt>
      <trkpt lat="46.295897" lon="6.157087">
        <ele>421.9</ele>
        <time>2026-09-23T05:53:59Z</time>
      </trkpt>
      <trkpt lat="46.295846" lon="6.157033">
        <ele>421.9</ele>
        <time>2026-09-23T05:54:00Z</time>
      </trkpt>
      <trkpt lat="46.295794" lon="6.156979">
        <ele>422.0</ele>
        <time>2026-09-23T05:54:01Z</time>
      </trkpt>
      <trkpt lat="46.295742" lon="6.156923">
        <ele>422.1</ele>
        <time>2026-09-23T05:54:02Z</time>
      </trkpt>
      <trkpt lat="46.295689" lon="6.156869">
        <ele>422.1</ele>
        <time>2026-09-23T05:54:03Z</time>
      </trkpt>
      <trkpt lat="46.295636" lon="6.156814">
        <ele>422.2</ele>
        <time>2026-09-23T05:54:04Z</time>
      </trkpt>
      <trkpt lat="46.295586" lon="6.156753">
        <ele>422.2</ele>
        <time>2026-09-23T05:54:05Z</time>
      </trkpt>
      <trkpt lat="46.295539" lon="6.156682">
        <ele>422.2</ele>
        <time>2026-09-23T05:54:06Z</time>
      </trkpt>
      <trkpt lat="46.295492" lon="6.156615">
        <ele>422.2</ele>
        <time>2026-09-23T05:54:07Z</time>
      </trkpt>
      <trkpt lat="46.295441" lon="6.156558">
        <ele>422.2</ele>
        <time>2026-09-23T05:54:08Z</time>
      </trkpt>
      <trkpt lat="46.295385" lon="6.156505">
        <ele>422.2</ele>
        <time>2026-09-23T05:54:09Z</time>
      </trkpt>
      <trkpt lat="46.295328" lon="6.156453">
        <ele>422.2</ele>
        <time>2026-09-23T05:54:10Z</time>
      </trkpt>
      <trkpt lat="46.295277" lon="6.156401">
        <ele>422.2</ele>
        <time>2026-09-23T05:54:11Z</time>
      </trkpt>
      <trkpt lat="46.295223" lon="6.156346">
        <ele>422.3</ele>
        <time>2026-09-23T05:54:12Z</time>
      </trkpt>
      <trkpt lat="46.295171" lon="6.156292">
        <ele>422.3</ele>
        <time>2026-09-23T05:54:13Z</time>
      </trkpt>
      <trkpt lat="46.295117" lon="6.156246">
        <ele>422.3</ele>
        <time>2026-09-23T05:54:14Z</time>
      </trkpt>
      <trkpt lat="46.295061" lon="6.156199">
        <ele>422.3</ele>
        <time>2026-09-23T05:54:15Z</time>
      </trkpt>
      <trkpt lat="46.29501" lon="6.156145">
        <ele>422.3</ele>
        <time>2026-09-23T05:54:16Z</time>
      </trkpt>
      <trkpt lat="46.294958" lon="6.156092">
        <ele>422.4</ele>
        <time>2026-09-23T05:54:17Z</time>
      </trkpt>
      <trkpt lat="46.294905" lon="6.156046">
        <ele>422.4</ele>
        <time>2026-09-23T05:54:18Z</time>
      </trkpt>
      <trkpt lat="46.29485" lon="6.156002">
        <ele>422.4</ele>
        <time>2026-09-23T05:54:19Z</time>
      </trkpt>
      <trkpt lat="46.294794" lon="6.15596">
        <ele>422.4</ele>
        <time>2026-09-23T05:54:20Z</time>
      </trkpt>
      <trkpt lat="46.294741" lon="6.155912">
        <ele>422.4</ele>
        <time>2026-09-23T05:54:21Z</time>
      </trkpt>
      <trkpt lat="46.294686" lon="6.155868">
        <ele>422.5</ele>
        <time>2026-09-23T05:54:22Z</time>
      </trkpt>
      <trkpt lat="46.294631" lon="6.155819">
        <ele>422.5</ele>
        <time>2026-09-23T05:54:23Z</time>
      </trkpt>
      <trkpt lat="46.294577" lon="6.155771">
        <ele>422.5</ele>
        <time>2026-09-23T05:54:24Z</time>
      </trkpt>
      <trkpt lat="46.294522" lon="6.155723">
        <ele>422.5</ele>
        <time>2026-09-23T05:54:25Z</time>
      </trkpt>
      <trkpt lat="46.29447" lon="6.155671">
        <ele>422.6</ele>
        <time>2026-09-23T05:54:26Z</time>
      </trkpt>
      <trkpt lat="46.294418" lon="6.155618">
        <ele>422.6</ele>
        <time>2026-09-23T05:54:27Z</time>
      </trkpt>
      <trkpt lat="46.294363" lon="6.155566">
        <ele>422.6</ele>
        <time>2026-09-23T05:54:28Z</time>
      </trkpt>
      <trkpt lat="46.294309" lon="6.15552">
        <ele>422.6</ele>
        <time>2026-09-23T05:54:29Z</time>
      </trkpt>
      <trkpt lat="46.294255" lon="6.155467">
        <ele>422.7</ele>
        <time>2026-09-23T05:54:30Z</time>
      </trkpt>
      <trkpt lat="46.294203" lon="6.155414">
        <ele>422.7</ele>
        <time>2026-09-23T05:54:31Z</time>
      </trkpt>
      <trkpt lat="46.294153" lon="6.155362">
        <ele>422.7</ele>
        <time>2026-09-23T05:54:32Z</time>
      </trkpt>
      <trkpt lat="46.2941" lon="6.155311">
        <ele>422.7</ele>
        <time>2026-09-23T05:54:33Z</time>
      </trkpt>
      <trkpt lat="46.294048" lon="6.155259">
        <ele>422.8</ele>
        <time>2026-09-23T05:54:34Z</time>
      </trkpt>
      <trkpt lat="46.293996" lon="6.15521">
        <ele>422.8</ele>
        <time>2026-09-23T05:54:35Z</time>
      </trkpt>
      <trkpt lat="46.293945" lon="6.155153">
        <ele>422.8</ele>
        <time>2026-09-23T05:54:36Z</time>
      </trkpt>
      <trkpt lat="46.2939" lon="6.155091">
        <ele>422.9</ele>
        <time>2026-09-23T05:54:37Z</time>
      </trkpt>
      <trkpt lat="46.293859" lon="6.155028">
        <ele>422.9</ele>
        <time>2026-09-23T05:54:38Z</time>
      </trkpt>
      <trkpt lat="46.293818" lon="6.154971">
        <ele>422.9</ele>
        <time>2026-09-23T05:54:39Z</time>
      </trkpt>
      <trkpt lat="46.29377" lon="6.154929">
        <ele>422.9</ele>
        <time>2026-09-23T05:54:40Z</time>
      </trkpt>
      <trkpt lat="46.293714" lon="6.154901">
        <ele>422.9</ele>
        <time>2026-09-23T05:54:41Z</time>
      </trkpt>
      <trkpt lat="46.293655" lon="6.154875">
        <ele>422.9</ele>
        <time>2026-09-23T05:54:42Z</time>
      </trkpt>
      <trkpt lat="46.293598" lon="6.154837">
        <ele>422.9</ele>
        <time>2026-09-23T05:54:43Z</time>
      </trkpt>
      <trkpt lat="46.293542" lon="6.154788">
        <ele>422.9</ele>
        <time>2026-09-23T05:54:44Z</time>
      </trkpt>
      <trkpt lat="46.293489" lon="6.154733">
        <ele>422.9</ele>
        <time>2026-09-23T05:54:45Z</time>
      </trkpt>
      <trkpt lat="46.293439" lon="6.154681">
        <ele>422.9</ele>
        <time>2026-09-23T05:54:46Z</time>
      </trkpt>
      <trkpt lat="46.293387" lon="6.154628">
        <ele>422.9</ele>
        <time>2026-09-23T05:54:47Z</time>
      </trkpt>
      <trkpt lat="46.293331" lon="6.154577">
        <ele>422.9</ele>
        <time>2026-09-23T05:54:48Z</time>
      </trkpt>
      <trkpt lat="46.293279" lon="6.154523">
        <ele>422.8</ele>
        <time>2026-09-23T05:54:49Z</time>
      </trkpt>
      <trkpt lat="46.293225" lon="6.154469">
        <ele>422.8</ele>
        <time>2026-09-23T05:54:50Z</time>
      </trkpt>
      <trkpt lat="46.29317" lon="6.154423">
        <ele>422.8</ele>
        <time>2026-09-23T05:54:51Z</time>
      </trkpt>
      <trkpt lat="46.293114" lon="6.154375">
        <ele>422.8</ele>
        <time>2026-09-23T05:54:52Z</time>
      </trkpt>
      <trkpt lat="46.293057" lon="6.154319">
        <ele>422.7</ele>
        <time>2026-09-23T05:54:53Z</time>
      </trkpt>
      <trkpt lat="46.292998" lon="6.154263">
        <ele>422.7</ele>
        <time>2026-09-23T05:54:54Z</time>
      </trkpt>
      <trkpt lat="46.292927" lon="6.154226">
        <ele>422.6</ele>
        <time>2026-09-23T05:54:55Z</time>
      </trkpt>
      <trkpt lat="46.292861" lon="6.154175">
        <ele>422.5</ele>
        <time>2026-09-23T05:54:56Z</time>
      </trkpt>
      <trkpt lat="46.292798" lon="6.154109">
        <ele>422.4</ele>
        <time>2026-09-23T05:54:57Z</time>
      </trkpt>
      <trkpt lat="46.292735" lon="6.154043">
        <ele>422.4</ele>
        <time>2026-09-23T05:54:58Z</time>
      </trkpt>
      <trkpt lat="46.29267" lon="6.153984">
        <ele>422.3</ele>
        <time>2026-09-23T05:54:59Z</time>
      </trkpt>
      <trkpt lat="46.292606" lon="6.153922">
        <ele>422.2</ele>
        <time>2026-09-23T05:55:00Z</time>
      </trkpt>
      <trkpt lat="46.29254" lon="6.153869">
        <ele>422.2</ele>
        <time>2026-09-23T05:55:01Z</time>
      </trkpt>
      <trkpt lat="46.292472" lon="6.153816">
        <ele>422.2</ele>
        <time>2026-09-23T05:55:02Z</time>
      </trkpt>
      <trkpt lat="46.292401" lon="6.15377">
        <ele>422.2</ele>
        <time>2026-09-23T05:55:03Z</time>
      </trkpt>
      <trkpt lat="46.292332" lon="6.153719">
        <ele>422.3</ele>
        <time>2026-09-23T05:55:04Z</time>
      </trkpt>
      <trkpt lat="46.292268" lon="6.153658">
        <ele>422.4</ele>
        <time>2026-09-23T05:55:05Z</time>
      </trkpt>
      <trkpt lat="46.292205" lon="6.153587">
        <ele>422.4</ele>
        <time>2026-09-23T05:55:06Z</time>
      </trkpt>
      <trkpt lat="46.292144" lon="6.153519">
        <ele>422.5</ele>
        <time>2026-09-23T05:55:07Z</time>
      </trkpt>
      <trkpt lat="46.29207" lon="6.153484">
        <ele>422.2</ele>
        <time>2026-09-23T05:55:08Z</time>
      </trkpt>
      <trkpt lat="46.291987" lon="6.153485">
        <ele>421.9</ele>
        <time>2026-09-23T05:55:09Z</time>
      </trkpt>
      <trkpt lat="46.291902" lon="6.153492">
        <ele>421.8</ele>
        <time>2026-09-23T05:55:10Z</time>
      </trkpt>
      <trkpt lat="46.291823" lon="6.153469">
        <ele>421.7</ele>
        <time>2026-09-23T05:55:11Z</time>
      </trkpt>
      <trkpt lat="46.291742" lon="6.153435">
        <ele>421.6</ele>
        <time>2026-09-23T05:55:12Z</time>
      </trkpt>
      <trkpt lat="46.291665" lon="6.153404">
        <ele>421.6</ele>
        <time>2026-09-23T05:55:13Z</time>
      </trkpt>
      <trkpt lat="46.291587" lon="6.153377">
        <ele>421.6</ele>
        <time>2026-09-23T05:55:14Z</time>
      </trkpt>
      <trkpt lat="46.29151" lon="6.153351">
        <ele>421.6</ele>
        <time>2026-09-23T05:55:15Z</time>
      </trkpt>
      <trkpt lat="46.29143" lon="6.153324">
        <ele>421.6</ele>
        <time>2026-09-23T05:55:16Z</time>
      </trkpt>
      <trkpt lat="46.291353" lon="6.153296">
        <ele>421.6</ele>
        <time>2026-09-23T05:55:17Z</time>
      </trkpt>
      <trkpt lat="46.291277" lon="6.153274">
        <ele>421.6</ele>
        <time>2026-09-23T05:55:18Z</time>
      </trkpt>
      <trkpt lat="46.2912" lon="6.153248">
        <ele>421.6</ele>
        <time>2026-09-23T05:55:19Z</time>
      </trkpt>
      <trkpt lat="46.291126" lon="6.153218">
        <ele>421.7</ele>
        <time>2026-09-23T05:55:20Z</time>
      </trkpt>
      <trkpt lat="46.291052" lon="6.153191">
        <ele>421.7</ele>
        <time>2026-09-23T05:55:21Z</time>
      </trkpt>
      <trkpt lat="46.290981" lon="6.153159">
        <ele>421.8</ele>
        <time>2026-09-23T05:55:22Z</time>
      </trkpt>
      <trkpt lat="46.290908" lon="6.153128">
        <ele>421.8</ele>
        <time>2026-09-23T05:55:23Z</time>
      </trkpt>
      <trkpt lat="46.290836" lon="6.153099">
        <ele>421.9</ele>
        <time>2026-09-23T05:55:24Z</time>
      </trkpt>
      <trkpt lat="46.290765" lon="6.153064">
        <ele>421.9</ele>
        <time>2026-09-23T05:55:25Z</time>
      </trkpt>
      <trkpt lat="46.290696" lon="6.153026">
        <ele>422.0</ele>
        <time>2026-09-23T05:55:26Z</time>
      </trkpt>
      <trkpt lat="46.290628" lon="6.152992">
        <ele>422.0</ele>
        <time>2026-09-23T05:55:27Z</time>
      </trkpt>
      <trkpt lat="46.29056" lon="6.152955">
        <ele>422.0</ele>
        <time>2026-09-23T05:55:28Z</time>
      </trkpt>
      <trkpt lat="46.290493" lon="6.152917">
        <ele>422.0</ele>
        <time>2026-09-23T05:55:29Z</time>
      </trkpt>
      <trkpt lat="46.290425" lon="6.152885">
        <ele>422.0</ele>
        <time>2026-09-23T05:55:30Z</time>
      </trkpt>
      <trkpt lat="46.290354" lon="6.152851">
        <ele>422.0</ele>
        <time>2026-09-23T05:55:31Z</time>
      </trkpt>
      <trkpt lat="46.290286" lon="6.152816">
        <ele>422.0</ele>
        <time>2026-09-23T05:55:32Z</time>
      </trkpt>
      <trkpt lat="46.290217" lon="6.15278">
        <ele>422.0</ele>
        <time>2026-09-23T05:55:33Z</time>
      </trkpt>
      <trkpt lat="46.290147" lon="6.152749">
        <ele>421.9</ele>
        <time>2026-09-23T05:55:34Z</time>
      </trkpt>
      <trkpt lat="46.290078" lon="6.152715">
        <ele>421.9</ele>
        <time>2026-09-23T05:55:35Z</time>
      </trkpt>
      <trkpt lat="46.290008" lon="6.152683">
        <ele>421.9</ele>
        <time>2026-09-23T05:55:36Z</time>
      </trkpt>
      <trkpt lat="46.289937" lon="6.152648">
        <ele>421.9</ele>
        <time>2026-09-23T05:55:37Z</time>
      </trkpt>
      <trkpt lat="46.289868" lon="6.152612">
        <ele>421.9</ele>
        <time>2026-09-23T05:55:38Z</time>
      </trkpt>
      <trkpt lat="46.289798" lon="6.152577">
        <ele>421.9</ele>
        <time>2026-09-23T05:55:39Z</time>
      </trkpt>
      <trkpt lat="46.289728" lon="6.152543">
        <ele>421.8</ele>
        <time>2026-09-23T05:55:40Z</time>
      </trkpt>
      <trkpt lat="46.28966" lon="6.15251">
        <ele>421.8</ele>
        <time>2026-09-23T05:55:41Z</time>
      </trkpt>
      <trkpt lat="46.289593" lon="6.152477">
        <ele>421.8</ele>
        <time>2026-09-23T05:55:42Z</time>
      </trkpt>
      <trkpt lat="46.289525" lon="6.152441">
        <ele>421.8</ele>
        <time>2026-09-23T05:55:43Z</time>
      </trkpt>
      <trkpt lat="46.289457" lon="6.152407">
        <ele>421.8</ele>
        <time>2026-09-23T05:55:44Z</time>
      </trkpt>
      <trkpt lat="46.289389" lon="6.152369">
        <ele>421.9</ele>
        <time>2026-09-23T05:55:45Z</time>
      </trkpt>
      <trkpt lat="46.289322" lon="6.152335">
        <ele>421.9</ele>
        <time>2026-09-23T05:55:46Z</time>
      </trkpt>
      <trkpt lat="46.289256" lon="6.1523">
        <ele>421.9</ele>
        <time>2026-09-23T05:55:47Z</time>
      </trkpt>
      <trkpt lat="46.289188" lon="6.152264">
        <ele>421.9</ele>
        <time>2026-09-23T05:55:48Z</time>
      </trkpt>
      <trkpt lat="46.28912" lon="6.152231">
        <ele>421.9</ele>
        <time>2026-09-23T05:55:49Z</time>
      </trkpt>
      <trkpt lat="46.289053" lon="6.152195">
        <ele>422.0</ele>
        <time>2026-09-23T05:55:50Z</time>
      </trkpt>
      <trkpt lat="46.288986" lon="6.152156">
        <ele>422.0</ele>
        <time>2026-09-23T05:55:51Z</time>
      </trkpt>
      <trkpt lat="46.28892" lon="6.15212">
        <ele>422.1</ele>
        <time>2026-09-23T05:55:52Z</time>
      </trkpt>
      <trkpt lat="46.288852" lon="6.152085">
        <ele>422.1</ele>
        <time>2026-09-23T05:55:53Z</time>
      </trkpt>
      <trkpt lat="46.288784" lon="6.152053">
        <ele>422.1</ele>
        <time>2026-09-23T05:55:54Z</time>
      </trkpt>
      <trkpt lat="46.288717" lon="6.152019">
        <ele>422.2</ele>
        <time>2026-09-23T05:55:55Z</time>
      </trkpt>
      <trkpt lat="46.28865" lon="6.151987">
        <ele>422.3</ele>
        <time>2026-09-23T05:55:56Z</time>
      </trkpt>
      <trkpt lat="46.288583" lon="6.151947">
        <ele>422.3</ele>
        <time>2026-09-23T05:55:57Z</time>
      </trkpt>
      <trkpt lat="46.288516" lon="6.151912">
        <ele>422.3</ele>
        <time>2026-09-23T05:55:58Z</time>
      </trkpt>
      <trkpt lat="46.288449" lon="6.151878">
        <ele>422.4</ele>
        <time>2026-09-23T05:55:59Z</time>
      </trkpt>
      <trkpt lat="46.288382" lon="6.151845">
        <ele>422.4</ele>
        <time>2026-09-23T05:56:00Z</time>
      </trkpt>
      <trkpt lat="46.288314" lon="6.151809">
        <ele>422.5</ele>
        <time>2026-09-23T05:56:01Z</time>
      </trkpt>
      <trkpt lat="46.288247" lon="6.15177">
        <ele>422.5</ele>
        <time>2026-09-23T05:56:02Z</time>
      </trkpt>
      <trkpt lat="46.288181" lon="6.151733">
        <ele>422.6</ele>
        <time>2026-09-23T05:56:03Z</time>
      </trkpt>
      <trkpt lat="46.288115" lon="6.151693">
        <ele>422.6</ele>
        <time>2026-09-23T05:56:04Z</time>
      </trkpt>
      <trkpt lat="46.288051" lon="6.151646">
        <ele>422.7</ele>
        <time>2026-09-23T05:56:05Z</time>
      </trkpt>
      <trkpt lat="46.287987" lon="6.151598">
        <ele>422.7</ele>
        <time>2026-09-23T05:56:06Z</time>
      </trkpt>
      <trkpt lat="46.287925" lon="6.151548">
        <ele>422.8</ele>
        <time>2026-09-23T05:56:07Z</time>
      </trkpt>
      <trkpt lat="46.287863" lon="6.151496">
        <ele>422.8</ele>
        <time>2026-09-23T05:56:08Z</time>
      </trkpt>
      <trkpt lat="46.287803" lon="6.151439">
        <ele>422.9</ele>
        <time>2026-09-23T05:56:09Z</time>
      </trkpt>
      <trkpt lat="46.287745" lon="6.151376">
        <ele>422.9</ele>
        <time>2026-09-23T05:56:10Z</time>
      </trkpt>
      <trkpt lat="46.28769" lon="6.151303">
        <ele>423.0</ele>
        <time>2026-09-23T05:56:11Z</time>
      </trkpt>
      <trkpt lat="46.287644" lon="6.151219">
        <ele>423.0</ele>
        <time>2026-09-23T05:56:12Z</time>
      </trkpt>
      <trkpt lat="46.287597" lon="6.151136">
        <ele>423.1</ele>
        <time>2026-09-23T05:56:13Z</time>
      </trkpt>
      <trkpt lat="46.28754" lon="6.151073">
        <ele>423.1</ele>
        <time>2026-09-23T05:56:14Z</time>
      </trkpt>
      <trkpt lat="46.287469" lon="6.151037">
        <ele>423.1</ele>
        <time>2026-09-23T05:56:15Z</time>
      </trkpt>
      <trkpt lat="46.287395" lon="6.151007">
        <ele>423.1</ele>
        <time>2026-09-23T05:56:16Z</time>
      </trkpt>
      <trkpt lat="46.287323" lon="6.150966">
        <ele>423.1</ele>
        <time>2026-09-23T05:56:17Z</time>
      </trkpt>
      <trkpt lat="46.287259" lon="6.150905">
        <ele>423.2</ele>
        <time>2026-09-23T05:56:18Z</time>
      </trkpt>
      <trkpt lat="46.287198" lon="6.150833">
        <ele>423.2</ele>
        <time>2026-09-23T05:56:19Z</time>
      </trkpt>
      <trkpt lat="46.287139" lon="6.150766">
        <ele>423.2</ele>
        <time>2026-09-23T05:56:20Z</time>
      </trkpt>
      <trkpt lat="46.287077" lon="6.1507">
        <ele>423.2</ele>
        <time>2026-09-23T05:56:21Z</time>
      </trkpt>
      <trkpt lat="46.287016" lon="6.150634">
        <ele>423.2</ele>
        <time>2026-09-23T05:56:22Z</time>
      </trkpt>
      <trkpt lat="46.286956" lon="6.150568">
        <ele>423.3</ele>
        <time>2026-09-23T05:56:23Z</time>
      </trkpt>
      <trkpt lat="46.286895" lon="6.150502">
        <ele>423.3</ele>
        <time>2026-09-23T05:56:24Z</time>
      </trkpt>
      <trkpt lat="46.286833" lon="6.150439">
        <ele>423.3</ele>
        <time>2026-09-23T05:56:25Z</time>
      </trkpt>
      <trkpt lat="46.286772" lon="6.150375">
        <ele>423.3</ele>
        <time>2026-09-23T05:56:26Z</time>
      </trkpt>
      <trkpt lat="46.286711" lon="6.150311">
        <ele>423.4</ele>
        <time>2026-09-23T05:56:27Z</time>
      </trkpt>
      <trkpt lat="46.286652" lon="6.150248">
        <ele>423.4</ele>
        <time>2026-09-23T05:56:28Z</time>
      </trkpt>
      <trkpt lat="46.286592" lon="6.150184">
        <ele>423.4</ele>
        <time>2026-09-23T05:56:29Z</time>
      </trkpt>
      <trkpt lat="46.286533" lon="6.150119">
        <ele>423.5</ele>
        <time>2026-09-23T05:56:30Z</time>
      </trkpt>
      <trkpt lat="46.286475" lon="6.150058">
        <ele>423.5</ele>
        <time>2026-09-23T05:56:31Z</time>
      </trkpt>
      <trkpt lat="46.286416" lon="6.149994">
        <ele>423.5</ele>
        <time>2026-09-23T05:56:32Z</time>
      </trkpt>
      <trkpt lat="46.286355" lon="6.149931">
        <ele>423.5</ele>
        <time>2026-09-23T05:56:33Z</time>
      </trkpt>
      <trkpt lat="46.286296" lon="6.149869">
        <ele>423.5</ele>
        <time>2026-09-23T05:56:34Z</time>
      </trkpt>
      <trkpt lat="46.286238" lon="6.149806">
        <ele>423.5</ele>
        <time>2026-09-23T05:56:35Z</time>
      </trkpt>
      <trkpt lat="46.286178" lon="6.149743">
        <ele>423.5</ele>
        <time>2026-09-23T05:56:36Z</time>
      </trkpt>
      <trkpt lat="46.28612" lon="6.149679">
        <ele>423.4</ele>
        <time>2026-09-23T05:56:37Z</time>
      </trkpt>
      <trkpt lat="46.286059" lon="6.149618">
        <ele>423.4</ele>
        <time>2026-09-23T05:56:38Z</time>
      </trkpt>
      <trkpt lat="46.285999" lon="6.149553">
        <ele>423.4</ele>
        <time>2026-09-23T05:56:39Z</time>
      </trkpt>
      <trkpt lat="46.285939" lon="6.149488">
        <ele>423.3</ele>
        <time>2026-09-23T05:56:40Z</time>
      </trkpt>
      <trkpt lat="46.285877" lon="6.149425">
        <ele>423.2</ele>
        <time>2026-09-23T05:56:41Z</time>
      </trkpt>
      <trkpt lat="46.285816" lon="6.149361">
        <ele>423.1</ele>
        <time>2026-09-23T05:56:42Z</time>
      </trkpt>
      <trkpt lat="46.285754" lon="6.149295">
        <ele>423.0</ele>
        <time>2026-09-23T05:56:43Z</time>
      </trkpt>
      <trkpt lat="46.285692" lon="6.149234">
        <ele>422.9</ele>
        <time>2026-09-23T05:56:44Z</time>
      </trkpt>
      <trkpt lat="46.285629" lon="6.14917">
        <ele>422.8</ele>
        <time>2026-09-23T05:56:45Z</time>
      </trkpt>
      <trkpt lat="46.285567" lon="6.149106">
        <ele>422.7</ele>
        <time>2026-09-23T05:56:46Z</time>
      </trkpt>
      <trkpt lat="46.285505" lon="6.149039">
        <ele>422.6</ele>
        <time>2026-09-23T05:56:47Z</time>
      </trkpt>
      <trkpt lat="46.285443" lon="6.148973">
        <ele>422.4</ele>
        <time>2026-09-23T05:56:48Z</time>
      </trkpt>
      <trkpt lat="46.285381" lon="6.148907">
        <ele>422.3</ele>
        <time>2026-09-23T05:56:49Z</time>
      </trkpt>
      <trkpt lat="46.285318" lon="6.14884">
        <ele>422.1</ele>
        <time>2026-09-23T05:56:50Z</time>
      </trkpt>
      <trkpt lat="46.285255" lon="6.148773">
        <ele>421.9</ele>
        <time>2026-09-23T05:56:51Z</time>
      </trkpt>
      <trkpt lat="46.285192" lon="6.148704">
        <ele>421.7</ele>
        <time>2026-09-23T05:56:52Z</time>
      </trkpt>
      <trkpt lat="46.285126" lon="6.148639">
        <ele>421.5</ele>
        <time>2026-09-23T05:56:53Z</time>
      </trkpt>
      <trkpt lat="46.285061" lon="6.148571">
        <ele>421.3</ele>
        <time>2026-09-23T05:56:54Z</time>
      </trkpt>
      <trkpt lat="46.284994" lon="6.148504">
        <ele>421.1</ele>
        <time>2026-09-23T05:56:55Z</time>
      </trkpt>
      <trkpt lat="46.284928" lon="6.148429">
        <ele>420.8</ele>
        <time>2026-09-23T05:56:56Z</time>
      </trkpt>
      <trkpt lat="46.284861" lon="6.148359">
        <ele>420.6</ele>
        <time>2026-09-23T05:56:57Z</time>
      </trkpt>
      <trkpt lat="46.284792" lon="6.14829">
        <ele>420.3</ele>
        <time>2026-09-23T05:56:58Z</time>
      </trkpt>
      <trkpt lat="46.284722" lon="6.14822">
        <ele>420.1</ele>
        <time>2026-09-23T05:56:59Z</time>
      </trkpt>
      <trkpt lat="46.284652" lon="6.148147">
        <ele>419.8</ele>
        <time>2026-09-23T05:57:00Z</time>
      </trkpt>
      <trkpt lat="46.284582" lon="6.148072">
        <ele>419.6</ele>
        <time>2026-09-23T05:57:01Z</time>
      </trkpt>
      <trkpt lat="46.284512" lon="6.147997">
        <ele>419.4</ele>
        <time>2026-09-23T05:57:02Z</time>
      </trkpt>
      <trkpt lat="46.284441" lon="6.147923">
        <ele>419.2</ele>
        <time>2026-09-23T05:57:03Z</time>
      </trkpt>
      <trkpt lat="46.284368" lon="6.147852">
        <ele>419.1</ele>
        <time>2026-09-23T05:57:04Z</time>
      </trkpt>
      <trkpt lat="46.28429" lon="6.147788">
        <ele>419.2</ele>
        <time>2026-09-23T05:57:05Z</time>
      </trkpt>
      <trkpt lat="46.284211" lon="6.147727">
        <ele>419.2</ele>
        <time>2026-09-23T05:57:06Z</time>
      </trkpt>
      <trkpt lat="46.284138" lon="6.14766">
        <ele>419.2</ele>
        <time>2026-09-23T05:57:07Z</time>
      </trkpt>
      <trkpt lat="46.284067" lon="6.147593">
        <ele>419.3</ele>
        <time>2026-09-23T05:57:08Z</time>
      </trkpt>
      <trkpt lat="46.283993" lon="6.147532">
        <ele>419.2</ele>
        <time>2026-09-23T05:57:09Z</time>
      </trkpt>
      <trkpt lat="46.283925" lon="6.147457">
        <ele>419.2</ele>
        <time>2026-09-23T05:57:10Z</time>
      </trkpt>
      <trkpt lat="46.283869" lon="6.147366">
        <ele>419.1</ele>
        <time>2026-09-23T05:57:11Z</time>
      </trkpt>
      <trkpt lat="46.283813" lon="6.14728">
        <ele>419.0</ele>
        <time>2026-09-23T05:57:12Z</time>
      </trkpt>
      <trkpt lat="46.283755" lon="6.147204">
        <ele>419.0</ele>
        <time>2026-09-23T05:57:13Z</time>
      </trkpt>
      <trkpt lat="46.283695" lon="6.147131">
        <ele>418.9</ele>
        <time>2026-09-23T05:57:14Z</time>
      </trkpt>
      <trkpt lat="46.283631" lon="6.147062">
        <ele>418.8</ele>
        <time>2026-09-23T05:57:15Z</time>
      </trkpt>
      <trkpt lat="46.283569" lon="6.146994">
        <ele>418.8</ele>
        <time>2026-09-23T05:57:16Z</time>
      </trkpt>
      <trkpt lat="46.283505" lon="6.146927">
        <ele>418.7</ele>
        <time>2026-09-23T05:57:17Z</time>
      </trkpt>
      <trkpt lat="46.283441" lon="6.146863">
        <ele>418.6</ele>
        <time>2026-09-23T05:57:18Z</time>
      </trkpt>
      <trkpt lat="46.28338" lon="6.146795">
        <ele>418.5</ele>
        <time>2026-09-23T05:57:19Z</time>
      </trkpt>
      <trkpt lat="46.283317" lon="6.146727">
        <ele>418.4</ele>
        <time>2026-09-23T05:57:20Z</time>
      </trkpt>
      <trkpt lat="46.283253" lon="6.14666">
        <ele>418.3</ele>
        <time>2026-09-23T05:57:21Z</time>
      </trkpt>
      <trkpt lat="46.283192" lon="6.14659">
        <ele>418.2</ele>
        <time>2026-09-23T05:57:22Z</time>
      </trkpt>
      <trkpt lat="46.283128" lon="6.146517">
        <ele>418.1</ele>
        <time>2026-09-23T05:57:23Z</time>
      </trkpt>
      <trkpt lat="46.283067" lon="6.146446">
        <ele>418.0</ele>
        <time>2026-09-23T05:57:24Z</time>
      </trkpt>
      <trkpt lat="46.283005" lon="6.146378">
        <ele>417.9</ele>
        <time>2026-09-23T05:57:25Z</time>
      </trkpt>
      <trkpt lat="46.282943" lon="6.146312">
        <ele>417.8</ele>
        <time>2026-09-23T05:57:26Z</time>
      </trkpt>
      <trkpt lat="46.282879" lon="6.146242">
        <ele>417.7</ele>
        <time>2026-09-23T05:57:27Z</time>
      </trkpt>
      <trkpt lat="46.282815" lon="6.146174">
        <ele>417.5</ele>
        <time>2026-09-23T05:57:28Z</time>
      </trkpt>
      <trkpt lat="46.282751" lon="6.14611">
        <ele>417.4</ele>
        <time>2026-09-23T05:57:29Z</time>
      </trkpt>
      <trkpt lat="46.282685" lon="6.146043">
        <ele>417.3</ele>
        <time>2026-09-23T05:57:30Z</time>
      </trkpt>
      <trkpt lat="46.282625" lon="6.145966">
        <ele>417.1</ele>
        <time>2026-09-23T05:57:31Z</time>
      </trkpt>
      <trkpt lat="46.282573" lon="6.145874">
        <ele>417.0</ele>
        <time>2026-09-23T05:57:32Z</time>
      </trkpt>
      <trkpt lat="46.282525" lon="6.145779">
        <ele>416.8</ele>
        <time>2026-09-23T05:57:33Z</time>
      </trkpt>
      <trkpt lat="46.282482" lon="6.145681">
        <ele>416.7</ele>
        <time>2026-09-23T05:57:34Z</time>
      </trkpt>
      <trkpt lat="46.282448" lon="6.145577">
        <ele>416.5</ele>
        <time>2026-09-23T05:57:35Z</time>
      </trkpt>
      <trkpt lat="46.282416" lon="6.145469">
        <ele>416.3</ele>
        <time>2026-09-23T05:57:36Z</time>
      </trkpt>
      <trkpt lat="46.282382" lon="6.145364">
        <ele>416.1</ele>
        <time>2026-09-23T05:57:37Z</time>
      </trkpt>
      <trkpt lat="46.28235" lon="6.145257">
        <ele>415.9</ele>
        <time>2026-09-23T05:57:38Z</time>
      </trkpt>
      <trkpt lat="46.282317" lon="6.145152">
        <ele>415.6</ele>
        <time>2026-09-23T05:57:39Z</time>
      </trkpt>
      <trkpt lat="46.282285" lon="6.145041">
        <ele>415.3</ele>
        <time>2026-09-23T05:57:40Z</time>
      </trkpt>
      <trkpt lat="46.282249" lon="6.144929">
        <ele>414.9</ele>
        <time>2026-09-23T05:57:41Z</time>
      </trkpt>
      <trkpt lat="46.28221" lon="6.144817">
        <ele>414.5</ele>
        <time>2026-09-23T05:57:42Z</time>
      </trkpt>
      <trkpt lat="46.282177" lon="6.144696">
        <ele>414.0</ele>
        <time>2026-09-23T05:57:43Z</time>
      </trkpt>
      <trkpt lat="46.282143" lon="6.144572">
        <ele>413.6</ele>
        <time>2026-09-23T05:57:44Z</time>
      </trkpt>
      <trkpt lat="46.28211" lon="6.144444">
        <ele>413.2</ele>
        <time>2026-09-23T05:57:45Z</time>
      </trkpt>
      <trkpt lat="46.282086" lon="6.144309">
        <ele>412.7</ele>
        <time>2026-09-23T05:57:46Z</time>
      </trkpt>
      <trkpt lat="46.282066" lon="6.144171">
        <ele>412.6</ele>
        <time>2026-09-23T05:57:47Z</time>
      </trkpt>
      <trkpt lat="46.282044" lon="6.144032">
        <ele>412.2</ele>
        <time>2026-09-23T05:57:48Z</time>
      </trkpt>
      <trkpt lat="46.282022" lon="6.143882">
        <ele>411.8</ele>
        <time>2026-09-23T05:57:49Z</time>
      </trkpt>
      <trkpt lat="46.281998" lon="6.143754">
        <ele>411.4</ele>
        <time>2026-09-23T05:57:50Z</time>
      </trkpt>
      <trkpt lat="46.28198" lon="6.143591">
        <ele>411.0</ele>
        <time>2026-09-23T05:57:51Z</time>
      </trkpt>
      <trkpt lat="46.281968" lon="6.143459">
        <ele>410.8</ele>
        <time>2026-09-23T05:57:52Z</time>
      </trkpt>
      <trkpt lat="46.281949" lon="6.143315">
        <ele>410.7</ele>
        <time>2026-09-23T05:57:53Z</time>
      </trkpt>
      <trkpt lat="46.281931" lon="6.143175">
        <ele>410.6</ele>
        <time>2026-09-23T05:57:54Z</time>
      </trkpt>
      <trkpt lat="46.281909" lon="6.143037">
        <ele>410.6</ele>
        <time>2026-09-23T05:57:55Z</time>
      </trkpt>
      <trkpt lat="46.28189" lon="6.142901">
        <ele>410.6</ele>
        <time>2026-09-23T05:57:56Z</time>
      </trkpt>
      <trkpt lat="46.28187" lon="6.142769">
        <ele>410.6</ele>
        <time>2026-09-23T05:57:57Z</time>
      </trkpt>
      <trkpt lat="46.281851" lon="6.142641">
        <ele>410.6</ele>
        <time>2026-09-23T05:57:58Z</time>
      </trkpt>
      <trkpt lat="46.281829" lon="6.142515">
        <ele>410.6</ele>
        <time>2026-09-23T05:57:59Z</time>
      </trkpt>
      <trkpt lat="46.281807" lon="6.142393">
        <ele>410.5</ele>
        <time>2026-09-23T05:58:00Z</time>
      </trkpt>
      <trkpt lat="46.281786" lon="6.14227">
        <ele>410.5</ele>
        <time>2026-09-23T05:58:01Z</time>
      </trkpt>
      <trkpt lat="46.281765" lon="6.14215">
        <ele>410.5</ele>
        <time>2026-09-23T05:58:02Z</time>
      </trkpt>
      <trkpt lat="46.281753" lon="6.14203">
        <ele>410.6</ele>
        <time>2026-09-23T05:58:03Z</time>
      </trkpt>
      <trkpt lat="46.281741" lon="6.14191">
        <ele>410.6</ele>
        <time>2026-09-23T05:58:04Z</time>
      </trkpt>
      <trkpt lat="46.281727" lon="6.141796">
        <ele>410.6</ele>
        <time>2026-09-23T05:58:05Z</time>
      </trkpt>
      <trkpt lat="46.281714" lon="6.141681">
        <ele>410.7</ele>
        <time>2026-09-23T05:58:06Z</time>
      </trkpt>
      <trkpt lat="46.281701" lon="6.141567">
        <ele>410.7</ele>
        <time>2026-09-23T05:58:07Z</time>
      </trkpt>
      <trkpt lat="46.281689" lon="6.141452">
        <ele>410.7</ele>
        <time>2026-09-23T05:58:08Z</time>
      </trkpt>
      <trkpt lat="46.281681" lon="6.14134">
        <ele>410.8</ele>
        <time>2026-09-23T05:58:09Z</time>
      </trkpt>
      <trkpt lat="46.281676" lon="6.141225">
        <ele>410.8</ele>
        <time>2026-09-23T05:58:10Z</time>
      </trkpt>
      <trkpt lat="46.281674" lon="6.141115">
        <ele>410.8</ele>
        <time>2026-09-23T05:58:11Z</time>
      </trkpt>
      <trkpt lat="46.281677" lon="6.141004">
        <ele>410.7</ele>
        <time>2026-09-23T05:58:12Z</time>
      </trkpt>
      <trkpt lat="46.281687" lon="6.140893">
        <ele>410.7</ele>
        <time>2026-09-23T05:58:13Z</time>
      </trkpt>
      <trkpt lat="46.281703" lon="6.140784">
        <ele>410.6</ele>
        <time>2026-09-23T05:58:14Z</time>
      </trkpt>
      <trkpt lat="46.281713" lon="6.140672">
        <ele>410.5</ele>
        <time>2026-09-23T05:58:15Z</time>
      </trkpt>
      <trkpt lat="46.281717" lon="6.140563">
        <ele>410.4</ele>
        <time>2026-09-23T05:58:16Z</time>
      </trkpt>
      <trkpt lat="46.281725" lon="6.140448">
        <ele>410.4</ele>
        <time>2026-09-23T05:58:17Z</time>
      </trkpt>
      <trkpt lat="46.28172" lon="6.140337">
        <ele>410.3</ele>
        <time>2026-09-23T05:58:18Z</time>
      </trkpt>
      <trkpt lat="46.281718" lon="6.140224">
        <ele>410.2</ele>
        <time>2026-09-23T05:58:19Z</time>
      </trkpt>
      <trkpt lat="46.281716" lon="6.140114">
        <ele>410.2</ele>
        <time>2026-09-23T05:58:20Z</time>
      </trkpt>
      <trkpt lat="46.281714" lon="6.140002">
        <ele>410.1</ele>
        <time>2026-09-23T05:58:21Z</time>
      </trkpt>
      <trkpt lat="46.281714" lon="6.139892">
        <ele>410.0</ele>
        <time>2026-09-23T05:58:22Z</time>
      </trkpt>
      <trkpt lat="46.281715" lon="6.139779">
        <ele>409.9</ele>
        <time>2026-09-23T05:58:23Z</time>
      </trkpt>
      <trkpt lat="46.28171" lon="6.139672">
        <ele>409.9</ele>
        <time>2026-09-23T05:58:24Z</time>
      </trkpt>
      <trkpt lat="46.281706" lon="6.139562">
        <ele>409.9</ele>
        <time>2026-09-23T05:58:25Z</time>
      </trkpt>
      <trkpt lat="46.281688" lon="6.139458">
        <ele>409.9</ele>
        <time>2026-09-23T05:58:26Z</time>
      </trkpt>
      <trkpt lat="46.281656" lon="6.13936">
        <ele>409.8</ele>
        <time>2026-09-23T05:58:27Z</time>
      </trkpt>
      <trkpt lat="46.28162" lon="6.139263">
        <ele>409.7</ele>
        <time>2026-09-23T05:58:28Z</time>
      </trkpt>
      <trkpt lat="46.281583" lon="6.139165">
        <ele>409.5</ele>
        <time>2026-09-23T05:58:29Z</time>
      </trkpt>
      <trkpt lat="46.281534" lon="6.139074">
        <ele>409.3</ele>
        <time>2026-09-23T05:58:30Z</time>
      </trkpt>
      <trkpt lat="46.281485" lon="6.13898">
        <ele>409.1</ele>
        <time>2026-09-23T05:58:31Z</time>
      </trkpt>
      <trkpt lat="46.281433" lon="6.13888">
        <ele>408.9</ele>
        <time>2026-09-23T05:58:32Z</time>
      </trkpt>
      <trkpt lat="46.281383" lon="6.138776">
        <ele>408.9</ele>
        <time>2026-09-23T05:58:33Z</time>
      </trkpt>
      <trkpt lat="46.281329" lon="6.138673">
        <ele>408.9</ele>
        <time>2026-09-23T05:58:34Z</time>
      </trkpt>
      <trkpt lat="46.281277" lon="6.138572">
        <ele>408.7</ele>
        <time>2026-09-23T05:58:35Z</time>
      </trkpt>
      <trkpt lat="46.281232" lon="6.138464">
        <ele>408.5</ele>
        <time>2026-09-23T05:58:36Z</time>
      </trkpt>
      <trkpt lat="46.281199" lon="6.138351">
        <ele>408.4</ele>
        <time>2026-09-23T05:58:37Z</time>
      </trkpt>
      <trkpt lat="46.28116" lon="6.138249">
        <ele>408.3</ele>
        <time>2026-09-23T05:58:38Z</time>
      </trkpt>
      <trkpt lat="46.281117" lon="6.138141">
        <ele>408.2</ele>
        <time>2026-09-23T05:58:39Z</time>
      </trkpt>
      <trkpt lat="46.281077" lon="6.13804">
        <ele>408.2</ele>
        <time>2026-09-23T05:58:40Z</time>
      </trkpt>
      <trkpt lat="46.28104" lon="6.137937">
        <ele>408.1</ele>
        <time>2026-09-23T05:58:41Z</time>
      </trkpt>
      <trkpt lat="46.281008" lon="6.137834">
        <ele>408.1</ele>
        <time>2026-09-23T05:58:42Z</time>
      </trkpt>
      <trkpt lat="46.280978" lon="6.137732">
        <ele>408.1</ele>
        <time>2026-09-23T05:58:43Z</time>
      </trkpt>
      <trkpt lat="46.280946" lon="6.137632">
        <ele>408.2</ele>
        <time>2026-09-23T05:58:44Z</time>
      </trkpt>
      <trkpt lat="46.280915" lon="6.13754">
        <ele>408.3</ele>
        <time>2026-09-23T05:58:45Z</time>
      </trkpt>
      <trkpt lat="46.280886" lon="6.137454">
        <ele>408.5</ele>
        <time>2026-09-23T05:58:46Z</time>
      </trkpt>
      <trkpt lat="46.280859" lon="6.137373">
        <ele>408.6</ele>
        <time>2026-09-23T05:58:47Z</time>
      </trkpt>
      <trkpt lat="46.280834" lon="6.137297">
        <ele>408.8</ele>
        <time>2026-09-23T05:58:48Z</time>
      </trkpt>
      <trkpt lat="46.280807" lon="6.137223">
        <ele>409.0</ele>
        <time>2026-09-23T05:58:49Z</time>
      </trkpt>
      <trkpt lat="46.280783" lon="6.13715">
        <ele>409.2</ele>
        <time>2026-09-23T05:58:50Z</time>
      </trkpt>
      <trkpt lat="46.28076" lon="6.137079">
        <ele>409.4</ele>
        <time>2026-09-23T05:58:51Z</time>
      </trkpt>
      <trkpt lat="46.280736" lon="6.13701">
        <ele>409.6</ele>
        <time>2026-09-23T05:58:52Z</time>
      </trkpt>
      <trkpt lat="46.280715" lon="6.136945">
        <ele>409.7</ele>
        <time>2026-09-23T05:58:53Z</time>
      </trkpt>
      <trkpt lat="46.280694" lon="6.136883">
        <ele>409.9</ele>
        <time>2026-09-23T05:58:54Z</time>
      </trkpt>
      <trkpt lat="46.280673" lon="6.13682">
        <ele>410.1</ele>
        <time>2026-09-23T05:58:55Z</time>
      </trkpt>
      <trkpt lat="46.280652" lon="6.13676">
        <ele>410.3</ele>
        <time>2026-09-23T05:58:56Z</time>
      </trkpt>
      <trkpt lat="46.280633" lon="6.1367">
        <ele>410.4</ele>
        <time>2026-09-23T05:58:57Z</time>
      </trkpt>
      <trkpt lat="46.280611" lon="6.136642">
        <ele>410.6</ele>
        <time>2026-09-23T05:58:58Z</time>
      </trkpt>
      <trkpt lat="46.28059" lon="6.136581">
        <ele>410.8</ele>
        <time>2026-09-23T05:58:59Z</time>
      </trkpt>
      <trkpt lat="46.280568" lon="6.136526">
        <ele>411.0</ele>
        <time>2026-09-23T05:59:00Z</time>
      </trkpt>
      <trkpt lat="46.280545" lon="6.136472">
        <ele>411.2</ele>
        <time>2026-09-23T05:59:01Z</time>
      </trkpt>
      <trkpt lat="46.280524" lon="6.136422">
        <ele>411.4</ele>
        <time>2026-09-23T05:59:02Z</time>
      </trkpt>
      <trkpt lat="46.2805" lon="6.136367">
        <ele>411.6</ele>
        <time>2026-09-23T05:59:03Z</time>
      </trkpt>
      <trkpt lat="46.280479" lon="6.13632">
        <ele>411.8</ele>
        <time>2026-09-23T05:59:04Z</time>
      </trkpt>
      <trkpt lat="46.280457" lon="6.136269">
        <ele>412.0</ele>
        <time>2026-09-23T05:59:05Z</time>
      </trkpt>
      <trkpt lat="46.280437" lon="6.136219">
        <ele>412.2</ele>
        <time>2026-09-23T05:59:06Z</time>
      </trkpt>
      <trkpt lat="46.280415" lon="6.136171">
        <ele>412.4</ele>
        <time>2026-09-23T05:59:07Z</time>
      </trkpt>
      <trkpt lat="46.280393" lon="6.136128">
        <ele>412.6</ele>
        <time>2026-09-23T05:59:08Z</time>
      </trkpt>
      <trkpt lat="46.28037" lon="6.136085">
        <ele>412.8</ele>
        <time>2026-09-23T05:59:09Z</time>
      </trkpt>
      <trkpt lat="46.28035" lon="6.13604">
        <ele>413.0</ele>
        <time>2026-09-23T05:59:10Z</time>
      </trkpt>
      <trkpt lat="46.280329" lon="6.135999">
        <ele>413.2</ele>
        <time>2026-09-23T05:59:11Z</time>
      </trkpt>
      <trkpt lat="46.280307" lon="6.135959">
        <ele>413.5</ele>
        <time>2026-09-23T05:59:12Z</time>
      </trkpt>
      <trkpt lat="46.280288" lon="6.135921">
        <ele>413.7</ele>
        <time>2026-09-23T05:59:13Z</time>
      </trkpt>
      <trkpt lat="46.280266" lon="6.135881">
        <ele>413.9</ele>
        <time>2026-09-23T05:59:14Z</time>
      </trkpt>
      <trkpt lat="46.280246" lon="6.135841">
        <ele>414.1</ele>
        <time>2026-09-23T05:59:15Z</time>
      </trkpt>
      <trkpt lat="46.280225" lon="6.135804">
        <ele>414.3</ele>
        <time>2026-09-23T05:59:16Z</time>
      </trkpt>
      <trkpt lat="46.280203" lon="6.135766">
        <ele>414.5</ele>
        <time>2026-09-23T05:59:17Z</time>
      </trkpt>
      <trkpt lat="46.280182" lon="6.135727">
        <ele>414.8</ele>
        <time>2026-09-23T05:59:18Z</time>
      </trkpt>
      <trkpt lat="46.280164" lon="6.135691">
        <ele>415.0</ele>
        <time>2026-09-23T05:59:19Z</time>
      </trkpt>
      <trkpt lat="46.280143" lon="6.135653">
        <ele>415.2</ele>
        <time>2026-09-23T05:59:20Z</time>
      </trkpt>
      <trkpt lat="46.280122" lon="6.135619">
        <ele>415.4</ele>
        <time>2026-09-23T05:59:21Z</time>
      </trkpt>
      <trkpt lat="46.280101" lon="6.135585">
        <ele>415.6</ele>
        <time>2026-09-23T05:59:22Z</time>
      </trkpt>
      <trkpt lat="46.280081" lon="6.135548">
        <ele>415.8</ele>
        <time>2026-09-23T05:59:23Z</time>
      </trkpt>
      <trkpt lat="46.280061" lon="6.135513">
        <ele>416.1</ele>
        <time>2026-09-23T05:59:24Z</time>
      </trkpt>
      <trkpt lat="46.280042" lon="6.135478">
        <ele>416.3</ele>
        <time>2026-09-23T05:59:25Z</time>
      </trkpt>
      <trkpt lat="46.280023" lon="6.13544">
        <ele>416.5</ele>
        <time>2026-09-23T05:59:26Z</time>
      </trkpt>
      <trkpt lat="46.280003" lon="6.135403">
        <ele>416.7</ele>
        <time>2026-09-23T05:59:27Z</time>
      </trkpt>
      <trkpt lat="46.279983" lon="6.135367">
        <ele>416.9</ele>
        <time>2026-09-23T05:59:28Z</time>
      </trkpt>
      <trkpt lat="46.279959" lon="6.135333">
        <ele>417.1</ele>
        <time>2026-09-23T05:59:29Z</time>
      </trkpt>
      <trkpt lat="46.279932" lon="6.135305">
        <ele>417.4</ele>
        <time>2026-09-23T05:59:30Z</time>
      </trkpt>
      <trkpt lat="46.279906" lon="6.135275">
        <ele>417.6</ele>
        <time>2026-09-23T05:59:31Z</time>
      </trkpt>
      <trkpt lat="46.279878" lon="6.135248">
        <ele>417.9</ele>
        <time>2026-09-23T05:59:32Z</time>
      </trkpt>
      <trkpt lat="46.279852" lon="6.135224">
        <ele>418.1</ele>
        <time>2026-09-23T05:59:33Z</time>
      </trkpt>
      <trkpt lat="46.279828" lon="6.135194">
        <ele>418.4</ele>
        <time>2026-09-23T05:59:34Z</time>
      </trkpt>
      <trkpt lat="46.2798" lon="6.135167">
        <ele>418.6</ele>
        <time>2026-09-23T05:59:35Z</time>
      </trkpt>
      <trkpt lat="46.279772" lon="6.135143">
        <ele>418.9</ele>
        <time>2026-09-23T05:59:36Z</time>
      </trkpt>
      <trkpt lat="46.279744" lon="6.135118">
        <ele>419.1</ele>
        <time>2026-09-23T05:59:37Z</time>
      </trkpt>
      <trkpt lat="46.279715" lon="6.135094">
        <ele>419.4</ele>
        <time>2026-09-23T05:59:38Z</time>
      </trkpt>
      <trkpt lat="46.279685" lon="6.135072">
        <ele>419.6</ele>
        <time>2026-09-23T05:59:39Z</time>
      </trkpt>
      <trkpt lat="46.279656" lon="6.13505">
        <ele>419.9</ele>
        <time>2026-09-23T05:59:40Z</time>
      </trkpt>
      <trkpt lat="46.279625" lon="6.135029">
        <ele>420.1</ele>
        <time>2026-09-23T05:59:41Z</time>
      </trkpt>
      <trkpt lat="46.279596" lon="6.135009">
        <ele>420.4</ele>
        <time>2026-09-23T05:59:42Z</time>
      </trkpt>
      <trkpt lat="46.279563" lon="6.13499">
        <ele>420.6</ele>
        <time>2026-09-23T05:59:43Z</time>
      </trkpt>
      <trkpt lat="46.279531" lon="6.134971">
        <ele>420.9</ele>
        <time>2026-09-23T05:59:44Z</time>
      </trkpt>
      <trkpt lat="46.2795" lon="6.134952">
        <ele>421.1</ele>
        <time>2026-09-23T05:59:45Z</time>
      </trkpt>
      <trkpt lat="46.279468" lon="6.134935">
        <ele>421.4</ele>
        <time>2026-09-23T05:59:46Z</time>
      </trkpt>
      <trkpt lat="46.279436" lon="6.134913">
        <ele>421.6</ele>
        <time>2026-09-23T05:59:47Z</time>
      </trkpt>
      <trkpt lat="46.279404" lon="6.134893">
        <ele>421.9</ele>
        <time>2026-09-23T05:59:48Z</time>
      </trkpt>
      <trkpt lat="46.279373" lon="6.134875">
        <ele>422.1</ele>
        <time>2026-09-23T05:59:49Z</time>
      </trkpt>
      <trkpt lat="46.279342" lon="6.134858">
        <ele>422.3</ele>
        <time>2026-09-23T05:59:50Z</time>
      </trkpt>
      <trkpt lat="46.279309" lon="6.134841">
        <ele>422.5</ele>
        <time>2026-09-23T05:59:51Z</time>
      </trkpt>
      <trkpt lat="46.279277" lon="6.134822">
        <ele>422.7</ele>
        <time>2026-09-23T05:59:52Z</time>
      </trkpt>
      <trkpt lat="46.279246" lon="6.1348">
        <ele>422.9</ele>
        <time>2026-09-23T05:59:53Z</time>
      </trkpt>
      <trkpt lat="46.279217" lon="6.134777">
        <ele>423.1</ele>
        <time>2026-09-23T05:59:54Z</time>
      </trkpt>
      <trkpt lat="46.279186" lon="6.134752">
        <ele>423.3</ele>
        <time>2026-09-23T05:59:55Z</time>
      </trkpt>
      <trkpt lat="46.279156" lon="6.134726">
        <ele>423.5</ele>
        <time>2026-09-23T05:59:56Z</time>
      </trkpt>
      <trkpt lat="46.279124" lon="6.134706">
        <ele>423.6</ele>
        <time>2026-09-23T05:59:57Z</time>
      </trkpt>
      <trkpt lat="46.279092" lon="6.134686">
        <ele>423.8</ele>
        <time>2026-09-23T05:59:58Z</time>
      </trkpt>
      <trkpt lat="46.27906" lon="6.134666">
        <ele>424.0</ele>
        <time>2026-09-23T05:59:59Z</time>
      </trkpt>
      <trkpt lat="46.279027" lon="6.134644">
        <ele>424.2</ele>
        <time>2026-09-23T06:00:00Z</time>
      </trkpt>
      <trkpt lat="46.278995" lon="6.134621">
        <ele>424.4</ele>
        <time>2026-09-23T06:00:01Z</time>
      </trkpt>
      <trkpt lat="46.278964" lon="6.134603">
        <ele>424.5</ele>
        <time>2026-09-23T06:00:02Z</time>
      </trkpt>
      <trkpt lat="46.278932" lon="6.134579">
        <ele>424.7</ele>
        <time>2026-09-23T06:00:03Z</time>
      </trkpt>
      <trkpt lat="46.278899" lon="6.13456">
        <ele>424.9</ele>
        <time>2026-09-23T06:00:04Z</time>
      </trkpt>
      <trkpt lat="46.278868" lon="6.134537">
        <ele>425.0</ele>
        <time>2026-09-23T06:00:05Z</time>
      </trkpt>
      <trkpt lat="46.278837" lon="6.134515">
        <ele>425.2</ele>
        <time>2026-09-23T06:00:06Z</time>
      </trkpt>
      <trkpt lat="46.278807" lon="6.134491">
        <ele>425.3</ele>
        <time>2026-09-23T06:00:07Z</time>
      </trkpt>
      <trkpt lat="46.278775" lon="6.134471">
        <ele>425.5</ele>
        <time>2026-09-23T06:00:08Z</time>
      </trkpt>
      <trkpt lat="46.278744" lon="6.134446">
        <ele>425.6</ele>
        <time>2026-09-23T06:00:09Z</time>
      </trkpt>
      <trkpt lat="46.278713" lon="6.134422">
        <ele>425.8</ele>
        <time>2026-09-23T06:00:10Z</time>
      </trkpt>
      <trkpt lat="46.27868" lon="6.134398">
        <ele>425.9</ele>
        <time>2026-09-23T06:00:11Z</time>
      </trkpt>
      <trkpt lat="46.278645" lon="6.134375">
        <ele>426.0</ele>
        <time>2026-09-23T06:00:12Z</time>
      </trkpt>
      <trkpt lat="46.278611" lon="6.134349">
        <ele>426.1</ele>
        <time>2026-09-23T06:00:13Z</time>
      </trkpt>
      <trkpt lat="46.278575" lon="6.134326">
        <ele>426.2</ele>
        <time>2026-09-23T06:00:14Z</time>
      </trkpt>
      <trkpt lat="46.278541" lon="6.134298">
        <ele>426.3</ele>
        <time>2026-09-23T06:00:15Z</time>
      </trkpt>
      <trkpt lat="46.278505" lon="6.134274">
        <ele>426.4</ele>
        <time>2026-09-23T06:00:16Z</time>
      </trkpt>
      <trkpt lat="46.278469" lon="6.134246">
        <ele>426.5</ele>
        <time>2026-09-23T06:00:17Z</time>
      </trkpt>
      <trkpt lat="46.278431" lon="6.134218">
        <ele>426.6</ele>
        <time>2026-09-23T06:00:18Z</time>
      </trkpt>
      <trkpt lat="46.278395" lon="6.134191">
        <ele>426.7</ele>
        <time>2026-09-23T06:00:19Z</time>
      </trkpt>
      <trkpt lat="46.278357" lon="6.134163">
        <ele>426.8</ele>
        <time>2026-09-23T06:00:20Z</time>
      </trkpt>
      <trkpt lat="46.278321" lon="6.134136">
        <ele>426.9</ele>
        <time>2026-09-23T06:00:21Z</time>
      </trkpt>
      <trkpt lat="46.278284" lon="6.134103">
        <ele>427.0</ele>
        <time>2026-09-23T06:00:22Z</time>
      </trkpt>
      <trkpt lat="46.278249" lon="6.134068">
        <ele>427.0</ele>
        <time>2026-09-23T06:00:23Z</time>
      </trkpt>
      <trkpt lat="46.278215" lon="6.13403">
        <ele>427.1</ele>
        <time>2026-09-23T06:00:24Z</time>
      </trkpt>
      <trkpt lat="46.27818" lon="6.133994">
        <ele>427.2</ele>
        <time>2026-09-23T06:00:25Z</time>
      </trkpt>
      <trkpt lat="46.278144" lon="6.133958">
        <ele>427.2</ele>
        <time>2026-09-23T06:00:26Z</time>
      </trkpt>
      <trkpt lat="46.278105" lon="6.133923">
        <ele>427.3</ele>
        <time>2026-09-23T06:00:27Z</time>
      </trkpt>
      <trkpt lat="46.278066" lon="6.133885">
        <ele>427.3</ele>
        <time>2026-09-23T06:00:28Z</time>
      </trkpt>
      <trkpt lat="46.278022" lon="6.133843">
        <ele>427.3</ele>
        <time>2026-09-23T06:00:29Z</time>
      </trkpt>
      <trkpt lat="46.277979" lon="6.133809">
        <ele>427.3</ele>
        <time>2026-09-23T06:00:30Z</time>
      </trkpt>
      <trkpt lat="46.277932" lon="6.133774">
        <ele>427.2</ele>
        <time>2026-09-23T06:00:31Z</time>
      </trkpt>
      <trkpt lat="46.277889" lon="6.133734">
        <ele>427.2</ele>
        <time>2026-09-23T06:00:32Z</time>
      </trkpt>
      <trkpt lat="46.277847" lon="6.133693">
        <ele>427.1</ele>
        <time>2026-09-23T06:00:33Z</time>
      </trkpt>
      <trkpt lat="46.277805" lon="6.133648">
        <ele>427.1</ele>
        <time>2026-09-23T06:00:34Z</time>
      </trkpt>
      <trkpt lat="46.27776" lon="6.133607">
        <ele>427.1</ele>
        <time>2026-09-23T06:00:35Z</time>
      </trkpt>
      <trkpt lat="46.277715" lon="6.13356">
        <ele>427.1</ele>
        <time>2026-09-23T06:00:36Z</time>
      </trkpt>
      <trkpt lat="46.277672" lon="6.133514">
        <ele>427.1</ele>
        <time>2026-09-23T06:00:37Z</time>
      </trkpt>
      <trkpt lat="46.277628" lon="6.133469">
        <ele>427.1</ele>
        <time>2026-09-23T06:00:38Z</time>
      </trkpt>
      <trkpt lat="46.277585" lon="6.133423">
        <ele>427.1</ele>
        <time>2026-09-23T06:00:39Z</time>
      </trkpt>
      <trkpt lat="46.277541" lon="6.133378">
        <ele>427.2</ele>
        <time>2026-09-23T06:00:40Z</time>
      </trkpt>
      <trkpt lat="46.277499" lon="6.133333">
        <ele>427.2</ele>
        <time>2026-09-23T06:00:41Z</time>
      </trkpt>
      <trkpt lat="46.277457" lon="6.133284">
        <ele>427.3</ele>
        <time>2026-09-23T06:00:42Z</time>
      </trkpt>
      <trkpt lat="46.277414" lon="6.133241">
        <ele>427.4</ele>
        <time>2026-09-23T06:00:43Z</time>
      </trkpt>
      <trkpt lat="46.277373" lon="6.133196">
        <ele>427.5</ele>
        <time>2026-09-23T06:00:44Z</time>
      </trkpt>
      <trkpt lat="46.277332" lon="6.133153">
        <ele>427.6</ele>
        <time>2026-09-23T06:00:45Z</time>
      </trkpt>
      <trkpt lat="46.277293" lon="6.133111">
        <ele>427.7</ele>
        <time>2026-09-23T06:00:46Z</time>
      </trkpt>
      <trkpt lat="46.277253" lon="6.133069">
        <ele>427.8</ele>
        <time>2026-09-23T06:00:47Z</time>
      </trkpt>
      <trkpt lat="46.277219" lon="6.13303">
        <ele>427.9</ele>
        <time>2026-09-23T06:00:48Z</time>
      </trkpt>
      <trkpt lat="46.277183" lon="6.13299">
        <ele>428.0</ele>
        <time>2026-09-23T06:00:49Z</time>
      </trkpt>
      <trkpt lat="46.277146" lon="6.132949">
        <ele>428.1</ele>
        <time>2026-09-23T06:00:50Z</time>
      </trkpt>
      <trkpt lat="46.277107" lon="6.13291">
        <ele>428.1</ele>
        <time>2026-09-23T06:00:51Z</time>
      </trkpt>
      <trkpt lat="46.277068" lon="6.13287">
        <ele>428.2</ele>
        <time>2026-09-23T06:00:52Z</time>
      </trkpt>
      <trkpt lat="46.27703" lon="6.132827">
        <ele>428.2</ele>
        <time>2026-09-23T06:00:53Z</time>
      </trkpt>
      <trkpt lat="46.276991" lon="6.132784">
        <ele>428.2</ele>
        <time>2026-09-23T06:00:54Z</time>
      </trkpt>
      <trkpt lat="46.276948" lon="6.132735">
        <ele>428.2</ele>
        <time>2026-09-23T06:00:55Z</time>
      </trkpt>
      <trkpt lat="46.276908" lon="6.132689">
        <ele>428.2</ele>
        <time>2026-09-23T06:00:56Z</time>
      </trkpt>
      <trkpt lat="46.276864" lon="6.132645">
        <ele>428.2</ele>
        <time>2026-09-23T06:00:57Z</time>
      </trkpt>
      <trkpt lat="46.276822" lon="6.132596">
        <ele>428.2</ele>
        <time>2026-09-23T06:00:58Z</time>
      </trkpt>
      <trkpt lat="46.276777" lon="6.132548">
        <ele>428.2</ele>
        <time>2026-09-23T06:00:59Z</time>
      </trkpt>
      <trkpt lat="46.276734" lon="6.132499">
        <ele>428.2</ele>
        <time>2026-09-23T06:01:00Z</time>
      </trkpt>
      <trkpt lat="46.276689" lon="6.13245">
        <ele>428.2</ele>
        <time>2026-09-23T06:01:01Z</time>
      </trkpt>
      <trkpt lat="46.276643" lon="6.132402">
        <ele>428.2</ele>
        <time>2026-09-23T06:01:02Z</time>
      </trkpt>
      <trkpt lat="46.276595" lon="6.132353">
        <ele>428.2</ele>
        <time>2026-09-23T06:01:03Z</time>
      </trkpt>
      <trkpt lat="46.276546" lon="6.132305">
        <ele>428.2</ele>
        <time>2026-09-23T06:01:04Z</time>
      </trkpt>
      <trkpt lat="46.276494" lon="6.132257">
        <ele>428.2</ele>
        <time>2026-09-23T06:01:05Z</time>
      </trkpt>
      <trkpt lat="46.276444" lon="6.132211">
        <ele>428.2</ele>
        <time>2026-09-23T06:01:06Z</time>
      </trkpt>
      <trkpt lat="46.276391" lon="6.132166">
        <ele>428.2</ele>
        <time>2026-09-23T06:01:07Z</time>
      </trkpt>
      <trkpt lat="46.276337" lon="6.132121">
        <ele>428.2</ele>
        <time>2026-09-23T06:01:08Z</time>
      </trkpt>
      <trkpt lat="46.276283" lon="6.132081">
        <ele>428.2</ele>
        <time>2026-09-23T06:01:09Z</time>
      </trkpt>
      <trkpt lat="46.276228" lon="6.132042">
        <ele>428.2</ele>
        <time>2026-09-23T06:01:10Z</time>
      </trkpt>
      <trkpt lat="46.27617" lon="6.132006">
        <ele>428.2</ele>
        <time>2026-09-23T06:01:11Z</time>
      </trkpt>
      <trkpt lat="46.276111" lon="6.131972">
        <ele>428.3</ele>
        <time>2026-09-23T06:01:12Z</time>
      </trkpt>
      <trkpt lat="46.276053" lon="6.13194">
        <ele>428.3</ele>
        <time>2026-09-23T06:01:13Z</time>
      </trkpt>
      <trkpt lat="46.275993" lon="6.131908">
        <ele>428.4</ele>
        <time>2026-09-23T06:01:14Z</time>
      </trkpt>
      <trkpt lat="46.275935" lon="6.131879">
        <ele>428.4</ele>
        <time>2026-09-23T06:01:15Z</time>
      </trkpt>
      <trkpt lat="46.275876" lon="6.131851">
        <ele>428.4</ele>
        <time>2026-09-23T06:01:16Z</time>
      </trkpt>
      <trkpt lat="46.275817" lon="6.131823">
        <ele>428.4</ele>
        <time>2026-09-23T06:01:17Z</time>
      </trkpt>
      <trkpt lat="46.275758" lon="6.131801">
        <ele>428.5</ele>
        <time>2026-09-23T06:01:18Z</time>
      </trkpt>
      <trkpt lat="46.2757" lon="6.131781">
        <ele>428.5</ele>
        <time>2026-09-23T06:01:19Z</time>
      </trkpt>
      <trkpt lat="46.275642" lon="6.131762">
        <ele>428.6</ele>
        <time>2026-09-23T06:01:20Z</time>
      </trkpt>
      <trkpt lat="46.275584" lon="6.131748">
        <ele>428.6</ele>
        <time>2026-09-23T06:01:21Z</time>
      </trkpt>
      <trkpt lat="46.275523" lon="6.131738">
        <ele>428.6</ele>
        <time>2026-09-23T06:01:22Z</time>
      </trkpt>
      <trkpt lat="46.275465" lon="6.13173">
        <ele>428.7</ele>
        <time>2026-09-23T06:01:23Z</time>
      </trkpt>
      <trkpt lat="46.275405" lon="6.131729">
        <ele>428.7</ele>
        <time>2026-09-23T06:01:24Z</time>
      </trkpt>
      <trkpt lat="46.275344" lon="6.13173">
        <ele>428.8</ele>
        <time>2026-09-23T06:01:25Z</time>
      </trkpt>
      <trkpt lat="46.275284" lon="6.13174">
        <ele>428.9</ele>
        <time>2026-09-23T06:01:26Z</time>
      </trkpt>
      <trkpt lat="46.275226" lon="6.131752">
        <ele>428.9</ele>
        <time>2026-09-23T06:01:27Z</time>
      </trkpt>
      <trkpt lat="46.275166" lon="6.131765">
        <ele>429.0</ele>
        <time>2026-09-23T06:01:28Z</time>
      </trkpt>
      <trkpt lat="46.275106" lon="6.131775">
        <ele>429.1</ele>
        <time>2026-09-23T06:01:29Z</time>
      </trkpt>
      <trkpt lat="46.275047" lon="6.13178">
        <ele>429.2</ele>
        <time>2026-09-23T06:01:30Z</time>
      </trkpt>
      <trkpt lat="46.274991" lon="6.131787">
        <ele>429.3</ele>
        <time>2026-09-23T06:01:31Z</time>
      </trkpt>
      <trkpt lat="46.274933" lon="6.131791">
        <ele>429.4</ele>
        <time>2026-09-23T06:01:32Z</time>
      </trkpt>
      <trkpt lat="46.274877" lon="6.131786">
        <ele>429.6</ele>
        <time>2026-09-23T06:01:33Z</time>
      </trkpt>
      <trkpt lat="46.274823" lon="6.131774">
        <ele>429.7</ele>
        <time>2026-09-23T06:01:34Z</time>
      </trkpt>
      <trkpt lat="46.274769" lon="6.131759">
        <ele>429.8</ele>
        <time>2026-09-23T06:01:35Z</time>
      </trkpt>
      <trkpt lat="46.274717" lon="6.131739">
        <ele>430.0</ele>
        <time>2026-09-23T06:01:36Z</time>
      </trkpt>
      <trkpt lat="46.274666" lon="6.131716">
        <ele>430.1</ele>
        <time>2026-09-23T06:01:37Z</time>
      </trkpt>
      <trkpt lat="46.274616" lon="6.131688">
        <ele>430.2</ele>
        <time>2026-09-23T06:01:38Z</time>
      </trkpt>
      <trkpt lat="46.274569" lon="6.131656">
        <ele>430.3</ele>
        <time>2026-09-23T06:01:39Z</time>
      </trkpt>
      <trkpt lat="46.274523" lon="6.131626">
        <ele>430.5</ele>
        <time>2026-09-23T06:01:40Z</time>
      </trkpt>
      <trkpt lat="46.274481" lon="6.131588">
        <ele>430.6</ele>
        <time>2026-09-23T06:01:41Z</time>
      </trkpt>
      <trkpt lat="46.27444" lon="6.131548">
        <ele>430.7</ele>
        <time>2026-09-23T06:01:42Z</time>
      </trkpt>
      <trkpt lat="46.274398" lon="6.131508">
        <ele>430.8</ele>
        <time>2026-09-23T06:01:43Z</time>
      </trkpt>
      <trkpt lat="46.274358" lon="6.131467">
        <ele>430.9</ele>
        <time>2026-09-23T06:01:44Z</time>
      </trkpt>
      <trkpt lat="46.274319" lon="6.131423">
        <ele>431.0</ele>
        <time>2026-09-23T06:01:45Z</time>
      </trkpt>
      <trkpt lat="46.274279" lon="6.13138">
        <ele>431.1</ele>
        <time>2026-09-23T06:01:46Z</time>
      </trkpt>
      <trkpt lat="46.274241" lon="6.131337">
        <ele>431.2</ele>
        <time>2026-09-23T06:01:47Z</time>
      </trkpt>
      <trkpt lat="46.274202" lon="6.131299">
        <ele>431.3</ele>
        <time>2026-09-23T06:01:48Z</time>
      </trkpt>
      <trkpt lat="46.274161" lon="6.131257">
        <ele>431.4</ele>
        <time>2026-09-23T06:01:49Z</time>
      </trkpt>
      <trkpt lat="46.274122" lon="6.131217">
        <ele>431.5</ele>
        <time>2026-09-23T06:01:50Z</time>
      </trkpt>
      <trkpt lat="46.274084" lon="6.131172">
        <ele>431.6</ele>
        <time>2026-09-23T06:01:51Z</time>
      </trkpt>
      <trkpt lat="46.274046" lon="6.131124">
        <ele>431.6</ele>
        <time>2026-09-23T06:01:52Z</time>
      </trkpt>
      <trkpt lat="46.274006" lon="6.131084">
        <ele>431.7</ele>
        <time>2026-09-23T06:01:53Z</time>
      </trkpt>
      <trkpt lat="46.273967" lon="6.131037">
        <ele>431.8</ele>
        <time>2026-09-23T06:01:54Z</time>
      </trkpt>
      <trkpt lat="46.273927" lon="6.130992">
        <ele>431.9</ele>
        <time>2026-09-23T06:01:55Z</time>
      </trkpt>
      <trkpt lat="46.273892" lon="6.130948">
        <ele>431.9</ele>
        <time>2026-09-23T06:01:56Z</time>
      </trkpt>
      <trkpt lat="46.273852" lon="6.130905">
        <ele>432.0</ele>
        <time>2026-09-23T06:01:57Z</time>
      </trkpt>
      <trkpt lat="46.273813" lon="6.13086">
        <ele>432.1</ele>
        <time>2026-09-23T06:01:58Z</time>
      </trkpt>
      <trkpt lat="46.273774" lon="6.130816">
        <ele>432.1</ele>
        <time>2026-09-23T06:01:59Z</time>
      </trkpt>
      <trkpt lat="46.273737" lon="6.130768">
        <ele>432.2</ele>
        <time>2026-09-23T06:02:00Z</time>
      </trkpt>
      <trkpt lat="46.273699" lon="6.13072">
        <ele>432.2</ele>
        <time>2026-09-23T06:02:01Z</time>
      </trkpt>
      <trkpt lat="46.273662" lon="6.130668">
        <ele>432.3</ele>
        <time>2026-09-23T06:02:02Z</time>
      </trkpt>
      <trkpt lat="46.273624" lon="6.130617">
        <ele>432.3</ele>
        <time>2026-09-23T06:02:03Z</time>
      </trkpt>
      <trkpt lat="46.273587" lon="6.130564">
        <ele>432.3</ele>
        <time>2026-09-23T06:02:04Z</time>
      </trkpt>
      <trkpt lat="46.273552" lon="6.130504">
        <ele>432.4</ele>
        <time>2026-09-23T06:02:05Z</time>
      </trkpt>
      <trkpt lat="46.273514" lon="6.130444">
        <ele>432.4</ele>
        <time>2026-09-23T06:02:06Z</time>
      </trkpt>
      <trkpt lat="46.273481" lon="6.130377">
        <ele>432.4</ele>
        <time>2026-09-23T06:02:07Z</time>
      </trkpt>
      <trkpt lat="46.273451" lon="6.130306">
        <ele>432.4</ele>
        <time>2026-09-23T06:02:08Z</time>
      </trkpt>
      <trkpt lat="46.27342" lon="6.130235">
        <ele>432.4</ele>
        <time>2026-09-23T06:02:09Z</time>
      </trkpt>
      <trkpt lat="46.27339" lon="6.130164">
        <ele>432.5</ele>
        <time>2026-09-23T06:02:10Z</time>
      </trkpt>
      <trkpt lat="46.273362" lon="6.130089">
        <ele>432.5</ele>
        <time>2026-09-23T06:02:11Z</time>
      </trkpt>
      <trkpt lat="46.273331" lon="6.130015">
        <ele>432.5</ele>
        <time>2026-09-23T06:02:12Z</time>
      </trkpt>
      <trkpt lat="46.2733" lon="6.129942">
        <ele>432.5</ele>
        <time>2026-09-23T06:02:13Z</time>
      </trkpt>
      <trkpt lat="46.273268" lon="6.129873">
        <ele>432.5</ele>
        <time>2026-09-23T06:02:14Z</time>
      </trkpt>
      <trkpt lat="46.273237" lon="6.129807">
        <ele>432.5</ele>
        <time>2026-09-23T06:02:15Z</time>
      </trkpt>
      <trkpt lat="46.273206" lon="6.129738">
        <ele>432.5</ele>
        <time>2026-09-23T06:02:16Z</time>
      </trkpt>
      <trkpt lat="46.273175" lon="6.129668">
        <ele>432.6</ele>
        <time>2026-09-23T06:02:17Z</time>
      </trkpt>
      <trkpt lat="46.273142" lon="6.129599">
        <ele>432.6</ele>
        <time>2026-09-23T06:02:18Z</time>
      </trkpt>
      <trkpt lat="46.273108" lon="6.129528">
        <ele>432.6</ele>
        <time>2026-09-23T06:02:19Z</time>
      </trkpt>
      <trkpt lat="46.273075" lon="6.129458">
        <ele>432.7</ele>
        <time>2026-09-23T06:02:20Z</time>
      </trkpt>
      <trkpt lat="46.273039" lon="6.129394">
        <ele>432.7</ele>
        <time>2026-09-23T06:02:21Z</time>
      </trkpt>
      <trkpt lat="46.273" lon="6.129325">
        <ele>432.8</ele>
        <time>2026-09-23T06:02:22Z</time>
      </trkpt>
      <trkpt lat="46.272964" lon="6.129261">
        <ele>432.8</ele>
        <time>2026-09-23T06:02:23Z</time>
      </trkpt>
      <trkpt lat="46.272923" lon="6.129199">
        <ele>432.9</ele>
        <time>2026-09-23T06:02:24Z</time>
      </trkpt>
      <trkpt lat="46.272885" lon="6.129136">
        <ele>432.9</ele>
        <time>2026-09-23T06:02:25Z</time>
      </trkpt>
      <trkpt lat="46.272847" lon="6.129072">
        <ele>433.0</ele>
        <time>2026-09-23T06:02:26Z</time>
      </trkpt>
      <trkpt lat="46.27281" lon="6.129003">
        <ele>433.1</ele>
        <time>2026-09-23T06:02:27Z</time>
      </trkpt>
      <trkpt lat="46.272775" lon="6.128937">
        <ele>433.1</ele>
        <time>2026-09-23T06:02:28Z</time>
      </trkpt>
      <trkpt lat="46.272738" lon="6.128875">
        <ele>433.2</ele>
        <time>2026-09-23T06:02:29Z</time>
      </trkpt>
      <trkpt lat="46.272699" lon="6.128815">
        <ele>433.2</ele>
        <time>2026-09-23T06:02:30Z</time>
      </trkpt>
      <trkpt lat="46.272658" lon="6.128755">
        <ele>433.3</ele>
        <time>2026-09-23T06:02:31Z</time>
      </trkpt>
      <trkpt lat="46.272619" lon="6.128694">
        <ele>433.4</ele>
        <time>2026-09-23T06:02:32Z</time>
      </trkpt>
      <trkpt lat="46.272581" lon="6.128631">
        <ele>433.4</ele>
        <time>2026-09-23T06:02:33Z</time>
      </trkpt>
      <trkpt lat="46.272542" lon="6.12857">
        <ele>433.5</ele>
        <time>2026-09-23T06:02:34Z</time>
      </trkpt>
      <trkpt lat="46.272505" lon="6.128513">
        <ele>433.6</ele>
        <time>2026-09-23T06:02:35Z</time>
      </trkpt>
      <trkpt lat="46.272468" lon="6.128451">
        <ele>433.6</ele>
        <time>2026-09-23T06:02:36Z</time>
      </trkpt>
      <trkpt lat="46.272435" lon="6.12839">
        <ele>433.7</ele>
        <time>2026-09-23T06:02:37Z</time>
      </trkpt>
      <trkpt lat="46.272405" lon="6.128325">
        <ele>433.7</ele>
        <time>2026-09-23T06:02:38Z</time>
      </trkpt>
      <trkpt lat="46.272379" lon="6.128261">
        <ele>433.8</ele>
        <time>2026-09-23T06:02:39Z</time>
      </trkpt>
      <trkpt lat="46.272354" lon="6.128194">
        <ele>433.8</ele>
        <time>2026-09-23T06:02:40Z</time>
      </trkpt>
      <trkpt lat="46.272333" lon="6.128124">
        <ele>433.9</ele>
        <time>2026-09-23T06:02:41Z</time>
      </trkpt>
      <trkpt lat="46.272312" lon="6.128053">
        <ele>433.9</ele>
        <time>2026-09-23T06:02:42Z</time>
      </trkpt>
      <trkpt lat="46.272291" lon="6.127984">
        <ele>433.9</ele>
        <time>2026-09-23T06:02:43Z</time>
      </trkpt>
      <trkpt lat="46.27227" lon="6.127913">
        <ele>433.9</ele>
        <time>2026-09-23T06:02:44Z</time>
      </trkpt>
      <trkpt lat="46.272245" lon="6.127835">
        <ele>433.9</ele>
        <time>2026-09-23T06:02:45Z</time>
      </trkpt>
      <trkpt lat="46.272223" lon="6.127757">
        <ele>433.8</ele>
        <time>2026-09-23T06:02:46Z</time>
      </trkpt>
      <trkpt lat="46.2722" lon="6.127668">
        <ele>433.8</ele>
        <time>2026-09-23T06:02:47Z</time>
      </trkpt>
      <trkpt lat="46.272178" lon="6.127584">
        <ele>433.8</ele>
        <time>2026-09-23T06:02:48Z</time>
      </trkpt>
      <trkpt lat="46.272157" lon="6.127499">
        <ele>433.8</ele>
        <time>2026-09-23T06:02:49Z</time>
      </trkpt>
      <trkpt lat="46.272136" lon="6.127412">
        <ele>433.7</ele>
        <time>2026-09-23T06:02:50Z</time>
      </trkpt>
      <trkpt lat="46.272115" lon="6.127326">
        <ele>433.7</ele>
        <time>2026-09-23T06:02:51Z</time>
      </trkpt>
      <trkpt lat="46.272091" lon="6.127236">
        <ele>433.7</ele>
        <time>2026-09-23T06:02:52Z</time>
      </trkpt>
      <trkpt lat="46.272076" lon="6.127152">
        <ele>433.7</ele>
        <time>2026-09-23T06:02:53Z</time>
      </trkpt>
      <trkpt lat="46.272065" lon="6.127065">
        <ele>433.7</ele>
        <time>2026-09-23T06:02:54Z</time>
      </trkpt>
      <trkpt lat="46.272053" lon="6.126977">
        <ele>433.7</ele>
        <time>2026-09-23T06:02:55Z</time>
      </trkpt>
      <trkpt lat="46.272042" lon="6.12689">
        <ele>433.7</ele>
        <time>2026-09-23T06:02:56Z</time>
      </trkpt>
      <trkpt lat="46.272028" lon="6.126805">
        <ele>433.7</ele>
        <time>2026-09-23T06:02:57Z</time>
      </trkpt>
      <trkpt lat="46.272011" lon="6.12672">
        <ele>433.7</ele>
        <time>2026-09-23T06:02:58Z</time>
      </trkpt>
      <trkpt lat="46.271995" lon="6.126639">
        <ele>433.7</ele>
        <time>2026-09-23T06:02:59Z</time>
      </trkpt>
      <trkpt lat="46.27198" lon="6.126553">
        <ele>433.7</ele>
        <time>2026-09-23T06:03:00Z</time>
      </trkpt>
      <trkpt lat="46.271963" lon="6.126469">
        <ele>433.7</ele>
        <time>2026-09-23T06:03:01Z</time>
      </trkpt>
      <trkpt lat="46.271945" lon="6.126389">
        <ele>433.7</ele>
        <time>2026-09-23T06:03:02Z</time>
      </trkpt>
      <trkpt lat="46.27193" lon="6.126308">
        <ele>433.7</ele>
        <time>2026-09-23T06:03:03Z</time>
      </trkpt>
      <trkpt lat="46.271914" lon="6.126229">
        <ele>433.7</ele>
        <time>2026-09-23T06:03:04Z</time>
      </trkpt>
      <trkpt lat="46.271898" lon="6.126149">
        <ele>433.7</ele>
        <time>2026-09-23T06:03:05Z</time>
      </trkpt>
      <trkpt lat="46.27188" lon="6.126072">
        <ele>433.6</ele>
        <time>2026-09-23T06:03:06Z</time>
      </trkpt>
      <trkpt lat="46.271867" lon="6.125996">
        <ele>433.6</ele>
        <time>2026-09-23T06:03:07Z</time>
      </trkpt>
      <trkpt lat="46.271858" lon="6.125921">
        <ele>433.6</ele>
        <time>2026-09-23T06:03:08Z</time>
      </trkpt>
      <trkpt lat="46.271858" lon="6.125861">
        <ele>433.5</ele>
        <time>2026-09-23T06:03:09Z</time>
      </trkpt>
      <trkpt lat="46.271861" lon="6.125818">
        <ele>433.5</ele>
        <time>2026-09-23T06:03:10Z</time>
      </trkpt>
      <trkpt lat="46.271865" lon="6.125774">
        <ele>433.5</ele>
        <time>2026-09-23T06:03:11Z</time>
      </trkpt>
      <trkpt lat="46.271867" lon="6.125728">
        <ele>433.5</ele>
        <time>2026-09-23T06:03:12Z</time>
      </trkpt>
      <trkpt lat="46.271862" lon="6.125668">
        <ele>433.5</ele>
        <time>2026-09-23T06:03:13Z</time>
      </trkpt>
      <trkpt lat="46.271844" lon="6.125606">
        <ele>433.4</ele>
        <time>2026-09-23T06:03:14Z</time>
      </trkpt>
      <trkpt lat="46.271807" lon="6.125549">
        <ele>433.2</ele>
        <time>2026-09-23T06:03:15Z</time>
      </trkpt>
      <trkpt lat="46.271754" lon="6.125506">
        <ele>433.0</ele>
        <time>2026-09-23T06:03:16Z</time>
      </trkpt>
      <trkpt lat="46.271695" lon="6.125471">
        <ele>432.7</ele>
        <time>2026-09-23T06:03:17Z</time>
      </trkpt>
      <trkpt lat="46.271646" lon="6.125417">
        <ele>432.4</ele>
        <time>2026-09-23T06:03:18Z</time>
      </trkpt>
      <trkpt lat="46.271605" lon="6.125343">
        <ele>432.2</ele>
        <time>2026-09-23T06:03:19Z</time>
      </trkpt>
      <trkpt lat="46.271561" lon="6.125273">
        <ele>432.0</ele>
        <time>2026-09-23T06:03:20Z</time>
      </trkpt>
      <trkpt lat="46.271516" lon="6.125208">
        <ele>431.9</ele>
        <time>2026-09-23T06:03:21Z</time>
      </trkpt>
      <trkpt lat="46.271466" lon="6.125144">
        <ele>431.7</ele>
        <time>2026-09-23T06:03:22Z</time>
      </trkpt>
      <trkpt lat="46.271413" lon="6.12508">
        <ele>431.6</ele>
        <time>2026-09-23T06:03:23Z</time>
      </trkpt>
      <trkpt lat="46.271361" lon="6.125012">
        <ele>431.4</ele>
        <time>2026-09-23T06:03:24Z</time>
      </trkpt>
      <trkpt lat="46.271307" lon="6.124944">
        <ele>431.2</ele>
        <time>2026-09-23T06:03:25Z</time>
      </trkpt>
      <trkpt lat="46.271249" lon="6.124887">
        <ele>431.0</ele>
        <time>2026-09-23T06:03:26Z</time>
      </trkpt>
      <trkpt lat="46.271186" lon="6.124827">
        <ele>430.8</ele>
        <time>2026-09-23T06:03:27Z</time>
      </trkpt>
      <trkpt lat="46.271125" lon="6.124765">
        <ele>430.6</ele>
        <time>2026-09-23T06:03:28Z</time>
      </trkpt>
      <trkpt lat="46.271067" lon="6.124692">
        <ele>430.4</ele>
        <time>2026-09-23T06:03:29Z</time>
      </trkpt>
      <trkpt lat="46.271015" lon="6.124612">
        <ele>430.2</ele>
        <time>2026-09-23T06:03:30Z</time>
      </trkpt>
      <trkpt lat="46.270964" lon="6.124526">
        <ele>430.0</ele>
        <time>2026-09-23T06:03:31Z</time>
      </trkpt>
      <trkpt lat="46.270919" lon="6.12443">
        <ele>429.9</ele>
        <time>2026-09-23T06:03:32Z</time>
      </trkpt>
      <trkpt lat="46.270885" lon="6.124324">
        <ele>429.7</ele>
        <time>2026-09-23T06:03:33Z</time>
      </trkpt>
      <trkpt lat="46.270853" lon="6.124224">
        <ele>429.7</ele>
        <time>2026-09-23T06:03:34Z</time>
      </trkpt>
      <trkpt lat="46.270821" lon="6.124126">
        <ele>429.7</ele>
        <time>2026-09-23T06:03:35Z</time>
      </trkpt>
      <trkpt lat="46.270788" lon="6.12403">
        <ele>429.7</ele>
        <time>2026-09-23T06:03:36Z</time>
      </trkpt>
      <trkpt lat="46.270755" lon="6.123936">
        <ele>429.9</ele>
        <time>2026-09-23T06:03:37Z</time>
      </trkpt>
      <trkpt lat="46.27072" lon="6.123848">
        <ele>430.0</ele>
        <time>2026-09-23T06:03:38Z</time>
      </trkpt>
      <trkpt lat="46.27069" lon="6.12376">
        <ele>430.2</ele>
        <time>2026-09-23T06:03:39Z</time>
      </trkpt>
      <trkpt lat="46.27066" lon="6.123678">
        <ele>430.3</ele>
        <time>2026-09-23T06:03:40Z</time>
      </trkpt>
      <trkpt lat="46.270625" lon="6.123597">
        <ele>430.4</ele>
        <time>2026-09-23T06:03:41Z</time>
      </trkpt>
      <trkpt lat="46.270601" lon="6.123523">
        <ele>430.7</ele>
        <time>2026-09-23T06:03:42Z</time>
      </trkpt>
      <trkpt lat="46.270574" lon="6.123451">
        <ele>431.0</ele>
        <time>2026-09-23T06:03:43Z</time>
      </trkpt>
      <trkpt lat="46.270548" lon="6.123383">
        <ele>431.3</ele>
        <time>2026-09-23T06:03:44Z</time>
      </trkpt>
      <trkpt lat="46.270524" lon="6.123319">
        <ele>431.6</ele>
        <time>2026-09-23T06:03:45Z</time>
      </trkpt>
      <trkpt lat="46.270501" lon="6.123258">
        <ele>431.9</ele>
        <time>2026-09-23T06:03:46Z</time>
      </trkpt>
      <trkpt lat="46.270476" lon="6.123204">
        <ele>432.2</ele>
        <time>2026-09-23T06:03:47Z</time>
      </trkpt>
      <trkpt lat="46.270451" lon="6.123152">
        <ele>432.4</ele>
        <time>2026-09-23T06:03:48Z</time>
      </trkpt>
      <trkpt lat="46.270426" lon="6.123101">
        <ele>432.7</ele>
        <time>2026-09-23T06:03:49Z</time>
      </trkpt>
      <trkpt lat="46.270403" lon="6.123053">
        <ele>433.0</ele>
        <time>2026-09-23T06:03:50Z</time>
      </trkpt>
      <trkpt lat="46.270378" lon="6.123006">
        <ele>433.2</ele>
        <time>2026-09-23T06:03:51Z</time>
      </trkpt>
      <trkpt lat="46.270352" lon="6.122959">
        <ele>433.4</ele>
        <time>2026-09-23T06:03:52Z</time>
      </trkpt>
      <trkpt lat="46.270325" lon="6.122912">
        <ele>433.7</ele>
        <time>2026-09-23T06:03:53Z</time>
      </trkpt>
      <trkpt lat="46.270299" lon="6.122864">
        <ele>433.9</ele>
        <time>2026-09-23T06:03:54Z</time>
      </trkpt>
      <trkpt lat="46.270271" lon="6.122813">
        <ele>434.1</ele>
        <time>2026-09-23T06:03:55Z</time>
      </trkpt>
      <trkpt lat="46.270245" lon="6.122761">
        <ele>434.3</ele>
        <time>2026-09-23T06:03:56Z</time>
      </trkpt>
      <trkpt lat="46.270221" lon="6.122706">
        <ele>434.5</ele>
        <time>2026-09-23T06:03:57Z</time>
      </trkpt>
      <trkpt lat="46.270195" lon="6.122651">
        <ele>434.6</ele>
        <time>2026-09-23T06:03:58Z</time>
      </trkpt>
      <trkpt lat="46.270172" lon="6.122598">
        <ele>434.8</ele>
        <time>2026-09-23T06:03:59Z</time>
      </trkpt>
      <trkpt lat="46.270147" lon="6.122547">
        <ele>434.9</ele>
        <time>2026-09-23T06:04:00Z</time>
      </trkpt>
      <trkpt lat="46.27012" lon="6.12249">
        <ele>435.1</ele>
        <time>2026-09-23T06:04:01Z</time>
      </trkpt>
      <trkpt lat="46.270094" lon="6.122437">
        <ele>435.1</ele>
        <time>2026-09-23T06:04:02Z</time>
      </trkpt>
      <trkpt lat="46.270061" lon="6.122385">
        <ele>435.0</ele>
        <time>2026-09-23T06:04:03Z</time>
      </trkpt>
      <trkpt lat="46.270026" lon="6.12233">
        <ele>435.0</ele>
        <time>2026-09-23T06:04:04Z</time>
      </trkpt>
      <trkpt lat="46.269989" lon="6.12228">
        <ele>435.0</ele>
        <time>2026-09-23T06:04:05Z</time>
      </trkpt>
      <trkpt lat="46.269946" lon="6.122233">
        <ele>435.0</ele>
        <time>2026-09-23T06:04:06Z</time>
      </trkpt>
      <trkpt lat="46.269902" lon="6.12219">
        <ele>434.9</ele>
        <time>2026-09-23T06:04:07Z</time>
      </trkpt>
      <trkpt lat="46.269859" lon="6.122145">
        <ele>434.9</ele>
        <time>2026-09-23T06:04:08Z</time>
      </trkpt>
      <trkpt lat="46.269815" lon="6.122103">
        <ele>434.8</ele>
        <time>2026-09-23T06:04:09Z</time>
      </trkpt>
      <trkpt lat="46.269763" lon="6.122058">
        <ele>434.8</ele>
        <time>2026-09-23T06:04:10Z</time>
      </trkpt>
      <trkpt lat="46.269715" lon="6.122018">
        <ele>434.7</ele>
        <time>2026-09-23T06:04:11Z</time>
      </trkpt>
      <trkpt lat="46.269664" lon="6.121981">
        <ele>434.6</ele>
        <time>2026-09-23T06:04:12Z</time>
      </trkpt>
      <trkpt lat="46.269614" lon="6.121937">
        <ele>434.5</ele>
        <time>2026-09-23T06:04:13Z</time>
      </trkpt>
      <trkpt lat="46.269563" lon="6.121893">
        <ele>434.5</ele>
        <time>2026-09-23T06:04:14Z</time>
      </trkpt>
      <trkpt lat="46.269513" lon="6.12185">
        <ele>434.4</ele>
        <time>2026-09-23T06:04:15Z</time>
      </trkpt>
      <trkpt lat="46.269461" lon="6.121801">
        <ele>434.4</ele>
        <time>2026-09-23T06:04:16Z</time>
      </trkpt>
      <trkpt lat="46.26941" lon="6.121755">
        <ele>434.4</ele>
        <time>2026-09-23T06:04:17Z</time>
      </trkpt>
      <trkpt lat="46.269357" lon="6.121713">
        <ele>434.3</ele>
        <time>2026-09-23T06:04:18Z</time>
      </trkpt>
      <trkpt lat="46.269308" lon="6.12166">
        <ele>434.2</ele>
        <time>2026-09-23T06:04:19Z</time>
      </trkpt>
      <trkpt lat="46.269271" lon="6.121586">
        <ele>433.9</ele>
        <time>2026-09-23T06:04:20Z</time>
      </trkpt>
      <trkpt lat="46.269241" lon="6.12151">
        <ele>433.8</ele>
        <time>2026-09-23T06:04:21Z</time>
      </trkpt>
      <trkpt lat="46.269218" lon="6.121426">
        <ele>433.6</ele>
        <time>2026-09-23T06:04:22Z</time>
      </trkpt>
      <trkpt lat="46.269194" lon="6.121342">
        <ele>433.2</ele>
        <time>2026-09-23T06:04:23Z</time>
      </trkpt>
      <trkpt lat="46.269163" lon="6.121253">
        <ele>432.7</ele>
        <time>2026-09-23T06:04:24Z</time>
      </trkpt>
      <trkpt lat="46.269128" lon="6.12116">
        <ele>432.2</ele>
        <time>2026-09-23T06:04:25Z</time>
      </trkpt>
      <trkpt lat="46.269087" lon="6.121067">
        <ele>431.7</ele>
        <time>2026-09-23T06:04:26Z</time>
      </trkpt>
      <trkpt lat="46.269042" lon="6.120974">
        <ele>431.2</ele>
        <time>2026-09-23T06:04:27Z</time>
      </trkpt>
      <trkpt lat="46.268994" lon="6.120879">
        <ele>430.7</ele>
        <time>2026-09-23T06:04:28Z</time>
      </trkpt>
      <trkpt lat="46.268943" lon="6.12078">
        <ele>430.2</ele>
        <time>2026-09-23T06:04:29Z</time>
      </trkpt>
      <trkpt lat="46.268891" lon="6.120685">
        <ele>429.8</ele>
        <time>2026-09-23T06:04:30Z</time>
      </trkpt>
      <trkpt lat="46.268834" lon="6.120586">
        <ele>429.3</ele>
        <time>2026-09-23T06:04:31Z</time>
      </trkpt>
      <trkpt lat="46.26878" lon="6.120485">
        <ele>428.9</ele>
        <time>2026-09-23T06:04:32Z</time>
      </trkpt>
      <trkpt lat="46.268725" lon="6.120385">
        <ele>428.6</ele>
        <time>2026-09-23T06:04:33Z</time>
      </trkpt>
      <trkpt lat="46.268668" lon="6.120284">
        <ele>428.3</ele>
        <time>2026-09-23T06:04:34Z</time>
      </trkpt>
      <trkpt lat="46.268612" lon="6.120183">
        <ele>428.0</ele>
        <time>2026-09-23T06:04:35Z</time>
      </trkpt>
      <trkpt lat="46.268555" lon="6.12008">
        <ele>427.8</ele>
        <time>2026-09-23T06:04:36Z</time>
      </trkpt>
      <trkpt lat="46.268503" lon="6.119974">
        <ele>427.7</ele>
        <time>2026-09-23T06:04:37Z</time>
      </trkpt>
      <trkpt lat="46.268448" lon="6.119872">
        <ele>427.7</ele>
        <time>2026-09-23T06:04:38Z</time>
      </trkpt>
      <trkpt lat="46.268395" lon="6.119776">
        <ele>427.6</ele>
        <time>2026-09-23T06:04:39Z</time>
      </trkpt>
      <trkpt lat="46.268345" lon="6.119682">
        <ele>427.6</ele>
        <time>2026-09-23T06:04:40Z</time>
      </trkpt>
      <trkpt lat="46.268291" lon="6.119583">
        <ele>427.6</ele>
        <time>2026-09-23T06:04:41Z</time>
      </trkpt>
      <trkpt lat="46.26824" lon="6.119493">
        <ele>427.6</ele>
        <time>2026-09-23T06:04:42Z</time>
      </trkpt>
      <trkpt lat="46.26819" lon="6.119401">
        <ele>427.7</ele>
        <time>2026-09-23T06:04:43Z</time>
      </trkpt>
      <trkpt lat="46.268148" lon="6.119305">
        <ele>427.7</ele>
        <time>2026-09-23T06:04:44Z</time>
      </trkpt>
      <trkpt lat="46.268107" lon="6.119211">
        <ele>427.7</ele>
        <time>2026-09-23T06:04:45Z</time>
      </trkpt>
      <trkpt lat="46.268075" lon="6.119115">
        <ele>427.7</ele>
        <time>2026-09-23T06:04:46Z</time>
      </trkpt>
      <trkpt lat="46.268054" lon="6.119012">
        <ele>427.7</ele>
        <time>2026-09-23T06:04:47Z</time>
      </trkpt>
      <trkpt lat="46.26803" lon="6.118916">
        <ele>427.8</ele>
        <time>2026-09-23T06:04:48Z</time>
      </trkpt>
      <trkpt lat="46.268008" lon="6.118819">
        <ele>427.8</ele>
        <time>2026-09-23T06:04:49Z</time>
      </trkpt>
      <trkpt lat="46.267992" lon="6.118726">
        <ele>427.9</ele>
        <time>2026-09-23T06:04:50Z</time>
      </trkpt>
      <trkpt lat="46.267967" lon="6.118644">
        <ele>428.0</ele>
        <time>2026-09-23T06:04:51Z</time>
      </trkpt>
      <trkpt lat="46.267941" lon="6.11856">
        <ele>428.0</ele>
        <time>2026-09-23T06:04:52Z</time>
      </trkpt>
      <trkpt lat="46.267917" lon="6.118477">
        <ele>428.1</ele>
        <time>2026-09-23T06:04:53Z</time>
      </trkpt>
      <trkpt lat="46.267893" lon="6.118393">
        <ele>428.2</ele>
        <time>2026-09-23T06:04:54Z</time>
      </trkpt>
      <trkpt lat="46.267868" lon="6.118313">
        <ele>428.3</ele>
        <time>2026-09-23T06:04:55Z</time>
      </trkpt>
      <trkpt lat="46.267841" lon="6.118238">
        <ele>428.3</ele>
        <time>2026-09-23T06:04:56Z</time>
      </trkpt>
      <trkpt lat="46.267811" lon="6.118164">
        <ele>428.4</ele>
        <time>2026-09-23T06:04:57Z</time>
      </trkpt>
      <trkpt lat="46.267776" lon="6.118089">
        <ele>428.5</ele>
        <time>2026-09-23T06:04:58Z</time>
      </trkpt>
      <trkpt lat="46.267741" lon="6.118028">
        <ele>428.6</ele>
        <time>2026-09-23T06:04:59Z</time>
      </trkpt>
      <trkpt lat="46.267704" lon="6.117963">
        <ele>428.6</ele>
        <time>2026-09-23T06:05:00Z</time>
      </trkpt>
      <trkpt lat="46.267663" lon="6.117904">
        <ele>428.7</ele>
        <time>2026-09-23T06:05:01Z</time>
      </trkpt>
      <trkpt lat="46.267622" lon="6.117846">
        <ele>428.7</ele>
        <time>2026-09-23T06:05:02Z</time>
      </trkpt>
      <trkpt lat="46.267578" lon="6.117792">
        <ele>428.7</ele>
        <time>2026-09-23T06:05:03Z</time>
      </trkpt>
      <trkpt lat="46.267532" lon="6.117745">
        <ele>428.7</ele>
        <time>2026-09-23T06:05:04Z</time>
      </trkpt>
      <trkpt lat="46.267489" lon="6.117688">
        <ele>428.8</ele>
        <time>2026-09-23T06:05:05Z</time>
      </trkpt>
      <trkpt lat="46.267443" lon="6.117635">
        <ele>428.8</ele>
        <time>2026-09-23T06:05:06Z</time>
      </trkpt>
      <trkpt lat="46.267397" lon="6.117584">
        <ele>428.9</ele>
        <time>2026-09-23T06:05:07Z</time>
      </trkpt>
      <trkpt lat="46.267351" lon="6.117535">
        <ele>429.0</ele>
        <time>2026-09-23T06:05:08Z</time>
      </trkpt>
      <trkpt lat="46.267304" lon="6.117486">
        <ele>429.0</ele>
        <time>2026-09-23T06:05:09Z</time>
      </trkpt>
      <trkpt lat="46.267262" lon="6.117437">
        <ele>429.1</ele>
        <time>2026-09-23T06:05:10Z</time>
      </trkpt>
      <trkpt lat="46.26722" lon="6.117385">
        <ele>429.2</ele>
        <time>2026-09-23T06:05:11Z</time>
      </trkpt>
      <trkpt lat="46.267172" lon="6.117333">
        <ele>429.2</ele>
        <time>2026-09-23T06:05:12Z</time>
      </trkpt>
      <trkpt lat="46.267125" lon="6.117286">
        <ele>429.3</ele>
        <time>2026-09-23T06:05:13Z</time>
      </trkpt>
      <trkpt lat="46.267082" lon="6.117244">
        <ele>429.3</ele>
        <time>2026-09-23T06:05:14Z</time>
      </trkpt>
      <trkpt lat="46.267039" lon="6.117194">
        <ele>429.4</ele>
        <time>2026-09-23T06:05:15Z</time>
      </trkpt>
      <trkpt lat="46.266996" lon="6.117144">
        <ele>429.4</ele>
        <time>2026-09-23T06:05:16Z</time>
      </trkpt>
      <trkpt lat="46.266948" lon="6.117095">
        <ele>429.4</ele>
        <time>2026-09-23T06:05:17Z</time>
      </trkpt>
      <trkpt lat="46.266907" lon="6.117052">
        <ele>429.4</ele>
        <time>2026-09-23T06:05:18Z</time>
      </trkpt>
      <trkpt lat="46.266859" lon="6.117">
        <ele>429.4</ele>
        <time>2026-09-23T06:05:19Z</time>
      </trkpt>
      <trkpt lat="46.266814" lon="6.116952">
        <ele>429.4</ele>
        <time>2026-09-23T06:05:20Z</time>
      </trkpt>
      <trkpt lat="46.266773" lon="6.116898">
        <ele>429.4</ele>
        <time>2026-09-23T06:05:21Z</time>
      </trkpt>
      <trkpt lat="46.266733" lon="6.116848">
        <ele>429.3</ele>
        <time>2026-09-23T06:05:22Z</time>
      </trkpt>
      <trkpt lat="46.266689" lon="6.116796">
        <ele>429.3</ele>
        <time>2026-09-23T06:05:23Z</time>
      </trkpt>
      <trkpt lat="46.26665" lon="6.116743">
        <ele>429.3</ele>
        <time>2026-09-23T06:05:24Z</time>
      </trkpt>
      <trkpt lat="46.266608" lon="6.116683">
        <ele>429.3</ele>
        <time>2026-09-23T06:05:25Z</time>
      </trkpt>
      <trkpt lat="46.266569" lon="6.116631">
        <ele>429.2</ele>
        <time>2026-09-23T06:05:26Z</time>
      </trkpt>
      <trkpt lat="46.26653" lon="6.11657">
        <ele>429.2</ele>
        <time>2026-09-23T06:05:27Z</time>
      </trkpt>
      <trkpt lat="46.266494" lon="6.116505">
        <ele>429.2</ele>
        <time>2026-09-23T06:05:28Z</time>
      </trkpt>
      <trkpt lat="46.266458" lon="6.116444">
        <ele>429.2</ele>
        <time>2026-09-23T06:05:29Z</time>
      </trkpt>
      <trkpt lat="46.26642" lon="6.116398">
        <ele>429.2</ele>
        <time>2026-09-23T06:05:30Z</time>
      </trkpt>
      <trkpt lat="46.266376" lon="6.116353">
        <ele>429.2</ele>
        <time>2026-09-23T06:05:31Z</time>
      </trkpt>
      <trkpt lat="46.266349" lon="6.116306">
        <ele>429.3</ele>
        <time>2026-09-23T06:05:32Z</time>
      </trkpt>
      <trkpt lat="46.266324" lon="6.116279">
        <ele>429.3</ele>
        <time>2026-09-23T06:05:33Z</time>
      </trkpt>
      <trkpt lat="46.266301" lon="6.11626">
        <ele>429.3</ele>
        <time>2026-09-23T06:05:34Z</time>
      </trkpt>
      <trkpt lat="46.266288" lon="6.116251">
        <ele>429.3</ele>
        <time>2026-09-23T06:05:35Z</time>
      </trkpt>
      <trkpt lat="46.266276" lon="6.116256">
        <ele>429.2</ele>
        <time>2026-09-23T06:05:36Z</time>
      </trkpt>
      <trkpt lat="46.266261" lon="6.116264">
        <ele>429.2</ele>
        <time>2026-09-23T06:05:37Z</time>
      </trkpt>
      <trkpt lat="46.266246" lon="6.116272">
        <ele>429.2</ele>
        <time>2026-09-23T06:05:38Z</time>
      </trkpt>
      <trkpt lat="46.26623" lon="6.116249">
        <ele>429.2</ele>
        <time>2026-09-23T06:05:39Z</time>
      </trkpt>
      <trkpt lat="46.266203" lon="6.116198">
        <ele>429.3</ele>
        <time>2026-09-23T06:05:40Z</time>
      </trkpt>
      <trkpt lat="46.266182" lon="6.116169">
        <ele>429.3</ele>
        <time>2026-09-23T06:05:41Z</time>
      </trkpt>
      <trkpt lat="46.266173" lon="6.116152">
        <ele>429.3</ele>
        <time>2026-09-23T06:05:42Z</time>
      </trkpt>
      <trkpt lat="46.266141" lon="6.116102">
        <ele>429.4</ele>
        <time>2026-09-23T06:05:43Z</time>
      </trkpt>
      <trkpt lat="46.266125" lon="6.116059">
        <ele>429.5</ele>
        <time>2026-09-23T06:05:44Z</time>
      </trkpt>
      <trkpt lat="46.266103" lon="6.116014">
        <ele>429.6</ele>
        <time>2026-09-23T06:05:45Z</time>
      </trkpt>
      <trkpt lat="46.266083" lon="6.115971">
        <ele>429.7</ele>
        <time>2026-09-23T06:05:46Z</time>
      </trkpt>
      <trkpt lat="46.266055" lon="6.11592">
        <ele>429.8</ele>
        <time>2026-09-23T06:05:47Z</time>
      </trkpt>
      <trkpt lat="46.266031" lon="6.115866">
        <ele>429.9</ele>
        <time>2026-09-23T06:05:48Z</time>
      </trkpt>
      <trkpt lat="46.266011" lon="6.115818">
        <ele>430.0</ele>
        <time>2026-09-23T06:05:49Z</time>
      </trkpt>
      <trkpt lat="46.265993" lon="6.115772">
        <ele>430.1</ele>
        <time>2026-09-23T06:05:50Z</time>
      </trkpt>
      <trkpt lat="46.265966" lon="6.115718">
        <ele>430.3</ele>
        <time>2026-09-23T06:05:51Z</time>
      </trkpt>
      <trkpt lat="46.265944" lon="6.11568">
        <ele>430.4</ele>
        <time>2026-09-23T06:05:52Z</time>
      </trkpt>
      <trkpt lat="46.265921" lon="6.115637">
        <ele>430.5</ele>
        <time>2026-09-23T06:05:53Z</time>
      </trkpt>
      <trkpt lat="46.265903" lon="6.115585">
        <ele>430.6</ele>
        <time>2026-09-23T06:05:54Z</time>
      </trkpt>
      <trkpt lat="46.265891" lon="6.115534">
        <ele>430.7</ele>
        <time>2026-09-23T06:05:55Z</time>
      </trkpt>
      <trkpt lat="46.265857" lon="6.115474">
        <ele>430.8</ele>
        <time>2026-09-23T06:05:56Z</time>
      </trkpt>
      <trkpt lat="46.265828" lon="6.115415">
        <ele>430.9</ele>
        <time>2026-09-23T06:05:57Z</time>
      </trkpt>
      <trkpt lat="46.265808" lon="6.115362">
        <ele>431.0</ele>
        <time>2026-09-23T06:05:58Z</time>
      </trkpt>
      <trkpt lat="46.265788" lon="6.11531">
        <ele>431.1</ele>
        <time>2026-09-23T06:05:59Z</time>
      </trkpt>
      <trkpt lat="46.265768" lon="6.115256">
        <ele>431.2</ele>
        <time>2026-09-23T06:06:00Z</time>
      </trkpt>
      <trkpt lat="46.26574" lon="6.115203">
        <ele>431.3</ele>
        <time>2026-09-23T06:06:01Z</time>
      </trkpt>
      <trkpt lat="46.265718" lon="6.115148">
        <ele>431.4</ele>
        <time>2026-09-23T06:06:02Z</time>
      </trkpt>
      <trkpt lat="46.265691" lon="6.115106">
        <ele>431.5</ele>
        <time>2026-09-23T06:06:03Z</time>
      </trkpt>
      <trkpt lat="46.265673" lon="6.115051">
        <ele>431.6</ele>
        <time>2026-09-23T06:06:04Z</time>
      </trkpt>
      <trkpt lat="46.265651" lon="6.115">
        <ele>431.7</ele>
        <time>2026-09-23T06:06:05Z</time>
      </trkpt>
      <trkpt lat="46.265625" lon="6.114947">
        <ele>431.8</ele>
        <time>2026-09-23T06:06:06Z</time>
      </trkpt>
      <trkpt lat="46.265606" lon="6.114889">
        <ele>431.9</ele>
        <time>2026-09-23T06:06:07Z</time>
      </trkpt>
      <trkpt lat="46.265586" lon="6.11484">
        <ele>432.0</ele>
        <time>2026-09-23T06:06:08Z</time>
      </trkpt>
      <trkpt lat="46.265559" lon="6.114808">
        <ele>432.3</ele>
        <time>2026-09-23T06:06:09Z</time>
      </trkpt>
      <trkpt lat="46.265526" lon="6.114787">
        <ele>432.2</ele>
        <time>2026-09-23T06:06:10Z</time>
      </trkpt>
      <trkpt lat="46.265499" lon="6.114772">
        <ele>432.4</ele>
        <time>2026-09-23T06:06:11Z</time>
      </trkpt>
      <trkpt lat="46.265466" lon="6.114783">
        <ele>432.6</ele>
        <time>2026-09-23T06:06:12Z</time>
      </trkpt>
      <trkpt lat="46.265436" lon="6.114792">
        <ele>432.8</ele>
        <time>2026-09-23T06:06:13Z</time>
      </trkpt>
      <trkpt lat="46.265407" lon="6.114817">
        <ele>433.0</ele>
        <time>2026-09-23T06:06:14Z</time>
      </trkpt>
      <trkpt lat="46.265383" lon="6.114842">
        <ele>433.2</ele>
        <time>2026-09-23T06:06:15Z</time>
      </trkpt>
      <trkpt lat="46.265361" lon="6.114871">
        <ele>433.4</ele>
        <time>2026-09-23T06:06:16Z</time>
      </trkpt>
      <trkpt lat="46.265341" lon="6.114899">
        <ele>433.6</ele>
        <time>2026-09-23T06:06:17Z</time>
      </trkpt>
      <trkpt lat="46.265321" lon="6.114931">
        <ele>433.8</ele>
        <time>2026-09-23T06:06:18Z</time>
      </trkpt>
      <trkpt lat="46.265304" lon="6.114963">
        <ele>434.1</ele>
        <time>2026-09-23T06:06:19Z</time>
      </trkpt>
      <trkpt lat="46.265282" lon="6.114993">
        <ele>434.3</ele>
        <time>2026-09-23T06:06:20Z</time>
      </trkpt>
      <trkpt lat="46.265264" lon="6.115022">
        <ele>434.5</ele>
        <time>2026-09-23T06:06:21Z</time>
      </trkpt>
      <trkpt lat="46.265244" lon="6.11505">
        <ele>434.7</ele>
        <time>2026-09-23T06:06:22Z</time>
      </trkpt>
      <trkpt lat="46.265224" lon="6.115082">
        <ele>435.0</ele>
        <time>2026-09-23T06:06:23Z</time>
      </trkpt>
      <trkpt lat="46.265196" lon="6.115113">
        <ele>435.3</ele>
        <time>2026-09-23T06:06:24Z</time>
      </trkpt>
      <trkpt lat="46.265177" lon="6.115148">
        <ele>435.5</ele>
        <time>2026-09-23T06:06:25Z</time>
      </trkpt>
      <trkpt lat="46.265155" lon="6.115177">
        <ele>435.8</ele>
        <time>2026-09-23T06:06:26Z</time>
      </trkpt>
      <trkpt lat="46.265135" lon="6.115205">
        <ele>436.1</ele>
        <time>2026-09-23T06:06:27Z</time>
      </trkpt>
      <trkpt lat="46.265124" lon="6.11523">
        <ele>436.4</ele>
        <time>2026-09-23T06:06:28Z</time>
      </trkpt>
      <trkpt lat="46.265108" lon="6.115261">
        <ele>436.7</ele>
        <time>2026-09-23T06:06:29Z</time>
      </trkpt>
      <trkpt lat="46.265089" lon="6.11528">
        <ele>437.0</ele>
        <time>2026-09-23T06:06:30Z</time>
      </trkpt>
      <trkpt lat="46.265066" lon="6.115294">
        <ele>437.4</ele>
        <time>2026-09-23T06:06:31Z</time>
      </trkpt>
      <trkpt lat="46.265031" lon="6.115301">
        <ele>437.4</ele>
        <time>2026-09-23T06:06:32Z</time>
      </trkpt>
      <trkpt lat="46.264998" lon="6.115289">
        <ele>437.5</ele>
        <time>2026-09-23T06:06:33Z</time>
      </trkpt>
      <trkpt lat="46.264966" lon="6.115266">
        <ele>437.5</ele>
        <time>2026-09-23T06:06:34Z</time>
      </trkpt>
      <trkpt lat="46.264933" lon="6.115243">
        <ele>437.6</ele>
        <time>2026-09-23T06:06:35Z</time>
      </trkpt>
      <trkpt lat="46.264899" lon="6.115213">
        <ele>437.6</ele>
        <time>2026-09-23T06:06:36Z</time>
      </trkpt>
      <trkpt lat="46.264864" lon="6.115177">
        <ele>437.7</ele>
        <time>2026-09-23T06:06:37Z</time>
      </trkpt>
      <trkpt lat="46.26483" lon="6.115145">
        <ele>437.7</ele>
        <time>2026-09-23T06:06:38Z</time>
      </trkpt>
      <trkpt lat="46.264793" lon="6.115112">
        <ele>437.8</ele>
        <time>2026-09-23T06:06:39Z</time>
      </trkpt>
      <trkpt lat="46.264759" lon="6.115064">
        <ele>437.8</ele>
        <time>2026-09-23T06:06:40Z</time>
      </trkpt>
      <trkpt lat="46.264726" lon="6.115015">
        <ele>437.9</ele>
        <time>2026-09-23T06:06:41Z</time>
      </trkpt>
      <trkpt lat="46.264688" lon="6.114971">
        <ele>437.9</ele>
        <time>2026-09-23T06:06:42Z</time>
      </trkpt>
      <trkpt lat="46.264651" lon="6.11493">
        <ele>438.0</ele>
        <time>2026-09-23T06:06:43Z</time>
      </trkpt>
      <trkpt lat="46.264615" lon="6.114887">
        <ele>438.1</ele>
        <time>2026-09-23T06:06:44Z</time>
      </trkpt>
      <trkpt lat="46.264579" lon="6.114842">
        <ele>438.1</ele>
        <time>2026-09-23T06:06:45Z</time>
      </trkpt>
      <trkpt lat="46.264547" lon="6.114796">
        <ele>438.2</ele>
        <time>2026-09-23T06:06:46Z</time>
      </trkpt>
      <trkpt lat="46.264516" lon="6.114746">
        <ele>438.2</ele>
        <time>2026-09-23T06:06:47Z</time>
      </trkpt>
      <trkpt lat="46.264487" lon="6.114695">
        <ele>438.3</ele>
        <time>2026-09-23T06:06:48Z</time>
      </trkpt>
      <trkpt lat="46.264459" lon="6.114644">
        <ele>438.4</ele>
        <time>2026-09-23T06:06:49Z</time>
      </trkpt>
      <trkpt lat="46.264432" lon="6.114591">
        <ele>438.5</ele>
        <time>2026-09-23T06:06:50Z</time>
      </trkpt>
      <trkpt lat="46.264403" lon="6.114533">
        <ele>438.5</ele>
        <time>2026-09-23T06:06:51Z</time>
      </trkpt>
      <trkpt lat="46.264379" lon="6.11448">
        <ele>438.6</ele>
        <time>2026-09-23T06:06:52Z</time>
      </trkpt>
      <trkpt lat="46.264349" lon="6.114424">
        <ele>438.7</ele>
        <time>2026-09-23T06:06:53Z</time>
      </trkpt>
      <trkpt lat="46.264319" lon="6.114371">
        <ele>438.7</ele>
        <time>2026-09-23T06:06:54Z</time>
      </trkpt>
      <trkpt lat="46.264287" lon="6.114318">
        <ele>438.8</ele>
        <time>2026-09-23T06:06:55Z</time>
      </trkpt>
      <trkpt lat="46.264257" lon="6.114262">
        <ele>438.9</ele>
        <time>2026-09-23T06:06:56Z</time>
      </trkpt>
      <trkpt lat="46.264222" lon="6.114211">
        <ele>439.0</ele>
        <time>2026-09-23T06:06:57Z</time>
      </trkpt>
      <trkpt lat="46.264186" lon="6.11416">
        <ele>439.0</ele>
        <time>2026-09-23T06:06:58Z</time>
      </trkpt>
      <trkpt lat="46.264152" lon="6.114108">
        <ele>439.1</ele>
        <time>2026-09-23T06:06:59Z</time>
      </trkpt>
      <trkpt lat="46.264116" lon="6.114059">
        <ele>439.1</ele>
        <time>2026-09-23T06:07:00Z</time>
      </trkpt>
      <trkpt lat="46.264084" lon="6.114">
        <ele>439.2</ele>
        <time>2026-09-23T06:07:01Z</time>
      </trkpt>
      <trkpt lat="46.26406" lon="6.113939">
        <ele>439.3</ele>
        <time>2026-09-23T06:07:02Z</time>
      </trkpt>
      <trkpt lat="46.264032" lon="6.113876">
        <ele>439.3</ele>
        <time>2026-09-23T06:07:03Z</time>
      </trkpt>
      <trkpt lat="46.264" lon="6.113825">
        <ele>439.4</ele>
        <time>2026-09-23T06:07:04Z</time>
      </trkpt>
      <trkpt lat="46.263966" lon="6.113769">
        <ele>439.4</ele>
        <time>2026-09-23T06:07:05Z</time>
      </trkpt>
      <trkpt lat="46.263931" lon="6.113712">
        <ele>439.5</ele>
        <time>2026-09-23T06:07:06Z</time>
      </trkpt>
      <trkpt lat="46.263899" lon="6.113658">
        <ele>439.5</ele>
        <time>2026-09-23T06:07:07Z</time>
      </trkpt>
      <trkpt lat="46.263864" lon="6.113601">
        <ele>439.5</ele>
        <time>2026-09-23T06:07:08Z</time>
      </trkpt>
      <trkpt lat="46.263828" lon="6.113549">
        <ele>439.6</ele>
        <time>2026-09-23T06:07:09Z</time>
      </trkpt>
      <trkpt lat="46.263794" lon="6.113497">
        <ele>439.6</ele>
        <time>2026-09-23T06:07:10Z</time>
      </trkpt>
      <trkpt lat="46.263762" lon="6.113435">
        <ele>439.7</ele>
        <time>2026-09-23T06:07:11Z</time>
      </trkpt>
      <trkpt lat="46.263727" lon="6.113377">
        <ele>439.7</ele>
        <time>2026-09-23T06:07:12Z</time>
      </trkpt>
      <trkpt lat="46.263688" lon="6.113328">
        <ele>439.7</ele>
        <time>2026-09-23T06:07:13Z</time>
      </trkpt>
      <trkpt lat="46.263651" lon="6.113274">
        <ele>439.7</ele>
        <time>2026-09-23T06:07:14Z</time>
      </trkpt>
      <trkpt lat="46.263614" lon="6.113216">
        <ele>439.8</ele>
        <time>2026-09-23T06:07:15Z</time>
      </trkpt>
      <trkpt lat="46.263578" lon="6.113159">
        <ele>439.8</ele>
        <time>2026-09-23T06:07:16Z</time>
      </trkpt>
      <trkpt lat="46.263539" lon="6.113099">
        <ele>439.8</ele>
        <time>2026-09-23T06:07:17Z</time>
      </trkpt>
      <trkpt lat="46.263503" lon="6.113043">
        <ele>439.8</ele>
        <time>2026-09-23T06:07:18Z</time>
      </trkpt>
      <trkpt lat="46.263464" lon="6.112986">
        <ele>439.8</ele>
        <time>2026-09-23T06:07:19Z</time>
      </trkpt>
      <trkpt lat="46.263425" lon="6.112923">
        <ele>439.8</ele>
        <time>2026-09-23T06:07:20Z</time>
      </trkpt>
      <trkpt lat="46.263385" lon="6.112864">
        <ele>439.8</ele>
        <time>2026-09-23T06:07:21Z</time>
      </trkpt>
      <trkpt lat="46.263343" lon="6.112809">
        <ele>439.8</ele>
        <time>2026-09-23T06:07:22Z</time>
      </trkpt>
      <trkpt lat="46.263303" lon="6.11275">
        <ele>439.8</ele>
        <time>2026-09-23T06:07:23Z</time>
      </trkpt>
      <trkpt lat="46.263258" lon="6.112693">
        <ele>439.8</ele>
        <time>2026-09-23T06:07:24Z</time>
      </trkpt>
      <trkpt lat="46.263213" lon="6.112634">
        <ele>439.8</ele>
        <time>2026-09-23T06:07:25Z</time>
      </trkpt>
      <trkpt lat="46.263174" lon="6.112576">
        <ele>439.7</ele>
        <time>2026-09-23T06:07:26Z</time>
      </trkpt>
      <trkpt lat="46.263132" lon="6.112511">
        <ele>439.7</ele>
        <time>2026-09-23T06:07:27Z</time>
      </trkpt>
      <trkpt lat="46.26309" lon="6.112453">
        <ele>439.7</ele>
        <time>2026-09-23T06:07:28Z</time>
      </trkpt>
      <trkpt lat="46.263044" lon="6.112394">
        <ele>439.6</ele>
        <time>2026-09-23T06:07:29Z</time>
      </trkpt>
      <trkpt lat="46.262997" lon="6.112336">
        <ele>439.6</ele>
        <time>2026-09-23T06:07:30Z</time>
      </trkpt>
      <trkpt lat="46.262945" lon="6.112274">
        <ele>439.5</ele>
        <time>2026-09-23T06:07:31Z</time>
      </trkpt>
      <trkpt lat="46.262899" lon="6.112211">
        <ele>439.5</ele>
        <time>2026-09-23T06:07:32Z</time>
      </trkpt>
      <trkpt lat="46.26285" lon="6.112145">
        <ele>439.4</ele>
        <time>2026-09-23T06:07:33Z</time>
      </trkpt>
      <trkpt lat="46.262801" lon="6.112081">
        <ele>439.3</ele>
        <time>2026-09-23T06:07:34Z</time>
      </trkpt>
      <trkpt lat="46.262751" lon="6.112017">
        <ele>439.3</ele>
        <time>2026-09-23T06:07:35Z</time>
      </trkpt>
      <trkpt lat="46.262705" lon="6.111957">
        <ele>439.3</ele>
        <time>2026-09-23T06:07:36Z</time>
      </trkpt>
      <trkpt lat="46.262657" lon="6.111892">
        <ele>439.3</ele>
        <time>2026-09-23T06:07:37Z</time>
      </trkpt>
      <trkpt lat="46.262605" lon="6.111837">
        <ele>439.2</ele>
        <time>2026-09-23T06:07:38Z</time>
      </trkpt>
      <trkpt lat="46.262554" lon="6.111773">
        <ele>439.1</ele>
        <time>2026-09-23T06:07:39Z</time>
      </trkpt>
      <trkpt lat="46.262504" lon="6.111715">
        <ele>439.0</ele>
        <time>2026-09-23T06:07:40Z</time>
      </trkpt>
      <trkpt lat="46.26245" lon="6.111653">
        <ele>438.9</ele>
        <time>2026-09-23T06:07:41Z</time>
      </trkpt>
      <trkpt lat="46.262402" lon="6.111579">
        <ele>438.9</ele>
        <time>2026-09-23T06:07:42Z</time>
      </trkpt>
      <trkpt lat="46.26236" lon="6.111507">
        <ele>438.8</ele>
        <time>2026-09-23T06:07:43Z</time>
      </trkpt>
      <trkpt lat="46.262308" lon="6.111442">
        <ele>438.8</ele>
        <time>2026-09-23T06:07:44Z</time>
      </trkpt>
      <trkpt lat="46.262257" lon="6.111383">
        <ele>438.7</ele>
        <time>2026-09-23T06:07:45Z</time>
      </trkpt>
      <trkpt lat="46.262204" lon="6.111328">
        <ele>438.7</ele>
        <time>2026-09-23T06:07:46Z</time>
      </trkpt>
      <trkpt lat="46.262157" lon="6.11126">
        <ele>438.6</ele>
        <time>2026-09-23T06:07:47Z</time>
      </trkpt>
      <trkpt lat="46.262109" lon="6.111196">
        <ele>438.6</ele>
        <time>2026-09-23T06:07:48Z</time>
      </trkpt>
      <trkpt lat="46.262061" lon="6.111132">
        <ele>438.5</ele>
        <time>2026-09-23T06:07:49Z</time>
      </trkpt>
      <trkpt lat="46.26201" lon="6.111071">
        <ele>438.4</ele>
        <time>2026-09-23T06:07:50Z</time>
      </trkpt>
      <trkpt lat="46.261961" lon="6.111007">
        <ele>438.3</ele>
        <time>2026-09-23T06:07:51Z</time>
      </trkpt>
      <trkpt lat="46.26191" lon="6.110942">
        <ele>438.1</ele>
        <time>2026-09-23T06:07:52Z</time>
      </trkpt>
      <trkpt lat="46.261858" lon="6.11088">
        <ele>438.0</ele>
        <time>2026-09-23T06:07:53Z</time>
      </trkpt>
      <trkpt lat="46.261807" lon="6.110814">
        <ele>437.8</ele>
        <time>2026-09-23T06:07:54Z</time>
      </trkpt>
      <trkpt lat="46.261756" lon="6.110743">
        <ele>437.6</ele>
        <time>2026-09-23T06:07:55Z</time>
      </trkpt>
      <trkpt lat="46.2617" lon="6.110676">
        <ele>437.5</ele>
        <time>2026-09-23T06:07:56Z</time>
      </trkpt>
      <trkpt lat="46.261642" lon="6.110604">
        <ele>437.2</ele>
        <time>2026-09-23T06:07:57Z</time>
      </trkpt>
      <trkpt lat="46.261586" lon="6.110529">
        <ele>436.9</ele>
        <time>2026-09-23T06:07:58Z</time>
      </trkpt>
      <trkpt lat="46.261529" lon="6.11045">
        <ele>436.6</ele>
        <time>2026-09-23T06:07:59Z</time>
      </trkpt>
      <trkpt lat="46.261468" lon="6.110376">
        <ele>436.2</ele>
        <time>2026-09-23T06:08:00Z</time>
      </trkpt>
      <trkpt lat="46.261405" lon="6.110296">
        <ele>435.7</ele>
        <time>2026-09-23T06:08:01Z</time>
      </trkpt>
      <trkpt lat="46.261338" lon="6.110222">
        <ele>435.1</ele>
        <time>2026-09-23T06:08:02Z</time>
      </trkpt>
      <trkpt lat="46.261273" lon="6.110136">
        <ele>434.5</ele>
        <time>2026-09-23T06:08:03Z</time>
      </trkpt>
      <trkpt lat="46.261203" lon="6.110048">
        <ele>433.9</ele>
        <time>2026-09-23T06:08:04Z</time>
      </trkpt>
      <trkpt lat="46.261132" lon="6.109958">
        <ele>433.2</ele>
        <time>2026-09-23T06:08:05Z</time>
      </trkpt>
      <trkpt lat="46.261055" lon="6.109863">
        <ele>432.5</ele>
        <time>2026-09-23T06:08:06Z</time>
      </trkpt>
      <trkpt lat="46.260978" lon="6.109766">
        <ele>432.0</ele>
        <time>2026-09-23T06:08:07Z</time>
      </trkpt>
      <trkpt lat="46.260896" lon="6.109671">
        <ele>431.8</ele>
        <time>2026-09-23T06:08:08Z</time>
      </trkpt>
      <trkpt lat="46.260821" lon="6.109577">
        <ele>431.7</ele>
        <time>2026-09-23T06:08:09Z</time>
      </trkpt>
      <trkpt lat="46.260753" lon="6.10948">
        <ele>431.6</ele>
        <time>2026-09-23T06:08:10Z</time>
      </trkpt>
      <trkpt lat="46.260692" lon="6.10938">
        <ele>431.5</ele>
        <time>2026-09-23T06:08:11Z</time>
      </trkpt>
      <trkpt lat="46.260629" lon="6.109289">
        <ele>431.5</ele>
        <time>2026-09-23T06:08:12Z</time>
      </trkpt>
      <trkpt lat="46.260575" lon="6.109218">
        <ele>431.5</ele>
        <time>2026-09-23T06:08:13Z</time>
      </trkpt>
      <trkpt lat="46.260541" lon="6.109178">
        <ele>431.5</ele>
        <time>2026-09-23T06:08:14Z</time>
      </trkpt>
      <trkpt lat="46.260515" lon="6.109166">
        <ele>431.5</ele>
        <time>2026-09-23T06:08:15Z</time>
      </trkpt>
      <trkpt lat="46.26049" lon="6.109163">
        <ele>431.5</ele>
        <time>2026-09-23T06:08:16Z</time>
      </trkpt>
      <trkpt lat="46.260459" lon="6.109154">
        <ele>431.6</ele>
        <time>2026-09-23T06:08:17Z</time>
      </trkpt>
      <trkpt lat="46.260422" lon="6.109119">
        <ele>431.6</ele>
        <time>2026-09-23T06:08:18Z</time>
      </trkpt>
      <trkpt lat="46.260409" lon="6.109046">
        <ele>431.7</ele>
        <time>2026-09-23T06:08:19Z</time>
      </trkpt>
      <trkpt lat="46.260416" lon="6.108966">
        <ele>431.8</ele>
        <time>2026-09-23T06:08:20Z</time>
      </trkpt>
      <trkpt lat="46.260424" lon="6.108895">
        <ele>431.9</ele>
        <time>2026-09-23T06:08:21Z</time>
      </trkpt>
      <trkpt lat="46.260425" lon="6.108816">
        <ele>432.0</ele>
        <time>2026-09-23T06:08:22Z</time>
      </trkpt>
      <trkpt lat="46.260426" lon="6.108737">
        <ele>432.1</ele>
        <time>2026-09-23T06:08:23Z</time>
      </trkpt>
      <trkpt lat="46.260426" lon="6.108656">
        <ele>432.3</ele>
        <time>2026-09-23T06:08:24Z</time>
      </trkpt>
      <trkpt lat="46.260427" lon="6.108579">
        <ele>432.4</ele>
        <time>2026-09-23T06:08:25Z</time>
      </trkpt>
      <trkpt lat="46.260429" lon="6.108498">
        <ele>432.5</ele>
        <time>2026-09-23T06:08:26Z</time>
      </trkpt>
      <trkpt lat="46.260429" lon="6.108422">
        <ele>432.7</ele>
        <time>2026-09-23T06:08:27Z</time>
      </trkpt>
      <trkpt lat="46.260425" lon="6.108341">
        <ele>432.8</ele>
        <time>2026-09-23T06:08:28Z</time>
      </trkpt>
      <trkpt lat="46.260419" lon="6.108262">
        <ele>432.9</ele>
        <time>2026-09-23T06:08:29Z</time>
      </trkpt>
      <trkpt lat="46.260413" lon="6.108183">
        <ele>433.0</ele>
        <time>2026-09-23T06:08:30Z</time>
      </trkpt>
      <trkpt lat="46.260404" lon="6.108107">
        <ele>433.1</ele>
        <time>2026-09-23T06:08:31Z</time>
      </trkpt>
      <trkpt lat="46.260395" lon="6.10803">
        <ele>433.2</ele>
        <time>2026-09-23T06:08:32Z</time>
      </trkpt>
      <trkpt lat="46.260386" lon="6.107953">
        <ele>433.4</ele>
        <time>2026-09-23T06:08:33Z</time>
      </trkpt>
      <trkpt lat="46.260375" lon="6.107877">
        <ele>433.5</ele>
        <time>2026-09-23T06:08:34Z</time>
      </trkpt>
      <trkpt lat="46.260362" lon="6.107804">
        <ele>433.6</ele>
        <time>2026-09-23T06:08:35Z</time>
      </trkpt>
      <trkpt lat="46.260348" lon="6.107733">
        <ele>433.7</ele>
        <time>2026-09-23T06:08:36Z</time>
      </trkpt>
      <trkpt lat="46.260332" lon="6.107661">
        <ele>433.8</ele>
        <time>2026-09-23T06:08:37Z</time>
      </trkpt>
      <trkpt lat="46.260315" lon="6.107592">
        <ele>433.9</ele>
        <time>2026-09-23T06:08:38Z</time>
      </trkpt>
      <trkpt lat="46.260298" lon="6.10752">
        <ele>434.0</ele>
        <time>2026-09-23T06:08:39Z</time>
      </trkpt>
      <trkpt lat="46.26028" lon="6.107453">
        <ele>434.1</ele>
        <time>2026-09-23T06:08:40Z</time>
      </trkpt>
      <trkpt lat="46.260262" lon="6.107383">
        <ele>434.2</ele>
        <time>2026-09-23T06:08:41Z</time>
      </trkpt>
      <trkpt lat="46.26024" lon="6.10732">
        <ele>434.3</ele>
        <time>2026-09-23T06:08:42Z</time>
      </trkpt>
      <trkpt lat="46.260208" lon="6.10726">
        <ele>434.4</ele>
        <time>2026-09-23T06:08:43Z</time>
      </trkpt>
      <trkpt lat="46.260173" lon="6.107193">
        <ele>434.5</ele>
        <time>2026-09-23T06:08:44Z</time>
      </trkpt>
      <trkpt lat="46.260149" lon="6.107131">
        <ele>434.6</ele>
        <time>2026-09-23T06:08:45Z</time>
      </trkpt>
      <trkpt lat="46.260123" lon="6.107065">
        <ele>434.7</ele>
        <time>2026-09-23T06:08:46Z</time>
      </trkpt>
      <trkpt lat="46.260099" lon="6.106997">
        <ele>434.8</ele>
        <time>2026-09-23T06:08:47Z</time>
      </trkpt>
      <trkpt lat="46.260075" lon="6.106931">
        <ele>434.9</ele>
        <time>2026-09-23T06:08:48Z</time>
      </trkpt>
      <trkpt lat="46.260052" lon="6.106872">
        <ele>435.1</ele>
        <time>2026-09-23T06:08:49Z</time>
      </trkpt>
      <trkpt lat="46.260028" lon="6.106809">
        <ele>435.2</ele>
        <time>2026-09-23T06:08:50Z</time>
      </trkpt>
      <trkpt lat="46.260006" lon="6.106752">
        <ele>435.4</ele>
        <time>2026-09-23T06:08:51Z</time>
      </trkpt>
      <trkpt lat="46.259985" lon="6.106695">
        <ele>435.6</ele>
        <time>2026-09-23T06:08:52Z</time>
      </trkpt>
      <trkpt lat="46.259966" lon="6.106643">
        <ele>435.7</ele>
        <time>2026-09-23T06:08:53Z</time>
      </trkpt>
      <trkpt lat="46.259946" lon="6.106595">
        <ele>435.9</ele>
        <time>2026-09-23T06:08:54Z</time>
      </trkpt>
      <trkpt lat="46.25993" lon="6.106547">
        <ele>436.0</ele>
        <time>2026-09-23T06:08:55Z</time>
      </trkpt>
      <trkpt lat="46.259914" lon="6.106504">
        <ele>436.1</ele>
        <time>2026-09-23T06:08:56Z</time>
      </trkpt>
      <trkpt lat="46.259901" lon="6.106462">
        <ele>436.3</ele>
        <time>2026-09-23T06:08:57Z</time>
      </trkpt>
      <trkpt lat="46.25989" lon="6.106426">
        <ele>436.4</ele>
        <time>2026-09-23T06:08:58Z</time>
      </trkpt>
      <trkpt lat="46.25988" lon="6.106399">
        <ele>436.5</ele>
        <time>2026-09-23T06:08:59Z</time>
      </trkpt>
      <trkpt lat="46.259871" lon="6.106375">
        <ele>436.6</ele>
        <time>2026-09-23T06:09:00Z</time>
      </trkpt>
      <trkpt lat="46.259862" lon="6.106356">
        <ele>436.6</ele>
        <time>2026-09-23T06:09:01Z</time>
      </trkpt>
      <trkpt lat="46.259857" lon="6.106342">
        <ele>436.7</ele>
        <time>2026-09-23T06:09:02Z</time>
      </trkpt>
      <trkpt lat="46.259852" lon="6.106331">
        <ele>436.7</ele>
        <time>2026-09-23T06:09:03Z</time>
      </trkpt>
      <trkpt lat="46.259848" lon="6.106322">
        <ele>436.8</ele>
        <time>2026-09-23T06:09:04Z</time>
      </trkpt>
      <trkpt lat="46.259845" lon="6.106313">
        <ele>436.8</ele>
        <time>2026-09-23T06:09:05Z</time>
      </trkpt>
      <trkpt lat="46.259843" lon="6.106301">
        <ele>436.8</ele>
        <time>2026-09-23T06:09:06Z</time>
      </trkpt>
      <trkpt lat="46.259842" lon="6.10629">
        <ele>436.9</ele>
        <time>2026-09-23T06:09:07Z</time>
      </trkpt>
      <trkpt lat="46.259841" lon="6.106282">
        <ele>436.9</ele>
        <time>2026-09-23T06:09:08Z</time>
      </trkpt>
      <trkpt lat="46.259838" lon="6.106274">
        <ele>436.9</ele>
        <time>2026-09-23T06:09:09Z</time>
      </trkpt>
      <trkpt lat="46.259834" lon="6.106268">
        <ele>436.9</ele>
        <time>2026-09-23T06:09:10Z</time>
      </trkpt>
      <trkpt lat="46.259831" lon="6.106261">
        <ele>437.0</ele>
        <time>2026-09-23T06:09:11Z</time>
      </trkpt>
      <trkpt lat="46.259828" lon="6.106255">
        <ele>437.0</ele>
        <time>2026-09-23T06:09:12Z</time>
      </trkpt>
      <trkpt lat="46.259823" lon="6.106248">
        <ele>437.0</ele>
        <time>2026-09-23T06:09:13Z</time>
      </trkpt>
      <trkpt lat="46.259822" lon="6.106241">
        <ele>437.0</ele>
        <time>2026-09-23T06:09:14Z</time>
      </trkpt>
      <trkpt lat="46.259821" lon="6.106237">
        <ele>437.1</ele>
        <time>2026-09-23T06:09:15Z</time>
      </trkpt>
      <trkpt lat="46.259818" lon="6.106235">
        <ele>437.1</ele>
        <time>2026-09-23T06:09:16Z</time>
      </trkpt>
      <trkpt lat="46.259813" lon="6.106226">
        <ele>437.1</ele>
        <time>2026-09-23T06:09:17Z</time>
      </trkpt>
      <trkpt lat="46.259811" lon="6.10622">
        <ele>437.1</ele>
        <time>2026-09-23T06:09:18Z</time>
      </trkpt>
      <trkpt lat="46.259809" lon="6.106221">
        <ele>437.1</ele>
        <time>2026-09-23T06:09:19Z</time>
      </trkpt>
      <trkpt lat="46.259808" lon="6.106214">
        <ele>437.1</ele>
        <time>2026-09-23T06:09:20Z</time>
      </trkpt>
      <trkpt lat="46.259807" lon="6.106217">
        <ele>437.1</ele>
        <time>2026-09-23T06:09:21Z</time>
      </trkpt>
      <trkpt lat="46.2598" lon="6.1062">
        <ele>437.2</ele>
        <time>2026-09-23T06:09:22Z</time>
      </trkpt>
      <trkpt lat="46.259791" lon="6.106173">
        <ele>437.3</ele>
        <time>2026-09-23T06:09:23Z</time>
      </trkpt>
      <trkpt lat="46.259782" lon="6.106139">
        <ele>437.3</ele>
        <time>2026-09-23T06:09:24Z</time>
      </trkpt>
      <trkpt lat="46.259769" lon="6.106103">
        <ele>437.4</ele>
        <time>2026-09-23T06:09:25Z</time>
      </trkpt>
      <trkpt lat="46.259762" lon="6.106067">
        <ele>437.5</ele>
        <time>2026-09-23T06:09:26Z</time>
      </trkpt>
      <trkpt lat="46.259761" lon="6.106029">
        <ele>437.5</ele>
        <time>2026-09-23T06:09:27Z</time>
      </trkpt>
      <trkpt lat="46.259757" lon="6.105982">
        <ele>437.6</ele>
        <time>2026-09-23T06:09:28Z</time>
      </trkpt>
      <trkpt lat="46.259749" lon="6.105929">
        <ele>437.7</ele>
        <time>2026-09-23T06:09:29Z</time>
      </trkpt>
      <trkpt lat="46.259737" lon="6.105869">
        <ele>437.8</ele>
        <time>2026-09-23T06:09:30Z</time>
      </trkpt>
      <trkpt lat="46.259725" lon="6.10581">
        <ele>437.8</ele>
        <time>2026-09-23T06:09:31Z</time>
      </trkpt>
      <trkpt lat="46.259713" lon="6.105751">
        <ele>437.8</ele>
        <time>2026-09-23T06:09:32Z</time>
      </trkpt>
      <trkpt lat="46.259694" lon="6.105689">
        <ele>437.7</ele>
        <time>2026-09-23T06:09:33Z</time>
      </trkpt>
      <trkpt lat="46.259674" lon="6.105629">
        <ele>437.7</ele>
        <time>2026-09-23T06:09:34Z</time>
      </trkpt>
      <trkpt lat="46.259651" lon="6.105567">
        <ele>437.7</ele>
        <time>2026-09-23T06:09:35Z</time>
      </trkpt>
      <trkpt lat="46.259628" lon="6.105504">
        <ele>437.8</ele>
        <time>2026-09-23T06:09:36Z</time>
      </trkpt>
      <trkpt lat="46.259609" lon="6.105437">
        <ele>437.8</ele>
        <time>2026-09-23T06:09:37Z</time>
      </trkpt>
      <trkpt lat="46.25959" lon="6.105369">
        <ele>437.9</ele>
        <time>2026-09-23T06:09:38Z</time>
      </trkpt>
      <trkpt lat="46.259568" lon="6.105306">
        <ele>438.0</ele>
        <time>2026-09-23T06:09:39Z</time>
      </trkpt>
      <trkpt lat="46.25954" lon="6.105245">
        <ele>438.1</ele>
        <time>2026-09-23T06:09:40Z</time>
      </trkpt>
      <trkpt lat="46.259509" lon="6.105185">
        <ele>438.2</ele>
        <time>2026-09-23T06:09:41Z</time>
      </trkpt>
      <trkpt lat="46.259473" lon="6.105132">
        <ele>438.3</ele>
        <time>2026-09-23T06:09:42Z</time>
      </trkpt>
      <trkpt lat="46.259438" lon="6.10508">
        <ele>438.4</ele>
        <time>2026-09-23T06:09:43Z</time>
      </trkpt>
      <trkpt lat="46.259404" lon="6.105027">
        <ele>438.6</ele>
        <time>2026-09-23T06:09:44Z</time>
      </trkpt>
      <trkpt lat="46.259373" lon="6.104971">
        <ele>438.7</ele>
        <time>2026-09-23T06:09:45Z</time>
      </trkpt>
      <trkpt lat="46.259341" lon="6.104918">
        <ele>438.9</ele>
        <time>2026-09-23T06:09:46Z</time>
      </trkpt>
      <trkpt lat="46.259308" lon="6.104869">
        <ele>439.0</ele>
        <time>2026-09-23T06:09:47Z</time>
      </trkpt>
      <trkpt lat="46.259277" lon="6.104819">
        <ele>439.2</ele>
        <time>2026-09-23T06:09:48Z</time>
      </trkpt>
      <trkpt lat="46.259245" lon="6.104772">
        <ele>439.3</ele>
        <time>2026-09-23T06:09:49Z</time>
      </trkpt>
      <trkpt lat="46.259215" lon="6.104725">
        <ele>439.3</ele>
        <time>2026-09-23T06:09:50Z</time>
      </trkpt>
      <trkpt lat="46.259186" lon="6.104679">
        <ele>439.4</ele>
        <time>2026-09-23T06:09:51Z</time>
      </trkpt>
      <trkpt lat="46.259158" lon="6.104634">
        <ele>439.6</ele>
        <time>2026-09-23T06:09:52Z</time>
      </trkpt>
      <trkpt lat="46.259129" lon="6.104589">
        <ele>439.8</ele>
        <time>2026-09-23T06:09:53Z</time>
      </trkpt>
      <trkpt lat="46.259102" lon="6.104543">
        <ele>440.0</ele>
        <time>2026-09-23T06:09:54Z</time>
      </trkpt>
      <trkpt lat="46.259073" lon="6.104498">
        <ele>440.2</ele>
        <time>2026-09-23T06:09:55Z</time>
      </trkpt>
      <trkpt lat="46.259046" lon="6.104453">
        <ele>440.4</ele>
        <time>2026-09-23T06:09:56Z</time>
      </trkpt>
      <trkpt lat="46.259019" lon="6.104409">
        <ele>440.6</ele>
        <time>2026-09-23T06:09:57Z</time>
      </trkpt>
      <trkpt lat="46.25899" lon="6.104364">
        <ele>440.9</ele>
        <time>2026-09-23T06:09:58Z</time>
      </trkpt>
      <trkpt lat="46.258961" lon="6.104321">
        <ele>441.1</ele>
        <time>2026-09-23T06:09:59Z</time>
      </trkpt>
      <trkpt lat="46.258933" lon="6.104277">
        <ele>441.2</ele>
        <time>2026-09-23T06:10:00Z</time>
      </trkpt>
      <trkpt lat="46.258905" lon="6.104234">
        <ele>441.4</ele>
        <time>2026-09-23T06:10:01Z</time>
      </trkpt>
      <trkpt lat="46.258879" lon="6.104191">
        <ele>441.6</ele>
        <time>2026-09-23T06:10:02Z</time>
      </trkpt>
      <trkpt lat="46.258852" lon="6.104148">
        <ele>441.8</ele>
        <time>2026-09-23T06:10:03Z</time>
      </trkpt>
      <trkpt lat="46.258825" lon="6.104103">
        <ele>442.0</ele>
        <time>2026-09-23T06:10:04Z</time>
      </trkpt>
      <trkpt lat="46.258797" lon="6.104059">
        <ele>442.1</ele>
        <time>2026-09-23T06:10:05Z</time>
      </trkpt>
      <trkpt lat="46.25877" lon="6.104016">
        <ele>442.3</ele>
        <time>2026-09-23T06:10:06Z</time>
      </trkpt>
      <trkpt lat="46.258742" lon="6.103973">
        <ele>442.5</ele>
        <time>2026-09-23T06:10:07Z</time>
      </trkpt>
      <trkpt lat="46.258715" lon="6.103929">
        <ele>442.6</ele>
        <time>2026-09-23T06:10:08Z</time>
      </trkpt>
      <trkpt lat="46.258685" lon="6.103886">
        <ele>442.8</ele>
        <time>2026-09-23T06:10:09Z</time>
      </trkpt>
      <trkpt lat="46.258657" lon="6.103842">
        <ele>442.9</ele>
        <time>2026-09-23T06:10:10Z</time>
      </trkpt>
      <trkpt lat="46.25863" lon="6.103796">
        <ele>443.1</ele>
        <time>2026-09-23T06:10:11Z</time>
      </trkpt>
      <trkpt lat="46.258601" lon="6.10375">
        <ele>443.2</ele>
        <time>2026-09-23T06:10:12Z</time>
      </trkpt>
      <trkpt lat="46.258573" lon="6.103703">
        <ele>443.4</ele>
        <time>2026-09-23T06:10:13Z</time>
      </trkpt>
      <trkpt lat="46.258544" lon="6.103659">
        <ele>443.6</ele>
        <time>2026-09-23T06:10:14Z</time>
      </trkpt>
      <trkpt lat="46.258515" lon="6.103613">
        <ele>443.8</ele>
        <time>2026-09-23T06:10:15Z</time>
      </trkpt>
      <trkpt lat="46.258487" lon="6.103571">
        <ele>444.0</ele>
        <time>2026-09-23T06:10:16Z</time>
      </trkpt>
      <trkpt lat="46.258459" lon="6.103529">
        <ele>444.2</ele>
        <time>2026-09-23T06:10:17Z</time>
      </trkpt>
      <trkpt lat="46.258431" lon="6.103486">
        <ele>444.4</ele>
        <time>2026-09-23T06:10:18Z</time>
      </trkpt>
      <trkpt lat="46.258405" lon="6.103441">
        <ele>444.6</ele>
        <time>2026-09-23T06:10:19Z</time>
      </trkpt>
      <trkpt lat="46.258381" lon="6.103394">
        <ele>444.8</ele>
        <time>2026-09-23T06:10:20Z</time>
      </trkpt>
      <trkpt lat="46.258359" lon="6.103346">
        <ele>445.0</ele>
        <time>2026-09-23T06:10:21Z</time>
      </trkpt>
      <trkpt lat="46.25834" lon="6.103294">
        <ele>445.1</ele>
        <time>2026-09-23T06:10:22Z</time>
      </trkpt>
      <trkpt lat="46.258325" lon="6.103243">
        <ele>445.1</ele>
        <time>2026-09-23T06:10:23Z</time>
      </trkpt>
      <trkpt lat="46.258314" lon="6.103185">
        <ele>445.2</ele>
        <time>2026-09-23T06:10:24Z</time>
      </trkpt>
      <trkpt lat="46.258308" lon="6.103124">
        <ele>445.3</ele>
        <time>2026-09-23T06:10:25Z</time>
      </trkpt>
      <trkpt lat="46.258311" lon="6.103066">
        <ele>445.4</ele>
        <time>2026-09-23T06:10:26Z</time>
      </trkpt>
      <trkpt lat="46.258312" lon="6.103004">
        <ele>445.5</ele>
        <time>2026-09-23T06:10:27Z</time>
      </trkpt>
      <trkpt lat="46.258313" lon="6.102942">
        <ele>445.6</ele>
        <time>2026-09-23T06:10:28Z</time>
      </trkpt>
      <trkpt lat="46.258314" lon="6.102879">
        <ele>445.7</ele>
        <time>2026-09-23T06:10:29Z</time>
      </trkpt>
      <trkpt lat="46.258309" lon="6.102816">
        <ele>445.8</ele>
        <time>2026-09-23T06:10:30Z</time>
      </trkpt>
      <trkpt lat="46.258308" lon="6.102753">
        <ele>445.9</ele>
        <time>2026-09-23T06:10:31Z</time>
      </trkpt>
      <trkpt lat="46.258307" lon="6.102681">
        <ele>446.0</ele>
        <time>2026-09-23T06:10:32Z</time>
      </trkpt>
      <trkpt lat="46.258308" lon="6.102616">
        <ele>446.1</ele>
        <time>2026-09-23T06:10:33Z</time>
      </trkpt>
      <trkpt lat="46.258306" lon="6.102555">
        <ele>446.2</ele>
        <time>2026-09-23T06:10:34Z</time>
      </trkpt>
      <trkpt lat="46.258292" lon="6.102498">
        <ele>446.3</ele>
        <time>2026-09-23T06:10:35Z</time>
      </trkpt>
      <trkpt lat="46.258264" lon="6.102452">
        <ele>446.4</ele>
        <time>2026-09-23T06:10:36Z</time>
      </trkpt>
      <trkpt lat="46.258231" lon="6.10241">
        <ele>446.4</ele>
        <time>2026-09-23T06:10:37Z</time>
      </trkpt>
      <trkpt lat="46.258201" lon="6.102366">
        <ele>446.4</ele>
        <time>2026-09-23T06:10:38Z</time>
      </trkpt>
      <trkpt lat="46.25817" lon="6.102325">
        <ele>446.4</ele>
        <time>2026-09-23T06:10:39Z</time>
      </trkpt>
      <trkpt lat="46.258137" lon="6.102286">
        <ele>446.4</ele>
        <time>2026-09-23T06:10:40Z</time>
      </trkpt>
      <trkpt lat="46.258107" lon="6.102234">
        <ele>446.5</ele>
        <time>2026-09-23T06:10:41Z</time>
      </trkpt>
      <trkpt lat="46.258076" lon="6.102183">
        <ele>446.5</ele>
        <time>2026-09-23T06:10:42Z</time>
      </trkpt>
      <trkpt lat="46.258042" lon="6.102143">
        <ele>446.5</ele>
        <time>2026-09-23T06:10:43Z</time>
      </trkpt>
      <trkpt lat="46.258008" lon="6.1021">
        <ele>446.5</ele>
        <time>2026-09-23T06:10:44Z</time>
      </trkpt>
      <trkpt lat="46.257976" lon="6.102055">
        <ele>446.6</ele>
        <time>2026-09-23T06:10:45Z</time>
      </trkpt>
      <trkpt lat="46.257947" lon="6.102015">
        <ele>446.6</ele>
        <time>2026-09-23T06:10:46Z</time>
      </trkpt>
      <trkpt lat="46.257915" lon="6.101974">
        <ele>446.6</ele>
        <time>2026-09-23T06:10:47Z</time>
      </trkpt>
      <trkpt lat="46.25788" lon="6.101928">
        <ele>446.5</ele>
        <time>2026-09-23T06:10:48Z</time>
      </trkpt>
      <trkpt lat="46.257847" lon="6.101878">
        <ele>446.5</ele>
        <time>2026-09-23T06:10:49Z</time>
      </trkpt>
      <trkpt lat="46.257812" lon="6.101826">
        <ele>446.5</ele>
        <time>2026-09-23T06:10:50Z</time>
      </trkpt>
      <trkpt lat="46.257778" lon="6.101767">
        <ele>446.4</ele>
        <time>2026-09-23T06:10:51Z</time>
      </trkpt>
      <trkpt lat="46.257743" lon="6.101715">
        <ele>446.4</ele>
        <time>2026-09-23T06:10:52Z</time>
      </trkpt>
      <trkpt lat="46.257704" lon="6.101661">
        <ele>446.4</ele>
        <time>2026-09-23T06:10:53Z</time>
      </trkpt>
      <trkpt lat="46.257669" lon="6.101597">
        <ele>446.3</ele>
        <time>2026-09-23T06:10:54Z</time>
      </trkpt>
      <trkpt lat="46.257632" lon="6.101542">
        <ele>446.2</ele>
        <time>2026-09-23T06:10:55Z</time>
      </trkpt>
      <trkpt lat="46.257596" lon="6.101483">
        <ele>446.2</ele>
        <time>2026-09-23T06:10:56Z</time>
      </trkpt>
      <trkpt lat="46.257562" lon="6.101414">
        <ele>446.1</ele>
        <time>2026-09-23T06:10:57Z</time>
      </trkpt>
      <trkpt lat="46.257527" lon="6.101347">
        <ele>445.9</ele>
        <time>2026-09-23T06:10:58Z</time>
      </trkpt>
      <trkpt lat="46.257485" lon="6.101287">
        <ele>445.8</ele>
        <time>2026-09-23T06:10:59Z</time>
      </trkpt>
      <trkpt lat="46.257443" lon="6.101228">
        <ele>445.7</ele>
        <time>2026-09-23T06:11:00Z</time>
      </trkpt>
      <trkpt lat="46.2574" lon="6.101165">
        <ele>445.6</ele>
        <time>2026-09-23T06:11:01Z</time>
      </trkpt>
      <trkpt lat="46.257355" lon="6.101107">
        <ele>445.5</ele>
        <time>2026-09-23T06:11:02Z</time>
      </trkpt>
      <trkpt lat="46.257307" lon="6.101048">
        <ele>445.4</ele>
        <time>2026-09-23T06:11:03Z</time>
      </trkpt>
      <trkpt lat="46.257265" lon="6.100983">
        <ele>445.3</ele>
        <time>2026-09-23T06:11:04Z</time>
      </trkpt>
      <trkpt lat="46.25722" lon="6.10092">
        <ele>445.2</ele>
        <time>2026-09-23T06:11:05Z</time>
      </trkpt>
      <trkpt lat="46.257175" lon="6.100856">
        <ele>445.1</ele>
        <time>2026-09-23T06:11:06Z</time>
      </trkpt>
      <trkpt lat="46.257127" lon="6.100791">
        <ele>445.1</ele>
        <time>2026-09-23T06:11:07Z</time>
      </trkpt>
      <trkpt lat="46.257083" lon="6.100728">
        <ele>445.0</ele>
        <time>2026-09-23T06:11:08Z</time>
      </trkpt>
      <trkpt lat="46.257035" lon="6.100667">
        <ele>445.0</ele>
        <time>2026-09-23T06:11:09Z</time>
      </trkpt>
      <trkpt lat="46.25699" lon="6.100609">
        <ele>445.0</ele>
        <time>2026-09-23T06:11:10Z</time>
      </trkpt>
      <trkpt lat="46.256943" lon="6.100556">
        <ele>445.0</ele>
        <time>2026-09-23T06:11:11Z</time>
      </trkpt>
      <trkpt lat="46.256888" lon="6.100532">
        <ele>445.0</ele>
        <time>2026-09-23T06:11:12Z</time>
      </trkpt>
      <trkpt lat="46.256835" lon="6.100537">
        <ele>444.9</ele>
        <time>2026-09-23T06:11:13Z</time>
      </trkpt>
      <trkpt lat="46.256788" lon="6.100566">
        <ele>444.7</ele>
        <time>2026-09-23T06:11:14Z</time>
      </trkpt>
      <trkpt lat="46.25675" lon="6.100626">
        <ele>444.6</ele>
        <time>2026-09-23T06:11:15Z</time>
      </trkpt>
      <trkpt lat="46.256711" lon="6.100701">
        <ele>444.4</ele>
        <time>2026-09-23T06:11:16Z</time>
      </trkpt>
      <trkpt lat="46.256673" lon="6.100774">
        <ele>444.3</ele>
        <time>2026-09-23T06:11:17Z</time>
      </trkpt>
      <trkpt lat="46.256633" lon="6.10083">
        <ele>444.1</ele>
        <time>2026-09-23T06:11:18Z</time>
      </trkpt>
      <trkpt lat="46.256593" lon="6.100891">
        <ele>444.0</ele>
        <time>2026-09-23T06:11:19Z</time>
      </trkpt>
      <trkpt lat="46.256559" lon="6.100944">
        <ele>443.9</ele>
        <time>2026-09-23T06:11:20Z</time>
      </trkpt>
      <trkpt lat="46.256511" lon="6.100996">
        <ele>443.8</ele>
        <time>2026-09-23T06:11:21Z</time>
      </trkpt>
      <trkpt lat="46.256467" lon="6.101059">
        <ele>443.6</ele>
        <time>2026-09-23T06:11:22Z</time>
      </trkpt>
      <trkpt lat="46.256429" lon="6.101125">
        <ele>443.4</ele>
        <time>2026-09-23T06:11:23Z</time>
      </trkpt>
      <trkpt lat="46.256386" lon="6.101183">
        <ele>443.2</ele>
        <time>2026-09-23T06:11:24Z</time>
      </trkpt>
      <trkpt lat="46.25633" lon="6.101248">
        <ele>442.9</ele>
        <time>2026-09-23T06:11:25Z</time>
      </trkpt>
      <trkpt lat="46.256277" lon="6.101318">
        <ele>442.5</ele>
        <time>2026-09-23T06:11:26Z</time>
      </trkpt>
      <trkpt lat="46.256237" lon="6.101383">
        <ele>442.2</ele>
        <time>2026-09-23T06:11:27Z</time>
      </trkpt>
      <trkpt lat="46.25618" lon="6.101448">
        <ele>441.7</ele>
        <time>2026-09-23T06:11:28Z</time>
      </trkpt>
      <trkpt lat="46.256104" lon="6.101508">
        <ele>441.2</ele>
        <time>2026-09-23T06:11:29Z</time>
      </trkpt>
      <trkpt lat="46.256038" lon="6.101563">
        <ele>440.6</ele>
        <time>2026-09-23T06:11:30Z</time>
      </trkpt>
      <trkpt lat="46.255978" lon="6.101637">
        <ele>440.0</ele>
        <time>2026-09-23T06:11:31Z</time>
      </trkpt>
      <trkpt lat="46.255912" lon="6.101713">
        <ele>439.4</ele>
        <time>2026-09-23T06:11:32Z</time>
      </trkpt>
      <trkpt lat="46.255857" lon="6.101785">
        <ele>438.8</ele>
        <time>2026-09-23T06:11:33Z</time>
      </trkpt>
      <trkpt lat="46.255795" lon="6.101855">
        <ele>438.2</ele>
        <time>2026-09-23T06:11:34Z</time>
      </trkpt>
      <trkpt lat="46.255733" lon="6.101915">
        <ele>437.6</ele>
        <time>2026-09-23T06:11:35Z</time>
      </trkpt>
      <trkpt lat="46.255678" lon="6.101959">
        <ele>437.2</ele>
        <time>2026-09-23T06:11:36Z</time>
      </trkpt>
      <trkpt lat="46.255628" lon="6.101976">
        <ele>436.8</ele>
        <time>2026-09-23T06:11:37Z</time>
      </trkpt>
      <trkpt lat="46.255582" lon="6.101958">
        <ele>436.6</ele>
        <time>2026-09-23T06:11:38Z</time>
      </trkpt>
      <trkpt lat="46.255547" lon="6.101913">
        <ele>436.6</ele>
        <time>2026-09-23T06:11:39Z</time>
      </trkpt>
      <trkpt lat="46.25552" lon="6.101843">
        <ele>436.6</ele>
        <time>2026-09-23T06:11:40Z</time>
      </trkpt>
      <trkpt lat="46.255501" lon="6.101757">
        <ele>436.6</ele>
        <time>2026-09-23T06:11:41Z</time>
      </trkpt>
      <trkpt lat="46.255482" lon="6.101674">
        <ele>436.7</ele>
        <time>2026-09-23T06:11:42Z</time>
      </trkpt>
      <trkpt lat="46.255456" lon="6.101591">
        <ele>436.7</ele>
        <time>2026-09-23T06:11:43Z</time>
      </trkpt>
      <trkpt lat="46.255434" lon="6.101505">
        <ele>436.7</ele>
        <time>2026-09-23T06:11:44Z</time>
      </trkpt>
      <trkpt lat="46.255413" lon="6.101419">
        <ele>436.7</ele>
        <time>2026-09-23T06:11:45Z</time>
      </trkpt>
      <trkpt lat="46.25539" lon="6.101337">
        <ele>436.7</ele>
        <time>2026-09-23T06:11:46Z</time>
      </trkpt>
      <trkpt lat="46.255366" lon="6.101256">
        <ele>436.7</ele>
        <time>2026-09-23T06:11:47Z</time>
      </trkpt>
      <trkpt lat="46.255342" lon="6.101174">
        <ele>436.7</ele>
        <time>2026-09-23T06:11:48Z</time>
      </trkpt>
      <trkpt lat="46.255319" lon="6.101091">
        <ele>436.8</ele>
        <time>2026-09-23T06:11:49Z</time>
      </trkpt>
      <trkpt lat="46.255296" lon="6.101008">
        <ele>436.8</ele>
        <time>2026-09-23T06:11:50Z</time>
      </trkpt>
      <trkpt lat="46.255274" lon="6.100934">
        <ele>436.8</ele>
        <time>2026-09-23T06:11:51Z</time>
      </trkpt>
      <trkpt lat="46.255243" lon="6.100846">
        <ele>436.8</ele>
        <time>2026-09-23T06:11:52Z</time>
      </trkpt>
      <trkpt lat="46.255207" lon="6.100765">
        <ele>436.9</ele>
        <time>2026-09-23T06:11:53Z</time>
      </trkpt>
      <trkpt lat="46.255178" lon="6.100688">
        <ele>436.9</ele>
        <time>2026-09-23T06:11:54Z</time>
      </trkpt>
      <trkpt lat="46.255153" lon="6.100608">
        <ele>436.9</ele>
        <time>2026-09-23T06:11:55Z</time>
      </trkpt>
      <trkpt lat="46.255131" lon="6.100525">
        <ele>436.9</ele>
        <time>2026-09-23T06:11:56Z</time>
      </trkpt>
      <trkpt lat="46.255112" lon="6.100443">
        <ele>436.9</ele>
        <time>2026-09-23T06:11:57Z</time>
      </trkpt>
      <trkpt lat="46.255091" lon="6.100362">
        <ele>436.9</ele>
        <time>2026-09-23T06:11:58Z</time>
      </trkpt>
      <trkpt lat="46.255073" lon="6.100279">
        <ele>436.9</ele>
        <time>2026-09-23T06:11:59Z</time>
      </trkpt>
      <trkpt lat="46.255062" lon="6.100194">
        <ele>437.0</ele>
        <time>2026-09-23T06:12:00Z</time>
      </trkpt>
      <trkpt lat="46.255054" lon="6.10011">
        <ele>437.0</ele>
        <time>2026-09-23T06:12:01Z</time>
      </trkpt>
      <trkpt lat="46.255047" lon="6.100025">
        <ele>437.1</ele>
        <time>2026-09-23T06:12:02Z</time>
      </trkpt>
      <trkpt lat="46.255039" lon="6.099942">
        <ele>437.1</ele>
        <time>2026-09-23T06:12:03Z</time>
      </trkpt>
      <trkpt lat="46.255021" lon="6.099864">
        <ele>437.0</ele>
        <time>2026-09-23T06:12:04Z</time>
      </trkpt>
      <trkpt lat="46.254981" lon="6.0998">
        <ele>436.8</ele>
        <time>2026-09-23T06:12:05Z</time>
      </trkpt>
      <trkpt lat="46.25493" lon="6.099745">
        <ele>436.6</ele>
        <time>2026-09-23T06:12:06Z</time>
      </trkpt>
      <trkpt lat="46.254873" lon="6.099693">
        <ele>436.3</ele>
        <time>2026-09-23T06:12:07Z</time>
      </trkpt>
      <trkpt lat="46.254816" lon="6.099629">
        <ele>435.9</ele>
        <time>2026-09-23T06:12:08Z</time>
      </trkpt>
      <trkpt lat="46.254764" lon="6.099555">
        <ele>435.6</ele>
        <time>2026-09-23T06:12:09Z</time>
      </trkpt>
      <trkpt lat="46.254716" lon="6.099471">
        <ele>435.2</ele>
        <time>2026-09-23T06:12:10Z</time>
      </trkpt>
      <trkpt lat="46.254671" lon="6.09938">
        <ele>434.8</ele>
        <time>2026-09-23T06:12:11Z</time>
      </trkpt>
      <trkpt lat="46.254624" lon="6.099291">
        <ele>434.3</ele>
        <time>2026-09-23T06:12:12Z</time>
      </trkpt>
      <trkpt lat="46.254573" lon="6.099201">
        <ele>433.8</ele>
        <time>2026-09-23T06:12:13Z</time>
      </trkpt>
      <trkpt lat="46.254521" lon="6.099108">
        <ele>433.2</ele>
        <time>2026-09-23T06:12:14Z</time>
      </trkpt>
      <trkpt lat="46.254465" lon="6.099009">
        <ele>432.6</ele>
        <time>2026-09-23T06:12:15Z</time>
      </trkpt>
      <trkpt lat="46.25441" lon="6.098906">
        <ele>431.9</ele>
        <time>2026-09-23T06:12:16Z</time>
      </trkpt>
      <trkpt lat="46.254352" lon="6.098798">
        <ele>431.5</ele>
        <time>2026-09-23T06:12:17Z</time>
      </trkpt>
      <trkpt lat="46.254292" lon="6.098694">
        <ele>431.2</ele>
        <time>2026-09-23T06:12:18Z</time>
      </trkpt>
      <trkpt lat="46.254231" lon="6.098585">
        <ele>430.9</ele>
        <time>2026-09-23T06:12:19Z</time>
      </trkpt>
      <trkpt lat="46.254174" lon="6.098467">
        <ele>430.4</ele>
        <time>2026-09-23T06:12:20Z</time>
      </trkpt>
      <trkpt lat="46.254111" lon="6.098357">
        <ele>430.0</ele>
        <time>2026-09-23T06:12:21Z</time>
      </trkpt>
      <trkpt lat="46.254046" lon="6.098246">
        <ele>429.5</ele>
        <time>2026-09-23T06:12:22Z</time>
      </trkpt>
      <trkpt lat="46.253983" lon="6.098133">
        <ele>429.1</ele>
        <time>2026-09-23T06:12:23Z</time>
      </trkpt>
      <trkpt lat="46.253922" lon="6.098018">
        <ele>428.7</ele>
        <time>2026-09-23T06:12:24Z</time>
      </trkpt>
      <trkpt lat="46.253861" lon="6.097906">
        <ele>428.4</ele>
        <time>2026-09-23T06:12:25Z</time>
      </trkpt>
      <trkpt lat="46.2538" lon="6.097797">
        <ele>428.1</ele>
        <time>2026-09-23T06:12:26Z</time>
      </trkpt>
      <trkpt lat="46.253738" lon="6.097689">
        <ele>427.8</ele>
        <time>2026-09-23T06:12:27Z</time>
      </trkpt>
      <trkpt lat="46.253679" lon="6.097576">
        <ele>427.6</ele>
        <time>2026-09-23T06:12:28Z</time>
      </trkpt>
      <trkpt lat="46.253623" lon="6.097463">
        <ele>427.4</ele>
        <time>2026-09-23T06:12:29Z</time>
      </trkpt>
      <trkpt lat="46.253563" lon="6.097354">
        <ele>427.3</ele>
        <time>2026-09-23T06:12:30Z</time>
      </trkpt>
      <trkpt lat="46.253495" lon="6.097265">
        <ele>427.1</ele>
        <time>2026-09-23T06:12:31Z</time>
      </trkpt>
      <trkpt lat="46.253412" lon="6.097189">
        <ele>426.9</ele>
        <time>2026-09-23T06:12:32Z</time>
      </trkpt>
      <trkpt lat="46.253326" lon="6.097123">
        <ele>426.8</ele>
        <time>2026-09-23T06:12:33Z</time>
      </trkpt>
      <trkpt lat="46.25324" lon="6.097069">
        <ele>426.7</ele>
        <time>2026-09-23T06:12:34Z</time>
      </trkpt>
      <trkpt lat="46.253152" lon="6.097028">
        <ele>426.5</ele>
        <time>2026-09-23T06:12:35Z</time>
      </trkpt>
      <trkpt lat="46.25306" lon="6.096999">
        <ele>426.4</ele>
        <time>2026-09-23T06:12:36Z</time>
      </trkpt>
      <trkpt lat="46.252969" lon="6.096993">
        <ele>426.2</ele>
        <time>2026-09-23T06:12:37Z</time>
      </trkpt>
      <trkpt lat="46.252874" lon="6.096997">
        <ele>425.9</ele>
        <time>2026-09-23T06:12:38Z</time>
      </trkpt>
      <trkpt lat="46.25279" lon="6.097006">
        <ele>425.7</ele>
        <time>2026-09-23T06:12:39Z</time>
      </trkpt>
      <trkpt lat="46.252688" lon="6.097028">
        <ele>425.4</ele>
        <time>2026-09-23T06:12:40Z</time>
      </trkpt>
      <trkpt lat="46.25259" lon="6.097063">
        <ele>425.1</ele>
        <time>2026-09-23T06:12:41Z</time>
      </trkpt>
      <trkpt lat="46.252515" lon="6.097126">
        <ele>424.9</ele>
        <time>2026-09-23T06:12:42Z</time>
      </trkpt>
      <trkpt lat="46.252446" lon="6.097171">
        <ele>424.7</ele>
        <time>2026-09-23T06:12:43Z</time>
      </trkpt>
      <trkpt lat="46.252404" lon="6.097191">
        <ele>424.7</ele>
        <time>2026-09-23T06:12:44Z</time>
      </trkpt>
      <trkpt lat="46.252376" lon="6.097162">
        <ele>424.6</ele>
        <time>2026-09-23T06:12:45Z</time>
      </trkpt>
      <trkpt lat="46.252353" lon="6.097093">
        <ele>424.5</ele>
        <time>2026-09-23T06:12:46Z</time>
      </trkpt>
      <trkpt lat="46.252341" lon="6.097017">
        <ele>424.5</ele>
        <time>2026-09-23T06:12:47Z</time>
      </trkpt>
      <trkpt lat="46.252319" lon="6.096957">
        <ele>424.5</ele>
        <time>2026-09-23T06:12:48Z</time>
      </trkpt>
      <trkpt lat="46.252295" lon="6.096886">
        <ele>424.5</ele>
        <time>2026-09-23T06:12:49Z</time>
      </trkpt>
      <trkpt lat="46.252267" lon="6.096823">
        <ele>424.5</ele>
        <time>2026-09-23T06:12:50Z</time>
      </trkpt>
      <trkpt lat="46.252241" lon="6.096756">
        <ele>424.5</ele>
        <time>2026-09-23T06:12:51Z</time>
      </trkpt>
      <trkpt lat="46.252212" lon="6.096695">
        <ele>424.6</ele>
        <time>2026-09-23T06:12:52Z</time>
      </trkpt>
      <trkpt lat="46.252178" lon="6.096653">
        <ele>424.6</ele>
        <time>2026-09-23T06:12:53Z</time>
      </trkpt>
      <trkpt lat="46.252149" lon="6.096576">
        <ele>424.7</ele>
        <time>2026-09-23T06:12:54Z</time>
      </trkpt>
      <trkpt lat="46.252113" lon="6.096504">
        <ele>424.7</ele>
        <time>2026-09-23T06:12:55Z</time>
      </trkpt>
      <trkpt lat="46.252082" lon="6.096438">
        <ele>424.8</ele>
        <time>2026-09-23T06:12:56Z</time>
      </trkpt>
      <trkpt lat="46.252058" lon="6.096367">
        <ele>424.8</ele>
        <time>2026-09-23T06:12:57Z</time>
      </trkpt>
      <trkpt lat="46.25203" lon="6.096296">
        <ele>424.8</ele>
        <time>2026-09-23T06:12:58Z</time>
      </trkpt>
      <trkpt lat="46.251998" lon="6.096213">
        <ele>424.9</ele>
        <time>2026-09-23T06:12:59Z</time>
      </trkpt>
      <trkpt lat="46.25197" lon="6.096138">
        <ele>424.9</ele>
        <time>2026-09-23T06:13:00Z</time>
      </trkpt>
      <trkpt lat="46.251947" lon="6.096059">
        <ele>425.0</ele>
        <time>2026-09-23T06:13:01Z</time>
      </trkpt>
      <trkpt lat="46.251943" lon="6.095971">
        <ele>425.1</ele>
        <time>2026-09-23T06:13:02Z</time>
      </trkpt>
      <trkpt lat="46.25194" lon="6.095882">
        <ele>425.2</ele>
        <time>2026-09-23T06:13:03Z</time>
      </trkpt>
      <trkpt lat="46.25196" lon="6.095797">
        <ele>425.3</ele>
        <time>2026-09-23T06:13:04Z</time>
      </trkpt>
      <trkpt lat="46.252004" lon="6.095724">
        <ele>425.4</ele>
        <time>2026-09-23T06:13:05Z</time>
      </trkpt>
      <trkpt lat="46.252047" lon="6.095663">
        <ele>425.4</ele>
        <time>2026-09-23T06:13:06Z</time>
      </trkpt>
      <trkpt lat="46.252076" lon="6.09559">
        <ele>425.5</ele>
        <time>2026-09-23T06:13:07Z</time>
      </trkpt>
      <trkpt lat="46.252086" lon="6.09551">
        <ele>425.5</ele>
        <time>2026-09-23T06:13:08Z</time>
      </trkpt>
      <trkpt lat="46.252083" lon="6.095421">
        <ele>425.6</ele>
        <time>2026-09-23T06:13:09Z</time>
      </trkpt>
      <trkpt lat="46.25208" lon="6.09533">
        <ele>425.6</ele>
        <time>2026-09-23T06:13:10Z</time>
      </trkpt>
      <trkpt lat="46.252079" lon="6.095245">
        <ele>425.6</ele>
        <time>2026-09-23T06:13:11Z</time>
      </trkpt>
      <trkpt lat="46.252078" lon="6.095161">
        <ele>425.7</ele>
        <time>2026-09-23T06:13:12Z</time>
      </trkpt>
      <trkpt lat="46.252078" lon="6.095072">
        <ele>425.7</ele>
        <time>2026-09-23T06:13:13Z</time>
      </trkpt>
      <trkpt lat="46.25208" lon="6.094984">
        <ele>425.8</ele>
        <time>2026-09-23T06:13:14Z</time>
      </trkpt>
      <trkpt lat="46.252088" lon="6.094896">
        <ele>425.8</ele>
        <time>2026-09-23T06:13:15Z</time>
      </trkpt>
      <trkpt lat="46.252095" lon="6.094807">
        <ele>425.8</ele>
        <time>2026-09-23T06:13:16Z</time>
      </trkpt>
      <trkpt lat="46.252098" lon="6.094718">
        <ele>425.9</ele>
        <time>2026-09-23T06:13:17Z</time>
      </trkpt>
      <trkpt lat="46.252103" lon="6.094629">
        <ele>425.9</ele>
        <time>2026-09-23T06:13:18Z</time>
      </trkpt>
      <trkpt lat="46.252107" lon="6.094543">
        <ele>425.9</ele>
        <time>2026-09-23T06:13:19Z</time>
      </trkpt>
      <trkpt lat="46.252115" lon="6.094456">
        <ele>425.9</ele>
        <time>2026-09-23T06:13:20Z</time>
      </trkpt>
      <trkpt lat="46.252127" lon="6.094368">
        <ele>425.9</ele>
        <time>2026-09-23T06:13:21Z</time>
      </trkpt>
      <trkpt lat="46.252133" lon="6.094277">
        <ele>425.9</ele>
        <time>2026-09-23T06:13:22Z</time>
      </trkpt>
      <trkpt lat="46.252134" lon="6.094189">
        <ele>425.9</ele>
        <time>2026-09-23T06:13:23Z</time>
      </trkpt>
      <trkpt lat="46.252137" lon="6.094102">
        <ele>425.9</ele>
        <time>2026-09-23T06:13:24Z</time>
      </trkpt>
      <trkpt lat="46.252143" lon="6.094015">
        <ele>425.9</ele>
        <time>2026-09-23T06:13:25Z</time>
      </trkpt>
      <trkpt lat="46.252148" lon="6.093931">
        <ele>425.9</ele>
        <time>2026-09-23T06:13:26Z</time>
      </trkpt>
      <trkpt lat="46.252148" lon="6.093842">
        <ele>425.9</ele>
        <time>2026-09-23T06:13:27Z</time>
      </trkpt>
      <trkpt lat="46.252138" lon="6.093756">
        <ele>425.9</ele>
        <time>2026-09-23T06:13:28Z</time>
      </trkpt>
      <trkpt lat="46.252114" lon="6.093672">
        <ele>426.0</ele>
        <time>2026-09-23T06:13:29Z</time>
      </trkpt>
      <trkpt lat="46.252085" lon="6.093595">
        <ele>426.0</ele>
        <time>2026-09-23T06:13:30Z</time>
      </trkpt>
      <trkpt lat="46.252051" lon="6.093524">
        <ele>426.1</ele>
        <time>2026-09-23T06:13:31Z</time>
      </trkpt>
      <trkpt lat="46.252013" lon="6.093461">
        <ele>426.2</ele>
        <time>2026-09-23T06:13:32Z</time>
      </trkpt>
      <trkpt lat="46.251966" lon="6.093408">
        <ele>426.3</ele>
        <time>2026-09-23T06:13:33Z</time>
      </trkpt>
      <trkpt lat="46.251916" lon="6.093369">
        <ele>426.4</ele>
        <time>2026-09-23T06:13:34Z</time>
      </trkpt>
      <trkpt lat="46.251865" lon="6.093342">
        <ele>426.5</ele>
        <time>2026-09-23T06:13:35Z</time>
      </trkpt>
      <trkpt lat="46.251812" lon="6.093322">
        <ele>426.6</ele>
        <time>2026-09-23T06:13:36Z</time>
      </trkpt>
      <trkpt lat="46.251764" lon="6.093303">
        <ele>426.7</ele>
        <time>2026-09-23T06:13:37Z</time>
      </trkpt>
      <trkpt lat="46.251716" lon="6.093282">
        <ele>426.9</ele>
        <time>2026-09-23T06:13:38Z</time>
      </trkpt>
      <trkpt lat="46.251667" lon="6.093259">
        <ele>427.0</ele>
        <time>2026-09-23T06:13:39Z</time>
      </trkpt>
      <trkpt lat="46.251625" lon="6.093235">
        <ele>427.2</ele>
        <time>2026-09-23T06:13:40Z</time>
      </trkpt>
      <trkpt lat="46.251586" lon="6.093209">
        <ele>427.4</ele>
        <time>2026-09-23T06:13:41Z</time>
      </trkpt>
      <trkpt lat="46.251552" lon="6.093175">
        <ele>427.5</ele>
        <time>2026-09-23T06:13:42Z</time>
      </trkpt>
      <trkpt lat="46.25151" lon="6.093142">
        <ele>427.6</ele>
        <time>2026-09-23T06:13:43Z</time>
      </trkpt>
      <trkpt lat="46.251471" lon="6.093125">
        <ele>427.7</ele>
        <time>2026-09-23T06:13:44Z</time>
      </trkpt>
      <trkpt lat="46.251433" lon="6.093091">
        <ele>427.8</ele>
        <time>2026-09-23T06:13:45Z</time>
      </trkpt>
      <trkpt lat="46.251408" lon="6.09304">
        <ele>427.9</ele>
        <time>2026-09-23T06:13:46Z</time>
      </trkpt>
      <trkpt lat="46.251375" lon="6.092996">
        <ele>427.9</ele>
        <time>2026-09-23T06:13:47Z</time>
      </trkpt>
      <trkpt lat="46.251336" lon="6.092955">
        <ele>428.0</ele>
        <time>2026-09-23T06:13:48Z</time>
      </trkpt>
      <trkpt lat="46.251297" lon="6.092921">
        <ele>428.1</ele>
        <time>2026-09-23T06:13:49Z</time>
      </trkpt>
      <trkpt lat="46.251256" lon="6.092886">
        <ele>428.2</ele>
        <time>2026-09-23T06:13:50Z</time>
      </trkpt>
      <trkpt lat="46.251215" lon="6.09285">
        <ele>428.4</ele>
        <time>2026-09-23T06:13:51Z</time>
      </trkpt>
      <trkpt lat="46.251177" lon="6.092815">
        <ele>428.5</ele>
        <time>2026-09-23T06:13:52Z</time>
      </trkpt>
      <trkpt lat="46.251137" lon="6.092781">
        <ele>428.6</ele>
        <time>2026-09-23T06:13:53Z</time>
      </trkpt>
      <trkpt lat="46.251099" lon="6.092746">
        <ele>428.8</ele>
        <time>2026-09-23T06:13:54Z</time>
      </trkpt>
      <trkpt lat="46.25106" lon="6.09271">
        <ele>429.0</ele>
        <time>2026-09-23T06:13:55Z</time>
      </trkpt>
      <trkpt lat="46.251024" lon="6.092676">
        <ele>429.2</ele>
        <time>2026-09-23T06:13:56Z</time>
      </trkpt>
      <trkpt lat="46.250987" lon="6.09264">
        <ele>429.4</ele>
        <time>2026-09-23T06:13:57Z</time>
      </trkpt>
      <trkpt lat="46.250952" lon="6.092606">
        <ele>429.6</ele>
        <time>2026-09-23T06:13:58Z</time>
      </trkpt>
      <trkpt lat="46.250915" lon="6.09257">
        <ele>429.8</ele>
        <time>2026-09-23T06:13:59Z</time>
      </trkpt>
      <trkpt lat="46.250882" lon="6.092531">
        <ele>430.0</ele>
        <time>2026-09-23T06:14:00Z</time>
      </trkpt>
      <trkpt lat="46.25085" lon="6.092493">
        <ele>430.2</ele>
        <time>2026-09-23T06:14:01Z</time>
      </trkpt>
      <trkpt lat="46.250818" lon="6.092454">
        <ele>430.4</ele>
        <time>2026-09-23T06:14:02Z</time>
      </trkpt>
      <trkpt lat="46.250787" lon="6.092411">
        <ele>430.5</ele>
        <time>2026-09-23T06:14:03Z</time>
      </trkpt>
      <trkpt lat="46.250757" lon="6.092368">
        <ele>430.7</ele>
        <time>2026-09-23T06:14:04Z</time>
      </trkpt>
      <trkpt lat="46.250725" lon="6.092328">
        <ele>430.8</ele>
        <time>2026-09-23T06:14:05Z</time>
      </trkpt>
      <trkpt lat="46.250692" lon="6.092293">
        <ele>430.9</ele>
        <time>2026-09-23T06:14:06Z</time>
      </trkpt>
      <trkpt lat="46.250658" lon="6.092246">
        <ele>431.0</ele>
        <time>2026-09-23T06:14:07Z</time>
      </trkpt>
      <trkpt lat="46.250629" lon="6.092195">
        <ele>431.0</ele>
        <time>2026-09-23T06:14:08Z</time>
      </trkpt>
      <trkpt lat="46.250601" lon="6.092143">
        <ele>431.1</ele>
        <time>2026-09-23T06:14:09Z</time>
      </trkpt>
      <trkpt lat="46.250572" lon="6.092091">
        <ele>431.1</ele>
        <time>2026-09-23T06:14:10Z</time>
      </trkpt>
      <trkpt lat="46.250542" lon="6.09204">
        <ele>431.1</ele>
        <time>2026-09-23T06:14:11Z</time>
      </trkpt>
      <trkpt lat="46.250513" lon="6.091986">
        <ele>431.1</ele>
        <time>2026-09-23T06:14:12Z</time>
      </trkpt>
      <trkpt lat="46.250486" lon="6.091926">
        <ele>431.1</ele>
        <time>2026-09-23T06:14:13Z</time>
      </trkpt>
      <trkpt lat="46.250459" lon="6.091862">
        <ele>431.0</ele>
        <time>2026-09-23T06:14:14Z</time>
      </trkpt>
      <trkpt lat="46.250431" lon="6.091801">
        <ele>431.0</ele>
        <time>2026-09-23T06:14:15Z</time>
      </trkpt>
      <trkpt lat="46.2504" lon="6.091741">
        <ele>431.0</ele>
        <time>2026-09-23T06:14:16Z</time>
      </trkpt>
      <trkpt lat="46.25037" lon="6.091677">
        <ele>431.0</ele>
        <time>2026-09-23T06:14:17Z</time>
      </trkpt>
      <trkpt lat="46.250341" lon="6.091614">
        <ele>430.9</ele>
        <time>2026-09-23T06:14:18Z</time>
      </trkpt>
      <trkpt lat="46.250312" lon="6.091552">
        <ele>430.9</ele>
        <time>2026-09-23T06:14:19Z</time>
      </trkpt>
      <trkpt lat="46.250281" lon="6.091488">
        <ele>430.9</ele>
        <time>2026-09-23T06:14:20Z</time>
      </trkpt>
      <trkpt lat="46.25025" lon="6.091425">
        <ele>430.8</ele>
        <time>2026-09-23T06:14:21Z</time>
      </trkpt>
      <trkpt lat="46.250219" lon="6.091359">
        <ele>430.8</ele>
        <time>2026-09-23T06:14:22Z</time>
      </trkpt>
      <trkpt lat="46.25019" lon="6.09129">
        <ele>430.8</ele>
        <time>2026-09-23T06:14:23Z</time>
      </trkpt>
      <trkpt lat="46.250163" lon="6.091218">
        <ele>430.7</ele>
        <time>2026-09-23T06:14:24Z</time>
      </trkpt>
      <trkpt lat="46.250133" lon="6.091143">
        <ele>430.7</ele>
        <time>2026-09-23T06:14:25Z</time>
      </trkpt>
      <trkpt lat="46.250103" lon="6.091069">
        <ele>430.6</ele>
        <time>2026-09-23T06:14:26Z</time>
      </trkpt>
      <trkpt lat="46.25007" lon="6.090999">
        <ele>430.6</ele>
        <time>2026-09-23T06:14:27Z</time>
      </trkpt>
      <trkpt lat="46.250038" lon="6.090926">
        <ele>430.5</ele>
        <time>2026-09-23T06:14:28Z</time>
      </trkpt>
      <trkpt lat="46.250015" lon="6.090847">
        <ele>430.5</ele>
        <time>2026-09-23T06:14:29Z</time>
      </trkpt>
      <trkpt lat="46.25" lon="6.090767">
        <ele>430.5</ele>
        <time>2026-09-23T06:14:30Z</time>
      </trkpt>
      <trkpt lat="46.249989" lon="6.090688">
        <ele>430.5</ele>
        <time>2026-09-23T06:14:31Z</time>
      </trkpt>
      <trkpt lat="46.249975" lon="6.090607">
        <ele>430.5</ele>
        <time>2026-09-23T06:14:32Z</time>
      </trkpt>
      <trkpt lat="46.249937" lon="6.090548">
        <ele>430.5</ele>
        <time>2026-09-23T06:14:33Z</time>
      </trkpt>
      <trkpt lat="46.249885" lon="6.090512">
        <ele>430.5</ele>
        <time>2026-09-23T06:14:34Z</time>
      </trkpt>
      <trkpt lat="46.249831" lon="6.090477">
        <ele>430.5</ele>
        <time>2026-09-23T06:14:35Z</time>
      </trkpt>
      <trkpt lat="46.2498" lon="6.090457">
        <ele>430.5</ele>
        <time>2026-09-23T06:14:36Z</time>
      </trkpt>
      <trkpt lat="46.249767" lon="6.090427">
        <ele>430.5</ele>
        <time>2026-09-23T06:14:37Z</time>
      </trkpt>
      <trkpt lat="46.249745" lon="6.090358">
        <ele>430.4</ele>
        <time>2026-09-23T06:14:38Z</time>
      </trkpt>
      <trkpt lat="46.24973" lon="6.090281">
        <ele>430.4</ele>
        <time>2026-09-23T06:14:39Z</time>
      </trkpt>
      <trkpt lat="46.249702" lon="6.090207">
        <ele>430.5</ele>
        <time>2026-09-23T06:14:40Z</time>
      </trkpt>
      <trkpt lat="46.249675" lon="6.090134">
        <ele>430.5</ele>
        <time>2026-09-23T06:14:41Z</time>
      </trkpt>
      <trkpt lat="46.24965" lon="6.090057">
        <ele>430.5</ele>
        <time>2026-09-23T06:14:42Z</time>
      </trkpt>
      <trkpt lat="46.249626" lon="6.089984">
        <ele>430.6</ele>
        <time>2026-09-23T06:14:43Z</time>
      </trkpt>
      <trkpt lat="46.249603" lon="6.089909">
        <ele>430.6</ele>
        <time>2026-09-23T06:14:44Z</time>
      </trkpt>
      <trkpt lat="46.249573" lon="6.089834">
        <ele>430.6</ele>
        <time>2026-09-23T06:14:45Z</time>
      </trkpt>
      <trkpt lat="46.249547" lon="6.089764">
        <ele>430.7</ele>
        <time>2026-09-23T06:14:46Z</time>
      </trkpt>
      <trkpt lat="46.249519" lon="6.089689">
        <ele>430.7</ele>
        <time>2026-09-23T06:14:47Z</time>
      </trkpt>
      <trkpt lat="46.249493" lon="6.089616">
        <ele>430.8</ele>
        <time>2026-09-23T06:14:48Z</time>
      </trkpt>
      <trkpt lat="46.249467" lon="6.089538">
        <ele>430.9</ele>
        <time>2026-09-23T06:14:49Z</time>
      </trkpt>
      <trkpt lat="46.249438" lon="6.089464">
        <ele>430.9</ele>
        <time>2026-09-23T06:14:50Z</time>
      </trkpt>
      <trkpt lat="46.249411" lon="6.08939">
        <ele>431.0</ele>
        <time>2026-09-23T06:14:51Z</time>
      </trkpt>
      <trkpt lat="46.249384" lon="6.089312">
        <ele>431.0</ele>
        <time>2026-09-23T06:14:52Z</time>
      </trkpt>
      <trkpt lat="46.249358" lon="6.089238">
        <ele>431.1</ele>
        <time>2026-09-23T06:14:53Z</time>
      </trkpt>
      <trkpt lat="46.249332" lon="6.089162">
        <ele>431.1</ele>
        <time>2026-09-23T06:14:54Z</time>
      </trkpt>
      <trkpt lat="46.249305" lon="6.089085">
        <ele>431.2</ele>
        <time>2026-09-23T06:14:55Z</time>
      </trkpt>
      <trkpt lat="46.249278" lon="6.089009">
        <ele>431.2</ele>
        <time>2026-09-23T06:14:56Z</time>
      </trkpt>
      <trkpt lat="46.249254" lon="6.088931">
        <ele>431.2</ele>
        <time>2026-09-23T06:14:57Z</time>
      </trkpt>
      <trkpt lat="46.249228" lon="6.08885">
        <ele>431.3</ele>
        <time>2026-09-23T06:14:58Z</time>
      </trkpt>
      <trkpt lat="46.249206" lon="6.08877">
        <ele>431.3</ele>
        <time>2026-09-23T06:14:59Z</time>
      </trkpt>
      <trkpt lat="46.249181" lon="6.088691">
        <ele>431.3</ele>
        <time>2026-09-23T06:15:00Z</time>
      </trkpt>
      <trkpt lat="46.249155" lon="6.088611">
        <ele>431.4</ele>
        <time>2026-09-23T06:15:01Z</time>
      </trkpt>
      <trkpt lat="46.249127" lon="6.088535">
        <ele>431.4</ele>
        <time>2026-09-23T06:15:02Z</time>
      </trkpt>
      <trkpt lat="46.249102" lon="6.088455">
        <ele>431.4</ele>
        <time>2026-09-23T06:15:03Z</time>
      </trkpt>
      <trkpt lat="46.249078" lon="6.088371">
        <ele>431.4</ele>
        <time>2026-09-23T06:15:04Z</time>
      </trkpt>
      <trkpt lat="46.249054" lon="6.088289">
        <ele>431.5</ele>
        <time>2026-09-23T06:15:05Z</time>
      </trkpt>
      <trkpt lat="46.249029" lon="6.088206">
        <ele>431.5</ele>
        <time>2026-09-23T06:15:06Z</time>
      </trkpt>
      <trkpt lat="46.249005" lon="6.088127">
        <ele>431.6</ele>
        <time>2026-09-23T06:15:07Z</time>
      </trkpt>
      <trkpt lat="46.248982" lon="6.088046">
        <ele>431.7</ele>
        <time>2026-09-23T06:15:08Z</time>
      </trkpt>
      <trkpt lat="46.248961" lon="6.087971">
        <ele>431.7</ele>
        <time>2026-09-23T06:15:09Z</time>
      </trkpt>
      <trkpt lat="46.248944" lon="6.087895">
        <ele>431.8</ele>
        <time>2026-09-23T06:15:10Z</time>
      </trkpt>
      <trkpt lat="46.248926" lon="6.087825">
        <ele>431.8</ele>
        <time>2026-09-23T06:15:11Z</time>
      </trkpt>
      <trkpt lat="46.248911" lon="6.087751">
        <ele>431.8</ele>
        <time>2026-09-23T06:15:12Z</time>
      </trkpt>
      <trkpt lat="46.248892" lon="6.087676">
        <ele>431.8</ele>
        <time>2026-09-23T06:15:13Z</time>
      </trkpt>
      <trkpt lat="46.248875" lon="6.087598">
        <ele>431.8</ele>
        <time>2026-09-23T06:15:14Z</time>
      </trkpt>
      <trkpt lat="46.248856" lon="6.08752">
        <ele>431.8</ele>
        <time>2026-09-23T06:15:15Z</time>
      </trkpt>
      <trkpt lat="46.248836" lon="6.08744">
        <ele>431.7</ele>
        <time>2026-09-23T06:15:16Z</time>
      </trkpt>
      <trkpt lat="46.248815" lon="6.08736">
        <ele>431.7</ele>
        <time>2026-09-23T06:15:17Z</time>
      </trkpt>
      <trkpt lat="46.248796" lon="6.08728">
        <ele>431.7</ele>
        <time>2026-09-23T06:15:18Z</time>
      </trkpt>
      <trkpt lat="46.248777" lon="6.087201">
        <ele>431.6</ele>
        <time>2026-09-23T06:15:19Z</time>
      </trkpt>
      <trkpt lat="46.248757" lon="6.087121">
        <ele>431.6</ele>
        <time>2026-09-23T06:15:20Z</time>
      </trkpt>
      <trkpt lat="46.248739" lon="6.08704">
        <ele>431.5</ele>
        <time>2026-09-23T06:15:21Z</time>
      </trkpt>
      <trkpt lat="46.248721" lon="6.086957">
        <ele>431.4</ele>
        <time>2026-09-23T06:15:22Z</time>
      </trkpt>
      <trkpt lat="46.248703" lon="6.086871">
        <ele>431.3</ele>
        <time>2026-09-23T06:15:23Z</time>
      </trkpt>
      <trkpt lat="46.248686" lon="6.086787">
        <ele>431.2</ele>
        <time>2026-09-23T06:15:24Z</time>
      </trkpt>
      <trkpt lat="46.248672" lon="6.086704">
        <ele>431.1</ele>
        <time>2026-09-23T06:15:25Z</time>
      </trkpt>
      <trkpt lat="46.248667" lon="6.086612">
        <ele>430.9</ele>
        <time>2026-09-23T06:15:26Z</time>
      </trkpt>
      <trkpt lat="46.24867" lon="6.08652">
        <ele>430.7</ele>
        <time>2026-09-23T06:15:27Z</time>
      </trkpt>
      <trkpt lat="46.248661" lon="6.08643">
        <ele>430.5</ele>
        <time>2026-09-23T06:15:28Z</time>
      </trkpt>
      <trkpt lat="46.248635" lon="6.08634">
        <ele>430.5</ele>
        <time>2026-09-23T06:15:29Z</time>
      </trkpt>
      <trkpt lat="46.248591" lon="6.086259">
        <ele>430.6</ele>
        <time>2026-09-23T06:15:30Z</time>
      </trkpt>
      <trkpt lat="46.24855" lon="6.086191">
        <ele>430.6</ele>
        <time>2026-09-23T06:15:31Z</time>
      </trkpt>
      <trkpt lat="46.248524" lon="6.086104">
        <ele>430.6</ele>
        <time>2026-09-23T06:15:32Z</time>
      </trkpt>
      <trkpt lat="46.248508" lon="6.086014">
        <ele>430.6</ele>
        <time>2026-09-23T06:15:33Z</time>
      </trkpt>
      <trkpt lat="46.248488" lon="6.085928">
        <ele>430.6</ele>
        <time>2026-09-23T06:15:34Z</time>
      </trkpt>
      <trkpt lat="46.248463" lon="6.085842">
        <ele>430.5</ele>
        <time>2026-09-23T06:15:35Z</time>
      </trkpt>
      <trkpt lat="46.248436" lon="6.085757">
        <ele>430.5</ele>
        <time>2026-09-23T06:15:36Z</time>
      </trkpt>
      <trkpt lat="46.24841" lon="6.085673">
        <ele>430.4</ele>
        <time>2026-09-23T06:15:37Z</time>
      </trkpt>
      <trkpt lat="46.248383" lon="6.085588">
        <ele>430.3</ele>
        <time>2026-09-23T06:15:38Z</time>
      </trkpt>
      <trkpt lat="46.248354" lon="6.085502">
        <ele>430.1</ele>
        <time>2026-09-23T06:15:39Z</time>
      </trkpt>
      <trkpt lat="46.248324" lon="6.085415">
        <ele>430.0</ele>
        <time>2026-09-23T06:15:40Z</time>
      </trkpt>
      <trkpt lat="46.248291" lon="6.085328">
        <ele>429.9</ele>
        <time>2026-09-23T06:15:41Z</time>
      </trkpt>
      <trkpt lat="46.248257" lon="6.085239">
        <ele>429.7</ele>
        <time>2026-09-23T06:15:42Z</time>
      </trkpt>
      <trkpt lat="46.248222" lon="6.085154">
        <ele>429.6</ele>
        <time>2026-09-23T06:15:43Z</time>
      </trkpt>
      <trkpt lat="46.248186" lon="6.085067">
        <ele>429.5</ele>
        <time>2026-09-23T06:15:44Z</time>
      </trkpt>
      <trkpt lat="46.248149" lon="6.084981">
        <ele>429.3</ele>
        <time>2026-09-23T06:15:45Z</time>
      </trkpt>
      <trkpt lat="46.24811" lon="6.084895">
        <ele>429.2</ele>
        <time>2026-09-23T06:15:46Z</time>
      </trkpt>
      <trkpt lat="46.248067" lon="6.084814">
        <ele>429.1</ele>
        <time>2026-09-23T06:15:47Z</time>
      </trkpt>
      <trkpt lat="46.248025" lon="6.084734">
        <ele>429.0</ele>
        <time>2026-09-23T06:15:48Z</time>
      </trkpt>
      <trkpt lat="46.247979" lon="6.084654">
        <ele>428.9</ele>
        <time>2026-09-23T06:15:49Z</time>
      </trkpt>
      <trkpt lat="46.247931" lon="6.084577">
        <ele>428.7</ele>
        <time>2026-09-23T06:15:50Z</time>
      </trkpt>
      <trkpt lat="46.247878" lon="6.084506">
        <ele>428.6</ele>
        <time>2026-09-23T06:15:51Z</time>
      </trkpt>
      <trkpt lat="46.247821" lon="6.084444">
        <ele>428.5</ele>
        <time>2026-09-23T06:15:52Z</time>
      </trkpt>
      <trkpt lat="46.247758" lon="6.08439">
        <ele>428.4</ele>
        <time>2026-09-23T06:15:53Z</time>
      </trkpt>
      <trkpt lat="46.2477" lon="6.084335">
        <ele>428.3</ele>
        <time>2026-09-23T06:15:54Z</time>
      </trkpt>
      <trkpt lat="46.247641" lon="6.08428">
        <ele>428.1</ele>
        <time>2026-09-23T06:15:55Z</time>
      </trkpt>
      <trkpt lat="46.247579" lon="6.084232">
        <ele>427.9</ele>
        <time>2026-09-23T06:15:56Z</time>
      </trkpt>
      <trkpt lat="46.247516" lon="6.084187">
        <ele>427.7</ele>
        <time>2026-09-23T06:15:57Z</time>
      </trkpt>
      <trkpt lat="46.247451" lon="6.084162">
        <ele>427.7</ele>
        <time>2026-09-23T06:15:58Z</time>
      </trkpt>
      <trkpt lat="46.247382" lon="6.084158">
        <ele>427.6</ele>
        <time>2026-09-23T06:15:59Z</time>
      </trkpt>
      <trkpt lat="46.247315" lon="6.084174">
        <ele>427.6</ele>
        <time>2026-09-23T06:16:00Z</time>
      </trkpt>
      <trkpt lat="46.24726" lon="6.084175">
        <ele>427.6</ele>
        <time>2026-09-23T06:16:01Z</time>
      </trkpt>
      <trkpt lat="46.247213" lon="6.084121">
        <ele>427.5</ele>
        <time>2026-09-23T06:16:02Z</time>
      </trkpt>
      <trkpt lat="46.247177" lon="6.084032">
        <ele>427.5</ele>
        <time>2026-09-23T06:16:03Z</time>
      </trkpt>
      <trkpt lat="46.247157" lon="6.083939">
        <ele>427.4</ele>
        <time>2026-09-23T06:16:04Z</time>
      </trkpt>
      <trkpt lat="46.247137" lon="6.083848">
        <ele>427.4</ele>
        <time>2026-09-23T06:16:05Z</time>
      </trkpt>
      <trkpt lat="46.247111" lon="6.083765">
        <ele>427.4</ele>
        <time>2026-09-23T06:16:06Z</time>
      </trkpt>
      <trkpt lat="46.247084" lon="6.08368">
        <ele>427.4</ele>
        <time>2026-09-23T06:16:07Z</time>
      </trkpt>
      <trkpt lat="46.247055" lon="6.083596">
        <ele>427.4</ele>
        <time>2026-09-23T06:16:08Z</time>
      </trkpt>
      <trkpt lat="46.247027" lon="6.083515">
        <ele>427.5</ele>
        <time>2026-09-23T06:16:09Z</time>
      </trkpt>
      <trkpt lat="46.246998" lon="6.083434">
        <ele>427.5</ele>
        <time>2026-09-23T06:16:10Z</time>
      </trkpt>
      <trkpt lat="46.246969" lon="6.083355">
        <ele>427.5</ele>
        <time>2026-09-23T06:16:11Z</time>
      </trkpt>
      <trkpt lat="46.246941" lon="6.083277">
        <ele>427.5</ele>
        <time>2026-09-23T06:16:12Z</time>
      </trkpt>
      <trkpt lat="46.246915" lon="6.083198">
        <ele>427.5</ele>
        <time>2026-09-23T06:16:13Z</time>
      </trkpt>
      <trkpt lat="46.246888" lon="6.08312">
        <ele>427.5</ele>
        <time>2026-09-23T06:16:14Z</time>
      </trkpt>
      <trkpt lat="46.246861" lon="6.083042">
        <ele>427.6</ele>
        <time>2026-09-23T06:16:15Z</time>
      </trkpt>
      <trkpt lat="46.246833" lon="6.082965">
        <ele>427.6</ele>
        <time>2026-09-23T06:16:16Z</time>
      </trkpt>
      <trkpt lat="46.246807" lon="6.082888">
        <ele>427.6</ele>
        <time>2026-09-23T06:16:17Z</time>
      </trkpt>
      <trkpt lat="46.246782" lon="6.082815">
        <ele>427.7</ele>
        <time>2026-09-23T06:16:18Z</time>
      </trkpt>
      <trkpt lat="46.246757" lon="6.082745">
        <ele>427.7</ele>
        <time>2026-09-23T06:16:19Z</time>
      </trkpt>
      <trkpt lat="46.246724" lon="6.082662">
        <ele>427.7</ele>
        <time>2026-09-23T06:16:20Z</time>
      </trkpt>
      <trkpt lat="46.246685" lon="6.082599">
        <ele>427.7</ele>
        <time>2026-09-23T06:16:21Z</time>
      </trkpt>
      <trkpt lat="46.246647" lon="6.082541">
        <ele>427.8</ele>
        <time>2026-09-23T06:16:22Z</time>
      </trkpt>
      <trkpt lat="46.246603" lon="6.082485">
        <ele>427.8</ele>
        <time>2026-09-23T06:16:23Z</time>
      </trkpt>
      <trkpt lat="46.246565" lon="6.082418">
        <ele>427.8</ele>
        <time>2026-09-23T06:16:24Z</time>
      </trkpt>
      <trkpt lat="46.246528" lon="6.082349">
        <ele>427.9</ele>
        <time>2026-09-23T06:16:25Z</time>
      </trkpt>
      <trkpt lat="46.246496" lon="6.08228">
        <ele>427.9</ele>
        <time>2026-09-23T06:16:26Z</time>
      </trkpt>
      <trkpt lat="46.246463" lon="6.08221">
        <ele>427.9</ele>
        <time>2026-09-23T06:16:27Z</time>
      </trkpt>
      <trkpt lat="46.246431" lon="6.082142">
        <ele>427.9</ele>
        <time>2026-09-23T06:16:28Z</time>
      </trkpt>
      <trkpt lat="46.246401" lon="6.082072">
        <ele>428.0</ele>
        <time>2026-09-23T06:16:29Z</time>
      </trkpt>
      <trkpt lat="46.246371" lon="6.082002">
        <ele>428.0</ele>
        <time>2026-09-23T06:16:30Z</time>
      </trkpt>
      <trkpt lat="46.246341" lon="6.081933">
        <ele>428.1</ele>
        <time>2026-09-23T06:16:31Z</time>
      </trkpt>
      <trkpt lat="46.246312" lon="6.081869">
        <ele>428.1</ele>
        <time>2026-09-23T06:16:32Z</time>
      </trkpt>
      <trkpt lat="46.24628" lon="6.081807">
        <ele>428.2</ele>
        <time>2026-09-23T06:16:33Z</time>
      </trkpt>
      <trkpt lat="46.246239" lon="6.081759">
        <ele>428.2</ele>
        <time>2026-09-23T06:16:34Z</time>
      </trkpt>
      <trkpt lat="46.246192" lon="6.081727">
        <ele>428.2</ele>
        <time>2026-09-23T06:16:35Z</time>
      </trkpt>
      <trkpt lat="46.24614" lon="6.081714">
        <ele>428.1</ele>
        <time>2026-09-23T06:16:36Z</time>
      </trkpt>
      <trkpt lat="46.246087" lon="6.081721">
        <ele>428.1</ele>
        <time>2026-09-23T06:16:37Z</time>
      </trkpt>
      <trkpt lat="46.246037" lon="6.081749">
        <ele>428.1</ele>
        <time>2026-09-23T06:16:38Z</time>
      </trkpt>
      <trkpt lat="46.245995" lon="6.081792">
        <ele>428.1</ele>
        <time>2026-09-23T06:16:39Z</time>
      </trkpt>
      <trkpt lat="46.245948" lon="6.081814">
        <ele>428.1</ele>
        <time>2026-09-23T06:16:40Z</time>
      </trkpt>
      <trkpt lat="46.245901" lon="6.081835">
        <ele>428.0</ele>
        <time>2026-09-23T06:16:41Z</time>
      </trkpt>
      <trkpt lat="46.245864" lon="6.081852">
        <ele>427.8</ele>
        <time>2026-09-23T06:16:42Z</time>
      </trkpt>
      <trkpt lat="46.245824" lon="6.081873">
        <ele>427.7</ele>
        <time>2026-09-23T06:16:43Z</time>
      </trkpt>
      <trkpt lat="46.245783" lon="6.081869">
        <ele>427.5</ele>
        <time>2026-09-23T06:16:44Z</time>
      </trkpt>
      <trkpt lat="46.245752" lon="6.081838">
        <ele>427.4</ele>
        <time>2026-09-23T06:16:45Z</time>
      </trkpt>
      <trkpt lat="46.245706" lon="6.081796">
        <ele>427.2</ele>
        <time>2026-09-23T06:16:46Z</time>
      </trkpt>
      <trkpt lat="46.245691" lon="6.08174">
        <ele>427.2</ele>
        <time>2026-09-23T06:16:47Z</time>
      </trkpt>
      <trkpt lat="46.245676" lon="6.081689">
        <ele>427.1</ele>
        <time>2026-09-23T06:16:48Z</time>
      </trkpt>
      <trkpt lat="46.245667" lon="6.081634">
        <ele>427.1</ele>
        <time>2026-09-23T06:16:49Z</time>
      </trkpt>
      <trkpt lat="46.245647" lon="6.081573">
        <ele>427.0</ele>
        <time>2026-09-23T06:16:50Z</time>
      </trkpt>
      <trkpt lat="46.245633" lon="6.081508">
        <ele>427.0</ele>
        <time>2026-09-23T06:16:51Z</time>
      </trkpt>
      <trkpt lat="46.245619" lon="6.081429">
        <ele>426.9</ele>
        <time>2026-09-23T06:16:52Z</time>
      </trkpt>
      <trkpt lat="46.245594" lon="6.081365">
        <ele>426.9</ele>
        <time>2026-09-23T06:16:53Z</time>
      </trkpt>
      <trkpt lat="46.245586" lon="6.081286">
        <ele>426.9</ele>
        <time>2026-09-23T06:16:54Z</time>
      </trkpt>
      <trkpt lat="46.245591" lon="6.081205">
        <ele>426.9</ele>
        <time>2026-09-23T06:16:55Z</time>
      </trkpt>
      <trkpt lat="46.245588" lon="6.081112">
        <ele>426.8</ele>
        <time>2026-09-23T06:16:56Z</time>
      </trkpt>
      <trkpt lat="46.245575" lon="6.081023">
        <ele>426.8</ele>
        <time>2026-09-23T06:16:57Z</time>
      </trkpt>
      <trkpt lat="46.245564" lon="6.080931">
        <ele>426.8</ele>
        <time>2026-09-23T06:16:58Z</time>
      </trkpt>
      <trkpt lat="46.245553" lon="6.080842">
        <ele>426.7</ele>
        <time>2026-09-23T06:16:59Z</time>
      </trkpt>
      <trkpt lat="46.24554" lon="6.080753">
        <ele>426.7</ele>
        <time>2026-09-23T06:17:00Z</time>
      </trkpt>
      <trkpt lat="46.245535" lon="6.080663">
        <ele>426.7</ele>
        <time>2026-09-23T06:17:01Z</time>
      </trkpt>
      <trkpt lat="46.245537" lon="6.080573">
        <ele>426.7</ele>
        <time>2026-09-23T06:17:02Z</time>
      </trkpt>
      <trkpt lat="46.245529" lon="6.080478">
        <ele>426.7</ele>
        <time>2026-09-23T06:17:03Z</time>
      </trkpt>
      <trkpt lat="46.245519" lon="6.080387">
        <ele>426.7</ele>
        <time>2026-09-23T06:17:04Z</time>
      </trkpt>
      <trkpt lat="46.245507" lon="6.080294">
        <ele>426.8</ele>
        <time>2026-09-23T06:17:05Z</time>
      </trkpt>
      <trkpt lat="46.245495" lon="6.080212">
        <ele>426.8</ele>
        <time>2026-09-23T06:17:06Z</time>
      </trkpt>
      <trkpt lat="46.245479" lon="6.080127">
        <ele>426.8</ele>
        <time>2026-09-23T06:17:07Z</time>
      </trkpt>
      <trkpt lat="46.245461" lon="6.08004">
        <ele>426.8</ele>
        <time>2026-09-23T06:17:08Z</time>
      </trkpt>
      <trkpt lat="46.24544" lon="6.079968">
        <ele>426.8</ele>
        <time>2026-09-23T06:17:09Z</time>
      </trkpt>
      <trkpt lat="46.245419" lon="6.079892">
        <ele>426.8</ele>
        <time>2026-09-23T06:17:10Z</time>
      </trkpt>
      <trkpt lat="46.245395" lon="6.079818">
        <ele>426.8</ele>
        <time>2026-09-23T06:17:11Z</time>
      </trkpt>
      <trkpt lat="46.24537" lon="6.079743">
        <ele>426.8</ele>
        <time>2026-09-23T06:17:12Z</time>
      </trkpt>
      <trkpt lat="46.245349" lon="6.079654">
        <ele>426.8</ele>
        <time>2026-09-23T06:17:13Z</time>
      </trkpt>
      <trkpt lat="46.245331" lon="6.079582">
        <ele>426.8</ele>
        <time>2026-09-23T06:17:14Z</time>
      </trkpt>
      <trkpt lat="46.245302" lon="6.079522">
        <ele>426.8</ele>
        <time>2026-09-23T06:17:15Z</time>
      </trkpt>
      <trkpt lat="46.245265" lon="6.079458">
        <ele>426.7</ele>
        <time>2026-09-23T06:17:16Z</time>
      </trkpt>
      <trkpt lat="46.245213" lon="6.079397">
        <ele>426.7</ele>
        <time>2026-09-23T06:17:17Z</time>
      </trkpt>
      <trkpt lat="46.245172" lon="6.079332">
        <ele>426.7</ele>
        <time>2026-09-23T06:17:18Z</time>
      </trkpt>
      <trkpt lat="46.245138" lon="6.079259">
        <ele>426.7</ele>
        <time>2026-09-23T06:17:19Z</time>
      </trkpt>
      <trkpt lat="46.245092" lon="6.079183">
        <ele>426.7</ele>
        <time>2026-09-23T06:17:20Z</time>
      </trkpt>
      <trkpt lat="46.245049" lon="6.079115">
        <ele>426.6</ele>
        <time>2026-09-23T06:17:21Z</time>
      </trkpt>
      <trkpt lat="46.245012" lon="6.079058">
        <ele>426.6</ele>
        <time>2026-09-23T06:17:22Z</time>
      </trkpt>
      <trkpt lat="46.244973" lon="6.079009">
        <ele>426.6</ele>
        <time>2026-09-23T06:17:23Z</time>
      </trkpt>
      <trkpt lat="46.24493" lon="6.078931">
        <ele>426.6</ele>
        <time>2026-09-23T06:17:24Z</time>
      </trkpt>
      <trkpt lat="46.244888" lon="6.078864">
        <ele>426.7</ele>
        <time>2026-09-23T06:17:25Z</time>
      </trkpt>
      <trkpt lat="46.244849" lon="6.078786">
        <ele>426.7</ele>
        <time>2026-09-23T06:17:26Z</time>
      </trkpt>
      <trkpt lat="46.244807" lon="6.078725">
        <ele>426.8</ele>
        <time>2026-09-23T06:17:27Z</time>
      </trkpt>
      <trkpt lat="46.244758" lon="6.078679">
        <ele>426.8</ele>
        <time>2026-09-23T06:17:28Z</time>
      </trkpt>
      <trkpt lat="46.244711" lon="6.07863">
        <ele>426.8</ele>
        <time>2026-09-23T06:17:29Z</time>
      </trkpt>
      <trkpt lat="46.24466" lon="6.078583">
        <ele>426.8</ele>
        <time>2026-09-23T06:17:30Z</time>
      </trkpt>
      <trkpt lat="46.244611" lon="6.078523">
        <ele>426.8</ele>
        <time>2026-09-23T06:17:31Z</time>
      </trkpt>
      <trkpt lat="46.24457" lon="6.078467">
        <ele>426.8</ele>
        <time>2026-09-23T06:17:32Z</time>
      </trkpt>
      <trkpt lat="46.244522" lon="6.078413">
        <ele>426.9</ele>
        <time>2026-09-23T06:17:33Z</time>
      </trkpt>
      <trkpt lat="46.244479" lon="6.078358">
        <ele>426.9</ele>
        <time>2026-09-23T06:17:34Z</time>
      </trkpt>
      <trkpt lat="46.244437" lon="6.078305">
        <ele>426.9</ele>
        <time>2026-09-23T06:17:35Z</time>
      </trkpt>
      <trkpt lat="46.244398" lon="6.078241">
        <ele>426.9</ele>
        <time>2026-09-23T06:17:36Z</time>
      </trkpt>
      <trkpt lat="46.244363" lon="6.078183">
        <ele>426.9</ele>
        <time>2026-09-23T06:17:37Z</time>
      </trkpt>
      <trkpt lat="46.244325" lon="6.078114">
        <ele>426.9</ele>
        <time>2026-09-23T06:17:38Z</time>
      </trkpt>
      <trkpt lat="46.244285" lon="6.078058">
        <ele>426.9</ele>
        <time>2026-09-23T06:17:39Z</time>
      </trkpt>
      <trkpt lat="46.24425" lon="6.077998">
        <ele>426.9</ele>
        <time>2026-09-23T06:17:40Z</time>
      </trkpt>
      <trkpt lat="46.244218" lon="6.077932">
        <ele>426.9</ele>
        <time>2026-09-23T06:17:41Z</time>
      </trkpt>
      <trkpt lat="46.244183" lon="6.077865">
        <ele>426.8</ele>
        <time>2026-09-23T06:17:42Z</time>
      </trkpt>
      <trkpt lat="46.244147" lon="6.0778">
        <ele>426.8</ele>
        <time>2026-09-23T06:17:43Z</time>
      </trkpt>
      <trkpt lat="46.244108" lon="6.077732">
        <ele>426.7</ele>
        <time>2026-09-23T06:17:44Z</time>
      </trkpt>
      <trkpt lat="46.244066" lon="6.077669">
        <ele>426.7</ele>
        <time>2026-09-23T06:17:45Z</time>
      </trkpt>
      <trkpt lat="46.24402" lon="6.077612">
        <ele>426.7</ele>
        <time>2026-09-23T06:17:46Z</time>
      </trkpt>
      <trkpt lat="46.243973" lon="6.077547">
        <ele>426.6</ele>
        <time>2026-09-23T06:17:47Z</time>
      </trkpt>
      <trkpt lat="46.243935" lon="6.077482">
        <ele>426.6</ele>
        <time>2026-09-23T06:17:48Z</time>
      </trkpt>
      <trkpt lat="46.243899" lon="6.07742">
        <ele>426.6</ele>
        <time>2026-09-23T06:17:49Z</time>
      </trkpt>
      <trkpt lat="46.243859" lon="6.077348">
        <ele>426.6</ele>
        <time>2026-09-23T06:17:50Z</time>
      </trkpt>
      <trkpt lat="46.243822" lon="6.077279">
        <ele>426.6</ele>
        <time>2026-09-23T06:17:51Z</time>
      </trkpt>
      <trkpt lat="46.24378" lon="6.077216">
        <ele>426.6</ele>
        <time>2026-09-23T06:17:52Z</time>
      </trkpt>
      <trkpt lat="46.24374" lon="6.077158">
        <ele>426.6</ele>
        <time>2026-09-23T06:17:53Z</time>
      </trkpt>
      <trkpt lat="46.243701" lon="6.077092">
        <ele>426.6</ele>
        <time>2026-09-23T06:17:54Z</time>
      </trkpt>
      <trkpt lat="46.243659" lon="6.077027">
        <ele>426.6</ele>
        <time>2026-09-23T06:17:55Z</time>
      </trkpt>
      <trkpt lat="46.243614" lon="6.07696">
        <ele>426.7</ele>
        <time>2026-09-23T06:17:56Z</time>
      </trkpt>
      <trkpt lat="46.243574" lon="6.076899">
        <ele>426.7</ele>
        <time>2026-09-23T06:17:57Z</time>
      </trkpt>
      <trkpt lat="46.243533" lon="6.076834">
        <ele>426.7</ele>
        <time>2026-09-23T06:17:58Z</time>
      </trkpt>
      <trkpt lat="46.243491" lon="6.076768">
        <ele>426.7</ele>
        <time>2026-09-23T06:17:59Z</time>
      </trkpt>
      <trkpt lat="46.243449" lon="6.076705">
        <ele>426.7</ele>
        <time>2026-09-23T06:18:00Z</time>
      </trkpt>
      <trkpt lat="46.243408" lon="6.076638">
        <ele>426.8</ele>
        <time>2026-09-23T06:18:01Z</time>
      </trkpt>
      <trkpt lat="46.243366" lon="6.07658">
        <ele>426.8</ele>
        <time>2026-09-23T06:18:02Z</time>
      </trkpt>
      <trkpt lat="46.243325" lon="6.076517">
        <ele>426.8</ele>
        <time>2026-09-23T06:18:03Z</time>
      </trkpt>
      <trkpt lat="46.243289" lon="6.076455">
        <ele>426.8</ele>
        <time>2026-09-23T06:18:04Z</time>
      </trkpt>
      <trkpt lat="46.243245" lon="6.07639">
        <ele>426.8</ele>
        <time>2026-09-23T06:18:05Z</time>
      </trkpt>
      <trkpt lat="46.243202" lon="6.076329">
        <ele>426.8</ele>
        <time>2026-09-23T06:18:06Z</time>
      </trkpt>
      <trkpt lat="46.243165" lon="6.07627">
        <ele>426.8</ele>
        <time>2026-09-23T06:18:07Z</time>
      </trkpt>
      <trkpt lat="46.243123" lon="6.076209">
        <ele>426.8</ele>
        <time>2026-09-23T06:18:08Z</time>
      </trkpt>
      <trkpt lat="46.243083" lon="6.076149">
        <ele>426.8</ele>
        <time>2026-09-23T06:18:09Z</time>
      </trkpt>
      <trkpt lat="46.243042" lon="6.07609">
        <ele>426.8</ele>
        <time>2026-09-23T06:18:10Z</time>
      </trkpt>
      <trkpt lat="46.243" lon="6.076029">
        <ele>426.8</ele>
        <time>2026-09-23T06:18:11Z</time>
      </trkpt>
      <trkpt lat="46.242965" lon="6.075969">
        <ele>426.8</ele>
        <time>2026-09-23T06:18:12Z</time>
      </trkpt>
      <trkpt lat="46.242924" lon="6.075902">
        <ele>426.7</ele>
        <time>2026-09-23T06:18:13Z</time>
      </trkpt>
      <trkpt lat="46.242879" lon="6.075844">
        <ele>426.7</ele>
        <time>2026-09-23T06:18:14Z</time>
      </trkpt>
      <trkpt lat="46.242833" lon="6.075786">
        <ele>426.7</ele>
        <time>2026-09-23T06:18:15Z</time>
      </trkpt>
      <trkpt lat="46.242793" lon="6.075729">
        <ele>426.8</ele>
        <time>2026-09-23T06:18:16Z</time>
      </trkpt>
      <trkpt lat="46.242748" lon="6.075665">
        <ele>426.8</ele>
        <time>2026-09-23T06:18:17Z</time>
      </trkpt>
      <trkpt lat="46.242706" lon="6.075605">
        <ele>426.8</ele>
        <time>2026-09-23T06:18:18Z</time>
      </trkpt>
      <trkpt lat="46.242665" lon="6.075543">
        <ele>426.9</ele>
        <time>2026-09-23T06:18:19Z</time>
      </trkpt>
      <trkpt lat="46.242627" lon="6.075483">
        <ele>426.9</ele>
        <time>2026-09-23T06:18:20Z</time>
      </trkpt>
      <trkpt lat="46.242584" lon="6.075428">
        <ele>427.0</ele>
        <time>2026-09-23T06:18:21Z</time>
      </trkpt>
      <trkpt lat="46.242545" lon="6.07537">
        <ele>427.0</ele>
        <time>2026-09-23T06:18:22Z</time>
      </trkpt>
      <trkpt lat="46.24251" lon="6.07531">
        <ele>427.0</ele>
        <time>2026-09-23T06:18:23Z</time>
      </trkpt>
      <trkpt lat="46.242472" lon="6.075249">
        <ele>427.1</ele>
        <time>2026-09-23T06:18:24Z</time>
      </trkpt>
      <trkpt lat="46.242436" lon="6.075191">
        <ele>427.1</ele>
        <time>2026-09-23T06:18:25Z</time>
      </trkpt>
      <trkpt lat="46.242397" lon="6.075136">
        <ele>427.1</ele>
        <time>2026-09-23T06:18:26Z</time>
      </trkpt>
      <trkpt lat="46.242362" lon="6.075073">
        <ele>427.0</ele>
        <time>2026-09-23T06:18:27Z</time>
      </trkpt>
      <trkpt lat="46.24235" lon="6.074994">
        <ele>427.0</ele>
        <time>2026-09-23T06:18:28Z</time>
      </trkpt>
      <trkpt lat="46.242359" lon="6.074909">
        <ele>426.9</ele>
        <time>2026-09-23T06:18:29Z</time>
      </trkpt>
      <trkpt lat="46.242394" lon="6.074842">
        <ele>426.9</ele>
        <time>2026-09-23T06:18:30Z</time>
      </trkpt>
      <trkpt lat="46.242439" lon="6.074787">
        <ele>426.9</ele>
        <time>2026-09-23T06:18:31Z</time>
      </trkpt>
      <trkpt lat="46.242485" lon="6.07474">
        <ele>426.8</ele>
        <time>2026-09-23T06:18:32Z</time>
      </trkpt>
      <trkpt lat="46.242527" lon="6.074687">
        <ele>426.8</ele>
        <time>2026-09-23T06:18:33Z</time>
      </trkpt>
      <trkpt lat="46.242564" lon="6.074635">
        <ele>426.8</ele>
        <time>2026-09-23T06:18:34Z</time>
      </trkpt>
      <trkpt lat="46.242606" lon="6.074575">
        <ele>426.7</ele>
        <time>2026-09-23T06:18:35Z</time>
      </trkpt>
      <trkpt lat="46.242647" lon="6.074524">
        <ele>426.6</ele>
        <time>2026-09-23T06:18:36Z</time>
      </trkpt>
      <trkpt lat="46.242688" lon="6.07447">
        <ele>426.6</ele>
        <time>2026-09-23T06:18:37Z</time>
      </trkpt>
      <trkpt lat="46.242718" lon="6.074402">
        <ele>426.5</ele>
        <time>2026-09-23T06:18:38Z</time>
      </trkpt>
      <trkpt lat="46.242723" lon="6.074319">
        <ele>426.4</ele>
        <time>2026-09-23T06:18:39Z</time>
      </trkpt>
      <trkpt lat="46.242696" lon="6.074242">
        <ele>426.3</ele>
        <time>2026-09-23T06:18:40Z</time>
      </trkpt>
      <trkpt lat="46.242655" lon="6.074188">
        <ele>426.2</ele>
        <time>2026-09-23T06:18:41Z</time>
      </trkpt>
      <trkpt lat="46.242607" lon="6.074151">
        <ele>426.2</ele>
        <time>2026-09-23T06:18:42Z</time>
      </trkpt>
      <trkpt lat="46.242559" lon="6.074107">
        <ele>426.1</ele>
        <time>2026-09-23T06:18:43Z</time>
      </trkpt>
      <trkpt lat="46.242518" lon="6.074052">
        <ele>426.1</ele>
        <time>2026-09-23T06:18:44Z</time>
      </trkpt>
      <trkpt lat="46.242475" lon="6.074005">
        <ele>426.1</ele>
        <time>2026-09-23T06:18:45Z</time>
      </trkpt>
      <trkpt lat="46.242433" lon="6.073956">
        <ele>426.0</ele>
        <time>2026-09-23T06:18:46Z</time>
      </trkpt>
      <trkpt lat="46.24239" lon="6.073906">
        <ele>426.0</ele>
        <time>2026-09-23T06:18:47Z</time>
      </trkpt>
      <trkpt lat="46.242344" lon="6.073859">
        <ele>426.0</ele>
        <time>2026-09-23T06:18:48Z</time>
      </trkpt>
      <trkpt lat="46.242298" lon="6.073813">
        <ele>426.0</ele>
        <time>2026-09-23T06:18:49Z</time>
      </trkpt>
      <trkpt lat="46.242249" lon="6.073768">
        <ele>426.0</ele>
        <time>2026-09-23T06:18:50Z</time>
      </trkpt>
      <trkpt lat="46.242205" lon="6.073729">
        <ele>425.9</ele>
        <time>2026-09-23T06:18:51Z</time>
      </trkpt>
      <trkpt lat="46.242157" lon="6.07369">
        <ele>425.9</ele>
        <time>2026-09-23T06:18:52Z</time>
      </trkpt>
      <trkpt lat="46.242111" lon="6.073652">
        <ele>425.9</ele>
        <time>2026-09-23T06:18:53Z</time>
      </trkpt>
      <trkpt lat="46.242061" lon="6.07361">
        <ele>425.9</ele>
        <time>2026-09-23T06:18:54Z</time>
      </trkpt>
      <trkpt lat="46.242016" lon="6.07357">
        <ele>425.8</ele>
        <time>2026-09-23T06:18:55Z</time>
      </trkpt>
      <trkpt lat="46.241964" lon="6.073534">
        <ele>425.8</ele>
        <time>2026-09-23T06:18:56Z</time>
      </trkpt>
      <trkpt lat="46.241915" lon="6.073497">
        <ele>425.8</ele>
        <time>2026-09-23T06:18:57Z</time>
      </trkpt>
      <trkpt lat="46.241866" lon="6.073458">
        <ele>425.7</ele>
        <time>2026-09-23T06:18:58Z</time>
      </trkpt>
      <trkpt lat="46.241817" lon="6.073418">
        <ele>425.7</ele>
        <time>2026-09-23T06:18:59Z</time>
      </trkpt>
      <trkpt lat="46.241767" lon="6.073383">
        <ele>425.7</ele>
        <time>2026-09-23T06:19:00Z</time>
      </trkpt>
      <trkpt lat="46.241716" lon="6.073344">
        <ele>425.7</ele>
        <time>2026-09-23T06:19:01Z</time>
      </trkpt>
      <trkpt lat="46.241667" lon="6.07331">
        <ele>425.7</ele>
        <time>2026-09-23T06:19:02Z</time>
      </trkpt>
      <trkpt lat="46.241618" lon="6.073281">
        <ele>425.7</ele>
        <time>2026-09-23T06:19:03Z</time>
      </trkpt>
      <trkpt lat="46.241567" lon="6.073238">
        <ele>425.6</ele>
        <time>2026-09-23T06:19:04Z</time>
      </trkpt>
      <trkpt lat="46.241524" lon="6.073195">
        <ele>425.6</ele>
        <time>2026-09-23T06:19:05Z</time>
      </trkpt>
      <trkpt lat="46.241476" lon="6.07316">
        <ele>425.6</ele>
        <time>2026-09-23T06:19:06Z</time>
      </trkpt>
      <trkpt lat="46.241427" lon="6.073129">
        <ele>425.6</ele>
        <time>2026-09-23T06:19:07Z</time>
      </trkpt>
      <trkpt lat="46.241381" lon="6.073093">
        <ele>425.6</ele>
        <time>2026-09-23T06:19:08Z</time>
      </trkpt>
      <trkpt lat="46.241333" lon="6.073053">
        <ele>425.6</ele>
        <time>2026-09-23T06:19:09Z</time>
      </trkpt>
      <trkpt lat="46.24128" lon="6.073025">
        <ele>425.6</ele>
        <time>2026-09-23T06:19:10Z</time>
      </trkpt>
      <trkpt lat="46.24123" lon="6.073023">
        <ele>425.6</ele>
        <time>2026-09-23T06:19:11Z</time>
      </trkpt>
      <trkpt lat="46.241176" lon="6.073047">
        <ele>425.6</ele>
        <time>2026-09-23T06:19:12Z</time>
      </trkpt>
      <trkpt lat="46.24112" lon="6.073061">
        <ele>425.6</ele>
        <time>2026-09-23T06:19:13Z</time>
      </trkpt>
      <trkpt lat="46.241077" lon="6.073039">
        <ele>425.7</ele>
        <time>2026-09-23T06:19:14Z</time>
      </trkpt>
      <trkpt lat="46.241041" lon="6.072984">
        <ele>425.8</ele>
        <time>2026-09-23T06:19:15Z</time>
      </trkpt>
      <trkpt lat="46.24101" lon="6.072922">
        <ele>425.8</ele>
        <time>2026-09-23T06:19:16Z</time>
      </trkpt>
      <trkpt lat="46.240978" lon="6.072864">
        <ele>425.8</ele>
        <time>2026-09-23T06:19:17Z</time>
      </trkpt>
      <trkpt lat="46.240943" lon="6.072803">
        <ele>425.8</ele>
        <time>2026-09-23T06:19:18Z</time>
      </trkpt>
      <trkpt lat="46.240903" lon="6.072747">
        <ele>425.8</ele>
        <time>2026-09-23T06:19:19Z</time>
      </trkpt>
      <trkpt lat="46.240861" lon="6.07269">
        <ele>425.8</ele>
        <time>2026-09-23T06:19:20Z</time>
      </trkpt>
      <trkpt lat="46.240821" lon="6.072631">
        <ele>425.7</ele>
        <time>2026-09-23T06:19:21Z</time>
      </trkpt>
      <trkpt lat="46.240782" lon="6.072573">
        <ele>425.7</ele>
        <time>2026-09-23T06:19:22Z</time>
      </trkpt>
      <trkpt lat="46.240736" lon="6.072515">
        <ele>425.6</ele>
        <time>2026-09-23T06:19:23Z</time>
      </trkpt>
      <trkpt lat="46.240695" lon="6.072456">
        <ele>425.5</ele>
        <time>2026-09-23T06:19:24Z</time>
      </trkpt>
      <trkpt lat="46.240651" lon="6.072397">
        <ele>425.4</ele>
        <time>2026-09-23T06:19:25Z</time>
      </trkpt>
      <trkpt lat="46.240607" lon="6.072337">
        <ele>425.3</ele>
        <time>2026-09-23T06:19:26Z</time>
      </trkpt>
      <trkpt lat="46.240567" lon="6.07228">
        <ele>425.1</ele>
        <time>2026-09-23T06:19:27Z</time>
      </trkpt>
      <trkpt lat="46.240519" lon="6.072213">
        <ele>424.8</ele>
        <time>2026-09-23T06:19:28Z</time>
      </trkpt>
      <trkpt lat="46.240472" lon="6.072148">
        <ele>424.6</ele>
        <time>2026-09-23T06:19:29Z</time>
      </trkpt>
      <trkpt lat="46.240423" lon="6.072079">
        <ele>424.3</ele>
        <time>2026-09-23T06:19:30Z</time>
      </trkpt>
      <trkpt lat="46.240374" lon="6.072006">
        <ele>424.0</ele>
        <time>2026-09-23T06:19:31Z</time>
      </trkpt>
      <trkpt lat="46.240325" lon="6.071931">
        <ele>423.7</ele>
        <time>2026-09-23T06:19:32Z</time>
      </trkpt>
      <trkpt lat="46.240274" lon="6.071858">
        <ele>423.3</ele>
        <time>2026-09-23T06:19:33Z</time>
      </trkpt>
      <trkpt lat="46.24022" lon="6.071783">
        <ele>422.9</ele>
        <time>2026-09-23T06:19:34Z</time>
      </trkpt>
      <trkpt lat="46.240164" lon="6.071705">
        <ele>422.4</ele>
        <time>2026-09-23T06:19:35Z</time>
      </trkpt>
      <trkpt lat="46.240109" lon="6.071622">
        <ele>421.9</ele>
        <time>2026-09-23T06:19:36Z</time>
      </trkpt>
      <trkpt lat="46.240051" lon="6.071536">
        <ele>421.4</ele>
        <time>2026-09-23T06:19:37Z</time>
      </trkpt>
      <trkpt lat="46.239991" lon="6.071447">
        <ele>421.0</ele>
        <time>2026-09-23T06:19:38Z</time>
      </trkpt>
      <trkpt lat="46.239933" lon="6.071358">
        <ele>420.7</ele>
        <time>2026-09-23T06:19:39Z</time>
      </trkpt>
      <trkpt lat="46.239876" lon="6.071281">
        <ele>420.5</ele>
        <time>2026-09-23T06:19:40Z</time>
      </trkpt>
      <trkpt lat="46.239817" lon="6.0712">
        <ele>420.4</ele>
        <time>2026-09-23T06:19:41Z</time>
      </trkpt>
      <trkpt lat="46.239763" lon="6.071123">
        <ele>420.3</ele>
        <time>2026-09-23T06:19:42Z</time>
      </trkpt>
      <trkpt lat="46.239717" lon="6.071053">
        <ele>420.2</ele>
        <time>2026-09-23T06:19:43Z</time>
      </trkpt>
      <trkpt lat="46.239678" lon="6.070998">
        <ele>420.2</ele>
        <time>2026-09-23T06:19:44Z</time>
      </trkpt>
      <trkpt lat="46.239648" lon="6.07096">
        <ele>420.2</ele>
        <time>2026-09-23T06:19:45Z</time>
      </trkpt>
      <trkpt lat="46.239631" lon="6.070915">
        <ele>420.2</ele>
        <time>2026-09-23T06:19:46Z</time>
      </trkpt>
      <trkpt lat="46.239637" lon="6.07085">
        <ele>420.2</ele>
        <time>2026-09-23T06:19:47Z</time>
      </trkpt>
      <trkpt lat="46.239677" lon="6.070798">
        <ele>420.3</ele>
        <time>2026-09-23T06:19:48Z</time>
      </trkpt>
      <trkpt lat="46.239729" lon="6.070766">
        <ele>420.3</ele>
        <time>2026-09-23T06:19:49Z</time>
      </trkpt>
      <trkpt lat="46.239773" lon="6.070728">
        <ele>420.4</ele>
        <time>2026-09-23T06:19:50Z</time>
      </trkpt>
      <trkpt lat="46.239809" lon="6.070674">
        <ele>420.5</ele>
        <time>2026-09-23T06:19:51Z</time>
      </trkpt>
      <trkpt lat="46.239847" lon="6.070613">
        <ele>420.5</ele>
        <time>2026-09-23T06:19:52Z</time>
      </trkpt>
      <trkpt lat="46.239885" lon="6.070557">
        <ele>420.6</ele>
        <time>2026-09-23T06:19:53Z</time>
      </trkpt>
      <trkpt lat="46.239925" lon="6.070499">
        <ele>420.7</ele>
        <time>2026-09-23T06:19:54Z</time>
      </trkpt>
      <trkpt lat="46.239967" lon="6.07044">
        <ele>420.7</ele>
        <time>2026-09-23T06:19:55Z</time>
      </trkpt>
      <trkpt lat="46.240005" lon="6.070385">
        <ele>420.8</ele>
        <time>2026-09-23T06:19:56Z</time>
      </trkpt>
      <trkpt lat="46.240042" lon="6.07033">
        <ele>420.9</ele>
        <time>2026-09-23T06:19:57Z</time>
      </trkpt>
      <trkpt lat="46.240082" lon="6.070275">
        <ele>420.9</ele>
        <time>2026-09-23T06:19:58Z</time>
      </trkpt>
      <trkpt lat="46.240121" lon="6.070219">
        <ele>421.0</ele>
        <time>2026-09-23T06:19:59Z</time>
      </trkpt>
      <trkpt lat="46.240159" lon="6.070163">
        <ele>421.1</ele>
        <time>2026-09-23T06:20:00Z</time>
      </trkpt>
      <trkpt lat="46.240198" lon="6.070108">
        <ele>421.1</ele>
        <time>2026-09-23T06:20:01Z</time>
      </trkpt>
      <trkpt lat="46.240233" lon="6.070051">
        <ele>421.1</ele>
        <time>2026-09-23T06:20:02Z</time>
      </trkpt>
      <trkpt lat="46.240255" lon="6.069982">
        <ele>421.2</ele>
        <time>2026-09-23T06:20:03Z</time>
      </trkpt>
      <trkpt lat="46.240258" lon="6.0699">
        <ele>421.2</ele>
        <time>2026-09-23T06:20:04Z</time>
      </trkpt>
      <trkpt lat="46.240239" lon="6.069818">
        <ele>421.1</ele>
        <time>2026-09-23T06:20:05Z</time>
      </trkpt>
      <trkpt lat="46.240204" lon="6.06975">
        <ele>421.1</ele>
        <time>2026-09-23T06:20:06Z</time>
      </trkpt>
      <trkpt lat="46.240157" lon="6.069692">
        <ele>421.0</ele>
        <time>2026-09-23T06:20:07Z</time>
      </trkpt>
      <trkpt lat="46.240106" lon="6.069641">
        <ele>421.0</ele>
        <time>2026-09-23T06:20:08Z</time>
      </trkpt>
      <trkpt lat="46.240055" lon="6.069589">
        <ele>420.9</ele>
        <time>2026-09-23T06:20:09Z</time>
      </trkpt>
      <trkpt lat="46.240006" lon="6.069534">
        <ele>420.8</ele>
        <time>2026-09-23T06:20:10Z</time>
      </trkpt>
      <trkpt lat="46.239958" lon="6.069475">
        <ele>420.8</ele>
        <time>2026-09-23T06:20:11Z</time>
      </trkpt>
      <trkpt lat="46.23991" lon="6.069416">
        <ele>420.7</ele>
        <time>2026-09-23T06:20:12Z</time>
      </trkpt>
      <trkpt lat="46.23986" lon="6.069357">
        <ele>420.6</ele>
        <time>2026-09-23T06:20:13Z</time>
      </trkpt>
      <trkpt lat="46.239812" lon="6.069297">
        <ele>420.6</ele>
        <time>2026-09-23T06:20:14Z</time>
      </trkpt>
      <trkpt lat="46.239763" lon="6.069237">
        <ele>420.5</ele>
        <time>2026-09-23T06:20:15Z</time>
      </trkpt>
      <trkpt lat="46.23971" lon="6.069181">
        <ele>420.4</ele>
        <time>2026-09-23T06:20:16Z</time>
      </trkpt>
      <trkpt lat="46.23966" lon="6.069123">
        <ele>420.4</ele>
        <time>2026-09-23T06:20:17Z</time>
      </trkpt>
      <trkpt lat="46.23961" lon="6.069061">
        <ele>420.3</ele>
        <time>2026-09-23T06:20:18Z</time>
      </trkpt>
      <trkpt lat="46.239557" lon="6.069001">
        <ele>420.3</ele>
        <time>2026-09-23T06:20:19Z</time>
      </trkpt>
      <trkpt lat="46.239504" lon="6.068942">
        <ele>420.2</ele>
        <time>2026-09-23T06:20:20Z</time>
      </trkpt>
      <trkpt lat="46.239452" lon="6.068882">
        <ele>420.2</ele>
        <time>2026-09-23T06:20:21Z</time>
      </trkpt>
      <trkpt lat="46.239399" lon="6.068822">
        <ele>420.1</ele>
        <time>2026-09-23T06:20:22Z</time>
      </trkpt>
      <trkpt lat="46.23934" lon="6.068771">
        <ele>420.1</ele>
        <time>2026-09-23T06:20:23Z</time>
      </trkpt>
      <trkpt lat="46.239279" lon="6.068729">
        <ele>420.1</ele>
        <time>2026-09-23T06:20:24Z</time>
      </trkpt>
      <trkpt lat="46.239217" lon="6.068691">
        <ele>420.1</ele>
        <time>2026-09-23T06:20:25Z</time>
      </trkpt>
      <trkpt lat="46.239157" lon="6.068646">
        <ele>420.1</ele>
        <time>2026-09-23T06:20:26Z</time>
      </trkpt>
      <trkpt lat="46.239105" lon="6.068589">
        <ele>420.1</ele>
        <time>2026-09-23T06:20:27Z</time>
      </trkpt>
      <trkpt lat="46.239062" lon="6.068508">
        <ele>420.1</ele>
        <time>2026-09-23T06:20:28Z</time>
      </trkpt>
      <trkpt lat="46.239028" lon="6.068429">
        <ele>420.1</ele>
        <time>2026-09-23T06:20:29Z</time>
      </trkpt>
      <trkpt lat="46.238989" lon="6.06836">
        <ele>420.2</ele>
        <time>2026-09-23T06:20:30Z</time>
      </trkpt>
      <trkpt lat="46.23894" lon="6.068301">
        <ele>420.2</ele>
        <time>2026-09-23T06:20:31Z</time>
      </trkpt>
      <trkpt lat="46.238885" lon="6.068263">
        <ele>420.3</ele>
        <time>2026-09-23T06:20:32Z</time>
      </trkpt>
      <trkpt lat="46.238828" lon="6.06822">
        <ele>420.3</ele>
        <time>2026-09-23T06:20:33Z</time>
      </trkpt>
      <trkpt lat="46.238777" lon="6.068174">
        <ele>420.4</ele>
        <time>2026-09-23T06:20:34Z</time>
      </trkpt>
      <trkpt lat="46.238728" lon="6.068129">
        <ele>420.4</ele>
        <time>2026-09-23T06:20:35Z</time>
      </trkpt>
      <trkpt lat="46.238677" lon="6.068087">
        <ele>420.5</ele>
        <time>2026-09-23T06:20:36Z</time>
      </trkpt>
      <trkpt lat="46.238624" lon="6.068045">
        <ele>420.5</ele>
        <time>2026-09-23T06:20:37Z</time>
      </trkpt>
      <trkpt lat="46.238573" lon="6.068001">
        <ele>420.5</ele>
        <time>2026-09-23T06:20:38Z</time>
      </trkpt>
      <trkpt lat="46.238522" lon="6.067958">
        <ele>420.4</ele>
        <time>2026-09-23T06:20:39Z</time>
      </trkpt>
      <trkpt lat="46.238469" lon="6.067912">
        <ele>420.4</ele>
        <time>2026-09-23T06:20:40Z</time>
      </trkpt>
      <trkpt lat="46.238417" lon="6.067867">
        <ele>420.4</ele>
        <time>2026-09-23T06:20:41Z</time>
      </trkpt>
      <trkpt lat="46.238363" lon="6.067826">
        <ele>420.3</ele>
        <time>2026-09-23T06:20:42Z</time>
      </trkpt>
      <trkpt lat="46.238308" lon="6.067781">
        <ele>420.3</ele>
        <time>2026-09-23T06:20:43Z</time>
      </trkpt>
      <trkpt lat="46.238252" lon="6.067731">
        <ele>420.2</ele>
        <time>2026-09-23T06:20:44Z</time>
      </trkpt>
      <trkpt lat="46.238197" lon="6.067681">
        <ele>420.2</ele>
        <time>2026-09-23T06:20:45Z</time>
      </trkpt>
      <trkpt lat="46.23814" lon="6.067634">
        <ele>420.1</ele>
        <time>2026-09-23T06:20:46Z</time>
      </trkpt>
      <trkpt lat="46.238083" lon="6.067583">
        <ele>420.1</ele>
        <time>2026-09-23T06:20:47Z</time>
      </trkpt>
      <trkpt lat="46.238025" lon="6.067538">
        <ele>420.0</ele>
        <time>2026-09-23T06:20:48Z</time>
      </trkpt>
      <trkpt lat="46.237968" lon="6.067491">
        <ele>420.0</ele>
        <time>2026-09-23T06:20:49Z</time>
      </trkpt>
      <trkpt lat="46.237912" lon="6.06744">
        <ele>419.9</ele>
        <time>2026-09-23T06:20:50Z</time>
      </trkpt>
      <trkpt lat="46.237858" lon="6.067383">
        <ele>419.9</ele>
        <time>2026-09-23T06:20:51Z</time>
      </trkpt>
      <trkpt lat="46.237802" lon="6.067332">
        <ele>419.8</ele>
        <time>2026-09-23T06:20:52Z</time>
      </trkpt>
      <trkpt lat="46.237741" lon="6.067287">
        <ele>419.8</ele>
        <time>2026-09-23T06:20:53Z</time>
      </trkpt>
      <trkpt lat="46.237681" lon="6.067236">
        <ele>419.8</ele>
        <time>2026-09-23T06:20:54Z</time>
      </trkpt>
      <trkpt lat="46.237622" lon="6.06719">
        <ele>419.7</ele>
        <time>2026-09-23T06:20:55Z</time>
      </trkpt>
      <trkpt lat="46.23756" lon="6.067144">
        <ele>419.7</ele>
        <time>2026-09-23T06:20:56Z</time>
      </trkpt>
      <trkpt lat="46.237498" lon="6.0671">
        <ele>419.7</ele>
        <time>2026-09-23T06:20:57Z</time>
      </trkpt>
      <trkpt lat="46.237438" lon="6.067054">
        <ele>419.7</ele>
        <time>2026-09-23T06:20:58Z</time>
      </trkpt>
      <trkpt lat="46.237377" lon="6.067013">
        <ele>419.7</ele>
        <time>2026-09-23T06:20:59Z</time>
      </trkpt>
      <trkpt lat="46.237315" lon="6.06697">
        <ele>419.7</ele>
        <time>2026-09-23T06:21:00Z</time>
      </trkpt>
      <trkpt lat="46.237252" lon="6.066928">
        <ele>419.7</ele>
        <time>2026-09-23T06:21:01Z</time>
      </trkpt>
      <trkpt lat="46.237194" lon="6.066887">
        <ele>419.8</ele>
        <time>2026-09-23T06:21:02Z</time>
      </trkpt>
      <trkpt lat="46.237134" lon="6.066843">
        <ele>419.8</ele>
        <time>2026-09-23T06:21:03Z</time>
      </trkpt>
      <trkpt lat="46.237077" lon="6.066799">
        <ele>419.8</ele>
        <time>2026-09-23T06:21:04Z</time>
      </trkpt>
      <trkpt lat="46.237016" lon="6.066764">
        <ele>419.8</ele>
        <time>2026-09-23T06:21:05Z</time>
      </trkpt>
      <trkpt lat="46.236959" lon="6.066719">
        <ele>419.8</ele>
        <time>2026-09-23T06:21:06Z</time>
      </trkpt>
      <trkpt lat="46.236901" lon="6.066676">
        <ele>419.9</ele>
        <time>2026-09-23T06:21:07Z</time>
      </trkpt>
      <trkpt lat="46.236844" lon="6.066639">
        <ele>419.9</ele>
        <time>2026-09-23T06:21:08Z</time>
      </trkpt>
      <trkpt lat="46.236785" lon="6.066602">
        <ele>419.9</ele>
        <time>2026-09-23T06:21:09Z</time>
      </trkpt>
      <trkpt lat="46.236729" lon="6.066561">
        <ele>420.0</ele>
        <time>2026-09-23T06:21:10Z</time>
      </trkpt>
      <trkpt lat="46.236673" lon="6.066522">
        <ele>420.0</ele>
        <time>2026-09-23T06:21:11Z</time>
      </trkpt>
      <trkpt lat="46.236618" lon="6.066482">
        <ele>420.1</ele>
        <time>2026-09-23T06:21:12Z</time>
      </trkpt>
      <trkpt lat="46.236563" lon="6.066439">
        <ele>420.1</ele>
        <time>2026-09-23T06:21:13Z</time>
      </trkpt>
      <trkpt lat="46.236513" lon="6.066403">
        <ele>420.2</ele>
        <time>2026-09-23T06:21:14Z</time>
      </trkpt>
      <trkpt lat="46.236455" lon="6.066363">
        <ele>420.2</ele>
        <time>2026-09-23T06:21:15Z</time>
      </trkpt>
      <trkpt lat="46.236403" lon="6.066326">
        <ele>420.3</ele>
        <time>2026-09-23T06:21:16Z</time>
      </trkpt>
      <trkpt lat="46.236353" lon="6.06627">
        <ele>420.4</ele>
        <time>2026-09-23T06:21:17Z</time>
      </trkpt>
      <trkpt lat="46.23631" lon="6.066211">
        <ele>420.4</ele>
        <time>2026-09-23T06:21:18Z</time>
      </trkpt>
      <trkpt lat="46.23627" lon="6.066149">
        <ele>420.5</ele>
        <time>2026-09-23T06:21:19Z</time>
      </trkpt>
      <trkpt lat="46.236231" lon="6.06609">
        <ele>420.7</ele>
        <time>2026-09-23T06:21:20Z</time>
      </trkpt>
      <trkpt lat="46.236194" lon="6.066032">
        <ele>420.8</ele>
        <time>2026-09-23T06:21:21Z</time>
      </trkpt>
      <trkpt lat="46.236155" lon="6.065978">
        <ele>420.9</ele>
        <time>2026-09-23T06:21:22Z</time>
      </trkpt>
      <trkpt lat="46.236115" lon="6.065927">
        <ele>421.1</ele>
        <time>2026-09-23T06:21:23Z</time>
      </trkpt>
      <trkpt lat="46.236083" lon="6.06588">
        <ele>421.2</ele>
        <time>2026-09-23T06:21:24Z</time>
      </trkpt>
      <trkpt lat="46.236045" lon="6.065827">
        <ele>421.4</ele>
        <time>2026-09-23T06:21:25Z</time>
      </trkpt>
      <trkpt lat="46.236013" lon="6.065778">
        <ele>421.6</ele>
        <time>2026-09-23T06:21:26Z</time>
      </trkpt>
      <trkpt lat="46.235977" lon="6.065732">
        <ele>421.8</ele>
        <time>2026-09-23T06:21:27Z</time>
      </trkpt>
      <trkpt lat="46.235945" lon="6.065687">
        <ele>421.9</ele>
        <time>2026-09-23T06:21:28Z</time>
      </trkpt>
      <trkpt lat="46.235914" lon="6.065643">
        <ele>422.1</ele>
        <time>2026-09-23T06:21:29Z</time>
      </trkpt>
      <trkpt lat="46.235883" lon="6.065596">
        <ele>422.2</ele>
        <time>2026-09-23T06:21:30Z</time>
      </trkpt>
      <trkpt lat="46.235852" lon="6.065551">
        <ele>422.4</ele>
        <time>2026-09-23T06:21:31Z</time>
      </trkpt>
      <trkpt lat="46.23582" lon="6.065509">
        <ele>422.5</ele>
        <time>2026-09-23T06:21:32Z</time>
      </trkpt>
      <trkpt lat="46.235788" lon="6.06547">
        <ele>422.7</ele>
        <time>2026-09-23T06:21:33Z</time>
      </trkpt>
      <trkpt lat="46.235757" lon="6.06543">
        <ele>422.9</ele>
        <time>2026-09-23T06:21:34Z</time>
      </trkpt>
      <trkpt lat="46.235725" lon="6.065386">
        <ele>423.1</ele>
        <time>2026-09-23T06:21:35Z</time>
      </trkpt>
      <trkpt lat="46.235696" lon="6.065343">
        <ele>423.3</ele>
        <time>2026-09-23T06:21:36Z</time>
      </trkpt>
      <trkpt lat="46.235667" lon="6.065302">
        <ele>423.4</ele>
        <time>2026-09-23T06:21:37Z</time>
      </trkpt>
      <trkpt lat="46.235635" lon="6.065262">
        <ele>423.6</ele>
        <time>2026-09-23T06:21:38Z</time>
      </trkpt>
      <trkpt lat="46.235606" lon="6.065223">
        <ele>423.8</ele>
        <time>2026-09-23T06:21:39Z</time>
      </trkpt>
      <trkpt lat="46.235578" lon="6.065182">
        <ele>424.0</ele>
        <time>2026-09-23T06:21:40Z</time>
      </trkpt>
      <trkpt lat="46.235551" lon="6.065145">
        <ele>424.1</ele>
        <time>2026-09-23T06:21:41Z</time>
      </trkpt>
      <trkpt lat="46.235524" lon="6.065106">
        <ele>424.3</ele>
        <time>2026-09-23T06:21:42Z</time>
      </trkpt>
      <trkpt lat="46.235498" lon="6.065065">
        <ele>424.5</ele>
        <time>2026-09-23T06:21:43Z</time>
      </trkpt>
      <trkpt lat="46.23547" lon="6.065024">
        <ele>424.6</ele>
        <time>2026-09-23T06:21:44Z</time>
      </trkpt>
      <trkpt lat="46.235442" lon="6.064981">
        <ele>424.7</ele>
        <time>2026-09-23T06:21:45Z</time>
      </trkpt>
      <trkpt lat="46.235414" lon="6.06494">
        <ele>424.9</ele>
        <time>2026-09-23T06:21:46Z</time>
      </trkpt>
      <trkpt lat="46.235387" lon="6.064897">
        <ele>425.0</ele>
        <time>2026-09-23T06:21:47Z</time>
      </trkpt>
      <trkpt lat="46.235358" lon="6.064858">
        <ele>425.1</ele>
        <time>2026-09-23T06:21:48Z</time>
      </trkpt>
      <trkpt lat="46.235327" lon="6.064819">
        <ele>425.2</ele>
        <time>2026-09-23T06:21:49Z</time>
      </trkpt>
      <trkpt lat="46.235298" lon="6.064777">
        <ele>425.2</ele>
        <time>2026-09-23T06:21:50Z</time>
      </trkpt>
      <trkpt lat="46.235267" lon="6.064734">
        <ele>425.3</ele>
        <time>2026-09-23T06:21:51Z</time>
      </trkpt>
      <trkpt lat="46.235232" lon="6.064691">
        <ele>425.3</ele>
        <time>2026-09-23T06:21:52Z</time>
      </trkpt>
      <trkpt lat="46.235194" lon="6.064655">
        <ele>425.4</ele>
        <time>2026-09-23T06:21:53Z</time>
      </trkpt>
      <trkpt lat="46.235153" lon="6.064619">
        <ele>425.5</ele>
        <time>2026-09-23T06:21:54Z</time>
      </trkpt>
      <trkpt lat="46.23511" lon="6.064585">
        <ele>425.5</ele>
        <time>2026-09-23T06:21:55Z</time>
      </trkpt>
      <trkpt lat="46.23507" lon="6.064547">
        <ele>425.6</ele>
        <time>2026-09-23T06:21:56Z</time>
      </trkpt>
      <trkpt lat="46.235027" lon="6.064505">
        <ele>425.7</ele>
        <time>2026-09-23T06:21:57Z</time>
      </trkpt>
      <trkpt lat="46.234987" lon="6.064466">
        <ele>425.7</ele>
        <time>2026-09-23T06:21:58Z</time>
      </trkpt>
      <trkpt lat="46.234947" lon="6.064425">
        <ele>425.8</ele>
        <time>2026-09-23T06:21:59Z</time>
      </trkpt>
      <trkpt lat="46.234905" lon="6.064379">
        <ele>425.9</ele>
        <time>2026-09-23T06:22:00Z</time>
      </trkpt>
      <trkpt lat="46.234868" lon="6.064337">
        <ele>426.0</ele>
        <time>2026-09-23T06:22:01Z</time>
      </trkpt>
      <trkpt lat="46.234827" lon="6.064289">
        <ele>426.1</ele>
        <time>2026-09-23T06:22:02Z</time>
      </trkpt>
      <trkpt lat="46.234786" lon="6.064238">
        <ele>426.2</ele>
        <time>2026-09-23T06:22:03Z</time>
      </trkpt>
      <trkpt lat="46.23475" lon="6.064188">
        <ele>426.3</ele>
        <time>2026-09-23T06:22:04Z</time>
      </trkpt>
      <trkpt lat="46.234713" lon="6.064137">
        <ele>426.5</ele>
        <time>2026-09-23T06:22:05Z</time>
      </trkpt>
      <trkpt lat="46.234677" lon="6.064088">
        <ele>426.7</ele>
        <time>2026-09-23T06:22:06Z</time>
      </trkpt>
      <trkpt lat="46.234644" lon="6.06404">
        <ele>426.9</ele>
        <time>2026-09-23T06:22:07Z</time>
      </trkpt>
      <trkpt lat="46.23461" lon="6.06399">
        <ele>427.0</ele>
        <time>2026-09-23T06:22:08Z</time>
      </trkpt>
      <trkpt lat="46.234578" lon="6.06394">
        <ele>427.2</ele>
        <time>2026-09-23T06:22:09Z</time>
      </trkpt>
      <trkpt lat="46.234546" lon="6.063896">
        <ele>427.3</ele>
        <time>2026-09-23T06:22:10Z</time>
      </trkpt>
      <trkpt lat="46.234513" lon="6.063854">
        <ele>427.4</ele>
        <time>2026-09-23T06:22:11Z</time>
      </trkpt>
      <trkpt lat="46.234479" lon="6.063803">
        <ele>427.6</ele>
        <time>2026-09-23T06:22:12Z</time>
      </trkpt>
      <trkpt lat="46.234445" lon="6.063753">
        <ele>427.7</ele>
        <time>2026-09-23T06:22:13Z</time>
      </trkpt>
      <trkpt lat="46.234415" lon="6.063706">
        <ele>427.7</ele>
        <time>2026-09-23T06:22:14Z</time>
      </trkpt>
      <trkpt lat="46.234382" lon="6.063658">
        <ele>427.8</ele>
        <time>2026-09-23T06:22:15Z</time>
      </trkpt>
      <trkpt lat="46.234347" lon="6.063613">
        <ele>427.8</ele>
        <time>2026-09-23T06:22:16Z</time>
      </trkpt>
      <trkpt lat="46.234313" lon="6.063566">
        <ele>427.9</ele>
        <time>2026-09-23T06:22:17Z</time>
      </trkpt>
      <trkpt lat="46.23428" lon="6.063518">
        <ele>427.9</ele>
        <time>2026-09-23T06:22:18Z</time>
      </trkpt>
      <trkpt lat="46.234244" lon="6.063469">
        <ele>427.9</ele>
        <time>2026-09-23T06:22:19Z</time>
      </trkpt>
      <trkpt lat="46.234206" lon="6.063422">
        <ele>428.0</ele>
        <time>2026-09-23T06:22:20Z</time>
      </trkpt>
      <trkpt lat="46.234167" lon="6.063376">
        <ele>428.0</ele>
        <time>2026-09-23T06:22:21Z</time>
      </trkpt>
      <trkpt lat="46.234128" lon="6.063328">
        <ele>428.0</ele>
        <time>2026-09-23T06:22:22Z</time>
      </trkpt>
      <trkpt lat="46.23409" lon="6.063281">
        <ele>428.0</ele>
        <time>2026-09-23T06:22:23Z</time>
      </trkpt>
      <trkpt lat="46.23405" lon="6.063231">
        <ele>428.0</ele>
        <time>2026-09-23T06:22:24Z</time>
      </trkpt>
      <trkpt lat="46.234013" lon="6.06318">
        <ele>428.0</ele>
        <time>2026-09-23T06:22:25Z</time>
      </trkpt>
      <trkpt lat="46.233974" lon="6.063131">
        <ele>428.1</ele>
        <time>2026-09-23T06:22:26Z</time>
      </trkpt>
      <trkpt lat="46.233933" lon="6.063084">
        <ele>428.1</ele>
        <time>2026-09-23T06:22:27Z</time>
      </trkpt>
      <trkpt lat="46.23389" lon="6.063041">
        <ele>428.2</ele>
        <time>2026-09-23T06:22:28Z</time>
      </trkpt>
      <trkpt lat="46.233853" lon="6.062988">
        <ele>428.3</ele>
        <time>2026-09-23T06:22:29Z</time>
      </trkpt>
      <trkpt lat="46.233838" lon="6.062918">
        <ele>428.4</ele>
        <time>2026-09-23T06:22:30Z</time>
      </trkpt>
      <trkpt lat="46.233845" lon="6.06284">
        <ele>428.6</ele>
        <time>2026-09-23T06:22:31Z</time>
      </trkpt>
      <trkpt lat="46.233877" lon="6.062773">
        <ele>428.7</ele>
        <time>2026-09-23T06:22:32Z</time>
      </trkpt>
      <trkpt lat="46.233916" lon="6.06272">
        <ele>428.7</ele>
        <time>2026-09-23T06:22:33Z</time>
      </trkpt>
      <trkpt lat="46.23395" lon="6.062669">
        <ele>428.8</ele>
        <time>2026-09-23T06:22:34Z</time>
      </trkpt>
      <trkpt lat="46.233981" lon="6.062613">
        <ele>428.9</ele>
        <time>2026-09-23T06:22:35Z</time>
      </trkpt>
      <trkpt lat="46.23401" lon="6.062554">
        <ele>428.9</ele>
        <time>2026-09-23T06:22:36Z</time>
      </trkpt>
      <trkpt lat="46.234039" lon="6.062493">
        <ele>429.0</ele>
        <time>2026-09-23T06:22:37Z</time>
      </trkpt>
      <trkpt lat="46.234063" lon="6.062433">
        <ele>429.1</ele>
        <time>2026-09-23T06:22:38Z</time>
      </trkpt>
      <trkpt lat="46.23409" lon="6.062373">
        <ele>429.1</ele>
        <time>2026-09-23T06:22:39Z</time>
      </trkpt>
      <trkpt lat="46.234117" lon="6.062315">
        <ele>429.2</ele>
        <time>2026-09-23T06:22:40Z</time>
      </trkpt>
      <trkpt lat="46.234147" lon="6.062256">
        <ele>429.3</ele>
        <time>2026-09-23T06:22:41Z</time>
      </trkpt>
      <trkpt lat="46.234176" lon="6.062196">
        <ele>429.4</ele>
        <time>2026-09-23T06:22:42Z</time>
      </trkpt>
      <trkpt lat="46.234203" lon="6.062136">
        <ele>429.4</ele>
        <time>2026-09-23T06:22:43Z</time>
      </trkpt>
      <trkpt lat="46.234231" lon="6.062075">
        <ele>429.5</ele>
        <time>2026-09-23T06:22:44Z</time>
      </trkpt>
      <trkpt lat="46.234256" lon="6.062009">
        <ele>429.5</ele>
        <time>2026-09-23T06:22:45Z</time>
      </trkpt>
      <trkpt lat="46.23428" lon="6.061942">
        <ele>429.6</ele>
        <time>2026-09-23T06:22:46Z</time>
      </trkpt>
      <trkpt lat="46.2343" lon="6.061872">
        <ele>429.6</ele>
        <time>2026-09-23T06:22:47Z</time>
      </trkpt>
      <trkpt lat="46.234319" lon="6.061801">
        <ele>429.7</ele>
        <time>2026-09-23T06:22:48Z</time>
      </trkpt>
      <trkpt lat="46.234336" lon="6.06173">
        <ele>429.7</ele>
        <time>2026-09-23T06:22:49Z</time>
      </trkpt>
      <trkpt lat="46.234355" lon="6.061659">
        <ele>429.8</ele>
        <time>2026-09-23T06:22:50Z</time>
      </trkpt>
      <trkpt lat="46.234373" lon="6.061589">
        <ele>429.8</ele>
        <time>2026-09-23T06:22:51Z</time>
      </trkpt>
      <trkpt lat="46.234393" lon="6.061519">
        <ele>429.9</ele>
        <time>2026-09-23T06:22:52Z</time>
      </trkpt>
      <trkpt lat="46.234415" lon="6.061449">
        <ele>429.9</ele>
        <time>2026-09-23T06:22:53Z</time>
      </trkpt>
      <trkpt lat="46.234435" lon="6.061379">
        <ele>430.0</ele>
        <time>2026-09-23T06:22:54Z</time>
      </trkpt>
      <trkpt lat="46.234453" lon="6.061305">
        <ele>430.1</ele>
        <time>2026-09-23T06:22:55Z</time>
      </trkpt>
      <trkpt lat="46.234473" lon="6.061234">
        <ele>430.1</ele>
        <time>2026-09-23T06:22:56Z</time>
      </trkpt>
      <trkpt lat="46.234494" lon="6.061164">
        <ele>430.2</ele>
        <time>2026-09-23T06:22:57Z</time>
      </trkpt>
      <trkpt lat="46.234511" lon="6.061091">
        <ele>430.2</ele>
        <time>2026-09-23T06:22:58Z</time>
      </trkpt>
      <trkpt lat="46.234529" lon="6.061018">
        <ele>430.3</ele>
        <time>2026-09-23T06:22:59Z</time>
      </trkpt>
      <trkpt lat="46.23455" lon="6.060947">
        <ele>430.4</ele>
        <time>2026-09-23T06:23:00Z</time>
      </trkpt>
      <trkpt lat="46.23457" lon="6.060876">
        <ele>430.4</ele>
        <time>2026-09-23T06:23:01Z</time>
      </trkpt>
      <trkpt lat="46.234591" lon="6.060804">
        <ele>430.5</ele>
        <time>2026-09-23T06:23:02Z</time>
      </trkpt>
      <trkpt lat="46.234611" lon="6.060733">
        <ele>430.6</ele>
        <time>2026-09-23T06:23:03Z</time>
      </trkpt>
      <trkpt lat="46.234632" lon="6.060665">
        <ele>430.6</ele>
        <time>2026-09-23T06:23:04Z</time>
      </trkpt>
      <trkpt lat="46.234654" lon="6.060596">
        <ele>430.7</ele>
        <time>2026-09-23T06:23:05Z</time>
      </trkpt>
      <trkpt lat="46.234674" lon="6.060527">
        <ele>430.8</ele>
        <time>2026-09-23T06:23:06Z</time>
      </trkpt>
      <trkpt lat="46.234689" lon="6.060459">
        <ele>430.8</ele>
        <time>2026-09-23T06:23:07Z</time>
      </trkpt>
      <trkpt lat="46.234681" lon="6.060386">
        <ele>430.9</ele>
        <time>2026-09-23T06:23:08Z</time>
      </trkpt>
      <trkpt lat="46.234649" lon="6.06032">
        <ele>430.9</ele>
        <time>2026-09-23T06:23:09Z</time>
      </trkpt>
      <trkpt lat="46.234603" lon="6.06027">
        <ele>430.9</ele>
        <time>2026-09-23T06:23:10Z</time>
      </trkpt>
      <trkpt lat="46.234542" lon="6.060251">
        <ele>430.9</ele>
        <time>2026-09-23T06:23:11Z</time>
      </trkpt>
      <trkpt lat="46.234482" lon="6.060228">
        <ele>430.9</ele>
        <time>2026-09-23T06:23:12Z</time>
      </trkpt>
      <trkpt lat="46.234429" lon="6.060197">
        <ele>430.9</ele>
        <time>2026-09-23T06:23:13Z</time>
      </trkpt>
      <trkpt lat="46.234375" lon="6.060165">
        <ele>431.0</ele>
        <time>2026-09-23T06:23:14Z</time>
      </trkpt>
      <trkpt lat="46.234323" lon="6.060136">
        <ele>431.0</ele>
        <time>2026-09-23T06:23:15Z</time>
      </trkpt>
      <trkpt lat="46.23427" lon="6.060107">
        <ele>431.0</ele>
        <time>2026-09-23T06:23:16Z</time>
      </trkpt>
      <trkpt lat="46.234216" lon="6.060074">
        <ele>431.1</ele>
        <time>2026-09-23T06:23:17Z</time>
      </trkpt>
      <trkpt lat="46.234164" lon="6.060041">
        <ele>431.1</ele>
        <time>2026-09-23T06:23:18Z</time>
      </trkpt>
      <trkpt lat="46.234112" lon="6.060008">
        <ele>431.1</ele>
        <time>2026-09-23T06:23:19Z</time>
      </trkpt>
      <trkpt lat="46.234058" lon="6.059978">
        <ele>431.2</ele>
        <time>2026-09-23T06:23:20Z</time>
      </trkpt>
      <trkpt lat="46.234005" lon="6.059948">
        <ele>431.2</ele>
        <time>2026-09-23T06:23:21Z</time>
      </trkpt>
      <trkpt lat="46.233952" lon="6.05992">
        <ele>431.2</ele>
        <time>2026-09-23T06:23:22Z</time>
      </trkpt>
      <trkpt lat="46.2339" lon="6.05989">
        <ele>431.2</ele>
        <time>2026-09-23T06:23:23Z</time>
      </trkpt>
      <trkpt lat="46.233847" lon="6.059859">
        <ele>431.2</ele>
        <time>2026-09-23T06:23:24Z</time>
      </trkpt>
      <trkpt lat="46.233795" lon="6.059829">
        <ele>431.1</ele>
        <time>2026-09-23T06:23:25Z</time>
      </trkpt>
      <trkpt lat="46.233741" lon="6.059797">
        <ele>431.1</ele>
        <time>2026-09-23T06:23:26Z</time>
      </trkpt>
      <trkpt lat="46.233687" lon="6.059767">
        <ele>431.0</ele>
        <time>2026-09-23T06:23:27Z</time>
      </trkpt>
      <trkpt lat="46.233632" lon="6.059735">
        <ele>431.0</ele>
        <time>2026-09-23T06:23:28Z</time>
      </trkpt>
      <trkpt lat="46.233579" lon="6.059705">
        <ele>430.9</ele>
        <time>2026-09-23T06:23:29Z</time>
      </trkpt>
      <trkpt lat="46.233524" lon="6.059673">
        <ele>430.9</ele>
        <time>2026-09-23T06:23:30Z</time>
      </trkpt>
      <trkpt lat="46.233468" lon="6.05964">
        <ele>430.8</ele>
        <time>2026-09-23T06:23:31Z</time>
      </trkpt>
      <trkpt lat="46.233411" lon="6.059606">
        <ele>430.8</ele>
        <time>2026-09-23T06:23:32Z</time>
      </trkpt>
      <trkpt lat="46.233355" lon="6.059572">
        <ele>430.7</ele>
        <time>2026-09-23T06:23:33Z</time>
      </trkpt>
      <trkpt lat="46.233297" lon="6.05954">
        <ele>430.7</ele>
        <time>2026-09-23T06:23:34Z</time>
      </trkpt>
      <trkpt lat="46.233239" lon="6.059508">
        <ele>430.6</ele>
        <time>2026-09-23T06:23:35Z</time>
      </trkpt>
      <trkpt lat="46.233181" lon="6.05948">
        <ele>430.5</ele>
        <time>2026-09-23T06:23:36Z</time>
      </trkpt>
      <trkpt lat="46.233121" lon="6.059453">
        <ele>430.5</ele>
        <time>2026-09-23T06:23:37Z</time>
      </trkpt>
      <trkpt lat="46.233062" lon="6.059416">
        <ele>430.5</ele>
        <time>2026-09-23T06:23:38Z</time>
      </trkpt>
      <trkpt lat="46.233018" lon="6.059346">
        <ele>430.4</ele>
        <time>2026-09-23T06:23:39Z</time>
      </trkpt>
      <trkpt lat="46.232997" lon="6.059253">
        <ele>430.5</ele>
        <time>2026-09-23T06:23:40Z</time>
      </trkpt>
      <trkpt lat="46.233006" lon="6.059155">
        <ele>430.6</ele>
        <time>2026-09-23T06:23:41Z</time>
      </trkpt>
      <trkpt lat="46.233037" lon="6.059072">
        <ele>430.8</ele>
        <time>2026-09-23T06:23:42Z</time>
      </trkpt>
      <trkpt lat="46.233076" lon="6.059011">
        <ele>430.9</ele>
        <time>2026-09-23T06:23:43Z</time>
      </trkpt>
      <trkpt lat="46.23311" lon="6.058952">
        <ele>431.1</ele>
        <time>2026-09-23T06:23:44Z</time>
      </trkpt>
      <trkpt lat="46.233136" lon="6.058885">
        <ele>431.3</ele>
        <time>2026-09-23T06:23:45Z</time>
      </trkpt>
      <trkpt lat="46.233154" lon="6.058816">
        <ele>431.5</ele>
        <time>2026-09-23T06:23:46Z</time>
      </trkpt>
      <trkpt lat="46.233169" lon="6.058747">
        <ele>431.6</ele>
        <time>2026-09-23T06:23:47Z</time>
      </trkpt>
      <trkpt lat="46.233186" lon="6.058681">
        <ele>431.7</ele>
        <time>2026-09-23T06:23:48Z</time>
      </trkpt>
      <trkpt lat="46.233204" lon="6.05862">
        <ele>431.9</ele>
        <time>2026-09-23T06:23:49Z</time>
      </trkpt>
      <trkpt lat="46.23322" lon="6.058558">
        <ele>432.0</ele>
        <time>2026-09-23T06:23:50Z</time>
      </trkpt>
      <trkpt lat="46.233237" lon="6.058499">
        <ele>432.0</ele>
        <time>2026-09-23T06:23:51Z</time>
      </trkpt>
      <trkpt lat="46.233254" lon="6.058436">
        <ele>432.1</ele>
        <time>2026-09-23T06:23:52Z</time>
      </trkpt>
      <trkpt lat="46.233273" lon="6.058375">
        <ele>432.2</ele>
        <time>2026-09-23T06:23:53Z</time>
      </trkpt>
      <trkpt lat="46.233288" lon="6.058311">
        <ele>432.2</ele>
        <time>2026-09-23T06:23:54Z</time>
      </trkpt>
      <trkpt lat="46.233295" lon="6.058242">
        <ele>432.3</ele>
        <time>2026-09-23T06:23:55Z</time>
      </trkpt>
      <trkpt lat="46.233296" lon="6.058174">
        <ele>432.3</ele>
        <time>2026-09-23T06:23:56Z</time>
      </trkpt>
      <trkpt lat="46.23329" lon="6.058104">
        <ele>432.4</ele>
        <time>2026-09-23T06:23:57Z</time>
      </trkpt>
      <trkpt lat="46.233277" lon="6.058037">
        <ele>432.4</ele>
        <time>2026-09-23T06:23:58Z</time>
      </trkpt>
      <trkpt lat="46.23326" lon="6.057974">
        <ele>432.5</ele>
        <time>2026-09-23T06:23:59Z</time>
      </trkpt>
      <trkpt lat="46.233241" lon="6.057912">
        <ele>432.5</ele>
        <time>2026-09-23T06:24:00Z</time>
      </trkpt>
      <trkpt lat="46.233219" lon="6.057854">
        <ele>432.6</ele>
        <time>2026-09-23T06:24:01Z</time>
      </trkpt>
      <trkpt lat="46.233195" lon="6.0578">
        <ele>432.6</ele>
        <time>2026-09-23T06:24:02Z</time>
      </trkpt>
      <trkpt lat="46.233166" lon="6.057758">
        <ele>432.6</ele>
        <time>2026-09-23T06:24:03Z</time>
      </trkpt>
      <trkpt lat="46.233133" lon="6.057724">
        <ele>432.7</ele>
        <time>2026-09-23T06:24:04Z</time>
      </trkpt>
      <trkpt lat="46.233095" lon="6.057707">
        <ele>432.7</ele>
        <time>2026-09-23T06:24:05Z</time>
      </trkpt>
      <trkpt lat="46.23306" lon="6.057693">
        <ele>432.8</ele>
        <time>2026-09-23T06:24:06Z</time>
      </trkpt>
      <trkpt lat="46.233032" lon="6.057663">
        <ele>432.8</ele>
        <time>2026-09-23T06:24:07Z</time>
      </trkpt>
      <trkpt lat="46.233003" lon="6.057611">
        <ele>432.9</ele>
        <time>2026-09-23T06:24:08Z</time>
      </trkpt>
      <trkpt lat="46.232983" lon="6.057557">
        <ele>433.0</ele>
        <time>2026-09-23T06:24:09Z</time>
      </trkpt>
      <trkpt lat="46.232966" lon="6.057501">
        <ele>433.0</ele>
        <time>2026-09-23T06:24:10Z</time>
      </trkpt>
      <trkpt lat="46.232934" lon="6.057463">
        <ele>433.1</ele>
        <time>2026-09-23T06:24:11Z</time>
      </trkpt>
      <trkpt lat="46.23289" lon="6.057437">
        <ele>433.1</ele>
        <time>2026-09-23T06:24:12Z</time>
      </trkpt>
      <trkpt lat="46.232843" lon="6.057434">
        <ele>433.1</ele>
        <time>2026-09-23T06:24:13Z</time>
      </trkpt>
      <trkpt lat="46.232796" lon="6.057444">
        <ele>433.1</ele>
        <time>2026-09-23T06:24:14Z</time>
      </trkpt>
      <trkpt lat="46.232754" lon="6.057465">
        <ele>433.1</ele>
        <time>2026-09-23T06:24:15Z</time>
      </trkpt>
      <trkpt lat="46.232723" lon="6.057475">
        <ele>433.1</ele>
        <time>2026-09-23T06:24:16Z</time>
      </trkpt>
      <trkpt lat="46.232698" lon="6.057456">
        <ele>433.1</ele>
        <time>2026-09-23T06:24:17Z</time>
      </trkpt>
      <trkpt lat="46.232681" lon="6.05742">
        <ele>433.1</ele>
        <time>2026-09-23T06:24:18Z</time>
      </trkpt>
      <trkpt lat="46.232666" lon="6.057374">
        <ele>433.0</ele>
        <time>2026-09-23T06:24:19Z</time>
      </trkpt>
      <trkpt lat="46.232643" lon="6.057331">
        <ele>432.9</ele>
        <time>2026-09-23T06:24:20Z</time>
      </trkpt>
      <trkpt lat="46.232618" lon="6.057293">
        <ele>432.8</ele>
        <time>2026-09-23T06:24:21Z</time>
      </trkpt>
      <trkpt lat="46.232594" lon="6.057264">
        <ele>432.7</ele>
        <time>2026-09-23T06:24:22Z</time>
      </trkpt>
      <trkpt lat="46.232575" lon="6.057236">
        <ele>432.7</ele>
        <time>2026-09-23T06:24:23Z</time>
      </trkpt>
      <trkpt lat="46.232557" lon="6.057208">
        <ele>432.6</ele>
        <time>2026-09-23T06:24:24Z</time>
      </trkpt>
      <trkpt lat="46.232536" lon="6.057185">
        <ele>432.6</ele>
        <time>2026-09-23T06:24:25Z</time>
      </trkpt>
      <trkpt lat="46.232511" lon="6.057163">
        <ele>432.5</ele>
        <time>2026-09-23T06:24:26Z</time>
      </trkpt>
      <trkpt lat="46.232495" lon="6.057131">
        <ele>432.5</ele>
        <time>2026-09-23T06:24:27Z</time>
      </trkpt>
      <trkpt lat="46.232487" lon="6.057102">
        <ele>432.4</ele>
        <time>2026-09-23T06:24:28Z</time>
      </trkpt>
      <trkpt lat="46.232481" lon="6.057082">
        <ele>432.4</ele>
        <time>2026-09-23T06:24:29Z</time>
      </trkpt>
      <trkpt lat="46.232475" lon="6.057074">
        <ele>432.4</ele>
        <time>2026-09-23T06:24:30Z</time>
      </trkpt>
      <trkpt lat="46.232468" lon="6.057073">
        <ele>432.4</ele>
        <time>2026-09-23T06:24:31Z</time>
      </trkpt>
      <trkpt lat="46.232466" lon="6.057074">
        <ele>432.4</ele>
        <time>2026-09-23T06:24:32Z</time>
      </trkpt>
      <trkpt lat="46.232464" lon="6.057075">
        <ele>432.4</ele>
        <time>2026-09-23T06:24:33Z</time>
      </trkpt>
      <trkpt lat="46.232457" lon="6.057072">
        <ele>432.4</ele>
        <time>2026-09-23T06:24:34Z</time>
      </trkpt>
      <trkpt lat="46.232455" lon="6.057071">
        <ele>432.4</ele>
        <time>2026-09-23T06:24:35Z</time>
      </trkpt>
      <trkpt lat="46.232454" lon="6.057074">
        <ele>432.4</ele>
        <time>2026-09-23T06:24:36Z</time>
      </trkpt>
      <trkpt lat="46.232451" lon="6.057073">
        <ele>432.3</ele>
        <time>2026-09-23T06:24:37Z</time>
      </trkpt>
      <trkpt lat="46.232451" lon="6.057082">
        <ele>432.3</ele>
        <time>2026-09-23T06:24:38Z</time>
      </trkpt>
      <trkpt lat="46.232442" lon="6.057077">
        <ele>432.3</ele>
        <time>2026-09-23T06:24:39Z</time>
      </trkpt>
      <trkpt lat="46.232438" lon="6.057075">
        <ele>432.3</ele>
        <time>2026-09-23T06:24:40Z</time>
      </trkpt>
      <trkpt lat="46.23243" lon="6.057068">
        <ele>432.3</ele>
        <time>2026-09-23T06:24:41Z</time>
      </trkpt>
      <trkpt lat="46.232423" lon="6.057057">
        <ele>432.3</ele>
        <time>2026-09-23T06:24:42Z</time>
      </trkpt>
      <trkpt lat="46.232411" lon="6.057044">
        <ele>432.3</ele>
        <time>2026-09-23T06:24:43Z</time>
      </trkpt>
      <trkpt lat="46.232392" lon="6.057024">
        <ele>432.2</ele>
        <time>2026-09-23T06:24:44Z</time>
      </trkpt>
      <trkpt lat="46.232364" lon="6.057002">
        <ele>432.1</ele>
        <time>2026-09-23T06:24:45Z</time>
      </trkpt>
      <trkpt lat="46.232335" lon="6.056973">
        <ele>432.0</ele>
        <time>2026-09-23T06:24:46Z</time>
      </trkpt>
      <trkpt lat="46.232307" lon="6.056934">
        <ele>431.9</ele>
        <time>2026-09-23T06:24:47Z</time>
      </trkpt>
      <trkpt lat="46.232274" lon="6.056895">
        <ele>431.8</ele>
        <time>2026-09-23T06:24:48Z</time>
      </trkpt>
      <trkpt lat="46.232237" lon="6.056861">
        <ele>431.7</ele>
        <time>2026-09-23T06:24:49Z</time>
      </trkpt>
      <trkpt lat="46.232195" lon="6.056819">
        <ele>431.6</ele>
        <time>2026-09-23T06:24:50Z</time>
      </trkpt>
      <trkpt lat="46.23214" lon="6.056755">
        <ele>431.5</ele>
        <time>2026-09-23T06:24:51Z</time>
      </trkpt>
      <trkpt lat="46.232091" lon="6.056698">
        <ele>431.4</ele>
        <time>2026-09-23T06:24:52Z</time>
      </trkpt>
      <trkpt lat="46.232042" lon="6.056635">
        <ele>431.3</ele>
        <time>2026-09-23T06:24:53Z</time>
      </trkpt>
      <trkpt lat="46.231993" lon="6.056572">
        <ele>431.2</ele>
        <time>2026-09-23T06:24:54Z</time>
      </trkpt>
      <trkpt lat="46.23194" lon="6.056508">
        <ele>431.1</ele>
        <time>2026-09-23T06:24:55Z</time>
      </trkpt>
      <trkpt lat="46.23188" lon="6.056457">
        <ele>431.1</ele>
        <time>2026-09-23T06:24:56Z</time>
      </trkpt>
      <trkpt lat="46.231817" lon="6.056419">
        <ele>431.0</ele>
        <time>2026-09-23T06:24:57Z</time>
      </trkpt>
      <trkpt lat="46.231754" lon="6.05638">
        <ele>430.9</ele>
        <time>2026-09-23T06:24:58Z</time>
      </trkpt>
      <trkpt lat="46.231692" lon="6.056353">
        <ele>430.7</ele>
        <time>2026-09-23T06:24:59Z</time>
      </trkpt>
      <trkpt lat="46.231627" lon="6.056324">
        <ele>430.6</ele>
        <time>2026-09-23T06:25:00Z</time>
      </trkpt>
      <trkpt lat="46.23156" lon="6.056292">
        <ele>430.4</ele>
        <time>2026-09-23T06:25:01Z</time>
      </trkpt>
      <trkpt lat="46.231495" lon="6.056258">
        <ele>430.3</ele>
        <time>2026-09-23T06:25:02Z</time>
      </trkpt>
      <trkpt lat="46.231425" lon="6.056217">
        <ele>430.2</ele>
        <time>2026-09-23T06:25:03Z</time>
      </trkpt>
      <trkpt lat="46.231356" lon="6.056172">
        <ele>430.2</ele>
        <time>2026-09-23T06:25:04Z</time>
      </trkpt>
      <trkpt lat="46.231285" lon="6.056129">
        <ele>430.1</ele>
        <time>2026-09-23T06:25:05Z</time>
      </trkpt>
      <trkpt lat="46.231218" lon="6.05608">
        <ele>430.1</ele>
        <time>2026-09-23T06:25:06Z</time>
      </trkpt>
      <trkpt lat="46.231148" lon="6.056039">
        <ele>430.1</ele>
        <time>2026-09-23T06:25:07Z</time>
      </trkpt>
      <trkpt lat="46.231077" lon="6.056006">
        <ele>430.1</ele>
        <time>2026-09-23T06:25:08Z</time>
      </trkpt>
      <trkpt lat="46.23101" lon="6.055964">
        <ele>430.1</ele>
        <time>2026-09-23T06:25:09Z</time>
      </trkpt>
      <trkpt lat="46.230942" lon="6.055925">
        <ele>430.0</ele>
        <time>2026-09-23T06:25:10Z</time>
      </trkpt>
      <trkpt lat="46.230876" lon="6.055886">
        <ele>430.0</ele>
        <time>2026-09-23T06:25:11Z</time>
      </trkpt>
      <trkpt lat="46.230809" lon="6.055848">
        <ele>430.1</ele>
        <time>2026-09-23T06:25:12Z</time>
      </trkpt>
      <trkpt lat="46.230745" lon="6.05581">
        <ele>430.1</ele>
        <time>2026-09-23T06:25:13Z</time>
      </trkpt>
      <trkpt lat="46.230682" lon="6.055771">
        <ele>430.1</ele>
        <time>2026-09-23T06:25:14Z</time>
      </trkpt>
      <trkpt lat="46.230617" lon="6.055735">
        <ele>430.1</ele>
        <time>2026-09-23T06:25:15Z</time>
      </trkpt>
      <trkpt lat="46.230554" lon="6.055696">
        <ele>430.1</ele>
        <time>2026-09-23T06:25:16Z</time>
      </trkpt>
      <trkpt lat="46.230493" lon="6.055658">
        <ele>430.1</ele>
        <time>2026-09-23T06:25:17Z</time>
      </trkpt>
      <trkpt lat="46.230443" lon="6.055589">
        <ele>430.1</ele>
        <time>2026-09-23T06:25:18Z</time>
      </trkpt>
      <trkpt lat="46.230412" lon="6.055497">
        <ele>430.1</ele>
        <time>2026-09-23T06:25:19Z</time>
      </trkpt>
      <trkpt lat="46.230386" lon="6.055407">
        <ele>430.1</ele>
        <time>2026-09-23T06:25:20Z</time>
      </trkpt>
      <trkpt lat="46.230353" lon="6.055329">
        <ele>430.1</ele>
        <time>2026-09-23T06:25:21Z</time>
      </trkpt>
      <trkpt lat="46.230326" lon="6.055239">
        <ele>430.1</ele>
        <time>2026-09-23T06:25:22Z</time>
      </trkpt>
      <trkpt lat="46.230323" lon="6.055137">
        <ele>430.1</ele>
        <time>2026-09-23T06:25:23Z</time>
      </trkpt>
      <trkpt lat="46.230329" lon="6.055037">
        <ele>430.1</ele>
        <time>2026-09-23T06:25:24Z</time>
      </trkpt>
      <trkpt lat="46.230327" lon="6.054936">
        <ele>430.1</ele>
        <time>2026-09-23T06:25:25Z</time>
      </trkpt>
      <trkpt lat="46.230324" lon="6.054836">
        <ele>430.1</ele>
        <time>2026-09-23T06:25:26Z</time>
      </trkpt>
      <trkpt lat="46.230314" lon="6.054742">
        <ele>430.1</ele>
        <time>2026-09-23T06:25:27Z</time>
      </trkpt>
      <trkpt lat="46.230307" lon="6.054645">
        <ele>430.1</ele>
        <time>2026-09-23T06:25:28Z</time>
      </trkpt>
      <trkpt lat="46.230297" lon="6.054578">
        <ele>430.1</ele>
        <time>2026-09-23T06:25:29Z</time>
      </trkpt>
      <trkpt lat="46.230287" lon="6.054486">
        <ele>430.2</ele>
        <time>2026-09-23T06:25:30Z</time>
      </trkpt>
      <trkpt lat="46.230271" lon="6.054374">
        <ele>430.2</ele>
        <time>2026-09-23T06:25:31Z</time>
      </trkpt>
      <trkpt lat="46.230266" lon="6.054271">
        <ele>430.3</ele>
        <time>2026-09-23T06:25:32Z</time>
      </trkpt>
      <trkpt lat="46.230261" lon="6.054173">
        <ele>430.3</ele>
        <time>2026-09-23T06:25:33Z</time>
      </trkpt>
      <trkpt lat="46.230254" lon="6.054074">
        <ele>430.3</ele>
        <time>2026-09-23T06:25:34Z</time>
      </trkpt>
      <trkpt lat="46.230244" lon="6.05398">
        <ele>430.4</ele>
        <time>2026-09-23T06:25:35Z</time>
      </trkpt>
      <trkpt lat="46.230237" lon="6.053882">
        <ele>430.5</ele>
        <time>2026-09-23T06:25:36Z</time>
      </trkpt>
      <trkpt lat="46.230231" lon="6.053786">
        <ele>430.5</ele>
        <time>2026-09-23T06:25:37Z</time>
      </trkpt>
      <trkpt lat="46.230224" lon="6.053683">
        <ele>430.5</ele>
        <time>2026-09-23T06:25:38Z</time>
      </trkpt>
      <trkpt lat="46.230217" lon="6.053573">
        <ele>430.6</ele>
        <time>2026-09-23T06:25:39Z</time>
      </trkpt>
      <trkpt lat="46.23021" lon="6.053466">
        <ele>430.6</ele>
        <time>2026-09-23T06:25:40Z</time>
      </trkpt>
      <trkpt lat="46.230202" lon="6.053362">
        <ele>430.6</ele>
        <time>2026-09-23T06:25:41Z</time>
      </trkpt>
      <trkpt lat="46.2302" lon="6.053256">
        <ele>430.6</ele>
        <time>2026-09-23T06:25:42Z</time>
      </trkpt>
      <trkpt lat="46.230195" lon="6.053157">
        <ele>430.6</ele>
        <time>2026-09-23T06:25:43Z</time>
      </trkpt>
      <trkpt lat="46.230186" lon="6.053056">
        <ele>430.6</ele>
        <time>2026-09-23T06:25:44Z</time>
      </trkpt>
      <trkpt lat="46.230177" lon="6.052958">
        <ele>430.6</ele>
        <time>2026-09-23T06:25:45Z</time>
      </trkpt>
      <trkpt lat="46.230169" lon="6.052857">
        <ele>430.5</ele>
        <time>2026-09-23T06:25:46Z</time>
      </trkpt>
      <trkpt lat="46.23016" lon="6.052759">
        <ele>430.5</ele>
        <time>2026-09-23T06:25:47Z</time>
      </trkpt>
      <trkpt lat="46.230158" lon="6.052662">
        <ele>430.5</ele>
        <time>2026-09-23T06:25:48Z</time>
      </trkpt>
      <trkpt lat="46.230148" lon="6.052572">
        <ele>430.5</ele>
        <time>2026-09-23T06:25:49Z</time>
      </trkpt>
      <trkpt lat="46.230117" lon="6.052489">
        <ele>430.3</ele>
        <time>2026-09-23T06:25:50Z</time>
      </trkpt>
      <trkpt lat="46.230063" lon="6.052422">
        <ele>430.1</ele>
        <time>2026-09-23T06:25:51Z</time>
      </trkpt>
      <trkpt lat="46.230011" lon="6.05236">
        <ele>429.9</ele>
        <time>2026-09-23T06:25:52Z</time>
      </trkpt>
      <trkpt lat="46.229962" lon="6.052282">
        <ele>429.6</ele>
        <time>2026-09-23T06:25:53Z</time>
      </trkpt>
      <trkpt lat="46.229911" lon="6.052205">
        <ele>429.3</ele>
        <time>2026-09-23T06:25:54Z</time>
      </trkpt>
      <trkpt lat="46.229852" lon="6.052136">
        <ele>429.0</ele>
        <time>2026-09-23T06:25:55Z</time>
      </trkpt>
      <trkpt lat="46.229779" lon="6.052079">
        <ele>428.7</ele>
        <time>2026-09-23T06:25:56Z</time>
      </trkpt>
      <trkpt lat="46.229704" lon="6.052034">
        <ele>428.3</ele>
        <time>2026-09-23T06:25:57Z</time>
      </trkpt>
      <trkpt lat="46.229625" lon="6.05199">
        <ele>427.9</ele>
        <time>2026-09-23T06:25:58Z</time>
      </trkpt>
      <trkpt lat="46.229546" lon="6.051949">
        <ele>427.5</ele>
        <time>2026-09-23T06:25:59Z</time>
      </trkpt>
      <trkpt lat="46.229465" lon="6.051902">
        <ele>427.3</ele>
        <time>2026-09-23T06:26:00Z</time>
      </trkpt>
      <trkpt lat="46.229384" lon="6.051856">
        <ele>427.3</ele>
        <time>2026-09-23T06:26:01Z</time>
      </trkpt>
      <trkpt lat="46.229303" lon="6.051808">
        <ele>427.2</ele>
        <time>2026-09-23T06:26:02Z</time>
      </trkpt>
      <trkpt lat="46.229222" lon="6.051759">
        <ele>427.1</ele>
        <time>2026-09-23T06:26:03Z</time>
      </trkpt>
      <trkpt lat="46.22914" lon="6.051704">
        <ele>427.0</ele>
        <time>2026-09-23T06:26:04Z</time>
      </trkpt>
      <trkpt lat="46.229074" lon="6.051615">
        <ele>427.0</ele>
        <time>2026-09-23T06:26:05Z</time>
      </trkpt>
      <trkpt lat="46.229026" lon="6.0515">
        <ele>427.1</ele>
        <time>2026-09-23T06:26:06Z</time>
      </trkpt>
      <trkpt lat="46.229004" lon="6.051367">
        <ele>427.2</ele>
        <time>2026-09-23T06:26:07Z</time>
      </trkpt>
      <trkpt lat="46.229" lon="6.051243">
        <ele>427.4</ele>
        <time>2026-09-23T06:26:08Z</time>
      </trkpt>
      <trkpt lat="46.228995" lon="6.051129">
        <ele>427.6</ele>
        <time>2026-09-23T06:26:09Z</time>
      </trkpt>
      <trkpt lat="46.228985" lon="6.051019">
        <ele>427.8</ele>
        <time>2026-09-23T06:26:10Z</time>
      </trkpt>
      <trkpt lat="46.228978" lon="6.050915">
        <ele>428.0</ele>
        <time>2026-09-23T06:26:11Z</time>
      </trkpt>
      <trkpt lat="46.22898" lon="6.050812">
        <ele>428.2</ele>
        <time>2026-09-23T06:26:12Z</time>
      </trkpt>
      <trkpt lat="46.228999" lon="6.050713">
        <ele>428.3</ele>
        <time>2026-09-23T06:26:13Z</time>
      </trkpt>
      <trkpt lat="46.229041" lon="6.050621">
        <ele>428.4</ele>
        <time>2026-09-23T06:26:14Z</time>
      </trkpt>
      <trkpt lat="46.22908" lon="6.050537">
        <ele>428.5</ele>
        <time>2026-09-23T06:26:15Z</time>
      </trkpt>
      <trkpt lat="46.229117" lon="6.050455">
        <ele>428.7</ele>
        <time>2026-09-23T06:26:16Z</time>
      </trkpt>
      <trkpt lat="46.229154" lon="6.050376">
        <ele>428.8</ele>
        <time>2026-09-23T06:26:17Z</time>
      </trkpt>
      <trkpt lat="46.22919" lon="6.050299">
        <ele>429.0</ele>
        <time>2026-09-23T06:26:18Z</time>
      </trkpt>
      <trkpt lat="46.229222" lon="6.050221">
        <ele>429.1</ele>
        <time>2026-09-23T06:26:19Z</time>
      </trkpt>
      <trkpt lat="46.229256" lon="6.050144">
        <ele>429.3</ele>
        <time>2026-09-23T06:26:20Z</time>
      </trkpt>
      <trkpt lat="46.229285" lon="6.050066">
        <ele>429.4</ele>
        <time>2026-09-23T06:26:21Z</time>
      </trkpt>
      <trkpt lat="46.229316" lon="6.049991">
        <ele>429.5</ele>
        <time>2026-09-23T06:26:22Z</time>
      </trkpt>
      <trkpt lat="46.229344" lon="6.049914">
        <ele>429.7</ele>
        <time>2026-09-23T06:26:23Z</time>
      </trkpt>
      <trkpt lat="46.229376" lon="6.049841">
        <ele>429.8</ele>
        <time>2026-09-23T06:26:24Z</time>
      </trkpt>
      <trkpt lat="46.229405" lon="6.049771">
        <ele>429.9</ele>
        <time>2026-09-23T06:26:25Z</time>
      </trkpt>
      <trkpt lat="46.229436" lon="6.049697">
        <ele>430.1</ele>
        <time>2026-09-23T06:26:26Z</time>
      </trkpt>
      <trkpt lat="46.229466" lon="6.049624">
        <ele>430.3</ele>
        <time>2026-09-23T06:26:27Z</time>
      </trkpt>
      <trkpt lat="46.229491" lon="6.049558">
        <ele>430.5</ele>
        <time>2026-09-23T06:26:28Z</time>
      </trkpt>
      <trkpt lat="46.229522" lon="6.049494">
        <ele>430.7</ele>
        <time>2026-09-23T06:26:29Z</time>
      </trkpt>
      <trkpt lat="46.229552" lon="6.04943">
        <ele>431.0</ele>
        <time>2026-09-23T06:26:30Z</time>
      </trkpt>
      <trkpt lat="46.229578" lon="6.04937">
        <ele>431.2</ele>
        <time>2026-09-23T06:26:31Z</time>
      </trkpt>
      <trkpt lat="46.229601" lon="6.049311">
        <ele>431.4</ele>
        <time>2026-09-23T06:26:32Z</time>
      </trkpt>
      <trkpt lat="46.229629" lon="6.04925">
        <ele>431.6</ele>
        <time>2026-09-23T06:26:33Z</time>
      </trkpt>
      <trkpt lat="46.229653" lon="6.04919">
        <ele>431.8</ele>
        <time>2026-09-23T06:26:34Z</time>
      </trkpt>
      <trkpt lat="46.229676" lon="6.049131">
        <ele>432.0</ele>
        <time>2026-09-23T06:26:35Z</time>
      </trkpt>
      <trkpt lat="46.229698" lon="6.049071">
        <ele>432.2</ele>
        <time>2026-09-23T06:26:36Z</time>
      </trkpt>
      <trkpt lat="46.229724" lon="6.049013">
        <ele>432.4</ele>
        <time>2026-09-23T06:26:37Z</time>
      </trkpt>
      <trkpt lat="46.229747" lon="6.048954">
        <ele>432.6</ele>
        <time>2026-09-23T06:26:38Z</time>
      </trkpt>
      <trkpt lat="46.229771" lon="6.048896">
        <ele>432.8</ele>
        <time>2026-09-23T06:26:39Z</time>
      </trkpt>
      <trkpt lat="46.229793" lon="6.048839">
        <ele>433.0</ele>
        <time>2026-09-23T06:26:40Z</time>
      </trkpt>
      <trkpt lat="46.229818" lon="6.048778">
        <ele>433.1</ele>
        <time>2026-09-23T06:26:41Z</time>
      </trkpt>
      <trkpt lat="46.229843" lon="6.048722">
        <ele>433.3</ele>
        <time>2026-09-23T06:26:42Z</time>
      </trkpt>
      <trkpt lat="46.229869" lon="6.048665">
        <ele>433.4</ele>
        <time>2026-09-23T06:26:43Z</time>
      </trkpt>
      <trkpt lat="46.229891" lon="6.048603">
        <ele>433.6</ele>
        <time>2026-09-23T06:26:44Z</time>
      </trkpt>
      <trkpt lat="46.229914" lon="6.048542">
        <ele>433.7</ele>
        <time>2026-09-23T06:26:45Z</time>
      </trkpt>
      <trkpt lat="46.229937" lon="6.048485">
        <ele>433.8</ele>
        <time>2026-09-23T06:26:46Z</time>
      </trkpt>
      <trkpt lat="46.229962" lon="6.048426">
        <ele>434.0</ele>
        <time>2026-09-23T06:26:47Z</time>
      </trkpt>
      <trkpt lat="46.229988" lon="6.048366">
        <ele>434.2</ele>
        <time>2026-09-23T06:26:48Z</time>
      </trkpt>
      <trkpt lat="46.230015" lon="6.048308">
        <ele>434.4</ele>
        <time>2026-09-23T06:26:49Z</time>
      </trkpt>
      <trkpt lat="46.230038" lon="6.04825">
        <ele>434.6</ele>
        <time>2026-09-23T06:26:50Z</time>
      </trkpt>
      <trkpt lat="46.230062" lon="6.048191">
        <ele>434.7</ele>
        <time>2026-09-23T06:26:51Z</time>
      </trkpt>
      <trkpt lat="46.230088" lon="6.048133">
        <ele>434.9</ele>
        <time>2026-09-23T06:26:52Z</time>
      </trkpt>
      <trkpt lat="46.230113" lon="6.048073">
        <ele>435.1</ele>
        <time>2026-09-23T06:26:53Z</time>
      </trkpt>
      <trkpt lat="46.230138" lon="6.048014">
        <ele>435.3</ele>
        <time>2026-09-23T06:26:54Z</time>
      </trkpt>
      <trkpt lat="46.230163" lon="6.047959">
        <ele>435.5</ele>
        <time>2026-09-23T06:26:55Z</time>
      </trkpt>
      <trkpt lat="46.230188" lon="6.047898">
        <ele>435.7</ele>
        <time>2026-09-23T06:26:56Z</time>
      </trkpt>
      <trkpt lat="46.230212" lon="6.04784">
        <ele>435.9</ele>
        <time>2026-09-23T06:26:57Z</time>
      </trkpt>
      <trkpt lat="46.230236" lon="6.047782">
        <ele>436.1</ele>
        <time>2026-09-23T06:26:58Z</time>
      </trkpt>
      <trkpt lat="46.230262" lon="6.047725">
        <ele>436.3</ele>
        <time>2026-09-23T06:26:59Z</time>
      </trkpt>
      <trkpt lat="46.230287" lon="6.047669">
        <ele>436.5</ele>
        <time>2026-09-23T06:27:00Z</time>
      </trkpt>
      <trkpt lat="46.230312" lon="6.047608">
        <ele>436.7</ele>
        <time>2026-09-23T06:27:01Z</time>
      </trkpt>
      <trkpt lat="46.230337" lon="6.047551">
        <ele>436.9</ele>
        <time>2026-09-23T06:27:02Z</time>
      </trkpt>
      <trkpt lat="46.230359" lon="6.047488">
        <ele>437.1</ele>
        <time>2026-09-23T06:27:03Z</time>
      </trkpt>
      <trkpt lat="46.230383" lon="6.047431">
        <ele>437.3</ele>
        <time>2026-09-23T06:27:04Z</time>
      </trkpt>
      <trkpt lat="46.230409" lon="6.047371">
        <ele>437.5</ele>
        <time>2026-09-23T06:27:05Z</time>
      </trkpt>
      <trkpt lat="46.230435" lon="6.047313">
        <ele>437.7</ele>
        <time>2026-09-23T06:27:06Z</time>
      </trkpt>
      <trkpt lat="46.230459" lon="6.047254">
        <ele>437.9</ele>
        <time>2026-09-23T06:27:07Z</time>
      </trkpt>
      <trkpt lat="46.230482" lon="6.047195">
        <ele>438.1</ele>
        <time>2026-09-23T06:27:08Z</time>
      </trkpt>
      <trkpt lat="46.230507" lon="6.047137">
        <ele>438.3</ele>
        <time>2026-09-23T06:27:09Z</time>
      </trkpt>
      <trkpt lat="46.230531" lon="6.047079">
        <ele>438.5</ele>
        <time>2026-09-23T06:27:10Z</time>
      </trkpt>
      <trkpt lat="46.230556" lon="6.047023">
        <ele>438.7</ele>
        <time>2026-09-23T06:27:11Z</time>
      </trkpt>
      <trkpt lat="46.23058" lon="6.046963">
        <ele>438.9</ele>
        <time>2026-09-23T06:27:12Z</time>
      </trkpt>
      <trkpt lat="46.230603" lon="6.046909">
        <ele>439.1</ele>
        <time>2026-09-23T06:27:13Z</time>
      </trkpt>
      <trkpt lat="46.230628" lon="6.046848">
        <ele>439.3</ele>
        <time>2026-09-23T06:27:14Z</time>
      </trkpt>
      <trkpt lat="46.230653" lon="6.046795">
        <ele>439.5</ele>
        <time>2026-09-23T06:27:15Z</time>
      </trkpt>
      <trkpt lat="46.23068" lon="6.046736">
        <ele>439.7</ele>
        <time>2026-09-23T06:27:16Z</time>
      </trkpt>
      <trkpt lat="46.230703" lon="6.046677">
        <ele>439.9</ele>
        <time>2026-09-23T06:27:17Z</time>
      </trkpt>
      <trkpt lat="46.230725" lon="6.046619">
        <ele>440.1</ele>
        <time>2026-09-23T06:27:18Z</time>
      </trkpt>
      <trkpt lat="46.23075" lon="6.04656">
        <ele>440.3</ele>
        <time>2026-09-23T06:27:19Z</time>
      </trkpt>
      <trkpt lat="46.230772" lon="6.046503">
        <ele>440.5</ele>
        <time>2026-09-23T06:27:20Z</time>
      </trkpt>
      <trkpt lat="46.230794" lon="6.046449">
        <ele>440.7</ele>
        <time>2026-09-23T06:27:21Z</time>
      </trkpt>
      <trkpt lat="46.230815" lon="6.046397">
        <ele>440.9</ele>
        <time>2026-09-23T06:27:22Z</time>
      </trkpt>
      <trkpt lat="46.230847" lon="6.046344">
        <ele>441.2</ele>
        <time>2026-09-23T06:27:23Z</time>
      </trkpt>
      <trkpt lat="46.230882" lon="6.046303">
        <ele>441.4</ele>
        <time>2026-09-23T06:27:24Z</time>
      </trkpt>
      <trkpt lat="46.230922" lon="6.046271">
        <ele>441.5</ele>
        <time>2026-09-23T06:27:25Z</time>
      </trkpt>
      <trkpt lat="46.230964" lon="6.046247">
        <ele>441.7</ele>
        <time>2026-09-23T06:27:26Z</time>
      </trkpt>
      <trkpt lat="46.231008" lon="6.046231">
        <ele>441.9</ele>
        <time>2026-09-23T06:27:27Z</time>
      </trkpt>
      <trkpt lat="46.231051" lon="6.04622">
        <ele>442.0</ele>
        <time>2026-09-23T06:27:28Z</time>
      </trkpt>
      <trkpt lat="46.231091" lon="6.046202">
        <ele>442.2</ele>
        <time>2026-09-23T06:27:29Z</time>
      </trkpt>
      <trkpt lat="46.231131" lon="6.046185">
        <ele>442.4</ele>
        <time>2026-09-23T06:27:30Z</time>
      </trkpt>
      <trkpt lat="46.231169" lon="6.046171">
        <ele>442.6</ele>
        <time>2026-09-23T06:27:31Z</time>
      </trkpt>
      <trkpt lat="46.231209" lon="6.046151">
        <ele>442.8</ele>
        <time>2026-09-23T06:27:32Z</time>
      </trkpt>
      <trkpt lat="46.231249" lon="6.046133">
        <ele>443.0</ele>
        <time>2026-09-23T06:27:33Z</time>
      </trkpt>
      <trkpt lat="46.231291" lon="6.046118">
        <ele>443.2</ele>
        <time>2026-09-23T06:27:34Z</time>
      </trkpt>
      <trkpt lat="46.23133" lon="6.046105">
        <ele>443.4</ele>
        <time>2026-09-23T06:27:35Z</time>
      </trkpt>
      <trkpt lat="46.231372" lon="6.046087">
        <ele>443.5</ele>
        <time>2026-09-23T06:27:36Z</time>
      </trkpt>
      <trkpt lat="46.231419" lon="6.046078">
        <ele>443.8</ele>
        <time>2026-09-23T06:27:37Z</time>
      </trkpt>
      <trkpt lat="46.231465" lon="6.046089">
        <ele>443.9</ele>
        <time>2026-09-23T06:27:38Z</time>
      </trkpt>
      <trkpt lat="46.231507" lon="6.046113">
        <ele>443.9</ele>
        <time>2026-09-23T06:27:39Z</time>
      </trkpt>
      <trkpt lat="46.23155" lon="6.046137">
        <ele>444.0</ele>
        <time>2026-09-23T06:27:40Z</time>
      </trkpt>
      <trkpt lat="46.231592" lon="6.046165">
        <ele>443.9</ele>
        <time>2026-09-23T06:27:41Z</time>
      </trkpt>
      <trkpt lat="46.231634" lon="6.046203">
        <ele>443.8</ele>
        <time>2026-09-23T06:27:42Z</time>
      </trkpt>
      <trkpt lat="46.231673" lon="6.046238">
        <ele>443.7</ele>
        <time>2026-09-23T06:27:43Z</time>
      </trkpt>
      <trkpt lat="46.231712" lon="6.046271">
        <ele>443.6</ele>
        <time>2026-09-23T06:27:44Z</time>
      </trkpt>
      <trkpt lat="46.231751" lon="6.046305">
        <ele>443.5</ele>
        <time>2026-09-23T06:27:45Z</time>
      </trkpt>
      <trkpt lat="46.231794" lon="6.046334">
        <ele>443.4</ele>
        <time>2026-09-23T06:27:46Z</time>
      </trkpt>
      <trkpt lat="46.23184" lon="6.046325">
        <ele>443.4</ele>
        <time>2026-09-23T06:27:47Z</time>
      </trkpt>
      <trkpt lat="46.231881" lon="6.046285">
        <ele>443.4</ele>
        <time>2026-09-23T06:27:48Z</time>
      </trkpt>
      <trkpt lat="46.231922" lon="6.04623">
        <ele>443.6</ele>
        <time>2026-09-23T06:27:49Z</time>
      </trkpt>
      <trkpt lat="46.231943" lon="6.046166">
        <ele>443.8</ele>
        <time>2026-09-23T06:27:50Z</time>
      </trkpt>
      <trkpt lat="46.231956" lon="6.046106">
        <ele>443.9</ele>
        <time>2026-09-23T06:27:51Z</time>
      </trkpt>
      <trkpt lat="46.231973" lon="6.046051">
        <ele>444.0</ele>
        <time>2026-09-23T06:27:52Z</time>
      </trkpt>
      <trkpt lat="46.231992" lon="6.045997">
        <ele>444.2</ele>
        <time>2026-09-23T06:27:53Z</time>
      </trkpt>
      <trkpt lat="46.232014" lon="6.045945">
        <ele>444.3</ele>
        <time>2026-09-23T06:27:54Z</time>
      </trkpt>
      <trkpt lat="46.232034" lon="6.045897">
        <ele>444.5</ele>
        <time>2026-09-23T06:27:55Z</time>
      </trkpt>
      <trkpt lat="46.232053" lon="6.04585">
        <ele>444.6</ele>
        <time>2026-09-23T06:27:56Z</time>
      </trkpt>
      <trkpt lat="46.232072" lon="6.045804">
        <ele>444.7</ele>
        <time>2026-09-23T06:27:57Z</time>
      </trkpt>
      <trkpt lat="46.232093" lon="6.045757">
        <ele>444.9</ele>
        <time>2026-09-23T06:27:58Z</time>
      </trkpt>
      <trkpt lat="46.232114" lon="6.045709">
        <ele>445.0</ele>
        <time>2026-09-23T06:27:59Z</time>
      </trkpt>
      <trkpt lat="46.232133" lon="6.045662">
        <ele>445.1</ele>
        <time>2026-09-23T06:28:00Z</time>
      </trkpt>
      <trkpt lat="46.232153" lon="6.045614">
        <ele>445.3</ele>
        <time>2026-09-23T06:28:01Z</time>
      </trkpt>
      <trkpt lat="46.232172" lon="6.045569">
        <ele>445.4</ele>
        <time>2026-09-23T06:28:02Z</time>
      </trkpt>
      <trkpt lat="46.232192" lon="6.045523">
        <ele>445.5</ele>
        <time>2026-09-23T06:28:03Z</time>
      </trkpt>
      <trkpt lat="46.232211" lon="6.045475">
        <ele>445.6</ele>
        <time>2026-09-23T06:28:04Z</time>
      </trkpt>
      <trkpt lat="46.232229" lon="6.045427">
        <ele>445.8</ele>
        <time>2026-09-23T06:28:05Z</time>
      </trkpt>
      <trkpt lat="46.232247" lon="6.045383">
        <ele>445.9</ele>
        <time>2026-09-23T06:28:06Z</time>
      </trkpt>
      <trkpt lat="46.232263" lon="6.045341">
        <ele>446.0</ele>
        <time>2026-09-23T06:28:07Z</time>
      </trkpt>
      <trkpt lat="46.232279" lon="6.045305">
        <ele>446.1</ele>
        <time>2026-09-23T06:28:08Z</time>
      </trkpt>
      <trkpt lat="46.232299" lon="6.045293">
        <ele>446.4</ele>
        <time>2026-09-23T06:28:09Z</time>
      </trkpt>
      <trkpt lat="46.232316" lon="6.045331">
        <ele>446.7</ele>
        <time>2026-09-23T06:28:10Z</time>
      </trkpt>
      <trkpt lat="46.232328" lon="6.045369">
        <ele>446.9</ele>
        <time>2026-09-23T06:28:11Z</time>
      </trkpt>
      <trkpt lat="46.232351" lon="6.045398">
        <ele>447.2</ele>
        <time>2026-09-23T06:28:12Z</time>
      </trkpt>
      <trkpt lat="46.23238" lon="6.045408">
        <ele>447.4</ele>
        <time>2026-09-23T06:28:13Z</time>
      </trkpt>
      <trkpt lat="46.232392" lon="6.045425">
        <ele>447.6</ele>
        <time>2026-09-23T06:28:14Z</time>
      </trkpt>
      <trkpt lat="46.232416" lon="6.045435">
        <ele>447.8</ele>
        <time>2026-09-23T06:28:15Z</time>
      </trkpt>
      <trkpt lat="46.232423" lon="6.045436">
        <ele>447.9</ele>
        <time>2026-09-23T06:28:16Z</time>
      </trkpt>
      <trkpt lat="46.232419" lon="6.045428">
        <ele>447.9</ele>
        <time>2026-09-23T06:28:17Z</time>
      </trkpt>
      <trkpt lat="46.232411" lon="6.045427">
        <ele>448.0</ele>
        <time>2026-09-23T06:28:18Z</time>
      </trkpt>
      <trkpt lat="46.232416" lon="6.04543">
        <ele>448.1</ele>
        <time>2026-09-23T06:28:19Z</time>
      </trkpt>
      <trkpt lat="46.232414" lon="6.04543">
        <ele>448.1</ele>
        <time>2026-09-23T06:28:20Z</time>
      </trkpt>
      <trkpt lat="46.232411" lon="6.045422">
        <ele>448.1</ele>
        <time>2026-09-23T06:28:21Z</time>
      </trkpt>
      <trkpt lat="46.232415" lon="6.045421">
        <ele>448.2</ele>
        <time>2026-09-23T06:28:22Z</time>
      </trkpt>
      <trkpt lat="46.232415" lon="6.045419">
        <ele>448.2</ele>
        <time>2026-09-23T06:28:23Z</time>
      </trkpt>
      <trkpt lat="46.232416" lon="6.045428">
        <ele>448.2</ele>
        <time>2026-09-23T06:28:24Z</time>
      </trkpt>
      <trkpt lat="46.232417" lon="6.045434">
        <ele>448.3</ele>
        <time>2026-09-23T06:28:25Z</time>
      </trkpt>
      <trkpt lat="46.232421" lon="6.045422">
        <ele>448.4</ele>
        <time>2026-09-23T06:28:26Z</time>
      </trkpt>
      <trkpt lat="46.232433" lon="6.045421">
        <ele>448.5</ele>
        <time>2026-09-23T06:28:27Z</time>
      </trkpt>
      <trkpt lat="46.232434" lon="6.045432">
        <ele>448.5</ele>
        <time>2026-09-23T06:28:28Z</time>
      </trkpt>
      <trkpt lat="46.232435" lon="6.04544">
        <ele>448.6</ele>
        <time>2026-09-23T06:28:29Z</time>
      </trkpt>
      <trkpt lat="46.232438" lon="6.045448">
        <ele>448.6</ele>
        <time>2026-09-23T06:28:30Z</time>
      </trkpt>
      <trkpt lat="46.232441" lon="6.045458">
        <ele>448.7</ele>
        <time>2026-09-23T06:28:31Z</time>
      </trkpt>
      <trkpt lat="46.232437" lon="6.04546">
        <ele>448.7</ele>
        <time>2026-09-23T06:28:32Z</time>
      </trkpt>
      <trkpt lat="46.232439" lon="6.04546">
        <ele>448.8</ele>
        <time>2026-09-23T06:28:33Z</time>
      </trkpt>
      <trkpt lat="46.232436" lon="6.045464">
        <ele>448.8</ele>
        <time>2026-09-23T06:28:34Z</time>
      </trkpt>
      <trkpt lat="46.232426" lon="6.045492">
        <ele>448.9</ele>
        <time>2026-09-23T06:28:35Z</time>
      </trkpt>
      <trkpt lat="46.232421" lon="6.045506">
        <ele>449.0</ele>
        <time>2026-09-23T06:28:36Z</time>
      </trkpt>
      <trkpt lat="46.23242" lon="6.045513">
        <ele>449.1</ele>
        <time>2026-09-23T06:28:37Z</time>
      </trkpt>
      <trkpt lat="46.232422" lon="6.045503">
        <ele>449.1</ele>
        <time>2026-09-23T06:28:38Z</time>
      </trkpt>
      <trkpt lat="46.232426" lon="6.045496">
        <ele>449.1</ele>
        <time>2026-09-23T06:28:39Z</time>
      </trkpt>
      <trkpt lat="46.232426" lon="6.045494">
        <ele>449.2</ele>
        <time>2026-09-23T06:28:40Z</time>
      </trkpt>
      <trkpt lat="46.23243" lon="6.045489">
        <ele>449.2</ele>
        <time>2026-09-23T06:28:41Z</time>
      </trkpt>
      <trkpt lat="46.232431" lon="6.045487">
        <ele>449.2</ele>
        <time>2026-09-23T06:28:42Z</time>
      </trkpt>
      <trkpt lat="46.23243" lon="6.045483">
        <ele>449.2</ele>
        <time>2026-09-23T06:28:43Z</time>
      </trkpt>
      <trkpt lat="46.23243" lon="6.045483">
        <ele>449.2</ele>
        <time>2026-09-23T06:28:44Z</time>
      </trkpt>
      <trkpt lat="46.23243" lon="6.045483">
        <ele>449.2</ele>
        <time>2026-09-23T06:28:45Z</time>
      </trkpt>
      <trkpt lat="46.232434" lon="6.045466">
        <ele>449.3</ele>
        <time>2026-09-23T06:28:46Z</time>
      </trkpt>
      <trkpt lat="46.232438" lon="6.045461">
        <ele>449.3</ele>
        <time>2026-09-23T06:28:47Z</time>
      </trkpt>
      <trkpt lat="46.232437" lon="6.045457">
        <ele>449.4</ele>
        <time>2026-09-23T06:28:48Z</time>
      </trkpt>
      <trkpt lat="46.232436" lon="6.045462">
        <ele>449.4</ele>
        <time>2026-09-23T06:28:49Z</time>
      </trkpt>
      <trkpt lat="46.232438" lon="6.045462">
        <ele>449.4</ele>
        <time>2026-09-23T06:28:50Z</time>
      </trkpt>
      <trkpt lat="46.232442" lon="6.045459">
        <ele>449.4</ele>
        <time>2026-09-23T06:28:51Z</time>
      </trkpt>
      <trkpt lat="46.232445" lon="6.045453">
        <ele>449.5</ele>
        <time>2026-09-23T06:28:52Z</time>
      </trkpt>
      <trkpt lat="46.232448" lon="6.045452">
        <ele>449.5</ele>
        <time>2026-09-23T06:28:53Z</time>
      </trkpt>
      <trkpt lat="46.232453" lon="6.045459">
        <ele>449.5</ele>
        <time>2026-09-23T06:28:54Z</time>
      </trkpt>
      <trkpt lat="46.232458" lon="6.045457">
        <ele>449.6</ele>
        <time>2026-09-23T06:28:55Z</time>
      </trkpt>
      <trkpt lat="46.232456" lon="6.045447">
        <ele>449.6</ele>
        <time>2026-09-23T06:28:56Z</time>
      </trkpt>
      <trkpt lat="46.232455" lon="6.045438">
        <ele>449.6</ele>
        <time>2026-09-23T06:28:57Z</time>
      </trkpt>
      <trkpt lat="46.232449" lon="6.045453">
        <ele>449.6</ele>
        <time>2026-09-23T06:28:58Z</time>
      </trkpt>
      <trkpt lat="46.23245" lon="6.045458">
        <ele>449.6</ele>
        <time>2026-09-23T06:28:59Z</time>
      </trkpt>
      <trkpt lat="46.232449" lon="6.045448">
        <ele>449.7</ele>
        <time>2026-09-23T06:29:00Z</time>
      </trkpt>
      <trkpt lat="46.232452" lon="6.045444">
        <ele>449.7</ele>
        <time>2026-09-23T06:29:01Z</time>
      </trkpt>
      <trkpt lat="46.232454" lon="6.04544">
        <ele>449.7</ele>
        <time>2026-09-23T06:29:02Z</time>
      </trkpt>
      <trkpt lat="46.232459" lon="6.045443">
        <ele>449.7</ele>
        <time>2026-09-23T06:29:03Z</time>
      </trkpt>
      <trkpt lat="46.232459" lon="6.045444">
        <ele>449.7</ele>
        <time>2026-09-23T06:29:04Z</time>
      </trkpt>
      <trkpt lat="46.232458" lon="6.045446">
        <ele>449.7</ele>
        <time>2026-09-23T06:29:05Z</time>
      </trkpt>
      <trkpt lat="46.232463" lon="6.045438">
        <ele>449.7</ele>
        <time>2026-09-23T06:29:06Z</time>
      </trkpt>
      <trkpt lat="46.232464" lon="6.045433">
        <ele>449.7</ele>
        <time>2026-09-23T06:29:07Z</time>
      </trkpt>
      <trkpt lat="46.232464" lon="6.045433">
        <ele>449.7</ele>
        <time>2026-09-23T06:29:08Z</time>
      </trkpt>
    </trkseg>
  </trk>
</gpx>