<?xml version="1.0" encoding="UTF-8"?>
<gpx xmlns="http://www.topografix.com/GPX/1/1" xmlns:xsi="http://www.w3.org/2001/XMLSchema-instance" xsi:schemaLocation="http://www.topografix.com/GPX/1/1 http://www.topografix.com/GPX/1/1/gpx.xsd" version="1.1" creator="gpx.py -- https://github.com/tkrajina/gpxpy">
  <metadata>
    <name>1791525044.Friday_Morning_Cycle</name>
    <time>2026-10-09T05:50:44Z</time>
    <keywords>20512032916</keywords>
  </metadata>
  <trk>
    <name>1791525044.Friday_Morning_Cycle</name>
    <cmt>2026-10-09</cmt>
    <type>Ride</type>
    <trkseg>
      <trkpt lat="46.331668" lon="6.194254">
        <ele>396.9</ele>
        <time>2026-10-09T05:50:44Z</time>
      </trkpt>
      <trkpt lat="46.331668" lon="6.194254">
        <ele>396.9</ele>
        <time>2026-10-09T05:50:52Z</time>
      </trkpt>
      <trkpt lat="46.331668" lon="6.194254">
        <ele>396.9</ele>
        <time>2026-10-09T05:50:55Z</time>
      </trkpt>
      <trkpt lat="46.331848" lon="6.194212">
        <ele>396.8</ele>
        <time>2026-10-09T05:50:58Z</time>
      </trkpt>
      <trkpt lat="46.331716" lon="6.194394">
        <ele>396.6</ele>
        <time>2026-10-09T05:51:01Z</time>
      </trkpt>
      <trkpt lat="46.331717" lon="6.194352">
        <ele>396.6</ele>
        <time>2026-10-09T05:51:02Z</time>
      </trkpt>
      <trkpt lat="46.33171" lon="6.194351">
        <ele>396.6</ele>
        <time>2026-10-09T05:51:03Z</time>
      </trkpt>
      <trkpt lat="46.331725" lon="6.194353">
        <ele>396.6</ele>
        <time>2026-10-09T05:51:04Z</time>
      </trkpt>
      <trkpt lat="46.331737" lon="6.194352">
        <ele>396.6</ele>
        <time>2026-10-09T05:51:05Z</time>
      </trkpt>
      <trkpt lat="46.331738" lon="6.194363">
        <ele>396.6</ele>
        <time>2026-10-09T05:51:06Z</time>
      </trkpt>
      <trkpt lat="46.331738" lon="6.194363">
        <ele>396.6</ele>
        <time>2026-10-09T05:51:07Z</time>
      </trkpt>
      <trkpt lat="46.331745" lon="6.194361">
        <ele>396.6</ele>
        <time>2026-10-09T05:51:08Z</time>
      </trkpt>
      <trkpt lat="46.331747" lon="6.194366">
        <ele>396.6</ele>
        <time>2026-10-09T05:51:09Z</time>
      </trkpt>
      <trkpt lat="46.331758" lon="6.19435">
        <ele>396.6</ele>
        <time>2026-10-09T05:51:10Z</time>
      </trkpt>
      <trkpt lat="46.331761" lon="6.194344">
        <ele>396.6</ele>
        <time>2026-10-09T05:51:11Z</time>
      </trkpt>
      <trkpt lat="46.331765" lon="6.194375">
        <ele>396.6</ele>
        <time>2026-10-09T05:51:12Z</time>
      </trkpt>
      <trkpt lat="46.331769" lon="6.194398">
        <ele>396.5</ele>
        <time>2026-10-09T05:51:13Z</time>
      </trkpt>
      <trkpt lat="46.331772" lon="6.194417">
        <ele>396.5</ele>
        <time>2026-10-09T05:51:14Z</time>
      </trkpt>
      <trkpt lat="46.331775" lon="6.194441">
        <ele>396.5</ele>
        <time>2026-10-09T05:51:15Z</time>
      </trkpt>
      <trkpt lat="46.331777" lon="6.194464">
        <ele>396.5</ele>
        <time>2026-10-09T05:51:16Z</time>
      </trkpt>
      <trkpt lat="46.331756" lon="6.194504">
        <ele>396.5</ele>
        <time>2026-10-09T05:51:17Z</time>
      </trkpt>
      <trkpt lat="46.331746" lon="6.194542">
        <ele>396.5</ele>
        <time>2026-10-09T05:51:18Z</time>
      </trkpt>
      <trkpt lat="46.331737" lon="6.19458">
        <ele>396.5</ele>
        <time>2026-10-09T05:51:19Z</time>
      </trkpt>
      <trkpt lat="46.331725" lon="6.194621">
        <ele>396.4</ele>
        <time>2026-10-09T05:51:20Z</time>
      </trkpt>
      <trkpt lat="46.331709" lon="6.194651">
        <ele>396.4</ele>
        <time>2026-10-09T05:51:21Z</time>
      </trkpt>
      <trkpt lat="46.331668" lon="6.194697">
        <ele>396.4</ele>
        <time>2026-10-09T05:51:22Z</time>
      </trkpt>
      <trkpt lat="46.331629" lon="6.194729">
        <ele>396.4</ele>
        <time>2026-10-09T05:51:23Z</time>
      </trkpt>
      <trkpt lat="46.331572" lon="6.194736">
        <ele>396.4</ele>
        <time>2026-10-09T05:51:24Z</time>
      </trkpt>
      <trkpt lat="46.331513" lon="6.194703">
        <ele>396.4</ele>
        <time>2026-10-09T05:51:25Z</time>
      </trkpt>
      <trkpt lat="46.33147" lon="6.194666">
        <ele>396.5</ele>
        <time>2026-10-09T05:51:26Z</time>
      </trkpt>
      <trkpt lat="46.331427" lon="6.194646">
        <ele>396.5</ele>
        <time>2026-10-09T05:51:27Z</time>
      </trkpt>
      <trkpt lat="46.331377" lon="6.194625">
        <ele>396.5</ele>
        <time>2026-10-09T05:51:28Z</time>
      </trkpt>
      <trkpt lat="46.331324" lon="6.194601">
        <ele>396.6</ele>
        <time>2026-10-09T05:51:29Z</time>
      </trkpt>
      <trkpt lat="46.331272" lon="6.194583">
        <ele>396.6</ele>
        <time>2026-10-09T05:51:30Z</time>
      </trkpt>
      <trkpt lat="46.331218" lon="6.194558">
        <ele>396.6</ele>
        <time>2026-10-09T05:51:31Z</time>
      </trkpt>
      <trkpt lat="46.331163" lon="6.194526">
        <ele>396.6</ele>
        <time>2026-10-09T05:51:32Z</time>
      </trkpt>
      <trkpt lat="46.3311" lon="6.194499">
        <ele>396.7</ele>
        <time>2026-10-09T05:51:33Z</time>
      </trkpt>
      <trkpt lat="46.33104" lon="6.194479">
        <ele>396.8</ele>
        <time>2026-10-09T05:51:34Z</time>
      </trkpt>
      <trkpt lat="46.330982" lon="6.194453">
        <ele>396.9</ele>
        <time>2026-10-09T05:51:35Z</time>
      </trkpt>
      <trkpt lat="46.330927" lon="6.194423">
        <ele>396.9</ele>
        <time>2026-10-09T05:51:36Z</time>
      </trkpt>
      <trkpt lat="46.330871" lon="6.194401">
        <ele>397.0</ele>
        <time>2026-10-09T05:51:37Z</time>
      </trkpt>
      <trkpt lat="46.330815" lon="6.194371">
        <ele>397.0</ele>
        <time>2026-10-09T05:51:38Z</time>
      </trkpt>
      <trkpt lat="46.330762" lon="6.194342">
        <ele>397.0</ele>
        <time>2026-10-09T05:51:39Z</time>
      </trkpt>
      <trkpt lat="46.330711" lon="6.194315">
        <ele>397.1</ele>
        <time>2026-10-09T05:51:40Z</time>
      </trkpt>
      <trkpt lat="46.330657" lon="6.194291">
        <ele>397.1</ele>
        <time>2026-10-09T05:51:41Z</time>
      </trkpt>
      <trkpt lat="46.330608" lon="6.194262">
        <ele>397.2</ele>
        <time>2026-10-09T05:51:42Z</time>
      </trkpt>
      <trkpt lat="46.330562" lon="6.19423">
        <ele>397.2</ele>
        <time>2026-10-09T05:51:43Z</time>
      </trkpt>
      <trkpt lat="46.33051" lon="6.1942">
        <ele>397.2</ele>
        <time>2026-10-09T05:51:44Z</time>
      </trkpt>
      <trkpt lat="46.330459" lon="6.194166">
        <ele>397.3</ele>
        <time>2026-10-09T05:51:45Z</time>
      </trkpt>
      <trkpt lat="46.330407" lon="6.194145">
        <ele>397.3</ele>
        <time>2026-10-09T05:51:46Z</time>
      </trkpt>
      <trkpt lat="46.330351" lon="6.194123">
        <ele>397.3</ele>
        <time>2026-10-09T05:51:47Z</time>
      </trkpt>
      <trkpt lat="46.330304" lon="6.194094">
        <ele>397.4</ele>
        <time>2026-10-09T05:51:48Z</time>
      </trkpt>
      <trkpt lat="46.330255" lon="6.194061">
        <ele>397.4</ele>
        <time>2026-10-09T05:51:49Z</time>
      </trkpt>
      <trkpt lat="46.330205" lon="6.194038">
        <ele>397.5</ele>
        <time>2026-10-09T05:51:50Z</time>
      </trkpt>
      <trkpt lat="46.330168" lon="6.194019">
        <ele>397.5</ele>
        <time>2026-10-09T05:51:51Z</time>
      </trkpt>
      <trkpt lat="46.330129" lon="6.193958">
        <ele>397.5</ele>
        <time>2026-10-09T05:51:52Z</time>
      </trkpt>
      <trkpt lat="46.330103" lon="6.193885">
        <ele>397.6</ele>
        <time>2026-10-09T05:51:53Z</time>
      </trkpt>
      <trkpt lat="46.330104" lon="6.193801">
        <ele>397.6</ele>
        <time>2026-10-09T05:51:54Z</time>
      </trkpt>
      <trkpt lat="46.330117" lon="6.193724">
        <ele>397.6</ele>
        <time>2026-10-09T05:51:55Z</time>
      </trkpt>
      <trkpt lat="46.330134" lon="6.193657">
        <ele>397.6</ele>
        <time>2026-10-09T05:51:56Z</time>
      </trkpt>
      <trkpt lat="46.330148" lon="6.19359">
        <ele>397.7</ele>
        <time>2026-10-09T05:51:57Z</time>
      </trkpt>
      <trkpt lat="46.330153" lon="6.193523">
        <ele>397.7</ele>
        <time>2026-10-09T05:51:58Z</time>
      </trkpt>
      <trkpt lat="46.330163" lon="6.193455">
        <ele>397.8</ele>
        <time>2026-10-09T05:51:59Z</time>
      </trkpt>
      <trkpt lat="46.330176" lon="6.193386">
        <ele>397.8</ele>
        <time>2026-10-09T05:52:00Z</time>
      </trkpt>
      <trkpt lat="46.330181" lon="6.193321">
        <ele>397.8</ele>
        <time>2026-10-09T05:52:01Z</time>
      </trkpt>
      <trkpt lat="46.330185" lon="6.193263">
        <ele>397.9</ele>
        <time>2026-10-09T05:52:02Z</time>
      </trkpt>
      <trkpt lat="46.330188" lon="6.193214">
        <ele>397.9</ele>
        <time>2026-10-09T05:52:03Z</time>
      </trkpt>
      <trkpt lat="46.330182" lon="6.193185">
        <ele>398.0</ele>
        <time>2026-10-09T05:52:04Z</time>
      </trkpt>
      <trkpt lat="46.330173" lon="6.193174">
        <ele>398.0</ele>
        <time>2026-10-09T05:52:05Z</time>
      </trkpt>
      <trkpt lat="46.33017" lon="6.193163">
        <ele>398.0</ele>
        <time>2026-10-09T05:52:06Z</time>
      </trkpt>
      <trkpt lat="46.330162" lon="6.193142">
        <ele>398.0</ele>
        <time>2026-10-09T05:52:07Z</time>
      </trkpt>
      <trkpt lat="46.330132" lon="6.19312">
        <ele>397.9</ele>
        <time>2026-10-09T05:52:08Z</time>
      </trkpt>
      <trkpt lat="46.330085" lon="6.193111">
        <ele>397.8</ele>
        <time>2026-10-09T05:52:09Z</time>
      </trkpt>
      <trkpt lat="46.330035" lon="6.193142">
        <ele>397.6</ele>
        <time>2026-10-09T05:52:10Z</time>
      </trkpt>
      <trkpt lat="46.32998" lon="6.193158">
        <ele>397.4</ele>
        <time>2026-10-09T05:52:11Z</time>
      </trkpt>
      <trkpt lat="46.329936" lon="6.193145">
        <ele>397.2</ele>
        <time>2026-10-09T05:52:12Z</time>
      </trkpt>
      <trkpt lat="46.329886" lon="6.193148">
        <ele>397.0</ele>
        <time>2026-10-09T05:52:13Z</time>
      </trkpt>
      <trkpt lat="46.329834" lon="6.19316">
        <ele>396.7</ele>
        <time>2026-10-09T05:52:14Z</time>
      </trkpt>
      <trkpt lat="46.329779" lon="6.193175">
        <ele>396.4</ele>
        <time>2026-10-09T05:52:15Z</time>
      </trkpt>
      <trkpt lat="46.32972" lon="6.193202">
        <ele>396.0</ele>
        <time>2026-10-09T05:52:16Z</time>
      </trkpt>
      <trkpt lat="46.329671" lon="6.193235">
        <ele>395.7</ele>
        <time>2026-10-09T05:52:17Z</time>
      </trkpt>
      <trkpt lat="46.329629" lon="6.19333">
        <ele>395.2</ele>
        <time>2026-10-09T05:52:18Z</time>
      </trkpt>
      <trkpt lat="46.329595" lon="6.19343">
        <ele>394.7</ele>
        <time>2026-10-09T05:52:19Z</time>
      </trkpt>
      <trkpt lat="46.329571" lon="6.193545">
        <ele>394.1</ele>
        <time>2026-10-09T05:52:20Z</time>
      </trkpt>
      <trkpt lat="46.329553" lon="6.193659">
        <ele>393.6</ele>
        <time>2026-10-09T05:52:21Z</time>
      </trkpt>
      <trkpt lat="46.329531" lon="6.193779">
        <ele>392.9</ele>
        <time>2026-10-09T05:52:22Z</time>
      </trkpt>
      <trkpt lat="46.329511" lon="6.193905">
        <ele>392.2</ele>
        <time>2026-10-09T05:52:23Z</time>
      </trkpt>
      <trkpt lat="46.329491" lon="6.194033">
        <ele>391.5</ele>
        <time>2026-10-09T05:52:24Z</time>
      </trkpt>
      <trkpt lat="46.329466" lon="6.194167">
        <ele>390.9</ele>
        <time>2026-10-09T05:52:25Z</time>
      </trkpt>
      <trkpt lat="46.329443" lon="6.194305">
        <ele>390.4</ele>
        <time>2026-10-09T05:52:26Z</time>
      </trkpt>
      <trkpt lat="46.329417" lon="6.194446">
        <ele>390.0</ele>
        <time>2026-10-09T05:52:27Z</time>
      </trkpt>
      <trkpt lat="46.32939" lon="6.194585">
        <ele>389.8</ele>
        <time>2026-10-09T05:52:28Z</time>
      </trkpt>
      <trkpt lat="46.329362" lon="6.194723">
        <ele>389.7</ele>
        <time>2026-10-09T05:52:29Z</time>
      </trkpt>
      <trkpt lat="46.329339" lon="6.194862">
        <ele>389.8</ele>
        <time>2026-10-09T05:52:30Z</time>
      </trkpt>
      <trkpt lat="46.329319" lon="6.194995">
        <ele>390.0</ele>
        <time>2026-10-09T05:52:31Z</time>
      </trkpt>
      <trkpt lat="46.32929" lon="6.195098">
        <ele>390.2</ele>
        <time>2026-10-09T05:52:32Z</time>
      </trkpt>
      <trkpt lat="46.329267" lon="6.19519">
        <ele>390.4</ele>
        <time>2026-10-09T05:52:33Z</time>
      </trkpt>
      <trkpt lat="46.329252" lon="6.195275">
        <ele>390.6</ele>
        <time>2026-10-09T05:52:34Z</time>
      </trkpt>
      <trkpt lat="46.329233" lon="6.195361">
        <ele>390.8</ele>
        <time>2026-10-09T05:52:35Z</time>
      </trkpt>
      <trkpt lat="46.329213" lon="6.195442">
        <ele>391.1</ele>
        <time>2026-10-09T05:52:36Z</time>
      </trkpt>
      <trkpt lat="46.329198" lon="6.195517">
        <ele>391.2</ele>
        <time>2026-10-09T05:52:37Z</time>
      </trkpt>
      <trkpt lat="46.329181" lon="6.195589">
        <ele>391.4</ele>
        <time>2026-10-09T05:52:38Z</time>
      </trkpt>
      <trkpt lat="46.329163" lon="6.195661">
        <ele>391.5</ele>
        <time>2026-10-09T05:52:39Z</time>
      </trkpt>
      <trkpt lat="46.329148" lon="6.195729">
        <ele>391.6</ele>
        <time>2026-10-09T05:52:40Z</time>
      </trkpt>
      <trkpt lat="46.329131" lon="6.195795">
        <ele>391.7</ele>
        <time>2026-10-09T05:52:41Z</time>
      </trkpt>
      <trkpt lat="46.329115" lon="6.195861">
        <ele>391.7</ele>
        <time>2026-10-09T05:52:42Z</time>
      </trkpt>
      <trkpt lat="46.329096" lon="6.195928">
        <ele>391.7</ele>
        <time>2026-10-09T05:52:43Z</time>
      </trkpt>
      <trkpt lat="46.329077" lon="6.195994">
        <ele>391.7</ele>
        <time>2026-10-09T05:52:44Z</time>
      </trkpt>
      <trkpt lat="46.329058" lon="6.196063">
        <ele>391.6</ele>
        <time>2026-10-09T05:52:45Z</time>
      </trkpt>
      <trkpt lat="46.329036" lon="6.196128">
        <ele>391.5</ele>
        <time>2026-10-09T05:52:46Z</time>
      </trkpt>
      <trkpt lat="46.329018" lon="6.196199">
        <ele>391.5</ele>
        <time>2026-10-09T05:52:47Z</time>
      </trkpt>
      <trkpt lat="46.328995" lon="6.196271">
        <ele>391.4</ele>
        <time>2026-10-09T05:52:48Z</time>
      </trkpt>
      <trkpt lat="46.328974" lon="6.196348">
        <ele>391.5</ele>
        <time>2026-10-09T05:52:49Z</time>
      </trkpt>
      <trkpt lat="46.328946" lon="6.196426">
        <ele>391.2</ele>
        <time>2026-10-09T05:52:50Z</time>
      </trkpt>
      <trkpt lat="46.328922" lon="6.196504">
        <ele>391.0</ele>
        <time>2026-10-09T05:52:51Z</time>
      </trkpt>
      <trkpt lat="46.328896" lon="6.196586">
        <ele>390.8</ele>
        <time>2026-10-09T05:52:52Z</time>
      </trkpt>
      <trkpt lat="46.328867" lon="6.196673">
        <ele>390.6</ele>
        <time>2026-10-09T05:52:53Z</time>
      </trkpt>
      <trkpt lat="46.328836" lon="6.196765">
        <ele>390.3</ele>
        <time>2026-10-09T05:52:54Z</time>
      </trkpt>
      <trkpt lat="46.328804" lon="6.196859">
        <ele>390.1</ele>
        <time>2026-10-09T05:52:55Z</time>
      </trkpt>
      <trkpt lat="46.32877" lon="6.196955">
        <ele>389.8</ele>
        <time>2026-10-09T05:52:56Z</time>
      </trkpt>
      <trkpt lat="46.328738" lon="6.197055">
        <ele>389.5</ele>
        <time>2026-10-09T05:52:57Z</time>
      </trkpt>
      <trkpt lat="46.328704" lon="6.197157">
        <ele>389.3</ele>
        <time>2026-10-09T05:52:58Z</time>
      </trkpt>
      <trkpt lat="46.328669" lon="6.197261">
        <ele>389.1</ele>
        <time>2026-10-09T05:52:59Z</time>
      </trkpt>
      <trkpt lat="46.328634" lon="6.197366">
        <ele>389.0</ele>
        <time>2026-10-09T05:53:00Z</time>
      </trkpt>
      <trkpt lat="46.328599" lon="6.197468">
        <ele>388.8</ele>
        <time>2026-10-09T05:53:01Z</time>
      </trkpt>
      <trkpt lat="46.32856" lon="6.197569">
        <ele>388.6</ele>
        <time>2026-10-09T05:53:02Z</time>
      </trkpt>
      <trkpt lat="46.328525" lon="6.197666">
        <ele>388.4</ele>
        <time>2026-10-09T05:53:03Z</time>
      </trkpt>
      <trkpt lat="46.328484" lon="6.197768">
        <ele>388.2</ele>
        <time>2026-10-09T05:53:04Z</time>
      </trkpt>
      <trkpt lat="46.328444" lon="6.19787">
        <ele>388.0</ele>
        <time>2026-10-09T05:53:05Z</time>
      </trkpt>
      <trkpt lat="46.328405" lon="6.197973">
        <ele>387.7</ele>
        <time>2026-10-09T05:53:06Z</time>
      </trkpt>
      <trkpt lat="46.328369" lon="6.198077">
        <ele>387.4</ele>
        <time>2026-10-09T05:53:07Z</time>
      </trkpt>
      <trkpt lat="46.328331" lon="6.198182">
        <ele>387.2</ele>
        <time>2026-10-09T05:53:08Z</time>
      </trkpt>
      <trkpt lat="46.328294" lon="6.198285">
        <ele>386.9</ele>
        <time>2026-10-09T05:53:09Z</time>
      </trkpt>
      <trkpt lat="46.328255" lon="6.19839">
        <ele>386.6</ele>
        <time>2026-10-09T05:53:10Z</time>
      </trkpt>
      <trkpt lat="46.328215" lon="6.198494">
        <ele>386.4</ele>
        <time>2026-10-09T05:53:11Z</time>
      </trkpt>
      <trkpt lat="46.328175" lon="6.198596">
        <ele>386.1</ele>
        <time>2026-10-09T05:53:12Z</time>
      </trkpt>
      <trkpt lat="46.328135" lon="6.198701">
        <ele>385.8</ele>
        <time>2026-10-09T05:53:13Z</time>
      </trkpt>
      <trkpt lat="46.328099" lon="6.198803">
        <ele>385.5</ele>
        <time>2026-10-09T05:53:14Z</time>
      </trkpt>
      <trkpt lat="46.32806" lon="6.198904">
        <ele>385.2</ele>
        <time>2026-10-09T05:53:15Z</time>
      </trkpt>
      <trkpt lat="46.32802" lon="6.199006">
        <ele>384.9</ele>
        <time>2026-10-09T05:53:16Z</time>
      </trkpt>
      <trkpt lat="46.327982" lon="6.199106">
        <ele>384.6</ele>
        <time>2026-10-09T05:53:17Z</time>
      </trkpt>
      <trkpt lat="46.327947" lon="6.199208">
        <ele>384.4</ele>
        <time>2026-10-09T05:53:18Z</time>
      </trkpt>
      <trkpt lat="46.327913" lon="6.199307">
        <ele>384.3</ele>
        <time>2026-10-09T05:53:19Z</time>
      </trkpt>
      <trkpt lat="46.327883" lon="6.199403">
        <ele>384.1</ele>
        <time>2026-10-09T05:53:20Z</time>
      </trkpt>
      <trkpt lat="46.327854" lon="6.199492">
        <ele>383.9</ele>
        <time>2026-10-09T05:53:21Z</time>
      </trkpt>
      <trkpt lat="46.327827" lon="6.19958">
        <ele>383.6</ele>
        <time>2026-10-09T05:53:22Z</time>
      </trkpt>
      <trkpt lat="46.327787" lon="6.199653">
        <ele>383.5</ele>
        <time>2026-10-09T05:53:23Z</time>
      </trkpt>
      <trkpt lat="46.327756" lon="6.199724">
        <ele>383.3</ele>
        <time>2026-10-09T05:53:24Z</time>
      </trkpt>
      <trkpt lat="46.327752" lon="6.199821">
        <ele>383.2</ele>
        <time>2026-10-09T05:53:25Z</time>
      </trkpt>
      <trkpt lat="46.327785" lon="6.199898">
        <ele>383.2</ele>
        <time>2026-10-09T05:53:26Z</time>
      </trkpt>
      <trkpt lat="46.327848" lon="6.199949">
        <ele>383.2</ele>
        <time>2026-10-09T05:53:27Z</time>
      </trkpt>
      <trkpt lat="46.327924" lon="6.199962">
        <ele>383.1</ele>
        <time>2026-10-09T05:53:28Z</time>
      </trkpt>
      <trkpt lat="46.327987" lon="6.199996">
        <ele>383.1</ele>
        <time>2026-10-09T05:53:29Z</time>
      </trkpt>
      <trkpt lat="46.328029" lon="6.200082">
        <ele>383.1</ele>
        <time>2026-10-09T05:53:30Z</time>
      </trkpt>
      <trkpt lat="46.328068" lon="6.200156">
        <ele>383.1</ele>
        <time>2026-10-09T05:53:31Z</time>
      </trkpt>
      <trkpt lat="46.328135" lon="6.200213">
        <ele>383.0</ele>
        <time>2026-10-09T05:53:32Z</time>
      </trkpt>
      <trkpt lat="46.328211" lon="6.200269">
        <ele>382.9</ele>
        <time>2026-10-09T05:53:33Z</time>
      </trkpt>
      <trkpt lat="46.328278" lon="6.200324">
        <ele>382.8</ele>
        <time>2026-10-09T05:53:34Z</time>
      </trkpt>
      <trkpt lat="46.328345" lon="6.200383">
        <ele>382.8</ele>
        <time>2026-10-09T05:53:35Z</time>
      </trkpt>
      <trkpt lat="46.328413" lon="6.200444">
        <ele>382.7</ele>
        <time>2026-10-09T05:53:36Z</time>
      </trkpt>
      <trkpt lat="46.328482" lon="6.200505">
        <ele>382.6</ele>
        <time>2026-10-09T05:53:37Z</time>
      </trkpt>
      <trkpt lat="46.328552" lon="6.200564">
        <ele>382.5</ele>
        <time>2026-10-09T05:53:38Z</time>
      </trkpt>
      <trkpt lat="46.328626" lon="6.200626">
        <ele>382.4</ele>
        <time>2026-10-09T05:53:39Z</time>
      </trkpt>
      <trkpt lat="46.328697" lon="6.200687">
        <ele>382.3</ele>
        <time>2026-10-09T05:53:40Z</time>
      </trkpt>
      <trkpt lat="46.328767" lon="6.200752">
        <ele>382.2</ele>
        <time>2026-10-09T05:53:41Z</time>
      </trkpt>
      <trkpt lat="46.328838" lon="6.200814">
        <ele>382.1</ele>
        <time>2026-10-09T05:53:42Z</time>
      </trkpt>
      <trkpt lat="46.32891" lon="6.20087">
        <ele>382.0</ele>
        <time>2026-10-09T05:53:43Z</time>
      </trkpt>
      <trkpt lat="46.328981" lon="6.200925">
        <ele>382.0</ele>
        <time>2026-10-09T05:53:44Z</time>
      </trkpt>
      <trkpt lat="46.32905" lon="6.200984">
        <ele>381.9</ele>
        <time>2026-10-09T05:53:45Z</time>
      </trkpt>
      <trkpt lat="46.329121" lon="6.201037">
        <ele>381.9</ele>
        <time>2026-10-09T05:53:46Z</time>
      </trkpt>
      <trkpt lat="46.329191" lon="6.201084">
        <ele>381.8</ele>
        <time>2026-10-09T05:53:47Z</time>
      </trkpt>
      <trkpt lat="46.329263" lon="6.201139">
        <ele>381.8</ele>
        <time>2026-10-09T05:53:48Z</time>
      </trkpt>
      <trkpt lat="46.329335" lon="6.201191">
        <ele>381.7</ele>
        <time>2026-10-09T05:53:49Z</time>
      </trkpt>
      <trkpt lat="46.329405" lon="6.201239">
        <ele>381.7</ele>
        <time>2026-10-09T05:53:50Z</time>
      </trkpt>
      <trkpt lat="46.329474" lon="6.201284">
        <ele>381.6</ele>
        <time>2026-10-09T05:53:51Z</time>
      </trkpt>
      <trkpt lat="46.329545" lon="6.201331">
        <ele>381.6</ele>
        <time>2026-10-09T05:53:52Z</time>
      </trkpt>
      <trkpt lat="46.329617" lon="6.201375">
        <ele>381.5</ele>
        <time>2026-10-09T05:53:53Z</time>
      </trkpt>
      <trkpt lat="46.329688" lon="6.201419">
        <ele>381.5</ele>
        <time>2026-10-09T05:53:54Z</time>
      </trkpt>
      <trkpt lat="46.329759" lon="6.201461">
        <ele>381.4</ele>
        <time>2026-10-09T05:53:55Z</time>
      </trkpt>
      <trkpt lat="46.329832" lon="6.201505">
        <ele>381.3</ele>
        <time>2026-10-09T05:53:56Z</time>
      </trkpt>
      <trkpt lat="46.329903" lon="6.201546">
        <ele>381.3</ele>
        <time>2026-10-09T05:53:57Z</time>
      </trkpt>
      <trkpt lat="46.329974" lon="6.201586">
        <ele>381.2</ele>
        <time>2026-10-09T05:53:58Z</time>
      </trkpt>
      <trkpt lat="46.330046" lon="6.201626">
        <ele>381.2</ele>
        <time>2026-10-09T05:53:59Z</time>
      </trkpt>
      <trkpt lat="46.330119" lon="6.201661">
        <ele>381.1</ele>
        <time>2026-10-09T05:54:00Z</time>
      </trkpt>
      <trkpt lat="46.330191" lon="6.2017">
        <ele>381.0</ele>
        <time>2026-10-09T05:54:01Z</time>
      </trkpt>
      <trkpt lat="46.330263" lon="6.201734">
        <ele>381.0</ele>
        <time>2026-10-09T05:54:02Z</time>
      </trkpt>
      <trkpt lat="46.330336" lon="6.201763">
        <ele>380.9</ele>
        <time>2026-10-09T05:54:03Z</time>
      </trkpt>
      <trkpt lat="46.33041" lon="6.201799">
        <ele>380.8</ele>
        <time>2026-10-09T05:54:04Z</time>
      </trkpt>
      <trkpt lat="46.330485" lon="6.201836">
        <ele>380.7</ele>
        <time>2026-10-09T05:54:05Z</time>
      </trkpt>
      <trkpt lat="46.330559" lon="6.201873">
        <ele>380.7</ele>
        <time>2026-10-09T05:54:06Z</time>
      </trkpt>
      <trkpt lat="46.330632" lon="6.20191">
        <ele>380.6</ele>
        <time>2026-10-09T05:54:07Z</time>
      </trkpt>
      <trkpt lat="46.330705" lon="6.201944">
        <ele>380.5</ele>
        <time>2026-10-09T05:54:08Z</time>
      </trkpt>
      <trkpt lat="46.330778" lon="6.201975">
        <ele>380.5</ele>
        <time>2026-10-09T05:54:09Z</time>
      </trkpt>
      <trkpt lat="46.330851" lon="6.202002">
        <ele>380.4</ele>
        <time>2026-10-09T05:54:10Z</time>
      </trkpt>
      <trkpt lat="46.330924" lon="6.20203">
        <ele>380.3</ele>
        <time>2026-10-09T05:54:11Z</time>
      </trkpt>
      <trkpt lat="46.330999" lon="6.202065">
        <ele>380.3</ele>
        <time>2026-10-09T05:54:12Z</time>
      </trkpt>
      <trkpt lat="46.331074" lon="6.202091">
        <ele>380.2</ele>
        <time>2026-10-09T05:54:13Z</time>
      </trkpt>
      <trkpt lat="46.331148" lon="6.202114">
        <ele>380.1</ele>
        <time>2026-10-09T05:54:14Z</time>
      </trkpt>
      <trkpt lat="46.331222" lon="6.202142">
        <ele>380.0</ele>
        <time>2026-10-09T05:54:15Z</time>
      </trkpt>
      <trkpt lat="46.331294" lon="6.202169">
        <ele>380.0</ele>
        <time>2026-10-09T05:54:16Z</time>
      </trkpt>
      <trkpt lat="46.331367" lon="6.202193">
        <ele>379.9</ele>
        <time>2026-10-09T05:54:17Z</time>
      </trkpt>
      <trkpt lat="46.331442" lon="6.202219">
        <ele>379.8</ele>
        <time>2026-10-09T05:54:18Z</time>
      </trkpt>
      <trkpt lat="46.331516" lon="6.202245">
        <ele>379.7</ele>
        <time>2026-10-09T05:54:19Z</time>
      </trkpt>
      <trkpt lat="46.33159" lon="6.202272">
        <ele>379.6</ele>
        <time>2026-10-09T05:54:20Z</time>
      </trkpt>
      <trkpt lat="46.331666" lon="6.202293">
        <ele>379.6</ele>
        <time>2026-10-09T05:54:21Z</time>
      </trkpt>
      <trkpt lat="46.331741" lon="6.202308">
        <ele>379.5</ele>
        <time>2026-10-09T05:54:22Z</time>
      </trkpt>
      <trkpt lat="46.331819" lon="6.202324">
        <ele>379.5</ele>
        <time>2026-10-09T05:54:23Z</time>
      </trkpt>
      <trkpt lat="46.331896" lon="6.202343">
        <ele>379.4</ele>
        <time>2026-10-09T05:54:24Z</time>
      </trkpt>
      <trkpt lat="46.331973" lon="6.202358">
        <ele>379.3</ele>
        <time>2026-10-09T05:54:25Z</time>
      </trkpt>
      <trkpt lat="46.33205" lon="6.202371">
        <ele>379.2</ele>
        <time>2026-10-09T05:54:26Z</time>
      </trkpt>
      <trkpt lat="46.332127" lon="6.202382">
        <ele>379.2</ele>
        <time>2026-10-09T05:54:27Z</time>
      </trkpt>
      <trkpt lat="46.332203" lon="6.202397">
        <ele>379.1</ele>
        <time>2026-10-09T05:54:28Z</time>
      </trkpt>
      <trkpt lat="46.332279" lon="6.202407">
        <ele>379.0</ele>
        <time>2026-10-09T05:54:29Z</time>
      </trkpt>
      <trkpt lat="46.332356" lon="6.202415">
        <ele>378.9</ele>
        <time>2026-10-09T05:54:30Z</time>
      </trkpt>
      <trkpt lat="46.332433" lon="6.202425">
        <ele>378.9</ele>
        <time>2026-10-09T05:54:31Z</time>
      </trkpt>
      <trkpt lat="46.332508" lon="6.202435">
        <ele>378.8</ele>
        <time>2026-10-09T05:54:32Z</time>
      </trkpt>
      <trkpt lat="46.332583" lon="6.202442">
        <ele>378.8</ele>
        <time>2026-10-09T05:54:33Z</time>
      </trkpt>
      <trkpt lat="46.332658" lon="6.202446">
        <ele>378.7</ele>
        <time>2026-10-09T05:54:34Z</time>
      </trkpt>
      <trkpt lat="46.332734" lon="6.202453">
        <ele>378.7</ele>
        <time>2026-10-09T05:54:35Z</time>
      </trkpt>
      <trkpt lat="46.332807" lon="6.202459">
        <ele>378.7</ele>
        <time>2026-10-09T05:54:36Z</time>
      </trkpt>
      <trkpt lat="46.332882" lon="6.202457">
        <ele>378.6</ele>
        <time>2026-10-09T05:54:37Z</time>
      </trkpt>
      <trkpt lat="46.332956" lon="6.202456">
        <ele>378.6</ele>
        <time>2026-10-09T05:54:38Z</time>
      </trkpt>
      <trkpt lat="46.333029" lon="6.202456">
        <ele>378.6</ele>
        <time>2026-10-09T05:54:39Z</time>
      </trkpt>
      <trkpt lat="46.333105" lon="6.202456">
        <ele>378.6</ele>
        <time>2026-10-09T05:54:40Z</time>
      </trkpt>
      <trkpt lat="46.333179" lon="6.202463">
        <ele>378.5</ele>
        <time>2026-10-09T05:54:41Z</time>
      </trkpt>
      <trkpt lat="46.333255" lon="6.202462">
        <ele>378.5</ele>
        <time>2026-10-09T05:54:42Z</time>
      </trkpt>
      <trkpt lat="46.333333" lon="6.202462">
        <ele>378.5</ele>
        <time>2026-10-09T05:54:43Z</time>
      </trkpt>
      <trkpt lat="46.333413" lon="6.20246">
        <ele>378.5</ele>
        <time>2026-10-09T05:54:44Z</time>
      </trkpt>
      <trkpt lat="46.333495" lon="6.202461">
        <ele>378.5</ele>
        <time>2026-10-09T05:54:45Z</time>
      </trkpt>
      <trkpt lat="46.333576" lon="6.202466">
        <ele>378.5</ele>
        <time>2026-10-09T05:54:46Z</time>
      </trkpt>
      <trkpt lat="46.333657" lon="6.202472">
        <ele>378.5</ele>
        <time>2026-10-09T05:54:47Z</time>
      </trkpt>
      <trkpt lat="46.333736" lon="6.202474">
        <ele>378.5</ele>
        <time>2026-10-09T05:54:48Z</time>
      </trkpt>
      <trkpt lat="46.333815" lon="6.202474">
        <ele>378.4</ele>
        <time>2026-10-09T05:54:49Z</time>
      </trkpt>
      <trkpt lat="46.333894" lon="6.202472">
        <ele>378.4</ele>
        <time>2026-10-09T05:54:50Z</time>
      </trkpt>
      <trkpt lat="46.333973" lon="6.202466">
        <ele>378.4</ele>
        <time>2026-10-09T05:54:51Z</time>
      </trkpt>
      <trkpt lat="46.33405" lon="6.202457">
        <ele>378.4</ele>
        <time>2026-10-09T05:54:52Z</time>
      </trkpt>
      <trkpt lat="46.334131" lon="6.202461">
        <ele>378.4</ele>
        <time>2026-10-09T05:54:53Z</time>
      </trkpt>
      <trkpt lat="46.334212" lon="6.202469">
        <ele>378.3</ele>
        <time>2026-10-09T05:54:54Z</time>
      </trkpt>
      <trkpt lat="46.334291" lon="6.202468">
        <ele>378.3</ele>
        <time>2026-10-09T05:54:55Z</time>
      </trkpt>
      <trkpt lat="46.334373" lon="6.202462">
        <ele>378.3</ele>
        <time>2026-10-09T05:54:56Z</time>
      </trkpt>
      <trkpt lat="46.334453" lon="6.202445">
        <ele>378.3</ele>
        <time>2026-10-09T05:54:57Z</time>
      </trkpt>
      <trkpt lat="46.334533" lon="6.202439">
        <ele>378.2</ele>
        <time>2026-10-09T05:54:58Z</time>
      </trkpt>
      <trkpt lat="46.334615" lon="6.202442">
        <ele>378.2</ele>
        <time>2026-10-09T05:54:59Z</time>
      </trkpt>
      <trkpt lat="46.334697" lon="6.20245">
        <ele>378.2</ele>
        <time>2026-10-09T05:55:00Z</time>
      </trkpt>
      <trkpt lat="46.334777" lon="6.202446">
        <ele>378.1</ele>
        <time>2026-10-09T05:55:01Z</time>
      </trkpt>
      <trkpt lat="46.334859" lon="6.202446">
        <ele>378.1</ele>
        <time>2026-10-09T05:55:02Z</time>
      </trkpt>
      <trkpt lat="46.334938" lon="6.202445">
        <ele>378.1</ele>
        <time>2026-10-09T05:55:03Z</time>
      </trkpt>
      <trkpt lat="46.335019" lon="6.202445">
        <ele>378.0</ele>
        <time>2026-10-09T05:55:04Z</time>
      </trkpt>
      <trkpt lat="46.335099" lon="6.202449">
        <ele>378.0</ele>
        <time>2026-10-09T05:55:05Z</time>
      </trkpt>
      <trkpt lat="46.33518" lon="6.202451">
        <ele>377.9</ele>
        <time>2026-10-09T05:55:06Z</time>
      </trkpt>
      <trkpt lat="46.335259" lon="6.202455">
        <ele>377.9</ele>
        <time>2026-10-09T05:55:07Z</time>
      </trkpt>
      <trkpt lat="46.335337" lon="6.202458">
        <ele>377.8</ele>
        <time>2026-10-09T05:55:08Z</time>
      </trkpt>
      <trkpt lat="46.335417" lon="6.202466">
        <ele>377.8</ele>
        <time>2026-10-09T05:55:09Z</time>
      </trkpt>
      <trkpt lat="46.335497" lon="6.202474">
        <ele>377.7</ele>
        <time>2026-10-09T05:55:10Z</time>
      </trkpt>
      <trkpt lat="46.335577" lon="6.202486">
        <ele>377.7</ele>
        <time>2026-10-09T05:55:11Z</time>
      </trkpt>
      <trkpt lat="46.335657" lon="6.202494">
        <ele>377.6</ele>
        <time>2026-10-09T05:55:12Z</time>
      </trkpt>
      <trkpt lat="46.335739" lon="6.202508">
        <ele>377.6</ele>
        <time>2026-10-09T05:55:13Z</time>
      </trkpt>
      <trkpt lat="46.33582" lon="6.202519">
        <ele>377.5</ele>
        <time>2026-10-09T05:55:14Z</time>
      </trkpt>
      <trkpt lat="46.3359" lon="6.202527">
        <ele>377.5</ele>
        <time>2026-10-09T05:55:15Z</time>
      </trkpt>
      <trkpt lat="46.335981" lon="6.202541">
        <ele>377.5</ele>
        <time>2026-10-09T05:55:16Z</time>
      </trkpt>
      <trkpt lat="46.336063" lon="6.202558">
        <ele>377.4</ele>
        <time>2026-10-09T05:55:17Z</time>
      </trkpt>
      <trkpt lat="46.336144" lon="6.202573">
        <ele>377.4</ele>
        <time>2026-10-09T05:55:18Z</time>
      </trkpt>
      <trkpt lat="46.336225" lon="6.202591">
        <ele>377.4</ele>
        <time>2026-10-09T05:55:19Z</time>
      </trkpt>
      <trkpt lat="46.336304" lon="6.202611">
        <ele>377.4</ele>
        <time>2026-10-09T05:55:20Z</time>
      </trkpt>
      <trkpt lat="46.336383" lon="6.202629">
        <ele>377.4</ele>
        <time>2026-10-09T05:55:21Z</time>
      </trkpt>
      <trkpt lat="46.336463" lon="6.202645">
        <ele>377.4</ele>
        <time>2026-10-09T05:55:22Z</time>
      </trkpt>
      <trkpt lat="46.336537" lon="6.202662">
        <ele>377.5</ele>
        <time>2026-10-09T05:55:23Z</time>
      </trkpt>
      <trkpt lat="46.336613" lon="6.202684">
        <ele>377.5</ele>
        <time>2026-10-09T05:55:24Z</time>
      </trkpt>
      <trkpt lat="46.336692" lon="6.20271">
        <ele>377.6</ele>
        <time>2026-10-09T05:55:25Z</time>
      </trkpt>
      <trkpt lat="46.336764" lon="6.202727">
        <ele>377.6</ele>
        <time>2026-10-09T05:55:26Z</time>
      </trkpt>
      <trkpt lat="46.336838" lon="6.20275">
        <ele>377.7</ele>
        <time>2026-10-09T05:55:27Z</time>
      </trkpt>
      <trkpt lat="46.336908" lon="6.202769">
        <ele>377.7</ele>
        <time>2026-10-09T05:55:28Z</time>
      </trkpt>
      <trkpt lat="46.336977" lon="6.20279">
        <ele>377.8</ele>
        <time>2026-10-09T05:55:29Z</time>
      </trkpt>
      <trkpt lat="46.337044" lon="6.202814">
        <ele>377.9</ele>
        <time>2026-10-09T05:55:30Z</time>
      </trkpt>
      <trkpt lat="46.337111" lon="6.202839">
        <ele>377.9</ele>
        <time>2026-10-09T05:55:31Z</time>
      </trkpt>
      <trkpt lat="46.337182" lon="6.20287">
        <ele>378.0</ele>
        <time>2026-10-09T05:55:32Z</time>
      </trkpt>
      <trkpt lat="46.337249" lon="6.202893">
        <ele>378.1</ele>
        <time>2026-10-09T05:55:33Z</time>
      </trkpt>
      <trkpt lat="46.337316" lon="6.202913">
        <ele>378.1</ele>
        <time>2026-10-09T05:55:34Z</time>
      </trkpt>
      <trkpt lat="46.337382" lon="6.202941">
        <ele>378.2</ele>
        <time>2026-10-09T05:55:35Z</time>
      </trkpt>
      <trkpt lat="46.337447" lon="6.202967">
        <ele>378.3</ele>
        <time>2026-10-09T05:55:36Z</time>
      </trkpt>
      <trkpt lat="46.337513" lon="6.202998">
        <ele>378.4</ele>
        <time>2026-10-09T05:55:37Z</time>
      </trkpt>
      <trkpt lat="46.337577" lon="6.203031">
        <ele>378.5</ele>
        <time>2026-10-09T05:55:38Z</time>
      </trkpt>
      <trkpt lat="46.337641" lon="6.203061">
        <ele>378.6</ele>
        <time>2026-10-09T05:55:39Z</time>
      </trkpt>
      <trkpt lat="46.337707" lon="6.20309">
        <ele>378.7</ele>
        <time>2026-10-09T05:55:40Z</time>
      </trkpt>
      <trkpt lat="46.337772" lon="6.20312">
        <ele>378.9</ele>
        <time>2026-10-09T05:55:41Z</time>
      </trkpt>
      <trkpt lat="46.337836" lon="6.203152">
        <ele>379.0</ele>
        <time>2026-10-09T05:55:42Z</time>
      </trkpt>
      <trkpt lat="46.3379" lon="6.203187">
        <ele>379.1</ele>
        <time>2026-10-09T05:55:43Z</time>
      </trkpt>
      <trkpt lat="46.337963" lon="6.20322">
        <ele>379.2</ele>
        <time>2026-10-09T05:55:44Z</time>
      </trkpt>
      <trkpt lat="46.338028" lon="6.20325">
        <ele>379.3</ele>
        <time>2026-10-09T05:55:45Z</time>
      </trkpt>
      <trkpt lat="46.338092" lon="6.203285">
        <ele>379.4</ele>
        <time>2026-10-09T05:55:46Z</time>
      </trkpt>
      <trkpt lat="46.338156" lon="6.203321">
        <ele>379.5</ele>
        <time>2026-10-09T05:55:47Z</time>
      </trkpt>
      <trkpt lat="46.338219" lon="6.203356">
        <ele>379.6</ele>
        <time>2026-10-09T05:55:48Z</time>
      </trkpt>
      <trkpt lat="46.338283" lon="6.203394">
        <ele>379.7</ele>
        <time>2026-10-09T05:55:49Z</time>
      </trkpt>
      <trkpt lat="46.338345" lon="6.203433">
        <ele>379.8</ele>
        <time>2026-10-09T05:55:50Z</time>
      </trkpt>
      <trkpt lat="46.338408" lon="6.203467">
        <ele>379.9</ele>
        <time>2026-10-09T05:55:51Z</time>
      </trkpt>
      <trkpt lat="46.338472" lon="6.203505">
        <ele>380.1</ele>
        <time>2026-10-09T05:55:52Z</time>
      </trkpt>
      <trkpt lat="46.338535" lon="6.203548">
        <ele>380.2</ele>
        <time>2026-10-09T05:55:53Z</time>
      </trkpt>
      <trkpt lat="46.338595" lon="6.203589">
        <ele>380.3</ele>
        <time>2026-10-09T05:55:54Z</time>
      </trkpt>
      <trkpt lat="46.338655" lon="6.20363">
        <ele>380.4</ele>
        <time>2026-10-09T05:55:55Z</time>
      </trkpt>
      <trkpt lat="46.338716" lon="6.203666">
        <ele>380.5</ele>
        <time>2026-10-09T05:55:56Z</time>
      </trkpt>
      <trkpt lat="46.338777" lon="6.203708">
        <ele>380.6</ele>
        <time>2026-10-09T05:55:57Z</time>
      </trkpt>
      <trkpt lat="46.338839" lon="6.20375">
        <ele>380.7</ele>
        <time>2026-10-09T05:55:58Z</time>
      </trkpt>
      <trkpt lat="46.338898" lon="6.20379">
        <ele>380.8</ele>
        <time>2026-10-09T05:55:59Z</time>
      </trkpt>
      <trkpt lat="46.338956" lon="6.203833">
        <ele>380.9</ele>
        <time>2026-10-09T05:56:00Z</time>
      </trkpt>
      <trkpt lat="46.339017" lon="6.203871">
        <ele>381.0</ele>
        <time>2026-10-09T05:56:01Z</time>
      </trkpt>
      <trkpt lat="46.339077" lon="6.203903">
        <ele>381.1</ele>
        <time>2026-10-09T05:56:02Z</time>
      </trkpt>
      <trkpt lat="46.339136" lon="6.203952">
        <ele>381.2</ele>
        <time>2026-10-09T05:56:03Z</time>
      </trkpt>
      <trkpt lat="46.339196" lon="6.203995">
        <ele>381.2</ele>
        <time>2026-10-09T05:56:04Z</time>
      </trkpt>
      <trkpt lat="46.339252" lon="6.204038">
        <ele>381.3</ele>
        <time>2026-10-09T05:56:05Z</time>
      </trkpt>
      <trkpt lat="46.339314" lon="6.204076">
        <ele>381.3</ele>
        <time>2026-10-09T05:56:06Z</time>
      </trkpt>
      <trkpt lat="46.339376" lon="6.204113">
        <ele>381.4</ele>
        <time>2026-10-09T05:56:07Z</time>
      </trkpt>
      <trkpt lat="46.339439" lon="6.204154">
        <ele>381.4</ele>
        <time>2026-10-09T05:56:08Z</time>
      </trkpt>
      <trkpt lat="46.3395" lon="6.204197">
        <ele>381.4</ele>
        <time>2026-10-09T05:56:09Z</time>
      </trkpt>
      <trkpt lat="46.339562" lon="6.204242">
        <ele>381.4</ele>
        <time>2026-10-09T05:56:10Z</time>
      </trkpt>
      <trkpt lat="46.339624" lon="6.204285">
        <ele>381.5</ele>
        <time>2026-10-09T05:56:11Z</time>
      </trkpt>
      <trkpt lat="46.339686" lon="6.204332">
        <ele>381.5</ele>
        <time>2026-10-09T05:56:12Z</time>
      </trkpt>
      <trkpt lat="46.339747" lon="6.204384">
        <ele>381.5</ele>
        <time>2026-10-09T05:56:13Z</time>
      </trkpt>
      <trkpt lat="46.339808" lon="6.204435">
        <ele>381.5</ele>
        <time>2026-10-09T05:56:14Z</time>
      </trkpt>
      <trkpt lat="46.33987" lon="6.204482">
        <ele>381.5</ele>
        <time>2026-10-09T05:56:15Z</time>
      </trkpt>
      <trkpt lat="46.339938" lon="6.204522">
        <ele>381.5</ele>
        <time>2026-10-09T05:56:16Z</time>
      </trkpt>
      <trkpt lat="46.340009" lon="6.204568">
        <ele>381.4</ele>
        <time>2026-10-09T05:56:17Z</time>
      </trkpt>
      <trkpt lat="46.340079" lon="6.204613">
        <ele>381.4</ele>
        <time>2026-10-09T05:56:18Z</time>
      </trkpt>
      <trkpt lat="46.340146" lon="6.204651">
        <ele>381.4</ele>
        <time>2026-10-09T05:56:19Z</time>
      </trkpt>
      <trkpt lat="46.340214" lon="6.204688">
        <ele>381.3</ele>
        <time>2026-10-09T05:56:20Z</time>
      </trkpt>
      <trkpt lat="46.340285" lon="6.204727">
        <ele>381.3</ele>
        <time>2026-10-09T05:56:21Z</time>
      </trkpt>
      <trkpt lat="46.340355" lon="6.204757">
        <ele>381.3</ele>
        <time>2026-10-09T05:56:22Z</time>
      </trkpt>
      <trkpt lat="46.340422" lon="6.204798">
        <ele>381.2</ele>
        <time>2026-10-09T05:56:23Z</time>
      </trkpt>
      <trkpt lat="46.340485" lon="6.204832">
        <ele>381.2</ele>
        <time>2026-10-09T05:56:24Z</time>
      </trkpt>
      <trkpt lat="46.340555" lon="6.204873">
        <ele>381.2</ele>
        <time>2026-10-09T05:56:25Z</time>
      </trkpt>
      <trkpt lat="46.340624" lon="6.204914">
        <ele>381.2</ele>
        <time>2026-10-09T05:56:26Z</time>
      </trkpt>
      <trkpt lat="46.340691" lon="6.204951">
        <ele>381.1</ele>
        <time>2026-10-09T05:56:27Z</time>
      </trkpt>
      <trkpt lat="46.340765" lon="6.204989">
        <ele>381.0</ele>
        <time>2026-10-09T05:56:28Z</time>
      </trkpt>
      <trkpt lat="46.340835" lon="6.205023">
        <ele>380.9</ele>
        <time>2026-10-09T05:56:29Z</time>
      </trkpt>
      <trkpt lat="46.340907" lon="6.205056">
        <ele>380.9</ele>
        <time>2026-10-09T05:56:30Z</time>
      </trkpt>
      <trkpt lat="46.340981" lon="6.205088">
        <ele>380.8</ele>
        <time>2026-10-09T05:56:31Z</time>
      </trkpt>
      <trkpt lat="46.341053" lon="6.205118">
        <ele>380.7</ele>
        <time>2026-10-09T05:56:32Z</time>
      </trkpt>
      <trkpt lat="46.341129" lon="6.205144">
        <ele>380.7</ele>
        <time>2026-10-09T05:56:33Z</time>
      </trkpt>
      <trkpt lat="46.341203" lon="6.205174">
        <ele>380.6</ele>
        <time>2026-10-09T05:56:34Z</time>
      </trkpt>
      <trkpt lat="46.341278" lon="6.205205">
        <ele>380.6</ele>
        <time>2026-10-09T05:56:35Z</time>
      </trkpt>
      <trkpt lat="46.341352" lon="6.205234">
        <ele>380.5</ele>
        <time>2026-10-09T05:56:36Z</time>
      </trkpt>
      <trkpt lat="46.341428" lon="6.205262">
        <ele>380.4</ele>
        <time>2026-10-09T05:56:37Z</time>
      </trkpt>
      <trkpt lat="46.341502" lon="6.205292">
        <ele>380.4</ele>
        <time>2026-10-09T05:56:38Z</time>
      </trkpt>
      <trkpt lat="46.341576" lon="6.205318">
        <ele>380.3</ele>
        <time>2026-10-09T05:56:39Z</time>
      </trkpt>
      <trkpt lat="46.341653" lon="6.205334">
        <ele>380.2</ele>
        <time>2026-10-09T05:56:40Z</time>
      </trkpt>
      <trkpt lat="46.341732" lon="6.205359">
        <ele>380.2</ele>
        <time>2026-10-09T05:56:41Z</time>
      </trkpt>
      <trkpt lat="46.341807" lon="6.20538">
        <ele>380.1</ele>
        <time>2026-10-09T05:56:42Z</time>
      </trkpt>
      <trkpt lat="46.341881" lon="6.205397">
        <ele>380.1</ele>
        <time>2026-10-09T05:56:43Z</time>
      </trkpt>
      <trkpt lat="46.341958" lon="6.205415">
        <ele>380.0</ele>
        <time>2026-10-09T05:56:44Z</time>
      </trkpt>
      <trkpt lat="46.342035" lon="6.205438">
        <ele>380.0</ele>
        <time>2026-10-09T05:56:45Z</time>
      </trkpt>
      <trkpt lat="46.342113" lon="6.205463">
        <ele>380.0</ele>
        <time>2026-10-09T05:56:46Z</time>
      </trkpt>
      <trkpt lat="46.342187" lon="6.205484">
        <ele>379.9</ele>
        <time>2026-10-09T05:56:47Z</time>
      </trkpt>
      <trkpt lat="46.342261" lon="6.205504">
        <ele>379.9</ele>
        <time>2026-10-09T05:56:48Z</time>
      </trkpt>
      <trkpt lat="46.342333" lon="6.205523">
        <ele>379.9</ele>
        <time>2026-10-09T05:56:49Z</time>
      </trkpt>
      <trkpt lat="46.342408" lon="6.20554">
        <ele>379.8</ele>
        <time>2026-10-09T05:56:50Z</time>
      </trkpt>
      <trkpt lat="46.342483" lon="6.205557">
        <ele>379.8</ele>
        <time>2026-10-09T05:56:51Z</time>
      </trkpt>
      <trkpt lat="46.342556" lon="6.205574">
        <ele>379.7</ele>
        <time>2026-10-09T05:56:52Z</time>
      </trkpt>
      <trkpt lat="46.342631" lon="6.205588">
        <ele>379.7</ele>
        <time>2026-10-09T05:56:53Z</time>
      </trkpt>
      <trkpt lat="46.342706" lon="6.205608">
        <ele>379.6</ele>
        <time>2026-10-09T05:56:54Z</time>
      </trkpt>
      <trkpt lat="46.342781" lon="6.205626">
        <ele>379.6</ele>
        <time>2026-10-09T05:56:55Z</time>
      </trkpt>
      <trkpt lat="46.342854" lon="6.205641">
        <ele>379.6</ele>
        <time>2026-10-09T05:56:56Z</time>
      </trkpt>
      <trkpt lat="46.342928" lon="6.205659">
        <ele>379.5</ele>
        <time>2026-10-09T05:56:57Z</time>
      </trkpt>
      <trkpt lat="46.343003" lon="6.205676">
        <ele>379.4</ele>
        <time>2026-10-09T05:56:58Z</time>
      </trkpt>
      <trkpt lat="46.343078" lon="6.205693">
        <ele>379.4</ele>
        <time>2026-10-09T05:56:59Z</time>
      </trkpt>
      <trkpt lat="46.343153" lon="6.20571">
        <ele>379.3</ele>
        <time>2026-10-09T05:57:00Z</time>
      </trkpt>
      <trkpt lat="46.343229" lon="6.205729">
        <ele>379.3</ele>
        <time>2026-10-09T05:57:01Z</time>
      </trkpt>
      <trkpt lat="46.343306" lon="6.205749">
        <ele>379.2</ele>
        <time>2026-10-09T05:57:02Z</time>
      </trkpt>
      <trkpt lat="46.343382" lon="6.205775">
        <ele>379.2</ele>
        <time>2026-10-09T05:57:03Z</time>
      </trkpt>
      <trkpt lat="46.343458" lon="6.205794">
        <ele>379.1</ele>
        <time>2026-10-09T05:57:04Z</time>
      </trkpt>
      <trkpt lat="46.343534" lon="6.205811">
        <ele>379.1</ele>
        <time>2026-10-09T05:57:05Z</time>
      </trkpt>
      <trkpt lat="46.343611" lon="6.20583">
        <ele>379.0</ele>
        <time>2026-10-09T05:57:06Z</time>
      </trkpt>
      <trkpt lat="46.343688" lon="6.205848">
        <ele>379.0</ele>
        <time>2026-10-09T05:57:07Z</time>
      </trkpt>
      <trkpt lat="46.343766" lon="6.205864">
        <ele>378.9</ele>
        <time>2026-10-09T05:57:08Z</time>
      </trkpt>
      <trkpt lat="46.343842" lon="6.20588">
        <ele>378.9</ele>
        <time>2026-10-09T05:57:09Z</time>
      </trkpt>
      <trkpt lat="46.343919" lon="6.205899">
        <ele>378.9</ele>
        <time>2026-10-09T05:57:10Z</time>
      </trkpt>
      <trkpt lat="46.343996" lon="6.205917">
        <ele>378.8</ele>
        <time>2026-10-09T05:57:11Z</time>
      </trkpt>
      <trkpt lat="46.344074" lon="6.205938">
        <ele>378.8</ele>
        <time>2026-10-09T05:57:12Z</time>
      </trkpt>
      <trkpt lat="46.344147" lon="6.205959">
        <ele>378.7</ele>
        <time>2026-10-09T05:57:13Z</time>
      </trkpt>
      <trkpt lat="46.344226" lon="6.205973">
        <ele>378.7</ele>
        <time>2026-10-09T05:57:14Z</time>
      </trkpt>
      <trkpt lat="46.344301" lon="6.205991">
        <ele>378.6</ele>
        <time>2026-10-09T05:57:15Z</time>
      </trkpt>
      <trkpt lat="46.34438" lon="6.206008">
        <ele>378.6</ele>
        <time>2026-10-09T05:57:16Z</time>
      </trkpt>
      <trkpt lat="46.344456" lon="6.206024">
        <ele>378.5</ele>
        <time>2026-10-09T05:57:17Z</time>
      </trkpt>
      <trkpt lat="46.344535" lon="6.206041">
        <ele>378.5</ele>
        <time>2026-10-09T05:57:18Z</time>
      </trkpt>
      <trkpt lat="46.344612" lon="6.206062">
        <ele>378.4</ele>
        <time>2026-10-09T05:57:19Z</time>
      </trkpt>
      <trkpt lat="46.34469" lon="6.20608">
        <ele>378.4</ele>
        <time>2026-10-09T05:57:20Z</time>
      </trkpt>
      <trkpt lat="46.344765" lon="6.206096">
        <ele>378.3</ele>
        <time>2026-10-09T05:57:21Z</time>
      </trkpt>
      <trkpt lat="46.344845" lon="6.20611">
        <ele>378.3</ele>
        <time>2026-10-09T05:57:22Z</time>
      </trkpt>
      <trkpt lat="46.344922" lon="6.206131">
        <ele>378.3</ele>
        <time>2026-10-09T05:57:23Z</time>
      </trkpt>
      <trkpt lat="46.345004" lon="6.206151">
        <ele>378.2</ele>
        <time>2026-10-09T05:57:24Z</time>
      </trkpt>
      <trkpt lat="46.345083" lon="6.206174">
        <ele>378.2</ele>
        <time>2026-10-09T05:57:25Z</time>
      </trkpt>
      <trkpt lat="46.345157" lon="6.206189">
        <ele>378.2</ele>
        <time>2026-10-09T05:57:26Z</time>
      </trkpt>
      <trkpt lat="46.345233" lon="6.206208">
        <ele>378.3</ele>
        <time>2026-10-09T05:57:27Z</time>
      </trkpt>
      <trkpt lat="46.345313" lon="6.206225">
        <ele>378.3</ele>
        <time>2026-10-09T05:57:28Z</time>
      </trkpt>
      <trkpt lat="46.345394" lon="6.206246">
        <ele>378.3</ele>
        <time>2026-10-09T05:57:29Z</time>
      </trkpt>
      <trkpt lat="46.34547" lon="6.206259">
        <ele>378.3</ele>
        <time>2026-10-09T05:57:30Z</time>
      </trkpt>
      <trkpt lat="46.34555" lon="6.206274">
        <ele>378.3</ele>
        <time>2026-10-09T05:57:31Z</time>
      </trkpt>
      <trkpt lat="46.345625" lon="6.206295">
        <ele>378.3</ele>
        <time>2026-10-09T05:57:32Z</time>
      </trkpt>
      <trkpt lat="46.345703" lon="6.206305">
        <ele>378.3</ele>
        <time>2026-10-09T05:57:33Z</time>
      </trkpt>
      <trkpt lat="46.34578" lon="6.206325">
        <ele>378.2</ele>
        <time>2026-10-09T05:57:34Z</time>
      </trkpt>
      <trkpt lat="46.345856" lon="6.206344">
        <ele>378.2</ele>
        <time>2026-10-09T05:57:35Z</time>
      </trkpt>
      <trkpt lat="46.345933" lon="6.206364">
        <ele>378.2</ele>
        <time>2026-10-09T05:57:36Z</time>
      </trkpt>
      <trkpt lat="46.346012" lon="6.206384">
        <ele>378.2</ele>
        <time>2026-10-09T05:57:37Z</time>
      </trkpt>
      <trkpt lat="46.346089" lon="6.206406">
        <ele>378.3</ele>
        <time>2026-10-09T05:57:38Z</time>
      </trkpt>
      <trkpt lat="46.346165" lon="6.206428">
        <ele>378.3</ele>
        <time>2026-10-09T05:57:39Z</time>
      </trkpt>
      <trkpt lat="46.346241" lon="6.206449">
        <ele>378.3</ele>
        <time>2026-10-09T05:57:40Z</time>
      </trkpt>
      <trkpt lat="46.346317" lon="6.206463">
        <ele>378.3</ele>
        <time>2026-10-09T05:57:41Z</time>
      </trkpt>
      <trkpt lat="46.346392" lon="6.206481">
        <ele>378.3</ele>
        <time>2026-10-09T05:57:42Z</time>
      </trkpt>
      <trkpt lat="46.346467" lon="6.206499">
        <ele>378.4</ele>
        <time>2026-10-09T05:57:43Z</time>
      </trkpt>
      <trkpt lat="46.346538" lon="6.206512">
        <ele>378.4</ele>
        <time>2026-10-09T05:57:44Z</time>
      </trkpt>
      <trkpt lat="46.346615" lon="6.206525">
        <ele>378.4</ele>
        <time>2026-10-09T05:57:45Z</time>
      </trkpt>
      <trkpt lat="46.346687" lon="6.20654">
        <ele>378.5</ele>
        <time>2026-10-09T05:57:46Z</time>
      </trkpt>
      <trkpt lat="46.346761" lon="6.206559">
        <ele>378.5</ele>
        <time>2026-10-09T05:57:47Z</time>
      </trkpt>
      <trkpt lat="46.346837" lon="6.206578">
        <ele>378.5</ele>
        <time>2026-10-09T05:57:48Z</time>
      </trkpt>
      <trkpt lat="46.34691" lon="6.206596">
        <ele>378.6</ele>
        <time>2026-10-09T05:57:49Z</time>
      </trkpt>
      <trkpt lat="46.346985" lon="6.206613">
        <ele>378.6</ele>
        <time>2026-10-09T05:57:50Z</time>
      </trkpt>
      <trkpt lat="46.347059" lon="6.206633">
        <ele>378.6</ele>
        <time>2026-10-09T05:57:51Z</time>
      </trkpt>
      <trkpt lat="46.347132" lon="6.206654">
        <ele>378.7</ele>
        <time>2026-10-09T05:57:52Z</time>
      </trkpt>
      <trkpt lat="46.347206" lon="6.206669">
        <ele>378.7</ele>
        <time>2026-10-09T05:57:53Z</time>
      </trkpt>
      <trkpt lat="46.347281" lon="6.206684">
        <ele>378.7</ele>
        <time>2026-10-09T05:57:54Z</time>
      </trkpt>
      <trkpt lat="46.347353" lon="6.206701">
        <ele>378.7</ele>
        <time>2026-10-09T05:57:55Z</time>
      </trkpt>
      <trkpt lat="46.347425" lon="6.206721">
        <ele>378.8</ele>
        <time>2026-10-09T05:57:56Z</time>
      </trkpt>
      <trkpt lat="46.347501" lon="6.206741">
        <ele>378.8</ele>
        <time>2026-10-09T05:57:57Z</time>
      </trkpt>
      <trkpt lat="46.347574" lon="6.206764">
        <ele>378.8</ele>
        <time>2026-10-09T05:57:58Z</time>
      </trkpt>
      <trkpt lat="46.347648" lon="6.206777">
        <ele>378.8</ele>
        <time>2026-10-09T05:57:59Z</time>
      </trkpt>
      <trkpt lat="46.347721" lon="6.206791">
        <ele>378.9</ele>
        <time>2026-10-09T05:58:00Z</time>
      </trkpt>
      <trkpt lat="46.347796" lon="6.206809">
        <ele>378.9</ele>
        <time>2026-10-09T05:58:01Z</time>
      </trkpt>
      <trkpt lat="46.34787" lon="6.206827">
        <ele>378.9</ele>
        <time>2026-10-09T05:58:02Z</time>
      </trkpt>
      <trkpt lat="46.347943" lon="6.206847">
        <ele>378.9</ele>
        <time>2026-10-09T05:58:03Z</time>
      </trkpt>
      <trkpt lat="46.348015" lon="6.206869">
        <ele>378.9</ele>
        <time>2026-10-09T05:58:04Z</time>
      </trkpt>
      <trkpt lat="46.348089" lon="6.206892">
        <ele>379.0</ele>
        <time>2026-10-09T05:58:05Z</time>
      </trkpt>
      <trkpt lat="46.348162" lon="6.206915">
        <ele>379.0</ele>
        <time>2026-10-09T05:58:06Z</time>
      </trkpt>
      <trkpt lat="46.348235" lon="6.206941">
        <ele>379.0</ele>
        <time>2026-10-09T05:58:07Z</time>
      </trkpt>
      <trkpt lat="46.348307" lon="6.206963">
        <ele>379.1</ele>
        <time>2026-10-09T05:58:08Z</time>
      </trkpt>
      <trkpt lat="46.348379" lon="6.206986">
        <ele>379.1</ele>
        <time>2026-10-09T05:58:09Z</time>
      </trkpt>
      <trkpt lat="46.348451" lon="6.207008">
        <ele>379.2</ele>
        <time>2026-10-09T05:58:10Z</time>
      </trkpt>
      <trkpt lat="46.348522" lon="6.20703">
        <ele>379.3</ele>
        <time>2026-10-09T05:58:11Z</time>
      </trkpt>
      <trkpt lat="46.348593" lon="6.207057">
        <ele>379.3</ele>
        <time>2026-10-09T05:58:12Z</time>
      </trkpt>
      <trkpt lat="46.348663" lon="6.207084">
        <ele>379.4</ele>
        <time>2026-10-09T05:58:13Z</time>
      </trkpt>
      <trkpt lat="46.348734" lon="6.207111">
        <ele>379.4</ele>
        <time>2026-10-09T05:58:14Z</time>
      </trkpt>
      <trkpt lat="46.348806" lon="6.207138">
        <ele>379.5</ele>
        <time>2026-10-09T05:58:15Z</time>
      </trkpt>
      <trkpt lat="46.348877" lon="6.20717">
        <ele>379.4</ele>
        <time>2026-10-09T05:58:16Z</time>
      </trkpt>
      <trkpt lat="46.348947" lon="6.2072">
        <ele>379.4</ele>
        <time>2026-10-09T05:58:17Z</time>
      </trkpt>
      <trkpt lat="46.349016" lon="6.207228">
        <ele>379.4</ele>
        <time>2026-10-09T05:58:18Z</time>
      </trkpt>
      <trkpt lat="46.349086" lon="6.207254">
        <ele>379.5</ele>
        <time>2026-10-09T05:58:19Z</time>
      </trkpt>
      <trkpt lat="46.349153" lon="6.207286">
        <ele>379.5</ele>
        <time>2026-10-09T05:58:20Z</time>
      </trkpt>
      <trkpt lat="46.349223" lon="6.207325">
        <ele>379.5</ele>
        <time>2026-10-09T05:58:21Z</time>
      </trkpt>
      <trkpt lat="46.349292" lon="6.207361">
        <ele>379.5</ele>
        <time>2026-10-09T05:58:22Z</time>
      </trkpt>
      <trkpt lat="46.349361" lon="6.207397">
        <ele>379.6</ele>
        <time>2026-10-09T05:58:23Z</time>
      </trkpt>
      <trkpt lat="46.349426" lon="6.207433">
        <ele>379.6</ele>
        <time>2026-10-09T05:58:24Z</time>
      </trkpt>
      <trkpt lat="46.349497" lon="6.207467">
        <ele>379.6</ele>
        <time>2026-10-09T05:58:25Z</time>
      </trkpt>
      <trkpt lat="46.349566" lon="6.207499">
        <ele>379.6</ele>
        <time>2026-10-09T05:58:26Z</time>
      </trkpt>
      <trkpt lat="46.349635" lon="6.207532">
        <ele>379.6</ele>
        <time>2026-10-09T05:58:27Z</time>
      </trkpt>
      <trkpt lat="46.349704" lon="6.207567">
        <ele>379.7</ele>
        <time>2026-10-09T05:58:28Z</time>
      </trkpt>
      <trkpt lat="46.349773" lon="6.207609">
        <ele>379.7</ele>
        <time>2026-10-09T05:58:29Z</time>
      </trkpt>
      <trkpt lat="46.349843" lon="6.207649">
        <ele>379.7</ele>
        <time>2026-10-09T05:58:30Z</time>
      </trkpt>
      <trkpt lat="46.349911" lon="6.207689">
        <ele>379.7</ele>
        <time>2026-10-09T05:58:31Z</time>
      </trkpt>
      <trkpt lat="46.34998" lon="6.207731">
        <ele>379.8</ele>
        <time>2026-10-09T05:58:32Z</time>
      </trkpt>
      <trkpt lat="46.350048" lon="6.207773">
        <ele>379.8</ele>
        <time>2026-10-09T05:58:33Z</time>
      </trkpt>
      <trkpt lat="46.350114" lon="6.207818">
        <ele>379.8</ele>
        <time>2026-10-09T05:58:34Z</time>
      </trkpt>
      <trkpt lat="46.350181" lon="6.20786">
        <ele>379.8</ele>
        <time>2026-10-09T05:58:35Z</time>
      </trkpt>
      <trkpt lat="46.350251" lon="6.207906">
        <ele>379.9</ele>
        <time>2026-10-09T05:58:36Z</time>
      </trkpt>
      <trkpt lat="46.350319" lon="6.207952">
        <ele>379.9</ele>
        <time>2026-10-09T05:58:37Z</time>
      </trkpt>
      <trkpt lat="46.350384" lon="6.207998">
        <ele>379.9</ele>
        <time>2026-10-09T05:58:38Z</time>
      </trkpt>
      <trkpt lat="46.350451" lon="6.20805">
        <ele>379.9</ele>
        <time>2026-10-09T05:58:39Z</time>
      </trkpt>
      <trkpt lat="46.350518" lon="6.208101">
        <ele>379.9</ele>
        <time>2026-10-09T05:58:40Z</time>
      </trkpt>
      <trkpt lat="46.350584" lon="6.208147">
        <ele>380.0</ele>
        <time>2026-10-09T05:58:41Z</time>
      </trkpt>
      <trkpt lat="46.350651" lon="6.208195">
        <ele>380.0</ele>
        <time>2026-10-09T05:58:42Z</time>
      </trkpt>
      <trkpt lat="46.350719" lon="6.208247">
        <ele>380.1</ele>
        <time>2026-10-09T05:58:43Z</time>
      </trkpt>
      <trkpt lat="46.350786" lon="6.208299">
        <ele>380.1</ele>
        <time>2026-10-09T05:58:44Z</time>
      </trkpt>
      <trkpt lat="46.350852" lon="6.20835">
        <ele>380.1</ele>
        <time>2026-10-09T05:58:45Z</time>
      </trkpt>
      <trkpt lat="46.350918" lon="6.208405">
        <ele>380.1</ele>
        <time>2026-10-09T05:58:46Z</time>
      </trkpt>
      <trkpt lat="46.350983" lon="6.208459">
        <ele>380.1</ele>
        <time>2026-10-09T05:58:47Z</time>
      </trkpt>
      <trkpt lat="46.351049" lon="6.208513">
        <ele>380.1</ele>
        <time>2026-10-09T05:58:48Z</time>
      </trkpt>
      <trkpt lat="46.351115" lon="6.208565">
        <ele>380.1</ele>
        <time>2026-10-09T05:58:49Z</time>
      </trkpt>
      <trkpt lat="46.351179" lon="6.208619">
        <ele>380.1</ele>
        <time>2026-10-09T05:58:50Z</time>
      </trkpt>
      <trkpt lat="46.351242" lon="6.208678">
        <ele>380.1</ele>
        <time>2026-10-09T05:58:51Z</time>
      </trkpt>
      <trkpt lat="46.351308" lon="6.208737">
        <ele>380.2</ele>
        <time>2026-10-09T05:58:52Z</time>
      </trkpt>
      <trkpt lat="46.351371" lon="6.208796">
        <ele>380.3</ele>
        <time>2026-10-09T05:58:53Z</time>
      </trkpt>
      <trkpt lat="46.351435" lon="6.208856">
        <ele>380.3</ele>
        <time>2026-10-09T05:58:54Z</time>
      </trkpt>
      <trkpt lat="46.351495" lon="6.208907">
        <ele>380.3</ele>
        <time>2026-10-09T05:58:55Z</time>
      </trkpt>
      <trkpt lat="46.351558" lon="6.20896">
        <ele>380.3</ele>
        <time>2026-10-09T05:58:56Z</time>
      </trkpt>
      <trkpt lat="46.351619" lon="6.209016">
        <ele>380.3</ele>
        <time>2026-10-09T05:58:57Z</time>
      </trkpt>
      <trkpt lat="46.351682" lon="6.209072">
        <ele>380.3</ele>
        <time>2026-10-09T05:58:58Z</time>
      </trkpt>
      <trkpt lat="46.351745" lon="6.209126">
        <ele>380.3</ele>
        <time>2026-10-09T05:58:59Z</time>
      </trkpt>
      <trkpt lat="46.351807" lon="6.209187">
        <ele>380.3</ele>
        <time>2026-10-09T05:59:00Z</time>
      </trkpt>
      <trkpt lat="46.351869" lon="6.209253">
        <ele>380.2</ele>
        <time>2026-10-09T05:59:01Z</time>
      </trkpt>
      <trkpt lat="46.351934" lon="6.209317">
        <ele>380.2</ele>
        <time>2026-10-09T05:59:02Z</time>
      </trkpt>
      <trkpt lat="46.351996" lon="6.209381">
        <ele>380.2</ele>
        <time>2026-10-09T05:59:03Z</time>
      </trkpt>
      <trkpt lat="46.35206" lon="6.209441">
        <ele>380.3</ele>
        <time>2026-10-09T05:59:04Z</time>
      </trkpt>
      <trkpt lat="46.352124" lon="6.209502">
        <ele>380.3</ele>
        <time>2026-10-09T05:59:05Z</time>
      </trkpt>
      <trkpt lat="46.352184" lon="6.209568">
        <ele>380.3</ele>
        <time>2026-10-09T05:59:06Z</time>
      </trkpt>
      <trkpt lat="46.352248" lon="6.209626">
        <ele>380.3</ele>
        <time>2026-10-09T05:59:07Z</time>
      </trkpt>
      <trkpt lat="46.352311" lon="6.209683">
        <ele>380.3</ele>
        <time>2026-10-09T05:59:08Z</time>
      </trkpt>
      <trkpt lat="46.352372" lon="6.209745">
        <ele>380.3</ele>
        <time>2026-10-09T05:59:09Z</time>
      </trkpt>
      <trkpt lat="46.352436" lon="6.209806">
        <ele>380.3</ele>
        <time>2026-10-09T05:59:10Z</time>
      </trkpt>
      <trkpt lat="46.352496" lon="6.209871">
        <ele>380.3</ele>
        <time>2026-10-09T05:59:11Z</time>
      </trkpt>
      <trkpt lat="46.35256" lon="6.209928">
        <ele>380.2</ele>
        <time>2026-10-09T05:59:12Z</time>
      </trkpt>
      <trkpt lat="46.352625" lon="6.209987">
        <ele>380.2</ele>
        <time>2026-10-09T05:59:13Z</time>
      </trkpt>
      <trkpt lat="46.352689" lon="6.210042">
        <ele>380.2</ele>
        <time>2026-10-09T05:59:14Z</time>
      </trkpt>
      <trkpt lat="46.352752" lon="6.210102">
        <ele>380.2</ele>
        <time>2026-10-09T05:59:15Z</time>
      </trkpt>
      <trkpt lat="46.352812" lon="6.21017">
        <ele>380.2</ele>
        <time>2026-10-09T05:59:16Z</time>
      </trkpt>
      <trkpt lat="46.352875" lon="6.210227">
        <ele>380.2</ele>
        <time>2026-10-09T05:59:17Z</time>
      </trkpt>
      <trkpt lat="46.352939" lon="6.210287">
        <ele>380.2</ele>
        <time>2026-10-09T05:59:18Z</time>
      </trkpt>
      <trkpt lat="46.353" lon="6.210345">
        <ele>380.2</ele>
        <time>2026-10-09T05:59:19Z</time>
      </trkpt>
      <trkpt lat="46.353062" lon="6.210405">
        <ele>380.3</ele>
        <time>2026-10-09T05:59:20Z</time>
      </trkpt>
      <trkpt lat="46.353124" lon="6.210462">
        <ele>380.3</ele>
        <time>2026-10-09T05:59:21Z</time>
      </trkpt>
      <trkpt lat="46.353186" lon="6.210522">
        <ele>380.3</ele>
        <time>2026-10-09T05:59:22Z</time>
      </trkpt>
      <trkpt lat="46.353248" lon="6.210582">
        <ele>380.3</ele>
        <time>2026-10-09T05:59:23Z</time>
      </trkpt>
      <trkpt lat="46.353312" lon="6.210644">
        <ele>380.3</ele>
        <time>2026-10-09T05:59:24Z</time>
      </trkpt>
      <trkpt lat="46.353372" lon="6.210707">
        <ele>380.3</ele>
        <time>2026-10-09T05:59:25Z</time>
      </trkpt>
      <trkpt lat="46.353433" lon="6.210764">
        <ele>380.3</ele>
        <time>2026-10-09T05:59:26Z</time>
      </trkpt>
      <trkpt lat="46.353496" lon="6.210818">
        <ele>380.2</ele>
        <time>2026-10-09T05:59:27Z</time>
      </trkpt>
      <trkpt lat="46.35356" lon="6.210874">
        <ele>380.2</ele>
        <time>2026-10-09T05:59:28Z</time>
      </trkpt>
      <trkpt lat="46.353625" lon="6.210932">
        <ele>380.2</ele>
        <time>2026-10-09T05:59:29Z</time>
      </trkpt>
      <trkpt lat="46.353684" lon="6.210991">
        <ele>380.2</ele>
        <time>2026-10-09T05:59:30Z</time>
      </trkpt>
      <trkpt lat="46.353747" lon="6.211051">
        <ele>380.2</ele>
        <time>2026-10-09T05:59:31Z</time>
      </trkpt>
      <trkpt lat="46.35381" lon="6.211101">
        <ele>380.2</ele>
        <time>2026-10-09T05:59:32Z</time>
      </trkpt>
      <trkpt lat="46.353873" lon="6.21117">
        <ele>380.2</ele>
        <time>2026-10-09T05:59:33Z</time>
      </trkpt>
      <trkpt lat="46.353937" lon="6.211231">
        <ele>380.2</ele>
        <time>2026-10-09T05:59:34Z</time>
      </trkpt>
      <trkpt lat="46.354002" lon="6.211288">
        <ele>380.2</ele>
        <time>2026-10-09T05:59:35Z</time>
      </trkpt>
      <trkpt lat="46.354066" lon="6.211351">
        <ele>380.2</ele>
        <time>2026-10-09T05:59:36Z</time>
      </trkpt>
      <trkpt lat="46.35413" lon="6.211413">
        <ele>380.2</ele>
        <time>2026-10-09T05:59:37Z</time>
      </trkpt>
      <trkpt lat="46.354198" lon="6.21148">
        <ele>380.1</ele>
        <time>2026-10-09T05:59:38Z</time>
      </trkpt>
      <trkpt lat="46.354267" lon="6.211547">
        <ele>380.1</ele>
        <time>2026-10-09T05:59:39Z</time>
      </trkpt>
      <trkpt lat="46.354339" lon="6.211612">
        <ele>380.1</ele>
        <time>2026-10-09T05:59:40Z</time>
      </trkpt>
      <trkpt lat="46.35441" lon="6.211678">
        <ele>380.1</ele>
        <time>2026-10-09T05:59:41Z</time>
      </trkpt>
      <trkpt lat="46.354479" lon="6.211742">
        <ele>380.1</ele>
        <time>2026-10-09T05:59:42Z</time>
      </trkpt>
      <trkpt lat="46.354549" lon="6.211805">
        <ele>380.2</ele>
        <time>2026-10-09T05:59:43Z</time>
      </trkpt>
      <trkpt lat="46.354618" lon="6.21187">
        <ele>380.2</ele>
        <time>2026-10-09T05:59:44Z</time>
      </trkpt>
      <trkpt lat="46.354688" lon="6.211935">
        <ele>380.2</ele>
        <time>2026-10-09T05:59:45Z</time>
      </trkpt>
      <trkpt lat="46.354756" lon="6.212004">
        <ele>380.3</ele>
        <time>2026-10-09T05:59:46Z</time>
      </trkpt>
      <trkpt lat="46.354826" lon="6.212072">
        <ele>380.3</ele>
        <time>2026-10-09T05:59:47Z</time>
      </trkpt>
      <trkpt lat="46.354896" lon="6.212136">
        <ele>380.3</ele>
        <time>2026-10-09T05:59:48Z</time>
      </trkpt>
      <trkpt lat="46.354964" lon="6.212199">
        <ele>380.4</ele>
        <time>2026-10-09T05:59:49Z</time>
      </trkpt>
      <trkpt lat="46.355034" lon="6.212268">
        <ele>380.4</ele>
        <time>2026-10-09T05:59:50Z</time>
      </trkpt>
      <trkpt lat="46.355103" lon="6.212332">
        <ele>380.4</ele>
        <time>2026-10-09T05:59:51Z</time>
      </trkpt>
      <trkpt lat="46.355171" lon="6.212394">
        <ele>380.5</ele>
        <time>2026-10-09T05:59:52Z</time>
      </trkpt>
      <trkpt lat="46.355241" lon="6.212463">
        <ele>380.5</ele>
        <time>2026-10-09T05:59:53Z</time>
      </trkpt>
      <trkpt lat="46.355309" lon="6.212525">
        <ele>380.5</ele>
        <time>2026-10-09T05:59:54Z</time>
      </trkpt>
      <trkpt lat="46.355378" lon="6.212589">
        <ele>380.5</ele>
        <time>2026-10-09T05:59:55Z</time>
      </trkpt>
      <trkpt lat="46.355448" lon="6.212657">
        <ele>380.6</ele>
        <time>2026-10-09T05:59:56Z</time>
      </trkpt>
      <trkpt lat="46.355517" lon="6.21272">
        <ele>380.7</ele>
        <time>2026-10-09T05:59:57Z</time>
      </trkpt>
      <trkpt lat="46.355585" lon="6.212787">
        <ele>380.7</ele>
        <time>2026-10-09T05:59:58Z</time>
      </trkpt>
      <trkpt lat="46.355656" lon="6.212855">
        <ele>380.8</ele>
        <time>2026-10-09T05:59:59Z</time>
      </trkpt>
      <trkpt lat="46.355724" lon="6.212919">
        <ele>380.8</ele>
        <time>2026-10-09T06:00:00Z</time>
      </trkpt>
      <trkpt lat="46.355793" lon="6.212987">
        <ele>380.9</ele>
        <time>2026-10-09T06:00:01Z</time>
      </trkpt>
      <trkpt lat="46.355861" lon="6.213055">
        <ele>380.9</ele>
        <time>2026-10-09T06:00:02Z</time>
      </trkpt>
      <trkpt lat="46.35593" lon="6.213121">
        <ele>380.9</ele>
        <time>2026-10-09T06:00:03Z</time>
      </trkpt>
      <trkpt lat="46.355998" lon="6.213185">
        <ele>381.0</ele>
        <time>2026-10-09T06:00:04Z</time>
      </trkpt>
      <trkpt lat="46.356066" lon="6.213252">
        <ele>381.0</ele>
        <time>2026-10-09T06:00:05Z</time>
      </trkpt>
      <trkpt lat="46.356133" lon="6.213315">
        <ele>381.1</ele>
        <time>2026-10-09T06:00:06Z</time>
      </trkpt>
      <trkpt lat="46.356199" lon="6.213376">
        <ele>381.1</ele>
        <time>2026-10-09T06:00:07Z</time>
      </trkpt>
      <trkpt lat="46.356266" lon="6.213437">
        <ele>381.2</ele>
        <time>2026-10-09T06:00:08Z</time>
      </trkpt>
      <trkpt lat="46.356331" lon="6.213496">
        <ele>381.2</ele>
        <time>2026-10-09T06:00:09Z</time>
      </trkpt>
      <trkpt lat="46.356398" lon="6.213561">
        <ele>381.3</ele>
        <time>2026-10-09T06:00:10Z</time>
      </trkpt>
      <trkpt lat="46.356465" lon="6.213627">
        <ele>381.3</ele>
        <time>2026-10-09T06:00:11Z</time>
      </trkpt>
      <trkpt lat="46.356532" lon="6.213692">
        <ele>381.3</ele>
        <time>2026-10-09T06:00:12Z</time>
      </trkpt>
      <trkpt lat="46.356599" lon="6.213756">
        <ele>381.4</ele>
        <time>2026-10-09T06:00:13Z</time>
      </trkpt>
      <trkpt lat="46.356667" lon="6.213819">
        <ele>381.4</ele>
        <time>2026-10-09T06:00:14Z</time>
      </trkpt>
      <trkpt lat="46.356734" lon="6.213881">
        <ele>381.5</ele>
        <time>2026-10-09T06:00:15Z</time>
      </trkpt>
      <trkpt lat="46.3568" lon="6.213944">
        <ele>381.5</ele>
        <time>2026-10-09T06:00:16Z</time>
      </trkpt>
      <trkpt lat="46.356866" lon="6.214008">
        <ele>381.6</ele>
        <time>2026-10-09T06:00:17Z</time>
      </trkpt>
      <trkpt lat="46.356933" lon="6.214073">
        <ele>381.6</ele>
        <time>2026-10-09T06:00:18Z</time>
      </trkpt>
      <trkpt lat="46.357001" lon="6.214135">
        <ele>381.7</ele>
        <time>2026-10-09T06:00:19Z</time>
      </trkpt>
      <trkpt lat="46.357066" lon="6.214199">
        <ele>381.7</ele>
        <time>2026-10-09T06:00:20Z</time>
      </trkpt>
      <trkpt lat="46.357132" lon="6.21427">
        <ele>381.8</ele>
        <time>2026-10-09T06:00:21Z</time>
      </trkpt>
      <trkpt lat="46.357195" lon="6.214337">
        <ele>381.8</ele>
        <time>2026-10-09T06:00:22Z</time>
      </trkpt>
      <trkpt lat="46.357263" lon="6.214399">
        <ele>381.9</ele>
        <time>2026-10-09T06:00:23Z</time>
      </trkpt>
      <trkpt lat="46.35733" lon="6.214462">
        <ele>381.9</ele>
        <time>2026-10-09T06:00:24Z</time>
      </trkpt>
      <trkpt lat="46.357396" lon="6.214527">
        <ele>381.9</ele>
        <time>2026-10-09T06:00:25Z</time>
      </trkpt>
      <trkpt lat="46.357462" lon="6.21459">
        <ele>381.9</ele>
        <time>2026-10-09T06:00:26Z</time>
      </trkpt>
      <trkpt lat="46.357528" lon="6.214656">
        <ele>381.9</ele>
        <time>2026-10-09T06:00:27Z</time>
      </trkpt>
      <trkpt lat="46.357595" lon="6.214721">
        <ele>381.9</ele>
        <time>2026-10-09T06:00:28Z</time>
      </trkpt>
      <trkpt lat="46.357662" lon="6.214785">
        <ele>381.9</ele>
        <time>2026-10-09T06:00:29Z</time>
      </trkpt>
      <trkpt lat="46.357725" lon="6.214849">
        <ele>381.9</ele>
        <time>2026-10-09T06:00:30Z</time>
      </trkpt>
      <trkpt lat="46.357789" lon="6.214914">
        <ele>381.9</ele>
        <time>2026-10-09T06:00:31Z</time>
      </trkpt>
      <trkpt lat="46.357855" lon="6.214978">
        <ele>381.8</ele>
        <time>2026-10-09T06:00:32Z</time>
      </trkpt>
      <trkpt lat="46.35792" lon="6.215043">
        <ele>381.8</ele>
        <time>2026-10-09T06:00:33Z</time>
      </trkpt>
      <trkpt lat="46.357985" lon="6.215107">
        <ele>381.7</ele>
        <time>2026-10-09T06:00:34Z</time>
      </trkpt>
      <trkpt lat="46.358048" lon="6.215172">
        <ele>381.7</ele>
        <time>2026-10-09T06:00:35Z</time>
      </trkpt>
      <trkpt lat="46.358112" lon="6.215238">
        <ele>381.6</ele>
        <time>2026-10-09T06:00:36Z</time>
      </trkpt>
      <trkpt lat="46.358175" lon="6.215304">
        <ele>381.6</ele>
        <time>2026-10-09T06:00:37Z</time>
      </trkpt>
      <trkpt lat="46.358241" lon="6.215373">
        <ele>381.5</ele>
        <time>2026-10-09T06:00:38Z</time>
      </trkpt>
      <trkpt lat="46.358307" lon="6.215437">
        <ele>381.5</ele>
        <time>2026-10-09T06:00:39Z</time>
      </trkpt>
      <trkpt lat="46.358371" lon="6.215499">
        <ele>381.4</ele>
        <time>2026-10-09T06:00:40Z</time>
      </trkpt>
      <trkpt lat="46.358437" lon="6.215564">
        <ele>381.4</ele>
        <time>2026-10-09T06:00:41Z</time>
      </trkpt>
      <trkpt lat="46.358502" lon="6.215623">
        <ele>381.3</ele>
        <time>2026-10-09T06:00:42Z</time>
      </trkpt>
      <trkpt lat="46.358568" lon="6.215683">
        <ele>381.3</ele>
        <time>2026-10-09T06:00:43Z</time>
      </trkpt>
      <trkpt lat="46.358634" lon="6.215738">
        <ele>381.2</ele>
        <time>2026-10-09T06:00:44Z</time>
      </trkpt>
      <trkpt lat="46.358696" lon="6.21579">
        <ele>381.1</ele>
        <time>2026-10-09T06:00:45Z</time>
      </trkpt>
      <trkpt lat="46.358758" lon="6.215832">
        <ele>381.1</ele>
        <time>2026-10-09T06:00:46Z</time>
      </trkpt>
      <trkpt lat="46.358808" lon="6.215884">
        <ele>381.0</ele>
        <time>2026-10-09T06:00:47Z</time>
      </trkpt>
      <trkpt lat="46.358852" lon="6.21596">
        <ele>380.9</ele>
        <time>2026-10-09T06:00:48Z</time>
      </trkpt>
      <trkpt lat="46.358896" lon="6.21604">
        <ele>380.8</ele>
        <time>2026-10-09T06:00:49Z</time>
      </trkpt>
      <trkpt lat="46.358952" lon="6.216106">
        <ele>380.8</ele>
        <time>2026-10-09T06:00:50Z</time>
      </trkpt>
      <trkpt lat="46.359013" lon="6.216165">
        <ele>380.7</ele>
        <time>2026-10-09T06:00:51Z</time>
      </trkpt>
      <trkpt lat="46.359074" lon="6.216225">
        <ele>380.6</ele>
        <time>2026-10-09T06:00:52Z</time>
      </trkpt>
      <trkpt lat="46.359135" lon="6.216293">
        <ele>380.5</ele>
        <time>2026-10-09T06:00:53Z</time>
      </trkpt>
      <trkpt lat="46.359192" lon="6.216358">
        <ele>380.4</ele>
        <time>2026-10-09T06:00:54Z</time>
      </trkpt>
      <trkpt lat="46.359252" lon="6.216424">
        <ele>380.4</ele>
        <time>2026-10-09T06:00:55Z</time>
      </trkpt>
      <trkpt lat="46.359313" lon="6.216489">
        <ele>380.3</ele>
        <time>2026-10-09T06:00:56Z</time>
      </trkpt>
      <trkpt lat="46.359374" lon="6.216557">
        <ele>380.3</ele>
        <time>2026-10-09T06:00:57Z</time>
      </trkpt>
      <trkpt lat="46.359435" lon="6.216625">
        <ele>380.2</ele>
        <time>2026-10-09T06:00:58Z</time>
      </trkpt>
      <trkpt lat="46.359493" lon="6.216697">
        <ele>380.2</ele>
        <time>2026-10-09T06:00:59Z</time>
      </trkpt>
      <trkpt lat="46.359551" lon="6.216766">
        <ele>380.1</ele>
        <time>2026-10-09T06:01:00Z</time>
      </trkpt>
      <trkpt lat="46.35961" lon="6.216835">
        <ele>380.1</ele>
        <time>2026-10-09T06:01:01Z</time>
      </trkpt>
      <trkpt lat="46.35967" lon="6.216905">
        <ele>380.1</ele>
        <time>2026-10-09T06:01:02Z</time>
      </trkpt>
      <trkpt lat="46.359729" lon="6.216971">
        <ele>380.1</ele>
        <time>2026-10-09T06:01:03Z</time>
      </trkpt>
      <trkpt lat="46.359789" lon="6.217036">
        <ele>380.1</ele>
        <time>2026-10-09T06:01:04Z</time>
      </trkpt>
      <trkpt lat="46.359848" lon="6.217099">
        <ele>380.0</ele>
        <time>2026-10-09T06:01:05Z</time>
      </trkpt>
      <trkpt lat="46.359909" lon="6.217162">
        <ele>380.0</ele>
        <time>2026-10-09T06:01:06Z</time>
      </trkpt>
      <trkpt lat="46.35997" lon="6.217228">
        <ele>380.0</ele>
        <time>2026-10-09T06:01:07Z</time>
      </trkpt>
      <trkpt lat="46.360027" lon="6.217295">
        <ele>380.0</ele>
        <time>2026-10-09T06:01:08Z</time>
      </trkpt>
      <trkpt lat="46.360083" lon="6.217359">
        <ele>380.0</ele>
        <time>2026-10-09T06:01:09Z</time>
      </trkpt>
      <trkpt lat="46.360143" lon="6.217422">
        <ele>380.0</ele>
        <time>2026-10-09T06:01:10Z</time>
      </trkpt>
      <trkpt lat="46.360199" lon="6.217485">
        <ele>380.1</ele>
        <time>2026-10-09T06:01:11Z</time>
      </trkpt>
      <trkpt lat="46.360256" lon="6.217549">
        <ele>380.1</ele>
        <time>2026-10-09T06:01:12Z</time>
      </trkpt>
      <trkpt lat="46.360313" lon="6.217612">
        <ele>380.1</ele>
        <time>2026-10-09T06:01:13Z</time>
      </trkpt>
      <trkpt lat="46.360369" lon="6.217669">
        <ele>380.1</ele>
        <time>2026-10-09T06:01:14Z</time>
      </trkpt>
      <trkpt lat="46.360428" lon="6.217732">
        <ele>380.1</ele>
        <time>2026-10-09T06:01:15Z</time>
      </trkpt>
      <trkpt lat="46.360485" lon="6.217796">
        <ele>380.2</ele>
        <time>2026-10-09T06:01:16Z</time>
      </trkpt>
      <trkpt lat="46.360543" lon="6.217851">
        <ele>380.2</ele>
        <time>2026-10-09T06:01:17Z</time>
      </trkpt>
      <trkpt lat="46.360601" lon="6.217911">
        <ele>380.3</ele>
        <time>2026-10-09T06:01:18Z</time>
      </trkpt>
      <trkpt lat="46.360656" lon="6.217973">
        <ele>380.4</ele>
        <time>2026-10-09T06:01:19Z</time>
      </trkpt>
      <trkpt lat="46.360713" lon="6.218033">
        <ele>380.4</ele>
        <time>2026-10-09T06:01:20Z</time>
      </trkpt>
      <trkpt lat="46.360768" lon="6.218088">
        <ele>380.5</ele>
        <time>2026-10-09T06:01:21Z</time>
      </trkpt>
      <trkpt lat="46.360825" lon="6.218144">
        <ele>380.6</ele>
        <time>2026-10-09T06:01:22Z</time>
      </trkpt>
      <trkpt lat="46.360881" lon="6.218201">
        <ele>380.6</ele>
        <time>2026-10-09T06:01:23Z</time>
      </trkpt>
      <trkpt lat="46.360938" lon="6.218258">
        <ele>380.7</ele>
        <time>2026-10-09T06:01:24Z</time>
      </trkpt>
      <trkpt lat="46.360994" lon="6.218315">
        <ele>380.8</ele>
        <time>2026-10-09T06:01:25Z</time>
      </trkpt>
      <trkpt lat="46.361048" lon="6.21837">
        <ele>380.8</ele>
        <time>2026-10-09T06:01:26Z</time>
      </trkpt>
      <trkpt lat="46.361106" lon="6.218428">
        <ele>380.9</ele>
        <time>2026-10-09T06:01:27Z</time>
      </trkpt>
      <trkpt lat="46.361162" lon="6.218483">
        <ele>380.9</ele>
        <time>2026-10-09T06:01:28Z</time>
      </trkpt>
      <trkpt lat="46.361219" lon="6.218533">
        <ele>381.0</ele>
        <time>2026-10-09T06:01:29Z</time>
      </trkpt>
      <trkpt lat="46.361278" lon="6.218585">
        <ele>381.1</ele>
        <time>2026-10-09T06:01:30Z</time>
      </trkpt>
      <trkpt lat="46.361334" lon="6.218637">
        <ele>381.2</ele>
        <time>2026-10-09T06:01:31Z</time>
      </trkpt>
      <trkpt lat="46.361394" lon="6.218696">
        <ele>381.3</ele>
        <time>2026-10-09T06:01:32Z</time>
      </trkpt>
      <trkpt lat="46.361452" lon="6.218751">
        <ele>381.4</ele>
        <time>2026-10-09T06:01:33Z</time>
      </trkpt>
      <trkpt lat="46.361511" lon="6.218805">
        <ele>381.5</ele>
        <time>2026-10-09T06:01:34Z</time>
      </trkpt>
      <trkpt lat="46.361558" lon="6.218875">
        <ele>381.6</ele>
        <time>2026-10-09T06:01:35Z</time>
      </trkpt>
      <trkpt lat="46.361615" lon="6.218936">
        <ele>381.7</ele>
        <time>2026-10-09T06:01:36Z</time>
      </trkpt>
      <trkpt lat="46.361681" lon="6.218986">
        <ele>381.8</ele>
        <time>2026-10-09T06:01:37Z</time>
      </trkpt>
      <trkpt lat="46.36175" lon="6.219029">
        <ele>381.9</ele>
        <time>2026-10-09T06:01:38Z</time>
      </trkpt>
      <trkpt lat="46.361813" lon="6.219089">
        <ele>382.0</ele>
        <time>2026-10-09T06:01:39Z</time>
      </trkpt>
      <trkpt lat="46.361873" lon="6.219146">
        <ele>382.0</ele>
        <time>2026-10-09T06:01:40Z</time>
      </trkpt>
      <trkpt lat="46.361937" lon="6.219198">
        <ele>382.1</ele>
        <time>2026-10-09T06:01:41Z</time>
      </trkpt>
      <trkpt lat="46.362005" lon="6.21925">
        <ele>382.2</ele>
        <time>2026-10-09T06:01:42Z</time>
      </trkpt>
      <trkpt lat="46.36207" lon="6.219305">
        <ele>382.3</ele>
        <time>2026-10-09T06:01:43Z</time>
      </trkpt>
      <trkpt lat="46.362135" lon="6.219358">
        <ele>382.4</ele>
        <time>2026-10-09T06:01:44Z</time>
      </trkpt>
      <trkpt lat="46.362198" lon="6.219412">
        <ele>382.5</ele>
        <time>2026-10-09T06:01:45Z</time>
      </trkpt>
      <trkpt lat="46.362263" lon="6.219466">
        <ele>382.6</ele>
        <time>2026-10-09T06:01:46Z</time>
      </trkpt>
      <trkpt lat="46.362327" lon="6.219522">
        <ele>382.7</ele>
        <time>2026-10-09T06:01:47Z</time>
      </trkpt>
      <trkpt lat="46.36239" lon="6.219579">
        <ele>382.8</ele>
        <time>2026-10-09T06:01:48Z</time>
      </trkpt>
      <trkpt lat="46.362456" lon="6.219631">
        <ele>382.8</ele>
        <time>2026-10-09T06:01:49Z</time>
      </trkpt>
      <trkpt lat="46.36252" lon="6.219681">
        <ele>382.9</ele>
        <time>2026-10-09T06:01:50Z</time>
      </trkpt>
      <trkpt lat="46.362587" lon="6.219737">
        <ele>383.0</ele>
        <time>2026-10-09T06:01:51Z</time>
      </trkpt>
      <trkpt lat="46.362653" lon="6.219787">
        <ele>383.1</ele>
        <time>2026-10-09T06:01:52Z</time>
      </trkpt>
      <trkpt lat="46.362719" lon="6.219831">
        <ele>383.2</ele>
        <time>2026-10-09T06:01:53Z</time>
      </trkpt>
      <trkpt lat="46.362784" lon="6.219877">
        <ele>383.3</ele>
        <time>2026-10-09T06:01:54Z</time>
      </trkpt>
      <trkpt lat="46.36285" lon="6.219928">
        <ele>383.4</ele>
        <time>2026-10-09T06:01:55Z</time>
      </trkpt>
      <trkpt lat="46.362915" lon="6.219979">
        <ele>383.5</ele>
        <time>2026-10-09T06:01:56Z</time>
      </trkpt>
      <trkpt lat="46.362982" lon="6.220025">
        <ele>383.6</ele>
        <time>2026-10-09T06:01:57Z</time>
      </trkpt>
      <trkpt lat="46.363048" lon="6.220071">
        <ele>383.6</ele>
        <time>2026-10-09T06:01:58Z</time>
      </trkpt>
      <trkpt lat="46.363114" lon="6.220116">
        <ele>383.7</ele>
        <time>2026-10-09T06:01:59Z</time>
      </trkpt>
      <trkpt lat="46.363181" lon="6.220158">
        <ele>383.8</ele>
        <time>2026-10-09T06:02:00Z</time>
      </trkpt>
      <trkpt lat="46.363248" lon="6.220205">
        <ele>383.8</ele>
        <time>2026-10-09T06:02:01Z</time>
      </trkpt>
      <trkpt lat="46.363314" lon="6.220251">
        <ele>383.9</ele>
        <time>2026-10-09T06:02:02Z</time>
      </trkpt>
      <trkpt lat="46.363379" lon="6.220297">
        <ele>384.0</ele>
        <time>2026-10-09T06:02:03Z</time>
      </trkpt>
      <trkpt lat="46.363443" lon="6.220342">
        <ele>384.1</ele>
        <time>2026-10-09T06:02:04Z</time>
      </trkpt>
      <trkpt lat="46.363509" lon="6.220388">
        <ele>384.1</ele>
        <time>2026-10-09T06:02:05Z</time>
      </trkpt>
      <trkpt lat="46.363576" lon="6.220435">
        <ele>384.2</ele>
        <time>2026-10-09T06:02:06Z</time>
      </trkpt>
      <trkpt lat="46.36364" lon="6.220482">
        <ele>384.2</ele>
        <time>2026-10-09T06:02:07Z</time>
      </trkpt>
      <trkpt lat="46.363704" lon="6.220527">
        <ele>384.3</ele>
        <time>2026-10-09T06:02:08Z</time>
      </trkpt>
      <trkpt lat="46.363772" lon="6.220571">
        <ele>384.4</ele>
        <time>2026-10-09T06:02:09Z</time>
      </trkpt>
      <trkpt lat="46.363839" lon="6.220616">
        <ele>384.4</ele>
        <time>2026-10-09T06:02:10Z</time>
      </trkpt>
      <trkpt lat="46.363905" lon="6.220662">
        <ele>384.5</ele>
        <time>2026-10-09T06:02:11Z</time>
      </trkpt>
      <trkpt lat="46.363967" lon="6.220708">
        <ele>384.6</ele>
        <time>2026-10-09T06:02:12Z</time>
      </trkpt>
      <trkpt lat="46.364032" lon="6.220753">
        <ele>384.7</ele>
        <time>2026-10-09T06:02:13Z</time>
      </trkpt>
      <trkpt lat="46.364096" lon="6.2208">
        <ele>384.8</ele>
        <time>2026-10-09T06:02:14Z</time>
      </trkpt>
      <trkpt lat="46.364163" lon="6.220845">
        <ele>384.8</ele>
        <time>2026-10-09T06:02:15Z</time>
      </trkpt>
      <trkpt lat="46.364227" lon="6.220894">
        <ele>384.9</ele>
        <time>2026-10-09T06:02:16Z</time>
      </trkpt>
      <trkpt lat="46.364293" lon="6.220944">
        <ele>385.0</ele>
        <time>2026-10-09T06:02:17Z</time>
      </trkpt>
      <trkpt lat="46.364359" lon="6.22099">
        <ele>385.0</ele>
        <time>2026-10-09T06:02:18Z</time>
      </trkpt>
      <trkpt lat="46.364424" lon="6.221032">
        <ele>385.1</ele>
        <time>2026-10-09T06:02:19Z</time>
      </trkpt>
      <trkpt lat="46.364489" lon="6.221078">
        <ele>385.1</ele>
        <time>2026-10-09T06:02:20Z</time>
      </trkpt>
      <trkpt lat="46.364554" lon="6.221124">
        <ele>385.2</ele>
        <time>2026-10-09T06:02:21Z</time>
      </trkpt>
      <trkpt lat="46.364619" lon="6.221167">
        <ele>385.2</ele>
        <time>2026-10-09T06:02:22Z</time>
      </trkpt>
      <trkpt lat="46.364684" lon="6.221213">
        <ele>385.2</ele>
        <time>2026-10-09T06:02:23Z</time>
      </trkpt>
      <trkpt lat="46.364751" lon="6.221261">
        <ele>385.3</ele>
        <time>2026-10-09T06:02:24Z</time>
      </trkpt>
      <trkpt lat="46.364817" lon="6.221306">
        <ele>385.3</ele>
        <time>2026-10-09T06:02:25Z</time>
      </trkpt>
      <trkpt lat="46.364884" lon="6.221356">
        <ele>385.4</ele>
        <time>2026-10-09T06:02:26Z</time>
      </trkpt>
      <trkpt lat="46.364948" lon="6.221405">
        <ele>385.4</ele>
        <time>2026-10-09T06:02:27Z</time>
      </trkpt>
      <trkpt lat="46.365014" lon="6.221452">
        <ele>385.5</ele>
        <time>2026-10-09T06:02:28Z</time>
      </trkpt>
      <trkpt lat="46.365079" lon="6.221499">
        <ele>385.5</ele>
        <time>2026-10-09T06:02:29Z</time>
      </trkpt>
      <trkpt lat="46.365144" lon="6.221541">
        <ele>385.6</ele>
        <time>2026-10-09T06:02:30Z</time>
      </trkpt>
      <trkpt lat="46.365209" lon="6.221584">
        <ele>385.6</ele>
        <time>2026-10-09T06:02:31Z</time>
      </trkpt>
      <trkpt lat="46.365276" lon="6.221628">
        <ele>385.7</ele>
        <time>2026-10-09T06:02:32Z</time>
      </trkpt>
      <trkpt lat="46.365343" lon="6.221671">
        <ele>385.7</ele>
        <time>2026-10-09T06:02:33Z</time>
      </trkpt>
      <trkpt lat="46.365409" lon="6.221717">
        <ele>385.7</ele>
        <time>2026-10-09T06:02:34Z</time>
      </trkpt>
      <trkpt lat="46.365476" lon="6.221767">
        <ele>385.8</ele>
        <time>2026-10-09T06:02:35Z</time>
      </trkpt>
      <trkpt lat="46.365541" lon="6.221813">
        <ele>385.8</ele>
        <time>2026-10-09T06:02:36Z</time>
      </trkpt>
      <trkpt lat="46.365606" lon="6.221864">
        <ele>385.9</ele>
        <time>2026-10-09T06:02:37Z</time>
      </trkpt>
      <trkpt lat="46.365671" lon="6.221914">
        <ele>385.9</ele>
        <time>2026-10-09T06:02:38Z</time>
      </trkpt>
      <trkpt lat="46.365737" lon="6.221959">
        <ele>385.9</ele>
        <time>2026-10-09T06:02:39Z</time>
      </trkpt>
      <trkpt lat="46.365802" lon="6.222007">
        <ele>386.0</ele>
        <time>2026-10-09T06:02:40Z</time>
      </trkpt>
      <trkpt lat="46.365867" lon="6.222054">
        <ele>386.0</ele>
        <time>2026-10-09T06:02:41Z</time>
      </trkpt>
      <trkpt lat="46.365933" lon="6.2221">
        <ele>386.0</ele>
        <time>2026-10-09T06:02:42Z</time>
      </trkpt>
      <trkpt lat="46.366002" lon="6.222153">
        <ele>386.1</ele>
        <time>2026-10-09T06:02:43Z</time>
      </trkpt>
      <trkpt lat="46.366069" lon="6.222199">
        <ele>386.1</ele>
        <time>2026-10-09T06:02:44Z</time>
      </trkpt>
      <trkpt lat="46.366137" lon="6.222253">
        <ele>386.2</ele>
        <time>2026-10-09T06:02:45Z</time>
      </trkpt>
      <trkpt lat="46.366203" lon="6.222307">
        <ele>386.2</ele>
        <time>2026-10-09T06:02:46Z</time>
      </trkpt>
      <trkpt lat="46.366267" lon="6.222359">
        <ele>386.2</ele>
        <time>2026-10-09T06:02:47Z</time>
      </trkpt>
      <trkpt lat="46.366335" lon="6.222414">
        <ele>386.2</ele>
        <time>2026-10-09T06:02:48Z</time>
      </trkpt>
      <trkpt lat="46.366401" lon="6.222468">
        <ele>386.3</ele>
        <time>2026-10-09T06:02:49Z</time>
      </trkpt>
      <trkpt lat="46.366465" lon="6.222517">
        <ele>386.3</ele>
        <time>2026-10-09T06:02:50Z</time>
      </trkpt>
      <trkpt lat="46.366532" lon="6.22257">
        <ele>386.3</ele>
        <time>2026-10-09T06:02:51Z</time>
      </trkpt>
      <trkpt lat="46.366595" lon="6.222624">
        <ele>386.3</ele>
        <time>2026-10-09T06:02:52Z</time>
      </trkpt>
      <trkpt lat="46.366657" lon="6.222681">
        <ele>386.3</ele>
        <time>2026-10-09T06:02:53Z</time>
      </trkpt>
      <trkpt lat="46.36672" lon="6.222737">
        <ele>386.3</ele>
        <time>2026-10-09T06:02:54Z</time>
      </trkpt>
      <trkpt lat="46.366783" lon="6.222798">
        <ele>386.3</ele>
        <time>2026-10-09T06:02:55Z</time>
      </trkpt>
      <trkpt lat="46.366844" lon="6.222854">
        <ele>386.4</ele>
        <time>2026-10-09T06:02:56Z</time>
      </trkpt>
      <trkpt lat="46.366903" lon="6.222912">
        <ele>386.4</ele>
        <time>2026-10-09T06:02:57Z</time>
      </trkpt>
      <trkpt lat="46.366964" lon="6.22297">
        <ele>386.4</ele>
        <time>2026-10-09T06:02:58Z</time>
      </trkpt>
      <trkpt lat="46.367024" lon="6.223026">
        <ele>386.5</ele>
        <time>2026-10-09T06:02:59Z</time>
      </trkpt>
      <trkpt lat="46.367085" lon="6.223085">
        <ele>386.5</ele>
        <time>2026-10-09T06:03:00Z</time>
      </trkpt>
      <trkpt lat="46.367143" lon="6.223146">
        <ele>386.5</ele>
        <time>2026-10-09T06:03:01Z</time>
      </trkpt>
      <trkpt lat="46.367203" lon="6.22321">
        <ele>386.5</ele>
        <time>2026-10-09T06:03:02Z</time>
      </trkpt>
      <trkpt lat="46.367265" lon="6.223275">
        <ele>386.5</ele>
        <time>2026-10-09T06:03:03Z</time>
      </trkpt>
      <trkpt lat="46.367323" lon="6.223341">
        <ele>386.5</ele>
        <time>2026-10-09T06:03:04Z</time>
      </trkpt>
      <trkpt lat="46.367382" lon="6.223408">
        <ele>386.5</ele>
        <time>2026-10-09T06:03:05Z</time>
      </trkpt>
      <trkpt lat="46.36744" lon="6.223472">
        <ele>386.5</ele>
        <time>2026-10-09T06:03:06Z</time>
      </trkpt>
      <trkpt lat="46.367499" lon="6.22354">
        <ele>386.6</ele>
        <time>2026-10-09T06:03:07Z</time>
      </trkpt>
      <trkpt lat="46.367557" lon="6.223607">
        <ele>386.6</ele>
        <time>2026-10-09T06:03:08Z</time>
      </trkpt>
      <trkpt lat="46.367613" lon="6.22368">
        <ele>386.6</ele>
        <time>2026-10-09T06:03:09Z</time>
      </trkpt>
      <trkpt lat="46.367673" lon="6.223753">
        <ele>386.6</ele>
        <time>2026-10-09T06:03:10Z</time>
      </trkpt>
      <trkpt lat="46.36773" lon="6.223825">
        <ele>386.6</ele>
        <time>2026-10-09T06:03:11Z</time>
      </trkpt>
      <trkpt lat="46.367786" lon="6.223899">
        <ele>386.6</ele>
        <time>2026-10-09T06:03:12Z</time>
      </trkpt>
      <trkpt lat="46.367836" lon="6.223985">
        <ele>386.7</ele>
        <time>2026-10-09T06:03:13Z</time>
      </trkpt>
      <trkpt lat="46.367886" lon="6.224067">
        <ele>386.7</ele>
        <time>2026-10-09T06:03:14Z</time>
      </trkpt>
      <trkpt lat="46.367941" lon="6.224143">
        <ele>386.7</ele>
        <time>2026-10-09T06:03:15Z</time>
      </trkpt>
      <trkpt lat="46.367993" lon="6.224214">
        <ele>386.6</ele>
        <time>2026-10-09T06:03:16Z</time>
      </trkpt>
      <trkpt lat="46.368046" lon="6.224294">
        <ele>386.6</ele>
        <time>2026-10-09T06:03:17Z</time>
      </trkpt>
      <trkpt lat="46.368101" lon="6.224369">
        <ele>386.6</ele>
        <time>2026-10-09T06:03:18Z</time>
      </trkpt>
      <trkpt lat="46.368155" lon="6.224446">
        <ele>386.7</ele>
        <time>2026-10-09T06:03:19Z</time>
      </trkpt>
      <trkpt lat="46.368208" lon="6.224525">
        <ele>386.7</ele>
        <time>2026-10-09T06:03:20Z</time>
      </trkpt>
      <trkpt lat="46.368258" lon="6.224605">
        <ele>386.7</ele>
        <time>2026-10-09T06:03:21Z</time>
      </trkpt>
      <trkpt lat="46.368309" lon="6.224685">
        <ele>386.8</ele>
        <time>2026-10-09T06:03:22Z</time>
      </trkpt>
      <trkpt lat="46.36837" lon="6.224756">
        <ele>386.8</ele>
        <time>2026-10-09T06:03:23Z</time>
      </trkpt>
      <trkpt lat="46.368429" lon="6.224816">
        <ele>386.9</ele>
        <time>2026-10-09T06:03:24Z</time>
      </trkpt>
      <trkpt lat="46.368481" lon="6.224894">
        <ele>386.9</ele>
        <time>2026-10-09T06:03:25Z</time>
      </trkpt>
      <trkpt lat="46.368527" lon="6.224978">
        <ele>387.0</ele>
        <time>2026-10-09T06:03:26Z</time>
      </trkpt>
      <trkpt lat="46.368574" lon="6.225059">
        <ele>387.0</ele>
        <time>2026-10-09T06:03:27Z</time>
      </trkpt>
      <trkpt lat="46.368622" lon="6.225138">
        <ele>387.1</ele>
        <time>2026-10-09T06:03:28Z</time>
      </trkpt>
      <trkpt lat="46.368667" lon="6.225224">
        <ele>387.1</ele>
        <time>2026-10-09T06:03:29Z</time>
      </trkpt>
      <trkpt lat="46.368711" lon="6.225302">
        <ele>387.2</ele>
        <time>2026-10-09T06:03:30Z</time>
      </trkpt>
      <trkpt lat="46.368757" lon="6.225382">
        <ele>387.3</ele>
        <time>2026-10-09T06:03:31Z</time>
      </trkpt>
      <trkpt lat="46.368801" lon="6.225463">
        <ele>387.4</ele>
        <time>2026-10-09T06:03:32Z</time>
      </trkpt>
      <trkpt lat="46.368841" lon="6.225545">
        <ele>387.5</ele>
        <time>2026-10-09T06:03:33Z</time>
      </trkpt>
      <trkpt lat="46.368883" lon="6.225626">
        <ele>387.6</ele>
        <time>2026-10-09T06:03:34Z</time>
      </trkpt>
      <trkpt lat="46.368928" lon="6.225702">
        <ele>387.7</ele>
        <time>2026-10-09T06:03:35Z</time>
      </trkpt>
      <trkpt lat="46.368969" lon="6.225785">
        <ele>387.8</ele>
        <time>2026-10-09T06:03:36Z</time>
      </trkpt>
      <trkpt lat="46.369008" lon="6.225863">
        <ele>388.0</ele>
        <time>2026-10-09T06:03:37Z</time>
      </trkpt>
      <trkpt lat="46.369048" lon="6.225947">
        <ele>388.1</ele>
        <time>2026-10-09T06:03:38Z</time>
      </trkpt>
      <trkpt lat="46.369083" lon="6.22602">
        <ele>388.2</ele>
        <time>2026-10-09T06:03:39Z</time>
      </trkpt>
      <trkpt lat="46.369123" lon="6.226098">
        <ele>388.3</ele>
        <time>2026-10-09T06:03:40Z</time>
      </trkpt>
      <trkpt lat="46.369162" lon="6.226176">
        <ele>388.4</ele>
        <time>2026-10-09T06:03:41Z</time>
      </trkpt>
      <trkpt lat="46.3692" lon="6.22625">
        <ele>388.5</ele>
        <time>2026-10-09T06:03:42Z</time>
      </trkpt>
      <trkpt lat="46.369237" lon="6.226326">
        <ele>388.6</ele>
        <time>2026-10-09T06:03:43Z</time>
      </trkpt>
      <trkpt lat="46.369274" lon="6.226406">
        <ele>388.7</ele>
        <time>2026-10-09T06:03:44Z</time>
      </trkpt>
      <trkpt lat="46.369311" lon="6.226483">
        <ele>388.8</ele>
        <time>2026-10-09T06:03:45Z</time>
      </trkpt>
      <trkpt lat="46.369351" lon="6.226558">
        <ele>388.9</ele>
        <time>2026-10-09T06:03:46Z</time>
      </trkpt>
      <trkpt lat="46.369391" lon="6.226637">
        <ele>389.1</ele>
        <time>2026-10-09T06:03:47Z</time>
      </trkpt>
      <trkpt lat="46.36943" lon="6.226717">
        <ele>389.2</ele>
        <time>2026-10-09T06:03:48Z</time>
      </trkpt>
      <trkpt lat="46.369466" lon="6.226792">
        <ele>389.3</ele>
        <time>2026-10-09T06:03:49Z</time>
      </trkpt>
      <trkpt lat="46.369504" lon="6.226873">
        <ele>389.4</ele>
        <time>2026-10-09T06:03:50Z</time>
      </trkpt>
      <trkpt lat="46.369542" lon="6.226952">
        <ele>389.6</ele>
        <time>2026-10-09T06:03:51Z</time>
      </trkpt>
      <trkpt lat="46.369582" lon="6.227027">
        <ele>389.7</ele>
        <time>2026-10-09T06:03:52Z</time>
      </trkpt>
      <trkpt lat="46.369619" lon="6.227107">
        <ele>389.8</ele>
        <time>2026-10-09T06:03:53Z</time>
      </trkpt>
      <trkpt lat="46.36966" lon="6.227183">
        <ele>389.9</ele>
        <time>2026-10-09T06:03:54Z</time>
      </trkpt>
      <trkpt lat="46.369695" lon="6.227259">
        <ele>390.1</ele>
        <time>2026-10-09T06:03:55Z</time>
      </trkpt>
      <trkpt lat="46.369734" lon="6.227334">
        <ele>390.2</ele>
        <time>2026-10-09T06:03:56Z</time>
      </trkpt>
      <trkpt lat="46.369772" lon="6.227409">
        <ele>390.4</ele>
        <time>2026-10-09T06:03:57Z</time>
      </trkpt>
      <trkpt lat="46.369809" lon="6.227485">
        <ele>390.6</ele>
        <time>2026-10-09T06:03:58Z</time>
      </trkpt>
      <trkpt lat="46.369846" lon="6.227556">
        <ele>390.7</ele>
        <time>2026-10-09T06:03:59Z</time>
      </trkpt>
      <trkpt lat="46.369882" lon="6.227632">
        <ele>390.9</ele>
        <time>2026-10-09T06:04:00Z</time>
      </trkpt>
      <trkpt lat="46.369918" lon="6.227708">
        <ele>391.0</ele>
        <time>2026-10-09T06:04:01Z</time>
      </trkpt>
      <trkpt lat="46.369954" lon="6.227782">
        <ele>391.1</ele>
        <time>2026-10-09T06:04:02Z</time>
      </trkpt>
      <trkpt lat="46.369992" lon="6.227855">
        <ele>391.2</ele>
        <time>2026-10-09T06:04:03Z</time>
      </trkpt>
      <trkpt lat="46.370027" lon="6.227931">
        <ele>391.4</ele>
        <time>2026-10-09T06:04:04Z</time>
      </trkpt>
      <trkpt lat="46.370063" lon="6.227999">
        <ele>391.5</ele>
        <time>2026-10-09T06:04:05Z</time>
      </trkpt>
      <trkpt lat="46.3701" lon="6.228074">
        <ele>391.7</ele>
        <time>2026-10-09T06:04:06Z</time>
      </trkpt>
      <trkpt lat="46.370136" lon="6.228144">
        <ele>391.8</ele>
        <time>2026-10-09T06:04:07Z</time>
      </trkpt>
      <trkpt lat="46.370173" lon="6.228217">
        <ele>392.0</ele>
        <time>2026-10-09T06:04:08Z</time>
      </trkpt>
      <trkpt lat="46.370207" lon="6.228289">
        <ele>392.1</ele>
        <time>2026-10-09T06:04:09Z</time>
      </trkpt>
      <trkpt lat="46.370242" lon="6.228357">
        <ele>392.3</ele>
        <time>2026-10-09T06:04:10Z</time>
      </trkpt>
      <trkpt lat="46.370279" lon="6.228432">
        <ele>392.4</ele>
        <time>2026-10-09T06:04:11Z</time>
      </trkpt>
      <trkpt lat="46.370314" lon="6.228505">
        <ele>392.5</ele>
        <time>2026-10-09T06:04:12Z</time>
      </trkpt>
      <trkpt lat="46.370348" lon="6.228579">
        <ele>392.7</ele>
        <time>2026-10-09T06:04:13Z</time>
      </trkpt>
      <trkpt lat="46.370381" lon="6.228646">
        <ele>392.8</ele>
        <time>2026-10-09T06:04:14Z</time>
      </trkpt>
      <trkpt lat="46.37042" lon="6.22872">
        <ele>392.9</ele>
        <time>2026-10-09T06:04:15Z</time>
      </trkpt>
      <trkpt lat="46.370457" lon="6.228791">
        <ele>393.0</ele>
        <time>2026-10-09T06:04:16Z</time>
      </trkpt>
      <trkpt lat="46.370495" lon="6.228859">
        <ele>393.1</ele>
        <time>2026-10-09T06:04:17Z</time>
      </trkpt>
      <trkpt lat="46.370533" lon="6.228926">
        <ele>393.2</ele>
        <time>2026-10-09T06:04:18Z</time>
      </trkpt>
      <trkpt lat="46.370573" lon="6.228991">
        <ele>393.3</ele>
        <time>2026-10-09T06:04:19Z</time>
      </trkpt>
      <trkpt lat="46.370614" lon="6.229064">
        <ele>393.3</ele>
        <time>2026-10-09T06:04:20Z</time>
      </trkpt>
      <trkpt lat="46.370652" lon="6.229129">
        <ele>393.4</ele>
        <time>2026-10-09T06:04:21Z</time>
      </trkpt>
      <trkpt lat="46.370693" lon="6.229199">
        <ele>393.5</ele>
        <time>2026-10-09T06:04:22Z</time>
      </trkpt>
      <trkpt lat="46.370733" lon="6.229265">
        <ele>393.6</ele>
        <time>2026-10-09T06:04:23Z</time>
      </trkpt>
      <trkpt lat="46.370773" lon="6.22933">
        <ele>393.7</ele>
        <time>2026-10-09T06:04:24Z</time>
      </trkpt>
      <trkpt lat="46.370814" lon="6.229394">
        <ele>393.8</ele>
        <time>2026-10-09T06:04:25Z</time>
      </trkpt>
      <trkpt lat="46.370857" lon="6.22946">
        <ele>394.0</ele>
        <time>2026-10-09T06:04:26Z</time>
      </trkpt>
      <trkpt lat="46.370896" lon="6.229529">
        <ele>394.1</ele>
        <time>2026-10-09T06:04:27Z</time>
      </trkpt>
      <trkpt lat="46.370936" lon="6.229594">
        <ele>394.2</ele>
        <time>2026-10-09T06:04:28Z</time>
      </trkpt>
      <trkpt lat="46.370978" lon="6.229658">
        <ele>394.3</ele>
        <time>2026-10-09T06:04:29Z</time>
      </trkpt>
      <trkpt lat="46.371018" lon="6.229722">
        <ele>394.3</ele>
        <time>2026-10-09T06:04:30Z</time>
      </trkpt>
      <trkpt lat="46.371061" lon="6.229784">
        <ele>394.4</ele>
        <time>2026-10-09T06:04:31Z</time>
      </trkpt>
      <trkpt lat="46.371102" lon="6.229849">
        <ele>394.5</ele>
        <time>2026-10-09T06:04:32Z</time>
      </trkpt>
      <trkpt lat="46.371142" lon="6.229912">
        <ele>394.6</ele>
        <time>2026-10-09T06:04:33Z</time>
      </trkpt>
      <trkpt lat="46.371183" lon="6.229975">
        <ele>394.7</ele>
        <time>2026-10-09T06:04:34Z</time>
      </trkpt>
      <trkpt lat="46.371225" lon="6.230038">
        <ele>394.8</ele>
        <time>2026-10-09T06:04:35Z</time>
      </trkpt>
      <trkpt lat="46.371267" lon="6.230099">
        <ele>394.8</ele>
        <time>2026-10-09T06:04:36Z</time>
      </trkpt>
      <trkpt lat="46.371314" lon="6.230156">
        <ele>394.9</ele>
        <time>2026-10-09T06:04:37Z</time>
      </trkpt>
      <trkpt lat="46.371358" lon="6.230218">
        <ele>394.9</ele>
        <time>2026-10-09T06:04:38Z</time>
      </trkpt>
      <trkpt lat="46.371404" lon="6.230282">
        <ele>395.0</ele>
        <time>2026-10-09T06:04:39Z</time>
      </trkpt>
      <trkpt lat="46.37145" lon="6.230343">
        <ele>395.0</ele>
        <time>2026-10-09T06:04:40Z</time>
      </trkpt>
      <trkpt lat="46.371501" lon="6.230406">
        <ele>395.1</ele>
        <time>2026-10-09T06:04:41Z</time>
      </trkpt>
      <trkpt lat="46.371551" lon="6.230464">
        <ele>395.1</ele>
        <time>2026-10-09T06:04:42Z</time>
      </trkpt>
      <trkpt lat="46.371603" lon="6.230522">
        <ele>395.1</ele>
        <time>2026-10-09T06:04:43Z</time>
      </trkpt>
      <trkpt lat="46.371655" lon="6.230581">
        <ele>395.0</ele>
        <time>2026-10-09T06:04:44Z</time>
      </trkpt>
      <trkpt lat="46.371707" lon="6.23064">
        <ele>395.0</ele>
        <time>2026-10-09T06:04:45Z</time>
      </trkpt>
      <trkpt lat="46.371761" lon="6.230702">
        <ele>394.9</ele>
        <time>2026-10-09T06:04:46Z</time>
      </trkpt>
      <trkpt lat="46.371818" lon="6.23076">
        <ele>394.8</ele>
        <time>2026-10-09T06:04:47Z</time>
      </trkpt>
      <trkpt lat="46.371873" lon="6.230817">
        <ele>394.7</ele>
        <time>2026-10-09T06:04:48Z</time>
      </trkpt>
      <trkpt lat="46.371928" lon="6.230882">
        <ele>394.6</ele>
        <time>2026-10-09T06:04:49Z</time>
      </trkpt>
      <trkpt lat="46.371987" lon="6.230945">
        <ele>394.5</ele>
        <time>2026-10-09T06:04:50Z</time>
      </trkpt>
      <trkpt lat="46.372045" lon="6.231008">
        <ele>394.4</ele>
        <time>2026-10-09T06:04:51Z</time>
      </trkpt>
      <trkpt lat="46.372103" lon="6.231072">
        <ele>394.2</ele>
        <time>2026-10-09T06:04:52Z</time>
      </trkpt>
      <trkpt lat="46.372161" lon="6.231139">
        <ele>394.0</ele>
        <time>2026-10-09T06:04:53Z</time>
      </trkpt>
      <trkpt lat="46.37222" lon="6.231202">
        <ele>393.8</ele>
        <time>2026-10-09T06:04:54Z</time>
      </trkpt>
      <trkpt lat="46.372279" lon="6.231273">
        <ele>393.6</ele>
        <time>2026-10-09T06:04:55Z</time>
      </trkpt>
      <trkpt lat="46.37234" lon="6.23134">
        <ele>393.5</ele>
        <time>2026-10-09T06:04:56Z</time>
      </trkpt>
      <trkpt lat="46.372401" lon="6.231411">
        <ele>393.3</ele>
        <time>2026-10-09T06:04:57Z</time>
      </trkpt>
      <trkpt lat="46.372465" lon="6.231485">
        <ele>393.0</ele>
        <time>2026-10-09T06:04:58Z</time>
      </trkpt>
      <trkpt lat="46.372529" lon="6.231554">
        <ele>392.7</ele>
        <time>2026-10-09T06:04:59Z</time>
      </trkpt>
      <trkpt lat="46.372597" lon="6.231623">
        <ele>392.4</ele>
        <time>2026-10-09T06:05:00Z</time>
      </trkpt>
      <trkpt lat="46.372666" lon="6.231699">
        <ele>392.0</ele>
        <time>2026-10-09T06:05:01Z</time>
      </trkpt>
      <trkpt lat="46.372737" lon="6.231773">
        <ele>391.8</ele>
        <time>2026-10-09T06:05:02Z</time>
      </trkpt>
      <trkpt lat="46.372806" lon="6.231844">
        <ele>391.5</ele>
        <time>2026-10-09T06:05:03Z</time>
      </trkpt>
      <trkpt lat="46.372882" lon="6.231927">
        <ele>391.1</ele>
        <time>2026-10-09T06:05:04Z</time>
      </trkpt>
      <trkpt lat="46.372956" lon="6.232008">
        <ele>390.6</ele>
        <time>2026-10-09T06:05:05Z</time>
      </trkpt>
      <trkpt lat="46.373034" lon="6.232093">
        <ele>390.0</ele>
        <time>2026-10-09T06:05:06Z</time>
      </trkpt>
      <trkpt lat="46.373114" lon="6.232176">
        <ele>389.5</ele>
        <time>2026-10-09T06:05:07Z</time>
      </trkpt>
      <trkpt lat="46.373192" lon="6.232263">
        <ele>389.0</ele>
        <time>2026-10-09T06:05:08Z</time>
      </trkpt>
      <trkpt lat="46.373274" lon="6.23235">
        <ele>388.5</ele>
        <time>2026-10-09T06:05:09Z</time>
      </trkpt>
      <trkpt lat="46.373355" lon="6.232439">
        <ele>388.1</ele>
        <time>2026-10-09T06:05:10Z</time>
      </trkpt>
      <trkpt lat="46.373437" lon="6.23253">
        <ele>387.6</ele>
        <time>2026-10-09T06:05:11Z</time>
      </trkpt>
      <trkpt lat="46.373517" lon="6.232618">
        <ele>387.2</ele>
        <time>2026-10-09T06:05:12Z</time>
      </trkpt>
      <trkpt lat="46.373603" lon="6.232705">
        <ele>386.8</ele>
        <time>2026-10-09T06:05:13Z</time>
      </trkpt>
      <trkpt lat="46.373687" lon="6.232796">
        <ele>386.5</ele>
        <time>2026-10-09T06:05:14Z</time>
      </trkpt>
      <trkpt lat="46.373771" lon="6.232883">
        <ele>386.3</ele>
        <time>2026-10-09T06:05:15Z</time>
      </trkpt>
      <trkpt lat="46.373859" lon="6.232955">
        <ele>386.2</ele>
        <time>2026-10-09T06:05:16Z</time>
      </trkpt>
      <trkpt lat="46.373952" lon="6.233016">
        <ele>386.1</ele>
        <time>2026-10-09T06:05:17Z</time>
      </trkpt>
      <trkpt lat="46.374042" lon="6.233085">
        <ele>386.0</ele>
        <time>2026-10-09T06:05:18Z</time>
      </trkpt>
      <trkpt lat="46.374126" lon="6.233156">
        <ele>385.9</ele>
        <time>2026-10-09T06:05:19Z</time>
      </trkpt>
      <trkpt lat="46.374213" lon="6.233225">
        <ele>385.8</ele>
        <time>2026-10-09T06:05:20Z</time>
      </trkpt>
      <trkpt lat="46.374299" lon="6.233284">
        <ele>385.7</ele>
        <time>2026-10-09T06:05:21Z</time>
      </trkpt>
      <trkpt lat="46.374381" lon="6.233343">
        <ele>385.7</ele>
        <time>2026-10-09T06:05:22Z</time>
      </trkpt>
      <trkpt lat="46.374459" lon="6.233407">
        <ele>385.6</ele>
        <time>2026-10-09T06:05:23Z</time>
      </trkpt>
      <trkpt lat="46.374537" lon="6.233461">
        <ele>385.6</ele>
        <time>2026-10-09T06:05:24Z</time>
      </trkpt>
      <trkpt lat="46.374614" lon="6.233525">
        <ele>385.5</ele>
        <time>2026-10-09T06:05:25Z</time>
      </trkpt>
      <trkpt lat="46.374689" lon="6.233577">
        <ele>385.4</ele>
        <time>2026-10-09T06:05:26Z</time>
      </trkpt>
      <trkpt lat="46.374764" lon="6.233635">
        <ele>385.4</ele>
        <time>2026-10-09T06:05:27Z</time>
      </trkpt>
      <trkpt lat="46.37484" lon="6.233687">
        <ele>385.4</ele>
        <time>2026-10-09T06:05:28Z</time>
      </trkpt>
      <trkpt lat="46.374911" lon="6.233741">
        <ele>385.4</ele>
        <time>2026-10-09T06:05:29Z</time>
      </trkpt>
      <trkpt lat="46.374983" lon="6.233802">
        <ele>385.4</ele>
        <time>2026-10-09T06:05:30Z</time>
      </trkpt>
      <trkpt lat="46.375054" lon="6.23386">
        <ele>385.4</ele>
        <time>2026-10-09T06:05:31Z</time>
      </trkpt>
      <trkpt lat="46.375124" lon="6.233917">
        <ele>385.3</ele>
        <time>2026-10-09T06:05:32Z</time>
      </trkpt>
      <trkpt lat="46.375198" lon="6.233975">
        <ele>385.3</ele>
        <time>2026-10-09T06:05:33Z</time>
      </trkpt>
      <trkpt lat="46.375268" lon="6.23403">
        <ele>385.3</ele>
        <time>2026-10-09T06:05:34Z</time>
      </trkpt>
      <trkpt lat="46.375341" lon="6.234085">
        <ele>385.2</ele>
        <time>2026-10-09T06:05:35Z</time>
      </trkpt>
      <trkpt lat="46.375412" lon="6.234142">
        <ele>385.2</ele>
        <time>2026-10-09T06:05:36Z</time>
      </trkpt>
      <trkpt lat="46.375483" lon="6.234198">
        <ele>385.1</ele>
        <time>2026-10-09T06:05:37Z</time>
      </trkpt>
      <trkpt lat="46.375553" lon="6.234251">
        <ele>385.1</ele>
        <time>2026-10-09T06:05:38Z</time>
      </trkpt>
      <trkpt lat="46.375625" lon="6.234305">
        <ele>385.0</ele>
        <time>2026-10-09T06:05:39Z</time>
      </trkpt>
      <trkpt lat="46.375695" lon="6.234359">
        <ele>384.9</ele>
        <time>2026-10-09T06:05:40Z</time>
      </trkpt>
      <trkpt lat="46.375766" lon="6.234417">
        <ele>384.9</ele>
        <time>2026-10-09T06:05:41Z</time>
      </trkpt>
      <trkpt lat="46.375837" lon="6.234471">
        <ele>384.8</ele>
        <time>2026-10-09T06:05:42Z</time>
      </trkpt>
      <trkpt lat="46.375909" lon="6.234525">
        <ele>384.7</ele>
        <time>2026-10-09T06:05:43Z</time>
      </trkpt>
      <trkpt lat="46.375978" lon="6.234584">
        <ele>384.7</ele>
        <time>2026-10-09T06:05:44Z</time>
      </trkpt>
      <trkpt lat="46.376051" lon="6.234637">
        <ele>384.6</ele>
        <time>2026-10-09T06:05:45Z</time>
      </trkpt>
      <trkpt lat="46.376121" lon="6.234687">
        <ele>384.5</ele>
        <time>2026-10-09T06:05:46Z</time>
      </trkpt>
      <trkpt lat="46.376195" lon="6.234744">
        <ele>384.5</ele>
        <time>2026-10-09T06:05:47Z</time>
      </trkpt>
      <trkpt lat="46.376266" lon="6.2348">
        <ele>384.4</ele>
        <time>2026-10-09T06:05:48Z</time>
      </trkpt>
      <trkpt lat="46.376339" lon="6.234856">
        <ele>384.3</ele>
        <time>2026-10-09T06:05:49Z</time>
      </trkpt>
      <trkpt lat="46.376408" lon="6.234912">
        <ele>384.2</ele>
        <time>2026-10-09T06:05:50Z</time>
      </trkpt>
      <trkpt lat="46.376479" lon="6.234966">
        <ele>384.1</ele>
        <time>2026-10-09T06:05:51Z</time>
      </trkpt>
      <trkpt lat="46.37655" lon="6.235021">
        <ele>384.0</ele>
        <time>2026-10-09T06:05:52Z</time>
      </trkpt>
      <trkpt lat="46.376618" lon="6.235082">
        <ele>383.9</ele>
        <time>2026-10-09T06:05:53Z</time>
      </trkpt>
      <trkpt lat="46.376683" lon="6.235149">
        <ele>383.8</ele>
        <time>2026-10-09T06:05:54Z</time>
      </trkpt>
      <trkpt lat="46.376748" lon="6.235225">
        <ele>383.6</ele>
        <time>2026-10-09T06:05:55Z</time>
      </trkpt>
      <trkpt lat="46.376809" lon="6.2353">
        <ele>383.5</ele>
        <time>2026-10-09T06:05:56Z</time>
      </trkpt>
      <trkpt lat="46.376868" lon="6.235387">
        <ele>383.4</ele>
        <time>2026-10-09T06:05:57Z</time>
      </trkpt>
      <trkpt lat="46.376923" lon="6.235472">
        <ele>383.3</ele>
        <time>2026-10-09T06:05:58Z</time>
      </trkpt>
      <trkpt lat="46.376973" lon="6.235561">
        <ele>383.2</ele>
        <time>2026-10-09T06:05:59Z</time>
      </trkpt>
      <trkpt lat="46.377022" lon="6.235655">
        <ele>383.1</ele>
        <time>2026-10-09T06:06:00Z</time>
      </trkpt>
      <trkpt lat="46.377067" lon="6.235754">
        <ele>383.0</ele>
        <time>2026-10-09T06:06:01Z</time>
      </trkpt>
      <trkpt lat="46.377114" lon="6.235847">
        <ele>382.9</ele>
        <time>2026-10-09T06:06:02Z</time>
      </trkpt>
      <trkpt lat="46.377156" lon="6.235944">
        <ele>382.7</ele>
        <time>2026-10-09T06:06:03Z</time>
      </trkpt>
      <trkpt lat="46.377203" lon="6.236041">
        <ele>382.6</ele>
        <time>2026-10-09T06:06:04Z</time>
      </trkpt>
      <trkpt lat="46.37725" lon="6.236135">
        <ele>382.4</ele>
        <time>2026-10-09T06:06:05Z</time>
      </trkpt>
      <trkpt lat="46.377296" lon="6.23623">
        <ele>382.3</ele>
        <time>2026-10-09T06:06:06Z</time>
      </trkpt>
      <trkpt lat="46.37734" lon="6.236329">
        <ele>382.2</ele>
        <time>2026-10-09T06:06:07Z</time>
      </trkpt>
      <trkpt lat="46.377386" lon="6.236426">
        <ele>382.0</ele>
        <time>2026-10-09T06:06:08Z</time>
      </trkpt>
      <trkpt lat="46.377433" lon="6.236523">
        <ele>381.9</ele>
        <time>2026-10-09T06:06:09Z</time>
      </trkpt>
      <trkpt lat="46.377479" lon="6.236623">
        <ele>381.8</ele>
        <time>2026-10-09T06:06:10Z</time>
      </trkpt>
      <trkpt lat="46.377525" lon="6.23672">
        <ele>381.7</ele>
        <time>2026-10-09T06:06:11Z</time>
      </trkpt>
      <trkpt lat="46.377572" lon="6.236817">
        <ele>381.6</ele>
        <time>2026-10-09T06:06:12Z</time>
      </trkpt>
      <trkpt lat="46.377621" lon="6.236913">
        <ele>381.4</ele>
        <time>2026-10-09T06:06:13Z</time>
      </trkpt>
      <trkpt lat="46.377668" lon="6.237013">
        <ele>381.3</ele>
        <time>2026-10-09T06:06:14Z</time>
      </trkpt>
      <trkpt lat="46.377714" lon="6.237108">
        <ele>381.3</ele>
        <time>2026-10-09T06:06:15Z</time>
      </trkpt>
      <trkpt lat="46.377761" lon="6.237206">
        <ele>381.2</ele>
        <time>2026-10-09T06:06:16Z</time>
      </trkpt>
      <trkpt lat="46.377805" lon="6.237305">
        <ele>381.1</ele>
        <time>2026-10-09T06:06:17Z</time>
      </trkpt>
      <trkpt lat="46.377852" lon="6.237404">
        <ele>381.0</ele>
        <time>2026-10-09T06:06:18Z</time>
      </trkpt>
      <trkpt lat="46.377902" lon="6.237507">
        <ele>380.9</ele>
        <time>2026-10-09T06:06:19Z</time>
      </trkpt>
      <trkpt lat="46.377947" lon="6.237604">
        <ele>380.8</ele>
        <time>2026-10-09T06:06:20Z</time>
      </trkpt>
      <trkpt lat="46.377998" lon="6.237701">
        <ele>380.7</ele>
        <time>2026-10-09T06:06:21Z</time>
      </trkpt>
      <trkpt lat="46.378049" lon="6.237779">
        <ele>380.7</ele>
        <time>2026-10-09T06:06:22Z</time>
      </trkpt>
      <trkpt lat="46.378109" lon="6.237866">
        <ele>380.6</ele>
        <time>2026-10-09T06:06:23Z</time>
      </trkpt>
      <trkpt lat="46.378161" lon="6.237959">
        <ele>380.5</ele>
        <time>2026-10-09T06:06:24Z</time>
      </trkpt>
      <trkpt lat="46.378199" lon="6.238059">
        <ele>380.5</ele>
        <time>2026-10-09T06:06:25Z</time>
      </trkpt>
      <trkpt lat="46.378228" lon="6.23816">
        <ele>380.4</ele>
        <time>2026-10-09T06:06:26Z</time>
      </trkpt>
      <trkpt lat="46.378256" lon="6.238258">
        <ele>380.3</ele>
        <time>2026-10-09T06:06:27Z</time>
      </trkpt>
      <trkpt lat="46.378294" lon="6.238326">
        <ele>380.2</ele>
        <time>2026-10-09T06:06:28Z</time>
      </trkpt>
      <trkpt lat="46.378348" lon="6.23835">
        <ele>380.2</ele>
        <time>2026-10-09T06:06:29Z</time>
      </trkpt>
      <trkpt lat="46.378405" lon="6.238318">
        <ele>380.1</ele>
        <time>2026-10-09T06:06:30Z</time>
      </trkpt>
      <trkpt lat="46.378436" lon="6.238256">
        <ele>380.1</ele>
        <time>2026-10-09T06:06:31Z</time>
      </trkpt>
      <trkpt lat="46.378436" lon="6.238159">
        <ele>380.3</ele>
        <time>2026-10-09T06:06:32Z</time>
      </trkpt>
      <trkpt lat="46.378422" lon="6.238072">
        <ele>380.4</ele>
        <time>2026-10-09T06:06:33Z</time>
      </trkpt>
      <trkpt lat="46.378386" lon="6.238002">
        <ele>380.4</ele>
        <time>2026-10-09T06:06:34Z</time>
      </trkpt>
      <trkpt lat="46.378331" lon="6.237948">
        <ele>380.5</ele>
        <time>2026-10-09T06:06:35Z</time>
      </trkpt>
      <trkpt lat="46.378275" lon="6.237904">
        <ele>380.6</ele>
        <time>2026-10-09T06:06:36Z</time>
      </trkpt>
      <trkpt lat="46.378219" lon="6.237856">
        <ele>380.6</ele>
        <time>2026-10-09T06:06:37Z</time>
      </trkpt>
      <trkpt lat="46.378162" lon="6.237808">
        <ele>380.6</ele>
        <time>2026-10-09T06:06:38Z</time>
      </trkpt>
      <trkpt lat="46.378111" lon="6.237753">
        <ele>380.7</ele>
        <time>2026-10-09T06:06:39Z</time>
      </trkpt>
      <trkpt lat="46.378069" lon="6.237683">
        <ele>380.7</ele>
        <time>2026-10-09T06:06:40Z</time>
      </trkpt>
      <trkpt lat="46.378028" lon="6.23761">
        <ele>380.7</ele>
        <time>2026-10-09T06:06:41Z</time>
      </trkpt>
      <trkpt lat="46.377988" lon="6.237536">
        <ele>380.8</ele>
        <time>2026-10-09T06:06:42Z</time>
      </trkpt>
      <trkpt lat="46.377944" lon="6.237468">
        <ele>380.9</ele>
        <time>2026-10-09T06:06:43Z</time>
      </trkpt>
      <trkpt lat="46.377903" lon="6.237398">
        <ele>381.0</ele>
        <time>2026-10-09T06:06:44Z</time>
      </trkpt>
      <trkpt lat="46.377863" lon="6.237314">
        <ele>381.1</ele>
        <time>2026-10-09T06:06:45Z</time>
      </trkpt>
      <trkpt lat="46.37783" lon="6.237232">
        <ele>381.1</ele>
        <time>2026-10-09T06:06:46Z</time>
      </trkpt>
      <trkpt lat="46.377796" lon="6.237151">
        <ele>381.2</ele>
        <time>2026-10-09T06:06:47Z</time>
      </trkpt>
      <trkpt lat="46.377761" lon="6.237073">
        <ele>381.3</ele>
        <time>2026-10-09T06:06:48Z</time>
      </trkpt>
      <trkpt lat="46.377725" lon="6.236998">
        <ele>381.3</ele>
        <time>2026-10-09T06:06:49Z</time>
      </trkpt>
      <trkpt lat="46.377687" lon="6.236921">
        <ele>381.4</ele>
        <time>2026-10-09T06:06:50Z</time>
      </trkpt>
      <trkpt lat="46.377652" lon="6.236844">
        <ele>381.5</ele>
        <time>2026-10-09T06:06:51Z</time>
      </trkpt>
      <trkpt lat="46.377614" lon="6.236769">
        <ele>381.6</ele>
        <time>2026-10-09T06:06:52Z</time>
      </trkpt>
      <trkpt lat="46.37758" lon="6.236687">
        <ele>381.7</ele>
        <time>2026-10-09T06:06:53Z</time>
      </trkpt>
      <trkpt lat="46.37754" lon="6.236608">
        <ele>381.8</ele>
        <time>2026-10-09T06:06:54Z</time>
      </trkpt>
      <trkpt lat="46.377502" lon="6.236529">
        <ele>381.9</ele>
        <time>2026-10-09T06:06:55Z</time>
      </trkpt>
      <trkpt lat="46.377462" lon="6.236448">
        <ele>382.0</ele>
        <time>2026-10-09T06:06:56Z</time>
      </trkpt>
      <trkpt lat="46.377423" lon="6.236364">
        <ele>382.1</ele>
        <time>2026-10-09T06:06:57Z</time>
      </trkpt>
      <trkpt lat="46.377386" lon="6.236286">
        <ele>382.2</ele>
        <time>2026-10-09T06:06:58Z</time>
      </trkpt>
      <trkpt lat="46.377349" lon="6.236204">
        <ele>382.3</ele>
        <time>2026-10-09T06:06:59Z</time>
      </trkpt>
      <trkpt lat="46.377311" lon="6.236119">
        <ele>382.4</ele>
        <time>2026-10-09T06:07:00Z</time>
      </trkpt>
      <trkpt lat="46.377271" lon="6.236036">
        <ele>382.5</ele>
        <time>2026-10-09T06:07:01Z</time>
      </trkpt>
      <trkpt lat="46.377231" lon="6.235954">
        <ele>382.6</ele>
        <time>2026-10-09T06:07:02Z</time>
      </trkpt>
      <trkpt lat="46.377192" lon="6.235871">
        <ele>382.8</ele>
        <time>2026-10-09T06:07:03Z</time>
      </trkpt>
      <trkpt lat="46.377152" lon="6.235794">
        <ele>382.9</ele>
        <time>2026-10-09T06:07:04Z</time>
      </trkpt>
      <trkpt lat="46.377112" lon="6.235709">
        <ele>383.0</ele>
        <time>2026-10-09T06:07:05Z</time>
      </trkpt>
      <trkpt lat="46.377075" lon="6.235627">
        <ele>383.1</ele>
        <time>2026-10-09T06:07:06Z</time>
      </trkpt>
      <trkpt lat="46.377034" lon="6.235548">
        <ele>383.2</ele>
        <time>2026-10-09T06:07:07Z</time>
      </trkpt>
      <trkpt lat="46.376992" lon="6.235471">
        <ele>383.3</ele>
        <time>2026-10-09T06:07:08Z</time>
      </trkpt>
      <trkpt lat="46.376947" lon="6.235395">
        <ele>383.3</ele>
        <time>2026-10-09T06:07:09Z</time>
      </trkpt>
      <trkpt lat="46.376902" lon="6.235318">
        <ele>383.4</ele>
        <time>2026-10-09T06:07:10Z</time>
      </trkpt>
      <trkpt lat="46.376855" lon="6.235252">
        <ele>383.5</ele>
        <time>2026-10-09T06:07:11Z</time>
      </trkpt>
      <trkpt lat="46.376798" lon="6.235189">
        <ele>383.6</ele>
        <time>2026-10-09T06:07:12Z</time>
      </trkpt>
      <trkpt lat="46.376746" lon="6.235129">
        <ele>383.7</ele>
        <time>2026-10-09T06:07:13Z</time>
      </trkpt>
      <trkpt lat="46.37669" lon="6.235066">
        <ele>383.8</ele>
        <time>2026-10-09T06:07:14Z</time>
      </trkpt>
      <trkpt lat="46.376635" lon="6.235008">
        <ele>383.9</ele>
        <time>2026-10-09T06:07:15Z</time>
      </trkpt>
      <trkpt lat="46.376574" lon="6.234958">
        <ele>384.0</ele>
        <time>2026-10-09T06:07:16Z</time>
      </trkpt>
      <trkpt lat="46.376513" lon="6.234914">
        <ele>384.1</ele>
        <time>2026-10-09T06:07:17Z</time>
      </trkpt>
      <trkpt lat="46.376452" lon="6.234868">
        <ele>384.2</ele>
        <time>2026-10-09T06:07:18Z</time>
      </trkpt>
      <trkpt lat="46.376388" lon="6.234823">
        <ele>384.3</ele>
        <time>2026-10-09T06:07:19Z</time>
      </trkpt>
      <trkpt lat="46.376326" lon="6.234775">
        <ele>384.4</ele>
        <time>2026-10-09T06:07:20Z</time>
      </trkpt>
      <trkpt lat="46.376263" lon="6.23473">
        <ele>384.4</ele>
        <time>2026-10-09T06:07:21Z</time>
      </trkpt>
      <trkpt lat="46.3762" lon="6.23468">
        <ele>384.5</ele>
        <time>2026-10-09T06:07:22Z</time>
      </trkpt>
      <trkpt lat="46.376135" lon="6.234631">
        <ele>384.6</ele>
        <time>2026-10-09T06:07:23Z</time>
      </trkpt>
      <trkpt lat="46.376072" lon="6.234582">
        <ele>384.6</ele>
        <time>2026-10-09T06:07:24Z</time>
      </trkpt>
      <trkpt lat="46.376009" lon="6.234536">
        <ele>384.7</ele>
        <time>2026-10-09T06:07:25Z</time>
      </trkpt>
      <trkpt lat="46.375947" lon="6.234487">
        <ele>384.7</ele>
        <time>2026-10-09T06:07:26Z</time>
      </trkpt>
      <trkpt lat="46.375884" lon="6.234438">
        <ele>384.8</ele>
        <time>2026-10-09T06:07:27Z</time>
      </trkpt>
      <trkpt lat="46.375819" lon="6.234395">
        <ele>384.8</ele>
        <time>2026-10-09T06:07:28Z</time>
      </trkpt>
      <trkpt lat="46.375757" lon="6.234345">
        <ele>384.9</ele>
        <time>2026-10-09T06:07:29Z</time>
      </trkpt>
      <trkpt lat="46.375694" lon="6.234299">
        <ele>385.0</ele>
        <time>2026-10-09T06:07:30Z</time>
      </trkpt>
      <trkpt lat="46.375629" lon="6.234244">
        <ele>385.0</ele>
        <time>2026-10-09T06:07:31Z</time>
      </trkpt>
      <trkpt lat="46.375565" lon="6.234191">
        <ele>385.1</ele>
        <time>2026-10-09T06:07:32Z</time>
      </trkpt>
      <trkpt lat="46.375501" lon="6.234141">
        <ele>385.1</ele>
        <time>2026-10-09T06:07:33Z</time>
      </trkpt>
      <trkpt lat="46.375436" lon="6.234094">
        <ele>385.2</ele>
        <time>2026-10-09T06:07:34Z</time>
      </trkpt>
      <trkpt lat="46.37537" lon="6.234041">
        <ele>385.2</ele>
        <time>2026-10-09T06:07:35Z</time>
      </trkpt>
      <trkpt lat="46.375306" lon="6.23399">
        <ele>385.2</ele>
        <time>2026-10-09T06:07:36Z</time>
      </trkpt>
      <trkpt lat="46.375242" lon="6.233938">
        <ele>385.3</ele>
        <time>2026-10-09T06:07:37Z</time>
      </trkpt>
      <trkpt lat="46.375177" lon="6.233887">
        <ele>385.3</ele>
        <time>2026-10-09T06:07:38Z</time>
      </trkpt>
      <trkpt lat="46.37511" lon="6.233836">
        <ele>385.3</ele>
        <time>2026-10-09T06:07:39Z</time>
      </trkpt>
      <trkpt lat="46.375045" lon="6.233784">
        <ele>385.4</ele>
        <time>2026-10-09T06:07:40Z</time>
      </trkpt>
      <trkpt lat="46.374981" lon="6.233733">
        <ele>385.4</ele>
        <time>2026-10-09T06:07:41Z</time>
      </trkpt>
      <trkpt lat="46.374913" lon="6.233681">
        <ele>385.4</ele>
        <time>2026-10-09T06:07:42Z</time>
      </trkpt>
      <trkpt lat="46.374845" lon="6.233628">
        <ele>385.5</ele>
        <time>2026-10-09T06:07:43Z</time>
      </trkpt>
      <trkpt lat="46.374779" lon="6.233576">
        <ele>385.5</ele>
        <time>2026-10-09T06:07:44Z</time>
      </trkpt>
      <trkpt lat="46.374719" lon="6.233513">
        <ele>385.6</ele>
        <time>2026-10-09T06:07:45Z</time>
      </trkpt>
      <trkpt lat="46.374656" lon="6.233461">
        <ele>385.7</ele>
        <time>2026-10-09T06:07:46Z</time>
      </trkpt>
      <trkpt lat="46.374594" lon="6.233406">
        <ele>385.8</ele>
        <time>2026-10-09T06:07:47Z</time>
      </trkpt>
      <trkpt lat="46.374534" lon="6.233352">
        <ele>385.9</ele>
        <time>2026-10-09T06:07:48Z</time>
      </trkpt>
      <trkpt lat="46.374469" lon="6.233318">
        <ele>385.9</ele>
        <time>2026-10-09T06:07:49Z</time>
      </trkpt>
      <trkpt lat="46.374398" lon="6.233272">
        <ele>386.0</ele>
        <time>2026-10-09T06:07:50Z</time>
      </trkpt>
      <trkpt lat="46.374333" lon="6.23322">
        <ele>386.0</ele>
        <time>2026-10-09T06:07:51Z</time>
      </trkpt>
      <trkpt lat="46.37427" lon="6.233172">
        <ele>386.1</ele>
        <time>2026-10-09T06:07:52Z</time>
      </trkpt>
      <trkpt lat="46.374204" lon="6.233128">
        <ele>386.1</ele>
        <time>2026-10-09T06:07:53Z</time>
      </trkpt>
      <trkpt lat="46.37414" lon="6.233063">
        <ele>386.1</ele>
        <time>2026-10-09T06:07:54Z</time>
      </trkpt>
      <trkpt lat="46.374073" lon="6.233007">
        <ele>386.1</ele>
        <time>2026-10-09T06:07:55Z</time>
      </trkpt>
      <trkpt lat="46.374009" lon="6.232959">
        <ele>386.2</ele>
        <time>2026-10-09T06:07:56Z</time>
      </trkpt>
      <trkpt lat="46.373946" lon="6.232906">
        <ele>386.2</ele>
        <time>2026-10-09T06:07:57Z</time>
      </trkpt>
      <trkpt lat="46.373883" lon="6.232858">
        <ele>386.2</ele>
        <time>2026-10-09T06:07:58Z</time>
      </trkpt>
      <trkpt lat="46.373825" lon="6.232799">
        <ele>386.3</ele>
        <time>2026-10-09T06:07:59Z</time>
      </trkpt>
      <trkpt lat="46.37376" lon="6.232739">
        <ele>386.4</ele>
        <time>2026-10-09T06:08:00Z</time>
      </trkpt>
      <trkpt lat="46.373704" lon="6.232686">
        <ele>386.5</ele>
        <time>2026-10-09T06:08:01Z</time>
      </trkpt>
      <trkpt lat="46.373649" lon="6.232631">
        <ele>386.7</ele>
        <time>2026-10-09T06:08:02Z</time>
      </trkpt>
      <trkpt lat="46.373595" lon="6.232571">
        <ele>386.9</ele>
        <time>2026-10-09T06:08:03Z</time>
      </trkpt>
      <trkpt lat="46.373543" lon="6.232521">
        <ele>387.1</ele>
        <time>2026-10-09T06:08:04Z</time>
      </trkpt>
      <trkpt lat="46.373494" lon="6.232468">
        <ele>387.3</ele>
        <time>2026-10-09T06:08:05Z</time>
      </trkpt>
      <trkpt lat="46.373446" lon="6.232413">
        <ele>387.5</ele>
        <time>2026-10-09T06:08:06Z</time>
      </trkpt>
      <trkpt lat="46.373401" lon="6.232366">
        <ele>387.8</ele>
        <time>2026-10-09T06:08:07Z</time>
      </trkpt>
      <trkpt lat="46.373357" lon="6.232317">
        <ele>388.0</ele>
        <time>2026-10-09T06:08:08Z</time>
      </trkpt>
      <trkpt lat="46.373311" lon="6.232271">
        <ele>388.2</ele>
        <time>2026-10-09T06:08:09Z</time>
      </trkpt>
      <trkpt lat="46.373266" lon="6.232232">
        <ele>388.5</ele>
        <time>2026-10-09T06:08:10Z</time>
      </trkpt>
      <trkpt lat="46.373224" lon="6.232198">
        <ele>388.7</ele>
        <time>2026-10-09T06:08:11Z</time>
      </trkpt>
      <trkpt lat="46.373183" lon="6.232156">
        <ele>388.9</ele>
        <time>2026-10-09T06:08:12Z</time>
      </trkpt>
      <trkpt lat="46.373145" lon="6.232106">
        <ele>389.1</ele>
        <time>2026-10-09T06:08:13Z</time>
      </trkpt>
      <trkpt lat="46.37311" lon="6.232061">
        <ele>389.3</ele>
        <time>2026-10-09T06:08:14Z</time>
      </trkpt>
      <trkpt lat="46.373071" lon="6.232022">
        <ele>389.6</ele>
        <time>2026-10-09T06:08:15Z</time>
      </trkpt>
      <trkpt lat="46.373035" lon="6.23197">
        <ele>389.8</ele>
        <time>2026-10-09T06:08:16Z</time>
      </trkpt>
      <trkpt lat="46.372998" lon="6.231931">
        <ele>390.1</ele>
        <time>2026-10-09T06:08:17Z</time>
      </trkpt>
      <trkpt lat="46.372962" lon="6.231894">
        <ele>390.3</ele>
        <time>2026-10-09T06:08:18Z</time>
      </trkpt>
      <trkpt lat="46.372928" lon="6.231854">
        <ele>390.5</ele>
        <time>2026-10-09T06:08:19Z</time>
      </trkpt>
      <trkpt lat="46.372901" lon="6.231797">
        <ele>390.8</ele>
        <time>2026-10-09T06:08:20Z</time>
      </trkpt>
      <trkpt lat="46.372877" lon="6.23174">
        <ele>391.0</ele>
        <time>2026-10-09T06:08:21Z</time>
      </trkpt>
      <trkpt lat="46.372843" lon="6.231694">
        <ele>391.3</ele>
        <time>2026-10-09T06:08:22Z</time>
      </trkpt>
      <trkpt lat="46.372802" lon="6.231659">
        <ele>391.4</ele>
        <time>2026-10-09T06:08:23Z</time>
      </trkpt>
      <trkpt lat="46.372753" lon="6.231634">
        <ele>391.4</ele>
        <time>2026-10-09T06:08:24Z</time>
      </trkpt>
      <trkpt lat="46.372709" lon="6.231603">
        <ele>391.6</ele>
        <time>2026-10-09T06:08:25Z</time>
      </trkpt>
      <trkpt lat="46.372666" lon="6.231568">
        <ele>391.7</ele>
        <time>2026-10-09T06:08:26Z</time>
      </trkpt>
      <trkpt lat="46.372626" lon="6.231531">
        <ele>391.8</ele>
        <time>2026-10-09T06:08:27Z</time>
      </trkpt>
      <trkpt lat="46.372586" lon="6.231495">
        <ele>392.0</ele>
        <time>2026-10-09T06:08:28Z</time>
      </trkpt>
      <trkpt lat="46.372548" lon="6.231459">
        <ele>392.1</ele>
        <time>2026-10-09T06:08:29Z</time>
      </trkpt>
      <trkpt lat="46.372511" lon="6.231412">
        <ele>392.3</ele>
        <time>2026-10-09T06:08:30Z</time>
      </trkpt>
      <trkpt lat="46.372471" lon="6.231365">
        <ele>392.5</ele>
        <time>2026-10-09T06:08:31Z</time>
      </trkpt>
      <trkpt lat="46.372432" lon="6.231318">
        <ele>392.6</ele>
        <time>2026-10-09T06:08:32Z</time>
      </trkpt>
      <trkpt lat="46.372392" lon="6.231283">
        <ele>392.8</ele>
        <time>2026-10-09T06:08:33Z</time>
      </trkpt>
      <trkpt lat="46.372355" lon="6.231238">
        <ele>392.9</ele>
        <time>2026-10-09T06:08:34Z</time>
      </trkpt>
      <trkpt lat="46.372318" lon="6.231192">
        <ele>393.1</ele>
        <time>2026-10-09T06:08:35Z</time>
      </trkpt>
      <trkpt lat="46.372281" lon="6.231142">
        <ele>393.2</ele>
        <time>2026-10-09T06:08:36Z</time>
      </trkpt>
      <trkpt lat="46.372241" lon="6.231098">
        <ele>393.4</ele>
        <time>2026-10-09T06:08:37Z</time>
      </trkpt>
      <trkpt lat="46.3722" lon="6.231052">
        <ele>393.5</ele>
        <time>2026-10-09T06:08:38Z</time>
      </trkpt>
      <trkpt lat="46.372161" lon="6.23101">
        <ele>393.7</ele>
        <time>2026-10-09T06:08:39Z</time>
      </trkpt>
      <trkpt lat="46.372123" lon="6.230959">
        <ele>393.8</ele>
        <time>2026-10-09T06:08:40Z</time>
      </trkpt>
      <trkpt lat="46.372084" lon="6.230913">
        <ele>394.0</ele>
        <time>2026-10-09T06:08:41Z</time>
      </trkpt>
      <trkpt lat="46.37204" lon="6.230875">
        <ele>394.1</ele>
        <time>2026-10-09T06:08:42Z</time>
      </trkpt>
      <trkpt lat="46.372001" lon="6.230823">
        <ele>394.3</ele>
        <time>2026-10-09T06:08:43Z</time>
      </trkpt>
      <trkpt lat="46.371959" lon="6.230771">
        <ele>394.4</ele>
        <time>2026-10-09T06:08:44Z</time>
      </trkpt>
      <trkpt lat="46.371919" lon="6.23072">
        <ele>394.5</ele>
        <time>2026-10-09T06:08:45Z</time>
      </trkpt>
      <trkpt lat="46.371881" lon="6.230669">
        <ele>394.6</ele>
        <time>2026-10-09T06:08:46Z</time>
      </trkpt>
      <trkpt lat="46.371835" lon="6.230621">
        <ele>394.8</ele>
        <time>2026-10-09T06:08:47Z</time>
      </trkpt>
      <trkpt lat="46.371792" lon="6.230567">
        <ele>394.8</ele>
        <time>2026-10-09T06:08:48Z</time>
      </trkpt>
      <trkpt lat="46.371745" lon="6.230511">
        <ele>394.9</ele>
        <time>2026-10-09T06:08:49Z</time>
      </trkpt>
      <trkpt lat="46.371703" lon="6.230458">
        <ele>395.0</ele>
        <time>2026-10-09T06:08:50Z</time>
      </trkpt>
      <trkpt lat="46.371659" lon="6.230403">
        <ele>395.1</ele>
        <time>2026-10-09T06:08:51Z</time>
      </trkpt>
      <trkpt lat="46.371615" lon="6.230347">
        <ele>395.1</ele>
        <time>2026-10-09T06:08:52Z</time>
      </trkpt>
      <trkpt lat="46.371573" lon="6.230288">
        <ele>395.2</ele>
        <time>2026-10-09T06:08:53Z</time>
      </trkpt>
      <trkpt lat="46.371527" lon="6.230227">
        <ele>395.2</ele>
        <time>2026-10-09T06:08:54Z</time>
      </trkpt>
      <trkpt lat="46.371482" lon="6.230163">
        <ele>395.2</ele>
        <time>2026-10-09T06:08:55Z</time>
      </trkpt>
      <trkpt lat="46.371437" lon="6.230105">
        <ele>395.2</ele>
        <time>2026-10-09T06:08:56Z</time>
      </trkpt>
      <trkpt lat="46.371394" lon="6.230046">
        <ele>395.3</ele>
        <time>2026-10-09T06:08:57Z</time>
      </trkpt>
      <trkpt lat="46.371349" lon="6.22998">
        <ele>395.3</ele>
        <time>2026-10-09T06:08:58Z</time>
      </trkpt>
      <trkpt lat="46.371306" lon="6.229913">
        <ele>395.3</ele>
        <time>2026-10-09T06:08:59Z</time>
      </trkpt>
      <trkpt lat="46.371258" lon="6.229848">
        <ele>395.2</ele>
        <time>2026-10-09T06:09:00Z</time>
      </trkpt>
      <trkpt lat="46.37121" lon="6.229786">
        <ele>395.2</ele>
        <time>2026-10-09T06:09:01Z</time>
      </trkpt>
      <trkpt lat="46.371165" lon="6.229715">
        <ele>395.2</ele>
        <time>2026-10-09T06:09:02Z</time>
      </trkpt>
      <trkpt lat="46.37112" lon="6.229646">
        <ele>395.1</ele>
        <time>2026-10-09T06:09:03Z</time>
      </trkpt>
      <trkpt lat="46.371071" lon="6.229575">
        <ele>395.0</ele>
        <time>2026-10-09T06:09:04Z</time>
      </trkpt>
      <trkpt lat="46.371025" lon="6.2295">
        <ele>394.9</ele>
        <time>2026-10-09T06:09:05Z</time>
      </trkpt>
      <trkpt lat="46.370979" lon="6.229421">
        <ele>394.8</ele>
        <time>2026-10-09T06:09:06Z</time>
      </trkpt>
      <trkpt lat="46.370934" lon="6.229343">
        <ele>394.7</ele>
        <time>2026-10-09T06:09:07Z</time>
      </trkpt>
      <trkpt lat="46.370885" lon="6.229268">
        <ele>394.6</ele>
        <time>2026-10-09T06:09:08Z</time>
      </trkpt>
      <trkpt lat="46.370839" lon="6.229188">
        <ele>394.5</ele>
        <time>2026-10-09T06:09:09Z</time>
      </trkpt>
      <trkpt lat="46.37079" lon="6.229107">
        <ele>394.4</ele>
        <time>2026-10-09T06:09:10Z</time>
      </trkpt>
      <trkpt lat="46.370741" lon="6.229024">
        <ele>394.2</ele>
        <time>2026-10-09T06:09:11Z</time>
      </trkpt>
      <trkpt lat="46.370692" lon="6.228935">
        <ele>394.1</ele>
        <time>2026-10-09T06:09:12Z</time>
      </trkpt>
      <trkpt lat="46.370643" lon="6.228848">
        <ele>393.9</ele>
        <time>2026-10-09T06:09:13Z</time>
      </trkpt>
      <trkpt lat="46.370594" lon="6.228763">
        <ele>393.8</ele>
        <time>2026-10-09T06:09:14Z</time>
      </trkpt>
      <trkpt lat="46.370545" lon="6.228675">
        <ele>393.6</ele>
        <time>2026-10-09T06:09:15Z</time>
      </trkpt>
      <trkpt lat="46.370496" lon="6.228586">
        <ele>393.4</ele>
        <time>2026-10-09T06:09:16Z</time>
      </trkpt>
      <trkpt lat="46.370448" lon="6.228501">
        <ele>393.2</ele>
        <time>2026-10-09T06:09:17Z</time>
      </trkpt>
      <trkpt lat="46.370401" lon="6.228404">
        <ele>393.1</ele>
        <time>2026-10-09T06:09:18Z</time>
      </trkpt>
      <trkpt lat="46.370355" lon="6.228311">
        <ele>392.9</ele>
        <time>2026-10-09T06:09:19Z</time>
      </trkpt>
      <trkpt lat="46.370311" lon="6.22821">
        <ele>392.7</ele>
        <time>2026-10-09T06:09:20Z</time>
      </trkpt>
      <trkpt lat="46.370272" lon="6.228106">
        <ele>392.5</ele>
        <time>2026-10-09T06:09:21Z</time>
      </trkpt>
      <trkpt lat="46.370233" lon="6.228001">
        <ele>392.3</ele>
        <time>2026-10-09T06:09:22Z</time>
      </trkpt>
      <trkpt lat="46.370192" lon="6.227902">
        <ele>392.1</ele>
        <time>2026-10-09T06:09:23Z</time>
      </trkpt>
      <trkpt lat="46.370143" lon="6.227805">
        <ele>392.0</ele>
        <time>2026-10-09T06:09:24Z</time>
      </trkpt>
      <trkpt lat="46.370095" lon="6.227708">
        <ele>392.0</ele>
        <time>2026-10-09T06:09:25Z</time>
      </trkpt>
      <trkpt lat="46.370046" lon="6.227611">
        <ele>391.9</ele>
        <time>2026-10-09T06:09:26Z</time>
      </trkpt>
      <trkpt lat="46.369999" lon="6.227514">
        <ele>391.8</ele>
        <time>2026-10-09T06:09:27Z</time>
      </trkpt>
      <trkpt lat="46.369958" lon="6.227412">
        <ele>391.7</ele>
        <time>2026-10-09T06:09:28Z</time>
      </trkpt>
      <trkpt lat="46.369915" lon="6.227314">
        <ele>391.6</ele>
        <time>2026-10-09T06:09:29Z</time>
      </trkpt>
      <trkpt lat="46.369865" lon="6.227215">
        <ele>391.4</ele>
        <time>2026-10-09T06:09:30Z</time>
      </trkpt>
      <trkpt lat="46.369815" lon="6.227121">
        <ele>391.3</ele>
        <time>2026-10-09T06:09:31Z</time>
      </trkpt>
      <trkpt lat="46.369754" lon="6.227053">
        <ele>391.2</ele>
        <time>2026-10-09T06:09:32Z</time>
      </trkpt>
      <trkpt lat="46.369689" lon="6.226969">
        <ele>391.0</ele>
        <time>2026-10-09T06:09:33Z</time>
      </trkpt>
      <trkpt lat="46.369636" lon="6.226872">
        <ele>390.7</ele>
        <time>2026-10-09T06:09:34Z</time>
      </trkpt>
      <trkpt lat="46.36959" lon="6.226765">
        <ele>390.5</ele>
        <time>2026-10-09T06:09:35Z</time>
      </trkpt>
      <trkpt lat="46.369543" lon="6.226664">
        <ele>390.3</ele>
        <time>2026-10-09T06:09:36Z</time>
      </trkpt>
      <trkpt lat="46.369491" lon="6.226564">
        <ele>390.1</ele>
        <time>2026-10-09T06:09:37Z</time>
      </trkpt>
      <trkpt lat="46.36944" lon="6.226461">
        <ele>389.9</ele>
        <time>2026-10-09T06:09:38Z</time>
      </trkpt>
      <trkpt lat="46.36939" lon="6.226361">
        <ele>389.7</ele>
        <time>2026-10-09T06:09:39Z</time>
      </trkpt>
      <trkpt lat="46.369338" lon="6.226261">
        <ele>389.5</ele>
        <time>2026-10-09T06:09:40Z</time>
      </trkpt>
      <trkpt lat="46.369291" lon="6.226155">
        <ele>389.3</ele>
        <time>2026-10-09T06:09:41Z</time>
      </trkpt>
      <trkpt lat="46.369244" lon="6.226048">
        <ele>389.1</ele>
        <time>2026-10-09T06:09:42Z</time>
      </trkpt>
      <trkpt lat="46.369193" lon="6.225953">
        <ele>388.9</ele>
        <time>2026-10-09T06:09:43Z</time>
      </trkpt>
      <trkpt lat="46.369142" lon="6.225851">
        <ele>388.7</ele>
        <time>2026-10-09T06:09:44Z</time>
      </trkpt>
      <trkpt lat="46.369094" lon="6.225749">
        <ele>388.5</ele>
        <time>2026-10-09T06:09:45Z</time>
      </trkpt>
      <trkpt lat="46.369045" lon="6.225644">
        <ele>388.3</ele>
        <time>2026-10-09T06:09:46Z</time>
      </trkpt>
      <trkpt lat="46.368996" lon="6.225543">
        <ele>388.1</ele>
        <time>2026-10-09T06:09:47Z</time>
      </trkpt>
      <trkpt lat="46.368943" lon="6.225444">
        <ele>388.0</ele>
        <time>2026-10-09T06:09:48Z</time>
      </trkpt>
      <trkpt lat="46.36889" lon="6.225348">
        <ele>387.8</ele>
        <time>2026-10-09T06:09:49Z</time>
      </trkpt>
      <trkpt lat="46.368838" lon="6.225251">
        <ele>387.7</ele>
        <time>2026-10-09T06:09:50Z</time>
      </trkpt>
      <trkpt lat="46.368785" lon="6.225154">
        <ele>387.5</ele>
        <time>2026-10-09T06:09:51Z</time>
      </trkpt>
      <trkpt lat="46.368735" lon="6.225054">
        <ele>387.4</ele>
        <time>2026-10-09T06:09:52Z</time>
      </trkpt>
      <trkpt lat="46.368681" lon="6.22496">
        <ele>387.2</ele>
        <time>2026-10-09T06:09:53Z</time>
      </trkpt>
      <trkpt lat="46.368627" lon="6.22487">
        <ele>387.1</ele>
        <time>2026-10-09T06:09:54Z</time>
      </trkpt>
      <trkpt lat="46.36857" lon="6.224779">
        <ele>387.0</ele>
        <time>2026-10-09T06:09:55Z</time>
      </trkpt>
      <trkpt lat="46.368513" lon="6.224689">
        <ele>386.9</ele>
        <time>2026-10-09T06:09:56Z</time>
      </trkpt>
      <trkpt lat="46.368458" lon="6.224602">
        <ele>386.8</ele>
        <time>2026-10-09T06:09:57Z</time>
      </trkpt>
      <trkpt lat="46.368403" lon="6.224515">
        <ele>386.8</ele>
        <time>2026-10-09T06:09:58Z</time>
      </trkpt>
      <trkpt lat="46.368346" lon="6.22443">
        <ele>386.7</ele>
        <time>2026-10-09T06:09:59Z</time>
      </trkpt>
      <trkpt lat="46.368288" lon="6.224345">
        <ele>386.7</ele>
        <time>2026-10-09T06:10:00Z</time>
      </trkpt>
      <trkpt lat="46.368232" lon="6.224261">
        <ele>386.7</ele>
        <time>2026-10-09T06:10:01Z</time>
      </trkpt>
      <trkpt lat="46.368176" lon="6.22418">
        <ele>386.7</ele>
        <time>2026-10-09T06:10:02Z</time>
      </trkpt>
      <trkpt lat="46.368118" lon="6.224096">
        <ele>386.7</ele>
        <time>2026-10-09T06:10:03Z</time>
      </trkpt>
      <trkpt lat="46.36806" lon="6.22402">
        <ele>386.7</ele>
        <time>2026-10-09T06:10:04Z</time>
      </trkpt>
      <trkpt lat="46.368004" lon="6.223942">
        <ele>386.7</ele>
        <time>2026-10-09T06:10:05Z</time>
      </trkpt>
      <trkpt lat="46.367947" lon="6.223864">
        <ele>386.7</ele>
        <time>2026-10-09T06:10:06Z</time>
      </trkpt>
      <trkpt lat="46.367893" lon="6.223788">
        <ele>386.7</ele>
        <time>2026-10-09T06:10:07Z</time>
      </trkpt>
      <trkpt lat="46.367836" lon="6.223718">
        <ele>386.7</ele>
        <time>2026-10-09T06:10:08Z</time>
      </trkpt>
      <trkpt lat="46.367779" lon="6.223646">
        <ele>386.7</ele>
        <time>2026-10-09T06:10:09Z</time>
      </trkpt>
      <trkpt lat="46.367721" lon="6.223573">
        <ele>386.7</ele>
        <time>2026-10-09T06:10:10Z</time>
      </trkpt>
      <trkpt lat="46.367665" lon="6.223507">
        <ele>386.7</ele>
        <time>2026-10-09T06:10:11Z</time>
      </trkpt>
      <trkpt lat="46.367606" lon="6.223434">
        <ele>386.7</ele>
        <time>2026-10-09T06:10:12Z</time>
      </trkpt>
      <trkpt lat="46.367548" lon="6.223365">
        <ele>386.8</ele>
        <time>2026-10-09T06:10:13Z</time>
      </trkpt>
      <trkpt lat="46.367492" lon="6.223299">
        <ele>386.8</ele>
        <time>2026-10-09T06:10:14Z</time>
      </trkpt>
      <trkpt lat="46.36743" lon="6.223236">
        <ele>386.8</ele>
        <time>2026-10-09T06:10:15Z</time>
      </trkpt>
      <trkpt lat="46.367371" lon="6.223169">
        <ele>386.8</ele>
        <time>2026-10-09T06:10:16Z</time>
      </trkpt>
      <trkpt lat="46.367312" lon="6.223106">
        <ele>386.8</ele>
        <time>2026-10-09T06:10:17Z</time>
      </trkpt>
      <trkpt lat="46.367251" lon="6.223048">
        <ele>386.9</ele>
        <time>2026-10-09T06:10:18Z</time>
      </trkpt>
      <trkpt lat="46.367191" lon="6.222985">
        <ele>386.9</ele>
        <time>2026-10-09T06:10:19Z</time>
      </trkpt>
      <trkpt lat="46.36713" lon="6.222921">
        <ele>386.9</ele>
        <time>2026-10-09T06:10:20Z</time>
      </trkpt>
      <trkpt lat="46.36707" lon="6.222858">
        <ele>386.9</ele>
        <time>2026-10-09T06:10:21Z</time>
      </trkpt>
      <trkpt lat="46.367009" lon="6.222797">
        <ele>386.9</ele>
        <time>2026-10-09T06:10:22Z</time>
      </trkpt>
      <trkpt lat="46.36695" lon="6.222742">
        <ele>386.9</ele>
        <time>2026-10-09T06:10:23Z</time>
      </trkpt>
      <trkpt lat="46.366887" lon="6.222683">
        <ele>386.9</ele>
        <time>2026-10-09T06:10:24Z</time>
      </trkpt>
      <trkpt lat="46.366825" lon="6.222625">
        <ele>386.9</ele>
        <time>2026-10-09T06:10:25Z</time>
      </trkpt>
      <trkpt lat="46.366761" lon="6.222569">
        <ele>386.9</ele>
        <time>2026-10-09T06:10:26Z</time>
      </trkpt>
      <trkpt lat="46.366701" lon="6.222509">
        <ele>386.9</ele>
        <time>2026-10-09T06:10:27Z</time>
      </trkpt>
      <trkpt lat="46.366637" lon="6.222457">
        <ele>386.9</ele>
        <time>2026-10-09T06:10:28Z</time>
      </trkpt>
      <trkpt lat="46.366574" lon="6.2224">
        <ele>386.8</ele>
        <time>2026-10-09T06:10:29Z</time>
      </trkpt>
      <trkpt lat="46.366506" lon="6.222346">
        <ele>386.8</ele>
        <time>2026-10-09T06:10:30Z</time>
      </trkpt>
      <trkpt lat="46.366442" lon="6.222291">
        <ele>386.8</ele>
        <time>2026-10-09T06:10:31Z</time>
      </trkpt>
      <trkpt lat="46.366378" lon="6.222238">
        <ele>386.8</ele>
        <time>2026-10-09T06:10:32Z</time>
      </trkpt>
      <trkpt lat="46.366312" lon="6.22219">
        <ele>386.8</ele>
        <time>2026-10-09T06:10:33Z</time>
      </trkpt>
      <trkpt lat="46.366246" lon="6.222143">
        <ele>386.7</ele>
        <time>2026-10-09T06:10:34Z</time>
      </trkpt>
      <trkpt lat="46.366181" lon="6.222091">
        <ele>386.7</ele>
        <time>2026-10-09T06:10:35Z</time>
      </trkpt>
      <trkpt lat="46.366114" lon="6.222039">
        <ele>386.7</ele>
        <time>2026-10-09T06:10:36Z</time>
      </trkpt>
      <trkpt lat="46.366048" lon="6.221992">
        <ele>386.7</ele>
        <time>2026-10-09T06:10:37Z</time>
      </trkpt>
      <trkpt lat="46.365982" lon="6.221949">
        <ele>386.6</ele>
        <time>2026-10-09T06:10:38Z</time>
      </trkpt>
      <trkpt lat="46.365914" lon="6.2219">
        <ele>386.6</ele>
        <time>2026-10-09T06:10:39Z</time>
      </trkpt>
      <trkpt lat="46.365849" lon="6.221854">
        <ele>386.6</ele>
        <time>2026-10-09T06:10:40Z</time>
      </trkpt>
      <trkpt lat="46.365781" lon="6.221807">
        <ele>386.5</ele>
        <time>2026-10-09T06:10:41Z</time>
      </trkpt>
      <trkpt lat="46.365714" lon="6.221761">
        <ele>386.5</ele>
        <time>2026-10-09T06:10:42Z</time>
      </trkpt>
      <trkpt lat="46.365647" lon="6.221709">
        <ele>386.4</ele>
        <time>2026-10-09T06:10:43Z</time>
      </trkpt>
      <trkpt lat="46.365581" lon="6.221662">
        <ele>386.4</ele>
        <time>2026-10-09T06:10:44Z</time>
      </trkpt>
      <trkpt lat="46.365514" lon="6.221614">
        <ele>386.3</ele>
        <time>2026-10-09T06:10:45Z</time>
      </trkpt>
      <trkpt lat="46.365446" lon="6.221566">
        <ele>386.3</ele>
        <time>2026-10-09T06:10:46Z</time>
      </trkpt>
      <trkpt lat="46.365377" lon="6.221523">
        <ele>386.3</ele>
        <time>2026-10-09T06:10:47Z</time>
      </trkpt>
      <trkpt lat="46.365307" lon="6.221478">
        <ele>386.2</ele>
        <time>2026-10-09T06:10:48Z</time>
      </trkpt>
      <trkpt lat="46.365237" lon="6.22143">
        <ele>386.2</ele>
        <time>2026-10-09T06:10:49Z</time>
      </trkpt>
      <trkpt lat="46.36517" lon="6.221379">
        <ele>386.1</ele>
        <time>2026-10-09T06:10:50Z</time>
      </trkpt>
      <trkpt lat="46.365103" lon="6.221327">
        <ele>386.1</ele>
        <time>2026-10-09T06:10:51Z</time>
      </trkpt>
      <trkpt lat="46.365034" lon="6.221277">
        <ele>386.0</ele>
        <time>2026-10-09T06:10:52Z</time>
      </trkpt>
      <trkpt lat="46.364966" lon="6.221228">
        <ele>386.0</ele>
        <time>2026-10-09T06:10:53Z</time>
      </trkpt>
      <trkpt lat="46.364893" lon="6.221184">
        <ele>385.9</ele>
        <time>2026-10-09T06:10:54Z</time>
      </trkpt>
      <trkpt lat="46.364825" lon="6.221139">
        <ele>385.8</ele>
        <time>2026-10-09T06:10:55Z</time>
      </trkpt>
      <trkpt lat="46.364756" lon="6.221093">
        <ele>385.8</ele>
        <time>2026-10-09T06:10:56Z</time>
      </trkpt>
      <trkpt lat="46.364686" lon="6.221046">
        <ele>385.7</ele>
        <time>2026-10-09T06:10:57Z</time>
      </trkpt>
      <trkpt lat="46.364618" lon="6.220992">
        <ele>385.6</ele>
        <time>2026-10-09T06:10:58Z</time>
      </trkpt>
      <trkpt lat="46.364547" lon="6.220942">
        <ele>385.6</ele>
        <time>2026-10-09T06:10:59Z</time>
      </trkpt>
      <trkpt lat="46.364476" lon="6.220892">
        <ele>385.5</ele>
        <time>2026-10-09T06:11:00Z</time>
      </trkpt>
      <trkpt lat="46.364406" lon="6.220843">
        <ele>385.4</ele>
        <time>2026-10-09T06:11:01Z</time>
      </trkpt>
      <trkpt lat="46.364334" lon="6.220791">
        <ele>385.3</ele>
        <time>2026-10-09T06:11:02Z</time>
      </trkpt>
      <trkpt lat="46.364261" lon="6.220737">
        <ele>385.3</ele>
        <time>2026-10-09T06:11:03Z</time>
      </trkpt>
      <trkpt lat="46.36419" lon="6.220686">
        <ele>385.2</ele>
        <time>2026-10-09T06:11:04Z</time>
      </trkpt>
      <trkpt lat="46.364117" lon="6.220636">
        <ele>385.1</ele>
        <time>2026-10-09T06:11:05Z</time>
      </trkpt>
      <trkpt lat="46.364044" lon="6.220588">
        <ele>385.1</ele>
        <time>2026-10-09T06:11:06Z</time>
      </trkpt>
      <trkpt lat="46.363972" lon="6.22054">
        <ele>385.0</ele>
        <time>2026-10-09T06:11:07Z</time>
      </trkpt>
      <trkpt lat="46.363901" lon="6.22049">
        <ele>384.9</ele>
        <time>2026-10-09T06:11:08Z</time>
      </trkpt>
      <trkpt lat="46.363831" lon="6.220437">
        <ele>384.8</ele>
        <time>2026-10-09T06:11:09Z</time>
      </trkpt>
      <trkpt lat="46.36376" lon="6.220387">
        <ele>384.7</ele>
        <time>2026-10-09T06:11:10Z</time>
      </trkpt>
      <trkpt lat="46.363688" lon="6.220337">
        <ele>384.6</ele>
        <time>2026-10-09T06:11:11Z</time>
      </trkpt>
      <trkpt lat="46.363617" lon="6.22029">
        <ele>384.5</ele>
        <time>2026-10-09T06:11:12Z</time>
      </trkpt>
      <trkpt lat="46.363543" lon="6.22024">
        <ele>384.4</ele>
        <time>2026-10-09T06:11:13Z</time>
      </trkpt>
      <trkpt lat="46.363471" lon="6.220187">
        <ele>384.3</ele>
        <time>2026-10-09T06:11:14Z</time>
      </trkpt>
      <trkpt lat="46.3634" lon="6.220132">
        <ele>384.2</ele>
        <time>2026-10-09T06:11:15Z</time>
      </trkpt>
      <trkpt lat="46.36333" lon="6.22008">
        <ele>384.1</ele>
        <time>2026-10-09T06:11:16Z</time>
      </trkpt>
      <trkpt lat="46.363257" lon="6.220029">
        <ele>384.0</ele>
        <time>2026-10-09T06:11:17Z</time>
      </trkpt>
      <trkpt lat="46.363184" lon="6.219976">
        <ele>383.9</ele>
        <time>2026-10-09T06:11:18Z</time>
      </trkpt>
      <trkpt lat="46.363106" lon="6.219927">
        <ele>383.8</ele>
        <time>2026-10-09T06:11:19Z</time>
      </trkpt>
      <trkpt lat="46.363041" lon="6.219883">
        <ele>383.7</ele>
        <time>2026-10-09T06:11:20Z</time>
      </trkpt>
      <trkpt lat="46.362966" lon="6.21983">
        <ele>383.6</ele>
        <time>2026-10-09T06:11:21Z</time>
      </trkpt>
      <trkpt lat="46.36289" lon="6.219781">
        <ele>383.5</ele>
        <time>2026-10-09T06:11:22Z</time>
      </trkpt>
      <trkpt lat="46.362816" lon="6.219725">
        <ele>383.3</ele>
        <time>2026-10-09T06:11:23Z</time>
      </trkpt>
      <trkpt lat="46.362746" lon="6.219663">
        <ele>383.2</ele>
        <time>2026-10-09T06:11:24Z</time>
      </trkpt>
      <trkpt lat="46.362676" lon="6.219607">
        <ele>383.1</ele>
        <time>2026-10-09T06:11:25Z</time>
      </trkpt>
      <trkpt lat="46.362602" lon="6.219551">
        <ele>383.0</ele>
        <time>2026-10-09T06:11:26Z</time>
      </trkpt>
      <trkpt lat="46.36253" lon="6.219496">
        <ele>382.9</ele>
        <time>2026-10-09T06:11:27Z</time>
      </trkpt>
      <trkpt lat="46.362457" lon="6.219436">
        <ele>382.8</ele>
        <time>2026-10-09T06:11:28Z</time>
      </trkpt>
      <trkpt lat="46.362385" lon="6.219377">
        <ele>382.7</ele>
        <time>2026-10-09T06:11:29Z</time>
      </trkpt>
      <trkpt lat="46.362312" lon="6.219319">
        <ele>382.6</ele>
        <time>2026-10-09T06:11:30Z</time>
      </trkpt>
      <trkpt lat="46.362237" lon="6.219264">
        <ele>382.5</ele>
        <time>2026-10-09T06:11:31Z</time>
      </trkpt>
      <trkpt lat="46.362163" lon="6.219205">
        <ele>382.5</ele>
        <time>2026-10-09T06:11:32Z</time>
      </trkpt>
      <trkpt lat="46.362091" lon="6.219144">
        <ele>382.3</ele>
        <time>2026-10-09T06:11:33Z</time>
      </trkpt>
      <trkpt lat="46.362017" lon="6.219082">
        <ele>382.2</ele>
        <time>2026-10-09T06:11:34Z</time>
      </trkpt>
      <trkpt lat="46.361945" lon="6.219016">
        <ele>382.1</ele>
        <time>2026-10-09T06:11:35Z</time>
      </trkpt>
      <trkpt lat="46.361874" lon="6.218952">
        <ele>382.0</ele>
        <time>2026-10-09T06:11:36Z</time>
      </trkpt>
      <trkpt lat="46.361801" lon="6.218887">
        <ele>381.9</ele>
        <time>2026-10-09T06:11:37Z</time>
      </trkpt>
      <trkpt lat="46.361728" lon="6.218822">
        <ele>381.9</ele>
        <time>2026-10-09T06:11:38Z</time>
      </trkpt>
      <trkpt lat="46.361657" lon="6.218757">
        <ele>381.8</ele>
        <time>2026-10-09T06:11:39Z</time>
      </trkpt>
      <trkpt lat="46.361589" lon="6.218696">
        <ele>381.7</ele>
        <time>2026-10-09T06:11:40Z</time>
      </trkpt>
      <trkpt lat="46.361517" lon="6.218631">
        <ele>381.6</ele>
        <time>2026-10-09T06:11:41Z</time>
      </trkpt>
      <trkpt lat="46.361445" lon="6.218563">
        <ele>381.5</ele>
        <time>2026-10-09T06:11:42Z</time>
      </trkpt>
      <trkpt lat="46.36137" lon="6.218498">
        <ele>381.4</ele>
        <time>2026-10-09T06:11:43Z</time>
      </trkpt>
      <trkpt lat="46.3613" lon="6.218428">
        <ele>381.3</ele>
        <time>2026-10-09T06:11:44Z</time>
      </trkpt>
      <trkpt lat="46.36123" lon="6.218364">
        <ele>381.2</ele>
        <time>2026-10-09T06:11:45Z</time>
      </trkpt>
      <trkpt lat="46.361159" lon="6.218298">
        <ele>381.1</ele>
        <time>2026-10-09T06:11:46Z</time>
      </trkpt>
      <trkpt lat="46.361087" lon="6.21823">
        <ele>381.0</ele>
        <time>2026-10-09T06:11:47Z</time>
      </trkpt>
      <trkpt lat="46.361015" lon="6.218164">
        <ele>380.9</ele>
        <time>2026-10-09T06:11:48Z</time>
      </trkpt>
      <trkpt lat="46.360947" lon="6.218095">
        <ele>380.8</ele>
        <time>2026-10-09T06:11:49Z</time>
      </trkpt>
      <trkpt lat="46.360878" lon="6.218027">
        <ele>380.7</ele>
        <time>2026-10-09T06:11:50Z</time>
      </trkpt>
      <trkpt lat="46.360809" lon="6.217954">
        <ele>380.6</ele>
        <time>2026-10-09T06:11:51Z</time>
      </trkpt>
      <trkpt lat="46.360741" lon="6.217884">
        <ele>380.5</ele>
        <time>2026-10-09T06:11:52Z</time>
      </trkpt>
      <trkpt lat="46.360673" lon="6.217812">
        <ele>380.4</ele>
        <time>2026-10-09T06:11:53Z</time>
      </trkpt>
      <trkpt lat="46.360605" lon="6.217744">
        <ele>380.3</ele>
        <time>2026-10-09T06:11:54Z</time>
      </trkpt>
      <trkpt lat="46.360536" lon="6.217676">
        <ele>380.2</ele>
        <time>2026-10-09T06:11:55Z</time>
      </trkpt>
      <trkpt lat="46.360469" lon="6.217603">
        <ele>380.2</ele>
        <time>2026-10-09T06:11:56Z</time>
      </trkpt>
      <trkpt lat="46.360403" lon="6.217529">
        <ele>380.1</ele>
        <time>2026-10-09T06:11:57Z</time>
      </trkpt>
      <trkpt lat="46.360337" lon="6.217454">
        <ele>380.0</ele>
        <time>2026-10-09T06:11:58Z</time>
      </trkpt>
      <trkpt lat="46.36027" lon="6.217382">
        <ele>380.0</ele>
        <time>2026-10-09T06:11:59Z</time>
      </trkpt>
      <trkpt lat="46.360203" lon="6.21731">
        <ele>380.0</ele>
        <time>2026-10-09T06:12:00Z</time>
      </trkpt>
      <trkpt lat="46.360137" lon="6.21724">
        <ele>379.9</ele>
        <time>2026-10-09T06:12:01Z</time>
      </trkpt>
      <trkpt lat="46.360073" lon="6.217166">
        <ele>379.9</ele>
        <time>2026-10-09T06:12:02Z</time>
      </trkpt>
      <trkpt lat="46.360009" lon="6.217093">
        <ele>379.9</ele>
        <time>2026-10-09T06:12:03Z</time>
      </trkpt>
      <trkpt lat="46.359945" lon="6.217029">
        <ele>380.0</ele>
        <time>2026-10-09T06:12:04Z</time>
      </trkpt>
      <trkpt lat="46.359882" lon="6.216959">
        <ele>380.0</ele>
        <time>2026-10-09T06:12:05Z</time>
      </trkpt>
      <trkpt lat="46.359817" lon="6.216888">
        <ele>380.0</ele>
        <time>2026-10-09T06:12:06Z</time>
      </trkpt>
      <trkpt lat="46.359754" lon="6.216819">
        <ele>380.1</ele>
        <time>2026-10-09T06:12:07Z</time>
      </trkpt>
      <trkpt lat="46.35969" lon="6.216748">
        <ele>380.1</ele>
        <time>2026-10-09T06:12:08Z</time>
      </trkpt>
      <trkpt lat="46.359629" lon="6.216675">
        <ele>380.2</ele>
        <time>2026-10-09T06:12:09Z</time>
      </trkpt>
      <trkpt lat="46.359572" lon="6.216599">
        <ele>380.3</ele>
        <time>2026-10-09T06:12:10Z</time>
      </trkpt>
      <trkpt lat="46.359516" lon="6.216524">
        <ele>380.3</ele>
        <time>2026-10-09T06:12:11Z</time>
      </trkpt>
      <trkpt lat="46.359458" lon="6.216457">
        <ele>380.4</ele>
        <time>2026-10-09T06:12:12Z</time>
      </trkpt>
      <trkpt lat="46.3594" lon="6.21639">
        <ele>380.4</ele>
        <time>2026-10-09T06:12:13Z</time>
      </trkpt>
      <trkpt lat="46.359337" lon="6.216329">
        <ele>380.4</ele>
        <time>2026-10-09T06:12:14Z</time>
      </trkpt>
      <trkpt lat="46.359278" lon="6.216271">
        <ele>380.4</ele>
        <time>2026-10-09T06:12:15Z</time>
      </trkpt>
      <trkpt lat="46.35922" lon="6.216209">
        <ele>380.5</ele>
        <time>2026-10-09T06:12:16Z</time>
      </trkpt>
      <trkpt lat="46.359167" lon="6.216145">
        <ele>380.5</ele>
        <time>2026-10-09T06:12:17Z</time>
      </trkpt>
      <trkpt lat="46.359124" lon="6.216074">
        <ele>380.6</ele>
        <time>2026-10-09T06:12:18Z</time>
      </trkpt>
      <trkpt lat="46.359088" lon="6.215999">
        <ele>380.6</ele>
        <time>2026-10-09T06:12:19Z</time>
      </trkpt>
      <trkpt lat="46.359058" lon="6.215918">
        <ele>380.8</ele>
        <time>2026-10-09T06:12:20Z</time>
      </trkpt>
      <trkpt lat="46.359032" lon="6.21583">
        <ele>380.9</ele>
        <time>2026-10-09T06:12:21Z</time>
      </trkpt>
      <trkpt lat="46.358986" lon="6.215755">
        <ele>381.1</ele>
        <time>2026-10-09T06:12:22Z</time>
      </trkpt>
      <trkpt lat="46.358913" lon="6.21572">
        <ele>381.2</ele>
        <time>2026-10-09T06:12:23Z</time>
      </trkpt>
      <trkpt lat="46.358837" lon="6.215718">
        <ele>381.3</ele>
        <time>2026-10-09T06:12:24Z</time>
      </trkpt>
      <trkpt lat="46.358753" lon="6.215719">
        <ele>381.3</ele>
        <time>2026-10-09T06:12:25Z</time>
      </trkpt>
      <trkpt lat="46.358674" lon="6.21568">
        <ele>381.3</ele>
        <time>2026-10-09T06:12:26Z</time>
      </trkpt>
      <trkpt lat="46.358612" lon="6.215603">
        <ele>381.3</ele>
        <time>2026-10-09T06:12:27Z</time>
      </trkpt>
      <trkpt lat="46.35855" lon="6.215534">
        <ele>381.3</ele>
        <time>2026-10-09T06:12:28Z</time>
      </trkpt>
      <trkpt lat="46.358487" lon="6.215471">
        <ele>381.4</ele>
        <time>2026-10-09T06:12:29Z</time>
      </trkpt>
      <trkpt lat="46.358424" lon="6.215402">
        <ele>381.4</ele>
        <time>2026-10-09T06:12:30Z</time>
      </trkpt>
      <trkpt lat="46.358362" lon="6.215327">
        <ele>381.5</ele>
        <time>2026-10-09T06:12:31Z</time>
      </trkpt>
      <trkpt lat="46.358305" lon="6.215251">
        <ele>381.5</ele>
        <time>2026-10-09T06:12:32Z</time>
      </trkpt>
      <trkpt lat="46.358245" lon="6.215185">
        <ele>381.6</ele>
        <time>2026-10-09T06:12:33Z</time>
      </trkpt>
      <trkpt lat="46.35818" lon="6.215127">
        <ele>381.6</ele>
        <time>2026-10-09T06:12:34Z</time>
      </trkpt>
      <trkpt lat="46.358114" lon="6.215059">
        <ele>381.7</ele>
        <time>2026-10-09T06:12:35Z</time>
      </trkpt>
      <trkpt lat="46.358051" lon="6.214996">
        <ele>381.7</ele>
        <time>2026-10-09T06:12:36Z</time>
      </trkpt>
      <trkpt lat="46.357988" lon="6.21493">
        <ele>381.8</ele>
        <time>2026-10-09T06:12:37Z</time>
      </trkpt>
      <trkpt lat="46.357924" lon="6.214868">
        <ele>381.8</ele>
        <time>2026-10-09T06:12:38Z</time>
      </trkpt>
      <trkpt lat="46.357859" lon="6.214808">
        <ele>381.8</ele>
        <time>2026-10-09T06:12:39Z</time>
      </trkpt>
      <trkpt lat="46.357797" lon="6.21474">
        <ele>381.9</ele>
        <time>2026-10-09T06:12:40Z</time>
      </trkpt>
      <trkpt lat="46.357735" lon="6.214675">
        <ele>381.9</ele>
        <time>2026-10-09T06:12:41Z</time>
      </trkpt>
      <trkpt lat="46.357671" lon="6.21461">
        <ele>381.9</ele>
        <time>2026-10-09T06:12:42Z</time>
      </trkpt>
      <trkpt lat="46.357606" lon="6.214547">
        <ele>381.9</ele>
        <time>2026-10-09T06:12:43Z</time>
      </trkpt>
      <trkpt lat="46.35754" lon="6.214491">
        <ele>381.9</ele>
        <time>2026-10-09T06:12:44Z</time>
      </trkpt>
      <trkpt lat="46.357475" lon="6.214431">
        <ele>381.9</ele>
        <time>2026-10-09T06:12:45Z</time>
      </trkpt>
      <trkpt lat="46.357414" lon="6.214359">
        <ele>381.9</ele>
        <time>2026-10-09T06:12:46Z</time>
      </trkpt>
      <trkpt lat="46.357349" lon="6.214296">
        <ele>381.9</ele>
        <time>2026-10-09T06:12:47Z</time>
      </trkpt>
      <trkpt lat="46.357282" lon="6.214237">
        <ele>381.8</ele>
        <time>2026-10-09T06:12:48Z</time>
      </trkpt>
      <trkpt lat="46.357216" lon="6.214176">
        <ele>381.8</ele>
        <time>2026-10-09T06:12:49Z</time>
      </trkpt>
      <trkpt lat="46.357149" lon="6.214113">
        <ele>381.8</ele>
        <time>2026-10-09T06:12:50Z</time>
      </trkpt>
      <trkpt lat="46.357083" lon="6.214046">
        <ele>381.7</ele>
        <time>2026-10-09T06:12:51Z</time>
      </trkpt>
      <trkpt lat="46.357015" lon="6.213981">
        <ele>381.7</ele>
        <time>2026-10-09T06:12:52Z</time>
      </trkpt>
      <trkpt lat="46.356947" lon="6.213917">
        <ele>381.6</ele>
        <time>2026-10-09T06:12:53Z</time>
      </trkpt>
      <trkpt lat="46.356879" lon="6.213849">
        <ele>381.5</ele>
        <time>2026-10-09T06:12:54Z</time>
      </trkpt>
      <trkpt lat="46.35681" lon="6.213787">
        <ele>381.5</ele>
        <time>2026-10-09T06:12:55Z</time>
      </trkpt>
      <trkpt lat="46.356742" lon="6.213721">
        <ele>381.4</ele>
        <time>2026-10-09T06:12:56Z</time>
      </trkpt>
      <trkpt lat="46.356675" lon="6.213654">
        <ele>381.4</ele>
        <time>2026-10-09T06:12:57Z</time>
      </trkpt>
      <trkpt lat="46.356607" lon="6.213588">
        <ele>381.4</ele>
        <time>2026-10-09T06:12:58Z</time>
      </trkpt>
      <trkpt lat="46.356537" lon="6.21352">
        <ele>381.3</ele>
        <time>2026-10-09T06:12:59Z</time>
      </trkpt>
      <trkpt lat="46.356468" lon="6.213458">
        <ele>381.3</ele>
        <time>2026-10-09T06:13:00Z</time>
      </trkpt>
      <trkpt lat="46.3564" lon="6.213388">
        <ele>381.2</ele>
        <time>2026-10-09T06:13:01Z</time>
      </trkpt>
      <trkpt lat="46.356333" lon="6.213322">
        <ele>381.2</ele>
        <time>2026-10-09T06:13:02Z</time>
      </trkpt>
      <trkpt lat="46.356264" lon="6.213257">
        <ele>381.1</ele>
        <time>2026-10-09T06:13:03Z</time>
      </trkpt>
      <trkpt lat="46.356192" lon="6.213191">
        <ele>381.1</ele>
        <time>2026-10-09T06:13:04Z</time>
      </trkpt>
      <trkpt lat="46.356122" lon="6.213125">
        <ele>381.0</ele>
        <time>2026-10-09T06:13:05Z</time>
      </trkpt>
      <trkpt lat="46.356048" lon="6.213063">
        <ele>381.0</ele>
        <time>2026-10-09T06:13:06Z</time>
      </trkpt>
      <trkpt lat="46.355978" lon="6.212997">
        <ele>380.9</ele>
        <time>2026-10-09T06:13:07Z</time>
      </trkpt>
      <trkpt lat="46.355908" lon="6.212925">
        <ele>380.9</ele>
        <time>2026-10-09T06:13:08Z</time>
      </trkpt>
      <trkpt lat="46.355838" lon="6.212854">
        <ele>380.9</ele>
        <time>2026-10-09T06:13:09Z</time>
      </trkpt>
      <trkpt lat="46.355769" lon="6.212779">
        <ele>380.8</ele>
        <time>2026-10-09T06:13:10Z</time>
      </trkpt>
      <trkpt lat="46.355698" lon="6.212714">
        <ele>380.8</ele>
        <time>2026-10-09T06:13:11Z</time>
      </trkpt>
      <trkpt lat="46.355628" lon="6.212642">
        <ele>380.7</ele>
        <time>2026-10-09T06:13:12Z</time>
      </trkpt>
      <trkpt lat="46.355559" lon="6.212571">
        <ele>380.6</ele>
        <time>2026-10-09T06:13:13Z</time>
      </trkpt>
      <trkpt lat="46.355489" lon="6.212505">
        <ele>380.6</ele>
        <time>2026-10-09T06:13:14Z</time>
      </trkpt>
      <trkpt lat="46.355418" lon="6.212438">
        <ele>380.5</ele>
        <time>2026-10-09T06:13:15Z</time>
      </trkpt>
      <trkpt lat="46.355351" lon="6.21237">
        <ele>380.5</ele>
        <time>2026-10-09T06:13:16Z</time>
      </trkpt>
      <trkpt lat="46.355281" lon="6.212306">
        <ele>380.5</ele>
        <time>2026-10-09T06:13:17Z</time>
      </trkpt>
      <trkpt lat="46.35521" lon="6.21224">
        <ele>380.4</ele>
        <time>2026-10-09T06:13:18Z</time>
      </trkpt>
      <trkpt lat="46.355141" lon="6.212169">
        <ele>380.4</ele>
        <time>2026-10-09T06:13:19Z</time>
      </trkpt>
      <trkpt lat="46.355073" lon="6.212103">
        <ele>380.4</ele>
        <time>2026-10-09T06:13:20Z</time>
      </trkpt>
      <trkpt lat="46.355004" lon="6.212034">
        <ele>380.4</ele>
        <time>2026-10-09T06:13:21Z</time>
      </trkpt>
      <trkpt lat="46.354932" lon="6.211966">
        <ele>380.3</ele>
        <time>2026-10-09T06:13:22Z</time>
      </trkpt>
      <trkpt lat="46.354862" lon="6.211904">
        <ele>380.3</ele>
        <time>2026-10-09T06:13:23Z</time>
      </trkpt>
      <trkpt lat="46.354793" lon="6.211845">
        <ele>380.2</ele>
        <time>2026-10-09T06:13:24Z</time>
      </trkpt>
      <trkpt lat="46.354723" lon="6.211777">
        <ele>380.2</ele>
        <time>2026-10-09T06:13:25Z</time>
      </trkpt>
      <trkpt lat="46.354657" lon="6.211707">
        <ele>380.2</ele>
        <time>2026-10-09T06:13:26Z</time>
      </trkpt>
      <trkpt lat="46.354588" lon="6.211644">
        <ele>380.1</ele>
        <time>2026-10-09T06:13:27Z</time>
      </trkpt>
      <trkpt lat="46.354521" lon="6.211577">
        <ele>380.1</ele>
        <time>2026-10-09T06:13:28Z</time>
      </trkpt>
      <trkpt lat="46.354453" lon="6.211511">
        <ele>380.1</ele>
        <time>2026-10-09T06:13:29Z</time>
      </trkpt>
      <trkpt lat="46.354386" lon="6.211451">
        <ele>380.1</ele>
        <time>2026-10-09T06:13:30Z</time>
      </trkpt>
      <trkpt lat="46.35432" lon="6.211385">
        <ele>380.1</ele>
        <time>2026-10-09T06:13:31Z</time>
      </trkpt>
      <trkpt lat="46.354252" lon="6.211329">
        <ele>380.1</ele>
        <time>2026-10-09T06:13:32Z</time>
      </trkpt>
      <trkpt lat="46.354184" lon="6.211267">
        <ele>380.2</ele>
        <time>2026-10-09T06:13:33Z</time>
      </trkpt>
      <trkpt lat="46.354121" lon="6.211205">
        <ele>380.2</ele>
        <time>2026-10-09T06:13:34Z</time>
      </trkpt>
      <trkpt lat="46.354054" lon="6.211142">
        <ele>380.2</ele>
        <time>2026-10-09T06:13:35Z</time>
      </trkpt>
      <trkpt lat="46.353988" lon="6.211084">
        <ele>380.2</ele>
        <time>2026-10-09T06:13:36Z</time>
      </trkpt>
      <trkpt lat="46.353923" lon="6.211018">
        <ele>380.2</ele>
        <time>2026-10-09T06:13:37Z</time>
      </trkpt>
      <trkpt lat="46.353861" lon="6.210953">
        <ele>380.2</ele>
        <time>2026-10-09T06:13:38Z</time>
      </trkpt>
      <trkpt lat="46.353799" lon="6.210882">
        <ele>380.2</ele>
        <time>2026-10-09T06:13:39Z</time>
      </trkpt>
      <trkpt lat="46.353735" lon="6.210813">
        <ele>380.2</ele>
        <time>2026-10-09T06:13:40Z</time>
      </trkpt>
      <trkpt lat="46.353669" lon="6.210756">
        <ele>380.3</ele>
        <time>2026-10-09T06:13:41Z</time>
      </trkpt>
      <trkpt lat="46.353604" lon="6.210701">
        <ele>380.3</ele>
        <time>2026-10-09T06:13:42Z</time>
      </trkpt>
      <trkpt lat="46.353538" lon="6.210649">
        <ele>380.3</ele>
        <time>2026-10-09T06:13:43Z</time>
      </trkpt>
      <trkpt lat="46.353479" lon="6.210586">
        <ele>380.3</ele>
        <time>2026-10-09T06:13:44Z</time>
      </trkpt>
      <trkpt lat="46.353419" lon="6.210521">
        <ele>380.3</ele>
        <time>2026-10-09T06:13:45Z</time>
      </trkpt>
      <trkpt lat="46.353354" lon="6.210458">
        <ele>380.2</ele>
        <time>2026-10-09T06:13:46Z</time>
      </trkpt>
      <trkpt lat="46.353293" lon="6.210392">
        <ele>380.2</ele>
        <time>2026-10-09T06:13:47Z</time>
      </trkpt>
      <trkpt lat="46.353226" lon="6.210342">
        <ele>380.2</ele>
        <time>2026-10-09T06:13:48Z</time>
      </trkpt>
      <trkpt lat="46.353163" lon="6.21028">
        <ele>380.2</ele>
        <time>2026-10-09T06:13:49Z</time>
      </trkpt>
      <trkpt lat="46.353098" lon="6.210221">
        <ele>380.2</ele>
        <time>2026-10-09T06:13:50Z</time>
      </trkpt>
      <trkpt lat="46.353034" lon="6.210162">
        <ele>380.1</ele>
        <time>2026-10-09T06:13:51Z</time>
      </trkpt>
      <trkpt lat="46.352973" lon="6.210106">
        <ele>380.2</ele>
        <time>2026-10-09T06:13:52Z</time>
      </trkpt>
      <trkpt lat="46.35291" lon="6.21004">
        <ele>380.2</ele>
        <time>2026-10-09T06:13:53Z</time>
      </trkpt>
      <trkpt lat="46.352846" lon="6.209976">
        <ele>380.2</ele>
        <time>2026-10-09T06:13:54Z</time>
      </trkpt>
      <trkpt lat="46.35278" lon="6.209915">
        <ele>380.2</ele>
        <time>2026-10-09T06:13:55Z</time>
      </trkpt>
      <trkpt lat="46.352716" lon="6.209857">
        <ele>380.2</ele>
        <time>2026-10-09T06:13:56Z</time>
      </trkpt>
      <trkpt lat="46.352653" lon="6.209798">
        <ele>380.2</ele>
        <time>2026-10-09T06:13:57Z</time>
      </trkpt>
      <trkpt lat="46.352588" lon="6.209736">
        <ele>380.2</ele>
        <time>2026-10-09T06:13:58Z</time>
      </trkpt>
      <trkpt lat="46.352526" lon="6.209678">
        <ele>380.2</ele>
        <time>2026-10-09T06:13:59Z</time>
      </trkpt>
      <trkpt lat="46.352462" lon="6.209618">
        <ele>380.2</ele>
        <time>2026-10-09T06:14:00Z</time>
      </trkpt>
      <trkpt lat="46.352398" lon="6.209558">
        <ele>380.2</ele>
        <time>2026-10-09T06:14:01Z</time>
      </trkpt>
      <trkpt lat="46.352339" lon="6.209495">
        <ele>380.2</ele>
        <time>2026-10-09T06:14:02Z</time>
      </trkpt>
      <trkpt lat="46.352279" lon="6.209438">
        <ele>380.2</ele>
        <time>2026-10-09T06:14:03Z</time>
      </trkpt>
      <trkpt lat="46.352217" lon="6.209376">
        <ele>380.3</ele>
        <time>2026-10-09T06:14:04Z</time>
      </trkpt>
      <trkpt lat="46.352153" lon="6.209319">
        <ele>380.3</ele>
        <time>2026-10-09T06:14:05Z</time>
      </trkpt>
      <trkpt lat="46.352089" lon="6.209264">
        <ele>380.3</ele>
        <time>2026-10-09T06:14:06Z</time>
      </trkpt>
      <trkpt lat="46.352028" lon="6.209206">
        <ele>380.3</ele>
        <time>2026-10-09T06:14:07Z</time>
      </trkpt>
      <trkpt lat="46.351966" lon="6.209145">
        <ele>380.3</ele>
        <time>2026-10-09T06:14:08Z</time>
      </trkpt>
      <trkpt lat="46.351905" lon="6.209086">
        <ele>380.4</ele>
        <time>2026-10-09T06:14:09Z</time>
      </trkpt>
      <trkpt lat="46.351843" lon="6.20903">
        <ele>380.4</ele>
        <time>2026-10-09T06:14:10Z</time>
      </trkpt>
      <trkpt lat="46.351781" lon="6.208972">
        <ele>380.4</ele>
        <time>2026-10-09T06:14:11Z</time>
      </trkpt>
      <trkpt lat="46.35172" lon="6.208915">
        <ele>380.4</ele>
        <time>2026-10-09T06:14:12Z</time>
      </trkpt>
      <trkpt lat="46.351658" lon="6.208859">
        <ele>380.4</ele>
        <time>2026-10-09T06:14:13Z</time>
      </trkpt>
      <trkpt lat="46.351597" lon="6.2088">
        <ele>380.5</ele>
        <time>2026-10-09T06:14:14Z</time>
      </trkpt>
      <trkpt lat="46.351535" lon="6.208743">
        <ele>380.5</ele>
        <time>2026-10-09T06:14:15Z</time>
      </trkpt>
      <trkpt lat="46.351471" lon="6.208688">
        <ele>380.5</ele>
        <time>2026-10-09T06:14:16Z</time>
      </trkpt>
      <trkpt lat="46.351405" lon="6.208635">
        <ele>380.5</ele>
        <time>2026-10-09T06:14:17Z</time>
      </trkpt>
      <trkpt lat="46.351342" lon="6.208579">
        <ele>380.6</ele>
        <time>2026-10-09T06:14:18Z</time>
      </trkpt>
      <trkpt lat="46.35128" lon="6.208523">
        <ele>380.6</ele>
        <time>2026-10-09T06:14:19Z</time>
      </trkpt>
      <trkpt lat="46.351217" lon="6.20847">
        <ele>380.6</ele>
        <time>2026-10-09T06:14:20Z</time>
      </trkpt>
      <trkpt lat="46.351153" lon="6.208416">
        <ele>380.7</ele>
        <time>2026-10-09T06:14:21Z</time>
      </trkpt>
      <trkpt lat="46.351089" lon="6.208359">
        <ele>380.7</ele>
        <time>2026-10-09T06:14:22Z</time>
      </trkpt>
      <trkpt lat="46.351025" lon="6.208305">
        <ele>380.7</ele>
        <time>2026-10-09T06:14:23Z</time>
      </trkpt>
      <trkpt lat="46.350962" lon="6.20825">
        <ele>380.7</ele>
        <time>2026-10-09T06:14:24Z</time>
      </trkpt>
      <trkpt lat="46.350899" lon="6.208194">
        <ele>380.7</ele>
        <time>2026-10-09T06:14:25Z</time>
      </trkpt>
      <trkpt lat="46.350833" lon="6.208142">
        <ele>380.7</ele>
        <time>2026-10-09T06:14:26Z</time>
      </trkpt>
      <trkpt lat="46.350766" lon="6.208094">
        <ele>380.7</ele>
        <time>2026-10-09T06:14:27Z</time>
      </trkpt>
      <trkpt lat="46.3507" lon="6.208044">
        <ele>380.7</ele>
        <time>2026-10-09T06:14:28Z</time>
      </trkpt>
      <trkpt lat="46.350633" lon="6.207993">
        <ele>380.7</ele>
        <time>2026-10-09T06:14:29Z</time>
      </trkpt>
      <trkpt lat="46.350566" lon="6.207941">
        <ele>380.7</ele>
        <time>2026-10-09T06:14:30Z</time>
      </trkpt>
      <trkpt lat="46.350498" lon="6.207894">
        <ele>380.7</ele>
        <time>2026-10-09T06:14:31Z</time>
      </trkpt>
      <trkpt lat="46.35043" lon="6.207841">
        <ele>380.7</ele>
        <time>2026-10-09T06:14:32Z</time>
      </trkpt>
      <trkpt lat="46.350359" lon="6.207793">
        <ele>380.6</ele>
        <time>2026-10-09T06:14:33Z</time>
      </trkpt>
      <trkpt lat="46.350288" lon="6.20775">
        <ele>380.6</ele>
        <time>2026-10-09T06:14:34Z</time>
      </trkpt>
      <trkpt lat="46.350217" lon="6.207707">
        <ele>380.5</ele>
        <time>2026-10-09T06:14:35Z</time>
      </trkpt>
      <trkpt lat="46.35015" lon="6.207658">
        <ele>380.5</ele>
        <time>2026-10-09T06:14:36Z</time>
      </trkpt>
      <trkpt lat="46.350079" lon="6.207615">
        <ele>380.5</ele>
        <time>2026-10-09T06:14:37Z</time>
      </trkpt>
      <trkpt lat="46.35001" lon="6.207571">
        <ele>380.4</ele>
        <time>2026-10-09T06:14:38Z</time>
      </trkpt>
      <trkpt lat="46.349939" lon="6.207522">
        <ele>380.4</ele>
        <time>2026-10-09T06:14:39Z</time>
      </trkpt>
      <trkpt lat="46.34987" lon="6.20748">
        <ele>380.3</ele>
        <time>2026-10-09T06:14:40Z</time>
      </trkpt>
      <trkpt lat="46.349796" lon="6.207442">
        <ele>380.3</ele>
        <time>2026-10-09T06:14:41Z</time>
      </trkpt>
      <trkpt lat="46.349722" lon="6.207406">
        <ele>380.3</ele>
        <time>2026-10-09T06:14:42Z</time>
      </trkpt>
      <trkpt lat="46.349649" lon="6.207367">
        <ele>380.2</ele>
        <time>2026-10-09T06:14:43Z</time>
      </trkpt>
      <trkpt lat="46.349576" lon="6.207325">
        <ele>380.1</ele>
        <time>2026-10-09T06:14:44Z</time>
      </trkpt>
      <trkpt lat="46.349504" lon="6.207287">
        <ele>380.1</ele>
        <time>2026-10-09T06:14:45Z</time>
      </trkpt>
      <trkpt lat="46.349431" lon="6.207247">
        <ele>380.0</ele>
        <time>2026-10-09T06:14:46Z</time>
      </trkpt>
      <trkpt lat="46.349356" lon="6.207211">
        <ele>379.9</ele>
        <time>2026-10-09T06:14:47Z</time>
      </trkpt>
      <trkpt lat="46.34928" lon="6.207174">
        <ele>379.8</ele>
        <time>2026-10-09T06:14:48Z</time>
      </trkpt>
      <trkpt lat="46.349204" lon="6.207142">
        <ele>379.8</ele>
        <time>2026-10-09T06:14:49Z</time>
      </trkpt>
      <trkpt lat="46.349127" lon="6.207104">
        <ele>379.7</ele>
        <time>2026-10-09T06:14:50Z</time>
      </trkpt>
      <trkpt lat="46.349051" lon="6.207066">
        <ele>379.6</ele>
        <time>2026-10-09T06:14:51Z</time>
      </trkpt>
      <trkpt lat="46.348974" lon="6.207035">
        <ele>379.6</ele>
        <time>2026-10-09T06:14:52Z</time>
      </trkpt>
      <trkpt lat="46.348896" lon="6.207004">
        <ele>379.5</ele>
        <time>2026-10-09T06:14:53Z</time>
      </trkpt>
      <trkpt lat="46.348816" lon="6.20697">
        <ele>379.5</ele>
        <time>2026-10-09T06:14:54Z</time>
      </trkpt>
      <trkpt lat="46.34874" lon="6.20694">
        <ele>379.4</ele>
        <time>2026-10-09T06:14:55Z</time>
      </trkpt>
      <trkpt lat="46.348663" lon="6.206909">
        <ele>379.4</ele>
        <time>2026-10-09T06:14:56Z</time>
      </trkpt>
      <trkpt lat="46.348584" lon="6.206884">
        <ele>379.3</ele>
        <time>2026-10-09T06:14:57Z</time>
      </trkpt>
      <trkpt lat="46.348506" lon="6.206854">
        <ele>379.2</ele>
        <time>2026-10-09T06:14:58Z</time>
      </trkpt>
      <trkpt lat="46.348428" lon="6.206824">
        <ele>379.2</ele>
        <time>2026-10-09T06:14:59Z</time>
      </trkpt>
      <trkpt lat="46.34835" lon="6.206798">
        <ele>379.1</ele>
        <time>2026-10-09T06:15:00Z</time>
      </trkpt>
      <trkpt lat="46.348272" lon="6.206775">
        <ele>379.1</ele>
        <time>2026-10-09T06:15:01Z</time>
      </trkpt>
      <trkpt lat="46.348194" lon="6.206753">
        <ele>379.0</ele>
        <time>2026-10-09T06:15:02Z</time>
      </trkpt>
      <trkpt lat="46.348116" lon="6.206729">
        <ele>379.0</ele>
        <time>2026-10-09T06:15:03Z</time>
      </trkpt>
      <trkpt lat="46.348037" lon="6.206706">
        <ele>378.9</ele>
        <time>2026-10-09T06:15:04Z</time>
      </trkpt>
      <trkpt lat="46.347958" lon="6.206683">
        <ele>378.9</ele>
        <time>2026-10-09T06:15:05Z</time>
      </trkpt>
      <trkpt lat="46.34788" lon="6.206663">
        <ele>378.9</ele>
        <time>2026-10-09T06:15:06Z</time>
      </trkpt>
      <trkpt lat="46.347801" lon="6.206639">
        <ele>378.9</ele>
        <time>2026-10-09T06:15:07Z</time>
      </trkpt>
      <trkpt lat="46.347721" lon="6.206614">
        <ele>378.9</ele>
        <time>2026-10-09T06:15:08Z</time>
      </trkpt>
      <trkpt lat="46.347643" lon="6.206596">
        <ele>378.8</ele>
        <time>2026-10-09T06:15:09Z</time>
      </trkpt>
      <trkpt lat="46.347563" lon="6.206576">
        <ele>378.8</ele>
        <time>2026-10-09T06:15:10Z</time>
      </trkpt>
      <trkpt lat="46.347484" lon="6.206555">
        <ele>378.7</ele>
        <time>2026-10-09T06:15:11Z</time>
      </trkpt>
      <trkpt lat="46.347405" lon="6.206536">
        <ele>378.6</ele>
        <time>2026-10-09T06:15:12Z</time>
      </trkpt>
      <trkpt lat="46.347325" lon="6.206524">
        <ele>378.6</ele>
        <time>2026-10-09T06:15:13Z</time>
      </trkpt>
      <trkpt lat="46.347246" lon="6.20651">
        <ele>378.5</ele>
        <time>2026-10-09T06:15:14Z</time>
      </trkpt>
      <trkpt lat="46.347167" lon="6.206491">
        <ele>378.5</ele>
        <time>2026-10-09T06:15:15Z</time>
      </trkpt>
      <trkpt lat="46.347088" lon="6.206479">
        <ele>378.5</ele>
        <time>2026-10-09T06:15:16Z</time>
      </trkpt>
      <trkpt lat="46.347007" lon="6.206464">
        <ele>378.4</ele>
        <time>2026-10-09T06:15:17Z</time>
      </trkpt>
      <trkpt lat="46.346929" lon="6.206444">
        <ele>378.4</ele>
        <time>2026-10-09T06:15:18Z</time>
      </trkpt>
      <trkpt lat="46.34685" lon="6.206423">
        <ele>378.3</ele>
        <time>2026-10-09T06:15:19Z</time>
      </trkpt>
      <trkpt lat="46.346769" lon="6.206408">
        <ele>378.3</ele>
        <time>2026-10-09T06:15:20Z</time>
      </trkpt>
      <trkpt lat="46.346688" lon="6.206389">
        <ele>378.3</ele>
        <time>2026-10-09T06:15:21Z</time>
      </trkpt>
      <trkpt lat="46.346609" lon="6.206365">
        <ele>378.2</ele>
        <time>2026-10-09T06:15:22Z</time>
      </trkpt>
      <trkpt lat="46.34653" lon="6.206341">
        <ele>378.2</ele>
        <time>2026-10-09T06:15:23Z</time>
      </trkpt>
      <trkpt lat="46.34645" lon="6.206324">
        <ele>378.2</ele>
        <time>2026-10-09T06:15:24Z</time>
      </trkpt>
      <trkpt lat="46.346369" lon="6.206309">
        <ele>378.2</ele>
        <time>2026-10-09T06:15:25Z</time>
      </trkpt>
      <trkpt lat="46.346288" lon="6.206296">
        <ele>378.1</ele>
        <time>2026-10-09T06:15:26Z</time>
      </trkpt>
      <trkpt lat="46.346208" lon="6.206278">
        <ele>378.1</ele>
        <time>2026-10-09T06:15:27Z</time>
      </trkpt>
      <trkpt lat="46.346127" lon="6.206265">
        <ele>378.1</ele>
        <time>2026-10-09T06:15:28Z</time>
      </trkpt>
      <trkpt lat="46.346047" lon="6.206251">
        <ele>378.1</ele>
        <time>2026-10-09T06:15:29Z</time>
      </trkpt>
      <trkpt lat="46.345969" lon="6.206231">
        <ele>378.1</ele>
        <time>2026-10-09T06:15:30Z</time>
      </trkpt>
      <trkpt lat="46.34589" lon="6.206211">
        <ele>378.0</ele>
        <time>2026-10-09T06:15:31Z</time>
      </trkpt>
      <trkpt lat="46.345812" lon="6.206191">
        <ele>378.0</ele>
        <time>2026-10-09T06:15:32Z</time>
      </trkpt>
      <trkpt lat="46.345735" lon="6.206168">
        <ele>378.0</ele>
        <time>2026-10-09T06:15:33Z</time>
      </trkpt>
      <trkpt lat="46.345656" lon="6.206153">
        <ele>378.0</ele>
        <time>2026-10-09T06:15:34Z</time>
      </trkpt>
      <trkpt lat="46.345576" lon="6.206137">
        <ele>378.0</ele>
        <time>2026-10-09T06:15:35Z</time>
      </trkpt>
      <trkpt lat="46.345498" lon="6.206123">
        <ele>378.0</ele>
        <time>2026-10-09T06:15:36Z</time>
      </trkpt>
      <trkpt lat="46.34542" lon="6.206103">
        <ele>378.0</ele>
        <time>2026-10-09T06:15:37Z</time>
      </trkpt>
      <trkpt lat="46.345342" lon="6.206087">
        <ele>378.1</ele>
        <time>2026-10-09T06:15:38Z</time>
      </trkpt>
      <trkpt lat="46.345265" lon="6.20607">
        <ele>378.1</ele>
        <time>2026-10-09T06:15:39Z</time>
      </trkpt>
      <trkpt lat="46.345187" lon="6.206058">
        <ele>378.1</ele>
        <time>2026-10-09T06:15:40Z</time>
      </trkpt>
      <trkpt lat="46.345111" lon="6.206046">
        <ele>378.1</ele>
        <time>2026-10-09T06:15:41Z</time>
      </trkpt>
      <trkpt lat="46.345035" lon="6.206031">
        <ele>378.1</ele>
        <time>2026-10-09T06:15:42Z</time>
      </trkpt>
      <trkpt lat="46.34496" lon="6.206008">
        <ele>378.1</ele>
        <time>2026-10-09T06:15:43Z</time>
      </trkpt>
      <trkpt lat="46.344887" lon="6.205986">
        <ele>378.2</ele>
        <time>2026-10-09T06:15:44Z</time>
      </trkpt>
      <trkpt lat="46.344811" lon="6.205973">
        <ele>378.2</ele>
        <time>2026-10-09T06:15:45Z</time>
      </trkpt>
      <trkpt lat="46.344737" lon="6.205963">
        <ele>378.2</ele>
        <time>2026-10-09T06:15:46Z</time>
      </trkpt>
      <trkpt lat="46.344664" lon="6.205948">
        <ele>378.2</ele>
        <time>2026-10-09T06:15:47Z</time>
      </trkpt>
      <trkpt lat="46.34459" lon="6.205929">
        <ele>378.2</ele>
        <time>2026-10-09T06:15:48Z</time>
      </trkpt>
      <trkpt lat="46.344518" lon="6.205912">
        <ele>378.3</ele>
        <time>2026-10-09T06:15:49Z</time>
      </trkpt>
      <trkpt lat="46.344446" lon="6.205892">
        <ele>378.3</ele>
        <time>2026-10-09T06:15:50Z</time>
      </trkpt>
      <trkpt lat="46.344374" lon="6.205873">
        <ele>378.3</ele>
        <time>2026-10-09T06:15:51Z</time>
      </trkpt>
      <trkpt lat="46.344304" lon="6.205852">
        <ele>378.3</ele>
        <time>2026-10-09T06:15:52Z</time>
      </trkpt>
      <trkpt lat="46.344234" lon="6.205835">
        <ele>378.4</ele>
        <time>2026-10-09T06:15:53Z</time>
      </trkpt>
      <trkpt lat="46.344164" lon="6.205816">
        <ele>378.4</ele>
        <time>2026-10-09T06:15:54Z</time>
      </trkpt>
      <trkpt lat="46.344093" lon="6.205796">
        <ele>378.5</ele>
        <time>2026-10-09T06:15:55Z</time>
      </trkpt>
      <trkpt lat="46.344024" lon="6.205784">
        <ele>378.6</ele>
        <time>2026-10-09T06:15:56Z</time>
      </trkpt>
      <trkpt lat="46.343952" lon="6.20577">
        <ele>378.6</ele>
        <time>2026-10-09T06:15:57Z</time>
      </trkpt>
      <trkpt lat="46.343881" lon="6.205751">
        <ele>378.7</ele>
        <time>2026-10-09T06:15:58Z</time>
      </trkpt>
      <trkpt lat="46.34381" lon="6.205739">
        <ele>378.7</ele>
        <time>2026-10-09T06:15:59Z</time>
      </trkpt>
      <trkpt lat="46.34374" lon="6.205723">
        <ele>378.7</ele>
        <time>2026-10-09T06:16:00Z</time>
      </trkpt>
      <trkpt lat="46.343669" lon="6.205702">
        <ele>378.8</ele>
        <time>2026-10-09T06:16:01Z</time>
      </trkpt>
      <trkpt lat="46.343598" lon="6.205677">
        <ele>378.8</ele>
        <time>2026-10-09T06:16:02Z</time>
      </trkpt>
      <trkpt lat="46.343528" lon="6.205649">
        <ele>378.8</ele>
        <time>2026-10-09T06:16:03Z</time>
      </trkpt>
      <trkpt lat="46.343456" lon="6.205632">
        <ele>378.9</ele>
        <time>2026-10-09T06:16:04Z</time>
      </trkpt>
      <trkpt lat="46.343384" lon="6.205614">
        <ele>379.0</ele>
        <time>2026-10-09T06:16:05Z</time>
      </trkpt>
      <trkpt lat="46.343314" lon="6.205595">
        <ele>379.0</ele>
        <time>2026-10-09T06:16:06Z</time>
      </trkpt>
      <trkpt lat="46.343242" lon="6.205582">
        <ele>379.1</ele>
        <time>2026-10-09T06:16:07Z</time>
      </trkpt>
      <trkpt lat="46.34317" lon="6.205565">
        <ele>379.1</ele>
        <time>2026-10-09T06:16:08Z</time>
      </trkpt>
      <trkpt lat="46.343097" lon="6.205548">
        <ele>379.1</ele>
        <time>2026-10-09T06:16:09Z</time>
      </trkpt>
      <trkpt lat="46.343024" lon="6.205528">
        <ele>379.2</ele>
        <time>2026-10-09T06:16:10Z</time>
      </trkpt>
      <trkpt lat="46.342952" lon="6.205515">
        <ele>379.2</ele>
        <time>2026-10-09T06:16:11Z</time>
      </trkpt>
      <trkpt lat="46.342881" lon="6.205498">
        <ele>379.3</ele>
        <time>2026-10-09T06:16:12Z</time>
      </trkpt>
      <trkpt lat="46.342809" lon="6.205485">
        <ele>379.3</ele>
        <time>2026-10-09T06:16:13Z</time>
      </trkpt>
      <trkpt lat="46.342737" lon="6.205463">
        <ele>379.4</ele>
        <time>2026-10-09T06:16:14Z</time>
      </trkpt>
      <trkpt lat="46.342667" lon="6.20544">
        <ele>379.4</ele>
        <time>2026-10-09T06:16:15Z</time>
      </trkpt>
      <trkpt lat="46.342594" lon="6.205426">
        <ele>379.5</ele>
        <time>2026-10-09T06:16:16Z</time>
      </trkpt>
      <trkpt lat="46.342521" lon="6.205411">
        <ele>379.5</ele>
        <time>2026-10-09T06:16:17Z</time>
      </trkpt>
      <trkpt lat="46.342449" lon="6.205393">
        <ele>379.6</ele>
        <time>2026-10-09T06:16:18Z</time>
      </trkpt>
      <trkpt lat="46.342377" lon="6.205375">
        <ele>379.6</ele>
        <time>2026-10-09T06:16:19Z</time>
      </trkpt>
      <trkpt lat="46.342306" lon="6.205354">
        <ele>379.6</ele>
        <time>2026-10-09T06:16:20Z</time>
      </trkpt>
      <trkpt lat="46.342236" lon="6.205334">
        <ele>379.7</ele>
        <time>2026-10-09T06:16:21Z</time>
      </trkpt>
      <trkpt lat="46.342165" lon="6.205317">
        <ele>379.7</ele>
        <time>2026-10-09T06:16:22Z</time>
      </trkpt>
      <trkpt lat="46.342094" lon="6.2053">
        <ele>379.7</ele>
        <time>2026-10-09T06:16:23Z</time>
      </trkpt>
      <trkpt lat="46.342025" lon="6.205285">
        <ele>379.7</ele>
        <time>2026-10-09T06:16:24Z</time>
      </trkpt>
      <trkpt lat="46.341956" lon="6.205265">
        <ele>379.7</ele>
        <time>2026-10-09T06:16:25Z</time>
      </trkpt>
      <trkpt lat="46.341887" lon="6.205243">
        <ele>379.8</ele>
        <time>2026-10-09T06:16:26Z</time>
      </trkpt>
      <trkpt lat="46.341817" lon="6.205221">
        <ele>379.8</ele>
        <time>2026-10-09T06:16:27Z</time>
      </trkpt>
      <trkpt lat="46.341747" lon="6.205198">
        <ele>379.8</ele>
        <time>2026-10-09T06:16:28Z</time>
      </trkpt>
      <trkpt lat="46.341676" lon="6.205183">
        <ele>379.8</ele>
        <time>2026-10-09T06:16:29Z</time>
      </trkpt>
      <trkpt lat="46.341607" lon="6.205166">
        <ele>379.8</ele>
        <time>2026-10-09T06:16:30Z</time>
      </trkpt>
      <trkpt lat="46.341538" lon="6.205142">
        <ele>379.9</ele>
        <time>2026-10-09T06:16:31Z</time>
      </trkpt>
      <trkpt lat="46.34147" lon="6.205117">
        <ele>379.9</ele>
        <time>2026-10-09T06:16:32Z</time>
      </trkpt>
      <trkpt lat="46.341401" lon="6.20509">
        <ele>379.9</ele>
        <time>2026-10-09T06:16:33Z</time>
      </trkpt>
      <trkpt lat="46.341333" lon="6.205064">
        <ele>380.0</ele>
        <time>2026-10-09T06:16:34Z</time>
      </trkpt>
      <trkpt lat="46.341264" lon="6.205039">
        <ele>380.0</ele>
        <time>2026-10-09T06:16:35Z</time>
      </trkpt>
      <trkpt lat="46.341195" lon="6.205012">
        <ele>380.1</ele>
        <time>2026-10-09T06:16:36Z</time>
      </trkpt>
      <trkpt lat="46.341128" lon="6.204987">
        <ele>380.1</ele>
        <time>2026-10-09T06:16:37Z</time>
      </trkpt>
      <trkpt lat="46.341059" lon="6.204959">
        <ele>380.2</ele>
        <time>2026-10-09T06:16:38Z</time>
      </trkpt>
      <trkpt lat="46.340992" lon="6.204933">
        <ele>380.2</ele>
        <time>2026-10-09T06:16:39Z</time>
      </trkpt>
      <trkpt lat="46.340924" lon="6.204902">
        <ele>380.3</ele>
        <time>2026-10-09T06:16:40Z</time>
      </trkpt>
      <trkpt lat="46.340859" lon="6.204874">
        <ele>380.3</ele>
        <time>2026-10-09T06:16:41Z</time>
      </trkpt>
      <trkpt lat="46.340792" lon="6.204848">
        <ele>380.4</ele>
        <time>2026-10-09T06:16:42Z</time>
      </trkpt>
      <trkpt lat="46.340726" lon="6.20482">
        <ele>380.4</ele>
        <time>2026-10-09T06:16:43Z</time>
      </trkpt>
      <trkpt lat="46.340659" lon="6.204791">
        <ele>380.5</ele>
        <time>2026-10-09T06:16:44Z</time>
      </trkpt>
      <trkpt lat="46.340593" lon="6.204759">
        <ele>380.5</ele>
        <time>2026-10-09T06:16:45Z</time>
      </trkpt>
      <trkpt lat="46.340528" lon="6.204733">
        <ele>380.6</ele>
        <time>2026-10-09T06:16:46Z</time>
      </trkpt>
      <trkpt lat="46.340462" lon="6.204712">
        <ele>380.7</ele>
        <time>2026-10-09T06:16:47Z</time>
      </trkpt>
      <trkpt lat="46.340393" lon="6.204697">
        <ele>380.7</ele>
        <time>2026-10-09T06:16:48Z</time>
      </trkpt>
      <trkpt lat="46.34033" lon="6.204672">
        <ele>380.8</ele>
        <time>2026-10-09T06:16:49Z</time>
      </trkpt>
      <trkpt lat="46.340266" lon="6.204642">
        <ele>380.8</ele>
        <time>2026-10-09T06:16:50Z</time>
      </trkpt>
      <trkpt lat="46.340201" lon="6.204603">
        <ele>380.8</ele>
        <time>2026-10-09T06:16:51Z</time>
      </trkpt>
      <trkpt lat="46.340138" lon="6.204574">
        <ele>380.7</ele>
        <time>2026-10-09T06:16:52Z</time>
      </trkpt>
      <trkpt lat="46.340078" lon="6.204547">
        <ele>380.8</ele>
        <time>2026-10-09T06:16:53Z</time>
      </trkpt>
      <trkpt lat="46.340013" lon="6.204507">
        <ele>380.8</ele>
        <time>2026-10-09T06:16:54Z</time>
      </trkpt>
      <trkpt lat="46.339947" lon="6.204481">
        <ele>380.8</ele>
        <time>2026-10-09T06:16:55Z</time>
      </trkpt>
      <trkpt lat="46.339885" lon="6.204446">
        <ele>380.8</ele>
        <time>2026-10-09T06:16:56Z</time>
      </trkpt>
      <trkpt lat="46.339823" lon="6.204405">
        <ele>380.8</ele>
        <time>2026-10-09T06:16:57Z</time>
      </trkpt>
      <trkpt lat="46.339762" lon="6.204371">
        <ele>380.9</ele>
        <time>2026-10-09T06:16:58Z</time>
      </trkpt>
      <trkpt lat="46.339701" lon="6.204329">
        <ele>380.9</ele>
        <time>2026-10-09T06:16:59Z</time>
      </trkpt>
      <trkpt lat="46.339644" lon="6.204274">
        <ele>380.9</ele>
        <time>2026-10-09T06:17:00Z</time>
      </trkpt>
      <trkpt lat="46.339586" lon="6.204224">
        <ele>381.0</ele>
        <time>2026-10-09T06:17:01Z</time>
      </trkpt>
      <trkpt lat="46.339525" lon="6.204178">
        <ele>381.0</ele>
        <time>2026-10-09T06:17:02Z</time>
      </trkpt>
      <trkpt lat="46.339464" lon="6.204139">
        <ele>381.0</ele>
        <time>2026-10-09T06:17:03Z</time>
      </trkpt>
      <trkpt lat="46.339404" lon="6.204091">
        <ele>381.1</ele>
        <time>2026-10-09T06:17:04Z</time>
      </trkpt>
      <trkpt lat="46.339345" lon="6.204049">
        <ele>381.1</ele>
        <time>2026-10-09T06:17:05Z</time>
      </trkpt>
      <trkpt lat="46.339285" lon="6.204002">
        <ele>381.1</ele>
        <time>2026-10-09T06:17:06Z</time>
      </trkpt>
      <trkpt lat="46.339225" lon="6.203954">
        <ele>381.1</ele>
        <time>2026-10-09T06:17:07Z</time>
      </trkpt>
      <trkpt lat="46.339166" lon="6.203907">
        <ele>381.1</ele>
        <time>2026-10-09T06:17:08Z</time>
      </trkpt>
      <trkpt lat="46.339105" lon="6.203867">
        <ele>381.1</ele>
        <time>2026-10-09T06:17:09Z</time>
      </trkpt>
      <trkpt lat="46.339045" lon="6.203817">
        <ele>381.1</ele>
        <time>2026-10-09T06:17:10Z</time>
      </trkpt>
      <trkpt lat="46.338984" lon="6.203776">
        <ele>381.1</ele>
        <time>2026-10-09T06:17:11Z</time>
      </trkpt>
      <trkpt lat="46.338921" lon="6.203736">
        <ele>381.0</ele>
        <time>2026-10-09T06:17:12Z</time>
      </trkpt>
      <trkpt lat="46.338857" lon="6.203693">
        <ele>381.0</ele>
        <time>2026-10-09T06:17:13Z</time>
      </trkpt>
      <trkpt lat="46.338792" lon="6.203645">
        <ele>381.0</ele>
        <time>2026-10-09T06:17:14Z</time>
      </trkpt>
      <trkpt lat="46.338725" lon="6.203604">
        <ele>380.9</ele>
        <time>2026-10-09T06:17:15Z</time>
      </trkpt>
      <trkpt lat="46.338657" lon="6.20356">
        <ele>380.9</ele>
        <time>2026-10-09T06:17:16Z</time>
      </trkpt>
      <trkpt lat="46.338589" lon="6.203521">
        <ele>380.8</ele>
        <time>2026-10-09T06:17:17Z</time>
      </trkpt>
      <trkpt lat="46.338521" lon="6.203475">
        <ele>380.7</ele>
        <time>2026-10-09T06:17:18Z</time>
      </trkpt>
      <trkpt lat="46.33845" lon="6.203439">
        <ele>380.6</ele>
        <time>2026-10-09T06:17:19Z</time>
      </trkpt>
      <trkpt lat="46.338379" lon="6.203397">
        <ele>380.5</ele>
        <time>2026-10-09T06:17:20Z</time>
      </trkpt>
      <trkpt lat="46.338309" lon="6.203353">
        <ele>380.3</ele>
        <time>2026-10-09T06:17:21Z</time>
      </trkpt>
      <trkpt lat="46.33824" lon="6.203309">
        <ele>380.2</ele>
        <time>2026-10-09T06:17:22Z</time>
      </trkpt>
      <trkpt lat="46.338171" lon="6.203263">
        <ele>380.0</ele>
        <time>2026-10-09T06:17:23Z</time>
      </trkpt>
      <trkpt lat="46.3381" lon="6.20322">
        <ele>379.9</ele>
        <time>2026-10-09T06:17:24Z</time>
      </trkpt>
      <trkpt lat="46.338027" lon="6.20318">
        <ele>379.7</ele>
        <time>2026-10-09T06:17:25Z</time>
      </trkpt>
      <trkpt lat="46.337955" lon="6.20314">
        <ele>379.6</ele>
        <time>2026-10-09T06:17:26Z</time>
      </trkpt>
      <trkpt lat="46.337881" lon="6.203105">
        <ele>379.4</ele>
        <time>2026-10-09T06:17:27Z</time>
      </trkpt>
      <trkpt lat="46.337807" lon="6.203065">
        <ele>379.3</ele>
        <time>2026-10-09T06:17:28Z</time>
      </trkpt>
      <trkpt lat="46.337733" lon="6.203025">
        <ele>379.1</ele>
        <time>2026-10-09T06:17:29Z</time>
      </trkpt>
      <trkpt lat="46.337658" lon="6.20299">
        <ele>378.9</ele>
        <time>2026-10-09T06:17:30Z</time>
      </trkpt>
      <trkpt lat="46.337583" lon="6.202954">
        <ele>378.8</ele>
        <time>2026-10-09T06:17:31Z</time>
      </trkpt>
      <trkpt lat="46.337507" lon="6.20292">
        <ele>378.6</ele>
        <time>2026-10-09T06:17:32Z</time>
      </trkpt>
      <trkpt lat="46.33743" lon="6.20289">
        <ele>378.4</ele>
        <time>2026-10-09T06:17:33Z</time>
      </trkpt>
      <trkpt lat="46.337354" lon="6.202859">
        <ele>378.3</ele>
        <time>2026-10-09T06:17:34Z</time>
      </trkpt>
      <trkpt lat="46.337276" lon="6.202831">
        <ele>378.3</ele>
        <time>2026-10-09T06:17:35Z</time>
      </trkpt>
      <trkpt lat="46.337199" lon="6.202803">
        <ele>378.2</ele>
        <time>2026-10-09T06:17:36Z</time>
      </trkpt>
      <trkpt lat="46.337123" lon="6.202773">
        <ele>378.1</ele>
        <time>2026-10-09T06:17:37Z</time>
      </trkpt>
      <trkpt lat="46.337047" lon="6.202743">
        <ele>378.0</ele>
        <time>2026-10-09T06:17:38Z</time>
      </trkpt>
      <trkpt lat="46.336971" lon="6.202713">
        <ele>377.9</ele>
        <time>2026-10-09T06:17:39Z</time>
      </trkpt>
      <trkpt lat="46.336892" lon="6.202691">
        <ele>377.9</ele>
        <time>2026-10-09T06:17:40Z</time>
      </trkpt>
      <trkpt lat="46.336813" lon="6.202668">
        <ele>377.8</ele>
        <time>2026-10-09T06:17:41Z</time>
      </trkpt>
      <trkpt lat="46.336735" lon="6.202646">
        <ele>377.7</ele>
        <time>2026-10-09T06:17:42Z</time>
      </trkpt>
      <trkpt lat="46.336655" lon="6.202618">
        <ele>377.7</ele>
        <time>2026-10-09T06:17:43Z</time>
      </trkpt>
      <trkpt lat="46.336577" lon="6.202596">
        <ele>377.7</ele>
        <time>2026-10-09T06:17:44Z</time>
      </trkpt>
      <trkpt lat="46.336496" lon="6.202574">
        <ele>377.7</ele>
        <time>2026-10-09T06:17:45Z</time>
      </trkpt>
      <trkpt lat="46.336417" lon="6.202552">
        <ele>377.6</ele>
        <time>2026-10-09T06:17:46Z</time>
      </trkpt>
      <trkpt lat="46.336338" lon="6.20253">
        <ele>377.6</ele>
        <time>2026-10-09T06:17:47Z</time>
      </trkpt>
      <trkpt lat="46.336257" lon="6.202509">
        <ele>377.6</ele>
        <time>2026-10-09T06:17:48Z</time>
      </trkpt>
      <trkpt lat="46.336181" lon="6.202494">
        <ele>377.6</ele>
        <time>2026-10-09T06:17:49Z</time>
      </trkpt>
      <trkpt lat="46.336101" lon="6.202478">
        <ele>377.6</ele>
        <time>2026-10-09T06:17:50Z</time>
      </trkpt>
      <trkpt lat="46.336025" lon="6.202462">
        <ele>377.6</ele>
        <time>2026-10-09T06:17:51Z</time>
      </trkpt>
      <trkpt lat="46.335944" lon="6.202451">
        <ele>377.6</ele>
        <time>2026-10-09T06:17:52Z</time>
      </trkpt>
      <trkpt lat="46.335865" lon="6.20244">
        <ele>377.6</ele>
        <time>2026-10-09T06:17:53Z</time>
      </trkpt>
      <trkpt lat="46.335788" lon="6.20243">
        <ele>377.7</ele>
        <time>2026-10-09T06:17:54Z</time>
      </trkpt>
      <trkpt lat="46.335711" lon="6.202421">
        <ele>377.7</ele>
        <time>2026-10-09T06:17:55Z</time>
      </trkpt>
      <trkpt lat="46.335636" lon="6.202409">
        <ele>377.7</ele>
        <time>2026-10-09T06:17:56Z</time>
      </trkpt>
      <trkpt lat="46.335561" lon="6.202401">
        <ele>377.8</ele>
        <time>2026-10-09T06:17:57Z</time>
      </trkpt>
      <trkpt lat="46.335489" lon="6.202394">
        <ele>377.8</ele>
        <time>2026-10-09T06:17:58Z</time>
      </trkpt>
      <trkpt lat="46.335415" lon="6.202391">
        <ele>377.8</ele>
        <time>2026-10-09T06:17:59Z</time>
      </trkpt>
      <trkpt lat="46.335343" lon="6.202386">
        <ele>377.9</ele>
        <time>2026-10-09T06:18:00Z</time>
      </trkpt>
      <trkpt lat="46.335271" lon="6.202385">
        <ele>377.9</ele>
        <time>2026-10-09T06:18:01Z</time>
      </trkpt>
      <trkpt lat="46.335199" lon="6.202374">
        <ele>377.9</ele>
        <time>2026-10-09T06:18:02Z</time>
      </trkpt>
      <trkpt lat="46.335127" lon="6.202372">
        <ele>377.9</ele>
        <time>2026-10-09T06:18:03Z</time>
      </trkpt>
      <trkpt lat="46.335055" lon="6.202372">
        <ele>378.0</ele>
        <time>2026-10-09T06:18:04Z</time>
      </trkpt>
      <trkpt lat="46.334982" lon="6.202376">
        <ele>378.0</ele>
        <time>2026-10-09T06:18:05Z</time>
      </trkpt>
      <trkpt lat="46.33491" lon="6.202379">
        <ele>378.0</ele>
        <time>2026-10-09T06:18:06Z</time>
      </trkpt>
      <trkpt lat="46.334837" lon="6.20238">
        <ele>378.1</ele>
        <time>2026-10-09T06:18:07Z</time>
      </trkpt>
      <trkpt lat="46.334765" lon="6.202381">
        <ele>378.1</ele>
        <time>2026-10-09T06:18:08Z</time>
      </trkpt>
      <trkpt lat="46.334692" lon="6.202375">
        <ele>378.1</ele>
        <time>2026-10-09T06:18:09Z</time>
      </trkpt>
      <trkpt lat="46.334618" lon="6.202376">
        <ele>378.1</ele>
        <time>2026-10-09T06:18:10Z</time>
      </trkpt>
      <trkpt lat="46.334544" lon="6.202377">
        <ele>378.1</ele>
        <time>2026-10-09T06:18:11Z</time>
      </trkpt>
      <trkpt lat="46.334471" lon="6.202374">
        <ele>378.2</ele>
        <time>2026-10-09T06:18:12Z</time>
      </trkpt>
      <trkpt lat="46.334397" lon="6.202372">
        <ele>378.2</ele>
        <time>2026-10-09T06:18:13Z</time>
      </trkpt>
      <trkpt lat="46.334323" lon="6.202376">
        <ele>378.2</ele>
        <time>2026-10-09T06:18:14Z</time>
      </trkpt>
      <trkpt lat="46.334247" lon="6.202375">
        <ele>378.2</ele>
        <time>2026-10-09T06:18:15Z</time>
      </trkpt>
      <trkpt lat="46.334173" lon="6.202377">
        <ele>378.2</ele>
        <time>2026-10-09T06:18:16Z</time>
      </trkpt>
      <trkpt lat="46.334099" lon="6.202386">
        <ele>378.3</ele>
        <time>2026-10-09T06:18:17Z</time>
      </trkpt>
      <trkpt lat="46.334024" lon="6.202391">
        <ele>378.3</ele>
        <time>2026-10-09T06:18:18Z</time>
      </trkpt>
      <trkpt lat="46.333948" lon="6.202389">
        <ele>378.3</ele>
        <time>2026-10-09T06:18:19Z</time>
      </trkpt>
      <trkpt lat="46.333875" lon="6.202385">
        <ele>378.3</ele>
        <time>2026-10-09T06:18:20Z</time>
      </trkpt>
      <trkpt lat="46.333799" lon="6.202384">
        <ele>378.3</ele>
        <time>2026-10-09T06:18:21Z</time>
      </trkpt>
      <trkpt lat="46.333722" lon="6.202385">
        <ele>378.3</ele>
        <time>2026-10-09T06:18:22Z</time>
      </trkpt>
      <trkpt lat="46.333647" lon="6.202388">
        <ele>378.3</ele>
        <time>2026-10-09T06:18:23Z</time>
      </trkpt>
      <trkpt lat="46.33357" lon="6.202387">
        <ele>378.3</ele>
        <time>2026-10-09T06:18:24Z</time>
      </trkpt>
      <trkpt lat="46.333495" lon="6.202388">
        <ele>378.3</ele>
        <time>2026-10-09T06:18:25Z</time>
      </trkpt>
      <trkpt lat="46.333422" lon="6.202385">
        <ele>378.3</ele>
        <time>2026-10-09T06:18:26Z</time>
      </trkpt>
      <trkpt lat="46.333344" lon="6.202381">
        <ele>378.3</ele>
        <time>2026-10-09T06:18:27Z</time>
      </trkpt>
      <trkpt lat="46.333268" lon="6.202383">
        <ele>378.3</ele>
        <time>2026-10-09T06:18:28Z</time>
      </trkpt>
      <trkpt lat="46.333195" lon="6.202391">
        <ele>378.3</ele>
        <time>2026-10-09T06:18:29Z</time>
      </trkpt>
      <trkpt lat="46.333117" lon="6.202403">
        <ele>378.3</ele>
        <time>2026-10-09T06:18:30Z</time>
      </trkpt>
      <trkpt lat="46.333037" lon="6.202396">
        <ele>378.4</ele>
        <time>2026-10-09T06:18:31Z</time>
      </trkpt>
      <trkpt lat="46.332959" lon="6.202389">
        <ele>378.4</ele>
        <time>2026-10-09T06:18:32Z</time>
      </trkpt>
      <trkpt lat="46.332883" lon="6.202386">
        <ele>378.4</ele>
        <time>2026-10-09T06:18:33Z</time>
      </trkpt>
      <trkpt lat="46.332805" lon="6.202387">
        <ele>378.4</ele>
        <time>2026-10-09T06:18:34Z</time>
      </trkpt>
      <trkpt lat="46.332729" lon="6.202382">
        <ele>378.4</ele>
        <time>2026-10-09T06:18:35Z</time>
      </trkpt>
      <trkpt lat="46.332649" lon="6.202376">
        <ele>378.5</ele>
        <time>2026-10-09T06:18:36Z</time>
      </trkpt>
      <trkpt lat="46.33257" lon="6.202371">
        <ele>378.5</ele>
        <time>2026-10-09T06:18:37Z</time>
      </trkpt>
      <trkpt lat="46.332493" lon="6.20236">
        <ele>378.5</ele>
        <time>2026-10-09T06:18:38Z</time>
      </trkpt>
      <trkpt lat="46.332416" lon="6.202351">
        <ele>378.6</ele>
        <time>2026-10-09T06:18:39Z</time>
      </trkpt>
      <trkpt lat="46.33234" lon="6.202342">
        <ele>378.7</ele>
        <time>2026-10-09T06:18:40Z</time>
      </trkpt>
      <trkpt lat="46.332265" lon="6.202334">
        <ele>378.7</ele>
        <time>2026-10-09T06:18:41Z</time>
      </trkpt>
      <trkpt lat="46.33219" lon="6.202324">
        <ele>378.8</ele>
        <time>2026-10-09T06:18:42Z</time>
      </trkpt>
      <trkpt lat="46.332117" lon="6.202311">
        <ele>378.8</ele>
        <time>2026-10-09T06:18:43Z</time>
      </trkpt>
      <trkpt lat="46.332041" lon="6.202294">
        <ele>378.9</ele>
        <time>2026-10-09T06:18:44Z</time>
      </trkpt>
      <trkpt lat="46.331968" lon="6.202284">
        <ele>379.0</ele>
        <time>2026-10-09T06:18:45Z</time>
      </trkpt>
      <trkpt lat="46.331892" lon="6.202281">
        <ele>379.1</ele>
        <time>2026-10-09T06:18:46Z</time>
      </trkpt>
      <trkpt lat="46.331825" lon="6.202266">
        <ele>379.1</ele>
        <time>2026-10-09T06:18:47Z</time>
      </trkpt>
      <trkpt lat="46.331756" lon="6.202254">
        <ele>379.1</ele>
        <time>2026-10-09T06:18:48Z</time>
      </trkpt>
      <trkpt lat="46.331684" lon="6.202231">
        <ele>379.2</ele>
        <time>2026-10-09T06:18:49Z</time>
      </trkpt>
      <trkpt lat="46.331618" lon="6.20222">
        <ele>379.2</ele>
        <time>2026-10-09T06:18:50Z</time>
      </trkpt>
      <trkpt lat="46.331564" lon="6.202203">
        <ele>379.3</ele>
        <time>2026-10-09T06:18:51Z</time>
      </trkpt>
      <trkpt lat="46.331503" lon="6.202191">
        <ele>379.3</ele>
        <time>2026-10-09T06:18:52Z</time>
      </trkpt>
      <trkpt lat="46.331433" lon="6.202172">
        <ele>379.3</ele>
        <time>2026-10-09T06:18:53Z</time>
      </trkpt>
      <trkpt lat="46.331367" lon="6.202146">
        <ele>379.4</ele>
        <time>2026-10-09T06:18:54Z</time>
      </trkpt>
      <trkpt lat="46.3313" lon="6.202106">
        <ele>379.4</ele>
        <time>2026-10-09T06:18:55Z</time>
      </trkpt>
      <trkpt lat="46.331235" lon="6.202046">
        <ele>379.5</ele>
        <time>2026-10-09T06:18:56Z</time>
      </trkpt>
      <trkpt lat="46.331168" lon="6.202021">
        <ele>379.5</ele>
        <time>2026-10-09T06:18:57Z</time>
      </trkpt>
      <trkpt lat="46.331101" lon="6.202">
        <ele>379.6</ele>
        <time>2026-10-09T06:18:58Z</time>
      </trkpt>
      <trkpt lat="46.331032" lon="6.201971">
        <ele>379.7</ele>
        <time>2026-10-09T06:18:59Z</time>
      </trkpt>
      <trkpt lat="46.330963" lon="6.201937">
        <ele>379.8</ele>
        <time>2026-10-09T06:19:00Z</time>
      </trkpt>
      <trkpt lat="46.330896" lon="6.201908">
        <ele>379.8</ele>
        <time>2026-10-09T06:19:01Z</time>
      </trkpt>
      <trkpt lat="46.330821" lon="6.20188">
        <ele>379.9</ele>
        <time>2026-10-09T06:19:02Z</time>
      </trkpt>
      <trkpt lat="46.33075" lon="6.201851">
        <ele>380.0</ele>
        <time>2026-10-09T06:19:03Z</time>
      </trkpt>
      <trkpt lat="46.330679" lon="6.201816">
        <ele>380.1</ele>
        <time>2026-10-09T06:19:04Z</time>
      </trkpt>
      <trkpt lat="46.330609" lon="6.201784">
        <ele>380.1</ele>
        <time>2026-10-09T06:19:05Z</time>
      </trkpt>
      <trkpt lat="46.330539" lon="6.201751">
        <ele>380.2</ele>
        <time>2026-10-09T06:19:06Z</time>
      </trkpt>
      <trkpt lat="46.330467" lon="6.201717">
        <ele>380.3</ele>
        <time>2026-10-09T06:19:07Z</time>
      </trkpt>
      <trkpt lat="46.330396" lon="6.201681">
        <ele>380.4</ele>
        <time>2026-10-09T06:19:08Z</time>
      </trkpt>
      <trkpt lat="46.330323" lon="6.201648">
        <ele>380.5</ele>
        <time>2026-10-09T06:19:09Z</time>
      </trkpt>
      <trkpt lat="46.330254" lon="6.201616">
        <ele>380.6</ele>
        <time>2026-10-09T06:19:10Z</time>
      </trkpt>
      <trkpt lat="46.330185" lon="6.20158">
        <ele>380.6</ele>
        <time>2026-10-09T06:19:11Z</time>
      </trkpt>
      <trkpt lat="46.330116" lon="6.201543">
        <ele>380.6</ele>
        <time>2026-10-09T06:19:12Z</time>
      </trkpt>
      <trkpt lat="46.330044" lon="6.201509">
        <ele>380.7</ele>
        <time>2026-10-09T06:19:13Z</time>
      </trkpt>
      <trkpt lat="46.329973" lon="6.201472">
        <ele>380.8</ele>
        <time>2026-10-09T06:19:14Z</time>
      </trkpt>
      <trkpt lat="46.329907" lon="6.201433">
        <ele>380.9</ele>
        <time>2026-10-09T06:19:15Z</time>
      </trkpt>
      <trkpt lat="46.329839" lon="6.20139">
        <ele>380.9</ele>
        <time>2026-10-09T06:19:16Z</time>
      </trkpt>
      <trkpt lat="46.329772" lon="6.201348">
        <ele>381.0</ele>
        <time>2026-10-09T06:19:17Z</time>
      </trkpt>
      <trkpt lat="46.329705" lon="6.201306">
        <ele>381.1</ele>
        <time>2026-10-09T06:19:18Z</time>
      </trkpt>
      <trkpt lat="46.329638" lon="6.201259">
        <ele>381.1</ele>
        <time>2026-10-09T06:19:19Z</time>
      </trkpt>
      <trkpt lat="46.329572" lon="6.201218">
        <ele>381.2</ele>
        <time>2026-10-09T06:19:20Z</time>
      </trkpt>
      <trkpt lat="46.329506" lon="6.201173">
        <ele>381.2</ele>
        <time>2026-10-09T06:19:21Z</time>
      </trkpt>
      <trkpt lat="46.329438" lon="6.20113">
        <ele>381.3</ele>
        <time>2026-10-09T06:19:22Z</time>
      </trkpt>
      <trkpt lat="46.329371" lon="6.201084">
        <ele>381.3</ele>
        <time>2026-10-09T06:19:23Z</time>
      </trkpt>
      <trkpt lat="46.329306" lon="6.201034">
        <ele>381.4</ele>
        <time>2026-10-09T06:19:24Z</time>
      </trkpt>
      <trkpt lat="46.329243" lon="6.200985">
        <ele>381.5</ele>
        <time>2026-10-09T06:19:25Z</time>
      </trkpt>
      <trkpt lat="46.329177" lon="6.200939">
        <ele>381.5</ele>
        <time>2026-10-09T06:19:26Z</time>
      </trkpt>
      <trkpt lat="46.329113" lon="6.200887">
        <ele>381.6</ele>
        <time>2026-10-09T06:19:27Z</time>
      </trkpt>
      <trkpt lat="46.329047" lon="6.200837">
        <ele>381.6</ele>
        <time>2026-10-09T06:19:28Z</time>
      </trkpt>
      <trkpt lat="46.328983" lon="6.200788">
        <ele>381.7</ele>
        <time>2026-10-09T06:19:29Z</time>
      </trkpt>
      <trkpt lat="46.32892" lon="6.200735">
        <ele>381.7</ele>
        <time>2026-10-09T06:19:30Z</time>
      </trkpt>
      <trkpt lat="46.328856" lon="6.200682">
        <ele>381.8</ele>
        <time>2026-10-09T06:19:31Z</time>
      </trkpt>
      <trkpt lat="46.328792" lon="6.200632">
        <ele>381.9</ele>
        <time>2026-10-09T06:19:32Z</time>
      </trkpt>
      <trkpt lat="46.328728" lon="6.20058">
        <ele>382.0</ele>
        <time>2026-10-09T06:19:33Z</time>
      </trkpt>
      <trkpt lat="46.328665" lon="6.200526">
        <ele>382.0</ele>
        <time>2026-10-09T06:19:34Z</time>
      </trkpt>
      <trkpt lat="46.328603" lon="6.200474">
        <ele>382.1</ele>
        <time>2026-10-09T06:19:35Z</time>
      </trkpt>
      <trkpt lat="46.328541" lon="6.200423">
        <ele>382.2</ele>
        <time>2026-10-09T06:19:36Z</time>
      </trkpt>
      <trkpt lat="46.328482" lon="6.20037">
        <ele>382.3</ele>
        <time>2026-10-09T06:19:37Z</time>
      </trkpt>
      <trkpt lat="46.328423" lon="6.200319">
        <ele>382.3</ele>
        <time>2026-10-09T06:19:38Z</time>
      </trkpt>
      <trkpt lat="46.328363" lon="6.200267">
        <ele>382.4</ele>
        <time>2026-10-09T06:19:39Z</time>
      </trkpt>
      <trkpt lat="46.328302" lon="6.200214">
        <ele>382.5</ele>
        <time>2026-10-09T06:19:40Z</time>
      </trkpt>
      <trkpt lat="46.328243" lon="6.200162">
        <ele>382.5</ele>
        <time>2026-10-09T06:19:41Z</time>
      </trkpt>
      <trkpt lat="46.328184" lon="6.200113">
        <ele>382.6</ele>
        <time>2026-10-09T06:19:42Z</time>
      </trkpt>
      <trkpt lat="46.328123" lon="6.200058">
        <ele>382.6</ele>
        <time>2026-10-09T06:19:43Z</time>
      </trkpt>
      <trkpt lat="46.328068" lon="6.199995">
        <ele>382.7</ele>
        <time>2026-10-09T06:19:44Z</time>
      </trkpt>
      <trkpt lat="46.328017" lon="6.199927">
        <ele>382.8</ele>
        <time>2026-10-09T06:19:45Z</time>
      </trkpt>
      <trkpt lat="46.327977" lon="6.199842">
        <ele>382.9</ele>
        <time>2026-10-09T06:19:46Z</time>
      </trkpt>
      <trkpt lat="46.327949" lon="6.199746">
        <ele>383.1</ele>
        <time>2026-10-09T06:19:47Z</time>
      </trkpt>
      <trkpt lat="46.327932" lon="6.199654">
        <ele>383.3</ele>
        <time>2026-10-09T06:19:48Z</time>
      </trkpt>
      <trkpt lat="46.327923" lon="6.199556">
        <ele>383.5</ele>
        <time>2026-10-09T06:19:49Z</time>
      </trkpt>
      <trkpt lat="46.327924" lon="6.199461">
        <ele>383.8</ele>
        <time>2026-10-09T06:19:50Z</time>
      </trkpt>
      <trkpt lat="46.327935" lon="6.199369">
        <ele>384.0</ele>
        <time>2026-10-09T06:19:51Z</time>
      </trkpt>
      <trkpt lat="46.327959" lon="6.199286">
        <ele>384.3</ele>
        <time>2026-10-09T06:19:52Z</time>
      </trkpt>
      <trkpt lat="46.32799" lon="6.199213">
        <ele>384.4</ele>
        <time>2026-10-09T06:19:53Z</time>
      </trkpt>
      <trkpt lat="46.328018" lon="6.199147">
        <ele>384.6</ele>
        <time>2026-10-09T06:19:54Z</time>
      </trkpt>
      <trkpt lat="46.328047" lon="6.199074">
        <ele>384.8</ele>
        <time>2026-10-09T06:19:55Z</time>
      </trkpt>
      <trkpt lat="46.328075" lon="6.199009">
        <ele>385.0</ele>
        <time>2026-10-09T06:19:56Z</time>
      </trkpt>
      <trkpt lat="46.328099" lon="6.198942">
        <ele>385.2</ele>
        <time>2026-10-09T06:19:57Z</time>
      </trkpt>
      <trkpt lat="46.328121" lon="6.198875">
        <ele>385.4</ele>
        <time>2026-10-09T06:19:58Z</time>
      </trkpt>
      <trkpt lat="46.328146" lon="6.198808">
        <ele>385.6</ele>
        <time>2026-10-09T06:19:59Z</time>
      </trkpt>
      <trkpt lat="46.328169" lon="6.198745">
        <ele>385.7</ele>
        <time>2026-10-09T06:20:00Z</time>
      </trkpt>
      <trkpt lat="46.328192" lon="6.198678">
        <ele>385.9</ele>
        <time>2026-10-09T06:20:01Z</time>
      </trkpt>
      <trkpt lat="46.328215" lon="6.198612">
        <ele>386.1</ele>
        <time>2026-10-09T06:20:02Z</time>
      </trkpt>
      <trkpt lat="46.328234" lon="6.198544">
        <ele>386.3</ele>
        <time>2026-10-09T06:20:03Z</time>
      </trkpt>
      <trkpt lat="46.328261" lon="6.198479">
        <ele>386.5</ele>
        <time>2026-10-09T06:20:04Z</time>
      </trkpt>
      <trkpt lat="46.328285" lon="6.198414">
        <ele>386.6</ele>
        <time>2026-10-09T06:20:05Z</time>
      </trkpt>
      <trkpt lat="46.328307" lon="6.19835">
        <ele>386.8</ele>
        <time>2026-10-09T06:20:06Z</time>
      </trkpt>
      <trkpt lat="46.328335" lon="6.198285">
        <ele>387.0</ele>
        <time>2026-10-09T06:20:07Z</time>
      </trkpt>
      <trkpt lat="46.328358" lon="6.198221">
        <ele>387.1</ele>
        <time>2026-10-09T06:20:08Z</time>
      </trkpt>
      <trkpt lat="46.328381" lon="6.198157">
        <ele>387.3</ele>
        <time>2026-10-09T06:20:09Z</time>
      </trkpt>
      <trkpt lat="46.328407" lon="6.198094">
        <ele>387.5</ele>
        <time>2026-10-09T06:20:10Z</time>
      </trkpt>
      <trkpt lat="46.32843" lon="6.198033">
        <ele>387.6</ele>
        <time>2026-10-09T06:20:11Z</time>
      </trkpt>
      <trkpt lat="46.328454" lon="6.19797">
        <ele>387.8</ele>
        <time>2026-10-09T06:20:12Z</time>
      </trkpt>
      <trkpt lat="46.328478" lon="6.197905">
        <ele>387.9</ele>
        <time>2026-10-09T06:20:13Z</time>
      </trkpt>
      <trkpt lat="46.328499" lon="6.197842">
        <ele>388.1</ele>
        <time>2026-10-09T06:20:14Z</time>
      </trkpt>
      <trkpt lat="46.328522" lon="6.197778">
        <ele>388.2</ele>
        <time>2026-10-09T06:20:15Z</time>
      </trkpt>
      <trkpt lat="46.328543" lon="6.197714">
        <ele>388.4</ele>
        <time>2026-10-09T06:20:16Z</time>
      </trkpt>
      <trkpt lat="46.328566" lon="6.197649">
        <ele>388.5</ele>
        <time>2026-10-09T06:20:17Z</time>
      </trkpt>
      <trkpt lat="46.328589" lon="6.197583">
        <ele>388.6</ele>
        <time>2026-10-09T06:20:18Z</time>
      </trkpt>
      <trkpt lat="46.328612" lon="6.197518">
        <ele>388.7</ele>
        <time>2026-10-09T06:20:19Z</time>
      </trkpt>
      <trkpt lat="46.328634" lon="6.197454">
        <ele>388.8</ele>
        <time>2026-10-09T06:20:20Z</time>
      </trkpt>
      <trkpt lat="46.328659" lon="6.19739">
        <ele>388.9</ele>
        <time>2026-10-09T06:20:21Z</time>
      </trkpt>
      <trkpt lat="46.328683" lon="6.197324">
        <ele>389.1</ele>
        <time>2026-10-09T06:20:22Z</time>
      </trkpt>
      <trkpt lat="46.328705" lon="6.197254">
        <ele>389.2</ele>
        <time>2026-10-09T06:20:23Z</time>
      </trkpt>
      <trkpt lat="46.328727" lon="6.197184">
        <ele>389.3</ele>
        <time>2026-10-09T06:20:24Z</time>
      </trkpt>
      <trkpt lat="46.32875" lon="6.197114">
        <ele>389.4</ele>
        <time>2026-10-09T06:20:25Z</time>
      </trkpt>
      <trkpt lat="46.328774" lon="6.197046">
        <ele>389.6</ele>
        <time>2026-10-09T06:20:26Z</time>
      </trkpt>
      <trkpt lat="46.328792" lon="6.196977">
        <ele>389.8</ele>
        <time>2026-10-09T06:20:27Z</time>
      </trkpt>
      <trkpt lat="46.328816" lon="6.196913">
        <ele>389.9</ele>
        <time>2026-10-09T06:20:28Z</time>
      </trkpt>
      <trkpt lat="46.328838" lon="6.196849">
        <ele>390.1</ele>
        <time>2026-10-09T06:20:29Z</time>
      </trkpt>
      <trkpt lat="46.328862" lon="6.196785">
        <ele>390.3</ele>
        <time>2026-10-09T06:20:30Z</time>
      </trkpt>
      <trkpt lat="46.328884" lon="6.196719">
        <ele>390.5</ele>
        <time>2026-10-09T06:20:31Z</time>
      </trkpt>
      <trkpt lat="46.328905" lon="6.196651">
        <ele>390.7</ele>
        <time>2026-10-09T06:20:32Z</time>
      </trkpt>
      <trkpt lat="46.328923" lon="6.196585">
        <ele>390.8</ele>
        <time>2026-10-09T06:20:33Z</time>
      </trkpt>
      <trkpt lat="46.328945" lon="6.196519">
        <ele>391.0</ele>
        <time>2026-10-09T06:20:34Z</time>
      </trkpt>
      <trkpt lat="46.328966" lon="6.196453">
        <ele>391.2</ele>
        <time>2026-10-09T06:20:35Z</time>
      </trkpt>
      <trkpt lat="46.328985" lon="6.196387">
        <ele>391.4</ele>
        <time>2026-10-09T06:20:36Z</time>
      </trkpt>
      <trkpt lat="46.329007" lon="6.196321">
        <ele>391.5</ele>
        <time>2026-10-09T06:20:37Z</time>
      </trkpt>
      <trkpt lat="46.329032" lon="6.196255">
        <ele>391.4</ele>
        <time>2026-10-09T06:20:38Z</time>
      </trkpt>
      <trkpt lat="46.329048" lon="6.196189">
        <ele>391.5</ele>
        <time>2026-10-09T06:20:39Z</time>
      </trkpt>
      <trkpt lat="46.329068" lon="6.196125">
        <ele>391.6</ele>
        <time>2026-10-09T06:20:40Z</time>
      </trkpt>
      <trkpt lat="46.32909" lon="6.196055">
        <ele>391.6</ele>
        <time>2026-10-09T06:20:41Z</time>
      </trkpt>
      <trkpt lat="46.329112" lon="6.195986">
        <ele>391.7</ele>
        <time>2026-10-09T06:20:42Z</time>
      </trkpt>
      <trkpt lat="46.329133" lon="6.195916">
        <ele>391.7</ele>
        <time>2026-10-09T06:20:43Z</time>
      </trkpt>
      <trkpt lat="46.329156" lon="6.195842">
        <ele>391.7</ele>
        <time>2026-10-09T06:20:44Z</time>
      </trkpt>
      <trkpt lat="46.329175" lon="6.195765">
        <ele>391.6</ele>
        <time>2026-10-09T06:20:45Z</time>
      </trkpt>
      <trkpt lat="46.329195" lon="6.195684">
        <ele>391.5</ele>
        <time>2026-10-09T06:20:46Z</time>
      </trkpt>
      <trkpt lat="46.329215" lon="6.1956">
        <ele>391.4</ele>
        <time>2026-10-09T06:20:47Z</time>
      </trkpt>
      <trkpt lat="46.329235" lon="6.195514">
        <ele>391.2</ele>
        <time>2026-10-09T06:20:48Z</time>
      </trkpt>
      <trkpt lat="46.329255" lon="6.19542">
        <ele>391.0</ele>
        <time>2026-10-09T06:20:49Z</time>
      </trkpt>
      <trkpt lat="46.329276" lon="6.195322">
        <ele>390.7</ele>
        <time>2026-10-09T06:20:50Z</time>
      </trkpt>
      <trkpt lat="46.329297" lon="6.19522">
        <ele>390.5</ele>
        <time>2026-10-09T06:20:51Z</time>
      </trkpt>
      <trkpt lat="46.329316" lon="6.195113">
        <ele>390.2</ele>
        <time>2026-10-09T06:20:52Z</time>
      </trkpt>
      <trkpt lat="46.329336" lon="6.195003">
        <ele>390.0</ele>
        <time>2026-10-09T06:20:53Z</time>
      </trkpt>
      <trkpt lat="46.329358" lon="6.194891">
        <ele>389.8</ele>
        <time>2026-10-09T06:20:54Z</time>
      </trkpt>
      <trkpt lat="46.329382" lon="6.194778">
        <ele>389.7</ele>
        <time>2026-10-09T06:20:55Z</time>
      </trkpt>
      <trkpt lat="46.329406" lon="6.194662">
        <ele>389.7</ele>
        <time>2026-10-09T06:20:56Z</time>
      </trkpt>
      <trkpt lat="46.32943" lon="6.19456">
        <ele>389.8</ele>
        <time>2026-10-09T06:20:57Z</time>
      </trkpt>
      <trkpt lat="46.329452" lon="6.194466">
        <ele>390.0</ele>
        <time>2026-10-09T06:20:58Z</time>
      </trkpt>
      <trkpt lat="46.329472" lon="6.194374">
        <ele>390.2</ele>
        <time>2026-10-09T06:20:59Z</time>
      </trkpt>
      <trkpt lat="46.329487" lon="6.194278">
        <ele>390.5</ele>
        <time>2026-10-09T06:21:00Z</time>
      </trkpt>
      <trkpt lat="46.329505" lon="6.194194">
        <ele>390.9</ele>
        <time>2026-10-09T06:21:01Z</time>
      </trkpt>
      <trkpt lat="46.32952" lon="6.194117">
        <ele>391.2</ele>
        <time>2026-10-09T06:21:02Z</time>
      </trkpt>
      <trkpt lat="46.329533" lon="6.194049">
        <ele>391.5</ele>
        <time>2026-10-09T06:21:03Z</time>
      </trkpt>
      <trkpt lat="46.329546" lon="6.193987">
        <ele>391.9</ele>
        <time>2026-10-09T06:21:04Z</time>
      </trkpt>
      <trkpt lat="46.329557" lon="6.193932">
        <ele>392.2</ele>
        <time>2026-10-09T06:21:05Z</time>
      </trkpt>
      <trkpt lat="46.329565" lon="6.193876">
        <ele>392.5</ele>
        <time>2026-10-09T06:21:06Z</time>
      </trkpt>
      <trkpt lat="46.329577" lon="6.19382">
        <ele>392.8</ele>
        <time>2026-10-09T06:21:07Z</time>
      </trkpt>
      <trkpt lat="46.329587" lon="6.193765">
        <ele>393.1</ele>
        <time>2026-10-09T06:21:08Z</time>
      </trkpt>
      <trkpt lat="46.3296" lon="6.193709">
        <ele>393.4</ele>
        <time>2026-10-09T06:21:09Z</time>
      </trkpt>
      <trkpt lat="46.329609" lon="6.193654">
        <ele>393.7</ele>
        <time>2026-10-09T06:21:10Z</time>
      </trkpt>
      <trkpt lat="46.329617" lon="6.193601">
        <ele>394.0</ele>
        <time>2026-10-09T06:21:11Z</time>
      </trkpt>
      <trkpt lat="46.329628" lon="6.193548">
        <ele>394.2</ele>
        <time>2026-10-09T06:21:12Z</time>
      </trkpt>
      <trkpt lat="46.329639" lon="6.193496">
        <ele>394.5</ele>
        <time>2026-10-09T06:21:13Z</time>
      </trkpt>
      <trkpt lat="46.32965" lon="6.193445">
        <ele>394.8</ele>
        <time>2026-10-09T06:21:14Z</time>
      </trkpt>
      <trkpt lat="46.329662" lon="6.193397">
        <ele>395.0</ele>
        <time>2026-10-09T06:21:15Z</time>
      </trkpt>
      <trkpt lat="46.329676" lon="6.19335">
        <ele>395.3</ele>
        <time>2026-10-09T06:21:16Z</time>
      </trkpt>
      <trkpt lat="46.329696" lon="6.193306">
        <ele>395.5</ele>
        <time>2026-10-09T06:21:17Z</time>
      </trkpt>
      <trkpt lat="46.329724" lon="6.19327">
        <ele>395.8</ele>
        <time>2026-10-09T06:21:18Z</time>
      </trkpt>
      <trkpt lat="46.329755" lon="6.193239">
        <ele>396.0</ele>
        <time>2026-10-09T06:21:19Z</time>
      </trkpt>
      <trkpt lat="46.329788" lon="6.193219">
        <ele>396.3</ele>
        <time>2026-10-09T06:21:20Z</time>
      </trkpt>
      <trkpt lat="46.329821" lon="6.193208">
        <ele>396.5</ele>
        <time>2026-10-09T06:21:21Z</time>
      </trkpt>
      <trkpt lat="46.329853" lon="6.193199">
        <ele>396.7</ele>
        <time>2026-10-09T06:21:22Z</time>
      </trkpt>
      <trkpt lat="46.329888" lon="6.193195">
        <ele>396.9</ele>
        <time>2026-10-09T06:21:23Z</time>
      </trkpt>
      <trkpt lat="46.329922" lon="6.193194">
        <ele>397.1</ele>
        <time>2026-10-09T06:21:24Z</time>
      </trkpt>
      <trkpt lat="46.329956" lon="6.193193">
        <ele>397.3</ele>
        <time>2026-10-09T06:21:25Z</time>
      </trkpt>
      <trkpt lat="46.329989" lon="6.193193">
        <ele>397.4</ele>
        <time>2026-10-09T06:21:26Z</time>
      </trkpt>
      <trkpt lat="46.330026" lon="6.193185">
        <ele>397.6</ele>
        <time>2026-10-09T06:21:27Z</time>
      </trkpt>
      <trkpt lat="46.330058" lon="6.19318">
        <ele>397.7</ele>
        <time>2026-10-09T06:21:28Z</time>
      </trkpt>
      <trkpt lat="46.330092" lon="6.19317">
        <ele>397.8</ele>
        <time>2026-10-09T06:21:29Z</time>
      </trkpt>
      <trkpt lat="46.330128" lon="6.193184">
        <ele>397.9</ele>
        <time>2026-10-09T06:21:30Z</time>
      </trkpt>
      <trkpt lat="46.330152" lon="6.193228">
        <ele>398.0</ele>
        <time>2026-10-09T06:21:31Z</time>
      </trkpt>
      <trkpt lat="46.330159" lon="6.193286">
        <ele>397.9</ele>
        <time>2026-10-09T06:21:32Z</time>
      </trkpt>
      <trkpt lat="46.330143" lon="6.193358">
        <ele>397.8</ele>
        <time>2026-10-09T06:21:33Z</time>
      </trkpt>
      <trkpt lat="46.330128" lon="6.19342">
        <ele>397.8</ele>
        <time>2026-10-09T06:21:34Z</time>
      </trkpt>
      <trkpt lat="46.330114" lon="6.193485">
        <ele>397.7</ele>
        <time>2026-10-09T06:21:35Z</time>
      </trkpt>
      <trkpt lat="46.330106" lon="6.19355">
        <ele>397.7</ele>
        <time>2026-10-09T06:21:36Z</time>
      </trkpt>
      <trkpt lat="46.330099" lon="6.193619">
        <ele>397.7</ele>
        <time>2026-10-09T06:21:37Z</time>
      </trkpt>
      <trkpt lat="46.330091" lon="6.193694">
        <ele>397.6</ele>
        <time>2026-10-09T06:21:38Z</time>
      </trkpt>
      <trkpt lat="46.330083" lon="6.193769">
        <ele>397.6</ele>
        <time>2026-10-09T06:21:39Z</time>
      </trkpt>
      <trkpt lat="46.330074" lon="6.193843">
        <ele>397.6</ele>
        <time>2026-10-09T06:21:40Z</time>
      </trkpt>
      <trkpt lat="46.330077" lon="6.19392">
        <ele>397.6</ele>
        <time>2026-10-09T06:21:41Z</time>
      </trkpt>
      <trkpt lat="46.330098" lon="6.193994">
        <ele>397.5</ele>
        <time>2026-10-09T06:21:42Z</time>
      </trkpt>
      <trkpt lat="46.330142" lon="6.194048">
        <ele>397.5</ele>
        <time>2026-10-09T06:21:43Z</time>
      </trkpt>
      <trkpt lat="46.330196" lon="6.194079">
        <ele>397.4</ele>
        <time>2026-10-09T06:21:44Z</time>
      </trkpt>
      <trkpt lat="46.330254" lon="6.194099">
        <ele>397.4</ele>
        <time>2026-10-09T06:21:45Z</time>
      </trkpt>
      <trkpt lat="46.330308" lon="6.194123">
        <ele>397.4</ele>
        <time>2026-10-09T06:21:46Z</time>
      </trkpt>
      <trkpt lat="46.330362" lon="6.194149">
        <ele>397.3</ele>
        <time>2026-10-09T06:21:47Z</time>
      </trkpt>
      <trkpt lat="46.33042" lon="6.194178">
        <ele>397.3</ele>
        <time>2026-10-09T06:21:48Z</time>
      </trkpt>
      <trkpt lat="46.330475" lon="6.194202">
        <ele>397.3</ele>
        <time>2026-10-09T06:21:49Z</time>
      </trkpt>
      <trkpt lat="46.330534" lon="6.194229">
        <ele>397.2</ele>
        <time>2026-10-09T06:21:50Z</time>
      </trkpt>
      <trkpt lat="46.330593" lon="6.194264">
        <ele>397.2</ele>
        <time>2026-10-09T06:21:51Z</time>
      </trkpt>
      <trkpt lat="46.330651" lon="6.194297">
        <ele>397.1</ele>
        <time>2026-10-09T06:21:52Z</time>
      </trkpt>
      <trkpt lat="46.330709" lon="6.194332">
        <ele>397.1</ele>
        <time>2026-10-09T06:21:53Z</time>
      </trkpt>
      <trkpt lat="46.330769" lon="6.194363">
        <ele>397.0</ele>
        <time>2026-10-09T06:21:54Z</time>
      </trkpt>
      <trkpt lat="46.330831" lon="6.194392">
        <ele>397.0</ele>
        <time>2026-10-09T06:21:55Z</time>
      </trkpt>
      <trkpt lat="46.330894" lon="6.194425">
        <ele>397.0</ele>
        <time>2026-10-09T06:21:56Z</time>
      </trkpt>
      <trkpt lat="46.330956" lon="6.194457">
        <ele>396.9</ele>
        <time>2026-10-09T06:21:57Z</time>
      </trkpt>
      <trkpt lat="46.331019" lon="6.19449">
        <ele>396.9</ele>
        <time>2026-10-09T06:21:58Z</time>
      </trkpt>
      <trkpt lat="46.331082" lon="6.19452">
        <ele>396.8</ele>
        <time>2026-10-09T06:21:59Z</time>
      </trkpt>
      <trkpt lat="46.331144" lon="6.194549">
        <ele>396.7</ele>
        <time>2026-10-09T06:22:00Z</time>
      </trkpt>
      <trkpt lat="46.331207" lon="6.194577">
        <ele>396.6</ele>
        <time>2026-10-09T06:22:01Z</time>
      </trkpt>
      <trkpt lat="46.331267" lon="6.1946">
        <ele>396.6</ele>
        <time>2026-10-09T06:22:02Z</time>
      </trkpt>
      <trkpt lat="46.33133" lon="6.194626">
        <ele>396.6</ele>
        <time>2026-10-09T06:22:03Z</time>
      </trkpt>
      <trkpt lat="46.331388" lon="6.19465">
        <ele>396.5</ele>
        <time>2026-10-09T06:22:04Z</time>
      </trkpt>
      <trkpt lat="46.331447" lon="6.194671">
        <ele>396.5</ele>
        <time>2026-10-09T06:22:05Z</time>
      </trkpt>
      <trkpt lat="46.331501" lon="6.194694">
        <ele>396.4</ele>
        <time>2026-10-09T06:22:06Z</time>
      </trkpt>
      <trkpt lat="46.331554" lon="6.194722">
        <ele>396.4</ele>
        <time>2026-10-09T06:22:07Z</time>
      </trkpt>
      <trkpt lat="46.331604" lon="6.194747">
        <ele>396.4</ele>
        <time>2026-10-09T06:22:08Z</time>
      </trkpt>
      <trkpt lat="46.331652" lon="6.194749">
        <ele>396.4</ele>
        <time>2026-10-09T06:22:09Z</time>
      </trkpt>
      <trkpt lat="46.33169" lon="6.194706">
        <ele>396.4</ele>
        <time>2026-10-09T06:22:10Z</time>
      </trkpt>
      <trkpt lat="46.331709" lon="6.194647">
        <ele>396.5</ele>
        <time>2026-10-09T06:22:11Z</time>
      </trkpt>
      <trkpt lat="46.331726" lon="6.194597">
        <ele>396.5</ele>
        <time>2026-10-09T06:22:12Z</time>
      </trkpt>
      <trkpt lat="46.331748" lon="6.194544">
        <ele>396.5</ele>
        <time>2026-10-09T06:22:13Z</time>
      </trkpt>
      <trkpt lat="46.331759" lon="6.194502">
        <ele>396.6</ele>
        <time>2026-10-09T06:22:14Z</time>
      </trkpt>
      <trkpt lat="46.331769" lon="6.194458">
        <ele>396.6</ele>
        <time>2026-10-09T06:22:15Z</time>
      </trkpt>
      <trkpt lat="46.331778" lon="6.194412">
        <ele>396.6</ele>
        <time>2026-10-09T06:22:16Z</time>
      </trkpt>
      <trkpt lat="46.331791" lon="6.194374">
        <ele>396.6</ele>
        <time>2026-10-09T06:22:17Z</time>
      </trkpt>
      <trkpt lat="46.331803" lon="6.19434">
        <ele>396.7</ele>
        <time>2026-10-09T06:22:18Z</time>
      </trkpt>
      <trkpt lat="46.331802" lon="6.19431">
        <ele>396.7</ele>
        <time>2026-10-09T06:22:19Z</time>
      </trkpt>
      <trkpt lat="46.331787" lon="6.194293">
        <ele>396.7</ele>
        <time>2026-10-09T06:22:20Z</time>
      </trkpt>
      <trkpt lat="46.331772" lon="6.19428">
        <ele>396.7</ele>
        <time>2026-10-09T06:22:21Z</time>
      </trkpt>
      <trkpt lat="46.331761" lon="6.19427">
        <ele>396.7</ele>
        <time>2026-10-09T06:22:22Z</time>
      </trkpt>
      <trkpt lat="46.331744" lon="6.194271">
        <ele>396.7</ele>
        <time>2026-10-09T06:22:23Z</time>
      </trkpt>
      <trkpt lat="46.331732" lon="6.194268">
        <ele>396.8</ele>
        <time>2026-10-09T06:22:24Z</time>
      </trkpt>
      <trkpt lat="46.331731" lon="6.194279">
        <ele>396.8</ele>
        <time>2026-10-09T06:22:25Z</time>
      </trkpt>
      <trkpt lat="46.331728" lon="6.194285">
        <ele>396.8</ele>
        <time>2026-10-09T06:22:26Z</time>
      </trkpt>
      <trkpt lat="46.33172" lon="6.194286">
        <ele>396.8</ele>
        <time>2026-10-09T06:22:27Z</time>
      </trkpt>
      <trkpt lat="46.331735" lon="6.194277">
        <ele>396.8</ele>
        <time>2026-10-09T06:22:28Z</time>
      </trkpt>
      <trkpt lat="46.331748" lon="6.194282">
        <ele>396.8</ele>
        <time>2026-10-09T06:22:29Z</time>
      </trkpt>
      <trkpt lat="46.33175" lon="6.194283">
        <ele>396.8</ele>
        <time>2026-10-09T06:22:30Z</time>
      </trkpt>
      <trkpt lat="46.33175" lon="6.194282">
        <ele>396.8</ele>
        <time>2026-10-09T06:22:31Z</time>
      </trkpt>
      <trkpt lat="46.331752" lon="6.194282">
        <ele>396.8</ele>
        <time>2026-10-09T06:22:32Z</time>
      </trkpt>
      <trkpt lat="46.331752" lon="6.194282">
        <ele>396.8</ele>
        <time>2026-10-09T06:22:33Z</time>
      </trkpt>
      <trkpt lat="46.331752" lon="6.194282">
        <ele>396.8</ele>
        <time>2026-10-09T06:22:34Z</time>
      </trkpt>
      <trkpt lat="46.331726" lon="6.194283">
        <ele>396.8</ele>
        <time>2026-10-09T06:22:35Z</time>
      </trkpt>
      <trkpt lat="46.331714" lon="6.194276">
        <ele>396.9</ele>
        <time>2026-10-09T06:22:36Z</time>
      </trkpt>
      <trkpt lat="46.331714" lon="6.194276">
        <ele>396.9</ele>
        <time>2026-10-09T06:22:37Z</time>
      </trkpt>
      <trkpt lat="46.331714" lon="6.194276">
        <ele>396.9</ele>
        <time>2026-10-09T06:22:38Z</time>
      </trkpt>
      <trkpt lat="46.331714" lon="6.194276">
        <ele>396.9</ele>
        <time>2026-10-09T06:22:39Z</time>
      </trkpt>
      <trkpt lat="46.331697" lon="6.194279">
        <ele>396.9</ele>
        <time>2026-10-09T06:22:40Z</time>
      </trkpt>
      <trkpt lat="46.331697" lon="6.194279">
        <ele>396.9</ele>
        <time>2026-10-09T06:22:41Z</time>
      </trkpt>
      <trkpt lat="46.331697" lon="6.194279">
        <ele>396.9</ele>
        <time>2026-10-09T06:22:42Z</time>
      </trkpt>
      <trkpt lat="46.331697" lon="6.194279">
        <ele>396.9</ele>
        <time>2026-10-09T06:22:43Z</time>
      </trkpt>
      <trkpt lat="46.331693" lon="6.194284">
        <ele>396.9</ele>
        <time>2026-10-09T06:22:44Z</time>
      </trkpt>
      <trkpt lat="46.331691" lon="6.194282">
        <ele>396.9</ele>
        <time>2026-10-09T06:22:45Z</time>
      </trkpt>
      <trkpt lat="46.331687" lon="6.194275">
        <ele>396.9</ele>
        <time>2026-10-09T06:22:46Z</time>
      </trkpt>
      <trkpt lat="46.331682" lon="6.194265">
        <ele>396.9</ele>
        <time>2026-10-09T06:22:47Z</time>
      </trkpt>
      <trkpt lat="46.331682" lon="6.194265">
        <ele>396.9</ele>
        <time>2026-10-09T06:22:48Z</time>
      </trkpt>
      <trkpt lat="46.331713" lon="6.19426">
        <ele>396.9</ele>
        <time>2026-10-09T06:22:49Z</time>
      </trkpt>
      <trkpt lat="46.331724" lon="6.194255">
        <ele>397.0</ele>
        <time>2026-10-09T06:22:50Z</time>
      </trkpt>
      <trkpt lat="46.331736" lon="6.19425">
        <ele>397.0</ele>
        <time>2026-10-09T06:22:51Z</time>
      </trkpt>
      <trkpt lat="46.331736" lon="6.19425">
        <ele>397.0</ele>
        <time>2026-10-09T06:22:52Z</time>
      </trkpt>
      <trkpt lat="46.331736" lon="6.19425">
        <ele>397.0</ele>
        <time>2026-10-09T06:22:53Z</time>
      </trkpt>
      <trkpt lat="46.331748" lon="6.194234">
        <ele>397.0</ele>
        <time>2026-10-09T06:22:54Z</time>
      </trkpt>
      <trkpt lat="46.331732" lon="6.194231">
        <ele>397.0</ele>
        <time>2026-10-09T06:22:55Z</time>
      </trkpt>
      <trkpt lat="46.331732" lon="6.194229">
        <ele>397.0</ele>
        <time>2026-10-09T06:22:56Z</time>
      </trkpt>
      <trkpt lat="46.331732" lon="6.194229">
        <ele>397.0</ele>
        <time>2026-10-09T06:22:57Z</time>
      </trkpt>
      <trkpt lat="46.331732" lon="6.194229">
        <ele>397.0</ele>
        <time>2026-10-09T06:22:58Z</time>
      </trkpt>
    </trkseg>
  </trk>
</gpx>