<?xml version="1.0" encoding="UTF-8"?>
<gpx xmlns="http://www.topografix.com/GPX/1/1" xmlns:xsi="http://www.w3.org/2001/XMLSchema-instance" xsi:schemaLocation="http://www.topografix.com/GPX/1/1 http://www.topografix.com/GPX/1/1/gpx.xsd" version="1.1" creator="gpx.py -- https://github.com/tkrajina/gpxpy">
  <metadata>
    <name>1791437561.Thursday_Morning_Cycle</name>
    <time>2026-10-08T05:32:41Z</time>
    <keywords>20498443034</keywords>
  </metadata>
  <trk>
    <name>1791437561.Thursday_Morning_Cycle</name>
    <cmt>2026-10-08</cmt>
    <type>Ride</type>
    <trkseg>
      <trkpt lat="46.331659" lon="6.194157">
        <ele>397.1</ele>
        <time>2026-10-08T05:32:41Z</time>
      </trkpt>
      <trkpt lat="46.331659" lon="6.194157">
        <ele>397.1</ele>
        <time>2026-10-08T05:33:01Z</time>
      </trkpt>
      <trkpt lat="46.331659" lon="6.194157">
        <ele>397.1</ele>
        <time>2026-10-08T05:33:04Z</time>
      </trkpt>
      <trkpt lat="46.331659" lon="6.194157">
        <ele>397.1</ele>
        <time>2026-10-08T05:33:07Z</time>
      </trkpt>
      <trkpt lat="46.331659" lon="6.194157">
        <ele>397.1</ele>
        <time>2026-10-08T05:33:11Z</time>
      </trkpt>
      <trkpt lat="46.331659" lon="6.194157">
        <ele>397.1</ele>
        <time>2026-10-08T05:33:15Z</time>
      </trkpt>
      <trkpt lat="46.331659" lon="6.194157">
        <ele>397.1</ele>
        <time>2026-10-08T05:33:18Z</time>
      </trkpt>
      <trkpt lat="46.331715" lon="6.194239">
        <ele>396.9</ele>
        <time>2026-10-08T05:33:20Z</time>
      </trkpt>
      <trkpt lat="46.331715" lon="6.194239">
        <ele>396.9</ele>
        <time>2026-10-08T05:33:26Z</time>
      </trkpt>
      <trkpt lat="46.331744" lon="6.194341">
        <ele>396.8</ele>
        <time>2026-10-08T05:33:27Z</time>
      </trkpt>
      <trkpt lat="46.331749" lon="6.194337">
        <ele>396.8</ele>
        <time>2026-10-08T05:33:28Z</time>
      </trkpt>
      <trkpt lat="46.331758" lon="6.194345">
        <ele>396.8</ele>
        <time>2026-10-08T05:33:29Z</time>
      </trkpt>
      <trkpt lat="46.331761" lon="6.19436">
        <ele>396.7</ele>
        <time>2026-10-08T05:33:30Z</time>
      </trkpt>
      <trkpt lat="46.331761" lon="6.194382">
        <ele>396.7</ele>
        <time>2026-10-08T05:33:31Z</time>
      </trkpt>
      <trkpt lat="46.33176" lon="6.194411">
        <ele>396.7</ele>
        <time>2026-10-08T05:33:32Z</time>
      </trkpt>
      <trkpt lat="46.331757" lon="6.194446">
        <ele>396.7</ele>
        <time>2026-10-08T05:33:33Z</time>
      </trkpt>
      <trkpt lat="46.331749" lon="6.194485">
        <ele>396.6</ele>
        <time>2026-10-08T05:33:34Z</time>
      </trkpt>
      <trkpt lat="46.331735" lon="6.194529">
        <ele>396.6</ele>
        <time>2026-10-08T05:33:35Z</time>
      </trkpt>
      <trkpt lat="46.331725" lon="6.194572">
        <ele>396.5</ele>
        <time>2026-10-08T05:33:36Z</time>
      </trkpt>
      <trkpt lat="46.331713" lon="6.194612">
        <ele>396.5</ele>
        <time>2026-10-08T05:33:37Z</time>
      </trkpt>
      <trkpt lat="46.331695" lon="6.194661">
        <ele>396.5</ele>
        <time>2026-10-08T05:33:38Z</time>
      </trkpt>
      <trkpt lat="46.331669" lon="6.194703">
        <ele>396.4</ele>
        <time>2026-10-08T05:33:39Z</time>
      </trkpt>
      <trkpt lat="46.331633" lon="6.194736">
        <ele>396.4</ele>
        <time>2026-10-08T05:33:40Z</time>
      </trkpt>
      <trkpt lat="46.331574" lon="6.194729">
        <ele>396.4</ele>
        <time>2026-10-08T05:33:41Z</time>
      </trkpt>
      <trkpt lat="46.331527" lon="6.1947">
        <ele>396.4</ele>
        <time>2026-10-08T05:33:42Z</time>
      </trkpt>
      <trkpt lat="46.331482" lon="6.19466">
        <ele>396.5</ele>
        <time>2026-10-08T05:33:43Z</time>
      </trkpt>
      <trkpt lat="46.331431" lon="6.194636">
        <ele>396.5</ele>
        <time>2026-10-08T05:33:44Z</time>
      </trkpt>
      <trkpt lat="46.33138" lon="6.19461">
        <ele>396.5</ele>
        <time>2026-10-08T05:33:45Z</time>
      </trkpt>
      <trkpt lat="46.331328" lon="6.194583">
        <ele>396.6</ele>
        <time>2026-10-08T05:33:46Z</time>
      </trkpt>
      <trkpt lat="46.331277" lon="6.194562">
        <ele>396.6</ele>
        <time>2026-10-08T05:33:47Z</time>
      </trkpt>
      <trkpt lat="46.331226" lon="6.194535">
        <ele>396.6</ele>
        <time>2026-10-08T05:33:48Z</time>
      </trkpt>
      <trkpt lat="46.331173" lon="6.194515">
        <ele>396.6</ele>
        <time>2026-10-08T05:33:49Z</time>
      </trkpt>
      <trkpt lat="46.331117" lon="6.194498">
        <ele>396.7</ele>
        <time>2026-10-08T05:33:50Z</time>
      </trkpt>
      <trkpt lat="46.331062" lon="6.194475">
        <ele>396.8</ele>
        <time>2026-10-08T05:33:51Z</time>
      </trkpt>
      <trkpt lat="46.33101" lon="6.19445">
        <ele>396.9</ele>
        <time>2026-10-08T05:33:52Z</time>
      </trkpt>
      <trkpt lat="46.330958" lon="6.194424">
        <ele>396.9</ele>
        <time>2026-10-08T05:33:53Z</time>
      </trkpt>
      <trkpt lat="46.330908" lon="6.194394">
        <ele>397.0</ele>
        <time>2026-10-08T05:33:54Z</time>
      </trkpt>
      <trkpt lat="46.330858" lon="6.194369">
        <ele>397.0</ele>
        <time>2026-10-08T05:33:55Z</time>
      </trkpt>
      <trkpt lat="46.330808" lon="6.194341">
        <ele>397.0</ele>
        <time>2026-10-08T05:33:56Z</time>
      </trkpt>
      <trkpt lat="46.330758" lon="6.194309">
        <ele>397.1</ele>
        <time>2026-10-08T05:33:57Z</time>
      </trkpt>
      <trkpt lat="46.330712" lon="6.194287">
        <ele>397.1</ele>
        <time>2026-10-08T05:33:58Z</time>
      </trkpt>
      <trkpt lat="46.330666" lon="6.194263">
        <ele>397.1</ele>
        <time>2026-10-08T05:33:59Z</time>
      </trkpt>
      <trkpt lat="46.330614" lon="6.194238">
        <ele>397.2</ele>
        <time>2026-10-08T05:34:00Z</time>
      </trkpt>
      <trkpt lat="46.330567" lon="6.194213">
        <ele>397.2</ele>
        <time>2026-10-08T05:34:01Z</time>
      </trkpt>
      <trkpt lat="46.330527" lon="6.194188">
        <ele>397.2</ele>
        <time>2026-10-08T05:34:02Z</time>
      </trkpt>
      <trkpt lat="46.330486" lon="6.194165">
        <ele>397.3</ele>
        <time>2026-10-08T05:34:03Z</time>
      </trkpt>
      <trkpt lat="46.330445" lon="6.194141">
        <ele>397.3</ele>
        <time>2026-10-08T05:34:04Z</time>
      </trkpt>
      <trkpt lat="46.3304" lon="6.19412">
        <ele>397.3</ele>
        <time>2026-10-08T05:34:05Z</time>
      </trkpt>
      <trkpt lat="46.330349" lon="6.194099">
        <ele>397.3</ele>
        <time>2026-10-08T05:34:06Z</time>
      </trkpt>
      <trkpt lat="46.330299" lon="6.194071">
        <ele>397.4</ele>
        <time>2026-10-08T05:34:07Z</time>
      </trkpt>
      <trkpt lat="46.330255" lon="6.194042">
        <ele>397.4</ele>
        <time>2026-10-08T05:34:08Z</time>
      </trkpt>
      <trkpt lat="46.330213" lon="6.19401">
        <ele>397.5</ele>
        <time>2026-10-08T05:34:09Z</time>
      </trkpt>
      <trkpt lat="46.330167" lon="6.193985">
        <ele>397.5</ele>
        <time>2026-10-08T05:34:10Z</time>
      </trkpt>
      <trkpt lat="46.330128" lon="6.193954">
        <ele>397.5</ele>
        <time>2026-10-08T05:34:11Z</time>
      </trkpt>
      <trkpt lat="46.33009" lon="6.193903">
        <ele>397.6</ele>
        <time>2026-10-08T05:34:12Z</time>
      </trkpt>
      <trkpt lat="46.330085" lon="6.193829">
        <ele>397.6</ele>
        <time>2026-10-08T05:34:13Z</time>
      </trkpt>
      <trkpt lat="46.330095" lon="6.193763">
        <ele>397.6</ele>
        <time>2026-10-08T05:34:14Z</time>
      </trkpt>
      <trkpt lat="46.330111" lon="6.193696">
        <ele>397.6</ele>
        <time>2026-10-08T05:34:15Z</time>
      </trkpt>
      <trkpt lat="46.330135" lon="6.193612">
        <ele>397.7</ele>
        <time>2026-10-08T05:34:16Z</time>
      </trkpt>
      <trkpt lat="46.330145" lon="6.193544">
        <ele>397.7</ele>
        <time>2026-10-08T05:34:17Z</time>
      </trkpt>
      <trkpt lat="46.330152" lon="6.193477">
        <ele>397.8</ele>
        <time>2026-10-08T05:34:18Z</time>
      </trkpt>
      <trkpt lat="46.33016" lon="6.193409">
        <ele>397.8</ele>
        <time>2026-10-08T05:34:19Z</time>
      </trkpt>
      <trkpt lat="46.330167" lon="6.19334">
        <ele>397.9</ele>
        <time>2026-10-08T05:34:20Z</time>
      </trkpt>
      <trkpt lat="46.330176" lon="6.193271">
        <ele>397.9</ele>
        <time>2026-10-08T05:34:21Z</time>
      </trkpt>
      <trkpt lat="46.330179" lon="6.193211">
        <ele>398.0</ele>
        <time>2026-10-08T05:34:22Z</time>
      </trkpt>
      <trkpt lat="46.330186" lon="6.193156">
        <ele>398.1</ele>
        <time>2026-10-08T05:34:23Z</time>
      </trkpt>
      <trkpt lat="46.330219" lon="6.193115">
        <ele>398.3</ele>
        <time>2026-10-08T05:34:24Z</time>
      </trkpt>
      <trkpt lat="46.330262" lon="6.193082">
        <ele>398.5</ele>
        <time>2026-10-08T05:34:25Z</time>
      </trkpt>
      <trkpt lat="46.330308" lon="6.193062">
        <ele>398.7</ele>
        <time>2026-10-08T05:34:26Z</time>
      </trkpt>
      <trkpt lat="46.330348" lon="6.193032">
        <ele>398.9</ele>
        <time>2026-10-08T05:34:27Z</time>
      </trkpt>
      <trkpt lat="46.330379" lon="6.192992">
        <ele>399.1</ele>
        <time>2026-10-08T05:34:28Z</time>
      </trkpt>
      <trkpt lat="46.33041" lon="6.19295">
        <ele>399.3</ele>
        <time>2026-10-08T05:34:29Z</time>
      </trkpt>
      <trkpt lat="46.330445" lon="6.192909">
        <ele>399.6</ele>
        <time>2026-10-08T05:34:30Z</time>
      </trkpt>
      <trkpt lat="46.330473" lon="6.192867">
        <ele>399.8</ele>
        <time>2026-10-08T05:34:31Z</time>
      </trkpt>
      <trkpt lat="46.330498" lon="6.19282">
        <ele>400.0</ele>
        <time>2026-10-08T05:34:32Z</time>
      </trkpt>
      <trkpt lat="46.330521" lon="6.192771">
        <ele>400.2</ele>
        <time>2026-10-08T05:34:33Z</time>
      </trkpt>
      <trkpt lat="46.330541" lon="6.192722">
        <ele>400.4</ele>
        <time>2026-10-08T05:34:34Z</time>
      </trkpt>
      <trkpt lat="46.330563" lon="6.192674">
        <ele>400.6</ele>
        <time>2026-10-08T05:34:35Z</time>
      </trkpt>
      <trkpt lat="46.330584" lon="6.192626">
        <ele>400.8</ele>
        <time>2026-10-08T05:34:36Z</time>
      </trkpt>
      <trkpt lat="46.330605" lon="6.19258">
        <ele>401.0</ele>
        <time>2026-10-08T05:34:37Z</time>
      </trkpt>
      <trkpt lat="46.330626" lon="6.192532">
        <ele>401.2</ele>
        <time>2026-10-08T05:34:38Z</time>
      </trkpt>
      <trkpt lat="46.330647" lon="6.192485">
        <ele>401.4</ele>
        <time>2026-10-08T05:34:39Z</time>
      </trkpt>
      <trkpt lat="46.330667" lon="6.192438">
        <ele>401.6</ele>
        <time>2026-10-08T05:34:40Z</time>
      </trkpt>
      <trkpt lat="46.330686" lon="6.192392">
        <ele>401.8</ele>
        <time>2026-10-08T05:34:41Z</time>
      </trkpt>
      <trkpt lat="46.330704" lon="6.192342">
        <ele>402.0</ele>
        <time>2026-10-08T05:34:42Z</time>
      </trkpt>
      <trkpt lat="46.330721" lon="6.192291">
        <ele>402.1</ele>
        <time>2026-10-08T05:34:43Z</time>
      </trkpt>
      <trkpt lat="46.330739" lon="6.19224">
        <ele>402.3</ele>
        <time>2026-10-08T05:34:44Z</time>
      </trkpt>
      <trkpt lat="46.330757" lon="6.192191">
        <ele>402.4</ele>
        <time>2026-10-08T05:34:45Z</time>
      </trkpt>
      <trkpt lat="46.330773" lon="6.192138">
        <ele>402.5</ele>
        <time>2026-10-08T05:34:46Z</time>
      </trkpt>
      <trkpt lat="46.330786" lon="6.192084">
        <ele>402.6</ele>
        <time>2026-10-08T05:34:47Z</time>
      </trkpt>
      <trkpt lat="46.330792" lon="6.192028">
        <ele>402.7</ele>
        <time>2026-10-08T05:34:48Z</time>
      </trkpt>
      <trkpt lat="46.330784" lon="6.191967">
        <ele>402.7</ele>
        <time>2026-10-08T05:34:49Z</time>
      </trkpt>
      <trkpt lat="46.330765" lon="6.191915">
        <ele>402.8</ele>
        <time>2026-10-08T05:34:50Z</time>
      </trkpt>
      <trkpt lat="46.330729" lon="6.191873">
        <ele>402.7</ele>
        <time>2026-10-08T05:34:51Z</time>
      </trkpt>
      <trkpt lat="46.33068" lon="6.191857">
        <ele>402.6</ele>
        <time>2026-10-08T05:34:52Z</time>
      </trkpt>
      <trkpt lat="46.330628" lon="6.191857">
        <ele>402.5</ele>
        <time>2026-10-08T05:34:53Z</time>
      </trkpt>
      <trkpt lat="46.330574" lon="6.191852">
        <ele>402.4</ele>
        <time>2026-10-08T05:34:54Z</time>
      </trkpt>
      <trkpt lat="46.330521" lon="6.19183">
        <ele>402.3</ele>
        <time>2026-10-08T05:34:55Z</time>
      </trkpt>
      <trkpt lat="46.330465" lon="6.191809">
        <ele>402.2</ele>
        <time>2026-10-08T05:34:56Z</time>
      </trkpt>
      <trkpt lat="46.330412" lon="6.191789">
        <ele>402.2</ele>
        <time>2026-10-08T05:34:57Z</time>
      </trkpt>
      <trkpt lat="46.330356" lon="6.19177">
        <ele>402.1</ele>
        <time>2026-10-08T05:34:58Z</time>
      </trkpt>
      <trkpt lat="46.330302" lon="6.191749">
        <ele>402.1</ele>
        <time>2026-10-08T05:34:59Z</time>
      </trkpt>
      <trkpt lat="46.330246" lon="6.191724">
        <ele>402.0</ele>
        <time>2026-10-08T05:35:00Z</time>
      </trkpt>
      <trkpt lat="46.330191" lon="6.191701">
        <ele>401.9</ele>
        <time>2026-10-08T05:35:01Z</time>
      </trkpt>
      <trkpt lat="46.330134" lon="6.191675">
        <ele>401.9</ele>
        <time>2026-10-08T05:35:02Z</time>
      </trkpt>
      <trkpt lat="46.330082" lon="6.191641">
        <ele>401.8</ele>
        <time>2026-10-08T05:35:03Z</time>
      </trkpt>
      <trkpt lat="46.33003" lon="6.191602">
        <ele>401.8</ele>
        <time>2026-10-08T05:35:04Z</time>
      </trkpt>
      <trkpt lat="46.32998" lon="6.191556">
        <ele>401.8</ele>
        <time>2026-10-08T05:35:05Z</time>
      </trkpt>
      <trkpt lat="46.329931" lon="6.191507">
        <ele>401.9</ele>
        <time>2026-10-08T05:35:06Z</time>
      </trkpt>
      <trkpt lat="46.329886" lon="6.191461">
        <ele>401.9</ele>
        <time>2026-10-08T05:35:07Z</time>
      </trkpt>
      <trkpt lat="46.329838" lon="6.191412">
        <ele>402.0</ele>
        <time>2026-10-08T05:35:08Z</time>
      </trkpt>
      <trkpt lat="46.329795" lon="6.191368">
        <ele>402.1</ele>
        <time>2026-10-08T05:35:09Z</time>
      </trkpt>
      <trkpt lat="46.329749" lon="6.191321">
        <ele>402.1</ele>
        <time>2026-10-08T05:35:10Z</time>
      </trkpt>
      <trkpt lat="46.329705" lon="6.191274">
        <ele>402.2</ele>
        <time>2026-10-08T05:35:11Z</time>
      </trkpt>
      <trkpt lat="46.329668" lon="6.19122">
        <ele>402.3</ele>
        <time>2026-10-08T05:35:12Z</time>
      </trkpt>
      <trkpt lat="46.329636" lon="6.19115">
        <ele>402.4</ele>
        <time>2026-10-08T05:35:13Z</time>
      </trkpt>
      <trkpt lat="46.329599" lon="6.191097">
        <ele>402.5</ele>
        <time>2026-10-08T05:35:14Z</time>
      </trkpt>
      <trkpt lat="46.329555" lon="6.191058">
        <ele>402.6</ele>
        <time>2026-10-08T05:35:15Z</time>
      </trkpt>
      <trkpt lat="46.329507" lon="6.191024">
        <ele>402.7</ele>
        <time>2026-10-08T05:35:16Z</time>
      </trkpt>
      <trkpt lat="46.329462" lon="6.190987">
        <ele>402.8</ele>
        <time>2026-10-08T05:35:17Z</time>
      </trkpt>
      <trkpt lat="46.329421" lon="6.190943">
        <ele>402.9</ele>
        <time>2026-10-08T05:35:18Z</time>
      </trkpt>
      <trkpt lat="46.32938" lon="6.190903">
        <ele>403.0</ele>
        <time>2026-10-08T05:35:19Z</time>
      </trkpt>
      <trkpt lat="46.329338" lon="6.190863">
        <ele>403.1</ele>
        <time>2026-10-08T05:35:20Z</time>
      </trkpt>
      <trkpt lat="46.3293" lon="6.190825">
        <ele>403.3</ele>
        <time>2026-10-08T05:35:21Z</time>
      </trkpt>
      <trkpt lat="46.32926" lon="6.190792">
        <ele>403.4</ele>
        <time>2026-10-08T05:35:22Z</time>
      </trkpt>
      <trkpt lat="46.329224" lon="6.190756">
        <ele>403.6</ele>
        <time>2026-10-08T05:35:23Z</time>
      </trkpt>
      <trkpt lat="46.329187" lon="6.19072">
        <ele>403.7</ele>
        <time>2026-10-08T05:35:24Z</time>
      </trkpt>
      <trkpt lat="46.329151" lon="6.190685">
        <ele>403.9</ele>
        <time>2026-10-08T05:35:25Z</time>
      </trkpt>
      <trkpt lat="46.329116" lon="6.190651">
        <ele>404.0</ele>
        <time>2026-10-08T05:35:26Z</time>
      </trkpt>
      <trkpt lat="46.329081" lon="6.190615">
        <ele>404.2</ele>
        <time>2026-10-08T05:35:27Z</time>
      </trkpt>
      <trkpt lat="46.329046" lon="6.190581">
        <ele>404.4</ele>
        <time>2026-10-08T05:35:28Z</time>
      </trkpt>
      <trkpt lat="46.329013" lon="6.190546">
        <ele>404.6</ele>
        <time>2026-10-08T05:35:29Z</time>
      </trkpt>
      <trkpt lat="46.328981" lon="6.190507">
        <ele>404.8</ele>
        <time>2026-10-08T05:35:30Z</time>
      </trkpt>
      <trkpt lat="46.328948" lon="6.190468">
        <ele>405.1</ele>
        <time>2026-10-08T05:35:31Z</time>
      </trkpt>
      <trkpt lat="46.328916" lon="6.190434">
        <ele>405.3</ele>
        <time>2026-10-08T05:35:32Z</time>
      </trkpt>
      <trkpt lat="46.328884" lon="6.190396">
        <ele>405.5</ele>
        <time>2026-10-08T05:35:33Z</time>
      </trkpt>
      <trkpt lat="46.328854" lon="6.190358">
        <ele>405.8</ele>
        <time>2026-10-08T05:35:34Z</time>
      </trkpt>
      <trkpt lat="46.328823" lon="6.190321">
        <ele>406.0</ele>
        <time>2026-10-08T05:35:35Z</time>
      </trkpt>
      <trkpt lat="46.328793" lon="6.190284">
        <ele>406.2</ele>
        <time>2026-10-08T05:35:36Z</time>
      </trkpt>
      <trkpt lat="46.328764" lon="6.190246">
        <ele>406.4</ele>
        <time>2026-10-08T05:35:37Z</time>
      </trkpt>
      <trkpt lat="46.328733" lon="6.190205">
        <ele>406.6</ele>
        <time>2026-10-08T05:35:38Z</time>
      </trkpt>
      <trkpt lat="46.328703" lon="6.190168">
        <ele>406.8</ele>
        <time>2026-10-08T05:35:39Z</time>
      </trkpt>
      <trkpt lat="46.328672" lon="6.190129">
        <ele>407.0</ele>
        <time>2026-10-08T05:35:40Z</time>
      </trkpt>
      <trkpt lat="46.328641" lon="6.190091">
        <ele>407.2</ele>
        <time>2026-10-08T05:35:41Z</time>
      </trkpt>
      <trkpt lat="46.328612" lon="6.19005">
        <ele>407.4</ele>
        <time>2026-10-08T05:35:42Z</time>
      </trkpt>
      <trkpt lat="46.328583" lon="6.190012">
        <ele>407.6</ele>
        <time>2026-10-08T05:35:43Z</time>
      </trkpt>
      <trkpt lat="46.328551" lon="6.189976">
        <ele>407.8</ele>
        <time>2026-10-08T05:35:44Z</time>
      </trkpt>
      <trkpt lat="46.328521" lon="6.189933">
        <ele>407.9</ele>
        <time>2026-10-08T05:35:45Z</time>
      </trkpt>
      <trkpt lat="46.328492" lon="6.189892">
        <ele>408.1</ele>
        <time>2026-10-08T05:35:46Z</time>
      </trkpt>
      <trkpt lat="46.328464" lon="6.189851">
        <ele>408.2</ele>
        <time>2026-10-08T05:35:47Z</time>
      </trkpt>
      <trkpt lat="46.328433" lon="6.189812">
        <ele>408.4</ele>
        <time>2026-10-08T05:35:48Z</time>
      </trkpt>
      <trkpt lat="46.328405" lon="6.18977">
        <ele>408.5</ele>
        <time>2026-10-08T05:35:49Z</time>
      </trkpt>
      <trkpt lat="46.328376" lon="6.189729">
        <ele>408.6</ele>
        <time>2026-10-08T05:35:50Z</time>
      </trkpt>
      <trkpt lat="46.328349" lon="6.189684">
        <ele>408.7</ele>
        <time>2026-10-08T05:35:51Z</time>
      </trkpt>
      <trkpt lat="46.328321" lon="6.189638">
        <ele>408.8</ele>
        <time>2026-10-08T05:35:52Z</time>
      </trkpt>
      <trkpt lat="46.328294" lon="6.189592">
        <ele>408.9</ele>
        <time>2026-10-08T05:35:53Z</time>
      </trkpt>
      <trkpt lat="46.328265" lon="6.189547">
        <ele>409.0</ele>
        <time>2026-10-08T05:35:54Z</time>
      </trkpt>
      <trkpt lat="46.328241" lon="6.189495">
        <ele>409.1</ele>
        <time>2026-10-08T05:35:55Z</time>
      </trkpt>
      <trkpt lat="46.328218" lon="6.189447">
        <ele>409.2</ele>
        <time>2026-10-08T05:35:56Z</time>
      </trkpt>
      <trkpt lat="46.328194" lon="6.189396">
        <ele>409.3</ele>
        <time>2026-10-08T05:35:57Z</time>
      </trkpt>
      <trkpt lat="46.32817" lon="6.189348">
        <ele>409.4</ele>
        <time>2026-10-08T05:35:58Z</time>
      </trkpt>
      <trkpt lat="46.328148" lon="6.1893">
        <ele>409.5</ele>
        <time>2026-10-08T05:35:59Z</time>
      </trkpt>
      <trkpt lat="46.328123" lon="6.189253">
        <ele>409.5</ele>
        <time>2026-10-08T05:36:00Z</time>
      </trkpt>
      <trkpt lat="46.328096" lon="6.189203">
        <ele>409.6</ele>
        <time>2026-10-08T05:36:01Z</time>
      </trkpt>
      <trkpt lat="46.32807" lon="6.18915">
        <ele>409.6</ele>
        <time>2026-10-08T05:36:02Z</time>
      </trkpt>
      <trkpt lat="46.328045" lon="6.189098">
        <ele>409.7</ele>
        <time>2026-10-08T05:36:03Z</time>
      </trkpt>
      <trkpt lat="46.328018" lon="6.189045">
        <ele>409.7</ele>
        <time>2026-10-08T05:36:04Z</time>
      </trkpt>
      <trkpt lat="46.327988" lon="6.188995">
        <ele>409.7</ele>
        <time>2026-10-08T05:36:05Z</time>
      </trkpt>
      <trkpt lat="46.327958" lon="6.188944">
        <ele>409.8</ele>
        <time>2026-10-08T05:36:06Z</time>
      </trkpt>
      <trkpt lat="46.327924" lon="6.188894">
        <ele>409.8</ele>
        <time>2026-10-08T05:36:07Z</time>
      </trkpt>
      <trkpt lat="46.327891" lon="6.188845">
        <ele>409.8</ele>
        <time>2026-10-08T05:36:08Z</time>
      </trkpt>
      <trkpt lat="46.327854" lon="6.188798">
        <ele>409.8</ele>
        <time>2026-10-08T05:36:09Z</time>
      </trkpt>
      <trkpt lat="46.327814" lon="6.188751">
        <ele>409.9</ele>
        <time>2026-10-08T05:36:10Z</time>
      </trkpt>
      <trkpt lat="46.327773" lon="6.188705">
        <ele>409.9</ele>
        <time>2026-10-08T05:36:11Z</time>
      </trkpt>
      <trkpt lat="46.327732" lon="6.188657">
        <ele>409.9</ele>
        <time>2026-10-08T05:36:12Z</time>
      </trkpt>
      <trkpt lat="46.327686" lon="6.18861">
        <ele>409.9</ele>
        <time>2026-10-08T05:36:13Z</time>
      </trkpt>
      <trkpt lat="46.327644" lon="6.188561">
        <ele>409.9</ele>
        <time>2026-10-08T05:36:14Z</time>
      </trkpt>
      <trkpt lat="46.3276" lon="6.188516">
        <ele>409.9</ele>
        <time>2026-10-08T05:36:15Z</time>
      </trkpt>
      <trkpt lat="46.327553" lon="6.188472">
        <ele>410.0</ele>
        <time>2026-10-08T05:36:16Z</time>
      </trkpt>
      <trkpt lat="46.327507" lon="6.188422">
        <ele>410.0</ele>
        <time>2026-10-08T05:36:17Z</time>
      </trkpt>
      <trkpt lat="46.327464" lon="6.188377">
        <ele>410.0</ele>
        <time>2026-10-08T05:36:18Z</time>
      </trkpt>
      <trkpt lat="46.32742" lon="6.188327">
        <ele>410.0</ele>
        <time>2026-10-08T05:36:19Z</time>
      </trkpt>
      <trkpt lat="46.327377" lon="6.188274">
        <ele>410.0</ele>
        <time>2026-10-08T05:36:20Z</time>
      </trkpt>
      <trkpt lat="46.327334" lon="6.188224">
        <ele>410.0</ele>
        <time>2026-10-08T05:36:21Z</time>
      </trkpt>
      <trkpt lat="46.32729" lon="6.188177">
        <ele>410.1</ele>
        <time>2026-10-08T05:36:22Z</time>
      </trkpt>
      <trkpt lat="46.327245" lon="6.188128">
        <ele>410.1</ele>
        <time>2026-10-08T05:36:23Z</time>
      </trkpt>
      <trkpt lat="46.327201" lon="6.188081">
        <ele>410.1</ele>
        <time>2026-10-08T05:36:24Z</time>
      </trkpt>
      <trkpt lat="46.327157" lon="6.188033">
        <ele>410.2</ele>
        <time>2026-10-08T05:36:25Z</time>
      </trkpt>
      <trkpt lat="46.327111" lon="6.187986">
        <ele>410.2</ele>
        <time>2026-10-08T05:36:26Z</time>
      </trkpt>
      <trkpt lat="46.327067" lon="6.187939">
        <ele>410.2</ele>
        <time>2026-10-08T05:36:27Z</time>
      </trkpt>
      <trkpt lat="46.327024" lon="6.187889">
        <ele>410.3</ele>
        <time>2026-10-08T05:36:28Z</time>
      </trkpt>
      <trkpt lat="46.32698" lon="6.187839">
        <ele>410.3</ele>
        <time>2026-10-08T05:36:29Z</time>
      </trkpt>
      <trkpt lat="46.326936" lon="6.18779">
        <ele>410.4</ele>
        <time>2026-10-08T05:36:30Z</time>
      </trkpt>
      <trkpt lat="46.32689" lon="6.187742">
        <ele>410.4</ele>
        <time>2026-10-08T05:36:31Z</time>
      </trkpt>
      <trkpt lat="46.326844" lon="6.187692">
        <ele>410.4</ele>
        <time>2026-10-08T05:36:32Z</time>
      </trkpt>
      <trkpt lat="46.326798" lon="6.18764">
        <ele>410.5</ele>
        <time>2026-10-08T05:36:33Z</time>
      </trkpt>
      <trkpt lat="46.326755" lon="6.187593">
        <ele>410.5</ele>
        <time>2026-10-08T05:36:34Z</time>
      </trkpt>
      <trkpt lat="46.326709" lon="6.187544">
        <ele>410.5</ele>
        <time>2026-10-08T05:36:35Z</time>
      </trkpt>
      <trkpt lat="46.326665" lon="6.187495">
        <ele>410.6</ele>
        <time>2026-10-08T05:36:36Z</time>
      </trkpt>
      <trkpt lat="46.326621" lon="6.187445">
        <ele>410.6</ele>
        <time>2026-10-08T05:36:37Z</time>
      </trkpt>
      <trkpt lat="46.326574" lon="6.18739">
        <ele>410.6</ele>
        <time>2026-10-08T05:36:38Z</time>
      </trkpt>
      <trkpt lat="46.326528" lon="6.187336">
        <ele>410.6</ele>
        <time>2026-10-08T05:36:39Z</time>
      </trkpt>
      <trkpt lat="46.326481" lon="6.187286">
        <ele>410.7</ele>
        <time>2026-10-08T05:36:40Z</time>
      </trkpt>
      <trkpt lat="46.326434" lon="6.187233">
        <ele>410.7</ele>
        <time>2026-10-08T05:36:41Z</time>
      </trkpt>
      <trkpt lat="46.326387" lon="6.18718">
        <ele>410.8</ele>
        <time>2026-10-08T05:36:42Z</time>
      </trkpt>
      <trkpt lat="46.32634" lon="6.187125">
        <ele>410.8</ele>
        <time>2026-10-08T05:36:43Z</time>
      </trkpt>
      <trkpt lat="46.326291" lon="6.187073">
        <ele>410.8</ele>
        <time>2026-10-08T05:36:44Z</time>
      </trkpt>
      <trkpt lat="46.326244" lon="6.187022">
        <ele>410.9</ele>
        <time>2026-10-08T05:36:45Z</time>
      </trkpt>
      <trkpt lat="46.326197" lon="6.186972">
        <ele>410.9</ele>
        <time>2026-10-08T05:36:46Z</time>
      </trkpt>
      <trkpt lat="46.326148" lon="6.186927">
        <ele>410.9</ele>
        <time>2026-10-08T05:36:47Z</time>
      </trkpt>
      <trkpt lat="46.326097" lon="6.186885">
        <ele>411.0</ele>
        <time>2026-10-08T05:36:48Z</time>
      </trkpt>
      <trkpt lat="46.326044" lon="6.186848">
        <ele>411.0</ele>
        <time>2026-10-08T05:36:49Z</time>
      </trkpt>
      <trkpt lat="46.325994" lon="6.186813">
        <ele>411.0</ele>
        <time>2026-10-08T05:36:50Z</time>
      </trkpt>
      <trkpt lat="46.325937" lon="6.186776">
        <ele>411.1</ele>
        <time>2026-10-08T05:36:51Z</time>
      </trkpt>
      <trkpt lat="46.325885" lon="6.186738">
        <ele>411.1</ele>
        <time>2026-10-08T05:36:52Z</time>
      </trkpt>
      <trkpt lat="46.325829" lon="6.186701">
        <ele>411.1</ele>
        <time>2026-10-08T05:36:53Z</time>
      </trkpt>
      <trkpt lat="46.325772" lon="6.186669">
        <ele>411.1</ele>
        <time>2026-10-08T05:36:54Z</time>
      </trkpt>
      <trkpt lat="46.325716" lon="6.186634">
        <ele>411.1</ele>
        <time>2026-10-08T05:36:55Z</time>
      </trkpt>
      <trkpt lat="46.325661" lon="6.186595">
        <ele>411.1</ele>
        <time>2026-10-08T05:36:56Z</time>
      </trkpt>
      <trkpt lat="46.325607" lon="6.186556">
        <ele>411.1</ele>
        <time>2026-10-08T05:36:57Z</time>
      </trkpt>
      <trkpt lat="46.325553" lon="6.186512">
        <ele>411.1</ele>
        <time>2026-10-08T05:36:58Z</time>
      </trkpt>
      <trkpt lat="46.3255" lon="6.186474">
        <ele>411.1</ele>
        <time>2026-10-08T05:36:59Z</time>
      </trkpt>
      <trkpt lat="46.325446" lon="6.186433">
        <ele>411.1</ele>
        <time>2026-10-08T05:37:00Z</time>
      </trkpt>
      <trkpt lat="46.325396" lon="6.186393">
        <ele>411.2</ele>
        <time>2026-10-08T05:37:01Z</time>
      </trkpt>
      <trkpt lat="46.325344" lon="6.18635">
        <ele>411.2</ele>
        <time>2026-10-08T05:37:02Z</time>
      </trkpt>
      <trkpt lat="46.325294" lon="6.186312">
        <ele>411.2</ele>
        <time>2026-10-08T05:37:03Z</time>
      </trkpt>
      <trkpt lat="46.325245" lon="6.186267">
        <ele>411.2</ele>
        <time>2026-10-08T05:37:04Z</time>
      </trkpt>
      <trkpt lat="46.325195" lon="6.186219">
        <ele>411.2</ele>
        <time>2026-10-08T05:37:05Z</time>
      </trkpt>
      <trkpt lat="46.32514" lon="6.186164">
        <ele>411.2</ele>
        <time>2026-10-08T05:37:06Z</time>
      </trkpt>
      <trkpt lat="46.325093" lon="6.186114">
        <ele>411.1</ele>
        <time>2026-10-08T05:37:07Z</time>
      </trkpt>
      <trkpt lat="46.325043" lon="6.18607">
        <ele>411.1</ele>
        <time>2026-10-08T05:37:08Z</time>
      </trkpt>
      <trkpt lat="46.324992" lon="6.186021">
        <ele>411.1</ele>
        <time>2026-10-08T05:37:09Z</time>
      </trkpt>
      <trkpt lat="46.324942" lon="6.185967">
        <ele>411.1</ele>
        <time>2026-10-08T05:37:10Z</time>
      </trkpt>
      <trkpt lat="46.324892" lon="6.185913">
        <ele>411.0</ele>
        <time>2026-10-08T05:37:11Z</time>
      </trkpt>
      <trkpt lat="46.324845" lon="6.185862">
        <ele>411.0</ele>
        <time>2026-10-08T05:37:12Z</time>
      </trkpt>
      <trkpt lat="46.324797" lon="6.185808">
        <ele>411.0</ele>
        <time>2026-10-08T05:37:13Z</time>
      </trkpt>
      <trkpt lat="46.324749" lon="6.185756">
        <ele>411.0</ele>
        <time>2026-10-08T05:37:14Z</time>
      </trkpt>
      <trkpt lat="46.3247" lon="6.185703">
        <ele>410.9</ele>
        <time>2026-10-08T05:37:15Z</time>
      </trkpt>
      <trkpt lat="46.324649" lon="6.185648">
        <ele>410.9</ele>
        <time>2026-10-08T05:37:16Z</time>
      </trkpt>
      <trkpt lat="46.324595" lon="6.185596">
        <ele>410.9</ele>
        <time>2026-10-08T05:37:17Z</time>
      </trkpt>
      <trkpt lat="46.324538" lon="6.185541">
        <ele>410.9</ele>
        <time>2026-10-08T05:37:18Z</time>
      </trkpt>
      <trkpt lat="46.324493" lon="6.185484">
        <ele>411.0</ele>
        <time>2026-10-08T05:37:19Z</time>
      </trkpt>
      <trkpt lat="46.324447" lon="6.185429">
        <ele>411.0</ele>
        <time>2026-10-08T05:37:20Z</time>
      </trkpt>
      <trkpt lat="46.324395" lon="6.185383">
        <ele>411.1</ele>
        <time>2026-10-08T05:37:21Z</time>
      </trkpt>
      <trkpt lat="46.324345" lon="6.185335">
        <ele>411.2</ele>
        <time>2026-10-08T05:37:22Z</time>
      </trkpt>
      <trkpt lat="46.324295" lon="6.185282">
        <ele>411.2</ele>
        <time>2026-10-08T05:37:23Z</time>
      </trkpt>
      <trkpt lat="46.324246" lon="6.185231">
        <ele>411.3</ele>
        <time>2026-10-08T05:37:24Z</time>
      </trkpt>
      <trkpt lat="46.3242" lon="6.185179">
        <ele>411.4</ele>
        <time>2026-10-08T05:37:25Z</time>
      </trkpt>
      <trkpt lat="46.324153" lon="6.185133">
        <ele>411.4</ele>
        <time>2026-10-08T05:37:26Z</time>
      </trkpt>
      <trkpt lat="46.324105" lon="6.185083">
        <ele>411.5</ele>
        <time>2026-10-08T05:37:27Z</time>
      </trkpt>
      <trkpt lat="46.324057" lon="6.185034">
        <ele>411.6</ele>
        <time>2026-10-08T05:37:28Z</time>
      </trkpt>
      <trkpt lat="46.324011" lon="6.184989">
        <ele>411.6</ele>
        <time>2026-10-08T05:37:29Z</time>
      </trkpt>
      <trkpt lat="46.323964" lon="6.18494">
        <ele>411.7</ele>
        <time>2026-10-08T05:37:30Z</time>
      </trkpt>
      <trkpt lat="46.323918" lon="6.184893">
        <ele>411.8</ele>
        <time>2026-10-08T05:37:31Z</time>
      </trkpt>
      <trkpt lat="46.323872" lon="6.184846">
        <ele>411.8</ele>
        <time>2026-10-08T05:37:32Z</time>
      </trkpt>
      <trkpt lat="46.323827" lon="6.1848">
        <ele>411.9</ele>
        <time>2026-10-08T05:37:33Z</time>
      </trkpt>
      <trkpt lat="46.323783" lon="6.184751">
        <ele>412.0</ele>
        <time>2026-10-08T05:37:34Z</time>
      </trkpt>
      <trkpt lat="46.323736" lon="6.184705">
        <ele>412.1</ele>
        <time>2026-10-08T05:37:35Z</time>
      </trkpt>
      <trkpt lat="46.323691" lon="6.184662">
        <ele>412.1</ele>
        <time>2026-10-08T05:37:36Z</time>
      </trkpt>
      <trkpt lat="46.323645" lon="6.184617">
        <ele>412.2</ele>
        <time>2026-10-08T05:37:37Z</time>
      </trkpt>
      <trkpt lat="46.3236" lon="6.18457">
        <ele>412.2</ele>
        <time>2026-10-08T05:37:38Z</time>
      </trkpt>
      <trkpt lat="46.323556" lon="6.184526">
        <ele>412.3</ele>
        <time>2026-10-08T05:37:39Z</time>
      </trkpt>
      <trkpt lat="46.323511" lon="6.184481">
        <ele>412.4</ele>
        <time>2026-10-08T05:37:40Z</time>
      </trkpt>
      <trkpt lat="46.323466" lon="6.184435">
        <ele>412.4</ele>
        <time>2026-10-08T05:37:41Z</time>
      </trkpt>
      <trkpt lat="46.323423" lon="6.184388">
        <ele>412.5</ele>
        <time>2026-10-08T05:37:42Z</time>
      </trkpt>
      <trkpt lat="46.32338" lon="6.18434">
        <ele>412.6</ele>
        <time>2026-10-08T05:37:43Z</time>
      </trkpt>
      <trkpt lat="46.323338" lon="6.184293">
        <ele>412.6</ele>
        <time>2026-10-08T05:37:44Z</time>
      </trkpt>
      <trkpt lat="46.323298" lon="6.184243">
        <ele>412.7</ele>
        <time>2026-10-08T05:37:45Z</time>
      </trkpt>
      <trkpt lat="46.323259" lon="6.184189">
        <ele>412.8</ele>
        <time>2026-10-08T05:37:46Z</time>
      </trkpt>
      <trkpt lat="46.323221" lon="6.184131">
        <ele>412.8</ele>
        <time>2026-10-08T05:37:47Z</time>
      </trkpt>
      <trkpt lat="46.323185" lon="6.18407">
        <ele>412.9</ele>
        <time>2026-10-08T05:37:48Z</time>
      </trkpt>
      <trkpt lat="46.323149" lon="6.184008">
        <ele>413.0</ele>
        <time>2026-10-08T05:37:49Z</time>
      </trkpt>
      <trkpt lat="46.323116" lon="6.183945">
        <ele>413.0</ele>
        <time>2026-10-08T05:37:50Z</time>
      </trkpt>
      <trkpt lat="46.323084" lon="6.183878">
        <ele>413.1</ele>
        <time>2026-10-08T05:37:51Z</time>
      </trkpt>
      <trkpt lat="46.323055" lon="6.183806">
        <ele>413.2</ele>
        <time>2026-10-08T05:37:52Z</time>
      </trkpt>
      <trkpt lat="46.32303" lon="6.183735">
        <ele>413.3</ele>
        <time>2026-10-08T05:37:53Z</time>
      </trkpt>
      <trkpt lat="46.32301" lon="6.183662">
        <ele>413.4</ele>
        <time>2026-10-08T05:37:54Z</time>
      </trkpt>
      <trkpt lat="46.32299" lon="6.183585">
        <ele>413.4</ele>
        <time>2026-10-08T05:37:55Z</time>
      </trkpt>
      <trkpt lat="46.322972" lon="6.183512">
        <ele>413.5</ele>
        <time>2026-10-08T05:37:56Z</time>
      </trkpt>
      <trkpt lat="46.322957" lon="6.183439">
        <ele>413.6</ele>
        <time>2026-10-08T05:37:57Z</time>
      </trkpt>
      <trkpt lat="46.322944" lon="6.183363">
        <ele>413.7</ele>
        <time>2026-10-08T05:37:58Z</time>
      </trkpt>
      <trkpt lat="46.322934" lon="6.183291">
        <ele>413.8</ele>
        <time>2026-10-08T05:37:59Z</time>
      </trkpt>
      <trkpt lat="46.322925" lon="6.183216">
        <ele>414.0</ele>
        <time>2026-10-08T05:38:00Z</time>
      </trkpt>
      <trkpt lat="46.322918" lon="6.183145">
        <ele>414.1</ele>
        <time>2026-10-08T05:38:01Z</time>
      </trkpt>
      <trkpt lat="46.32291" lon="6.183071">
        <ele>414.2</ele>
        <time>2026-10-08T05:38:02Z</time>
      </trkpt>
      <trkpt lat="46.322905" lon="6.182998">
        <ele>414.3</ele>
        <time>2026-10-08T05:38:03Z</time>
      </trkpt>
      <trkpt lat="46.322903" lon="6.182928">
        <ele>414.4</ele>
        <time>2026-10-08T05:38:04Z</time>
      </trkpt>
      <trkpt lat="46.3229" lon="6.182858">
        <ele>414.5</ele>
        <time>2026-10-08T05:38:05Z</time>
      </trkpt>
      <trkpt lat="46.322894" lon="6.182787">
        <ele>414.6</ele>
        <time>2026-10-08T05:38:06Z</time>
      </trkpt>
      <trkpt lat="46.322887" lon="6.182713">
        <ele>414.7</ele>
        <time>2026-10-08T05:38:07Z</time>
      </trkpt>
      <trkpt lat="46.322888" lon="6.182639">
        <ele>414.8</ele>
        <time>2026-10-08T05:38:08Z</time>
      </trkpt>
      <trkpt lat="46.322885" lon="6.182567">
        <ele>414.9</ele>
        <time>2026-10-08T05:38:09Z</time>
      </trkpt>
      <trkpt lat="46.322882" lon="6.182496">
        <ele>415.0</ele>
        <time>2026-10-08T05:38:10Z</time>
      </trkpt>
      <trkpt lat="46.322878" lon="6.182426">
        <ele>415.1</ele>
        <time>2026-10-08T05:38:11Z</time>
      </trkpt>
      <trkpt lat="46.322875" lon="6.182356">
        <ele>415.3</ele>
        <time>2026-10-08T05:38:12Z</time>
      </trkpt>
      <trkpt lat="46.322874" lon="6.182287">
        <ele>415.4</ele>
        <time>2026-10-08T05:38:13Z</time>
      </trkpt>
      <trkpt lat="46.32287" lon="6.182216">
        <ele>415.6</ele>
        <time>2026-10-08T05:38:14Z</time>
      </trkpt>
      <trkpt lat="46.322865" lon="6.18215">
        <ele>415.7</ele>
        <time>2026-10-08T05:38:15Z</time>
      </trkpt>
      <trkpt lat="46.322859" lon="6.182084">
        <ele>415.8</ele>
        <time>2026-10-08T05:38:16Z</time>
      </trkpt>
      <trkpt lat="46.322855" lon="6.182018">
        <ele>416.0</ele>
        <time>2026-10-08T05:38:17Z</time>
      </trkpt>
      <trkpt lat="46.322847" lon="6.181951">
        <ele>416.1</ele>
        <time>2026-10-08T05:38:18Z</time>
      </trkpt>
      <trkpt lat="46.322837" lon="6.181886">
        <ele>416.3</ele>
        <time>2026-10-08T05:38:19Z</time>
      </trkpt>
      <trkpt lat="46.322821" lon="6.181825">
        <ele>416.5</ele>
        <time>2026-10-08T05:38:20Z</time>
      </trkpt>
      <trkpt lat="46.322807" lon="6.18176">
        <ele>416.6</ele>
        <time>2026-10-08T05:38:21Z</time>
      </trkpt>
      <trkpt lat="46.322793" lon="6.181697">
        <ele>416.8</ele>
        <time>2026-10-08T05:38:22Z</time>
      </trkpt>
      <trkpt lat="46.322775" lon="6.181642">
        <ele>416.9</ele>
        <time>2026-10-08T05:38:23Z</time>
      </trkpt>
      <trkpt lat="46.322751" lon="6.181582">
        <ele>417.1</ele>
        <time>2026-10-08T05:38:24Z</time>
      </trkpt>
      <trkpt lat="46.322721" lon="6.181538">
        <ele>417.2</ele>
        <time>2026-10-08T05:38:25Z</time>
      </trkpt>
      <trkpt lat="46.322686" lon="6.181501">
        <ele>417.4</ele>
        <time>2026-10-08T05:38:26Z</time>
      </trkpt>
      <trkpt lat="46.322648" lon="6.181461">
        <ele>417.5</ele>
        <time>2026-10-08T05:38:27Z</time>
      </trkpt>
      <trkpt lat="46.322608" lon="6.181435">
        <ele>417.5</ele>
        <time>2026-10-08T05:38:28Z</time>
      </trkpt>
      <trkpt lat="46.322567" lon="6.181406">
        <ele>417.6</ele>
        <time>2026-10-08T05:38:29Z</time>
      </trkpt>
      <trkpt lat="46.322525" lon="6.181378">
        <ele>417.7</ele>
        <time>2026-10-08T05:38:30Z</time>
      </trkpt>
      <trkpt lat="46.322484" lon="6.181347">
        <ele>417.8</ele>
        <time>2026-10-08T05:38:31Z</time>
      </trkpt>
      <trkpt lat="46.322442" lon="6.181315">
        <ele>417.8</ele>
        <time>2026-10-08T05:38:32Z</time>
      </trkpt>
      <trkpt lat="46.322399" lon="6.181283">
        <ele>417.9</ele>
        <time>2026-10-08T05:38:33Z</time>
      </trkpt>
      <trkpt lat="46.32236" lon="6.181256">
        <ele>417.9</ele>
        <time>2026-10-08T05:38:34Z</time>
      </trkpt>
      <trkpt lat="46.322312" lon="6.181227">
        <ele>418.0</ele>
        <time>2026-10-08T05:38:35Z</time>
      </trkpt>
      <trkpt lat="46.322266" lon="6.181202">
        <ele>418.0</ele>
        <time>2026-10-08T05:38:36Z</time>
      </trkpt>
      <trkpt lat="46.322219" lon="6.181176">
        <ele>418.1</ele>
        <time>2026-10-08T05:38:37Z</time>
      </trkpt>
      <trkpt lat="46.322172" lon="6.181154">
        <ele>418.2</ele>
        <time>2026-10-08T05:38:38Z</time>
      </trkpt>
      <trkpt lat="46.322126" lon="6.181129">
        <ele>418.3</ele>
        <time>2026-10-08T05:38:39Z</time>
      </trkpt>
      <trkpt lat="46.322075" lon="6.181108">
        <ele>418.3</ele>
        <time>2026-10-08T05:38:40Z</time>
      </trkpt>
      <trkpt lat="46.322026" lon="6.181094">
        <ele>418.4</ele>
        <time>2026-10-08T05:38:41Z</time>
      </trkpt>
      <trkpt lat="46.321975" lon="6.181074">
        <ele>418.4</ele>
        <time>2026-10-08T05:38:42Z</time>
      </trkpt>
      <trkpt lat="46.321926" lon="6.181047">
        <ele>418.5</ele>
        <time>2026-10-08T05:38:43Z</time>
      </trkpt>
      <trkpt lat="46.321876" lon="6.181022">
        <ele>418.5</ele>
        <time>2026-10-08T05:38:44Z</time>
      </trkpt>
      <trkpt lat="46.321826" lon="6.180994">
        <ele>418.6</ele>
        <time>2026-10-08T05:38:45Z</time>
      </trkpt>
      <trkpt lat="46.321777" lon="6.180966">
        <ele>418.6</ele>
        <time>2026-10-08T05:38:46Z</time>
      </trkpt>
      <trkpt lat="46.321726" lon="6.180938">
        <ele>418.7</ele>
        <time>2026-10-08T05:38:47Z</time>
      </trkpt>
      <trkpt lat="46.321677" lon="6.180905">
        <ele>418.8</ele>
        <time>2026-10-08T05:38:48Z</time>
      </trkpt>
      <trkpt lat="46.321624" lon="6.180884">
        <ele>418.8</ele>
        <time>2026-10-08T05:38:49Z</time>
      </trkpt>
      <trkpt lat="46.321573" lon="6.180857">
        <ele>418.9</ele>
        <time>2026-10-08T05:38:50Z</time>
      </trkpt>
      <trkpt lat="46.321523" lon="6.180827">
        <ele>418.9</ele>
        <time>2026-10-08T05:38:51Z</time>
      </trkpt>
      <trkpt lat="46.321471" lon="6.180798">
        <ele>419.0</ele>
        <time>2026-10-08T05:38:52Z</time>
      </trkpt>
      <trkpt lat="46.321425" lon="6.180764">
        <ele>419.1</ele>
        <time>2026-10-08T05:38:53Z</time>
      </trkpt>
      <trkpt lat="46.321377" lon="6.180731">
        <ele>419.2</ele>
        <time>2026-10-08T05:38:54Z</time>
      </trkpt>
      <trkpt lat="46.321326" lon="6.180702">
        <ele>419.2</ele>
        <time>2026-10-08T05:38:55Z</time>
      </trkpt>
      <trkpt lat="46.321274" lon="6.180678">
        <ele>419.3</ele>
        <time>2026-10-08T05:38:56Z</time>
      </trkpt>
      <trkpt lat="46.321224" lon="6.180653">
        <ele>419.4</ele>
        <time>2026-10-08T05:38:57Z</time>
      </trkpt>
      <trkpt lat="46.321174" lon="6.180623">
        <ele>419.4</ele>
        <time>2026-10-08T05:38:58Z</time>
      </trkpt>
      <trkpt lat="46.321126" lon="6.180589">
        <ele>419.5</ele>
        <time>2026-10-08T05:38:59Z</time>
      </trkpt>
      <trkpt lat="46.32108" lon="6.180551">
        <ele>419.6</ele>
        <time>2026-10-08T05:39:00Z</time>
      </trkpt>
      <trkpt lat="46.321036" lon="6.180506">
        <ele>419.7</ele>
        <time>2026-10-08T05:39:01Z</time>
      </trkpt>
      <trkpt lat="46.320997" lon="6.180454">
        <ele>419.8</ele>
        <time>2026-10-08T05:39:02Z</time>
      </trkpt>
      <trkpt lat="46.32096" lon="6.180396">
        <ele>419.9</ele>
        <time>2026-10-08T05:39:03Z</time>
      </trkpt>
      <trkpt lat="46.320926" lon="6.180343">
        <ele>420.0</ele>
        <time>2026-10-08T05:39:04Z</time>
      </trkpt>
      <trkpt lat="46.320894" lon="6.180284">
        <ele>420.0</ele>
        <time>2026-10-08T05:39:05Z</time>
      </trkpt>
      <trkpt lat="46.320863" lon="6.180226">
        <ele>420.1</ele>
        <time>2026-10-08T05:39:06Z</time>
      </trkpt>
      <trkpt lat="46.320835" lon="6.180165">
        <ele>420.2</ele>
        <time>2026-10-08T05:39:07Z</time>
      </trkpt>
      <trkpt lat="46.320807" lon="6.180102">
        <ele>420.3</ele>
        <time>2026-10-08T05:39:08Z</time>
      </trkpt>
      <trkpt lat="46.320775" lon="6.180045">
        <ele>420.3</ele>
        <time>2026-10-08T05:39:09Z</time>
      </trkpt>
      <trkpt lat="46.320741" lon="6.179993">
        <ele>420.4</ele>
        <time>2026-10-08T05:39:10Z</time>
      </trkpt>
      <trkpt lat="46.320701" lon="6.179949">
        <ele>420.5</ele>
        <time>2026-10-08T05:39:11Z</time>
      </trkpt>
      <trkpt lat="46.320658" lon="6.179909">
        <ele>420.6</ele>
        <time>2026-10-08T05:39:12Z</time>
      </trkpt>
      <trkpt lat="46.320614" lon="6.179873">
        <ele>420.6</ele>
        <time>2026-10-08T05:39:13Z</time>
      </trkpt>
      <trkpt lat="46.320568" lon="6.179836">
        <ele>420.7</ele>
        <time>2026-10-08T05:39:14Z</time>
      </trkpt>
      <trkpt lat="46.320537" lon="6.179779">
        <ele>420.8</ele>
        <time>2026-10-08T05:39:15Z</time>
      </trkpt>
      <trkpt lat="46.320521" lon="6.179699">
        <ele>420.8</ele>
        <time>2026-10-08T05:39:16Z</time>
      </trkpt>
      <trkpt lat="46.320521" lon="6.179613">
        <ele>420.9</ele>
        <time>2026-10-08T05:39:17Z</time>
      </trkpt>
      <trkpt lat="46.320523" lon="6.179538">
        <ele>420.9</ele>
        <time>2026-10-08T05:39:18Z</time>
      </trkpt>
      <trkpt lat="46.320521" lon="6.179464">
        <ele>420.9</ele>
        <time>2026-10-08T05:39:19Z</time>
      </trkpt>
      <trkpt lat="46.320518" lon="6.17939">
        <ele>421.0</ele>
        <time>2026-10-08T05:39:20Z</time>
      </trkpt>
      <trkpt lat="46.320514" lon="6.179313">
        <ele>421.0</ele>
        <time>2026-10-08T05:39:21Z</time>
      </trkpt>
      <trkpt lat="46.320517" lon="6.179234">
        <ele>421.0</ele>
        <time>2026-10-08T05:39:22Z</time>
      </trkpt>
      <trkpt lat="46.320514" lon="6.179157">
        <ele>420.9</ele>
        <time>2026-10-08T05:39:23Z</time>
      </trkpt>
      <trkpt lat="46.320513" lon="6.179081">
        <ele>420.9</ele>
        <time>2026-10-08T05:39:24Z</time>
      </trkpt>
      <trkpt lat="46.320506" lon="6.179007">
        <ele>420.8</ele>
        <time>2026-10-08T05:39:25Z</time>
      </trkpt>
      <trkpt lat="46.32049" lon="6.178933">
        <ele>420.7</ele>
        <time>2026-10-08T05:39:26Z</time>
      </trkpt>
      <trkpt lat="46.320465" lon="6.178865">
        <ele>420.6</ele>
        <time>2026-10-08T05:39:27Z</time>
      </trkpt>
      <trkpt lat="46.320433" lon="6.178798">
        <ele>420.4</ele>
        <time>2026-10-08T05:39:28Z</time>
      </trkpt>
      <trkpt lat="46.320389" lon="6.178737">
        <ele>420.2</ele>
        <time>2026-10-08T05:39:29Z</time>
      </trkpt>
      <trkpt lat="46.320336" lon="6.178693">
        <ele>419.9</ele>
        <time>2026-10-08T05:39:30Z</time>
      </trkpt>
      <trkpt lat="46.320282" lon="6.178655">
        <ele>419.6</ele>
        <time>2026-10-08T05:39:31Z</time>
      </trkpt>
      <trkpt lat="46.320228" lon="6.178612">
        <ele>419.3</ele>
        <time>2026-10-08T05:39:32Z</time>
      </trkpt>
      <trkpt lat="46.320173" lon="6.178573">
        <ele>418.9</ele>
        <time>2026-10-08T05:39:33Z</time>
      </trkpt>
      <trkpt lat="46.320117" lon="6.178531">
        <ele>418.5</ele>
        <time>2026-10-08T05:39:34Z</time>
      </trkpt>
      <trkpt lat="46.320057" lon="6.178487">
        <ele>418.0</ele>
        <time>2026-10-08T05:39:35Z</time>
      </trkpt>
      <trkpt lat="46.319993" lon="6.178432">
        <ele>417.4</ele>
        <time>2026-10-08T05:39:36Z</time>
      </trkpt>
      <trkpt lat="46.319927" lon="6.178375">
        <ele>416.8</ele>
        <time>2026-10-08T05:39:37Z</time>
      </trkpt>
      <trkpt lat="46.319855" lon="6.178319">
        <ele>416.0</ele>
        <time>2026-10-08T05:39:38Z</time>
      </trkpt>
      <trkpt lat="46.319785" lon="6.17825">
        <ele>415.3</ele>
        <time>2026-10-08T05:39:39Z</time>
      </trkpt>
      <trkpt lat="46.319714" lon="6.178169">
        <ele>414.5</ele>
        <time>2026-10-08T05:39:40Z</time>
      </trkpt>
      <trkpt lat="46.31964" lon="6.178085">
        <ele>413.7</ele>
        <time>2026-10-08T05:39:41Z</time>
      </trkpt>
      <trkpt lat="46.319558" lon="6.178008">
        <ele>413.0</ele>
        <time>2026-10-08T05:39:42Z</time>
      </trkpt>
      <trkpt lat="46.319466" lon="6.177948">
        <ele>412.4</ele>
        <time>2026-10-08T05:39:43Z</time>
      </trkpt>
      <trkpt lat="46.319368" lon="6.177907">
        <ele>411.9</ele>
        <time>2026-10-08T05:39:44Z</time>
      </trkpt>
      <trkpt lat="46.319269" lon="6.177877">
        <ele>411.7</ele>
        <time>2026-10-08T05:39:45Z</time>
      </trkpt>
      <trkpt lat="46.319172" lon="6.17785">
        <ele>411.6</ele>
        <time>2026-10-08T05:39:46Z</time>
      </trkpt>
      <trkpt lat="46.319078" lon="6.177829">
        <ele>411.5</ele>
        <time>2026-10-08T05:39:47Z</time>
      </trkpt>
      <trkpt lat="46.31899" lon="6.177807">
        <ele>411.5</ele>
        <time>2026-10-08T05:39:48Z</time>
      </trkpt>
      <trkpt lat="46.318915" lon="6.177776">
        <ele>411.6</ele>
        <time>2026-10-08T05:39:49Z</time>
      </trkpt>
      <trkpt lat="46.318848" lon="6.17773">
        <ele>411.8</ele>
        <time>2026-10-08T05:39:50Z</time>
      </trkpt>
      <trkpt lat="46.318791" lon="6.177675">
        <ele>412.0</ele>
        <time>2026-10-08T05:39:51Z</time>
      </trkpt>
      <trkpt lat="46.318746" lon="6.177618">
        <ele>412.2</ele>
        <time>2026-10-08T05:39:52Z</time>
      </trkpt>
      <trkpt lat="46.318714" lon="6.177563">
        <ele>412.3</ele>
        <time>2026-10-08T05:39:53Z</time>
      </trkpt>
      <trkpt lat="46.318689" lon="6.177531">
        <ele>412.5</ele>
        <time>2026-10-08T05:39:54Z</time>
      </trkpt>
      <trkpt lat="46.318677" lon="6.177515">
        <ele>412.5</ele>
        <time>2026-10-08T05:39:55Z</time>
      </trkpt>
      <trkpt lat="46.318654" lon="6.177511">
        <ele>412.6</ele>
        <time>2026-10-08T05:39:56Z</time>
      </trkpt>
      <trkpt lat="46.318622" lon="6.177491">
        <ele>412.7</ele>
        <time>2026-10-08T05:39:57Z</time>
      </trkpt>
      <trkpt lat="46.318585" lon="6.17745">
        <ele>412.8</ele>
        <time>2026-10-08T05:39:58Z</time>
      </trkpt>
      <trkpt lat="46.318551" lon="6.177408">
        <ele>412.9</ele>
        <time>2026-10-08T05:39:59Z</time>
      </trkpt>
      <trkpt lat="46.318517" lon="6.177374">
        <ele>412.9</ele>
        <time>2026-10-08T05:40:00Z</time>
      </trkpt>
      <trkpt lat="46.318483" lon="6.177341">
        <ele>413.0</ele>
        <time>2026-10-08T05:40:01Z</time>
      </trkpt>
      <trkpt lat="46.318445" lon="6.177303">
        <ele>413.0</ele>
        <time>2026-10-08T05:40:02Z</time>
      </trkpt>
      <trkpt lat="46.31841" lon="6.177259">
        <ele>413.1</ele>
        <time>2026-10-08T05:40:03Z</time>
      </trkpt>
      <trkpt lat="46.318374" lon="6.17722">
        <ele>413.2</ele>
        <time>2026-10-08T05:40:04Z</time>
      </trkpt>
      <trkpt lat="46.318335" lon="6.177186">
        <ele>413.3</ele>
        <time>2026-10-08T05:40:05Z</time>
      </trkpt>
      <trkpt lat="46.318298" lon="6.177145">
        <ele>413.5</ele>
        <time>2026-10-08T05:40:06Z</time>
      </trkpt>
      <trkpt lat="46.318261" lon="6.177108">
        <ele>413.6</ele>
        <time>2026-10-08T05:40:07Z</time>
      </trkpt>
      <trkpt lat="46.318226" lon="6.177069">
        <ele>413.7</ele>
        <time>2026-10-08T05:40:08Z</time>
      </trkpt>
      <trkpt lat="46.318191" lon="6.177034">
        <ele>413.8</ele>
        <time>2026-10-08T05:40:09Z</time>
      </trkpt>
      <trkpt lat="46.318155" lon="6.177">
        <ele>414.0</ele>
        <time>2026-10-08T05:40:10Z</time>
      </trkpt>
      <trkpt lat="46.318119" lon="6.176963">
        <ele>414.2</ele>
        <time>2026-10-08T05:40:11Z</time>
      </trkpt>
      <trkpt lat="46.318083" lon="6.176929">
        <ele>414.4</ele>
        <time>2026-10-08T05:40:12Z</time>
      </trkpt>
      <trkpt lat="46.318049" lon="6.176894">
        <ele>414.6</ele>
        <time>2026-10-08T05:40:13Z</time>
      </trkpt>
      <trkpt lat="46.318014" lon="6.176863">
        <ele>414.8</ele>
        <time>2026-10-08T05:40:14Z</time>
      </trkpt>
      <trkpt lat="46.317981" lon="6.176826">
        <ele>415.0</ele>
        <time>2026-10-08T05:40:15Z</time>
      </trkpt>
      <trkpt lat="46.317946" lon="6.176793">
        <ele>415.2</ele>
        <time>2026-10-08T05:40:16Z</time>
      </trkpt>
      <trkpt lat="46.317913" lon="6.176761">
        <ele>415.4</ele>
        <time>2026-10-08T05:40:17Z</time>
      </trkpt>
      <trkpt lat="46.317879" lon="6.176729">
        <ele>415.6</ele>
        <time>2026-10-08T05:40:18Z</time>
      </trkpt>
      <trkpt lat="46.317843" lon="6.176696">
        <ele>415.7</ele>
        <time>2026-10-08T05:40:19Z</time>
      </trkpt>
      <trkpt lat="46.317811" lon="6.176658">
        <ele>415.9</ele>
        <time>2026-10-08T05:40:20Z</time>
      </trkpt>
      <trkpt lat="46.317775" lon="6.176627">
        <ele>416.1</ele>
        <time>2026-10-08T05:40:21Z</time>
      </trkpt>
      <trkpt lat="46.317742" lon="6.176589">
        <ele>416.3</ele>
        <time>2026-10-08T05:40:22Z</time>
      </trkpt>
      <trkpt lat="46.317708" lon="6.176551">
        <ele>416.5</ele>
        <time>2026-10-08T05:40:23Z</time>
      </trkpt>
      <trkpt lat="46.317676" lon="6.176512">
        <ele>416.6</ele>
        <time>2026-10-08T05:40:24Z</time>
      </trkpt>
      <trkpt lat="46.317641" lon="6.176482">
        <ele>416.8</ele>
        <time>2026-10-08T05:40:25Z</time>
      </trkpt>
      <trkpt lat="46.317607" lon="6.17645">
        <ele>416.9</ele>
        <time>2026-10-08T05:40:26Z</time>
      </trkpt>
      <trkpt lat="46.317571" lon="6.176418">
        <ele>417.1</ele>
        <time>2026-10-08T05:40:27Z</time>
      </trkpt>
      <trkpt lat="46.317534" lon="6.176388">
        <ele>417.2</ele>
        <time>2026-10-08T05:40:28Z</time>
      </trkpt>
      <trkpt lat="46.3175" lon="6.176352">
        <ele>417.4</ele>
        <time>2026-10-08T05:40:29Z</time>
      </trkpt>
      <trkpt lat="46.317463" lon="6.176321">
        <ele>417.6</ele>
        <time>2026-10-08T05:40:30Z</time>
      </trkpt>
      <trkpt lat="46.317429" lon="6.176289">
        <ele>417.7</ele>
        <time>2026-10-08T05:40:31Z</time>
      </trkpt>
      <trkpt lat="46.317395" lon="6.176254">
        <ele>417.9</ele>
        <time>2026-10-08T05:40:32Z</time>
      </trkpt>
      <trkpt lat="46.317358" lon="6.176226">
        <ele>418.0</ele>
        <time>2026-10-08T05:40:33Z</time>
      </trkpt>
      <trkpt lat="46.317322" lon="6.176196">
        <ele>418.1</ele>
        <time>2026-10-08T05:40:34Z</time>
      </trkpt>
      <trkpt lat="46.317285" lon="6.176168">
        <ele>418.2</ele>
        <time>2026-10-08T05:40:35Z</time>
      </trkpt>
      <trkpt lat="46.317249" lon="6.176137">
        <ele>418.3</ele>
        <time>2026-10-08T05:40:36Z</time>
      </trkpt>
      <trkpt lat="46.317212" lon="6.176108">
        <ele>418.3</ele>
        <time>2026-10-08T05:40:37Z</time>
      </trkpt>
      <trkpt lat="46.317174" lon="6.17608">
        <ele>418.4</ele>
        <time>2026-10-08T05:40:38Z</time>
      </trkpt>
      <trkpt lat="46.317137" lon="6.176047">
        <ele>418.5</ele>
        <time>2026-10-08T05:40:39Z</time>
      </trkpt>
      <trkpt lat="46.3171" lon="6.176014">
        <ele>418.6</ele>
        <time>2026-10-08T05:40:40Z</time>
      </trkpt>
      <trkpt lat="46.317062" lon="6.175982">
        <ele>418.7</ele>
        <time>2026-10-08T05:40:41Z</time>
      </trkpt>
      <trkpt lat="46.317025" lon="6.17595">
        <ele>418.7</ele>
        <time>2026-10-08T05:40:42Z</time>
      </trkpt>
      <trkpt lat="46.316984" lon="6.175918">
        <ele>418.8</ele>
        <time>2026-10-08T05:40:43Z</time>
      </trkpt>
      <trkpt lat="46.316945" lon="6.175889">
        <ele>418.9</ele>
        <time>2026-10-08T05:40:44Z</time>
      </trkpt>
      <trkpt lat="46.316904" lon="6.175858">
        <ele>419.0</ele>
        <time>2026-10-08T05:40:45Z</time>
      </trkpt>
      <trkpt lat="46.316865" lon="6.175827">
        <ele>419.1</ele>
        <time>2026-10-08T05:40:46Z</time>
      </trkpt>
      <trkpt lat="46.316827" lon="6.175795">
        <ele>419.2</ele>
        <time>2026-10-08T05:40:47Z</time>
      </trkpt>
      <trkpt lat="46.316788" lon="6.175761">
        <ele>419.2</ele>
        <time>2026-10-08T05:40:48Z</time>
      </trkpt>
      <trkpt lat="46.31675" lon="6.175731">
        <ele>419.3</ele>
        <time>2026-10-08T05:40:49Z</time>
      </trkpt>
      <trkpt lat="46.31671" lon="6.175703">
        <ele>419.4</ele>
        <time>2026-10-08T05:40:50Z</time>
      </trkpt>
      <trkpt lat="46.31667" lon="6.175678">
        <ele>419.4</ele>
        <time>2026-10-08T05:40:51Z</time>
      </trkpt>
      <trkpt lat="46.31663" lon="6.175648">
        <ele>419.5</ele>
        <time>2026-10-08T05:40:52Z</time>
      </trkpt>
      <trkpt lat="46.316593" lon="6.175615">
        <ele>419.5</ele>
        <time>2026-10-08T05:40:53Z</time>
      </trkpt>
      <trkpt lat="46.316555" lon="6.17558">
        <ele>419.6</ele>
        <time>2026-10-08T05:40:54Z</time>
      </trkpt>
      <trkpt lat="46.316517" lon="6.175545">
        <ele>419.6</ele>
        <time>2026-10-08T05:40:55Z</time>
      </trkpt>
      <trkpt lat="46.31648" lon="6.175512">
        <ele>419.6</ele>
        <time>2026-10-08T05:40:56Z</time>
      </trkpt>
      <trkpt lat="46.316441" lon="6.175476">
        <ele>419.6</ele>
        <time>2026-10-08T05:40:57Z</time>
      </trkpt>
      <trkpt lat="46.316401" lon="6.175443">
        <ele>419.6</ele>
        <time>2026-10-08T05:40:58Z</time>
      </trkpt>
      <trkpt lat="46.316357" lon="6.17541">
        <ele>419.6</ele>
        <time>2026-10-08T05:40:59Z</time>
      </trkpt>
      <trkpt lat="46.316314" lon="6.175373">
        <ele>419.5</ele>
        <time>2026-10-08T05:41:00Z</time>
      </trkpt>
      <trkpt lat="46.31627" lon="6.175331">
        <ele>419.5</ele>
        <time>2026-10-08T05:41:01Z</time>
      </trkpt>
      <trkpt lat="46.316226" lon="6.175294">
        <ele>419.5</ele>
        <time>2026-10-08T05:41:02Z</time>
      </trkpt>
      <trkpt lat="46.316182" lon="6.175256">
        <ele>419.4</ele>
        <time>2026-10-08T05:41:03Z</time>
      </trkpt>
      <trkpt lat="46.316137" lon="6.175221">
        <ele>419.4</ele>
        <time>2026-10-08T05:41:04Z</time>
      </trkpt>
      <trkpt lat="46.316095" lon="6.175181">
        <ele>419.3</ele>
        <time>2026-10-08T05:41:05Z</time>
      </trkpt>
      <trkpt lat="46.316049" lon="6.175143">
        <ele>419.3</ele>
        <time>2026-10-08T05:41:06Z</time>
      </trkpt>
      <trkpt lat="46.316003" lon="6.175103">
        <ele>419.3</ele>
        <time>2026-10-08T05:41:07Z</time>
      </trkpt>
      <trkpt lat="46.315955" lon="6.175064">
        <ele>419.3</ele>
        <time>2026-10-08T05:41:08Z</time>
      </trkpt>
      <trkpt lat="46.315908" lon="6.175023">
        <ele>419.3</ele>
        <time>2026-10-08T05:41:09Z</time>
      </trkpt>
      <trkpt lat="46.315862" lon="6.174983">
        <ele>419.2</ele>
        <time>2026-10-08T05:41:10Z</time>
      </trkpt>
      <trkpt lat="46.315814" lon="6.174945">
        <ele>419.3</ele>
        <time>2026-10-08T05:41:11Z</time>
      </trkpt>
      <trkpt lat="46.315769" lon="6.174904">
        <ele>419.3</ele>
        <time>2026-10-08T05:41:12Z</time>
      </trkpt>
      <trkpt lat="46.315725" lon="6.174863">
        <ele>419.3</ele>
        <time>2026-10-08T05:41:13Z</time>
      </trkpt>
      <trkpt lat="46.315683" lon="6.174828">
        <ele>419.4</ele>
        <time>2026-10-08T05:41:14Z</time>
      </trkpt>
      <trkpt lat="46.315649" lon="6.174798">
        <ele>419.4</ele>
        <time>2026-10-08T05:41:15Z</time>
      </trkpt>
      <trkpt lat="46.315621" lon="6.174766">
        <ele>419.5</ele>
        <time>2026-10-08T05:41:16Z</time>
      </trkpt>
      <trkpt lat="46.315602" lon="6.174732">
        <ele>419.5</ele>
        <time>2026-10-08T05:41:17Z</time>
      </trkpt>
      <trkpt lat="46.315595" lon="6.174709">
        <ele>419.5</ele>
        <time>2026-10-08T05:41:18Z</time>
      </trkpt>
      <trkpt lat="46.315594" lon="6.174704">
        <ele>419.5</ele>
        <time>2026-10-08T05:41:19Z</time>
      </trkpt>
      <trkpt lat="46.315594" lon="6.174705">
        <ele>419.5</ele>
        <time>2026-10-08T05:41:20Z</time>
      </trkpt>
      <trkpt lat="46.315593" lon="6.174704">
        <ele>419.5</ele>
        <time>2026-10-08T05:41:21Z</time>
      </trkpt>
      <trkpt lat="46.315592" lon="6.174698">
        <ele>419.5</ele>
        <time>2026-10-08T05:41:22Z</time>
      </trkpt>
      <trkpt lat="46.315596" lon="6.174693">
        <ele>419.5</ele>
        <time>2026-10-08T05:41:23Z</time>
      </trkpt>
      <trkpt lat="46.315595" lon="6.174692">
        <ele>419.5</ele>
        <time>2026-10-08T05:41:24Z</time>
      </trkpt>
      <trkpt lat="46.31559" lon="6.174687">
        <ele>419.5</ele>
        <time>2026-10-08T05:41:25Z</time>
      </trkpt>
      <trkpt lat="46.315591" lon="6.174661">
        <ele>419.5</ele>
        <time>2026-10-08T05:41:26Z</time>
      </trkpt>
      <trkpt lat="46.315588" lon="6.174627">
        <ele>419.5</ele>
        <time>2026-10-08T05:41:27Z</time>
      </trkpt>
      <trkpt lat="46.315567" lon="6.174595">
        <ele>419.6</ele>
        <time>2026-10-08T05:41:28Z</time>
      </trkpt>
      <trkpt lat="46.315524" lon="6.174586">
        <ele>419.5</ele>
        <time>2026-10-08T05:41:29Z</time>
      </trkpt>
      <trkpt lat="46.315473" lon="6.174591">
        <ele>419.4</ele>
        <time>2026-10-08T05:41:30Z</time>
      </trkpt>
      <trkpt lat="46.315425" lon="6.174588">
        <ele>419.4</ele>
        <time>2026-10-08T05:41:31Z</time>
      </trkpt>
      <trkpt lat="46.315375" lon="6.174583">
        <ele>419.4</ele>
        <time>2026-10-08T05:41:32Z</time>
      </trkpt>
      <trkpt lat="46.315324" lon="6.174573">
        <ele>419.3</ele>
        <time>2026-10-08T05:41:33Z</time>
      </trkpt>
      <trkpt lat="46.315279" lon="6.174569">
        <ele>419.3</ele>
        <time>2026-10-08T05:41:34Z</time>
      </trkpt>
      <trkpt lat="46.31523" lon="6.174557">
        <ele>419.3</ele>
        <time>2026-10-08T05:41:35Z</time>
      </trkpt>
      <trkpt lat="46.315179" lon="6.174548">
        <ele>419.3</ele>
        <time>2026-10-08T05:41:36Z</time>
      </trkpt>
      <trkpt lat="46.315129" lon="6.174536">
        <ele>419.3</ele>
        <time>2026-10-08T05:41:37Z</time>
      </trkpt>
      <trkpt lat="46.315078" lon="6.174525">
        <ele>419.3</ele>
        <time>2026-10-08T05:41:38Z</time>
      </trkpt>
      <trkpt lat="46.315025" lon="6.174513">
        <ele>419.3</ele>
        <time>2026-10-08T05:41:39Z</time>
      </trkpt>
      <trkpt lat="46.314973" lon="6.1745">
        <ele>419.3</ele>
        <time>2026-10-08T05:41:40Z</time>
      </trkpt>
      <trkpt lat="46.314923" lon="6.174487">
        <ele>419.3</ele>
        <time>2026-10-08T05:41:41Z</time>
      </trkpt>
      <trkpt lat="46.314873" lon="6.174479">
        <ele>419.3</ele>
        <time>2026-10-08T05:41:42Z</time>
      </trkpt>
      <trkpt lat="46.314827" lon="6.174469">
        <ele>419.2</ele>
        <time>2026-10-08T05:41:43Z</time>
      </trkpt>
      <trkpt lat="46.314779" lon="6.174456">
        <ele>419.2</ele>
        <time>2026-10-08T05:41:44Z</time>
      </trkpt>
      <trkpt lat="46.314729" lon="6.174442">
        <ele>419.2</ele>
        <time>2026-10-08T05:41:45Z</time>
      </trkpt>
      <trkpt lat="46.314677" lon="6.17443">
        <ele>419.2</ele>
        <time>2026-10-08T05:41:46Z</time>
      </trkpt>
      <trkpt lat="46.314622" lon="6.174419">
        <ele>419.1</ele>
        <time>2026-10-08T05:41:47Z</time>
      </trkpt>
      <trkpt lat="46.314567" lon="6.174407">
        <ele>419.1</ele>
        <time>2026-10-08T05:41:48Z</time>
      </trkpt>
      <trkpt lat="46.314509" lon="6.174395">
        <ele>419.1</ele>
        <time>2026-10-08T05:41:49Z</time>
      </trkpt>
      <trkpt lat="46.31445" lon="6.174383">
        <ele>419.0</ele>
        <time>2026-10-08T05:41:50Z</time>
      </trkpt>
      <trkpt lat="46.314387" lon="6.174374">
        <ele>419.0</ele>
        <time>2026-10-08T05:41:51Z</time>
      </trkpt>
      <trkpt lat="46.314323" lon="6.174361">
        <ele>418.9</ele>
        <time>2026-10-08T05:41:52Z</time>
      </trkpt>
      <trkpt lat="46.314261" lon="6.17434">
        <ele>418.9</ele>
        <time>2026-10-08T05:41:53Z</time>
      </trkpt>
      <trkpt lat="46.314196" lon="6.174327">
        <ele>418.8</ele>
        <time>2026-10-08T05:41:54Z</time>
      </trkpt>
      <trkpt lat="46.31413" lon="6.174317">
        <ele>418.8</ele>
        <time>2026-10-08T05:41:55Z</time>
      </trkpt>
      <trkpt lat="46.314065" lon="6.174304">
        <ele>418.8</ele>
        <time>2026-10-08T05:41:56Z</time>
      </trkpt>
      <trkpt lat="46.313998" lon="6.174292">
        <ele>418.7</ele>
        <time>2026-10-08T05:41:57Z</time>
      </trkpt>
      <trkpt lat="46.313931" lon="6.174278">
        <ele>418.7</ele>
        <time>2026-10-08T05:41:58Z</time>
      </trkpt>
      <trkpt lat="46.313864" lon="6.174261">
        <ele>418.6</ele>
        <time>2026-10-08T05:41:59Z</time>
      </trkpt>
      <trkpt lat="46.313798" lon="6.174242">
        <ele>418.6</ele>
        <time>2026-10-08T05:42:00Z</time>
      </trkpt>
      <trkpt lat="46.31373" lon="6.174228">
        <ele>418.5</ele>
        <time>2026-10-08T05:42:01Z</time>
      </trkpt>
      <trkpt lat="46.313661" lon="6.174214">
        <ele>418.5</ele>
        <time>2026-10-08T05:42:02Z</time>
      </trkpt>
      <trkpt lat="46.313592" lon="6.174202">
        <ele>418.5</ele>
        <time>2026-10-08T05:42:03Z</time>
      </trkpt>
      <trkpt lat="46.313522" lon="6.174187">
        <ele>418.5</ele>
        <time>2026-10-08T05:42:04Z</time>
      </trkpt>
      <trkpt lat="46.313453" lon="6.174172">
        <ele>418.4</ele>
        <time>2026-10-08T05:42:05Z</time>
      </trkpt>
      <trkpt lat="46.313382" lon="6.17416">
        <ele>418.4</ele>
        <time>2026-10-08T05:42:06Z</time>
      </trkpt>
      <trkpt lat="46.31331" lon="6.174143">
        <ele>418.3</ele>
        <time>2026-10-08T05:42:07Z</time>
      </trkpt>
      <trkpt lat="46.313238" lon="6.17413">
        <ele>418.3</ele>
        <time>2026-10-08T05:42:08Z</time>
      </trkpt>
      <trkpt lat="46.313166" lon="6.174116">
        <ele>418.2</ele>
        <time>2026-10-08T05:42:09Z</time>
      </trkpt>
      <trkpt lat="46.313093" lon="6.1741">
        <ele>418.1</ele>
        <time>2026-10-08T05:42:10Z</time>
      </trkpt>
      <trkpt lat="46.31302" lon="6.174084">
        <ele>418.1</ele>
        <time>2026-10-08T05:42:11Z</time>
      </trkpt>
      <trkpt lat="46.312948" lon="6.174068">
        <ele>418.0</ele>
        <time>2026-10-08T05:42:12Z</time>
      </trkpt>
      <trkpt lat="46.312873" lon="6.174059">
        <ele>418.0</ele>
        <time>2026-10-08T05:42:13Z</time>
      </trkpt>
      <trkpt lat="46.3128" lon="6.174043">
        <ele>417.9</ele>
        <time>2026-10-08T05:42:14Z</time>
      </trkpt>
      <trkpt lat="46.312728" lon="6.174029">
        <ele>417.8</ele>
        <time>2026-10-08T05:42:15Z</time>
      </trkpt>
      <trkpt lat="46.312655" lon="6.174016">
        <ele>417.8</ele>
        <time>2026-10-08T05:42:16Z</time>
      </trkpt>
      <trkpt lat="46.312582" lon="6.174">
        <ele>417.7</ele>
        <time>2026-10-08T05:42:17Z</time>
      </trkpt>
      <trkpt lat="46.312509" lon="6.173983">
        <ele>417.7</ele>
        <time>2026-10-08T05:42:18Z</time>
      </trkpt>
      <trkpt lat="46.312435" lon="6.173975">
        <ele>417.6</ele>
        <time>2026-10-08T05:42:19Z</time>
      </trkpt>
      <trkpt lat="46.312362" lon="6.173958">
        <ele>417.6</ele>
        <time>2026-10-08T05:42:20Z</time>
      </trkpt>
      <trkpt lat="46.312289" lon="6.173943">
        <ele>417.5</ele>
        <time>2026-10-08T05:42:21Z</time>
      </trkpt>
      <trkpt lat="46.312217" lon="6.173927">
        <ele>417.4</ele>
        <time>2026-10-08T05:42:22Z</time>
      </trkpt>
      <trkpt lat="46.312144" lon="6.173913">
        <ele>417.4</ele>
        <time>2026-10-08T05:42:23Z</time>
      </trkpt>
      <trkpt lat="46.312069" lon="6.1739">
        <ele>417.3</ele>
        <time>2026-10-08T05:42:24Z</time>
      </trkpt>
      <trkpt lat="46.311994" lon="6.173887">
        <ele>417.2</ele>
        <time>2026-10-08T05:42:25Z</time>
      </trkpt>
      <trkpt lat="46.311923" lon="6.17387">
        <ele>417.2</ele>
        <time>2026-10-08T05:42:26Z</time>
      </trkpt>
      <trkpt lat="46.311849" lon="6.173853">
        <ele>417.1</ele>
        <time>2026-10-08T05:42:27Z</time>
      </trkpt>
      <trkpt lat="46.311778" lon="6.173835">
        <ele>417.0</ele>
        <time>2026-10-08T05:42:28Z</time>
      </trkpt>
      <trkpt lat="46.311704" lon="6.173822">
        <ele>417.0</ele>
        <time>2026-10-08T05:42:29Z</time>
      </trkpt>
      <trkpt lat="46.311637" lon="6.173817">
        <ele>416.9</ele>
        <time>2026-10-08T05:42:30Z</time>
      </trkpt>
      <trkpt lat="46.311558" lon="6.173805">
        <ele>416.8</ele>
        <time>2026-10-08T05:42:31Z</time>
      </trkpt>
      <trkpt lat="46.311489" lon="6.173783">
        <ele>416.7</ele>
        <time>2026-10-08T05:42:32Z</time>
      </trkpt>
      <trkpt lat="46.311417" lon="6.173773">
        <ele>416.7</ele>
        <time>2026-10-08T05:42:33Z</time>
      </trkpt>
      <trkpt lat="46.311344" lon="6.173761">
        <ele>416.6</ele>
        <time>2026-10-08T05:42:34Z</time>
      </trkpt>
      <trkpt lat="46.311272" lon="6.173746">
        <ele>416.5</ele>
        <time>2026-10-08T05:42:35Z</time>
      </trkpt>
      <trkpt lat="46.311199" lon="6.17373">
        <ele>416.4</ele>
        <time>2026-10-08T05:42:36Z</time>
      </trkpt>
      <trkpt lat="46.311127" lon="6.173716">
        <ele>416.4</ele>
        <time>2026-10-08T05:42:37Z</time>
      </trkpt>
      <trkpt lat="46.311054" lon="6.173701">
        <ele>416.3</ele>
        <time>2026-10-08T05:42:38Z</time>
      </trkpt>
      <trkpt lat="46.310982" lon="6.173682">
        <ele>416.2</ele>
        <time>2026-10-08T05:42:39Z</time>
      </trkpt>
      <trkpt lat="46.310909" lon="6.173668">
        <ele>416.1</ele>
        <time>2026-10-08T05:42:40Z</time>
      </trkpt>
      <trkpt lat="46.310835" lon="6.173656">
        <ele>416.1</ele>
        <time>2026-10-08T05:42:41Z</time>
      </trkpt>
      <trkpt lat="46.310763" lon="6.173644">
        <ele>416.0</ele>
        <time>2026-10-08T05:42:42Z</time>
      </trkpt>
      <trkpt lat="46.310689" lon="6.173632">
        <ele>415.9</ele>
        <time>2026-10-08T05:42:43Z</time>
      </trkpt>
      <trkpt lat="46.310622" lon="6.17362">
        <ele>415.8</ele>
        <time>2026-10-08T05:42:44Z</time>
      </trkpt>
      <trkpt lat="46.310547" lon="6.173604">
        <ele>415.7</ele>
        <time>2026-10-08T05:42:45Z</time>
      </trkpt>
      <trkpt lat="46.310475" lon="6.173589">
        <ele>415.6</ele>
        <time>2026-10-08T05:42:46Z</time>
      </trkpt>
      <trkpt lat="46.310403" lon="6.173574">
        <ele>415.5</ele>
        <time>2026-10-08T05:42:47Z</time>
      </trkpt>
      <trkpt lat="46.310332" lon="6.173561">
        <ele>415.4</ele>
        <time>2026-10-08T05:42:48Z</time>
      </trkpt>
      <trkpt lat="46.31026" lon="6.17355">
        <ele>415.3</ele>
        <time>2026-10-08T05:42:49Z</time>
      </trkpt>
      <trkpt lat="46.310188" lon="6.173537">
        <ele>415.2</ele>
        <time>2026-10-08T05:42:50Z</time>
      </trkpt>
      <trkpt lat="46.310121" lon="6.173519">
        <ele>415.1</ele>
        <time>2026-10-08T05:42:51Z</time>
      </trkpt>
      <trkpt lat="46.310055" lon="6.173491">
        <ele>415.0</ele>
        <time>2026-10-08T05:42:52Z</time>
      </trkpt>
      <trkpt lat="46.309995" lon="6.173456">
        <ele>415.0</ele>
        <time>2026-10-08T05:42:53Z</time>
      </trkpt>
      <trkpt lat="46.309933" lon="6.173438">
        <ele>415.0</ele>
        <time>2026-10-08T05:42:54Z</time>
      </trkpt>
      <trkpt lat="46.309865" lon="6.173433">
        <ele>414.8</ele>
        <time>2026-10-08T05:42:55Z</time>
      </trkpt>
      <trkpt lat="46.309793" lon="6.173441">
        <ele>414.6</ele>
        <time>2026-10-08T05:42:56Z</time>
      </trkpt>
      <trkpt lat="46.309721" lon="6.173451">
        <ele>414.3</ele>
        <time>2026-10-08T05:42:57Z</time>
      </trkpt>
      <trkpt lat="46.309645" lon="6.173443">
        <ele>414.1</ele>
        <time>2026-10-08T05:42:58Z</time>
      </trkpt>
      <trkpt lat="46.309574" lon="6.173422">
        <ele>413.8</ele>
        <time>2026-10-08T05:42:59Z</time>
      </trkpt>
      <trkpt lat="46.309499" lon="6.173397">
        <ele>413.6</ele>
        <time>2026-10-08T05:43:00Z</time>
      </trkpt>
      <trkpt lat="46.309424" lon="6.173369">
        <ele>413.4</ele>
        <time>2026-10-08T05:43:01Z</time>
      </trkpt>
      <trkpt lat="46.309347" lon="6.173339">
        <ele>412.9</ele>
        <time>2026-10-08T05:43:02Z</time>
      </trkpt>
      <trkpt lat="46.309269" lon="6.173308">
        <ele>412.4</ele>
        <time>2026-10-08T05:43:03Z</time>
      </trkpt>
      <trkpt lat="46.309187" lon="6.173279">
        <ele>411.8</ele>
        <time>2026-10-08T05:43:04Z</time>
      </trkpt>
      <trkpt lat="46.309103" lon="6.173238">
        <ele>411.1</ele>
        <time>2026-10-08T05:43:05Z</time>
      </trkpt>
      <trkpt lat="46.30902" lon="6.173188">
        <ele>410.5</ele>
        <time>2026-10-08T05:43:06Z</time>
      </trkpt>
      <trkpt lat="46.308934" lon="6.17313">
        <ele>409.9</ele>
        <time>2026-10-08T05:43:07Z</time>
      </trkpt>
      <trkpt lat="46.308854" lon="6.173056">
        <ele>409.3</ele>
        <time>2026-10-08T05:43:08Z</time>
      </trkpt>
      <trkpt lat="46.308775" lon="6.172976">
        <ele>408.9</ele>
        <time>2026-10-08T05:43:09Z</time>
      </trkpt>
      <trkpt lat="46.3087" lon="6.172894">
        <ele>408.6</ele>
        <time>2026-10-08T05:43:10Z</time>
      </trkpt>
      <trkpt lat="46.30862" lon="6.172822">
        <ele>408.3</ele>
        <time>2026-10-08T05:43:11Z</time>
      </trkpt>
      <trkpt lat="46.308537" lon="6.172756">
        <ele>408.1</ele>
        <time>2026-10-08T05:43:12Z</time>
      </trkpt>
      <trkpt lat="46.308454" lon="6.172694">
        <ele>408.0</ele>
        <time>2026-10-08T05:43:13Z</time>
      </trkpt>
      <trkpt lat="46.308371" lon="6.172632">
        <ele>407.9</ele>
        <time>2026-10-08T05:43:14Z</time>
      </trkpt>
      <trkpt lat="46.308288" lon="6.172572">
        <ele>407.9</ele>
        <time>2026-10-08T05:43:15Z</time>
      </trkpt>
      <trkpt lat="46.308206" lon="6.172515">
        <ele>407.8</ele>
        <time>2026-10-08T05:43:16Z</time>
      </trkpt>
      <trkpt lat="46.308123" lon="6.172463">
        <ele>407.8</ele>
        <time>2026-10-08T05:43:17Z</time>
      </trkpt>
      <trkpt lat="46.308039" lon="6.17242">
        <ele>407.8</ele>
        <time>2026-10-08T05:43:18Z</time>
      </trkpt>
      <trkpt lat="46.307954" lon="6.172388">
        <ele>407.8</ele>
        <time>2026-10-08T05:43:19Z</time>
      </trkpt>
      <trkpt lat="46.307867" lon="6.172363">
        <ele>407.7</ele>
        <time>2026-10-08T05:43:20Z</time>
      </trkpt>
      <trkpt lat="46.307781" lon="6.172349">
        <ele>407.6</ele>
        <time>2026-10-08T05:43:21Z</time>
      </trkpt>
      <trkpt lat="46.307693" lon="6.172346">
        <ele>407.5</ele>
        <time>2026-10-08T05:43:22Z</time>
      </trkpt>
      <trkpt lat="46.307607" lon="6.172352">
        <ele>407.4</ele>
        <time>2026-10-08T05:43:23Z</time>
      </trkpt>
      <trkpt lat="46.307521" lon="6.172359">
        <ele>407.4</ele>
        <time>2026-10-08T05:43:24Z</time>
      </trkpt>
      <trkpt lat="46.307436" lon="6.172365">
        <ele>407.3</ele>
        <time>2026-10-08T05:43:25Z</time>
      </trkpt>
      <trkpt lat="46.307354" lon="6.172369">
        <ele>407.3</ele>
        <time>2026-10-08T05:43:26Z</time>
      </trkpt>
      <trkpt lat="46.307274" lon="6.172368">
        <ele>407.3</ele>
        <time>2026-10-08T05:43:27Z</time>
      </trkpt>
      <trkpt lat="46.307195" lon="6.172371">
        <ele>407.4</ele>
        <time>2026-10-08T05:43:28Z</time>
      </trkpt>
      <trkpt lat="46.307119" lon="6.172373">
        <ele>407.4</ele>
        <time>2026-10-08T05:43:29Z</time>
      </trkpt>
      <trkpt lat="46.307045" lon="6.172374">
        <ele>407.5</ele>
        <time>2026-10-08T05:43:30Z</time>
      </trkpt>
      <trkpt lat="46.306973" lon="6.172374">
        <ele>407.6</ele>
        <time>2026-10-08T05:43:31Z</time>
      </trkpt>
      <trkpt lat="46.306902" lon="6.172379">
        <ele>407.7</ele>
        <time>2026-10-08T05:43:32Z</time>
      </trkpt>
      <trkpt lat="46.306835" lon="6.172383">
        <ele>407.9</ele>
        <time>2026-10-08T05:43:33Z</time>
      </trkpt>
      <trkpt lat="46.306771" lon="6.172383">
        <ele>408.0</ele>
        <time>2026-10-08T05:43:34Z</time>
      </trkpt>
      <trkpt lat="46.306708" lon="6.172383">
        <ele>408.2</ele>
        <time>2026-10-08T05:43:35Z</time>
      </trkpt>
      <trkpt lat="46.306645" lon="6.172382">
        <ele>408.3</ele>
        <time>2026-10-08T05:43:36Z</time>
      </trkpt>
      <trkpt lat="46.306585" lon="6.172387">
        <ele>408.5</ele>
        <time>2026-10-08T05:43:37Z</time>
      </trkpt>
      <trkpt lat="46.306527" lon="6.172386">
        <ele>408.6</ele>
        <time>2026-10-08T05:43:38Z</time>
      </trkpt>
      <trkpt lat="46.30647" lon="6.172389">
        <ele>408.8</ele>
        <time>2026-10-08T05:43:39Z</time>
      </trkpt>
      <trkpt lat="46.306417" lon="6.172398">
        <ele>409.0</ele>
        <time>2026-10-08T05:43:40Z</time>
      </trkpt>
      <trkpt lat="46.306365" lon="6.172408">
        <ele>409.2</ele>
        <time>2026-10-08T05:43:41Z</time>
      </trkpt>
      <trkpt lat="46.306316" lon="6.172422">
        <ele>409.4</ele>
        <time>2026-10-08T05:43:42Z</time>
      </trkpt>
      <trkpt lat="46.30627" lon="6.172438">
        <ele>409.6</ele>
        <time>2026-10-08T05:43:43Z</time>
      </trkpt>
      <trkpt lat="46.306225" lon="6.172452">
        <ele>409.9</ele>
        <time>2026-10-08T05:43:44Z</time>
      </trkpt>
      <trkpt lat="46.306183" lon="6.172469">
        <ele>410.0</ele>
        <time>2026-10-08T05:43:45Z</time>
      </trkpt>
      <trkpt lat="46.306142" lon="6.172483">
        <ele>410.2</ele>
        <time>2026-10-08T05:43:46Z</time>
      </trkpt>
      <trkpt lat="46.3061" lon="6.172494">
        <ele>410.4</ele>
        <time>2026-10-08T05:43:47Z</time>
      </trkpt>
      <trkpt lat="46.30606" lon="6.172497">
        <ele>410.6</ele>
        <time>2026-10-08T05:43:48Z</time>
      </trkpt>
      <trkpt lat="46.306015" lon="6.172482">
        <ele>410.7</ele>
        <time>2026-10-08T05:43:49Z</time>
      </trkpt>
      <trkpt lat="46.305971" lon="6.172457">
        <ele>410.8</ele>
        <time>2026-10-08T05:43:50Z</time>
      </trkpt>
      <trkpt lat="46.305933" lon="6.172418">
        <ele>410.9</ele>
        <time>2026-10-08T05:43:51Z</time>
      </trkpt>
      <trkpt lat="46.3059" lon="6.172373">
        <ele>411.0</ele>
        <time>2026-10-08T05:43:52Z</time>
      </trkpt>
      <trkpt lat="46.305872" lon="6.172315">
        <ele>411.1</ele>
        <time>2026-10-08T05:43:53Z</time>
      </trkpt>
      <trkpt lat="46.305848" lon="6.172254">
        <ele>411.2</ele>
        <time>2026-10-08T05:43:54Z</time>
      </trkpt>
      <trkpt lat="46.305826" lon="6.172192">
        <ele>411.2</ele>
        <time>2026-10-08T05:43:55Z</time>
      </trkpt>
      <trkpt lat="46.305801" lon="6.172129">
        <ele>411.3</ele>
        <time>2026-10-08T05:43:56Z</time>
      </trkpt>
      <trkpt lat="46.305774" lon="6.172068">
        <ele>411.3</ele>
        <time>2026-10-08T05:43:57Z</time>
      </trkpt>
      <trkpt lat="46.305742" lon="6.172003">
        <ele>411.3</ele>
        <time>2026-10-08T05:43:58Z</time>
      </trkpt>
      <trkpt lat="46.305711" lon="6.171938">
        <ele>411.3</ele>
        <time>2026-10-08T05:43:59Z</time>
      </trkpt>
      <trkpt lat="46.305679" lon="6.171874">
        <ele>411.3</ele>
        <time>2026-10-08T05:44:00Z</time>
      </trkpt>
      <trkpt lat="46.305648" lon="6.171808">
        <ele>411.3</ele>
        <time>2026-10-08T05:44:01Z</time>
      </trkpt>
      <trkpt lat="46.305615" lon="6.171745">
        <ele>411.3</ele>
        <time>2026-10-08T05:44:02Z</time>
      </trkpt>
      <trkpt lat="46.30558" lon="6.171679">
        <ele>411.3</ele>
        <time>2026-10-08T05:44:03Z</time>
      </trkpt>
      <trkpt lat="46.305543" lon="6.171613">
        <ele>411.2</ele>
        <time>2026-10-08T05:44:04Z</time>
      </trkpt>
      <trkpt lat="46.305504" lon="6.17155">
        <ele>411.2</ele>
        <time>2026-10-08T05:44:05Z</time>
      </trkpt>
      <trkpt lat="46.305462" lon="6.171484">
        <ele>411.2</ele>
        <time>2026-10-08T05:44:06Z</time>
      </trkpt>
      <trkpt lat="46.305421" lon="6.171418">
        <ele>411.2</ele>
        <time>2026-10-08T05:44:07Z</time>
      </trkpt>
      <trkpt lat="46.305376" lon="6.171352">
        <ele>411.2</ele>
        <time>2026-10-08T05:44:08Z</time>
      </trkpt>
      <trkpt lat="46.305332" lon="6.171286">
        <ele>411.1</ele>
        <time>2026-10-08T05:44:09Z</time>
      </trkpt>
      <trkpt lat="46.305287" lon="6.17122">
        <ele>411.1</ele>
        <time>2026-10-08T05:44:10Z</time>
      </trkpt>
      <trkpt lat="46.305243" lon="6.171156">
        <ele>411.1</ele>
        <time>2026-10-08T05:44:11Z</time>
      </trkpt>
      <trkpt lat="46.305197" lon="6.171095">
        <ele>411.1</ele>
        <time>2026-10-08T05:44:12Z</time>
      </trkpt>
      <trkpt lat="46.305151" lon="6.171032">
        <ele>411.1</ele>
        <time>2026-10-08T05:44:13Z</time>
      </trkpt>
      <trkpt lat="46.305107" lon="6.170966">
        <ele>411.1</ele>
        <time>2026-10-08T05:44:14Z</time>
      </trkpt>
      <trkpt lat="46.30506" lon="6.170905">
        <ele>411.1</ele>
        <time>2026-10-08T05:44:15Z</time>
      </trkpt>
      <trkpt lat="46.305011" lon="6.170841">
        <ele>411.1</ele>
        <time>2026-10-08T05:44:16Z</time>
      </trkpt>
      <trkpt lat="46.304963" lon="6.170777">
        <ele>411.1</ele>
        <time>2026-10-08T05:44:17Z</time>
      </trkpt>
      <trkpt lat="46.304917" lon="6.170711">
        <ele>411.2</ele>
        <time>2026-10-08T05:44:18Z</time>
      </trkpt>
      <trkpt lat="46.30487" lon="6.170644">
        <ele>411.2</ele>
        <time>2026-10-08T05:44:19Z</time>
      </trkpt>
      <trkpt lat="46.304821" lon="6.170588">
        <ele>411.2</ele>
        <time>2026-10-08T05:44:20Z</time>
      </trkpt>
      <trkpt lat="46.304771" lon="6.170532">
        <ele>411.2</ele>
        <time>2026-10-08T05:44:21Z</time>
      </trkpt>
      <trkpt lat="46.304724" lon="6.170474">
        <ele>411.3</ele>
        <time>2026-10-08T05:44:22Z</time>
      </trkpt>
      <trkpt lat="46.304678" lon="6.170417">
        <ele>411.3</ele>
        <time>2026-10-08T05:44:23Z</time>
      </trkpt>
      <trkpt lat="46.304631" lon="6.170362">
        <ele>411.3</ele>
        <time>2026-10-08T05:44:24Z</time>
      </trkpt>
      <trkpt lat="46.304583" lon="6.170311">
        <ele>411.3</ele>
        <time>2026-10-08T05:44:25Z</time>
      </trkpt>
      <trkpt lat="46.304536" lon="6.170262">
        <ele>411.4</ele>
        <time>2026-10-08T05:44:26Z</time>
      </trkpt>
      <trkpt lat="46.304485" lon="6.170219">
        <ele>411.4</ele>
        <time>2026-10-08T05:44:27Z</time>
      </trkpt>
      <trkpt lat="46.304431" lon="6.170178">
        <ele>411.4</ele>
        <time>2026-10-08T05:44:28Z</time>
      </trkpt>
      <trkpt lat="46.304377" lon="6.170137">
        <ele>411.4</ele>
        <time>2026-10-08T05:44:29Z</time>
      </trkpt>
      <trkpt lat="46.304319" lon="6.170102">
        <ele>411.4</ele>
        <time>2026-10-08T05:44:30Z</time>
      </trkpt>
      <trkpt lat="46.30426" lon="6.17007">
        <ele>411.4</ele>
        <time>2026-10-08T05:44:31Z</time>
      </trkpt>
      <trkpt lat="46.304201" lon="6.170039">
        <ele>411.3</ele>
        <time>2026-10-08T05:44:32Z</time>
      </trkpt>
      <trkpt lat="46.304141" lon="6.170009">
        <ele>411.3</ele>
        <time>2026-10-08T05:44:33Z</time>
      </trkpt>
      <trkpt lat="46.304081" lon="6.16998">
        <ele>411.2</ele>
        <time>2026-10-08T05:44:34Z</time>
      </trkpt>
      <trkpt lat="46.30402" lon="6.169946">
        <ele>411.2</ele>
        <time>2026-10-08T05:44:35Z</time>
      </trkpt>
      <trkpt lat="46.303961" lon="6.16991">
        <ele>411.2</ele>
        <time>2026-10-08T05:44:36Z</time>
      </trkpt>
      <trkpt lat="46.3039" lon="6.169876">
        <ele>411.1</ele>
        <time>2026-10-08T05:44:37Z</time>
      </trkpt>
      <trkpt lat="46.303839" lon="6.169839">
        <ele>411.1</ele>
        <time>2026-10-08T05:44:38Z</time>
      </trkpt>
      <trkpt lat="46.303777" lon="6.169801">
        <ele>411.1</ele>
        <time>2026-10-08T05:44:39Z</time>
      </trkpt>
      <trkpt lat="46.303715" lon="6.169765">
        <ele>411.0</ele>
        <time>2026-10-08T05:44:40Z</time>
      </trkpt>
      <trkpt lat="46.303653" lon="6.169731">
        <ele>411.0</ele>
        <time>2026-10-08T05:44:41Z</time>
      </trkpt>
      <trkpt lat="46.303589" lon="6.169699">
        <ele>410.9</ele>
        <time>2026-10-08T05:44:42Z</time>
      </trkpt>
      <trkpt lat="46.303524" lon="6.169668">
        <ele>410.9</ele>
        <time>2026-10-08T05:44:43Z</time>
      </trkpt>
      <trkpt lat="46.303463" lon="6.169639">
        <ele>410.9</ele>
        <time>2026-10-08T05:44:44Z</time>
      </trkpt>
      <trkpt lat="46.303409" lon="6.16959">
        <ele>410.8</ele>
        <time>2026-10-08T05:44:45Z</time>
      </trkpt>
      <trkpt lat="46.303373" lon="6.169514">
        <ele>410.9</ele>
        <time>2026-10-08T05:44:46Z</time>
      </trkpt>
      <trkpt lat="46.303356" lon="6.16942">
        <ele>410.9</ele>
        <time>2026-10-08T05:44:47Z</time>
      </trkpt>
      <trkpt lat="46.303349" lon="6.169329">
        <ele>411.0</ele>
        <time>2026-10-08T05:44:48Z</time>
      </trkpt>
      <trkpt lat="46.303333" lon="6.169241">
        <ele>411.1</ele>
        <time>2026-10-08T05:44:49Z</time>
      </trkpt>
      <trkpt lat="46.30331" lon="6.169159">
        <ele>411.1</ele>
        <time>2026-10-08T05:44:50Z</time>
      </trkpt>
      <trkpt lat="46.303279" lon="6.169083">
        <ele>411.2</ele>
        <time>2026-10-08T05:44:51Z</time>
      </trkpt>
      <trkpt lat="46.303243" lon="6.169007">
        <ele>411.2</ele>
        <time>2026-10-08T05:44:52Z</time>
      </trkpt>
      <trkpt lat="46.303211" lon="6.168931">
        <ele>411.3</ele>
        <time>2026-10-08T05:44:53Z</time>
      </trkpt>
      <trkpt lat="46.303176" lon="6.168857">
        <ele>411.3</ele>
        <time>2026-10-08T05:44:54Z</time>
      </trkpt>
      <trkpt lat="46.303137" lon="6.168791">
        <ele>411.4</ele>
        <time>2026-10-08T05:44:55Z</time>
      </trkpt>
      <trkpt lat="46.303091" lon="6.168731">
        <ele>411.4</ele>
        <time>2026-10-08T05:44:56Z</time>
      </trkpt>
      <trkpt lat="46.303048" lon="6.168669">
        <ele>411.4</ele>
        <time>2026-10-08T05:44:57Z</time>
      </trkpt>
      <trkpt lat="46.303006" lon="6.168608">
        <ele>411.5</ele>
        <time>2026-10-08T05:44:58Z</time>
      </trkpt>
      <trkpt lat="46.302965" lon="6.168541">
        <ele>411.5</ele>
        <time>2026-10-08T05:44:59Z</time>
      </trkpt>
      <trkpt lat="46.302922" lon="6.168478">
        <ele>411.5</ele>
        <time>2026-10-08T05:45:00Z</time>
      </trkpt>
      <trkpt lat="46.302879" lon="6.168413">
        <ele>411.5</ele>
        <time>2026-10-08T05:45:01Z</time>
      </trkpt>
      <trkpt lat="46.302833" lon="6.168349">
        <ele>411.5</ele>
        <time>2026-10-08T05:45:02Z</time>
      </trkpt>
      <trkpt lat="46.302788" lon="6.168285">
        <ele>411.5</ele>
        <time>2026-10-08T05:45:03Z</time>
      </trkpt>
      <trkpt lat="46.302742" lon="6.16822">
        <ele>411.6</ele>
        <time>2026-10-08T05:45:04Z</time>
      </trkpt>
      <trkpt lat="46.302698" lon="6.168155">
        <ele>411.6</ele>
        <time>2026-10-08T05:45:05Z</time>
      </trkpt>
      <trkpt lat="46.302654" lon="6.168092">
        <ele>411.6</ele>
        <time>2026-10-08T05:45:06Z</time>
      </trkpt>
      <trkpt lat="46.302608" lon="6.168033">
        <ele>411.6</ele>
        <time>2026-10-08T05:45:07Z</time>
      </trkpt>
      <trkpt lat="46.302568" lon="6.167971">
        <ele>411.6</ele>
        <time>2026-10-08T05:45:08Z</time>
      </trkpt>
      <trkpt lat="46.302523" lon="6.167894">
        <ele>411.6</ele>
        <time>2026-10-08T05:45:09Z</time>
      </trkpt>
      <trkpt lat="46.302474" lon="6.167837">
        <ele>411.6</ele>
        <time>2026-10-08T05:45:10Z</time>
      </trkpt>
      <trkpt lat="46.302429" lon="6.167772">
        <ele>411.7</ele>
        <time>2026-10-08T05:45:11Z</time>
      </trkpt>
      <trkpt lat="46.302383" lon="6.167708">
        <ele>411.7</ele>
        <time>2026-10-08T05:45:12Z</time>
      </trkpt>
      <trkpt lat="46.302337" lon="6.167645">
        <ele>411.7</ele>
        <time>2026-10-08T05:45:13Z</time>
      </trkpt>
      <trkpt lat="46.302292" lon="6.167576">
        <ele>411.7</ele>
        <time>2026-10-08T05:45:14Z</time>
      </trkpt>
      <trkpt lat="46.302246" lon="6.167509">
        <ele>411.7</ele>
        <time>2026-10-08T05:45:15Z</time>
      </trkpt>
      <trkpt lat="46.302203" lon="6.167439">
        <ele>411.7</ele>
        <time>2026-10-08T05:45:16Z</time>
      </trkpt>
      <trkpt lat="46.302159" lon="6.167367">
        <ele>411.7</ele>
        <time>2026-10-08T05:45:17Z</time>
      </trkpt>
      <trkpt lat="46.302115" lon="6.167297">
        <ele>411.7</ele>
        <time>2026-10-08T05:45:18Z</time>
      </trkpt>
      <trkpt lat="46.30207" lon="6.16723">
        <ele>411.7</ele>
        <time>2026-10-08T05:45:19Z</time>
      </trkpt>
      <trkpt lat="46.302023" lon="6.167166">
        <ele>411.7</ele>
        <time>2026-10-08T05:45:20Z</time>
      </trkpt>
      <trkpt lat="46.301972" lon="6.167101">
        <ele>411.7</ele>
        <time>2026-10-08T05:45:21Z</time>
      </trkpt>
      <trkpt lat="46.301922" lon="6.167037">
        <ele>411.7</ele>
        <time>2026-10-08T05:45:22Z</time>
      </trkpt>
      <trkpt lat="46.301874" lon="6.166969">
        <ele>411.7</ele>
        <time>2026-10-08T05:45:23Z</time>
      </trkpt>
      <trkpt lat="46.301827" lon="6.166901">
        <ele>411.7</ele>
        <time>2026-10-08T05:45:24Z</time>
      </trkpt>
      <trkpt lat="46.30178" lon="6.166833">
        <ele>411.7</ele>
        <time>2026-10-08T05:45:25Z</time>
      </trkpt>
      <trkpt lat="46.301735" lon="6.166764">
        <ele>411.7</ele>
        <time>2026-10-08T05:45:26Z</time>
      </trkpt>
      <trkpt lat="46.30169" lon="6.166691">
        <ele>411.7</ele>
        <time>2026-10-08T05:45:27Z</time>
      </trkpt>
      <trkpt lat="46.301646" lon="6.166622">
        <ele>411.8</ele>
        <time>2026-10-08T05:45:28Z</time>
      </trkpt>
      <trkpt lat="46.301603" lon="6.166552">
        <ele>411.8</ele>
        <time>2026-10-08T05:45:29Z</time>
      </trkpt>
      <trkpt lat="46.301558" lon="6.166486">
        <ele>411.8</ele>
        <time>2026-10-08T05:45:30Z</time>
      </trkpt>
      <trkpt lat="46.301514" lon="6.166416">
        <ele>411.8</ele>
        <time>2026-10-08T05:45:31Z</time>
      </trkpt>
      <trkpt lat="46.301469" lon="6.166347">
        <ele>411.8</ele>
        <time>2026-10-08T05:45:32Z</time>
      </trkpt>
      <trkpt lat="46.30143" lon="6.166288">
        <ele>411.9</ele>
        <time>2026-10-08T05:45:33Z</time>
      </trkpt>
      <trkpt lat="46.301384" lon="6.166216">
        <ele>411.9</ele>
        <time>2026-10-08T05:45:34Z</time>
      </trkpt>
      <trkpt lat="46.30134" lon="6.166156">
        <ele>411.9</ele>
        <time>2026-10-08T05:45:35Z</time>
      </trkpt>
      <trkpt lat="46.301297" lon="6.166089">
        <ele>411.9</ele>
        <time>2026-10-08T05:45:36Z</time>
      </trkpt>
      <trkpt lat="46.301251" lon="6.166029">
        <ele>411.9</ele>
        <time>2026-10-08T05:45:37Z</time>
      </trkpt>
      <trkpt lat="46.301203" lon="6.165964">
        <ele>411.9</ele>
        <time>2026-10-08T05:45:38Z</time>
      </trkpt>
      <trkpt lat="46.301152" lon="6.165905">
        <ele>411.9</ele>
        <time>2026-10-08T05:45:39Z</time>
      </trkpt>
      <trkpt lat="46.3011" lon="6.165852">
        <ele>411.9</ele>
        <time>2026-10-08T05:45:40Z</time>
      </trkpt>
      <trkpt lat="46.301046" lon="6.165801">
        <ele>411.9</ele>
        <time>2026-10-08T05:45:41Z</time>
      </trkpt>
      <trkpt lat="46.300992" lon="6.165752">
        <ele>412.0</ele>
        <time>2026-10-08T05:45:42Z</time>
      </trkpt>
      <trkpt lat="46.300939" lon="6.165702">
        <ele>412.0</ele>
        <time>2026-10-08T05:45:43Z</time>
      </trkpt>
      <trkpt lat="46.300888" lon="6.165655">
        <ele>412.0</ele>
        <time>2026-10-08T05:45:44Z</time>
      </trkpt>
      <trkpt lat="46.300836" lon="6.165605">
        <ele>412.0</ele>
        <time>2026-10-08T05:45:45Z</time>
      </trkpt>
      <trkpt lat="46.300784" lon="6.165555">
        <ele>412.0</ele>
        <time>2026-10-08T05:45:46Z</time>
      </trkpt>
      <trkpt lat="46.300729" lon="6.165508">
        <ele>412.0</ele>
        <time>2026-10-08T05:45:47Z</time>
      </trkpt>
      <trkpt lat="46.300673" lon="6.165461">
        <ele>412.0</ele>
        <time>2026-10-08T05:45:48Z</time>
      </trkpt>
      <trkpt lat="46.300617" lon="6.165419">
        <ele>411.9</ele>
        <time>2026-10-08T05:45:49Z</time>
      </trkpt>
      <trkpt lat="46.300559" lon="6.165374">
        <ele>411.9</ele>
        <time>2026-10-08T05:45:50Z</time>
      </trkpt>
      <trkpt lat="46.300503" lon="6.165322">
        <ele>411.9</ele>
        <time>2026-10-08T05:45:51Z</time>
      </trkpt>
      <trkpt lat="46.300447" lon="6.165272">
        <ele>411.9</ele>
        <time>2026-10-08T05:45:52Z</time>
      </trkpt>
      <trkpt lat="46.300393" lon="6.165223">
        <ele>411.9</ele>
        <time>2026-10-08T05:45:53Z</time>
      </trkpt>
      <trkpt lat="46.300333" lon="6.165171">
        <ele>411.8</ele>
        <time>2026-10-08T05:45:54Z</time>
      </trkpt>
      <trkpt lat="46.300276" lon="6.16512">
        <ele>411.8</ele>
        <time>2026-10-08T05:45:55Z</time>
      </trkpt>
      <trkpt lat="46.300217" lon="6.16507">
        <ele>411.8</ele>
        <time>2026-10-08T05:45:56Z</time>
      </trkpt>
      <trkpt lat="46.300159" lon="6.16502">
        <ele>411.7</ele>
        <time>2026-10-08T05:45:57Z</time>
      </trkpt>
      <trkpt lat="46.3001" lon="6.16497">
        <ele>411.7</ele>
        <time>2026-10-08T05:45:58Z</time>
      </trkpt>
      <trkpt lat="46.300042" lon="6.164918">
        <ele>411.6</ele>
        <time>2026-10-08T05:45:59Z</time>
      </trkpt>
      <trkpt lat="46.299985" lon="6.164868">
        <ele>411.6</ele>
        <time>2026-10-08T05:46:00Z</time>
      </trkpt>
      <trkpt lat="46.299926" lon="6.164816">
        <ele>411.6</ele>
        <time>2026-10-08T05:46:01Z</time>
      </trkpt>
      <trkpt lat="46.299867" lon="6.164766">
        <ele>411.5</ele>
        <time>2026-10-08T05:46:02Z</time>
      </trkpt>
      <trkpt lat="46.299807" lon="6.164711">
        <ele>411.5</ele>
        <time>2026-10-08T05:46:03Z</time>
      </trkpt>
      <trkpt lat="46.299746" lon="6.164654">
        <ele>411.4</ele>
        <time>2026-10-08T05:46:04Z</time>
      </trkpt>
      <trkpt lat="46.299686" lon="6.164598">
        <ele>411.4</ele>
        <time>2026-10-08T05:46:05Z</time>
      </trkpt>
      <trkpt lat="46.299627" lon="6.164539">
        <ele>411.3</ele>
        <time>2026-10-08T05:46:06Z</time>
      </trkpt>
      <trkpt lat="46.29957" lon="6.164481">
        <ele>411.3</ele>
        <time>2026-10-08T05:46:07Z</time>
      </trkpt>
      <trkpt lat="46.299511" lon="6.164419">
        <ele>411.2</ele>
        <time>2026-10-08T05:46:08Z</time>
      </trkpt>
      <trkpt lat="46.299456" lon="6.164353">
        <ele>411.2</ele>
        <time>2026-10-08T05:46:09Z</time>
      </trkpt>
      <trkpt lat="46.299402" lon="6.16429">
        <ele>411.1</ele>
        <time>2026-10-08T05:46:10Z</time>
      </trkpt>
      <trkpt lat="46.299343" lon="6.164221">
        <ele>411.1</ele>
        <time>2026-10-08T05:46:11Z</time>
      </trkpt>
      <trkpt lat="46.299289" lon="6.164148">
        <ele>411.1</ele>
        <time>2026-10-08T05:46:12Z</time>
      </trkpt>
      <trkpt lat="46.299241" lon="6.164074">
        <ele>411.1</ele>
        <time>2026-10-08T05:46:13Z</time>
      </trkpt>
      <trkpt lat="46.299185" lon="6.164004">
        <ele>411.1</ele>
        <time>2026-10-08T05:46:14Z</time>
      </trkpt>
      <trkpt lat="46.299135" lon="6.163934">
        <ele>411.2</ele>
        <time>2026-10-08T05:46:15Z</time>
      </trkpt>
      <trkpt lat="46.299088" lon="6.163859">
        <ele>411.2</ele>
        <time>2026-10-08T05:46:16Z</time>
      </trkpt>
      <trkpt lat="46.299039" lon="6.163782">
        <ele>411.3</ele>
        <time>2026-10-08T05:46:17Z</time>
      </trkpt>
      <trkpt lat="46.298994" lon="6.163703">
        <ele>411.4</ele>
        <time>2026-10-08T05:46:18Z</time>
      </trkpt>
      <trkpt lat="46.298951" lon="6.163636">
        <ele>411.4</ele>
        <time>2026-10-08T05:46:19Z</time>
      </trkpt>
      <trkpt lat="46.298903" lon="6.163568">
        <ele>411.5</ele>
        <time>2026-10-08T05:46:20Z</time>
      </trkpt>
      <trkpt lat="46.298854" lon="6.163499">
        <ele>411.6</ele>
        <time>2026-10-08T05:46:21Z</time>
      </trkpt>
      <trkpt lat="46.298813" lon="6.163436">
        <ele>411.8</ele>
        <time>2026-10-08T05:46:22Z</time>
      </trkpt>
      <trkpt lat="46.298764" lon="6.163378">
        <ele>411.9</ele>
        <time>2026-10-08T05:46:23Z</time>
      </trkpt>
      <trkpt lat="46.29872" lon="6.163321">
        <ele>412.1</ele>
        <time>2026-10-08T05:46:24Z</time>
      </trkpt>
      <trkpt lat="46.298678" lon="6.163267">
        <ele>412.2</ele>
        <time>2026-10-08T05:46:25Z</time>
      </trkpt>
      <trkpt lat="46.298639" lon="6.16321">
        <ele>412.4</ele>
        <time>2026-10-08T05:46:26Z</time>
      </trkpt>
      <trkpt lat="46.2986" lon="6.163155">
        <ele>412.5</ele>
        <time>2026-10-08T05:46:27Z</time>
      </trkpt>
      <trkpt lat="46.29856" lon="6.163099">
        <ele>412.6</ele>
        <time>2026-10-08T05:46:28Z</time>
      </trkpt>
      <trkpt lat="46.29852" lon="6.163044">
        <ele>412.7</ele>
        <time>2026-10-08T05:46:29Z</time>
      </trkpt>
      <trkpt lat="46.298479" lon="6.16299">
        <ele>412.8</ele>
        <time>2026-10-08T05:46:30Z</time>
      </trkpt>
      <trkpt lat="46.298439" lon="6.162931">
        <ele>412.9</ele>
        <time>2026-10-08T05:46:31Z</time>
      </trkpt>
      <trkpt lat="46.298399" lon="6.162874">
        <ele>412.9</ele>
        <time>2026-10-08T05:46:32Z</time>
      </trkpt>
      <trkpt lat="46.29836" lon="6.162821">
        <ele>413.0</ele>
        <time>2026-10-08T05:46:33Z</time>
      </trkpt>
      <trkpt lat="46.298318" lon="6.162761">
        <ele>413.0</ele>
        <time>2026-10-08T05:46:34Z</time>
      </trkpt>
      <trkpt lat="46.298276" lon="6.162704">
        <ele>413.1</ele>
        <time>2026-10-08T05:46:35Z</time>
      </trkpt>
      <trkpt lat="46.298234" lon="6.162646">
        <ele>413.1</ele>
        <time>2026-10-08T05:46:36Z</time>
      </trkpt>
      <trkpt lat="46.298194" lon="6.162587">
        <ele>413.2</ele>
        <time>2026-10-08T05:46:37Z</time>
      </trkpt>
      <trkpt lat="46.298153" lon="6.162524">
        <ele>413.2</ele>
        <time>2026-10-08T05:46:38Z</time>
      </trkpt>
      <trkpt lat="46.298119" lon="6.16246">
        <ele>413.3</ele>
        <time>2026-10-08T05:46:39Z</time>
      </trkpt>
      <trkpt lat="46.298083" lon="6.162391">
        <ele>413.3</ele>
        <time>2026-10-08T05:46:40Z</time>
      </trkpt>
      <trkpt lat="46.298047" lon="6.162325">
        <ele>413.4</ele>
        <time>2026-10-08T05:46:41Z</time>
      </trkpt>
      <trkpt lat="46.298012" lon="6.162258">
        <ele>413.5</ele>
        <time>2026-10-08T05:46:42Z</time>
      </trkpt>
      <trkpt lat="46.29798" lon="6.162185">
        <ele>413.6</ele>
        <time>2026-10-08T05:46:43Z</time>
      </trkpt>
      <trkpt lat="46.297952" lon="6.162115">
        <ele>413.7</ele>
        <time>2026-10-08T05:46:44Z</time>
      </trkpt>
      <trkpt lat="46.297925" lon="6.162043">
        <ele>413.8</ele>
        <time>2026-10-08T05:46:45Z</time>
      </trkpt>
      <trkpt lat="46.297898" lon="6.161972">
        <ele>413.9</ele>
        <time>2026-10-08T05:46:46Z</time>
      </trkpt>
      <trkpt lat="46.29787" lon="6.161901">
        <ele>414.0</ele>
        <time>2026-10-08T05:46:47Z</time>
      </trkpt>
      <trkpt lat="46.297843" lon="6.16183">
        <ele>414.1</ele>
        <time>2026-10-08T05:46:48Z</time>
      </trkpt>
      <trkpt lat="46.297817" lon="6.161756">
        <ele>414.2</ele>
        <time>2026-10-08T05:46:49Z</time>
      </trkpt>
      <trkpt lat="46.29779" lon="6.161685">
        <ele>414.3</ele>
        <time>2026-10-08T05:46:50Z</time>
      </trkpt>
      <trkpt lat="46.297763" lon="6.161612">
        <ele>414.4</ele>
        <time>2026-10-08T05:46:51Z</time>
      </trkpt>
      <trkpt lat="46.297739" lon="6.161543">
        <ele>414.4</ele>
        <time>2026-10-08T05:46:52Z</time>
      </trkpt>
      <trkpt lat="46.297714" lon="6.161475">
        <ele>414.6</ele>
        <time>2026-10-08T05:46:53Z</time>
      </trkpt>
      <trkpt lat="46.297689" lon="6.161408">
        <ele>414.8</ele>
        <time>2026-10-08T05:46:54Z</time>
      </trkpt>
      <trkpt lat="46.297665" lon="6.161342">
        <ele>415.0</ele>
        <time>2026-10-08T05:46:55Z</time>
      </trkpt>
      <trkpt lat="46.297641" lon="6.161278">
        <ele>415.2</ele>
        <time>2026-10-08T05:46:56Z</time>
      </trkpt>
      <trkpt lat="46.297615" lon="6.161215">
        <ele>415.3</ele>
        <time>2026-10-08T05:46:57Z</time>
      </trkpt>
      <trkpt lat="46.297592" lon="6.161151">
        <ele>415.5</ele>
        <time>2026-10-08T05:46:58Z</time>
      </trkpt>
      <trkpt lat="46.297573" lon="6.161089">
        <ele>415.7</ele>
        <time>2026-10-08T05:46:59Z</time>
      </trkpt>
      <trkpt lat="46.297554" lon="6.161026">
        <ele>415.9</ele>
        <time>2026-10-08T05:47:00Z</time>
      </trkpt>
      <trkpt lat="46.297534" lon="6.160965">
        <ele>416.1</ele>
        <time>2026-10-08T05:47:01Z</time>
      </trkpt>
      <trkpt lat="46.297516" lon="6.160907">
        <ele>416.3</ele>
        <time>2026-10-08T05:47:02Z</time>
      </trkpt>
      <trkpt lat="46.297497" lon="6.160851">
        <ele>416.5</ele>
        <time>2026-10-08T05:47:03Z</time>
      </trkpt>
      <trkpt lat="46.297477" lon="6.160794">
        <ele>416.8</ele>
        <time>2026-10-08T05:47:04Z</time>
      </trkpt>
      <trkpt lat="46.29746" lon="6.160737">
        <ele>417.0</ele>
        <time>2026-10-08T05:47:05Z</time>
      </trkpt>
      <trkpt lat="46.297443" lon="6.160683">
        <ele>417.1</ele>
        <time>2026-10-08T05:47:06Z</time>
      </trkpt>
      <trkpt lat="46.297425" lon="6.160628">
        <ele>417.3</ele>
        <time>2026-10-08T05:47:07Z</time>
      </trkpt>
      <trkpt lat="46.297408" lon="6.160575">
        <ele>417.4</ele>
        <time>2026-10-08T05:47:08Z</time>
      </trkpt>
      <trkpt lat="46.297391" lon="6.16052">
        <ele>417.6</ele>
        <time>2026-10-08T05:47:09Z</time>
      </trkpt>
      <trkpt lat="46.297374" lon="6.160461">
        <ele>417.8</ele>
        <time>2026-10-08T05:47:10Z</time>
      </trkpt>
      <trkpt lat="46.297354" lon="6.160409">
        <ele>418.0</ele>
        <time>2026-10-08T05:47:11Z</time>
      </trkpt>
      <trkpt lat="46.297336" lon="6.160359">
        <ele>418.1</ele>
        <time>2026-10-08T05:47:12Z</time>
      </trkpt>
      <trkpt lat="46.297318" lon="6.160307">
        <ele>418.3</ele>
        <time>2026-10-08T05:47:13Z</time>
      </trkpt>
      <trkpt lat="46.297299" lon="6.160253">
        <ele>418.5</ele>
        <time>2026-10-08T05:47:14Z</time>
      </trkpt>
      <trkpt lat="46.297279" lon="6.160203">
        <ele>418.7</ele>
        <time>2026-10-08T05:47:15Z</time>
      </trkpt>
      <trkpt lat="46.297258" lon="6.160156">
        <ele>418.9</ele>
        <time>2026-10-08T05:47:16Z</time>
      </trkpt>
      <trkpt lat="46.297241" lon="6.160103">
        <ele>419.0</ele>
        <time>2026-10-08T05:47:17Z</time>
      </trkpt>
      <trkpt lat="46.297217" lon="6.160053">
        <ele>419.2</ele>
        <time>2026-10-08T05:47:18Z</time>
      </trkpt>
      <trkpt lat="46.297196" lon="6.160004">
        <ele>419.3</ele>
        <time>2026-10-08T05:47:19Z</time>
      </trkpt>
      <trkpt lat="46.297174" lon="6.159954">
        <ele>419.5</ele>
        <time>2026-10-08T05:47:20Z</time>
      </trkpt>
      <trkpt lat="46.297155" lon="6.159907">
        <ele>419.6</ele>
        <time>2026-10-08T05:47:21Z</time>
      </trkpt>
      <trkpt lat="46.297135" lon="6.159859">
        <ele>419.7</ele>
        <time>2026-10-08T05:47:22Z</time>
      </trkpt>
      <trkpt lat="46.297117" lon="6.159808">
        <ele>419.8</ele>
        <time>2026-10-08T05:47:23Z</time>
      </trkpt>
      <trkpt lat="46.297096" lon="6.15976">
        <ele>419.9</ele>
        <time>2026-10-08T05:47:24Z</time>
      </trkpt>
      <trkpt lat="46.297072" lon="6.159711">
        <ele>420.0</ele>
        <time>2026-10-08T05:47:25Z</time>
      </trkpt>
      <trkpt lat="46.297048" lon="6.15966">
        <ele>420.1</ele>
        <time>2026-10-08T05:47:26Z</time>
      </trkpt>
      <trkpt lat="46.29703" lon="6.159603">
        <ele>420.2</ele>
        <time>2026-10-08T05:47:27Z</time>
      </trkpt>
      <trkpt lat="46.297012" lon="6.159546">
        <ele>420.3</ele>
        <time>2026-10-08T05:47:28Z</time>
      </trkpt>
      <trkpt lat="46.296995" lon="6.159487">
        <ele>420.4</ele>
        <time>2026-10-08T05:47:29Z</time>
      </trkpt>
      <trkpt lat="46.296976" lon="6.15943">
        <ele>420.5</ele>
        <time>2026-10-08T05:47:30Z</time>
      </trkpt>
      <trkpt lat="46.29696" lon="6.159365">
        <ele>420.6</ele>
        <time>2026-10-08T05:47:31Z</time>
      </trkpt>
      <trkpt lat="46.296942" lon="6.159305">
        <ele>420.7</ele>
        <time>2026-10-08T05:47:32Z</time>
      </trkpt>
      <trkpt lat="46.296925" lon="6.159243">
        <ele>420.8</ele>
        <time>2026-10-08T05:47:33Z</time>
      </trkpt>
      <trkpt lat="46.296908" lon="6.15918">
        <ele>420.8</ele>
        <time>2026-10-08T05:47:34Z</time>
      </trkpt>
      <trkpt lat="46.296889" lon="6.159117">
        <ele>420.9</ele>
        <time>2026-10-08T05:47:35Z</time>
      </trkpt>
      <trkpt lat="46.296871" lon="6.159052">
        <ele>421.0</ele>
        <time>2026-10-08T05:47:36Z</time>
      </trkpt>
      <trkpt lat="46.296851" lon="6.158986">
        <ele>421.0</ele>
        <time>2026-10-08T05:47:37Z</time>
      </trkpt>
      <trkpt lat="46.296834" lon="6.158918">
        <ele>421.1</ele>
        <time>2026-10-08T05:47:38Z</time>
      </trkpt>
      <trkpt lat="46.296815" lon="6.158852">
        <ele>421.1</ele>
        <time>2026-10-08T05:47:39Z</time>
      </trkpt>
      <trkpt lat="46.296797" lon="6.158785">
        <ele>421.2</ele>
        <time>2026-10-08T05:47:40Z</time>
      </trkpt>
      <trkpt lat="46.296776" lon="6.158719">
        <ele>421.2</ele>
        <time>2026-10-08T05:47:41Z</time>
      </trkpt>
      <trkpt lat="46.296755" lon="6.158651">
        <ele>421.2</ele>
        <time>2026-10-08T05:47:42Z</time>
      </trkpt>
      <trkpt lat="46.296734" lon="6.158587">
        <ele>421.2</ele>
        <time>2026-10-08T05:47:43Z</time>
      </trkpt>
      <trkpt lat="46.296721" lon="6.158529">
        <ele>421.2</ele>
        <time>2026-10-08T05:47:44Z</time>
      </trkpt>
      <trkpt lat="46.296693" lon="6.158455">
        <ele>421.3</ele>
        <time>2026-10-08T05:47:45Z</time>
      </trkpt>
      <trkpt lat="46.296666" lon="6.158383">
        <ele>421.3</ele>
        <time>2026-10-08T05:47:46Z</time>
      </trkpt>
      <trkpt lat="46.29664" lon="6.158313">
        <ele>421.3</ele>
        <time>2026-10-08T05:47:47Z</time>
      </trkpt>
      <trkpt lat="46.296609" lon="6.158243">
        <ele>421.3</ele>
        <time>2026-10-08T05:47:48Z</time>
      </trkpt>
      <trkpt lat="46.296581" lon="6.158177">
        <ele>421.3</ele>
        <time>2026-10-08T05:47:49Z</time>
      </trkpt>
      <trkpt lat="46.296548" lon="6.158114">
        <ele>421.4</ele>
        <time>2026-10-08T05:47:50Z</time>
      </trkpt>
      <trkpt lat="46.296518" lon="6.158049">
        <ele>421.4</ele>
        <time>2026-10-08T05:47:51Z</time>
      </trkpt>
      <trkpt lat="46.296484" lon="6.157985">
        <ele>421.5</ele>
        <time>2026-10-08T05:47:52Z</time>
      </trkpt>
      <trkpt lat="46.296451" lon="6.157921">
        <ele>421.5</ele>
        <time>2026-10-08T05:47:53Z</time>
      </trkpt>
      <trkpt lat="46.296415" lon="6.157856">
        <ele>421.5</ele>
        <time>2026-10-08T05:47:54Z</time>
      </trkpt>
      <trkpt lat="46.296379" lon="6.157793">
        <ele>421.6</ele>
        <time>2026-10-08T05:47:55Z</time>
      </trkpt>
      <trkpt lat="46.296341" lon="6.157732">
        <ele>421.6</ele>
        <time>2026-10-08T05:47:56Z</time>
      </trkpt>
      <trkpt lat="46.296304" lon="6.15767">
        <ele>421.7</ele>
        <time>2026-10-08T05:47:57Z</time>
      </trkpt>
      <trkpt lat="46.296266" lon="6.15761">
        <ele>421.7</ele>
        <time>2026-10-08T05:47:58Z</time>
      </trkpt>
      <trkpt lat="46.296226" lon="6.157549">
        <ele>421.8</ele>
        <time>2026-10-08T05:47:59Z</time>
      </trkpt>
      <trkpt lat="46.296185" lon="6.15749">
        <ele>421.8</ele>
        <time>2026-10-08T05:48:00Z</time>
      </trkpt>
      <trkpt lat="46.296142" lon="6.15743">
        <ele>421.8</ele>
        <time>2026-10-08T05:48:01Z</time>
      </trkpt>
      <trkpt lat="46.296099" lon="6.157376">
        <ele>421.8</ele>
        <time>2026-10-08T05:48:02Z</time>
      </trkpt>
      <trkpt lat="46.296057" lon="6.157314">
        <ele>421.8</ele>
        <time>2026-10-08T05:48:03Z</time>
      </trkpt>
      <trkpt lat="46.296014" lon="6.157255">
        <ele>421.9</ele>
        <time>2026-10-08T05:48:04Z</time>
      </trkpt>
      <trkpt lat="46.295968" lon="6.157199">
        <ele>421.9</ele>
        <time>2026-10-08T05:48:05Z</time>
      </trkpt>
      <trkpt lat="46.295923" lon="6.157144">
        <ele>421.9</ele>
        <time>2026-10-08T05:48:06Z</time>
      </trkpt>
      <trkpt lat="46.295879" lon="6.157089">
        <ele>421.9</ele>
        <time>2026-10-08T05:48:07Z</time>
      </trkpt>
      <trkpt lat="46.295834" lon="6.157041">
        <ele>421.9</ele>
        <time>2026-10-08T05:48:08Z</time>
      </trkpt>
      <trkpt lat="46.295786" lon="6.156989">
        <ele>422.0</ele>
        <time>2026-10-08T05:48:09Z</time>
      </trkpt>
      <trkpt lat="46.29574" lon="6.156938">
        <ele>422.0</ele>
        <time>2026-10-08T05:48:10Z</time>
      </trkpt>
      <trkpt lat="46.295692" lon="6.156887">
        <ele>422.1</ele>
        <time>2026-10-08T05:48:11Z</time>
      </trkpt>
      <trkpt lat="46.295645" lon="6.156832">
        <ele>422.1</ele>
        <time>2026-10-08T05:48:12Z</time>
      </trkpt>
      <trkpt lat="46.295603" lon="6.156772">
        <ele>422.2</ele>
        <time>2026-10-08T05:48:13Z</time>
      </trkpt>
      <trkpt lat="46.295561" lon="6.156713">
        <ele>422.2</ele>
        <time>2026-10-08T05:48:14Z</time>
      </trkpt>
      <trkpt lat="46.295518" lon="6.156658">
        <ele>422.2</ele>
        <time>2026-10-08T05:48:15Z</time>
      </trkpt>
      <trkpt lat="46.29547" lon="6.156612">
        <ele>422.2</ele>
        <time>2026-10-08T05:48:16Z</time>
      </trkpt>
      <trkpt lat="46.29542" lon="6.156566">
        <ele>422.2</ele>
        <time>2026-10-08T05:48:17Z</time>
      </trkpt>
      <trkpt lat="46.295373" lon="6.156516">
        <ele>422.2</ele>
        <time>2026-10-08T05:48:18Z</time>
      </trkpt>
      <trkpt lat="46.295325" lon="6.156469">
        <ele>422.2</ele>
        <time>2026-10-08T05:48:19Z</time>
      </trkpt>
      <trkpt lat="46.29528" lon="6.15642">
        <ele>422.2</ele>
        <time>2026-10-08T05:48:20Z</time>
      </trkpt>
      <trkpt lat="46.29523" lon="6.156373">
        <ele>422.3</ele>
        <time>2026-10-08T05:48:21Z</time>
      </trkpt>
      <trkpt lat="46.295181" lon="6.156324">
        <ele>422.3</ele>
        <time>2026-10-08T05:48:22Z</time>
      </trkpt>
      <trkpt lat="46.295132" lon="6.156277">
        <ele>422.3</ele>
        <time>2026-10-08T05:48:23Z</time>
      </trkpt>
      <trkpt lat="46.295082" lon="6.156231">
        <ele>422.3</ele>
        <time>2026-10-08T05:48:24Z</time>
      </trkpt>
      <trkpt lat="46.295035" lon="6.156184">
        <ele>422.3</ele>
        <time>2026-10-08T05:48:25Z</time>
      </trkpt>
      <trkpt lat="46.294987" lon="6.156136">
        <ele>422.3</ele>
        <time>2026-10-08T05:48:26Z</time>
      </trkpt>
      <trkpt lat="46.294938" lon="6.156088">
        <ele>422.4</ele>
        <time>2026-10-08T05:48:27Z</time>
      </trkpt>
      <trkpt lat="46.29489" lon="6.156038">
        <ele>422.4</ele>
        <time>2026-10-08T05:48:28Z</time>
      </trkpt>
      <trkpt lat="46.29484" lon="6.155994">
        <ele>422.4</ele>
        <time>2026-10-08T05:48:29Z</time>
      </trkpt>
      <trkpt lat="46.294786" lon="6.155956">
        <ele>422.4</ele>
        <time>2026-10-08T05:48:30Z</time>
      </trkpt>
      <trkpt lat="46.294734" lon="6.155913">
        <ele>422.4</ele>
        <time>2026-10-08T05:48:31Z</time>
      </trkpt>
      <trkpt lat="46.294683" lon="6.155867">
        <ele>422.5</ele>
        <time>2026-10-08T05:48:32Z</time>
      </trkpt>
      <trkpt lat="46.29463" lon="6.15582">
        <ele>422.5</ele>
        <time>2026-10-08T05:48:33Z</time>
      </trkpt>
      <trkpt lat="46.294579" lon="6.155775">
        <ele>422.5</ele>
        <time>2026-10-08T05:48:34Z</time>
      </trkpt>
      <trkpt lat="46.294526" lon="6.155726">
        <ele>422.5</ele>
        <time>2026-10-08T05:48:35Z</time>
      </trkpt>
      <trkpt lat="46.294474" lon="6.155677">
        <ele>422.6</ele>
        <time>2026-10-08T05:48:36Z</time>
      </trkpt>
      <trkpt lat="46.294422" lon="6.155625">
        <ele>422.6</ele>
        <time>2026-10-08T05:48:37Z</time>
      </trkpt>
      <trkpt lat="46.294371" lon="6.155574">
        <ele>422.6</ele>
        <time>2026-10-08T05:48:38Z</time>
      </trkpt>
      <trkpt lat="46.294321" lon="6.155522">
        <ele>422.6</ele>
        <time>2026-10-08T05:48:39Z</time>
      </trkpt>
      <trkpt lat="46.294268" lon="6.155468">
        <ele>422.7</ele>
        <time>2026-10-08T05:48:40Z</time>
      </trkpt>
      <trkpt lat="46.294214" lon="6.155419">
        <ele>422.7</ele>
        <time>2026-10-08T05:48:41Z</time>
      </trkpt>
      <trkpt lat="46.29416" lon="6.155368">
        <ele>422.7</ele>
        <time>2026-10-08T05:48:42Z</time>
      </trkpt>
      <trkpt lat="46.294109" lon="6.155314">
        <ele>422.7</ele>
        <time>2026-10-08T05:48:43Z</time>
      </trkpt>
      <trkpt lat="46.294057" lon="6.155263">
        <ele>422.8</ele>
        <time>2026-10-08T05:48:44Z</time>
      </trkpt>
      <trkpt lat="46.294005" lon="6.155214">
        <ele>422.8</ele>
        <time>2026-10-08T05:48:45Z</time>
      </trkpt>
      <trkpt lat="46.293954" lon="6.155158">
        <ele>422.8</ele>
        <time>2026-10-08T05:48:46Z</time>
      </trkpt>
      <trkpt lat="46.293905" lon="6.155095">
        <ele>422.9</ele>
        <time>2026-10-08T05:48:47Z</time>
      </trkpt>
      <trkpt lat="46.293863" lon="6.15503">
        <ele>422.9</ele>
        <time>2026-10-08T05:48:48Z</time>
      </trkpt>
      <trkpt lat="46.29382" lon="6.154972">
        <ele>422.9</ele>
        <time>2026-10-08T05:48:49Z</time>
      </trkpt>
      <trkpt lat="46.293769" lon="6.154925">
        <ele>422.9</ele>
        <time>2026-10-08T05:48:50Z</time>
      </trkpt>
      <trkpt lat="46.293712" lon="6.154891">
        <ele>422.9</ele>
        <time>2026-10-08T05:48:51Z</time>
      </trkpt>
      <trkpt lat="46.29365" lon="6.154864">
        <ele>422.9</ele>
        <time>2026-10-08T05:48:52Z</time>
      </trkpt>
      <trkpt lat="46.29359" lon="6.15483">
        <ele>422.9</ele>
        <time>2026-10-08T05:48:53Z</time>
      </trkpt>
      <trkpt lat="46.29353" lon="6.15479">
        <ele>422.9</ele>
        <time>2026-10-08T05:48:54Z</time>
      </trkpt>
      <trkpt lat="46.293474" lon="6.15474">
        <ele>422.9</ele>
        <time>2026-10-08T05:48:55Z</time>
      </trkpt>
      <trkpt lat="46.293422" lon="6.154687">
        <ele>422.9</ele>
        <time>2026-10-08T05:48:56Z</time>
      </trkpt>
      <trkpt lat="46.293369" lon="6.15463">
        <ele>422.9</ele>
        <time>2026-10-08T05:48:57Z</time>
      </trkpt>
      <trkpt lat="46.293319" lon="6.154565">
        <ele>422.9</ele>
        <time>2026-10-08T05:48:58Z</time>
      </trkpt>
      <trkpt lat="46.293268" lon="6.154503">
        <ele>422.8</ele>
        <time>2026-10-08T05:48:59Z</time>
      </trkpt>
      <trkpt lat="46.293213" lon="6.154452">
        <ele>422.8</ele>
        <time>2026-10-08T05:49:00Z</time>
      </trkpt>
      <trkpt lat="46.293154" lon="6.154401">
        <ele>422.8</ele>
        <time>2026-10-08T05:49:01Z</time>
      </trkpt>
      <trkpt lat="46.293107" lon="6.154354">
        <ele>422.8</ele>
        <time>2026-10-08T05:49:02Z</time>
      </trkpt>
      <trkpt lat="46.293041" lon="6.154307">
        <ele>422.7</ele>
        <time>2026-10-08T05:49:03Z</time>
      </trkpt>
      <trkpt lat="46.292974" lon="6.154247">
        <ele>422.7</ele>
        <time>2026-10-08T05:49:04Z</time>
      </trkpt>
      <trkpt lat="46.292914" lon="6.154211">
        <ele>422.6</ele>
        <time>2026-10-08T05:49:05Z</time>
      </trkpt>
      <trkpt lat="46.292844" lon="6.154157">
        <ele>422.5</ele>
        <time>2026-10-08T05:49:06Z</time>
      </trkpt>
      <trkpt lat="46.292792" lon="6.154099">
        <ele>422.4</ele>
        <time>2026-10-08T05:49:07Z</time>
      </trkpt>
      <trkpt lat="46.292735" lon="6.154039">
        <ele>422.4</ele>
        <time>2026-10-08T05:49:08Z</time>
      </trkpt>
      <trkpt lat="46.292674" lon="6.153988">
        <ele>422.3</ele>
        <time>2026-10-08T05:49:09Z</time>
      </trkpt>
      <trkpt lat="46.292617" lon="6.15392">
        <ele>422.2</ele>
        <time>2026-10-08T05:49:10Z</time>
      </trkpt>
      <trkpt lat="46.292554" lon="6.153873">
        <ele>422.2</ele>
        <time>2026-10-08T05:49:11Z</time>
      </trkpt>
      <trkpt lat="46.29249" lon="6.153827">
        <ele>422.2</ele>
        <time>2026-10-08T05:49:12Z</time>
      </trkpt>
      <trkpt lat="46.292428" lon="6.15378">
        <ele>422.2</ele>
        <time>2026-10-08T05:49:13Z</time>
      </trkpt>
      <trkpt lat="46.292365" lon="6.153734">
        <ele>422.3</ele>
        <time>2026-10-08T05:49:14Z</time>
      </trkpt>
      <trkpt lat="46.292304" lon="6.153687">
        <ele>422.3</ele>
        <time>2026-10-08T05:49:15Z</time>
      </trkpt>
      <trkpt lat="46.292249" lon="6.153632">
        <ele>422.4</ele>
        <time>2026-10-08T05:49:16Z</time>
      </trkpt>
      <trkpt lat="46.2922" lon="6.153571">
        <ele>422.4</ele>
        <time>2026-10-08T05:49:17Z</time>
      </trkpt>
      <trkpt lat="46.292146" lon="6.153522">
        <ele>422.5</ele>
        <time>2026-10-08T05:49:18Z</time>
      </trkpt>
      <trkpt lat="46.292081" lon="6.15349">
        <ele>422.2</ele>
        <time>2026-10-08T05:49:19Z</time>
      </trkpt>
      <trkpt lat="46.292007" lon="6.153476">
        <ele>421.9</ele>
        <time>2026-10-08T05:49:20Z</time>
      </trkpt>
      <trkpt lat="46.291932" lon="6.153484">
        <ele>421.8</ele>
        <time>2026-10-08T05:49:21Z</time>
      </trkpt>
      <trkpt lat="46.291857" lon="6.153487">
        <ele>421.7</ele>
        <time>2026-10-08T05:49:22Z</time>
      </trkpt>
      <trkpt lat="46.291782" lon="6.153457">
        <ele>421.6</ele>
        <time>2026-10-08T05:49:23Z</time>
      </trkpt>
      <trkpt lat="46.29171" lon="6.153421">
        <ele>421.6</ele>
        <time>2026-10-08T05:49:24Z</time>
      </trkpt>
      <trkpt lat="46.291636" lon="6.153399">
        <ele>421.6</ele>
        <time>2026-10-08T05:49:25Z</time>
      </trkpt>
      <trkpt lat="46.291567" lon="6.153377">
        <ele>421.6</ele>
        <time>2026-10-08T05:49:26Z</time>
      </trkpt>
      <trkpt lat="46.291493" lon="6.153351">
        <ele>421.6</ele>
        <time>2026-10-08T05:49:27Z</time>
      </trkpt>
      <trkpt lat="46.29142" lon="6.153326">
        <ele>421.6</ele>
        <time>2026-10-08T05:49:28Z</time>
      </trkpt>
      <trkpt lat="46.291351" lon="6.153302">
        <ele>421.6</ele>
        <time>2026-10-08T05:49:29Z</time>
      </trkpt>
      <trkpt lat="46.291282" lon="6.153275">
        <ele>421.6</ele>
        <time>2026-10-08T05:49:30Z</time>
      </trkpt>
      <trkpt lat="46.291212" lon="6.15325">
        <ele>421.6</ele>
        <time>2026-10-08T05:49:31Z</time>
      </trkpt>
      <trkpt lat="46.291142" lon="6.153227">
        <ele>421.7</ele>
        <time>2026-10-08T05:49:32Z</time>
      </trkpt>
      <trkpt lat="46.291074" lon="6.153204">
        <ele>421.7</ele>
        <time>2026-10-08T05:49:33Z</time>
      </trkpt>
      <trkpt lat="46.291008" lon="6.153177">
        <ele>421.7</ele>
        <time>2026-10-08T05:49:34Z</time>
      </trkpt>
      <trkpt lat="46.29094" lon="6.15315">
        <ele>421.8</ele>
        <time>2026-10-08T05:49:35Z</time>
      </trkpt>
      <trkpt lat="46.290875" lon="6.153126">
        <ele>421.8</ele>
        <time>2026-10-08T05:49:36Z</time>
      </trkpt>
      <trkpt lat="46.290812" lon="6.1531">
        <ele>421.9</ele>
        <time>2026-10-08T05:49:37Z</time>
      </trkpt>
      <trkpt lat="46.290748" lon="6.153074">
        <ele>421.9</ele>
        <time>2026-10-08T05:49:38Z</time>
      </trkpt>
      <trkpt lat="46.290688" lon="6.153038">
        <ele>422.0</ele>
        <time>2026-10-08T05:49:39Z</time>
      </trkpt>
      <trkpt lat="46.290627" lon="6.153008">
        <ele>422.0</ele>
        <time>2026-10-08T05:49:40Z</time>
      </trkpt>
      <trkpt lat="46.290567" lon="6.152979">
        <ele>422.0</ele>
        <time>2026-10-08T05:49:41Z</time>
      </trkpt>
      <trkpt lat="46.290505" lon="6.152949">
        <ele>422.0</ele>
        <time>2026-10-08T05:49:42Z</time>
      </trkpt>
      <trkpt lat="46.290442" lon="6.152917">
        <ele>422.0</ele>
        <time>2026-10-08T05:49:43Z</time>
      </trkpt>
      <trkpt lat="46.29038" lon="6.152889">
        <ele>422.0</ele>
        <time>2026-10-08T05:49:44Z</time>
      </trkpt>
      <trkpt lat="46.290315" lon="6.152856">
        <ele>422.0</ele>
        <time>2026-10-08T05:49:45Z</time>
      </trkpt>
      <trkpt lat="46.29025" lon="6.152825">
        <ele>422.0</ele>
        <time>2026-10-08T05:49:46Z</time>
      </trkpt>
      <trkpt lat="46.290186" lon="6.152794">
        <ele>422.0</ele>
        <time>2026-10-08T05:49:47Z</time>
      </trkpt>
      <trkpt lat="46.290121" lon="6.152764">
        <ele>421.9</ele>
        <time>2026-10-08T05:49:48Z</time>
      </trkpt>
      <trkpt lat="46.290054" lon="6.152727">
        <ele>421.9</ele>
        <time>2026-10-08T05:49:49Z</time>
      </trkpt>
      <trkpt lat="46.28999" lon="6.152696">
        <ele>421.9</ele>
        <time>2026-10-08T05:49:50Z</time>
      </trkpt>
      <trkpt lat="46.289922" lon="6.152668">
        <ele>421.9</ele>
        <time>2026-10-08T05:49:51Z</time>
      </trkpt>
      <trkpt lat="46.289857" lon="6.152635">
        <ele>421.9</ele>
        <time>2026-10-08T05:49:52Z</time>
      </trkpt>
      <trkpt lat="46.289789" lon="6.152605">
        <ele>421.9</ele>
        <time>2026-10-08T05:49:53Z</time>
      </trkpt>
      <trkpt lat="46.289723" lon="6.152571">
        <ele>421.8</ele>
        <time>2026-10-08T05:49:54Z</time>
      </trkpt>
      <trkpt lat="46.289657" lon="6.152537">
        <ele>421.8</ele>
        <time>2026-10-08T05:49:55Z</time>
      </trkpt>
      <trkpt lat="46.28959" lon="6.152505">
        <ele>421.8</ele>
        <time>2026-10-08T05:49:56Z</time>
      </trkpt>
      <trkpt lat="46.289522" lon="6.152473">
        <ele>421.8</ele>
        <time>2026-10-08T05:49:57Z</time>
      </trkpt>
      <trkpt lat="46.289457" lon="6.152434">
        <ele>421.8</ele>
        <time>2026-10-08T05:49:58Z</time>
      </trkpt>
      <trkpt lat="46.289392" lon="6.152395">
        <ele>421.8</ele>
        <time>2026-10-08T05:49:59Z</time>
      </trkpt>
      <trkpt lat="46.289326" lon="6.152358">
        <ele>421.9</ele>
        <time>2026-10-08T05:50:00Z</time>
      </trkpt>
      <trkpt lat="46.289261" lon="6.152324">
        <ele>421.9</ele>
        <time>2026-10-08T05:50:01Z</time>
      </trkpt>
      <trkpt lat="46.289195" lon="6.152293">
        <ele>421.9</ele>
        <time>2026-10-08T05:50:02Z</time>
      </trkpt>
      <trkpt lat="46.28913" lon="6.152257">
        <ele>421.9</ele>
        <time>2026-10-08T05:50:03Z</time>
      </trkpt>
      <trkpt lat="46.289064" lon="6.152225">
        <ele>421.9</ele>
        <time>2026-10-08T05:50:04Z</time>
      </trkpt>
      <trkpt lat="46.288997" lon="6.152192">
        <ele>422.0</ele>
        <time>2026-10-08T05:50:05Z</time>
      </trkpt>
      <trkpt lat="46.288931" lon="6.152159">
        <ele>422.0</ele>
        <time>2026-10-08T05:50:06Z</time>
      </trkpt>
      <trkpt lat="46.288866" lon="6.152126">
        <ele>422.1</ele>
        <time>2026-10-08T05:50:07Z</time>
      </trkpt>
      <trkpt lat="46.288801" lon="6.152091">
        <ele>422.1</ele>
        <time>2026-10-08T05:50:08Z</time>
      </trkpt>
      <trkpt lat="46.288734" lon="6.152058">
        <ele>422.2</ele>
        <time>2026-10-08T05:50:09Z</time>
      </trkpt>
      <trkpt lat="46.288668" lon="6.152028">
        <ele>422.2</ele>
        <time>2026-10-08T05:50:10Z</time>
      </trkpt>
      <trkpt lat="46.288603" lon="6.151995">
        <ele>422.3</ele>
        <time>2026-10-08T05:50:11Z</time>
      </trkpt>
      <trkpt lat="46.288538" lon="6.151961">
        <ele>422.3</ele>
        <time>2026-10-08T05:50:12Z</time>
      </trkpt>
      <trkpt lat="46.288473" lon="6.151928">
        <ele>422.4</ele>
        <time>2026-10-08T05:50:13Z</time>
      </trkpt>
      <trkpt lat="46.288408" lon="6.151892">
        <ele>422.4</ele>
        <time>2026-10-08T05:50:14Z</time>
      </trkpt>
      <trkpt lat="46.288345" lon="6.151859">
        <ele>422.4</ele>
        <time>2026-10-08T05:50:15Z</time>
      </trkpt>
      <trkpt lat="46.288281" lon="6.151819">
        <ele>422.5</ele>
        <time>2026-10-08T05:50:16Z</time>
      </trkpt>
      <trkpt lat="46.288219" lon="6.15178">
        <ele>422.5</ele>
        <time>2026-10-08T05:50:17Z</time>
      </trkpt>
      <trkpt lat="46.288158" lon="6.151739">
        <ele>422.6</ele>
        <time>2026-10-08T05:50:18Z</time>
      </trkpt>
      <trkpt lat="46.288099" lon="6.151699">
        <ele>422.6</ele>
        <time>2026-10-08T05:50:19Z</time>
      </trkpt>
      <trkpt lat="46.28804" lon="6.151658">
        <ele>422.7</ele>
        <time>2026-10-08T05:50:20Z</time>
      </trkpt>
      <trkpt lat="46.287983" lon="6.151613">
        <ele>422.7</ele>
        <time>2026-10-08T05:50:21Z</time>
      </trkpt>
      <trkpt lat="46.287928" lon="6.151565">
        <ele>422.8</ele>
        <time>2026-10-08T05:50:22Z</time>
      </trkpt>
      <trkpt lat="46.287873" lon="6.151514">
        <ele>422.8</ele>
        <time>2026-10-08T05:50:23Z</time>
      </trkpt>
      <trkpt lat="46.287816" lon="6.151466">
        <ele>422.9</ele>
        <time>2026-10-08T05:50:24Z</time>
      </trkpt>
      <trkpt lat="46.287764" lon="6.151412">
        <ele>422.9</ele>
        <time>2026-10-08T05:50:25Z</time>
      </trkpt>
      <trkpt lat="46.287716" lon="6.15135">
        <ele>422.9</ele>
        <time>2026-10-08T05:50:26Z</time>
      </trkpt>
      <trkpt lat="46.28767" lon="6.151283">
        <ele>423.0</ele>
        <time>2026-10-08T05:50:27Z</time>
      </trkpt>
      <trkpt lat="46.28763" lon="6.151209">
        <ele>423.0</ele>
        <time>2026-10-08T05:50:28Z</time>
      </trkpt>
      <trkpt lat="46.28759" lon="6.15114">
        <ele>423.1</ele>
        <time>2026-10-08T05:50:29Z</time>
      </trkpt>
      <trkpt lat="46.28754" lon="6.151086">
        <ele>423.1</ele>
        <time>2026-10-08T05:50:30Z</time>
      </trkpt>
      <trkpt lat="46.287479" lon="6.151049">
        <ele>423.1</ele>
        <time>2026-10-08T05:50:31Z</time>
      </trkpt>
      <trkpt lat="46.287414" lon="6.151022">
        <ele>423.1</ele>
        <time>2026-10-08T05:50:32Z</time>
      </trkpt>
      <trkpt lat="46.287349" lon="6.150988">
        <ele>423.1</ele>
        <time>2026-10-08T05:50:33Z</time>
      </trkpt>
      <trkpt lat="46.287289" lon="6.150939">
        <ele>423.1</ele>
        <time>2026-10-08T05:50:34Z</time>
      </trkpt>
      <trkpt lat="46.287234" lon="6.150881">
        <ele>423.2</ele>
        <time>2026-10-08T05:50:35Z</time>
      </trkpt>
      <trkpt lat="46.287181" lon="6.150818">
        <ele>423.2</ele>
        <time>2026-10-08T05:50:36Z</time>
      </trkpt>
      <trkpt lat="46.287127" lon="6.150761">
        <ele>423.2</ele>
        <time>2026-10-08T05:50:37Z</time>
      </trkpt>
      <trkpt lat="46.287073" lon="6.150704">
        <ele>423.2</ele>
        <time>2026-10-08T05:50:38Z</time>
      </trkpt>
      <trkpt lat="46.287019" lon="6.150647">
        <ele>423.2</ele>
        <time>2026-10-08T05:50:39Z</time>
      </trkpt>
      <trkpt lat="46.286967" lon="6.150591">
        <ele>423.2</ele>
        <time>2026-10-08T05:50:40Z</time>
      </trkpt>
      <trkpt lat="46.286914" lon="6.150534">
        <ele>423.3</ele>
        <time>2026-10-08T05:50:41Z</time>
      </trkpt>
      <trkpt lat="46.286861" lon="6.150479">
        <ele>423.3</ele>
        <time>2026-10-08T05:50:42Z</time>
      </trkpt>
      <trkpt lat="46.286807" lon="6.150423">
        <ele>423.3</ele>
        <time>2026-10-08T05:50:43Z</time>
      </trkpt>
      <trkpt lat="46.286754" lon="6.150366">
        <ele>423.4</ele>
        <time>2026-10-08T05:50:44Z</time>
      </trkpt>
      <trkpt lat="46.2867" lon="6.15031">
        <ele>423.4</ele>
        <time>2026-10-08T05:50:45Z</time>
      </trkpt>
      <trkpt lat="46.286647" lon="6.150254">
        <ele>423.4</ele>
        <time>2026-10-08T05:50:46Z</time>
      </trkpt>
      <trkpt lat="46.286596" lon="6.150199">
        <ele>423.4</ele>
        <time>2026-10-08T05:50:47Z</time>
      </trkpt>
      <trkpt lat="46.286544" lon="6.150143">
        <ele>423.5</ele>
        <time>2026-10-08T05:50:48Z</time>
      </trkpt>
      <trkpt lat="46.286491" lon="6.15009">
        <ele>423.5</ele>
        <time>2026-10-08T05:50:49Z</time>
      </trkpt>
      <trkpt lat="46.286438" lon="6.150035">
        <ele>423.5</ele>
        <time>2026-10-08T05:50:50Z</time>
      </trkpt>
      <trkpt lat="46.286388" lon="6.149981">
        <ele>423.5</ele>
        <time>2026-10-08T05:50:51Z</time>
      </trkpt>
      <trkpt lat="46.286336" lon="6.149923">
        <ele>423.5</ele>
        <time>2026-10-08T05:50:52Z</time>
      </trkpt>
      <trkpt lat="46.286283" lon="6.149869">
        <ele>423.5</ele>
        <time>2026-10-08T05:50:53Z</time>
      </trkpt>
      <trkpt lat="46.28623" lon="6.149815">
        <ele>423.5</ele>
        <time>2026-10-08T05:50:54Z</time>
      </trkpt>
      <trkpt lat="46.286177" lon="6.149758">
        <ele>423.5</ele>
        <time>2026-10-08T05:50:55Z</time>
      </trkpt>
      <trkpt lat="46.286125" lon="6.149702">
        <ele>423.4</ele>
        <time>2026-10-08T05:50:56Z</time>
      </trkpt>
      <trkpt lat="46.286074" lon="6.149648">
        <ele>423.4</ele>
        <time>2026-10-08T05:50:57Z</time>
      </trkpt>
      <trkpt lat="46.286021" lon="6.149594">
        <ele>423.4</ele>
        <time>2026-10-08T05:50:58Z</time>
      </trkpt>
      <trkpt lat="46.285968" lon="6.149539">
        <ele>423.4</ele>
        <time>2026-10-08T05:50:59Z</time>
      </trkpt>
      <trkpt lat="46.285916" lon="6.149482">
        <ele>423.3</ele>
        <time>2026-10-08T05:51:00Z</time>
      </trkpt>
      <trkpt lat="46.285864" lon="6.149425">
        <ele>423.2</ele>
        <time>2026-10-08T05:51:01Z</time>
      </trkpt>
      <trkpt lat="46.285813" lon="6.149368">
        <ele>423.1</ele>
        <time>2026-10-08T05:51:02Z</time>
      </trkpt>
      <trkpt lat="46.285759" lon="6.149314">
        <ele>423.1</ele>
        <time>2026-10-08T05:51:03Z</time>
      </trkpt>
      <trkpt lat="46.285707" lon="6.149258">
        <ele>423.0</ele>
        <time>2026-10-08T05:51:04Z</time>
      </trkpt>
      <trkpt lat="46.285654" lon="6.149202">
        <ele>422.9</ele>
        <time>2026-10-08T05:51:05Z</time>
      </trkpt>
      <trkpt lat="46.285601" lon="6.149146">
        <ele>422.8</ele>
        <time>2026-10-08T05:51:06Z</time>
      </trkpt>
      <trkpt lat="46.285546" lon="6.149089">
        <ele>422.7</ele>
        <time>2026-10-08T05:51:07Z</time>
      </trkpt>
      <trkpt lat="46.28549" lon="6.149032">
        <ele>422.6</ele>
        <time>2026-10-08T05:51:08Z</time>
      </trkpt>
      <trkpt lat="46.285436" lon="6.148974">
        <ele>422.4</ele>
        <time>2026-10-08T05:51:09Z</time>
      </trkpt>
      <trkpt lat="46.285382" lon="6.148912">
        <ele>422.3</ele>
        <time>2026-10-08T05:51:10Z</time>
      </trkpt>
      <trkpt lat="46.285325" lon="6.148852">
        <ele>422.1</ele>
        <time>2026-10-08T05:51:11Z</time>
      </trkpt>
      <trkpt lat="46.285268" lon="6.148795">
        <ele>422.0</ele>
        <time>2026-10-08T05:51:12Z</time>
      </trkpt>
      <trkpt lat="46.285211" lon="6.148736">
        <ele>421.8</ele>
        <time>2026-10-08T05:51:13Z</time>
      </trkpt>
      <trkpt lat="46.285154" lon="6.148673">
        <ele>421.6</ele>
        <time>2026-10-08T05:51:14Z</time>
      </trkpt>
      <trkpt lat="46.285096" lon="6.148614">
        <ele>421.4</ele>
        <time>2026-10-08T05:51:15Z</time>
      </trkpt>
      <trkpt lat="46.285037" lon="6.148553">
        <ele>421.2</ele>
        <time>2026-10-08T05:51:16Z</time>
      </trkpt>
      <trkpt lat="46.28498" lon="6.148491">
        <ele>421.0</ele>
        <time>2026-10-08T05:51:17Z</time>
      </trkpt>
      <trkpt lat="46.284922" lon="6.148429">
        <ele>420.8</ele>
        <time>2026-10-08T05:51:18Z</time>
      </trkpt>
      <trkpt lat="46.284863" lon="6.148369">
        <ele>420.6</ele>
        <time>2026-10-08T05:51:19Z</time>
      </trkpt>
      <trkpt lat="46.284805" lon="6.148308">
        <ele>420.4</ele>
        <time>2026-10-08T05:51:20Z</time>
      </trkpt>
      <trkpt lat="46.284747" lon="6.148246">
        <ele>420.2</ele>
        <time>2026-10-08T05:51:21Z</time>
      </trkpt>
      <trkpt lat="46.284687" lon="6.148186">
        <ele>420.0</ele>
        <time>2026-10-08T05:51:22Z</time>
      </trkpt>
      <trkpt lat="46.284627" lon="6.148121">
        <ele>419.8</ele>
        <time>2026-10-08T05:51:23Z</time>
      </trkpt>
      <trkpt lat="46.284566" lon="6.148057">
        <ele>419.6</ele>
        <time>2026-10-08T05:51:24Z</time>
      </trkpt>
      <trkpt lat="46.284504" lon="6.147992">
        <ele>419.4</ele>
        <time>2026-10-08T05:51:25Z</time>
      </trkpt>
      <trkpt lat="46.284444" lon="6.147925">
        <ele>419.3</ele>
        <time>2026-10-08T05:51:26Z</time>
      </trkpt>
      <trkpt lat="46.284381" lon="6.147859">
        <ele>419.1</ele>
        <time>2026-10-08T05:51:27Z</time>
      </trkpt>
      <trkpt lat="46.284315" lon="6.147803">
        <ele>419.2</ele>
        <time>2026-10-08T05:51:28Z</time>
      </trkpt>
      <trkpt lat="46.284245" lon="6.14775">
        <ele>419.2</ele>
        <time>2026-10-08T05:51:29Z</time>
      </trkpt>
      <trkpt lat="46.284177" lon="6.1477">
        <ele>419.2</ele>
        <time>2026-10-08T05:51:30Z</time>
      </trkpt>
      <trkpt lat="46.284116" lon="6.147639">
        <ele>419.2</ele>
        <time>2026-10-08T05:51:31Z</time>
      </trkpt>
      <trkpt lat="46.284054" lon="6.147586">
        <ele>419.3</ele>
        <time>2026-10-08T05:51:32Z</time>
      </trkpt>
      <trkpt lat="46.283993" lon="6.147531">
        <ele>419.3</ele>
        <time>2026-10-08T05:51:33Z</time>
      </trkpt>
      <trkpt lat="46.283934" lon="6.14747">
        <ele>419.2</ele>
        <time>2026-10-08T05:51:34Z</time>
      </trkpt>
      <trkpt lat="46.283885" lon="6.147394">
        <ele>419.1</ele>
        <time>2026-10-08T05:51:35Z</time>
      </trkpt>
      <trkpt lat="46.283839" lon="6.147319">
        <ele>419.1</ele>
        <time>2026-10-08T05:51:36Z</time>
      </trkpt>
      <trkpt lat="46.283791" lon="6.147254">
        <ele>419.0</ele>
        <time>2026-10-08T05:51:37Z</time>
      </trkpt>
      <trkpt lat="46.283741" lon="6.14719">
        <ele>419.0</ele>
        <time>2026-10-08T05:51:38Z</time>
      </trkpt>
      <trkpt lat="46.283689" lon="6.147131">
        <ele>418.9</ele>
        <time>2026-10-08T05:51:39Z</time>
      </trkpt>
      <trkpt lat="46.283635" lon="6.147074">
        <ele>418.9</ele>
        <time>2026-10-08T05:51:40Z</time>
      </trkpt>
      <trkpt lat="46.283583" lon="6.147015">
        <ele>418.8</ele>
        <time>2026-10-08T05:51:41Z</time>
      </trkpt>
      <trkpt lat="46.283528" lon="6.146955">
        <ele>418.7</ele>
        <time>2026-10-08T05:51:42Z</time>
      </trkpt>
      <trkpt lat="46.283471" lon="6.146897">
        <ele>418.6</ele>
        <time>2026-10-08T05:51:43Z</time>
      </trkpt>
      <trkpt lat="46.283416" lon="6.146841">
        <ele>418.6</ele>
        <time>2026-10-08T05:51:44Z</time>
      </trkpt>
      <trkpt lat="46.283361" lon="6.146782">
        <ele>418.5</ele>
        <time>2026-10-08T05:51:45Z</time>
      </trkpt>
      <trkpt lat="46.283304" lon="6.146723">
        <ele>418.4</ele>
        <time>2026-10-08T05:51:46Z</time>
      </trkpt>
      <trkpt lat="46.283247" lon="6.146663">
        <ele>418.3</ele>
        <time>2026-10-08T05:51:47Z</time>
      </trkpt>
      <trkpt lat="46.283192" lon="6.1466">
        <ele>418.2</ele>
        <time>2026-10-08T05:51:48Z</time>
      </trkpt>
      <trkpt lat="46.283136" lon="6.146537">
        <ele>418.1</ele>
        <time>2026-10-08T05:51:49Z</time>
      </trkpt>
      <trkpt lat="46.283081" lon="6.146476">
        <ele>418.0</ele>
        <time>2026-10-08T05:51:50Z</time>
      </trkpt>
      <trkpt lat="46.283025" lon="6.14641">
        <ele>417.9</ele>
        <time>2026-10-08T05:51:51Z</time>
      </trkpt>
      <trkpt lat="46.282967" lon="6.146346">
        <ele>417.8</ele>
        <time>2026-10-08T05:51:52Z</time>
      </trkpt>
      <trkpt lat="46.28291" lon="6.146285">
        <ele>417.7</ele>
        <time>2026-10-08T05:51:53Z</time>
      </trkpt>
      <trkpt lat="46.282852" lon="6.146223">
        <ele>417.6</ele>
        <time>2026-10-08T05:51:54Z</time>
      </trkpt>
      <trkpt lat="46.282793" lon="6.146163">
        <ele>417.5</ele>
        <time>2026-10-08T05:51:55Z</time>
      </trkpt>
      <trkpt lat="46.282733" lon="6.146107">
        <ele>417.4</ele>
        <time>2026-10-08T05:51:56Z</time>
      </trkpt>
      <trkpt lat="46.282675" lon="6.146042">
        <ele>417.3</ele>
        <time>2026-10-08T05:51:57Z</time>
      </trkpt>
      <trkpt lat="46.282622" lon="6.145969">
        <ele>417.1</ele>
        <time>2026-10-08T05:51:58Z</time>
      </trkpt>
      <trkpt lat="46.282574" lon="6.145891">
        <ele>417.0</ele>
        <time>2026-10-08T05:51:59Z</time>
      </trkpt>
      <trkpt lat="46.282531" lon="6.145808">
        <ele>416.8</ele>
        <time>2026-10-08T05:52:00Z</time>
      </trkpt>
      <trkpt lat="46.282493" lon="6.14572">
        <ele>416.7</ele>
        <time>2026-10-08T05:52:01Z</time>
      </trkpt>
      <trkpt lat="46.282461" lon="6.145625">
        <ele>416.6</ele>
        <time>2026-10-08T05:52:02Z</time>
      </trkpt>
      <trkpt lat="46.282429" lon="6.14553">
        <ele>416.5</ele>
        <time>2026-10-08T05:52:03Z</time>
      </trkpt>
      <trkpt lat="46.282399" lon="6.145435">
        <ele>416.3</ele>
        <time>2026-10-08T05:52:04Z</time>
      </trkpt>
      <trkpt lat="46.28237" lon="6.145338">
        <ele>416.1</ele>
        <time>2026-10-08T05:52:05Z</time>
      </trkpt>
      <trkpt lat="46.282344" lon="6.145243">
        <ele>415.9</ele>
        <time>2026-10-08T05:52:06Z</time>
      </trkpt>
      <trkpt lat="46.282314" lon="6.145148">
        <ele>415.6</ele>
        <time>2026-10-08T05:52:07Z</time>
      </trkpt>
      <trkpt lat="46.282282" lon="6.145049">
        <ele>415.3</ele>
        <time>2026-10-08T05:52:08Z</time>
      </trkpt>
      <trkpt lat="46.282254" lon="6.144947">
        <ele>415.0</ele>
        <time>2026-10-08T05:52:09Z</time>
      </trkpt>
      <trkpt lat="46.282221" lon="6.144842">
        <ele>414.6</ele>
        <time>2026-10-08T05:52:10Z</time>
      </trkpt>
      <trkpt lat="46.282189" lon="6.144733">
        <ele>414.2</ele>
        <time>2026-10-08T05:52:11Z</time>
      </trkpt>
      <trkpt lat="46.282157" lon="6.144622">
        <ele>413.8</ele>
        <time>2026-10-08T05:52:12Z</time>
      </trkpt>
      <trkpt lat="46.282126" lon="6.144507">
        <ele>413.4</ele>
        <time>2026-10-08T05:52:13Z</time>
      </trkpt>
      <trkpt lat="46.2821" lon="6.144386">
        <ele>413.0</ele>
        <time>2026-10-08T05:52:14Z</time>
      </trkpt>
      <trkpt lat="46.282079" lon="6.144261">
        <ele>412.6</ele>
        <time>2026-10-08T05:52:15Z</time>
      </trkpt>
      <trkpt lat="46.282057" lon="6.144133">
        <ele>412.5</ele>
        <time>2026-10-08T05:52:16Z</time>
      </trkpt>
      <trkpt lat="46.282037" lon="6.14401">
        <ele>412.2</ele>
        <time>2026-10-08T05:52:17Z</time>
      </trkpt>
      <trkpt lat="46.28202" lon="6.14389">
        <ele>411.8</ele>
        <time>2026-10-08T05:52:18Z</time>
      </trkpt>
      <trkpt lat="46.282012" lon="6.143761">
        <ele>411.5</ele>
        <time>2026-10-08T05:52:19Z</time>
      </trkpt>
      <trkpt lat="46.281989" lon="6.143622">
        <ele>411.1</ele>
        <time>2026-10-08T05:52:20Z</time>
      </trkpt>
      <trkpt lat="46.281968" lon="6.14348">
        <ele>410.9</ele>
        <time>2026-10-08T05:52:21Z</time>
      </trkpt>
      <trkpt lat="46.281951" lon="6.143351">
        <ele>410.7</ele>
        <time>2026-10-08T05:52:22Z</time>
      </trkpt>
      <trkpt lat="46.281931" lon="6.143224">
        <ele>410.6</ele>
        <time>2026-10-08T05:52:23Z</time>
      </trkpt>
      <trkpt lat="46.281911" lon="6.143095">
        <ele>410.6</ele>
        <time>2026-10-08T05:52:24Z</time>
      </trkpt>
      <trkpt lat="46.281892" lon="6.142971">
        <ele>410.6</ele>
        <time>2026-10-08T05:52:25Z</time>
      </trkpt>
      <trkpt lat="46.281877" lon="6.142851">
        <ele>410.6</ele>
        <time>2026-10-08T05:52:26Z</time>
      </trkpt>
      <trkpt lat="46.281855" lon="6.142733">
        <ele>410.6</ele>
        <time>2026-10-08T05:52:27Z</time>
      </trkpt>
      <trkpt lat="46.281835" lon="6.142617">
        <ele>410.6</ele>
        <time>2026-10-08T05:52:28Z</time>
      </trkpt>
      <trkpt lat="46.281816" lon="6.142503">
        <ele>410.6</ele>
        <time>2026-10-08T05:52:29Z</time>
      </trkpt>
      <trkpt lat="46.281801" lon="6.142389">
        <ele>410.5</ele>
        <time>2026-10-08T05:52:30Z</time>
      </trkpt>
      <trkpt lat="46.281782" lon="6.142276">
        <ele>410.5</ele>
        <time>2026-10-08T05:52:31Z</time>
      </trkpt>
      <trkpt lat="46.281766" lon="6.142166">
        <ele>410.5</ele>
        <time>2026-10-08T05:52:32Z</time>
      </trkpt>
      <trkpt lat="46.281753" lon="6.142059">
        <ele>410.6</ele>
        <time>2026-10-08T05:52:33Z</time>
      </trkpt>
      <trkpt lat="46.281744" lon="6.14195">
        <ele>410.6</ele>
        <time>2026-10-08T05:52:34Z</time>
      </trkpt>
      <trkpt lat="46.281731" lon="6.141846">
        <ele>410.6</ele>
        <time>2026-10-08T05:52:35Z</time>
      </trkpt>
      <trkpt lat="46.281719" lon="6.141743">
        <ele>410.6</ele>
        <time>2026-10-08T05:52:36Z</time>
      </trkpt>
      <trkpt lat="46.281709" lon="6.141639">
        <ele>410.7</ele>
        <time>2026-10-08T05:52:37Z</time>
      </trkpt>
      <trkpt lat="46.281699" lon="6.141536">
        <ele>410.7</ele>
        <time>2026-10-08T05:52:38Z</time>
      </trkpt>
      <trkpt lat="46.281689" lon="6.141435">
        <ele>410.7</ele>
        <time>2026-10-08T05:52:39Z</time>
      </trkpt>
      <trkpt lat="46.281682" lon="6.141332">
        <ele>410.8</ele>
        <time>2026-10-08T05:52:40Z</time>
      </trkpt>
      <trkpt lat="46.281677" lon="6.141232">
        <ele>410.8</ele>
        <time>2026-10-08T05:52:41Z</time>
      </trkpt>
      <trkpt lat="46.28167" lon="6.141135">
        <ele>410.8</ele>
        <time>2026-10-08T05:52:42Z</time>
      </trkpt>
      <trkpt lat="46.281671" lon="6.141035">
        <ele>410.8</ele>
        <time>2026-10-08T05:52:43Z</time>
      </trkpt>
      <trkpt lat="46.281685" lon="6.140935">
        <ele>410.7</ele>
        <time>2026-10-08T05:52:44Z</time>
      </trkpt>
      <trkpt lat="46.281698" lon="6.140836">
        <ele>410.7</ele>
        <time>2026-10-08T05:52:45Z</time>
      </trkpt>
      <trkpt lat="46.281706" lon="6.140735">
        <ele>410.6</ele>
        <time>2026-10-08T05:52:46Z</time>
      </trkpt>
      <trkpt lat="46.281709" lon="6.140636">
        <ele>410.5</ele>
        <time>2026-10-08T05:52:47Z</time>
      </trkpt>
      <trkpt lat="46.281715" lon="6.140533">
        <ele>410.4</ele>
        <time>2026-10-08T05:52:48Z</time>
      </trkpt>
      <trkpt lat="46.281713" lon="6.140431">
        <ele>410.4</ele>
        <time>2026-10-08T05:52:49Z</time>
      </trkpt>
      <trkpt lat="46.281713" lon="6.140329">
        <ele>410.3</ele>
        <time>2026-10-08T05:52:50Z</time>
      </trkpt>
      <trkpt lat="46.281711" lon="6.140229">
        <ele>410.2</ele>
        <time>2026-10-08T05:52:51Z</time>
      </trkpt>
      <trkpt lat="46.28171" lon="6.140125">
        <ele>410.2</ele>
        <time>2026-10-08T05:52:52Z</time>
      </trkpt>
      <trkpt lat="46.281711" lon="6.140021">
        <ele>410.1</ele>
        <time>2026-10-08T05:52:53Z</time>
      </trkpt>
      <trkpt lat="46.28171" lon="6.139918">
        <ele>410.0</ele>
        <time>2026-10-08T05:52:54Z</time>
      </trkpt>
      <trkpt lat="46.281708" lon="6.139817">
        <ele>409.9</ele>
        <time>2026-10-08T05:52:55Z</time>
      </trkpt>
      <trkpt lat="46.281701" lon="6.139718">
        <ele>409.9</ele>
        <time>2026-10-08T05:52:56Z</time>
      </trkpt>
      <trkpt lat="46.281701" lon="6.13962">
        <ele>409.9</ele>
        <time>2026-10-08T05:52:57Z</time>
      </trkpt>
      <trkpt lat="46.281693" lon="6.139523">
        <ele>409.9</ele>
        <time>2026-10-08T05:52:58Z</time>
      </trkpt>
      <trkpt lat="46.281674" lon="6.139429">
        <ele>409.9</ele>
        <time>2026-10-08T05:52:59Z</time>
      </trkpt>
      <trkpt lat="46.281647" lon="6.139336">
        <ele>409.8</ele>
        <time>2026-10-08T05:53:00Z</time>
      </trkpt>
      <trkpt lat="46.281622" lon="6.139243">
        <ele>409.7</ele>
        <time>2026-10-08T05:53:01Z</time>
      </trkpt>
      <trkpt lat="46.281586" lon="6.139154">
        <ele>409.5</ele>
        <time>2026-10-08T05:53:02Z</time>
      </trkpt>
      <trkpt lat="46.281545" lon="6.139068">
        <ele>409.3</ele>
        <time>2026-10-08T05:53:03Z</time>
      </trkpt>
      <trkpt lat="46.281492" lon="6.138978">
        <ele>409.1</ele>
        <time>2026-10-08T05:53:04Z</time>
      </trkpt>
      <trkpt lat="46.281444" lon="6.138886">
        <ele>408.9</ele>
        <time>2026-10-08T05:53:05Z</time>
      </trkpt>
      <trkpt lat="46.281394" lon="6.138786">
        <ele>408.9</ele>
        <time>2026-10-08T05:53:06Z</time>
      </trkpt>
      <trkpt lat="46.281342" lon="6.138688">
        <ele>409.0</ele>
        <time>2026-10-08T05:53:07Z</time>
      </trkpt>
      <trkpt lat="46.281289" lon="6.138592">
        <ele>408.7</ele>
        <time>2026-10-08T05:53:08Z</time>
      </trkpt>
      <trkpt lat="46.281242" lon="6.138492">
        <ele>408.6</ele>
        <time>2026-10-08T05:53:09Z</time>
      </trkpt>
      <trkpt lat="46.281207" lon="6.138385">
        <ele>408.5</ele>
        <time>2026-10-08T05:53:10Z</time>
      </trkpt>
      <trkpt lat="46.281175" lon="6.138285">
        <ele>408.4</ele>
        <time>2026-10-08T05:53:11Z</time>
      </trkpt>
      <trkpt lat="46.281138" lon="6.138188">
        <ele>408.3</ele>
        <time>2026-10-08T05:53:12Z</time>
      </trkpt>
      <trkpt lat="46.281096" lon="6.138091">
        <ele>408.2</ele>
        <time>2026-10-08T05:53:13Z</time>
      </trkpt>
      <trkpt lat="46.281058" lon="6.137995">
        <ele>408.2</ele>
        <time>2026-10-08T05:53:14Z</time>
      </trkpt>
      <trkpt lat="46.281024" lon="6.137899">
        <ele>408.1</ele>
        <time>2026-10-08T05:53:15Z</time>
      </trkpt>
      <trkpt lat="46.280994" lon="6.137803">
        <ele>408.1</ele>
        <time>2026-10-08T05:53:16Z</time>
      </trkpt>
      <trkpt lat="46.280965" lon="6.137709">
        <ele>408.2</ele>
        <time>2026-10-08T05:53:17Z</time>
      </trkpt>
      <trkpt lat="46.280936" lon="6.137618">
        <ele>408.2</ele>
        <time>2026-10-08T05:53:18Z</time>
      </trkpt>
      <trkpt lat="46.280908" lon="6.137535">
        <ele>408.3</ele>
        <time>2026-10-08T05:53:19Z</time>
      </trkpt>
      <trkpt lat="46.28088" lon="6.137454">
        <ele>408.5</ele>
        <time>2026-10-08T05:53:20Z</time>
      </trkpt>
      <trkpt lat="46.280854" lon="6.137376">
        <ele>408.6</ele>
        <time>2026-10-08T05:53:21Z</time>
      </trkpt>
      <trkpt lat="46.280829" lon="6.137307">
        <ele>408.8</ele>
        <time>2026-10-08T05:53:22Z</time>
      </trkpt>
      <trkpt lat="46.280804" lon="6.137237">
        <ele>408.9</ele>
        <time>2026-10-08T05:53:23Z</time>
      </trkpt>
      <trkpt lat="46.280783" lon="6.137169">
        <ele>409.1</ele>
        <time>2026-10-08T05:53:24Z</time>
      </trkpt>
      <trkpt lat="46.280761" lon="6.137104">
        <ele>409.3</ele>
        <time>2026-10-08T05:53:25Z</time>
      </trkpt>
      <trkpt lat="46.280738" lon="6.137041">
        <ele>409.5</ele>
        <time>2026-10-08T05:53:26Z</time>
      </trkpt>
      <trkpt lat="46.280717" lon="6.13698">
        <ele>409.6</ele>
        <time>2026-10-08T05:53:27Z</time>
      </trkpt>
      <trkpt lat="46.280696" lon="6.136918">
        <ele>409.8</ele>
        <time>2026-10-08T05:53:28Z</time>
      </trkpt>
      <trkpt lat="46.280675" lon="6.136865">
        <ele>410.0</ele>
        <time>2026-10-08T05:53:29Z</time>
      </trkpt>
      <trkpt lat="46.280656" lon="6.136805">
        <ele>410.1</ele>
        <time>2026-10-08T05:53:30Z</time>
      </trkpt>
      <trkpt lat="46.280635" lon="6.13675">
        <ele>410.3</ele>
        <time>2026-10-08T05:53:31Z</time>
      </trkpt>
      <trkpt lat="46.280614" lon="6.136698">
        <ele>410.5</ele>
        <time>2026-10-08T05:53:32Z</time>
      </trkpt>
      <trkpt lat="46.280594" lon="6.136642">
        <ele>410.6</ele>
        <time>2026-10-08T05:53:33Z</time>
      </trkpt>
      <trkpt lat="46.280577" lon="6.136586">
        <ele>410.8</ele>
        <time>2026-10-08T05:53:34Z</time>
      </trkpt>
      <trkpt lat="46.280559" lon="6.136532">
        <ele>411.0</ele>
        <time>2026-10-08T05:53:35Z</time>
      </trkpt>
      <trkpt lat="46.280538" lon="6.136478">
        <ele>411.2</ele>
        <time>2026-10-08T05:53:36Z</time>
      </trkpt>
      <trkpt lat="46.280516" lon="6.136431">
        <ele>411.3</ele>
        <time>2026-10-08T05:53:37Z</time>
      </trkpt>
      <trkpt lat="46.280496" lon="6.136382">
        <ele>411.5</ele>
        <time>2026-10-08T05:53:38Z</time>
      </trkpt>
      <trkpt lat="46.280476" lon="6.136337">
        <ele>411.7</ele>
        <time>2026-10-08T05:53:39Z</time>
      </trkpt>
      <trkpt lat="46.280454" lon="6.136294">
        <ele>411.9</ele>
        <time>2026-10-08T05:53:40Z</time>
      </trkpt>
      <trkpt lat="46.280434" lon="6.136252">
        <ele>412.1</ele>
        <time>2026-10-08T05:53:41Z</time>
      </trkpt>
      <trkpt lat="46.280413" lon="6.136207">
        <ele>412.3</ele>
        <time>2026-10-08T05:53:42Z</time>
      </trkpt>
      <trkpt lat="46.280395" lon="6.136164">
        <ele>412.5</ele>
        <time>2026-10-08T05:53:43Z</time>
      </trkpt>
      <trkpt lat="46.280377" lon="6.136122">
        <ele>412.7</ele>
        <time>2026-10-08T05:53:44Z</time>
      </trkpt>
      <trkpt lat="46.280354" lon="6.136082">
        <ele>412.9</ele>
        <time>2026-10-08T05:53:45Z</time>
      </trkpt>
      <trkpt lat="46.280333" lon="6.136041">
        <ele>413.1</ele>
        <time>2026-10-08T05:53:46Z</time>
      </trkpt>
      <trkpt lat="46.280312" lon="6.136001">
        <ele>413.3</ele>
        <time>2026-10-08T05:53:47Z</time>
      </trkpt>
      <trkpt lat="46.280291" lon="6.135962">
        <ele>413.5</ele>
        <time>2026-10-08T05:53:48Z</time>
      </trkpt>
      <trkpt lat="46.28027" lon="6.135924">
        <ele>413.7</ele>
        <time>2026-10-08T05:53:49Z</time>
      </trkpt>
      <trkpt lat="46.280247" lon="6.135888">
        <ele>413.9</ele>
        <time>2026-10-08T05:53:50Z</time>
      </trkpt>
      <trkpt lat="46.280224" lon="6.135851">
        <ele>414.1</ele>
        <time>2026-10-08T05:53:51Z</time>
      </trkpt>
      <trkpt lat="46.280205" lon="6.135814">
        <ele>414.3</ele>
        <time>2026-10-08T05:53:52Z</time>
      </trkpt>
      <trkpt lat="46.280185" lon="6.135778">
        <ele>414.5</ele>
        <time>2026-10-08T05:53:53Z</time>
      </trkpt>
      <trkpt lat="46.280165" lon="6.135743">
        <ele>414.8</ele>
        <time>2026-10-08T05:53:54Z</time>
      </trkpt>
      <trkpt lat="46.280146" lon="6.135708">
        <ele>415.0</ele>
        <time>2026-10-08T05:53:55Z</time>
      </trkpt>
      <trkpt lat="46.280125" lon="6.135675">
        <ele>415.2</ele>
        <time>2026-10-08T05:53:56Z</time>
      </trkpt>
      <trkpt lat="46.280104" lon="6.135639">
        <ele>415.4</ele>
        <time>2026-10-08T05:53:57Z</time>
      </trkpt>
      <trkpt lat="46.280085" lon="6.135606">
        <ele>415.6</ele>
        <time>2026-10-08T05:53:58Z</time>
      </trkpt>
      <trkpt lat="46.280066" lon="6.13557">
        <ele>415.8</ele>
        <time>2026-10-08T05:53:59Z</time>
      </trkpt>
      <trkpt lat="46.280049" lon="6.135533">
        <ele>416.0</ele>
        <time>2026-10-08T05:54:00Z</time>
      </trkpt>
      <trkpt lat="46.280031" lon="6.135497">
        <ele>416.2</ele>
        <time>2026-10-08T05:54:01Z</time>
      </trkpt>
      <trkpt lat="46.280009" lon="6.135466">
        <ele>416.4</ele>
        <time>2026-10-08T05:54:02Z</time>
      </trkpt>
      <trkpt lat="46.279987" lon="6.135434">
        <ele>416.6</ele>
        <time>2026-10-08T05:54:03Z</time>
      </trkpt>
      <trkpt lat="46.279965" lon="6.135403">
        <ele>416.8</ele>
        <time>2026-10-08T05:54:04Z</time>
      </trkpt>
      <trkpt lat="46.279944" lon="6.13537">
        <ele>417.0</ele>
        <time>2026-10-08T05:54:05Z</time>
      </trkpt>
      <trkpt lat="46.279923" lon="6.13534">
        <ele>417.3</ele>
        <time>2026-10-08T05:54:06Z</time>
      </trkpt>
      <trkpt lat="46.279899" lon="6.135307">
        <ele>417.5</ele>
        <time>2026-10-08T05:54:07Z</time>
      </trkpt>
      <trkpt lat="46.279875" lon="6.135283">
        <ele>417.7</ele>
        <time>2026-10-08T05:54:08Z</time>
      </trkpt>
      <trkpt lat="46.279848" lon="6.135259">
        <ele>418.0</ele>
        <time>2026-10-08T05:54:09Z</time>
      </trkpt>
      <trkpt lat="46.279825" lon="6.135234">
        <ele>418.2</ele>
        <time>2026-10-08T05:54:10Z</time>
      </trkpt>
      <trkpt lat="46.279802" lon="6.135206">
        <ele>418.4</ele>
        <time>2026-10-08T05:54:11Z</time>
      </trkpt>
      <trkpt lat="46.279779" lon="6.135181">
        <ele>418.6</ele>
        <time>2026-10-08T05:54:12Z</time>
      </trkpt>
      <trkpt lat="46.279754" lon="6.135159">
        <ele>418.9</ele>
        <time>2026-10-08T05:54:13Z</time>
      </trkpt>
      <trkpt lat="46.279729" lon="6.135135">
        <ele>419.1</ele>
        <time>2026-10-08T05:54:14Z</time>
      </trkpt>
      <trkpt lat="46.279703" lon="6.135116">
        <ele>419.3</ele>
        <time>2026-10-08T05:54:15Z</time>
      </trkpt>
      <trkpt lat="46.279675" lon="6.135095">
        <ele>419.5</ele>
        <time>2026-10-08T05:54:16Z</time>
      </trkpt>
      <trkpt lat="46.279646" lon="6.13508">
        <ele>419.8</ele>
        <time>2026-10-08T05:54:17Z</time>
      </trkpt>
      <trkpt lat="46.279618" lon="6.13506">
        <ele>420.0</ele>
        <time>2026-10-08T05:54:18Z</time>
      </trkpt>
      <trkpt lat="46.279589" lon="6.13504">
        <ele>420.3</ele>
        <time>2026-10-08T05:54:19Z</time>
      </trkpt>
      <trkpt lat="46.279562" lon="6.135016">
        <ele>420.5</ele>
        <time>2026-10-08T05:54:20Z</time>
      </trkpt>
      <trkpt lat="46.279534" lon="6.134995">
        <ele>420.7</ele>
        <time>2026-10-08T05:54:21Z</time>
      </trkpt>
      <trkpt lat="46.279505" lon="6.134976">
        <ele>421.0</ele>
        <time>2026-10-08T05:54:22Z</time>
      </trkpt>
      <trkpt lat="46.279477" lon="6.134961">
        <ele>421.2</ele>
        <time>2026-10-08T05:54:23Z</time>
      </trkpt>
      <trkpt lat="46.279449" lon="6.134947">
        <ele>421.4</ele>
        <time>2026-10-08T05:54:24Z</time>
      </trkpt>
      <trkpt lat="46.27942" lon="6.134927">
        <ele>421.6</ele>
        <time>2026-10-08T05:54:25Z</time>
      </trkpt>
      <trkpt lat="46.279393" lon="6.134906">
        <ele>421.8</ele>
        <time>2026-10-08T05:54:26Z</time>
      </trkpt>
      <trkpt lat="46.279363" lon="6.134886">
        <ele>422.0</ele>
        <time>2026-10-08T05:54:27Z</time>
      </trkpt>
      <trkpt lat="46.279334" lon="6.134868">
        <ele>422.3</ele>
        <time>2026-10-08T05:54:28Z</time>
      </trkpt>
      <trkpt lat="46.279306" lon="6.134848">
        <ele>422.4</ele>
        <time>2026-10-08T05:54:29Z</time>
      </trkpt>
      <trkpt lat="46.279277" lon="6.134828">
        <ele>422.6</ele>
        <time>2026-10-08T05:54:30Z</time>
      </trkpt>
      <trkpt lat="46.279248" lon="6.134811">
        <ele>422.8</ele>
        <time>2026-10-08T05:54:31Z</time>
      </trkpt>
      <trkpt lat="46.279219" lon="6.134793">
        <ele>423.0</ele>
        <time>2026-10-08T05:54:32Z</time>
      </trkpt>
      <trkpt lat="46.279189" lon="6.134774">
        <ele>423.2</ele>
        <time>2026-10-08T05:54:33Z</time>
      </trkpt>
      <trkpt lat="46.279158" lon="6.134755">
        <ele>423.3</ele>
        <time>2026-10-08T05:54:34Z</time>
      </trkpt>
      <trkpt lat="46.279127" lon="6.134738">
        <ele>423.5</ele>
        <time>2026-10-08T05:54:35Z</time>
      </trkpt>
      <trkpt lat="46.279098" lon="6.134719">
        <ele>423.7</ele>
        <time>2026-10-08T05:54:36Z</time>
      </trkpt>
      <trkpt lat="46.279067" lon="6.1347">
        <ele>423.9</ele>
        <time>2026-10-08T05:54:37Z</time>
      </trkpt>
      <trkpt lat="46.279036" lon="6.134681">
        <ele>424.0</ele>
        <time>2026-10-08T05:54:38Z</time>
      </trkpt>
      <trkpt lat="46.279006" lon="6.134662">
        <ele>424.2</ele>
        <time>2026-10-08T05:54:39Z</time>
      </trkpt>
      <trkpt lat="46.278974" lon="6.134642">
        <ele>424.4</ele>
        <time>2026-10-08T05:54:40Z</time>
      </trkpt>
      <trkpt lat="46.278943" lon="6.134623">
        <ele>424.5</ele>
        <time>2026-10-08T05:54:41Z</time>
      </trkpt>
      <trkpt lat="46.278911" lon="6.134601">
        <ele>424.7</ele>
        <time>2026-10-08T05:54:42Z</time>
      </trkpt>
      <trkpt lat="46.27888" lon="6.134577">
        <ele>424.9</ele>
        <time>2026-10-08T05:54:43Z</time>
      </trkpt>
      <trkpt lat="46.278853" lon="6.134555">
        <ele>425.0</ele>
        <time>2026-10-08T05:54:44Z</time>
      </trkpt>
      <trkpt lat="46.27882" lon="6.134537">
        <ele>425.2</ele>
        <time>2026-10-08T05:54:45Z</time>
      </trkpt>
      <trkpt lat="46.27879" lon="6.134515">
        <ele>425.3</ele>
        <time>2026-10-08T05:54:46Z</time>
      </trkpt>
      <trkpt lat="46.278759" lon="6.134493">
        <ele>425.5</ele>
        <time>2026-10-08T05:54:47Z</time>
      </trkpt>
      <trkpt lat="46.278728" lon="6.134475">
        <ele>425.6</ele>
        <time>2026-10-08T05:54:48Z</time>
      </trkpt>
      <trkpt lat="46.278696" lon="6.134452">
        <ele>425.7</ele>
        <time>2026-10-08T05:54:49Z</time>
      </trkpt>
      <trkpt lat="46.278664" lon="6.134428">
        <ele>425.9</ele>
        <time>2026-10-08T05:54:50Z</time>
      </trkpt>
      <trkpt lat="46.278631" lon="6.134406">
        <ele>426.0</ele>
        <time>2026-10-08T05:54:51Z</time>
      </trkpt>
      <trkpt lat="46.278596" lon="6.134379">
        <ele>426.1</ele>
        <time>2026-10-08T05:54:52Z</time>
      </trkpt>
      <trkpt lat="46.278563" lon="6.134354">
        <ele>426.2</ele>
        <time>2026-10-08T05:54:53Z</time>
      </trkpt>
      <trkpt lat="46.278528" lon="6.13433">
        <ele>426.3</ele>
        <time>2026-10-08T05:54:54Z</time>
      </trkpt>
      <trkpt lat="46.278494" lon="6.134304">
        <ele>426.4</ele>
        <time>2026-10-08T05:54:55Z</time>
      </trkpt>
      <trkpt lat="46.278458" lon="6.134279">
        <ele>426.5</ele>
        <time>2026-10-08T05:54:56Z</time>
      </trkpt>
      <trkpt lat="46.278423" lon="6.134252">
        <ele>426.6</ele>
        <time>2026-10-08T05:54:57Z</time>
      </trkpt>
      <trkpt lat="46.278387" lon="6.134222">
        <ele>426.6</ele>
        <time>2026-10-08T05:54:58Z</time>
      </trkpt>
      <trkpt lat="46.27835" lon="6.134195">
        <ele>426.7</ele>
        <time>2026-10-08T05:54:59Z</time>
      </trkpt>
      <trkpt lat="46.278313" lon="6.134167">
        <ele>426.8</ele>
        <time>2026-10-08T05:55:00Z</time>
      </trkpt>
      <trkpt lat="46.278276" lon="6.134137">
        <ele>426.9</ele>
        <time>2026-10-08T05:55:01Z</time>
      </trkpt>
      <trkpt lat="46.278242" lon="6.134102">
        <ele>427.0</ele>
        <time>2026-10-08T05:55:02Z</time>
      </trkpt>
      <trkpt lat="46.278208" lon="6.134069">
        <ele>427.1</ele>
        <time>2026-10-08T05:55:03Z</time>
      </trkpt>
      <trkpt lat="46.278173" lon="6.134037">
        <ele>427.1</ele>
        <time>2026-10-08T05:55:04Z</time>
      </trkpt>
      <trkpt lat="46.27814" lon="6.134">
        <ele>427.2</ele>
        <time>2026-10-08T05:55:05Z</time>
      </trkpt>
      <trkpt lat="46.278106" lon="6.133962">
        <ele>427.3</ele>
        <time>2026-10-08T05:55:06Z</time>
      </trkpt>
      <trkpt lat="46.278069" lon="6.133929">
        <ele>427.3</ele>
        <time>2026-10-08T05:55:07Z</time>
      </trkpt>
      <trkpt lat="46.278027" lon="6.133898">
        <ele>427.3</ele>
        <time>2026-10-08T05:55:08Z</time>
      </trkpt>
      <trkpt lat="46.277981" lon="6.133868">
        <ele>427.3</ele>
        <time>2026-10-08T05:55:09Z</time>
      </trkpt>
      <trkpt lat="46.277936" lon="6.13383">
        <ele>427.3</ele>
        <time>2026-10-08T05:55:10Z</time>
      </trkpt>
      <trkpt lat="46.277895" lon="6.13379">
        <ele>427.2</ele>
        <time>2026-10-08T05:55:11Z</time>
      </trkpt>
      <trkpt lat="46.277852" lon="6.133748">
        <ele>427.2</ele>
        <time>2026-10-08T05:55:12Z</time>
      </trkpt>
      <trkpt lat="46.277815" lon="6.133703">
        <ele>427.1</ele>
        <time>2026-10-08T05:55:13Z</time>
      </trkpt>
      <trkpt lat="46.277777" lon="6.133655">
        <ele>427.1</ele>
        <time>2026-10-08T05:55:14Z</time>
      </trkpt>
      <trkpt lat="46.277734" lon="6.133607">
        <ele>427.1</ele>
        <time>2026-10-08T05:55:15Z</time>
      </trkpt>
      <trkpt lat="46.277696" lon="6.133561">
        <ele>427.1</ele>
        <time>2026-10-08T05:55:16Z</time>
      </trkpt>
      <trkpt lat="46.277655" lon="6.133516">
        <ele>427.1</ele>
        <time>2026-10-08T05:55:17Z</time>
      </trkpt>
      <trkpt lat="46.277614" lon="6.133472">
        <ele>427.1</ele>
        <time>2026-10-08T05:55:18Z</time>
      </trkpt>
      <trkpt lat="46.277573" lon="6.133428">
        <ele>427.1</ele>
        <time>2026-10-08T05:55:19Z</time>
      </trkpt>
      <trkpt lat="46.277533" lon="6.133381">
        <ele>427.2</ele>
        <time>2026-10-08T05:55:20Z</time>
      </trkpt>
      <trkpt lat="46.277493" lon="6.133335">
        <ele>427.2</ele>
        <time>2026-10-08T05:55:21Z</time>
      </trkpt>
      <trkpt lat="46.277454" lon="6.133291">
        <ele>427.3</ele>
        <time>2026-10-08T05:55:22Z</time>
      </trkpt>
      <trkpt lat="46.277414" lon="6.133248">
        <ele>427.4</ele>
        <time>2026-10-08T05:55:23Z</time>
      </trkpt>
      <trkpt lat="46.277376" lon="6.133206">
        <ele>427.5</ele>
        <time>2026-10-08T05:55:24Z</time>
      </trkpt>
      <trkpt lat="46.277336" lon="6.133166">
        <ele>427.6</ele>
        <time>2026-10-08T05:55:25Z</time>
      </trkpt>
      <trkpt lat="46.277299" lon="6.133132">
        <ele>427.7</ele>
        <time>2026-10-08T05:55:26Z</time>
      </trkpt>
      <trkpt lat="46.277263" lon="6.133094">
        <ele>427.8</ele>
        <time>2026-10-08T05:55:27Z</time>
      </trkpt>
      <trkpt lat="46.27723" lon="6.133058">
        <ele>427.9</ele>
        <time>2026-10-08T05:55:28Z</time>
      </trkpt>
      <trkpt lat="46.277195" lon="6.133024">
        <ele>428.0</ele>
        <time>2026-10-08T05:55:29Z</time>
      </trkpt>
      <trkpt lat="46.277161" lon="6.132988">
        <ele>428.0</ele>
        <time>2026-10-08T05:55:30Z</time>
      </trkpt>
      <trkpt lat="46.277127" lon="6.132952">
        <ele>428.1</ele>
        <time>2026-10-08T05:55:31Z</time>
      </trkpt>
      <trkpt lat="46.277093" lon="6.132917">
        <ele>428.1</ele>
        <time>2026-10-08T05:55:32Z</time>
      </trkpt>
      <trkpt lat="46.277058" lon="6.132878">
        <ele>428.2</ele>
        <time>2026-10-08T05:55:33Z</time>
      </trkpt>
      <trkpt lat="46.27702" lon="6.132839">
        <ele>428.2</ele>
        <time>2026-10-08T05:55:34Z</time>
      </trkpt>
      <trkpt lat="46.276983" lon="6.132798">
        <ele>428.2</ele>
        <time>2026-10-08T05:55:35Z</time>
      </trkpt>
      <trkpt lat="46.276947" lon="6.132756">
        <ele>428.2</ele>
        <time>2026-10-08T05:55:36Z</time>
      </trkpt>
      <trkpt lat="46.27691" lon="6.132717">
        <ele>428.2</ele>
        <time>2026-10-08T05:55:37Z</time>
      </trkpt>
      <trkpt lat="46.276875" lon="6.132676">
        <ele>428.2</ele>
        <time>2026-10-08T05:55:38Z</time>
      </trkpt>
      <trkpt lat="46.276836" lon="6.132634">
        <ele>428.2</ele>
        <time>2026-10-08T05:55:39Z</time>
      </trkpt>
      <trkpt lat="46.276798" lon="6.132592">
        <ele>428.2</ele>
        <time>2026-10-08T05:55:40Z</time>
      </trkpt>
      <trkpt lat="46.276759" lon="6.132548">
        <ele>428.2</ele>
        <time>2026-10-08T05:55:41Z</time>
      </trkpt>
      <trkpt lat="46.27672" lon="6.132505">
        <ele>428.2</ele>
        <time>2026-10-08T05:55:42Z</time>
      </trkpt>
      <trkpt lat="46.27668" lon="6.132462">
        <ele>428.2</ele>
        <time>2026-10-08T05:55:43Z</time>
      </trkpt>
      <trkpt lat="46.276639" lon="6.132421">
        <ele>428.2</ele>
        <time>2026-10-08T05:55:44Z</time>
      </trkpt>
      <trkpt lat="46.276599" lon="6.13238">
        <ele>428.2</ele>
        <time>2026-10-08T05:55:45Z</time>
      </trkpt>
      <trkpt lat="46.276559" lon="6.132336">
        <ele>428.2</ele>
        <time>2026-10-08T05:55:46Z</time>
      </trkpt>
      <trkpt lat="46.276517" lon="6.132293">
        <ele>428.2</ele>
        <time>2026-10-08T05:55:47Z</time>
      </trkpt>
      <trkpt lat="46.276474" lon="6.132253">
        <ele>428.2</ele>
        <time>2026-10-08T05:55:48Z</time>
      </trkpt>
      <trkpt lat="46.276431" lon="6.13221">
        <ele>428.2</ele>
        <time>2026-10-08T05:55:49Z</time>
      </trkpt>
      <trkpt lat="46.276385" lon="6.132169">
        <ele>428.2</ele>
        <time>2026-10-08T05:55:50Z</time>
      </trkpt>
      <trkpt lat="46.276339" lon="6.132133">
        <ele>428.2</ele>
        <time>2026-10-08T05:55:51Z</time>
      </trkpt>
      <trkpt lat="46.276292" lon="6.1321">
        <ele>428.2</ele>
        <time>2026-10-08T05:55:52Z</time>
      </trkpt>
      <trkpt lat="46.276246" lon="6.13207">
        <ele>428.2</ele>
        <time>2026-10-08T05:55:53Z</time>
      </trkpt>
      <trkpt lat="46.276197" lon="6.132038">
        <ele>428.2</ele>
        <time>2026-10-08T05:55:54Z</time>
      </trkpt>
      <trkpt lat="46.276151" lon="6.132005">
        <ele>428.2</ele>
        <time>2026-10-08T05:55:55Z</time>
      </trkpt>
      <trkpt lat="46.276101" lon="6.131974">
        <ele>428.3</ele>
        <time>2026-10-08T05:55:56Z</time>
      </trkpt>
      <trkpt lat="46.27605" lon="6.131946">
        <ele>428.3</ele>
        <time>2026-10-08T05:55:57Z</time>
      </trkpt>
      <trkpt lat="46.276" lon="6.131918">
        <ele>428.3</ele>
        <time>2026-10-08T05:55:58Z</time>
      </trkpt>
      <trkpt lat="46.275948" lon="6.131893">
        <ele>428.4</ele>
        <time>2026-10-08T05:55:59Z</time>
      </trkpt>
      <trkpt lat="46.275898" lon="6.131872">
        <ele>428.4</ele>
        <time>2026-10-08T05:56:00Z</time>
      </trkpt>
      <trkpt lat="46.275846" lon="6.131849">
        <ele>428.4</ele>
        <time>2026-10-08T05:56:01Z</time>
      </trkpt>
      <trkpt lat="46.275793" lon="6.131829">
        <ele>428.4</ele>
        <time>2026-10-08T05:56:02Z</time>
      </trkpt>
      <trkpt lat="46.275743" lon="6.131809">
        <ele>428.5</ele>
        <time>2026-10-08T05:56:03Z</time>
      </trkpt>
      <trkpt lat="46.275693" lon="6.13179">
        <ele>428.5</ele>
        <time>2026-10-08T05:56:04Z</time>
      </trkpt>
      <trkpt lat="46.275642" lon="6.131773">
        <ele>428.5</ele>
        <time>2026-10-08T05:56:05Z</time>
      </trkpt>
      <trkpt lat="46.275589" lon="6.131758">
        <ele>428.6</ele>
        <time>2026-10-08T05:56:06Z</time>
      </trkpt>
      <trkpt lat="46.275538" lon="6.131746">
        <ele>428.6</ele>
        <time>2026-10-08T05:56:07Z</time>
      </trkpt>
      <trkpt lat="46.275487" lon="6.131736">
        <ele>428.7</ele>
        <time>2026-10-08T05:56:08Z</time>
      </trkpt>
      <trkpt lat="46.275433" lon="6.131732">
        <ele>428.7</ele>
        <time>2026-10-08T05:56:09Z</time>
      </trkpt>
      <trkpt lat="46.27538" lon="6.131731">
        <ele>428.8</ele>
        <time>2026-10-08T05:56:10Z</time>
      </trkpt>
      <trkpt lat="46.275328" lon="6.131735">
        <ele>428.8</ele>
        <time>2026-10-08T05:56:11Z</time>
      </trkpt>
      <trkpt lat="46.275275" lon="6.131743">
        <ele>428.9</ele>
        <time>2026-10-08T05:56:12Z</time>
      </trkpt>
      <trkpt lat="46.27522" lon="6.131756">
        <ele>428.9</ele>
        <time>2026-10-08T05:56:13Z</time>
      </trkpt>
      <trkpt lat="46.275166" lon="6.131764">
        <ele>429.0</ele>
        <time>2026-10-08T05:56:14Z</time>
      </trkpt>
      <trkpt lat="46.275113" lon="6.131773">
        <ele>429.1</ele>
        <time>2026-10-08T05:56:15Z</time>
      </trkpt>
      <trkpt lat="46.275061" lon="6.131781">
        <ele>429.2</ele>
        <time>2026-10-08T05:56:16Z</time>
      </trkpt>
      <trkpt lat="46.275009" lon="6.131788">
        <ele>429.3</ele>
        <time>2026-10-08T05:56:17Z</time>
      </trkpt>
      <trkpt lat="46.274957" lon="6.131791">
        <ele>429.4</ele>
        <time>2026-10-08T05:56:18Z</time>
      </trkpt>
      <trkpt lat="46.274905" lon="6.131787">
        <ele>429.5</ele>
        <time>2026-10-08T05:56:19Z</time>
      </trkpt>
      <trkpt lat="46.274854" lon="6.131777">
        <ele>429.6</ele>
        <time>2026-10-08T05:56:20Z</time>
      </trkpt>
      <trkpt lat="46.274805" lon="6.131766">
        <ele>429.7</ele>
        <time>2026-10-08T05:56:21Z</time>
      </trkpt>
      <trkpt lat="46.274757" lon="6.131752">
        <ele>429.8</ele>
        <time>2026-10-08T05:56:22Z</time>
      </trkpt>
      <trkpt lat="46.274708" lon="6.131737">
        <ele>430.0</ele>
        <time>2026-10-08T05:56:23Z</time>
      </trkpt>
      <trkpt lat="46.274662" lon="6.131718">
        <ele>430.1</ele>
        <time>2026-10-08T05:56:24Z</time>
      </trkpt>
      <trkpt lat="46.274616" lon="6.131694">
        <ele>430.2</ele>
        <time>2026-10-08T05:56:25Z</time>
      </trkpt>
      <trkpt lat="46.274574" lon="6.131667">
        <ele>430.3</ele>
        <time>2026-10-08T05:56:26Z</time>
      </trkpt>
      <trkpt lat="46.274536" lon="6.131637">
        <ele>430.4</ele>
        <time>2026-10-08T05:56:27Z</time>
      </trkpt>
      <trkpt lat="46.274498" lon="6.131607">
        <ele>430.5</ele>
        <time>2026-10-08T05:56:28Z</time>
      </trkpt>
      <trkpt lat="46.274462" lon="6.131574">
        <ele>430.6</ele>
        <time>2026-10-08T05:56:29Z</time>
      </trkpt>
      <trkpt lat="46.274425" lon="6.131538">
        <ele>430.7</ele>
        <time>2026-10-08T05:56:30Z</time>
      </trkpt>
      <trkpt lat="46.274389" lon="6.131506">
        <ele>430.8</ele>
        <time>2026-10-08T05:56:31Z</time>
      </trkpt>
      <trkpt lat="46.274354" lon="6.13147">
        <ele>430.9</ele>
        <time>2026-10-08T05:56:32Z</time>
      </trkpt>
      <trkpt lat="46.27432" lon="6.131433">
        <ele>431.0</ele>
        <time>2026-10-08T05:56:33Z</time>
      </trkpt>
      <trkpt lat="46.274285" lon="6.131394">
        <ele>431.1</ele>
        <time>2026-10-08T05:56:34Z</time>
      </trkpt>
      <trkpt lat="46.274252" lon="6.131356">
        <ele>431.2</ele>
        <time>2026-10-08T05:56:35Z</time>
      </trkpt>
      <trkpt lat="46.274218" lon="6.131319">
        <ele>431.3</ele>
        <time>2026-10-08T05:56:36Z</time>
      </trkpt>
      <trkpt lat="46.274183" lon="6.131283">
        <ele>431.3</ele>
        <time>2026-10-08T05:56:37Z</time>
      </trkpt>
      <trkpt lat="46.274148" lon="6.131243">
        <ele>431.4</ele>
        <time>2026-10-08T05:56:38Z</time>
      </trkpt>
      <trkpt lat="46.274112" lon="6.131207">
        <ele>431.5</ele>
        <time>2026-10-08T05:56:39Z</time>
      </trkpt>
      <trkpt lat="46.274077" lon="6.131167">
        <ele>431.6</ele>
        <time>2026-10-08T05:56:40Z</time>
      </trkpt>
      <trkpt lat="46.274041" lon="6.131125">
        <ele>431.6</ele>
        <time>2026-10-08T05:56:41Z</time>
      </trkpt>
      <trkpt lat="46.274009" lon="6.131082">
        <ele>431.7</ele>
        <time>2026-10-08T05:56:42Z</time>
      </trkpt>
      <trkpt lat="46.273973" lon="6.131042">
        <ele>431.8</ele>
        <time>2026-10-08T05:56:43Z</time>
      </trkpt>
      <trkpt lat="46.273939" lon="6.131002">
        <ele>431.8</ele>
        <time>2026-10-08T05:56:44Z</time>
      </trkpt>
      <trkpt lat="46.273901" lon="6.130964">
        <ele>431.9</ele>
        <time>2026-10-08T05:56:45Z</time>
      </trkpt>
      <trkpt lat="46.273863" lon="6.130922">
        <ele>432.0</ele>
        <time>2026-10-08T05:56:46Z</time>
      </trkpt>
      <trkpt lat="46.273829" lon="6.130877">
        <ele>432.0</ele>
        <time>2026-10-08T05:56:47Z</time>
      </trkpt>
      <trkpt lat="46.273792" lon="6.130834">
        <ele>432.1</ele>
        <time>2026-10-08T05:56:48Z</time>
      </trkpt>
      <trkpt lat="46.273756" lon="6.130796">
        <ele>432.1</ele>
        <time>2026-10-08T05:56:49Z</time>
      </trkpt>
      <trkpt lat="46.273717" lon="6.130755">
        <ele>432.2</ele>
        <time>2026-10-08T05:56:50Z</time>
      </trkpt>
      <trkpt lat="46.273683" lon="6.130705">
        <ele>432.2</ele>
        <time>2026-10-08T05:56:51Z</time>
      </trkpt>
      <trkpt lat="46.273648" lon="6.130655">
        <ele>432.3</ele>
        <time>2026-10-08T05:56:52Z</time>
      </trkpt>
      <trkpt lat="46.273613" lon="6.130607">
        <ele>432.3</ele>
        <time>2026-10-08T05:56:53Z</time>
      </trkpt>
      <trkpt lat="46.273578" lon="6.130553">
        <ele>432.3</ele>
        <time>2026-10-08T05:56:54Z</time>
      </trkpt>
      <trkpt lat="46.27354" lon="6.130499">
        <ele>432.4</ele>
        <time>2026-10-08T05:56:55Z</time>
      </trkpt>
      <trkpt lat="46.273511" lon="6.130434">
        <ele>432.4</ele>
        <time>2026-10-08T05:56:56Z</time>
      </trkpt>
      <trkpt lat="46.273482" lon="6.130369">
        <ele>432.4</ele>
        <time>2026-10-08T05:56:57Z</time>
      </trkpt>
      <trkpt lat="46.273452" lon="6.130304">
        <ele>432.4</ele>
        <time>2026-10-08T05:56:58Z</time>
      </trkpt>
      <trkpt lat="46.273423" lon="6.130238">
        <ele>432.4</ele>
        <time>2026-10-08T05:56:59Z</time>
      </trkpt>
      <trkpt lat="46.273395" lon="6.130168">
        <ele>432.5</ele>
        <time>2026-10-08T05:57:00Z</time>
      </trkpt>
      <trkpt lat="46.273366" lon="6.130098">
        <ele>432.5</ele>
        <time>2026-10-08T05:57:01Z</time>
      </trkpt>
      <trkpt lat="46.273337" lon="6.130027">
        <ele>432.5</ele>
        <time>2026-10-08T05:57:02Z</time>
      </trkpt>
      <trkpt lat="46.273306" lon="6.129956">
        <ele>432.5</ele>
        <time>2026-10-08T05:57:03Z</time>
      </trkpt>
      <trkpt lat="46.273276" lon="6.129884">
        <ele>432.5</ele>
        <time>2026-10-08T05:57:04Z</time>
      </trkpt>
      <trkpt lat="46.273245" lon="6.129812">
        <ele>432.5</ele>
        <time>2026-10-08T05:57:05Z</time>
      </trkpt>
      <trkpt lat="46.273214" lon="6.129741">
        <ele>432.5</ele>
        <time>2026-10-08T05:57:06Z</time>
      </trkpt>
      <trkpt lat="46.273181" lon="6.12967">
        <ele>432.6</ele>
        <time>2026-10-08T05:57:07Z</time>
      </trkpt>
      <trkpt lat="46.27315" lon="6.129601">
        <ele>432.6</ele>
        <time>2026-10-08T05:57:08Z</time>
      </trkpt>
      <trkpt lat="46.273113" lon="6.129536">
        <ele>432.6</ele>
        <time>2026-10-08T05:57:09Z</time>
      </trkpt>
      <trkpt lat="46.273076" lon="6.12947">
        <ele>432.7</ele>
        <time>2026-10-08T05:57:10Z</time>
      </trkpt>
      <trkpt lat="46.273044" lon="6.1294">
        <ele>432.7</ele>
        <time>2026-10-08T05:57:11Z</time>
      </trkpt>
      <trkpt lat="46.27301" lon="6.129334">
        <ele>432.7</ele>
        <time>2026-10-08T05:57:12Z</time>
      </trkpt>
      <trkpt lat="46.272974" lon="6.12927">
        <ele>432.8</ele>
        <time>2026-10-08T05:57:13Z</time>
      </trkpt>
      <trkpt lat="46.272936" lon="6.129209">
        <ele>432.9</ele>
        <time>2026-10-08T05:57:14Z</time>
      </trkpt>
      <trkpt lat="46.272897" lon="6.129149">
        <ele>432.9</ele>
        <time>2026-10-08T05:57:15Z</time>
      </trkpt>
      <trkpt lat="46.272861" lon="6.129085">
        <ele>433.0</ele>
        <time>2026-10-08T05:57:16Z</time>
      </trkpt>
      <trkpt lat="46.272827" lon="6.129017">
        <ele>433.1</ele>
        <time>2026-10-08T05:57:17Z</time>
      </trkpt>
      <trkpt lat="46.272793" lon="6.128951">
        <ele>433.1</ele>
        <time>2026-10-08T05:57:18Z</time>
      </trkpt>
      <trkpt lat="46.272756" lon="6.128887">
        <ele>433.2</ele>
        <time>2026-10-08T05:57:19Z</time>
      </trkpt>
      <trkpt lat="46.272721" lon="6.128824">
        <ele>433.2</ele>
        <time>2026-10-08T05:57:20Z</time>
      </trkpt>
      <trkpt lat="46.272683" lon="6.128763">
        <ele>433.3</ele>
        <time>2026-10-08T05:57:21Z</time>
      </trkpt>
      <trkpt lat="46.272643" lon="6.128707">
        <ele>433.3</ele>
        <time>2026-10-08T05:57:22Z</time>
      </trkpt>
      <trkpt lat="46.272605" lon="6.128651">
        <ele>433.4</ele>
        <time>2026-10-08T05:57:23Z</time>
      </trkpt>
      <trkpt lat="46.272567" lon="6.128592">
        <ele>433.5</ele>
        <time>2026-10-08T05:57:24Z</time>
      </trkpt>
      <trkpt lat="46.272528" lon="6.128531">
        <ele>433.5</ele>
        <time>2026-10-08T05:57:25Z</time>
      </trkpt>
      <trkpt lat="46.272493" lon="6.128477">
        <ele>433.6</ele>
        <time>2026-10-08T05:57:26Z</time>
      </trkpt>
      <trkpt lat="46.272461" lon="6.12842">
        <ele>433.6</ele>
        <time>2026-10-08T05:57:27Z</time>
      </trkpt>
      <trkpt lat="46.27243" lon="6.128361">
        <ele>433.7</ele>
        <time>2026-10-08T05:57:28Z</time>
      </trkpt>
      <trkpt lat="46.272402" lon="6.128295">
        <ele>433.7</ele>
        <time>2026-10-08T05:57:29Z</time>
      </trkpt>
      <trkpt lat="46.272379" lon="6.128228">
        <ele>433.8</ele>
        <time>2026-10-08T05:57:30Z</time>
      </trkpt>
      <trkpt lat="46.272354" lon="6.128163">
        <ele>433.8</ele>
        <time>2026-10-08T05:57:31Z</time>
      </trkpt>
      <trkpt lat="46.27233" lon="6.128097">
        <ele>433.9</ele>
        <time>2026-10-08T05:57:32Z</time>
      </trkpt>
      <trkpt lat="46.272307" lon="6.128026">
        <ele>433.9</ele>
        <time>2026-10-08T05:57:33Z</time>
      </trkpt>
      <trkpt lat="46.272288" lon="6.127955">
        <ele>433.9</ele>
        <time>2026-10-08T05:57:34Z</time>
      </trkpt>
      <trkpt lat="46.272266" lon="6.127884">
        <ele>433.9</ele>
        <time>2026-10-08T05:57:35Z</time>
      </trkpt>
      <trkpt lat="46.272245" lon="6.127804">
        <ele>433.9</ele>
        <time>2026-10-08T05:57:36Z</time>
      </trkpt>
      <trkpt lat="46.272222" lon="6.127725">
        <ele>433.8</ele>
        <time>2026-10-08T05:57:37Z</time>
      </trkpt>
      <trkpt lat="46.2722" lon="6.127644">
        <ele>433.8</ele>
        <time>2026-10-08T05:57:38Z</time>
      </trkpt>
      <trkpt lat="46.272177" lon="6.12756">
        <ele>433.8</ele>
        <time>2026-10-08T05:57:39Z</time>
      </trkpt>
      <trkpt lat="46.272154" lon="6.127473">
        <ele>433.8</ele>
        <time>2026-10-08T05:57:40Z</time>
      </trkpt>
      <trkpt lat="46.272133" lon="6.127389">
        <ele>433.7</ele>
        <time>2026-10-08T05:57:41Z</time>
      </trkpt>
      <trkpt lat="46.272111" lon="6.127302">
        <ele>433.7</ele>
        <time>2026-10-08T05:57:42Z</time>
      </trkpt>
      <trkpt lat="46.272091" lon="6.127211">
        <ele>433.7</ele>
        <time>2026-10-08T05:57:43Z</time>
      </trkpt>
      <trkpt lat="46.272076" lon="6.127128">
        <ele>433.7</ele>
        <time>2026-10-08T05:57:44Z</time>
      </trkpt>
      <trkpt lat="46.272066" lon="6.127044">
        <ele>433.7</ele>
        <time>2026-10-08T05:57:45Z</time>
      </trkpt>
      <trkpt lat="46.272054" lon="6.126956">
        <ele>433.7</ele>
        <time>2026-10-08T05:57:46Z</time>
      </trkpt>
      <trkpt lat="46.27204" lon="6.12687">
        <ele>433.7</ele>
        <time>2026-10-08T05:57:47Z</time>
      </trkpt>
      <trkpt lat="46.272024" lon="6.126783">
        <ele>433.7</ele>
        <time>2026-10-08T05:57:48Z</time>
      </trkpt>
      <trkpt lat="46.272008" lon="6.126696">
        <ele>433.7</ele>
        <time>2026-10-08T05:57:49Z</time>
      </trkpt>
      <trkpt lat="46.271994" lon="6.126609">
        <ele>433.7</ele>
        <time>2026-10-08T05:57:50Z</time>
      </trkpt>
      <trkpt lat="46.271978" lon="6.126525">
        <ele>433.7</ele>
        <time>2026-10-08T05:57:51Z</time>
      </trkpt>
      <trkpt lat="46.271962" lon="6.126442">
        <ele>433.7</ele>
        <time>2026-10-08T05:57:52Z</time>
      </trkpt>
      <trkpt lat="46.271948" lon="6.126364">
        <ele>433.7</ele>
        <time>2026-10-08T05:57:53Z</time>
      </trkpt>
      <trkpt lat="46.271931" lon="6.126287">
        <ele>433.7</ele>
        <time>2026-10-08T05:57:54Z</time>
      </trkpt>
      <trkpt lat="46.271912" lon="6.12621">
        <ele>433.7</ele>
        <time>2026-10-08T05:57:55Z</time>
      </trkpt>
      <trkpt lat="46.271894" lon="6.126135">
        <ele>433.7</ele>
        <time>2026-10-08T05:57:56Z</time>
      </trkpt>
      <trkpt lat="46.271877" lon="6.126061">
        <ele>433.6</ele>
        <time>2026-10-08T05:57:57Z</time>
      </trkpt>
      <trkpt lat="46.271863" lon="6.125987">
        <ele>433.6</ele>
        <time>2026-10-08T05:57:58Z</time>
      </trkpt>
      <trkpt lat="46.271857" lon="6.12591">
        <ele>433.6</ele>
        <time>2026-10-08T05:57:59Z</time>
      </trkpt>
      <trkpt lat="46.271859" lon="6.125834">
        <ele>433.5</ele>
        <time>2026-10-08T05:58:00Z</time>
      </trkpt>
      <trkpt lat="46.271865" lon="6.125755">
        <ele>433.5</ele>
        <time>2026-10-08T05:58:01Z</time>
      </trkpt>
      <trkpt lat="46.271867" lon="6.125679">
        <ele>433.5</ele>
        <time>2026-10-08T05:58:02Z</time>
      </trkpt>
      <trkpt lat="46.271848" lon="6.12561">
        <ele>433.4</ele>
        <time>2026-10-08T05:58:03Z</time>
      </trkpt>
      <trkpt lat="46.271805" lon="6.12555">
        <ele>433.2</ele>
        <time>2026-10-08T05:58:04Z</time>
      </trkpt>
      <trkpt lat="46.271747" lon="6.125508">
        <ele>433.0</ele>
        <time>2026-10-08T05:58:05Z</time>
      </trkpt>
      <trkpt lat="46.271685" lon="6.125472">
        <ele>432.7</ele>
        <time>2026-10-08T05:58:06Z</time>
      </trkpt>
      <trkpt lat="46.271634" lon="6.125418">
        <ele>432.4</ele>
        <time>2026-10-08T05:58:07Z</time>
      </trkpt>
      <trkpt lat="46.271592" lon="6.125343">
        <ele>432.2</ele>
        <time>2026-10-08T05:58:08Z</time>
      </trkpt>
      <trkpt lat="46.271552" lon="6.125271">
        <ele>432.0</ele>
        <time>2026-10-08T05:58:09Z</time>
      </trkpt>
      <trkpt lat="46.271505" lon="6.125203">
        <ele>431.9</ele>
        <time>2026-10-08T05:58:10Z</time>
      </trkpt>
      <trkpt lat="46.271455" lon="6.125135">
        <ele>431.7</ele>
        <time>2026-10-08T05:58:11Z</time>
      </trkpt>
      <trkpt lat="46.271402" lon="6.125073">
        <ele>431.6</ele>
        <time>2026-10-08T05:58:12Z</time>
      </trkpt>
      <trkpt lat="46.271349" lon="6.125011">
        <ele>431.4</ele>
        <time>2026-10-08T05:58:13Z</time>
      </trkpt>
      <trkpt lat="46.271295" lon="6.124948">
        <ele>431.2</ele>
        <time>2026-10-08T05:58:14Z</time>
      </trkpt>
      <trkpt lat="46.271236" lon="6.124893">
        <ele>431.0</ele>
        <time>2026-10-08T05:58:15Z</time>
      </trkpt>
      <trkpt lat="46.271178" lon="6.124833">
        <ele>430.9</ele>
        <time>2026-10-08T05:58:16Z</time>
      </trkpt>
      <trkpt lat="46.271119" lon="6.124769">
        <ele>430.6</ele>
        <time>2026-10-08T05:58:17Z</time>
      </trkpt>
      <trkpt lat="46.271064" lon="6.124704">
        <ele>430.4</ele>
        <time>2026-10-08T05:58:18Z</time>
      </trkpt>
      <trkpt lat="46.271012" lon="6.12463">
        <ele>430.3</ele>
        <time>2026-10-08T05:58:19Z</time>
      </trkpt>
      <trkpt lat="46.270962" lon="6.124553">
        <ele>430.1</ele>
        <time>2026-10-08T05:58:20Z</time>
      </trkpt>
      <trkpt lat="46.270915" lon="6.124472">
        <ele>429.9</ele>
        <time>2026-10-08T05:58:21Z</time>
      </trkpt>
      <trkpt lat="46.270882" lon="6.124376">
        <ele>429.8</ele>
        <time>2026-10-08T05:58:22Z</time>
      </trkpt>
      <trkpt lat="46.270852" lon="6.124276">
        <ele>429.7</ele>
        <time>2026-10-08T05:58:23Z</time>
      </trkpt>
      <trkpt lat="46.27082" lon="6.124182">
        <ele>429.7</ele>
        <time>2026-10-08T05:58:24Z</time>
      </trkpt>
      <trkpt lat="46.270787" lon="6.12409">
        <ele>429.7</ele>
        <time>2026-10-08T05:58:25Z</time>
      </trkpt>
      <trkpt lat="46.270758" lon="6.123998">
        <ele>429.8</ele>
        <time>2026-10-08T05:58:26Z</time>
      </trkpt>
      <trkpt lat="46.270728" lon="6.12391">
        <ele>429.9</ele>
        <time>2026-10-08T05:58:27Z</time>
      </trkpt>
      <trkpt lat="46.270697" lon="6.123825">
        <ele>430.1</ele>
        <time>2026-10-08T05:58:28Z</time>
      </trkpt>
      <trkpt lat="46.270669" lon="6.123746">
        <ele>430.2</ele>
        <time>2026-10-08T05:58:29Z</time>
      </trkpt>
      <trkpt lat="46.270641" lon="6.123664">
        <ele>430.3</ele>
        <time>2026-10-08T05:58:30Z</time>
      </trkpt>
      <trkpt lat="46.270614" lon="6.123588">
        <ele>430.4</ele>
        <time>2026-10-08T05:58:31Z</time>
      </trkpt>
      <trkpt lat="46.270585" lon="6.123509">
        <ele>430.7</ele>
        <time>2026-10-08T05:58:32Z</time>
      </trkpt>
      <trkpt lat="46.27056" lon="6.123448">
        <ele>431.0</ele>
        <time>2026-10-08T05:58:33Z</time>
      </trkpt>
      <trkpt lat="46.270534" lon="6.12339">
        <ele>431.2</ele>
        <time>2026-10-08T05:58:34Z</time>
      </trkpt>
      <trkpt lat="46.27051" lon="6.123335">
        <ele>431.5</ele>
        <time>2026-10-08T05:58:35Z</time>
      </trkpt>
      <trkpt lat="46.270486" lon="6.123279">
        <ele>431.8</ele>
        <time>2026-10-08T05:58:36Z</time>
      </trkpt>
      <trkpt lat="46.270466" lon="6.123225">
        <ele>432.1</ele>
        <time>2026-10-08T05:58:37Z</time>
      </trkpt>
      <trkpt lat="46.270446" lon="6.123169">
        <ele>432.4</ele>
        <time>2026-10-08T05:58:38Z</time>
      </trkpt>
      <trkpt lat="46.270423" lon="6.123121">
        <ele>432.6</ele>
        <time>2026-10-08T05:58:39Z</time>
      </trkpt>
      <trkpt lat="46.270398" lon="6.123075">
        <ele>432.9</ele>
        <time>2026-10-08T05:58:40Z</time>
      </trkpt>
      <trkpt lat="46.270375" lon="6.123029">
        <ele>433.1</ele>
        <time>2026-10-08T05:58:41Z</time>
      </trkpt>
      <trkpt lat="46.270351" lon="6.122981">
        <ele>433.3</ele>
        <time>2026-10-08T05:58:42Z</time>
      </trkpt>
      <trkpt lat="46.270325" lon="6.122936">
        <ele>433.6</ele>
        <time>2026-10-08T05:58:43Z</time>
      </trkpt>
      <trkpt lat="46.270301" lon="6.122889">
        <ele>433.8</ele>
        <time>2026-10-08T05:58:44Z</time>
      </trkpt>
      <trkpt lat="46.270274" lon="6.122843">
        <ele>434.0</ele>
        <time>2026-10-08T05:58:45Z</time>
      </trkpt>
      <trkpt lat="46.270255" lon="6.122794">
        <ele>434.2</ele>
        <time>2026-10-08T05:58:46Z</time>
      </trkpt>
      <trkpt lat="46.270231" lon="6.122748">
        <ele>434.3</ele>
        <time>2026-10-08T05:58:47Z</time>
      </trkpt>
      <trkpt lat="46.270207" lon="6.122702">
        <ele>434.5</ele>
        <time>2026-10-08T05:58:48Z</time>
      </trkpt>
      <trkpt lat="46.270183" lon="6.122653">
        <ele>434.6</ele>
        <time>2026-10-08T05:58:49Z</time>
      </trkpt>
      <trkpt lat="46.270161" lon="6.122602">
        <ele>434.8</ele>
        <time>2026-10-08T05:58:50Z</time>
      </trkpt>
      <trkpt lat="46.270137" lon="6.122552">
        <ele>434.9</ele>
        <time>2026-10-08T05:58:51Z</time>
      </trkpt>
      <trkpt lat="46.270113" lon="6.122502">
        <ele>435.0</ele>
        <time>2026-10-08T05:58:52Z</time>
      </trkpt>
      <trkpt lat="46.270088" lon="6.122458">
        <ele>435.1</ele>
        <time>2026-10-08T05:58:53Z</time>
      </trkpt>
      <trkpt lat="46.270064" lon="6.12241">
        <ele>435.0</ele>
        <time>2026-10-08T05:58:54Z</time>
      </trkpt>
      <trkpt lat="46.270033" lon="6.122361">
        <ele>435.0</ele>
        <time>2026-10-08T05:58:55Z</time>
      </trkpt>
      <trkpt lat="46.27" lon="6.122312">
        <ele>435.0</ele>
        <time>2026-10-08T05:58:56Z</time>
      </trkpt>
      <trkpt lat="46.269963" lon="6.122266">
        <ele>435.0</ele>
        <time>2026-10-08T05:58:57Z</time>
      </trkpt>
      <trkpt lat="46.269927" lon="6.122222">
        <ele>434.9</ele>
        <time>2026-10-08T05:58:58Z</time>
      </trkpt>
      <trkpt lat="46.269886" lon="6.122179">
        <ele>434.9</ele>
        <time>2026-10-08T05:58:59Z</time>
      </trkpt>
      <trkpt lat="46.269845" lon="6.122138">
        <ele>434.9</ele>
        <time>2026-10-08T05:59:00Z</time>
      </trkpt>
      <trkpt lat="46.269802" lon="6.122096">
        <ele>434.8</ele>
        <time>2026-10-08T05:59:01Z</time>
      </trkpt>
      <trkpt lat="46.269758" lon="6.122056">
        <ele>434.8</ele>
        <time>2026-10-08T05:59:02Z</time>
      </trkpt>
      <trkpt lat="46.26971" lon="6.122015">
        <ele>434.7</ele>
        <time>2026-10-08T05:59:03Z</time>
      </trkpt>
      <trkpt lat="46.269664" lon="6.121971">
        <ele>434.6</ele>
        <time>2026-10-08T05:59:04Z</time>
      </trkpt>
      <trkpt lat="46.269616" lon="6.121928">
        <ele>434.5</ele>
        <time>2026-10-08T05:59:05Z</time>
      </trkpt>
      <trkpt lat="46.269566" lon="6.121888">
        <ele>434.5</ele>
        <time>2026-10-08T05:59:06Z</time>
      </trkpt>
      <trkpt lat="46.269515" lon="6.121845">
        <ele>434.4</ele>
        <time>2026-10-08T05:59:07Z</time>
      </trkpt>
      <trkpt lat="46.269463" lon="6.121797">
        <ele>434.4</ele>
        <time>2026-10-08T05:59:08Z</time>
      </trkpt>
      <trkpt lat="46.269409" lon="6.121754">
        <ele>434.4</ele>
        <time>2026-10-08T05:59:09Z</time>
      </trkpt>
      <trkpt lat="46.269356" lon="6.12171">
        <ele>434.4</ele>
        <time>2026-10-08T05:59:10Z</time>
      </trkpt>
      <trkpt lat="46.269305" lon="6.121666">
        <ele>434.3</ele>
        <time>2026-10-08T05:59:11Z</time>
      </trkpt>
      <trkpt lat="46.269249" lon="6.121631">
        <ele>434.4</ele>
        <time>2026-10-08T05:59:12Z</time>
      </trkpt>
      <trkpt lat="46.269189" lon="6.121613">
        <ele>434.4</ele>
        <time>2026-10-08T05:59:13Z</time>
      </trkpt>
      <trkpt lat="46.269127" lon="6.121626">
        <ele>434.4</ele>
        <time>2026-10-08T05:59:14Z</time>
      </trkpt>
      <trkpt lat="46.269069" lon="6.121653">
        <ele>434.4</ele>
        <time>2026-10-08T05:59:15Z</time>
      </trkpt>
      <trkpt lat="46.269021" lon="6.121703">
        <ele>434.4</ele>
        <time>2026-10-08T05:59:16Z</time>
      </trkpt>
      <trkpt lat="46.26898" lon="6.121764">
        <ele>434.4</ele>
        <time>2026-10-08T05:59:17Z</time>
      </trkpt>
      <trkpt lat="46.26894" lon="6.121832">
        <ele>434.4</ele>
        <time>2026-10-08T05:59:18Z</time>
      </trkpt>
      <trkpt lat="46.268903" lon="6.121901">
        <ele>434.4</ele>
        <time>2026-10-08T05:59:19Z</time>
      </trkpt>
      <trkpt lat="46.268862" lon="6.121964">
        <ele>434.4</ele>
        <time>2026-10-08T05:59:20Z</time>
      </trkpt>
      <trkpt lat="46.26882" lon="6.122031">
        <ele>434.3</ele>
        <time>2026-10-08T05:59:21Z</time>
      </trkpt>
      <trkpt lat="46.268778" lon="6.122096">
        <ele>434.3</ele>
        <time>2026-10-08T05:59:22Z</time>
      </trkpt>
      <trkpt lat="46.268734" lon="6.122159">
        <ele>434.1</ele>
        <time>2026-10-08T05:59:23Z</time>
      </trkpt>
      <trkpt lat="46.26869" lon="6.122226">
        <ele>433.8</ele>
        <time>2026-10-08T05:59:24Z</time>
      </trkpt>
      <trkpt lat="46.268643" lon="6.122293">
        <ele>433.6</ele>
        <time>2026-10-08T05:59:25Z</time>
      </trkpt>
      <trkpt lat="46.268593" lon="6.122362">
        <ele>433.4</ele>
        <time>2026-10-08T05:59:26Z</time>
      </trkpt>
      <trkpt lat="46.268542" lon="6.122437">
        <ele>433.2</ele>
        <time>2026-10-08T05:59:27Z</time>
      </trkpt>
      <trkpt lat="46.26849" lon="6.122515">
        <ele>432.9</ele>
        <time>2026-10-08T05:59:28Z</time>
      </trkpt>
      <trkpt lat="46.268436" lon="6.122597">
        <ele>432.7</ele>
        <time>2026-10-08T05:59:29Z</time>
      </trkpt>
      <trkpt lat="46.268384" lon="6.122685">
        <ele>432.4</ele>
        <time>2026-10-08T05:59:30Z</time>
      </trkpt>
      <trkpt lat="46.268331" lon="6.122774">
        <ele>432.2</ele>
        <time>2026-10-08T05:59:31Z</time>
      </trkpt>
      <trkpt lat="46.26828" lon="6.122868">
        <ele>432.0</ele>
        <time>2026-10-08T05:59:32Z</time>
      </trkpt>
      <trkpt lat="46.268231" lon="6.122965">
        <ele>431.9</ele>
        <time>2026-10-08T05:59:33Z</time>
      </trkpt>
      <trkpt lat="46.268185" lon="6.123066">
        <ele>431.7</ele>
        <time>2026-10-08T05:59:34Z</time>
      </trkpt>
      <trkpt lat="46.268144" lon="6.123175">
        <ele>431.6</ele>
        <time>2026-10-08T05:59:35Z</time>
      </trkpt>
      <trkpt lat="46.268108" lon="6.123286">
        <ele>431.5</ele>
        <time>2026-10-08T05:59:36Z</time>
      </trkpt>
      <trkpt lat="46.26808" lon="6.1234">
        <ele>431.3</ele>
        <time>2026-10-08T05:59:37Z</time>
      </trkpt>
      <trkpt lat="46.268053" lon="6.123513">
        <ele>431.2</ele>
        <time>2026-10-08T05:59:38Z</time>
      </trkpt>
      <trkpt lat="46.268026" lon="6.123622">
        <ele>431.1</ele>
        <time>2026-10-08T05:59:39Z</time>
      </trkpt>
      <trkpt lat="46.267997" lon="6.12373">
        <ele>431.0</ele>
        <time>2026-10-08T05:59:40Z</time>
      </trkpt>
      <trkpt lat="46.267966" lon="6.123834">
        <ele>430.9</ele>
        <time>2026-10-08T05:59:41Z</time>
      </trkpt>
      <trkpt lat="46.267935" lon="6.123938">
        <ele>430.9</ele>
        <time>2026-10-08T05:59:42Z</time>
      </trkpt>
      <trkpt lat="46.267907" lon="6.124044">
        <ele>430.8</ele>
        <time>2026-10-08T05:59:43Z</time>
      </trkpt>
      <trkpt lat="46.267875" lon="6.124146">
        <ele>430.7</ele>
        <time>2026-10-08T05:59:44Z</time>
      </trkpt>
      <trkpt lat="46.267849" lon="6.124248">
        <ele>430.6</ele>
        <time>2026-10-08T05:59:45Z</time>
      </trkpt>
      <trkpt lat="46.267817" lon="6.124351">
        <ele>430.6</ele>
        <time>2026-10-08T05:59:46Z</time>
      </trkpt>
      <trkpt lat="46.267785" lon="6.124452">
        <ele>430.4</ele>
        <time>2026-10-08T05:59:47Z</time>
      </trkpt>
      <trkpt lat="46.267746" lon="6.124549">
        <ele>430.3</ele>
        <time>2026-10-08T05:59:48Z</time>
      </trkpt>
      <trkpt lat="46.267698" lon="6.124636">
        <ele>430.1</ele>
        <time>2026-10-08T05:59:49Z</time>
      </trkpt>
      <trkpt lat="46.267646" lon="6.124721">
        <ele>429.9</ele>
        <time>2026-10-08T05:59:50Z</time>
      </trkpt>
      <trkpt lat="46.267597" lon="6.12481">
        <ele>429.7</ele>
        <time>2026-10-08T05:59:51Z</time>
      </trkpt>
      <trkpt lat="46.267549" lon="6.124899">
        <ele>429.4</ele>
        <time>2026-10-08T05:59:52Z</time>
      </trkpt>
      <trkpt lat="46.267499" lon="6.124991">
        <ele>429.1</ele>
        <time>2026-10-08T05:59:53Z</time>
      </trkpt>
      <trkpt lat="46.267447" lon="6.125081">
        <ele>428.8</ele>
        <time>2026-10-08T05:59:54Z</time>
      </trkpt>
      <trkpt lat="46.267382" lon="6.125158">
        <ele>428.5</ele>
        <time>2026-10-08T05:59:55Z</time>
      </trkpt>
      <trkpt lat="46.267309" lon="6.125225">
        <ele>428.2</ele>
        <time>2026-10-08T05:59:56Z</time>
      </trkpt>
      <trkpt lat="46.267226" lon="6.125274">
        <ele>428.0</ele>
        <time>2026-10-08T05:59:57Z</time>
      </trkpt>
      <trkpt lat="46.267138" lon="6.125299">
        <ele>427.8</ele>
        <time>2026-10-08T05:59:58Z</time>
      </trkpt>
      <trkpt lat="46.267044" lon="6.125301">
        <ele>427.7</ele>
        <time>2026-10-08T05:59:59Z</time>
      </trkpt>
      <trkpt lat="46.266957" lon="6.125286">
        <ele>427.5</ele>
        <time>2026-10-08T06:00:00Z</time>
      </trkpt>
      <trkpt lat="46.266869" lon="6.125264">
        <ele>427.4</ele>
        <time>2026-10-08T06:00:01Z</time>
      </trkpt>
      <trkpt lat="46.266783" lon="6.125246">
        <ele>427.3</ele>
        <time>2026-10-08T06:00:02Z</time>
      </trkpt>
      <trkpt lat="46.266699" lon="6.125222">
        <ele>427.2</ele>
        <time>2026-10-08T06:00:03Z</time>
      </trkpt>
      <trkpt lat="46.266614" lon="6.125203">
        <ele>427.0</ele>
        <time>2026-10-08T06:00:04Z</time>
      </trkpt>
      <trkpt lat="46.266531" lon="6.125184">
        <ele>426.9</ele>
        <time>2026-10-08T06:00:05Z</time>
      </trkpt>
      <trkpt lat="46.266449" lon="6.125168">
        <ele>426.8</ele>
        <time>2026-10-08T06:00:06Z</time>
      </trkpt>
      <trkpt lat="46.266368" lon="6.125149">
        <ele>426.7</ele>
        <time>2026-10-08T06:00:07Z</time>
      </trkpt>
      <trkpt lat="46.26629" lon="6.125125">
        <ele>426.5</ele>
        <time>2026-10-08T06:00:08Z</time>
      </trkpt>
      <trkpt lat="46.266212" lon="6.12509">
        <ele>426.3</ele>
        <time>2026-10-08T06:00:09Z</time>
      </trkpt>
      <trkpt lat="46.266135" lon="6.125051">
        <ele>426.0</ele>
        <time>2026-10-08T06:00:10Z</time>
      </trkpt>
      <trkpt lat="46.266057" lon="6.125011">
        <ele>425.7</ele>
        <time>2026-10-08T06:00:11Z</time>
      </trkpt>
      <trkpt lat="46.265981" lon="6.124966">
        <ele>425.5</ele>
        <time>2026-10-08T06:00:12Z</time>
      </trkpt>
      <trkpt lat="46.265905" lon="6.124924">
        <ele>425.3</ele>
        <time>2026-10-08T06:00:13Z</time>
      </trkpt>
      <trkpt lat="46.265827" lon="6.124886">
        <ele>425.2</ele>
        <time>2026-10-08T06:00:14Z</time>
      </trkpt>
      <trkpt lat="46.265753" lon="6.124849">
        <ele>425.0</ele>
        <time>2026-10-08T06:00:15Z</time>
      </trkpt>
      <trkpt lat="46.265677" lon="6.12482">
        <ele>424.9</ele>
        <time>2026-10-08T06:00:16Z</time>
      </trkpt>
      <trkpt lat="46.265601" lon="6.124798">
        <ele>424.8</ele>
        <time>2026-10-08T06:00:17Z</time>
      </trkpt>
      <trkpt lat="46.265522" lon="6.124781">
        <ele>424.7</ele>
        <time>2026-10-08T06:00:18Z</time>
      </trkpt>
      <trkpt lat="46.265444" lon="6.124766">
        <ele>424.6</ele>
        <time>2026-10-08T06:00:19Z</time>
      </trkpt>
      <trkpt lat="46.265364" lon="6.124756">
        <ele>424.5</ele>
        <time>2026-10-08T06:00:20Z</time>
      </trkpt>
      <trkpt lat="46.265286" lon="6.124743">
        <ele>424.4</ele>
        <time>2026-10-08T06:00:21Z</time>
      </trkpt>
      <trkpt lat="46.265209" lon="6.124731">
        <ele>424.3</ele>
        <time>2026-10-08T06:00:22Z</time>
      </trkpt>
      <trkpt lat="46.265134" lon="6.124721">
        <ele>424.3</ele>
        <time>2026-10-08T06:00:23Z</time>
      </trkpt>
      <trkpt lat="46.26506" lon="6.124713">
        <ele>424.2</ele>
        <time>2026-10-08T06:00:24Z</time>
      </trkpt>
      <trkpt lat="46.264986" lon="6.124711">
        <ele>424.1</ele>
        <time>2026-10-08T06:00:25Z</time>
      </trkpt>
      <trkpt lat="46.264912" lon="6.124716">
        <ele>424.1</ele>
        <time>2026-10-08T06:00:26Z</time>
      </trkpt>
      <trkpt lat="46.264836" lon="6.124721">
        <ele>424.1</ele>
        <time>2026-10-08T06:00:27Z</time>
      </trkpt>
      <trkpt lat="46.264762" lon="6.124728">
        <ele>424.1</ele>
        <time>2026-10-08T06:00:28Z</time>
      </trkpt>
      <trkpt lat="46.264688" lon="6.124739">
        <ele>424.1</ele>
        <time>2026-10-08T06:00:29Z</time>
      </trkpt>
      <trkpt lat="46.264615" lon="6.124748">
        <ele>424.1</ele>
        <time>2026-10-08T06:00:30Z</time>
      </trkpt>
      <trkpt lat="46.264541" lon="6.124752">
        <ele>424.1</ele>
        <time>2026-10-08T06:00:31Z</time>
      </trkpt>
      <trkpt lat="46.264468" lon="6.124754">
        <ele>424.1</ele>
        <time>2026-10-08T06:00:32Z</time>
      </trkpt>
      <trkpt lat="46.264397" lon="6.124753">
        <ele>424.1</ele>
        <time>2026-10-08T06:00:33Z</time>
      </trkpt>
      <trkpt lat="46.264325" lon="6.124752">
        <ele>424.2</ele>
        <time>2026-10-08T06:00:34Z</time>
      </trkpt>
      <trkpt lat="46.264254" lon="6.124749">
        <ele>424.2</ele>
        <time>2026-10-08T06:00:35Z</time>
      </trkpt>
      <trkpt lat="46.264184" lon="6.124741">
        <ele>424.3</ele>
        <time>2026-10-08T06:00:36Z</time>
      </trkpt>
      <trkpt lat="46.264116" lon="6.124733">
        <ele>424.3</ele>
        <time>2026-10-08T06:00:37Z</time>
      </trkpt>
      <trkpt lat="46.264048" lon="6.124725">
        <ele>424.3</ele>
        <time>2026-10-08T06:00:38Z</time>
      </trkpt>
      <trkpt lat="46.263984" lon="6.124716">
        <ele>424.3</ele>
        <time>2026-10-08T06:00:39Z</time>
      </trkpt>
      <trkpt lat="46.26392" lon="6.124715">
        <ele>424.3</ele>
        <time>2026-10-08T06:00:40Z</time>
      </trkpt>
      <trkpt lat="46.263859" lon="6.124715">
        <ele>424.3</ele>
        <time>2026-10-08T06:00:41Z</time>
      </trkpt>
      <trkpt lat="46.2638" lon="6.124716">
        <ele>424.3</ele>
        <time>2026-10-08T06:00:42Z</time>
      </trkpt>
      <trkpt lat="46.263739" lon="6.124718">
        <ele>424.4</ele>
        <time>2026-10-08T06:00:43Z</time>
      </trkpt>
      <trkpt lat="46.263681" lon="6.124716">
        <ele>424.4</ele>
        <time>2026-10-08T06:00:44Z</time>
      </trkpt>
      <trkpt lat="46.263628" lon="6.124719">
        <ele>424.4</ele>
        <time>2026-10-08T06:00:45Z</time>
      </trkpt>
      <trkpt lat="46.263587" lon="6.124722">
        <ele>424.4</ele>
        <time>2026-10-08T06:00:46Z</time>
      </trkpt>
      <trkpt lat="46.263554" lon="6.12474">
        <ele>424.4</ele>
        <time>2026-10-08T06:00:47Z</time>
      </trkpt>
      <trkpt lat="46.263514" lon="6.124732">
        <ele>424.5</ele>
        <time>2026-10-08T06:00:48Z</time>
      </trkpt>
      <trkpt lat="46.263491" lon="6.124674">
        <ele>424.5</ele>
        <time>2026-10-08T06:00:49Z</time>
      </trkpt>
      <trkpt lat="46.263476" lon="6.124606">
        <ele>424.6</ele>
        <time>2026-10-08T06:00:50Z</time>
      </trkpt>
      <trkpt lat="46.263447" lon="6.124557">
        <ele>424.6</ele>
        <time>2026-10-08T06:00:51Z</time>
      </trkpt>
      <trkpt lat="46.263411" lon="6.124505">
        <ele>424.6</ele>
        <time>2026-10-08T06:00:52Z</time>
      </trkpt>
      <trkpt lat="46.263377" lon="6.124446">
        <ele>424.5</ele>
        <time>2026-10-08T06:00:53Z</time>
      </trkpt>
      <trkpt lat="46.263346" lon="6.124387">
        <ele>424.5</ele>
        <time>2026-10-08T06:00:54Z</time>
      </trkpt>
      <trkpt lat="46.263316" lon="6.124327">
        <ele>424.5</ele>
        <time>2026-10-08T06:00:55Z</time>
      </trkpt>
      <trkpt lat="46.263285" lon="6.124271">
        <ele>424.5</ele>
        <time>2026-10-08T06:00:56Z</time>
      </trkpt>
      <trkpt lat="46.263251" lon="6.124214">
        <ele>424.5</ele>
        <time>2026-10-08T06:00:57Z</time>
      </trkpt>
      <trkpt lat="46.263219" lon="6.124158">
        <ele>424.5</ele>
        <time>2026-10-08T06:00:58Z</time>
      </trkpt>
      <trkpt lat="46.26319" lon="6.124098">
        <ele>424.6</ele>
        <time>2026-10-08T06:00:59Z</time>
      </trkpt>
      <trkpt lat="46.263159" lon="6.124039">
        <ele>424.6</ele>
        <time>2026-10-08T06:01:00Z</time>
      </trkpt>
      <trkpt lat="46.263128" lon="6.123979">
        <ele>424.7</ele>
        <time>2026-10-08T06:01:01Z</time>
      </trkpt>
      <trkpt lat="46.263094" lon="6.123919">
        <ele>424.8</ele>
        <time>2026-10-08T06:01:02Z</time>
      </trkpt>
      <trkpt lat="46.263062" lon="6.123859">
        <ele>424.9</ele>
        <time>2026-10-08T06:01:03Z</time>
      </trkpt>
      <trkpt lat="46.263027" lon="6.123801">
        <ele>425.0</ele>
        <time>2026-10-08T06:01:04Z</time>
      </trkpt>
      <trkpt lat="46.262995" lon="6.123741">
        <ele>425.1</ele>
        <time>2026-10-08T06:01:05Z</time>
      </trkpt>
      <trkpt lat="46.262964" lon="6.123682">
        <ele>425.2</ele>
        <time>2026-10-08T06:01:06Z</time>
      </trkpt>
      <trkpt lat="46.262933" lon="6.123622">
        <ele>425.3</ele>
        <time>2026-10-08T06:01:07Z</time>
      </trkpt>
      <trkpt lat="46.262901" lon="6.123565">
        <ele>425.3</ele>
        <time>2026-10-08T06:01:08Z</time>
      </trkpt>
      <trkpt lat="46.262868" lon="6.123503">
        <ele>425.4</ele>
        <time>2026-10-08T06:01:09Z</time>
      </trkpt>
      <trkpt lat="46.262838" lon="6.123443">
        <ele>425.4</ele>
        <time>2026-10-08T06:01:10Z</time>
      </trkpt>
      <trkpt lat="46.262805" lon="6.123387">
        <ele>425.5</ele>
        <time>2026-10-08T06:01:11Z</time>
      </trkpt>
      <trkpt lat="46.262774" lon="6.12333">
        <ele>425.6</ele>
        <time>2026-10-08T06:01:12Z</time>
      </trkpt>
      <trkpt lat="46.262745" lon="6.123272">
        <ele>425.7</ele>
        <time>2026-10-08T06:01:13Z</time>
      </trkpt>
      <trkpt lat="46.262716" lon="6.123217">
        <ele>425.8</ele>
        <time>2026-10-08T06:01:14Z</time>
      </trkpt>
      <trkpt lat="46.262688" lon="6.123164">
        <ele>425.9</ele>
        <time>2026-10-08T06:01:15Z</time>
      </trkpt>
      <trkpt lat="46.262658" lon="6.123112">
        <ele>426.0</ele>
        <time>2026-10-08T06:01:16Z</time>
      </trkpt>
      <trkpt lat="46.262629" lon="6.123061">
        <ele>426.1</ele>
        <time>2026-10-08T06:01:17Z</time>
      </trkpt>
      <trkpt lat="46.262603" lon="6.123008">
        <ele>426.2</ele>
        <time>2026-10-08T06:01:18Z</time>
      </trkpt>
      <trkpt lat="46.262575" lon="6.122956">
        <ele>426.3</ele>
        <time>2026-10-08T06:01:19Z</time>
      </trkpt>
      <trkpt lat="46.262548" lon="6.122903">
        <ele>426.5</ele>
        <time>2026-10-08T06:01:20Z</time>
      </trkpt>
      <trkpt lat="46.262521" lon="6.122856">
        <ele>426.6</ele>
        <time>2026-10-08T06:01:21Z</time>
      </trkpt>
      <trkpt lat="46.262496" lon="6.122806">
        <ele>426.7</ele>
        <time>2026-10-08T06:01:22Z</time>
      </trkpt>
      <trkpt lat="46.26247" lon="6.122759">
        <ele>426.8</ele>
        <time>2026-10-08T06:01:23Z</time>
      </trkpt>
      <trkpt lat="46.262446" lon="6.122712">
        <ele>427.0</ele>
        <time>2026-10-08T06:01:24Z</time>
      </trkpt>
      <trkpt lat="46.262419" lon="6.122666">
        <ele>427.1</ele>
        <time>2026-10-08T06:01:25Z</time>
      </trkpt>
      <trkpt lat="46.262394" lon="6.122618">
        <ele>427.2</ele>
        <time>2026-10-08T06:01:26Z</time>
      </trkpt>
      <trkpt lat="46.262368" lon="6.122567">
        <ele>427.3</ele>
        <time>2026-10-08T06:01:27Z</time>
      </trkpt>
      <trkpt lat="46.262342" lon="6.122517">
        <ele>427.5</ele>
        <time>2026-10-08T06:01:28Z</time>
      </trkpt>
      <trkpt lat="46.262316" lon="6.122466">
        <ele>427.6</ele>
        <time>2026-10-08T06:01:29Z</time>
      </trkpt>
      <trkpt lat="46.262289" lon="6.122418">
        <ele>427.8</ele>
        <time>2026-10-08T06:01:30Z</time>
      </trkpt>
      <trkpt lat="46.262262" lon="6.122372">
        <ele>427.9</ele>
        <time>2026-10-08T06:01:31Z</time>
      </trkpt>
      <trkpt lat="46.262237" lon="6.122322">
        <ele>428.1</ele>
        <time>2026-10-08T06:01:32Z</time>
      </trkpt>
      <trkpt lat="46.262212" lon="6.122271">
        <ele>428.2</ele>
        <time>2026-10-08T06:01:33Z</time>
      </trkpt>
      <trkpt lat="46.262187" lon="6.122223">
        <ele>428.4</ele>
        <time>2026-10-08T06:01:34Z</time>
      </trkpt>
      <trkpt lat="46.26216" lon="6.122175">
        <ele>428.6</ele>
        <time>2026-10-08T06:01:35Z</time>
      </trkpt>
      <trkpt lat="46.262133" lon="6.122127">
        <ele>428.7</ele>
        <time>2026-10-08T06:01:36Z</time>
      </trkpt>
      <trkpt lat="46.262108" lon="6.122079">
        <ele>428.9</ele>
        <time>2026-10-08T06:01:37Z</time>
      </trkpt>
      <trkpt lat="46.262084" lon="6.122031">
        <ele>429.1</ele>
        <time>2026-10-08T06:01:38Z</time>
      </trkpt>
      <trkpt lat="46.262058" lon="6.121982">
        <ele>429.3</ele>
        <time>2026-10-08T06:01:39Z</time>
      </trkpt>
      <trkpt lat="46.262032" lon="6.121944">
        <ele>429.4</ele>
        <time>2026-10-08T06:01:40Z</time>
      </trkpt>
      <trkpt lat="46.262006" lon="6.121892">
        <ele>429.6</ele>
        <time>2026-10-08T06:01:41Z</time>
      </trkpt>
      <trkpt lat="46.261981" lon="6.121844">
        <ele>429.8</ele>
        <time>2026-10-08T06:01:42Z</time>
      </trkpt>
      <trkpt lat="46.261957" lon="6.121796">
        <ele>429.9</ele>
        <time>2026-10-08T06:01:43Z</time>
      </trkpt>
      <trkpt lat="46.261932" lon="6.12175">
        <ele>429.9</ele>
        <time>2026-10-08T06:01:44Z</time>
      </trkpt>
      <trkpt lat="46.261906" lon="6.121704">
        <ele>430.0</ele>
        <time>2026-10-08T06:01:45Z</time>
      </trkpt>
      <trkpt lat="46.261883" lon="6.121656">
        <ele>430.0</ele>
        <time>2026-10-08T06:01:46Z</time>
      </trkpt>
      <trkpt lat="46.261857" lon="6.121608">
        <ele>430.1</ele>
        <time>2026-10-08T06:01:47Z</time>
      </trkpt>
      <trkpt lat="46.261832" lon="6.12156">
        <ele>430.1</ele>
        <time>2026-10-08T06:01:48Z</time>
      </trkpt>
      <trkpt lat="46.261805" lon="6.121515">
        <ele>430.1</ele>
        <time>2026-10-08T06:01:49Z</time>
      </trkpt>
      <trkpt lat="46.261777" lon="6.121465">
        <ele>430.2</ele>
        <time>2026-10-08T06:01:50Z</time>
      </trkpt>
      <trkpt lat="46.26175" lon="6.121413">
        <ele>430.2</ele>
        <time>2026-10-08T06:01:51Z</time>
      </trkpt>
      <trkpt lat="46.261726" lon="6.121356">
        <ele>430.3</ele>
        <time>2026-10-08T06:01:52Z</time>
      </trkpt>
      <trkpt lat="46.261701" lon="6.121295">
        <ele>430.3</ele>
        <time>2026-10-08T06:01:53Z</time>
      </trkpt>
      <trkpt lat="46.261676" lon="6.121232">
        <ele>430.3</ele>
        <time>2026-10-08T06:01:54Z</time>
      </trkpt>
      <trkpt lat="46.261652" lon="6.12117">
        <ele>430.3</ele>
        <time>2026-10-08T06:01:55Z</time>
      </trkpt>
      <trkpt lat="46.261628" lon="6.121117">
        <ele>430.2</ele>
        <time>2026-10-08T06:01:56Z</time>
      </trkpt>
      <trkpt lat="46.261594" lon="6.121057">
        <ele>430.2</ele>
        <time>2026-10-08T06:01:57Z</time>
      </trkpt>
      <trkpt lat="46.261561" lon="6.121004">
        <ele>430.1</ele>
        <time>2026-10-08T06:01:58Z</time>
      </trkpt>
      <trkpt lat="46.261524" lon="6.120948">
        <ele>430.0</ele>
        <time>2026-10-08T06:01:59Z</time>
      </trkpt>
      <trkpt lat="46.261483" lon="6.120896">
        <ele>429.9</ele>
        <time>2026-10-08T06:02:00Z</time>
      </trkpt>
      <trkpt lat="46.261441" lon="6.120839">
        <ele>429.8</ele>
        <time>2026-10-08T06:02:01Z</time>
      </trkpt>
      <trkpt lat="46.261405" lon="6.120772">
        <ele>429.6</ele>
        <time>2026-10-08T06:02:02Z</time>
      </trkpt>
      <trkpt lat="46.261371" lon="6.120702">
        <ele>429.4</ele>
        <time>2026-10-08T06:02:03Z</time>
      </trkpt>
      <trkpt lat="46.261336" lon="6.120632">
        <ele>429.1</ele>
        <time>2026-10-08T06:02:04Z</time>
      </trkpt>
      <trkpt lat="46.261299" lon="6.120563">
        <ele>428.9</ele>
        <time>2026-10-08T06:02:05Z</time>
      </trkpt>
      <trkpt lat="46.261261" lon="6.120492">
        <ele>428.6</ele>
        <time>2026-10-08T06:02:06Z</time>
      </trkpt>
      <trkpt lat="46.261221" lon="6.120418">
        <ele>428.3</ele>
        <time>2026-10-08T06:02:07Z</time>
      </trkpt>
      <trkpt lat="46.261181" lon="6.120342">
        <ele>427.9</ele>
        <time>2026-10-08T06:02:08Z</time>
      </trkpt>
      <trkpt lat="46.26114" lon="6.12026">
        <ele>427.6</ele>
        <time>2026-10-08T06:02:09Z</time>
      </trkpt>
      <trkpt lat="46.261095" lon="6.120175">
        <ele>427.1</ele>
        <time>2026-10-08T06:02:10Z</time>
      </trkpt>
      <trkpt lat="46.261047" lon="6.120089">
        <ele>426.8</ele>
        <time>2026-10-08T06:02:11Z</time>
      </trkpt>
      <trkpt lat="46.260998" lon="6.120001">
        <ele>426.4</ele>
        <time>2026-10-08T06:02:12Z</time>
      </trkpt>
      <trkpt lat="46.260951" lon="6.119907">
        <ele>426.1</ele>
        <time>2026-10-08T06:02:13Z</time>
      </trkpt>
      <trkpt lat="46.260902" lon="6.119813">
        <ele>425.8</ele>
        <time>2026-10-08T06:02:14Z</time>
      </trkpt>
      <trkpt lat="46.260852" lon="6.11972">
        <ele>425.5</ele>
        <time>2026-10-08T06:02:15Z</time>
      </trkpt>
      <trkpt lat="46.260805" lon="6.119625">
        <ele>425.4</ele>
        <time>2026-10-08T06:02:16Z</time>
      </trkpt>
      <trkpt lat="46.260759" lon="6.119534">
        <ele>425.4</ele>
        <time>2026-10-08T06:02:17Z</time>
      </trkpt>
      <trkpt lat="46.260706" lon="6.119442">
        <ele>425.3</ele>
        <time>2026-10-08T06:02:18Z</time>
      </trkpt>
      <trkpt lat="46.260651" lon="6.119352">
        <ele>425.3</ele>
        <time>2026-10-08T06:02:19Z</time>
      </trkpt>
      <trkpt lat="46.260602" lon="6.11926">
        <ele>425.2</ele>
        <time>2026-10-08T06:02:20Z</time>
      </trkpt>
      <trkpt lat="46.260552" lon="6.119167">
        <ele>425.1</ele>
        <time>2026-10-08T06:02:21Z</time>
      </trkpt>
      <trkpt lat="46.260502" lon="6.119074">
        <ele>425.1</ele>
        <time>2026-10-08T06:02:22Z</time>
      </trkpt>
      <trkpt lat="46.260451" lon="6.118983">
        <ele>425.0</ele>
        <time>2026-10-08T06:02:23Z</time>
      </trkpt>
      <trkpt lat="46.260402" lon="6.11889">
        <ele>424.9</ele>
        <time>2026-10-08T06:02:24Z</time>
      </trkpt>
      <trkpt lat="46.260354" lon="6.118801">
        <ele>424.8</ele>
        <time>2026-10-08T06:02:25Z</time>
      </trkpt>
      <trkpt lat="46.260301" lon="6.118715">
        <ele>424.6</ele>
        <time>2026-10-08T06:02:26Z</time>
      </trkpt>
      <trkpt lat="46.260249" lon="6.118632">
        <ele>424.5</ele>
        <time>2026-10-08T06:02:27Z</time>
      </trkpt>
      <trkpt lat="46.260196" lon="6.118545">
        <ele>424.3</ele>
        <time>2026-10-08T06:02:28Z</time>
      </trkpt>
      <trkpt lat="46.260144" lon="6.118461">
        <ele>424.2</ele>
        <time>2026-10-08T06:02:29Z</time>
      </trkpt>
      <trkpt lat="46.260093" lon="6.118374">
        <ele>424.0</ele>
        <time>2026-10-08T06:02:30Z</time>
      </trkpt>
      <trkpt lat="46.260043" lon="6.118289">
        <ele>423.8</ele>
        <time>2026-10-08T06:02:31Z</time>
      </trkpt>
      <trkpt lat="46.259996" lon="6.118202">
        <ele>423.6</ele>
        <time>2026-10-08T06:02:32Z</time>
      </trkpt>
      <trkpt lat="46.259951" lon="6.118113">
        <ele>423.5</ele>
        <time>2026-10-08T06:02:33Z</time>
      </trkpt>
      <trkpt lat="46.25991" lon="6.118015">
        <ele>423.4</ele>
        <time>2026-10-08T06:02:34Z</time>
      </trkpt>
      <trkpt lat="46.259866" lon="6.11792">
        <ele>423.2</ele>
        <time>2026-10-08T06:02:35Z</time>
      </trkpt>
      <trkpt lat="46.259818" lon="6.117827">
        <ele>423.0</ele>
        <time>2026-10-08T06:02:36Z</time>
      </trkpt>
      <trkpt lat="46.259766" lon="6.117741">
        <ele>422.7</ele>
        <time>2026-10-08T06:02:37Z</time>
      </trkpt>
      <trkpt lat="46.259712" lon="6.117654">
        <ele>422.5</ele>
        <time>2026-10-08T06:02:38Z</time>
      </trkpt>
      <trkpt lat="46.259664" lon="6.117562">
        <ele>422.3</ele>
        <time>2026-10-08T06:02:39Z</time>
      </trkpt>
      <trkpt lat="46.259617" lon="6.117469">
        <ele>422.0</ele>
        <time>2026-10-08T06:02:40Z</time>
      </trkpt>
      <trkpt lat="46.259565" lon="6.117379">
        <ele>421.8</ele>
        <time>2026-10-08T06:02:41Z</time>
      </trkpt>
      <trkpt lat="46.259512" lon="6.117287">
        <ele>421.6</ele>
        <time>2026-10-08T06:02:42Z</time>
      </trkpt>
      <trkpt lat="46.259458" lon="6.117196">
        <ele>421.4</ele>
        <time>2026-10-08T06:02:43Z</time>
      </trkpt>
      <trkpt lat="46.259408" lon="6.117104">
        <ele>421.2</ele>
        <time>2026-10-08T06:02:44Z</time>
      </trkpt>
      <trkpt lat="46.259359" lon="6.117013">
        <ele>421.0</ele>
        <time>2026-10-08T06:02:45Z</time>
      </trkpt>
      <trkpt lat="46.259308" lon="6.116917">
        <ele>420.8</ele>
        <time>2026-10-08T06:02:46Z</time>
      </trkpt>
      <trkpt lat="46.259259" lon="6.11682">
        <ele>420.6</ele>
        <time>2026-10-08T06:02:47Z</time>
      </trkpt>
      <trkpt lat="46.259214" lon="6.116723">
        <ele>420.5</ele>
        <time>2026-10-08T06:02:48Z</time>
      </trkpt>
      <trkpt lat="46.259165" lon="6.116616">
        <ele>420.4</ele>
        <time>2026-10-08T06:02:49Z</time>
      </trkpt>
      <trkpt lat="46.259114" lon="6.116516">
        <ele>420.3</ele>
        <time>2026-10-08T06:02:50Z</time>
      </trkpt>
      <trkpt lat="46.259064" lon="6.116419">
        <ele>420.2</ele>
        <time>2026-10-08T06:02:51Z</time>
      </trkpt>
      <trkpt lat="46.259018" lon="6.116326">
        <ele>420.3</ele>
        <time>2026-10-08T06:02:52Z</time>
      </trkpt>
      <trkpt lat="46.25897" lon="6.116235">
        <ele>420.3</ele>
        <time>2026-10-08T06:02:53Z</time>
      </trkpt>
      <trkpt lat="46.25893" lon="6.116142">
        <ele>420.4</ele>
        <time>2026-10-08T06:02:54Z</time>
      </trkpt>
      <trkpt lat="46.258883" lon="6.116056">
        <ele>420.3</ele>
        <time>2026-10-08T06:02:55Z</time>
      </trkpt>
      <trkpt lat="46.25883" lon="6.115974">
        <ele>420.2</ele>
        <time>2026-10-08T06:02:56Z</time>
      </trkpt>
      <trkpt lat="46.258785" lon="6.115886">
        <ele>420.2</ele>
        <time>2026-10-08T06:02:57Z</time>
      </trkpt>
      <trkpt lat="46.258741" lon="6.115797">
        <ele>420.2</ele>
        <time>2026-10-08T06:02:58Z</time>
      </trkpt>
      <trkpt lat="46.258698" lon="6.115711">
        <ele>420.3</ele>
        <time>2026-10-08T06:02:59Z</time>
      </trkpt>
      <trkpt lat="46.258655" lon="6.115631">
        <ele>420.3</ele>
        <time>2026-10-08T06:03:00Z</time>
      </trkpt>
      <trkpt lat="46.258613" lon="6.11555">
        <ele>420.4</ele>
        <time>2026-10-08T06:03:01Z</time>
      </trkpt>
      <trkpt lat="46.258571" lon="6.115474">
        <ele>420.5</ele>
        <time>2026-10-08T06:03:02Z</time>
      </trkpt>
      <trkpt lat="46.258531" lon="6.115398">
        <ele>420.5</ele>
        <time>2026-10-08T06:03:03Z</time>
      </trkpt>
      <trkpt lat="46.258487" lon="6.115326">
        <ele>420.6</ele>
        <time>2026-10-08T06:03:04Z</time>
      </trkpt>
      <trkpt lat="46.258448" lon="6.115249">
        <ele>420.7</ele>
        <time>2026-10-08T06:03:05Z</time>
      </trkpt>
      <trkpt lat="46.258408" lon="6.11518">
        <ele>420.8</ele>
        <time>2026-10-08T06:03:06Z</time>
      </trkpt>
      <trkpt lat="46.25837" lon="6.115104">
        <ele>420.9</ele>
        <time>2026-10-08T06:03:07Z</time>
      </trkpt>
      <trkpt lat="46.258331" lon="6.115035">
        <ele>420.9</ele>
        <time>2026-10-08T06:03:08Z</time>
      </trkpt>
      <trkpt lat="46.258294" lon="6.114967">
        <ele>421.0</ele>
        <time>2026-10-08T06:03:09Z</time>
      </trkpt>
      <trkpt lat="46.258254" lon="6.1149">
        <ele>421.1</ele>
        <time>2026-10-08T06:03:10Z</time>
      </trkpt>
      <trkpt lat="46.258218" lon="6.114829">
        <ele>421.1</ele>
        <time>2026-10-08T06:03:11Z</time>
      </trkpt>
      <trkpt lat="46.258178" lon="6.114758">
        <ele>421.2</ele>
        <time>2026-10-08T06:03:12Z</time>
      </trkpt>
      <trkpt lat="46.258135" lon="6.114684">
        <ele>421.3</ele>
        <time>2026-10-08T06:03:13Z</time>
      </trkpt>
      <trkpt lat="46.258092" lon="6.114606">
        <ele>421.4</ele>
        <time>2026-10-08T06:03:14Z</time>
      </trkpt>
      <trkpt lat="46.258045" lon="6.114519">
        <ele>421.6</ele>
        <time>2026-10-08T06:03:15Z</time>
      </trkpt>
      <trkpt lat="46.257993" lon="6.114438">
        <ele>421.7</ele>
        <time>2026-10-08T06:03:16Z</time>
      </trkpt>
      <trkpt lat="46.257944" lon="6.114346">
        <ele>421.8</ele>
        <time>2026-10-08T06:03:17Z</time>
      </trkpt>
      <trkpt lat="46.257898" lon="6.114257">
        <ele>421.9</ele>
        <time>2026-10-08T06:03:18Z</time>
      </trkpt>
      <trkpt lat="46.257855" lon="6.114169">
        <ele>422.0</ele>
        <time>2026-10-08T06:03:19Z</time>
      </trkpt>
      <trkpt lat="46.25781" lon="6.114083">
        <ele>422.1</ele>
        <time>2026-10-08T06:03:20Z</time>
      </trkpt>
      <trkpt lat="46.257765" lon="6.113998">
        <ele>422.2</ele>
        <time>2026-10-08T06:03:21Z</time>
      </trkpt>
      <trkpt lat="46.257723" lon="6.113914">
        <ele>422.3</ele>
        <time>2026-10-08T06:03:22Z</time>
      </trkpt>
      <trkpt lat="46.257679" lon="6.113826">
        <ele>422.3</ele>
        <time>2026-10-08T06:03:23Z</time>
      </trkpt>
      <trkpt lat="46.257635" lon="6.113739">
        <ele>422.4</ele>
        <time>2026-10-08T06:03:24Z</time>
      </trkpt>
      <trkpt lat="46.257588" lon="6.113649">
        <ele>422.5</ele>
        <time>2026-10-08T06:03:25Z</time>
      </trkpt>
      <trkpt lat="46.257543" lon="6.113566">
        <ele>422.5</ele>
        <time>2026-10-08T06:03:26Z</time>
      </trkpt>
      <trkpt lat="46.257497" lon="6.113485">
        <ele>422.6</ele>
        <time>2026-10-08T06:03:27Z</time>
      </trkpt>
      <trkpt lat="46.25745" lon="6.113406">
        <ele>422.7</ele>
        <time>2026-10-08T06:03:28Z</time>
      </trkpt>
      <trkpt lat="46.257406" lon="6.113327">
        <ele>422.8</ele>
        <time>2026-10-08T06:03:29Z</time>
      </trkpt>
      <trkpt lat="46.257365" lon="6.113249">
        <ele>422.9</ele>
        <time>2026-10-08T06:03:30Z</time>
      </trkpt>
      <trkpt lat="46.257325" lon="6.113172">
        <ele>423.0</ele>
        <time>2026-10-08T06:03:31Z</time>
      </trkpt>
      <trkpt lat="46.25729" lon="6.11309">
        <ele>423.1</ele>
        <time>2026-10-08T06:03:32Z</time>
      </trkpt>
      <trkpt lat="46.257258" lon="6.113008">
        <ele>423.2</ele>
        <time>2026-10-08T06:03:33Z</time>
      </trkpt>
      <trkpt lat="46.257224" lon="6.112937">
        <ele>423.4</ele>
        <time>2026-10-08T06:03:34Z</time>
      </trkpt>
      <trkpt lat="46.257184" lon="6.112863">
        <ele>423.5</ele>
        <time>2026-10-08T06:03:35Z</time>
      </trkpt>
      <trkpt lat="46.257137" lon="6.112802">
        <ele>423.7</ele>
        <time>2026-10-08T06:03:36Z</time>
      </trkpt>
      <trkpt lat="46.257097" lon="6.11274">
        <ele>423.8</ele>
        <time>2026-10-08T06:03:37Z</time>
      </trkpt>
      <trkpt lat="46.257061" lon="6.112674">
        <ele>424.0</ele>
        <time>2026-10-08T06:03:38Z</time>
      </trkpt>
      <trkpt lat="46.257029" lon="6.112614">
        <ele>424.1</ele>
        <time>2026-10-08T06:03:39Z</time>
      </trkpt>
      <trkpt lat="46.256995" lon="6.112546">
        <ele>424.3</ele>
        <time>2026-10-08T06:03:40Z</time>
      </trkpt>
      <trkpt lat="46.256964" lon="6.112488">
        <ele>424.4</ele>
        <time>2026-10-08T06:03:41Z</time>
      </trkpt>
      <trkpt lat="46.256932" lon="6.112427">
        <ele>424.5</ele>
        <time>2026-10-08T06:03:42Z</time>
      </trkpt>
      <trkpt lat="46.256902" lon="6.112367">
        <ele>424.6</ele>
        <time>2026-10-08T06:03:43Z</time>
      </trkpt>
      <trkpt lat="46.256868" lon="6.112306">
        <ele>424.8</ele>
        <time>2026-10-08T06:03:44Z</time>
      </trkpt>
      <trkpt lat="46.256836" lon="6.112254">
        <ele>424.9</ele>
        <time>2026-10-08T06:03:45Z</time>
      </trkpt>
      <trkpt lat="46.256803" lon="6.112194">
        <ele>425.0</ele>
        <time>2026-10-08T06:03:46Z</time>
      </trkpt>
      <trkpt lat="46.256771" lon="6.112133">
        <ele>425.1</ele>
        <time>2026-10-08T06:03:47Z</time>
      </trkpt>
      <trkpt lat="46.256739" lon="6.112078">
        <ele>425.1</ele>
        <time>2026-10-08T06:03:48Z</time>
      </trkpt>
      <trkpt lat="46.256706" lon="6.112013">
        <ele>425.2</ele>
        <time>2026-10-08T06:03:49Z</time>
      </trkpt>
      <trkpt lat="46.256677" lon="6.111953">
        <ele>425.2</ele>
        <time>2026-10-08T06:03:50Z</time>
      </trkpt>
      <trkpt lat="46.256638" lon="6.111897">
        <ele>425.3</ele>
        <time>2026-10-08T06:03:51Z</time>
      </trkpt>
      <trkpt lat="46.256602" lon="6.111845">
        <ele>425.3</ele>
        <time>2026-10-08T06:03:52Z</time>
      </trkpt>
      <trkpt lat="46.256563" lon="6.11179">
        <ele>425.4</ele>
        <time>2026-10-08T06:03:53Z</time>
      </trkpt>
      <trkpt lat="46.256523" lon="6.111731">
        <ele>425.4</ele>
        <time>2026-10-08T06:03:54Z</time>
      </trkpt>
      <trkpt lat="46.256485" lon="6.111676">
        <ele>425.4</ele>
        <time>2026-10-08T06:03:55Z</time>
      </trkpt>
      <trkpt lat="46.256445" lon="6.111621">
        <ele>425.4</ele>
        <time>2026-10-08T06:03:56Z</time>
      </trkpt>
      <trkpt lat="46.256401" lon="6.11157">
        <ele>425.4</ele>
        <time>2026-10-08T06:03:57Z</time>
      </trkpt>
      <trkpt lat="46.256358" lon="6.111519">
        <ele>425.4</ele>
        <time>2026-10-08T06:03:58Z</time>
      </trkpt>
      <trkpt lat="46.256311" lon="6.111468">
        <ele>425.4</ele>
        <time>2026-10-08T06:03:59Z</time>
      </trkpt>
      <trkpt lat="46.256266" lon="6.111414">
        <ele>425.4</ele>
        <time>2026-10-08T06:04:00Z</time>
      </trkpt>
      <trkpt lat="46.256223" lon="6.111358">
        <ele>425.4</ele>
        <time>2026-10-08T06:04:01Z</time>
      </trkpt>
      <trkpt lat="46.256179" lon="6.111304">
        <ele>425.4</ele>
        <time>2026-10-08T06:04:02Z</time>
      </trkpt>
      <trkpt lat="46.256136" lon="6.111248">
        <ele>425.3</ele>
        <time>2026-10-08T06:04:03Z</time>
      </trkpt>
      <trkpt lat="46.256086" lon="6.111203">
        <ele>425.3</ele>
        <time>2026-10-08T06:04:04Z</time>
      </trkpt>
      <trkpt lat="46.256035" lon="6.111162">
        <ele>425.2</ele>
        <time>2026-10-08T06:04:05Z</time>
      </trkpt>
      <trkpt lat="46.255987" lon="6.111113">
        <ele>425.1</ele>
        <time>2026-10-08T06:04:06Z</time>
      </trkpt>
      <trkpt lat="46.25594" lon="6.111063">
        <ele>425.0</ele>
        <time>2026-10-08T06:04:07Z</time>
      </trkpt>
      <trkpt lat="46.255891" lon="6.111019">
        <ele>425.0</ele>
        <time>2026-10-08T06:04:08Z</time>
      </trkpt>
      <trkpt lat="46.255844" lon="6.110978">
        <ele>424.9</ele>
        <time>2026-10-08T06:04:09Z</time>
      </trkpt>
      <trkpt lat="46.255804" lon="6.110945">
        <ele>424.9</ele>
        <time>2026-10-08T06:04:10Z</time>
      </trkpt>
      <trkpt lat="46.255773" lon="6.110919">
        <ele>424.9</ele>
        <time>2026-10-08T06:04:11Z</time>
      </trkpt>
      <trkpt lat="46.255746" lon="6.110901">
        <ele>424.9</ele>
        <time>2026-10-08T06:04:12Z</time>
      </trkpt>
      <trkpt lat="46.255718" lon="6.110876">
        <ele>424.9</ele>
        <time>2026-10-08T06:04:13Z</time>
      </trkpt>
      <trkpt lat="46.255681" lon="6.110852">
        <ele>424.8</ele>
        <time>2026-10-08T06:04:14Z</time>
      </trkpt>
      <trkpt lat="46.25564" lon="6.110824">
        <ele>424.8</ele>
        <time>2026-10-08T06:04:15Z</time>
      </trkpt>
      <trkpt lat="46.255594" lon="6.110802">
        <ele>424.7</ele>
        <time>2026-10-08T06:04:16Z</time>
      </trkpt>
      <trkpt lat="46.255545" lon="6.11077">
        <ele>424.7</ele>
        <time>2026-10-08T06:04:17Z</time>
      </trkpt>
      <trkpt lat="46.255499" lon="6.110727">
        <ele>424.6</ele>
        <time>2026-10-08T06:04:18Z</time>
      </trkpt>
      <trkpt lat="46.255449" lon="6.110683">
        <ele>424.5</ele>
        <time>2026-10-08T06:04:19Z</time>
      </trkpt>
      <trkpt lat="46.255398" lon="6.110632">
        <ele>424.5</ele>
        <time>2026-10-08T06:04:20Z</time>
      </trkpt>
      <trkpt lat="46.255347" lon="6.110584">
        <ele>424.5</ele>
        <time>2026-10-08T06:04:21Z</time>
      </trkpt>
      <trkpt lat="46.255293" lon="6.110543">
        <ele>424.4</ele>
        <time>2026-10-08T06:04:22Z</time>
      </trkpt>
      <trkpt lat="46.255238" lon="6.1105">
        <ele>424.3</ele>
        <time>2026-10-08T06:04:23Z</time>
      </trkpt>
      <trkpt lat="46.255189" lon="6.110445">
        <ele>424.3</ele>
        <time>2026-10-08T06:04:24Z</time>
      </trkpt>
      <trkpt lat="46.255141" lon="6.110384">
        <ele>424.2</ele>
        <time>2026-10-08T06:04:25Z</time>
      </trkpt>
      <trkpt lat="46.255092" lon="6.110323">
        <ele>424.1</ele>
        <time>2026-10-08T06:04:26Z</time>
      </trkpt>
      <trkpt lat="46.255045" lon="6.110258">
        <ele>424.0</ele>
        <time>2026-10-08T06:04:27Z</time>
      </trkpt>
      <trkpt lat="46.254995" lon="6.110195">
        <ele>423.9</ele>
        <time>2026-10-08T06:04:28Z</time>
      </trkpt>
      <trkpt lat="46.254946" lon="6.110131">
        <ele>423.8</ele>
        <time>2026-10-08T06:04:29Z</time>
      </trkpt>
      <trkpt lat="46.254899" lon="6.110067">
        <ele>423.7</ele>
        <time>2026-10-08T06:04:30Z</time>
      </trkpt>
      <trkpt lat="46.254853" lon="6.109993">
        <ele>423.7</ele>
        <time>2026-10-08T06:04:31Z</time>
      </trkpt>
      <trkpt lat="46.254809" lon="6.109918">
        <ele>423.6</ele>
        <time>2026-10-08T06:04:32Z</time>
      </trkpt>
      <trkpt lat="46.254764" lon="6.109841">
        <ele>423.5</ele>
        <time>2026-10-08T06:04:33Z</time>
      </trkpt>
      <trkpt lat="46.254723" lon="6.109763">
        <ele>423.5</ele>
        <time>2026-10-08T06:04:34Z</time>
      </trkpt>
      <trkpt lat="46.254681" lon="6.109685">
        <ele>423.4</ele>
        <time>2026-10-08T06:04:35Z</time>
      </trkpt>
      <trkpt lat="46.254643" lon="6.109601">
        <ele>423.4</ele>
        <time>2026-10-08T06:04:36Z</time>
      </trkpt>
      <trkpt lat="46.254605" lon="6.10952">
        <ele>423.3</ele>
        <time>2026-10-08T06:04:37Z</time>
      </trkpt>
      <trkpt lat="46.254569" lon="6.109436">
        <ele>423.2</ele>
        <time>2026-10-08T06:04:38Z</time>
      </trkpt>
      <trkpt lat="46.254532" lon="6.109355">
        <ele>423.2</ele>
        <time>2026-10-08T06:04:39Z</time>
      </trkpt>
      <trkpt lat="46.254494" lon="6.10927">
        <ele>423.1</ele>
        <time>2026-10-08T06:04:40Z</time>
      </trkpt>
      <trkpt lat="46.254458" lon="6.109184">
        <ele>423.0</ele>
        <time>2026-10-08T06:04:41Z</time>
      </trkpt>
      <trkpt lat="46.254427" lon="6.109096">
        <ele>422.9</ele>
        <time>2026-10-08T06:04:42Z</time>
      </trkpt>
      <trkpt lat="46.254391" lon="6.10901">
        <ele>422.8</ele>
        <time>2026-10-08T06:04:43Z</time>
      </trkpt>
      <trkpt lat="46.254356" lon="6.108925">
        <ele>422.7</ele>
        <time>2026-10-08T06:04:44Z</time>
      </trkpt>
      <trkpt lat="46.254324" lon="6.108835">
        <ele>422.6</ele>
        <time>2026-10-08T06:04:45Z</time>
      </trkpt>
      <trkpt lat="46.254292" lon="6.108745">
        <ele>422.5</ele>
        <time>2026-10-08T06:04:46Z</time>
      </trkpt>
      <trkpt lat="46.254261" lon="6.108653">
        <ele>422.4</ele>
        <time>2026-10-08T06:04:47Z</time>
      </trkpt>
      <trkpt lat="46.254227" lon="6.108561">
        <ele>422.3</ele>
        <time>2026-10-08T06:04:48Z</time>
      </trkpt>
      <trkpt lat="46.254197" lon="6.108469">
        <ele>422.3</ele>
        <time>2026-10-08T06:04:49Z</time>
      </trkpt>
      <trkpt lat="46.254167" lon="6.108375">
        <ele>422.1</ele>
        <time>2026-10-08T06:04:50Z</time>
      </trkpt>
      <trkpt lat="46.254133" lon="6.108279">
        <ele>422.0</ele>
        <time>2026-10-08T06:04:51Z</time>
      </trkpt>
      <trkpt lat="46.254098" lon="6.108183">
        <ele>421.9</ele>
        <time>2026-10-08T06:04:52Z</time>
      </trkpt>
      <trkpt lat="46.254065" lon="6.108088">
        <ele>421.8</ele>
        <time>2026-10-08T06:04:53Z</time>
      </trkpt>
      <trkpt lat="46.25403" lon="6.107994">
        <ele>421.7</ele>
        <time>2026-10-08T06:04:54Z</time>
      </trkpt>
      <trkpt lat="46.253994" lon="6.107903">
        <ele>421.6</ele>
        <time>2026-10-08T06:04:55Z</time>
      </trkpt>
      <trkpt lat="46.25396" lon="6.107806">
        <ele>421.6</ele>
        <time>2026-10-08T06:04:56Z</time>
      </trkpt>
      <trkpt lat="46.253924" lon="6.107714">
        <ele>421.5</ele>
        <time>2026-10-08T06:04:57Z</time>
      </trkpt>
      <trkpt lat="46.253889" lon="6.10762">
        <ele>421.5</ele>
        <time>2026-10-08T06:04:58Z</time>
      </trkpt>
      <trkpt lat="46.253852" lon="6.107533">
        <ele>421.4</ele>
        <time>2026-10-08T06:04:59Z</time>
      </trkpt>
      <trkpt lat="46.253818" lon="6.10744">
        <ele>421.4</ele>
        <time>2026-10-08T06:05:00Z</time>
      </trkpt>
      <trkpt lat="46.253785" lon="6.107346">
        <ele>421.3</ele>
        <time>2026-10-08T06:05:01Z</time>
      </trkpt>
      <trkpt lat="46.253748" lon="6.107261">
        <ele>421.3</ele>
        <time>2026-10-08T06:05:02Z</time>
      </trkpt>
      <trkpt lat="46.253708" lon="6.107175">
        <ele>421.3</ele>
        <time>2026-10-08T06:05:03Z</time>
      </trkpt>
      <trkpt lat="46.253668" lon="6.10709">
        <ele>421.2</ele>
        <time>2026-10-08T06:05:04Z</time>
      </trkpt>
      <trkpt lat="46.253628" lon="6.107005">
        <ele>421.2</ele>
        <time>2026-10-08T06:05:05Z</time>
      </trkpt>
      <trkpt lat="46.253587" lon="6.106922">
        <ele>421.1</ele>
        <time>2026-10-08T06:05:06Z</time>
      </trkpt>
      <trkpt lat="46.253544" lon="6.106837">
        <ele>421.0</ele>
        <time>2026-10-08T06:05:07Z</time>
      </trkpt>
      <trkpt lat="46.253502" lon="6.106757">
        <ele>420.9</ele>
        <time>2026-10-08T06:05:08Z</time>
      </trkpt>
      <trkpt lat="46.253454" lon="6.10668">
        <ele>420.8</ele>
        <time>2026-10-08T06:05:09Z</time>
      </trkpt>
      <trkpt lat="46.253404" lon="6.106599">
        <ele>420.7</ele>
        <time>2026-10-08T06:05:10Z</time>
      </trkpt>
      <trkpt lat="46.253356" lon="6.10653">
        <ele>420.6</ele>
        <time>2026-10-08T06:05:11Z</time>
      </trkpt>
      <trkpt lat="46.253301" lon="6.106451">
        <ele>420.5</ele>
        <time>2026-10-08T06:05:12Z</time>
      </trkpt>
      <trkpt lat="46.253254" lon="6.106375">
        <ele>420.4</ele>
        <time>2026-10-08T06:05:13Z</time>
      </trkpt>
      <trkpt lat="46.253209" lon="6.1063">
        <ele>420.3</ele>
        <time>2026-10-08T06:05:14Z</time>
      </trkpt>
      <trkpt lat="46.253158" lon="6.106217">
        <ele>420.2</ele>
        <time>2026-10-08T06:05:15Z</time>
      </trkpt>
      <trkpt lat="46.253097" lon="6.106135">
        <ele>420.1</ele>
        <time>2026-10-08T06:05:16Z</time>
      </trkpt>
      <trkpt lat="46.253044" lon="6.106056">
        <ele>420.0</ele>
        <time>2026-10-08T06:05:17Z</time>
      </trkpt>
      <trkpt lat="46.253" lon="6.105976">
        <ele>419.9</ele>
        <time>2026-10-08T06:05:18Z</time>
      </trkpt>
      <trkpt lat="46.252953" lon="6.10589">
        <ele>419.8</ele>
        <time>2026-10-08T06:05:19Z</time>
      </trkpt>
      <trkpt lat="46.252899" lon="6.105807">
        <ele>419.8</ele>
        <time>2026-10-08T06:05:20Z</time>
      </trkpt>
      <trkpt lat="46.252844" lon="6.105732">
        <ele>419.7</ele>
        <time>2026-10-08T06:05:21Z</time>
      </trkpt>
      <trkpt lat="46.252791" lon="6.105652">
        <ele>419.7</ele>
        <time>2026-10-08T06:05:22Z</time>
      </trkpt>
      <trkpt lat="46.25274" lon="6.105569">
        <ele>419.6</ele>
        <time>2026-10-08T06:05:23Z</time>
      </trkpt>
      <trkpt lat="46.252691" lon="6.105492">
        <ele>419.6</ele>
        <time>2026-10-08T06:05:24Z</time>
      </trkpt>
      <trkpt lat="46.252643" lon="6.105412">
        <ele>419.6</ele>
        <time>2026-10-08T06:05:25Z</time>
      </trkpt>
      <trkpt lat="46.25259" lon="6.105338">
        <ele>419.6</ele>
        <time>2026-10-08T06:05:26Z</time>
      </trkpt>
      <trkpt lat="46.252537" lon="6.105272">
        <ele>419.6</ele>
        <time>2026-10-08T06:05:27Z</time>
      </trkpt>
      <trkpt lat="46.252479" lon="6.105197">
        <ele>419.6</ele>
        <time>2026-10-08T06:05:28Z</time>
      </trkpt>
      <trkpt lat="46.25243" lon="6.105118">
        <ele>419.6</ele>
        <time>2026-10-08T06:05:29Z</time>
      </trkpt>
      <trkpt lat="46.252378" lon="6.105041">
        <ele>419.6</ele>
        <time>2026-10-08T06:05:30Z</time>
      </trkpt>
      <trkpt lat="46.252326" lon="6.104969">
        <ele>419.6</ele>
        <time>2026-10-08T06:05:31Z</time>
      </trkpt>
      <trkpt lat="46.252277" lon="6.104895">
        <ele>419.6</ele>
        <time>2026-10-08T06:05:32Z</time>
      </trkpt>
      <trkpt lat="46.252222" lon="6.104825">
        <ele>419.5</ele>
        <time>2026-10-08T06:05:33Z</time>
      </trkpt>
      <trkpt lat="46.252171" lon="6.104754">
        <ele>419.5</ele>
        <time>2026-10-08T06:05:34Z</time>
      </trkpt>
      <trkpt lat="46.252122" lon="6.104688">
        <ele>419.5</ele>
        <time>2026-10-08T06:05:35Z</time>
      </trkpt>
      <trkpt lat="46.252076" lon="6.10462">
        <ele>419.5</ele>
        <time>2026-10-08T06:05:36Z</time>
      </trkpt>
      <trkpt lat="46.25203" lon="6.104551">
        <ele>419.5</ele>
        <time>2026-10-08T06:05:37Z</time>
      </trkpt>
      <trkpt lat="46.251982" lon="6.10448">
        <ele>419.6</ele>
        <time>2026-10-08T06:05:38Z</time>
      </trkpt>
      <trkpt lat="46.251934" lon="6.104409">
        <ele>419.6</ele>
        <time>2026-10-08T06:05:39Z</time>
      </trkpt>
      <trkpt lat="46.251888" lon="6.104342">
        <ele>419.6</ele>
        <time>2026-10-08T06:05:40Z</time>
      </trkpt>
      <trkpt lat="46.251841" lon="6.104278">
        <ele>419.7</ele>
        <time>2026-10-08T06:05:41Z</time>
      </trkpt>
      <trkpt lat="46.251796" lon="6.104212">
        <ele>419.7</ele>
        <time>2026-10-08T06:05:42Z</time>
      </trkpt>
      <trkpt lat="46.251754" lon="6.104142">
        <ele>419.8</ele>
        <time>2026-10-08T06:05:43Z</time>
      </trkpt>
      <trkpt lat="46.251711" lon="6.104077">
        <ele>419.8</ele>
        <time>2026-10-08T06:05:44Z</time>
      </trkpt>
      <trkpt lat="46.251664" lon="6.104012">
        <ele>419.9</ele>
        <time>2026-10-08T06:05:45Z</time>
      </trkpt>
      <trkpt lat="46.251621" lon="6.103947">
        <ele>419.9</ele>
        <time>2026-10-08T06:05:46Z</time>
      </trkpt>
      <trkpt lat="46.251579" lon="6.103881">
        <ele>420.0</ele>
        <time>2026-10-08T06:05:47Z</time>
      </trkpt>
      <trkpt lat="46.251536" lon="6.103819">
        <ele>420.1</ele>
        <time>2026-10-08T06:05:48Z</time>
      </trkpt>
      <trkpt lat="46.251495" lon="6.103757">
        <ele>420.1</ele>
        <time>2026-10-08T06:05:49Z</time>
      </trkpt>
      <trkpt lat="46.251456" lon="6.103692">
        <ele>420.2</ele>
        <time>2026-10-08T06:05:50Z</time>
      </trkpt>
      <trkpt lat="46.251414" lon="6.103633">
        <ele>420.3</ele>
        <time>2026-10-08T06:05:51Z</time>
      </trkpt>
      <trkpt lat="46.251371" lon="6.103576">
        <ele>420.3</ele>
        <time>2026-10-08T06:05:52Z</time>
      </trkpt>
      <trkpt lat="46.251326" lon="6.10352">
        <ele>420.4</ele>
        <time>2026-10-08T06:05:53Z</time>
      </trkpt>
      <trkpt lat="46.251284" lon="6.103459">
        <ele>420.4</ele>
        <time>2026-10-08T06:05:54Z</time>
      </trkpt>
      <trkpt lat="46.251239" lon="6.103397">
        <ele>420.5</ele>
        <time>2026-10-08T06:05:55Z</time>
      </trkpt>
      <trkpt lat="46.251198" lon="6.103332">
        <ele>420.6</ele>
        <time>2026-10-08T06:05:56Z</time>
      </trkpt>
      <trkpt lat="46.251155" lon="6.103273">
        <ele>420.6</ele>
        <time>2026-10-08T06:05:57Z</time>
      </trkpt>
      <trkpt lat="46.251114" lon="6.10321">
        <ele>420.7</ele>
        <time>2026-10-08T06:05:58Z</time>
      </trkpt>
      <trkpt lat="46.251074" lon="6.103147">
        <ele>420.7</ele>
        <time>2026-10-08T06:05:59Z</time>
      </trkpt>
      <trkpt lat="46.251034" lon="6.103083">
        <ele>420.8</ele>
        <time>2026-10-08T06:06:00Z</time>
      </trkpt>
      <trkpt lat="46.250992" lon="6.103022">
        <ele>420.9</ele>
        <time>2026-10-08T06:06:01Z</time>
      </trkpt>
      <trkpt lat="46.250949" lon="6.102961">
        <ele>420.9</ele>
        <time>2026-10-08T06:06:02Z</time>
      </trkpt>
      <trkpt lat="46.250907" lon="6.1029">
        <ele>421.0</ele>
        <time>2026-10-08T06:06:03Z</time>
      </trkpt>
      <trkpt lat="46.250865" lon="6.10284">
        <ele>421.1</ele>
        <time>2026-10-08T06:06:04Z</time>
      </trkpt>
      <trkpt lat="46.250826" lon="6.102775">
        <ele>421.1</ele>
        <time>2026-10-08T06:06:05Z</time>
      </trkpt>
      <trkpt lat="46.250783" lon="6.102715">
        <ele>421.2</ele>
        <time>2026-10-08T06:06:06Z</time>
      </trkpt>
      <trkpt lat="46.250739" lon="6.102653">
        <ele>421.3</ele>
        <time>2026-10-08T06:06:07Z</time>
      </trkpt>
      <trkpt lat="46.250699" lon="6.10259">
        <ele>421.3</ele>
        <time>2026-10-08T06:06:08Z</time>
      </trkpt>
      <trkpt lat="46.250656" lon="6.102527">
        <ele>421.4</ele>
        <time>2026-10-08T06:06:09Z</time>
      </trkpt>
      <trkpt lat="46.250614" lon="6.102469">
        <ele>421.5</ele>
        <time>2026-10-08T06:06:10Z</time>
      </trkpt>
      <trkpt lat="46.250571" lon="6.10241">
        <ele>421.5</ele>
        <time>2026-10-08T06:06:11Z</time>
      </trkpt>
      <trkpt lat="46.250529" lon="6.102346">
        <ele>421.6</ele>
        <time>2026-10-08T06:06:12Z</time>
      </trkpt>
      <trkpt lat="46.250489" lon="6.102286">
        <ele>421.7</ele>
        <time>2026-10-08T06:06:13Z</time>
      </trkpt>
      <trkpt lat="46.250448" lon="6.102224">
        <ele>421.7</ele>
        <time>2026-10-08T06:06:14Z</time>
      </trkpt>
      <trkpt lat="46.250409" lon="6.102166">
        <ele>421.8</ele>
        <time>2026-10-08T06:06:15Z</time>
      </trkpt>
      <trkpt lat="46.250368" lon="6.102104">
        <ele>421.9</ele>
        <time>2026-10-08T06:06:16Z</time>
      </trkpt>
      <trkpt lat="46.250325" lon="6.102047">
        <ele>422.0</ele>
        <time>2026-10-08T06:06:17Z</time>
      </trkpt>
      <trkpt lat="46.250284" lon="6.101989">
        <ele>422.1</ele>
        <time>2026-10-08T06:06:18Z</time>
      </trkpt>
      <trkpt lat="46.250245" lon="6.10193">
        <ele>422.2</ele>
        <time>2026-10-08T06:06:19Z</time>
      </trkpt>
      <trkpt lat="46.250204" lon="6.101871">
        <ele>422.3</ele>
        <time>2026-10-08T06:06:20Z</time>
      </trkpt>
      <trkpt lat="46.250166" lon="6.101812">
        <ele>422.4</ele>
        <time>2026-10-08T06:06:21Z</time>
      </trkpt>
      <trkpt lat="46.250136" lon="6.10174">
        <ele>422.4</ele>
        <time>2026-10-08T06:06:22Z</time>
      </trkpt>
      <trkpt lat="46.250112" lon="6.101667">
        <ele>422.5</ele>
        <time>2026-10-08T06:06:23Z</time>
      </trkpt>
      <trkpt lat="46.250084" lon="6.101596">
        <ele>422.6</ele>
        <time>2026-10-08T06:06:24Z</time>
      </trkpt>
      <trkpt lat="46.250039" lon="6.101538">
        <ele>422.6</ele>
        <time>2026-10-08T06:06:25Z</time>
      </trkpt>
      <trkpt lat="46.249994" lon="6.101488">
        <ele>422.6</ele>
        <time>2026-10-08T06:06:26Z</time>
      </trkpt>
      <trkpt lat="46.249947" lon="6.101434">
        <ele>422.7</ele>
        <time>2026-10-08T06:06:27Z</time>
      </trkpt>
      <trkpt lat="46.249906" lon="6.101388">
        <ele>422.8</ele>
        <time>2026-10-08T06:06:28Z</time>
      </trkpt>
      <trkpt lat="46.249867" lon="6.101338">
        <ele>422.9</ele>
        <time>2026-10-08T06:06:29Z</time>
      </trkpt>
      <trkpt lat="46.249832" lon="6.101283">
        <ele>423.0</ele>
        <time>2026-10-08T06:06:30Z</time>
      </trkpt>
      <trkpt lat="46.2498" lon="6.101226">
        <ele>423.1</ele>
        <time>2026-10-08T06:06:31Z</time>
      </trkpt>
      <trkpt lat="46.249764" lon="6.101176">
        <ele>423.2</ele>
        <time>2026-10-08T06:06:32Z</time>
      </trkpt>
      <trkpt lat="46.249727" lon="6.101123">
        <ele>423.3</ele>
        <time>2026-10-08T06:06:33Z</time>
      </trkpt>
      <trkpt lat="46.249692" lon="6.101071">
        <ele>423.5</ele>
        <time>2026-10-08T06:06:34Z</time>
      </trkpt>
      <trkpt lat="46.24966" lon="6.10102">
        <ele>423.6</ele>
        <time>2026-10-08T06:06:35Z</time>
      </trkpt>
      <trkpt lat="46.249629" lon="6.100969">
        <ele>423.7</ele>
        <time>2026-10-08T06:06:36Z</time>
      </trkpt>
      <trkpt lat="46.249594" lon="6.100923">
        <ele>423.8</ele>
        <time>2026-10-08T06:06:37Z</time>
      </trkpt>
      <trkpt lat="46.24956" lon="6.100878">
        <ele>423.9</ele>
        <time>2026-10-08T06:06:38Z</time>
      </trkpt>
      <trkpt lat="46.249526" lon="6.100826">
        <ele>424.1</ele>
        <time>2026-10-08T06:06:39Z</time>
      </trkpt>
      <trkpt lat="46.249496" lon="6.100774">
        <ele>424.2</ele>
        <time>2026-10-08T06:06:40Z</time>
      </trkpt>
      <trkpt lat="46.249465" lon="6.100719">
        <ele>424.3</ele>
        <time>2026-10-08T06:06:41Z</time>
      </trkpt>
      <trkpt lat="46.249434" lon="6.100668">
        <ele>424.4</ele>
        <time>2026-10-08T06:06:42Z</time>
      </trkpt>
      <trkpt lat="46.249403" lon="6.10062">
        <ele>424.5</ele>
        <time>2026-10-08T06:06:43Z</time>
      </trkpt>
      <trkpt lat="46.249372" lon="6.10057">
        <ele>424.6</ele>
        <time>2026-10-08T06:06:44Z</time>
      </trkpt>
      <trkpt lat="46.249339" lon="6.100521">
        <ele>424.7</ele>
        <time>2026-10-08T06:06:45Z</time>
      </trkpt>
      <trkpt lat="46.249307" lon="6.10047">
        <ele>424.8</ele>
        <time>2026-10-08T06:06:46Z</time>
      </trkpt>
      <trkpt lat="46.249277" lon="6.100416">
        <ele>424.8</ele>
        <time>2026-10-08T06:06:47Z</time>
      </trkpt>
      <trkpt lat="46.249243" lon="6.100363">
        <ele>424.8</ele>
        <time>2026-10-08T06:06:48Z</time>
      </trkpt>
      <trkpt lat="46.24921" lon="6.100305">
        <ele>424.9</ele>
        <time>2026-10-08T06:06:49Z</time>
      </trkpt>
      <trkpt lat="46.249177" lon="6.100254">
        <ele>424.9</ele>
        <time>2026-10-08T06:06:50Z</time>
      </trkpt>
      <trkpt lat="46.249141" lon="6.100201">
        <ele>425.0</ele>
        <time>2026-10-08T06:06:51Z</time>
      </trkpt>
      <trkpt lat="46.249106" lon="6.100147">
        <ele>425.0</ele>
        <time>2026-10-08T06:06:52Z</time>
      </trkpt>
      <trkpt lat="46.249072" lon="6.10009">
        <ele>425.0</ele>
        <time>2026-10-08T06:06:53Z</time>
      </trkpt>
      <trkpt lat="46.249038" lon="6.100033">
        <ele>425.0</ele>
        <time>2026-10-08T06:06:54Z</time>
      </trkpt>
      <trkpt lat="46.249002" lon="6.099977">
        <ele>425.0</ele>
        <time>2026-10-08T06:06:55Z</time>
      </trkpt>
      <trkpt lat="46.248964" lon="6.09992">
        <ele>425.1</ele>
        <time>2026-10-08T06:06:56Z</time>
      </trkpt>
      <trkpt lat="46.248928" lon="6.099864">
        <ele>425.1</ele>
        <time>2026-10-08T06:06:57Z</time>
      </trkpt>
      <trkpt lat="46.248892" lon="6.099808">
        <ele>425.1</ele>
        <time>2026-10-08T06:06:58Z</time>
      </trkpt>
      <trkpt lat="46.248858" lon="6.099752">
        <ele>425.2</ele>
        <time>2026-10-08T06:06:59Z</time>
      </trkpt>
      <trkpt lat="46.248822" lon="6.099694">
        <ele>425.2</ele>
        <time>2026-10-08T06:07:00Z</time>
      </trkpt>
      <trkpt lat="46.248786" lon="6.099637">
        <ele>425.2</ele>
        <time>2026-10-08T06:07:01Z</time>
      </trkpt>
      <trkpt lat="46.248748" lon="6.099579">
        <ele>425.2</ele>
        <time>2026-10-08T06:07:02Z</time>
      </trkpt>
      <trkpt lat="46.248711" lon="6.099524">
        <ele>425.2</ele>
        <time>2026-10-08T06:07:03Z</time>
      </trkpt>
      <trkpt lat="46.248675" lon="6.099463">
        <ele>425.2</ele>
        <time>2026-10-08T06:07:04Z</time>
      </trkpt>
      <trkpt lat="46.248637" lon="6.099406">
        <ele>425.2</ele>
        <time>2026-10-08T06:07:05Z</time>
      </trkpt>
      <trkpt lat="46.2486" lon="6.099347">
        <ele>425.2</ele>
        <time>2026-10-08T06:07:06Z</time>
      </trkpt>
      <trkpt lat="46.248563" lon="6.099287">
        <ele>425.2</ele>
        <time>2026-10-08T06:07:07Z</time>
      </trkpt>
      <trkpt lat="46.248523" lon="6.099229">
        <ele>425.2</ele>
        <time>2026-10-08T06:07:08Z</time>
      </trkpt>
      <trkpt lat="46.248486" lon="6.09917">
        <ele>425.2</ele>
        <time>2026-10-08T06:07:09Z</time>
      </trkpt>
      <trkpt lat="46.248447" lon="6.09911">
        <ele>425.2</ele>
        <time>2026-10-08T06:07:10Z</time>
      </trkpt>
      <trkpt lat="46.248409" lon="6.09905">
        <ele>425.1</ele>
        <time>2026-10-08T06:07:11Z</time>
      </trkpt>
      <trkpt lat="46.248369" lon="6.09899">
        <ele>425.1</ele>
        <time>2026-10-08T06:07:12Z</time>
      </trkpt>
      <trkpt lat="46.248328" lon="6.09893">
        <ele>425.0</ele>
        <time>2026-10-08T06:07:13Z</time>
      </trkpt>
      <trkpt lat="46.248288" lon="6.098869">
        <ele>424.9</ele>
        <time>2026-10-08T06:07:14Z</time>
      </trkpt>
      <trkpt lat="46.248246" lon="6.098807">
        <ele>424.9</ele>
        <time>2026-10-08T06:07:15Z</time>
      </trkpt>
      <trkpt lat="46.248204" lon="6.098743">
        <ele>424.8</ele>
        <time>2026-10-08T06:07:16Z</time>
      </trkpt>
      <trkpt lat="46.248162" lon="6.098681">
        <ele>424.7</ele>
        <time>2026-10-08T06:07:17Z</time>
      </trkpt>
      <trkpt lat="46.248121" lon="6.098619">
        <ele>424.7</ele>
        <time>2026-10-08T06:07:18Z</time>
      </trkpt>
      <trkpt lat="46.248078" lon="6.098555">
        <ele>424.6</ele>
        <time>2026-10-08T06:07:19Z</time>
      </trkpt>
      <trkpt lat="46.248037" lon="6.098493">
        <ele>424.6</ele>
        <time>2026-10-08T06:07:20Z</time>
      </trkpt>
      <trkpt lat="46.247994" lon="6.098429">
        <ele>424.5</ele>
        <time>2026-10-08T06:07:21Z</time>
      </trkpt>
      <trkpt lat="46.247952" lon="6.098366">
        <ele>424.4</ele>
        <time>2026-10-08T06:07:22Z</time>
      </trkpt>
      <trkpt lat="46.247908" lon="6.0983">
        <ele>424.4</ele>
        <time>2026-10-08T06:07:23Z</time>
      </trkpt>
      <trkpt lat="46.247864" lon="6.098235">
        <ele>424.3</ele>
        <time>2026-10-08T06:07:24Z</time>
      </trkpt>
      <trkpt lat="46.24782" lon="6.09817">
        <ele>424.2</ele>
        <time>2026-10-08T06:07:25Z</time>
      </trkpt>
      <trkpt lat="46.247777" lon="6.098106">
        <ele>424.2</ele>
        <time>2026-10-08T06:07:26Z</time>
      </trkpt>
      <trkpt lat="46.247731" lon="6.098037">
        <ele>424.2</ele>
        <time>2026-10-08T06:07:27Z</time>
      </trkpt>
      <trkpt lat="46.247691" lon="6.097977">
        <ele>424.2</ele>
        <time>2026-10-08T06:07:28Z</time>
      </trkpt>
      <trkpt lat="46.247652" lon="6.097919">
        <ele>424.1</ele>
        <time>2026-10-08T06:07:29Z</time>
      </trkpt>
      <trkpt lat="46.247612" lon="6.097859">
        <ele>424.1</ele>
        <time>2026-10-08T06:07:30Z</time>
      </trkpt>
      <trkpt lat="46.247573" lon="6.0978">
        <ele>424.1</ele>
        <time>2026-10-08T06:07:31Z</time>
      </trkpt>
      <trkpt lat="46.247525" lon="6.097729">
        <ele>424.1</ele>
        <time>2026-10-08T06:07:32Z</time>
      </trkpt>
      <trkpt lat="46.24748" lon="6.097661">
        <ele>424.0</ele>
        <time>2026-10-08T06:07:33Z</time>
      </trkpt>
      <trkpt lat="46.247438" lon="6.097599">
        <ele>424.0</ele>
        <time>2026-10-08T06:07:34Z</time>
      </trkpt>
      <trkpt lat="46.247394" lon="6.097533">
        <ele>424.0</ele>
        <time>2026-10-08T06:07:35Z</time>
      </trkpt>
      <trkpt lat="46.247349" lon="6.097467">
        <ele>424.0</ele>
        <time>2026-10-08T06:07:36Z</time>
      </trkpt>
      <trkpt lat="46.247301" lon="6.0974">
        <ele>424.0</ele>
        <time>2026-10-08T06:07:37Z</time>
      </trkpt>
      <trkpt lat="46.247254" lon="6.097327">
        <ele>424.1</ele>
        <time>2026-10-08T06:07:38Z</time>
      </trkpt>
      <trkpt lat="46.247214" lon="6.097265">
        <ele>424.1</ele>
        <time>2026-10-08T06:07:39Z</time>
      </trkpt>
      <trkpt lat="46.247172" lon="6.097207">
        <ele>424.2</ele>
        <time>2026-10-08T06:07:40Z</time>
      </trkpt>
      <trkpt lat="46.247129" lon="6.097141">
        <ele>424.2</ele>
        <time>2026-10-08T06:07:41Z</time>
      </trkpt>
      <trkpt lat="46.247088" lon="6.097077">
        <ele>424.3</ele>
        <time>2026-10-08T06:07:42Z</time>
      </trkpt>
      <trkpt lat="46.247045" lon="6.097014">
        <ele>424.4</ele>
        <time>2026-10-08T06:07:43Z</time>
      </trkpt>
      <trkpt lat="46.247" lon="6.096947">
        <ele>424.5</ele>
        <time>2026-10-08T06:07:44Z</time>
      </trkpt>
      <trkpt lat="46.246959" lon="6.096886">
        <ele>424.6</ele>
        <time>2026-10-08T06:07:45Z</time>
      </trkpt>
      <trkpt lat="46.246923" lon="6.096833">
        <ele>424.7</ele>
        <time>2026-10-08T06:07:46Z</time>
      </trkpt>
      <trkpt lat="46.246884" lon="6.096776">
        <ele>424.8</ele>
        <time>2026-10-08T06:07:47Z</time>
      </trkpt>
      <trkpt lat="46.246846" lon="6.096722">
        <ele>424.8</ele>
        <time>2026-10-08T06:07:48Z</time>
      </trkpt>
      <trkpt lat="46.246809" lon="6.09667">
        <ele>425.0</ele>
        <time>2026-10-08T06:07:49Z</time>
      </trkpt>
      <trkpt lat="46.246765" lon="6.096609">
        <ele>425.1</ele>
        <time>2026-10-08T06:07:50Z</time>
      </trkpt>
      <trkpt lat="46.246723" lon="6.096549">
        <ele>425.2</ele>
        <time>2026-10-08T06:07:51Z</time>
      </trkpt>
      <trkpt lat="46.24668" lon="6.09649">
        <ele>425.4</ele>
        <time>2026-10-08T06:07:52Z</time>
      </trkpt>
      <trkpt lat="46.246639" lon="6.096432">
        <ele>425.6</ele>
        <time>2026-10-08T06:07:53Z</time>
      </trkpt>
      <trkpt lat="46.246602" lon="6.096381">
        <ele>425.7</ele>
        <time>2026-10-08T06:07:54Z</time>
      </trkpt>
      <trkpt lat="46.246561" lon="6.096327">
        <ele>425.9</ele>
        <time>2026-10-08T06:07:55Z</time>
      </trkpt>
      <trkpt lat="46.246523" lon="6.096277">
        <ele>426.1</ele>
        <time>2026-10-08T06:07:56Z</time>
      </trkpt>
      <trkpt lat="46.246488" lon="6.09623">
        <ele>426.3</ele>
        <time>2026-10-08T06:07:57Z</time>
      </trkpt>
      <trkpt lat="46.246454" lon="6.096184">
        <ele>426.5</ele>
        <time>2026-10-08T06:07:58Z</time>
      </trkpt>
      <trkpt lat="46.246433" lon="6.096147">
        <ele>426.5</ele>
        <time>2026-10-08T06:07:59Z</time>
      </trkpt>
      <trkpt lat="46.246414" lon="6.096098">
        <ele>426.6</ele>
        <time>2026-10-08T06:08:00Z</time>
      </trkpt>
      <trkpt lat="46.246386" lon="6.096039">
        <ele>426.7</ele>
        <time>2026-10-08T06:08:01Z</time>
      </trkpt>
      <trkpt lat="46.246355" lon="6.095991">
        <ele>426.8</ele>
        <time>2026-10-08T06:08:02Z</time>
      </trkpt>
      <trkpt lat="46.246323" lon="6.095954">
        <ele>426.9</ele>
        <time>2026-10-08T06:08:03Z</time>
      </trkpt>
      <trkpt lat="46.246293" lon="6.095941">
        <ele>426.9</ele>
        <time>2026-10-08T06:08:04Z</time>
      </trkpt>
      <trkpt lat="46.246256" lon="6.095942">
        <ele>427.0</ele>
        <time>2026-10-08T06:08:05Z</time>
      </trkpt>
      <trkpt lat="46.246213" lon="6.095914">
        <ele>427.1</ele>
        <time>2026-10-08T06:08:06Z</time>
      </trkpt>
      <trkpt lat="46.246184" lon="6.095863">
        <ele>427.2</ele>
        <time>2026-10-08T06:08:07Z</time>
      </trkpt>
      <trkpt lat="46.246162" lon="6.095805">
        <ele>427.3</ele>
        <time>2026-10-08T06:08:08Z</time>
      </trkpt>
      <trkpt lat="46.24614" lon="6.095748">
        <ele>427.3</ele>
        <time>2026-10-08T06:08:09Z</time>
      </trkpt>
      <trkpt lat="46.24611" lon="6.095707">
        <ele>427.4</ele>
        <time>2026-10-08T06:08:10Z</time>
      </trkpt>
      <trkpt lat="46.24608" lon="6.095664">
        <ele>427.5</ele>
        <time>2026-10-08T06:08:11Z</time>
      </trkpt>
      <trkpt lat="46.246049" lon="6.095623">
        <ele>427.5</ele>
        <time>2026-10-08T06:08:12Z</time>
      </trkpt>
      <trkpt lat="46.246015" lon="6.095578">
        <ele>427.6</ele>
        <time>2026-10-08T06:08:13Z</time>
      </trkpt>
      <trkpt lat="46.245987" lon="6.095542">
        <ele>427.7</ele>
        <time>2026-10-08T06:08:14Z</time>
      </trkpt>
      <trkpt lat="46.245954" lon="6.095494">
        <ele>427.7</ele>
        <time>2026-10-08T06:08:15Z</time>
      </trkpt>
      <trkpt lat="46.245921" lon="6.095447">
        <ele>427.8</ele>
        <time>2026-10-08T06:08:16Z</time>
      </trkpt>
      <trkpt lat="46.245891" lon="6.095403">
        <ele>427.9</ele>
        <time>2026-10-08T06:08:17Z</time>
      </trkpt>
      <trkpt lat="46.24586" lon="6.095363">
        <ele>428.0</ele>
        <time>2026-10-08T06:08:18Z</time>
      </trkpt>
      <trkpt lat="46.245829" lon="6.095329">
        <ele>428.1</ele>
        <time>2026-10-08T06:08:19Z</time>
      </trkpt>
      <trkpt lat="46.245801" lon="6.095286">
        <ele>428.2</ele>
        <time>2026-10-08T06:08:20Z</time>
      </trkpt>
      <trkpt lat="46.245775" lon="6.095245">
        <ele>428.3</ele>
        <time>2026-10-08T06:08:21Z</time>
      </trkpt>
      <trkpt lat="46.245751" lon="6.095207">
        <ele>428.4</ele>
        <time>2026-10-08T06:08:22Z</time>
      </trkpt>
      <trkpt lat="46.245726" lon="6.095172">
        <ele>428.5</ele>
        <time>2026-10-08T06:08:23Z</time>
      </trkpt>
      <trkpt lat="46.245703" lon="6.095133">
        <ele>428.6</ele>
        <time>2026-10-08T06:08:24Z</time>
      </trkpt>
      <trkpt lat="46.245676" lon="6.095099">
        <ele>428.7</ele>
        <time>2026-10-08T06:08:25Z</time>
      </trkpt>
      <trkpt lat="46.245652" lon="6.095064">
        <ele>428.8</ele>
        <time>2026-10-08T06:08:26Z</time>
      </trkpt>
      <trkpt lat="46.245628" lon="6.095027">
        <ele>428.9</ele>
        <time>2026-10-08T06:08:27Z</time>
      </trkpt>
      <trkpt lat="46.245607" lon="6.094993">
        <ele>429.0</ele>
        <time>2026-10-08T06:08:28Z</time>
      </trkpt>
      <trkpt lat="46.245586" lon="6.094955">
        <ele>429.1</ele>
        <time>2026-10-08T06:08:29Z</time>
      </trkpt>
      <trkpt lat="46.245564" lon="6.094921">
        <ele>429.2</ele>
        <time>2026-10-08T06:08:30Z</time>
      </trkpt>
      <trkpt lat="46.24554" lon="6.094885">
        <ele>429.3</ele>
        <time>2026-10-08T06:08:31Z</time>
      </trkpt>
      <trkpt lat="46.245518" lon="6.094847">
        <ele>429.5</ele>
        <time>2026-10-08T06:08:32Z</time>
      </trkpt>
      <trkpt lat="46.245502" lon="6.094805">
        <ele>429.6</ele>
        <time>2026-10-08T06:08:33Z</time>
      </trkpt>
      <trkpt lat="46.245494" lon="6.094763">
        <ele>429.7</ele>
        <time>2026-10-08T06:08:34Z</time>
      </trkpt>
      <trkpt lat="46.245485" lon="6.094735">
        <ele>429.8</ele>
        <time>2026-10-08T06:08:35Z</time>
      </trkpt>
      <trkpt lat="46.245479" lon="6.094715">
        <ele>429.8</ele>
        <time>2026-10-08T06:08:36Z</time>
      </trkpt>
      <trkpt lat="46.245476" lon="6.094698">
        <ele>429.9</ele>
        <time>2026-10-08T06:08:37Z</time>
      </trkpt>
      <trkpt lat="46.245475" lon="6.094681">
        <ele>429.9</ele>
        <time>2026-10-08T06:08:38Z</time>
      </trkpt>
      <trkpt lat="46.245477" lon="6.094664">
        <ele>430.0</ele>
        <time>2026-10-08T06:08:39Z</time>
      </trkpt>
      <trkpt lat="46.24548" lon="6.09465">
        <ele>430.0</ele>
        <time>2026-10-08T06:08:40Z</time>
      </trkpt>
      <trkpt lat="46.245487" lon="6.094639">
        <ele>430.0</ele>
        <time>2026-10-08T06:08:41Z</time>
      </trkpt>
      <trkpt lat="46.245492" lon="6.094627">
        <ele>430.1</ele>
        <time>2026-10-08T06:08:42Z</time>
      </trkpt>
      <trkpt lat="46.245499" lon="6.09461">
        <ele>430.1</ele>
        <time>2026-10-08T06:08:43Z</time>
      </trkpt>
      <trkpt lat="46.245507" lon="6.094596">
        <ele>430.1</ele>
        <time>2026-10-08T06:08:44Z</time>
      </trkpt>
      <trkpt lat="46.245507" lon="6.094594">
        <ele>430.2</ele>
        <time>2026-10-08T06:08:45Z</time>
      </trkpt>
      <trkpt lat="46.2455" lon="6.094589">
        <ele>430.2</ele>
        <time>2026-10-08T06:08:46Z</time>
      </trkpt>
      <trkpt lat="46.245483" lon="6.094572">
        <ele>430.2</ele>
        <time>2026-10-08T06:08:47Z</time>
      </trkpt>
      <trkpt lat="46.245459" lon="6.094556">
        <ele>430.2</ele>
        <time>2026-10-08T06:08:48Z</time>
      </trkpt>
      <trkpt lat="46.245429" lon="6.094538">
        <ele>430.2</ele>
        <time>2026-10-08T06:08:49Z</time>
      </trkpt>
      <trkpt lat="46.245402" lon="6.094519">
        <ele>430.2</ele>
        <time>2026-10-08T06:08:50Z</time>
      </trkpt>
      <trkpt lat="46.245374" lon="6.094497">
        <ele>430.2</ele>
        <time>2026-10-08T06:08:51Z</time>
      </trkpt>
      <trkpt lat="46.24535" lon="6.094472">
        <ele>430.1</ele>
        <time>2026-10-08T06:08:52Z</time>
      </trkpt>
      <trkpt lat="46.245325" lon="6.094445">
        <ele>430.1</ele>
        <time>2026-10-08T06:08:53Z</time>
      </trkpt>
      <trkpt lat="46.245293" lon="6.094415">
        <ele>430.1</ele>
        <time>2026-10-08T06:08:54Z</time>
      </trkpt>
      <trkpt lat="46.245259" lon="6.094386">
        <ele>430.1</ele>
        <time>2026-10-08T06:08:55Z</time>
      </trkpt>
      <trkpt lat="46.245217" lon="6.094372">
        <ele>430.2</ele>
        <time>2026-10-08T06:08:56Z</time>
      </trkpt>
      <trkpt lat="46.245163" lon="6.094342">
        <ele>430.2</ele>
        <time>2026-10-08T06:08:57Z</time>
      </trkpt>
      <trkpt lat="46.245106" lon="6.094291">
        <ele>430.2</ele>
        <time>2026-10-08T06:08:58Z</time>
      </trkpt>
      <trkpt lat="46.245055" lon="6.094238">
        <ele>430.3</ele>
        <time>2026-10-08T06:08:59Z</time>
      </trkpt>
      <trkpt lat="46.245006" lon="6.094174">
        <ele>430.4</ele>
        <time>2026-10-08T06:09:00Z</time>
      </trkpt>
      <trkpt lat="46.244958" lon="6.094107">
        <ele>430.4</ele>
        <time>2026-10-08T06:09:01Z</time>
      </trkpt>
      <trkpt lat="46.244911" lon="6.094035">
        <ele>430.5</ele>
        <time>2026-10-08T06:09:02Z</time>
      </trkpt>
      <trkpt lat="46.244862" lon="6.093964">
        <ele>430.6</ele>
        <time>2026-10-08T06:09:03Z</time>
      </trkpt>
      <trkpt lat="46.244813" lon="6.093893">
        <ele>430.6</ele>
        <time>2026-10-08T06:09:04Z</time>
      </trkpt>
      <trkpt lat="46.244762" lon="6.093818">
        <ele>430.6</ele>
        <time>2026-10-08T06:09:05Z</time>
      </trkpt>
      <trkpt lat="46.244712" lon="6.093741">
        <ele>430.7</ele>
        <time>2026-10-08T06:09:06Z</time>
      </trkpt>
      <trkpt lat="46.24466" lon="6.09366">
        <ele>430.7</ele>
        <time>2026-10-08T06:09:07Z</time>
      </trkpt>
      <trkpt lat="46.244604" lon="6.093579">
        <ele>430.8</ele>
        <time>2026-10-08T06:09:08Z</time>
      </trkpt>
      <trkpt lat="46.244547" lon="6.093496">
        <ele>430.8</ele>
        <time>2026-10-08T06:09:09Z</time>
      </trkpt>
      <trkpt lat="46.244492" lon="6.093409">
        <ele>430.9</ele>
        <time>2026-10-08T06:09:10Z</time>
      </trkpt>
      <trkpt lat="46.244434" lon="6.093328">
        <ele>430.9</ele>
        <time>2026-10-08T06:09:11Z</time>
      </trkpt>
      <trkpt lat="46.244376" lon="6.093247">
        <ele>431.0</ele>
        <time>2026-10-08T06:09:12Z</time>
      </trkpt>
      <trkpt lat="46.244319" lon="6.093164">
        <ele>431.0</ele>
        <time>2026-10-08T06:09:13Z</time>
      </trkpt>
      <trkpt lat="46.244264" lon="6.093081">
        <ele>431.0</ele>
        <time>2026-10-08T06:09:14Z</time>
      </trkpt>
      <trkpt lat="46.244218" lon="6.092996">
        <ele>431.0</ele>
        <time>2026-10-08T06:09:15Z</time>
      </trkpt>
      <trkpt lat="46.244159" lon="6.092908">
        <ele>431.1</ele>
        <time>2026-10-08T06:09:16Z</time>
      </trkpt>
      <trkpt lat="46.244101" lon="6.092831">
        <ele>431.2</ele>
        <time>2026-10-08T06:09:17Z</time>
      </trkpt>
      <trkpt lat="46.244049" lon="6.092746">
        <ele>431.3</ele>
        <time>2026-10-08T06:09:18Z</time>
      </trkpt>
      <trkpt lat="46.243993" lon="6.092666">
        <ele>431.4</ele>
        <time>2026-10-08T06:09:19Z</time>
      </trkpt>
      <trkpt lat="46.243938" lon="6.092589">
        <ele>431.6</ele>
        <time>2026-10-08T06:09:20Z</time>
      </trkpt>
      <trkpt lat="46.243884" lon="6.09251">
        <ele>431.8</ele>
        <time>2026-10-08T06:09:21Z</time>
      </trkpt>
      <trkpt lat="46.24383" lon="6.092431">
        <ele>432.0</ele>
        <time>2026-10-08T06:09:22Z</time>
      </trkpt>
      <trkpt lat="46.243779" lon="6.092349">
        <ele>432.2</ele>
        <time>2026-10-08T06:09:23Z</time>
      </trkpt>
      <trkpt lat="46.243729" lon="6.092275">
        <ele>432.3</ele>
        <time>2026-10-08T06:09:24Z</time>
      </trkpt>
      <trkpt lat="46.243678" lon="6.092202">
        <ele>432.5</ele>
        <time>2026-10-08T06:09:25Z</time>
      </trkpt>
      <trkpt lat="46.243629" lon="6.092131">
        <ele>432.7</ele>
        <time>2026-10-08T06:09:26Z</time>
      </trkpt>
      <trkpt lat="46.243581" lon="6.092059">
        <ele>432.9</ele>
        <time>2026-10-08T06:09:27Z</time>
      </trkpt>
      <trkpt lat="46.243532" lon="6.091989">
        <ele>433.1</ele>
        <time>2026-10-08T06:09:28Z</time>
      </trkpt>
      <trkpt lat="46.243483" lon="6.091918">
        <ele>433.3</ele>
        <time>2026-10-08T06:09:29Z</time>
      </trkpt>
      <trkpt lat="46.243435" lon="6.091846">
        <ele>433.4</ele>
        <time>2026-10-08T06:09:30Z</time>
      </trkpt>
      <trkpt lat="46.243386" lon="6.091778">
        <ele>433.5</ele>
        <time>2026-10-08T06:09:31Z</time>
      </trkpt>
      <trkpt lat="46.243338" lon="6.091707">
        <ele>433.6</ele>
        <time>2026-10-08T06:09:32Z</time>
      </trkpt>
      <trkpt lat="46.243288" lon="6.09163">
        <ele>433.7</ele>
        <time>2026-10-08T06:09:33Z</time>
      </trkpt>
      <trkpt lat="46.243241" lon="6.091559">
        <ele>433.7</ele>
        <time>2026-10-08T06:09:34Z</time>
      </trkpt>
      <trkpt lat="46.243192" lon="6.091488">
        <ele>433.8</ele>
        <time>2026-10-08T06:09:35Z</time>
      </trkpt>
      <trkpt lat="46.243143" lon="6.091417">
        <ele>433.8</ele>
        <time>2026-10-08T06:09:36Z</time>
      </trkpt>
      <trkpt lat="46.243094" lon="6.091343">
        <ele>433.9</ele>
        <time>2026-10-08T06:09:37Z</time>
      </trkpt>
      <trkpt lat="46.243044" lon="6.09127">
        <ele>434.0</ele>
        <time>2026-10-08T06:09:38Z</time>
      </trkpt>
      <trkpt lat="46.242993" lon="6.0912">
        <ele>434.0</ele>
        <time>2026-10-08T06:09:39Z</time>
      </trkpt>
      <trkpt lat="46.242942" lon="6.091126">
        <ele>434.1</ele>
        <time>2026-10-08T06:09:40Z</time>
      </trkpt>
      <trkpt lat="46.242892" lon="6.091055">
        <ele>434.1</ele>
        <time>2026-10-08T06:09:41Z</time>
      </trkpt>
      <trkpt lat="46.242842" lon="6.090981">
        <ele>434.1</ele>
        <time>2026-10-08T06:09:42Z</time>
      </trkpt>
      <trkpt lat="46.242792" lon="6.090909">
        <ele>434.2</ele>
        <time>2026-10-08T06:09:43Z</time>
      </trkpt>
      <trkpt lat="46.242743" lon="6.090835">
        <ele>434.2</ele>
        <time>2026-10-08T06:09:44Z</time>
      </trkpt>
      <trkpt lat="46.242694" lon="6.090763">
        <ele>434.3</ele>
        <time>2026-10-08T06:09:45Z</time>
      </trkpt>
      <trkpt lat="46.242647" lon="6.090691">
        <ele>434.4</ele>
        <time>2026-10-08T06:09:46Z</time>
      </trkpt>
      <trkpt lat="46.242599" lon="6.09062">
        <ele>434.5</ele>
        <time>2026-10-08T06:09:47Z</time>
      </trkpt>
      <trkpt lat="46.242552" lon="6.090547">
        <ele>434.7</ele>
        <time>2026-10-08T06:09:48Z</time>
      </trkpt>
      <trkpt lat="46.242504" lon="6.090476">
        <ele>434.8</ele>
        <time>2026-10-08T06:09:49Z</time>
      </trkpt>
      <trkpt lat="46.242456" lon="6.090406">
        <ele>434.9</ele>
        <time>2026-10-08T06:09:50Z</time>
      </trkpt>
      <trkpt lat="46.242407" lon="6.090336">
        <ele>435.0</ele>
        <time>2026-10-08T06:09:51Z</time>
      </trkpt>
      <trkpt lat="46.242359" lon="6.090266">
        <ele>435.1</ele>
        <time>2026-10-08T06:09:52Z</time>
      </trkpt>
      <trkpt lat="46.242312" lon="6.090194">
        <ele>435.3</ele>
        <time>2026-10-08T06:09:53Z</time>
      </trkpt>
      <trkpt lat="46.242264" lon="6.090125">
        <ele>435.4</ele>
        <time>2026-10-08T06:09:54Z</time>
      </trkpt>
      <trkpt lat="46.242218" lon="6.090057">
        <ele>435.5</ele>
        <time>2026-10-08T06:09:55Z</time>
      </trkpt>
      <trkpt lat="46.242174" lon="6.089988">
        <ele>435.6</ele>
        <time>2026-10-08T06:09:56Z</time>
      </trkpt>
      <trkpt lat="46.242129" lon="6.089922">
        <ele>435.7</ele>
        <time>2026-10-08T06:09:57Z</time>
      </trkpt>
      <trkpt lat="46.242083" lon="6.089857">
        <ele>435.8</ele>
        <time>2026-10-08T06:09:58Z</time>
      </trkpt>
      <trkpt lat="46.242039" lon="6.089791">
        <ele>435.9</ele>
        <time>2026-10-08T06:09:59Z</time>
      </trkpt>
      <trkpt lat="46.241994" lon="6.089726">
        <ele>436.1</ele>
        <time>2026-10-08T06:10:00Z</time>
      </trkpt>
      <trkpt lat="46.241951" lon="6.089659">
        <ele>436.2</ele>
        <time>2026-10-08T06:10:01Z</time>
      </trkpt>
      <trkpt lat="46.241907" lon="6.089592">
        <ele>436.3</ele>
        <time>2026-10-08T06:10:02Z</time>
      </trkpt>
      <trkpt lat="46.241862" lon="6.089529">
        <ele>436.5</ele>
        <time>2026-10-08T06:10:03Z</time>
      </trkpt>
      <trkpt lat="46.241822" lon="6.08946">
        <ele>436.6</ele>
        <time>2026-10-08T06:10:04Z</time>
      </trkpt>
      <trkpt lat="46.241777" lon="6.089396">
        <ele>436.7</ele>
        <time>2026-10-08T06:10:05Z</time>
      </trkpt>
      <trkpt lat="46.241732" lon="6.089333">
        <ele>436.8</ele>
        <time>2026-10-08T06:10:06Z</time>
      </trkpt>
      <trkpt lat="46.241684" lon="6.089269">
        <ele>437.0</ele>
        <time>2026-10-08T06:10:07Z</time>
      </trkpt>
      <trkpt lat="46.241642" lon="6.089203">
        <ele>437.1</ele>
        <time>2026-10-08T06:10:08Z</time>
      </trkpt>
      <trkpt lat="46.241597" lon="6.089137">
        <ele>437.2</ele>
        <time>2026-10-08T06:10:09Z</time>
      </trkpt>
      <trkpt lat="46.24155" lon="6.08907">
        <ele>437.4</ele>
        <time>2026-10-08T06:10:10Z</time>
      </trkpt>
      <trkpt lat="46.241505" lon="6.089007">
        <ele>437.5</ele>
        <time>2026-10-08T06:10:11Z</time>
      </trkpt>
      <trkpt lat="46.241461" lon="6.088941">
        <ele>437.6</ele>
        <time>2026-10-08T06:10:12Z</time>
      </trkpt>
      <trkpt lat="46.241417" lon="6.088876">
        <ele>437.7</ele>
        <time>2026-10-08T06:10:13Z</time>
      </trkpt>
      <trkpt lat="46.241374" lon="6.088811">
        <ele>437.8</ele>
        <time>2026-10-08T06:10:14Z</time>
      </trkpt>
      <trkpt lat="46.241329" lon="6.088745">
        <ele>437.8</ele>
        <time>2026-10-08T06:10:15Z</time>
      </trkpt>
      <trkpt lat="46.241285" lon="6.08868">
        <ele>437.9</ele>
        <time>2026-10-08T06:10:16Z</time>
      </trkpt>
      <trkpt lat="46.241241" lon="6.088615">
        <ele>438.0</ele>
        <time>2026-10-08T06:10:17Z</time>
      </trkpt>
      <trkpt lat="46.241197" lon="6.088548">
        <ele>438.0</ele>
        <time>2026-10-08T06:10:18Z</time>
      </trkpt>
      <trkpt lat="46.241154" lon="6.088486">
        <ele>438.1</ele>
        <time>2026-10-08T06:10:19Z</time>
      </trkpt>
      <trkpt lat="46.241111" lon="6.088418">
        <ele>438.2</ele>
        <time>2026-10-08T06:10:20Z</time>
      </trkpt>
      <trkpt lat="46.241075" lon="6.088347">
        <ele>438.2</ele>
        <time>2026-10-08T06:10:21Z</time>
      </trkpt>
      <trkpt lat="46.241038" lon="6.08828">
        <ele>438.3</ele>
        <time>2026-10-08T06:10:22Z</time>
      </trkpt>
      <trkpt lat="46.24097" lon="6.088229">
        <ele>438.3</ele>
        <time>2026-10-08T06:10:23Z</time>
      </trkpt>
      <trkpt lat="46.240915" lon="6.088174">
        <ele>438.4</ele>
        <time>2026-10-08T06:10:24Z</time>
      </trkpt>
      <trkpt lat="46.240883" lon="6.088104">
        <ele>438.4</ele>
        <time>2026-10-08T06:10:25Z</time>
      </trkpt>
      <trkpt lat="46.240834" lon="6.088043">
        <ele>438.4</ele>
        <time>2026-10-08T06:10:26Z</time>
      </trkpt>
      <trkpt lat="46.240792" lon="6.087974">
        <ele>438.4</ele>
        <time>2026-10-08T06:10:27Z</time>
      </trkpt>
      <trkpt lat="46.240747" lon="6.087907">
        <ele>438.3</ele>
        <time>2026-10-08T06:10:28Z</time>
      </trkpt>
      <trkpt lat="46.240701" lon="6.08784">
        <ele>438.3</ele>
        <time>2026-10-08T06:10:29Z</time>
      </trkpt>
      <trkpt lat="46.240654" lon="6.087773">
        <ele>438.3</ele>
        <time>2026-10-08T06:10:30Z</time>
      </trkpt>
      <trkpt lat="46.240609" lon="6.087703">
        <ele>438.3</ele>
        <time>2026-10-08T06:10:31Z</time>
      </trkpt>
      <trkpt lat="46.240564" lon="6.087634">
        <ele>438.2</ele>
        <time>2026-10-08T06:10:32Z</time>
      </trkpt>
      <trkpt lat="46.240519" lon="6.087561">
        <ele>438.2</ele>
        <time>2026-10-08T06:10:33Z</time>
      </trkpt>
      <trkpt lat="46.240471" lon="6.087487">
        <ele>438.2</ele>
        <time>2026-10-08T06:10:34Z</time>
      </trkpt>
      <trkpt lat="46.240423" lon="6.087418">
        <ele>438.2</ele>
        <time>2026-10-08T06:10:35Z</time>
      </trkpt>
      <trkpt lat="46.240374" lon="6.087345">
        <ele>438.2</ele>
        <time>2026-10-08T06:10:36Z</time>
      </trkpt>
      <trkpt lat="46.240325" lon="6.087272">
        <ele>438.3</ele>
        <time>2026-10-08T06:10:37Z</time>
      </trkpt>
      <trkpt lat="46.240277" lon="6.087196">
        <ele>438.3</ele>
        <time>2026-10-08T06:10:38Z</time>
      </trkpt>
      <trkpt lat="46.240228" lon="6.08712">
        <ele>438.3</ele>
        <time>2026-10-08T06:10:39Z</time>
      </trkpt>
      <trkpt lat="46.240179" lon="6.087045">
        <ele>438.4</ele>
        <time>2026-10-08T06:10:40Z</time>
      </trkpt>
      <trkpt lat="46.240128" lon="6.086973">
        <ele>438.4</ele>
        <time>2026-10-08T06:10:41Z</time>
      </trkpt>
      <trkpt lat="46.240079" lon="6.0869">
        <ele>438.4</ele>
        <time>2026-10-08T06:10:42Z</time>
      </trkpt>
      <trkpt lat="46.24003" lon="6.086825">
        <ele>438.5</ele>
        <time>2026-10-08T06:10:43Z</time>
      </trkpt>
      <trkpt lat="46.23998" lon="6.086754">
        <ele>438.6</ele>
        <time>2026-10-08T06:10:44Z</time>
      </trkpt>
      <trkpt lat="46.23993" lon="6.086686">
        <ele>438.6</ele>
        <time>2026-10-08T06:10:45Z</time>
      </trkpt>
      <trkpt lat="46.239882" lon="6.086614">
        <ele>438.7</ele>
        <time>2026-10-08T06:10:46Z</time>
      </trkpt>
      <trkpt lat="46.239836" lon="6.086544">
        <ele>438.8</ele>
        <time>2026-10-08T06:10:47Z</time>
      </trkpt>
      <trkpt lat="46.239788" lon="6.086474">
        <ele>439.0</ele>
        <time>2026-10-08T06:10:48Z</time>
      </trkpt>
      <trkpt lat="46.239742" lon="6.086404">
        <ele>439.1</ele>
        <time>2026-10-08T06:10:49Z</time>
      </trkpt>
      <trkpt lat="46.239698" lon="6.086336">
        <ele>439.3</ele>
        <time>2026-10-08T06:10:50Z</time>
      </trkpt>
      <trkpt lat="46.239654" lon="6.086266">
        <ele>439.5</ele>
        <time>2026-10-08T06:10:51Z</time>
      </trkpt>
      <trkpt lat="46.239612" lon="6.086196">
        <ele>439.7</ele>
        <time>2026-10-08T06:10:52Z</time>
      </trkpt>
      <trkpt lat="46.239568" lon="6.086132">
        <ele>439.9</ele>
        <time>2026-10-08T06:10:53Z</time>
      </trkpt>
      <trkpt lat="46.239524" lon="6.086068">
        <ele>440.1</ele>
        <time>2026-10-08T06:10:54Z</time>
      </trkpt>
      <trkpt lat="46.239478" lon="6.086004">
        <ele>440.3</ele>
        <time>2026-10-08T06:10:55Z</time>
      </trkpt>
      <trkpt lat="46.239432" lon="6.08594">
        <ele>440.4</ele>
        <time>2026-10-08T06:10:56Z</time>
      </trkpt>
      <trkpt lat="46.239387" lon="6.085872">
        <ele>440.5</ele>
        <time>2026-10-08T06:10:57Z</time>
      </trkpt>
      <trkpt lat="46.239344" lon="6.085805">
        <ele>440.6</ele>
        <time>2026-10-08T06:10:58Z</time>
      </trkpt>
      <trkpt lat="46.239296" lon="6.085742">
        <ele>440.6</ele>
        <time>2026-10-08T06:10:59Z</time>
      </trkpt>
      <trkpt lat="46.239249" lon="6.08568">
        <ele>440.7</ele>
        <time>2026-10-08T06:11:00Z</time>
      </trkpt>
      <trkpt lat="46.239204" lon="6.085613">
        <ele>440.7</ele>
        <time>2026-10-08T06:11:01Z</time>
      </trkpt>
      <trkpt lat="46.23916" lon="6.085542">
        <ele>440.7</ele>
        <time>2026-10-08T06:11:02Z</time>
      </trkpt>
      <trkpt lat="46.239117" lon="6.085472">
        <ele>440.7</ele>
        <time>2026-10-08T06:11:03Z</time>
      </trkpt>
      <trkpt lat="46.239071" lon="6.085404">
        <ele>440.7</ele>
        <time>2026-10-08T06:11:04Z</time>
      </trkpt>
      <trkpt lat="46.239025" lon="6.085337">
        <ele>440.7</ele>
        <time>2026-10-08T06:11:05Z</time>
      </trkpt>
      <trkpt lat="46.23898" lon="6.085268">
        <ele>440.7</ele>
        <time>2026-10-08T06:11:06Z</time>
      </trkpt>
      <trkpt lat="46.238923" lon="6.085221">
        <ele>440.6</ele>
        <time>2026-10-08T06:11:07Z</time>
      </trkpt>
      <trkpt lat="46.238856" lon="6.085191">
        <ele>440.6</ele>
        <time>2026-10-08T06:11:08Z</time>
      </trkpt>
      <trkpt lat="46.238792" lon="6.085153">
        <ele>440.6</ele>
        <time>2026-10-08T06:11:09Z</time>
      </trkpt>
      <trkpt lat="46.238744" lon="6.08508">
        <ele>440.3</ele>
        <time>2026-10-08T06:11:10Z</time>
      </trkpt>
      <trkpt lat="46.238706" lon="6.084984">
        <ele>440.0</ele>
        <time>2026-10-08T06:11:11Z</time>
      </trkpt>
      <trkpt lat="46.23867" lon="6.084887">
        <ele>439.6</ele>
        <time>2026-10-08T06:11:12Z</time>
      </trkpt>
      <trkpt lat="46.238626" lon="6.084794">
        <ele>439.2</ele>
        <time>2026-10-08T06:11:13Z</time>
      </trkpt>
      <trkpt lat="46.238575" lon="6.084707">
        <ele>438.8</ele>
        <time>2026-10-08T06:11:14Z</time>
      </trkpt>
      <trkpt lat="46.238518" lon="6.084618">
        <ele>438.4</ele>
        <time>2026-10-08T06:11:15Z</time>
      </trkpt>
      <trkpt lat="46.23846" lon="6.084532">
        <ele>438.0</ele>
        <time>2026-10-08T06:11:16Z</time>
      </trkpt>
      <trkpt lat="46.238401" lon="6.08444">
        <ele>437.7</ele>
        <time>2026-10-08T06:11:17Z</time>
      </trkpt>
      <trkpt lat="46.238339" lon="6.084353">
        <ele>437.4</ele>
        <time>2026-10-08T06:11:18Z</time>
      </trkpt>
      <trkpt lat="46.238276" lon="6.084263">
        <ele>437.0</ele>
        <time>2026-10-08T06:11:19Z</time>
      </trkpt>
      <trkpt lat="46.238215" lon="6.084172">
        <ele>436.7</ele>
        <time>2026-10-08T06:11:20Z</time>
      </trkpt>
      <trkpt lat="46.238155" lon="6.084076">
        <ele>436.5</ele>
        <time>2026-10-08T06:11:21Z</time>
      </trkpt>
      <trkpt lat="46.238094" lon="6.083984">
        <ele>436.3</ele>
        <time>2026-10-08T06:11:22Z</time>
      </trkpt>
      <trkpt lat="46.238032" lon="6.083893">
        <ele>436.1</ele>
        <time>2026-10-08T06:11:23Z</time>
      </trkpt>
      <trkpt lat="46.23797" lon="6.083804">
        <ele>436.0</ele>
        <time>2026-10-08T06:11:24Z</time>
      </trkpt>
      <trkpt lat="46.237906" lon="6.083714">
        <ele>435.9</ele>
        <time>2026-10-08T06:11:25Z</time>
      </trkpt>
      <trkpt lat="46.237845" lon="6.083627">
        <ele>435.9</ele>
        <time>2026-10-08T06:11:26Z</time>
      </trkpt>
      <trkpt lat="46.237786" lon="6.083538">
        <ele>435.8</ele>
        <time>2026-10-08T06:11:27Z</time>
      </trkpt>
      <trkpt lat="46.237729" lon="6.08345">
        <ele>435.8</ele>
        <time>2026-10-08T06:11:28Z</time>
      </trkpt>
      <trkpt lat="46.237678" lon="6.08336">
        <ele>435.8</ele>
        <time>2026-10-08T06:11:29Z</time>
      </trkpt>
      <trkpt lat="46.237628" lon="6.083267">
        <ele>435.8</ele>
        <time>2026-10-08T06:11:30Z</time>
      </trkpt>
      <trkpt lat="46.237577" lon="6.083183">
        <ele>435.7</ele>
        <time>2026-10-08T06:11:31Z</time>
      </trkpt>
      <trkpt lat="46.237536" lon="6.083106">
        <ele>435.6</ele>
        <time>2026-10-08T06:11:32Z</time>
      </trkpt>
      <trkpt lat="46.237498" lon="6.083046">
        <ele>435.6</ele>
        <time>2026-10-08T06:11:33Z</time>
      </trkpt>
      <trkpt lat="46.23748" lon="6.082974">
        <ele>435.5</ele>
        <time>2026-10-08T06:11:34Z</time>
      </trkpt>
      <trkpt lat="46.237494" lon="6.082886">
        <ele>435.3</ele>
        <time>2026-10-08T06:11:35Z</time>
      </trkpt>
      <trkpt lat="46.237541" lon="6.082821">
        <ele>435.2</ele>
        <time>2026-10-08T06:11:36Z</time>
      </trkpt>
      <trkpt lat="46.237598" lon="6.082767">
        <ele>435.1</ele>
        <time>2026-10-08T06:11:37Z</time>
      </trkpt>
      <trkpt lat="46.237652" lon="6.082708">
        <ele>434.8</ele>
        <time>2026-10-08T06:11:38Z</time>
      </trkpt>
      <trkpt lat="46.237708" lon="6.082645">
        <ele>434.6</ele>
        <time>2026-10-08T06:11:39Z</time>
      </trkpt>
      <trkpt lat="46.237766" lon="6.082582">
        <ele>434.3</ele>
        <time>2026-10-08T06:11:40Z</time>
      </trkpt>
      <trkpt lat="46.237827" lon="6.08251">
        <ele>434.0</ele>
        <time>2026-10-08T06:11:41Z</time>
      </trkpt>
      <trkpt lat="46.237884" lon="6.082431">
        <ele>433.7</ele>
        <time>2026-10-08T06:11:42Z</time>
      </trkpt>
      <trkpt lat="46.237938" lon="6.082343">
        <ele>433.4</ele>
        <time>2026-10-08T06:11:43Z</time>
      </trkpt>
      <trkpt lat="46.237993" lon="6.082253">
        <ele>433.2</ele>
        <time>2026-10-08T06:11:44Z</time>
      </trkpt>
      <trkpt lat="46.238053" lon="6.082166">
        <ele>433.0</ele>
        <time>2026-10-08T06:11:45Z</time>
      </trkpt>
      <trkpt lat="46.238122" lon="6.082089">
        <ele>432.7</ele>
        <time>2026-10-08T06:11:46Z</time>
      </trkpt>
      <trkpt lat="46.23819" lon="6.082008">
        <ele>432.5</ele>
        <time>2026-10-08T06:11:47Z</time>
      </trkpt>
      <trkpt lat="46.238258" lon="6.081918">
        <ele>432.2</ele>
        <time>2026-10-08T06:11:48Z</time>
      </trkpt>
      <trkpt lat="46.23832" lon="6.081823">
        <ele>431.9</ele>
        <time>2026-10-08T06:11:49Z</time>
      </trkpt>
      <trkpt lat="46.23838" lon="6.081724">
        <ele>431.7</ele>
        <time>2026-10-08T06:11:50Z</time>
      </trkpt>
      <trkpt lat="46.238445" lon="6.08163">
        <ele>431.5</ele>
        <time>2026-10-08T06:11:51Z</time>
      </trkpt>
      <trkpt lat="46.238514" lon="6.081546">
        <ele>431.3</ele>
        <time>2026-10-08T06:11:52Z</time>
      </trkpt>
      <trkpt lat="46.238585" lon="6.081463">
        <ele>431.1</ele>
        <time>2026-10-08T06:11:53Z</time>
      </trkpt>
      <trkpt lat="46.238655" lon="6.08138">
        <ele>430.9</ele>
        <time>2026-10-08T06:11:54Z</time>
      </trkpt>
      <trkpt lat="46.238718" lon="6.08129">
        <ele>430.7</ele>
        <time>2026-10-08T06:11:55Z</time>
      </trkpt>
      <trkpt lat="46.238775" lon="6.08119">
        <ele>430.5</ele>
        <time>2026-10-08T06:11:56Z</time>
      </trkpt>
      <trkpt lat="46.238835" lon="6.081098">
        <ele>430.4</ele>
        <time>2026-10-08T06:11:57Z</time>
      </trkpt>
      <trkpt lat="46.238899" lon="6.081014">
        <ele>430.3</ele>
        <time>2026-10-08T06:11:58Z</time>
      </trkpt>
      <trkpt lat="46.238968" lon="6.080932">
        <ele>430.2</ele>
        <time>2026-10-08T06:11:59Z</time>
      </trkpt>
      <trkpt lat="46.239041" lon="6.080851">
        <ele>430.1</ele>
        <time>2026-10-08T06:12:00Z</time>
      </trkpt>
      <trkpt lat="46.239112" lon="6.080777">
        <ele>429.9</ele>
        <time>2026-10-08T06:12:01Z</time>
      </trkpt>
      <trkpt lat="46.239183" lon="6.080701">
        <ele>429.8</ele>
        <time>2026-10-08T06:12:02Z</time>
      </trkpt>
      <trkpt lat="46.239249" lon="6.080612">
        <ele>429.7</ele>
        <time>2026-10-08T06:12:03Z</time>
      </trkpt>
      <trkpt lat="46.239312" lon="6.080528">
        <ele>429.6</ele>
        <time>2026-10-08T06:12:04Z</time>
      </trkpt>
      <trkpt lat="46.239377" lon="6.080442">
        <ele>429.4</ele>
        <time>2026-10-08T06:12:05Z</time>
      </trkpt>
      <trkpt lat="46.239439" lon="6.080351">
        <ele>429.3</ele>
        <time>2026-10-08T06:12:06Z</time>
      </trkpt>
      <trkpt lat="46.239503" lon="6.080262">
        <ele>429.1</ele>
        <time>2026-10-08T06:12:07Z</time>
      </trkpt>
      <trkpt lat="46.239573" lon="6.080188">
        <ele>429.0</ele>
        <time>2026-10-08T06:12:08Z</time>
      </trkpt>
      <trkpt lat="46.239647" lon="6.080118">
        <ele>428.8</ele>
        <time>2026-10-08T06:12:09Z</time>
      </trkpt>
      <trkpt lat="46.239716" lon="6.080041">
        <ele>428.7</ele>
        <time>2026-10-08T06:12:10Z</time>
      </trkpt>
      <trkpt lat="46.239782" lon="6.07996">
        <ele>428.6</ele>
        <time>2026-10-08T06:12:11Z</time>
      </trkpt>
      <trkpt lat="46.23985" lon="6.079881">
        <ele>428.4</ele>
        <time>2026-10-08T06:12:12Z</time>
      </trkpt>
      <trkpt lat="46.23992" lon="6.079804">
        <ele>428.3</ele>
        <time>2026-10-08T06:12:13Z</time>
      </trkpt>
      <trkpt lat="46.239989" lon="6.079721">
        <ele>428.2</ele>
        <time>2026-10-08T06:12:14Z</time>
      </trkpt>
      <trkpt lat="46.240056" lon="6.079639">
        <ele>428.1</ele>
        <time>2026-10-08T06:12:15Z</time>
      </trkpt>
      <trkpt lat="46.24012" lon="6.079556">
        <ele>428.0</ele>
        <time>2026-10-08T06:12:16Z</time>
      </trkpt>
      <trkpt lat="46.240185" lon="6.079476">
        <ele>427.9</ele>
        <time>2026-10-08T06:12:17Z</time>
      </trkpt>
      <trkpt lat="46.24025" lon="6.079392">
        <ele>427.8</ele>
        <time>2026-10-08T06:12:18Z</time>
      </trkpt>
      <trkpt lat="46.240308" lon="6.079305">
        <ele>427.8</ele>
        <time>2026-10-08T06:12:19Z</time>
      </trkpt>
      <trkpt lat="46.240354" lon="6.079207">
        <ele>427.7</ele>
        <time>2026-10-08T06:12:20Z</time>
      </trkpt>
      <trkpt lat="46.240385" lon="6.079096">
        <ele>427.7</ele>
        <time>2026-10-08T06:12:21Z</time>
      </trkpt>
      <trkpt lat="46.240394" lon="6.078976">
        <ele>427.6</ele>
        <time>2026-10-08T06:12:22Z</time>
      </trkpt>
      <trkpt lat="46.240376" lon="6.078855">
        <ele>427.6</ele>
        <time>2026-10-08T06:12:23Z</time>
      </trkpt>
      <trkpt lat="46.240339" lon="6.078745">
        <ele>427.6</ele>
        <time>2026-10-08T06:12:24Z</time>
      </trkpt>
      <trkpt lat="46.240291" lon="6.078648">
        <ele>427.6</ele>
        <time>2026-10-08T06:12:25Z</time>
      </trkpt>
      <trkpt lat="46.240231" lon="6.078574">
        <ele>427.6</ele>
        <time>2026-10-08T06:12:26Z</time>
      </trkpt>
      <trkpt lat="46.240163" lon="6.078508">
        <ele>427.6</ele>
        <time>2026-10-08T06:12:27Z</time>
      </trkpt>
      <trkpt lat="46.240106" lon="6.078436">
        <ele>427.6</ele>
        <time>2026-10-08T06:12:28Z</time>
      </trkpt>
      <trkpt lat="46.240053" lon="6.078368">
        <ele>427.6</ele>
        <time>2026-10-08T06:12:29Z</time>
      </trkpt>
      <trkpt lat="46.240003" lon="6.078279">
        <ele>427.6</ele>
        <time>2026-10-08T06:12:30Z</time>
      </trkpt>
      <trkpt lat="46.239949" lon="6.078209">
        <ele>427.6</ele>
        <time>2026-10-08T06:12:31Z</time>
      </trkpt>
      <trkpt lat="46.239894" lon="6.078139">
        <ele>427.5</ele>
        <time>2026-10-08T06:12:32Z</time>
      </trkpt>
      <trkpt lat="46.239839" lon="6.078061">
        <ele>427.4</ele>
        <time>2026-10-08T06:12:33Z</time>
      </trkpt>
      <trkpt lat="46.239795" lon="6.077982">
        <ele>427.4</ele>
        <time>2026-10-08T06:12:34Z</time>
      </trkpt>
      <trkpt lat="46.239747" lon="6.077899">
        <ele>427.3</ele>
        <time>2026-10-08T06:12:35Z</time>
      </trkpt>
      <trkpt lat="46.239697" lon="6.077817">
        <ele>427.1</ele>
        <time>2026-10-08T06:12:36Z</time>
      </trkpt>
      <trkpt lat="46.239643" lon="6.077744">
        <ele>427.0</ele>
        <time>2026-10-08T06:12:37Z</time>
      </trkpt>
      <trkpt lat="46.239587" lon="6.077674">
        <ele>426.8</ele>
        <time>2026-10-08T06:12:38Z</time>
      </trkpt>
      <trkpt lat="46.239534" lon="6.077597">
        <ele>426.7</ele>
        <time>2026-10-08T06:12:39Z</time>
      </trkpt>
      <trkpt lat="46.239482" lon="6.077518">
        <ele>426.5</ele>
        <time>2026-10-08T06:12:40Z</time>
      </trkpt>
      <trkpt lat="46.239426" lon="6.07744">
        <ele>426.3</ele>
        <time>2026-10-08T06:12:41Z</time>
      </trkpt>
      <trkpt lat="46.239374" lon="6.077357">
        <ele>426.1</ele>
        <time>2026-10-08T06:12:42Z</time>
      </trkpt>
      <trkpt lat="46.239321" lon="6.077277">
        <ele>425.9</ele>
        <time>2026-10-08T06:12:43Z</time>
      </trkpt>
      <trkpt lat="46.239269" lon="6.077201">
        <ele>425.7</ele>
        <time>2026-10-08T06:12:44Z</time>
      </trkpt>
      <trkpt lat="46.239219" lon="6.077132">
        <ele>425.5</ele>
        <time>2026-10-08T06:12:45Z</time>
      </trkpt>
      <trkpt lat="46.23917" lon="6.077066">
        <ele>425.3</ele>
        <time>2026-10-08T06:12:46Z</time>
      </trkpt>
      <trkpt lat="46.23912" lon="6.07702">
        <ele>425.2</ele>
        <time>2026-10-08T06:12:47Z</time>
      </trkpt>
      <trkpt lat="46.239062" lon="6.076994">
        <ele>425.0</ele>
        <time>2026-10-08T06:12:48Z</time>
      </trkpt>
      <trkpt lat="46.239014" lon="6.076962">
        <ele>424.9</ele>
        <time>2026-10-08T06:12:49Z</time>
      </trkpt>
      <trkpt lat="46.23897" lon="6.076894">
        <ele>424.8</ele>
        <time>2026-10-08T06:12:50Z</time>
      </trkpt>
      <trkpt lat="46.238933" lon="6.076819">
        <ele>424.6</ele>
        <time>2026-10-08T06:12:51Z</time>
      </trkpt>
      <trkpt lat="46.238887" lon="6.076759">
        <ele>424.5</ele>
        <time>2026-10-08T06:12:52Z</time>
      </trkpt>
      <trkpt lat="46.238835" lon="6.076694">
        <ele>424.4</ele>
        <time>2026-10-08T06:12:53Z</time>
      </trkpt>
      <trkpt lat="46.238794" lon="6.076623">
        <ele>424.3</ele>
        <time>2026-10-08T06:12:54Z</time>
      </trkpt>
      <trkpt lat="46.238752" lon="6.076558">
        <ele>424.2</ele>
        <time>2026-10-08T06:12:55Z</time>
      </trkpt>
      <trkpt lat="46.23871" lon="6.076496">
        <ele>424.0</ele>
        <time>2026-10-08T06:12:56Z</time>
      </trkpt>
      <trkpt lat="46.238669" lon="6.07643">
        <ele>423.8</ele>
        <time>2026-10-08T06:12:57Z</time>
      </trkpt>
      <trkpt lat="46.238622" lon="6.076375">
        <ele>423.6</ele>
        <time>2026-10-08T06:12:58Z</time>
      </trkpt>
      <trkpt lat="46.23858" lon="6.076313">
        <ele>423.5</ele>
        <time>2026-10-08T06:12:59Z</time>
      </trkpt>
      <trkpt lat="46.238542" lon="6.076252">
        <ele>423.3</ele>
        <time>2026-10-08T06:13:00Z</time>
      </trkpt>
      <trkpt lat="46.238507" lon="6.076192">
        <ele>423.1</ele>
        <time>2026-10-08T06:13:01Z</time>
      </trkpt>
      <trkpt lat="46.238462" lon="6.076148">
        <ele>422.9</ele>
        <time>2026-10-08T06:13:02Z</time>
      </trkpt>
      <trkpt lat="46.238428" lon="6.076083">
        <ele>422.8</ele>
        <time>2026-10-08T06:13:03Z</time>
      </trkpt>
      <trkpt lat="46.238397" lon="6.076005">
        <ele>422.6</ele>
        <time>2026-10-08T06:13:04Z</time>
      </trkpt>
      <trkpt lat="46.238357" lon="6.07593">
        <ele>422.4</ele>
        <time>2026-10-08T06:13:05Z</time>
      </trkpt>
      <trkpt lat="46.238314" lon="6.075852">
        <ele>422.2</ele>
        <time>2026-10-08T06:13:06Z</time>
      </trkpt>
      <trkpt lat="46.238262" lon="6.075774">
        <ele>422.0</ele>
        <time>2026-10-08T06:13:07Z</time>
      </trkpt>
      <trkpt lat="46.238215" lon="6.075688">
        <ele>421.8</ele>
        <time>2026-10-08T06:13:08Z</time>
      </trkpt>
      <trkpt lat="46.238166" lon="6.075601">
        <ele>421.6</ele>
        <time>2026-10-08T06:13:09Z</time>
      </trkpt>
      <trkpt lat="46.238111" lon="6.075521">
        <ele>421.4</ele>
        <time>2026-10-08T06:13:10Z</time>
      </trkpt>
      <trkpt lat="46.238052" lon="6.075444">
        <ele>421.2</ele>
        <time>2026-10-08T06:13:11Z</time>
      </trkpt>
      <trkpt lat="46.237989" lon="6.075373">
        <ele>421.1</ele>
        <time>2026-10-08T06:13:12Z</time>
      </trkpt>
      <trkpt lat="46.237925" lon="6.075301">
        <ele>421.0</ele>
        <time>2026-10-08T06:13:13Z</time>
      </trkpt>
      <trkpt lat="46.237865" lon="6.075223">
        <ele>420.9</ele>
        <time>2026-10-08T06:13:14Z</time>
      </trkpt>
      <trkpt lat="46.237807" lon="6.07514">
        <ele>420.8</ele>
        <time>2026-10-08T06:13:15Z</time>
      </trkpt>
      <trkpt lat="46.237763" lon="6.07505">
        <ele>420.8</ele>
        <time>2026-10-08T06:13:16Z</time>
      </trkpt>
      <trkpt lat="46.237715" lon="6.07496">
        <ele>420.8</ele>
        <time>2026-10-08T06:13:17Z</time>
      </trkpt>
      <trkpt lat="46.237665" lon="6.074868">
        <ele>420.8</ele>
        <time>2026-10-08T06:13:18Z</time>
      </trkpt>
      <trkpt lat="46.237613" lon="6.074786">
        <ele>420.8</ele>
        <time>2026-10-08T06:13:19Z</time>
      </trkpt>
      <trkpt lat="46.237558" lon="6.074711">
        <ele>420.8</ele>
        <time>2026-10-08T06:13:20Z</time>
      </trkpt>
      <trkpt lat="46.237502" lon="6.074643">
        <ele>420.8</ele>
        <time>2026-10-08T06:13:21Z</time>
      </trkpt>
      <trkpt lat="46.237446" lon="6.07458">
        <ele>420.9</ele>
        <time>2026-10-08T06:13:22Z</time>
      </trkpt>
      <trkpt lat="46.237399" lon="6.074507">
        <ele>421.0</ele>
        <time>2026-10-08T06:13:23Z</time>
      </trkpt>
      <trkpt lat="46.237358" lon="6.074432">
        <ele>421.1</ele>
        <time>2026-10-08T06:13:24Z</time>
      </trkpt>
      <trkpt lat="46.237322" lon="6.074357">
        <ele>421.1</ele>
        <time>2026-10-08T06:13:25Z</time>
      </trkpt>
      <trkpt lat="46.237312" lon="6.074264">
        <ele>421.2</ele>
        <time>2026-10-08T06:13:26Z</time>
      </trkpt>
      <trkpt lat="46.237344" lon="6.07417">
        <ele>420.7</ele>
        <time>2026-10-08T06:13:27Z</time>
      </trkpt>
      <trkpt lat="46.2374" lon="6.074094">
        <ele>420.3</ele>
        <time>2026-10-08T06:13:28Z</time>
      </trkpt>
      <trkpt lat="46.237471" lon="6.074027">
        <ele>420.0</ele>
        <time>2026-10-08T06:13:29Z</time>
      </trkpt>
      <trkpt lat="46.237538" lon="6.073955">
        <ele>419.6</ele>
        <time>2026-10-08T06:13:30Z</time>
      </trkpt>
      <trkpt lat="46.2376" lon="6.073866">
        <ele>419.3</ele>
        <time>2026-10-08T06:13:31Z</time>
      </trkpt>
      <trkpt lat="46.237659" lon="6.073777">
        <ele>419.1</ele>
        <time>2026-10-08T06:13:32Z</time>
      </trkpt>
      <trkpt lat="46.237718" lon="6.073689">
        <ele>419.0</ele>
        <time>2026-10-08T06:13:33Z</time>
      </trkpt>
      <trkpt lat="46.237777" lon="6.073601">
        <ele>418.9</ele>
        <time>2026-10-08T06:13:34Z</time>
      </trkpt>
      <trkpt lat="46.237837" lon="6.073513">
        <ele>418.8</ele>
        <time>2026-10-08T06:13:35Z</time>
      </trkpt>
      <trkpt lat="46.237896" lon="6.073427">
        <ele>418.7</ele>
        <time>2026-10-08T06:13:36Z</time>
      </trkpt>
      <trkpt lat="46.237954" lon="6.073342">
        <ele>418.6</ele>
        <time>2026-10-08T06:13:37Z</time>
      </trkpt>
      <trkpt lat="46.238008" lon="6.073255">
        <ele>418.5</ele>
        <time>2026-10-08T06:13:38Z</time>
      </trkpt>
      <trkpt lat="46.238068" lon="6.073175">
        <ele>418.6</ele>
        <time>2026-10-08T06:13:39Z</time>
      </trkpt>
      <trkpt lat="46.238126" lon="6.073097">
        <ele>418.6</ele>
        <time>2026-10-08T06:13:40Z</time>
      </trkpt>
      <trkpt lat="46.238181" lon="6.073014">
        <ele>418.6</ele>
        <time>2026-10-08T06:13:41Z</time>
      </trkpt>
      <trkpt lat="46.238232" lon="6.072929">
        <ele>418.6</ele>
        <time>2026-10-08T06:13:42Z</time>
      </trkpt>
      <trkpt lat="46.238283" lon="6.072846">
        <ele>418.7</ele>
        <time>2026-10-08T06:13:43Z</time>
      </trkpt>
      <trkpt lat="46.238334" lon="6.072766">
        <ele>418.7</ele>
        <time>2026-10-08T06:13:44Z</time>
      </trkpt>
      <trkpt lat="46.238385" lon="6.072689">
        <ele>418.7</ele>
        <time>2026-10-08T06:13:45Z</time>
      </trkpt>
      <trkpt lat="46.238433" lon="6.072613">
        <ele>418.7</ele>
        <time>2026-10-08T06:13:46Z</time>
      </trkpt>
      <trkpt lat="46.238483" lon="6.072535">
        <ele>418.8</ele>
        <time>2026-10-08T06:13:47Z</time>
      </trkpt>
      <trkpt lat="46.238542" lon="6.07247">
        <ele>418.8</ele>
        <time>2026-10-08T06:13:48Z</time>
      </trkpt>
      <trkpt lat="46.238597" lon="6.072405">
        <ele>418.8</ele>
        <time>2026-10-08T06:13:49Z</time>
      </trkpt>
      <trkpt lat="46.238651" lon="6.072332">
        <ele>418.8</ele>
        <time>2026-10-08T06:13:50Z</time>
      </trkpt>
      <trkpt lat="46.238703" lon="6.07225">
        <ele>418.8</ele>
        <time>2026-10-08T06:13:51Z</time>
      </trkpt>
      <trkpt lat="46.238755" lon="6.072172">
        <ele>418.8</ele>
        <time>2026-10-08T06:13:52Z</time>
      </trkpt>
      <trkpt lat="46.238807" lon="6.072096">
        <ele>418.8</ele>
        <time>2026-10-08T06:13:53Z</time>
      </trkpt>
      <trkpt lat="46.238859" lon="6.072019">
        <ele>418.9</ele>
        <time>2026-10-08T06:13:54Z</time>
      </trkpt>
      <trkpt lat="46.238913" lon="6.071944">
        <ele>418.9</ele>
        <time>2026-10-08T06:13:55Z</time>
      </trkpt>
      <trkpt lat="46.238962" lon="6.071868">
        <ele>419.0</ele>
        <time>2026-10-08T06:13:56Z</time>
      </trkpt>
      <trkpt lat="46.23901" lon="6.071792">
        <ele>419.1</ele>
        <time>2026-10-08T06:13:57Z</time>
      </trkpt>
      <trkpt lat="46.239061" lon="6.071718">
        <ele>419.2</ele>
        <time>2026-10-08T06:13:58Z</time>
      </trkpt>
      <trkpt lat="46.239112" lon="6.071648">
        <ele>419.2</ele>
        <time>2026-10-08T06:13:59Z</time>
      </trkpt>
      <trkpt lat="46.239161" lon="6.071573">
        <ele>419.3</ele>
        <time>2026-10-08T06:14:00Z</time>
      </trkpt>
      <trkpt lat="46.23921" lon="6.071503">
        <ele>419.4</ele>
        <time>2026-10-08T06:14:01Z</time>
      </trkpt>
      <trkpt lat="46.239261" lon="6.071431">
        <ele>419.5</ele>
        <time>2026-10-08T06:14:02Z</time>
      </trkpt>
      <trkpt lat="46.23931" lon="6.07136">
        <ele>419.6</ele>
        <time>2026-10-08T06:14:03Z</time>
      </trkpt>
      <trkpt lat="46.239358" lon="6.071289">
        <ele>419.7</ele>
        <time>2026-10-08T06:14:04Z</time>
      </trkpt>
      <trkpt lat="46.239407" lon="6.071216">
        <ele>419.8</ele>
        <time>2026-10-08T06:14:05Z</time>
      </trkpt>
      <trkpt lat="46.239454" lon="6.071144">
        <ele>419.9</ele>
        <time>2026-10-08T06:14:06Z</time>
      </trkpt>
      <trkpt lat="46.239501" lon="6.071074">
        <ele>420.0</ele>
        <time>2026-10-08T06:14:07Z</time>
      </trkpt>
      <trkpt lat="46.239549" lon="6.071003">
        <ele>420.1</ele>
        <time>2026-10-08T06:14:08Z</time>
      </trkpt>
      <trkpt lat="46.239595" lon="6.070932">
        <ele>420.2</ele>
        <time>2026-10-08T06:14:09Z</time>
      </trkpt>
      <trkpt lat="46.239646" lon="6.070866">
        <ele>420.3</ele>
        <time>2026-10-08T06:14:10Z</time>
      </trkpt>
      <trkpt lat="46.239693" lon="6.0708">
        <ele>420.3</ele>
        <time>2026-10-08T06:14:11Z</time>
      </trkpt>
      <trkpt lat="46.23974" lon="6.07073">
        <ele>420.4</ele>
        <time>2026-10-08T06:14:12Z</time>
      </trkpt>
      <trkpt lat="46.239786" lon="6.07066">
        <ele>420.5</ele>
        <time>2026-10-08T06:14:13Z</time>
      </trkpt>
      <trkpt lat="46.239834" lon="6.070591">
        <ele>420.6</ele>
        <time>2026-10-08T06:14:14Z</time>
      </trkpt>
      <trkpt lat="46.239879" lon="6.070524">
        <ele>420.7</ele>
        <time>2026-10-08T06:14:15Z</time>
      </trkpt>
      <trkpt lat="46.239925" lon="6.070458">
        <ele>420.7</ele>
        <time>2026-10-08T06:14:16Z</time>
      </trkpt>
      <trkpt lat="46.239975" lon="6.070393">
        <ele>420.8</ele>
        <time>2026-10-08T06:14:17Z</time>
      </trkpt>
      <trkpt lat="46.240023" lon="6.070329">
        <ele>420.9</ele>
        <time>2026-10-08T06:14:18Z</time>
      </trkpt>
      <trkpt lat="46.240068" lon="6.070263">
        <ele>421.0</ele>
        <time>2026-10-08T06:14:19Z</time>
      </trkpt>
      <trkpt lat="46.240113" lon="6.070198">
        <ele>421.0</ele>
        <time>2026-10-08T06:14:20Z</time>
      </trkpt>
      <trkpt lat="46.240157" lon="6.070134">
        <ele>421.1</ele>
        <time>2026-10-08T06:14:21Z</time>
      </trkpt>
      <trkpt lat="46.2402" lon="6.070071">
        <ele>421.1</ele>
        <time>2026-10-08T06:14:22Z</time>
      </trkpt>
      <trkpt lat="46.240235" lon="6.070001">
        <ele>421.2</ele>
        <time>2026-10-08T06:14:23Z</time>
      </trkpt>
      <trkpt lat="46.240248" lon="6.069914">
        <ele>421.2</ele>
        <time>2026-10-08T06:14:24Z</time>
      </trkpt>
      <trkpt lat="46.240235" lon="6.069821">
        <ele>421.1</ele>
        <time>2026-10-08T06:14:25Z</time>
      </trkpt>
      <trkpt lat="46.240201" lon="6.06974">
        <ele>421.1</ele>
        <time>2026-10-08T06:14:26Z</time>
      </trkpt>
      <trkpt lat="46.24015" lon="6.06968">
        <ele>421.0</ele>
        <time>2026-10-08T06:14:27Z</time>
      </trkpt>
      <trkpt lat="46.240094" lon="6.069631">
        <ele>420.9</ele>
        <time>2026-10-08T06:14:28Z</time>
      </trkpt>
      <trkpt lat="46.240041" lon="6.069579">
        <ele>420.9</ele>
        <time>2026-10-08T06:14:29Z</time>
      </trkpt>
      <trkpt lat="46.239993" lon="6.069517">
        <ele>420.8</ele>
        <time>2026-10-08T06:14:30Z</time>
      </trkpt>
      <trkpt lat="46.239943" lon="6.069455">
        <ele>420.7</ele>
        <time>2026-10-08T06:14:31Z</time>
      </trkpt>
      <trkpt lat="46.239891" lon="6.069391">
        <ele>420.7</ele>
        <time>2026-10-08T06:14:32Z</time>
      </trkpt>
      <trkpt lat="46.239838" lon="6.06933">
        <ele>420.6</ele>
        <time>2026-10-08T06:14:33Z</time>
      </trkpt>
      <trkpt lat="46.239785" lon="6.069264">
        <ele>420.5</ele>
        <time>2026-10-08T06:14:34Z</time>
      </trkpt>
      <trkpt lat="46.239731" lon="6.069202">
        <ele>420.5</ele>
        <time>2026-10-08T06:14:35Z</time>
      </trkpt>
      <trkpt lat="46.239677" lon="6.069138">
        <ele>420.4</ele>
        <time>2026-10-08T06:14:36Z</time>
      </trkpt>
      <trkpt lat="46.239623" lon="6.069075">
        <ele>420.3</ele>
        <time>2026-10-08T06:14:37Z</time>
      </trkpt>
      <trkpt lat="46.239569" lon="6.069012">
        <ele>420.3</ele>
        <time>2026-10-08T06:14:38Z</time>
      </trkpt>
      <trkpt lat="46.239512" lon="6.068952">
        <ele>420.2</ele>
        <time>2026-10-08T06:14:39Z</time>
      </trkpt>
      <trkpt lat="46.239454" lon="6.068891">
        <ele>420.2</ele>
        <time>2026-10-08T06:14:40Z</time>
      </trkpt>
      <trkpt lat="46.239395" lon="6.068834">
        <ele>420.1</ele>
        <time>2026-10-08T06:14:41Z</time>
      </trkpt>
      <trkpt lat="46.239333" lon="6.068782">
        <ele>420.1</ele>
        <time>2026-10-08T06:14:42Z</time>
      </trkpt>
      <trkpt lat="46.239269" lon="6.068734">
        <ele>420.1</ele>
        <time>2026-10-08T06:14:43Z</time>
      </trkpt>
      <trkpt lat="46.239205" lon="6.068687">
        <ele>420.1</ele>
        <time>2026-10-08T06:14:44Z</time>
      </trkpt>
      <trkpt lat="46.239146" lon="6.068631">
        <ele>420.1</ele>
        <time>2026-10-08T06:14:45Z</time>
      </trkpt>
      <trkpt lat="46.23909" lon="6.068565">
        <ele>420.1</ele>
        <time>2026-10-08T06:14:46Z</time>
      </trkpt>
      <trkpt lat="46.239044" lon="6.068489">
        <ele>420.1</ele>
        <time>2026-10-08T06:14:47Z</time>
      </trkpt>
      <trkpt lat="46.239007" lon="6.068401">
        <ele>420.1</ele>
        <time>2026-10-08T06:14:48Z</time>
      </trkpt>
      <trkpt lat="46.238963" lon="6.068328">
        <ele>420.2</ele>
        <time>2026-10-08T06:14:49Z</time>
      </trkpt>
      <trkpt lat="46.238906" lon="6.068274">
        <ele>420.2</ele>
        <time>2026-10-08T06:14:50Z</time>
      </trkpt>
      <trkpt lat="46.238848" lon="6.068231">
        <ele>420.3</ele>
        <time>2026-10-08T06:14:51Z</time>
      </trkpt>
      <trkpt lat="46.23879" lon="6.068186">
        <ele>420.4</ele>
        <time>2026-10-08T06:14:52Z</time>
      </trkpt>
      <trkpt lat="46.238737" lon="6.068141">
        <ele>420.4</ele>
        <time>2026-10-08T06:14:53Z</time>
      </trkpt>
      <trkpt lat="46.238683" lon="6.068093">
        <ele>420.5</ele>
        <time>2026-10-08T06:14:54Z</time>
      </trkpt>
      <trkpt lat="46.238628" lon="6.06805">
        <ele>420.5</ele>
        <time>2026-10-08T06:14:55Z</time>
      </trkpt>
      <trkpt lat="46.238571" lon="6.068004">
        <ele>420.5</ele>
        <time>2026-10-08T06:14:56Z</time>
      </trkpt>
      <trkpt lat="46.238515" lon="6.067958">
        <ele>420.4</ele>
        <time>2026-10-08T06:14:57Z</time>
      </trkpt>
      <trkpt lat="46.238458" lon="6.067912">
        <ele>420.4</ele>
        <time>2026-10-08T06:14:58Z</time>
      </trkpt>
      <trkpt lat="46.238401" lon="6.067866">
        <ele>420.4</ele>
        <time>2026-10-08T06:14:59Z</time>
      </trkpt>
      <trkpt lat="46.238343" lon="6.067816">
        <ele>420.3</ele>
        <time>2026-10-08T06:15:00Z</time>
      </trkpt>
      <trkpt lat="46.238285" lon="6.067763">
        <ele>420.3</ele>
        <time>2026-10-08T06:15:01Z</time>
      </trkpt>
      <trkpt lat="46.238226" lon="6.06771">
        <ele>420.2</ele>
        <time>2026-10-08T06:15:02Z</time>
      </trkpt>
      <trkpt lat="46.238164" lon="6.067659">
        <ele>420.2</ele>
        <time>2026-10-08T06:15:03Z</time>
      </trkpt>
      <trkpt lat="46.2381" lon="6.067609">
        <ele>420.1</ele>
        <time>2026-10-08T06:15:04Z</time>
      </trkpt>
      <trkpt lat="46.238037" lon="6.06756">
        <ele>420.0</ele>
        <time>2026-10-08T06:15:05Z</time>
      </trkpt>
      <trkpt lat="46.237975" lon="6.06751">
        <ele>420.0</ele>
        <time>2026-10-08T06:15:06Z</time>
      </trkpt>
      <trkpt lat="46.237916" lon="6.067453">
        <ele>419.9</ele>
        <time>2026-10-08T06:15:07Z</time>
      </trkpt>
      <trkpt lat="46.237858" lon="6.067392">
        <ele>419.9</ele>
        <time>2026-10-08T06:15:08Z</time>
      </trkpt>
      <trkpt lat="46.237795" lon="6.067336">
        <ele>419.8</ele>
        <time>2026-10-08T06:15:09Z</time>
      </trkpt>
      <trkpt lat="46.237731" lon="6.067289">
        <ele>419.8</ele>
        <time>2026-10-08T06:15:10Z</time>
      </trkpt>
      <trkpt lat="46.237667" lon="6.067241">
        <ele>419.8</ele>
        <time>2026-10-08T06:15:11Z</time>
      </trkpt>
      <trkpt lat="46.237601" lon="6.067189">
        <ele>419.7</ele>
        <time>2026-10-08T06:15:12Z</time>
      </trkpt>
      <trkpt lat="46.237535" lon="6.067138">
        <ele>419.7</ele>
        <time>2026-10-08T06:15:13Z</time>
      </trkpt>
      <trkpt lat="46.237469" lon="6.067084">
        <ele>419.7</ele>
        <time>2026-10-08T06:15:14Z</time>
      </trkpt>
      <trkpt lat="46.237404" lon="6.067035">
        <ele>419.7</ele>
        <time>2026-10-08T06:15:15Z</time>
      </trkpt>
      <trkpt lat="46.237336" lon="6.06699">
        <ele>419.7</ele>
        <time>2026-10-08T06:15:16Z</time>
      </trkpt>
      <trkpt lat="46.23727" lon="6.066943">
        <ele>419.7</ele>
        <time>2026-10-08T06:15:17Z</time>
      </trkpt>
      <trkpt lat="46.237204" lon="6.066895">
        <ele>419.8</ele>
        <time>2026-10-08T06:15:18Z</time>
      </trkpt>
      <trkpt lat="46.237139" lon="6.066852">
        <ele>419.8</ele>
        <time>2026-10-08T06:15:19Z</time>
      </trkpt>
      <trkpt lat="46.237074" lon="6.066805">
        <ele>419.8</ele>
        <time>2026-10-08T06:15:20Z</time>
      </trkpt>
      <trkpt lat="46.237007" lon="6.066762">
        <ele>419.8</ele>
        <time>2026-10-08T06:15:21Z</time>
      </trkpt>
      <trkpt lat="46.236947" lon="6.066721">
        <ele>419.8</ele>
        <time>2026-10-08T06:15:22Z</time>
      </trkpt>
      <trkpt lat="46.236879" lon="6.066682">
        <ele>419.9</ele>
        <time>2026-10-08T06:15:23Z</time>
      </trkpt>
      <trkpt lat="46.236813" lon="6.066641">
        <ele>419.9</ele>
        <time>2026-10-08T06:15:24Z</time>
      </trkpt>
      <trkpt lat="46.236751" lon="6.066597">
        <ele>420.0</ele>
        <time>2026-10-08T06:15:25Z</time>
      </trkpt>
      <trkpt lat="46.236689" lon="6.066554">
        <ele>420.0</ele>
        <time>2026-10-08T06:15:26Z</time>
      </trkpt>
      <trkpt lat="46.236627" lon="6.066512">
        <ele>420.1</ele>
        <time>2026-10-08T06:15:27Z</time>
      </trkpt>
      <trkpt lat="46.236567" lon="6.066466">
        <ele>420.1</ele>
        <time>2026-10-08T06:15:28Z</time>
      </trkpt>
      <trkpt lat="46.236505" lon="6.066421">
        <ele>420.2</ele>
        <time>2026-10-08T06:15:29Z</time>
      </trkpt>
      <trkpt lat="46.236446" lon="6.066376">
        <ele>420.2</ele>
        <time>2026-10-08T06:15:30Z</time>
      </trkpt>
      <trkpt lat="46.236389" lon="6.066332">
        <ele>420.3</ele>
        <time>2026-10-08T06:15:31Z</time>
      </trkpt>
      <trkpt lat="46.236332" lon="6.066272">
        <ele>420.4</ele>
        <time>2026-10-08T06:15:32Z</time>
      </trkpt>
      <trkpt lat="46.236285" lon="6.066206">
        <ele>420.5</ele>
        <time>2026-10-08T06:15:33Z</time>
      </trkpt>
      <trkpt lat="46.236244" lon="6.066138">
        <ele>420.6</ele>
        <time>2026-10-08T06:15:34Z</time>
      </trkpt>
      <trkpt lat="46.236207" lon="6.066072">
        <ele>420.7</ele>
        <time>2026-10-08T06:15:35Z</time>
      </trkpt>
      <trkpt lat="46.236158" lon="6.066014">
        <ele>420.9</ele>
        <time>2026-10-08T06:15:36Z</time>
      </trkpt>
      <trkpt lat="46.236118" lon="6.065954">
        <ele>421.0</ele>
        <time>2026-10-08T06:15:37Z</time>
      </trkpt>
      <trkpt lat="46.236071" lon="6.065893">
        <ele>421.2</ele>
        <time>2026-10-08T06:15:38Z</time>
      </trkpt>
      <trkpt lat="46.236034" lon="6.065838">
        <ele>421.4</ele>
        <time>2026-10-08T06:15:39Z</time>
      </trkpt>
      <trkpt lat="46.235996" lon="6.065785">
        <ele>421.6</ele>
        <time>2026-10-08T06:15:40Z</time>
      </trkpt>
      <trkpt lat="46.235958" lon="6.065733">
        <ele>421.8</ele>
        <time>2026-10-08T06:15:41Z</time>
      </trkpt>
      <trkpt lat="46.235922" lon="6.065682">
        <ele>422.0</ele>
        <time>2026-10-08T06:15:42Z</time>
      </trkpt>
      <trkpt lat="46.235888" lon="6.065631">
        <ele>422.1</ele>
        <time>2026-10-08T06:15:43Z</time>
      </trkpt>
      <trkpt lat="46.235852" lon="6.06558">
        <ele>422.3</ele>
        <time>2026-10-08T06:15:44Z</time>
      </trkpt>
      <trkpt lat="46.235817" lon="6.065532">
        <ele>422.5</ele>
        <time>2026-10-08T06:15:45Z</time>
      </trkpt>
      <trkpt lat="46.23578" lon="6.06548">
        <ele>422.7</ele>
        <time>2026-10-08T06:15:46Z</time>
      </trkpt>
      <trkpt lat="46.235747" lon="6.065436">
        <ele>422.9</ele>
        <time>2026-10-08T06:15:47Z</time>
      </trkpt>
      <trkpt lat="46.235715" lon="6.065389">
        <ele>423.1</ele>
        <time>2026-10-08T06:15:48Z</time>
      </trkpt>
      <trkpt lat="46.235684" lon="6.065342">
        <ele>423.3</ele>
        <time>2026-10-08T06:15:49Z</time>
      </trkpt>
      <trkpt lat="46.235653" lon="6.065295">
        <ele>423.5</ele>
        <time>2026-10-08T06:15:50Z</time>
      </trkpt>
      <trkpt lat="46.235621" lon="6.065248">
        <ele>423.7</ele>
        <time>2026-10-08T06:15:51Z</time>
      </trkpt>
      <trkpt lat="46.23559" lon="6.065204">
        <ele>423.9</ele>
        <time>2026-10-08T06:15:52Z</time>
      </trkpt>
      <trkpt lat="46.235559" lon="6.065162">
        <ele>424.1</ele>
        <time>2026-10-08T06:15:53Z</time>
      </trkpt>
      <trkpt lat="46.235528" lon="6.065122">
        <ele>424.2</ele>
        <time>2026-10-08T06:15:54Z</time>
      </trkpt>
      <trkpt lat="46.235498" lon="6.065081">
        <ele>424.4</ele>
        <time>2026-10-08T06:15:55Z</time>
      </trkpt>
      <trkpt lat="46.235467" lon="6.065038">
        <ele>424.6</ele>
        <time>2026-10-08T06:15:56Z</time>
      </trkpt>
      <trkpt lat="46.235436" lon="6.064995">
        <ele>424.7</ele>
        <time>2026-10-08T06:15:57Z</time>
      </trkpt>
      <trkpt lat="46.235405" lon="6.064953">
        <ele>424.8</ele>
        <time>2026-10-08T06:15:58Z</time>
      </trkpt>
      <trkpt lat="46.235374" lon="6.064911">
        <ele>424.9</ele>
        <time>2026-10-08T06:15:59Z</time>
      </trkpt>
      <trkpt lat="46.235343" lon="6.064866">
        <ele>425.1</ele>
        <time>2026-10-08T06:16:00Z</time>
      </trkpt>
      <trkpt lat="46.235312" lon="6.064821">
        <ele>425.2</ele>
        <time>2026-10-08T06:16:01Z</time>
      </trkpt>
      <trkpt lat="46.235281" lon="6.064771">
        <ele>425.2</ele>
        <time>2026-10-08T06:16:02Z</time>
      </trkpt>
      <trkpt lat="46.235248" lon="6.064728">
        <ele>425.3</ele>
        <time>2026-10-08T06:16:03Z</time>
      </trkpt>
      <trkpt lat="46.23521" lon="6.064695">
        <ele>425.3</ele>
        <time>2026-10-08T06:16:04Z</time>
      </trkpt>
      <trkpt lat="46.235166" lon="6.064659">
        <ele>425.4</ele>
        <time>2026-10-08T06:16:05Z</time>
      </trkpt>
      <trkpt lat="46.235122" lon="6.064621">
        <ele>425.5</ele>
        <time>2026-10-08T06:16:06Z</time>
      </trkpt>
      <trkpt lat="46.235084" lon="6.064569">
        <ele>425.5</ele>
        <time>2026-10-08T06:16:07Z</time>
      </trkpt>
      <trkpt lat="46.235044" lon="6.064522">
        <ele>425.6</ele>
        <time>2026-10-08T06:16:08Z</time>
      </trkpt>
      <trkpt lat="46.235003" lon="6.064482">
        <ele>425.7</ele>
        <time>2026-10-08T06:16:09Z</time>
      </trkpt>
      <trkpt lat="46.23496" lon="6.064441">
        <ele>425.7</ele>
        <time>2026-10-08T06:16:10Z</time>
      </trkpt>
      <trkpt lat="46.234914" lon="6.064412">
        <ele>425.8</ele>
        <time>2026-10-08T06:16:11Z</time>
      </trkpt>
      <trkpt lat="46.234874" lon="6.064372">
        <ele>425.9</ele>
        <time>2026-10-08T06:16:12Z</time>
      </trkpt>
      <trkpt lat="46.234838" lon="6.06433">
        <ele>426.0</ele>
        <time>2026-10-08T06:16:13Z</time>
      </trkpt>
      <trkpt lat="46.234795" lon="6.064271">
        <ele>426.1</ele>
        <time>2026-10-08T06:16:14Z</time>
      </trkpt>
      <trkpt lat="46.234755" lon="6.064221">
        <ele>426.3</ele>
        <time>2026-10-08T06:16:15Z</time>
      </trkpt>
      <trkpt lat="46.234721" lon="6.064169">
        <ele>426.4</ele>
        <time>2026-10-08T06:16:16Z</time>
      </trkpt>
      <trkpt lat="46.234679" lon="6.064114">
        <ele>426.6</ele>
        <time>2026-10-08T06:16:17Z</time>
      </trkpt>
      <trkpt lat="46.234645" lon="6.064064">
        <ele>426.8</ele>
        <time>2026-10-08T06:16:18Z</time>
      </trkpt>
      <trkpt lat="46.234611" lon="6.064022">
        <ele>427.0</ele>
        <time>2026-10-08T06:16:19Z</time>
      </trkpt>
      <trkpt lat="46.234575" lon="6.063972">
        <ele>427.1</ele>
        <time>2026-10-08T06:16:20Z</time>
      </trkpt>
      <trkpt lat="46.234542" lon="6.063924">
        <ele>427.3</ele>
        <time>2026-10-08T06:16:21Z</time>
      </trkpt>
      <trkpt lat="46.234507" lon="6.063872">
        <ele>427.4</ele>
        <time>2026-10-08T06:16:22Z</time>
      </trkpt>
      <trkpt lat="46.234475" lon="6.063824">
        <ele>427.6</ele>
        <time>2026-10-08T06:16:23Z</time>
      </trkpt>
      <trkpt lat="46.234442" lon="6.063771">
        <ele>427.7</ele>
        <time>2026-10-08T06:16:24Z</time>
      </trkpt>
      <trkpt lat="46.234411" lon="6.063722">
        <ele>427.7</ele>
        <time>2026-10-08T06:16:25Z</time>
      </trkpt>
      <trkpt lat="46.23438" lon="6.063669">
        <ele>427.8</ele>
        <time>2026-10-08T06:16:26Z</time>
      </trkpt>
      <trkpt lat="46.234344" lon="6.06362">
        <ele>427.8</ele>
        <time>2026-10-08T06:16:27Z</time>
      </trkpt>
      <trkpt lat="46.23431" lon="6.063574">
        <ele>427.9</ele>
        <time>2026-10-08T06:16:28Z</time>
      </trkpt>
      <trkpt lat="46.234275" lon="6.06352">
        <ele>427.9</ele>
        <time>2026-10-08T06:16:29Z</time>
      </trkpt>
      <trkpt lat="46.234232" lon="6.063465">
        <ele>427.9</ele>
        <time>2026-10-08T06:16:30Z</time>
      </trkpt>
      <trkpt lat="46.234192" lon="6.063413">
        <ele>428.0</ele>
        <time>2026-10-08T06:16:31Z</time>
      </trkpt>
      <trkpt lat="46.234151" lon="6.063359">
        <ele>428.0</ele>
        <time>2026-10-08T06:16:32Z</time>
      </trkpt>
      <trkpt lat="46.234111" lon="6.06331">
        <ele>428.0</ele>
        <time>2026-10-08T06:16:33Z</time>
      </trkpt>
      <trkpt lat="46.234067" lon="6.063255">
        <ele>428.0</ele>
        <time>2026-10-08T06:16:34Z</time>
      </trkpt>
      <trkpt lat="46.234027" lon="6.063199">
        <ele>428.0</ele>
        <time>2026-10-08T06:16:35Z</time>
      </trkpt>
      <trkpt lat="46.233976" lon="6.063149">
        <ele>428.1</ele>
        <time>2026-10-08T06:16:36Z</time>
      </trkpt>
      <trkpt lat="46.233929" lon="6.063097">
        <ele>428.1</ele>
        <time>2026-10-08T06:16:37Z</time>
      </trkpt>
      <trkpt lat="46.233887" lon="6.063046">
        <ele>428.2</ele>
        <time>2026-10-08T06:16:38Z</time>
      </trkpt>
      <trkpt lat="46.233854" lon="6.062981">
        <ele>428.4</ele>
        <time>2026-10-08T06:16:39Z</time>
      </trkpt>
      <trkpt lat="46.233843" lon="6.062899">
        <ele>428.5</ele>
        <time>2026-10-08T06:16:40Z</time>
      </trkpt>
      <trkpt lat="46.233853" lon="6.062821">
        <ele>428.6</ele>
        <time>2026-10-08T06:16:41Z</time>
      </trkpt>
      <trkpt lat="46.233887" lon="6.062748">
        <ele>428.7</ele>
        <time>2026-10-08T06:16:42Z</time>
      </trkpt>
      <trkpt lat="46.233924" lon="6.06269">
        <ele>428.8</ele>
        <time>2026-10-08T06:16:43Z</time>
      </trkpt>
      <trkpt lat="46.23396" lon="6.062632">
        <ele>428.8</ele>
        <time>2026-10-08T06:16:44Z</time>
      </trkpt>
      <trkpt lat="46.233993" lon="6.062571">
        <ele>428.9</ele>
        <time>2026-10-08T06:16:45Z</time>
      </trkpt>
      <trkpt lat="46.234021" lon="6.062509">
        <ele>429.0</ele>
        <time>2026-10-08T06:16:46Z</time>
      </trkpt>
      <trkpt lat="46.234052" lon="6.062448">
        <ele>429.0</ele>
        <time>2026-10-08T06:16:47Z</time>
      </trkpt>
      <trkpt lat="46.234081" lon="6.062386">
        <ele>429.1</ele>
        <time>2026-10-08T06:16:48Z</time>
      </trkpt>
      <trkpt lat="46.234112" lon="6.062322">
        <ele>429.2</ele>
        <time>2026-10-08T06:16:49Z</time>
      </trkpt>
      <trkpt lat="46.234142" lon="6.062257">
        <ele>429.3</ele>
        <time>2026-10-08T06:16:50Z</time>
      </trkpt>
      <trkpt lat="46.234173" lon="6.062191">
        <ele>429.4</ele>
        <time>2026-10-08T06:16:51Z</time>
      </trkpt>
      <trkpt lat="46.234203" lon="6.062127">
        <ele>429.4</ele>
        <time>2026-10-08T06:16:52Z</time>
      </trkpt>
      <trkpt lat="46.234231" lon="6.06206">
        <ele>429.5</ele>
        <time>2026-10-08T06:16:53Z</time>
      </trkpt>
      <trkpt lat="46.234256" lon="6.061991">
        <ele>429.5</ele>
        <time>2026-10-08T06:16:54Z</time>
      </trkpt>
      <trkpt lat="46.234277" lon="6.061916">
        <ele>429.6</ele>
        <time>2026-10-08T06:16:55Z</time>
      </trkpt>
      <trkpt lat="46.234296" lon="6.061842">
        <ele>429.6</ele>
        <time>2026-10-08T06:16:56Z</time>
      </trkpt>
      <trkpt lat="46.234314" lon="6.061765">
        <ele>429.7</ele>
        <time>2026-10-08T06:16:57Z</time>
      </trkpt>
      <trkpt lat="46.234336" lon="6.061691">
        <ele>429.7</ele>
        <time>2026-10-08T06:16:58Z</time>
      </trkpt>
      <trkpt lat="46.234356" lon="6.061617">
        <ele>429.8</ele>
        <time>2026-10-08T06:16:59Z</time>
      </trkpt>
      <trkpt lat="46.234377" lon="6.061544">
        <ele>429.8</ele>
        <time>2026-10-08T06:17:00Z</time>
      </trkpt>
      <trkpt lat="46.2344" lon="6.06147">
        <ele>429.9</ele>
        <time>2026-10-08T06:17:01Z</time>
      </trkpt>
      <trkpt lat="46.234421" lon="6.061394">
        <ele>430.0</ele>
        <time>2026-10-08T06:17:02Z</time>
      </trkpt>
      <trkpt lat="46.234441" lon="6.061316">
        <ele>430.0</ele>
        <time>2026-10-08T06:17:03Z</time>
      </trkpt>
      <trkpt lat="46.234461" lon="6.061239">
        <ele>430.1</ele>
        <time>2026-10-08T06:17:04Z</time>
      </trkpt>
      <trkpt lat="46.234484" lon="6.061163">
        <ele>430.2</ele>
        <time>2026-10-08T06:17:05Z</time>
      </trkpt>
      <trkpt lat="46.234506" lon="6.061087">
        <ele>430.2</ele>
        <time>2026-10-08T06:17:06Z</time>
      </trkpt>
      <trkpt lat="46.234528" lon="6.061011">
        <ele>430.3</ele>
        <time>2026-10-08T06:17:07Z</time>
      </trkpt>
      <trkpt lat="46.23455" lon="6.060932">
        <ele>430.4</ele>
        <time>2026-10-08T06:17:08Z</time>
      </trkpt>
      <trkpt lat="46.234572" lon="6.060857">
        <ele>430.4</ele>
        <time>2026-10-08T06:17:09Z</time>
      </trkpt>
      <trkpt lat="46.234595" lon="6.06078">
        <ele>430.5</ele>
        <time>2026-10-08T06:17:10Z</time>
      </trkpt>
      <trkpt lat="46.234616" lon="6.060707">
        <ele>430.6</ele>
        <time>2026-10-08T06:17:11Z</time>
      </trkpt>
      <trkpt lat="46.234637" lon="6.060632">
        <ele>430.6</ele>
        <time>2026-10-08T06:17:12Z</time>
      </trkpt>
      <trkpt lat="46.234661" lon="6.060556">
        <ele>430.7</ele>
        <time>2026-10-08T06:17:13Z</time>
      </trkpt>
      <trkpt lat="46.234683" lon="6.060486">
        <ele>430.8</ele>
        <time>2026-10-08T06:17:14Z</time>
      </trkpt>
      <trkpt lat="46.234683" lon="6.060407">
        <ele>430.8</ele>
        <time>2026-10-08T06:17:15Z</time>
      </trkpt>
      <trkpt lat="46.234656" lon="6.060331">
        <ele>430.9</ele>
        <time>2026-10-08T06:17:16Z</time>
      </trkpt>
      <trkpt lat="46.234606" lon="6.060277">
        <ele>430.9</ele>
        <time>2026-10-08T06:17:17Z</time>
      </trkpt>
      <trkpt lat="46.234545" lon="6.060253">
        <ele>430.9</ele>
        <time>2026-10-08T06:17:18Z</time>
      </trkpt>
      <trkpt lat="46.234485" lon="6.060229">
        <ele>430.9</ele>
        <time>2026-10-08T06:17:19Z</time>
      </trkpt>
      <trkpt lat="46.234427" lon="6.060198">
        <ele>430.9</ele>
        <time>2026-10-08T06:17:20Z</time>
      </trkpt>
      <trkpt lat="46.234372" lon="6.060166">
        <ele>431.0</ele>
        <time>2026-10-08T06:17:21Z</time>
      </trkpt>
      <trkpt lat="46.234316" lon="6.060133">
        <ele>431.0</ele>
        <time>2026-10-08T06:17:22Z</time>
      </trkpt>
      <trkpt lat="46.234259" lon="6.060101">
        <ele>431.0</ele>
        <time>2026-10-08T06:17:23Z</time>
      </trkpt>
      <trkpt lat="46.234202" lon="6.06007">
        <ele>431.1</ele>
        <time>2026-10-08T06:17:24Z</time>
      </trkpt>
      <trkpt lat="46.234145" lon="6.060037">
        <ele>431.1</ele>
        <time>2026-10-08T06:17:25Z</time>
      </trkpt>
      <trkpt lat="46.234086" lon="6.060005">
        <ele>431.2</ele>
        <time>2026-10-08T06:17:26Z</time>
      </trkpt>
      <trkpt lat="46.234029" lon="6.059974">
        <ele>431.2</ele>
        <time>2026-10-08T06:17:27Z</time>
      </trkpt>
      <trkpt lat="46.233974" lon="6.059944">
        <ele>431.2</ele>
        <time>2026-10-08T06:17:28Z</time>
      </trkpt>
      <trkpt lat="46.233919" lon="6.059915">
        <ele>431.2</ele>
        <time>2026-10-08T06:17:29Z</time>
      </trkpt>
      <trkpt lat="46.233865" lon="6.059882">
        <ele>431.2</ele>
        <time>2026-10-08T06:17:30Z</time>
      </trkpt>
      <trkpt lat="46.23381" lon="6.059847">
        <ele>431.1</ele>
        <time>2026-10-08T06:17:31Z</time>
      </trkpt>
      <trkpt lat="46.233754" lon="6.059813">
        <ele>431.1</ele>
        <time>2026-10-08T06:17:32Z</time>
      </trkpt>
      <trkpt lat="46.233696" lon="6.059782">
        <ele>431.1</ele>
        <time>2026-10-08T06:17:33Z</time>
      </trkpt>
      <trkpt lat="46.233638" lon="6.059749">
        <ele>431.0</ele>
        <time>2026-10-08T06:17:34Z</time>
      </trkpt>
      <trkpt lat="46.233581" lon="6.059717">
        <ele>430.9</ele>
        <time>2026-10-08T06:17:35Z</time>
      </trkpt>
      <trkpt lat="46.233523" lon="6.059683">
        <ele>430.9</ele>
        <time>2026-10-08T06:17:36Z</time>
      </trkpt>
      <trkpt lat="46.233465" lon="6.059649">
        <ele>430.8</ele>
        <time>2026-10-08T06:17:37Z</time>
      </trkpt>
      <trkpt lat="46.233406" lon="6.059614">
        <ele>430.8</ele>
        <time>2026-10-08T06:17:38Z</time>
      </trkpt>
      <trkpt lat="46.233348" lon="6.059579">
        <ele>430.7</ele>
        <time>2026-10-08T06:17:39Z</time>
      </trkpt>
      <trkpt lat="46.233289" lon="6.059546">
        <ele>430.7</ele>
        <time>2026-10-08T06:17:40Z</time>
      </trkpt>
      <trkpt lat="46.23323" lon="6.059512">
        <ele>430.6</ele>
        <time>2026-10-08T06:17:41Z</time>
      </trkpt>
      <trkpt lat="46.233169" lon="6.059482">
        <ele>430.5</ele>
        <time>2026-10-08T06:17:42Z</time>
      </trkpt>
      <trkpt lat="46.233108" lon="6.059457">
        <ele>430.5</ele>
        <time>2026-10-08T06:17:43Z</time>
      </trkpt>
      <trkpt lat="46.23305" lon="6.059413">
        <ele>430.5</ele>
        <time>2026-10-08T06:17:44Z</time>
      </trkpt>
      <trkpt lat="46.233006" lon="6.059338">
        <ele>430.4</ele>
        <time>2026-10-08T06:17:45Z</time>
      </trkpt>
      <trkpt lat="46.232989" lon="6.05924">
        <ele>430.5</ele>
        <time>2026-10-08T06:17:46Z</time>
      </trkpt>
      <trkpt lat="46.232998" lon="6.059141">
        <ele>430.6</ele>
        <time>2026-10-08T06:17:47Z</time>
      </trkpt>
      <trkpt lat="46.233028" lon="6.059057">
        <ele>430.8</ele>
        <time>2026-10-08T06:17:48Z</time>
      </trkpt>
      <trkpt lat="46.233065" lon="6.058985">
        <ele>431.0</ele>
        <time>2026-10-08T06:17:49Z</time>
      </trkpt>
      <trkpt lat="46.233099" lon="6.058914">
        <ele>431.2</ele>
        <time>2026-10-08T06:17:50Z</time>
      </trkpt>
      <trkpt lat="46.233129" lon="6.058839">
        <ele>431.4</ele>
        <time>2026-10-08T06:17:51Z</time>
      </trkpt>
      <trkpt lat="46.233153" lon="6.058762">
        <ele>431.6</ele>
        <time>2026-10-08T06:17:52Z</time>
      </trkpt>
      <trkpt lat="46.233174" lon="6.058687">
        <ele>431.7</ele>
        <time>2026-10-08T06:17:53Z</time>
      </trkpt>
      <trkpt lat="46.233191" lon="6.058612">
        <ele>431.9</ele>
        <time>2026-10-08T06:17:54Z</time>
      </trkpt>
      <trkpt lat="46.23321" lon="6.058538">
        <ele>432.0</ele>
        <time>2026-10-08T06:17:55Z</time>
      </trkpt>
      <trkpt lat="46.233227" lon="6.058465">
        <ele>432.1</ele>
        <time>2026-10-08T06:17:56Z</time>
      </trkpt>
      <trkpt lat="46.233247" lon="6.058389">
        <ele>432.1</ele>
        <time>2026-10-08T06:17:57Z</time>
      </trkpt>
      <trkpt lat="46.233266" lon="6.058317">
        <ele>432.2</ele>
        <time>2026-10-08T06:17:58Z</time>
      </trkpt>
      <trkpt lat="46.23328" lon="6.058241">
        <ele>432.3</ele>
        <time>2026-10-08T06:17:59Z</time>
      </trkpt>
      <trkpt lat="46.233285" lon="6.058166">
        <ele>432.3</ele>
        <time>2026-10-08T06:18:00Z</time>
      </trkpt>
      <trkpt lat="46.233276" lon="6.05809">
        <ele>432.4</ele>
        <time>2026-10-08T06:18:01Z</time>
      </trkpt>
      <trkpt lat="46.233254" lon="6.058021">
        <ele>432.4</ele>
        <time>2026-10-08T06:18:02Z</time>
      </trkpt>
      <trkpt lat="46.233226" lon="6.05796">
        <ele>432.5</ele>
        <time>2026-10-08T06:18:03Z</time>
      </trkpt>
      <trkpt lat="46.233196" lon="6.057904">
        <ele>432.5</ele>
        <time>2026-10-08T06:18:04Z</time>
      </trkpt>
      <trkpt lat="46.233177" lon="6.057841">
        <ele>432.6</ele>
        <time>2026-10-08T06:18:05Z</time>
      </trkpt>
      <trkpt lat="46.233163" lon="6.057782">
        <ele>432.6</ele>
        <time>2026-10-08T06:18:06Z</time>
      </trkpt>
      <trkpt lat="46.233135" lon="6.057734">
        <ele>432.6</ele>
        <time>2026-10-08T06:18:07Z</time>
      </trkpt>
      <trkpt lat="46.233095" lon="6.057711">
        <ele>432.7</ele>
        <time>2026-10-08T06:18:08Z</time>
      </trkpt>
      <trkpt lat="46.23306" lon="6.057697">
        <ele>432.7</ele>
        <time>2026-10-08T06:18:09Z</time>
      </trkpt>
      <trkpt lat="46.233031" lon="6.057685">
        <ele>432.8</ele>
        <time>2026-10-08T06:18:10Z</time>
      </trkpt>
      <trkpt lat="46.233005" lon="6.057662">
        <ele>432.8</ele>
        <time>2026-10-08T06:18:11Z</time>
      </trkpt>
      <trkpt lat="46.232992" lon="6.057622">
        <ele>432.9</ele>
        <time>2026-10-08T06:18:12Z</time>
      </trkpt>
      <trkpt lat="46.232984" lon="6.057559">
        <ele>433.0</ele>
        <time>2026-10-08T06:18:13Z</time>
      </trkpt>
      <trkpt lat="46.232969" lon="6.057502">
        <ele>433.0</ele>
        <time>2026-10-08T06:18:14Z</time>
      </trkpt>
      <trkpt lat="46.232934" lon="6.057465">
        <ele>433.1</ele>
        <time>2026-10-08T06:18:15Z</time>
      </trkpt>
      <trkpt lat="46.232889" lon="6.057437">
        <ele>433.1</ele>
        <time>2026-10-08T06:18:16Z</time>
      </trkpt>
      <trkpt lat="46.232843" lon="6.057425">
        <ele>433.1</ele>
        <time>2026-10-08T06:18:17Z</time>
      </trkpt>
      <trkpt lat="46.232796" lon="6.057443">
        <ele>433.1</ele>
        <time>2026-10-08T06:18:18Z</time>
      </trkpt>
      <trkpt lat="46.232756" lon="6.05746">
        <ele>433.1</ele>
        <time>2026-10-08T06:18:19Z</time>
      </trkpt>
      <trkpt lat="46.23272" lon="6.057468">
        <ele>433.1</ele>
        <time>2026-10-08T06:18:20Z</time>
      </trkpt>
      <trkpt lat="46.232682" lon="6.057448">
        <ele>433.1</ele>
        <time>2026-10-08T06:18:21Z</time>
      </trkpt>
      <trkpt lat="46.232653" lon="6.057399">
        <ele>433.1</ele>
        <time>2026-10-08T06:18:22Z</time>
      </trkpt>
      <trkpt lat="46.232628" lon="6.057354">
        <ele>433.0</ele>
        <time>2026-10-08T06:18:23Z</time>
      </trkpt>
      <trkpt lat="46.232601" lon="6.057317">
        <ele>432.9</ele>
        <time>2026-10-08T06:18:24Z</time>
      </trkpt>
      <trkpt lat="46.232582" lon="6.05728">
        <ele>432.8</ele>
        <time>2026-10-08T06:18:25Z</time>
      </trkpt>
      <trkpt lat="46.232578" lon="6.057238">
        <ele>432.7</ele>
        <time>2026-10-08T06:18:26Z</time>
      </trkpt>
      <trkpt lat="46.232568" lon="6.0572">
        <ele>432.7</ele>
        <time>2026-10-08T06:18:27Z</time>
      </trkpt>
      <trkpt lat="46.232545" lon="6.057169">
        <ele>432.6</ele>
        <time>2026-10-08T06:18:28Z</time>
      </trkpt>
      <trkpt lat="46.23252" lon="6.057141">
        <ele>432.5</ele>
        <time>2026-10-08T06:18:29Z</time>
      </trkpt>
      <trkpt lat="46.232498" lon="6.057116">
        <ele>432.5</ele>
        <time>2026-10-08T06:18:30Z</time>
      </trkpt>
      <trkpt lat="46.232479" lon="6.05709">
        <ele>432.4</ele>
        <time>2026-10-08T06:18:31Z</time>
      </trkpt>
      <trkpt lat="46.232464" lon="6.057074">
        <ele>432.4</ele>
        <time>2026-10-08T06:18:32Z</time>
      </trkpt>
      <trkpt lat="46.232449" lon="6.057062">
        <ele>432.4</ele>
        <time>2026-10-08T06:18:33Z</time>
      </trkpt>
      <trkpt lat="46.232442" lon="6.057057">
        <ele>432.4</ele>
        <time>2026-10-08T06:18:34Z</time>
      </trkpt>
      <trkpt lat="46.232447" lon="6.057062">
        <ele>432.4</ele>
        <time>2026-10-08T06:18:35Z</time>
      </trkpt>
      <trkpt lat="46.232449" lon="6.057068">
        <ele>432.4</ele>
        <time>2026-10-08T06:18:36Z</time>
      </trkpt>
      <trkpt lat="46.232441" lon="6.057067">
        <ele>432.3</ele>
        <time>2026-10-08T06:18:37Z</time>
      </trkpt>
      <trkpt lat="46.232437" lon="6.057066">
        <ele>432.3</ele>
        <time>2026-10-08T06:18:38Z</time>
      </trkpt>
      <trkpt lat="46.23243" lon="6.05706">
        <ele>432.3</ele>
        <time>2026-10-08T06:18:39Z</time>
      </trkpt>
      <trkpt lat="46.232421" lon="6.057053">
        <ele>432.3</ele>
        <time>2026-10-08T06:18:40Z</time>
      </trkpt>
      <trkpt lat="46.232411" lon="6.057032">
        <ele>432.3</ele>
        <time>2026-10-08T06:18:41Z</time>
      </trkpt>
      <trkpt lat="46.232393" lon="6.057011">
        <ele>432.2</ele>
        <time>2026-10-08T06:18:42Z</time>
      </trkpt>
      <trkpt lat="46.232366" lon="6.056988">
        <ele>432.1</ele>
        <time>2026-10-08T06:18:43Z</time>
      </trkpt>
      <trkpt lat="46.232335" lon="6.056955">
        <ele>432.0</ele>
        <time>2026-10-08T06:18:44Z</time>
      </trkpt>
      <trkpt lat="46.232304" lon="6.056919">
        <ele>431.9</ele>
        <time>2026-10-08T06:18:45Z</time>
      </trkpt>
      <trkpt lat="46.232268" lon="6.056876">
        <ele>431.8</ele>
        <time>2026-10-08T06:18:46Z</time>
      </trkpt>
      <trkpt lat="46.232224" lon="6.056829">
        <ele>431.7</ele>
        <time>2026-10-08T06:18:47Z</time>
      </trkpt>
      <trkpt lat="46.232178" lon="6.05677">
        <ele>431.6</ele>
        <time>2026-10-08T06:18:48Z</time>
      </trkpt>
      <trkpt lat="46.23213" lon="6.056704">
        <ele>431.5</ele>
        <time>2026-10-08T06:18:49Z</time>
      </trkpt>
      <trkpt lat="46.232083" lon="6.05664">
        <ele>431.4</ele>
        <time>2026-10-08T06:18:50Z</time>
      </trkpt>
      <trkpt lat="46.23203" lon="6.056581">
        <ele>431.3</ele>
        <time>2026-10-08T06:18:51Z</time>
      </trkpt>
      <trkpt lat="46.231973" lon="6.056526">
        <ele>431.2</ele>
        <time>2026-10-08T06:18:52Z</time>
      </trkpt>
      <trkpt lat="46.231911" lon="6.056477">
        <ele>431.1</ele>
        <time>2026-10-08T06:18:53Z</time>
      </trkpt>
      <trkpt lat="46.231846" lon="6.056435">
        <ele>431.0</ele>
        <time>2026-10-08T06:18:54Z</time>
      </trkpt>
      <trkpt lat="46.231783" lon="6.056396">
        <ele>430.9</ele>
        <time>2026-10-08T06:18:55Z</time>
      </trkpt>
      <trkpt lat="46.23172" lon="6.056361">
        <ele>430.8</ele>
        <time>2026-10-08T06:18:56Z</time>
      </trkpt>
      <trkpt lat="46.231656" lon="6.056336">
        <ele>430.7</ele>
        <time>2026-10-08T06:18:57Z</time>
      </trkpt>
      <trkpt lat="46.231589" lon="6.056309">
        <ele>430.5</ele>
        <time>2026-10-08T06:18:58Z</time>
      </trkpt>
      <trkpt lat="46.23152" lon="6.056276">
        <ele>430.4</ele>
        <time>2026-10-08T06:18:59Z</time>
      </trkpt>
      <trkpt lat="46.231452" lon="6.056238">
        <ele>430.3</ele>
        <time>2026-10-08T06:19:00Z</time>
      </trkpt>
      <trkpt lat="46.231384" lon="6.056192">
        <ele>430.2</ele>
        <time>2026-10-08T06:19:01Z</time>
      </trkpt>
      <trkpt lat="46.231313" lon="6.056154">
        <ele>430.1</ele>
        <time>2026-10-08T06:19:02Z</time>
      </trkpt>
      <trkpt lat="46.231242" lon="6.056113">
        <ele>430.1</ele>
        <time>2026-10-08T06:19:03Z</time>
      </trkpt>
      <trkpt lat="46.231173" lon="6.056066">
        <ele>430.1</ele>
        <time>2026-10-08T06:19:04Z</time>
      </trkpt>
      <trkpt lat="46.231106" lon="6.056025">
        <ele>430.1</ele>
        <time>2026-10-08T06:19:05Z</time>
      </trkpt>
      <trkpt lat="46.231038" lon="6.055984">
        <ele>430.1</ele>
        <time>2026-10-08T06:19:06Z</time>
      </trkpt>
      <trkpt lat="46.230973" lon="6.055942">
        <ele>430.1</ele>
        <time>2026-10-08T06:19:07Z</time>
      </trkpt>
      <trkpt lat="46.230907" lon="6.055903">
        <ele>430.0</ele>
        <time>2026-10-08T06:19:08Z</time>
      </trkpt>
      <trkpt lat="46.230841" lon="6.055866">
        <ele>430.0</ele>
        <time>2026-10-08T06:19:09Z</time>
      </trkpt>
      <trkpt lat="46.230774" lon="6.055827">
        <ele>430.1</ele>
        <time>2026-10-08T06:19:10Z</time>
      </trkpt>
      <trkpt lat="46.230711" lon="6.055791">
        <ele>430.1</ele>
        <time>2026-10-08T06:19:11Z</time>
      </trkpt>
      <trkpt lat="46.230648" lon="6.055754">
        <ele>430.1</ele>
        <time>2026-10-08T06:19:12Z</time>
      </trkpt>
      <trkpt lat="46.230583" lon="6.055715">
        <ele>430.1</ele>
        <time>2026-10-08T06:19:13Z</time>
      </trkpt>
      <trkpt lat="46.230521" lon="6.055678">
        <ele>430.1</ele>
        <time>2026-10-08T06:19:14Z</time>
      </trkpt>
      <trkpt lat="46.230462" lon="6.055627">
        <ele>430.1</ele>
        <time>2026-10-08T06:19:15Z</time>
      </trkpt>
      <trkpt lat="46.230418" lon="6.055552">
        <ele>430.1</ele>
        <time>2026-10-08T06:19:16Z</time>
      </trkpt>
      <trkpt lat="46.230385" lon="6.055465">
        <ele>430.1</ele>
        <time>2026-10-08T06:19:17Z</time>
      </trkpt>
      <trkpt lat="46.230358" lon="6.05538">
        <ele>430.1</ele>
        <time>2026-10-08T06:19:18Z</time>
      </trkpt>
      <trkpt lat="46.230332" lon="6.055291">
        <ele>430.1</ele>
        <time>2026-10-08T06:19:19Z</time>
      </trkpt>
      <trkpt lat="46.230319" lon="6.055195">
        <ele>430.1</ele>
        <time>2026-10-08T06:19:20Z</time>
      </trkpt>
      <trkpt lat="46.230322" lon="6.055092">
        <ele>430.1</ele>
        <time>2026-10-08T06:19:21Z</time>
      </trkpt>
      <trkpt lat="46.230324" lon="6.054991">
        <ele>430.1</ele>
        <time>2026-10-08T06:19:22Z</time>
      </trkpt>
      <trkpt lat="46.230321" lon="6.054893">
        <ele>430.1</ele>
        <time>2026-10-08T06:19:23Z</time>
      </trkpt>
      <trkpt lat="46.230315" lon="6.054793">
        <ele>430.1</ele>
        <time>2026-10-08T06:19:24Z</time>
      </trkpt>
      <trkpt lat="46.230307" lon="6.054694">
        <ele>430.1</ele>
        <time>2026-10-08T06:19:25Z</time>
      </trkpt>
      <trkpt lat="46.230299" lon="6.054598">
        <ele>430.1</ele>
        <time>2026-10-08T06:19:26Z</time>
      </trkpt>
      <trkpt lat="46.230291" lon="6.054495">
        <ele>430.2</ele>
        <time>2026-10-08T06:19:27Z</time>
      </trkpt>
      <trkpt lat="46.230286" lon="6.054392">
        <ele>430.2</ele>
        <time>2026-10-08T06:19:28Z</time>
      </trkpt>
      <trkpt lat="46.230281" lon="6.054288">
        <ele>430.2</ele>
        <time>2026-10-08T06:19:29Z</time>
      </trkpt>
      <trkpt lat="46.230272" lon="6.054187">
        <ele>430.3</ele>
        <time>2026-10-08T06:19:30Z</time>
      </trkpt>
      <trkpt lat="46.230262" lon="6.054086">
        <ele>430.3</ele>
        <time>2026-10-08T06:19:31Z</time>
      </trkpt>
      <trkpt lat="46.230254" lon="6.053982">
        <ele>430.4</ele>
        <time>2026-10-08T06:19:32Z</time>
      </trkpt>
      <trkpt lat="46.230249" lon="6.05388">
        <ele>430.5</ele>
        <time>2026-10-08T06:19:33Z</time>
      </trkpt>
      <trkpt lat="46.230241" lon="6.053777">
        <ele>430.5</ele>
        <time>2026-10-08T06:19:34Z</time>
      </trkpt>
      <trkpt lat="46.230233" lon="6.053676">
        <ele>430.5</ele>
        <time>2026-10-08T06:19:35Z</time>
      </trkpt>
      <trkpt lat="46.230224" lon="6.053574">
        <ele>430.6</ele>
        <time>2026-10-08T06:19:36Z</time>
      </trkpt>
      <trkpt lat="46.230217" lon="6.053473">
        <ele>430.6</ele>
        <time>2026-10-08T06:19:37Z</time>
      </trkpt>
      <trkpt lat="46.230214" lon="6.053374">
        <ele>430.6</ele>
        <time>2026-10-08T06:19:38Z</time>
      </trkpt>
      <trkpt lat="46.23021" lon="6.053274">
        <ele>430.6</ele>
        <time>2026-10-08T06:19:39Z</time>
      </trkpt>
      <trkpt lat="46.230207" lon="6.053177">
        <ele>430.6</ele>
        <time>2026-10-08T06:19:40Z</time>
      </trkpt>
      <trkpt lat="46.230199" lon="6.05308">
        <ele>430.6</ele>
        <time>2026-10-08T06:19:41Z</time>
      </trkpt>
      <trkpt lat="46.230188" lon="6.052986">
        <ele>430.6</ele>
        <time>2026-10-08T06:19:42Z</time>
      </trkpt>
      <trkpt lat="46.230177" lon="6.052888">
        <ele>430.5</ele>
        <time>2026-10-08T06:19:43Z</time>
      </trkpt>
      <trkpt lat="46.230169" lon="6.052791">
        <ele>430.5</ele>
        <time>2026-10-08T06:19:44Z</time>
      </trkpt>
      <trkpt lat="46.230162" lon="6.052696">
        <ele>430.5</ele>
        <time>2026-10-08T06:19:45Z</time>
      </trkpt>
      <trkpt lat="46.230161" lon="6.052603">
        <ele>430.5</ele>
        <time>2026-10-08T06:19:46Z</time>
      </trkpt>
      <trkpt lat="46.23014" lon="6.052518">
        <ele>430.3</ele>
        <time>2026-10-08T06:19:47Z</time>
      </trkpt>
      <trkpt lat="46.230096" lon="6.05245">
        <ele>430.2</ele>
        <time>2026-10-08T06:19:48Z</time>
      </trkpt>
      <trkpt lat="46.230046" lon="6.052385">
        <ele>430.0</ele>
        <time>2026-10-08T06:19:49Z</time>
      </trkpt>
      <trkpt lat="46.229999" lon="6.052318">
        <ele>429.7</ele>
        <time>2026-10-08T06:19:50Z</time>
      </trkpt>
      <trkpt lat="46.22995" lon="6.052248">
        <ele>429.5</ele>
        <time>2026-10-08T06:19:51Z</time>
      </trkpt>
      <trkpt lat="46.229895" lon="6.052179">
        <ele>429.2</ele>
        <time>2026-10-08T06:19:52Z</time>
      </trkpt>
      <trkpt lat="46.229834" lon="6.052114">
        <ele>429.0</ele>
        <time>2026-10-08T06:19:53Z</time>
      </trkpt>
      <trkpt lat="46.229765" lon="6.052055">
        <ele>428.6</ele>
        <time>2026-10-08T06:19:54Z</time>
      </trkpt>
      <trkpt lat="46.229691" lon="6.052007">
        <ele>428.2</ele>
        <time>2026-10-08T06:19:55Z</time>
      </trkpt>
      <trkpt lat="46.229615" lon="6.051965">
        <ele>427.9</ele>
        <time>2026-10-08T06:19:56Z</time>
      </trkpt>
      <trkpt lat="46.229539" lon="6.05192">
        <ele>427.5</ele>
        <time>2026-10-08T06:19:57Z</time>
      </trkpt>
      <trkpt lat="46.229463" lon="6.051877">
        <ele>427.3</ele>
        <time>2026-10-08T06:19:58Z</time>
      </trkpt>
      <trkpt lat="46.229384" lon="6.051834">
        <ele>427.3</ele>
        <time>2026-10-08T06:19:59Z</time>
      </trkpt>
      <trkpt lat="46.229306" lon="6.051789">
        <ele>427.2</ele>
        <time>2026-10-08T06:20:00Z</time>
      </trkpt>
      <trkpt lat="46.229227" lon="6.051737">
        <ele>427.1</ele>
        <time>2026-10-08T06:20:01Z</time>
      </trkpt>
      <trkpt lat="46.229152" lon="6.051684">
        <ele>427.0</ele>
        <time>2026-10-08T06:20:02Z</time>
      </trkpt>
      <trkpt lat="46.229085" lon="6.051613">
        <ele>427.0</ele>
        <time>2026-10-08T06:20:03Z</time>
      </trkpt>
      <trkpt lat="46.229035" lon="6.051509">
        <ele>427.0</ele>
        <time>2026-10-08T06:20:04Z</time>
      </trkpt>
      <trkpt lat="46.229007" lon="6.051391">
        <ele>427.1</ele>
        <time>2026-10-08T06:20:05Z</time>
      </trkpt>
      <trkpt lat="46.229" lon="6.051272">
        <ele>427.3</ele>
        <time>2026-10-08T06:20:06Z</time>
      </trkpt>
      <trkpt lat="46.228998" lon="6.051161">
        <ele>427.5</ele>
        <time>2026-10-08T06:20:07Z</time>
      </trkpt>
      <trkpt lat="46.228994" lon="6.051056">
        <ele>427.7</ele>
        <time>2026-10-08T06:20:08Z</time>
      </trkpt>
      <trkpt lat="46.228984" lon="6.050958">
        <ele>427.9</ele>
        <time>2026-10-08T06:20:09Z</time>
      </trkpt>
      <trkpt lat="46.228978" lon="6.050868">
        <ele>428.1</ele>
        <time>2026-10-08T06:20:10Z</time>
      </trkpt>
      <trkpt lat="46.228982" lon="6.050779">
        <ele>428.2</ele>
        <time>2026-10-08T06:20:11Z</time>
      </trkpt>
      <trkpt lat="46.229006" lon="6.050691">
        <ele>428.3</ele>
        <time>2026-10-08T06:20:12Z</time>
      </trkpt>
      <trkpt lat="46.229043" lon="6.050606">
        <ele>428.4</ele>
        <time>2026-10-08T06:20:13Z</time>
      </trkpt>
      <trkpt lat="46.229082" lon="6.05053">
        <ele>428.5</ele>
        <time>2026-10-08T06:20:14Z</time>
      </trkpt>
      <trkpt lat="46.229121" lon="6.050453">
        <ele>428.7</ele>
        <time>2026-10-08T06:20:15Z</time>
      </trkpt>
      <trkpt lat="46.229151" lon="6.050377">
        <ele>428.8</ele>
        <time>2026-10-08T06:20:16Z</time>
      </trkpt>
      <trkpt lat="46.229185" lon="6.0503">
        <ele>429.0</ele>
        <time>2026-10-08T06:20:17Z</time>
      </trkpt>
      <trkpt lat="46.229216" lon="6.050224">
        <ele>429.1</ele>
        <time>2026-10-08T06:20:18Z</time>
      </trkpt>
      <trkpt lat="46.229248" lon="6.050153">
        <ele>429.2</ele>
        <time>2026-10-08T06:20:19Z</time>
      </trkpt>
      <trkpt lat="46.229278" lon="6.050077">
        <ele>429.4</ele>
        <time>2026-10-08T06:20:20Z</time>
      </trkpt>
      <trkpt lat="46.229308" lon="6.050007">
        <ele>429.5</ele>
        <time>2026-10-08T06:20:21Z</time>
      </trkpt>
      <trkpt lat="46.22934" lon="6.049934">
        <ele>429.6</ele>
        <time>2026-10-08T06:20:22Z</time>
      </trkpt>
      <trkpt lat="46.229368" lon="6.049865">
        <ele>429.7</ele>
        <time>2026-10-08T06:20:23Z</time>
      </trkpt>
      <trkpt lat="46.229397" lon="6.049794">
        <ele>429.9</ele>
        <time>2026-10-08T06:20:24Z</time>
      </trkpt>
      <trkpt lat="46.229425" lon="6.049727">
        <ele>430.0</ele>
        <time>2026-10-08T06:20:25Z</time>
      </trkpt>
      <trkpt lat="46.229454" lon="6.04966">
        <ele>430.2</ele>
        <time>2026-10-08T06:20:26Z</time>
      </trkpt>
      <trkpt lat="46.229478" lon="6.049592">
        <ele>430.4</ele>
        <time>2026-10-08T06:20:27Z</time>
      </trkpt>
      <trkpt lat="46.229504" lon="6.049528">
        <ele>430.6</ele>
        <time>2026-10-08T06:20:28Z</time>
      </trkpt>
      <trkpt lat="46.22953" lon="6.049468">
        <ele>430.8</ele>
        <time>2026-10-08T06:20:29Z</time>
      </trkpt>
      <trkpt lat="46.229558" lon="6.049409">
        <ele>431.0</ele>
        <time>2026-10-08T06:20:30Z</time>
      </trkpt>
      <trkpt lat="46.229586" lon="6.049348">
        <ele>431.3</ele>
        <time>2026-10-08T06:20:31Z</time>
      </trkpt>
      <trkpt lat="46.229615" lon="6.049288">
        <ele>431.5</ele>
        <time>2026-10-08T06:20:32Z</time>
      </trkpt>
      <trkpt lat="46.229638" lon="6.04923">
        <ele>431.7</ele>
        <time>2026-10-08T06:20:33Z</time>
      </trkpt>
      <trkpt lat="46.229663" lon="6.04917">
        <ele>431.9</ele>
        <time>2026-10-08T06:20:34Z</time>
      </trkpt>
      <trkpt lat="46.229689" lon="6.049113">
        <ele>432.1</ele>
        <time>2026-10-08T06:20:35Z</time>
      </trkpt>
      <trkpt lat="46.229713" lon="6.049054">
        <ele>432.3</ele>
        <time>2026-10-08T06:20:36Z</time>
      </trkpt>
      <trkpt lat="46.229738" lon="6.048997">
        <ele>432.5</ele>
        <time>2026-10-08T06:20:37Z</time>
      </trkpt>
      <trkpt lat="46.229765" lon="6.048937">
        <ele>432.7</ele>
        <time>2026-10-08T06:20:38Z</time>
      </trkpt>
      <trkpt lat="46.22979" lon="6.048878">
        <ele>432.9</ele>
        <time>2026-10-08T06:20:39Z</time>
      </trkpt>
      <trkpt lat="46.229816" lon="6.048821">
        <ele>433.1</ele>
        <time>2026-10-08T06:20:40Z</time>
      </trkpt>
      <trkpt lat="46.22984" lon="6.048759">
        <ele>433.2</ele>
        <time>2026-10-08T06:20:41Z</time>
      </trkpt>
      <trkpt lat="46.229862" lon="6.048694">
        <ele>433.4</ele>
        <time>2026-10-08T06:20:42Z</time>
      </trkpt>
      <trkpt lat="46.229886" lon="6.048632">
        <ele>433.5</ele>
        <time>2026-10-08T06:20:43Z</time>
      </trkpt>
      <trkpt lat="46.229913" lon="6.048574">
        <ele>433.6</ele>
        <time>2026-10-08T06:20:44Z</time>
      </trkpt>
      <trkpt lat="46.229939" lon="6.048514">
        <ele>433.8</ele>
        <time>2026-10-08T06:20:45Z</time>
      </trkpt>
      <trkpt lat="46.229965" lon="6.048453">
        <ele>433.9</ele>
        <time>2026-10-08T06:20:46Z</time>
      </trkpt>
      <trkpt lat="46.229989" lon="6.048393">
        <ele>434.1</ele>
        <time>2026-10-08T06:20:47Z</time>
      </trkpt>
      <trkpt lat="46.230014" lon="6.048332">
        <ele>434.3</ele>
        <time>2026-10-08T06:20:48Z</time>
      </trkpt>
      <trkpt lat="46.230037" lon="6.048271">
        <ele>434.5</ele>
        <time>2026-10-08T06:20:49Z</time>
      </trkpt>
      <trkpt lat="46.23006" lon="6.04821">
        <ele>434.7</ele>
        <time>2026-10-08T06:20:50Z</time>
      </trkpt>
      <trkpt lat="46.230085" lon="6.048149">
        <ele>434.9</ele>
        <time>2026-10-08T06:20:51Z</time>
      </trkpt>
      <trkpt lat="46.230111" lon="6.048089">
        <ele>435.1</ele>
        <time>2026-10-08T06:20:52Z</time>
      </trkpt>
      <trkpt lat="46.230137" lon="6.04803">
        <ele>435.3</ele>
        <time>2026-10-08T06:20:53Z</time>
      </trkpt>
      <trkpt lat="46.230159" lon="6.04797">
        <ele>435.5</ele>
        <time>2026-10-08T06:20:54Z</time>
      </trkpt>
      <trkpt lat="46.230184" lon="6.047909">
        <ele>435.7</ele>
        <time>2026-10-08T06:20:55Z</time>
      </trkpt>
      <trkpt lat="46.230209" lon="6.047847">
        <ele>435.9</ele>
        <time>2026-10-08T06:20:56Z</time>
      </trkpt>
      <trkpt lat="46.230235" lon="6.04779">
        <ele>436.1</ele>
        <time>2026-10-08T06:20:57Z</time>
      </trkpt>
      <trkpt lat="46.230261" lon="6.047732">
        <ele>436.3</ele>
        <time>2026-10-08T06:20:58Z</time>
      </trkpt>
      <trkpt lat="46.230286" lon="6.047672">
        <ele>436.5</ele>
        <time>2026-10-08T06:20:59Z</time>
      </trkpt>
      <trkpt lat="46.230309" lon="6.047611">
        <ele>436.7</ele>
        <time>2026-10-08T06:21:00Z</time>
      </trkpt>
      <trkpt lat="46.230332" lon="6.04755">
        <ele>436.9</ele>
        <time>2026-10-08T06:21:01Z</time>
      </trkpt>
      <trkpt lat="46.230356" lon="6.047489">
        <ele>437.1</ele>
        <time>2026-10-08T06:21:02Z</time>
      </trkpt>
      <trkpt lat="46.230383" lon="6.04743">
        <ele>437.3</ele>
        <time>2026-10-08T06:21:03Z</time>
      </trkpt>
      <trkpt lat="46.230408" lon="6.047373">
        <ele>437.5</ele>
        <time>2026-10-08T06:21:04Z</time>
      </trkpt>
      <trkpt lat="46.230434" lon="6.04731">
        <ele>437.7</ele>
        <time>2026-10-08T06:21:05Z</time>
      </trkpt>
      <trkpt lat="46.230459" lon="6.047249">
        <ele>437.9</ele>
        <time>2026-10-08T06:21:06Z</time>
      </trkpt>
      <trkpt lat="46.230483" lon="6.047188">
        <ele>438.1</ele>
        <time>2026-10-08T06:21:07Z</time>
      </trkpt>
      <trkpt lat="46.230508" lon="6.047124">
        <ele>438.3</ele>
        <time>2026-10-08T06:21:08Z</time>
      </trkpt>
      <trkpt lat="46.230535" lon="6.047061">
        <ele>438.5</ele>
        <time>2026-10-08T06:21:09Z</time>
      </trkpt>
      <trkpt lat="46.230562" lon="6.047">
        <ele>438.7</ele>
        <time>2026-10-08T06:21:10Z</time>
      </trkpt>
      <trkpt lat="46.230588" lon="6.046937">
        <ele>438.9</ele>
        <time>2026-10-08T06:21:11Z</time>
      </trkpt>
      <trkpt lat="46.230614" lon="6.046875">
        <ele>439.2</ele>
        <time>2026-10-08T06:21:12Z</time>
      </trkpt>
      <trkpt lat="46.230641" lon="6.046814">
        <ele>439.4</ele>
        <time>2026-10-08T06:21:13Z</time>
      </trkpt>
      <trkpt lat="46.230666" lon="6.046753">
        <ele>439.6</ele>
        <time>2026-10-08T06:21:14Z</time>
      </trkpt>
      <trkpt lat="46.230689" lon="6.046695">
        <ele>439.8</ele>
        <time>2026-10-08T06:21:15Z</time>
      </trkpt>
      <trkpt lat="46.230716" lon="6.046633">
        <ele>440.1</ele>
        <time>2026-10-08T06:21:16Z</time>
      </trkpt>
      <trkpt lat="46.230743" lon="6.046571">
        <ele>440.3</ele>
        <time>2026-10-08T06:21:17Z</time>
      </trkpt>
      <trkpt lat="46.230762" lon="6.046509">
        <ele>440.5</ele>
        <time>2026-10-08T06:21:18Z</time>
      </trkpt>
      <trkpt lat="46.230787" lon="6.046453">
        <ele>440.7</ele>
        <time>2026-10-08T06:21:19Z</time>
      </trkpt>
      <trkpt lat="46.230811" lon="6.046398">
        <ele>440.9</ele>
        <time>2026-10-08T06:21:20Z</time>
      </trkpt>
      <trkpt lat="46.230844" lon="6.046346">
        <ele>441.2</ele>
        <time>2026-10-08T06:21:21Z</time>
      </trkpt>
      <trkpt lat="46.230882" lon="6.046302">
        <ele>441.4</ele>
        <time>2026-10-08T06:21:22Z</time>
      </trkpt>
      <trkpt lat="46.230925" lon="6.046269">
        <ele>441.6</ele>
        <time>2026-10-08T06:21:23Z</time>
      </trkpt>
      <trkpt lat="46.230971" lon="6.046244">
        <ele>441.7</ele>
        <time>2026-10-08T06:21:24Z</time>
      </trkpt>
      <trkpt lat="46.231018" lon="6.046226">
        <ele>441.9</ele>
        <time>2026-10-08T06:21:25Z</time>
      </trkpt>
      <trkpt lat="46.231063" lon="6.046208">
        <ele>442.1</ele>
        <time>2026-10-08T06:21:26Z</time>
      </trkpt>
      <trkpt lat="46.231105" lon="6.046194">
        <ele>442.3</ele>
        <time>2026-10-08T06:21:27Z</time>
      </trkpt>
      <trkpt lat="46.231149" lon="6.046176">
        <ele>442.5</ele>
        <time>2026-10-08T06:21:28Z</time>
      </trkpt>
      <trkpt lat="46.231191" lon="6.04616">
        <ele>442.8</ele>
        <time>2026-10-08T06:21:29Z</time>
      </trkpt>
      <trkpt lat="46.231231" lon="6.046141">
        <ele>442.9</ele>
        <time>2026-10-08T06:21:30Z</time>
      </trkpt>
      <trkpt lat="46.231272" lon="6.046122">
        <ele>443.1</ele>
        <time>2026-10-08T06:21:31Z</time>
      </trkpt>
      <trkpt lat="46.231312" lon="6.046104">
        <ele>443.3</ele>
        <time>2026-10-08T06:21:32Z</time>
      </trkpt>
      <trkpt lat="46.231354" lon="6.046088">
        <ele>443.5</ele>
        <time>2026-10-08T06:21:33Z</time>
      </trkpt>
      <trkpt lat="46.2314" lon="6.046074">
        <ele>443.6</ele>
        <time>2026-10-08T06:21:34Z</time>
      </trkpt>
      <trkpt lat="46.23145" lon="6.046082">
        <ele>443.8</ele>
        <time>2026-10-08T06:21:35Z</time>
      </trkpt>
      <trkpt lat="46.231496" lon="6.046105">
        <ele>443.9</ele>
        <time>2026-10-08T06:21:36Z</time>
      </trkpt>
      <trkpt lat="46.231538" lon="6.046134">
        <ele>444.0</ele>
        <time>2026-10-08T06:21:37Z</time>
      </trkpt>
      <trkpt lat="46.231581" lon="6.046164">
        <ele>443.9</ele>
        <time>2026-10-08T06:21:38Z</time>
      </trkpt>
      <trkpt lat="46.231624" lon="6.046195">
        <ele>443.8</ele>
        <time>2026-10-08T06:21:39Z</time>
      </trkpt>
      <trkpt lat="46.231667" lon="6.046231">
        <ele>443.7</ele>
        <time>2026-10-08T06:21:40Z</time>
      </trkpt>
      <trkpt lat="46.23171" lon="6.046265">
        <ele>443.6</ele>
        <time>2026-10-08T06:21:41Z</time>
      </trkpt>
      <trkpt lat="46.231752" lon="6.046303">
        <ele>443.5</ele>
        <time>2026-10-08T06:21:42Z</time>
      </trkpt>
      <trkpt lat="46.231794" lon="6.046339">
        <ele>443.4</ele>
        <time>2026-10-08T06:21:43Z</time>
      </trkpt>
      <trkpt lat="46.231841" lon="6.046332">
        <ele>443.4</ele>
        <time>2026-10-08T06:21:44Z</time>
      </trkpt>
      <trkpt lat="46.231886" lon="6.046292">
        <ele>443.4</ele>
        <time>2026-10-08T06:21:45Z</time>
      </trkpt>
      <trkpt lat="46.231922" lon="6.046236">
        <ele>443.6</ele>
        <time>2026-10-08T06:21:46Z</time>
      </trkpt>
      <trkpt lat="46.231942" lon="6.046173">
        <ele>443.7</ele>
        <time>2026-10-08T06:21:47Z</time>
      </trkpt>
      <trkpt lat="46.231959" lon="6.046117">
        <ele>443.9</ele>
        <time>2026-10-08T06:21:48Z</time>
      </trkpt>
      <trkpt lat="46.231974" lon="6.046055">
        <ele>444.0</ele>
        <time>2026-10-08T06:21:49Z</time>
      </trkpt>
      <trkpt lat="46.231993" lon="6.045999">
        <ele>444.2</ele>
        <time>2026-10-08T06:21:50Z</time>
      </trkpt>
      <trkpt lat="46.232011" lon="6.045941">
        <ele>444.3</ele>
        <time>2026-10-08T06:21:51Z</time>
      </trkpt>
      <trkpt lat="46.232022" lon="6.045889">
        <ele>444.5</ele>
        <time>2026-10-08T06:21:52Z</time>
      </trkpt>
      <trkpt lat="46.232046" lon="6.045839">
        <ele>444.6</ele>
        <time>2026-10-08T06:21:53Z</time>
      </trkpt>
      <trkpt lat="46.232074" lon="6.045787">
        <ele>444.8</ele>
        <time>2026-10-08T06:21:54Z</time>
      </trkpt>
      <trkpt lat="46.232096" lon="6.045733">
        <ele>444.9</ele>
        <time>2026-10-08T06:21:55Z</time>
      </trkpt>
      <trkpt lat="46.23212" lon="6.045683">
        <ele>445.1</ele>
        <time>2026-10-08T06:21:56Z</time>
      </trkpt>
      <trkpt lat="46.232143" lon="6.04563">
        <ele>445.2</ele>
        <time>2026-10-08T06:21:57Z</time>
      </trkpt>
      <trkpt lat="46.232167" lon="6.045576">
        <ele>445.4</ele>
        <time>2026-10-08T06:21:58Z</time>
      </trkpt>
      <trkpt lat="46.232192" lon="6.045524">
        <ele>445.5</ele>
        <time>2026-10-08T06:21:59Z</time>
      </trkpt>
      <trkpt lat="46.232216" lon="6.045474">
        <ele>445.7</ele>
        <time>2026-10-08T06:22:00Z</time>
      </trkpt>
      <trkpt lat="46.232236" lon="6.045423">
        <ele>445.8</ele>
        <time>2026-10-08T06:22:01Z</time>
      </trkpt>
      <trkpt lat="46.232252" lon="6.045377">
        <ele>445.9</ele>
        <time>2026-10-08T06:22:02Z</time>
      </trkpt>
      <trkpt lat="46.232261" lon="6.045332">
        <ele>446.0</ele>
        <time>2026-10-08T06:22:03Z</time>
      </trkpt>
      <trkpt lat="46.232279" lon="6.045303">
        <ele>446.1</ele>
        <time>2026-10-08T06:22:04Z</time>
      </trkpt>
      <trkpt lat="46.232312" lon="6.045321">
        <ele>446.7</ele>
        <time>2026-10-08T06:22:05Z</time>
      </trkpt>
      <trkpt lat="46.232319" lon="6.045365">
        <ele>447.0</ele>
        <time>2026-10-08T06:22:06Z</time>
      </trkpt>
      <trkpt lat="46.232337" lon="6.045404">
        <ele>447.4</ele>
        <time>2026-10-08T06:22:07Z</time>
      </trkpt>
      <trkpt lat="46.232366" lon="6.045424">
        <ele>447.7</ele>
        <time>2026-10-08T06:22:08Z</time>
      </trkpt>
      <trkpt lat="46.232397" lon="6.04544">
        <ele>448.1</ele>
        <time>2026-10-08T06:22:09Z</time>
      </trkpt>
      <trkpt lat="46.23241" lon="6.045454">
        <ele>448.2</ele>
        <time>2026-10-08T06:22:10Z</time>
      </trkpt>
      <trkpt lat="46.232417" lon="6.045468">
        <ele>448.3</ele>
        <time>2026-10-08T06:22:11Z</time>
      </trkpt>
      <trkpt lat="46.232422" lon="6.045465">
        <ele>448.4</ele>
        <time>2026-10-08T06:22:12Z</time>
      </trkpt>
      <trkpt lat="46.232423" lon="6.045453">
        <ele>448.5</ele>
        <time>2026-10-08T06:22:13Z</time>
      </trkpt>
      <trkpt lat="46.232422" lon="6.045441">
        <ele>448.6</ele>
        <time>2026-10-08T06:22:14Z</time>
      </trkpt>
      <trkpt lat="46.23242" lon="6.045438">
        <ele>448.6</ele>
        <time>2026-10-08T06:22:15Z</time>
      </trkpt>
      <trkpt lat="46.232419" lon="6.045436">
        <ele>448.6</ele>
        <time>2026-10-08T06:22:16Z</time>
      </trkpt>
      <trkpt lat="46.232422" lon="6.045431">
        <ele>448.7</ele>
        <time>2026-10-08T06:22:17Z</time>
      </trkpt>
      <trkpt lat="46.232426" lon="6.045426">
        <ele>448.7</ele>
        <time>2026-10-08T06:22:18Z</time>
      </trkpt>
      <trkpt lat="46.23243" lon="6.045424">
        <ele>448.8</ele>
        <time>2026-10-08T06:22:19Z</time>
      </trkpt>
      <trkpt lat="46.232439" lon="6.045419">
        <ele>448.9</ele>
        <time>2026-10-08T06:22:20Z</time>
      </trkpt>
      <trkpt lat="46.23244" lon="6.045411">
        <ele>448.9</ele>
        <time>2026-10-08T06:22:21Z</time>
      </trkpt>
      <trkpt lat="46.232441" lon="6.045411">
        <ele>448.9</ele>
        <time>2026-10-08T06:22:22Z</time>
      </trkpt>
      <trkpt lat="46.232442" lon="6.04542">
        <ele>449.0</ele>
        <time>2026-10-08T06:22:23Z</time>
      </trkpt>
      <trkpt lat="46.232434" lon="6.045431">
        <ele>449.1</ele>
        <time>2026-10-08T06:22:24Z</time>
      </trkpt>
      <trkpt lat="46.23243" lon="6.045437">
        <ele>449.1</ele>
        <time>2026-10-08T06:22:25Z</time>
      </trkpt>
      <trkpt lat="46.232432" lon="6.045441">
        <ele>449.1</ele>
        <time>2026-10-08T06:22:26Z</time>
      </trkpt>
      <trkpt lat="46.232424" lon="6.045443">
        <ele>449.2</ele>
        <time>2026-10-08T06:22:27Z</time>
      </trkpt>
      <trkpt lat="46.232425" lon="6.045443">
        <ele>449.2</ele>
        <time>2026-10-08T06:22:28Z</time>
      </trkpt>
      <trkpt lat="46.23242" lon="6.045453">
        <ele>449.3</ele>
        <time>2026-10-08T06:22:29Z</time>
      </trkpt>
      <trkpt lat="46.232418" lon="6.045451">
        <ele>449.3</ele>
        <time>2026-10-08T06:22:30Z</time>
      </trkpt>
      <trkpt lat="46.232423" lon="6.045454">
        <ele>449.3</ele>
        <time>2026-10-08T06:22:31Z</time>
      </trkpt>
      <trkpt lat="46.232427" lon="6.045456">
        <ele>449.4</ele>
        <time>2026-10-08T06:22:32Z</time>
      </trkpt>
      <trkpt lat="46.232427" lon="6.045454">
        <ele>449.4</ele>
        <time>2026-10-08T06:22:33Z</time>
      </trkpt>
      <trkpt lat="46.232429" lon="6.045451">
        <ele>449.4</ele>
        <time>2026-10-08T06:22:34Z</time>
      </trkpt>
      <trkpt lat="46.232433" lon="6.045449">
        <ele>449.5</ele>
        <time>2026-10-08T06:22:35Z</time>
      </trkpt>
      <trkpt lat="46.23244" lon="6.04545">
        <ele>449.5</ele>
        <time>2026-10-08T06:22:36Z</time>
      </trkpt>
      <trkpt lat="46.232443" lon="6.045449">
        <ele>449.5</ele>
        <time>2026-10-08T06:22:37Z</time>
      </trkpt>
      <trkpt lat="46.232442" lon="6.04545">
        <ele>449.5</ele>
        <time>2026-10-08T06:22:38Z</time>
      </trkpt>
      <trkpt lat="46.232441" lon="6.045451">
        <ele>449.6</ele>
        <time>2026-10-08T06:22:39Z</time>
      </trkpt>
      <trkpt lat="46.232446" lon="6.045442">
        <ele>449.6</ele>
        <time>2026-10-08T06:22:40Z</time>
      </trkpt>
      <trkpt lat="46.232445" lon="6.04544">
        <ele>449.6</ele>
        <time>2026-10-08T06:22:41Z</time>
      </trkpt>
      <trkpt lat="46.232452" lon="6.045442">
        <ele>449.6</ele>
        <time>2026-10-08T06:22:42Z</time>
      </trkpt>
      <trkpt lat="46.232455" lon="6.045439">
        <ele>449.6</ele>
        <time>2026-10-08T06:22:43Z</time>
      </trkpt>
      <trkpt lat="46.232455" lon="6.045439">
        <ele>449.6</ele>
        <time>2026-10-08T06:22:44Z</time>
      </trkpt>
      <trkpt lat="46.232453" lon="6.045445">
        <ele>449.6</ele>
        <time>2026-10-08T06:22:45Z</time>
      </trkpt>
      <trkpt lat="46.232456" lon="6.045451">
        <ele>449.7</ele>
        <time>2026-10-08T06:22:46Z</time>
      </trkpt>
      <trkpt lat="46.232452" lon="6.045453">
        <ele>449.7</ele>
        <time>2026-10-08T06:22:47Z</time>
      </trkpt>
      <trkpt lat="46.232449" lon="6.045459">
        <ele>449.7</ele>
        <time>2026-10-08T06:22:48Z</time>
      </trkpt>
      <trkpt lat="46.232452" lon="6.045458">
        <ele>449.7</ele>
        <time>2026-10-08T06:22:49Z</time>
      </trkpt>
      <trkpt lat="46.232452" lon="6.045461">
        <ele>449.7</ele>
        <time>2026-10-08T06:22:50Z</time>
      </trkpt>
      <trkpt lat="46.232454" lon="6.045451">
        <ele>449.7</ele>
        <time>2026-10-08T06:22:51Z</time>
      </trkpt>
      <trkpt lat="46.23246" lon="6.04545">
        <ele>449.7</ele>
        <time>2026-10-08T06:22:52Z</time>
      </trkpt>
      <trkpt lat="46.232463" lon="6.045449">
        <ele>449.7</ele>
        <time>2026-10-08T06:22:53Z</time>
      </trkpt>
      <trkpt lat="46.232464" lon="6.045444">
        <ele>449.8</ele>
        <time>2026-10-08T06:22:54Z</time>
      </trkpt>
      <trkpt lat="46.232473" lon="6.045442">
        <ele>449.8</ele>
        <time>2026-10-08T06:22:55Z</time>
      </trkpt>
      <trkpt lat="46.232471" lon="6.045448">
        <ele>449.8</ele>
        <time>2026-10-08T06:22:56Z</time>
      </trkpt>
      <trkpt lat="46.232469" lon="6.045448">
        <ele>449.8</ele>
        <time>2026-10-08T06:22:57Z</time>
      </trkpt>
      <trkpt lat="46.232469" lon="6.045458">
        <ele>449.8</ele>
        <time>2026-10-08T06:22:58Z</time>
      </trkpt>
      <trkpt lat="46.232465" lon="6.045466">
        <ele>449.8</ele>
        <time>2026-10-08T06:22:59Z</time>
      </trkpt>
      <trkpt lat="46.232465" lon="6.045458">
        <ele>449.8</ele>
        <time>2026-10-08T06:23:00Z</time>
      </trkpt>
      <trkpt lat="46.232469" lon="6.045451">
        <ele>449.8</ele>
        <time>2026-10-08T06:23:01Z</time>
      </trkpt>
      <trkpt lat="46.232473" lon="6.045447">
        <ele>449.7</ele>
        <time>2026-10-08T06:23:02Z</time>
      </trkpt>
      <trkpt lat="46.232472" lon="6.045453">
        <ele>449.7</ele>
        <time>2026-10-08T06:23:03Z</time>
      </trkpt>
      <trkpt lat="46.232473" lon="6.045452">
        <ele>449.7</ele>
        <time>2026-10-08T06:23:04Z</time>
      </trkpt>
      <trkpt lat="46.232477" lon="6.045454">
        <ele>449.7</ele>
        <time>2026-10-08T06:23:05Z</time>
      </trkpt>
      <trkpt lat="46.232482" lon="6.045436">
        <ele>449.6</ele>
        <time>2026-10-08T06:23:06Z</time>
      </trkpt>
      <trkpt lat="46.232475" lon="6.045427">
        <ele>449.6</ele>
        <time>2026-10-08T06:23:07Z</time>
      </trkpt>
      <trkpt lat="46.232471" lon="6.045438">
        <ele>449.5</ele>
        <time>2026-10-08T06:23:08Z</time>
      </trkpt>
      <trkpt lat="46.232474" lon="6.045444">
        <ele>449.5</ele>
        <time>2026-10-08T06:23:09Z</time>
      </trkpt>
      <trkpt lat="46.232478" lon="6.045446">
        <ele>449.5</ele>
        <time>2026-10-08T06:23:10Z</time>
      </trkpt>
      <trkpt lat="46.232476" lon="6.045444">
        <ele>449.5</ele>
        <time>2026-10-08T06:23:11Z</time>
      </trkpt>
      <trkpt lat="46.232484" lon="6.04544">
        <ele>449.4</ele>
        <time>2026-10-08T06:23:12Z</time>
      </trkpt>
      <trkpt lat="46.232491" lon="6.045444">
        <ele>449.4</ele>
        <time>2026-10-08T06:23:13Z</time>
      </trkpt>
      <trkpt lat="46.232492" lon="6.04544">
        <ele>449.3</ele>
        <time>2026-10-08T06:23:14Z</time>
      </trkpt>
      <trkpt lat="46.232513" lon="6.045446">
        <ele>449.0</ele>
        <time>2026-10-08T06:23:15Z</time>
      </trkpt>
      <trkpt lat="46.232521" lon="6.045446">
        <ele>448.9</ele>
        <time>2026-10-08T06:23:16Z</time>
      </trkpt>
      <trkpt lat="46.232522" lon="6.04545">
        <ele>448.9</ele>
        <time>2026-10-08T06:23:17Z</time>
      </trkpt>
      <trkpt lat="46.232526" lon="6.04545">
        <ele>448.8</ele>
        <time>2026-10-08T06:23:18Z</time>
      </trkpt>
      <trkpt lat="46.232534" lon="6.045447">
        <ele>448.7</ele>
        <time>2026-10-08T06:23:19Z</time>
      </trkpt>
      <trkpt lat="46.23254" lon="6.045448">
        <ele>448.6</ele>
        <time>2026-10-08T06:23:20Z</time>
      </trkpt>
      <trkpt lat="46.232545" lon="6.045448">
        <ele>448.6</ele>
        <time>2026-10-08T06:23:21Z</time>
      </trkpt>
      <trkpt lat="46.23256" lon="6.045458">
        <ele>448.3</ele>
        <time>2026-10-08T06:23:22Z</time>
      </trkpt>
      <trkpt lat="46.232577" lon="6.045459">
        <ele>448.1</ele>
        <time>2026-10-08T06:23:23Z</time>
      </trkpt>
    </trkseg>
  </trk>
</gpx>