<?xml version="1.0" encoding="UTF-8"?>
<gpx xmlns="http://www.topografix.com/GPX/1/1" xmlns:xsi="http://www.w3.org/2001/XMLSchema-instance" xsi:schemaLocation="http://www.topografix.com/GPX/1/1 http://www.topografix.com/GPX/1/1/gpx.xsd" version="1.1" creator="gpx.py -- https://github.com/tkrajina/gpxpy">
  <metadata>
    <name>1786118696.Colovray_to_get_dossard</name>
    <time>2026-08-07T16:04:56Z</time>
    <keywords>19643382551</keywords>
  </metadata>
  <trk>
    <name>1786118696.Colovray_to_get_dossard</name>
    <cmt>2026-08-07</cmt>
    <type>Ride</type>
    <trkseg>
      <trkpt lat="46.331789" lon="6.194279">
        <ele>397.1</ele>
        <time>2026-08-07T16:04:56Z</time>
      </trkpt>
      <trkpt lat="46.331789" lon="6.194279">
        <ele>397.1</ele>
        <time>2026-08-07T16:04:57Z</time>
      </trkpt>
      <trkpt lat="46.331771" lon="6.194269">
        <ele>397.1</ele>
        <time>2026-08-07T16:04:58Z</time>
      </trkpt>
      <trkpt lat="46.331777" lon="6.194274">
        <ele>397.1</ele>
        <time>2026-08-07T16:04:59Z</time>
      </trkpt>
      <trkpt lat="46.331774" lon="6.194276">
        <ele>397.1</ele>
        <time>2026-08-07T16:05:00Z</time>
      </trkpt>
      <trkpt lat="46.331766" lon="6.194276">
        <ele>397.0</ele>
        <time>2026-08-07T16:05:01Z</time>
      </trkpt>
      <trkpt lat="46.331769" lon="6.194277">
        <ele>397.0</ele>
        <time>2026-08-07T16:05:02Z</time>
      </trkpt>
      <trkpt lat="46.331773" lon="6.194281">
        <ele>397.0</ele>
        <time>2026-08-07T16:05:03Z</time>
      </trkpt>
      <trkpt lat="46.331775" lon="6.194282">
        <ele>397.0</ele>
        <time>2026-08-07T16:05:04Z</time>
      </trkpt>
      <trkpt lat="46.331775" lon="6.194282">
        <ele>397.0</ele>
        <time>2026-08-07T16:05:11Z</time>
      </trkpt>
      <trkpt lat="46.331775" lon="6.194281">
        <ele>397.0</ele>
        <time>2026-08-07T16:05:12Z</time>
      </trkpt>
      <trkpt lat="46.331784" lon="6.194287">
        <ele>397.0</ele>
        <time>2026-08-07T16:05:15Z</time>
      </trkpt>
      <trkpt lat="46.331784" lon="6.194287">
        <ele>397.0</ele>
        <time>2026-08-07T16:05:16Z</time>
      </trkpt>
      <trkpt lat="46.3318" lon="6.194295">
        <ele>397.0</ele>
        <time>2026-08-07T16:05:17Z</time>
      </trkpt>
      <trkpt lat="46.331805" lon="6.194297">
        <ele>397.0</ele>
        <time>2026-08-07T16:05:18Z</time>
      </trkpt>
      <trkpt lat="46.33181" lon="6.1943">
        <ele>397.0</ele>
        <time>2026-08-07T16:05:20Z</time>
      </trkpt>
      <trkpt lat="46.331817" lon="6.1943">
        <ele>397.0</ele>
        <time>2026-08-07T16:05:22Z</time>
      </trkpt>
      <trkpt lat="46.33181" lon="6.19433">
        <ele>397.0</ele>
        <time>2026-08-07T16:05:23Z</time>
      </trkpt>
      <trkpt lat="46.331802" lon="6.194344">
        <ele>396.9</ele>
        <time>2026-08-07T16:05:24Z</time>
      </trkpt>
      <trkpt lat="46.331796" lon="6.19435">
        <ele>396.9</ele>
        <time>2026-08-07T16:05:25Z</time>
      </trkpt>
      <trkpt lat="46.331797" lon="6.194377">
        <ele>396.9</ele>
        <time>2026-08-07T16:05:26Z</time>
      </trkpt>
      <trkpt lat="46.331781" lon="6.194418">
        <ele>396.9</ele>
        <time>2026-08-07T16:05:27Z</time>
      </trkpt>
      <trkpt lat="46.331757" lon="6.194455">
        <ele>396.8</ele>
        <time>2026-08-07T16:05:28Z</time>
      </trkpt>
      <trkpt lat="46.331736" lon="6.194499">
        <ele>396.8</ele>
        <time>2026-08-07T16:05:29Z</time>
      </trkpt>
      <trkpt lat="46.331725" lon="6.194544">
        <ele>396.8</ele>
        <time>2026-08-07T16:05:30Z</time>
      </trkpt>
      <trkpt lat="46.331712" lon="6.194589">
        <ele>396.8</ele>
        <time>2026-08-07T16:05:31Z</time>
      </trkpt>
      <trkpt lat="46.331698" lon="6.194635">
        <ele>396.7</ele>
        <time>2026-08-07T16:05:32Z</time>
      </trkpt>
      <trkpt lat="46.331674" lon="6.194685">
        <ele>396.7</ele>
        <time>2026-08-07T16:05:33Z</time>
      </trkpt>
      <trkpt lat="46.331635" lon="6.194719">
        <ele>396.7</ele>
        <time>2026-08-07T16:05:34Z</time>
      </trkpt>
      <trkpt lat="46.331595" lon="6.194725">
        <ele>396.7</ele>
        <time>2026-08-07T16:05:35Z</time>
      </trkpt>
      <trkpt lat="46.33156" lon="6.194718">
        <ele>396.7</ele>
        <time>2026-08-07T16:05:36Z</time>
      </trkpt>
      <trkpt lat="46.331524" lon="6.194689">
        <ele>396.7</ele>
        <time>2026-08-07T16:05:37Z</time>
      </trkpt>
      <trkpt lat="46.331484" lon="6.194664">
        <ele>396.7</ele>
        <time>2026-08-07T16:05:38Z</time>
      </trkpt>
      <trkpt lat="46.331436" lon="6.194646">
        <ele>396.7</ele>
        <time>2026-08-07T16:05:39Z</time>
      </trkpt>
      <trkpt lat="46.331391" lon="6.19463">
        <ele>396.7</ele>
        <time>2026-08-07T16:05:40Z</time>
      </trkpt>
      <trkpt lat="46.331345" lon="6.194606">
        <ele>396.7</ele>
        <time>2026-08-07T16:05:41Z</time>
      </trkpt>
      <trkpt lat="46.331298" lon="6.194589">
        <ele>396.7</ele>
        <time>2026-08-07T16:05:42Z</time>
      </trkpt>
      <trkpt lat="46.331251" lon="6.194566">
        <ele>396.7</ele>
        <time>2026-08-07T16:05:43Z</time>
      </trkpt>
      <trkpt lat="46.331199" lon="6.194537">
        <ele>396.7</ele>
        <time>2026-08-07T16:05:44Z</time>
      </trkpt>
      <trkpt lat="46.331153" lon="6.194522">
        <ele>396.8</ele>
        <time>2026-08-07T16:05:45Z</time>
      </trkpt>
      <trkpt lat="46.331104" lon="6.194501">
        <ele>396.8</ele>
        <time>2026-08-07T16:05:46Z</time>
      </trkpt>
      <trkpt lat="46.331057" lon="6.194484">
        <ele>396.9</ele>
        <time>2026-08-07T16:05:47Z</time>
      </trkpt>
      <trkpt lat="46.331007" lon="6.194459">
        <ele>396.9</ele>
        <time>2026-08-07T16:05:48Z</time>
      </trkpt>
      <trkpt lat="46.33096" lon="6.194432">
        <ele>396.9</ele>
        <time>2026-08-07T16:05:49Z</time>
      </trkpt>
      <trkpt lat="46.330912" lon="6.194409">
        <ele>396.9</ele>
        <time>2026-08-07T16:05:50Z</time>
      </trkpt>
      <trkpt lat="46.330865" lon="6.194385">
        <ele>396.9</ele>
        <time>2026-08-07T16:05:51Z</time>
      </trkpt>
      <trkpt lat="46.330816" lon="6.194358">
        <ele>397.0</ele>
        <time>2026-08-07T16:05:52Z</time>
      </trkpt>
      <trkpt lat="46.33077" lon="6.194333">
        <ele>397.0</ele>
        <time>2026-08-07T16:05:53Z</time>
      </trkpt>
      <trkpt lat="46.330724" lon="6.194311">
        <ele>397.1</ele>
        <time>2026-08-07T16:05:54Z</time>
      </trkpt>
      <trkpt lat="46.330677" lon="6.194289">
        <ele>397.1</ele>
        <time>2026-08-07T16:05:55Z</time>
      </trkpt>
      <trkpt lat="46.330633" lon="6.194263">
        <ele>397.2</ele>
        <time>2026-08-07T16:05:56Z</time>
      </trkpt>
      <trkpt lat="46.330589" lon="6.194239">
        <ele>397.2</ele>
        <time>2026-08-07T16:05:57Z</time>
      </trkpt>
      <trkpt lat="46.330544" lon="6.194216">
        <ele>397.3</ele>
        <time>2026-08-07T16:05:58Z</time>
      </trkpt>
      <trkpt lat="46.3305" lon="6.194193">
        <ele>397.4</ele>
        <time>2026-08-07T16:05:59Z</time>
      </trkpt>
      <trkpt lat="46.330456" lon="6.194171">
        <ele>397.4</ele>
        <time>2026-08-07T16:06:00Z</time>
      </trkpt>
      <trkpt lat="46.330413" lon="6.194143">
        <ele>397.5</ele>
        <time>2026-08-07T16:06:01Z</time>
      </trkpt>
      <trkpt lat="46.330374" lon="6.194115">
        <ele>397.6</ele>
        <time>2026-08-07T16:06:02Z</time>
      </trkpt>
      <trkpt lat="46.330332" lon="6.194093">
        <ele>397.6</ele>
        <time>2026-08-07T16:06:03Z</time>
      </trkpt>
      <trkpt lat="46.330284" lon="6.194069">
        <ele>397.7</ele>
        <time>2026-08-07T16:06:04Z</time>
      </trkpt>
      <trkpt lat="46.330241" lon="6.194046">
        <ele>397.7</ele>
        <time>2026-08-07T16:06:05Z</time>
      </trkpt>
      <trkpt lat="46.330201" lon="6.19402">
        <ele>397.8</ele>
        <time>2026-08-07T16:06:06Z</time>
      </trkpt>
      <trkpt lat="46.330161" lon="6.193992">
        <ele>397.8</ele>
        <time>2026-08-07T16:06:07Z</time>
      </trkpt>
      <trkpt lat="46.330124" lon="6.193954">
        <ele>397.9</ele>
        <time>2026-08-07T16:06:08Z</time>
      </trkpt>
      <trkpt lat="46.330097" lon="6.193897">
        <ele>397.9</ele>
        <time>2026-08-07T16:06:09Z</time>
      </trkpt>
      <trkpt lat="46.330094" lon="6.193823">
        <ele>397.9</ele>
        <time>2026-08-07T16:06:10Z</time>
      </trkpt>
      <trkpt lat="46.330105" lon="6.193754">
        <ele>397.9</ele>
        <time>2026-08-07T16:06:11Z</time>
      </trkpt>
      <trkpt lat="46.330119" lon="6.193687">
        <ele>397.9</ele>
        <time>2026-08-07T16:06:12Z</time>
      </trkpt>
      <trkpt lat="46.33013" lon="6.193622">
        <ele>397.9</ele>
        <time>2026-08-07T16:06:13Z</time>
      </trkpt>
      <trkpt lat="46.330141" lon="6.193556">
        <ele>397.9</ele>
        <time>2026-08-07T16:06:14Z</time>
      </trkpt>
      <trkpt lat="46.330149" lon="6.19349">
        <ele>397.9</ele>
        <time>2026-08-07T16:06:15Z</time>
      </trkpt>
      <trkpt lat="46.330155" lon="6.193425">
        <ele>397.9</ele>
        <time>2026-08-07T16:06:16Z</time>
      </trkpt>
      <trkpt lat="46.330166" lon="6.193362">
        <ele>397.9</ele>
        <time>2026-08-07T16:06:17Z</time>
      </trkpt>
      <trkpt lat="46.330174" lon="6.193307">
        <ele>397.9</ele>
        <time>2026-08-07T16:06:18Z</time>
      </trkpt>
      <trkpt lat="46.330181" lon="6.193253">
        <ele>398.0</ele>
        <time>2026-08-07T16:06:19Z</time>
      </trkpt>
      <trkpt lat="46.330186" lon="6.193206">
        <ele>398.0</ele>
        <time>2026-08-07T16:06:20Z</time>
      </trkpt>
      <trkpt lat="46.330184" lon="6.193179">
        <ele>398.0</ele>
        <time>2026-08-07T16:06:21Z</time>
      </trkpt>
      <trkpt lat="46.330168" lon="6.193154">
        <ele>398.1</ele>
        <time>2026-08-07T16:06:22Z</time>
      </trkpt>
      <trkpt lat="46.330138" lon="6.193131">
        <ele>398.0</ele>
        <time>2026-08-07T16:06:23Z</time>
      </trkpt>
      <trkpt lat="46.330097" lon="6.19313">
        <ele>397.9</ele>
        <time>2026-08-07T16:06:24Z</time>
      </trkpt>
      <trkpt lat="46.330047" lon="6.193129">
        <ele>397.7</ele>
        <time>2026-08-07T16:06:25Z</time>
      </trkpt>
      <trkpt lat="46.330003" lon="6.193133">
        <ele>397.5</ele>
        <time>2026-08-07T16:06:26Z</time>
      </trkpt>
      <trkpt lat="46.329954" lon="6.193136">
        <ele>397.3</ele>
        <time>2026-08-07T16:06:27Z</time>
      </trkpt>
      <trkpt lat="46.329905" lon="6.193141">
        <ele>397.1</ele>
        <time>2026-08-07T16:06:28Z</time>
      </trkpt>
      <trkpt lat="46.329853" lon="6.193151">
        <ele>396.8</ele>
        <time>2026-08-07T16:06:29Z</time>
      </trkpt>
      <trkpt lat="46.329799" lon="6.193162">
        <ele>396.6</ele>
        <time>2026-08-07T16:06:30Z</time>
      </trkpt>
      <trkpt lat="46.329743" lon="6.193176">
        <ele>396.2</ele>
        <time>2026-08-07T16:06:31Z</time>
      </trkpt>
      <trkpt lat="46.329693" lon="6.193215">
        <ele>395.9</ele>
        <time>2026-08-07T16:06:32Z</time>
      </trkpt>
      <trkpt lat="46.329644" lon="6.193277">
        <ele>395.5</ele>
        <time>2026-08-07T16:06:33Z</time>
      </trkpt>
      <trkpt lat="46.329607" lon="6.193359">
        <ele>395.1</ele>
        <time>2026-08-07T16:06:34Z</time>
      </trkpt>
      <trkpt lat="46.32958" lon="6.19345">
        <ele>394.6</ele>
        <time>2026-08-07T16:06:35Z</time>
      </trkpt>
      <trkpt lat="46.329561" lon="6.193553">
        <ele>394.1</ele>
        <time>2026-08-07T16:06:36Z</time>
      </trkpt>
      <trkpt lat="46.329542" lon="6.193661">
        <ele>393.5</ele>
        <time>2026-08-07T16:06:37Z</time>
      </trkpt>
      <trkpt lat="46.329525" lon="6.193777">
        <ele>392.8</ele>
        <time>2026-08-07T16:06:38Z</time>
      </trkpt>
      <trkpt lat="46.329505" lon="6.193897">
        <ele>392.1</ele>
        <time>2026-08-07T16:06:39Z</time>
      </trkpt>
      <trkpt lat="46.329482" lon="6.194021">
        <ele>391.4</ele>
        <time>2026-08-07T16:06:40Z</time>
      </trkpt>
      <trkpt lat="46.329456" lon="6.19415">
        <ele>390.8</ele>
        <time>2026-08-07T16:06:41Z</time>
      </trkpt>
      <trkpt lat="46.329431" lon="6.19428">
        <ele>390.3</ele>
        <time>2026-08-07T16:06:42Z</time>
      </trkpt>
      <trkpt lat="46.329408" lon="6.194418">
        <ele>389.9</ele>
        <time>2026-08-07T16:06:43Z</time>
      </trkpt>
      <trkpt lat="46.329382" lon="6.194554">
        <ele>389.7</ele>
        <time>2026-08-07T16:06:44Z</time>
      </trkpt>
      <trkpt lat="46.329356" lon="6.194689">
        <ele>389.6</ele>
        <time>2026-08-07T16:06:45Z</time>
      </trkpt>
      <trkpt lat="46.329331" lon="6.194818">
        <ele>389.7</ele>
        <time>2026-08-07T16:06:46Z</time>
      </trkpt>
      <trkpt lat="46.329281" lon="6.194931">
        <ele>389.8</ele>
        <time>2026-08-07T16:06:47Z</time>
      </trkpt>
      <trkpt lat="46.329245" lon="6.195038">
        <ele>390.0</ele>
        <time>2026-08-07T16:06:48Z</time>
      </trkpt>
      <trkpt lat="46.329249" lon="6.195167">
        <ele>390.3</ele>
        <time>2026-08-07T16:06:49Z</time>
      </trkpt>
      <trkpt lat="46.329228" lon="6.195271">
        <ele>390.5</ele>
        <time>2026-08-07T16:06:50Z</time>
      </trkpt>
      <trkpt lat="46.329211" lon="6.195369">
        <ele>390.8</ele>
        <time>2026-08-07T16:06:51Z</time>
      </trkpt>
      <trkpt lat="46.32919" lon="6.19546">
        <ele>391.0</ele>
        <time>2026-08-07T16:06:52Z</time>
      </trkpt>
      <trkpt lat="46.329171" lon="6.195546">
        <ele>391.2</ele>
        <time>2026-08-07T16:06:53Z</time>
      </trkpt>
      <trkpt lat="46.329153" lon="6.195628">
        <ele>391.3</ele>
        <time>2026-08-07T16:06:54Z</time>
      </trkpt>
      <trkpt lat="46.329133" lon="6.195703">
        <ele>391.4</ele>
        <time>2026-08-07T16:06:55Z</time>
      </trkpt>
      <trkpt lat="46.329113" lon="6.195783">
        <ele>391.5</ele>
        <time>2026-08-07T16:06:56Z</time>
      </trkpt>
      <trkpt lat="46.329091" lon="6.195859">
        <ele>391.5</ele>
        <time>2026-08-07T16:06:57Z</time>
      </trkpt>
      <trkpt lat="46.32907" lon="6.195937">
        <ele>391.5</ele>
        <time>2026-08-07T16:06:58Z</time>
      </trkpt>
      <trkpt lat="46.329048" lon="6.196012">
        <ele>391.5</ele>
        <time>2026-08-07T16:06:59Z</time>
      </trkpt>
      <trkpt lat="46.329027" lon="6.19609">
        <ele>391.5</ele>
        <time>2026-08-07T16:07:00Z</time>
      </trkpt>
      <trkpt lat="46.329005" lon="6.196168">
        <ele>391.4</ele>
        <time>2026-08-07T16:07:01Z</time>
      </trkpt>
      <trkpt lat="46.328982" lon="6.196245">
        <ele>391.4</ele>
        <time>2026-08-07T16:07:02Z</time>
      </trkpt>
      <trkpt lat="46.328959" lon="6.196326">
        <ele>391.4</ele>
        <time>2026-08-07T16:07:03Z</time>
      </trkpt>
      <trkpt lat="46.328933" lon="6.196413">
        <ele>391.2</ele>
        <time>2026-08-07T16:07:04Z</time>
      </trkpt>
      <trkpt lat="46.328907" lon="6.196498">
        <ele>391.0</ele>
        <time>2026-08-07T16:07:05Z</time>
      </trkpt>
      <trkpt lat="46.328876" lon="6.196585">
        <ele>390.7</ele>
        <time>2026-08-07T16:07:06Z</time>
      </trkpt>
      <trkpt lat="46.328846" lon="6.196674">
        <ele>390.5</ele>
        <time>2026-08-07T16:07:07Z</time>
      </trkpt>
      <trkpt lat="46.328817" lon="6.196764">
        <ele>390.2</ele>
        <time>2026-08-07T16:07:08Z</time>
      </trkpt>
      <trkpt lat="46.328788" lon="6.196859">
        <ele>390.0</ele>
        <time>2026-08-07T16:07:09Z</time>
      </trkpt>
      <trkpt lat="46.328755" lon="6.196953">
        <ele>389.8</ele>
        <time>2026-08-07T16:07:10Z</time>
      </trkpt>
      <trkpt lat="46.328725" lon="6.197052">
        <ele>389.5</ele>
        <time>2026-08-07T16:07:11Z</time>
      </trkpt>
      <trkpt lat="46.328693" lon="6.19715">
        <ele>389.3</ele>
        <time>2026-08-07T16:07:12Z</time>
      </trkpt>
      <trkpt lat="46.328659" lon="6.197249">
        <ele>389.1</ele>
        <time>2026-08-07T16:07:13Z</time>
      </trkpt>
      <trkpt lat="46.328625" lon="6.197347">
        <ele>388.9</ele>
        <time>2026-08-07T16:07:14Z</time>
      </trkpt>
      <trkpt lat="46.328591" lon="6.197444">
        <ele>388.7</ele>
        <time>2026-08-07T16:07:15Z</time>
      </trkpt>
      <trkpt lat="46.328556" lon="6.197539">
        <ele>388.6</ele>
        <time>2026-08-07T16:07:16Z</time>
      </trkpt>
      <trkpt lat="46.328524" lon="6.197638">
        <ele>388.4</ele>
        <time>2026-08-07T16:07:17Z</time>
      </trkpt>
      <trkpt lat="46.328484" lon="6.197731">
        <ele>388.2</ele>
        <time>2026-08-07T16:07:18Z</time>
      </trkpt>
      <trkpt lat="46.328448" lon="6.197831">
        <ele>388.0</ele>
        <time>2026-08-07T16:07:19Z</time>
      </trkpt>
      <trkpt lat="46.328412" lon="6.197929">
        <ele>387.8</ele>
        <time>2026-08-07T16:07:20Z</time>
      </trkpt>
      <trkpt lat="46.328374" lon="6.198028">
        <ele>387.5</ele>
        <time>2026-08-07T16:07:21Z</time>
      </trkpt>
      <trkpt lat="46.328338" lon="6.198126">
        <ele>387.3</ele>
        <time>2026-08-07T16:07:22Z</time>
      </trkpt>
      <trkpt lat="46.328298" lon="6.198228">
        <ele>387.0</ele>
        <time>2026-08-07T16:07:23Z</time>
      </trkpt>
      <trkpt lat="46.328259" lon="6.198328">
        <ele>386.7</ele>
        <time>2026-08-07T16:07:24Z</time>
      </trkpt>
      <trkpt lat="46.328222" lon="6.198431">
        <ele>386.5</ele>
        <time>2026-08-07T16:07:25Z</time>
      </trkpt>
      <trkpt lat="46.328183" lon="6.198535">
        <ele>386.2</ele>
        <time>2026-08-07T16:07:26Z</time>
      </trkpt>
      <trkpt lat="46.328145" lon="6.198639">
        <ele>385.9</ele>
        <time>2026-08-07T16:07:27Z</time>
      </trkpt>
      <trkpt lat="46.328107" lon="6.198741">
        <ele>385.6</ele>
        <time>2026-08-07T16:07:28Z</time>
      </trkpt>
      <trkpt lat="46.328068" lon="6.198844">
        <ele>385.4</ele>
        <time>2026-08-07T16:07:29Z</time>
      </trkpt>
      <trkpt lat="46.328029" lon="6.19895">
        <ele>385.1</ele>
        <time>2026-08-07T16:07:30Z</time>
      </trkpt>
      <trkpt lat="46.327989" lon="6.199054">
        <ele>384.8</ele>
        <time>2026-08-07T16:07:31Z</time>
      </trkpt>
      <trkpt lat="46.32795" lon="6.199159">
        <ele>384.5</ele>
        <time>2026-08-07T16:07:32Z</time>
      </trkpt>
      <trkpt lat="46.327914" lon="6.199263">
        <ele>384.3</ele>
        <time>2026-08-07T16:07:33Z</time>
      </trkpt>
      <trkpt lat="46.32788" lon="6.199367">
        <ele>384.2</ele>
        <time>2026-08-07T16:07:34Z</time>
      </trkpt>
      <trkpt lat="46.327846" lon="6.199471">
        <ele>384.0</ele>
        <time>2026-08-07T16:07:35Z</time>
      </trkpt>
      <trkpt lat="46.327811" lon="6.199563">
        <ele>383.7</ele>
        <time>2026-08-07T16:07:36Z</time>
      </trkpt>
      <trkpt lat="46.327775" lon="6.199628">
        <ele>383.6</ele>
        <time>2026-08-07T16:07:37Z</time>
      </trkpt>
      <trkpt lat="46.327738" lon="6.199683">
        <ele>383.5</ele>
        <time>2026-08-07T16:07:38Z</time>
      </trkpt>
      <trkpt lat="46.32773" lon="6.199752">
        <ele>383.3</ele>
        <time>2026-08-07T16:07:39Z</time>
      </trkpt>
      <trkpt lat="46.327747" lon="6.199832">
        <ele>383.2</ele>
        <time>2026-08-07T16:07:40Z</time>
      </trkpt>
      <trkpt lat="46.327787" lon="6.199888">
        <ele>383.2</ele>
        <time>2026-08-07T16:07:41Z</time>
      </trkpt>
      <trkpt lat="46.327843" lon="6.199915">
        <ele>383.2</ele>
        <time>2026-08-07T16:07:42Z</time>
      </trkpt>
      <trkpt lat="46.327899" lon="6.199931">
        <ele>383.2</ele>
        <time>2026-08-07T16:07:43Z</time>
      </trkpt>
      <trkpt lat="46.327948" lon="6.199963">
        <ele>383.2</ele>
        <time>2026-08-07T16:07:44Z</time>
      </trkpt>
      <trkpt lat="46.327991" lon="6.20002">
        <ele>383.2</ele>
        <time>2026-08-07T16:07:45Z</time>
      </trkpt>
      <trkpt lat="46.328025" lon="6.200091">
        <ele>383.2</ele>
        <time>2026-08-07T16:07:46Z</time>
      </trkpt>
      <trkpt lat="46.328067" lon="6.200148">
        <ele>383.2</ele>
        <time>2026-08-07T16:07:47Z</time>
      </trkpt>
      <trkpt lat="46.328119" lon="6.200192">
        <ele>383.1</ele>
        <time>2026-08-07T16:07:48Z</time>
      </trkpt>
      <trkpt lat="46.328179" lon="6.200238">
        <ele>383.1</ele>
        <time>2026-08-07T16:07:49Z</time>
      </trkpt>
      <trkpt lat="46.328237" lon="6.200286">
        <ele>383.0</ele>
        <time>2026-08-07T16:07:50Z</time>
      </trkpt>
      <trkpt lat="46.328293" lon="6.200337">
        <ele>382.9</ele>
        <time>2026-08-07T16:07:51Z</time>
      </trkpt>
      <trkpt lat="46.328351" lon="6.200388">
        <ele>382.9</ele>
        <time>2026-08-07T16:07:52Z</time>
      </trkpt>
      <trkpt lat="46.328411" lon="6.20044">
        <ele>382.8</ele>
        <time>2026-08-07T16:07:53Z</time>
      </trkpt>
      <trkpt lat="46.328471" lon="6.200495">
        <ele>382.7</ele>
        <time>2026-08-07T16:07:54Z</time>
      </trkpt>
      <trkpt lat="46.328529" lon="6.200547">
        <ele>382.6</ele>
        <time>2026-08-07T16:07:55Z</time>
      </trkpt>
      <trkpt lat="46.32859" lon="6.200603">
        <ele>382.5</ele>
        <time>2026-08-07T16:07:56Z</time>
      </trkpt>
      <trkpt lat="46.328653" lon="6.200655">
        <ele>382.4</ele>
        <time>2026-08-07T16:07:57Z</time>
      </trkpt>
      <trkpt lat="46.328716" lon="6.200711">
        <ele>382.3</ele>
        <time>2026-08-07T16:07:58Z</time>
      </trkpt>
      <trkpt lat="46.328778" lon="6.200764">
        <ele>382.2</ele>
        <time>2026-08-07T16:07:59Z</time>
      </trkpt>
      <trkpt lat="46.328842" lon="6.200817">
        <ele>382.2</ele>
        <time>2026-08-07T16:08:00Z</time>
      </trkpt>
      <trkpt lat="46.328906" lon="6.20087">
        <ele>382.1</ele>
        <time>2026-08-07T16:08:01Z</time>
      </trkpt>
      <trkpt lat="46.328971" lon="6.200919">
        <ele>382.0</ele>
        <time>2026-08-07T16:08:02Z</time>
      </trkpt>
      <trkpt lat="46.329036" lon="6.200971">
        <ele>382.0</ele>
        <time>2026-08-07T16:08:03Z</time>
      </trkpt>
      <trkpt lat="46.3291" lon="6.201024">
        <ele>382.0</ele>
        <time>2026-08-07T16:08:04Z</time>
      </trkpt>
      <trkpt lat="46.329166" lon="6.20107">
        <ele>381.9</ele>
        <time>2026-08-07T16:08:05Z</time>
      </trkpt>
      <trkpt lat="46.329233" lon="6.201121">
        <ele>381.9</ele>
        <time>2026-08-07T16:08:06Z</time>
      </trkpt>
      <trkpt lat="46.329298" lon="6.201169">
        <ele>381.8</ele>
        <time>2026-08-07T16:08:07Z</time>
      </trkpt>
      <trkpt lat="46.329365" lon="6.201218">
        <ele>381.8</ele>
        <time>2026-08-07T16:08:08Z</time>
      </trkpt>
      <trkpt lat="46.329431" lon="6.201266">
        <ele>381.7</ele>
        <time>2026-08-07T16:08:09Z</time>
      </trkpt>
      <trkpt lat="46.329501" lon="6.20131">
        <ele>381.7</ele>
        <time>2026-08-07T16:08:10Z</time>
      </trkpt>
      <trkpt lat="46.329569" lon="6.201353">
        <ele>381.6</ele>
        <time>2026-08-07T16:08:11Z</time>
      </trkpt>
      <trkpt lat="46.329637" lon="6.201396">
        <ele>381.6</ele>
        <time>2026-08-07T16:08:12Z</time>
      </trkpt>
      <trkpt lat="46.329706" lon="6.201443">
        <ele>381.5</ele>
        <time>2026-08-07T16:08:13Z</time>
      </trkpt>
      <trkpt lat="46.329775" lon="6.201485">
        <ele>381.4</ele>
        <time>2026-08-07T16:08:14Z</time>
      </trkpt>
      <trkpt lat="46.329844" lon="6.201527">
        <ele>381.4</ele>
        <time>2026-08-07T16:08:15Z</time>
      </trkpt>
      <trkpt lat="46.329916" lon="6.201566">
        <ele>381.3</ele>
        <time>2026-08-07T16:08:16Z</time>
      </trkpt>
      <trkpt lat="46.329986" lon="6.201604">
        <ele>381.3</ele>
        <time>2026-08-07T16:08:17Z</time>
      </trkpt>
      <trkpt lat="46.330055" lon="6.201643">
        <ele>381.2</ele>
        <time>2026-08-07T16:08:18Z</time>
      </trkpt>
      <trkpt lat="46.330126" lon="6.20168">
        <ele>381.2</ele>
        <time>2026-08-07T16:08:19Z</time>
      </trkpt>
      <trkpt lat="46.330198" lon="6.20172">
        <ele>381.1</ele>
        <time>2026-08-07T16:08:20Z</time>
      </trkpt>
      <trkpt lat="46.33027" lon="6.201749">
        <ele>381.0</ele>
        <time>2026-08-07T16:08:21Z</time>
      </trkpt>
      <trkpt lat="46.330341" lon="6.201781">
        <ele>380.9</ele>
        <time>2026-08-07T16:08:22Z</time>
      </trkpt>
      <trkpt lat="46.330414" lon="6.201816">
        <ele>380.8</ele>
        <time>2026-08-07T16:08:23Z</time>
      </trkpt>
      <trkpt lat="46.330485" lon="6.201847">
        <ele>380.7</ele>
        <time>2026-08-07T16:08:24Z</time>
      </trkpt>
      <trkpt lat="46.330557" lon="6.201881">
        <ele>380.7</ele>
        <time>2026-08-07T16:08:25Z</time>
      </trkpt>
      <trkpt lat="46.330629" lon="6.201917">
        <ele>380.6</ele>
        <time>2026-08-07T16:08:26Z</time>
      </trkpt>
      <trkpt lat="46.330702" lon="6.201952">
        <ele>380.5</ele>
        <time>2026-08-07T16:08:27Z</time>
      </trkpt>
      <trkpt lat="46.330775" lon="6.201987">
        <ele>380.5</ele>
        <time>2026-08-07T16:08:28Z</time>
      </trkpt>
      <trkpt lat="46.330848" lon="6.202018">
        <ele>380.4</ele>
        <time>2026-08-07T16:08:29Z</time>
      </trkpt>
      <trkpt lat="46.330921" lon="6.20205">
        <ele>380.3</ele>
        <time>2026-08-07T16:08:30Z</time>
      </trkpt>
      <trkpt lat="46.330993" lon="6.202078">
        <ele>380.2</ele>
        <time>2026-08-07T16:08:31Z</time>
      </trkpt>
      <trkpt lat="46.331065" lon="6.202103">
        <ele>380.2</ele>
        <time>2026-08-07T16:08:32Z</time>
      </trkpt>
      <trkpt lat="46.331136" lon="6.202129">
        <ele>380.1</ele>
        <time>2026-08-07T16:08:33Z</time>
      </trkpt>
      <trkpt lat="46.33121" lon="6.202158">
        <ele>380.1</ele>
        <time>2026-08-07T16:08:34Z</time>
      </trkpt>
      <trkpt lat="46.331284" lon="6.202183">
        <ele>380.0</ele>
        <time>2026-08-07T16:08:35Z</time>
      </trkpt>
      <trkpt lat="46.331356" lon="6.202208">
        <ele>380.0</ele>
        <time>2026-08-07T16:08:36Z</time>
      </trkpt>
      <trkpt lat="46.331432" lon="6.202232">
        <ele>379.9</ele>
        <time>2026-08-07T16:08:37Z</time>
      </trkpt>
      <trkpt lat="46.331506" lon="6.202254">
        <ele>379.8</ele>
        <time>2026-08-07T16:08:38Z</time>
      </trkpt>
      <trkpt lat="46.331581" lon="6.20228">
        <ele>379.7</ele>
        <time>2026-08-07T16:08:39Z</time>
      </trkpt>
      <trkpt lat="46.331655" lon="6.202304">
        <ele>379.7</ele>
        <time>2026-08-07T16:08:40Z</time>
      </trkpt>
      <trkpt lat="46.331731" lon="6.202326">
        <ele>379.6</ele>
        <time>2026-08-07T16:08:41Z</time>
      </trkpt>
      <trkpt lat="46.331806" lon="6.202338">
        <ele>379.5</ele>
        <time>2026-08-07T16:08:42Z</time>
      </trkpt>
      <trkpt lat="46.331884" lon="6.202354">
        <ele>379.5</ele>
        <time>2026-08-07T16:08:43Z</time>
      </trkpt>
      <trkpt lat="46.331955" lon="6.202369">
        <ele>379.4</ele>
        <time>2026-08-07T16:08:44Z</time>
      </trkpt>
      <trkpt lat="46.33203" lon="6.202381">
        <ele>379.3</ele>
        <time>2026-08-07T16:08:45Z</time>
      </trkpt>
      <trkpt lat="46.332106" lon="6.202391">
        <ele>379.2</ele>
        <time>2026-08-07T16:08:46Z</time>
      </trkpt>
      <trkpt lat="46.332183" lon="6.202405">
        <ele>379.2</ele>
        <time>2026-08-07T16:08:47Z</time>
      </trkpt>
      <trkpt lat="46.332259" lon="6.202413">
        <ele>379.1</ele>
        <time>2026-08-07T16:08:48Z</time>
      </trkpt>
      <trkpt lat="46.332336" lon="6.202423">
        <ele>379.0</ele>
        <time>2026-08-07T16:08:49Z</time>
      </trkpt>
      <trkpt lat="46.332414" lon="6.202436">
        <ele>378.9</ele>
        <time>2026-08-07T16:08:50Z</time>
      </trkpt>
      <trkpt lat="46.332493" lon="6.202445">
        <ele>378.9</ele>
        <time>2026-08-07T16:08:51Z</time>
      </trkpt>
      <trkpt lat="46.332571" lon="6.202452">
        <ele>378.8</ele>
        <time>2026-08-07T16:08:52Z</time>
      </trkpt>
      <trkpt lat="46.332649" lon="6.202459">
        <ele>378.8</ele>
        <time>2026-08-07T16:08:53Z</time>
      </trkpt>
      <trkpt lat="46.332728" lon="6.202466">
        <ele>378.8</ele>
        <time>2026-08-07T16:08:54Z</time>
      </trkpt>
      <trkpt lat="46.332807" lon="6.202469">
        <ele>378.7</ele>
        <time>2026-08-07T16:08:55Z</time>
      </trkpt>
      <trkpt lat="46.332885" lon="6.202465">
        <ele>378.7</ele>
        <time>2026-08-07T16:08:56Z</time>
      </trkpt>
      <trkpt lat="46.332964" lon="6.202465">
        <ele>378.7</ele>
        <time>2026-08-07T16:08:57Z</time>
      </trkpt>
      <trkpt lat="46.333041" lon="6.202472">
        <ele>378.6</ele>
        <time>2026-08-07T16:08:58Z</time>
      </trkpt>
      <trkpt lat="46.333118" lon="6.202475">
        <ele>378.6</ele>
        <time>2026-08-07T16:08:59Z</time>
      </trkpt>
      <trkpt lat="46.333194" lon="6.202475">
        <ele>378.6</ele>
        <time>2026-08-07T16:09:00Z</time>
      </trkpt>
      <trkpt lat="46.333271" lon="6.202473">
        <ele>378.6</ele>
        <time>2026-08-07T16:09:01Z</time>
      </trkpt>
      <trkpt lat="46.333347" lon="6.202475">
        <ele>378.6</ele>
        <time>2026-08-07T16:09:02Z</time>
      </trkpt>
      <trkpt lat="46.333421" lon="6.202472">
        <ele>378.6</ele>
        <time>2026-08-07T16:09:03Z</time>
      </trkpt>
      <trkpt lat="46.333497" lon="6.202473">
        <ele>378.6</ele>
        <time>2026-08-07T16:09:04Z</time>
      </trkpt>
      <trkpt lat="46.333574" lon="6.202472">
        <ele>378.6</ele>
        <time>2026-08-07T16:09:05Z</time>
      </trkpt>
      <trkpt lat="46.333648" lon="6.202468">
        <ele>378.5</ele>
        <time>2026-08-07T16:09:06Z</time>
      </trkpt>
      <trkpt lat="46.333724" lon="6.202463">
        <ele>378.5</ele>
        <time>2026-08-07T16:09:07Z</time>
      </trkpt>
      <trkpt lat="46.333799" lon="6.20246">
        <ele>378.5</ele>
        <time>2026-08-07T16:09:08Z</time>
      </trkpt>
      <trkpt lat="46.333874" lon="6.202462">
        <ele>378.5</ele>
        <time>2026-08-07T16:09:09Z</time>
      </trkpt>
      <trkpt lat="46.333949" lon="6.202459">
        <ele>378.5</ele>
        <time>2026-08-07T16:09:10Z</time>
      </trkpt>
      <trkpt lat="46.334023" lon="6.202461">
        <ele>378.4</ele>
        <time>2026-08-07T16:09:11Z</time>
      </trkpt>
      <trkpt lat="46.334097" lon="6.202468">
        <ele>378.4</ele>
        <time>2026-08-07T16:09:12Z</time>
      </trkpt>
      <trkpt lat="46.334172" lon="6.202482">
        <ele>378.4</ele>
        <time>2026-08-07T16:09:13Z</time>
      </trkpt>
      <trkpt lat="46.334247" lon="6.202483">
        <ele>378.4</ele>
        <time>2026-08-07T16:09:14Z</time>
      </trkpt>
      <trkpt lat="46.334322" lon="6.202475">
        <ele>378.4</ele>
        <time>2026-08-07T16:09:15Z</time>
      </trkpt>
      <trkpt lat="46.334396" lon="6.202465">
        <ele>378.3</ele>
        <time>2026-08-07T16:09:16Z</time>
      </trkpt>
      <trkpt lat="46.334468" lon="6.20245">
        <ele>378.3</ele>
        <time>2026-08-07T16:09:17Z</time>
      </trkpt>
      <trkpt lat="46.334542" lon="6.202447">
        <ele>378.3</ele>
        <time>2026-08-07T16:09:18Z</time>
      </trkpt>
      <trkpt lat="46.334616" lon="6.202451">
        <ele>378.3</ele>
        <time>2026-08-07T16:09:19Z</time>
      </trkpt>
      <trkpt lat="46.334688" lon="6.202453">
        <ele>378.2</ele>
        <time>2026-08-07T16:09:20Z</time>
      </trkpt>
      <trkpt lat="46.334761" lon="6.202454">
        <ele>378.2</ele>
        <time>2026-08-07T16:09:21Z</time>
      </trkpt>
      <trkpt lat="46.334837" lon="6.202454">
        <ele>378.2</ele>
        <time>2026-08-07T16:09:22Z</time>
      </trkpt>
      <trkpt lat="46.334913" lon="6.202455">
        <ele>378.1</ele>
        <time>2026-08-07T16:09:23Z</time>
      </trkpt>
      <trkpt lat="46.334988" lon="6.202456">
        <ele>378.1</ele>
        <time>2026-08-07T16:09:24Z</time>
      </trkpt>
      <trkpt lat="46.335063" lon="6.202459">
        <ele>378.1</ele>
        <time>2026-08-07T16:09:25Z</time>
      </trkpt>
      <trkpt lat="46.335136" lon="6.202457">
        <ele>378.0</ele>
        <time>2026-08-07T16:09:26Z</time>
      </trkpt>
      <trkpt lat="46.335209" lon="6.202461">
        <ele>378.0</ele>
        <time>2026-08-07T16:09:27Z</time>
      </trkpt>
      <trkpt lat="46.335283" lon="6.202468">
        <ele>377.9</ele>
        <time>2026-08-07T16:09:28Z</time>
      </trkpt>
      <trkpt lat="46.335357" lon="6.202476">
        <ele>377.9</ele>
        <time>2026-08-07T16:09:29Z</time>
      </trkpt>
      <trkpt lat="46.335431" lon="6.202481">
        <ele>377.8</ele>
        <time>2026-08-07T16:09:30Z</time>
      </trkpt>
      <trkpt lat="46.335503" lon="6.202486">
        <ele>377.8</ele>
        <time>2026-08-07T16:09:31Z</time>
      </trkpt>
      <trkpt lat="46.335579" lon="6.202499">
        <ele>377.8</ele>
        <time>2026-08-07T16:09:32Z</time>
      </trkpt>
      <trkpt lat="46.335652" lon="6.20251">
        <ele>377.7</ele>
        <time>2026-08-07T16:09:33Z</time>
      </trkpt>
      <trkpt lat="46.335727" lon="6.20252">
        <ele>377.7</ele>
        <time>2026-08-07T16:09:34Z</time>
      </trkpt>
      <trkpt lat="46.335799" lon="6.202529">
        <ele>377.6</ele>
        <time>2026-08-07T16:09:35Z</time>
      </trkpt>
      <trkpt lat="46.335873" lon="6.202544">
        <ele>377.6</ele>
        <time>2026-08-07T16:09:36Z</time>
      </trkpt>
      <trkpt lat="46.335946" lon="6.202556">
        <ele>377.6</ele>
        <time>2026-08-07T16:09:37Z</time>
      </trkpt>
      <trkpt lat="46.336019" lon="6.202572">
        <ele>377.6</ele>
        <time>2026-08-07T16:09:38Z</time>
      </trkpt>
      <trkpt lat="46.336089" lon="6.202576">
        <ele>377.5</ele>
        <time>2026-08-07T16:09:39Z</time>
      </trkpt>
      <trkpt lat="46.336165" lon="6.202594">
        <ele>377.5</ele>
        <time>2026-08-07T16:09:40Z</time>
      </trkpt>
      <trkpt lat="46.336239" lon="6.202615">
        <ele>377.5</ele>
        <time>2026-08-07T16:09:41Z</time>
      </trkpt>
      <trkpt lat="46.336312" lon="6.202637">
        <ele>377.5</ele>
        <time>2026-08-07T16:09:42Z</time>
      </trkpt>
      <trkpt lat="46.336384" lon="6.202654">
        <ele>377.5</ele>
        <time>2026-08-07T16:09:43Z</time>
      </trkpt>
      <trkpt lat="46.336457" lon="6.202673">
        <ele>377.5</ele>
        <time>2026-08-07T16:09:44Z</time>
      </trkpt>
      <trkpt lat="46.336526" lon="6.202685">
        <ele>377.5</ele>
        <time>2026-08-07T16:09:45Z</time>
      </trkpt>
      <trkpt lat="46.336596" lon="6.20271">
        <ele>377.6</ele>
        <time>2026-08-07T16:09:46Z</time>
      </trkpt>
      <trkpt lat="46.336665" lon="6.202728">
        <ele>377.6</ele>
        <time>2026-08-07T16:09:47Z</time>
      </trkpt>
      <trkpt lat="46.336734" lon="6.202747">
        <ele>377.6</ele>
        <time>2026-08-07T16:09:48Z</time>
      </trkpt>
      <trkpt lat="46.3368" lon="6.202762">
        <ele>377.7</ele>
        <time>2026-08-07T16:09:49Z</time>
      </trkpt>
      <trkpt lat="46.336868" lon="6.202782">
        <ele>377.8</ele>
        <time>2026-08-07T16:09:50Z</time>
      </trkpt>
      <trkpt lat="46.336937" lon="6.202801">
        <ele>377.8</ele>
        <time>2026-08-07T16:09:51Z</time>
      </trkpt>
      <trkpt lat="46.336999" lon="6.202822">
        <ele>377.9</ele>
        <time>2026-08-07T16:09:52Z</time>
      </trkpt>
      <trkpt lat="46.337064" lon="6.202848">
        <ele>377.9</ele>
        <time>2026-08-07T16:09:53Z</time>
      </trkpt>
      <trkpt lat="46.337126" lon="6.202864">
        <ele>378.0</ele>
        <time>2026-08-07T16:09:54Z</time>
      </trkpt>
      <trkpt lat="46.33719" lon="6.202889">
        <ele>378.0</ele>
        <time>2026-08-07T16:09:55Z</time>
      </trkpt>
      <trkpt lat="46.337253" lon="6.20291">
        <ele>378.1</ele>
        <time>2026-08-07T16:09:56Z</time>
      </trkpt>
      <trkpt lat="46.337315" lon="6.202936">
        <ele>378.2</ele>
        <time>2026-08-07T16:09:57Z</time>
      </trkpt>
      <trkpt lat="46.337376" lon="6.202962">
        <ele>378.2</ele>
        <time>2026-08-07T16:09:58Z</time>
      </trkpt>
      <trkpt lat="46.337437" lon="6.202987">
        <ele>378.3</ele>
        <time>2026-08-07T16:09:59Z</time>
      </trkpt>
      <trkpt lat="46.337497" lon="6.203013">
        <ele>378.4</ele>
        <time>2026-08-07T16:10:00Z</time>
      </trkpt>
      <trkpt lat="46.337556" lon="6.203039">
        <ele>378.6</ele>
        <time>2026-08-07T16:10:01Z</time>
      </trkpt>
      <trkpt lat="46.337616" lon="6.203069">
        <ele>378.7</ele>
        <time>2026-08-07T16:10:02Z</time>
      </trkpt>
      <trkpt lat="46.337675" lon="6.203098">
        <ele>378.8</ele>
        <time>2026-08-07T16:10:03Z</time>
      </trkpt>
      <trkpt lat="46.337734" lon="6.203126">
        <ele>378.9</ele>
        <time>2026-08-07T16:10:04Z</time>
      </trkpt>
      <trkpt lat="46.337793" lon="6.203154">
        <ele>379.0</ele>
        <time>2026-08-07T16:10:05Z</time>
      </trkpt>
      <trkpt lat="46.337851" lon="6.203182">
        <ele>379.1</ele>
        <time>2026-08-07T16:10:06Z</time>
      </trkpt>
      <trkpt lat="46.337908" lon="6.203215">
        <ele>379.2</ele>
        <time>2026-08-07T16:10:07Z</time>
      </trkpt>
      <trkpt lat="46.337964" lon="6.203244">
        <ele>379.3</ele>
        <time>2026-08-07T16:10:08Z</time>
      </trkpt>
      <trkpt lat="46.338019" lon="6.203273">
        <ele>379.4</ele>
        <time>2026-08-07T16:10:09Z</time>
      </trkpt>
      <trkpt lat="46.338077" lon="6.203302">
        <ele>379.5</ele>
        <time>2026-08-07T16:10:10Z</time>
      </trkpt>
      <trkpt lat="46.338133" lon="6.203334">
        <ele>379.6</ele>
        <time>2026-08-07T16:10:11Z</time>
      </trkpt>
      <trkpt lat="46.338189" lon="6.203364">
        <ele>379.7</ele>
        <time>2026-08-07T16:10:12Z</time>
      </trkpt>
      <trkpt lat="46.338245" lon="6.203397">
        <ele>379.8</ele>
        <time>2026-08-07T16:10:13Z</time>
      </trkpt>
      <trkpt lat="46.338301" lon="6.203428">
        <ele>379.8</ele>
        <time>2026-08-07T16:10:14Z</time>
      </trkpt>
      <trkpt lat="46.338356" lon="6.203463">
        <ele>379.9</ele>
        <time>2026-08-07T16:10:15Z</time>
      </trkpt>
      <trkpt lat="46.338408" lon="6.203492">
        <ele>380.0</ele>
        <time>2026-08-07T16:10:16Z</time>
      </trkpt>
      <trkpt lat="46.338464" lon="6.203527">
        <ele>380.1</ele>
        <time>2026-08-07T16:10:17Z</time>
      </trkpt>
      <trkpt lat="46.338518" lon="6.203561">
        <ele>380.2</ele>
        <time>2026-08-07T16:10:18Z</time>
      </trkpt>
      <trkpt lat="46.338571" lon="6.203593">
        <ele>380.3</ele>
        <time>2026-08-07T16:10:19Z</time>
      </trkpt>
      <trkpt lat="46.338625" lon="6.203627">
        <ele>380.4</ele>
        <time>2026-08-07T16:10:20Z</time>
      </trkpt>
      <trkpt lat="46.338678" lon="6.203663">
        <ele>380.5</ele>
        <time>2026-08-07T16:10:21Z</time>
      </trkpt>
      <trkpt lat="46.338733" lon="6.203699">
        <ele>380.6</ele>
        <time>2026-08-07T16:10:22Z</time>
      </trkpt>
      <trkpt lat="46.33879" lon="6.203735">
        <ele>380.7</ele>
        <time>2026-08-07T16:10:23Z</time>
      </trkpt>
      <trkpt lat="46.338844" lon="6.203775">
        <ele>380.8</ele>
        <time>2026-08-07T16:10:24Z</time>
      </trkpt>
      <trkpt lat="46.338897" lon="6.203812">
        <ele>380.9</ele>
        <time>2026-08-07T16:10:25Z</time>
      </trkpt>
      <trkpt lat="46.338951" lon="6.20385">
        <ele>380.9</ele>
        <time>2026-08-07T16:10:26Z</time>
      </trkpt>
      <trkpt lat="46.339003" lon="6.203888">
        <ele>381.0</ele>
        <time>2026-08-07T16:10:27Z</time>
      </trkpt>
      <trkpt lat="46.339057" lon="6.203921">
        <ele>381.1</ele>
        <time>2026-08-07T16:10:28Z</time>
      </trkpt>
      <trkpt lat="46.339115" lon="6.203961">
        <ele>381.2</ele>
        <time>2026-08-07T16:10:29Z</time>
      </trkpt>
      <trkpt lat="46.339171" lon="6.203999">
        <ele>381.2</ele>
        <time>2026-08-07T16:10:30Z</time>
      </trkpt>
      <trkpt lat="46.339226" lon="6.204037">
        <ele>381.3</ele>
        <time>2026-08-07T16:10:31Z</time>
      </trkpt>
      <trkpt lat="46.339286" lon="6.204079">
        <ele>381.4</ele>
        <time>2026-08-07T16:10:32Z</time>
      </trkpt>
      <trkpt lat="46.339341" lon="6.204118">
        <ele>381.4</ele>
        <time>2026-08-07T16:10:33Z</time>
      </trkpt>
      <trkpt lat="46.339397" lon="6.204155">
        <ele>381.4</ele>
        <time>2026-08-07T16:10:34Z</time>
      </trkpt>
      <trkpt lat="46.339455" lon="6.204197">
        <ele>381.5</ele>
        <time>2026-08-07T16:10:35Z</time>
      </trkpt>
      <trkpt lat="46.339511" lon="6.204231">
        <ele>381.5</ele>
        <time>2026-08-07T16:10:36Z</time>
      </trkpt>
      <trkpt lat="46.33957" lon="6.204272">
        <ele>381.5</ele>
        <time>2026-08-07T16:10:37Z</time>
      </trkpt>
      <trkpt lat="46.339629" lon="6.204312">
        <ele>381.6</ele>
        <time>2026-08-07T16:10:38Z</time>
      </trkpt>
      <trkpt lat="46.33969" lon="6.204358">
        <ele>381.6</ele>
        <time>2026-08-07T16:10:39Z</time>
      </trkpt>
      <trkpt lat="46.33975" lon="6.204409">
        <ele>381.6</ele>
        <time>2026-08-07T16:10:40Z</time>
      </trkpt>
      <trkpt lat="46.339807" lon="6.204464">
        <ele>381.6</ele>
        <time>2026-08-07T16:10:41Z</time>
      </trkpt>
      <trkpt lat="46.339869" lon="6.204508">
        <ele>381.6</ele>
        <time>2026-08-07T16:10:42Z</time>
      </trkpt>
      <trkpt lat="46.339931" lon="6.204544">
        <ele>381.6</ele>
        <time>2026-08-07T16:10:43Z</time>
      </trkpt>
      <trkpt lat="46.339995" lon="6.204586">
        <ele>381.6</ele>
        <time>2026-08-07T16:10:44Z</time>
      </trkpt>
      <trkpt lat="46.340061" lon="6.204624">
        <ele>381.6</ele>
        <time>2026-08-07T16:10:45Z</time>
      </trkpt>
      <trkpt lat="46.340125" lon="6.204657">
        <ele>381.5</ele>
        <time>2026-08-07T16:10:46Z</time>
      </trkpt>
      <trkpt lat="46.340188" lon="6.204685">
        <ele>381.5</ele>
        <time>2026-08-07T16:10:47Z</time>
      </trkpt>
      <trkpt lat="46.340252" lon="6.204715">
        <ele>381.4</ele>
        <time>2026-08-07T16:10:48Z</time>
      </trkpt>
      <trkpt lat="46.340311" lon="6.204752">
        <ele>381.4</ele>
        <time>2026-08-07T16:10:49Z</time>
      </trkpt>
      <trkpt lat="46.340377" lon="6.2048">
        <ele>381.4</ele>
        <time>2026-08-07T16:10:50Z</time>
      </trkpt>
      <trkpt lat="46.340445" lon="6.204843">
        <ele>381.3</ele>
        <time>2026-08-07T16:10:51Z</time>
      </trkpt>
      <trkpt lat="46.340509" lon="6.204881">
        <ele>381.3</ele>
        <time>2026-08-07T16:10:52Z</time>
      </trkpt>
      <trkpt lat="46.340577" lon="6.204915">
        <ele>381.3</ele>
        <time>2026-08-07T16:10:53Z</time>
      </trkpt>
      <trkpt lat="46.340645" lon="6.20495">
        <ele>381.2</ele>
        <time>2026-08-07T16:10:54Z</time>
      </trkpt>
      <trkpt lat="46.340711" lon="6.204984">
        <ele>381.1</ele>
        <time>2026-08-07T16:10:55Z</time>
      </trkpt>
      <trkpt lat="46.34078" lon="6.205014">
        <ele>381.1</ele>
        <time>2026-08-07T16:10:56Z</time>
      </trkpt>
      <trkpt lat="46.340848" lon="6.205049">
        <ele>381.0</ele>
        <time>2026-08-07T16:10:57Z</time>
      </trkpt>
      <trkpt lat="46.340919" lon="6.205078">
        <ele>380.9</ele>
        <time>2026-08-07T16:10:58Z</time>
      </trkpt>
      <trkpt lat="46.340989" lon="6.205108">
        <ele>380.8</ele>
        <time>2026-08-07T16:10:59Z</time>
      </trkpt>
      <trkpt lat="46.341062" lon="6.205139">
        <ele>380.8</ele>
        <time>2026-08-07T16:11:00Z</time>
      </trkpt>
      <trkpt lat="46.341134" lon="6.205167">
        <ele>380.7</ele>
        <time>2026-08-07T16:11:01Z</time>
      </trkpt>
      <trkpt lat="46.341202" lon="6.20519">
        <ele>380.7</ele>
        <time>2026-08-07T16:11:02Z</time>
      </trkpt>
      <trkpt lat="46.341275" lon="6.205215">
        <ele>380.6</ele>
        <time>2026-08-07T16:11:03Z</time>
      </trkpt>
      <trkpt lat="46.341345" lon="6.205241">
        <ele>380.6</ele>
        <time>2026-08-07T16:11:04Z</time>
      </trkpt>
      <trkpt lat="46.341417" lon="6.205265">
        <ele>380.5</ele>
        <time>2026-08-07T16:11:05Z</time>
      </trkpt>
      <trkpt lat="46.341489" lon="6.205291">
        <ele>380.5</ele>
        <time>2026-08-07T16:11:06Z</time>
      </trkpt>
      <trkpt lat="46.341561" lon="6.205312">
        <ele>380.4</ele>
        <time>2026-08-07T16:11:07Z</time>
      </trkpt>
      <trkpt lat="46.341637" lon="6.205328">
        <ele>380.4</ele>
        <time>2026-08-07T16:11:08Z</time>
      </trkpt>
      <trkpt lat="46.341712" lon="6.205352">
        <ele>380.3</ele>
        <time>2026-08-07T16:11:09Z</time>
      </trkpt>
      <trkpt lat="46.341784" lon="6.205374">
        <ele>380.3</ele>
        <time>2026-08-07T16:11:10Z</time>
      </trkpt>
      <trkpt lat="46.341855" lon="6.205397">
        <ele>380.2</ele>
        <time>2026-08-07T16:11:11Z</time>
      </trkpt>
      <trkpt lat="46.341929" lon="6.205415">
        <ele>380.2</ele>
        <time>2026-08-07T16:11:12Z</time>
      </trkpt>
      <trkpt lat="46.342" lon="6.205435">
        <ele>380.1</ele>
        <time>2026-08-07T16:11:13Z</time>
      </trkpt>
      <trkpt lat="46.342071" lon="6.205455">
        <ele>380.1</ele>
        <time>2026-08-07T16:11:14Z</time>
      </trkpt>
      <trkpt lat="46.342143" lon="6.205476">
        <ele>380.1</ele>
        <time>2026-08-07T16:11:15Z</time>
      </trkpt>
      <trkpt lat="46.342213" lon="6.205497">
        <ele>380.0</ele>
        <time>2026-08-07T16:11:16Z</time>
      </trkpt>
      <trkpt lat="46.342282" lon="6.205514">
        <ele>380.0</ele>
        <time>2026-08-07T16:11:17Z</time>
      </trkpt>
      <trkpt lat="46.342355" lon="6.205531">
        <ele>380.0</ele>
        <time>2026-08-07T16:11:18Z</time>
      </trkpt>
      <trkpt lat="46.342427" lon="6.205548">
        <ele>379.9</ele>
        <time>2026-08-07T16:11:19Z</time>
      </trkpt>
      <trkpt lat="46.342497" lon="6.205566">
        <ele>379.9</ele>
        <time>2026-08-07T16:11:20Z</time>
      </trkpt>
      <trkpt lat="46.342572" lon="6.205589">
        <ele>379.8</ele>
        <time>2026-08-07T16:11:21Z</time>
      </trkpt>
      <trkpt lat="46.342644" lon="6.205603">
        <ele>379.8</ele>
        <time>2026-08-07T16:11:22Z</time>
      </trkpt>
      <trkpt lat="46.342714" lon="6.20562">
        <ele>379.8</ele>
        <time>2026-08-07T16:11:23Z</time>
      </trkpt>
      <trkpt lat="46.342785" lon="6.205632">
        <ele>379.7</ele>
        <time>2026-08-07T16:11:24Z</time>
      </trkpt>
      <trkpt lat="46.342855" lon="6.205654">
        <ele>379.7</ele>
        <time>2026-08-07T16:11:25Z</time>
      </trkpt>
      <trkpt lat="46.342926" lon="6.205674">
        <ele>379.6</ele>
        <time>2026-08-07T16:11:26Z</time>
      </trkpt>
      <trkpt lat="46.342997" lon="6.20569">
        <ele>379.6</ele>
        <time>2026-08-07T16:11:27Z</time>
      </trkpt>
      <trkpt lat="46.343069" lon="6.205706">
        <ele>379.5</ele>
        <time>2026-08-07T16:11:28Z</time>
      </trkpt>
      <trkpt lat="46.34314" lon="6.20572">
        <ele>379.5</ele>
        <time>2026-08-07T16:11:29Z</time>
      </trkpt>
      <trkpt lat="46.343212" lon="6.205738">
        <ele>379.4</ele>
        <time>2026-08-07T16:11:30Z</time>
      </trkpt>
      <trkpt lat="46.343284" lon="6.205757">
        <ele>379.3</ele>
        <time>2026-08-07T16:11:31Z</time>
      </trkpt>
      <trkpt lat="46.343356" lon="6.205771">
        <ele>379.3</ele>
        <time>2026-08-07T16:11:32Z</time>
      </trkpt>
      <trkpt lat="46.343427" lon="6.20579">
        <ele>379.2</ele>
        <time>2026-08-07T16:11:33Z</time>
      </trkpt>
      <trkpt lat="46.3435" lon="6.205808">
        <ele>379.2</ele>
        <time>2026-08-07T16:11:34Z</time>
      </trkpt>
      <trkpt lat="46.343572" lon="6.205823">
        <ele>379.1</ele>
        <time>2026-08-07T16:11:35Z</time>
      </trkpt>
      <trkpt lat="46.343645" lon="6.205838">
        <ele>379.1</ele>
        <time>2026-08-07T16:11:36Z</time>
      </trkpt>
      <trkpt lat="46.343717" lon="6.205845">
        <ele>379.1</ele>
        <time>2026-08-07T16:11:37Z</time>
      </trkpt>
      <trkpt lat="46.343786" lon="6.205867">
        <ele>379.0</ele>
        <time>2026-08-07T16:11:38Z</time>
      </trkpt>
      <trkpt lat="46.343854" lon="6.205892">
        <ele>379.0</ele>
        <time>2026-08-07T16:11:39Z</time>
      </trkpt>
      <trkpt lat="46.343925" lon="6.205909">
        <ele>379.0</ele>
        <time>2026-08-07T16:11:40Z</time>
      </trkpt>
      <trkpt lat="46.343998" lon="6.205928">
        <ele>378.9</ele>
        <time>2026-08-07T16:11:41Z</time>
      </trkpt>
      <trkpt lat="46.34407" lon="6.205948">
        <ele>378.9</ele>
        <time>2026-08-07T16:11:42Z</time>
      </trkpt>
      <trkpt lat="46.344141" lon="6.205959">
        <ele>378.9</ele>
        <time>2026-08-07T16:11:43Z</time>
      </trkpt>
      <trkpt lat="46.344209" lon="6.205977">
        <ele>378.8</ele>
        <time>2026-08-07T16:11:44Z</time>
      </trkpt>
      <trkpt lat="46.34428" lon="6.205996">
        <ele>378.8</ele>
        <time>2026-08-07T16:11:45Z</time>
      </trkpt>
      <trkpt lat="46.344351" lon="6.206011">
        <ele>378.7</ele>
        <time>2026-08-07T16:11:46Z</time>
      </trkpt>
      <trkpt lat="46.344421" lon="6.206025">
        <ele>378.6</ele>
        <time>2026-08-07T16:11:47Z</time>
      </trkpt>
      <trkpt lat="46.344491" lon="6.206035">
        <ele>378.6</ele>
        <time>2026-08-07T16:11:48Z</time>
      </trkpt>
      <trkpt lat="46.344564" lon="6.20606">
        <ele>378.5</ele>
        <time>2026-08-07T16:11:49Z</time>
      </trkpt>
      <trkpt lat="46.344634" lon="6.206069">
        <ele>378.5</ele>
        <time>2026-08-07T16:11:50Z</time>
      </trkpt>
      <trkpt lat="46.344705" lon="6.206087">
        <ele>378.4</ele>
        <time>2026-08-07T16:11:51Z</time>
      </trkpt>
      <trkpt lat="46.344776" lon="6.206106">
        <ele>378.4</ele>
        <time>2026-08-07T16:11:52Z</time>
      </trkpt>
      <trkpt lat="46.344848" lon="6.20612">
        <ele>378.3</ele>
        <time>2026-08-07T16:11:53Z</time>
      </trkpt>
      <trkpt lat="46.344916" lon="6.20614">
        <ele>378.3</ele>
        <time>2026-08-07T16:11:54Z</time>
      </trkpt>
      <trkpt lat="46.344988" lon="6.20616">
        <ele>378.3</ele>
        <time>2026-08-07T16:11:55Z</time>
      </trkpt>
      <trkpt lat="46.345057" lon="6.206174">
        <ele>378.3</ele>
        <time>2026-08-07T16:11:56Z</time>
      </trkpt>
      <trkpt lat="46.345126" lon="6.206189">
        <ele>378.3</ele>
        <time>2026-08-07T16:11:57Z</time>
      </trkpt>
      <trkpt lat="46.345194" lon="6.206207">
        <ele>378.4</ele>
        <time>2026-08-07T16:11:58Z</time>
      </trkpt>
      <trkpt lat="46.345262" lon="6.206223">
        <ele>378.4</ele>
        <time>2026-08-07T16:11:59Z</time>
      </trkpt>
      <trkpt lat="46.34533" lon="6.206232">
        <ele>378.4</ele>
        <time>2026-08-07T16:12:00Z</time>
      </trkpt>
      <trkpt lat="46.345398" lon="6.206247">
        <ele>378.4</ele>
        <time>2026-08-07T16:12:01Z</time>
      </trkpt>
      <trkpt lat="46.345466" lon="6.206268">
        <ele>378.4</ele>
        <time>2026-08-07T16:12:02Z</time>
      </trkpt>
      <trkpt lat="46.345536" lon="6.206279">
        <ele>378.3</ele>
        <time>2026-08-07T16:12:03Z</time>
      </trkpt>
      <trkpt lat="46.345602" lon="6.206291">
        <ele>378.3</ele>
        <time>2026-08-07T16:12:04Z</time>
      </trkpt>
      <trkpt lat="46.345669" lon="6.206302">
        <ele>378.3</ele>
        <time>2026-08-07T16:12:05Z</time>
      </trkpt>
      <trkpt lat="46.345739" lon="6.206325">
        <ele>378.3</ele>
        <time>2026-08-07T16:12:06Z</time>
      </trkpt>
      <trkpt lat="46.345809" lon="6.206338">
        <ele>378.2</ele>
        <time>2026-08-07T16:12:07Z</time>
      </trkpt>
      <trkpt lat="46.345876" lon="6.206349">
        <ele>378.2</ele>
        <time>2026-08-07T16:12:08Z</time>
      </trkpt>
      <trkpt lat="46.345944" lon="6.206369">
        <ele>378.3</ele>
        <time>2026-08-07T16:12:09Z</time>
      </trkpt>
      <trkpt lat="46.346012" lon="6.206383">
        <ele>378.3</ele>
        <time>2026-08-07T16:12:10Z</time>
      </trkpt>
      <trkpt lat="46.346083" lon="6.206402">
        <ele>378.3</ele>
        <time>2026-08-07T16:12:11Z</time>
      </trkpt>
      <trkpt lat="46.346153" lon="6.206423">
        <ele>378.3</ele>
        <time>2026-08-07T16:12:12Z</time>
      </trkpt>
      <trkpt lat="46.34622" lon="6.206439">
        <ele>378.4</ele>
        <time>2026-08-07T16:12:13Z</time>
      </trkpt>
      <trkpt lat="46.346287" lon="6.206455">
        <ele>378.4</ele>
        <time>2026-08-07T16:12:14Z</time>
      </trkpt>
      <trkpt lat="46.346358" lon="6.206472">
        <ele>378.4</ele>
        <time>2026-08-07T16:12:15Z</time>
      </trkpt>
      <trkpt lat="46.346428" lon="6.206491">
        <ele>378.5</ele>
        <time>2026-08-07T16:12:16Z</time>
      </trkpt>
      <trkpt lat="46.346495" lon="6.206508">
        <ele>378.5</ele>
        <time>2026-08-07T16:12:17Z</time>
      </trkpt>
      <trkpt lat="46.346562" lon="6.206523">
        <ele>378.5</ele>
        <time>2026-08-07T16:12:18Z</time>
      </trkpt>
      <trkpt lat="46.346627" lon="6.206535">
        <ele>378.6</ele>
        <time>2026-08-07T16:12:19Z</time>
      </trkpt>
      <trkpt lat="46.346695" lon="6.206555">
        <ele>378.6</ele>
        <time>2026-08-07T16:12:20Z</time>
      </trkpt>
      <trkpt lat="46.346762" lon="6.206572">
        <ele>378.6</ele>
        <time>2026-08-07T16:12:21Z</time>
      </trkpt>
      <trkpt lat="46.346829" lon="6.206587">
        <ele>378.6</ele>
        <time>2026-08-07T16:12:22Z</time>
      </trkpt>
      <trkpt lat="46.346896" lon="6.206607">
        <ele>378.6</ele>
        <time>2026-08-07T16:12:23Z</time>
      </trkpt>
      <trkpt lat="46.34696" lon="6.20662">
        <ele>378.6</ele>
        <time>2026-08-07T16:12:24Z</time>
      </trkpt>
      <trkpt lat="46.347026" lon="6.206637">
        <ele>378.7</ele>
        <time>2026-08-07T16:12:25Z</time>
      </trkpt>
      <trkpt lat="46.347091" lon="6.206654">
        <ele>378.7</ele>
        <time>2026-08-07T16:12:26Z</time>
      </trkpt>
      <trkpt lat="46.347158" lon="6.206663">
        <ele>378.8</ele>
        <time>2026-08-07T16:12:27Z</time>
      </trkpt>
      <trkpt lat="46.347221" lon="6.206683">
        <ele>378.8</ele>
        <time>2026-08-07T16:12:28Z</time>
      </trkpt>
      <trkpt lat="46.347287" lon="6.2067">
        <ele>378.8</ele>
        <time>2026-08-07T16:12:29Z</time>
      </trkpt>
      <trkpt lat="46.347353" lon="6.206715">
        <ele>378.9</ele>
        <time>2026-08-07T16:12:30Z</time>
      </trkpt>
      <trkpt lat="46.347418" lon="6.20673">
        <ele>378.9</ele>
        <time>2026-08-07T16:12:31Z</time>
      </trkpt>
      <trkpt lat="46.347481" lon="6.206745">
        <ele>378.9</ele>
        <time>2026-08-07T16:12:32Z</time>
      </trkpt>
      <trkpt lat="46.347548" lon="6.206756">
        <ele>378.9</ele>
        <time>2026-08-07T16:12:33Z</time>
      </trkpt>
      <trkpt lat="46.34762" lon="6.206771">
        <ele>378.9</ele>
        <time>2026-08-07T16:12:34Z</time>
      </trkpt>
      <trkpt lat="46.347683" lon="6.206786">
        <ele>378.9</ele>
        <time>2026-08-07T16:12:35Z</time>
      </trkpt>
      <trkpt lat="46.347745" lon="6.206798">
        <ele>378.9</ele>
        <time>2026-08-07T16:12:36Z</time>
      </trkpt>
      <trkpt lat="46.347809" lon="6.20682">
        <ele>378.9</ele>
        <time>2026-08-07T16:12:37Z</time>
      </trkpt>
      <trkpt lat="46.347875" lon="6.206836">
        <ele>378.9</ele>
        <time>2026-08-07T16:12:38Z</time>
      </trkpt>
      <trkpt lat="46.347936" lon="6.206853">
        <ele>379.0</ele>
        <time>2026-08-07T16:12:39Z</time>
      </trkpt>
      <trkpt lat="46.348002" lon="6.206872">
        <ele>379.0</ele>
        <time>2026-08-07T16:12:40Z</time>
      </trkpt>
      <trkpt lat="46.348074" lon="6.206894">
        <ele>379.0</ele>
        <time>2026-08-07T16:12:41Z</time>
      </trkpt>
      <trkpt lat="46.348138" lon="6.206914">
        <ele>379.1</ele>
        <time>2026-08-07T16:12:42Z</time>
      </trkpt>
      <trkpt lat="46.348202" lon="6.206932">
        <ele>379.1</ele>
        <time>2026-08-07T16:12:43Z</time>
      </trkpt>
      <trkpt lat="46.348266" lon="6.206948">
        <ele>379.1</ele>
        <time>2026-08-07T16:12:44Z</time>
      </trkpt>
      <trkpt lat="46.348331" lon="6.206969">
        <ele>379.1</ele>
        <time>2026-08-07T16:12:45Z</time>
      </trkpt>
      <trkpt lat="46.348396" lon="6.20699">
        <ele>379.2</ele>
        <time>2026-08-07T16:12:46Z</time>
      </trkpt>
      <trkpt lat="46.34846" lon="6.207011">
        <ele>379.2</ele>
        <time>2026-08-07T16:12:47Z</time>
      </trkpt>
      <trkpt lat="46.348523" lon="6.207033">
        <ele>379.3</ele>
        <time>2026-08-07T16:12:48Z</time>
      </trkpt>
      <trkpt lat="46.348586" lon="6.207053">
        <ele>379.3</ele>
        <time>2026-08-07T16:12:49Z</time>
      </trkpt>
      <trkpt lat="46.34865" lon="6.207078">
        <ele>379.4</ele>
        <time>2026-08-07T16:12:50Z</time>
      </trkpt>
      <trkpt lat="46.348712" lon="6.207102">
        <ele>379.5</ele>
        <time>2026-08-07T16:12:51Z</time>
      </trkpt>
      <trkpt lat="46.348775" lon="6.20713">
        <ele>379.5</ele>
        <time>2026-08-07T16:12:52Z</time>
      </trkpt>
      <trkpt lat="46.348838" lon="6.207151">
        <ele>379.5</ele>
        <time>2026-08-07T16:12:53Z</time>
      </trkpt>
      <trkpt lat="46.3489" lon="6.207176">
        <ele>379.5</ele>
        <time>2026-08-07T16:12:54Z</time>
      </trkpt>
      <trkpt lat="46.348962" lon="6.207207">
        <ele>379.5</ele>
        <time>2026-08-07T16:12:55Z</time>
      </trkpt>
      <trkpt lat="46.349022" lon="6.207233">
        <ele>379.5</ele>
        <time>2026-08-07T16:12:56Z</time>
      </trkpt>
      <trkpt lat="46.349083" lon="6.207255">
        <ele>379.5</ele>
        <time>2026-08-07T16:12:57Z</time>
      </trkpt>
      <trkpt lat="46.349143" lon="6.207283">
        <ele>379.5</ele>
        <time>2026-08-07T16:12:58Z</time>
      </trkpt>
      <trkpt lat="46.349202" lon="6.207312">
        <ele>379.5</ele>
        <time>2026-08-07T16:12:59Z</time>
      </trkpt>
      <trkpt lat="46.349261" lon="6.207345">
        <ele>379.6</ele>
        <time>2026-08-07T16:13:00Z</time>
      </trkpt>
      <trkpt lat="46.349323" lon="6.207372">
        <ele>379.6</ele>
        <time>2026-08-07T16:13:01Z</time>
      </trkpt>
      <trkpt lat="46.349381" lon="6.207398">
        <ele>379.6</ele>
        <time>2026-08-07T16:13:02Z</time>
      </trkpt>
      <trkpt lat="46.349439" lon="6.207429">
        <ele>379.7</ele>
        <time>2026-08-07T16:13:03Z</time>
      </trkpt>
      <trkpt lat="46.349498" lon="6.20746">
        <ele>379.7</ele>
        <time>2026-08-07T16:13:04Z</time>
      </trkpt>
      <trkpt lat="46.349556" lon="6.207488">
        <ele>379.8</ele>
        <time>2026-08-07T16:13:05Z</time>
      </trkpt>
      <trkpt lat="46.349613" lon="6.207518">
        <ele>379.8</ele>
        <time>2026-08-07T16:13:06Z</time>
      </trkpt>
      <trkpt lat="46.34967" lon="6.207547">
        <ele>379.9</ele>
        <time>2026-08-07T16:13:07Z</time>
      </trkpt>
      <trkpt lat="46.349728" lon="6.207581">
        <ele>379.9</ele>
        <time>2026-08-07T16:13:08Z</time>
      </trkpt>
      <trkpt lat="46.349783" lon="6.207616">
        <ele>379.9</ele>
        <time>2026-08-07T16:13:09Z</time>
      </trkpt>
      <trkpt lat="46.349829" lon="6.207645">
        <ele>379.9</ele>
        <time>2026-08-07T16:13:10Z</time>
      </trkpt>
      <trkpt lat="46.349888" lon="6.207677">
        <ele>379.9</ele>
        <time>2026-08-07T16:13:11Z</time>
      </trkpt>
      <trkpt lat="46.349949" lon="6.207715">
        <ele>379.9</ele>
        <time>2026-08-07T16:13:12Z</time>
      </trkpt>
      <trkpt lat="46.350007" lon="6.20775">
        <ele>379.9</ele>
        <time>2026-08-07T16:13:13Z</time>
      </trkpt>
      <trkpt lat="46.350064" lon="6.207782">
        <ele>380.0</ele>
        <time>2026-08-07T16:13:14Z</time>
      </trkpt>
      <trkpt lat="46.350121" lon="6.207816">
        <ele>380.0</ele>
        <time>2026-08-07T16:13:15Z</time>
      </trkpt>
      <trkpt lat="46.350177" lon="6.20785">
        <ele>380.0</ele>
        <time>2026-08-07T16:13:16Z</time>
      </trkpt>
      <trkpt lat="46.350232" lon="6.207889">
        <ele>380.0</ele>
        <time>2026-08-07T16:13:17Z</time>
      </trkpt>
      <trkpt lat="46.350286" lon="6.207928">
        <ele>380.0</ele>
        <time>2026-08-07T16:13:18Z</time>
      </trkpt>
      <trkpt lat="46.350341" lon="6.207969">
        <ele>380.0</ele>
        <time>2026-08-07T16:13:19Z</time>
      </trkpt>
      <trkpt lat="46.350396" lon="6.208008">
        <ele>380.1</ele>
        <time>2026-08-07T16:13:20Z</time>
      </trkpt>
      <trkpt lat="46.350453" lon="6.208044">
        <ele>380.1</ele>
        <time>2026-08-07T16:13:21Z</time>
      </trkpt>
      <trkpt lat="46.350508" lon="6.208083">
        <ele>380.1</ele>
        <time>2026-08-07T16:13:22Z</time>
      </trkpt>
      <trkpt lat="46.350564" lon="6.208123">
        <ele>380.1</ele>
        <time>2026-08-07T16:13:23Z</time>
      </trkpt>
      <trkpt lat="46.350619" lon="6.208165">
        <ele>380.1</ele>
        <time>2026-08-07T16:13:24Z</time>
      </trkpt>
      <trkpt lat="46.350673" lon="6.208208">
        <ele>380.2</ele>
        <time>2026-08-07T16:13:25Z</time>
      </trkpt>
      <trkpt lat="46.350729" lon="6.208253">
        <ele>380.2</ele>
        <time>2026-08-07T16:13:26Z</time>
      </trkpt>
      <trkpt lat="46.350793" lon="6.208292">
        <ele>380.3</ele>
        <time>2026-08-07T16:13:27Z</time>
      </trkpt>
      <trkpt lat="46.350862" lon="6.208325">
        <ele>380.3</ele>
        <time>2026-08-07T16:13:28Z</time>
      </trkpt>
      <trkpt lat="46.350909" lon="6.208379">
        <ele>380.3</ele>
        <time>2026-08-07T16:13:29Z</time>
      </trkpt>
      <trkpt lat="46.350962" lon="6.208423">
        <ele>380.3</ele>
        <time>2026-08-07T16:13:30Z</time>
      </trkpt>
      <trkpt lat="46.351013" lon="6.208469">
        <ele>380.3</ele>
        <time>2026-08-07T16:13:31Z</time>
      </trkpt>
      <trkpt lat="46.351067" lon="6.208516">
        <ele>380.2</ele>
        <time>2026-08-07T16:13:32Z</time>
      </trkpt>
      <trkpt lat="46.351122" lon="6.208563">
        <ele>380.2</ele>
        <time>2026-08-07T16:13:33Z</time>
      </trkpt>
      <trkpt lat="46.351174" lon="6.208604">
        <ele>380.2</ele>
        <time>2026-08-07T16:13:34Z</time>
      </trkpt>
      <trkpt lat="46.351229" lon="6.208656">
        <ele>380.3</ele>
        <time>2026-08-07T16:13:35Z</time>
      </trkpt>
      <trkpt lat="46.351285" lon="6.208704">
        <ele>380.3</ele>
        <time>2026-08-07T16:13:36Z</time>
      </trkpt>
      <trkpt lat="46.351339" lon="6.20876">
        <ele>380.3</ele>
        <time>2026-08-07T16:13:37Z</time>
      </trkpt>
      <trkpt lat="46.351395" lon="6.208805">
        <ele>380.4</ele>
        <time>2026-08-07T16:13:38Z</time>
      </trkpt>
      <trkpt lat="46.351448" lon="6.20886">
        <ele>380.4</ele>
        <time>2026-08-07T16:13:39Z</time>
      </trkpt>
      <trkpt lat="46.351502" lon="6.208913">
        <ele>380.4</ele>
        <time>2026-08-07T16:13:40Z</time>
      </trkpt>
      <trkpt lat="46.351553" lon="6.208963">
        <ele>380.4</ele>
        <time>2026-08-07T16:13:41Z</time>
      </trkpt>
      <trkpt lat="46.351609" lon="6.209015">
        <ele>380.4</ele>
        <time>2026-08-07T16:13:42Z</time>
      </trkpt>
      <trkpt lat="46.351663" lon="6.209072">
        <ele>380.4</ele>
        <time>2026-08-07T16:13:43Z</time>
      </trkpt>
      <trkpt lat="46.351716" lon="6.209117">
        <ele>380.4</ele>
        <time>2026-08-07T16:13:44Z</time>
      </trkpt>
      <trkpt lat="46.351768" lon="6.20917">
        <ele>380.4</ele>
        <time>2026-08-07T16:13:45Z</time>
      </trkpt>
      <trkpt lat="46.351824" lon="6.209216">
        <ele>380.4</ele>
        <time>2026-08-07T16:13:46Z</time>
      </trkpt>
      <trkpt lat="46.351876" lon="6.209264">
        <ele>380.4</ele>
        <time>2026-08-07T16:13:47Z</time>
      </trkpt>
      <trkpt lat="46.351928" lon="6.209318">
        <ele>380.4</ele>
        <time>2026-08-07T16:13:48Z</time>
      </trkpt>
      <trkpt lat="46.351981" lon="6.209368">
        <ele>380.4</ele>
        <time>2026-08-07T16:13:49Z</time>
      </trkpt>
      <trkpt lat="46.352036" lon="6.209418">
        <ele>380.4</ele>
        <time>2026-08-07T16:13:50Z</time>
      </trkpt>
      <trkpt lat="46.352087" lon="6.20947">
        <ele>380.4</ele>
        <time>2026-08-07T16:13:51Z</time>
      </trkpt>
      <trkpt lat="46.35214" lon="6.209524">
        <ele>380.4</ele>
        <time>2026-08-07T16:13:52Z</time>
      </trkpt>
      <trkpt lat="46.352193" lon="6.209575">
        <ele>380.4</ele>
        <time>2026-08-07T16:13:53Z</time>
      </trkpt>
      <trkpt lat="46.352246" lon="6.209627">
        <ele>380.4</ele>
        <time>2026-08-07T16:13:54Z</time>
      </trkpt>
      <trkpt lat="46.352299" lon="6.209679">
        <ele>380.4</ele>
        <time>2026-08-07T16:13:55Z</time>
      </trkpt>
      <trkpt lat="46.352353" lon="6.209732">
        <ele>380.4</ele>
        <time>2026-08-07T16:13:56Z</time>
      </trkpt>
      <trkpt lat="46.352407" lon="6.209784">
        <ele>380.4</ele>
        <time>2026-08-07T16:13:57Z</time>
      </trkpt>
      <trkpt lat="46.352462" lon="6.209836">
        <ele>380.3</ele>
        <time>2026-08-07T16:13:58Z</time>
      </trkpt>
      <trkpt lat="46.352514" lon="6.20989">
        <ele>380.3</ele>
        <time>2026-08-07T16:13:59Z</time>
      </trkpt>
      <trkpt lat="46.352568" lon="6.209941">
        <ele>380.3</ele>
        <time>2026-08-07T16:14:00Z</time>
      </trkpt>
      <trkpt lat="46.352624" lon="6.209992">
        <ele>380.3</ele>
        <time>2026-08-07T16:14:01Z</time>
      </trkpt>
      <trkpt lat="46.35268" lon="6.210048">
        <ele>380.3</ele>
        <time>2026-08-07T16:14:02Z</time>
      </trkpt>
      <trkpt lat="46.352734" lon="6.210097">
        <ele>380.3</ele>
        <time>2026-08-07T16:14:03Z</time>
      </trkpt>
      <trkpt lat="46.352792" lon="6.210153">
        <ele>380.3</ele>
        <time>2026-08-07T16:14:04Z</time>
      </trkpt>
      <trkpt lat="46.352846" lon="6.210207">
        <ele>380.3</ele>
        <time>2026-08-07T16:14:05Z</time>
      </trkpt>
      <trkpt lat="46.352899" lon="6.210267">
        <ele>380.3</ele>
        <time>2026-08-07T16:14:06Z</time>
      </trkpt>
      <trkpt lat="46.352953" lon="6.210316">
        <ele>380.3</ele>
        <time>2026-08-07T16:14:07Z</time>
      </trkpt>
      <trkpt lat="46.353006" lon="6.210363">
        <ele>380.3</ele>
        <time>2026-08-07T16:14:08Z</time>
      </trkpt>
      <trkpt lat="46.353062" lon="6.210416">
        <ele>380.4</ele>
        <time>2026-08-07T16:14:09Z</time>
      </trkpt>
      <trkpt lat="46.353117" lon="6.210466">
        <ele>380.4</ele>
        <time>2026-08-07T16:14:10Z</time>
      </trkpt>
      <trkpt lat="46.35317" lon="6.210514">
        <ele>380.4</ele>
        <time>2026-08-07T16:14:11Z</time>
      </trkpt>
      <trkpt lat="46.353222" lon="6.210562">
        <ele>380.4</ele>
        <time>2026-08-07T16:14:12Z</time>
      </trkpt>
      <trkpt lat="46.353275" lon="6.210616">
        <ele>380.4</ele>
        <time>2026-08-07T16:14:13Z</time>
      </trkpt>
      <trkpt lat="46.353332" lon="6.210672">
        <ele>380.4</ele>
        <time>2026-08-07T16:14:14Z</time>
      </trkpt>
      <trkpt lat="46.353386" lon="6.21072">
        <ele>380.4</ele>
        <time>2026-08-07T16:14:15Z</time>
      </trkpt>
      <trkpt lat="46.353441" lon="6.210773">
        <ele>380.4</ele>
        <time>2026-08-07T16:14:16Z</time>
      </trkpt>
      <trkpt lat="46.353495" lon="6.210823">
        <ele>380.3</ele>
        <time>2026-08-07T16:14:17Z</time>
      </trkpt>
      <trkpt lat="46.35355" lon="6.210873">
        <ele>380.3</ele>
        <time>2026-08-07T16:14:18Z</time>
      </trkpt>
      <trkpt lat="46.353607" lon="6.210919">
        <ele>380.2</ele>
        <time>2026-08-07T16:14:19Z</time>
      </trkpt>
      <trkpt lat="46.353662" lon="6.210968">
        <ele>380.2</ele>
        <time>2026-08-07T16:14:20Z</time>
      </trkpt>
      <trkpt lat="46.353713" lon="6.211024">
        <ele>380.3</ele>
        <time>2026-08-07T16:14:21Z</time>
      </trkpt>
      <trkpt lat="46.353767" lon="6.211071">
        <ele>380.3</ele>
        <time>2026-08-07T16:14:22Z</time>
      </trkpt>
      <trkpt lat="46.353822" lon="6.211118">
        <ele>380.3</ele>
        <time>2026-08-07T16:14:23Z</time>
      </trkpt>
      <trkpt lat="46.353879" lon="6.211172">
        <ele>380.3</ele>
        <time>2026-08-07T16:14:24Z</time>
      </trkpt>
      <trkpt lat="46.353937" lon="6.21122">
        <ele>380.3</ele>
        <time>2026-08-07T16:14:25Z</time>
      </trkpt>
      <trkpt lat="46.353996" lon="6.211273">
        <ele>380.3</ele>
        <time>2026-08-07T16:14:26Z</time>
      </trkpt>
      <trkpt lat="46.354053" lon="6.211326">
        <ele>380.3</ele>
        <time>2026-08-07T16:14:27Z</time>
      </trkpt>
      <trkpt lat="46.354109" lon="6.211378">
        <ele>380.3</ele>
        <time>2026-08-07T16:14:28Z</time>
      </trkpt>
      <trkpt lat="46.354168" lon="6.211431">
        <ele>380.2</ele>
        <time>2026-08-07T16:14:29Z</time>
      </trkpt>
      <trkpt lat="46.354224" lon="6.211486">
        <ele>380.2</ele>
        <time>2026-08-07T16:14:30Z</time>
      </trkpt>
      <trkpt lat="46.354278" lon="6.211541">
        <ele>380.2</ele>
        <time>2026-08-07T16:14:31Z</time>
      </trkpt>
      <trkpt lat="46.354334" lon="6.211596">
        <ele>380.2</ele>
        <time>2026-08-07T16:14:32Z</time>
      </trkpt>
      <trkpt lat="46.354392" lon="6.21165">
        <ele>380.2</ele>
        <time>2026-08-07T16:14:33Z</time>
      </trkpt>
      <trkpt lat="46.354448" lon="6.211706">
        <ele>380.2</ele>
        <time>2026-08-07T16:14:34Z</time>
      </trkpt>
      <trkpt lat="46.354505" lon="6.211764">
        <ele>380.2</ele>
        <time>2026-08-07T16:14:35Z</time>
      </trkpt>
      <trkpt lat="46.354562" lon="6.211818">
        <ele>380.2</ele>
        <time>2026-08-07T16:14:36Z</time>
      </trkpt>
      <trkpt lat="46.35462" lon="6.211868">
        <ele>380.2</ele>
        <time>2026-08-07T16:14:37Z</time>
      </trkpt>
      <trkpt lat="46.354677" lon="6.211921">
        <ele>380.2</ele>
        <time>2026-08-07T16:14:38Z</time>
      </trkpt>
      <trkpt lat="46.354734" lon="6.21198">
        <ele>380.2</ele>
        <time>2026-08-07T16:14:39Z</time>
      </trkpt>
      <trkpt lat="46.354791" lon="6.212037">
        <ele>380.2</ele>
        <time>2026-08-07T16:14:40Z</time>
      </trkpt>
      <trkpt lat="46.354849" lon="6.212089">
        <ele>380.3</ele>
        <time>2026-08-07T16:14:41Z</time>
      </trkpt>
      <trkpt lat="46.354905" lon="6.212142">
        <ele>380.3</ele>
        <time>2026-08-07T16:14:42Z</time>
      </trkpt>
      <trkpt lat="46.354963" lon="6.212199">
        <ele>380.4</ele>
        <time>2026-08-07T16:14:43Z</time>
      </trkpt>
      <trkpt lat="46.35502" lon="6.21225">
        <ele>380.4</ele>
        <time>2026-08-07T16:14:44Z</time>
      </trkpt>
      <trkpt lat="46.355077" lon="6.212304">
        <ele>380.4</ele>
        <time>2026-08-07T16:14:45Z</time>
      </trkpt>
      <trkpt lat="46.355135" lon="6.212358">
        <ele>380.5</ele>
        <time>2026-08-07T16:14:46Z</time>
      </trkpt>
      <trkpt lat="46.355192" lon="6.212415">
        <ele>380.5</ele>
        <time>2026-08-07T16:14:47Z</time>
      </trkpt>
      <trkpt lat="46.35525" lon="6.212472">
        <ele>380.5</ele>
        <time>2026-08-07T16:14:48Z</time>
      </trkpt>
      <trkpt lat="46.355309" lon="6.21253">
        <ele>380.5</ele>
        <time>2026-08-07T16:14:49Z</time>
      </trkpt>
      <trkpt lat="46.355369" lon="6.212581">
        <ele>380.6</ele>
        <time>2026-08-07T16:14:50Z</time>
      </trkpt>
      <trkpt lat="46.355421" lon="6.212635">
        <ele>380.6</ele>
        <time>2026-08-07T16:14:51Z</time>
      </trkpt>
      <trkpt lat="46.355476" lon="6.212692">
        <ele>380.7</ele>
        <time>2026-08-07T16:14:52Z</time>
      </trkpt>
      <trkpt lat="46.355538" lon="6.212748">
        <ele>380.7</ele>
        <time>2026-08-07T16:14:53Z</time>
      </trkpt>
      <trkpt lat="46.355597" lon="6.212803">
        <ele>380.7</ele>
        <time>2026-08-07T16:14:54Z</time>
      </trkpt>
      <trkpt lat="46.355654" lon="6.21286">
        <ele>380.8</ele>
        <time>2026-08-07T16:14:55Z</time>
      </trkpt>
      <trkpt lat="46.355711" lon="6.212916">
        <ele>380.8</ele>
        <time>2026-08-07T16:14:56Z</time>
      </trkpt>
      <trkpt lat="46.355768" lon="6.212968">
        <ele>380.8</ele>
        <time>2026-08-07T16:14:57Z</time>
      </trkpt>
      <trkpt lat="46.355825" lon="6.213024">
        <ele>380.9</ele>
        <time>2026-08-07T16:14:58Z</time>
      </trkpt>
      <trkpt lat="46.355883" lon="6.213078">
        <ele>380.9</ele>
        <time>2026-08-07T16:14:59Z</time>
      </trkpt>
      <trkpt lat="46.355937" lon="6.213127">
        <ele>381.0</ele>
        <time>2026-08-07T16:15:00Z</time>
      </trkpt>
      <trkpt lat="46.355998" lon="6.213186">
        <ele>381.0</ele>
        <time>2026-08-07T16:15:01Z</time>
      </trkpt>
      <trkpt lat="46.356057" lon="6.213241">
        <ele>381.1</ele>
        <time>2026-08-07T16:15:02Z</time>
      </trkpt>
      <trkpt lat="46.35611" lon="6.213289">
        <ele>381.1</ele>
        <time>2026-08-07T16:15:03Z</time>
      </trkpt>
      <trkpt lat="46.356165" lon="6.213342">
        <ele>381.2</ele>
        <time>2026-08-07T16:15:04Z</time>
      </trkpt>
      <trkpt lat="46.356222" lon="6.213395">
        <ele>381.2</ele>
        <time>2026-08-07T16:15:05Z</time>
      </trkpt>
      <trkpt lat="46.356277" lon="6.213451">
        <ele>381.3</ele>
        <time>2026-08-07T16:15:06Z</time>
      </trkpt>
      <trkpt lat="46.356333" lon="6.213506">
        <ele>381.3</ele>
        <time>2026-08-07T16:15:07Z</time>
      </trkpt>
      <trkpt lat="46.356389" lon="6.213558">
        <ele>381.3</ele>
        <time>2026-08-07T16:15:08Z</time>
      </trkpt>
      <trkpt lat="46.356445" lon="6.213612">
        <ele>381.4</ele>
        <time>2026-08-07T16:15:09Z</time>
      </trkpt>
      <trkpt lat="46.356499" lon="6.213663">
        <ele>381.4</ele>
        <time>2026-08-07T16:15:10Z</time>
      </trkpt>
      <trkpt lat="46.356554" lon="6.21372">
        <ele>381.5</ele>
        <time>2026-08-07T16:15:11Z</time>
      </trkpt>
      <trkpt lat="46.356612" lon="6.213774">
        <ele>381.5</ele>
        <time>2026-08-07T16:15:12Z</time>
      </trkpt>
      <trkpt lat="46.356668" lon="6.213829">
        <ele>381.6</ele>
        <time>2026-08-07T16:15:13Z</time>
      </trkpt>
      <trkpt lat="46.356724" lon="6.213884">
        <ele>381.6</ele>
        <time>2026-08-07T16:15:14Z</time>
      </trkpt>
      <trkpt lat="46.356778" lon="6.213936">
        <ele>381.7</ele>
        <time>2026-08-07T16:15:15Z</time>
      </trkpt>
      <trkpt lat="46.356834" lon="6.213987">
        <ele>381.7</ele>
        <time>2026-08-07T16:15:16Z</time>
      </trkpt>
      <trkpt lat="46.356891" lon="6.214043">
        <ele>381.7</ele>
        <time>2026-08-07T16:15:17Z</time>
      </trkpt>
      <trkpt lat="46.356947" lon="6.214094">
        <ele>381.8</ele>
        <time>2026-08-07T16:15:18Z</time>
      </trkpt>
      <trkpt lat="46.357002" lon="6.214152">
        <ele>381.8</ele>
        <time>2026-08-07T16:15:19Z</time>
      </trkpt>
      <trkpt lat="46.357062" lon="6.214204">
        <ele>381.8</ele>
        <time>2026-08-07T16:15:20Z</time>
      </trkpt>
      <trkpt lat="46.357122" lon="6.214263">
        <ele>381.9</ele>
        <time>2026-08-07T16:15:21Z</time>
      </trkpt>
      <trkpt lat="46.357179" lon="6.214317">
        <ele>381.9</ele>
        <time>2026-08-07T16:15:22Z</time>
      </trkpt>
      <trkpt lat="46.357229" lon="6.214371">
        <ele>381.9</ele>
        <time>2026-08-07T16:15:23Z</time>
      </trkpt>
      <trkpt lat="46.357288" lon="6.214423">
        <ele>381.9</ele>
        <time>2026-08-07T16:15:24Z</time>
      </trkpt>
      <trkpt lat="46.357347" lon="6.21448">
        <ele>382.0</ele>
        <time>2026-08-07T16:15:25Z</time>
      </trkpt>
      <trkpt lat="46.357408" lon="6.214541">
        <ele>382.0</ele>
        <time>2026-08-07T16:15:26Z</time>
      </trkpt>
      <trkpt lat="46.357465" lon="6.214595">
        <ele>382.0</ele>
        <time>2026-08-07T16:15:27Z</time>
      </trkpt>
      <trkpt lat="46.357517" lon="6.21465">
        <ele>382.0</ele>
        <time>2026-08-07T16:15:28Z</time>
      </trkpt>
      <trkpt lat="46.357579" lon="6.214707">
        <ele>382.0</ele>
        <time>2026-08-07T16:15:29Z</time>
      </trkpt>
      <trkpt lat="46.357641" lon="6.214767">
        <ele>381.9</ele>
        <time>2026-08-07T16:15:30Z</time>
      </trkpt>
      <trkpt lat="46.3577" lon="6.21482">
        <ele>381.9</ele>
        <time>2026-08-07T16:15:31Z</time>
      </trkpt>
      <trkpt lat="46.357751" lon="6.214875">
        <ele>381.9</ele>
        <time>2026-08-07T16:15:32Z</time>
      </trkpt>
      <trkpt lat="46.357809" lon="6.214934">
        <ele>381.9</ele>
        <time>2026-08-07T16:15:33Z</time>
      </trkpt>
      <trkpt lat="46.357868" lon="6.214988">
        <ele>381.9</ele>
        <time>2026-08-07T16:15:34Z</time>
      </trkpt>
      <trkpt lat="46.357925" lon="6.215047">
        <ele>381.8</ele>
        <time>2026-08-07T16:15:35Z</time>
      </trkpt>
      <trkpt lat="46.35798" lon="6.215105">
        <ele>381.8</ele>
        <time>2026-08-07T16:15:36Z</time>
      </trkpt>
      <trkpt lat="46.358039" lon="6.215163">
        <ele>381.8</ele>
        <time>2026-08-07T16:15:37Z</time>
      </trkpt>
      <trkpt lat="46.358095" lon="6.215217">
        <ele>381.7</ele>
        <time>2026-08-07T16:15:38Z</time>
      </trkpt>
      <trkpt lat="46.358151" lon="6.215275">
        <ele>381.7</ele>
        <time>2026-08-07T16:15:39Z</time>
      </trkpt>
      <trkpt lat="46.358207" lon="6.215335">
        <ele>381.7</ele>
        <time>2026-08-07T16:15:40Z</time>
      </trkpt>
      <trkpt lat="46.358265" lon="6.215392">
        <ele>381.6</ele>
        <time>2026-08-07T16:15:41Z</time>
      </trkpt>
      <trkpt lat="46.35832" lon="6.215453">
        <ele>381.6</ele>
        <time>2026-08-07T16:15:42Z</time>
      </trkpt>
      <trkpt lat="46.358377" lon="6.215514">
        <ele>381.5</ele>
        <time>2026-08-07T16:15:43Z</time>
      </trkpt>
      <trkpt lat="46.358435" lon="6.215574">
        <ele>381.5</ele>
        <time>2026-08-07T16:15:44Z</time>
      </trkpt>
      <trkpt lat="46.358492" lon="6.215629">
        <ele>381.4</ele>
        <time>2026-08-07T16:15:45Z</time>
      </trkpt>
      <trkpt lat="46.358553" lon="6.215667">
        <ele>381.4</ele>
        <time>2026-08-07T16:15:46Z</time>
      </trkpt>
      <trkpt lat="46.358616" lon="6.215724">
        <ele>381.3</ele>
        <time>2026-08-07T16:15:47Z</time>
      </trkpt>
      <trkpt lat="46.358671" lon="6.215774">
        <ele>381.3</ele>
        <time>2026-08-07T16:15:48Z</time>
      </trkpt>
      <trkpt lat="46.358728" lon="6.21582">
        <ele>381.2</ele>
        <time>2026-08-07T16:15:49Z</time>
      </trkpt>
      <trkpt lat="46.358793" lon="6.215872">
        <ele>381.1</ele>
        <time>2026-08-07T16:15:50Z</time>
      </trkpt>
      <trkpt lat="46.358841" lon="6.215945">
        <ele>381.1</ele>
        <time>2026-08-07T16:15:51Z</time>
      </trkpt>
      <trkpt lat="46.358876" lon="6.216029">
        <ele>381.0</ele>
        <time>2026-08-07T16:15:52Z</time>
      </trkpt>
      <trkpt lat="46.358932" lon="6.216104">
        <ele>380.9</ele>
        <time>2026-08-07T16:15:53Z</time>
      </trkpt>
      <trkpt lat="46.358985" lon="6.216159">
        <ele>380.8</ele>
        <time>2026-08-07T16:15:54Z</time>
      </trkpt>
      <trkpt lat="46.359044" lon="6.216222">
        <ele>380.7</ele>
        <time>2026-08-07T16:15:55Z</time>
      </trkpt>
      <trkpt lat="46.359103" lon="6.21628">
        <ele>380.6</ele>
        <time>2026-08-07T16:15:56Z</time>
      </trkpt>
      <trkpt lat="46.359158" lon="6.216342">
        <ele>380.5</ele>
        <time>2026-08-07T16:15:57Z</time>
      </trkpt>
      <trkpt lat="46.359208" lon="6.216401">
        <ele>380.5</ele>
        <time>2026-08-07T16:15:58Z</time>
      </trkpt>
      <trkpt lat="46.359265" lon="6.216465">
        <ele>380.4</ele>
        <time>2026-08-07T16:15:59Z</time>
      </trkpt>
      <trkpt lat="46.359321" lon="6.216527">
        <ele>380.4</ele>
        <time>2026-08-07T16:16:00Z</time>
      </trkpt>
      <trkpt lat="46.359377" lon="6.21659">
        <ele>380.3</ele>
        <time>2026-08-07T16:16:01Z</time>
      </trkpt>
      <trkpt lat="46.35943" lon="6.21665">
        <ele>380.2</ele>
        <time>2026-08-07T16:16:02Z</time>
      </trkpt>
      <trkpt lat="46.359485" lon="6.216712">
        <ele>380.2</ele>
        <time>2026-08-07T16:16:03Z</time>
      </trkpt>
      <trkpt lat="46.359538" lon="6.216775">
        <ele>380.1</ele>
        <time>2026-08-07T16:16:04Z</time>
      </trkpt>
      <trkpt lat="46.359592" lon="6.216838">
        <ele>380.1</ele>
        <time>2026-08-07T16:16:05Z</time>
      </trkpt>
      <trkpt lat="46.359646" lon="6.216896">
        <ele>380.0</ele>
        <time>2026-08-07T16:16:06Z</time>
      </trkpt>
      <trkpt lat="46.359703" lon="6.216955">
        <ele>380.0</ele>
        <time>2026-08-07T16:16:07Z</time>
      </trkpt>
      <trkpt lat="46.359757" lon="6.21701">
        <ele>380.0</ele>
        <time>2026-08-07T16:16:08Z</time>
      </trkpt>
      <trkpt lat="46.35981" lon="6.217071">
        <ele>380.0</ele>
        <time>2026-08-07T16:16:09Z</time>
      </trkpt>
      <trkpt lat="46.359864" lon="6.21713">
        <ele>380.1</ele>
        <time>2026-08-07T16:16:10Z</time>
      </trkpt>
      <trkpt lat="46.359916" lon="6.217187">
        <ele>380.1</ele>
        <time>2026-08-07T16:16:11Z</time>
      </trkpt>
      <trkpt lat="46.35997" lon="6.21725">
        <ele>380.0</ele>
        <time>2026-08-07T16:16:12Z</time>
      </trkpt>
      <trkpt lat="46.360023" lon="6.217305">
        <ele>380.0</ele>
        <time>2026-08-07T16:16:13Z</time>
      </trkpt>
      <trkpt lat="46.360075" lon="6.217368">
        <ele>380.0</ele>
        <time>2026-08-07T16:16:14Z</time>
      </trkpt>
      <trkpt lat="46.36013" lon="6.217415">
        <ele>380.0</ele>
        <time>2026-08-07T16:16:15Z</time>
      </trkpt>
      <trkpt lat="46.360186" lon="6.217474">
        <ele>380.0</ele>
        <time>2026-08-07T16:16:16Z</time>
      </trkpt>
      <trkpt lat="46.360238" lon="6.217535">
        <ele>380.0</ele>
        <time>2026-08-07T16:16:17Z</time>
      </trkpt>
      <trkpt lat="46.360293" lon="6.217593">
        <ele>380.0</ele>
        <time>2026-08-07T16:16:18Z</time>
      </trkpt>
      <trkpt lat="46.360344" lon="6.217647">
        <ele>380.1</ele>
        <time>2026-08-07T16:16:19Z</time>
      </trkpt>
      <trkpt lat="46.360393" lon="6.2177">
        <ele>380.1</ele>
        <time>2026-08-07T16:16:20Z</time>
      </trkpt>
      <trkpt lat="46.360446" lon="6.217753">
        <ele>380.1</ele>
        <time>2026-08-07T16:16:21Z</time>
      </trkpt>
      <trkpt lat="46.360498" lon="6.217806">
        <ele>380.2</ele>
        <time>2026-08-07T16:16:22Z</time>
      </trkpt>
      <trkpt lat="46.360549" lon="6.217864">
        <ele>380.2</ele>
        <time>2026-08-07T16:16:23Z</time>
      </trkpt>
      <trkpt lat="46.3606" lon="6.217917">
        <ele>380.3</ele>
        <time>2026-08-07T16:16:24Z</time>
      </trkpt>
      <trkpt lat="46.36065" lon="6.217971">
        <ele>380.3</ele>
        <time>2026-08-07T16:16:25Z</time>
      </trkpt>
      <trkpt lat="46.360701" lon="6.218025">
        <ele>380.3</ele>
        <time>2026-08-07T16:16:26Z</time>
      </trkpt>
      <trkpt lat="46.360754" lon="6.218074">
        <ele>380.4</ele>
        <time>2026-08-07T16:16:27Z</time>
      </trkpt>
      <trkpt lat="46.360805" lon="6.218126">
        <ele>380.5</ele>
        <time>2026-08-07T16:16:28Z</time>
      </trkpt>
      <trkpt lat="46.360857" lon="6.218176">
        <ele>380.5</ele>
        <time>2026-08-07T16:16:29Z</time>
      </trkpt>
      <trkpt lat="46.360906" lon="6.218233">
        <ele>380.6</ele>
        <time>2026-08-07T16:16:30Z</time>
      </trkpt>
      <trkpt lat="46.360956" lon="6.218285">
        <ele>380.7</ele>
        <time>2026-08-07T16:16:31Z</time>
      </trkpt>
      <trkpt lat="46.361006" lon="6.218336">
        <ele>380.7</ele>
        <time>2026-08-07T16:16:32Z</time>
      </trkpt>
      <trkpt lat="46.361058" lon="6.218388">
        <ele>380.8</ele>
        <time>2026-08-07T16:16:33Z</time>
      </trkpt>
      <trkpt lat="46.361114" lon="6.218433">
        <ele>380.9</ele>
        <time>2026-08-07T16:16:34Z</time>
      </trkpt>
      <trkpt lat="46.361165" lon="6.218479">
        <ele>381.0</ele>
        <time>2026-08-07T16:16:35Z</time>
      </trkpt>
      <trkpt lat="46.361214" lon="6.218538">
        <ele>381.1</ele>
        <time>2026-08-07T16:16:36Z</time>
      </trkpt>
      <trkpt lat="46.361267" lon="6.218582">
        <ele>381.1</ele>
        <time>2026-08-07T16:16:37Z</time>
      </trkpt>
      <trkpt lat="46.361317" lon="6.218634">
        <ele>381.2</ele>
        <time>2026-08-07T16:16:38Z</time>
      </trkpt>
      <trkpt lat="46.361372" lon="6.218678">
        <ele>381.3</ele>
        <time>2026-08-07T16:16:39Z</time>
      </trkpt>
      <trkpt lat="46.361423" lon="6.218729">
        <ele>381.3</ele>
        <time>2026-08-07T16:16:40Z</time>
      </trkpt>
      <trkpt lat="46.361477" lon="6.218778">
        <ele>381.4</ele>
        <time>2026-08-07T16:16:41Z</time>
      </trkpt>
      <trkpt lat="46.361529" lon="6.218822">
        <ele>381.5</ele>
        <time>2026-08-07T16:16:42Z</time>
      </trkpt>
      <trkpt lat="46.36158" lon="6.218868">
        <ele>381.6</ele>
        <time>2026-08-07T16:16:43Z</time>
      </trkpt>
      <trkpt lat="46.361632" lon="6.218922">
        <ele>381.7</ele>
        <time>2026-08-07T16:16:44Z</time>
      </trkpt>
      <trkpt lat="46.361685" lon="6.218965">
        <ele>381.8</ele>
        <time>2026-08-07T16:16:45Z</time>
      </trkpt>
      <trkpt lat="46.361738" lon="6.21901">
        <ele>381.9</ele>
        <time>2026-08-07T16:16:46Z</time>
      </trkpt>
      <trkpt lat="46.361791" lon="6.219057">
        <ele>382.0</ele>
        <time>2026-08-07T16:16:47Z</time>
      </trkpt>
      <trkpt lat="46.361843" lon="6.219099">
        <ele>382.1</ele>
        <time>2026-08-07T16:16:48Z</time>
      </trkpt>
      <trkpt lat="46.361894" lon="6.219144">
        <ele>382.2</ele>
        <time>2026-08-07T16:16:49Z</time>
      </trkpt>
      <trkpt lat="46.361945" lon="6.219189">
        <ele>382.3</ele>
        <time>2026-08-07T16:16:50Z</time>
      </trkpt>
      <trkpt lat="46.361998" lon="6.219231">
        <ele>382.4</ele>
        <time>2026-08-07T16:16:51Z</time>
      </trkpt>
      <trkpt lat="46.362052" lon="6.219275">
        <ele>382.5</ele>
        <time>2026-08-07T16:16:52Z</time>
      </trkpt>
      <trkpt lat="46.362102" lon="6.219316">
        <ele>382.5</ele>
        <time>2026-08-07T16:16:53Z</time>
      </trkpt>
      <trkpt lat="46.362154" lon="6.219364">
        <ele>382.6</ele>
        <time>2026-08-07T16:16:54Z</time>
      </trkpt>
      <trkpt lat="46.362207" lon="6.21941">
        <ele>382.6</ele>
        <time>2026-08-07T16:16:55Z</time>
      </trkpt>
      <trkpt lat="46.362259" lon="6.219452">
        <ele>382.7</ele>
        <time>2026-08-07T16:16:56Z</time>
      </trkpt>
      <trkpt lat="46.362309" lon="6.219493">
        <ele>382.8</ele>
        <time>2026-08-07T16:16:57Z</time>
      </trkpt>
      <trkpt lat="46.362359" lon="6.219535">
        <ele>382.8</ele>
        <time>2026-08-07T16:16:58Z</time>
      </trkpt>
      <trkpt lat="46.36241" lon="6.219577">
        <ele>382.9</ele>
        <time>2026-08-07T16:16:59Z</time>
      </trkpt>
      <trkpt lat="46.362463" lon="6.219616">
        <ele>383.0</ele>
        <time>2026-08-07T16:17:00Z</time>
      </trkpt>
      <trkpt lat="46.362516" lon="6.219659">
        <ele>383.0</ele>
        <time>2026-08-07T16:17:01Z</time>
      </trkpt>
      <trkpt lat="46.362568" lon="6.2197">
        <ele>383.1</ele>
        <time>2026-08-07T16:17:02Z</time>
      </trkpt>
      <trkpt lat="46.362622" lon="6.219745">
        <ele>383.2</ele>
        <time>2026-08-07T16:17:03Z</time>
      </trkpt>
      <trkpt lat="46.362673" lon="6.219785">
        <ele>383.3</ele>
        <time>2026-08-07T16:17:04Z</time>
      </trkpt>
      <trkpt lat="46.362725" lon="6.219824">
        <ele>383.4</ele>
        <time>2026-08-07T16:17:05Z</time>
      </trkpt>
      <trkpt lat="46.362775" lon="6.21986">
        <ele>383.4</ele>
        <time>2026-08-07T16:17:06Z</time>
      </trkpt>
      <trkpt lat="46.362827" lon="6.219898">
        <ele>383.5</ele>
        <time>2026-08-07T16:17:07Z</time>
      </trkpt>
      <trkpt lat="46.36288" lon="6.219937">
        <ele>383.6</ele>
        <time>2026-08-07T16:17:08Z</time>
      </trkpt>
      <trkpt lat="46.362933" lon="6.219979">
        <ele>383.7</ele>
        <time>2026-08-07T16:17:09Z</time>
      </trkpt>
      <trkpt lat="46.362983" lon="6.220021">
        <ele>383.7</ele>
        <time>2026-08-07T16:17:10Z</time>
      </trkpt>
      <trkpt lat="46.363034" lon="6.220059">
        <ele>383.8</ele>
        <time>2026-08-07T16:17:11Z</time>
      </trkpt>
      <trkpt lat="46.363087" lon="6.220104">
        <ele>383.8</ele>
        <time>2026-08-07T16:17:12Z</time>
      </trkpt>
      <trkpt lat="46.363143" lon="6.220142">
        <ele>383.9</ele>
        <time>2026-08-07T16:17:13Z</time>
      </trkpt>
      <trkpt lat="46.363197" lon="6.220174">
        <ele>383.9</ele>
        <time>2026-08-07T16:17:14Z</time>
      </trkpt>
      <trkpt lat="46.363251" lon="6.220217">
        <ele>384.0</ele>
        <time>2026-08-07T16:17:15Z</time>
      </trkpt>
      <trkpt lat="46.363303" lon="6.220256">
        <ele>384.0</ele>
        <time>2026-08-07T16:17:16Z</time>
      </trkpt>
      <trkpt lat="46.363357" lon="6.220291">
        <ele>384.1</ele>
        <time>2026-08-07T16:17:17Z</time>
      </trkpt>
      <trkpt lat="46.363413" lon="6.22033">
        <ele>384.1</ele>
        <time>2026-08-07T16:17:18Z</time>
      </trkpt>
      <trkpt lat="46.363468" lon="6.220371">
        <ele>384.2</ele>
        <time>2026-08-07T16:17:19Z</time>
      </trkpt>
      <trkpt lat="46.36352" lon="6.220408">
        <ele>384.2</ele>
        <time>2026-08-07T16:17:20Z</time>
      </trkpt>
      <trkpt lat="46.363571" lon="6.220443">
        <ele>384.3</ele>
        <time>2026-08-07T16:17:21Z</time>
      </trkpt>
      <trkpt lat="46.363626" lon="6.220483">
        <ele>384.3</ele>
        <time>2026-08-07T16:17:22Z</time>
      </trkpt>
      <trkpt lat="46.363681" lon="6.220519">
        <ele>384.4</ele>
        <time>2026-08-07T16:17:23Z</time>
      </trkpt>
      <trkpt lat="46.363738" lon="6.22056">
        <ele>384.5</ele>
        <time>2026-08-07T16:17:24Z</time>
      </trkpt>
      <trkpt lat="46.363794" lon="6.220596">
        <ele>384.5</ele>
        <time>2026-08-07T16:17:25Z</time>
      </trkpt>
      <trkpt lat="46.363853" lon="6.220632">
        <ele>384.6</ele>
        <time>2026-08-07T16:17:26Z</time>
      </trkpt>
      <trkpt lat="46.363909" lon="6.220674">
        <ele>384.7</ele>
        <time>2026-08-07T16:17:27Z</time>
      </trkpt>
      <trkpt lat="46.363966" lon="6.220713">
        <ele>384.8</ele>
        <time>2026-08-07T16:17:28Z</time>
      </trkpt>
      <trkpt lat="46.364022" lon="6.220749">
        <ele>384.8</ele>
        <time>2026-08-07T16:17:29Z</time>
      </trkpt>
      <trkpt lat="46.364077" lon="6.220786">
        <ele>384.9</ele>
        <time>2026-08-07T16:17:30Z</time>
      </trkpt>
      <trkpt lat="46.364132" lon="6.220826">
        <ele>384.9</ele>
        <time>2026-08-07T16:17:31Z</time>
      </trkpt>
      <trkpt lat="46.364191" lon="6.220872">
        <ele>385.0</ele>
        <time>2026-08-07T16:17:32Z</time>
      </trkpt>
      <trkpt lat="46.364249" lon="6.220915">
        <ele>385.0</ele>
        <time>2026-08-07T16:17:33Z</time>
      </trkpt>
      <trkpt lat="46.364306" lon="6.220955">
        <ele>385.1</ele>
        <time>2026-08-07T16:17:34Z</time>
      </trkpt>
      <trkpt lat="46.364368" lon="6.220998">
        <ele>385.1</ele>
        <time>2026-08-07T16:17:35Z</time>
      </trkpt>
      <trkpt lat="46.364428" lon="6.22104">
        <ele>385.2</ele>
        <time>2026-08-07T16:17:36Z</time>
      </trkpt>
      <trkpt lat="46.364487" lon="6.22108">
        <ele>385.2</ele>
        <time>2026-08-07T16:17:37Z</time>
      </trkpt>
      <trkpt lat="46.364547" lon="6.221118">
        <ele>385.3</ele>
        <time>2026-08-07T16:17:38Z</time>
      </trkpt>
      <trkpt lat="46.364608" lon="6.221161">
        <ele>385.3</ele>
        <time>2026-08-07T16:17:39Z</time>
      </trkpt>
      <trkpt lat="46.364668" lon="6.221204">
        <ele>385.4</ele>
        <time>2026-08-07T16:17:40Z</time>
      </trkpt>
      <trkpt lat="46.364728" lon="6.221252">
        <ele>385.4</ele>
        <time>2026-08-07T16:17:41Z</time>
      </trkpt>
      <trkpt lat="46.36479" lon="6.221295">
        <ele>385.4</ele>
        <time>2026-08-07T16:17:42Z</time>
      </trkpt>
      <trkpt lat="46.364851" lon="6.221339">
        <ele>385.5</ele>
        <time>2026-08-07T16:17:43Z</time>
      </trkpt>
      <trkpt lat="46.364914" lon="6.22138">
        <ele>385.5</ele>
        <time>2026-08-07T16:17:44Z</time>
      </trkpt>
      <trkpt lat="46.364978" lon="6.221426">
        <ele>385.5</ele>
        <time>2026-08-07T16:17:45Z</time>
      </trkpt>
      <trkpt lat="46.365039" lon="6.221473">
        <ele>385.5</ele>
        <time>2026-08-07T16:17:46Z</time>
      </trkpt>
      <trkpt lat="46.3651" lon="6.22152">
        <ele>385.6</ele>
        <time>2026-08-07T16:17:47Z</time>
      </trkpt>
      <trkpt lat="46.365164" lon="6.221569">
        <ele>385.6</ele>
        <time>2026-08-07T16:17:48Z</time>
      </trkpt>
      <trkpt lat="46.36523" lon="6.221616">
        <ele>385.7</ele>
        <time>2026-08-07T16:17:49Z</time>
      </trkpt>
      <trkpt lat="46.365295" lon="6.221663">
        <ele>385.7</ele>
        <time>2026-08-07T16:17:50Z</time>
      </trkpt>
      <trkpt lat="46.36536" lon="6.221705">
        <ele>385.8</ele>
        <time>2026-08-07T16:17:51Z</time>
      </trkpt>
      <trkpt lat="46.365424" lon="6.221745">
        <ele>385.8</ele>
        <time>2026-08-07T16:17:52Z</time>
      </trkpt>
      <trkpt lat="46.365491" lon="6.221789">
        <ele>385.9</ele>
        <time>2026-08-07T16:17:53Z</time>
      </trkpt>
      <trkpt lat="46.365553" lon="6.221835">
        <ele>385.9</ele>
        <time>2026-08-07T16:17:54Z</time>
      </trkpt>
      <trkpt lat="46.365616" lon="6.221884">
        <ele>386.0</ele>
        <time>2026-08-07T16:17:55Z</time>
      </trkpt>
      <trkpt lat="46.365682" lon="6.221921">
        <ele>386.0</ele>
        <time>2026-08-07T16:17:56Z</time>
      </trkpt>
      <trkpt lat="46.365746" lon="6.221967">
        <ele>386.1</ele>
        <time>2026-08-07T16:17:57Z</time>
      </trkpt>
      <trkpt lat="46.365808" lon="6.222017">
        <ele>386.1</ele>
        <time>2026-08-07T16:17:58Z</time>
      </trkpt>
      <trkpt lat="46.365872" lon="6.222056">
        <ele>386.2</ele>
        <time>2026-08-07T16:17:59Z</time>
      </trkpt>
      <trkpt lat="46.365935" lon="6.222101">
        <ele>386.2</ele>
        <time>2026-08-07T16:18:00Z</time>
      </trkpt>
      <trkpt lat="46.365996" lon="6.222146">
        <ele>386.3</ele>
        <time>2026-08-07T16:18:01Z</time>
      </trkpt>
      <trkpt lat="46.366057" lon="6.222186">
        <ele>386.3</ele>
        <time>2026-08-07T16:18:02Z</time>
      </trkpt>
      <trkpt lat="46.366115" lon="6.222229">
        <ele>386.3</ele>
        <time>2026-08-07T16:18:03Z</time>
      </trkpt>
      <trkpt lat="46.366177" lon="6.222284">
        <ele>386.3</ele>
        <time>2026-08-07T16:18:04Z</time>
      </trkpt>
      <trkpt lat="46.366234" lon="6.222326">
        <ele>386.3</ele>
        <time>2026-08-07T16:18:05Z</time>
      </trkpt>
      <trkpt lat="46.366293" lon="6.222367">
        <ele>386.3</ele>
        <time>2026-08-07T16:18:06Z</time>
      </trkpt>
      <trkpt lat="46.366354" lon="6.222412">
        <ele>386.4</ele>
        <time>2026-08-07T16:18:07Z</time>
      </trkpt>
      <trkpt lat="46.366411" lon="6.222459">
        <ele>386.4</ele>
        <time>2026-08-07T16:18:08Z</time>
      </trkpt>
      <trkpt lat="46.366468" lon="6.222509">
        <ele>386.4</ele>
        <time>2026-08-07T16:18:09Z</time>
      </trkpt>
      <trkpt lat="46.366528" lon="6.222558">
        <ele>386.4</ele>
        <time>2026-08-07T16:18:10Z</time>
      </trkpt>
      <trkpt lat="46.366582" lon="6.22261">
        <ele>386.4</ele>
        <time>2026-08-07T16:18:11Z</time>
      </trkpt>
      <trkpt lat="46.366638" lon="6.222655">
        <ele>386.4</ele>
        <time>2026-08-07T16:18:12Z</time>
      </trkpt>
      <trkpt lat="46.366693" lon="6.222708">
        <ele>386.4</ele>
        <time>2026-08-07T16:18:13Z</time>
      </trkpt>
      <trkpt lat="46.36675" lon="6.222759">
        <ele>386.4</ele>
        <time>2026-08-07T16:18:14Z</time>
      </trkpt>
      <trkpt lat="46.366805" lon="6.222809">
        <ele>386.4</ele>
        <time>2026-08-07T16:18:15Z</time>
      </trkpt>
      <trkpt lat="46.366858" lon="6.222863">
        <ele>386.5</ele>
        <time>2026-08-07T16:18:16Z</time>
      </trkpt>
      <trkpt lat="46.366913" lon="6.222913">
        <ele>386.5</ele>
        <time>2026-08-07T16:18:17Z</time>
      </trkpt>
      <trkpt lat="46.366968" lon="6.22297">
        <ele>386.5</ele>
        <time>2026-08-07T16:18:18Z</time>
      </trkpt>
      <trkpt lat="46.367021" lon="6.223023">
        <ele>386.5</ele>
        <time>2026-08-07T16:18:19Z</time>
      </trkpt>
      <trkpt lat="46.367074" lon="6.22308">
        <ele>386.5</ele>
        <time>2026-08-07T16:18:20Z</time>
      </trkpt>
      <trkpt lat="46.367126" lon="6.223128">
        <ele>386.5</ele>
        <time>2026-08-07T16:18:21Z</time>
      </trkpt>
      <trkpt lat="46.36718" lon="6.223184">
        <ele>386.5</ele>
        <time>2026-08-07T16:18:22Z</time>
      </trkpt>
      <trkpt lat="46.367232" lon="6.223237">
        <ele>386.6</ele>
        <time>2026-08-07T16:18:23Z</time>
      </trkpt>
      <trkpt lat="46.367284" lon="6.223293">
        <ele>386.6</ele>
        <time>2026-08-07T16:18:24Z</time>
      </trkpt>
      <trkpt lat="46.367336" lon="6.223349">
        <ele>386.6</ele>
        <time>2026-08-07T16:18:25Z</time>
      </trkpt>
      <trkpt lat="46.367385" lon="6.223406">
        <ele>386.6</ele>
        <time>2026-08-07T16:18:26Z</time>
      </trkpt>
      <trkpt lat="46.367436" lon="6.223461">
        <ele>386.6</ele>
        <time>2026-08-07T16:18:27Z</time>
      </trkpt>
      <trkpt lat="46.367484" lon="6.223526">
        <ele>386.7</ele>
        <time>2026-08-07T16:18:28Z</time>
      </trkpt>
      <trkpt lat="46.367532" lon="6.223583">
        <ele>386.7</ele>
        <time>2026-08-07T16:18:29Z</time>
      </trkpt>
      <trkpt lat="46.367582" lon="6.223637">
        <ele>386.7</ele>
        <time>2026-08-07T16:18:30Z</time>
      </trkpt>
      <trkpt lat="46.367629" lon="6.223697">
        <ele>386.7</ele>
        <time>2026-08-07T16:18:31Z</time>
      </trkpt>
      <trkpt lat="46.367679" lon="6.223753">
        <ele>386.7</ele>
        <time>2026-08-07T16:18:32Z</time>
      </trkpt>
      <trkpt lat="46.367722" lon="6.223816">
        <ele>386.7</ele>
        <time>2026-08-07T16:18:33Z</time>
      </trkpt>
      <trkpt lat="46.367766" lon="6.223875">
        <ele>386.7</ele>
        <time>2026-08-07T16:18:34Z</time>
      </trkpt>
      <trkpt lat="46.367809" lon="6.223942">
        <ele>386.7</ele>
        <time>2026-08-07T16:18:35Z</time>
      </trkpt>
      <trkpt lat="46.36785" lon="6.224011">
        <ele>386.7</ele>
        <time>2026-08-07T16:18:36Z</time>
      </trkpt>
      <trkpt lat="46.367891" lon="6.224072">
        <ele>386.7</ele>
        <time>2026-08-07T16:18:37Z</time>
      </trkpt>
      <trkpt lat="46.367936" lon="6.224136">
        <ele>386.7</ele>
        <time>2026-08-07T16:18:38Z</time>
      </trkpt>
      <trkpt lat="46.36798" lon="6.224199">
        <ele>386.7</ele>
        <time>2026-08-07T16:18:39Z</time>
      </trkpt>
      <trkpt lat="46.368022" lon="6.224259">
        <ele>386.7</ele>
        <time>2026-08-07T16:18:40Z</time>
      </trkpt>
      <trkpt lat="46.368065" lon="6.224323">
        <ele>386.7</ele>
        <time>2026-08-07T16:18:41Z</time>
      </trkpt>
      <trkpt lat="46.368109" lon="6.224386">
        <ele>386.7</ele>
        <time>2026-08-07T16:18:42Z</time>
      </trkpt>
      <trkpt lat="46.368152" lon="6.224451">
        <ele>386.8</ele>
        <time>2026-08-07T16:18:43Z</time>
      </trkpt>
      <trkpt lat="46.368195" lon="6.224512">
        <ele>386.8</ele>
        <time>2026-08-07T16:18:44Z</time>
      </trkpt>
      <trkpt lat="46.368235" lon="6.224578">
        <ele>386.8</ele>
        <time>2026-08-07T16:18:45Z</time>
      </trkpt>
      <trkpt lat="46.368275" lon="6.22464">
        <ele>386.9</ele>
        <time>2026-08-07T16:18:46Z</time>
      </trkpt>
      <trkpt lat="46.368322" lon="6.224692">
        <ele>386.9</ele>
        <time>2026-08-07T16:18:47Z</time>
      </trkpt>
      <trkpt lat="46.368372" lon="6.224738">
        <ele>386.9</ele>
        <time>2026-08-07T16:18:48Z</time>
      </trkpt>
      <trkpt lat="46.368416" lon="6.224792">
        <ele>387.0</ele>
        <time>2026-08-07T16:18:49Z</time>
      </trkpt>
      <trkpt lat="46.368452" lon="6.224856">
        <ele>387.0</ele>
        <time>2026-08-07T16:18:50Z</time>
      </trkpt>
      <trkpt lat="46.368487" lon="6.224918">
        <ele>387.0</ele>
        <time>2026-08-07T16:18:51Z</time>
      </trkpt>
      <trkpt lat="46.368525" lon="6.224975">
        <ele>387.1</ele>
        <time>2026-08-07T16:18:52Z</time>
      </trkpt>
      <trkpt lat="46.368563" lon="6.225036">
        <ele>387.1</ele>
        <time>2026-08-07T16:18:53Z</time>
      </trkpt>
      <trkpt lat="46.368601" lon="6.225099">
        <ele>387.1</ele>
        <time>2026-08-07T16:18:54Z</time>
      </trkpt>
      <trkpt lat="46.368633" lon="6.225162">
        <ele>387.2</ele>
        <time>2026-08-07T16:18:55Z</time>
      </trkpt>
      <trkpt lat="46.368665" lon="6.225222">
        <ele>387.2</ele>
        <time>2026-08-07T16:18:56Z</time>
      </trkpt>
      <trkpt lat="46.368698" lon="6.225285">
        <ele>387.3</ele>
        <time>2026-08-07T16:18:57Z</time>
      </trkpt>
      <trkpt lat="46.368732" lon="6.225345">
        <ele>387.3</ele>
        <time>2026-08-07T16:18:58Z</time>
      </trkpt>
      <trkpt lat="46.368765" lon="6.225406">
        <ele>387.4</ele>
        <time>2026-08-07T16:18:59Z</time>
      </trkpt>
      <trkpt lat="46.368798" lon="6.225468">
        <ele>387.5</ele>
        <time>2026-08-07T16:19:00Z</time>
      </trkpt>
      <trkpt lat="46.368829" lon="6.225529">
        <ele>387.5</ele>
        <time>2026-08-07T16:19:01Z</time>
      </trkpt>
      <trkpt lat="46.368862" lon="6.225591">
        <ele>387.6</ele>
        <time>2026-08-07T16:19:02Z</time>
      </trkpt>
      <trkpt lat="46.368893" lon="6.225649">
        <ele>387.7</ele>
        <time>2026-08-07T16:19:03Z</time>
      </trkpt>
      <trkpt lat="46.368924" lon="6.22571">
        <ele>387.7</ele>
        <time>2026-08-07T16:19:04Z</time>
      </trkpt>
      <trkpt lat="46.368955" lon="6.22577">
        <ele>387.8</ele>
        <time>2026-08-07T16:19:05Z</time>
      </trkpt>
      <trkpt lat="46.368983" lon="6.225828">
        <ele>387.9</ele>
        <time>2026-08-07T16:19:06Z</time>
      </trkpt>
      <trkpt lat="46.36901" lon="6.225887">
        <ele>388.0</ele>
        <time>2026-08-07T16:19:07Z</time>
      </trkpt>
      <trkpt lat="46.369041" lon="6.225946">
        <ele>388.1</ele>
        <time>2026-08-07T16:19:08Z</time>
      </trkpt>
      <trkpt lat="46.369068" lon="6.226001">
        <ele>388.1</ele>
        <time>2026-08-07T16:19:09Z</time>
      </trkpt>
      <trkpt lat="46.369095" lon="6.226059">
        <ele>388.2</ele>
        <time>2026-08-07T16:19:10Z</time>
      </trkpt>
      <trkpt lat="46.369119" lon="6.226116">
        <ele>388.3</ele>
        <time>2026-08-07T16:19:11Z</time>
      </trkpt>
      <trkpt lat="46.369142" lon="6.226174">
        <ele>388.4</ele>
        <time>2026-08-07T16:19:12Z</time>
      </trkpt>
      <trkpt lat="46.369166" lon="6.226223">
        <ele>388.4</ele>
        <time>2026-08-07T16:19:13Z</time>
      </trkpt>
      <trkpt lat="46.369192" lon="6.226283">
        <ele>388.5</ele>
        <time>2026-08-07T16:19:14Z</time>
      </trkpt>
      <trkpt lat="46.369219" lon="6.226329">
        <ele>388.6</ele>
        <time>2026-08-07T16:19:15Z</time>
      </trkpt>
      <trkpt lat="46.369247" lon="6.226382">
        <ele>388.7</ele>
        <time>2026-08-07T16:19:16Z</time>
      </trkpt>
      <trkpt lat="46.369273" lon="6.226433">
        <ele>388.8</ele>
        <time>2026-08-07T16:19:17Z</time>
      </trkpt>
      <trkpt lat="46.369298" lon="6.226488">
        <ele>388.8</ele>
        <time>2026-08-07T16:19:18Z</time>
      </trkpt>
      <trkpt lat="46.369325" lon="6.22654">
        <ele>388.9</ele>
        <time>2026-08-07T16:19:19Z</time>
      </trkpt>
      <trkpt lat="46.369353" lon="6.226593">
        <ele>389.0</ele>
        <time>2026-08-07T16:19:20Z</time>
      </trkpt>
      <trkpt lat="46.369377" lon="6.226648">
        <ele>389.1</ele>
        <time>2026-08-07T16:19:21Z</time>
      </trkpt>
      <trkpt lat="46.369402" lon="6.226702">
        <ele>389.2</ele>
        <time>2026-08-07T16:19:22Z</time>
      </trkpt>
      <trkpt lat="46.36943" lon="6.226756">
        <ele>389.2</ele>
        <time>2026-08-07T16:19:23Z</time>
      </trkpt>
      <trkpt lat="46.369459" lon="6.226808">
        <ele>389.3</ele>
        <time>2026-08-07T16:19:24Z</time>
      </trkpt>
      <trkpt lat="46.369486" lon="6.226858">
        <ele>389.4</ele>
        <time>2026-08-07T16:19:25Z</time>
      </trkpt>
      <trkpt lat="46.369513" lon="6.22691">
        <ele>389.5</ele>
        <time>2026-08-07T16:19:26Z</time>
      </trkpt>
      <trkpt lat="46.369536" lon="6.226963">
        <ele>389.6</ele>
        <time>2026-08-07T16:19:27Z</time>
      </trkpt>
      <trkpt lat="46.369558" lon="6.227005">
        <ele>389.6</ele>
        <time>2026-08-07T16:19:28Z</time>
      </trkpt>
      <trkpt lat="46.369585" lon="6.227051">
        <ele>389.7</ele>
        <time>2026-08-07T16:19:29Z</time>
      </trkpt>
      <trkpt lat="46.369608" lon="6.227085">
        <ele>389.8</ele>
        <time>2026-08-07T16:19:30Z</time>
      </trkpt>
      <trkpt lat="46.369621" lon="6.22712">
        <ele>389.9</ele>
        <time>2026-08-07T16:19:31Z</time>
      </trkpt>
      <trkpt lat="46.369634" lon="6.227145">
        <ele>390.0</ele>
        <time>2026-08-07T16:19:32Z</time>
      </trkpt>
      <trkpt lat="46.369649" lon="6.227139">
        <ele>390.0</ele>
        <time>2026-08-07T16:19:33Z</time>
      </trkpt>
      <trkpt lat="46.36967" lon="6.227119">
        <ele>390.2</ele>
        <time>2026-08-07T16:19:34Z</time>
      </trkpt>
      <trkpt lat="46.369684" lon="6.227097">
        <ele>390.3</ele>
        <time>2026-08-07T16:19:35Z</time>
      </trkpt>
      <trkpt lat="46.369683" lon="6.227093">
        <ele>390.3</ele>
        <time>2026-08-07T16:19:36Z</time>
      </trkpt>
      <trkpt lat="46.369677" lon="6.227098">
        <ele>390.4</ele>
        <time>2026-08-07T16:19:37Z</time>
      </trkpt>
      <trkpt lat="46.369675" lon="6.227097">
        <ele>390.4</ele>
        <time>2026-08-07T16:19:38Z</time>
      </trkpt>
      <trkpt lat="46.369677" lon="6.227095">
        <ele>390.4</ele>
        <time>2026-08-07T16:19:39Z</time>
      </trkpt>
      <trkpt lat="46.369676" lon="6.227093">
        <ele>390.5</ele>
        <time>2026-08-07T16:19:40Z</time>
      </trkpt>
      <trkpt lat="46.369675" lon="6.227092">
        <ele>390.5</ele>
        <time>2026-08-07T16:19:41Z</time>
      </trkpt>
      <trkpt lat="46.369675" lon="6.227089">
        <ele>390.5</ele>
        <time>2026-08-07T16:19:42Z</time>
      </trkpt>
      <trkpt lat="46.369678" lon="6.227085">
        <ele>390.5</ele>
        <time>2026-08-07T16:19:43Z</time>
      </trkpt>
      <trkpt lat="46.369695" lon="6.227073">
        <ele>390.8</ele>
        <time>2026-08-07T16:19:44Z</time>
      </trkpt>
      <trkpt lat="46.369711" lon="6.227055">
        <ele>391.0</ele>
        <time>2026-08-07T16:19:45Z</time>
      </trkpt>
      <trkpt lat="46.369728" lon="6.227039">
        <ele>391.3</ele>
        <time>2026-08-07T16:19:46Z</time>
      </trkpt>
      <trkpt lat="46.369747" lon="6.227041">
        <ele>391.3</ele>
        <time>2026-08-07T16:19:47Z</time>
      </trkpt>
      <trkpt lat="46.369766" lon="6.227066">
        <ele>391.3</ele>
        <time>2026-08-07T16:19:48Z</time>
      </trkpt>
      <trkpt lat="46.36978" lon="6.227083">
        <ele>391.3</ele>
        <time>2026-08-07T16:19:49Z</time>
      </trkpt>
      <trkpt lat="46.369795" lon="6.227086">
        <ele>391.4</ele>
        <time>2026-08-07T16:19:50Z</time>
      </trkpt>
      <trkpt lat="46.369814" lon="6.22709">
        <ele>391.4</ele>
        <time>2026-08-07T16:19:51Z</time>
      </trkpt>
      <trkpt lat="46.369835" lon="6.2271">
        <ele>391.4</ele>
        <time>2026-08-07T16:19:52Z</time>
      </trkpt>
      <trkpt lat="46.369857" lon="6.227102">
        <ele>391.2</ele>
        <time>2026-08-07T16:19:53Z</time>
      </trkpt>
      <trkpt lat="46.36988" lon="6.227093">
        <ele>391.0</ele>
        <time>2026-08-07T16:19:54Z</time>
      </trkpt>
      <trkpt lat="46.36991" lon="6.227064">
        <ele>390.8</ele>
        <time>2026-08-07T16:19:55Z</time>
      </trkpt>
      <trkpt lat="46.369941" lon="6.227031">
        <ele>390.8</ele>
        <time>2026-08-07T16:19:56Z</time>
      </trkpt>
      <trkpt lat="46.369973" lon="6.226995">
        <ele>390.8</ele>
        <time>2026-08-07T16:19:57Z</time>
      </trkpt>
      <trkpt lat="46.370002" lon="6.226971">
        <ele>390.7</ele>
        <time>2026-08-07T16:19:58Z</time>
      </trkpt>
      <trkpt lat="46.370035" lon="6.226969">
        <ele>390.7</ele>
        <time>2026-08-07T16:19:59Z</time>
      </trkpt>
      <trkpt lat="46.370065" lon="6.226984">
        <ele>390.7</ele>
        <time>2026-08-07T16:20:00Z</time>
      </trkpt>
      <trkpt lat="46.370091" lon="6.227009">
        <ele>390.7</ele>
        <time>2026-08-07T16:20:01Z</time>
      </trkpt>
      <trkpt lat="46.370112" lon="6.227037">
        <ele>390.7</ele>
        <time>2026-08-07T16:20:02Z</time>
      </trkpt>
      <trkpt lat="46.370122" lon="6.227068">
        <ele>390.7</ele>
        <time>2026-08-07T16:20:03Z</time>
      </trkpt>
      <trkpt lat="46.370123" lon="6.227088">
        <ele>390.7</ele>
        <time>2026-08-07T16:20:04Z</time>
      </trkpt>
      <trkpt lat="46.370127" lon="6.227104">
        <ele>390.6</ele>
        <time>2026-08-07T16:20:05Z</time>
      </trkpt>
      <trkpt lat="46.370136" lon="6.227118">
        <ele>390.6</ele>
        <time>2026-08-07T16:20:06Z</time>
      </trkpt>
      <trkpt lat="46.370149" lon="6.227131">
        <ele>390.6</ele>
        <time>2026-08-07T16:20:07Z</time>
      </trkpt>
      <trkpt lat="46.370161" lon="6.227138">
        <ele>390.6</ele>
        <time>2026-08-07T16:20:08Z</time>
      </trkpt>
      <trkpt lat="46.370174" lon="6.227144">
        <ele>390.6</ele>
        <time>2026-08-07T16:20:09Z</time>
      </trkpt>
      <trkpt lat="46.370173" lon="6.227139">
        <ele>390.6</ele>
        <time>2026-08-07T16:20:10Z</time>
      </trkpt>
      <trkpt lat="46.370175" lon="6.227139">
        <ele>390.6</ele>
        <time>2026-08-07T16:20:11Z</time>
      </trkpt>
      <trkpt lat="46.370168" lon="6.227139">
        <ele>390.6</ele>
        <time>2026-08-07T16:20:12Z</time>
      </trkpt>
      <trkpt lat="46.370174" lon="6.227138">
        <ele>390.6</ele>
        <time>2026-08-07T16:20:13Z</time>
      </trkpt>
      <trkpt lat="46.370177" lon="6.227139">
        <ele>390.6</ele>
        <time>2026-08-07T16:20:14Z</time>
      </trkpt>
      <trkpt lat="46.370184" lon="6.22714">
        <ele>390.6</ele>
        <time>2026-08-07T16:20:15Z</time>
      </trkpt>
      <trkpt lat="46.370198" lon="6.227138">
        <ele>390.6</ele>
        <time>2026-08-07T16:20:16Z</time>
      </trkpt>
      <trkpt lat="46.37021" lon="6.227137">
        <ele>390.6</ele>
        <time>2026-08-07T16:20:17Z</time>
      </trkpt>
      <trkpt lat="46.370221" lon="6.227141">
        <ele>390.5</ele>
        <time>2026-08-07T16:20:18Z</time>
      </trkpt>
      <trkpt lat="46.370227" lon="6.227146">
        <ele>390.5</ele>
        <time>2026-08-07T16:20:19Z</time>
      </trkpt>
      <trkpt lat="46.370246" lon="6.227154">
        <ele>390.5</ele>
        <time>2026-08-07T16:20:20Z</time>
      </trkpt>
      <trkpt lat="46.370267" lon="6.227177">
        <ele>390.5</ele>
        <time>2026-08-07T16:20:21Z</time>
      </trkpt>
      <trkpt lat="46.370288" lon="6.227216">
        <ele>390.5</ele>
        <time>2026-08-07T16:20:22Z</time>
      </trkpt>
      <trkpt lat="46.370314" lon="6.227255">
        <ele>390.5</ele>
        <time>2026-08-07T16:20:23Z</time>
      </trkpt>
      <trkpt lat="46.370348" lon="6.227274">
        <ele>390.5</ele>
        <time>2026-08-07T16:20:24Z</time>
      </trkpt>
      <trkpt lat="46.370387" lon="6.22729">
        <ele>390.5</ele>
        <time>2026-08-07T16:20:25Z</time>
      </trkpt>
      <trkpt lat="46.370426" lon="6.22731">
        <ele>390.5</ele>
        <time>2026-08-07T16:20:26Z</time>
      </trkpt>
      <trkpt lat="46.370459" lon="6.227328">
        <ele>390.5</ele>
        <time>2026-08-07T16:20:27Z</time>
      </trkpt>
      <trkpt lat="46.370489" lon="6.227354">
        <ele>390.5</ele>
        <time>2026-08-07T16:20:28Z</time>
      </trkpt>
      <trkpt lat="46.370515" lon="6.227384">
        <ele>390.5</ele>
        <time>2026-08-07T16:20:29Z</time>
      </trkpt>
      <trkpt lat="46.37054" lon="6.227411">
        <ele>390.5</ele>
        <time>2026-08-07T16:20:30Z</time>
      </trkpt>
      <trkpt lat="46.37056" lon="6.227446">
        <ele>390.5</ele>
        <time>2026-08-07T16:20:31Z</time>
      </trkpt>
      <trkpt lat="46.370569" lon="6.227482">
        <ele>390.5</ele>
        <time>2026-08-07T16:20:32Z</time>
      </trkpt>
      <trkpt lat="46.370551" lon="6.227514">
        <ele>390.5</ele>
        <time>2026-08-07T16:20:33Z</time>
      </trkpt>
      <trkpt lat="46.37052" lon="6.227516">
        <ele>390.5</ele>
        <time>2026-08-07T16:20:34Z</time>
      </trkpt>
      <trkpt lat="46.370501" lon="6.227482">
        <ele>390.5</ele>
        <time>2026-08-07T16:20:35Z</time>
      </trkpt>
      <trkpt lat="46.370497" lon="6.227446">
        <ele>390.5</ele>
        <time>2026-08-07T16:20:36Z</time>
      </trkpt>
      <trkpt lat="46.370489" lon="6.227422">
        <ele>390.5</ele>
        <time>2026-08-07T16:20:37Z</time>
      </trkpt>
      <trkpt lat="46.370474" lon="6.227409">
        <ele>390.5</ele>
        <time>2026-08-07T16:20:38Z</time>
      </trkpt>
      <trkpt lat="46.370459" lon="6.227395">
        <ele>390.5</ele>
        <time>2026-08-07T16:20:39Z</time>
      </trkpt>
      <trkpt lat="46.370448" lon="6.227402">
        <ele>390.5</ele>
        <time>2026-08-07T16:20:40Z</time>
      </trkpt>
      <trkpt lat="46.37044" lon="6.227417">
        <ele>390.5</ele>
        <time>2026-08-07T16:20:41Z</time>
      </trkpt>
      <trkpt lat="46.370439" lon="6.227426">
        <ele>390.5</ele>
        <time>2026-08-07T16:20:42Z</time>
      </trkpt>
      <trkpt lat="46.370442" lon="6.227425">
        <ele>390.5</ele>
        <time>2026-08-07T16:20:43Z</time>
      </trkpt>
      <trkpt lat="46.370413" lon="6.227415">
        <ele>390.5</ele>
        <time>2026-08-07T16:20:44Z</time>
      </trkpt>
      <trkpt lat="46.370437" lon="6.227426">
        <ele>390.5</ele>
        <time>2026-08-07T16:20:45Z</time>
      </trkpt>
      <trkpt lat="46.370435" lon="6.227428">
        <ele>390.5</ele>
        <time>2026-08-07T16:20:46Z</time>
      </trkpt>
      <trkpt lat="46.370426" lon="6.227429">
        <ele>390.5</ele>
        <time>2026-08-07T16:20:47Z</time>
      </trkpt>
      <trkpt lat="46.370432" lon="6.227427">
        <ele>390.5</ele>
        <time>2026-08-07T16:20:48Z</time>
      </trkpt>
      <trkpt lat="46.370433" lon="6.227425">
        <ele>390.5</ele>
        <time>2026-08-07T16:20:49Z</time>
      </trkpt>
      <trkpt lat="46.370431" lon="6.227424">
        <ele>390.5</ele>
        <time>2026-08-07T16:20:50Z</time>
      </trkpt>
      <trkpt lat="46.370432" lon="6.227425">
        <ele>390.5</ele>
        <time>2026-08-07T16:20:51Z</time>
      </trkpt>
      <trkpt lat="46.370431" lon="6.227424">
        <ele>390.5</ele>
        <time>2026-08-07T16:20:52Z</time>
      </trkpt>
      <trkpt lat="46.370427" lon="6.227422">
        <ele>390.5</ele>
        <time>2026-08-07T16:20:53Z</time>
      </trkpt>
      <trkpt lat="46.370422" lon="6.227424">
        <ele>390.5</ele>
        <time>2026-08-07T16:20:54Z</time>
      </trkpt>
      <trkpt lat="46.370419" lon="6.227433">
        <ele>390.5</ele>
        <time>2026-08-07T16:20:55Z</time>
      </trkpt>
      <trkpt lat="46.370413" lon="6.227444">
        <ele>390.5</ele>
        <time>2026-08-07T16:20:56Z</time>
      </trkpt>
      <trkpt lat="46.370408" lon="6.227457">
        <ele>390.5</ele>
        <time>2026-08-07T16:20:57Z</time>
      </trkpt>
      <trkpt lat="46.370401" lon="6.227474">
        <ele>390.5</ele>
        <time>2026-08-07T16:20:58Z</time>
      </trkpt>
      <trkpt lat="46.370394" lon="6.227484">
        <ele>390.5</ele>
        <time>2026-08-07T16:20:59Z</time>
      </trkpt>
      <trkpt lat="46.370388" lon="6.227484">
        <ele>390.5</ele>
        <time>2026-08-07T16:21:00Z</time>
      </trkpt>
      <trkpt lat="46.370381" lon="6.227489">
        <ele>390.5</ele>
        <time>2026-08-07T16:21:01Z</time>
      </trkpt>
      <trkpt lat="46.370371" lon="6.227499">
        <ele>390.5</ele>
        <time>2026-08-07T16:21:02Z</time>
      </trkpt>
      <trkpt lat="46.370367" lon="6.227507">
        <ele>390.5</ele>
        <time>2026-08-07T16:21:03Z</time>
      </trkpt>
      <trkpt lat="46.37037" lon="6.227504">
        <ele>390.5</ele>
        <time>2026-08-07T16:21:04Z</time>
      </trkpt>
      <trkpt lat="46.370372" lon="6.227505">
        <ele>390.5</ele>
        <time>2026-08-07T16:21:05Z</time>
      </trkpt>
      <trkpt lat="46.37037" lon="6.227508">
        <ele>390.5</ele>
        <time>2026-08-07T16:21:06Z</time>
      </trkpt>
      <trkpt lat="46.370369" lon="6.22751">
        <ele>390.5</ele>
        <time>2026-08-07T16:21:07Z</time>
      </trkpt>
      <trkpt lat="46.370369" lon="6.22751">
        <ele>390.5</ele>
        <time>2026-08-07T16:21:08Z</time>
      </trkpt>
      <trkpt lat="46.370371" lon="6.227508">
        <ele>390.5</ele>
        <time>2026-08-07T16:21:09Z</time>
      </trkpt>
      <trkpt lat="46.370371" lon="6.227508">
        <ele>390.5</ele>
        <time>2026-08-07T16:21:10Z</time>
      </trkpt>
      <trkpt lat="46.370371" lon="6.227508">
        <ele>390.5</ele>
        <time>2026-08-07T16:21:11Z</time>
      </trkpt>
      <trkpt lat="46.370371" lon="6.227506">
        <ele>390.5</ele>
        <time>2026-08-07T16:21:12Z</time>
      </trkpt>
      <trkpt lat="46.370372" lon="6.227506">
        <ele>390.5</ele>
        <time>2026-08-07T16:21:13Z</time>
      </trkpt>
      <trkpt lat="46.370372" lon="6.227506">
        <ele>390.5</ele>
        <time>2026-08-07T16:21:14Z</time>
      </trkpt>
      <trkpt lat="46.370373" lon="6.227507">
        <ele>390.5</ele>
        <time>2026-08-07T16:21:15Z</time>
      </trkpt>
      <trkpt lat="46.370371" lon="6.227501">
        <ele>390.5</ele>
        <time>2026-08-07T16:21:16Z</time>
      </trkpt>
      <trkpt lat="46.37037" lon="6.227502">
        <ele>390.5</ele>
        <time>2026-08-07T16:21:17Z</time>
      </trkpt>
      <trkpt lat="46.370364" lon="6.227502">
        <ele>390.5</ele>
        <time>2026-08-07T16:21:18Z</time>
      </trkpt>
      <trkpt lat="46.370359" lon="6.227499">
        <ele>390.5</ele>
        <time>2026-08-07T16:21:19Z</time>
      </trkpt>
      <trkpt lat="46.370359" lon="6.227499">
        <ele>390.5</ele>
        <time>2026-08-07T16:21:20Z</time>
      </trkpt>
      <trkpt lat="46.370356" lon="6.227501">
        <ele>390.5</ele>
        <time>2026-08-07T16:21:21Z</time>
      </trkpt>
      <trkpt lat="46.370357" lon="6.227501">
        <ele>390.5</ele>
        <time>2026-08-07T16:21:22Z</time>
      </trkpt>
      <trkpt lat="46.370355" lon="6.227502">
        <ele>390.5</ele>
        <time>2026-08-07T16:21:23Z</time>
      </trkpt>
      <trkpt lat="46.370355" lon="6.227502">
        <ele>390.5</ele>
        <time>2026-08-07T16:21:24Z</time>
      </trkpt>
      <trkpt lat="46.370355" lon="6.227502">
        <ele>390.5</ele>
        <time>2026-08-07T16:21:25Z</time>
      </trkpt>
      <trkpt lat="46.370349" lon="6.227505">
        <ele>390.5</ele>
        <time>2026-08-07T16:21:26Z</time>
      </trkpt>
      <trkpt lat="46.370349" lon="6.227502">
        <ele>390.5</ele>
        <time>2026-08-07T16:21:27Z</time>
      </trkpt>
      <trkpt lat="46.37035" lon="6.227504">
        <ele>390.5</ele>
        <time>2026-08-07T16:21:28Z</time>
      </trkpt>
      <trkpt lat="46.370349" lon="6.227504">
        <ele>390.5</ele>
        <time>2026-08-07T16:21:29Z</time>
      </trkpt>
      <trkpt lat="46.37035" lon="6.227505">
        <ele>390.5</ele>
        <time>2026-08-07T16:21:30Z</time>
      </trkpt>
      <trkpt lat="46.37035" lon="6.227505">
        <ele>390.5</ele>
        <time>2026-08-07T16:21:31Z</time>
      </trkpt>
      <trkpt lat="46.370349" lon="6.227504">
        <ele>390.5</ele>
        <time>2026-08-07T16:21:32Z</time>
      </trkpt>
      <trkpt lat="46.370348" lon="6.227504">
        <ele>390.5</ele>
        <time>2026-08-07T16:21:33Z</time>
      </trkpt>
      <trkpt lat="46.370348" lon="6.227507">
        <ele>390.5</ele>
        <time>2026-08-07T16:21:34Z</time>
      </trkpt>
      <trkpt lat="46.370348" lon="6.22751">
        <ele>390.5</ele>
        <time>2026-08-07T16:21:35Z</time>
      </trkpt>
      <trkpt lat="46.370347" lon="6.227513">
        <ele>390.5</ele>
        <time>2026-08-07T16:21:36Z</time>
      </trkpt>
      <trkpt lat="46.370348" lon="6.227515">
        <ele>390.5</ele>
        <time>2026-08-07T16:21:37Z</time>
      </trkpt>
      <trkpt lat="46.370344" lon="6.227514">
        <ele>390.5</ele>
        <time>2026-08-07T16:21:38Z</time>
      </trkpt>
      <trkpt lat="46.37034" lon="6.227512">
        <ele>390.5</ele>
        <time>2026-08-07T16:21:39Z</time>
      </trkpt>
      <trkpt lat="46.370341" lon="6.227512">
        <ele>390.5</ele>
        <time>2026-08-07T16:21:40Z</time>
      </trkpt>
      <trkpt lat="46.370337" lon="6.227513">
        <ele>390.5</ele>
        <time>2026-08-07T16:21:41Z</time>
      </trkpt>
      <trkpt lat="46.370337" lon="6.227512">
        <ele>390.5</ele>
        <time>2026-08-07T16:21:42Z</time>
      </trkpt>
      <trkpt lat="46.370337" lon="6.227512">
        <ele>390.5</ele>
        <time>2026-08-07T16:21:43Z</time>
      </trkpt>
      <trkpt lat="46.370342" lon="6.227521">
        <ele>390.5</ele>
        <time>2026-08-07T16:21:44Z</time>
      </trkpt>
      <trkpt lat="46.370343" lon="6.227521">
        <ele>390.5</ele>
        <time>2026-08-07T16:21:45Z</time>
      </trkpt>
      <trkpt lat="46.370347" lon="6.227523">
        <ele>390.5</ele>
        <time>2026-08-07T16:21:46Z</time>
      </trkpt>
      <trkpt lat="46.37035" lon="6.227527">
        <ele>390.5</ele>
        <time>2026-08-07T16:21:47Z</time>
      </trkpt>
      <trkpt lat="46.37035" lon="6.227532">
        <ele>390.5</ele>
        <time>2026-08-07T16:21:48Z</time>
      </trkpt>
      <trkpt lat="46.37035" lon="6.227532">
        <ele>390.5</ele>
        <time>2026-08-07T16:21:49Z</time>
      </trkpt>
      <trkpt lat="46.37035" lon="6.227532">
        <ele>390.5</ele>
        <time>2026-08-07T16:21:50Z</time>
      </trkpt>
      <trkpt lat="46.370348" lon="6.227532">
        <ele>390.5</ele>
        <time>2026-08-07T16:21:51Z</time>
      </trkpt>
      <trkpt lat="46.370349" lon="6.227532">
        <ele>390.5</ele>
        <time>2026-08-07T16:21:52Z</time>
      </trkpt>
      <trkpt lat="46.370348" lon="6.227527">
        <ele>390.5</ele>
        <time>2026-08-07T16:21:53Z</time>
      </trkpt>
      <trkpt lat="46.370349" lon="6.227517">
        <ele>390.5</ele>
        <time>2026-08-07T16:21:54Z</time>
      </trkpt>
      <trkpt lat="46.370349" lon="6.227517">
        <ele>390.5</ele>
        <time>2026-08-07T16:21:55Z</time>
      </trkpt>
      <trkpt lat="46.370349" lon="6.227517">
        <ele>390.5</ele>
        <time>2026-08-07T16:21:56Z</time>
      </trkpt>
      <trkpt lat="46.370349" lon="6.227517">
        <ele>390.5</ele>
        <time>2026-08-07T16:21:57Z</time>
      </trkpt>
      <trkpt lat="46.370349" lon="6.227517">
        <ele>390.5</ele>
        <time>2026-08-07T16:21:58Z</time>
      </trkpt>
      <trkpt lat="46.370356" lon="6.227526">
        <ele>390.5</ele>
        <time>2026-08-07T16:21:59Z</time>
      </trkpt>
      <trkpt lat="46.370358" lon="6.227525">
        <ele>390.5</ele>
        <time>2026-08-07T16:22:00Z</time>
      </trkpt>
      <trkpt lat="46.370361" lon="6.227524">
        <ele>390.5</ele>
        <time>2026-08-07T16:22:01Z</time>
      </trkpt>
      <trkpt lat="46.370362" lon="6.227529">
        <ele>390.5</ele>
        <time>2026-08-07T16:22:02Z</time>
      </trkpt>
      <trkpt lat="46.370363" lon="6.227532">
        <ele>390.5</ele>
        <time>2026-08-07T16:22:03Z</time>
      </trkpt>
      <trkpt lat="46.370364" lon="6.227532">
        <ele>390.5</ele>
        <time>2026-08-07T16:22:04Z</time>
      </trkpt>
      <trkpt lat="46.370364" lon="6.227532">
        <ele>390.5</ele>
        <time>2026-08-07T16:22:05Z</time>
      </trkpt>
      <trkpt lat="46.370364" lon="6.227532">
        <ele>390.5</ele>
        <time>2026-08-07T16:22:06Z</time>
      </trkpt>
      <trkpt lat="46.370364" lon="6.227532">
        <ele>390.5</ele>
        <time>2026-08-07T16:22:07Z</time>
      </trkpt>
      <trkpt lat="46.370359" lon="6.227539">
        <ele>390.5</ele>
        <time>2026-08-07T16:22:08Z</time>
      </trkpt>
      <trkpt lat="46.37036" lon="6.227539">
        <ele>390.5</ele>
        <time>2026-08-07T16:22:09Z</time>
      </trkpt>
      <trkpt lat="46.37036" lon="6.227539">
        <ele>390.5</ele>
        <time>2026-08-07T16:22:10Z</time>
      </trkpt>
      <trkpt lat="46.370362" lon="6.227541">
        <ele>390.5</ele>
        <time>2026-08-07T16:22:11Z</time>
      </trkpt>
      <trkpt lat="46.370365" lon="6.227534">
        <ele>390.5</ele>
        <time>2026-08-07T16:22:12Z</time>
      </trkpt>
      <trkpt lat="46.370367" lon="6.227525">
        <ele>390.5</ele>
        <time>2026-08-07T16:22:13Z</time>
      </trkpt>
      <trkpt lat="46.370368" lon="6.227525">
        <ele>390.5</ele>
        <time>2026-08-07T16:22:14Z</time>
      </trkpt>
      <trkpt lat="46.370361" lon="6.227529">
        <ele>390.5</ele>
        <time>2026-08-07T16:22:15Z</time>
      </trkpt>
      <trkpt lat="46.370364" lon="6.227543">
        <ele>390.5</ele>
        <time>2026-08-07T16:22:16Z</time>
      </trkpt>
      <trkpt lat="46.370352" lon="6.227536">
        <ele>390.5</ele>
        <time>2026-08-07T16:22:17Z</time>
      </trkpt>
      <trkpt lat="46.37035" lon="6.227544">
        <ele>390.5</ele>
        <time>2026-08-07T16:22:18Z</time>
      </trkpt>
      <trkpt lat="46.370345" lon="6.22754">
        <ele>390.5</ele>
        <time>2026-08-07T16:22:19Z</time>
      </trkpt>
      <trkpt lat="46.37035" lon="6.227537">
        <ele>390.5</ele>
        <time>2026-08-07T16:22:20Z</time>
      </trkpt>
      <trkpt lat="46.370351" lon="6.227532">
        <ele>390.5</ele>
        <time>2026-08-07T16:22:21Z</time>
      </trkpt>
      <trkpt lat="46.370346" lon="6.227527">
        <ele>390.5</ele>
        <time>2026-08-07T16:22:22Z</time>
      </trkpt>
      <trkpt lat="46.370335" lon="6.227526">
        <ele>390.5</ele>
        <time>2026-08-07T16:22:23Z</time>
      </trkpt>
      <trkpt lat="46.370337" lon="6.227522">
        <ele>390.5</ele>
        <time>2026-08-07T16:22:24Z</time>
      </trkpt>
      <trkpt lat="46.370338" lon="6.227525">
        <ele>390.5</ele>
        <time>2026-08-07T16:22:25Z</time>
      </trkpt>
      <trkpt lat="46.370337" lon="6.227526">
        <ele>390.5</ele>
        <time>2026-08-07T16:22:26Z</time>
      </trkpt>
      <trkpt lat="46.370339" lon="6.227522">
        <ele>390.5</ele>
        <time>2026-08-07T16:22:27Z</time>
      </trkpt>
      <trkpt lat="46.370335" lon="6.227521">
        <ele>390.5</ele>
        <time>2026-08-07T16:22:28Z</time>
      </trkpt>
      <trkpt lat="46.370334" lon="6.227522">
        <ele>390.5</ele>
        <time>2026-08-07T16:22:29Z</time>
      </trkpt>
      <trkpt lat="46.370332" lon="6.227523">
        <ele>390.5</ele>
        <time>2026-08-07T16:22:30Z</time>
      </trkpt>
      <trkpt lat="46.370332" lon="6.227526">
        <ele>390.5</ele>
        <time>2026-08-07T16:22:31Z</time>
      </trkpt>
      <trkpt lat="46.370334" lon="6.227526">
        <ele>390.5</ele>
        <time>2026-08-07T16:22:32Z</time>
      </trkpt>
      <trkpt lat="46.370337" lon="6.227532">
        <ele>390.5</ele>
        <time>2026-08-07T16:22:33Z</time>
      </trkpt>
      <trkpt lat="46.370336" lon="6.227528">
        <ele>390.5</ele>
        <time>2026-08-07T16:22:34Z</time>
      </trkpt>
      <trkpt lat="46.370339" lon="6.227519">
        <ele>390.5</ele>
        <time>2026-08-07T16:22:35Z</time>
      </trkpt>
      <trkpt lat="46.370341" lon="6.227523">
        <ele>390.5</ele>
        <time>2026-08-07T16:22:36Z</time>
      </trkpt>
      <trkpt lat="46.370348" lon="6.227516">
        <ele>390.5</ele>
        <time>2026-08-07T16:22:37Z</time>
      </trkpt>
      <trkpt lat="46.370355" lon="6.227502">
        <ele>390.5</ele>
        <time>2026-08-07T16:22:38Z</time>
      </trkpt>
      <trkpt lat="46.370367" lon="6.227479">
        <ele>390.5</ele>
        <time>2026-08-07T16:22:39Z</time>
      </trkpt>
      <trkpt lat="46.370379" lon="6.227464">
        <ele>390.5</ele>
        <time>2026-08-07T16:22:40Z</time>
      </trkpt>
      <trkpt lat="46.370381" lon="6.227454">
        <ele>390.5</ele>
        <time>2026-08-07T16:22:41Z</time>
      </trkpt>
      <trkpt lat="46.370379" lon="6.227444">
        <ele>390.5</ele>
        <time>2026-08-07T16:22:42Z</time>
      </trkpt>
      <trkpt lat="46.370381" lon="6.227435">
        <ele>390.5</ele>
        <time>2026-08-07T16:22:43Z</time>
      </trkpt>
      <trkpt lat="46.370382" lon="6.227431">
        <ele>390.5</ele>
        <time>2026-08-07T16:22:44Z</time>
      </trkpt>
      <trkpt lat="46.370393" lon="6.22742">
        <ele>390.5</ele>
        <time>2026-08-07T16:22:45Z</time>
      </trkpt>
      <trkpt lat="46.370397" lon="6.227427">
        <ele>390.5</ele>
        <time>2026-08-07T16:22:46Z</time>
      </trkpt>
      <trkpt lat="46.370399" lon="6.227428">
        <ele>390.5</ele>
        <time>2026-08-07T16:22:47Z</time>
      </trkpt>
      <trkpt lat="46.370409" lon="6.227431">
        <ele>390.5</ele>
        <time>2026-08-07T16:22:48Z</time>
      </trkpt>
      <trkpt lat="46.370418" lon="6.227432">
        <ele>390.5</ele>
        <time>2026-08-07T16:22:49Z</time>
      </trkpt>
      <trkpt lat="46.370424" lon="6.227422">
        <ele>390.5</ele>
        <time>2026-08-07T16:22:50Z</time>
      </trkpt>
      <trkpt lat="46.370425" lon="6.22742">
        <ele>390.5</ele>
        <time>2026-08-07T16:22:51Z</time>
      </trkpt>
      <trkpt lat="46.370428" lon="6.227419">
        <ele>390.5</ele>
        <time>2026-08-07T16:22:52Z</time>
      </trkpt>
      <trkpt lat="46.370432" lon="6.227418">
        <ele>390.5</ele>
        <time>2026-08-07T16:22:53Z</time>
      </trkpt>
      <trkpt lat="46.370435" lon="6.227416">
        <ele>390.5</ele>
        <time>2026-08-07T16:22:54Z</time>
      </trkpt>
      <trkpt lat="46.370438" lon="6.227416">
        <ele>390.5</ele>
        <time>2026-08-07T16:22:55Z</time>
      </trkpt>
      <trkpt lat="46.370442" lon="6.227417">
        <ele>390.5</ele>
        <time>2026-08-07T16:22:56Z</time>
      </trkpt>
      <trkpt lat="46.370445" lon="6.227418">
        <ele>390.5</ele>
        <time>2026-08-07T16:22:57Z</time>
      </trkpt>
      <trkpt lat="46.370449" lon="6.227416">
        <ele>390.5</ele>
        <time>2026-08-07T16:22:58Z</time>
      </trkpt>
      <trkpt lat="46.370446" lon="6.227411">
        <ele>390.5</ele>
        <time>2026-08-07T16:22:59Z</time>
      </trkpt>
      <trkpt lat="46.370448" lon="6.227407">
        <ele>390.5</ele>
        <time>2026-08-07T16:23:00Z</time>
      </trkpt>
      <trkpt lat="46.37045" lon="6.227399">
        <ele>390.5</ele>
        <time>2026-08-07T16:23:01Z</time>
      </trkpt>
      <trkpt lat="46.370456" lon="6.227396">
        <ele>390.5</ele>
        <time>2026-08-07T16:23:02Z</time>
      </trkpt>
      <trkpt lat="46.370473" lon="6.227395">
        <ele>390.5</ele>
        <time>2026-08-07T16:23:03Z</time>
      </trkpt>
      <trkpt lat="46.370475" lon="6.227408">
        <ele>390.5</ele>
        <time>2026-08-07T16:23:04Z</time>
      </trkpt>
      <trkpt lat="46.370477" lon="6.227422">
        <ele>390.5</ele>
        <time>2026-08-07T16:23:05Z</time>
      </trkpt>
      <trkpt lat="46.370474" lon="6.227446">
        <ele>390.5</ele>
        <time>2026-08-07T16:23:06Z</time>
      </trkpt>
      <trkpt lat="46.370468" lon="6.227464">
        <ele>390.5</ele>
        <time>2026-08-07T16:23:07Z</time>
      </trkpt>
      <trkpt lat="46.370467" lon="6.227475">
        <ele>390.5</ele>
        <time>2026-08-07T16:23:08Z</time>
      </trkpt>
      <trkpt lat="46.370463" lon="6.227482">
        <ele>390.5</ele>
        <time>2026-08-07T16:23:09Z</time>
      </trkpt>
      <trkpt lat="46.370459" lon="6.227496">
        <ele>390.5</ele>
        <time>2026-08-07T16:23:10Z</time>
      </trkpt>
      <trkpt lat="46.370458" lon="6.227515">
        <ele>390.5</ele>
        <time>2026-08-07T16:23:11Z</time>
      </trkpt>
      <trkpt lat="46.370452" lon="6.227528">
        <ele>390.5</ele>
        <time>2026-08-07T16:23:12Z</time>
      </trkpt>
      <trkpt lat="46.370445" lon="6.227546">
        <ele>390.5</ele>
        <time>2026-08-07T16:23:13Z</time>
      </trkpt>
      <trkpt lat="46.37045" lon="6.227541">
        <ele>390.5</ele>
        <time>2026-08-07T16:23:14Z</time>
      </trkpt>
      <trkpt lat="46.370451" lon="6.227539">
        <ele>390.5</ele>
        <time>2026-08-07T16:23:15Z</time>
      </trkpt>
      <trkpt lat="46.370437" lon="6.227554">
        <ele>390.5</ele>
        <time>2026-08-07T16:23:16Z</time>
      </trkpt>
      <trkpt lat="46.370416" lon="6.227568">
        <ele>390.5</ele>
        <time>2026-08-07T16:23:17Z</time>
      </trkpt>
      <trkpt lat="46.370395" lon="6.227574">
        <ele>390.5</ele>
        <time>2026-08-07T16:23:18Z</time>
      </trkpt>
      <trkpt lat="46.370381" lon="6.227583">
        <ele>390.5</ele>
        <time>2026-08-07T16:23:19Z</time>
      </trkpt>
      <trkpt lat="46.370378" lon="6.227596">
        <ele>390.5</ele>
        <time>2026-08-07T16:23:20Z</time>
      </trkpt>
      <trkpt lat="46.370389" lon="6.227598">
        <ele>390.5</ele>
        <time>2026-08-07T16:23:21Z</time>
      </trkpt>
      <trkpt lat="46.370386" lon="6.2276">
        <ele>390.5</ele>
        <time>2026-08-07T16:23:22Z</time>
      </trkpt>
      <trkpt lat="46.370381" lon="6.227595">
        <ele>390.5</ele>
        <time>2026-08-07T16:23:23Z</time>
      </trkpt>
      <trkpt lat="46.370384" lon="6.227597">
        <ele>390.5</ele>
        <time>2026-08-07T16:23:24Z</time>
      </trkpt>
      <trkpt lat="46.370386" lon="6.2276">
        <ele>390.5</ele>
        <time>2026-08-07T16:23:25Z</time>
      </trkpt>
      <trkpt lat="46.370384" lon="6.227605">
        <ele>390.5</ele>
        <time>2026-08-07T16:23:26Z</time>
      </trkpt>
      <trkpt lat="46.370382" lon="6.227619">
        <ele>390.5</ele>
        <time>2026-08-07T16:23:27Z</time>
      </trkpt>
      <trkpt lat="46.370378" lon="6.22763">
        <ele>390.5</ele>
        <time>2026-08-07T16:23:28Z</time>
      </trkpt>
      <trkpt lat="46.370372" lon="6.227636">
        <ele>390.5</ele>
        <time>2026-08-07T16:23:29Z</time>
      </trkpt>
      <trkpt lat="46.370366" lon="6.22764">
        <ele>390.5</ele>
        <time>2026-08-07T16:23:30Z</time>
      </trkpt>
      <trkpt lat="46.370361" lon="6.227638">
        <ele>390.5</ele>
        <time>2026-08-07T16:23:31Z</time>
      </trkpt>
      <trkpt lat="46.370358" lon="6.22764">
        <ele>390.5</ele>
        <time>2026-08-07T16:23:32Z</time>
      </trkpt>
      <trkpt lat="46.370356" lon="6.227651">
        <ele>390.5</ele>
        <time>2026-08-07T16:23:33Z</time>
      </trkpt>
      <trkpt lat="46.370356" lon="6.22765">
        <ele>390.5</ele>
        <time>2026-08-07T16:23:34Z</time>
      </trkpt>
      <trkpt lat="46.370353" lon="6.227644">
        <ele>390.5</ele>
        <time>2026-08-07T16:23:35Z</time>
      </trkpt>
      <trkpt lat="46.370351" lon="6.22764">
        <ele>390.5</ele>
        <time>2026-08-07T16:23:36Z</time>
      </trkpt>
      <trkpt lat="46.370352" lon="6.227638">
        <ele>390.5</ele>
        <time>2026-08-07T16:23:37Z</time>
      </trkpt>
      <trkpt lat="46.37035" lon="6.227642">
        <ele>390.5</ele>
        <time>2026-08-07T16:23:38Z</time>
      </trkpt>
      <trkpt lat="46.370354" lon="6.227638">
        <ele>390.5</ele>
        <time>2026-08-07T16:23:39Z</time>
      </trkpt>
      <trkpt lat="46.370353" lon="6.227641">
        <ele>390.5</ele>
        <time>2026-08-07T16:23:40Z</time>
      </trkpt>
      <trkpt lat="46.37035" lon="6.227644">
        <ele>390.5</ele>
        <time>2026-08-07T16:23:41Z</time>
      </trkpt>
      <trkpt lat="46.370348" lon="6.227651">
        <ele>390.5</ele>
        <time>2026-08-07T16:23:42Z</time>
      </trkpt>
      <trkpt lat="46.370349" lon="6.227651">
        <ele>390.5</ele>
        <time>2026-08-07T16:23:43Z</time>
      </trkpt>
      <trkpt lat="46.37035" lon="6.227645">
        <ele>390.5</ele>
        <time>2026-08-07T16:23:44Z</time>
      </trkpt>
      <trkpt lat="46.370352" lon="6.22764">
        <ele>390.5</ele>
        <time>2026-08-07T16:23:45Z</time>
      </trkpt>
      <trkpt lat="46.370349" lon="6.227641">
        <ele>390.5</ele>
        <time>2026-08-07T16:23:46Z</time>
      </trkpt>
      <trkpt lat="46.370351" lon="6.227635">
        <ele>390.6</ele>
        <time>2026-08-07T16:23:47Z</time>
      </trkpt>
      <trkpt lat="46.370347" lon="6.227631">
        <ele>390.6</ele>
        <time>2026-08-07T16:23:48Z</time>
      </trkpt>
      <trkpt lat="46.370349" lon="6.227627">
        <ele>390.6</ele>
        <time>2026-08-07T16:23:49Z</time>
      </trkpt>
      <trkpt lat="46.37035" lon="6.227626">
        <ele>390.6</ele>
        <time>2026-08-07T16:23:50Z</time>
      </trkpt>
      <trkpt lat="46.37035" lon="6.227624">
        <ele>390.6</ele>
        <time>2026-08-07T16:23:51Z</time>
      </trkpt>
      <trkpt lat="46.370357" lon="6.227622">
        <ele>390.6</ele>
        <time>2026-08-07T16:23:52Z</time>
      </trkpt>
      <trkpt lat="46.37036" lon="6.227625">
        <ele>390.6</ele>
        <time>2026-08-07T16:23:53Z</time>
      </trkpt>
      <trkpt lat="46.370367" lon="6.227625">
        <ele>390.6</ele>
        <time>2026-08-07T16:23:54Z</time>
      </trkpt>
      <trkpt lat="46.370367" lon="6.227624">
        <ele>390.6</ele>
        <time>2026-08-07T16:23:55Z</time>
      </trkpt>
      <trkpt lat="46.370369" lon="6.227622">
        <ele>390.6</ele>
        <time>2026-08-07T16:23:56Z</time>
      </trkpt>
      <trkpt lat="46.370369" lon="6.227622">
        <ele>390.6</ele>
        <time>2026-08-07T16:23:57Z</time>
      </trkpt>
      <trkpt lat="46.370369" lon="6.227622">
        <ele>390.6</ele>
        <time>2026-08-07T16:23:58Z</time>
      </trkpt>
      <trkpt lat="46.370368" lon="6.227622">
        <ele>390.6</ele>
        <time>2026-08-07T16:23:59Z</time>
      </trkpt>
      <trkpt lat="46.370368" lon="6.227622">
        <ele>390.6</ele>
        <time>2026-08-07T16:24:00Z</time>
      </trkpt>
      <trkpt lat="46.370368" lon="6.227622">
        <ele>390.6</ele>
        <time>2026-08-07T16:24:01Z</time>
      </trkpt>
      <trkpt lat="46.370368" lon="6.227624">
        <ele>390.6</ele>
        <time>2026-08-07T16:24:02Z</time>
      </trkpt>
      <trkpt lat="46.370373" lon="6.227629">
        <ele>390.6</ele>
        <time>2026-08-07T16:24:03Z</time>
      </trkpt>
      <trkpt lat="46.370372" lon="6.22763">
        <ele>390.6</ele>
        <time>2026-08-07T16:24:04Z</time>
      </trkpt>
      <trkpt lat="46.370369" lon="6.227628">
        <ele>390.6</ele>
        <time>2026-08-07T16:24:05Z</time>
      </trkpt>
      <trkpt lat="46.370369" lon="6.227627">
        <ele>390.6</ele>
        <time>2026-08-07T16:24:06Z</time>
      </trkpt>
      <trkpt lat="46.370367" lon="6.227625">
        <ele>390.6</ele>
        <time>2026-08-07T16:24:07Z</time>
      </trkpt>
      <trkpt lat="46.37037" lon="6.227623">
        <ele>390.6</ele>
        <time>2026-08-07T16:24:08Z</time>
      </trkpt>
      <trkpt lat="46.370369" lon="6.227622">
        <ele>390.6</ele>
        <time>2026-08-07T16:24:09Z</time>
      </trkpt>
      <trkpt lat="46.370369" lon="6.227621">
        <ele>390.6</ele>
        <time>2026-08-07T16:24:10Z</time>
      </trkpt>
      <trkpt lat="46.37037" lon="6.227622">
        <ele>390.6</ele>
        <time>2026-08-07T16:24:11Z</time>
      </trkpt>
      <trkpt lat="46.37037" lon="6.227622">
        <ele>390.6</ele>
        <time>2026-08-07T16:24:12Z</time>
      </trkpt>
      <trkpt lat="46.37037" lon="6.227621">
        <ele>390.6</ele>
        <time>2026-08-07T16:24:13Z</time>
      </trkpt>
      <trkpt lat="46.37037" lon="6.227621">
        <ele>390.6</ele>
        <time>2026-08-07T16:24:14Z</time>
      </trkpt>
      <trkpt lat="46.370368" lon="6.227624">
        <ele>390.6</ele>
        <time>2026-08-07T16:24:15Z</time>
      </trkpt>
      <trkpt lat="46.370368" lon="6.227625">
        <ele>390.6</ele>
        <time>2026-08-07T16:24:16Z</time>
      </trkpt>
      <trkpt lat="46.370368" lon="6.227625">
        <ele>390.6</ele>
        <time>2026-08-07T16:24:17Z</time>
      </trkpt>
      <trkpt lat="46.370367" lon="6.227624">
        <ele>390.6</ele>
        <time>2026-08-07T16:24:18Z</time>
      </trkpt>
      <trkpt lat="46.370365" lon="6.227625">
        <ele>390.6</ele>
        <time>2026-08-07T16:24:19Z</time>
      </trkpt>
      <trkpt lat="46.370365" lon="6.227627">
        <ele>390.6</ele>
        <time>2026-08-07T16:24:20Z</time>
      </trkpt>
      <trkpt lat="46.370365" lon="6.227627">
        <ele>390.6</ele>
        <time>2026-08-07T16:24:21Z</time>
      </trkpt>
      <trkpt lat="46.370366" lon="6.227629">
        <ele>390.6</ele>
        <time>2026-08-07T16:24:22Z</time>
      </trkpt>
      <trkpt lat="46.370366" lon="6.227629">
        <ele>390.6</ele>
        <time>2026-08-07T16:24:23Z</time>
      </trkpt>
      <trkpt lat="46.370366" lon="6.227629">
        <ele>390.6</ele>
        <time>2026-08-07T16:24:24Z</time>
      </trkpt>
      <trkpt lat="46.370366" lon="6.227629">
        <ele>390.6</ele>
        <time>2026-08-07T16:24:25Z</time>
      </trkpt>
      <trkpt lat="46.370369" lon="6.227631">
        <ele>390.6</ele>
        <time>2026-08-07T16:24:26Z</time>
      </trkpt>
      <trkpt lat="46.370372" lon="6.227632">
        <ele>390.6</ele>
        <time>2026-08-07T16:24:27Z</time>
      </trkpt>
      <trkpt lat="46.370372" lon="6.227633">
        <ele>390.6</ele>
        <time>2026-08-07T16:24:28Z</time>
      </trkpt>
      <trkpt lat="46.370371" lon="6.227633">
        <ele>390.6</ele>
        <time>2026-08-07T16:24:29Z</time>
      </trkpt>
      <trkpt lat="46.370371" lon="6.227632">
        <ele>390.6</ele>
        <time>2026-08-07T16:24:30Z</time>
      </trkpt>
      <trkpt lat="46.370368" lon="6.227633">
        <ele>390.6</ele>
        <time>2026-08-07T16:24:31Z</time>
      </trkpt>
      <trkpt lat="46.370373" lon="6.22763">
        <ele>390.6</ele>
        <time>2026-08-07T16:24:32Z</time>
      </trkpt>
      <trkpt lat="46.370374" lon="6.22763">
        <ele>390.6</ele>
        <time>2026-08-07T16:24:33Z</time>
      </trkpt>
      <trkpt lat="46.370376" lon="6.227629">
        <ele>390.6</ele>
        <time>2026-08-07T16:24:34Z</time>
      </trkpt>
      <trkpt lat="46.370378" lon="6.227628">
        <ele>390.6</ele>
        <time>2026-08-07T16:24:35Z</time>
      </trkpt>
      <trkpt lat="46.370378" lon="6.227628">
        <ele>390.6</ele>
        <time>2026-08-07T16:24:36Z</time>
      </trkpt>
      <trkpt lat="46.370378" lon="6.227628">
        <ele>390.6</ele>
        <time>2026-08-07T16:24:37Z</time>
      </trkpt>
      <trkpt lat="46.370378" lon="6.227628">
        <ele>390.6</ele>
        <time>2026-08-07T16:24:38Z</time>
      </trkpt>
      <trkpt lat="46.370377" lon="6.227631">
        <ele>390.6</ele>
        <time>2026-08-07T16:24:39Z</time>
      </trkpt>
      <trkpt lat="46.370375" lon="6.227632">
        <ele>390.6</ele>
        <time>2026-08-07T16:24:40Z</time>
      </trkpt>
      <trkpt lat="46.370375" lon="6.227632">
        <ele>390.6</ele>
        <time>2026-08-07T16:24:41Z</time>
      </trkpt>
      <trkpt lat="46.370374" lon="6.227632">
        <ele>390.6</ele>
        <time>2026-08-07T16:24:42Z</time>
      </trkpt>
      <trkpt lat="46.370372" lon="6.227632">
        <ele>390.6</ele>
        <time>2026-08-07T16:24:43Z</time>
      </trkpt>
      <trkpt lat="46.37037" lon="6.227631">
        <ele>390.6</ele>
        <time>2026-08-07T16:24:44Z</time>
      </trkpt>
      <trkpt lat="46.370372" lon="6.227632">
        <ele>390.6</ele>
        <time>2026-08-07T16:24:45Z</time>
      </trkpt>
      <trkpt lat="46.370369" lon="6.227631">
        <ele>390.6</ele>
        <time>2026-08-07T16:24:46Z</time>
      </trkpt>
      <trkpt lat="46.370373" lon="6.227632">
        <ele>390.6</ele>
        <time>2026-08-07T16:24:47Z</time>
      </trkpt>
      <trkpt lat="46.370374" lon="6.227632">
        <ele>390.6</ele>
        <time>2026-08-07T16:24:48Z</time>
      </trkpt>
      <trkpt lat="46.370381" lon="6.227634">
        <ele>390.6</ele>
        <time>2026-08-07T16:24:49Z</time>
      </trkpt>
      <trkpt lat="46.370376" lon="6.227631">
        <ele>390.6</ele>
        <time>2026-08-07T16:24:50Z</time>
      </trkpt>
      <trkpt lat="46.370383" lon="6.227635">
        <ele>390.6</ele>
        <time>2026-08-07T16:24:51Z</time>
      </trkpt>
      <trkpt lat="46.370389" lon="6.227629">
        <ele>390.6</ele>
        <time>2026-08-07T16:24:52Z</time>
      </trkpt>
      <trkpt lat="46.370389" lon="6.227629">
        <ele>390.6</ele>
        <time>2026-08-07T16:24:53Z</time>
      </trkpt>
      <trkpt lat="46.37039" lon="6.22763">
        <ele>390.6</ele>
        <time>2026-08-07T16:24:54Z</time>
      </trkpt>
      <trkpt lat="46.370395" lon="6.227633">
        <ele>390.6</ele>
        <time>2026-08-07T16:24:55Z</time>
      </trkpt>
      <trkpt lat="46.370398" lon="6.227634">
        <ele>390.6</ele>
        <time>2026-08-07T16:24:56Z</time>
      </trkpt>
      <trkpt lat="46.370396" lon="6.227631">
        <ele>390.6</ele>
        <time>2026-08-07T16:24:57Z</time>
      </trkpt>
      <trkpt lat="46.370398" lon="6.227629">
        <ele>390.6</ele>
        <time>2026-08-07T16:24:58Z</time>
      </trkpt>
      <trkpt lat="46.370401" lon="6.227628">
        <ele>390.6</ele>
        <time>2026-08-07T16:24:59Z</time>
      </trkpt>
      <trkpt lat="46.370399" lon="6.227628">
        <ele>390.6</ele>
        <time>2026-08-07T16:25:00Z</time>
      </trkpt>
      <trkpt lat="46.3704" lon="6.227627">
        <ele>390.6</ele>
        <time>2026-08-07T16:25:01Z</time>
      </trkpt>
      <trkpt lat="46.370397" lon="6.227621">
        <ele>390.6</ele>
        <time>2026-08-07T16:25:02Z</time>
      </trkpt>
      <trkpt lat="46.370401" lon="6.227623">
        <ele>390.6</ele>
        <time>2026-08-07T16:25:03Z</time>
      </trkpt>
      <trkpt lat="46.370401" lon="6.227623">
        <ele>390.6</ele>
        <time>2026-08-07T16:25:04Z</time>
      </trkpt>
      <trkpt lat="46.370401" lon="6.227623">
        <ele>390.6</ele>
        <time>2026-08-07T16:25:05Z</time>
      </trkpt>
      <trkpt lat="46.370401" lon="6.227623">
        <ele>390.6</ele>
        <time>2026-08-07T16:25:06Z</time>
      </trkpt>
      <trkpt lat="46.370401" lon="6.227623">
        <ele>390.6</ele>
        <time>2026-08-07T16:25:07Z</time>
      </trkpt>
      <trkpt lat="46.370401" lon="6.227623">
        <ele>390.6</ele>
        <time>2026-08-07T16:25:08Z</time>
      </trkpt>
      <trkpt lat="46.37041" lon="6.227627">
        <ele>390.6</ele>
        <time>2026-08-07T16:25:09Z</time>
      </trkpt>
      <trkpt lat="46.37041" lon="6.227627">
        <ele>390.6</ele>
        <time>2026-08-07T16:25:10Z</time>
      </trkpt>
      <trkpt lat="46.37041" lon="6.227627">
        <ele>390.6</ele>
        <time>2026-08-07T16:25:11Z</time>
      </trkpt>
      <trkpt lat="46.37041" lon="6.227627">
        <ele>390.6</ele>
        <time>2026-08-07T16:25:12Z</time>
      </trkpt>
      <trkpt lat="46.37041" lon="6.227627">
        <ele>390.6</ele>
        <time>2026-08-07T16:25:13Z</time>
      </trkpt>
      <trkpt lat="46.370414" lon="6.227631">
        <ele>390.6</ele>
        <time>2026-08-07T16:25:14Z</time>
      </trkpt>
      <trkpt lat="46.370413" lon="6.227632">
        <ele>390.6</ele>
        <time>2026-08-07T16:25:15Z</time>
      </trkpt>
      <trkpt lat="46.370416" lon="6.227632">
        <ele>390.6</ele>
        <time>2026-08-07T16:25:16Z</time>
      </trkpt>
      <trkpt lat="46.370416" lon="6.227629">
        <ele>390.6</ele>
        <time>2026-08-07T16:25:17Z</time>
      </trkpt>
      <trkpt lat="46.370409" lon="6.227632">
        <ele>390.6</ele>
        <time>2026-08-07T16:25:18Z</time>
      </trkpt>
      <trkpt lat="46.370407" lon="6.227627">
        <ele>390.6</ele>
        <time>2026-08-07T16:25:19Z</time>
      </trkpt>
      <trkpt lat="46.370403" lon="6.227627">
        <ele>390.6</ele>
        <time>2026-08-07T16:25:20Z</time>
      </trkpt>
      <trkpt lat="46.370398" lon="6.227627">
        <ele>390.6</ele>
        <time>2026-08-07T16:25:21Z</time>
      </trkpt>
      <trkpt lat="46.370396" lon="6.227625">
        <ele>390.6</ele>
        <time>2026-08-07T16:25:22Z</time>
      </trkpt>
      <trkpt lat="46.370395" lon="6.227625">
        <ele>390.6</ele>
        <time>2026-08-07T16:25:23Z</time>
      </trkpt>
      <trkpt lat="46.370395" lon="6.227625">
        <ele>390.6</ele>
        <time>2026-08-07T16:25:24Z</time>
      </trkpt>
      <trkpt lat="46.370395" lon="6.227625">
        <ele>390.6</ele>
        <time>2026-08-07T16:25:25Z</time>
      </trkpt>
      <trkpt lat="46.370395" lon="6.227625">
        <ele>390.6</ele>
        <time>2026-08-07T16:25:26Z</time>
      </trkpt>
      <trkpt lat="46.370395" lon="6.227625">
        <ele>390.6</ele>
        <time>2026-08-07T16:25:27Z</time>
      </trkpt>
      <trkpt lat="46.370395" lon="6.227625">
        <ele>390.6</ele>
        <time>2026-08-07T16:25:28Z</time>
      </trkpt>
      <trkpt lat="46.370395" lon="6.227625">
        <ele>390.6</ele>
        <time>2026-08-07T16:25:29Z</time>
      </trkpt>
      <trkpt lat="46.370395" lon="6.227625">
        <ele>390.6</ele>
        <time>2026-08-07T16:25:30Z</time>
      </trkpt>
      <trkpt lat="46.370395" lon="6.227625">
        <ele>390.6</ele>
        <time>2026-08-07T16:25:31Z</time>
      </trkpt>
      <trkpt lat="46.370395" lon="6.227625">
        <ele>390.6</ele>
        <time>2026-08-07T16:25:32Z</time>
      </trkpt>
      <trkpt lat="46.370395" lon="6.227625">
        <ele>390.6</ele>
        <time>2026-08-07T16:25:33Z</time>
      </trkpt>
      <trkpt lat="46.370395" lon="6.227625">
        <ele>390.6</ele>
        <time>2026-08-07T16:25:34Z</time>
      </trkpt>
      <trkpt lat="46.370395" lon="6.227625">
        <ele>390.6</ele>
        <time>2026-08-07T16:25:35Z</time>
      </trkpt>
      <trkpt lat="46.370367" lon="6.227616">
        <ele>390.6</ele>
        <time>2026-08-07T16:25:36Z</time>
      </trkpt>
      <trkpt lat="46.370366" lon="6.227615">
        <ele>390.6</ele>
        <time>2026-08-07T16:25:37Z</time>
      </trkpt>
      <trkpt lat="46.370367" lon="6.227614">
        <ele>390.6</ele>
        <time>2026-08-07T16:25:38Z</time>
      </trkpt>
      <trkpt lat="46.370368" lon="6.227615">
        <ele>390.6</ele>
        <time>2026-08-07T16:25:39Z</time>
      </trkpt>
      <trkpt lat="46.370365" lon="6.227615">
        <ele>390.6</ele>
        <time>2026-08-07T16:25:40Z</time>
      </trkpt>
      <trkpt lat="46.370365" lon="6.227614">
        <ele>390.6</ele>
        <time>2026-08-07T16:25:41Z</time>
      </trkpt>
      <trkpt lat="46.370365" lon="6.227613">
        <ele>390.6</ele>
        <time>2026-08-07T16:25:42Z</time>
      </trkpt>
      <trkpt lat="46.370367" lon="6.227613">
        <ele>390.6</ele>
        <time>2026-08-07T16:25:43Z</time>
      </trkpt>
      <trkpt lat="46.37037" lon="6.227615">
        <ele>390.6</ele>
        <time>2026-08-07T16:25:44Z</time>
      </trkpt>
      <trkpt lat="46.370372" lon="6.227614">
        <ele>390.6</ele>
        <time>2026-08-07T16:25:45Z</time>
      </trkpt>
      <trkpt lat="46.370372" lon="6.227613">
        <ele>390.6</ele>
        <time>2026-08-07T16:25:46Z</time>
      </trkpt>
      <trkpt lat="46.370372" lon="6.227613">
        <ele>390.6</ele>
        <time>2026-08-07T16:25:47Z</time>
      </trkpt>
      <trkpt lat="46.370374" lon="6.227614">
        <ele>390.6</ele>
        <time>2026-08-07T16:25:48Z</time>
      </trkpt>
      <trkpt lat="46.370372" lon="6.227614">
        <ele>390.6</ele>
        <time>2026-08-07T16:25:49Z</time>
      </trkpt>
      <trkpt lat="46.370371" lon="6.22761">
        <ele>390.6</ele>
        <time>2026-08-07T16:25:50Z</time>
      </trkpt>
      <trkpt lat="46.370371" lon="6.227613">
        <ele>390.6</ele>
        <time>2026-08-07T16:25:51Z</time>
      </trkpt>
      <trkpt lat="46.370371" lon="6.227614">
        <ele>390.6</ele>
        <time>2026-08-07T16:25:52Z</time>
      </trkpt>
      <trkpt lat="46.370373" lon="6.227614">
        <ele>390.6</ele>
        <time>2026-08-07T16:25:53Z</time>
      </trkpt>
      <trkpt lat="46.370372" lon="6.227614">
        <ele>390.6</ele>
        <time>2026-08-07T16:25:54Z</time>
      </trkpt>
      <trkpt lat="46.370372" lon="6.227614">
        <ele>390.6</ele>
        <time>2026-08-07T16:25:55Z</time>
      </trkpt>
      <trkpt lat="46.370372" lon="6.227615">
        <ele>390.6</ele>
        <time>2026-08-07T16:25:56Z</time>
      </trkpt>
      <trkpt lat="46.370372" lon="6.227613">
        <ele>390.6</ele>
        <time>2026-08-07T16:25:57Z</time>
      </trkpt>
      <trkpt lat="46.370372" lon="6.227615">
        <ele>390.6</ele>
        <time>2026-08-07T16:25:58Z</time>
      </trkpt>
      <trkpt lat="46.370371" lon="6.227614">
        <ele>390.6</ele>
        <time>2026-08-07T16:25:59Z</time>
      </trkpt>
      <trkpt lat="46.370371" lon="6.227614">
        <ele>390.6</ele>
        <time>2026-08-07T16:26:00Z</time>
      </trkpt>
      <trkpt lat="46.370371" lon="6.227614">
        <ele>390.6</ele>
        <time>2026-08-07T16:26:01Z</time>
      </trkpt>
      <trkpt lat="46.370371" lon="6.227614">
        <ele>390.6</ele>
        <time>2026-08-07T16:26:02Z</time>
      </trkpt>
      <trkpt lat="46.370371" lon="6.227614">
        <ele>390.6</ele>
        <time>2026-08-07T16:26:03Z</time>
      </trkpt>
      <trkpt lat="46.37037" lon="6.227616">
        <ele>390.6</ele>
        <time>2026-08-07T16:26:04Z</time>
      </trkpt>
      <trkpt lat="46.370369" lon="6.227613">
        <ele>390.6</ele>
        <time>2026-08-07T16:26:05Z</time>
      </trkpt>
      <trkpt lat="46.370369" lon="6.22761">
        <ele>390.6</ele>
        <time>2026-08-07T16:26:06Z</time>
      </trkpt>
      <trkpt lat="46.370368" lon="6.227609">
        <ele>390.6</ele>
        <time>2026-08-07T16:26:07Z</time>
      </trkpt>
      <trkpt lat="46.370367" lon="6.22761">
        <ele>390.6</ele>
        <time>2026-08-07T16:26:08Z</time>
      </trkpt>
      <trkpt lat="46.370367" lon="6.227614">
        <ele>390.6</ele>
        <time>2026-08-07T16:26:09Z</time>
      </trkpt>
      <trkpt lat="46.370367" lon="6.227614">
        <ele>390.6</ele>
        <time>2026-08-07T16:26:10Z</time>
      </trkpt>
      <trkpt lat="46.370369" lon="6.22761">
        <ele>390.6</ele>
        <time>2026-08-07T16:26:11Z</time>
      </trkpt>
      <trkpt lat="46.370374" lon="6.227615">
        <ele>390.6</ele>
        <time>2026-08-07T16:26:12Z</time>
      </trkpt>
      <trkpt lat="46.370378" lon="6.227616">
        <ele>390.6</ele>
        <time>2026-08-07T16:26:13Z</time>
      </trkpt>
      <trkpt lat="46.370376" lon="6.227615">
        <ele>390.6</ele>
        <time>2026-08-07T16:26:14Z</time>
      </trkpt>
      <trkpt lat="46.370374" lon="6.227618">
        <ele>390.6</ele>
        <time>2026-08-07T16:26:15Z</time>
      </trkpt>
      <trkpt lat="46.370376" lon="6.227622">
        <ele>390.6</ele>
        <time>2026-08-07T16:26:16Z</time>
      </trkpt>
      <trkpt lat="46.370375" lon="6.227624">
        <ele>390.6</ele>
        <time>2026-08-07T16:26:17Z</time>
      </trkpt>
      <trkpt lat="46.370371" lon="6.227626">
        <ele>390.6</ele>
        <time>2026-08-07T16:26:18Z</time>
      </trkpt>
      <trkpt lat="46.370369" lon="6.227627">
        <ele>390.6</ele>
        <time>2026-08-07T16:26:19Z</time>
      </trkpt>
      <trkpt lat="46.370369" lon="6.227627">
        <ele>390.6</ele>
        <time>2026-08-07T16:26:20Z</time>
      </trkpt>
      <trkpt lat="46.370368" lon="6.227628">
        <ele>390.6</ele>
        <time>2026-08-07T16:26:21Z</time>
      </trkpt>
      <trkpt lat="46.370368" lon="6.227625">
        <ele>390.6</ele>
        <time>2026-08-07T16:26:22Z</time>
      </trkpt>
      <trkpt lat="46.370369" lon="6.227626">
        <ele>390.6</ele>
        <time>2026-08-07T16:26:23Z</time>
      </trkpt>
      <trkpt lat="46.370373" lon="6.227631">
        <ele>390.6</ele>
        <time>2026-08-07T16:26:24Z</time>
      </trkpt>
      <trkpt lat="46.370379" lon="6.227642">
        <ele>390.6</ele>
        <time>2026-08-07T16:26:25Z</time>
      </trkpt>
      <trkpt lat="46.370392" lon="6.227652">
        <ele>390.6</ele>
        <time>2026-08-07T16:26:26Z</time>
      </trkpt>
      <trkpt lat="46.370399" lon="6.227663">
        <ele>390.6</ele>
        <time>2026-08-07T16:26:27Z</time>
      </trkpt>
      <trkpt lat="46.370404" lon="6.227668">
        <ele>390.6</ele>
        <time>2026-08-07T16:26:28Z</time>
      </trkpt>
      <trkpt lat="46.370416" lon="6.227675">
        <ele>390.6</ele>
        <time>2026-08-07T16:26:29Z</time>
      </trkpt>
      <trkpt lat="46.370431" lon="6.227687">
        <ele>390.6</ele>
        <time>2026-08-07T16:26:30Z</time>
      </trkpt>
      <trkpt lat="46.370441" lon="6.227701">
        <ele>390.6</ele>
        <time>2026-08-07T16:26:31Z</time>
      </trkpt>
      <trkpt lat="46.370447" lon="6.227717">
        <ele>390.6</ele>
        <time>2026-08-07T16:26:32Z</time>
      </trkpt>
      <trkpt lat="46.370453" lon="6.227734">
        <ele>390.6</ele>
        <time>2026-08-07T16:26:33Z</time>
      </trkpt>
      <trkpt lat="46.370465" lon="6.227751">
        <ele>390.6</ele>
        <time>2026-08-07T16:26:34Z</time>
      </trkpt>
      <trkpt lat="46.370471" lon="6.227766">
        <ele>390.6</ele>
        <time>2026-08-07T16:26:35Z</time>
      </trkpt>
      <trkpt lat="46.370473" lon="6.227781">
        <ele>390.6</ele>
        <time>2026-08-07T16:26:36Z</time>
      </trkpt>
      <trkpt lat="46.370473" lon="6.227798">
        <ele>390.6</ele>
        <time>2026-08-07T16:26:37Z</time>
      </trkpt>
      <trkpt lat="46.370475" lon="6.227816">
        <ele>390.6</ele>
        <time>2026-08-07T16:26:38Z</time>
      </trkpt>
      <trkpt lat="46.370482" lon="6.227838">
        <ele>390.6</ele>
        <time>2026-08-07T16:26:39Z</time>
      </trkpt>
      <trkpt lat="46.370496" lon="6.227856">
        <ele>390.6</ele>
        <time>2026-08-07T16:26:40Z</time>
      </trkpt>
      <trkpt lat="46.370513" lon="6.227872">
        <ele>390.6</ele>
        <time>2026-08-07T16:26:41Z</time>
      </trkpt>
      <trkpt lat="46.37052" lon="6.227892">
        <ele>390.6</ele>
        <time>2026-08-07T16:26:42Z</time>
      </trkpt>
      <trkpt lat="46.370526" lon="6.227904">
        <ele>390.6</ele>
        <time>2026-08-07T16:26:43Z</time>
      </trkpt>
      <trkpt lat="46.370536" lon="6.227901">
        <ele>390.6</ele>
        <time>2026-08-07T16:26:44Z</time>
      </trkpt>
      <trkpt lat="46.370547" lon="6.227883">
        <ele>390.6</ele>
        <time>2026-08-07T16:26:45Z</time>
      </trkpt>
      <trkpt lat="46.370564" lon="6.227856">
        <ele>390.6</ele>
        <time>2026-08-07T16:26:46Z</time>
      </trkpt>
      <trkpt lat="46.370576" lon="6.227832">
        <ele>390.6</ele>
        <time>2026-08-07T16:26:47Z</time>
      </trkpt>
      <trkpt lat="46.37059" lon="6.227809">
        <ele>390.6</ele>
        <time>2026-08-07T16:26:48Z</time>
      </trkpt>
      <trkpt lat="46.370601" lon="6.227788">
        <ele>390.6</ele>
        <time>2026-08-07T16:26:49Z</time>
      </trkpt>
      <trkpt lat="46.370624" lon="6.227772">
        <ele>390.6</ele>
        <time>2026-08-07T16:26:50Z</time>
      </trkpt>
      <trkpt lat="46.370648" lon="6.227779">
        <ele>390.7</ele>
        <time>2026-08-07T16:26:51Z</time>
      </trkpt>
      <trkpt lat="46.370672" lon="6.227795">
        <ele>390.7</ele>
        <time>2026-08-07T16:26:52Z</time>
      </trkpt>
      <trkpt lat="46.370695" lon="6.227804">
        <ele>390.8</ele>
        <time>2026-08-07T16:26:53Z</time>
      </trkpt>
      <trkpt lat="46.370716" lon="6.227813">
        <ele>390.8</ele>
        <time>2026-08-07T16:26:54Z</time>
      </trkpt>
      <trkpt lat="46.370731" lon="6.227819">
        <ele>390.8</ele>
        <time>2026-08-07T16:26:55Z</time>
      </trkpt>
      <trkpt lat="46.370743" lon="6.227838">
        <ele>390.9</ele>
        <time>2026-08-07T16:26:56Z</time>
      </trkpt>
      <trkpt lat="46.370744" lon="6.22787">
        <ele>390.9</ele>
        <time>2026-08-07T16:26:57Z</time>
      </trkpt>
      <trkpt lat="46.370735" lon="6.227904">
        <ele>391.0</ele>
        <time>2026-08-07T16:26:58Z</time>
      </trkpt>
      <trkpt lat="46.370725" lon="6.227936">
        <ele>391.0</ele>
        <time>2026-08-07T16:26:59Z</time>
      </trkpt>
      <trkpt lat="46.370728" lon="6.227964">
        <ele>391.0</ele>
        <time>2026-08-07T16:27:00Z</time>
      </trkpt>
      <trkpt lat="46.370743" lon="6.22799">
        <ele>391.1</ele>
        <time>2026-08-07T16:27:01Z</time>
      </trkpt>
      <trkpt lat="46.370755" lon="6.228025">
        <ele>391.1</ele>
        <time>2026-08-07T16:27:02Z</time>
      </trkpt>
      <trkpt lat="46.370763" lon="6.228063">
        <ele>391.2</ele>
        <time>2026-08-07T16:27:03Z</time>
      </trkpt>
      <trkpt lat="46.370761" lon="6.228101">
        <ele>391.2</ele>
        <time>2026-08-07T16:27:04Z</time>
      </trkpt>
      <trkpt lat="46.370756" lon="6.228146">
        <ele>391.3</ele>
        <time>2026-08-07T16:27:05Z</time>
      </trkpt>
      <trkpt lat="46.370751" lon="6.228191">
        <ele>391.4</ele>
        <time>2026-08-07T16:27:06Z</time>
      </trkpt>
      <trkpt lat="46.370746" lon="6.228228">
        <ele>391.4</ele>
        <time>2026-08-07T16:27:07Z</time>
      </trkpt>
      <trkpt lat="46.370748" lon="6.228268">
        <ele>391.5</ele>
        <time>2026-08-07T16:27:08Z</time>
      </trkpt>
      <trkpt lat="46.370743" lon="6.228321">
        <ele>391.7</ele>
        <time>2026-08-07T16:27:09Z</time>
      </trkpt>
      <trkpt lat="46.370736" lon="6.228363">
        <ele>391.8</ele>
        <time>2026-08-07T16:27:10Z</time>
      </trkpt>
      <trkpt lat="46.370727" lon="6.228407">
        <ele>391.9</ele>
        <time>2026-08-07T16:27:11Z</time>
      </trkpt>
      <trkpt lat="46.37072" lon="6.228452">
        <ele>392.0</ele>
        <time>2026-08-07T16:27:12Z</time>
      </trkpt>
      <trkpt lat="46.370715" lon="6.228495">
        <ele>392.1</ele>
        <time>2026-08-07T16:27:13Z</time>
      </trkpt>
      <trkpt lat="46.370714" lon="6.228541">
        <ele>392.2</ele>
        <time>2026-08-07T16:27:14Z</time>
      </trkpt>
      <trkpt lat="46.370708" lon="6.228588">
        <ele>392.4</ele>
        <time>2026-08-07T16:27:15Z</time>
      </trkpt>
      <trkpt lat="46.370705" lon="6.228634">
        <ele>392.5</ele>
        <time>2026-08-07T16:27:16Z</time>
      </trkpt>
      <trkpt lat="46.3707" lon="6.228681">
        <ele>392.7</ele>
        <time>2026-08-07T16:27:17Z</time>
      </trkpt>
      <trkpt lat="46.370697" lon="6.228724">
        <ele>392.8</ele>
        <time>2026-08-07T16:27:18Z</time>
      </trkpt>
      <trkpt lat="46.370696" lon="6.228764">
        <ele>393.0</ele>
        <time>2026-08-07T16:27:19Z</time>
      </trkpt>
      <trkpt lat="46.370701" lon="6.228803">
        <ele>393.3</ele>
        <time>2026-08-07T16:27:20Z</time>
      </trkpt>
      <trkpt lat="46.370696" lon="6.228843">
        <ele>393.6</ele>
        <time>2026-08-07T16:27:21Z</time>
      </trkpt>
      <trkpt lat="46.370695" lon="6.228877">
        <ele>393.9</ele>
        <time>2026-08-07T16:27:22Z</time>
      </trkpt>
      <trkpt lat="46.370696" lon="6.228907">
        <ele>394.1</ele>
        <time>2026-08-07T16:27:23Z</time>
      </trkpt>
      <trkpt lat="46.370702" lon="6.228937">
        <ele>394.2</ele>
        <time>2026-08-07T16:27:24Z</time>
      </trkpt>
      <trkpt lat="46.370722" lon="6.228967">
        <ele>394.2</ele>
        <time>2026-08-07T16:27:25Z</time>
      </trkpt>
      <trkpt lat="46.370745" lon="6.229002">
        <ele>394.3</ele>
        <time>2026-08-07T16:27:26Z</time>
      </trkpt>
      <trkpt lat="46.370767" lon="6.229044">
        <ele>394.3</ele>
        <time>2026-08-07T16:27:27Z</time>
      </trkpt>
      <trkpt lat="46.37079" lon="6.229081">
        <ele>394.4</ele>
        <time>2026-08-07T16:27:28Z</time>
      </trkpt>
      <trkpt lat="46.370813" lon="6.229121">
        <ele>394.4</ele>
        <time>2026-08-07T16:27:29Z</time>
      </trkpt>
      <trkpt lat="46.370837" lon="6.229161">
        <ele>394.5</ele>
        <time>2026-08-07T16:27:30Z</time>
      </trkpt>
      <trkpt lat="46.370863" lon="6.229202">
        <ele>394.6</ele>
        <time>2026-08-07T16:27:31Z</time>
      </trkpt>
      <trkpt lat="46.370886" lon="6.229248">
        <ele>394.6</ele>
        <time>2026-08-07T16:27:32Z</time>
      </trkpt>
      <trkpt lat="46.370911" lon="6.229291">
        <ele>394.7</ele>
        <time>2026-08-07T16:27:33Z</time>
      </trkpt>
      <trkpt lat="46.37094" lon="6.229333">
        <ele>394.8</ele>
        <time>2026-08-07T16:27:34Z</time>
      </trkpt>
      <trkpt lat="46.370968" lon="6.229379">
        <ele>394.8</ele>
        <time>2026-08-07T16:27:35Z</time>
      </trkpt>
      <trkpt lat="46.370995" lon="6.22942">
        <ele>394.9</ele>
        <time>2026-08-07T16:27:36Z</time>
      </trkpt>
      <trkpt lat="46.37102" lon="6.229465">
        <ele>394.9</ele>
        <time>2026-08-07T16:27:37Z</time>
      </trkpt>
      <trkpt lat="46.371047" lon="6.22951">
        <ele>395.0</ele>
        <time>2026-08-07T16:27:38Z</time>
      </trkpt>
      <trkpt lat="46.371073" lon="6.229554">
        <ele>395.0</ele>
        <time>2026-08-07T16:27:39Z</time>
      </trkpt>
      <trkpt lat="46.371101" lon="6.229597">
        <ele>395.1</ele>
        <time>2026-08-07T16:27:40Z</time>
      </trkpt>
      <trkpt lat="46.371125" lon="6.229643">
        <ele>395.1</ele>
        <time>2026-08-07T16:27:41Z</time>
      </trkpt>
      <trkpt lat="46.371152" lon="6.229688">
        <ele>395.2</ele>
        <time>2026-08-07T16:27:42Z</time>
      </trkpt>
      <trkpt lat="46.371182" lon="6.229731">
        <ele>395.2</ele>
        <time>2026-08-07T16:27:43Z</time>
      </trkpt>
      <trkpt lat="46.371212" lon="6.229774">
        <ele>395.2</ele>
        <time>2026-08-07T16:27:44Z</time>
      </trkpt>
      <trkpt lat="46.371242" lon="6.229816">
        <ele>395.3</ele>
        <time>2026-08-07T16:27:45Z</time>
      </trkpt>
      <trkpt lat="46.37127" lon="6.229864">
        <ele>395.3</ele>
        <time>2026-08-07T16:27:46Z</time>
      </trkpt>
      <trkpt lat="46.371302" lon="6.229905">
        <ele>395.3</ele>
        <time>2026-08-07T16:27:47Z</time>
      </trkpt>
      <trkpt lat="46.37133" lon="6.229952">
        <ele>395.3</ele>
        <time>2026-08-07T16:27:48Z</time>
      </trkpt>
      <trkpt lat="46.371362" lon="6.229996">
        <ele>395.3</ele>
        <time>2026-08-07T16:27:49Z</time>
      </trkpt>
      <trkpt lat="46.371395" lon="6.230037">
        <ele>395.3</ele>
        <time>2026-08-07T16:27:50Z</time>
      </trkpt>
      <trkpt lat="46.371427" lon="6.230079">
        <ele>395.3</ele>
        <time>2026-08-07T16:27:51Z</time>
      </trkpt>
      <trkpt lat="46.371455" lon="6.230113">
        <ele>395.3</ele>
        <time>2026-08-07T16:27:52Z</time>
      </trkpt>
      <trkpt lat="46.371492" lon="6.23015">
        <ele>395.3</ele>
        <time>2026-08-07T16:27:53Z</time>
      </trkpt>
      <trkpt lat="46.371525" lon="6.230193">
        <ele>395.3</ele>
        <time>2026-08-07T16:27:54Z</time>
      </trkpt>
      <trkpt lat="46.371557" lon="6.230236">
        <ele>395.3</ele>
        <time>2026-08-07T16:27:55Z</time>
      </trkpt>
      <trkpt lat="46.371581" lon="6.230291">
        <ele>395.2</ele>
        <time>2026-08-07T16:27:56Z</time>
      </trkpt>
      <trkpt lat="46.371613" lon="6.230328">
        <ele>395.2</ele>
        <time>2026-08-07T16:27:57Z</time>
      </trkpt>
      <trkpt lat="46.371649" lon="6.230369">
        <ele>395.1</ele>
        <time>2026-08-07T16:27:58Z</time>
      </trkpt>
      <trkpt lat="46.371686" lon="6.230408">
        <ele>395.1</ele>
        <time>2026-08-07T16:27:59Z</time>
      </trkpt>
      <trkpt lat="46.371722" lon="6.230451">
        <ele>395.0</ele>
        <time>2026-08-07T16:28:00Z</time>
      </trkpt>
      <trkpt lat="46.371756" lon="6.230491">
        <ele>394.9</ele>
        <time>2026-08-07T16:28:01Z</time>
      </trkpt>
      <trkpt lat="46.371787" lon="6.230521">
        <ele>394.9</ele>
        <time>2026-08-07T16:28:02Z</time>
      </trkpt>
      <trkpt lat="46.371818" lon="6.230553">
        <ele>394.8</ele>
        <time>2026-08-07T16:28:03Z</time>
      </trkpt>
      <trkpt lat="46.371841" lon="6.230581">
        <ele>394.8</ele>
        <time>2026-08-07T16:28:04Z</time>
      </trkpt>
      <trkpt lat="46.371859" lon="6.230603">
        <ele>394.7</ele>
        <time>2026-08-07T16:28:05Z</time>
      </trkpt>
      <trkpt lat="46.371875" lon="6.230626">
        <ele>394.7</ele>
        <time>2026-08-07T16:28:06Z</time>
      </trkpt>
      <trkpt lat="46.371893" lon="6.230648">
        <ele>394.6</ele>
        <time>2026-08-07T16:28:07Z</time>
      </trkpt>
      <trkpt lat="46.371916" lon="6.230668">
        <ele>394.6</ele>
        <time>2026-08-07T16:28:08Z</time>
      </trkpt>
      <trkpt lat="46.371936" lon="6.230693">
        <ele>394.5</ele>
        <time>2026-08-07T16:28:09Z</time>
      </trkpt>
      <trkpt lat="46.371951" lon="6.230716">
        <ele>394.5</ele>
        <time>2026-08-07T16:28:10Z</time>
      </trkpt>
      <trkpt lat="46.371974" lon="6.230768">
        <ele>394.4</ele>
        <time>2026-08-07T16:28:11Z</time>
      </trkpt>
      <trkpt lat="46.372004" lon="6.230796">
        <ele>394.3</ele>
        <time>2026-08-07T16:28:12Z</time>
      </trkpt>
      <trkpt lat="46.372038" lon="6.23083">
        <ele>394.2</ele>
        <time>2026-08-07T16:28:13Z</time>
      </trkpt>
      <trkpt lat="46.372075" lon="6.230874">
        <ele>394.1</ele>
        <time>2026-08-07T16:28:14Z</time>
      </trkpt>
      <trkpt lat="46.372111" lon="6.230918">
        <ele>394.0</ele>
        <time>2026-08-07T16:28:15Z</time>
      </trkpt>
      <trkpt lat="46.372148" lon="6.230968">
        <ele>393.8</ele>
        <time>2026-08-07T16:28:16Z</time>
      </trkpt>
      <trkpt lat="46.372187" lon="6.231006">
        <ele>393.7</ele>
        <time>2026-08-07T16:28:17Z</time>
      </trkpt>
      <trkpt lat="46.372227" lon="6.231049">
        <ele>393.6</ele>
        <time>2026-08-07T16:28:18Z</time>
      </trkpt>
      <trkpt lat="46.372262" lon="6.231096">
        <ele>393.4</ele>
        <time>2026-08-07T16:28:19Z</time>
      </trkpt>
      <trkpt lat="46.372303" lon="6.231136">
        <ele>393.3</ele>
        <time>2026-08-07T16:28:20Z</time>
      </trkpt>
      <trkpt lat="46.372342" lon="6.23118">
        <ele>393.1</ele>
        <time>2026-08-07T16:28:21Z</time>
      </trkpt>
      <trkpt lat="46.372383" lon="6.231221">
        <ele>393.0</ele>
        <time>2026-08-07T16:28:22Z</time>
      </trkpt>
      <trkpt lat="46.372423" lon="6.231261">
        <ele>392.8</ele>
        <time>2026-08-07T16:28:23Z</time>
      </trkpt>
      <trkpt lat="46.372463" lon="6.231305">
        <ele>392.7</ele>
        <time>2026-08-07T16:28:24Z</time>
      </trkpt>
      <trkpt lat="46.372503" lon="6.231353">
        <ele>392.5</ele>
        <time>2026-08-07T16:28:25Z</time>
      </trkpt>
      <trkpt lat="46.372546" lon="6.231399">
        <ele>392.3</ele>
        <time>2026-08-07T16:28:26Z</time>
      </trkpt>
      <trkpt lat="46.372588" lon="6.231445">
        <ele>392.1</ele>
        <time>2026-08-07T16:28:27Z</time>
      </trkpt>
      <trkpt lat="46.37263" lon="6.231493">
        <ele>392.0</ele>
        <time>2026-08-07T16:28:28Z</time>
      </trkpt>
      <trkpt lat="46.372666" lon="6.231542">
        <ele>391.8</ele>
        <time>2026-08-07T16:28:29Z</time>
      </trkpt>
      <trkpt lat="46.372706" lon="6.231579">
        <ele>391.7</ele>
        <time>2026-08-07T16:28:30Z</time>
      </trkpt>
      <trkpt lat="46.372742" lon="6.231609">
        <ele>391.6</ele>
        <time>2026-08-07T16:28:31Z</time>
      </trkpt>
      <trkpt lat="46.372768" lon="6.231637">
        <ele>391.5</ele>
        <time>2026-08-07T16:28:32Z</time>
      </trkpt>
      <trkpt lat="46.37279" lon="6.231652">
        <ele>391.5</ele>
        <time>2026-08-07T16:28:33Z</time>
      </trkpt>
      <trkpt lat="46.37281" lon="6.231661">
        <ele>391.4</ele>
        <time>2026-08-07T16:28:34Z</time>
      </trkpt>
      <trkpt lat="46.372829" lon="6.231653">
        <ele>391.4</ele>
        <time>2026-08-07T16:28:35Z</time>
      </trkpt>
      <trkpt lat="46.372849" lon="6.231625">
        <ele>391.4</ele>
        <time>2026-08-07T16:28:36Z</time>
      </trkpt>
      <trkpt lat="46.372868" lon="6.231594">
        <ele>391.5</ele>
        <time>2026-08-07T16:28:37Z</time>
      </trkpt>
      <trkpt lat="46.372886" lon="6.231552">
        <ele>391.7</ele>
        <time>2026-08-07T16:28:38Z</time>
      </trkpt>
      <trkpt lat="46.372904" lon="6.231508">
        <ele>391.8</ele>
        <time>2026-08-07T16:28:39Z</time>
      </trkpt>
      <trkpt lat="46.37293" lon="6.23147">
        <ele>392.0</ele>
        <time>2026-08-07T16:28:40Z</time>
      </trkpt>
      <trkpt lat="46.372949" lon="6.231439">
        <ele>392.1</ele>
        <time>2026-08-07T16:28:41Z</time>
      </trkpt>
      <trkpt lat="46.37297" lon="6.231403">
        <ele>392.2</ele>
        <time>2026-08-07T16:28:42Z</time>
      </trkpt>
      <trkpt lat="46.372993" lon="6.231361">
        <ele>392.4</ele>
        <time>2026-08-07T16:28:43Z</time>
      </trkpt>
      <trkpt lat="46.373016" lon="6.231318">
        <ele>392.6</ele>
        <time>2026-08-07T16:28:44Z</time>
      </trkpt>
      <trkpt lat="46.373043" lon="6.231272">
        <ele>392.7</ele>
        <time>2026-08-07T16:28:45Z</time>
      </trkpt>
      <trkpt lat="46.373063" lon="6.231227">
        <ele>392.8</ele>
        <time>2026-08-07T16:28:46Z</time>
      </trkpt>
      <trkpt lat="46.373078" lon="6.231188">
        <ele>392.9</ele>
        <time>2026-08-07T16:28:47Z</time>
      </trkpt>
      <trkpt lat="46.373092" lon="6.231147">
        <ele>393.0</ele>
        <time>2026-08-07T16:28:48Z</time>
      </trkpt>
      <trkpt lat="46.373111" lon="6.231111">
        <ele>393.1</ele>
        <time>2026-08-07T16:28:49Z</time>
      </trkpt>
      <trkpt lat="46.373134" lon="6.231072">
        <ele>393.2</ele>
        <time>2026-08-07T16:28:50Z</time>
      </trkpt>
      <trkpt lat="46.373154" lon="6.231031">
        <ele>393.2</ele>
        <time>2026-08-07T16:28:51Z</time>
      </trkpt>
      <trkpt lat="46.373177" lon="6.230988">
        <ele>393.3</ele>
        <time>2026-08-07T16:28:52Z</time>
      </trkpt>
      <trkpt lat="46.373202" lon="6.230953">
        <ele>393.3</ele>
        <time>2026-08-07T16:28:53Z</time>
      </trkpt>
      <trkpt lat="46.373223" lon="6.230907">
        <ele>393.4</ele>
        <time>2026-08-07T16:28:54Z</time>
      </trkpt>
      <trkpt lat="46.373246" lon="6.230866">
        <ele>393.5</ele>
        <time>2026-08-07T16:28:55Z</time>
      </trkpt>
      <trkpt lat="46.373262" lon="6.230826">
        <ele>393.5</ele>
        <time>2026-08-07T16:28:56Z</time>
      </trkpt>
      <trkpt lat="46.373277" lon="6.230787">
        <ele>393.6</ele>
        <time>2026-08-07T16:28:57Z</time>
      </trkpt>
      <trkpt lat="46.373298" lon="6.230753">
        <ele>393.6</ele>
        <time>2026-08-07T16:28:58Z</time>
      </trkpt>
      <trkpt lat="46.373324" lon="6.230725">
        <ele>393.7</ele>
        <time>2026-08-07T16:28:59Z</time>
      </trkpt>
      <trkpt lat="46.373348" lon="6.230703">
        <ele>393.7</ele>
        <time>2026-08-07T16:29:00Z</time>
      </trkpt>
      <trkpt lat="46.373373" lon="6.230677">
        <ele>393.7</ele>
        <time>2026-08-07T16:29:01Z</time>
      </trkpt>
      <trkpt lat="46.373399" lon="6.230637">
        <ele>393.8</ele>
        <time>2026-08-07T16:29:02Z</time>
      </trkpt>
      <trkpt lat="46.373425" lon="6.230596">
        <ele>393.8</ele>
        <time>2026-08-07T16:29:03Z</time>
      </trkpt>
      <trkpt lat="46.373452" lon="6.230554">
        <ele>393.8</ele>
        <time>2026-08-07T16:29:04Z</time>
      </trkpt>
      <trkpt lat="46.373479" lon="6.230507">
        <ele>393.9</ele>
        <time>2026-08-07T16:29:05Z</time>
      </trkpt>
      <trkpt lat="46.373501" lon="6.230458">
        <ele>393.9</ele>
        <time>2026-08-07T16:29:06Z</time>
      </trkpt>
      <trkpt lat="46.373525" lon="6.230411">
        <ele>393.9</ele>
        <time>2026-08-07T16:29:07Z</time>
      </trkpt>
      <trkpt lat="46.373549" lon="6.230363">
        <ele>394.0</ele>
        <time>2026-08-07T16:29:08Z</time>
      </trkpt>
      <trkpt lat="46.37358" lon="6.230313">
        <ele>394.0</ele>
        <time>2026-08-07T16:29:09Z</time>
      </trkpt>
      <trkpt lat="46.37361" lon="6.230258">
        <ele>394.1</ele>
        <time>2026-08-07T16:29:10Z</time>
      </trkpt>
      <trkpt lat="46.373635" lon="6.230215">
        <ele>394.1</ele>
        <time>2026-08-07T16:29:11Z</time>
      </trkpt>
      <trkpt lat="46.373657" lon="6.230163">
        <ele>394.1</ele>
        <time>2026-08-07T16:29:12Z</time>
      </trkpt>
      <trkpt lat="46.373681" lon="6.230113">
        <ele>394.1</ele>
        <time>2026-08-07T16:29:13Z</time>
      </trkpt>
      <trkpt lat="46.373706" lon="6.230066">
        <ele>394.2</ele>
        <time>2026-08-07T16:29:14Z</time>
      </trkpt>
      <trkpt lat="46.373729" lon="6.230024">
        <ele>394.2</ele>
        <time>2026-08-07T16:29:15Z</time>
      </trkpt>
      <trkpt lat="46.373748" lon="6.229977">
        <ele>394.2</ele>
        <time>2026-08-07T16:29:16Z</time>
      </trkpt>
      <trkpt lat="46.373765" lon="6.229926">
        <ele>394.2</ele>
        <time>2026-08-07T16:29:17Z</time>
      </trkpt>
      <trkpt lat="46.373788" lon="6.229877">
        <ele>394.3</ele>
        <time>2026-08-07T16:29:18Z</time>
      </trkpt>
      <trkpt lat="46.37381" lon="6.229832">
        <ele>394.3</ele>
        <time>2026-08-07T16:29:19Z</time>
      </trkpt>
      <trkpt lat="46.373831" lon="6.229787">
        <ele>394.3</ele>
        <time>2026-08-07T16:29:20Z</time>
      </trkpt>
      <trkpt lat="46.373852" lon="6.229749">
        <ele>394.4</ele>
        <time>2026-08-07T16:29:21Z</time>
      </trkpt>
      <trkpt lat="46.373876" lon="6.229702">
        <ele>394.4</ele>
        <time>2026-08-07T16:29:22Z</time>
      </trkpt>
      <trkpt lat="46.373902" lon="6.229655">
        <ele>394.4</ele>
        <time>2026-08-07T16:29:23Z</time>
      </trkpt>
      <trkpt lat="46.373927" lon="6.229607">
        <ele>394.4</ele>
        <time>2026-08-07T16:29:24Z</time>
      </trkpt>
      <trkpt lat="46.373954" lon="6.229558">
        <ele>394.5</ele>
        <time>2026-08-07T16:29:25Z</time>
      </trkpt>
      <trkpt lat="46.37398" lon="6.229512">
        <ele>394.5</ele>
        <time>2026-08-07T16:29:26Z</time>
      </trkpt>
      <trkpt lat="46.374006" lon="6.229467">
        <ele>394.6</ele>
        <time>2026-08-07T16:29:27Z</time>
      </trkpt>
      <trkpt lat="46.374043" lon="6.229443">
        <ele>394.6</ele>
        <time>2026-08-07T16:29:28Z</time>
      </trkpt>
      <trkpt lat="46.374078" lon="6.229389">
        <ele>394.7</ele>
        <time>2026-08-07T16:29:29Z</time>
      </trkpt>
      <trkpt lat="46.374102" lon="6.229344">
        <ele>394.7</ele>
        <time>2026-08-07T16:29:30Z</time>
      </trkpt>
      <trkpt lat="46.374129" lon="6.229293">
        <ele>394.8</ele>
        <time>2026-08-07T16:29:31Z</time>
      </trkpt>
      <trkpt lat="46.374153" lon="6.229241">
        <ele>394.8</ele>
        <time>2026-08-07T16:29:32Z</time>
      </trkpt>
      <trkpt lat="46.374184" lon="6.22919">
        <ele>394.8</ele>
        <time>2026-08-07T16:29:33Z</time>
      </trkpt>
      <trkpt lat="46.374208" lon="6.229137">
        <ele>394.9</ele>
        <time>2026-08-07T16:29:34Z</time>
      </trkpt>
      <trkpt lat="46.374234" lon="6.229087">
        <ele>394.9</ele>
        <time>2026-08-07T16:29:35Z</time>
      </trkpt>
      <trkpt lat="46.374258" lon="6.229041">
        <ele>394.9</ele>
        <time>2026-08-07T16:29:36Z</time>
      </trkpt>
      <trkpt lat="46.374277" lon="6.229001">
        <ele>395.0</ele>
        <time>2026-08-07T16:29:37Z</time>
      </trkpt>
      <trkpt lat="46.374293" lon="6.228976">
        <ele>395.0</ele>
        <time>2026-08-07T16:29:38Z</time>
      </trkpt>
      <trkpt lat="46.374308" lon="6.228953">
        <ele>395.0</ele>
        <time>2026-08-07T16:29:39Z</time>
      </trkpt>
      <trkpt lat="46.374315" lon="6.228922">
        <ele>395.0</ele>
        <time>2026-08-07T16:29:40Z</time>
      </trkpt>
      <trkpt lat="46.374331" lon="6.228877">
        <ele>395.1</ele>
        <time>2026-08-07T16:29:41Z</time>
      </trkpt>
      <trkpt lat="46.374357" lon="6.228839">
        <ele>395.1</ele>
        <time>2026-08-07T16:29:42Z</time>
      </trkpt>
      <trkpt lat="46.374386" lon="6.228798">
        <ele>395.1</ele>
        <time>2026-08-07T16:29:43Z</time>
      </trkpt>
      <trkpt lat="46.374413" lon="6.228755">
        <ele>395.2</ele>
        <time>2026-08-07T16:29:44Z</time>
      </trkpt>
      <trkpt lat="46.374437" lon="6.228705">
        <ele>395.2</ele>
        <time>2026-08-07T16:29:45Z</time>
      </trkpt>
      <trkpt lat="46.374464" lon="6.228652">
        <ele>395.2</ele>
        <time>2026-08-07T16:29:46Z</time>
      </trkpt>
      <trkpt lat="46.374491" lon="6.228593">
        <ele>395.3</ele>
        <time>2026-08-07T16:29:47Z</time>
      </trkpt>
      <trkpt lat="46.374516" lon="6.228537">
        <ele>395.3</ele>
        <time>2026-08-07T16:29:48Z</time>
      </trkpt>
      <trkpt lat="46.374544" lon="6.228488">
        <ele>395.4</ele>
        <time>2026-08-07T16:29:49Z</time>
      </trkpt>
      <trkpt lat="46.374569" lon="6.228432">
        <ele>395.4</ele>
        <time>2026-08-07T16:29:50Z</time>
      </trkpt>
      <trkpt lat="46.3746" lon="6.228378">
        <ele>395.5</ele>
        <time>2026-08-07T16:29:51Z</time>
      </trkpt>
      <trkpt lat="46.374629" lon="6.228322">
        <ele>395.5</ele>
        <time>2026-08-07T16:29:52Z</time>
      </trkpt>
      <trkpt lat="46.374657" lon="6.228265">
        <ele>395.6</ele>
        <time>2026-08-07T16:29:53Z</time>
      </trkpt>
      <trkpt lat="46.374687" lon="6.228208">
        <ele>395.6</ele>
        <time>2026-08-07T16:29:54Z</time>
      </trkpt>
      <trkpt lat="46.374715" lon="6.228149">
        <ele>395.7</ele>
        <time>2026-08-07T16:29:55Z</time>
      </trkpt>
      <trkpt lat="46.374748" lon="6.228087">
        <ele>395.7</ele>
        <time>2026-08-07T16:29:56Z</time>
      </trkpt>
      <trkpt lat="46.374782" lon="6.22803">
        <ele>395.7</ele>
        <time>2026-08-07T16:29:57Z</time>
      </trkpt>
      <trkpt lat="46.374815" lon="6.227971">
        <ele>395.8</ele>
        <time>2026-08-07T16:29:58Z</time>
      </trkpt>
      <trkpt lat="46.374844" lon="6.227908">
        <ele>395.8</ele>
        <time>2026-08-07T16:29:59Z</time>
      </trkpt>
      <trkpt lat="46.374875" lon="6.227849">
        <ele>395.9</ele>
        <time>2026-08-07T16:30:00Z</time>
      </trkpt>
      <trkpt lat="46.374904" lon="6.22779">
        <ele>395.9</ele>
        <time>2026-08-07T16:30:01Z</time>
      </trkpt>
      <trkpt lat="46.37494" lon="6.227734">
        <ele>395.9</ele>
        <time>2026-08-07T16:30:02Z</time>
      </trkpt>
      <trkpt lat="46.374971" lon="6.227674">
        <ele>395.9</ele>
        <time>2026-08-07T16:30:03Z</time>
      </trkpt>
      <trkpt lat="46.375001" lon="6.227614">
        <ele>395.9</ele>
        <time>2026-08-07T16:30:04Z</time>
      </trkpt>
      <trkpt lat="46.375032" lon="6.227553">
        <ele>396.0</ele>
        <time>2026-08-07T16:30:05Z</time>
      </trkpt>
      <trkpt lat="46.37506" lon="6.227492">
        <ele>396.1</ele>
        <time>2026-08-07T16:30:06Z</time>
      </trkpt>
      <trkpt lat="46.375095" lon="6.227428">
        <ele>396.1</ele>
        <time>2026-08-07T16:30:07Z</time>
      </trkpt>
      <trkpt lat="46.375127" lon="6.227368">
        <ele>396.2</ele>
        <time>2026-08-07T16:30:08Z</time>
      </trkpt>
      <trkpt lat="46.375156" lon="6.227312">
        <ele>396.2</ele>
        <time>2026-08-07T16:30:09Z</time>
      </trkpt>
      <trkpt lat="46.375185" lon="6.227256">
        <ele>396.3</ele>
        <time>2026-08-07T16:30:10Z</time>
      </trkpt>
      <trkpt lat="46.375217" lon="6.227195">
        <ele>396.3</ele>
        <time>2026-08-07T16:30:11Z</time>
      </trkpt>
      <trkpt lat="46.375255" lon="6.227133">
        <ele>396.4</ele>
        <time>2026-08-07T16:30:12Z</time>
      </trkpt>
      <trkpt lat="46.375281" lon="6.227074">
        <ele>396.4</ele>
        <time>2026-08-07T16:30:13Z</time>
      </trkpt>
      <trkpt lat="46.375315" lon="6.227016">
        <ele>396.5</ele>
        <time>2026-08-07T16:30:14Z</time>
      </trkpt>
      <trkpt lat="46.375347" lon="6.226954">
        <ele>396.5</ele>
        <time>2026-08-07T16:30:15Z</time>
      </trkpt>
      <trkpt lat="46.375369" lon="6.226889">
        <ele>396.6</ele>
        <time>2026-08-07T16:30:16Z</time>
      </trkpt>
      <trkpt lat="46.375398" lon="6.226836">
        <ele>396.6</ele>
        <time>2026-08-07T16:30:17Z</time>
      </trkpt>
      <trkpt lat="46.37543" lon="6.22678">
        <ele>396.7</ele>
        <time>2026-08-07T16:30:18Z</time>
      </trkpt>
      <trkpt lat="46.37546" lon="6.226721">
        <ele>396.8</ele>
        <time>2026-08-07T16:30:19Z</time>
      </trkpt>
      <trkpt lat="46.37549" lon="6.226675">
        <ele>396.8</ele>
        <time>2026-08-07T16:30:20Z</time>
      </trkpt>
      <trkpt lat="46.375519" lon="6.226612">
        <ele>396.9</ele>
        <time>2026-08-07T16:30:21Z</time>
      </trkpt>
      <trkpt lat="46.375551" lon="6.226564">
        <ele>396.9</ele>
        <time>2026-08-07T16:30:22Z</time>
      </trkpt>
      <trkpt lat="46.375583" lon="6.226509">
        <ele>397.0</ele>
        <time>2026-08-07T16:30:23Z</time>
      </trkpt>
      <trkpt lat="46.37562" lon="6.226471">
        <ele>397.0</ele>
        <time>2026-08-07T16:30:24Z</time>
      </trkpt>
      <trkpt lat="46.375684" lon="6.226459">
        <ele>397.1</ele>
        <time>2026-08-07T16:30:25Z</time>
      </trkpt>
      <trkpt lat="46.375759" lon="6.22647">
        <ele>397.2</ele>
        <time>2026-08-07T16:30:26Z</time>
      </trkpt>
      <trkpt lat="46.375797" lon="6.226457">
        <ele>397.3</ele>
        <time>2026-08-07T16:30:27Z</time>
      </trkpt>
      <trkpt lat="46.375827" lon="6.226476">
        <ele>397.5</ele>
        <time>2026-08-07T16:30:28Z</time>
      </trkpt>
      <trkpt lat="46.375865" lon="6.226501">
        <ele>397.9</ele>
        <time>2026-08-07T16:30:29Z</time>
      </trkpt>
      <trkpt lat="46.375896" lon="6.226532">
        <ele>398.2</ele>
        <time>2026-08-07T16:30:30Z</time>
      </trkpt>
      <trkpt lat="46.375924" lon="6.22656">
        <ele>398.5</ele>
        <time>2026-08-07T16:30:31Z</time>
      </trkpt>
      <trkpt lat="46.375948" lon="6.226588">
        <ele>398.8</ele>
        <time>2026-08-07T16:30:32Z</time>
      </trkpt>
      <trkpt lat="46.375972" lon="6.226616">
        <ele>399.0</ele>
        <time>2026-08-07T16:30:33Z</time>
      </trkpt>
      <trkpt lat="46.375993" lon="6.226642">
        <ele>399.3</ele>
        <time>2026-08-07T16:30:34Z</time>
      </trkpt>
      <trkpt lat="46.376014" lon="6.226664">
        <ele>399.6</ele>
        <time>2026-08-07T16:30:35Z</time>
      </trkpt>
      <trkpt lat="46.376031" lon="6.226694">
        <ele>399.8</ele>
        <time>2026-08-07T16:30:36Z</time>
      </trkpt>
      <trkpt lat="46.37605" lon="6.226709">
        <ele>400.0</ele>
        <time>2026-08-07T16:30:37Z</time>
      </trkpt>
      <trkpt lat="46.376072" lon="6.226727">
        <ele>400.3</ele>
        <time>2026-08-07T16:30:38Z</time>
      </trkpt>
      <trkpt lat="46.376093" lon="6.22675">
        <ele>400.5</ele>
        <time>2026-08-07T16:30:39Z</time>
      </trkpt>
      <trkpt lat="46.376115" lon="6.22677">
        <ele>400.8</ele>
        <time>2026-08-07T16:30:40Z</time>
      </trkpt>
      <trkpt lat="46.376137" lon="6.226783">
        <ele>401.0</ele>
        <time>2026-08-07T16:30:41Z</time>
      </trkpt>
      <trkpt lat="46.37616" lon="6.226797">
        <ele>401.3</ele>
        <time>2026-08-07T16:30:42Z</time>
      </trkpt>
      <trkpt lat="46.376182" lon="6.226808">
        <ele>401.5</ele>
        <time>2026-08-07T16:30:43Z</time>
      </trkpt>
      <trkpt lat="46.376204" lon="6.226818">
        <ele>401.7</ele>
        <time>2026-08-07T16:30:44Z</time>
      </trkpt>
      <trkpt lat="46.376223" lon="6.226833">
        <ele>401.9</ele>
        <time>2026-08-07T16:30:45Z</time>
      </trkpt>
      <trkpt lat="46.376244" lon="6.226834">
        <ele>402.1</ele>
        <time>2026-08-07T16:30:46Z</time>
      </trkpt>
      <trkpt lat="46.376265" lon="6.226832">
        <ele>402.3</ele>
        <time>2026-08-07T16:30:47Z</time>
      </trkpt>
      <trkpt lat="46.37629" lon="6.226829">
        <ele>402.6</ele>
        <time>2026-08-07T16:30:48Z</time>
      </trkpt>
      <trkpt lat="46.376313" lon="6.226832">
        <ele>402.8</ele>
        <time>2026-08-07T16:30:49Z</time>
      </trkpt>
      <trkpt lat="46.376326" lon="6.226839">
        <ele>402.9</ele>
        <time>2026-08-07T16:30:50Z</time>
      </trkpt>
      <trkpt lat="46.376352" lon="6.226833">
        <ele>403.2</ele>
        <time>2026-08-07T16:30:51Z</time>
      </trkpt>
      <trkpt lat="46.376374" lon="6.226823">
        <ele>403.4</ele>
        <time>2026-08-07T16:30:52Z</time>
      </trkpt>
      <trkpt lat="46.376398" lon="6.226815">
        <ele>403.5</ele>
        <time>2026-08-07T16:30:53Z</time>
      </trkpt>
      <trkpt lat="46.376416" lon="6.226796">
        <ele>403.6</ele>
        <time>2026-08-07T16:30:54Z</time>
      </trkpt>
      <trkpt lat="46.376436" lon="6.226772">
        <ele>403.7</ele>
        <time>2026-08-07T16:30:55Z</time>
      </trkpt>
      <trkpt lat="46.37645" lon="6.226751">
        <ele>403.7</ele>
        <time>2026-08-07T16:30:56Z</time>
      </trkpt>
      <trkpt lat="46.376468" lon="6.226725">
        <ele>403.8</ele>
        <time>2026-08-07T16:30:57Z</time>
      </trkpt>
      <trkpt lat="46.376488" lon="6.226704">
        <ele>403.9</ele>
        <time>2026-08-07T16:30:58Z</time>
      </trkpt>
      <trkpt lat="46.376504" lon="6.226678">
        <ele>404.0</ele>
        <time>2026-08-07T16:30:59Z</time>
      </trkpt>
      <trkpt lat="46.37652" lon="6.226648">
        <ele>404.1</ele>
        <time>2026-08-07T16:31:00Z</time>
      </trkpt>
      <trkpt lat="46.376537" lon="6.226612">
        <ele>404.1</ele>
        <time>2026-08-07T16:31:01Z</time>
      </trkpt>
      <trkpt lat="46.376556" lon="6.226581">
        <ele>404.1</ele>
        <time>2026-08-07T16:31:02Z</time>
      </trkpt>
      <trkpt lat="46.37658" lon="6.226551">
        <ele>404.1</ele>
        <time>2026-08-07T16:31:03Z</time>
      </trkpt>
      <trkpt lat="46.376603" lon="6.226515">
        <ele>404.1</ele>
        <time>2026-08-07T16:31:04Z</time>
      </trkpt>
      <trkpt lat="46.376626" lon="6.226474">
        <ele>404.1</ele>
        <time>2026-08-07T16:31:05Z</time>
      </trkpt>
      <trkpt lat="46.37665" lon="6.22643">
        <ele>404.1</ele>
        <time>2026-08-07T16:31:06Z</time>
      </trkpt>
      <trkpt lat="46.376681" lon="6.226382">
        <ele>404.1</ele>
        <time>2026-08-07T16:31:07Z</time>
      </trkpt>
      <trkpt lat="46.376711" lon="6.226331">
        <ele>404.0</ele>
        <time>2026-08-07T16:31:08Z</time>
      </trkpt>
      <trkpt lat="46.376743" lon="6.226278">
        <ele>404.0</ele>
        <time>2026-08-07T16:31:09Z</time>
      </trkpt>
      <trkpt lat="46.376773" lon="6.226224">
        <ele>403.9</ele>
        <time>2026-08-07T16:31:10Z</time>
      </trkpt>
      <trkpt lat="46.376807" lon="6.226172">
        <ele>403.9</ele>
        <time>2026-08-07T16:31:11Z</time>
      </trkpt>
      <trkpt lat="46.376843" lon="6.226117">
        <ele>403.9</ele>
        <time>2026-08-07T16:31:12Z</time>
      </trkpt>
      <trkpt lat="46.37688" lon="6.22606">
        <ele>403.9</ele>
        <time>2026-08-07T16:31:13Z</time>
      </trkpt>
      <trkpt lat="46.37691" lon="6.226003">
        <ele>403.9</ele>
        <time>2026-08-07T16:31:14Z</time>
      </trkpt>
      <trkpt lat="46.376948" lon="6.225941">
        <ele>404.0</ele>
        <time>2026-08-07T16:31:15Z</time>
      </trkpt>
      <trkpt lat="46.376989" lon="6.225885">
        <ele>404.1</ele>
        <time>2026-08-07T16:31:16Z</time>
      </trkpt>
      <trkpt lat="46.37703" lon="6.22583">
        <ele>404.3</ele>
        <time>2026-08-07T16:31:17Z</time>
      </trkpt>
      <trkpt lat="46.377065" lon="6.225774">
        <ele>404.6</ele>
        <time>2026-08-07T16:31:18Z</time>
      </trkpt>
      <trkpt lat="46.377095" lon="6.225723">
        <ele>404.9</ele>
        <time>2026-08-07T16:31:19Z</time>
      </trkpt>
      <trkpt lat="46.377125" lon="6.225676">
        <ele>405.2</ele>
        <time>2026-08-07T16:31:20Z</time>
      </trkpt>
      <trkpt lat="46.377156" lon="6.225631">
        <ele>405.6</ele>
        <time>2026-08-07T16:31:21Z</time>
      </trkpt>
      <trkpt lat="46.377186" lon="6.225587">
        <ele>405.9</ele>
        <time>2026-08-07T16:31:22Z</time>
      </trkpt>
      <trkpt lat="46.377211" lon="6.225547">
        <ele>406.2</ele>
        <time>2026-08-07T16:31:23Z</time>
      </trkpt>
      <trkpt lat="46.377233" lon="6.225509">
        <ele>406.5</ele>
        <time>2026-08-07T16:31:24Z</time>
      </trkpt>
      <trkpt lat="46.377255" lon="6.225474">
        <ele>406.8</ele>
        <time>2026-08-07T16:31:25Z</time>
      </trkpt>
      <trkpt lat="46.377278" lon="6.22544">
        <ele>407.1</ele>
        <time>2026-08-07T16:31:26Z</time>
      </trkpt>
      <trkpt lat="46.377294" lon="6.225408">
        <ele>407.3</ele>
        <time>2026-08-07T16:31:27Z</time>
      </trkpt>
      <trkpt lat="46.37731" lon="6.225377">
        <ele>407.6</ele>
        <time>2026-08-07T16:31:28Z</time>
      </trkpt>
      <trkpt lat="46.377337" lon="6.225345">
        <ele>407.9</ele>
        <time>2026-08-07T16:31:29Z</time>
      </trkpt>
      <trkpt lat="46.377357" lon="6.225317">
        <ele>408.1</ele>
        <time>2026-08-07T16:31:30Z</time>
      </trkpt>
      <trkpt lat="46.377378" lon="6.225289">
        <ele>408.3</ele>
        <time>2026-08-07T16:31:31Z</time>
      </trkpt>
      <trkpt lat="46.377397" lon="6.225257">
        <ele>408.5</ele>
        <time>2026-08-07T16:31:32Z</time>
      </trkpt>
      <trkpt lat="46.377411" lon="6.225224">
        <ele>408.8</ele>
        <time>2026-08-07T16:31:33Z</time>
      </trkpt>
      <trkpt lat="46.377432" lon="6.225196">
        <ele>409.0</ele>
        <time>2026-08-07T16:31:34Z</time>
      </trkpt>
      <trkpt lat="46.377452" lon="6.225169">
        <ele>409.2</ele>
        <time>2026-08-07T16:31:35Z</time>
      </trkpt>
      <trkpt lat="46.377468" lon="6.22514">
        <ele>409.3</ele>
        <time>2026-08-07T16:31:36Z</time>
      </trkpt>
      <trkpt lat="46.377486" lon="6.225111">
        <ele>409.5</ele>
        <time>2026-08-07T16:31:37Z</time>
      </trkpt>
      <trkpt lat="46.377503" lon="6.225077">
        <ele>409.6</ele>
        <time>2026-08-07T16:31:38Z</time>
      </trkpt>
      <trkpt lat="46.377523" lon="6.225047">
        <ele>409.8</ele>
        <time>2026-08-07T16:31:39Z</time>
      </trkpt>
      <trkpt lat="46.377541" lon="6.225017">
        <ele>409.9</ele>
        <time>2026-08-07T16:31:40Z</time>
      </trkpt>
      <trkpt lat="46.377561" lon="6.224985">
        <ele>410.0</ele>
        <time>2026-08-07T16:31:41Z</time>
      </trkpt>
      <trkpt lat="46.377576" lon="6.224945">
        <ele>410.1</ele>
        <time>2026-08-07T16:31:42Z</time>
      </trkpt>
      <trkpt lat="46.377594" lon="6.22491">
        <ele>410.3</ele>
        <time>2026-08-07T16:31:43Z</time>
      </trkpt>
      <trkpt lat="46.377617" lon="6.224878">
        <ele>410.3</ele>
        <time>2026-08-07T16:31:44Z</time>
      </trkpt>
      <trkpt lat="46.377635" lon="6.224854">
        <ele>410.4</ele>
        <time>2026-08-07T16:31:45Z</time>
      </trkpt>
      <trkpt lat="46.377649" lon="6.224822">
        <ele>410.5</ele>
        <time>2026-08-07T16:31:46Z</time>
      </trkpt>
      <trkpt lat="46.377672" lon="6.224791">
        <ele>410.6</ele>
        <time>2026-08-07T16:31:47Z</time>
      </trkpt>
      <trkpt lat="46.377697" lon="6.224756">
        <ele>410.6</ele>
        <time>2026-08-07T16:31:48Z</time>
      </trkpt>
      <trkpt lat="46.377715" lon="6.224717">
        <ele>410.7</ele>
        <time>2026-08-07T16:31:49Z</time>
      </trkpt>
      <trkpt lat="46.377728" lon="6.224672">
        <ele>410.8</ele>
        <time>2026-08-07T16:31:50Z</time>
      </trkpt>
      <trkpt lat="46.377758" lon="6.22464">
        <ele>410.8</ele>
        <time>2026-08-07T16:31:51Z</time>
      </trkpt>
      <trkpt lat="46.377785" lon="6.224595">
        <ele>410.9</ele>
        <time>2026-08-07T16:31:52Z</time>
      </trkpt>
      <trkpt lat="46.377809" lon="6.224519">
        <ele>411.0</ele>
        <time>2026-08-07T16:31:53Z</time>
      </trkpt>
      <trkpt lat="46.377832" lon="6.224522">
        <ele>411.0</ele>
        <time>2026-08-07T16:31:54Z</time>
      </trkpt>
      <trkpt lat="46.377857" lon="6.224476">
        <ele>411.0</ele>
        <time>2026-08-07T16:31:55Z</time>
      </trkpt>
      <trkpt lat="46.377885" lon="6.224439">
        <ele>411.1</ele>
        <time>2026-08-07T16:31:56Z</time>
      </trkpt>
      <trkpt lat="46.377922" lon="6.224411">
        <ele>411.1</ele>
        <time>2026-08-07T16:31:57Z</time>
      </trkpt>
      <trkpt lat="46.377946" lon="6.224371">
        <ele>411.2</ele>
        <time>2026-08-07T16:31:58Z</time>
      </trkpt>
      <trkpt lat="46.377973" lon="6.224324">
        <ele>411.2</ele>
        <time>2026-08-07T16:31:59Z</time>
      </trkpt>
      <trkpt lat="46.377995" lon="6.224273">
        <ele>411.3</ele>
        <time>2026-08-07T16:32:00Z</time>
      </trkpt>
      <trkpt lat="46.378023" lon="6.224226">
        <ele>411.3</ele>
        <time>2026-08-07T16:32:01Z</time>
      </trkpt>
      <trkpt lat="46.378055" lon="6.224179">
        <ele>411.4</ele>
        <time>2026-08-07T16:32:02Z</time>
      </trkpt>
      <trkpt lat="46.378082" lon="6.224136">
        <ele>411.4</ele>
        <time>2026-08-07T16:32:03Z</time>
      </trkpt>
      <trkpt lat="46.378115" lon="6.224094">
        <ele>411.5</ele>
        <time>2026-08-07T16:32:04Z</time>
      </trkpt>
      <trkpt lat="46.378141" lon="6.224052">
        <ele>411.5</ele>
        <time>2026-08-07T16:32:05Z</time>
      </trkpt>
      <trkpt lat="46.378172" lon="6.22401">
        <ele>411.6</ele>
        <time>2026-08-07T16:32:06Z</time>
      </trkpt>
      <trkpt lat="46.378207" lon="6.22397">
        <ele>411.7</ele>
        <time>2026-08-07T16:32:07Z</time>
      </trkpt>
      <trkpt lat="46.378237" lon="6.223925">
        <ele>411.7</ele>
        <time>2026-08-07T16:32:08Z</time>
      </trkpt>
      <trkpt lat="46.378269" lon="6.223883">
        <ele>411.7</ele>
        <time>2026-08-07T16:32:09Z</time>
      </trkpt>
      <trkpt lat="46.378299" lon="6.223837">
        <ele>411.8</ele>
        <time>2026-08-07T16:32:10Z</time>
      </trkpt>
      <trkpt lat="46.378325" lon="6.22379">
        <ele>411.8</ele>
        <time>2026-08-07T16:32:11Z</time>
      </trkpt>
      <trkpt lat="46.378354" lon="6.223749">
        <ele>411.8</ele>
        <time>2026-08-07T16:32:12Z</time>
      </trkpt>
      <trkpt lat="46.378389" lon="6.223702">
        <ele>411.8</ele>
        <time>2026-08-07T16:32:13Z</time>
      </trkpt>
      <trkpt lat="46.378419" lon="6.223657">
        <ele>411.8</ele>
        <time>2026-08-07T16:32:14Z</time>
      </trkpt>
      <trkpt lat="46.37845" lon="6.223613">
        <ele>411.8</ele>
        <time>2026-08-07T16:32:15Z</time>
      </trkpt>
      <trkpt lat="46.378481" lon="6.223567">
        <ele>411.8</ele>
        <time>2026-08-07T16:32:16Z</time>
      </trkpt>
      <trkpt lat="46.378509" lon="6.223523">
        <ele>411.8</ele>
        <time>2026-08-07T16:32:17Z</time>
      </trkpt>
      <trkpt lat="46.378539" lon="6.223471">
        <ele>411.7</ele>
        <time>2026-08-07T16:32:18Z</time>
      </trkpt>
      <trkpt lat="46.378567" lon="6.223424">
        <ele>411.7</ele>
        <time>2026-08-07T16:32:19Z</time>
      </trkpt>
      <trkpt lat="46.378589" lon="6.22337">
        <ele>411.6</ele>
        <time>2026-08-07T16:32:20Z</time>
      </trkpt>
      <trkpt lat="46.378601" lon="6.223316">
        <ele>411.5</ele>
        <time>2026-08-07T16:32:21Z</time>
      </trkpt>
      <trkpt lat="46.37863" lon="6.223245">
        <ele>411.4</ele>
        <time>2026-08-07T16:32:22Z</time>
      </trkpt>
      <trkpt lat="46.378647" lon="6.223182">
        <ele>411.3</ele>
        <time>2026-08-07T16:32:23Z</time>
      </trkpt>
      <trkpt lat="46.37867" lon="6.223113">
        <ele>411.3</ele>
        <time>2026-08-07T16:32:24Z</time>
      </trkpt>
      <trkpt lat="46.378696" lon="6.223041">
        <ele>411.2</ele>
        <time>2026-08-07T16:32:25Z</time>
      </trkpt>
      <trkpt lat="46.378721" lon="6.222964">
        <ele>411.1</ele>
        <time>2026-08-07T16:32:26Z</time>
      </trkpt>
      <trkpt lat="46.378748" lon="6.222885">
        <ele>411.0</ele>
        <time>2026-08-07T16:32:27Z</time>
      </trkpt>
      <trkpt lat="46.37877" lon="6.222821">
        <ele>410.9</ele>
        <time>2026-08-07T16:32:28Z</time>
      </trkpt>
      <trkpt lat="46.378797" lon="6.222747">
        <ele>410.9</ele>
        <time>2026-08-07T16:32:29Z</time>
      </trkpt>
      <trkpt lat="46.378821" lon="6.222675">
        <ele>410.8</ele>
        <time>2026-08-07T16:32:30Z</time>
      </trkpt>
      <trkpt lat="46.378849" lon="6.222605">
        <ele>410.8</ele>
        <time>2026-08-07T16:32:31Z</time>
      </trkpt>
      <trkpt lat="46.378869" lon="6.222529">
        <ele>410.7</ele>
        <time>2026-08-07T16:32:32Z</time>
      </trkpt>
      <trkpt lat="46.378891" lon="6.222453">
        <ele>410.7</ele>
        <time>2026-08-07T16:32:33Z</time>
      </trkpt>
      <trkpt lat="46.378911" lon="6.222392">
        <ele>410.7</ele>
        <time>2026-08-07T16:32:34Z</time>
      </trkpt>
      <trkpt lat="46.378933" lon="6.222331">
        <ele>410.8</ele>
        <time>2026-08-07T16:32:35Z</time>
      </trkpt>
      <trkpt lat="46.378956" lon="6.222264">
        <ele>410.8</ele>
        <time>2026-08-07T16:32:36Z</time>
      </trkpt>
      <trkpt lat="46.378976" lon="6.2222">
        <ele>410.8</ele>
        <time>2026-08-07T16:32:37Z</time>
      </trkpt>
      <trkpt lat="46.378993" lon="6.22213">
        <ele>410.9</ele>
        <time>2026-08-07T16:32:38Z</time>
      </trkpt>
      <trkpt lat="46.379012" lon="6.222068">
        <ele>410.9</ele>
        <time>2026-08-07T16:32:39Z</time>
      </trkpt>
      <trkpt lat="46.379034" lon="6.22201">
        <ele>411.0</ele>
        <time>2026-08-07T16:32:40Z</time>
      </trkpt>
      <trkpt lat="46.379047" lon="6.22195">
        <ele>411.0</ele>
        <time>2026-08-07T16:32:41Z</time>
      </trkpt>
      <trkpt lat="46.379058" lon="6.221894">
        <ele>411.1</ele>
        <time>2026-08-07T16:32:42Z</time>
      </trkpt>
      <trkpt lat="46.379074" lon="6.221848">
        <ele>411.0</ele>
        <time>2026-08-07T16:32:43Z</time>
      </trkpt>
      <trkpt lat="46.379095" lon="6.221795">
        <ele>410.8</ele>
        <time>2026-08-07T16:32:44Z</time>
      </trkpt>
      <trkpt lat="46.37911" lon="6.221744">
        <ele>410.7</ele>
        <time>2026-08-07T16:32:45Z</time>
      </trkpt>
      <trkpt lat="46.379127" lon="6.221707">
        <ele>410.5</ele>
        <time>2026-08-07T16:32:46Z</time>
      </trkpt>
      <trkpt lat="46.37913" lon="6.221685">
        <ele>410.3</ele>
        <time>2026-08-07T16:32:47Z</time>
      </trkpt>
      <trkpt lat="46.379127" lon="6.221683">
        <ele>410.3</ele>
        <time>2026-08-07T16:32:48Z</time>
      </trkpt>
      <trkpt lat="46.379123" lon="6.221681">
        <ele>410.3</ele>
        <time>2026-08-07T16:32:49Z</time>
      </trkpt>
      <trkpt lat="46.379125" lon="6.221676">
        <ele>410.2</ele>
        <time>2026-08-07T16:32:50Z</time>
      </trkpt>
      <trkpt lat="46.37913" lon="6.221675">
        <ele>410.2</ele>
        <time>2026-08-07T16:32:51Z</time>
      </trkpt>
      <trkpt lat="46.379133" lon="6.221673">
        <ele>410.2</ele>
        <time>2026-08-07T16:32:52Z</time>
      </trkpt>
      <trkpt lat="46.379139" lon="6.221662">
        <ele>410.1</ele>
        <time>2026-08-07T16:32:53Z</time>
      </trkpt>
      <trkpt lat="46.379151" lon="6.221631">
        <ele>409.8</ele>
        <time>2026-08-07T16:32:54Z</time>
      </trkpt>
      <trkpt lat="46.379171" lon="6.221585">
        <ele>409.4</ele>
        <time>2026-08-07T16:32:55Z</time>
      </trkpt>
      <trkpt lat="46.379194" lon="6.221501">
        <ele>408.8</ele>
        <time>2026-08-07T16:32:56Z</time>
      </trkpt>
      <trkpt lat="46.379209" lon="6.221402">
        <ele>408.1</ele>
        <time>2026-08-07T16:32:57Z</time>
      </trkpt>
      <trkpt lat="46.379203" lon="6.221315">
        <ele>407.8</ele>
        <time>2026-08-07T16:32:58Z</time>
      </trkpt>
      <trkpt lat="46.379198" lon="6.221238">
        <ele>407.7</ele>
        <time>2026-08-07T16:32:59Z</time>
      </trkpt>
      <trkpt lat="46.379185" lon="6.221168">
        <ele>407.6</ele>
        <time>2026-08-07T16:33:00Z</time>
      </trkpt>
      <trkpt lat="46.379174" lon="6.221113">
        <ele>407.7</ele>
        <time>2026-08-07T16:33:01Z</time>
      </trkpt>
      <trkpt lat="46.379176" lon="6.221065">
        <ele>407.8</ele>
        <time>2026-08-07T16:33:02Z</time>
      </trkpt>
      <trkpt lat="46.379172" lon="6.221054">
        <ele>407.8</ele>
        <time>2026-08-07T16:33:03Z</time>
      </trkpt>
      <trkpt lat="46.379163" lon="6.221066">
        <ele>407.9</ele>
        <time>2026-08-07T16:33:04Z</time>
      </trkpt>
      <trkpt lat="46.379157" lon="6.221083">
        <ele>407.9</ele>
        <time>2026-08-07T16:33:05Z</time>
      </trkpt>
      <trkpt lat="46.379168" lon="6.221075">
        <ele>408.0</ele>
        <time>2026-08-07T16:33:06Z</time>
      </trkpt>
      <trkpt lat="46.379173" lon="6.221035">
        <ele>408.1</ele>
        <time>2026-08-07T16:33:07Z</time>
      </trkpt>
      <trkpt lat="46.379182" lon="6.220994">
        <ele>408.2</ele>
        <time>2026-08-07T16:33:08Z</time>
      </trkpt>
      <trkpt lat="46.379179" lon="6.220973">
        <ele>408.3</ele>
        <time>2026-08-07T16:33:09Z</time>
      </trkpt>
      <trkpt lat="46.379176" lon="6.220951">
        <ele>408.3</ele>
        <time>2026-08-07T16:33:10Z</time>
      </trkpt>
      <trkpt lat="46.379169" lon="6.220923">
        <ele>408.4</ele>
        <time>2026-08-07T16:33:11Z</time>
      </trkpt>
      <trkpt lat="46.379167" lon="6.220886">
        <ele>408.5</ele>
        <time>2026-08-07T16:33:12Z</time>
      </trkpt>
      <trkpt lat="46.379167" lon="6.220844">
        <ele>408.6</ele>
        <time>2026-08-07T16:33:13Z</time>
      </trkpt>
      <trkpt lat="46.379166" lon="6.220793">
        <ele>408.7</ele>
        <time>2026-08-07T16:33:14Z</time>
      </trkpt>
      <trkpt lat="46.379163" lon="6.220738">
        <ele>408.9</ele>
        <time>2026-08-07T16:33:15Z</time>
      </trkpt>
      <trkpt lat="46.379162" lon="6.220679">
        <ele>409.0</ele>
        <time>2026-08-07T16:33:16Z</time>
      </trkpt>
      <trkpt lat="46.379161" lon="6.220644">
        <ele>409.1</ele>
        <time>2026-08-07T16:33:17Z</time>
      </trkpt>
      <trkpt lat="46.379156" lon="6.220582">
        <ele>409.2</ele>
        <time>2026-08-07T16:33:18Z</time>
      </trkpt>
      <trkpt lat="46.37917" lon="6.22051">
        <ele>409.4</ele>
        <time>2026-08-07T16:33:19Z</time>
      </trkpt>
      <trkpt lat="46.37918" lon="6.220442">
        <ele>409.7</ele>
        <time>2026-08-07T16:33:20Z</time>
      </trkpt>
      <trkpt lat="46.379178" lon="6.220375">
        <ele>410.0</ele>
        <time>2026-08-07T16:33:21Z</time>
      </trkpt>
      <trkpt lat="46.379177" lon="6.220305">
        <ele>410.4</ele>
        <time>2026-08-07T16:33:22Z</time>
      </trkpt>
      <trkpt lat="46.379181" lon="6.220247">
        <ele>410.7</ele>
        <time>2026-08-07T16:33:23Z</time>
      </trkpt>
      <trkpt lat="46.379185" lon="6.220194">
        <ele>411.0</ele>
        <time>2026-08-07T16:33:24Z</time>
      </trkpt>
      <trkpt lat="46.379187" lon="6.220145">
        <ele>411.3</ele>
        <time>2026-08-07T16:33:25Z</time>
      </trkpt>
      <trkpt lat="46.379178" lon="6.220104">
        <ele>411.6</ele>
        <time>2026-08-07T16:33:26Z</time>
      </trkpt>
      <trkpt lat="46.37918" lon="6.220063">
        <ele>411.9</ele>
        <time>2026-08-07T16:33:27Z</time>
      </trkpt>
      <trkpt lat="46.379188" lon="6.220021">
        <ele>412.1</ele>
        <time>2026-08-07T16:33:28Z</time>
      </trkpt>
      <trkpt lat="46.379189" lon="6.219983">
        <ele>412.3</ele>
        <time>2026-08-07T16:33:29Z</time>
      </trkpt>
      <trkpt lat="46.379192" lon="6.219949">
        <ele>412.5</ele>
        <time>2026-08-07T16:33:30Z</time>
      </trkpt>
      <trkpt lat="46.379199" lon="6.219908">
        <ele>412.8</ele>
        <time>2026-08-07T16:33:31Z</time>
      </trkpt>
      <trkpt lat="46.379197" lon="6.219869">
        <ele>413.0</ele>
        <time>2026-08-07T16:33:32Z</time>
      </trkpt>
      <trkpt lat="46.3792" lon="6.219832">
        <ele>413.1</ele>
        <time>2026-08-07T16:33:33Z</time>
      </trkpt>
      <trkpt lat="46.379203" lon="6.219798">
        <ele>413.3</ele>
        <time>2026-08-07T16:33:34Z</time>
      </trkpt>
      <trkpt lat="46.379202" lon="6.219759">
        <ele>413.5</ele>
        <time>2026-08-07T16:33:35Z</time>
      </trkpt>
      <trkpt lat="46.379202" lon="6.219722">
        <ele>413.7</ele>
        <time>2026-08-07T16:33:36Z</time>
      </trkpt>
      <trkpt lat="46.379202" lon="6.219686">
        <ele>413.9</ele>
        <time>2026-08-07T16:33:37Z</time>
      </trkpt>
      <trkpt lat="46.379202" lon="6.219643">
        <ele>414.0</ele>
        <time>2026-08-07T16:33:38Z</time>
      </trkpt>
      <trkpt lat="46.379206" lon="6.219608">
        <ele>414.2</ele>
        <time>2026-08-07T16:33:39Z</time>
      </trkpt>
      <trkpt lat="46.379207" lon="6.21957">
        <ele>414.4</ele>
        <time>2026-08-07T16:33:40Z</time>
      </trkpt>
      <trkpt lat="46.379207" lon="6.219536">
        <ele>414.5</ele>
        <time>2026-08-07T16:33:41Z</time>
      </trkpt>
      <trkpt lat="46.379196" lon="6.2195">
        <ele>414.7</ele>
        <time>2026-08-07T16:33:42Z</time>
      </trkpt>
      <trkpt lat="46.379192" lon="6.219468">
        <ele>414.8</ele>
        <time>2026-08-07T16:33:43Z</time>
      </trkpt>
      <trkpt lat="46.379192" lon="6.219421">
        <ele>415.0</ele>
        <time>2026-08-07T16:33:44Z</time>
      </trkpt>
      <trkpt lat="46.379189" lon="6.21939">
        <ele>415.1</ele>
        <time>2026-08-07T16:33:45Z</time>
      </trkpt>
      <trkpt lat="46.379183" lon="6.219352">
        <ele>415.3</ele>
        <time>2026-08-07T16:33:46Z</time>
      </trkpt>
      <trkpt lat="46.379184" lon="6.219317">
        <ele>415.4</ele>
        <time>2026-08-07T16:33:47Z</time>
      </trkpt>
      <trkpt lat="46.379185" lon="6.219279">
        <ele>415.5</ele>
        <time>2026-08-07T16:33:48Z</time>
      </trkpt>
      <trkpt lat="46.37918" lon="6.219238">
        <ele>415.7</ele>
        <time>2026-08-07T16:33:49Z</time>
      </trkpt>
      <trkpt lat="46.379172" lon="6.219192">
        <ele>415.8</ele>
        <time>2026-08-07T16:33:50Z</time>
      </trkpt>
      <trkpt lat="46.37917" lon="6.219152">
        <ele>415.9</ele>
        <time>2026-08-07T16:33:51Z</time>
      </trkpt>
      <trkpt lat="46.379159" lon="6.219106">
        <ele>416.1</ele>
        <time>2026-08-07T16:33:52Z</time>
      </trkpt>
      <trkpt lat="46.379155" lon="6.219064">
        <ele>416.2</ele>
        <time>2026-08-07T16:33:53Z</time>
      </trkpt>
      <trkpt lat="46.379154" lon="6.219022">
        <ele>416.3</ele>
        <time>2026-08-07T16:33:54Z</time>
      </trkpt>
      <trkpt lat="46.379146" lon="6.218978">
        <ele>416.5</ele>
        <time>2026-08-07T16:33:55Z</time>
      </trkpt>
      <trkpt lat="46.379137" lon="6.218932">
        <ele>416.6</ele>
        <time>2026-08-07T16:33:56Z</time>
      </trkpt>
      <trkpt lat="46.37913" lon="6.21889">
        <ele>416.7</ele>
        <time>2026-08-07T16:33:57Z</time>
      </trkpt>
      <trkpt lat="46.379122" lon="6.218855">
        <ele>416.8</ele>
        <time>2026-08-07T16:33:58Z</time>
      </trkpt>
      <trkpt lat="46.379115" lon="6.21881">
        <ele>417.0</ele>
        <time>2026-08-07T16:33:59Z</time>
      </trkpt>
      <trkpt lat="46.379109" lon="6.218771">
        <ele>417.1</ele>
        <time>2026-08-07T16:34:00Z</time>
      </trkpt>
      <trkpt lat="46.379099" lon="6.218731">
        <ele>417.2</ele>
        <time>2026-08-07T16:34:01Z</time>
      </trkpt>
      <trkpt lat="46.379089" lon="6.21869">
        <ele>417.3</ele>
        <time>2026-08-07T16:34:02Z</time>
      </trkpt>
      <trkpt lat="46.379087" lon="6.218648">
        <ele>417.4</ele>
        <time>2026-08-07T16:34:03Z</time>
      </trkpt>
      <trkpt lat="46.379086" lon="6.218611">
        <ele>417.5</ele>
        <time>2026-08-07T16:34:04Z</time>
      </trkpt>
      <trkpt lat="46.379066" lon="6.218571">
        <ele>417.7</ele>
        <time>2026-08-07T16:34:05Z</time>
      </trkpt>
      <trkpt lat="46.379054" lon="6.218525">
        <ele>417.8</ele>
        <time>2026-08-07T16:34:06Z</time>
      </trkpt>
      <trkpt lat="46.379044" lon="6.21849">
        <ele>417.9</ele>
        <time>2026-08-07T16:34:07Z</time>
      </trkpt>
      <trkpt lat="46.37903" lon="6.218444">
        <ele>418.0</ele>
        <time>2026-08-07T16:34:08Z</time>
      </trkpt>
      <trkpt lat="46.379018" lon="6.218405">
        <ele>418.2</ele>
        <time>2026-08-07T16:34:09Z</time>
      </trkpt>
      <trkpt lat="46.379005" lon="6.218371">
        <ele>418.3</ele>
        <time>2026-08-07T16:34:10Z</time>
      </trkpt>
      <trkpt lat="46.378992" lon="6.218327">
        <ele>418.4</ele>
        <time>2026-08-07T16:34:11Z</time>
      </trkpt>
      <trkpt lat="46.378981" lon="6.218285">
        <ele>418.5</ele>
        <time>2026-08-07T16:34:12Z</time>
      </trkpt>
      <trkpt lat="46.378966" lon="6.218247">
        <ele>418.5</ele>
        <time>2026-08-07T16:34:13Z</time>
      </trkpt>
      <trkpt lat="46.378949" lon="6.218205">
        <ele>418.6</ele>
        <time>2026-08-07T16:34:14Z</time>
      </trkpt>
      <trkpt lat="46.378931" lon="6.218157">
        <ele>418.7</ele>
        <time>2026-08-07T16:34:15Z</time>
      </trkpt>
      <trkpt lat="46.378914" lon="6.218122">
        <ele>418.8</ele>
        <time>2026-08-07T16:34:16Z</time>
      </trkpt>
      <trkpt lat="46.378895" lon="6.21808">
        <ele>418.8</ele>
        <time>2026-08-07T16:34:17Z</time>
      </trkpt>
      <trkpt lat="46.378874" lon="6.218043">
        <ele>418.9</ele>
        <time>2026-08-07T16:34:18Z</time>
      </trkpt>
      <trkpt lat="46.378858" lon="6.217983">
        <ele>419.0</ele>
        <time>2026-08-07T16:34:19Z</time>
      </trkpt>
      <trkpt lat="46.378841" lon="6.217926">
        <ele>419.0</ele>
        <time>2026-08-07T16:34:20Z</time>
      </trkpt>
      <trkpt lat="46.378823" lon="6.217881">
        <ele>419.1</ele>
        <time>2026-08-07T16:34:21Z</time>
      </trkpt>
      <trkpt lat="46.378801" lon="6.21783">
        <ele>419.2</ele>
        <time>2026-08-07T16:34:22Z</time>
      </trkpt>
      <trkpt lat="46.378782" lon="6.217779">
        <ele>419.2</ele>
        <time>2026-08-07T16:34:23Z</time>
      </trkpt>
      <trkpt lat="46.378763" lon="6.217727">
        <ele>419.3</ele>
        <time>2026-08-07T16:34:24Z</time>
      </trkpt>
      <trkpt lat="46.378743" lon="6.217676">
        <ele>419.4</ele>
        <time>2026-08-07T16:34:25Z</time>
      </trkpt>
      <trkpt lat="46.378717" lon="6.217637">
        <ele>419.4</ele>
        <time>2026-08-07T16:34:26Z</time>
      </trkpt>
      <trkpt lat="46.378696" lon="6.217589">
        <ele>419.5</ele>
        <time>2026-08-07T16:34:27Z</time>
      </trkpt>
      <trkpt lat="46.37867" lon="6.217538">
        <ele>419.6</ele>
        <time>2026-08-07T16:34:28Z</time>
      </trkpt>
      <trkpt lat="46.378645" lon="6.21749">
        <ele>419.6</ele>
        <time>2026-08-07T16:34:29Z</time>
      </trkpt>
      <trkpt lat="46.378628" lon="6.217431">
        <ele>419.7</ele>
        <time>2026-08-07T16:34:30Z</time>
      </trkpt>
      <trkpt lat="46.378603" lon="6.217379">
        <ele>419.8</ele>
        <time>2026-08-07T16:34:31Z</time>
      </trkpt>
      <trkpt lat="46.378583" lon="6.217327">
        <ele>419.8</ele>
        <time>2026-08-07T16:34:32Z</time>
      </trkpt>
      <trkpt lat="46.378559" lon="6.217275">
        <ele>419.9</ele>
        <time>2026-08-07T16:34:33Z</time>
      </trkpt>
      <trkpt lat="46.378535" lon="6.217211">
        <ele>419.9</ele>
        <time>2026-08-07T16:34:34Z</time>
      </trkpt>
      <trkpt lat="46.378511" lon="6.217152">
        <ele>420.0</ele>
        <time>2026-08-07T16:34:35Z</time>
      </trkpt>
      <trkpt lat="46.378487" lon="6.217094">
        <ele>420.0</ele>
        <time>2026-08-07T16:34:36Z</time>
      </trkpt>
      <trkpt lat="46.378461" lon="6.217036">
        <ele>420.1</ele>
        <time>2026-08-07T16:34:37Z</time>
      </trkpt>
      <trkpt lat="46.378434" lon="6.216974">
        <ele>420.1</ele>
        <time>2026-08-07T16:34:38Z</time>
      </trkpt>
      <trkpt lat="46.378408" lon="6.216911">
        <ele>420.2</ele>
        <time>2026-08-07T16:34:39Z</time>
      </trkpt>
      <trkpt lat="46.378381" lon="6.21685">
        <ele>420.3</ele>
        <time>2026-08-07T16:34:40Z</time>
      </trkpt>
      <trkpt lat="46.378354" lon="6.216784">
        <ele>420.3</ele>
        <time>2026-08-07T16:34:41Z</time>
      </trkpt>
      <trkpt lat="46.378327" lon="6.216721">
        <ele>420.4</ele>
        <time>2026-08-07T16:34:42Z</time>
      </trkpt>
      <trkpt lat="46.378299" lon="6.21666">
        <ele>420.4</ele>
        <time>2026-08-07T16:34:43Z</time>
      </trkpt>
      <trkpt lat="46.378274" lon="6.216596">
        <ele>420.5</ele>
        <time>2026-08-07T16:34:44Z</time>
      </trkpt>
      <trkpt lat="46.378248" lon="6.216545">
        <ele>420.5</ele>
        <time>2026-08-07T16:34:45Z</time>
      </trkpt>
      <trkpt lat="46.378218" lon="6.216472">
        <ele>420.6</ele>
        <time>2026-08-07T16:34:46Z</time>
      </trkpt>
      <trkpt lat="46.378188" lon="6.216408">
        <ele>420.7</ele>
        <time>2026-08-07T16:34:47Z</time>
      </trkpt>
      <trkpt lat="46.378168" lon="6.216346">
        <ele>420.7</ele>
        <time>2026-08-07T16:34:48Z</time>
      </trkpt>
      <trkpt lat="46.378138" lon="6.216279">
        <ele>420.8</ele>
        <time>2026-08-07T16:34:49Z</time>
      </trkpt>
      <trkpt lat="46.37811" lon="6.216217">
        <ele>420.8</ele>
        <time>2026-08-07T16:34:50Z</time>
      </trkpt>
      <trkpt lat="46.37808" lon="6.216147">
        <ele>420.9</ele>
        <time>2026-08-07T16:34:51Z</time>
      </trkpt>
      <trkpt lat="46.378057" lon="6.216092">
        <ele>420.9</ele>
        <time>2026-08-07T16:34:52Z</time>
      </trkpt>
      <trkpt lat="46.378031" lon="6.216025">
        <ele>420.9</ele>
        <time>2026-08-07T16:34:53Z</time>
      </trkpt>
      <trkpt lat="46.378002" lon="6.215962">
        <ele>421.0</ele>
        <time>2026-08-07T16:34:54Z</time>
      </trkpt>
      <trkpt lat="46.377974" lon="6.2159">
        <ele>421.1</ele>
        <time>2026-08-07T16:34:55Z</time>
      </trkpt>
      <trkpt lat="46.377947" lon="6.215837">
        <ele>421.1</ele>
        <time>2026-08-07T16:34:56Z</time>
      </trkpt>
      <trkpt lat="46.377919" lon="6.215771">
        <ele>421.2</ele>
        <time>2026-08-07T16:34:57Z</time>
      </trkpt>
      <trkpt lat="46.377892" lon="6.215713">
        <ele>421.2</ele>
        <time>2026-08-07T16:34:58Z</time>
      </trkpt>
      <trkpt lat="46.377866" lon="6.215652">
        <ele>421.3</ele>
        <time>2026-08-07T16:34:59Z</time>
      </trkpt>
      <trkpt lat="46.377837" lon="6.215582">
        <ele>421.3</ele>
        <time>2026-08-07T16:35:00Z</time>
      </trkpt>
      <trkpt lat="46.377808" lon="6.215523">
        <ele>421.3</ele>
        <time>2026-08-07T16:35:01Z</time>
      </trkpt>
      <trkpt lat="46.37778" lon="6.215454">
        <ele>421.4</ele>
        <time>2026-08-07T16:35:02Z</time>
      </trkpt>
      <trkpt lat="46.377754" lon="6.215391">
        <ele>421.4</ele>
        <time>2026-08-07T16:35:03Z</time>
      </trkpt>
      <trkpt lat="46.377722" lon="6.215322">
        <ele>421.5</ele>
        <time>2026-08-07T16:35:04Z</time>
      </trkpt>
      <trkpt lat="46.377692" lon="6.215247">
        <ele>421.5</ele>
        <time>2026-08-07T16:35:05Z</time>
      </trkpt>
      <trkpt lat="46.377667" lon="6.215182">
        <ele>421.6</ele>
        <time>2026-08-07T16:35:06Z</time>
      </trkpt>
      <trkpt lat="46.377636" lon="6.215119">
        <ele>421.6</ele>
        <time>2026-08-07T16:35:07Z</time>
      </trkpt>
      <trkpt lat="46.37761" lon="6.215058">
        <ele>421.7</ele>
        <time>2026-08-07T16:35:08Z</time>
      </trkpt>
      <trkpt lat="46.377579" lon="6.214997">
        <ele>421.8</ele>
        <time>2026-08-07T16:35:09Z</time>
      </trkpt>
      <trkpt lat="46.377551" lon="6.214929">
        <ele>421.8</ele>
        <time>2026-08-07T16:35:10Z</time>
      </trkpt>
      <trkpt lat="46.377524" lon="6.214863">
        <ele>421.9</ele>
        <time>2026-08-07T16:35:11Z</time>
      </trkpt>
      <trkpt lat="46.377499" lon="6.214814">
        <ele>421.9</ele>
        <time>2026-08-07T16:35:12Z</time>
      </trkpt>
      <trkpt lat="46.377471" lon="6.214799">
        <ele>422.0</ele>
        <time>2026-08-07T16:35:13Z</time>
      </trkpt>
      <trkpt lat="46.377443" lon="6.214792">
        <ele>422.0</ele>
        <time>2026-08-07T16:35:14Z</time>
      </trkpt>
      <trkpt lat="46.377413" lon="6.214619">
        <ele>422.2</ele>
        <time>2026-08-07T16:35:15Z</time>
      </trkpt>
      <trkpt lat="46.377387" lon="6.214553">
        <ele>422.2</ele>
        <time>2026-08-07T16:35:16Z</time>
      </trkpt>
      <trkpt lat="46.377362" lon="6.214482">
        <ele>422.3</ele>
        <time>2026-08-07T16:35:17Z</time>
      </trkpt>
      <trkpt lat="46.377342" lon="6.214414">
        <ele>422.3</ele>
        <time>2026-08-07T16:35:18Z</time>
      </trkpt>
      <trkpt lat="46.377329" lon="6.214349">
        <ele>422.3</ele>
        <time>2026-08-07T16:35:19Z</time>
      </trkpt>
      <trkpt lat="46.377304" lon="6.214271">
        <ele>422.4</ele>
        <time>2026-08-07T16:35:20Z</time>
      </trkpt>
      <trkpt lat="46.377285" lon="6.214195">
        <ele>422.4</ele>
        <time>2026-08-07T16:35:21Z</time>
      </trkpt>
      <trkpt lat="46.377267" lon="6.21412">
        <ele>422.5</ele>
        <time>2026-08-07T16:35:22Z</time>
      </trkpt>
      <trkpt lat="46.377245" lon="6.214049">
        <ele>422.5</ele>
        <time>2026-08-07T16:35:23Z</time>
      </trkpt>
      <trkpt lat="46.377225" lon="6.213977">
        <ele>422.6</ele>
        <time>2026-08-07T16:35:24Z</time>
      </trkpt>
      <trkpt lat="46.377206" lon="6.213906">
        <ele>422.6</ele>
        <time>2026-08-07T16:35:25Z</time>
      </trkpt>
      <trkpt lat="46.377188" lon="6.213834">
        <ele>422.7</ele>
        <time>2026-08-07T16:35:26Z</time>
      </trkpt>
      <trkpt lat="46.377172" lon="6.213769">
        <ele>422.8</ele>
        <time>2026-08-07T16:35:27Z</time>
      </trkpt>
      <trkpt lat="46.377154" lon="6.213696">
        <ele>422.9</ele>
        <time>2026-08-07T16:35:28Z</time>
      </trkpt>
      <trkpt lat="46.377139" lon="6.213627">
        <ele>422.9</ele>
        <time>2026-08-07T16:35:29Z</time>
      </trkpt>
      <trkpt lat="46.37712" lon="6.213569">
        <ele>423.0</ele>
        <time>2026-08-07T16:35:30Z</time>
      </trkpt>
      <trkpt lat="46.377101" lon="6.213497">
        <ele>423.1</ele>
        <time>2026-08-07T16:35:31Z</time>
      </trkpt>
      <trkpt lat="46.377086" lon="6.213429">
        <ele>423.2</ele>
        <time>2026-08-07T16:35:32Z</time>
      </trkpt>
      <trkpt lat="46.377065" lon="6.213361">
        <ele>423.3</ele>
        <time>2026-08-07T16:35:33Z</time>
      </trkpt>
      <trkpt lat="46.377039" lon="6.213295">
        <ele>423.4</ele>
        <time>2026-08-07T16:35:34Z</time>
      </trkpt>
      <trkpt lat="46.377018" lon="6.213226">
        <ele>423.5</ele>
        <time>2026-08-07T16:35:35Z</time>
      </trkpt>
      <trkpt lat="46.376997" lon="6.213159">
        <ele>423.6</ele>
        <time>2026-08-07T16:35:36Z</time>
      </trkpt>
      <trkpt lat="46.376984" lon="6.21309">
        <ele>423.7</ele>
        <time>2026-08-07T16:35:37Z</time>
      </trkpt>
      <trkpt lat="46.376967" lon="6.213026">
        <ele>423.8</ele>
        <time>2026-08-07T16:35:38Z</time>
      </trkpt>
      <trkpt lat="46.376949" lon="6.212963">
        <ele>423.9</ele>
        <time>2026-08-07T16:35:39Z</time>
      </trkpt>
      <trkpt lat="46.376931" lon="6.2129">
        <ele>424.0</ele>
        <time>2026-08-07T16:35:40Z</time>
      </trkpt>
      <trkpt lat="46.376918" lon="6.212835">
        <ele>424.1</ele>
        <time>2026-08-07T16:35:41Z</time>
      </trkpt>
      <trkpt lat="46.376902" lon="6.212776">
        <ele>424.2</ele>
        <time>2026-08-07T16:35:42Z</time>
      </trkpt>
      <trkpt lat="46.376885" lon="6.212714">
        <ele>424.4</ele>
        <time>2026-08-07T16:35:43Z</time>
      </trkpt>
      <trkpt lat="46.376866" lon="6.212652">
        <ele>424.5</ele>
        <time>2026-08-07T16:35:44Z</time>
      </trkpt>
      <trkpt lat="46.37685" lon="6.212589">
        <ele>424.7</ele>
        <time>2026-08-07T16:35:45Z</time>
      </trkpt>
      <trkpt lat="46.376833" lon="6.212529">
        <ele>424.8</ele>
        <time>2026-08-07T16:35:46Z</time>
      </trkpt>
      <trkpt lat="46.376818" lon="6.21247">
        <ele>425.0</ele>
        <time>2026-08-07T16:35:47Z</time>
      </trkpt>
      <trkpt lat="46.376805" lon="6.212413">
        <ele>425.2</ele>
        <time>2026-08-07T16:35:48Z</time>
      </trkpt>
      <trkpt lat="46.376791" lon="6.212354">
        <ele>425.4</ele>
        <time>2026-08-07T16:35:49Z</time>
      </trkpt>
      <trkpt lat="46.376776" lon="6.212301">
        <ele>425.5</ele>
        <time>2026-08-07T16:35:50Z</time>
      </trkpt>
      <trkpt lat="46.37676" lon="6.212248">
        <ele>425.7</ele>
        <time>2026-08-07T16:35:51Z</time>
      </trkpt>
      <trkpt lat="46.376744" lon="6.212193">
        <ele>425.9</ele>
        <time>2026-08-07T16:35:52Z</time>
      </trkpt>
      <trkpt lat="46.376729" lon="6.212142">
        <ele>426.0</ele>
        <time>2026-08-07T16:35:53Z</time>
      </trkpt>
      <trkpt lat="46.376714" lon="6.212089">
        <ele>426.2</ele>
        <time>2026-08-07T16:35:54Z</time>
      </trkpt>
      <trkpt lat="46.376699" lon="6.212039">
        <ele>426.4</ele>
        <time>2026-08-07T16:35:55Z</time>
      </trkpt>
      <trkpt lat="46.376684" lon="6.211988">
        <ele>426.5</ele>
        <time>2026-08-07T16:35:56Z</time>
      </trkpt>
      <trkpt lat="46.376671" lon="6.211936">
        <ele>426.7</ele>
        <time>2026-08-07T16:35:57Z</time>
      </trkpt>
      <trkpt lat="46.376656" lon="6.211884">
        <ele>426.9</ele>
        <time>2026-08-07T16:35:58Z</time>
      </trkpt>
      <trkpt lat="46.376641" lon="6.211833">
        <ele>427.0</ele>
        <time>2026-08-07T16:35:59Z</time>
      </trkpt>
      <trkpt lat="46.376626" lon="6.211793">
        <ele>427.2</ele>
        <time>2026-08-07T16:36:00Z</time>
      </trkpt>
      <trkpt lat="46.37661" lon="6.211737">
        <ele>427.4</ele>
        <time>2026-08-07T16:36:01Z</time>
      </trkpt>
      <trkpt lat="46.376599" lon="6.211683">
        <ele>427.6</ele>
        <time>2026-08-07T16:36:02Z</time>
      </trkpt>
      <trkpt lat="46.376584" lon="6.211637">
        <ele>427.8</ele>
        <time>2026-08-07T16:36:03Z</time>
      </trkpt>
      <trkpt lat="46.37657" lon="6.211591">
        <ele>428.0</ele>
        <time>2026-08-07T16:36:04Z</time>
      </trkpt>
      <trkpt lat="46.376554" lon="6.211537">
        <ele>428.2</ele>
        <time>2026-08-07T16:36:05Z</time>
      </trkpt>
      <trkpt lat="46.376543" lon="6.211485">
        <ele>428.4</ele>
        <time>2026-08-07T16:36:06Z</time>
      </trkpt>
      <trkpt lat="46.376529" lon="6.211445">
        <ele>428.5</ele>
        <time>2026-08-07T16:36:07Z</time>
      </trkpt>
      <trkpt lat="46.376519" lon="6.211402">
        <ele>428.7</ele>
        <time>2026-08-07T16:36:08Z</time>
      </trkpt>
      <trkpt lat="46.376508" lon="6.211353">
        <ele>428.9</ele>
        <time>2026-08-07T16:36:09Z</time>
      </trkpt>
      <trkpt lat="46.376497" lon="6.211305">
        <ele>429.0</ele>
        <time>2026-08-07T16:36:10Z</time>
      </trkpt>
      <trkpt lat="46.376481" lon="6.211258">
        <ele>429.2</ele>
        <time>2026-08-07T16:36:11Z</time>
      </trkpt>
      <trkpt lat="46.376465" lon="6.211213">
        <ele>429.3</ele>
        <time>2026-08-07T16:36:12Z</time>
      </trkpt>
      <trkpt lat="46.376451" lon="6.211165">
        <ele>429.4</ele>
        <time>2026-08-07T16:36:13Z</time>
      </trkpt>
      <trkpt lat="46.376438" lon="6.211118">
        <ele>429.5</ele>
        <time>2026-08-07T16:36:14Z</time>
      </trkpt>
      <trkpt lat="46.376424" lon="6.211073">
        <ele>429.5</ele>
        <time>2026-08-07T16:36:15Z</time>
      </trkpt>
      <trkpt lat="46.376406" lon="6.211021">
        <ele>429.5</ele>
        <time>2026-08-07T16:36:16Z</time>
      </trkpt>
      <trkpt lat="46.376388" lon="6.210976">
        <ele>429.5</ele>
        <time>2026-08-07T16:36:17Z</time>
      </trkpt>
      <trkpt lat="46.376373" lon="6.210928">
        <ele>429.5</ele>
        <time>2026-08-07T16:36:18Z</time>
      </trkpt>
      <trkpt lat="46.376357" lon="6.210877">
        <ele>429.5</ele>
        <time>2026-08-07T16:36:19Z</time>
      </trkpt>
      <trkpt lat="46.376341" lon="6.21082">
        <ele>429.4</ele>
        <time>2026-08-07T16:36:20Z</time>
      </trkpt>
      <trkpt lat="46.376321" lon="6.210762">
        <ele>429.3</ele>
        <time>2026-08-07T16:36:21Z</time>
      </trkpt>
      <trkpt lat="46.376299" lon="6.210703">
        <ele>429.2</ele>
        <time>2026-08-07T16:36:22Z</time>
      </trkpt>
      <trkpt lat="46.376276" lon="6.210637">
        <ele>429.0</ele>
        <time>2026-08-07T16:36:23Z</time>
      </trkpt>
      <trkpt lat="46.376252" lon="6.210566">
        <ele>428.8</ele>
        <time>2026-08-07T16:36:24Z</time>
      </trkpt>
      <trkpt lat="46.376224" lon="6.210494">
        <ele>428.6</ele>
        <time>2026-08-07T16:36:25Z</time>
      </trkpt>
      <trkpt lat="46.376199" lon="6.21042">
        <ele>428.4</ele>
        <time>2026-08-07T16:36:26Z</time>
      </trkpt>
      <trkpt lat="46.376168" lon="6.210346">
        <ele>428.2</ele>
        <time>2026-08-07T16:36:27Z</time>
      </trkpt>
      <trkpt lat="46.376137" lon="6.21027">
        <ele>428.0</ele>
        <time>2026-08-07T16:36:28Z</time>
      </trkpt>
      <trkpt lat="46.376107" lon="6.21019">
        <ele>427.8</ele>
        <time>2026-08-07T16:36:29Z</time>
      </trkpt>
      <trkpt lat="46.376076" lon="6.21011">
        <ele>427.7</ele>
        <time>2026-08-07T16:36:30Z</time>
      </trkpt>
      <trkpt lat="46.376043" lon="6.210032">
        <ele>427.6</ele>
        <time>2026-08-07T16:36:31Z</time>
      </trkpt>
      <trkpt lat="46.376009" lon="6.209957">
        <ele>427.5</ele>
        <time>2026-08-07T16:36:32Z</time>
      </trkpt>
      <trkpt lat="46.375975" lon="6.209883">
        <ele>427.4</ele>
        <time>2026-08-07T16:36:33Z</time>
      </trkpt>
      <trkpt lat="46.375937" lon="6.209816">
        <ele>427.3</ele>
        <time>2026-08-07T16:36:34Z</time>
      </trkpt>
      <trkpt lat="46.375902" lon="6.209746">
        <ele>427.3</ele>
        <time>2026-08-07T16:36:35Z</time>
      </trkpt>
      <trkpt lat="46.375867" lon="6.209678">
        <ele>427.3</ele>
        <time>2026-08-07T16:36:36Z</time>
      </trkpt>
      <trkpt lat="46.375834" lon="6.20961">
        <ele>427.2</ele>
        <time>2026-08-07T16:36:37Z</time>
      </trkpt>
      <trkpt lat="46.375805" lon="6.209543">
        <ele>427.3</ele>
        <time>2026-08-07T16:36:38Z</time>
      </trkpt>
      <trkpt lat="46.375773" lon="6.2095">
        <ele>427.3</ele>
        <time>2026-08-07T16:36:39Z</time>
      </trkpt>
      <trkpt lat="46.375731" lon="6.209497">
        <ele>427.3</ele>
        <time>2026-08-07T16:36:40Z</time>
      </trkpt>
      <trkpt lat="46.375697" lon="6.209539">
        <ele>427.4</ele>
        <time>2026-08-07T16:36:41Z</time>
      </trkpt>
      <trkpt lat="46.375675" lon="6.209597">
        <ele>427.5</ele>
        <time>2026-08-07T16:36:42Z</time>
      </trkpt>
      <trkpt lat="46.375652" lon="6.20965">
        <ele>427.6</ele>
        <time>2026-08-07T16:36:43Z</time>
      </trkpt>
      <trkpt lat="46.375627" lon="6.209693">
        <ele>427.7</ele>
        <time>2026-08-07T16:36:44Z</time>
      </trkpt>
      <trkpt lat="46.375596" lon="6.209731">
        <ele>427.9</ele>
        <time>2026-08-07T16:36:45Z</time>
      </trkpt>
      <trkpt lat="46.375566" lon="6.209774">
        <ele>428.0</ele>
        <time>2026-08-07T16:36:46Z</time>
      </trkpt>
      <trkpt lat="46.375538" lon="6.209816">
        <ele>428.1</ele>
        <time>2026-08-07T16:36:47Z</time>
      </trkpt>
      <trkpt lat="46.375513" lon="6.20986">
        <ele>428.2</ele>
        <time>2026-08-07T16:36:48Z</time>
      </trkpt>
      <trkpt lat="46.375485" lon="6.2099">
        <ele>428.4</ele>
        <time>2026-08-07T16:36:49Z</time>
      </trkpt>
      <trkpt lat="46.375457" lon="6.209938">
        <ele>428.5</ele>
        <time>2026-08-07T16:36:50Z</time>
      </trkpt>
      <trkpt lat="46.375431" lon="6.209979">
        <ele>428.7</ele>
        <time>2026-08-07T16:36:51Z</time>
      </trkpt>
      <trkpt lat="46.375405" lon="6.210027">
        <ele>428.9</ele>
        <time>2026-08-07T16:36:52Z</time>
      </trkpt>
      <trkpt lat="46.375377" lon="6.210067">
        <ele>429.0</ele>
        <time>2026-08-07T16:36:53Z</time>
      </trkpt>
      <trkpt lat="46.375349" lon="6.210103">
        <ele>429.2</ele>
        <time>2026-08-07T16:36:54Z</time>
      </trkpt>
      <trkpt lat="46.375324" lon="6.21014">
        <ele>429.4</ele>
        <time>2026-08-07T16:36:55Z</time>
      </trkpt>
      <trkpt lat="46.3753" lon="6.210178">
        <ele>429.6</ele>
        <time>2026-08-07T16:36:56Z</time>
      </trkpt>
      <trkpt lat="46.375276" lon="6.210211">
        <ele>429.8</ele>
        <time>2026-08-07T16:36:57Z</time>
      </trkpt>
      <trkpt lat="46.375253" lon="6.210245">
        <ele>430.0</ele>
        <time>2026-08-07T16:36:58Z</time>
      </trkpt>
      <trkpt lat="46.37523" lon="6.210278">
        <ele>430.2</ele>
        <time>2026-08-07T16:36:59Z</time>
      </trkpt>
      <trkpt lat="46.375212" lon="6.210318">
        <ele>430.4</ele>
        <time>2026-08-07T16:37:00Z</time>
      </trkpt>
      <trkpt lat="46.375192" lon="6.210354">
        <ele>430.6</ele>
        <time>2026-08-07T16:37:01Z</time>
      </trkpt>
      <trkpt lat="46.37517" lon="6.210389">
        <ele>430.8</ele>
        <time>2026-08-07T16:37:02Z</time>
      </trkpt>
      <trkpt lat="46.375151" lon="6.210421">
        <ele>430.9</ele>
        <time>2026-08-07T16:37:03Z</time>
      </trkpt>
      <trkpt lat="46.375132" lon="6.21045">
        <ele>431.1</ele>
        <time>2026-08-07T16:37:04Z</time>
      </trkpt>
      <trkpt lat="46.375112" lon="6.210483">
        <ele>431.3</ele>
        <time>2026-08-07T16:37:05Z</time>
      </trkpt>
      <trkpt lat="46.375092" lon="6.210513">
        <ele>431.5</ele>
        <time>2026-08-07T16:37:06Z</time>
      </trkpt>
      <trkpt lat="46.375075" lon="6.210542">
        <ele>431.6</ele>
        <time>2026-08-07T16:37:07Z</time>
      </trkpt>
      <trkpt lat="46.375058" lon="6.210573">
        <ele>431.8</ele>
        <time>2026-08-07T16:37:08Z</time>
      </trkpt>
      <trkpt lat="46.375034" lon="6.210599">
        <ele>431.9</ele>
        <time>2026-08-07T16:37:09Z</time>
      </trkpt>
      <trkpt lat="46.375013" lon="6.210628">
        <ele>432.1</ele>
        <time>2026-08-07T16:37:10Z</time>
      </trkpt>
      <trkpt lat="46.374992" lon="6.210658">
        <ele>432.3</ele>
        <time>2026-08-07T16:37:11Z</time>
      </trkpt>
      <trkpt lat="46.37497" lon="6.210689">
        <ele>432.4</ele>
        <time>2026-08-07T16:37:12Z</time>
      </trkpt>
      <trkpt lat="46.374952" lon="6.210722">
        <ele>432.5</ele>
        <time>2026-08-07T16:37:13Z</time>
      </trkpt>
      <trkpt lat="46.374933" lon="6.210752">
        <ele>432.7</ele>
        <time>2026-08-07T16:37:14Z</time>
      </trkpt>
      <trkpt lat="46.374911" lon="6.210784">
        <ele>432.8</ele>
        <time>2026-08-07T16:37:15Z</time>
      </trkpt>
      <trkpt lat="46.37489" lon="6.210816">
        <ele>432.9</ele>
        <time>2026-08-07T16:37:16Z</time>
      </trkpt>
      <trkpt lat="46.374862" lon="6.210844">
        <ele>433.0</ele>
        <time>2026-08-07T16:37:17Z</time>
      </trkpt>
      <trkpt lat="46.37484" lon="6.210878">
        <ele>433.2</ele>
        <time>2026-08-07T16:37:18Z</time>
      </trkpt>
      <trkpt lat="46.37482" lon="6.210914">
        <ele>433.3</ele>
        <time>2026-08-07T16:37:19Z</time>
      </trkpt>
      <trkpt lat="46.374806" lon="6.210951">
        <ele>433.3</ele>
        <time>2026-08-07T16:37:20Z</time>
      </trkpt>
      <trkpt lat="46.374784" lon="6.210986">
        <ele>433.4</ele>
        <time>2026-08-07T16:37:21Z</time>
      </trkpt>
      <trkpt lat="46.374761" lon="6.211025">
        <ele>433.5</ele>
        <time>2026-08-07T16:37:22Z</time>
      </trkpt>
      <trkpt lat="46.37474" lon="6.211062">
        <ele>433.5</ele>
        <time>2026-08-07T16:37:23Z</time>
      </trkpt>
      <trkpt lat="46.374715" lon="6.211104">
        <ele>433.6</ele>
        <time>2026-08-07T16:37:24Z</time>
      </trkpt>
      <trkpt lat="46.374691" lon="6.211141">
        <ele>433.6</ele>
        <time>2026-08-07T16:37:25Z</time>
      </trkpt>
      <trkpt lat="46.374667" lon="6.21118">
        <ele>433.7</ele>
        <time>2026-08-07T16:37:26Z</time>
      </trkpt>
      <trkpt lat="46.374641" lon="6.211224">
        <ele>433.7</ele>
        <time>2026-08-07T16:37:27Z</time>
      </trkpt>
      <trkpt lat="46.374614" lon="6.211269">
        <ele>433.7</ele>
        <time>2026-08-07T16:37:28Z</time>
      </trkpt>
      <trkpt lat="46.374584" lon="6.211317">
        <ele>433.7</ele>
        <time>2026-08-07T16:37:29Z</time>
      </trkpt>
      <trkpt lat="46.374556" lon="6.211367">
        <ele>433.7</ele>
        <time>2026-08-07T16:37:30Z</time>
      </trkpt>
      <trkpt lat="46.374527" lon="6.211416">
        <ele>433.7</ele>
        <time>2026-08-07T16:37:31Z</time>
      </trkpt>
      <trkpt lat="46.374497" lon="6.211466">
        <ele>433.7</ele>
        <time>2026-08-07T16:37:32Z</time>
      </trkpt>
      <trkpt lat="46.374465" lon="6.211514">
        <ele>433.7</ele>
        <time>2026-08-07T16:37:33Z</time>
      </trkpt>
      <trkpt lat="46.374437" lon="6.211561">
        <ele>433.8</ele>
        <time>2026-08-07T16:37:34Z</time>
      </trkpt>
      <trkpt lat="46.374411" lon="6.211612">
        <ele>433.8</ele>
        <time>2026-08-07T16:37:35Z</time>
      </trkpt>
      <trkpt lat="46.374379" lon="6.211662">
        <ele>433.8</ele>
        <time>2026-08-07T16:37:36Z</time>
      </trkpt>
      <trkpt lat="46.374348" lon="6.211709">
        <ele>433.8</ele>
        <time>2026-08-07T16:37:37Z</time>
      </trkpt>
      <trkpt lat="46.374312" lon="6.211757">
        <ele>433.8</ele>
        <time>2026-08-07T16:37:38Z</time>
      </trkpt>
      <trkpt lat="46.374281" lon="6.211804">
        <ele>433.9</ele>
        <time>2026-08-07T16:37:39Z</time>
      </trkpt>
      <trkpt lat="46.374239" lon="6.211839">
        <ele>434.0</ele>
        <time>2026-08-07T16:37:40Z</time>
      </trkpt>
      <trkpt lat="46.374195" lon="6.211847">
        <ele>434.0</ele>
        <time>2026-08-07T16:37:41Z</time>
      </trkpt>
      <trkpt lat="46.374156" lon="6.21183">
        <ele>434.1</ele>
        <time>2026-08-07T16:37:42Z</time>
      </trkpt>
      <trkpt lat="46.374123" lon="6.211794">
        <ele>434.2</ele>
        <time>2026-08-07T16:37:43Z</time>
      </trkpt>
      <trkpt lat="46.374093" lon="6.211745">
        <ele>434.3</ele>
        <time>2026-08-07T16:37:44Z</time>
      </trkpt>
      <trkpt lat="46.374059" lon="6.211709">
        <ele>434.3</ele>
        <time>2026-08-07T16:37:45Z</time>
      </trkpt>
      <trkpt lat="46.374024" lon="6.211686">
        <ele>434.4</ele>
        <time>2026-08-07T16:37:46Z</time>
      </trkpt>
      <trkpt lat="46.373987" lon="6.211665">
        <ele>434.4</ele>
        <time>2026-08-07T16:37:47Z</time>
      </trkpt>
      <trkpt lat="46.373959" lon="6.211621">
        <ele>434.5</ele>
        <time>2026-08-07T16:37:48Z</time>
      </trkpt>
      <trkpt lat="46.373924" lon="6.211586">
        <ele>434.6</ele>
        <time>2026-08-07T16:37:49Z</time>
      </trkpt>
      <trkpt lat="46.373893" lon="6.211556">
        <ele>434.7</ele>
        <time>2026-08-07T16:37:50Z</time>
      </trkpt>
      <trkpt lat="46.373859" lon="6.211535">
        <ele>434.8</ele>
        <time>2026-08-07T16:37:51Z</time>
      </trkpt>
      <trkpt lat="46.373818" lon="6.211505">
        <ele>434.8</ele>
        <time>2026-08-07T16:37:52Z</time>
      </trkpt>
      <trkpt lat="46.373781" lon="6.211475">
        <ele>434.9</ele>
        <time>2026-08-07T16:37:53Z</time>
      </trkpt>
      <trkpt lat="46.373743" lon="6.211451">
        <ele>435.0</ele>
        <time>2026-08-07T16:37:54Z</time>
      </trkpt>
      <trkpt lat="46.373703" lon="6.211425">
        <ele>435.1</ele>
        <time>2026-08-07T16:37:55Z</time>
      </trkpt>
      <trkpt lat="46.373663" lon="6.211388">
        <ele>435.2</ele>
        <time>2026-08-07T16:37:56Z</time>
      </trkpt>
      <trkpt lat="46.373621" lon="6.211359">
        <ele>435.2</ele>
        <time>2026-08-07T16:37:57Z</time>
      </trkpt>
      <trkpt lat="46.373581" lon="6.211341">
        <ele>435.3</ele>
        <time>2026-08-07T16:37:58Z</time>
      </trkpt>
      <trkpt lat="46.373541" lon="6.211318">
        <ele>435.4</ele>
        <time>2026-08-07T16:37:59Z</time>
      </trkpt>
      <trkpt lat="46.373501" lon="6.211302">
        <ele>435.5</ele>
        <time>2026-08-07T16:38:00Z</time>
      </trkpt>
      <trkpt lat="46.373458" lon="6.21128">
        <ele>435.6</ele>
        <time>2026-08-07T16:38:01Z</time>
      </trkpt>
      <trkpt lat="46.373416" lon="6.211265">
        <ele>435.7</ele>
        <time>2026-08-07T16:38:02Z</time>
      </trkpt>
      <trkpt lat="46.373374" lon="6.211254">
        <ele>435.7</ele>
        <time>2026-08-07T16:38:03Z</time>
      </trkpt>
      <trkpt lat="46.373331" lon="6.211236">
        <ele>435.8</ele>
        <time>2026-08-07T16:38:04Z</time>
      </trkpt>
      <trkpt lat="46.373289" lon="6.211224">
        <ele>435.9</ele>
        <time>2026-08-07T16:38:05Z</time>
      </trkpt>
      <trkpt lat="46.373245" lon="6.211213">
        <ele>435.9</ele>
        <time>2026-08-07T16:38:06Z</time>
      </trkpt>
      <trkpt lat="46.373203" lon="6.211202">
        <ele>436.0</ele>
        <time>2026-08-07T16:38:07Z</time>
      </trkpt>
      <trkpt lat="46.373159" lon="6.211192">
        <ele>436.0</ele>
        <time>2026-08-07T16:38:08Z</time>
      </trkpt>
      <trkpt lat="46.373115" lon="6.211178">
        <ele>436.0</ele>
        <time>2026-08-07T16:38:09Z</time>
      </trkpt>
      <trkpt lat="46.373072" lon="6.211168">
        <ele>436.0</ele>
        <time>2026-08-07T16:38:10Z</time>
      </trkpt>
      <trkpt lat="46.373028" lon="6.211151">
        <ele>436.0</ele>
        <time>2026-08-07T16:38:11Z</time>
      </trkpt>
      <trkpt lat="46.372982" lon="6.211142">
        <ele>436.0</ele>
        <time>2026-08-07T16:38:12Z</time>
      </trkpt>
      <trkpt lat="46.372935" lon="6.211135">
        <ele>436.0</ele>
        <time>2026-08-07T16:38:13Z</time>
      </trkpt>
      <trkpt lat="46.372885" lon="6.211121">
        <ele>435.9</ele>
        <time>2026-08-07T16:38:14Z</time>
      </trkpt>
      <trkpt lat="46.372836" lon="6.211115">
        <ele>435.9</ele>
        <time>2026-08-07T16:38:15Z</time>
      </trkpt>
      <trkpt lat="46.372786" lon="6.211106">
        <ele>435.9</ele>
        <time>2026-08-07T16:38:16Z</time>
      </trkpt>
      <trkpt lat="46.372736" lon="6.211095">
        <ele>435.9</ele>
        <time>2026-08-07T16:38:17Z</time>
      </trkpt>
      <trkpt lat="46.372687" lon="6.211091">
        <ele>435.8</ele>
        <time>2026-08-07T16:38:18Z</time>
      </trkpt>
      <trkpt lat="46.372635" lon="6.21108">
        <ele>435.8</ele>
        <time>2026-08-07T16:38:19Z</time>
      </trkpt>
      <trkpt lat="46.372585" lon="6.211073">
        <ele>435.8</ele>
        <time>2026-08-07T16:38:20Z</time>
      </trkpt>
      <trkpt lat="46.372532" lon="6.211065">
        <ele>435.8</ele>
        <time>2026-08-07T16:38:21Z</time>
      </trkpt>
      <trkpt lat="46.372479" lon="6.211056">
        <ele>435.7</ele>
        <time>2026-08-07T16:38:22Z</time>
      </trkpt>
      <trkpt lat="46.372428" lon="6.211048">
        <ele>435.7</ele>
        <time>2026-08-07T16:38:23Z</time>
      </trkpt>
      <trkpt lat="46.372375" lon="6.211047">
        <ele>435.7</ele>
        <time>2026-08-07T16:38:24Z</time>
      </trkpt>
      <trkpt lat="46.372322" lon="6.211041">
        <ele>435.7</ele>
        <time>2026-08-07T16:38:25Z</time>
      </trkpt>
      <trkpt lat="46.37227" lon="6.211028">
        <ele>435.7</ele>
        <time>2026-08-07T16:38:26Z</time>
      </trkpt>
      <trkpt lat="46.372215" lon="6.211019">
        <ele>435.6</ele>
        <time>2026-08-07T16:38:27Z</time>
      </trkpt>
      <trkpt lat="46.37216" lon="6.211015">
        <ele>435.6</ele>
        <time>2026-08-07T16:38:28Z</time>
      </trkpt>
      <trkpt lat="46.372105" lon="6.211014">
        <ele>435.6</ele>
        <time>2026-08-07T16:38:29Z</time>
      </trkpt>
      <trkpt lat="46.37205" lon="6.211002">
        <ele>435.6</ele>
        <time>2026-08-07T16:38:30Z</time>
      </trkpt>
      <trkpt lat="46.371997" lon="6.211">
        <ele>435.6</ele>
        <time>2026-08-07T16:38:31Z</time>
      </trkpt>
      <trkpt lat="46.371944" lon="6.211006">
        <ele>435.6</ele>
        <time>2026-08-07T16:38:32Z</time>
      </trkpt>
      <trkpt lat="46.371892" lon="6.211003">
        <ele>435.6</ele>
        <time>2026-08-07T16:38:33Z</time>
      </trkpt>
      <trkpt lat="46.371838" lon="6.210993">
        <ele>435.6</ele>
        <time>2026-08-07T16:38:34Z</time>
      </trkpt>
      <trkpt lat="46.371785" lon="6.21099">
        <ele>435.6</ele>
        <time>2026-08-07T16:38:35Z</time>
      </trkpt>
      <trkpt lat="46.371734" lon="6.210993">
        <ele>435.6</ele>
        <time>2026-08-07T16:38:36Z</time>
      </trkpt>
      <trkpt lat="46.371677" lon="6.21098">
        <ele>435.6</ele>
        <time>2026-08-07T16:38:37Z</time>
      </trkpt>
      <trkpt lat="46.371626" lon="6.210979">
        <ele>435.6</ele>
        <time>2026-08-07T16:38:38Z</time>
      </trkpt>
      <trkpt lat="46.371575" lon="6.210978">
        <ele>435.6</ele>
        <time>2026-08-07T16:38:39Z</time>
      </trkpt>
      <trkpt lat="46.371522" lon="6.210973">
        <ele>435.6</ele>
        <time>2026-08-07T16:38:40Z</time>
      </trkpt>
      <trkpt lat="46.371472" lon="6.210975">
        <ele>435.6</ele>
        <time>2026-08-07T16:38:41Z</time>
      </trkpt>
      <trkpt lat="46.371417" lon="6.210973">
        <ele>435.6</ele>
        <time>2026-08-07T16:38:42Z</time>
      </trkpt>
      <trkpt lat="46.371369" lon="6.210981">
        <ele>435.6</ele>
        <time>2026-08-07T16:38:43Z</time>
      </trkpt>
      <trkpt lat="46.371316" lon="6.210986">
        <ele>435.7</ele>
        <time>2026-08-07T16:38:44Z</time>
      </trkpt>
      <trkpt lat="46.371262" lon="6.210991">
        <ele>435.7</ele>
        <time>2026-08-07T16:38:45Z</time>
      </trkpt>
      <trkpt lat="46.371208" lon="6.210992">
        <ele>435.7</ele>
        <time>2026-08-07T16:38:46Z</time>
      </trkpt>
      <trkpt lat="46.371162" lon="6.211011">
        <ele>435.7</ele>
        <time>2026-08-07T16:38:47Z</time>
      </trkpt>
      <trkpt lat="46.371108" lon="6.211031">
        <ele>435.7</ele>
        <time>2026-08-07T16:38:48Z</time>
      </trkpt>
      <trkpt lat="46.371056" lon="6.211053">
        <ele>435.7</ele>
        <time>2026-08-07T16:38:49Z</time>
      </trkpt>
      <trkpt lat="46.371008" lon="6.21107">
        <ele>435.7</ele>
        <time>2026-08-07T16:38:50Z</time>
      </trkpt>
      <trkpt lat="46.370959" lon="6.211087">
        <ele>435.7</ele>
        <time>2026-08-07T16:38:51Z</time>
      </trkpt>
      <trkpt lat="46.370907" lon="6.211104">
        <ele>435.7</ele>
        <time>2026-08-07T16:38:52Z</time>
      </trkpt>
      <trkpt lat="46.370857" lon="6.211117">
        <ele>435.7</ele>
        <time>2026-08-07T16:38:53Z</time>
      </trkpt>
      <trkpt lat="46.370799" lon="6.211126">
        <ele>435.6</ele>
        <time>2026-08-07T16:38:54Z</time>
      </trkpt>
      <trkpt lat="46.370745" lon="6.211133">
        <ele>435.6</ele>
        <time>2026-08-07T16:38:55Z</time>
      </trkpt>
      <trkpt lat="46.370691" lon="6.211135">
        <ele>435.6</ele>
        <time>2026-08-07T16:38:56Z</time>
      </trkpt>
      <trkpt lat="46.370636" lon="6.211133">
        <ele>435.6</ele>
        <time>2026-08-07T16:38:57Z</time>
      </trkpt>
      <trkpt lat="46.370581" lon="6.21113">
        <ele>435.6</ele>
        <time>2026-08-07T16:38:58Z</time>
      </trkpt>
      <trkpt lat="46.370523" lon="6.211127">
        <ele>435.5</ele>
        <time>2026-08-07T16:38:59Z</time>
      </trkpt>
      <trkpt lat="46.370471" lon="6.211119">
        <ele>435.5</ele>
        <time>2026-08-07T16:39:00Z</time>
      </trkpt>
      <trkpt lat="46.370415" lon="6.211112">
        <ele>435.5</ele>
        <time>2026-08-07T16:39:01Z</time>
      </trkpt>
      <trkpt lat="46.370359" lon="6.211106">
        <ele>435.4</ele>
        <time>2026-08-07T16:39:02Z</time>
      </trkpt>
      <trkpt lat="46.370303" lon="6.211107">
        <ele>435.4</ele>
        <time>2026-08-07T16:39:03Z</time>
      </trkpt>
      <trkpt lat="46.370248" lon="6.21111">
        <ele>435.4</ele>
        <time>2026-08-07T16:39:04Z</time>
      </trkpt>
      <trkpt lat="46.37019" lon="6.211106">
        <ele>435.4</ele>
        <time>2026-08-07T16:39:05Z</time>
      </trkpt>
      <trkpt lat="46.370137" lon="6.211107">
        <ele>435.4</ele>
        <time>2026-08-07T16:39:06Z</time>
      </trkpt>
      <trkpt lat="46.370078" lon="6.211116">
        <ele>435.4</ele>
        <time>2026-08-07T16:39:07Z</time>
      </trkpt>
      <trkpt lat="46.370023" lon="6.211121">
        <ele>435.3</ele>
        <time>2026-08-07T16:39:08Z</time>
      </trkpt>
      <trkpt lat="46.369967" lon="6.211137">
        <ele>435.3</ele>
        <time>2026-08-07T16:39:09Z</time>
      </trkpt>
      <trkpt lat="46.369918" lon="6.211142">
        <ele>435.3</ele>
        <time>2026-08-07T16:39:10Z</time>
      </trkpt>
      <trkpt lat="46.369867" lon="6.21116">
        <ele>435.3</ele>
        <time>2026-08-07T16:39:11Z</time>
      </trkpt>
      <trkpt lat="46.369815" lon="6.211176">
        <ele>435.3</ele>
        <time>2026-08-07T16:39:12Z</time>
      </trkpt>
      <trkpt lat="46.369763" lon="6.211196">
        <ele>435.3</ele>
        <time>2026-08-07T16:39:13Z</time>
      </trkpt>
      <trkpt lat="46.36971" lon="6.211214">
        <ele>435.3</ele>
        <time>2026-08-07T16:39:14Z</time>
      </trkpt>
      <trkpt lat="46.369658" lon="6.211231">
        <ele>435.3</ele>
        <time>2026-08-07T16:39:15Z</time>
      </trkpt>
      <trkpt lat="46.369608" lon="6.211255">
        <ele>435.3</ele>
        <time>2026-08-07T16:39:16Z</time>
      </trkpt>
      <trkpt lat="46.369552" lon="6.21128">
        <ele>435.3</ele>
        <time>2026-08-07T16:39:17Z</time>
      </trkpt>
      <trkpt lat="46.369499" lon="6.211299">
        <ele>435.3</ele>
        <time>2026-08-07T16:39:18Z</time>
      </trkpt>
      <trkpt lat="46.369445" lon="6.211325">
        <ele>435.3</ele>
        <time>2026-08-07T16:39:19Z</time>
      </trkpt>
      <trkpt lat="46.369393" lon="6.211354">
        <ele>435.3</ele>
        <time>2026-08-07T16:39:20Z</time>
      </trkpt>
      <trkpt lat="46.369336" lon="6.211388">
        <ele>435.3</ele>
        <time>2026-08-07T16:39:21Z</time>
      </trkpt>
      <trkpt lat="46.369294" lon="6.211418">
        <ele>435.3</ele>
        <time>2026-08-07T16:39:22Z</time>
      </trkpt>
      <trkpt lat="46.369243" lon="6.211456">
        <ele>435.3</ele>
        <time>2026-08-07T16:39:23Z</time>
      </trkpt>
      <trkpt lat="46.369187" lon="6.211487">
        <ele>435.2</ele>
        <time>2026-08-07T16:39:24Z</time>
      </trkpt>
      <trkpt lat="46.369143" lon="6.21152">
        <ele>435.2</ele>
        <time>2026-08-07T16:39:25Z</time>
      </trkpt>
      <trkpt lat="46.369081" lon="6.211559">
        <ele>435.2</ele>
        <time>2026-08-07T16:39:26Z</time>
      </trkpt>
      <trkpt lat="46.369032" lon="6.211594">
        <ele>435.2</ele>
        <time>2026-08-07T16:39:27Z</time>
      </trkpt>
      <trkpt lat="46.36898" lon="6.211641">
        <ele>435.1</ele>
        <time>2026-08-07T16:39:28Z</time>
      </trkpt>
      <trkpt lat="46.368939" lon="6.211683">
        <ele>435.1</ele>
        <time>2026-08-07T16:39:29Z</time>
      </trkpt>
      <trkpt lat="46.368893" lon="6.211725">
        <ele>435.1</ele>
        <time>2026-08-07T16:39:30Z</time>
      </trkpt>
      <trkpt lat="46.368851" lon="6.211768">
        <ele>435.0</ele>
        <time>2026-08-07T16:39:31Z</time>
      </trkpt>
      <trkpt lat="46.368811" lon="6.211811">
        <ele>434.9</ele>
        <time>2026-08-07T16:39:32Z</time>
      </trkpt>
      <trkpt lat="46.36877" lon="6.211861">
        <ele>434.9</ele>
        <time>2026-08-07T16:39:33Z</time>
      </trkpt>
      <trkpt lat="46.36874" lon="6.211929">
        <ele>434.8</ele>
        <time>2026-08-07T16:39:34Z</time>
      </trkpt>
      <trkpt lat="46.368709" lon="6.211995">
        <ele>434.6</ele>
        <time>2026-08-07T16:39:35Z</time>
      </trkpt>
      <trkpt lat="46.368679" lon="6.212055">
        <ele>434.5</ele>
        <time>2026-08-07T16:39:36Z</time>
      </trkpt>
      <trkpt lat="46.368643" lon="6.212117">
        <ele>434.3</ele>
        <time>2026-08-07T16:39:37Z</time>
      </trkpt>
      <trkpt lat="46.36861" lon="6.212181">
        <ele>434.1</ele>
        <time>2026-08-07T16:39:38Z</time>
      </trkpt>
      <trkpt lat="46.36857" lon="6.212249">
        <ele>433.9</ele>
        <time>2026-08-07T16:39:39Z</time>
      </trkpt>
      <trkpt lat="46.368533" lon="6.212322">
        <ele>433.6</ele>
        <time>2026-08-07T16:39:40Z</time>
      </trkpt>
      <trkpt lat="46.368495" lon="6.212391">
        <ele>433.3</ele>
        <time>2026-08-07T16:39:41Z</time>
      </trkpt>
      <trkpt lat="46.368456" lon="6.212463">
        <ele>433.0</ele>
        <time>2026-08-07T16:39:42Z</time>
      </trkpt>
      <trkpt lat="46.368417" lon="6.212537">
        <ele>432.7</ele>
        <time>2026-08-07T16:39:43Z</time>
      </trkpt>
      <trkpt lat="46.368374" lon="6.212604">
        <ele>432.5</ele>
        <time>2026-08-07T16:39:44Z</time>
      </trkpt>
      <trkpt lat="46.368334" lon="6.21267">
        <ele>432.1</ele>
        <time>2026-08-07T16:39:45Z</time>
      </trkpt>
      <trkpt lat="46.368277" lon="6.212725">
        <ele>431.6</ele>
        <time>2026-08-07T16:39:46Z</time>
      </trkpt>
      <trkpt lat="46.368222" lon="6.212766">
        <ele>431.2</ele>
        <time>2026-08-07T16:39:47Z</time>
      </trkpt>
      <trkpt lat="46.368164" lon="6.212793">
        <ele>430.8</ele>
        <time>2026-08-07T16:39:48Z</time>
      </trkpt>
      <trkpt lat="46.368095" lon="6.212799">
        <ele>430.3</ele>
        <time>2026-08-07T16:39:49Z</time>
      </trkpt>
      <trkpt lat="46.368028" lon="6.212804">
        <ele>429.8</ele>
        <time>2026-08-07T16:39:50Z</time>
      </trkpt>
      <trkpt lat="46.367959" lon="6.212797">
        <ele>429.4</ele>
        <time>2026-08-07T16:39:51Z</time>
      </trkpt>
      <trkpt lat="46.367892" lon="6.212772">
        <ele>429.0</ele>
        <time>2026-08-07T16:39:52Z</time>
      </trkpt>
      <trkpt lat="46.367818" lon="6.212731">
        <ele>428.7</ele>
        <time>2026-08-07T16:39:53Z</time>
      </trkpt>
      <trkpt lat="46.367752" lon="6.212683">
        <ele>428.5</ele>
        <time>2026-08-07T16:39:54Z</time>
      </trkpt>
      <trkpt lat="46.36769" lon="6.212649">
        <ele>428.3</ele>
        <time>2026-08-07T16:39:55Z</time>
      </trkpt>
      <trkpt lat="46.367626" lon="6.212603">
        <ele>428.1</ele>
        <time>2026-08-07T16:39:56Z</time>
      </trkpt>
      <trkpt lat="46.367559" lon="6.212567">
        <ele>427.8</ele>
        <time>2026-08-07T16:39:57Z</time>
      </trkpt>
      <trkpt lat="46.367493" lon="6.212522">
        <ele>427.6</ele>
        <time>2026-08-07T16:39:58Z</time>
      </trkpt>
      <trkpt lat="46.367425" lon="6.212481">
        <ele>427.4</ele>
        <time>2026-08-07T16:39:59Z</time>
      </trkpt>
      <trkpt lat="46.36736" lon="6.212436">
        <ele>427.2</ele>
        <time>2026-08-07T16:40:00Z</time>
      </trkpt>
      <trkpt lat="46.367294" lon="6.212391">
        <ele>427.0</ele>
        <time>2026-08-07T16:40:01Z</time>
      </trkpt>
      <trkpt lat="46.367235" lon="6.212325">
        <ele>426.8</ele>
        <time>2026-08-07T16:40:02Z</time>
      </trkpt>
      <trkpt lat="46.367176" lon="6.212261">
        <ele>426.6</ele>
        <time>2026-08-07T16:40:03Z</time>
      </trkpt>
      <trkpt lat="46.367118" lon="6.2122">
        <ele>426.5</ele>
        <time>2026-08-07T16:40:04Z</time>
      </trkpt>
      <trkpt lat="46.36706" lon="6.212135">
        <ele>426.4</ele>
        <time>2026-08-07T16:40:05Z</time>
      </trkpt>
      <trkpt lat="46.367008" lon="6.212065">
        <ele>426.3</ele>
        <time>2026-08-07T16:40:06Z</time>
      </trkpt>
      <trkpt lat="46.366961" lon="6.211992">
        <ele>426.2</ele>
        <time>2026-08-07T16:40:07Z</time>
      </trkpt>
      <trkpt lat="46.366912" lon="6.211922">
        <ele>426.1</ele>
        <time>2026-08-07T16:40:08Z</time>
      </trkpt>
      <trkpt lat="46.366862" lon="6.211856">
        <ele>426.0</ele>
        <time>2026-08-07T16:40:09Z</time>
      </trkpt>
      <trkpt lat="46.366814" lon="6.211785">
        <ele>425.9</ele>
        <time>2026-08-07T16:40:10Z</time>
      </trkpt>
      <trkpt lat="46.366765" lon="6.211712">
        <ele>425.8</ele>
        <time>2026-08-07T16:40:11Z</time>
      </trkpt>
      <trkpt lat="46.366717" lon="6.211641">
        <ele>425.7</ele>
        <time>2026-08-07T16:40:12Z</time>
      </trkpt>
      <trkpt lat="46.366671" lon="6.211567">
        <ele>425.6</ele>
        <time>2026-08-07T16:40:13Z</time>
      </trkpt>
      <trkpt lat="46.366619" lon="6.211493">
        <ele>425.5</ele>
        <time>2026-08-07T16:40:14Z</time>
      </trkpt>
      <trkpt lat="46.366565" lon="6.211429">
        <ele>425.4</ele>
        <time>2026-08-07T16:40:15Z</time>
      </trkpt>
      <trkpt lat="46.366523" lon="6.211352">
        <ele>425.3</ele>
        <time>2026-08-07T16:40:16Z</time>
      </trkpt>
      <trkpt lat="46.366473" lon="6.211285">
        <ele>425.1</ele>
        <time>2026-08-07T16:40:17Z</time>
      </trkpt>
      <trkpt lat="46.366425" lon="6.211215">
        <ele>425.0</ele>
        <time>2026-08-07T16:40:18Z</time>
      </trkpt>
      <trkpt lat="46.366375" lon="6.211151">
        <ele>424.9</ele>
        <time>2026-08-07T16:40:19Z</time>
      </trkpt>
      <trkpt lat="46.366324" lon="6.211079">
        <ele>424.8</ele>
        <time>2026-08-07T16:40:20Z</time>
      </trkpt>
      <trkpt lat="46.366275" lon="6.21101">
        <ele>424.6</ele>
        <time>2026-08-07T16:40:21Z</time>
      </trkpt>
      <trkpt lat="46.366228" lon="6.210944">
        <ele>424.5</ele>
        <time>2026-08-07T16:40:22Z</time>
      </trkpt>
      <trkpt lat="46.366182" lon="6.210878">
        <ele>424.3</ele>
        <time>2026-08-07T16:40:23Z</time>
      </trkpt>
      <trkpt lat="46.366132" lon="6.210817">
        <ele>424.1</ele>
        <time>2026-08-07T16:40:24Z</time>
      </trkpt>
      <trkpt lat="46.366079" lon="6.210748">
        <ele>424.1</ele>
        <time>2026-08-07T16:40:25Z</time>
      </trkpt>
      <trkpt lat="46.366027" lon="6.210676">
        <ele>423.9</ele>
        <time>2026-08-07T16:40:26Z</time>
      </trkpt>
      <trkpt lat="46.365974" lon="6.210606">
        <ele>423.7</ele>
        <time>2026-08-07T16:40:27Z</time>
      </trkpt>
      <trkpt lat="46.365919" lon="6.210536">
        <ele>423.5</ele>
        <time>2026-08-07T16:40:28Z</time>
      </trkpt>
      <trkpt lat="46.365875" lon="6.210474">
        <ele>423.4</ele>
        <time>2026-08-07T16:40:29Z</time>
      </trkpt>
      <trkpt lat="46.365811" lon="6.2104">
        <ele>423.1</ele>
        <time>2026-08-07T16:40:30Z</time>
      </trkpt>
      <trkpt lat="46.365753" lon="6.210331">
        <ele>422.9</ele>
        <time>2026-08-07T16:40:31Z</time>
      </trkpt>
      <trkpt lat="46.365693" lon="6.21026">
        <ele>422.7</ele>
        <time>2026-08-07T16:40:32Z</time>
      </trkpt>
      <trkpt lat="46.365634" lon="6.210189">
        <ele>422.5</ele>
        <time>2026-08-07T16:40:33Z</time>
      </trkpt>
      <trkpt lat="46.365572" lon="6.210118">
        <ele>422.3</ele>
        <time>2026-08-07T16:40:34Z</time>
      </trkpt>
      <trkpt lat="46.36551" lon="6.210047">
        <ele>422.1</ele>
        <time>2026-08-07T16:40:35Z</time>
      </trkpt>
      <trkpt lat="46.365448" lon="6.209975">
        <ele>421.9</ele>
        <time>2026-08-07T16:40:36Z</time>
      </trkpt>
      <trkpt lat="46.365389" lon="6.209902">
        <ele>421.7</ele>
        <time>2026-08-07T16:40:37Z</time>
      </trkpt>
      <trkpt lat="46.365327" lon="6.20983">
        <ele>421.7</ele>
        <time>2026-08-07T16:40:38Z</time>
      </trkpt>
      <trkpt lat="46.365265" lon="6.20976">
        <ele>421.7</ele>
        <time>2026-08-07T16:40:39Z</time>
      </trkpt>
      <trkpt lat="46.365206" lon="6.209691">
        <ele>421.7</ele>
        <time>2026-08-07T16:40:40Z</time>
      </trkpt>
      <trkpt lat="46.365149" lon="6.209622">
        <ele>421.8</ele>
        <time>2026-08-07T16:40:41Z</time>
      </trkpt>
      <trkpt lat="46.365094" lon="6.209557">
        <ele>422.0</ele>
        <time>2026-08-07T16:40:42Z</time>
      </trkpt>
      <trkpt lat="46.36504" lon="6.209494">
        <ele>422.1</ele>
        <time>2026-08-07T16:40:43Z</time>
      </trkpt>
      <trkpt lat="46.364987" lon="6.209437">
        <ele>422.3</ele>
        <time>2026-08-07T16:40:44Z</time>
      </trkpt>
      <trkpt lat="46.364937" lon="6.20938">
        <ele>422.4</ele>
        <time>2026-08-07T16:40:45Z</time>
      </trkpt>
      <trkpt lat="46.364887" lon="6.209323">
        <ele>422.6</ele>
        <time>2026-08-07T16:40:46Z</time>
      </trkpt>
      <trkpt lat="46.364843" lon="6.209268">
        <ele>422.7</ele>
        <time>2026-08-07T16:40:47Z</time>
      </trkpt>
      <trkpt lat="46.364798" lon="6.209213">
        <ele>422.9</ele>
        <time>2026-08-07T16:40:48Z</time>
      </trkpt>
      <trkpt lat="46.364756" lon="6.209163">
        <ele>423.1</ele>
        <time>2026-08-07T16:40:49Z</time>
      </trkpt>
      <trkpt lat="46.364717" lon="6.209116">
        <ele>423.2</ele>
        <time>2026-08-07T16:40:50Z</time>
      </trkpt>
      <trkpt lat="46.364684" lon="6.20907">
        <ele>423.4</ele>
        <time>2026-08-07T16:40:51Z</time>
      </trkpt>
      <trkpt lat="46.364658" lon="6.209023">
        <ele>423.5</ele>
        <time>2026-08-07T16:40:52Z</time>
      </trkpt>
      <trkpt lat="46.364641" lon="6.208968">
        <ele>423.6</ele>
        <time>2026-08-07T16:40:53Z</time>
      </trkpt>
      <trkpt lat="46.364629" lon="6.208905">
        <ele>423.6</ele>
        <time>2026-08-07T16:40:54Z</time>
      </trkpt>
      <trkpt lat="46.364611" lon="6.208843">
        <ele>423.7</ele>
        <time>2026-08-07T16:40:55Z</time>
      </trkpt>
      <trkpt lat="46.364578" lon="6.208791">
        <ele>423.7</ele>
        <time>2026-08-07T16:40:56Z</time>
      </trkpt>
      <trkpt lat="46.364531" lon="6.208759">
        <ele>423.7</ele>
        <time>2026-08-07T16:40:57Z</time>
      </trkpt>
      <trkpt lat="46.364479" lon="6.208734">
        <ele>423.8</ele>
        <time>2026-08-07T16:40:58Z</time>
      </trkpt>
      <trkpt lat="46.364425" lon="6.208717">
        <ele>423.8</ele>
        <time>2026-08-07T16:40:59Z</time>
      </trkpt>
      <trkpt lat="46.364373" lon="6.208702">
        <ele>423.8</ele>
        <time>2026-08-07T16:41:00Z</time>
      </trkpt>
      <trkpt lat="46.364319" lon="6.208681">
        <ele>423.8</ele>
        <time>2026-08-07T16:41:01Z</time>
      </trkpt>
      <trkpt lat="46.364264" lon="6.208661">
        <ele>423.8</ele>
        <time>2026-08-07T16:41:02Z</time>
      </trkpt>
      <trkpt lat="46.364215" lon="6.208642">
        <ele>423.8</ele>
        <time>2026-08-07T16:41:03Z</time>
      </trkpt>
      <trkpt lat="46.364164" lon="6.208598">
        <ele>423.9</ele>
        <time>2026-08-07T16:41:04Z</time>
      </trkpt>
      <trkpt lat="46.364112" lon="6.208566">
        <ele>423.9</ele>
        <time>2026-08-07T16:41:05Z</time>
      </trkpt>
      <trkpt lat="46.364062" lon="6.208541">
        <ele>423.9</ele>
        <time>2026-08-07T16:41:06Z</time>
      </trkpt>
      <trkpt lat="46.364013" lon="6.208507">
        <ele>423.9</ele>
        <time>2026-08-07T16:41:07Z</time>
      </trkpt>
      <trkpt lat="46.363966" lon="6.208473">
        <ele>423.9</ele>
        <time>2026-08-07T16:41:08Z</time>
      </trkpt>
      <trkpt lat="46.363915" lon="6.208439">
        <ele>424.0</ele>
        <time>2026-08-07T16:41:09Z</time>
      </trkpt>
      <trkpt lat="46.363869" lon="6.208403">
        <ele>424.0</ele>
        <time>2026-08-07T16:41:10Z</time>
      </trkpt>
      <trkpt lat="46.363824" lon="6.208366">
        <ele>424.0</ele>
        <time>2026-08-07T16:41:11Z</time>
      </trkpt>
      <trkpt lat="46.363775" lon="6.208323">
        <ele>424.0</ele>
        <time>2026-08-07T16:41:12Z</time>
      </trkpt>
      <trkpt lat="46.363724" lon="6.208283">
        <ele>424.1</ele>
        <time>2026-08-07T16:41:13Z</time>
      </trkpt>
      <trkpt lat="46.363675" lon="6.20824">
        <ele>424.1</ele>
        <time>2026-08-07T16:41:14Z</time>
      </trkpt>
      <trkpt lat="46.363628" lon="6.208199">
        <ele>424.1</ele>
        <time>2026-08-07T16:41:15Z</time>
      </trkpt>
      <trkpt lat="46.363579" lon="6.208162">
        <ele>424.1</ele>
        <time>2026-08-07T16:41:16Z</time>
      </trkpt>
      <trkpt lat="46.363528" lon="6.208124">
        <ele>424.2</ele>
        <time>2026-08-07T16:41:17Z</time>
      </trkpt>
      <trkpt lat="46.363479" lon="6.208082">
        <ele>424.2</ele>
        <time>2026-08-07T16:41:18Z</time>
      </trkpt>
      <trkpt lat="46.363431" lon="6.208043">
        <ele>424.2</ele>
        <time>2026-08-07T16:41:19Z</time>
      </trkpt>
      <trkpt lat="46.363381" lon="6.208006">
        <ele>424.3</ele>
        <time>2026-08-07T16:41:20Z</time>
      </trkpt>
      <trkpt lat="46.363332" lon="6.207962">
        <ele>424.3</ele>
        <time>2026-08-07T16:41:21Z</time>
      </trkpt>
      <trkpt lat="46.363287" lon="6.207927">
        <ele>424.3</ele>
        <time>2026-08-07T16:41:22Z</time>
      </trkpt>
      <trkpt lat="46.36324" lon="6.207889">
        <ele>424.3</ele>
        <time>2026-08-07T16:41:23Z</time>
      </trkpt>
      <trkpt lat="46.363188" lon="6.20785">
        <ele>424.4</ele>
        <time>2026-08-07T16:41:24Z</time>
      </trkpt>
      <trkpt lat="46.363145" lon="6.207814">
        <ele>424.4</ele>
        <time>2026-08-07T16:41:25Z</time>
      </trkpt>
      <trkpt lat="46.363094" lon="6.207766">
        <ele>424.4</ele>
        <time>2026-08-07T16:41:26Z</time>
      </trkpt>
      <trkpt lat="46.363044" lon="6.207727">
        <ele>424.4</ele>
        <time>2026-08-07T16:41:27Z</time>
      </trkpt>
      <trkpt lat="46.362993" lon="6.207685">
        <ele>424.5</ele>
        <time>2026-08-07T16:41:28Z</time>
      </trkpt>
      <trkpt lat="46.362943" lon="6.207645">
        <ele>424.5</ele>
        <time>2026-08-07T16:41:29Z</time>
      </trkpt>
      <trkpt lat="46.362894" lon="6.207603">
        <ele>424.5</ele>
        <time>2026-08-07T16:41:30Z</time>
      </trkpt>
      <trkpt lat="46.362843" lon="6.207564">
        <ele>424.6</ele>
        <time>2026-08-07T16:41:31Z</time>
      </trkpt>
      <trkpt lat="46.362792" lon="6.207525">
        <ele>424.6</ele>
        <time>2026-08-07T16:41:32Z</time>
      </trkpt>
      <trkpt lat="46.362743" lon="6.207483">
        <ele>424.6</ele>
        <time>2026-08-07T16:41:33Z</time>
      </trkpt>
      <trkpt lat="46.362692" lon="6.20744">
        <ele>424.7</ele>
        <time>2026-08-07T16:41:34Z</time>
      </trkpt>
      <trkpt lat="46.362643" lon="6.207397">
        <ele>424.7</ele>
        <time>2026-08-07T16:41:35Z</time>
      </trkpt>
      <trkpt lat="46.362592" lon="6.207357">
        <ele>424.7</ele>
        <time>2026-08-07T16:41:36Z</time>
      </trkpt>
      <trkpt lat="46.362545" lon="6.207313">
        <ele>424.8</ele>
        <time>2026-08-07T16:41:37Z</time>
      </trkpt>
      <trkpt lat="46.362494" lon="6.207269">
        <ele>424.8</ele>
        <time>2026-08-07T16:41:38Z</time>
      </trkpt>
      <trkpt lat="46.362443" lon="6.207231">
        <ele>424.9</ele>
        <time>2026-08-07T16:41:39Z</time>
      </trkpt>
      <trkpt lat="46.362394" lon="6.20719">
        <ele>424.9</ele>
        <time>2026-08-07T16:41:40Z</time>
      </trkpt>
      <trkpt lat="46.362344" lon="6.207154">
        <ele>425.0</ele>
        <time>2026-08-07T16:41:41Z</time>
      </trkpt>
      <trkpt lat="46.362294" lon="6.207113">
        <ele>425.0</ele>
        <time>2026-08-07T16:41:42Z</time>
      </trkpt>
      <trkpt lat="46.362246" lon="6.207071">
        <ele>425.0</ele>
        <time>2026-08-07T16:41:43Z</time>
      </trkpt>
      <trkpt lat="46.362196" lon="6.207036">
        <ele>425.1</ele>
        <time>2026-08-07T16:41:44Z</time>
      </trkpt>
      <trkpt lat="46.362145" lon="6.207001">
        <ele>425.1</ele>
        <time>2026-08-07T16:41:45Z</time>
      </trkpt>
      <trkpt lat="46.362094" lon="6.206968">
        <ele>425.1</ele>
        <time>2026-08-07T16:41:46Z</time>
      </trkpt>
      <trkpt lat="46.362044" lon="6.206933">
        <ele>425.2</ele>
        <time>2026-08-07T16:41:47Z</time>
      </trkpt>
      <trkpt lat="46.361993" lon="6.206902">
        <ele>425.2</ele>
        <time>2026-08-07T16:41:48Z</time>
      </trkpt>
      <trkpt lat="46.361941" lon="6.206875">
        <ele>425.2</ele>
        <time>2026-08-07T16:41:49Z</time>
      </trkpt>
      <trkpt lat="46.361889" lon="6.206845">
        <ele>425.2</ele>
        <time>2026-08-07T16:41:50Z</time>
      </trkpt>
      <trkpt lat="46.361835" lon="6.206818">
        <ele>425.2</ele>
        <time>2026-08-07T16:41:51Z</time>
      </trkpt>
      <trkpt lat="46.361781" lon="6.206797">
        <ele>425.3</ele>
        <time>2026-08-07T16:41:52Z</time>
      </trkpt>
      <trkpt lat="46.361726" lon="6.206774">
        <ele>425.3</ele>
        <time>2026-08-07T16:41:53Z</time>
      </trkpt>
      <trkpt lat="46.361669" lon="6.206756">
        <ele>425.3</ele>
        <time>2026-08-07T16:41:54Z</time>
      </trkpt>
      <trkpt lat="46.361612" lon="6.206734">
        <ele>425.2</ele>
        <time>2026-08-07T16:41:55Z</time>
      </trkpt>
      <trkpt lat="46.361554" lon="6.206719">
        <ele>425.2</ele>
        <time>2026-08-07T16:41:56Z</time>
      </trkpt>
      <trkpt lat="46.361495" lon="6.206701">
        <ele>425.2</ele>
        <time>2026-08-07T16:41:57Z</time>
      </trkpt>
      <trkpt lat="46.361436" lon="6.206692">
        <ele>425.2</ele>
        <time>2026-08-07T16:41:58Z</time>
      </trkpt>
      <trkpt lat="46.361379" lon="6.206686">
        <ele>425.2</ele>
        <time>2026-08-07T16:41:59Z</time>
      </trkpt>
      <trkpt lat="46.361318" lon="6.206675">
        <ele>425.2</ele>
        <time>2026-08-07T16:42:00Z</time>
      </trkpt>
      <trkpt lat="46.361257" lon="6.206669">
        <ele>425.2</ele>
        <time>2026-08-07T16:42:01Z</time>
      </trkpt>
      <trkpt lat="46.361195" lon="6.206664">
        <ele>425.1</ele>
        <time>2026-08-07T16:42:02Z</time>
      </trkpt>
      <trkpt lat="46.361134" lon="6.206662">
        <ele>425.1</ele>
        <time>2026-08-07T16:42:03Z</time>
      </trkpt>
      <trkpt lat="46.361072" lon="6.206662">
        <ele>425.1</ele>
        <time>2026-08-07T16:42:04Z</time>
      </trkpt>
      <trkpt lat="46.36101" lon="6.206663">
        <ele>425.1</ele>
        <time>2026-08-07T16:42:05Z</time>
      </trkpt>
      <trkpt lat="46.360948" lon="6.206666">
        <ele>425.1</ele>
        <time>2026-08-07T16:42:06Z</time>
      </trkpt>
      <trkpt lat="46.360886" lon="6.206666">
        <ele>425.1</ele>
        <time>2026-08-07T16:42:07Z</time>
      </trkpt>
      <trkpt lat="46.360823" lon="6.206665">
        <ele>425.1</ele>
        <time>2026-08-07T16:42:08Z</time>
      </trkpt>
      <trkpt lat="46.360762" lon="6.206664">
        <ele>425.1</ele>
        <time>2026-08-07T16:42:09Z</time>
      </trkpt>
      <trkpt lat="46.360699" lon="6.206661">
        <ele>425.1</ele>
        <time>2026-08-07T16:42:10Z</time>
      </trkpt>
      <trkpt lat="46.360638" lon="6.20666">
        <ele>425.1</ele>
        <time>2026-08-07T16:42:11Z</time>
      </trkpt>
      <trkpt lat="46.360574" lon="6.206654">
        <ele>425.1</ele>
        <time>2026-08-07T16:42:12Z</time>
      </trkpt>
      <trkpt lat="46.360513" lon="6.206645">
        <ele>425.2</ele>
        <time>2026-08-07T16:42:13Z</time>
      </trkpt>
      <trkpt lat="46.360451" lon="6.206638">
        <ele>425.2</ele>
        <time>2026-08-07T16:42:14Z</time>
      </trkpt>
      <trkpt lat="46.360389" lon="6.206627">
        <ele>425.3</ele>
        <time>2026-08-07T16:42:15Z</time>
      </trkpt>
      <trkpt lat="46.36033" lon="6.206616">
        <ele>425.3</ele>
        <time>2026-08-07T16:42:16Z</time>
      </trkpt>
      <trkpt lat="46.360271" lon="6.206599">
        <ele>425.3</ele>
        <time>2026-08-07T16:42:17Z</time>
      </trkpt>
      <trkpt lat="46.360212" lon="6.206582">
        <ele>425.4</ele>
        <time>2026-08-07T16:42:18Z</time>
      </trkpt>
      <trkpt lat="46.360155" lon="6.206561">
        <ele>425.5</ele>
        <time>2026-08-07T16:42:19Z</time>
      </trkpt>
      <trkpt lat="46.360101" lon="6.206541">
        <ele>425.6</ele>
        <time>2026-08-07T16:42:20Z</time>
      </trkpt>
      <trkpt lat="46.360046" lon="6.206518">
        <ele>425.7</ele>
        <time>2026-08-07T16:42:21Z</time>
      </trkpt>
      <trkpt lat="46.359994" lon="6.206495">
        <ele>425.8</ele>
        <time>2026-08-07T16:42:22Z</time>
      </trkpt>
      <trkpt lat="46.359944" lon="6.206471">
        <ele>425.9</ele>
        <time>2026-08-07T16:42:23Z</time>
      </trkpt>
      <trkpt lat="46.359897" lon="6.206446">
        <ele>426.0</ele>
        <time>2026-08-07T16:42:24Z</time>
      </trkpt>
      <trkpt lat="46.35985" lon="6.206424">
        <ele>426.0</ele>
        <time>2026-08-07T16:42:25Z</time>
      </trkpt>
      <trkpt lat="46.359807" lon="6.206396">
        <ele>426.1</ele>
        <time>2026-08-07T16:42:26Z</time>
      </trkpt>
      <trkpt lat="46.359763" lon="6.206363">
        <ele>426.4</ele>
        <time>2026-08-07T16:42:27Z</time>
      </trkpt>
      <trkpt lat="46.359721" lon="6.206333">
        <ele>426.5</ele>
        <time>2026-08-07T16:42:28Z</time>
      </trkpt>
      <trkpt lat="46.359674" lon="6.206303">
        <ele>426.6</ele>
        <time>2026-08-07T16:42:29Z</time>
      </trkpt>
      <trkpt lat="46.359627" lon="6.206279">
        <ele>426.6</ele>
        <time>2026-08-07T16:42:30Z</time>
      </trkpt>
      <trkpt lat="46.35958" lon="6.206248">
        <ele>426.6</ele>
        <time>2026-08-07T16:42:31Z</time>
      </trkpt>
      <trkpt lat="46.359533" lon="6.206212">
        <ele>426.7</ele>
        <time>2026-08-07T16:42:32Z</time>
      </trkpt>
      <trkpt lat="46.359487" lon="6.206174">
        <ele>426.7</ele>
        <time>2026-08-07T16:42:33Z</time>
      </trkpt>
      <trkpt lat="46.359441" lon="6.206136">
        <ele>426.7</ele>
        <time>2026-08-07T16:42:34Z</time>
      </trkpt>
      <trkpt lat="46.359394" lon="6.206094">
        <ele>426.7</ele>
        <time>2026-08-07T16:42:35Z</time>
      </trkpt>
      <trkpt lat="46.359347" lon="6.206056">
        <ele>426.7</ele>
        <time>2026-08-07T16:42:36Z</time>
      </trkpt>
      <trkpt lat="46.3593" lon="6.206013">
        <ele>426.6</ele>
        <time>2026-08-07T16:42:37Z</time>
      </trkpt>
      <trkpt lat="46.359251" lon="6.205969">
        <ele>426.6</ele>
        <time>2026-08-07T16:42:38Z</time>
      </trkpt>
      <trkpt lat="46.359202" lon="6.205922">
        <ele>426.5</ele>
        <time>2026-08-07T16:42:39Z</time>
      </trkpt>
      <trkpt lat="46.359152" lon="6.205875">
        <ele>426.4</ele>
        <time>2026-08-07T16:42:40Z</time>
      </trkpt>
      <trkpt lat="46.359098" lon="6.205828">
        <ele>426.3</ele>
        <time>2026-08-07T16:42:41Z</time>
      </trkpt>
      <trkpt lat="46.359041" lon="6.20578">
        <ele>426.2</ele>
        <time>2026-08-07T16:42:42Z</time>
      </trkpt>
      <trkpt lat="46.358982" lon="6.205729">
        <ele>426.1</ele>
        <time>2026-08-07T16:42:43Z</time>
      </trkpt>
      <trkpt lat="46.358922" lon="6.205679">
        <ele>425.9</ele>
        <time>2026-08-07T16:42:44Z</time>
      </trkpt>
      <trkpt lat="46.358862" lon="6.205627">
        <ele>425.8</ele>
        <time>2026-08-07T16:42:45Z</time>
      </trkpt>
      <trkpt lat="46.358801" lon="6.205576">
        <ele>425.7</ele>
        <time>2026-08-07T16:42:46Z</time>
      </trkpt>
      <trkpt lat="46.358741" lon="6.205523">
        <ele>425.6</ele>
        <time>2026-08-07T16:42:47Z</time>
      </trkpt>
      <trkpt lat="46.358678" lon="6.205472">
        <ele>425.5</ele>
        <time>2026-08-07T16:42:48Z</time>
      </trkpt>
      <trkpt lat="46.358619" lon="6.205419">
        <ele>425.4</ele>
        <time>2026-08-07T16:42:49Z</time>
      </trkpt>
      <trkpt lat="46.358563" lon="6.205358">
        <ele>425.3</ele>
        <time>2026-08-07T16:42:50Z</time>
      </trkpt>
      <trkpt lat="46.358505" lon="6.205299">
        <ele>425.2</ele>
        <time>2026-08-07T16:42:51Z</time>
      </trkpt>
      <trkpt lat="46.358452" lon="6.205235">
        <ele>425.2</ele>
        <time>2026-08-07T16:42:52Z</time>
      </trkpt>
      <trkpt lat="46.358398" lon="6.205172">
        <ele>425.1</ele>
        <time>2026-08-07T16:42:53Z</time>
      </trkpt>
      <trkpt lat="46.358342" lon="6.205112">
        <ele>425.1</ele>
        <time>2026-08-07T16:42:54Z</time>
      </trkpt>
      <trkpt lat="46.358287" lon="6.205051">
        <ele>425.0</ele>
        <time>2026-08-07T16:42:55Z</time>
      </trkpt>
      <trkpt lat="46.358233" lon="6.20499">
        <ele>424.9</ele>
        <time>2026-08-07T16:42:56Z</time>
      </trkpt>
      <trkpt lat="46.358177" lon="6.204927">
        <ele>424.9</ele>
        <time>2026-08-07T16:42:57Z</time>
      </trkpt>
      <trkpt lat="46.358121" lon="6.204863">
        <ele>424.8</ele>
        <time>2026-08-07T16:42:58Z</time>
      </trkpt>
      <trkpt lat="46.358067" lon="6.2048">
        <ele>424.8</ele>
        <time>2026-08-07T16:42:59Z</time>
      </trkpt>
      <trkpt lat="46.358013" lon="6.204738">
        <ele>424.7</ele>
        <time>2026-08-07T16:43:00Z</time>
      </trkpt>
      <trkpt lat="46.357959" lon="6.204675">
        <ele>424.7</ele>
        <time>2026-08-07T16:43:01Z</time>
      </trkpt>
      <trkpt lat="46.357903" lon="6.204617">
        <ele>424.7</ele>
        <time>2026-08-07T16:43:02Z</time>
      </trkpt>
      <trkpt lat="46.357848" lon="6.204556">
        <ele>424.6</ele>
        <time>2026-08-07T16:43:03Z</time>
      </trkpt>
      <trkpt lat="46.357794" lon="6.204494">
        <ele>424.6</ele>
        <time>2026-08-07T16:43:04Z</time>
      </trkpt>
      <trkpt lat="46.357737" lon="6.204434">
        <ele>424.5</ele>
        <time>2026-08-07T16:43:05Z</time>
      </trkpt>
      <trkpt lat="46.35768" lon="6.204371">
        <ele>424.5</ele>
        <time>2026-08-07T16:43:06Z</time>
      </trkpt>
      <trkpt lat="46.357625" lon="6.204307">
        <ele>424.5</ele>
        <time>2026-08-07T16:43:07Z</time>
      </trkpt>
      <trkpt lat="46.35757" lon="6.204243">
        <ele>424.5</ele>
        <time>2026-08-07T16:43:08Z</time>
      </trkpt>
      <trkpt lat="46.357515" lon="6.204181">
        <ele>424.5</ele>
        <time>2026-08-07T16:43:09Z</time>
      </trkpt>
      <trkpt lat="46.357464" lon="6.20411">
        <ele>424.5</ele>
        <time>2026-08-07T16:43:10Z</time>
      </trkpt>
      <trkpt lat="46.35742" lon="6.204033">
        <ele>424.5</ele>
        <time>2026-08-07T16:43:11Z</time>
      </trkpt>
      <trkpt lat="46.357378" lon="6.20395">
        <ele>424.5</ele>
        <time>2026-08-07T16:43:12Z</time>
      </trkpt>
      <trkpt lat="46.357334" lon="6.203873">
        <ele>424.5</ele>
        <time>2026-08-07T16:43:13Z</time>
      </trkpt>
      <trkpt lat="46.357293" lon="6.203796">
        <ele>424.5</ele>
        <time>2026-08-07T16:43:14Z</time>
      </trkpt>
      <trkpt lat="46.357252" lon="6.203718">
        <ele>424.6</ele>
        <time>2026-08-07T16:43:15Z</time>
      </trkpt>
      <trkpt lat="46.357212" lon="6.203635">
        <ele>424.6</ele>
        <time>2026-08-07T16:43:16Z</time>
      </trkpt>
      <trkpt lat="46.357167" lon="6.203561">
        <ele>424.7</ele>
        <time>2026-08-07T16:43:17Z</time>
      </trkpt>
      <trkpt lat="46.357122" lon="6.20349">
        <ele>424.7</ele>
        <time>2026-08-07T16:43:18Z</time>
      </trkpt>
      <trkpt lat="46.357074" lon="6.203426">
        <ele>424.8</ele>
        <time>2026-08-07T16:43:19Z</time>
      </trkpt>
      <trkpt lat="46.35702" lon="6.203369">
        <ele>424.8</ele>
        <time>2026-08-07T16:43:20Z</time>
      </trkpt>
      <trkpt lat="46.356964" lon="6.203319">
        <ele>424.9</ele>
        <time>2026-08-07T16:43:21Z</time>
      </trkpt>
      <trkpt lat="46.35691" lon="6.203265">
        <ele>424.9</ele>
        <time>2026-08-07T16:43:22Z</time>
      </trkpt>
      <trkpt lat="46.356859" lon="6.203208">
        <ele>425.0</ele>
        <time>2026-08-07T16:43:23Z</time>
      </trkpt>
      <trkpt lat="46.35681" lon="6.20315">
        <ele>425.0</ele>
        <time>2026-08-07T16:43:24Z</time>
      </trkpt>
      <trkpt lat="46.356758" lon="6.203095">
        <ele>425.1</ele>
        <time>2026-08-07T16:43:25Z</time>
      </trkpt>
      <trkpt lat="46.356703" lon="6.203044">
        <ele>425.1</ele>
        <time>2026-08-07T16:43:26Z</time>
      </trkpt>
      <trkpt lat="46.356652" lon="6.202987">
        <ele>425.2</ele>
        <time>2026-08-07T16:43:27Z</time>
      </trkpt>
      <trkpt lat="46.356599" lon="6.202934">
        <ele>425.3</ele>
        <time>2026-08-07T16:43:28Z</time>
      </trkpt>
      <trkpt lat="46.356546" lon="6.202882">
        <ele>425.3</ele>
        <time>2026-08-07T16:43:29Z</time>
      </trkpt>
      <trkpt lat="46.356493" lon="6.202828">
        <ele>425.4</ele>
        <time>2026-08-07T16:43:30Z</time>
      </trkpt>
      <trkpt lat="46.356441" lon="6.202777">
        <ele>425.4</ele>
        <time>2026-08-07T16:43:31Z</time>
      </trkpt>
      <trkpt lat="46.356386" lon="6.202721">
        <ele>425.4</ele>
        <time>2026-08-07T16:43:32Z</time>
      </trkpt>
      <trkpt lat="46.356336" lon="6.202667">
        <ele>425.4</ele>
        <time>2026-08-07T16:43:33Z</time>
      </trkpt>
      <trkpt lat="46.356284" lon="6.202612">
        <ele>425.4</ele>
        <time>2026-08-07T16:43:34Z</time>
      </trkpt>
      <trkpt lat="46.356234" lon="6.202553">
        <ele>425.5</ele>
        <time>2026-08-07T16:43:35Z</time>
      </trkpt>
      <trkpt lat="46.356185" lon="6.202495">
        <ele>425.5</ele>
        <time>2026-08-07T16:43:36Z</time>
      </trkpt>
      <trkpt lat="46.356139" lon="6.202434">
        <ele>425.5</ele>
        <time>2026-08-07T16:43:37Z</time>
      </trkpt>
      <trkpt lat="46.356091" lon="6.202371">
        <ele>425.4</ele>
        <time>2026-08-07T16:43:38Z</time>
      </trkpt>
      <trkpt lat="46.356048" lon="6.202311">
        <ele>425.4</ele>
        <time>2026-08-07T16:43:39Z</time>
      </trkpt>
      <trkpt lat="46.356003" lon="6.202246">
        <ele>425.4</ele>
        <time>2026-08-07T16:43:40Z</time>
      </trkpt>
      <trkpt lat="46.355961" lon="6.202176">
        <ele>425.3</ele>
        <time>2026-08-07T16:43:41Z</time>
      </trkpt>
      <trkpt lat="46.355918" lon="6.202102">
        <ele>425.2</ele>
        <time>2026-08-07T16:43:42Z</time>
      </trkpt>
      <trkpt lat="46.355876" lon="6.202033">
        <ele>425.0</ele>
        <time>2026-08-07T16:43:43Z</time>
      </trkpt>
      <trkpt lat="46.355832" lon="6.20196">
        <ele>424.8</ele>
        <time>2026-08-07T16:43:44Z</time>
      </trkpt>
      <trkpt lat="46.355786" lon="6.201886">
        <ele>424.5</ele>
        <time>2026-08-07T16:43:45Z</time>
      </trkpt>
      <trkpt lat="46.355737" lon="6.201803">
        <ele>424.2</ele>
        <time>2026-08-07T16:43:46Z</time>
      </trkpt>
      <trkpt lat="46.355687" lon="6.201719">
        <ele>423.8</ele>
        <time>2026-08-07T16:43:47Z</time>
      </trkpt>
      <trkpt lat="46.355631" lon="6.201637">
        <ele>423.4</ele>
        <time>2026-08-07T16:43:48Z</time>
      </trkpt>
      <trkpt lat="46.355571" lon="6.201551">
        <ele>422.8</ele>
        <time>2026-08-07T16:43:49Z</time>
      </trkpt>
      <trkpt lat="46.355505" lon="6.201464">
        <ele>422.3</ele>
        <time>2026-08-07T16:43:50Z</time>
      </trkpt>
      <trkpt lat="46.355438" lon="6.201372">
        <ele>421.9</ele>
        <time>2026-08-07T16:43:51Z</time>
      </trkpt>
      <trkpt lat="46.355371" lon="6.201282">
        <ele>421.5</ele>
        <time>2026-08-07T16:43:52Z</time>
      </trkpt>
      <trkpt lat="46.355297" lon="6.201185">
        <ele>421.3</ele>
        <time>2026-08-07T16:43:53Z</time>
      </trkpt>
      <trkpt lat="46.355219" lon="6.201096">
        <ele>421.2</ele>
        <time>2026-08-07T16:43:54Z</time>
      </trkpt>
      <trkpt lat="46.355155" lon="6.201005">
        <ele>421.4</ele>
        <time>2026-08-07T16:43:55Z</time>
      </trkpt>
      <trkpt lat="46.355091" lon="6.200914">
        <ele>421.6</ele>
        <time>2026-08-07T16:43:56Z</time>
      </trkpt>
      <trkpt lat="46.355023" lon="6.200831">
        <ele>421.9</ele>
        <time>2026-08-07T16:43:57Z</time>
      </trkpt>
      <trkpt lat="46.35496" lon="6.200762">
        <ele>422.1</ele>
        <time>2026-08-07T16:43:58Z</time>
      </trkpt>
      <trkpt lat="46.354906" lon="6.200682">
        <ele>422.3</ele>
        <time>2026-08-07T16:43:59Z</time>
      </trkpt>
      <trkpt lat="46.354855" lon="6.200604">
        <ele>422.6</ele>
        <time>2026-08-07T16:44:00Z</time>
      </trkpt>
      <trkpt lat="46.354802" lon="6.200536">
        <ele>422.8</ele>
        <time>2026-08-07T16:44:01Z</time>
      </trkpt>
      <trkpt lat="46.354753" lon="6.200468">
        <ele>423.1</ele>
        <time>2026-08-07T16:44:02Z</time>
      </trkpt>
      <trkpt lat="46.354703" lon="6.200402">
        <ele>423.5</ele>
        <time>2026-08-07T16:44:03Z</time>
      </trkpt>
      <trkpt lat="46.354657" lon="6.200339">
        <ele>423.8</ele>
        <time>2026-08-07T16:44:04Z</time>
      </trkpt>
      <trkpt lat="46.354611" lon="6.20028">
        <ele>424.2</ele>
        <time>2026-08-07T16:44:05Z</time>
      </trkpt>
      <trkpt lat="46.354572" lon="6.200218">
        <ele>424.5</ele>
        <time>2026-08-07T16:44:06Z</time>
      </trkpt>
      <trkpt lat="46.354532" lon="6.200162">
        <ele>424.8</ele>
        <time>2026-08-07T16:44:07Z</time>
      </trkpt>
      <trkpt lat="46.354493" lon="6.200105">
        <ele>425.1</ele>
        <time>2026-08-07T16:44:08Z</time>
      </trkpt>
      <trkpt lat="46.354457" lon="6.200056">
        <ele>425.4</ele>
        <time>2026-08-07T16:44:09Z</time>
      </trkpt>
      <trkpt lat="46.354421" lon="6.200002">
        <ele>425.7</ele>
        <time>2026-08-07T16:44:10Z</time>
      </trkpt>
      <trkpt lat="46.35439" lon="6.199949">
        <ele>425.9</ele>
        <time>2026-08-07T16:44:11Z</time>
      </trkpt>
      <trkpt lat="46.354357" lon="6.199897">
        <ele>426.2</ele>
        <time>2026-08-07T16:44:12Z</time>
      </trkpt>
      <trkpt lat="46.354323" lon="6.199848">
        <ele>426.4</ele>
        <time>2026-08-07T16:44:13Z</time>
      </trkpt>
      <trkpt lat="46.35429" lon="6.199802">
        <ele>426.6</ele>
        <time>2026-08-07T16:44:14Z</time>
      </trkpt>
      <trkpt lat="46.354257" lon="6.199751">
        <ele>426.7</ele>
        <time>2026-08-07T16:44:15Z</time>
      </trkpt>
      <trkpt lat="46.354226" lon="6.1997">
        <ele>426.9</ele>
        <time>2026-08-07T16:44:16Z</time>
      </trkpt>
      <trkpt lat="46.354195" lon="6.199653">
        <ele>427.0</ele>
        <time>2026-08-07T16:44:17Z</time>
      </trkpt>
      <trkpt lat="46.354163" lon="6.199599">
        <ele>427.2</ele>
        <time>2026-08-07T16:44:18Z</time>
      </trkpt>
      <trkpt lat="46.354132" lon="6.199544">
        <ele>427.3</ele>
        <time>2026-08-07T16:44:19Z</time>
      </trkpt>
      <trkpt lat="46.354105" lon="6.199494">
        <ele>427.5</ele>
        <time>2026-08-07T16:44:20Z</time>
      </trkpt>
      <trkpt lat="46.354079" lon="6.199433">
        <ele>427.6</ele>
        <time>2026-08-07T16:44:21Z</time>
      </trkpt>
      <trkpt lat="46.354053" lon="6.199376">
        <ele>427.7</ele>
        <time>2026-08-07T16:44:22Z</time>
      </trkpt>
      <trkpt lat="46.35402" lon="6.199321">
        <ele>427.9</ele>
        <time>2026-08-07T16:44:23Z</time>
      </trkpt>
      <trkpt lat="46.35399" lon="6.199269">
        <ele>428.0</ele>
        <time>2026-08-07T16:44:24Z</time>
      </trkpt>
      <trkpt lat="46.353961" lon="6.199213">
        <ele>428.1</ele>
        <time>2026-08-07T16:44:25Z</time>
      </trkpt>
      <trkpt lat="46.353932" lon="6.199155">
        <ele>428.3</ele>
        <time>2026-08-07T16:44:26Z</time>
      </trkpt>
      <trkpt lat="46.353903" lon="6.199099">
        <ele>428.4</ele>
        <time>2026-08-07T16:44:27Z</time>
      </trkpt>
      <trkpt lat="46.353873" lon="6.199045">
        <ele>428.5</ele>
        <time>2026-08-07T16:44:28Z</time>
      </trkpt>
      <trkpt lat="46.353842" lon="6.198992">
        <ele>428.6</ele>
        <time>2026-08-07T16:44:29Z</time>
      </trkpt>
      <trkpt lat="46.353809" lon="6.198936">
        <ele>428.7</ele>
        <time>2026-08-07T16:44:30Z</time>
      </trkpt>
      <trkpt lat="46.353776" lon="6.198878">
        <ele>428.8</ele>
        <time>2026-08-07T16:44:31Z</time>
      </trkpt>
      <trkpt lat="46.353747" lon="6.198827">
        <ele>428.9</ele>
        <time>2026-08-07T16:44:32Z</time>
      </trkpt>
      <trkpt lat="46.353714" lon="6.198772">
        <ele>429.0</ele>
        <time>2026-08-07T16:44:33Z</time>
      </trkpt>
      <trkpt lat="46.35368" lon="6.198718">
        <ele>429.0</ele>
        <time>2026-08-07T16:44:34Z</time>
      </trkpt>
      <trkpt lat="46.353646" lon="6.198666">
        <ele>429.1</ele>
        <time>2026-08-07T16:44:35Z</time>
      </trkpt>
      <trkpt lat="46.353611" lon="6.198616">
        <ele>429.2</ele>
        <time>2026-08-07T16:44:36Z</time>
      </trkpt>
      <trkpt lat="46.353581" lon="6.198562">
        <ele>429.3</ele>
        <time>2026-08-07T16:44:37Z</time>
      </trkpt>
      <trkpt lat="46.353551" lon="6.198508">
        <ele>429.4</ele>
        <time>2026-08-07T16:44:38Z</time>
      </trkpt>
      <trkpt lat="46.353517" lon="6.198453">
        <ele>429.5</ele>
        <time>2026-08-07T16:44:39Z</time>
      </trkpt>
      <trkpt lat="46.353482" lon="6.198406">
        <ele>429.7</ele>
        <time>2026-08-07T16:44:40Z</time>
      </trkpt>
      <trkpt lat="46.353448" lon="6.198356">
        <ele>429.8</ele>
        <time>2026-08-07T16:44:41Z</time>
      </trkpt>
      <trkpt lat="46.353415" lon="6.198307">
        <ele>430.0</ele>
        <time>2026-08-07T16:44:42Z</time>
      </trkpt>
      <trkpt lat="46.353382" lon="6.198256">
        <ele>430.1</ele>
        <time>2026-08-07T16:44:43Z</time>
      </trkpt>
      <trkpt lat="46.35335" lon="6.198211">
        <ele>430.3</ele>
        <time>2026-08-07T16:44:44Z</time>
      </trkpt>
      <trkpt lat="46.353316" lon="6.198166">
        <ele>430.4</ele>
        <time>2026-08-07T16:44:45Z</time>
      </trkpt>
      <trkpt lat="46.353287" lon="6.198119">
        <ele>430.6</ele>
        <time>2026-08-07T16:44:46Z</time>
      </trkpt>
      <trkpt lat="46.353257" lon="6.198073">
        <ele>430.7</ele>
        <time>2026-08-07T16:44:47Z</time>
      </trkpt>
      <trkpt lat="46.353227" lon="6.198026">
        <ele>430.9</ele>
        <time>2026-08-07T16:44:48Z</time>
      </trkpt>
      <trkpt lat="46.353198" lon="6.197981">
        <ele>431.1</ele>
        <time>2026-08-07T16:44:49Z</time>
      </trkpt>
      <trkpt lat="46.353168" lon="6.197937">
        <ele>431.3</ele>
        <time>2026-08-07T16:44:50Z</time>
      </trkpt>
      <trkpt lat="46.353138" lon="6.197892">
        <ele>431.5</ele>
        <time>2026-08-07T16:44:51Z</time>
      </trkpt>
      <trkpt lat="46.35311" lon="6.197849">
        <ele>431.7</ele>
        <time>2026-08-07T16:44:52Z</time>
      </trkpt>
      <trkpt lat="46.353078" lon="6.197812">
        <ele>431.8</ele>
        <time>2026-08-07T16:44:53Z</time>
      </trkpt>
      <trkpt lat="46.353048" lon="6.197771">
        <ele>432.0</ele>
        <time>2026-08-07T16:44:54Z</time>
      </trkpt>
      <trkpt lat="46.353022" lon="6.197724">
        <ele>432.2</ele>
        <time>2026-08-07T16:44:55Z</time>
      </trkpt>
      <trkpt lat="46.352996" lon="6.197679">
        <ele>432.4</ele>
        <time>2026-08-07T16:44:56Z</time>
      </trkpt>
      <trkpt lat="46.352968" lon="6.197639">
        <ele>432.5</ele>
        <time>2026-08-07T16:44:57Z</time>
      </trkpt>
      <trkpt lat="46.352942" lon="6.197596">
        <ele>432.7</ele>
        <time>2026-08-07T16:44:58Z</time>
      </trkpt>
      <trkpt lat="46.352915" lon="6.197553">
        <ele>432.9</ele>
        <time>2026-08-07T16:44:59Z</time>
      </trkpt>
      <trkpt lat="46.352891" lon="6.19751">
        <ele>433.0</ele>
        <time>2026-08-07T16:45:00Z</time>
      </trkpt>
      <trkpt lat="46.352868" lon="6.197464">
        <ele>433.2</ele>
        <time>2026-08-07T16:45:01Z</time>
      </trkpt>
      <trkpt lat="46.352846" lon="6.197415">
        <ele>433.3</ele>
        <time>2026-08-07T16:45:02Z</time>
      </trkpt>
      <trkpt lat="46.352823" lon="6.197368">
        <ele>433.5</ele>
        <time>2026-08-07T16:45:03Z</time>
      </trkpt>
      <trkpt lat="46.352802" lon="6.19732">
        <ele>433.6</ele>
        <time>2026-08-07T16:45:04Z</time>
      </trkpt>
      <trkpt lat="46.352795" lon="6.197274">
        <ele>433.7</ele>
        <time>2026-08-07T16:45:05Z</time>
      </trkpt>
      <trkpt lat="46.352774" lon="6.197222">
        <ele>433.8</ele>
        <time>2026-08-07T16:45:06Z</time>
      </trkpt>
      <trkpt lat="46.352748" lon="6.19717">
        <ele>434.0</ele>
        <time>2026-08-07T16:45:07Z</time>
      </trkpt>
      <trkpt lat="46.352725" lon="6.197118">
        <ele>434.0</ele>
        <time>2026-08-07T16:45:08Z</time>
      </trkpt>
      <trkpt lat="46.352703" lon="6.197069">
        <ele>434.1</ele>
        <time>2026-08-07T16:45:09Z</time>
      </trkpt>
      <trkpt lat="46.352681" lon="6.197016">
        <ele>434.2</ele>
        <time>2026-08-07T16:45:10Z</time>
      </trkpt>
      <trkpt lat="46.352659" lon="6.196961">
        <ele>434.3</ele>
        <time>2026-08-07T16:45:11Z</time>
      </trkpt>
      <trkpt lat="46.352637" lon="6.196903">
        <ele>434.3</ele>
        <time>2026-08-07T16:45:12Z</time>
      </trkpt>
      <trkpt lat="46.352609" lon="6.196842">
        <ele>434.4</ele>
        <time>2026-08-07T16:45:13Z</time>
      </trkpt>
      <trkpt lat="46.352584" lon="6.196782">
        <ele>434.4</ele>
        <time>2026-08-07T16:45:14Z</time>
      </trkpt>
      <trkpt lat="46.352556" lon="6.196722">
        <ele>434.4</ele>
        <time>2026-08-07T16:45:15Z</time>
      </trkpt>
      <trkpt lat="46.352528" lon="6.196659">
        <ele>434.4</ele>
        <time>2026-08-07T16:45:16Z</time>
      </trkpt>
      <trkpt lat="46.352499" lon="6.196595">
        <ele>434.4</ele>
        <time>2026-08-07T16:45:17Z</time>
      </trkpt>
      <trkpt lat="46.352465" lon="6.196535">
        <ele>434.4</ele>
        <time>2026-08-07T16:45:18Z</time>
      </trkpt>
      <trkpt lat="46.35243" lon="6.196472">
        <ele>434.4</ele>
        <time>2026-08-07T16:45:19Z</time>
      </trkpt>
      <trkpt lat="46.352393" lon="6.196411">
        <ele>434.4</ele>
        <time>2026-08-07T16:45:20Z</time>
      </trkpt>
      <trkpt lat="46.352354" lon="6.196352">
        <ele>434.4</ele>
        <time>2026-08-07T16:45:21Z</time>
      </trkpt>
      <trkpt lat="46.352313" lon="6.19629">
        <ele>434.4</ele>
        <time>2026-08-07T16:45:22Z</time>
      </trkpt>
      <trkpt lat="46.35227" lon="6.19623">
        <ele>434.4</ele>
        <time>2026-08-07T16:45:23Z</time>
      </trkpt>
      <trkpt lat="46.352228" lon="6.196175">
        <ele>434.4</ele>
        <time>2026-08-07T16:45:24Z</time>
      </trkpt>
      <trkpt lat="46.352184" lon="6.196132">
        <ele>434.4</ele>
        <time>2026-08-07T16:45:25Z</time>
      </trkpt>
      <trkpt lat="46.352134" lon="6.196088">
        <ele>434.4</ele>
        <time>2026-08-07T16:45:26Z</time>
      </trkpt>
      <trkpt lat="46.352084" lon="6.19605">
        <ele>434.3</ele>
        <time>2026-08-07T16:45:27Z</time>
      </trkpt>
      <trkpt lat="46.352039" lon="6.196015">
        <ele>434.2</ele>
        <time>2026-08-07T16:45:28Z</time>
      </trkpt>
      <trkpt lat="46.351989" lon="6.195982">
        <ele>434.2</ele>
        <time>2026-08-07T16:45:29Z</time>
      </trkpt>
      <trkpt lat="46.351939" lon="6.195946">
        <ele>434.1</ele>
        <time>2026-08-07T16:45:30Z</time>
      </trkpt>
      <trkpt lat="46.351888" lon="6.195913">
        <ele>434.1</ele>
        <time>2026-08-07T16:45:31Z</time>
      </trkpt>
      <trkpt lat="46.351842" lon="6.195875">
        <ele>434.0</ele>
        <time>2026-08-07T16:45:32Z</time>
      </trkpt>
      <trkpt lat="46.351791" lon="6.195838">
        <ele>434.0</ele>
        <time>2026-08-07T16:45:33Z</time>
      </trkpt>
      <trkpt lat="46.351742" lon="6.195805">
        <ele>433.9</ele>
        <time>2026-08-07T16:45:34Z</time>
      </trkpt>
      <trkpt lat="46.351694" lon="6.195778">
        <ele>433.9</ele>
        <time>2026-08-07T16:45:35Z</time>
      </trkpt>
      <trkpt lat="46.351647" lon="6.195744">
        <ele>433.9</ele>
        <time>2026-08-07T16:45:36Z</time>
      </trkpt>
      <trkpt lat="46.351602" lon="6.195712">
        <ele>433.9</ele>
        <time>2026-08-07T16:45:37Z</time>
      </trkpt>
      <trkpt lat="46.351562" lon="6.195671">
        <ele>433.9</ele>
        <time>2026-08-07T16:45:38Z</time>
      </trkpt>
      <trkpt lat="46.351512" lon="6.195627">
        <ele>433.9</ele>
        <time>2026-08-07T16:45:39Z</time>
      </trkpt>
      <trkpt lat="46.351462" lon="6.195595">
        <ele>433.9</ele>
        <time>2026-08-07T16:45:40Z</time>
      </trkpt>
      <trkpt lat="46.351409" lon="6.195559">
        <ele>433.9</ele>
        <time>2026-08-07T16:45:41Z</time>
      </trkpt>
      <trkpt lat="46.351358" lon="6.195522">
        <ele>433.9</ele>
        <time>2026-08-07T16:45:42Z</time>
      </trkpt>
      <trkpt lat="46.351311" lon="6.195482">
        <ele>433.9</ele>
        <time>2026-08-07T16:45:43Z</time>
      </trkpt>
      <trkpt lat="46.351263" lon="6.195441">
        <ele>434.0</ele>
        <time>2026-08-07T16:45:44Z</time>
      </trkpt>
      <trkpt lat="46.351214" lon="6.1954">
        <ele>434.0</ele>
        <time>2026-08-07T16:45:45Z</time>
      </trkpt>
      <trkpt lat="46.351163" lon="6.195384">
        <ele>434.0</ele>
        <time>2026-08-07T16:45:46Z</time>
      </trkpt>
      <trkpt lat="46.351107" lon="6.195407">
        <ele>434.0</ele>
        <time>2026-08-07T16:45:47Z</time>
      </trkpt>
      <trkpt lat="46.351067" lon="6.195468">
        <ele>433.9</ele>
        <time>2026-08-07T16:45:48Z</time>
      </trkpt>
      <trkpt lat="46.35103" lon="6.195544">
        <ele>433.8</ele>
        <time>2026-08-07T16:45:49Z</time>
      </trkpt>
      <trkpt lat="46.350991" lon="6.195611">
        <ele>433.7</ele>
        <time>2026-08-07T16:45:50Z</time>
      </trkpt>
      <trkpt lat="46.350937" lon="6.195649">
        <ele>433.7</ele>
        <time>2026-08-07T16:45:51Z</time>
      </trkpt>
      <trkpt lat="46.350876" lon="6.19567">
        <ele>433.6</ele>
        <time>2026-08-07T16:45:52Z</time>
      </trkpt>
      <trkpt lat="46.350813" lon="6.195656">
        <ele>433.5</ele>
        <time>2026-08-07T16:45:53Z</time>
      </trkpt>
      <trkpt lat="46.350757" lon="6.195608">
        <ele>433.4</ele>
        <time>2026-08-07T16:45:54Z</time>
      </trkpt>
      <trkpt lat="46.350712" lon="6.195543">
        <ele>433.3</ele>
        <time>2026-08-07T16:45:55Z</time>
      </trkpt>
      <trkpt lat="46.350665" lon="6.19548">
        <ele>433.1</ele>
        <time>2026-08-07T16:45:56Z</time>
      </trkpt>
      <trkpt lat="46.350622" lon="6.195422">
        <ele>433.0</ele>
        <time>2026-08-07T16:45:57Z</time>
      </trkpt>
      <trkpt lat="46.350572" lon="6.19537">
        <ele>432.9</ele>
        <time>2026-08-07T16:45:58Z</time>
      </trkpt>
      <trkpt lat="46.350526" lon="6.195316">
        <ele>432.8</ele>
        <time>2026-08-07T16:45:59Z</time>
      </trkpt>
      <trkpt lat="46.350479" lon="6.195277">
        <ele>432.7</ele>
        <time>2026-08-07T16:46:00Z</time>
      </trkpt>
      <trkpt lat="46.350428" lon="6.195271">
        <ele>432.6</ele>
        <time>2026-08-07T16:46:01Z</time>
      </trkpt>
      <trkpt lat="46.350382" lon="6.195322">
        <ele>432.2</ele>
        <time>2026-08-07T16:46:02Z</time>
      </trkpt>
      <trkpt lat="46.350351" lon="6.195408">
        <ele>431.7</ele>
        <time>2026-08-07T16:46:03Z</time>
      </trkpt>
      <trkpt lat="46.350323" lon="6.195501">
        <ele>431.3</ele>
        <time>2026-08-07T16:46:04Z</time>
      </trkpt>
      <trkpt lat="46.350308" lon="6.195596">
        <ele>430.8</ele>
        <time>2026-08-07T16:46:05Z</time>
      </trkpt>
      <trkpt lat="46.350289" lon="6.195695">
        <ele>430.3</ele>
        <time>2026-08-07T16:46:06Z</time>
      </trkpt>
      <trkpt lat="46.350269" lon="6.195793">
        <ele>429.9</ele>
        <time>2026-08-07T16:46:07Z</time>
      </trkpt>
      <trkpt lat="46.350249" lon="6.195891">
        <ele>429.7</ele>
        <time>2026-08-07T16:46:08Z</time>
      </trkpt>
      <trkpt lat="46.35023" lon="6.195997">
        <ele>429.2</ele>
        <time>2026-08-07T16:46:09Z</time>
      </trkpt>
      <trkpt lat="46.3502" lon="6.196097">
        <ele>428.7</ele>
        <time>2026-08-07T16:46:10Z</time>
      </trkpt>
      <trkpt lat="46.350169" lon="6.19618">
        <ele>428.3</ele>
        <time>2026-08-07T16:46:11Z</time>
      </trkpt>
      <trkpt lat="46.350128" lon="6.19626">
        <ele>427.8</ele>
        <time>2026-08-07T16:46:12Z</time>
      </trkpt>
      <trkpt lat="46.350074" lon="6.196321">
        <ele>427.3</ele>
        <time>2026-08-07T16:46:13Z</time>
      </trkpt>
      <trkpt lat="46.350009" lon="6.196339">
        <ele>426.9</ele>
        <time>2026-08-07T16:46:14Z</time>
      </trkpt>
      <trkpt lat="46.349933" lon="6.196314">
        <ele>426.3</ele>
        <time>2026-08-07T16:46:15Z</time>
      </trkpt>
      <trkpt lat="46.349863" lon="6.196252">
        <ele>425.6</ele>
        <time>2026-08-07T16:46:16Z</time>
      </trkpt>
      <trkpt lat="46.349801" lon="6.196171">
        <ele>425.0</ele>
        <time>2026-08-07T16:46:17Z</time>
      </trkpt>
      <trkpt lat="46.349733" lon="6.196102">
        <ele>424.4</ele>
        <time>2026-08-07T16:46:18Z</time>
      </trkpt>
      <trkpt lat="46.349663" lon="6.196026">
        <ele>423.7</ele>
        <time>2026-08-07T16:46:19Z</time>
      </trkpt>
      <trkpt lat="46.34959" lon="6.195953">
        <ele>423.0</ele>
        <time>2026-08-07T16:46:20Z</time>
      </trkpt>
      <trkpt lat="46.349518" lon="6.19588">
        <ele>422.4</ele>
        <time>2026-08-07T16:46:21Z</time>
      </trkpt>
      <trkpt lat="46.349446" lon="6.195827">
        <ele>421.8</ele>
        <time>2026-08-07T16:46:22Z</time>
      </trkpt>
      <trkpt lat="46.349378" lon="6.19578">
        <ele>421.3</ele>
        <time>2026-08-07T16:46:23Z</time>
      </trkpt>
      <trkpt lat="46.349307" lon="6.195762">
        <ele>420.7</ele>
        <time>2026-08-07T16:46:24Z</time>
      </trkpt>
      <trkpt lat="46.34924" lon="6.195802">
        <ele>420.1</ele>
        <time>2026-08-07T16:46:25Z</time>
      </trkpt>
      <trkpt lat="46.349183" lon="6.195883">
        <ele>419.4</ele>
        <time>2026-08-07T16:46:26Z</time>
      </trkpt>
      <trkpt lat="46.349151" lon="6.195985">
        <ele>418.7</ele>
        <time>2026-08-07T16:46:27Z</time>
      </trkpt>
      <trkpt lat="46.34914" lon="6.196104">
        <ele>418.0</ele>
        <time>2026-08-07T16:46:28Z</time>
      </trkpt>
      <trkpt lat="46.349162" lon="6.196223">
        <ele>417.3</ele>
        <time>2026-08-07T16:46:29Z</time>
      </trkpt>
      <trkpt lat="46.349198" lon="6.196329">
        <ele>416.7</ele>
        <time>2026-08-07T16:46:30Z</time>
      </trkpt>
      <trkpt lat="46.349232" lon="6.196449">
        <ele>416.0</ele>
        <time>2026-08-07T16:46:31Z</time>
      </trkpt>
      <trkpt lat="46.349268" lon="6.196568">
        <ele>415.4</ele>
        <time>2026-08-07T16:46:32Z</time>
      </trkpt>
      <trkpt lat="46.349306" lon="6.196686">
        <ele>414.8</ele>
        <time>2026-08-07T16:46:33Z</time>
      </trkpt>
      <trkpt lat="46.349345" lon="6.196806">
        <ele>414.2</ele>
        <time>2026-08-07T16:46:34Z</time>
      </trkpt>
      <trkpt lat="46.349382" lon="6.196925">
        <ele>413.6</ele>
        <time>2026-08-07T16:46:35Z</time>
      </trkpt>
      <trkpt lat="46.34942" lon="6.197046">
        <ele>413.0</ele>
        <time>2026-08-07T16:46:36Z</time>
      </trkpt>
      <trkpt lat="46.349456" lon="6.197172">
        <ele>412.5</ele>
        <time>2026-08-07T16:46:37Z</time>
      </trkpt>
      <trkpt lat="46.349494" lon="6.197291">
        <ele>412.0</ele>
        <time>2026-08-07T16:46:38Z</time>
      </trkpt>
      <trkpt lat="46.349532" lon="6.197408">
        <ele>411.5</ele>
        <time>2026-08-07T16:46:39Z</time>
      </trkpt>
      <trkpt lat="46.349565" lon="6.197525">
        <ele>411.1</ele>
        <time>2026-08-07T16:46:40Z</time>
      </trkpt>
      <trkpt lat="46.349598" lon="6.197639">
        <ele>410.7</ele>
        <time>2026-08-07T16:46:41Z</time>
      </trkpt>
      <trkpt lat="46.349617" lon="6.197757">
        <ele>410.0</ele>
        <time>2026-08-07T16:46:42Z</time>
      </trkpt>
      <trkpt lat="46.3496" lon="6.197874">
        <ele>409.3</ele>
        <time>2026-08-07T16:46:43Z</time>
      </trkpt>
      <trkpt lat="46.349555" lon="6.197987">
        <ele>408.5</ele>
        <time>2026-08-07T16:46:44Z</time>
      </trkpt>
      <trkpt lat="46.34949" lon="6.198088">
        <ele>407.6</ele>
        <time>2026-08-07T16:46:45Z</time>
      </trkpt>
      <trkpt lat="46.349409" lon="6.198172">
        <ele>406.6</ele>
        <time>2026-08-07T16:46:46Z</time>
      </trkpt>
      <trkpt lat="46.349325" lon="6.198245">
        <ele>405.7</ele>
        <time>2026-08-07T16:46:47Z</time>
      </trkpt>
      <trkpt lat="46.349246" lon="6.198334">
        <ele>405.4</ele>
        <time>2026-08-07T16:46:48Z</time>
      </trkpt>
      <trkpt lat="46.34917" lon="6.19844">
        <ele>403.9</ele>
        <time>2026-08-07T16:46:49Z</time>
      </trkpt>
      <trkpt lat="46.349103" lon="6.198559">
        <ele>402.1</ele>
        <time>2026-08-07T16:46:50Z</time>
      </trkpt>
      <trkpt lat="46.349033" lon="6.198679">
        <ele>400.7</ele>
        <time>2026-08-07T16:46:51Z</time>
      </trkpt>
      <trkpt lat="46.348968" lon="6.198799">
        <ele>400.3</ele>
        <time>2026-08-07T16:46:52Z</time>
      </trkpt>
      <trkpt lat="46.348902" lon="6.198908">
        <ele>399.4</ele>
        <time>2026-08-07T16:46:53Z</time>
      </trkpt>
      <trkpt lat="46.348847" lon="6.199029">
        <ele>398.6</ele>
        <time>2026-08-07T16:46:54Z</time>
      </trkpt>
      <trkpt lat="46.348803" lon="6.199163">
        <ele>397.8</ele>
        <time>2026-08-07T16:46:55Z</time>
      </trkpt>
      <trkpt lat="46.348776" lon="6.199311">
        <ele>397.8</ele>
        <time>2026-08-07T16:46:56Z</time>
      </trkpt>
      <trkpt lat="46.348777" lon="6.199457">
        <ele>397.0</ele>
        <time>2026-08-07T16:46:57Z</time>
      </trkpt>
      <trkpt lat="46.348807" lon="6.199595">
        <ele>396.2</ele>
        <time>2026-08-07T16:46:58Z</time>
      </trkpt>
      <trkpt lat="46.348844" lon="6.199732">
        <ele>395.5</ele>
        <time>2026-08-07T16:46:59Z</time>
      </trkpt>
      <trkpt lat="46.348895" lon="6.199854">
        <ele>394.9</ele>
        <time>2026-08-07T16:47:00Z</time>
      </trkpt>
      <trkpt lat="46.348945" lon="6.199969">
        <ele>394.5</ele>
        <time>2026-08-07T16:47:01Z</time>
      </trkpt>
      <trkpt lat="46.348998" lon="6.200083">
        <ele>394.0</ele>
        <time>2026-08-07T16:47:02Z</time>
      </trkpt>
      <trkpt lat="46.349054" lon="6.20019">
        <ele>393.5</ele>
        <time>2026-08-07T16:47:03Z</time>
      </trkpt>
      <trkpt lat="46.349107" lon="6.200302">
        <ele>392.9</ele>
        <time>2026-08-07T16:47:04Z</time>
      </trkpt>
      <trkpt lat="46.349162" lon="6.200411">
        <ele>392.4</ele>
        <time>2026-08-07T16:47:05Z</time>
      </trkpt>
      <trkpt lat="46.34922" lon="6.20052">
        <ele>391.7</ele>
        <time>2026-08-07T16:47:06Z</time>
      </trkpt>
      <trkpt lat="46.349277" lon="6.200636">
        <ele>391.2</ele>
        <time>2026-08-07T16:47:07Z</time>
      </trkpt>
      <trkpt lat="46.349332" lon="6.200759">
        <ele>390.5</ele>
        <time>2026-08-07T16:47:08Z</time>
      </trkpt>
      <trkpt lat="46.349384" lon="6.200888">
        <ele>389.7</ele>
        <time>2026-08-07T16:47:09Z</time>
      </trkpt>
      <trkpt lat="46.349412" lon="6.201043">
        <ele>388.9</ele>
        <time>2026-08-07T16:47:10Z</time>
      </trkpt>
      <trkpt lat="46.34942" lon="6.201209">
        <ele>388.2</ele>
        <time>2026-08-07T16:47:11Z</time>
      </trkpt>
      <trkpt lat="46.349403" lon="6.201374">
        <ele>387.5</ele>
        <time>2026-08-07T16:47:12Z</time>
      </trkpt>
      <trkpt lat="46.34937" lon="6.201532">
        <ele>387.0</ele>
        <time>2026-08-07T16:47:13Z</time>
      </trkpt>
      <trkpt lat="46.349324" lon="6.201676">
        <ele>386.6</ele>
        <time>2026-08-07T16:47:14Z</time>
      </trkpt>
      <trkpt lat="46.349246" lon="6.201785">
        <ele>386.5</ele>
        <time>2026-08-07T16:47:15Z</time>
      </trkpt>
      <trkpt lat="46.349136" lon="6.201848">
        <ele>386.5</ele>
        <time>2026-08-07T16:47:16Z</time>
      </trkpt>
      <trkpt lat="46.349043" lon="6.201904">
        <ele>386.7</ele>
        <time>2026-08-07T16:47:17Z</time>
      </trkpt>
      <trkpt lat="46.348956" lon="6.201945">
        <ele>386.9</ele>
        <time>2026-08-07T16:47:18Z</time>
      </trkpt>
      <trkpt lat="46.348877" lon="6.201985">
        <ele>387.2</ele>
        <time>2026-08-07T16:47:19Z</time>
      </trkpt>
      <trkpt lat="46.348807" lon="6.202028">
        <ele>387.5</ele>
        <time>2026-08-07T16:47:20Z</time>
      </trkpt>
      <trkpt lat="46.348745" lon="6.202076">
        <ele>387.8</ele>
        <time>2026-08-07T16:47:21Z</time>
      </trkpt>
      <trkpt lat="46.348686" lon="6.202113">
        <ele>388.2</ele>
        <time>2026-08-07T16:47:22Z</time>
      </trkpt>
      <trkpt lat="46.348623" lon="6.202115">
        <ele>388.5</ele>
        <time>2026-08-07T16:47:23Z</time>
      </trkpt>
      <trkpt lat="46.348564" lon="6.20209">
        <ele>388.9</ele>
        <time>2026-08-07T16:47:24Z</time>
      </trkpt>
      <trkpt lat="46.348517" lon="6.20203">
        <ele>389.1</ele>
        <time>2026-08-07T16:47:25Z</time>
      </trkpt>
      <trkpt lat="46.348485" lon="6.201953">
        <ele>389.3</ele>
        <time>2026-08-07T16:47:26Z</time>
      </trkpt>
      <trkpt lat="46.348468" lon="6.201852">
        <ele>389.5</ele>
        <time>2026-08-07T16:47:27Z</time>
      </trkpt>
      <trkpt lat="46.348453" lon="6.201783">
        <ele>389.7</ele>
        <time>2026-08-07T16:47:28Z</time>
      </trkpt>
      <trkpt lat="46.348431" lon="6.201709">
        <ele>389.8</ele>
        <time>2026-08-07T16:47:29Z</time>
      </trkpt>
      <trkpt lat="46.348399" lon="6.201637">
        <ele>390.0</ele>
        <time>2026-08-07T16:47:30Z</time>
      </trkpt>
      <trkpt lat="46.34838" lon="6.201561">
        <ele>390.1</ele>
        <time>2026-08-07T16:47:31Z</time>
      </trkpt>
      <trkpt lat="46.348356" lon="6.201487">
        <ele>390.3</ele>
        <time>2026-08-07T16:47:32Z</time>
      </trkpt>
      <trkpt lat="46.348337" lon="6.201416">
        <ele>390.5</ele>
        <time>2026-08-07T16:47:33Z</time>
      </trkpt>
      <trkpt lat="46.348316" lon="6.201345">
        <ele>390.6</ele>
        <time>2026-08-07T16:47:34Z</time>
      </trkpt>
      <trkpt lat="46.348296" lon="6.201279">
        <ele>390.7</ele>
        <time>2026-08-07T16:47:35Z</time>
      </trkpt>
      <trkpt lat="46.348277" lon="6.20121">
        <ele>390.9</ele>
        <time>2026-08-07T16:47:36Z</time>
      </trkpt>
      <trkpt lat="46.348258" lon="6.201146">
        <ele>391.0</ele>
        <time>2026-08-07T16:47:37Z</time>
      </trkpt>
      <trkpt lat="46.348239" lon="6.201083">
        <ele>391.2</ele>
        <time>2026-08-07T16:47:38Z</time>
      </trkpt>
      <trkpt lat="46.348218" lon="6.201021">
        <ele>391.3</ele>
        <time>2026-08-07T16:47:39Z</time>
      </trkpt>
      <trkpt lat="46.348199" lon="6.200964">
        <ele>391.5</ele>
        <time>2026-08-07T16:47:40Z</time>
      </trkpt>
      <trkpt lat="46.348182" lon="6.200904">
        <ele>391.6</ele>
        <time>2026-08-07T16:47:41Z</time>
      </trkpt>
      <trkpt lat="46.348161" lon="6.200849">
        <ele>391.8</ele>
        <time>2026-08-07T16:47:42Z</time>
      </trkpt>
      <trkpt lat="46.348139" lon="6.200796">
        <ele>391.9</ele>
        <time>2026-08-07T16:47:43Z</time>
      </trkpt>
      <trkpt lat="46.348116" lon="6.200742">
        <ele>392.0</ele>
        <time>2026-08-07T16:47:44Z</time>
      </trkpt>
      <trkpt lat="46.348085" lon="6.20069">
        <ele>392.1</ele>
        <time>2026-08-07T16:47:45Z</time>
      </trkpt>
      <trkpt lat="46.348052" lon="6.200644">
        <ele>392.1</ele>
        <time>2026-08-07T16:47:46Z</time>
      </trkpt>
      <trkpt lat="46.348015" lon="6.200596">
        <ele>392.2</ele>
        <time>2026-08-07T16:47:47Z</time>
      </trkpt>
      <trkpt lat="46.347976" lon="6.200553">
        <ele>392.2</ele>
        <time>2026-08-07T16:47:48Z</time>
      </trkpt>
      <trkpt lat="46.347932" lon="6.200509">
        <ele>392.2</ele>
        <time>2026-08-07T16:47:49Z</time>
      </trkpt>
      <trkpt lat="46.347888" lon="6.200464">
        <ele>392.1</ele>
        <time>2026-08-07T16:47:50Z</time>
      </trkpt>
      <trkpt lat="46.347839" lon="6.200425">
        <ele>392.1</ele>
        <time>2026-08-07T16:47:51Z</time>
      </trkpt>
      <trkpt lat="46.34779" lon="6.200391">
        <ele>392.0</ele>
        <time>2026-08-07T16:47:52Z</time>
      </trkpt>
      <trkpt lat="46.347738" lon="6.200364">
        <ele>391.9</ele>
        <time>2026-08-07T16:47:53Z</time>
      </trkpt>
      <trkpt lat="46.34768" lon="6.200328">
        <ele>391.9</ele>
        <time>2026-08-07T16:47:54Z</time>
      </trkpt>
      <trkpt lat="46.347624" lon="6.200293">
        <ele>391.8</ele>
        <time>2026-08-07T16:47:55Z</time>
      </trkpt>
      <trkpt lat="46.347566" lon="6.200259">
        <ele>391.7</ele>
        <time>2026-08-07T16:47:56Z</time>
      </trkpt>
      <trkpt lat="46.34751" lon="6.200225">
        <ele>391.6</ele>
        <time>2026-08-07T16:47:57Z</time>
      </trkpt>
      <trkpt lat="46.347451" lon="6.200193">
        <ele>391.5</ele>
        <time>2026-08-07T16:47:58Z</time>
      </trkpt>
      <trkpt lat="46.347388" lon="6.200168">
        <ele>391.4</ele>
        <time>2026-08-07T16:47:59Z</time>
      </trkpt>
      <trkpt lat="46.347325" lon="6.200132">
        <ele>391.4</ele>
        <time>2026-08-07T16:48:00Z</time>
      </trkpt>
      <trkpt lat="46.347262" lon="6.200094">
        <ele>391.3</ele>
        <time>2026-08-07T16:48:01Z</time>
      </trkpt>
      <trkpt lat="46.3472" lon="6.200057">
        <ele>391.2</ele>
        <time>2026-08-07T16:48:02Z</time>
      </trkpt>
      <trkpt lat="46.347133" lon="6.200026">
        <ele>391.1</ele>
        <time>2026-08-07T16:48:03Z</time>
      </trkpt>
      <trkpt lat="46.347064" lon="6.200003">
        <ele>391.0</ele>
        <time>2026-08-07T16:48:04Z</time>
      </trkpt>
      <trkpt lat="46.346993" lon="6.199985">
        <ele>390.9</ele>
        <time>2026-08-07T16:48:05Z</time>
      </trkpt>
      <trkpt lat="46.346923" lon="6.199968">
        <ele>390.9</ele>
        <time>2026-08-07T16:48:06Z</time>
      </trkpt>
      <trkpt lat="46.346853" lon="6.199951">
        <ele>390.8</ele>
        <time>2026-08-07T16:48:07Z</time>
      </trkpt>
      <trkpt lat="46.346784" lon="6.199936">
        <ele>390.8</ele>
        <time>2026-08-07T16:48:08Z</time>
      </trkpt>
      <trkpt lat="46.346714" lon="6.199917">
        <ele>390.8</ele>
        <time>2026-08-07T16:48:09Z</time>
      </trkpt>
      <trkpt lat="46.346644" lon="6.199897">
        <ele>390.7</ele>
        <time>2026-08-07T16:48:10Z</time>
      </trkpt>
      <trkpt lat="46.346576" lon="6.199882">
        <ele>390.6</ele>
        <time>2026-08-07T16:48:11Z</time>
      </trkpt>
      <trkpt lat="46.346507" lon="6.199864">
        <ele>390.6</ele>
        <time>2026-08-07T16:48:12Z</time>
      </trkpt>
      <trkpt lat="46.346439" lon="6.199845">
        <ele>390.5</ele>
        <time>2026-08-07T16:48:13Z</time>
      </trkpt>
      <trkpt lat="46.346372" lon="6.199832">
        <ele>390.5</ele>
        <time>2026-08-07T16:48:14Z</time>
      </trkpt>
      <trkpt lat="46.346301" lon="6.199818">
        <ele>390.5</ele>
        <time>2026-08-07T16:48:15Z</time>
      </trkpt>
      <trkpt lat="46.346234" lon="6.199809">
        <ele>390.5</ele>
        <time>2026-08-07T16:48:16Z</time>
      </trkpt>
      <trkpt lat="46.346168" lon="6.1998">
        <ele>390.5</ele>
        <time>2026-08-07T16:48:17Z</time>
      </trkpt>
      <trkpt lat="46.346101" lon="6.199791">
        <ele>390.5</ele>
        <time>2026-08-07T16:48:18Z</time>
      </trkpt>
      <trkpt lat="46.346035" lon="6.199781">
        <ele>390.5</ele>
        <time>2026-08-07T16:48:19Z</time>
      </trkpt>
      <trkpt lat="46.34597" lon="6.199773">
        <ele>390.5</ele>
        <time>2026-08-07T16:48:20Z</time>
      </trkpt>
      <trkpt lat="46.345904" lon="6.199767">
        <ele>390.5</ele>
        <time>2026-08-07T16:48:21Z</time>
      </trkpt>
      <trkpt lat="46.345841" lon="6.199761">
        <ele>390.5</ele>
        <time>2026-08-07T16:48:22Z</time>
      </trkpt>
      <trkpt lat="46.345775" lon="6.19975">
        <ele>390.5</ele>
        <time>2026-08-07T16:48:23Z</time>
      </trkpt>
      <trkpt lat="46.345712" lon="6.199743">
        <ele>390.6</ele>
        <time>2026-08-07T16:48:24Z</time>
      </trkpt>
      <trkpt lat="46.345649" lon="6.199734">
        <ele>390.6</ele>
        <time>2026-08-07T16:48:25Z</time>
      </trkpt>
      <trkpt lat="46.345586" lon="6.199727">
        <ele>390.6</ele>
        <time>2026-08-07T16:48:26Z</time>
      </trkpt>
      <trkpt lat="46.345523" lon="6.199717">
        <ele>390.6</ele>
        <time>2026-08-07T16:48:27Z</time>
      </trkpt>
      <trkpt lat="46.345463" lon="6.199712">
        <ele>390.6</ele>
        <time>2026-08-07T16:48:28Z</time>
      </trkpt>
      <trkpt lat="46.345401" lon="6.199707">
        <ele>390.6</ele>
        <time>2026-08-07T16:48:29Z</time>
      </trkpt>
      <trkpt lat="46.34534" lon="6.199703">
        <ele>390.6</ele>
        <time>2026-08-07T16:48:30Z</time>
      </trkpt>
      <trkpt lat="46.345279" lon="6.199708">
        <ele>390.6</ele>
        <time>2026-08-07T16:48:31Z</time>
      </trkpt>
      <trkpt lat="46.34522" lon="6.199727">
        <ele>390.6</ele>
        <time>2026-08-07T16:48:32Z</time>
      </trkpt>
      <trkpt lat="46.34516" lon="6.199757">
        <ele>390.5</ele>
        <time>2026-08-07T16:48:33Z</time>
      </trkpt>
      <trkpt lat="46.345102" lon="6.199798">
        <ele>390.4</ele>
        <time>2026-08-07T16:48:34Z</time>
      </trkpt>
      <trkpt lat="46.345049" lon="6.199851">
        <ele>390.3</ele>
        <time>2026-08-07T16:48:35Z</time>
      </trkpt>
      <trkpt lat="46.344999" lon="6.199913">
        <ele>390.1</ele>
        <time>2026-08-07T16:48:36Z</time>
      </trkpt>
      <trkpt lat="46.34495" lon="6.199982">
        <ele>390.0</ele>
        <time>2026-08-07T16:48:37Z</time>
      </trkpt>
      <trkpt lat="46.3449" lon="6.200046">
        <ele>389.8</ele>
        <time>2026-08-07T16:48:38Z</time>
      </trkpt>
      <trkpt lat="46.344856" lon="6.200095">
        <ele>389.7</ele>
        <time>2026-08-07T16:48:39Z</time>
      </trkpt>
      <trkpt lat="46.344809" lon="6.200179">
        <ele>389.5</ele>
        <time>2026-08-07T16:48:40Z</time>
      </trkpt>
      <trkpt lat="46.344755" lon="6.200256">
        <ele>389.3</ele>
        <time>2026-08-07T16:48:41Z</time>
      </trkpt>
      <trkpt lat="46.344703" lon="6.200331">
        <ele>389.1</ele>
        <time>2026-08-07T16:48:42Z</time>
      </trkpt>
      <trkpt lat="46.34465" lon="6.200401">
        <ele>389.0</ele>
        <time>2026-08-07T16:48:43Z</time>
      </trkpt>
      <trkpt lat="46.344595" lon="6.200474">
        <ele>388.8</ele>
        <time>2026-08-07T16:48:44Z</time>
      </trkpt>
      <trkpt lat="46.344541" lon="6.20055">
        <ele>388.6</ele>
        <time>2026-08-07T16:48:45Z</time>
      </trkpt>
      <trkpt lat="46.344488" lon="6.200621">
        <ele>388.5</ele>
        <time>2026-08-07T16:48:46Z</time>
      </trkpt>
      <trkpt lat="46.344435" lon="6.200698">
        <ele>388.3</ele>
        <time>2026-08-07T16:48:47Z</time>
      </trkpt>
      <trkpt lat="46.344382" lon="6.200773">
        <ele>388.1</ele>
        <time>2026-08-07T16:48:48Z</time>
      </trkpt>
      <trkpt lat="46.344332" lon="6.200852">
        <ele>387.9</ele>
        <time>2026-08-07T16:48:49Z</time>
      </trkpt>
      <trkpt lat="46.344282" lon="6.200935">
        <ele>387.7</ele>
        <time>2026-08-07T16:48:50Z</time>
      </trkpt>
      <trkpt lat="46.344238" lon="6.201021">
        <ele>387.5</ele>
        <time>2026-08-07T16:48:51Z</time>
      </trkpt>
      <trkpt lat="46.344203" lon="6.201122">
        <ele>387.3</ele>
        <time>2026-08-07T16:48:52Z</time>
      </trkpt>
      <trkpt lat="46.344173" lon="6.201227">
        <ele>387.1</ele>
        <time>2026-08-07T16:48:53Z</time>
      </trkpt>
      <trkpt lat="46.344148" lon="6.201332">
        <ele>386.9</ele>
        <time>2026-08-07T16:48:54Z</time>
      </trkpt>
      <trkpt lat="46.344121" lon="6.201437">
        <ele>386.7</ele>
        <time>2026-08-07T16:48:55Z</time>
      </trkpt>
      <trkpt lat="46.344094" lon="6.201543">
        <ele>386.5</ele>
        <time>2026-08-07T16:48:56Z</time>
      </trkpt>
      <trkpt lat="46.344068" lon="6.201649">
        <ele>386.4</ele>
        <time>2026-08-07T16:48:57Z</time>
      </trkpt>
      <trkpt lat="46.344042" lon="6.201758">
        <ele>386.2</ele>
        <time>2026-08-07T16:48:58Z</time>
      </trkpt>
      <trkpt lat="46.344015" lon="6.201864">
        <ele>386.0</ele>
        <time>2026-08-07T16:48:59Z</time>
      </trkpt>
      <trkpt lat="46.343987" lon="6.201969">
        <ele>385.8</ele>
        <time>2026-08-07T16:49:00Z</time>
      </trkpt>
      <trkpt lat="46.343961" lon="6.202076">
        <ele>385.6</ele>
        <time>2026-08-07T16:49:01Z</time>
      </trkpt>
      <trkpt lat="46.343936" lon="6.202182">
        <ele>385.4</ele>
        <time>2026-08-07T16:49:02Z</time>
      </trkpt>
      <trkpt lat="46.343912" lon="6.202289">
        <ele>385.1</ele>
        <time>2026-08-07T16:49:03Z</time>
      </trkpt>
      <trkpt lat="46.343887" lon="6.202396">
        <ele>384.9</ele>
        <time>2026-08-07T16:49:04Z</time>
      </trkpt>
      <trkpt lat="46.343861" lon="6.202501">
        <ele>384.7</ele>
        <time>2026-08-07T16:49:05Z</time>
      </trkpt>
      <trkpt lat="46.343835" lon="6.202608">
        <ele>384.5</ele>
        <time>2026-08-07T16:49:06Z</time>
      </trkpt>
      <trkpt lat="46.343809" lon="6.202718">
        <ele>384.3</ele>
        <time>2026-08-07T16:49:07Z</time>
      </trkpt>
      <trkpt lat="46.34378" lon="6.202827">
        <ele>384.0</ele>
        <time>2026-08-07T16:49:08Z</time>
      </trkpt>
      <trkpt lat="46.343754" lon="6.202935">
        <ele>383.8</ele>
        <time>2026-08-07T16:49:09Z</time>
      </trkpt>
      <trkpt lat="46.343729" lon="6.203047">
        <ele>383.6</ele>
        <time>2026-08-07T16:49:10Z</time>
      </trkpt>
      <trkpt lat="46.343704" lon="6.20316">
        <ele>383.4</ele>
        <time>2026-08-07T16:49:11Z</time>
      </trkpt>
      <trkpt lat="46.343679" lon="6.203272">
        <ele>383.2</ele>
        <time>2026-08-07T16:49:12Z</time>
      </trkpt>
      <trkpt lat="46.343652" lon="6.203383">
        <ele>383.0</ele>
        <time>2026-08-07T16:49:13Z</time>
      </trkpt>
      <trkpt lat="46.343626" lon="6.203498">
        <ele>382.8</ele>
        <time>2026-08-07T16:49:14Z</time>
      </trkpt>
      <trkpt lat="46.343599" lon="6.203607">
        <ele>382.6</ele>
        <time>2026-08-07T16:49:15Z</time>
      </trkpt>
      <trkpt lat="46.343574" lon="6.203714">
        <ele>382.4</ele>
        <time>2026-08-07T16:49:16Z</time>
      </trkpt>
      <trkpt lat="46.34355" lon="6.203822">
        <ele>382.3</ele>
        <time>2026-08-07T16:49:17Z</time>
      </trkpt>
      <trkpt lat="46.343529" lon="6.203927">
        <ele>382.1</ele>
        <time>2026-08-07T16:49:18Z</time>
      </trkpt>
      <trkpt lat="46.343508" lon="6.204032">
        <ele>382.0</ele>
        <time>2026-08-07T16:49:19Z</time>
      </trkpt>
      <trkpt lat="46.34348" lon="6.204104">
        <ele>381.9</ele>
        <time>2026-08-07T16:49:20Z</time>
      </trkpt>
      <trkpt lat="46.343432" lon="6.204139">
        <ele>381.8</ele>
        <time>2026-08-07T16:49:21Z</time>
      </trkpt>
      <trkpt lat="46.343381" lon="6.204129">
        <ele>381.8</ele>
        <time>2026-08-07T16:49:22Z</time>
      </trkpt>
      <trkpt lat="46.34333" lon="6.204075">
        <ele>381.9</ele>
        <time>2026-08-07T16:49:23Z</time>
      </trkpt>
      <trkpt lat="46.343292" lon="6.204022">
        <ele>382.0</ele>
        <time>2026-08-07T16:49:24Z</time>
      </trkpt>
      <trkpt lat="46.343256" lon="6.203975">
        <ele>382.0</ele>
        <time>2026-08-07T16:49:25Z</time>
      </trkpt>
      <trkpt lat="46.343217" lon="6.203936">
        <ele>382.1</ele>
        <time>2026-08-07T16:49:26Z</time>
      </trkpt>
      <trkpt lat="46.343171" lon="6.203896">
        <ele>382.1</ele>
        <time>2026-08-07T16:49:27Z</time>
      </trkpt>
      <trkpt lat="46.343126" lon="6.203865">
        <ele>382.2</ele>
        <time>2026-08-07T16:49:28Z</time>
      </trkpt>
      <trkpt lat="46.343085" lon="6.203816">
        <ele>382.3</ele>
        <time>2026-08-07T16:49:29Z</time>
      </trkpt>
      <trkpt lat="46.343039" lon="6.203773">
        <ele>382.4</ele>
        <time>2026-08-07T16:49:30Z</time>
      </trkpt>
      <trkpt lat="46.342996" lon="6.203736">
        <ele>382.4</ele>
        <time>2026-08-07T16:49:31Z</time>
      </trkpt>
      <trkpt lat="46.342955" lon="6.203692">
        <ele>382.5</ele>
        <time>2026-08-07T16:49:32Z</time>
      </trkpt>
      <trkpt lat="46.342912" lon="6.20365">
        <ele>382.6</ele>
        <time>2026-08-07T16:49:33Z</time>
      </trkpt>
      <trkpt lat="46.342872" lon="6.203607">
        <ele>382.7</ele>
        <time>2026-08-07T16:49:34Z</time>
      </trkpt>
      <trkpt lat="46.342833" lon="6.203562">
        <ele>382.7</ele>
        <time>2026-08-07T16:49:35Z</time>
      </trkpt>
      <trkpt lat="46.342791" lon="6.203519">
        <ele>382.8</ele>
        <time>2026-08-07T16:49:36Z</time>
      </trkpt>
      <trkpt lat="46.342749" lon="6.203474">
        <ele>382.9</ele>
        <time>2026-08-07T16:49:37Z</time>
      </trkpt>
      <trkpt lat="46.342713" lon="6.203421">
        <ele>383.0</ele>
        <time>2026-08-07T16:49:38Z</time>
      </trkpt>
      <trkpt lat="46.342676" lon="6.20337">
        <ele>383.1</ele>
        <time>2026-08-07T16:49:39Z</time>
      </trkpt>
      <trkpt lat="46.34264" lon="6.203322">
        <ele>383.2</ele>
        <time>2026-08-07T16:49:40Z</time>
      </trkpt>
      <trkpt lat="46.342606" lon="6.203265">
        <ele>383.2</ele>
        <time>2026-08-07T16:49:41Z</time>
      </trkpt>
      <trkpt lat="46.342573" lon="6.203206">
        <ele>383.3</ele>
        <time>2026-08-07T16:49:42Z</time>
      </trkpt>
      <trkpt lat="46.342542" lon="6.20315">
        <ele>383.4</ele>
        <time>2026-08-07T16:49:43Z</time>
      </trkpt>
      <trkpt lat="46.34251" lon="6.203091">
        <ele>383.4</ele>
        <time>2026-08-07T16:49:44Z</time>
      </trkpt>
      <trkpt lat="46.342478" lon="6.20303">
        <ele>383.5</ele>
        <time>2026-08-07T16:49:45Z</time>
      </trkpt>
      <trkpt lat="46.342449" lon="6.20297">
        <ele>383.6</ele>
        <time>2026-08-07T16:49:46Z</time>
      </trkpt>
      <trkpt lat="46.342421" lon="6.202909">
        <ele>383.6</ele>
        <time>2026-08-07T16:49:47Z</time>
      </trkpt>
      <trkpt lat="46.342391" lon="6.202848">
        <ele>383.7</ele>
        <time>2026-08-07T16:49:48Z</time>
      </trkpt>
      <trkpt lat="46.342362" lon="6.202787">
        <ele>383.8</ele>
        <time>2026-08-07T16:49:49Z</time>
      </trkpt>
      <trkpt lat="46.342325" lon="6.202736">
        <ele>383.9</ele>
        <time>2026-08-07T16:49:50Z</time>
      </trkpt>
      <trkpt lat="46.342292" lon="6.202676">
        <ele>384.0</ele>
        <time>2026-08-07T16:49:51Z</time>
      </trkpt>
      <trkpt lat="46.342257" lon="6.20263">
        <ele>384.1</ele>
        <time>2026-08-07T16:49:52Z</time>
      </trkpt>
      <trkpt lat="46.34222" lon="6.202581">
        <ele>384.1</ele>
        <time>2026-08-07T16:49:53Z</time>
      </trkpt>
      <trkpt lat="46.342178" lon="6.202537">
        <ele>384.2</ele>
        <time>2026-08-07T16:49:54Z</time>
      </trkpt>
      <trkpt lat="46.342136" lon="6.202491">
        <ele>384.3</ele>
        <time>2026-08-07T16:49:55Z</time>
      </trkpt>
      <trkpt lat="46.342093" lon="6.202452">
        <ele>384.4</ele>
        <time>2026-08-07T16:49:56Z</time>
      </trkpt>
      <trkpt lat="46.342042" lon="6.202419">
        <ele>384.5</ele>
        <time>2026-08-07T16:49:57Z</time>
      </trkpt>
      <trkpt lat="46.341997" lon="6.202381">
        <ele>384.5</ele>
        <time>2026-08-07T16:49:58Z</time>
      </trkpt>
      <trkpt lat="46.341943" lon="6.202346">
        <ele>384.6</ele>
        <time>2026-08-07T16:49:59Z</time>
      </trkpt>
      <trkpt lat="46.341881" lon="6.202309">
        <ele>384.7</ele>
        <time>2026-08-07T16:50:00Z</time>
      </trkpt>
      <trkpt lat="46.341822" lon="6.202285">
        <ele>384.8</ele>
        <time>2026-08-07T16:50:01Z</time>
      </trkpt>
      <trkpt lat="46.341764" lon="6.202255">
        <ele>384.9</ele>
        <time>2026-08-07T16:50:02Z</time>
      </trkpt>
      <trkpt lat="46.341704" lon="6.202225">
        <ele>384.9</ele>
        <time>2026-08-07T16:50:03Z</time>
      </trkpt>
      <trkpt lat="46.341651" lon="6.202198">
        <ele>385.0</ele>
        <time>2026-08-07T16:50:04Z</time>
      </trkpt>
      <trkpt lat="46.341595" lon="6.202169">
        <ele>385.1</ele>
        <time>2026-08-07T16:50:05Z</time>
      </trkpt>
      <trkpt lat="46.341538" lon="6.202137">
        <ele>385.1</ele>
        <time>2026-08-07T16:50:06Z</time>
      </trkpt>
      <trkpt lat="46.341479" lon="6.202109">
        <ele>385.2</ele>
        <time>2026-08-07T16:50:07Z</time>
      </trkpt>
      <trkpt lat="46.341423" lon="6.202081">
        <ele>385.2</ele>
        <time>2026-08-07T16:50:08Z</time>
      </trkpt>
      <trkpt lat="46.341365" lon="6.202057">
        <ele>385.3</ele>
        <time>2026-08-07T16:50:09Z</time>
      </trkpt>
      <trkpt lat="46.341307" lon="6.20203">
        <ele>385.3</ele>
        <time>2026-08-07T16:50:10Z</time>
      </trkpt>
      <trkpt lat="46.341249" lon="6.202007">
        <ele>385.3</ele>
        <time>2026-08-07T16:50:11Z</time>
      </trkpt>
      <trkpt lat="46.341188" lon="6.201979">
        <ele>385.3</ele>
        <time>2026-08-07T16:50:12Z</time>
      </trkpt>
      <trkpt lat="46.341127" lon="6.201951">
        <ele>385.3</ele>
        <time>2026-08-07T16:50:13Z</time>
      </trkpt>
      <trkpt lat="46.341063" lon="6.201927">
        <ele>385.3</ele>
        <time>2026-08-07T16:50:14Z</time>
      </trkpt>
      <trkpt lat="46.340996" lon="6.201899">
        <ele>385.3</ele>
        <time>2026-08-07T16:50:15Z</time>
      </trkpt>
      <trkpt lat="46.340929" lon="6.20187">
        <ele>385.3</ele>
        <time>2026-08-07T16:50:16Z</time>
      </trkpt>
      <trkpt lat="46.340864" lon="6.201845">
        <ele>385.3</ele>
        <time>2026-08-07T16:50:17Z</time>
      </trkpt>
      <trkpt lat="46.340793" lon="6.201817">
        <ele>385.3</ele>
        <time>2026-08-07T16:50:18Z</time>
      </trkpt>
      <trkpt lat="46.340723" lon="6.201797">
        <ele>385.3</ele>
        <time>2026-08-07T16:50:19Z</time>
      </trkpt>
      <trkpt lat="46.340655" lon="6.201781">
        <ele>385.3</ele>
        <time>2026-08-07T16:50:20Z</time>
      </trkpt>
      <trkpt lat="46.340588" lon="6.201766">
        <ele>385.4</ele>
        <time>2026-08-07T16:50:21Z</time>
      </trkpt>
      <trkpt lat="46.340518" lon="6.201741">
        <ele>385.4</ele>
        <time>2026-08-07T16:50:22Z</time>
      </trkpt>
      <trkpt lat="46.34045" lon="6.201721">
        <ele>385.5</ele>
        <time>2026-08-07T16:50:23Z</time>
      </trkpt>
      <trkpt lat="46.340381" lon="6.201702">
        <ele>385.5</ele>
        <time>2026-08-07T16:50:24Z</time>
      </trkpt>
      <trkpt lat="46.34031" lon="6.201673">
        <ele>385.6</ele>
        <time>2026-08-07T16:50:25Z</time>
      </trkpt>
      <trkpt lat="46.340241" lon="6.201642">
        <ele>385.7</ele>
        <time>2026-08-07T16:50:26Z</time>
      </trkpt>
      <trkpt lat="46.340175" lon="6.2016">
        <ele>385.8</ele>
        <time>2026-08-07T16:50:27Z</time>
      </trkpt>
      <trkpt lat="46.340113" lon="6.201553">
        <ele>385.9</ele>
        <time>2026-08-07T16:50:28Z</time>
      </trkpt>
      <trkpt lat="46.34005" lon="6.201507">
        <ele>386.0</ele>
        <time>2026-08-07T16:50:29Z</time>
      </trkpt>
      <trkpt lat="46.339987" lon="6.201464">
        <ele>386.0</ele>
        <time>2026-08-07T16:50:30Z</time>
      </trkpt>
      <trkpt lat="46.339926" lon="6.201418">
        <ele>386.1</ele>
        <time>2026-08-07T16:50:31Z</time>
      </trkpt>
      <trkpt lat="46.339867" lon="6.201369">
        <ele>386.2</ele>
        <time>2026-08-07T16:50:32Z</time>
      </trkpt>
      <trkpt lat="46.339807" lon="6.201325">
        <ele>386.3</ele>
        <time>2026-08-07T16:50:33Z</time>
      </trkpt>
      <trkpt lat="46.339754" lon="6.201264">
        <ele>386.4</ele>
        <time>2026-08-07T16:50:34Z</time>
      </trkpt>
      <trkpt lat="46.339696" lon="6.201209">
        <ele>386.4</ele>
        <time>2026-08-07T16:50:35Z</time>
      </trkpt>
      <trkpt lat="46.33965" lon="6.201137">
        <ele>386.5</ele>
        <time>2026-08-07T16:50:36Z</time>
      </trkpt>
      <trkpt lat="46.339601" lon="6.201079">
        <ele>386.6</ele>
        <time>2026-08-07T16:50:37Z</time>
      </trkpt>
      <trkpt lat="46.339548" lon="6.201025">
        <ele>386.6</ele>
        <time>2026-08-07T16:50:38Z</time>
      </trkpt>
      <trkpt lat="46.339493" lon="6.200976">
        <ele>386.7</ele>
        <time>2026-08-07T16:50:39Z</time>
      </trkpt>
      <trkpt lat="46.339434" lon="6.20092">
        <ele>386.8</ele>
        <time>2026-08-07T16:50:40Z</time>
      </trkpt>
      <trkpt lat="46.339381" lon="6.200871">
        <ele>386.8</ele>
        <time>2026-08-07T16:50:41Z</time>
      </trkpt>
      <trkpt lat="46.339327" lon="6.200821">
        <ele>386.9</ele>
        <time>2026-08-07T16:50:42Z</time>
      </trkpt>
      <trkpt lat="46.33927" lon="6.200776">
        <ele>386.9</ele>
        <time>2026-08-07T16:50:43Z</time>
      </trkpt>
      <trkpt lat="46.339215" lon="6.200724">
        <ele>387.0</ele>
        <time>2026-08-07T16:50:44Z</time>
      </trkpt>
      <trkpt lat="46.33916" lon="6.200675">
        <ele>387.0</ele>
        <time>2026-08-07T16:50:45Z</time>
      </trkpt>
      <trkpt lat="46.339108" lon="6.200623">
        <ele>387.0</ele>
        <time>2026-08-07T16:50:46Z</time>
      </trkpt>
      <trkpt lat="46.339053" lon="6.200574">
        <ele>387.0</ele>
        <time>2026-08-07T16:50:47Z</time>
      </trkpt>
      <trkpt lat="46.338998" lon="6.200522">
        <ele>387.1</ele>
        <time>2026-08-07T16:50:48Z</time>
      </trkpt>
      <trkpt lat="46.338947" lon="6.200475">
        <ele>387.1</ele>
        <time>2026-08-07T16:50:49Z</time>
      </trkpt>
      <trkpt lat="46.338896" lon="6.200425">
        <ele>387.2</ele>
        <time>2026-08-07T16:50:50Z</time>
      </trkpt>
      <trkpt lat="46.338838" lon="6.200375">
        <ele>387.2</ele>
        <time>2026-08-07T16:50:51Z</time>
      </trkpt>
      <trkpt lat="46.338786" lon="6.200325">
        <ele>387.3</ele>
        <time>2026-08-07T16:50:52Z</time>
      </trkpt>
      <trkpt lat="46.338735" lon="6.20027">
        <ele>387.3</ele>
        <time>2026-08-07T16:50:53Z</time>
      </trkpt>
      <trkpt lat="46.338684" lon="6.200211">
        <ele>387.4</ele>
        <time>2026-08-07T16:50:54Z</time>
      </trkpt>
      <trkpt lat="46.338633" lon="6.200155">
        <ele>387.4</ele>
        <time>2026-08-07T16:50:55Z</time>
      </trkpt>
      <trkpt lat="46.338584" lon="6.200104">
        <ele>387.5</ele>
        <time>2026-08-07T16:50:56Z</time>
      </trkpt>
      <trkpt lat="46.338534" lon="6.200046">
        <ele>387.5</ele>
        <time>2026-08-07T16:50:57Z</time>
      </trkpt>
      <trkpt lat="46.338481" lon="6.199989">
        <ele>387.5</ele>
        <time>2026-08-07T16:50:58Z</time>
      </trkpt>
      <trkpt lat="46.33843" lon="6.199936">
        <ele>387.6</ele>
        <time>2026-08-07T16:50:59Z</time>
      </trkpt>
      <trkpt lat="46.338382" lon="6.199884">
        <ele>387.6</ele>
        <time>2026-08-07T16:51:00Z</time>
      </trkpt>
      <trkpt lat="46.338334" lon="6.199814">
        <ele>387.6</ele>
        <time>2026-08-07T16:51:01Z</time>
      </trkpt>
      <trkpt lat="46.338286" lon="6.199759">
        <ele>387.7</ele>
        <time>2026-08-07T16:51:02Z</time>
      </trkpt>
      <trkpt lat="46.338234" lon="6.199695">
        <ele>387.8</ele>
        <time>2026-08-07T16:51:03Z</time>
      </trkpt>
      <trkpt lat="46.338185" lon="6.199636">
        <ele>387.8</ele>
        <time>2026-08-07T16:51:04Z</time>
      </trkpt>
      <trkpt lat="46.338138" lon="6.199575">
        <ele>387.9</ele>
        <time>2026-08-07T16:51:05Z</time>
      </trkpt>
      <trkpt lat="46.338085" lon="6.199518">
        <ele>387.9</ele>
        <time>2026-08-07T16:51:06Z</time>
      </trkpt>
      <trkpt lat="46.338032" lon="6.199455">
        <ele>388.0</ele>
        <time>2026-08-07T16:51:07Z</time>
      </trkpt>
      <trkpt lat="46.337984" lon="6.199393">
        <ele>388.0</ele>
        <time>2026-08-07T16:51:08Z</time>
      </trkpt>
      <trkpt lat="46.337934" lon="6.199332">
        <ele>388.1</ele>
        <time>2026-08-07T16:51:09Z</time>
      </trkpt>
      <trkpt lat="46.337882" lon="6.199272">
        <ele>388.1</ele>
        <time>2026-08-07T16:51:10Z</time>
      </trkpt>
      <trkpt lat="46.337833" lon="6.199209">
        <ele>388.2</ele>
        <time>2026-08-07T16:51:11Z</time>
      </trkpt>
      <trkpt lat="46.337783" lon="6.199152">
        <ele>388.3</ele>
        <time>2026-08-07T16:51:12Z</time>
      </trkpt>
      <trkpt lat="46.33773" lon="6.199103">
        <ele>388.3</ele>
        <time>2026-08-07T16:51:13Z</time>
      </trkpt>
      <trkpt lat="46.33768" lon="6.199042">
        <ele>388.4</ele>
        <time>2026-08-07T16:51:14Z</time>
      </trkpt>
      <trkpt lat="46.337626" lon="6.198995">
        <ele>388.5</ele>
        <time>2026-08-07T16:51:15Z</time>
      </trkpt>
      <trkpt lat="46.337567" lon="6.198948">
        <ele>388.6</ele>
        <time>2026-08-07T16:51:16Z</time>
      </trkpt>
      <trkpt lat="46.337511" lon="6.198911">
        <ele>388.7</ele>
        <time>2026-08-07T16:51:17Z</time>
      </trkpt>
      <trkpt lat="46.337454" lon="6.198874">
        <ele>388.8</ele>
        <time>2026-08-07T16:51:18Z</time>
      </trkpt>
      <trkpt lat="46.337399" lon="6.198834">
        <ele>388.9</ele>
        <time>2026-08-07T16:51:19Z</time>
      </trkpt>
      <trkpt lat="46.337345" lon="6.198798">
        <ele>389.1</ele>
        <time>2026-08-07T16:51:20Z</time>
      </trkpt>
      <trkpt lat="46.337287" lon="6.198765">
        <ele>389.2</ele>
        <time>2026-08-07T16:51:21Z</time>
      </trkpt>
      <trkpt lat="46.337232" lon="6.198737">
        <ele>389.3</ele>
        <time>2026-08-07T16:51:22Z</time>
      </trkpt>
      <trkpt lat="46.337183" lon="6.198708">
        <ele>389.4</ele>
        <time>2026-08-07T16:51:23Z</time>
      </trkpt>
      <trkpt lat="46.33713" lon="6.198678">
        <ele>389.6</ele>
        <time>2026-08-07T16:51:24Z</time>
      </trkpt>
      <trkpt lat="46.337083" lon="6.198644">
        <ele>389.8</ele>
        <time>2026-08-07T16:51:25Z</time>
      </trkpt>
      <trkpt lat="46.337037" lon="6.198601">
        <ele>390.0</ele>
        <time>2026-08-07T16:51:26Z</time>
      </trkpt>
      <trkpt lat="46.336989" lon="6.198563">
        <ele>390.1</ele>
        <time>2026-08-07T16:51:27Z</time>
      </trkpt>
      <trkpt lat="46.336947" lon="6.19853">
        <ele>390.3</ele>
        <time>2026-08-07T16:51:28Z</time>
      </trkpt>
      <trkpt lat="46.336899" lon="6.198493">
        <ele>390.5</ele>
        <time>2026-08-07T16:51:29Z</time>
      </trkpt>
      <trkpt lat="46.336849" lon="6.198451">
        <ele>390.7</ele>
        <time>2026-08-07T16:51:30Z</time>
      </trkpt>
      <trkpt lat="46.336808" lon="6.198416">
        <ele>390.8</ele>
        <time>2026-08-07T16:51:31Z</time>
      </trkpt>
      <trkpt lat="46.336765" lon="6.198374">
        <ele>390.9</ele>
        <time>2026-08-07T16:51:32Z</time>
      </trkpt>
      <trkpt lat="46.336724" lon="6.198333">
        <ele>390.9</ele>
        <time>2026-08-07T16:51:33Z</time>
      </trkpt>
      <trkpt lat="46.336684" lon="6.198286">
        <ele>391.0</ele>
        <time>2026-08-07T16:51:34Z</time>
      </trkpt>
      <trkpt lat="46.336649" lon="6.198223">
        <ele>391.1</ele>
        <time>2026-08-07T16:51:35Z</time>
      </trkpt>
      <trkpt lat="46.336619" lon="6.198169">
        <ele>391.1</ele>
        <time>2026-08-07T16:51:36Z</time>
      </trkpt>
      <trkpt lat="46.336578" lon="6.198113">
        <ele>391.1</ele>
        <time>2026-08-07T16:51:37Z</time>
      </trkpt>
      <trkpt lat="46.336537" lon="6.198053">
        <ele>391.1</ele>
        <time>2026-08-07T16:51:38Z</time>
      </trkpt>
      <trkpt lat="46.336492" lon="6.197991">
        <ele>391.1</ele>
        <time>2026-08-07T16:51:39Z</time>
      </trkpt>
      <trkpt lat="46.336449" lon="6.197928">
        <ele>391.0</ele>
        <time>2026-08-07T16:51:40Z</time>
      </trkpt>
      <trkpt lat="46.336407" lon="6.19786">
        <ele>390.8</ele>
        <time>2026-08-07T16:51:41Z</time>
      </trkpt>
      <trkpt lat="46.336363" lon="6.197777">
        <ele>390.5</ele>
        <time>2026-08-07T16:51:42Z</time>
      </trkpt>
      <trkpt lat="46.336315" lon="6.197696">
        <ele>390.2</ele>
        <time>2026-08-07T16:51:43Z</time>
      </trkpt>
      <trkpt lat="46.336264" lon="6.197607">
        <ele>389.8</ele>
        <time>2026-08-07T16:51:44Z</time>
      </trkpt>
      <trkpt lat="46.336209" lon="6.197514">
        <ele>389.4</ele>
        <time>2026-08-07T16:51:45Z</time>
      </trkpt>
      <trkpt lat="46.336149" lon="6.197416">
        <ele>389.0</ele>
        <time>2026-08-07T16:51:46Z</time>
      </trkpt>
      <trkpt lat="46.336086" lon="6.197313">
        <ele>388.7</ele>
        <time>2026-08-07T16:51:47Z</time>
      </trkpt>
      <trkpt lat="46.336027" lon="6.197208">
        <ele>388.6</ele>
        <time>2026-08-07T16:51:48Z</time>
      </trkpt>
      <trkpt lat="46.335973" lon="6.19711">
        <ele>388.5</ele>
        <time>2026-08-07T16:51:49Z</time>
      </trkpt>
      <trkpt lat="46.335917" lon="6.197004">
        <ele>388.5</ele>
        <time>2026-08-07T16:51:50Z</time>
      </trkpt>
      <trkpt lat="46.335858" lon="6.196894">
        <ele>388.7</ele>
        <time>2026-08-07T16:51:51Z</time>
      </trkpt>
      <trkpt lat="46.3358" lon="6.19683">
        <ele>388.9</ele>
        <time>2026-08-07T16:51:52Z</time>
      </trkpt>
      <trkpt lat="46.335753" lon="6.196748">
        <ele>389.2</ele>
        <time>2026-08-07T16:51:53Z</time>
      </trkpt>
      <trkpt lat="46.335711" lon="6.196677">
        <ele>389.7</ele>
        <time>2026-08-07T16:51:54Z</time>
      </trkpt>
      <trkpt lat="46.335673" lon="6.196613">
        <ele>390.2</ele>
        <time>2026-08-07T16:51:55Z</time>
      </trkpt>
      <trkpt lat="46.335632" lon="6.196557">
        <ele>390.7</ele>
        <time>2026-08-07T16:51:56Z</time>
      </trkpt>
      <trkpt lat="46.335595" lon="6.196495">
        <ele>391.2</ele>
        <time>2026-08-07T16:51:57Z</time>
      </trkpt>
      <trkpt lat="46.335564" lon="6.196446">
        <ele>391.6</ele>
        <time>2026-08-07T16:51:58Z</time>
      </trkpt>
      <trkpt lat="46.335534" lon="6.196398">
        <ele>391.9</ele>
        <time>2026-08-07T16:51:59Z</time>
      </trkpt>
      <trkpt lat="46.3355" lon="6.196356">
        <ele>392.3</ele>
        <time>2026-08-07T16:52:00Z</time>
      </trkpt>
      <trkpt lat="46.335471" lon="6.196313">
        <ele>392.6</ele>
        <time>2026-08-07T16:52:01Z</time>
      </trkpt>
      <trkpt lat="46.335445" lon="6.196264">
        <ele>393.0</ele>
        <time>2026-08-07T16:52:02Z</time>
      </trkpt>
      <trkpt lat="46.335419" lon="6.196217">
        <ele>393.3</ele>
        <time>2026-08-07T16:52:03Z</time>
      </trkpt>
      <trkpt lat="46.3354" lon="6.196169">
        <ele>393.5</ele>
        <time>2026-08-07T16:52:04Z</time>
      </trkpt>
      <trkpt lat="46.335377" lon="6.196122">
        <ele>393.8</ele>
        <time>2026-08-07T16:52:05Z</time>
      </trkpt>
      <trkpt lat="46.335353" lon="6.19608">
        <ele>394.0</ele>
        <time>2026-08-07T16:52:06Z</time>
      </trkpt>
      <trkpt lat="46.335332" lon="6.196046">
        <ele>394.2</ele>
        <time>2026-08-07T16:52:07Z</time>
      </trkpt>
      <trkpt lat="46.33531" lon="6.196006">
        <ele>394.3</ele>
        <time>2026-08-07T16:52:08Z</time>
      </trkpt>
      <trkpt lat="46.335293" lon="6.195959">
        <ele>394.5</ele>
        <time>2026-08-07T16:52:09Z</time>
      </trkpt>
      <trkpt lat="46.335275" lon="6.195916">
        <ele>394.7</ele>
        <time>2026-08-07T16:52:10Z</time>
      </trkpt>
      <trkpt lat="46.335254" lon="6.195872">
        <ele>394.9</ele>
        <time>2026-08-07T16:52:11Z</time>
      </trkpt>
      <trkpt lat="46.335232" lon="6.19583">
        <ele>395.0</ele>
        <time>2026-08-07T16:52:12Z</time>
      </trkpt>
      <trkpt lat="46.335205" lon="6.195787">
        <ele>395.2</ele>
        <time>2026-08-07T16:52:13Z</time>
      </trkpt>
      <trkpt lat="46.335183" lon="6.195741">
        <ele>395.4</ele>
        <time>2026-08-07T16:52:14Z</time>
      </trkpt>
      <trkpt lat="46.335159" lon="6.195691">
        <ele>395.7</ele>
        <time>2026-08-07T16:52:15Z</time>
      </trkpt>
      <trkpt lat="46.335137" lon="6.19564">
        <ele>395.9</ele>
        <time>2026-08-07T16:52:16Z</time>
      </trkpt>
      <trkpt lat="46.335115" lon="6.195585">
        <ele>396.1</ele>
        <time>2026-08-07T16:52:17Z</time>
      </trkpt>
      <trkpt lat="46.335093" lon="6.195538">
        <ele>396.2</ele>
        <time>2026-08-07T16:52:18Z</time>
      </trkpt>
      <trkpt lat="46.335064" lon="6.195491">
        <ele>396.4</ele>
        <time>2026-08-07T16:52:19Z</time>
      </trkpt>
      <trkpt lat="46.335033" lon="6.195446">
        <ele>396.6</ele>
        <time>2026-08-07T16:52:20Z</time>
      </trkpt>
      <trkpt lat="46.335001" lon="6.195404">
        <ele>396.7</ele>
        <time>2026-08-07T16:52:21Z</time>
      </trkpt>
      <trkpt lat="46.334968" lon="6.195354">
        <ele>396.8</ele>
        <time>2026-08-07T16:52:22Z</time>
      </trkpt>
      <trkpt lat="46.334938" lon="6.195309">
        <ele>396.8</ele>
        <time>2026-08-07T16:52:23Z</time>
      </trkpt>
      <trkpt lat="46.334909" lon="6.195257">
        <ele>396.9</ele>
        <time>2026-08-07T16:52:24Z</time>
      </trkpt>
      <trkpt lat="46.334883" lon="6.195201">
        <ele>397.0</ele>
        <time>2026-08-07T16:52:25Z</time>
      </trkpt>
      <trkpt lat="46.334855" lon="6.195152">
        <ele>397.1</ele>
        <time>2026-08-07T16:52:26Z</time>
      </trkpt>
      <trkpt lat="46.334822" lon="6.195102">
        <ele>397.2</ele>
        <time>2026-08-07T16:52:27Z</time>
      </trkpt>
      <trkpt lat="46.334792" lon="6.195052">
        <ele>397.2</ele>
        <time>2026-08-07T16:52:28Z</time>
      </trkpt>
      <trkpt lat="46.334763" lon="6.194996">
        <ele>397.3</ele>
        <time>2026-08-07T16:52:29Z</time>
      </trkpt>
      <trkpt lat="46.334732" lon="6.194937">
        <ele>397.4</ele>
        <time>2026-08-07T16:52:30Z</time>
      </trkpt>
      <trkpt lat="46.3347" lon="6.194886">
        <ele>397.5</ele>
        <time>2026-08-07T16:52:31Z</time>
      </trkpt>
      <trkpt lat="46.334668" lon="6.194818">
        <ele>397.5</ele>
        <time>2026-08-07T16:52:32Z</time>
      </trkpt>
      <trkpt lat="46.334634" lon="6.194753">
        <ele>397.6</ele>
        <time>2026-08-07T16:52:33Z</time>
      </trkpt>
      <trkpt lat="46.334604" lon="6.194692">
        <ele>397.7</ele>
        <time>2026-08-07T16:52:34Z</time>
      </trkpt>
      <trkpt lat="46.334565" lon="6.194633">
        <ele>397.7</ele>
        <time>2026-08-07T16:52:35Z</time>
      </trkpt>
      <trkpt lat="46.334521" lon="6.194578">
        <ele>397.8</ele>
        <time>2026-08-07T16:52:36Z</time>
      </trkpt>
      <trkpt lat="46.334479" lon="6.194522">
        <ele>397.9</ele>
        <time>2026-08-07T16:52:37Z</time>
      </trkpt>
      <trkpt lat="46.334434" lon="6.194463">
        <ele>397.9</ele>
        <time>2026-08-07T16:52:38Z</time>
      </trkpt>
      <trkpt lat="46.334389" lon="6.194403">
        <ele>398.0</ele>
        <time>2026-08-07T16:52:39Z</time>
      </trkpt>
      <trkpt lat="46.334345" lon="6.194342">
        <ele>398.1</ele>
        <time>2026-08-07T16:52:40Z</time>
      </trkpt>
      <trkpt lat="46.334303" lon="6.194283">
        <ele>398.1</ele>
        <time>2026-08-07T16:52:41Z</time>
      </trkpt>
      <trkpt lat="46.334256" lon="6.194223">
        <ele>398.2</ele>
        <time>2026-08-07T16:52:42Z</time>
      </trkpt>
      <trkpt lat="46.33421" lon="6.194166">
        <ele>398.3</ele>
        <time>2026-08-07T16:52:43Z</time>
      </trkpt>
      <trkpt lat="46.33417" lon="6.194103">
        <ele>398.3</ele>
        <time>2026-08-07T16:52:44Z</time>
      </trkpt>
      <trkpt lat="46.334137" lon="6.194024">
        <ele>398.4</ele>
        <time>2026-08-07T16:52:45Z</time>
      </trkpt>
      <trkpt lat="46.334102" lon="6.193951">
        <ele>398.5</ele>
        <time>2026-08-07T16:52:46Z</time>
      </trkpt>
      <trkpt lat="46.334065" lon="6.193882">
        <ele>398.5</ele>
        <time>2026-08-07T16:52:47Z</time>
      </trkpt>
      <trkpt lat="46.33403" lon="6.193806">
        <ele>398.6</ele>
        <time>2026-08-07T16:52:48Z</time>
      </trkpt>
      <trkpt lat="46.333998" lon="6.193732">
        <ele>398.7</ele>
        <time>2026-08-07T16:52:49Z</time>
      </trkpt>
      <trkpt lat="46.333966" lon="6.193651">
        <ele>398.8</ele>
        <time>2026-08-07T16:52:50Z</time>
      </trkpt>
      <trkpt lat="46.333933" lon="6.193582">
        <ele>398.8</ele>
        <time>2026-08-07T16:52:51Z</time>
      </trkpt>
      <trkpt lat="46.333899" lon="6.19351">
        <ele>398.9</ele>
        <time>2026-08-07T16:52:52Z</time>
      </trkpt>
      <trkpt lat="46.333863" lon="6.19344">
        <ele>398.9</ele>
        <time>2026-08-07T16:52:53Z</time>
      </trkpt>
      <trkpt lat="46.333828" lon="6.193371">
        <ele>399.0</ele>
        <time>2026-08-07T16:52:54Z</time>
      </trkpt>
      <trkpt lat="46.333791" lon="6.193313">
        <ele>399.0</ele>
        <time>2026-08-07T16:52:55Z</time>
      </trkpt>
      <trkpt lat="46.333754" lon="6.193253">
        <ele>399.0</ele>
        <time>2026-08-07T16:52:56Z</time>
      </trkpt>
      <trkpt lat="46.333707" lon="6.193201">
        <ele>399.1</ele>
        <time>2026-08-07T16:52:57Z</time>
      </trkpt>
      <trkpt lat="46.333662" lon="6.193148">
        <ele>399.1</ele>
        <time>2026-08-07T16:52:58Z</time>
      </trkpt>
      <trkpt lat="46.333624" lon="6.193088">
        <ele>399.1</ele>
        <time>2026-08-07T16:52:59Z</time>
      </trkpt>
      <trkpt lat="46.33358" lon="6.193023">
        <ele>399.1</ele>
        <time>2026-08-07T16:53:00Z</time>
      </trkpt>
      <trkpt lat="46.333531" lon="6.192976">
        <ele>399.2</ele>
        <time>2026-08-07T16:53:01Z</time>
      </trkpt>
      <trkpt lat="46.333475" lon="6.192928">
        <ele>399.2</ele>
        <time>2026-08-07T16:53:02Z</time>
      </trkpt>
      <trkpt lat="46.33342" lon="6.192875">
        <ele>399.3</ele>
        <time>2026-08-07T16:53:03Z</time>
      </trkpt>
      <trkpt lat="46.333368" lon="6.192831">
        <ele>399.3</ele>
        <time>2026-08-07T16:53:04Z</time>
      </trkpt>
      <trkpt lat="46.333312" lon="6.192789">
        <ele>399.4</ele>
        <time>2026-08-07T16:53:05Z</time>
      </trkpt>
      <trkpt lat="46.333263" lon="6.19277">
        <ele>399.5</ele>
        <time>2026-08-07T16:53:06Z</time>
      </trkpt>
      <trkpt lat="46.333209" lon="6.192752">
        <ele>399.6</ele>
        <time>2026-08-07T16:53:07Z</time>
      </trkpt>
      <trkpt lat="46.333152" lon="6.192725">
        <ele>399.6</ele>
        <time>2026-08-07T16:53:08Z</time>
      </trkpt>
      <trkpt lat="46.333094" lon="6.192704">
        <ele>399.7</ele>
        <time>2026-08-07T16:53:09Z</time>
      </trkpt>
      <trkpt lat="46.333039" lon="6.192687">
        <ele>399.8</ele>
        <time>2026-08-07T16:53:10Z</time>
      </trkpt>
      <trkpt lat="46.332991" lon="6.192684">
        <ele>399.9</ele>
        <time>2026-08-07T16:53:11Z</time>
      </trkpt>
      <trkpt lat="46.332941" lon="6.192699">
        <ele>400.0</ele>
        <time>2026-08-07T16:53:12Z</time>
      </trkpt>
      <trkpt lat="46.332907" lon="6.19273">
        <ele>400.0</ele>
        <time>2026-08-07T16:53:13Z</time>
      </trkpt>
      <trkpt lat="46.332857" lon="6.192739">
        <ele>400.1</ele>
        <time>2026-08-07T16:53:14Z</time>
      </trkpt>
      <trkpt lat="46.332824" lon="6.192731">
        <ele>400.2</ele>
        <time>2026-08-07T16:53:15Z</time>
      </trkpt>
      <trkpt lat="46.332808" lon="6.192707">
        <ele>400.2</ele>
        <time>2026-08-07T16:53:16Z</time>
      </trkpt>
      <trkpt lat="46.332803" lon="6.1927">
        <ele>400.2</ele>
        <time>2026-08-07T16:53:17Z</time>
      </trkpt>
      <trkpt lat="46.332815" lon="6.192708">
        <ele>400.2</ele>
        <time>2026-08-07T16:53:18Z</time>
      </trkpt>
      <trkpt lat="46.332819" lon="6.192711">
        <ele>400.2</ele>
        <time>2026-08-07T16:53:19Z</time>
      </trkpt>
      <trkpt lat="46.33282" lon="6.192712">
        <ele>400.2</ele>
        <time>2026-08-07T16:53:20Z</time>
      </trkpt>
      <trkpt lat="46.332819" lon="6.192712">
        <ele>400.2</ele>
        <time>2026-08-07T16:53:21Z</time>
      </trkpt>
      <trkpt lat="46.332812" lon="6.192707">
        <ele>400.2</ele>
        <time>2026-08-07T16:53:22Z</time>
      </trkpt>
      <trkpt lat="46.332808" lon="6.192709">
        <ele>400.2</ele>
        <time>2026-08-07T16:53:23Z</time>
      </trkpt>
      <trkpt lat="46.332806" lon="6.192717">
        <ele>400.2</ele>
        <time>2026-08-07T16:53:24Z</time>
      </trkpt>
      <trkpt lat="46.332813" lon="6.192719">
        <ele>400.3</ele>
        <time>2026-08-07T16:53:25Z</time>
      </trkpt>
      <trkpt lat="46.332815" lon="6.192718">
        <ele>400.3</ele>
        <time>2026-08-07T16:53:26Z</time>
      </trkpt>
      <trkpt lat="46.332815" lon="6.192716">
        <ele>400.3</ele>
        <time>2026-08-07T16:53:27Z</time>
      </trkpt>
      <trkpt lat="46.332817" lon="6.192714">
        <ele>400.3</ele>
        <time>2026-08-07T16:53:28Z</time>
      </trkpt>
      <trkpt lat="46.332818" lon="6.19271">
        <ele>400.3</ele>
        <time>2026-08-07T16:53:29Z</time>
      </trkpt>
      <trkpt lat="46.332819" lon="6.192709">
        <ele>400.3</ele>
        <time>2026-08-07T16:53:30Z</time>
      </trkpt>
      <trkpt lat="46.332819" lon="6.192709">
        <ele>400.3</ele>
        <time>2026-08-07T16:53:31Z</time>
      </trkpt>
      <trkpt lat="46.332819" lon="6.192709">
        <ele>400.3</ele>
        <time>2026-08-07T16:53:32Z</time>
      </trkpt>
      <trkpt lat="46.332819" lon="6.192703">
        <ele>400.3</ele>
        <time>2026-08-07T16:53:33Z</time>
      </trkpt>
      <trkpt lat="46.332818" lon="6.192701">
        <ele>400.3</ele>
        <time>2026-08-07T16:53:34Z</time>
      </trkpt>
      <trkpt lat="46.33282" lon="6.192698">
        <ele>400.3</ele>
        <time>2026-08-07T16:53:35Z</time>
      </trkpt>
      <trkpt lat="46.332822" lon="6.192697">
        <ele>400.3</ele>
        <time>2026-08-07T16:53:36Z</time>
      </trkpt>
      <trkpt lat="46.33282" lon="6.192697">
        <ele>400.3</ele>
        <time>2026-08-07T16:53:37Z</time>
      </trkpt>
      <trkpt lat="46.332816" lon="6.192696">
        <ele>400.3</ele>
        <time>2026-08-07T16:53:38Z</time>
      </trkpt>
      <trkpt lat="46.332806" lon="6.192698">
        <ele>400.3</ele>
        <time>2026-08-07T16:53:39Z</time>
      </trkpt>
      <trkpt lat="46.332806" lon="6.192728">
        <ele>400.3</ele>
        <time>2026-08-07T16:56:21Z</time>
      </trkpt>
      <trkpt lat="46.332806" lon="6.192729">
        <ele>400.3</ele>
        <time>2026-08-07T16:56:22Z</time>
      </trkpt>
      <trkpt lat="46.332805" lon="6.192729">
        <ele>400.3</ele>
        <time>2026-08-07T16:56:23Z</time>
      </trkpt>
      <trkpt lat="46.332805" lon="6.192729">
        <ele>400.3</ele>
        <time>2026-08-07T16:56:24Z</time>
      </trkpt>
      <trkpt lat="46.332791" lon="6.192723">
        <ele>400.4</ele>
        <time>2026-08-07T16:56:25Z</time>
      </trkpt>
      <trkpt lat="46.332779" lon="6.192718">
        <ele>400.4</ele>
        <time>2026-08-07T16:56:26Z</time>
      </trkpt>
      <trkpt lat="46.332754" lon="6.192713">
        <ele>400.4</ele>
        <time>2026-08-07T16:56:27Z</time>
      </trkpt>
      <trkpt lat="46.332725" lon="6.192702">
        <ele>400.5</ele>
        <time>2026-08-07T16:56:28Z</time>
      </trkpt>
      <trkpt lat="46.332695" lon="6.192689">
        <ele>400.5</ele>
        <time>2026-08-07T16:56:29Z</time>
      </trkpt>
      <trkpt lat="46.332665" lon="6.192675">
        <ele>400.6</ele>
        <time>2026-08-07T16:56:30Z</time>
      </trkpt>
      <trkpt lat="46.332634" lon="6.192663">
        <ele>400.6</ele>
        <time>2026-08-07T16:56:31Z</time>
      </trkpt>
      <trkpt lat="46.332606" lon="6.19265">
        <ele>400.7</ele>
        <time>2026-08-07T16:56:32Z</time>
      </trkpt>
      <trkpt lat="46.332579" lon="6.192637">
        <ele>400.7</ele>
        <time>2026-08-07T16:56:33Z</time>
      </trkpt>
      <trkpt lat="46.332551" lon="6.192626">
        <ele>400.8</ele>
        <time>2026-08-07T16:56:34Z</time>
      </trkpt>
      <trkpt lat="46.332522" lon="6.19261">
        <ele>400.8</ele>
        <time>2026-08-07T16:56:35Z</time>
      </trkpt>
      <trkpt lat="46.332501" lon="6.192608">
        <ele>400.9</ele>
        <time>2026-08-07T16:56:36Z</time>
      </trkpt>
      <trkpt lat="46.332488" lon="6.192611">
        <ele>400.9</ele>
        <time>2026-08-07T16:56:37Z</time>
      </trkpt>
      <trkpt lat="46.332472" lon="6.192625">
        <ele>400.9</ele>
        <time>2026-08-07T16:56:38Z</time>
      </trkpt>
      <trkpt lat="46.332461" lon="6.192659">
        <ele>400.9</ele>
        <time>2026-08-07T16:56:39Z</time>
      </trkpt>
      <trkpt lat="46.332432" lon="6.192684">
        <ele>401.0</ele>
        <time>2026-08-07T16:56:40Z</time>
      </trkpt>
      <trkpt lat="46.332395" lon="6.192677">
        <ele>401.1</ele>
        <time>2026-08-07T16:56:41Z</time>
      </trkpt>
      <trkpt lat="46.332356" lon="6.192668">
        <ele>401.3</ele>
        <time>2026-08-07T16:56:42Z</time>
      </trkpt>
      <trkpt lat="46.33232" lon="6.192626">
        <ele>401.4</ele>
        <time>2026-08-07T16:56:43Z</time>
      </trkpt>
      <trkpt lat="46.332285" lon="6.192604">
        <ele>401.1</ele>
        <time>2026-08-07T16:56:44Z</time>
      </trkpt>
      <trkpt lat="46.332255" lon="6.192591">
        <ele>400.9</ele>
        <time>2026-08-07T16:56:45Z</time>
      </trkpt>
      <trkpt lat="46.332229" lon="6.192604">
        <ele>400.6</ele>
        <time>2026-08-07T16:56:46Z</time>
      </trkpt>
      <trkpt lat="46.332204" lon="6.192645">
        <ele>400.4</ele>
        <time>2026-08-07T16:56:47Z</time>
      </trkpt>
      <trkpt lat="46.332193" lon="6.19271">
        <ele>400.2</ele>
        <time>2026-08-07T16:56:48Z</time>
      </trkpt>
      <trkpt lat="46.332186" lon="6.192776">
        <ele>400.1</ele>
        <time>2026-08-07T16:56:49Z</time>
      </trkpt>
      <trkpt lat="46.332186" lon="6.192836">
        <ele>399.9</ele>
        <time>2026-08-07T16:56:50Z</time>
      </trkpt>
      <trkpt lat="46.332177" lon="6.192895">
        <ele>399.7</ele>
        <time>2026-08-07T16:56:51Z</time>
      </trkpt>
      <trkpt lat="46.332166" lon="6.192957">
        <ele>399.5</ele>
        <time>2026-08-07T16:56:52Z</time>
      </trkpt>
      <trkpt lat="46.332141" lon="6.192993">
        <ele>399.4</ele>
        <time>2026-08-07T16:56:53Z</time>
      </trkpt>
      <trkpt lat="46.332101" lon="6.193029">
        <ele>399.3</ele>
        <time>2026-08-07T16:56:54Z</time>
      </trkpt>
      <trkpt lat="46.332055" lon="6.193034">
        <ele>399.2</ele>
        <time>2026-08-07T16:56:55Z</time>
      </trkpt>
      <trkpt lat="46.332009" lon="6.193016">
        <ele>399.1</ele>
        <time>2026-08-07T16:56:56Z</time>
      </trkpt>
      <trkpt lat="46.331979" lon="6.192987">
        <ele>399.0</ele>
        <time>2026-08-07T16:56:57Z</time>
      </trkpt>
      <trkpt lat="46.331955" lon="6.192971">
        <ele>398.9</ele>
        <time>2026-08-07T16:56:58Z</time>
      </trkpt>
      <trkpt lat="46.331933" lon="6.192994">
        <ele>398.8</ele>
        <time>2026-08-07T16:56:59Z</time>
      </trkpt>
      <trkpt lat="46.331927" lon="6.193044">
        <ele>398.6</ele>
        <time>2026-08-07T16:57:00Z</time>
      </trkpt>
      <trkpt lat="46.331918" lon="6.19311">
        <ele>398.5</ele>
        <time>2026-08-07T16:57:01Z</time>
      </trkpt>
      <trkpt lat="46.331913" lon="6.193178">
        <ele>398.4</ele>
        <time>2026-08-07T16:57:02Z</time>
      </trkpt>
      <trkpt lat="46.331897" lon="6.193251">
        <ele>398.3</ele>
        <time>2026-08-07T16:57:03Z</time>
      </trkpt>
      <trkpt lat="46.331881" lon="6.193323">
        <ele>398.2</ele>
        <time>2026-08-07T16:57:04Z</time>
      </trkpt>
      <trkpt lat="46.331868" lon="6.193398">
        <ele>398.1</ele>
        <time>2026-08-07T16:57:05Z</time>
      </trkpt>
      <trkpt lat="46.33185" lon="6.193481">
        <ele>398.0</ele>
        <time>2026-08-07T16:57:06Z</time>
      </trkpt>
      <trkpt lat="46.331831" lon="6.193561">
        <ele>397.9</ele>
        <time>2026-08-07T16:57:07Z</time>
      </trkpt>
      <trkpt lat="46.331816" lon="6.193641">
        <ele>397.8</ele>
        <time>2026-08-07T16:57:08Z</time>
      </trkpt>
      <trkpt lat="46.331802" lon="6.193716">
        <ele>397.7</ele>
        <time>2026-08-07T16:57:09Z</time>
      </trkpt>
      <trkpt lat="46.331796" lon="6.193797">
        <ele>397.6</ele>
        <time>2026-08-07T16:57:10Z</time>
      </trkpt>
      <trkpt lat="46.331806" lon="6.193879">
        <ele>397.5</ele>
        <time>2026-08-07T16:57:11Z</time>
      </trkpt>
      <trkpt lat="46.331828" lon="6.193958">
        <ele>397.4</ele>
        <time>2026-08-07T16:57:12Z</time>
      </trkpt>
      <trkpt lat="46.331847" lon="6.194037">
        <ele>397.4</ele>
        <time>2026-08-07T16:57:13Z</time>
      </trkpt>
      <trkpt lat="46.331842" lon="6.194126">
        <ele>397.3</ele>
        <time>2026-08-07T16:57:14Z</time>
      </trkpt>
      <trkpt lat="46.331826" lon="6.194206">
        <ele>397.2</ele>
        <time>2026-08-07T16:57:15Z</time>
      </trkpt>
      <trkpt lat="46.331809" lon="6.194284">
        <ele>397.1</ele>
        <time>2026-08-07T16:57:16Z</time>
      </trkpt>
      <trkpt lat="46.331791" lon="6.19436">
        <ele>397.0</ele>
        <time>2026-08-07T16:57:17Z</time>
      </trkpt>
      <trkpt lat="46.331763" lon="6.194427">
        <ele>396.9</ele>
        <time>2026-08-07T16:57:18Z</time>
      </trkpt>
      <trkpt lat="46.331736" lon="6.194493">
        <ele>396.9</ele>
        <time>2026-08-07T16:57:19Z</time>
      </trkpt>
      <trkpt lat="46.331714" lon="6.194556">
        <ele>396.8</ele>
        <time>2026-08-07T16:57:20Z</time>
      </trkpt>
      <trkpt lat="46.331697" lon="6.194615">
        <ele>396.8</ele>
        <time>2026-08-07T16:57:21Z</time>
      </trkpt>
      <trkpt lat="46.331682" lon="6.194658">
        <ele>396.7</ele>
        <time>2026-08-07T16:57:22Z</time>
      </trkpt>
      <trkpt lat="46.331667" lon="6.194685">
        <ele>396.7</ele>
        <time>2026-08-07T16:57:23Z</time>
      </trkpt>
      <trkpt lat="46.331635" lon="6.194716">
        <ele>396.7</ele>
        <time>2026-08-07T16:57:24Z</time>
      </trkpt>
      <trkpt lat="46.331593" lon="6.194734">
        <ele>396.7</ele>
        <time>2026-08-07T16:57:25Z</time>
      </trkpt>
      <trkpt lat="46.331553" lon="6.194732">
        <ele>396.7</ele>
        <time>2026-08-07T16:57:26Z</time>
      </trkpt>
      <trkpt lat="46.331518" lon="6.194717">
        <ele>396.7</ele>
        <time>2026-08-07T16:57:27Z</time>
      </trkpt>
      <trkpt lat="46.331486" lon="6.194698">
        <ele>396.7</ele>
        <time>2026-08-07T16:57:28Z</time>
      </trkpt>
      <trkpt lat="46.331454" lon="6.194683">
        <ele>396.7</ele>
        <time>2026-08-07T16:57:29Z</time>
      </trkpt>
      <trkpt lat="46.331421" lon="6.194672">
        <ele>396.7</ele>
        <time>2026-08-07T16:57:30Z</time>
      </trkpt>
      <trkpt lat="46.33139" lon="6.194647">
        <ele>396.7</ele>
        <time>2026-08-07T16:57:31Z</time>
      </trkpt>
      <trkpt lat="46.331372" lon="6.194606">
        <ele>396.7</ele>
        <time>2026-08-07T16:57:32Z</time>
      </trkpt>
      <trkpt lat="46.331373" lon="6.19456">
        <ele>396.6</ele>
        <time>2026-08-07T16:57:33Z</time>
      </trkpt>
      <trkpt lat="46.331387" lon="6.194509">
        <ele>396.6</ele>
        <time>2026-08-07T16:57:34Z</time>
      </trkpt>
      <trkpt lat="46.331401" lon="6.194476">
        <ele>396.6</ele>
        <time>2026-08-07T16:57:35Z</time>
      </trkpt>
      <trkpt lat="46.331427" lon="6.194434">
        <ele>396.6</ele>
        <time>2026-08-07T16:57:36Z</time>
      </trkpt>
      <trkpt lat="46.331443" lon="6.194399">
        <ele>396.6</ele>
        <time>2026-08-07T16:57:37Z</time>
      </trkpt>
      <trkpt lat="46.33145" lon="6.194366">
        <ele>396.6</ele>
        <time>2026-08-07T16:57:38Z</time>
      </trkpt>
      <trkpt lat="46.331454" lon="6.194338">
        <ele>396.6</ele>
        <time>2026-08-07T16:57:39Z</time>
      </trkpt>
      <trkpt lat="46.331453" lon="6.194306">
        <ele>396.6</ele>
        <time>2026-08-07T16:57:40Z</time>
      </trkpt>
      <trkpt lat="46.331452" lon="6.194285">
        <ele>396.6</ele>
        <time>2026-08-07T16:57:41Z</time>
      </trkpt>
      <trkpt lat="46.331449" lon="6.194267">
        <ele>396.5</ele>
        <time>2026-08-07T16:57:42Z</time>
      </trkpt>
      <trkpt lat="46.331447" lon="6.194247">
        <ele>396.5</ele>
        <time>2026-08-07T16:57:43Z</time>
      </trkpt>
      <trkpt lat="46.331439" lon="6.194227">
        <ele>396.5</ele>
        <time>2026-08-07T16:57:44Z</time>
      </trkpt>
      <trkpt lat="46.331421" lon="6.194195">
        <ele>396.5</ele>
        <time>2026-08-07T16:57:45Z</time>
      </trkpt>
      <trkpt lat="46.331423" lon="6.194148">
        <ele>396.5</ele>
        <time>2026-08-07T16:57:46Z</time>
      </trkpt>
      <trkpt lat="46.331438" lon="6.194112">
        <ele>396.5</ele>
        <time>2026-08-07T16:57:47Z</time>
      </trkpt>
      <trkpt lat="46.33144" lon="6.194094">
        <ele>396.5</ele>
        <time>2026-08-07T16:57:48Z</time>
      </trkpt>
      <trkpt lat="46.33144" lon="6.194094">
        <ele>396.5</ele>
        <time>2026-08-07T16:57:52Z</time>
      </trkpt>
      <trkpt lat="46.33144" lon="6.194094">
        <ele>396.5</ele>
        <time>2026-08-07T16:57:55Z</time>
      </trkpt>
      <trkpt lat="46.33144" lon="6.194094">
        <ele>396.5</ele>
        <time>2026-08-07T16:58:00Z</time>
      </trkpt>
      <trkpt lat="46.33144" lon="6.194094">
        <ele>396.5</ele>
        <time>2026-08-07T16:58:09Z</time>
      </trkpt>
      <trkpt lat="46.33144" lon="6.194094">
        <ele>396.5</ele>
        <time>2026-08-07T16:58:13Z</time>
      </trkpt>
      <trkpt lat="46.33144" lon="6.194094">
        <ele>396.5</ele>
        <time>2026-08-07T16:58:17Z</time>
      </trkpt>
      <trkpt lat="46.33144" lon="6.194094">
        <ele>396.5</ele>
        <time>2026-08-07T16:58:20Z</time>
      </trkpt>
      <trkpt lat="46.33144" lon="6.194094">
        <ele>396.5</ele>
        <time>2026-08-07T16:58:26Z</time>
      </trkpt>
      <trkpt lat="46.33144" lon="6.194094">
        <ele>396.5</ele>
        <time>2026-08-07T16:58:41Z</time>
      </trkpt>
      <trkpt lat="46.33144" lon="6.194094">
        <ele>396.5</ele>
        <time>2026-08-07T16:58:45Z</time>
      </trkpt>
      <trkpt lat="46.33144" lon="6.194094">
        <ele>396.5</ele>
        <time>2026-08-07T16:58:54Z</time>
      </trkpt>
      <trkpt lat="46.33144" lon="6.194094">
        <ele>396.5</ele>
        <time>2026-08-07T16:58:55Z</time>
      </trkpt>
      <trkpt lat="46.33144" lon="6.194094">
        <ele>396.5</ele>
        <time>2026-08-07T16:59:00Z</time>
      </trkpt>
      <trkpt lat="46.33144" lon="6.194094">
        <ele>396.5</ele>
        <time>2026-08-07T16:59:07Z</time>
      </trkpt>
      <trkpt lat="46.33144" lon="6.194094">
        <ele>396.5</ele>
        <time>2026-08-07T16:59:15Z</time>
      </trkpt>
      <trkpt lat="46.33144" lon="6.194094">
        <ele>396.5</ele>
        <time>2026-08-07T16:59:19Z</time>
      </trkpt>
    </trkseg>
  </trk>
</gpx>